{"type":"FeatureCollection","features":[{"type":"Feature","properties":{"PRECINCT":"68","VTD":"0068"},"geometry":{"type":"Polygon","coordinates":[[[-94.145348,30.117093],[-94.138042,30.110091],[-94.136949,30.10786],[-94.136611,30.106129],[-94.136514,30.10197],[-94.137097,30.103623],[-94.136975,30.100897],[-94.143187,30.100838],[-94.143217,30.09886],[-94.143712,30.097879],[-94.143643,30.093405],[-94.155504,30.093131],[-94.155686,30.094579],[-94.156743,30.095889],[-94.156657,30.101412],[-94.153353,30.101439],[-94.153337,30.102167],[-94.153079,30.102411],[-94.1515,30.102462],[-94.151557,30.104352],[-94.147581,30.104368],[-94.147693,30.11216],[-94.147709,30.113116],[-94.155842,30.113029],[-94.155862,30.114954],[-94.147086,30.115111],[-94.146188,30.116366],[-94.145348,30.117093]]]}},{"type":"Feature","properties":{"PRECINCT":"59","VTD":"0059"},"geometry":{"type":"Polygon","coordinates":[[[-93.939668,29.88405],[-93.944825,29.878525],[-93.942029,29.876537],[-93.950035,29.867982],[-93.951824,29.869496],[-93.95531,29.86576],[-93.957131,29.866971],[-93.95777,29.873781],[-93.957377,29.874282],[-93.956594,29.873752],[-93.955224,29.875224],[-93.956156,29.87584],[-93.955094,29.877132],[-93.956771,29.878514],[-93.956471,29.878914],[-93.959195,29.880582],[-93.957563,29.882278],[-93.955067,29.880486],[-93.954811,29.880694],[-93.952824,29.879385],[-93.944967,29.887824],[-93.939668,29.88405]]]}},{"type":"Feature","properties":{"PRECINCT":"56","VTD":"0056"},"geometry":{"type":"Polygon","coordinates":[[[-94.026483,29.976653],[-94.021106,29.969107],[-94.015426,29.975157],[-94.012344,29.972968],[-94.009053,29.976476],[-94.005416,29.973919],[-94.006472,29.972737],[-94.004004,29.969479],[-94.000985,29.967305],[-93.998655,29.964601],[-94.007019,29.9557],[-94.012402,29.960073],[-94.018586,29.96633],[-94.024519,29.959907],[-94.024936,29.962208],[-94.024704,29.963215],[-94.037113,29.971757],[-94.035921,29.972816],[-94.035201,29.973053],[-94.033804,29.974885],[-94.033008,29.975418],[-94.032862,29.976403],[-94.032192,29.977745],[-94.032109,29.978966],[-94.029566,29.98207],[-94.026483,29.976653]]]}},{"type":"Feature","properties":{"PRECINCT":"37","VTD":"0037"},"geometry":{"type":"Polygon","coordinates":[[[-93.980258,29.961241],[-93.987372,29.967622],[-93.992285,29.971424],[-93.978354,29.986343],[-93.971835,29.981811],[-93.981861,29.971058],[-93.975524,29.966337],[-93.980258,29.961241]]]}},{"type":"Feature","properties":{"PRECINCT":"36","VTD":"0036"},"geometry":{"type":"Polygon","coordinates":[[[-93.978354,29.986343],[-93.992285,29.971424],[-93.992987,29.972201],[-93.994111,29.972644],[-93.995625,29.973622],[-94.003947,29.979675],[-94.004964,29.980511],[-94.004592,29.98086],[-94.008486,29.983653],[-94.005177,29.987211],[-94.001689,29.984376],[-94.000748,29.985213],[-93.995381,29.981238],[-93.992122,29.984322],[-93.995126,29.986636],[-93.9814,29.98848],[-93.978354,29.986343]]]}},{"type":"Feature","properties":{"PRECINCT":"83","VTD":"0083"},"geometry":{"type":"Polygon","coordinates":[[[-94.004964,29.980511],[-93.995625,29.973622],[-93.994111,29.972644],[-93.992987,29.972201],[-93.992285,29.971424],[-93.998655,29.964601],[-94.000985,29.967305],[-94.004004,29.969479],[-94.006472,29.972737],[-94.005416,29.973919],[-94.009053,29.976476],[-94.012344,29.972968],[-94.015426,29.975157],[-94.012847,29.977863],[-94.013482,29.983231],[-94.011275,29.985611],[-94.004592,29.98086],[-94.004964,29.980511]]]}},{"type":"Feature","properties":{"PRECINCT":"38","VTD":"0038"},"geometry":{"type":"Polygon","coordinates":[[[-93.95646,29.975278],[-93.962885,29.968372],[-93.969364,29.972941],[-93.975524,29.966337],[-93.981861,29.971058],[-93.971835,29.981811],[-93.9814,29.98848],[-93.976737,29.989018],[-93.974933,29.988536],[-93.957751,29.976524],[-93.956253,29.975811],[-93.95646,29.975278]]]}},{"type":"Feature","properties":{"PRECINCT":"42","VTD":"0042"},"geometry":{"type":"Polygon","coordinates":[[[-93.911997,29.967432],[-93.903743,29.961579],[-93.90465,29.961698],[-93.920155,29.945114],[-93.933039,29.954312],[-93.935051,29.952164],[-93.935818,29.952704],[-93.935072,29.953347],[-93.934579,29.952991],[-93.926015,29.96212],[-93.925696,29.962577],[-93.924901,29.966949],[-93.918678,29.962491],[-93.918379,29.963188],[-93.911678,29.9625],[-93.911997,29.967432]]]}},{"type":"Feature","properties":{"PRECINCT":"71","VTD":"0071"},"geometry":{"type":"Polygon","coordinates":[[[-93.877478,29.981451],[-93.872235,29.981113],[-93.870408,29.980552],[-93.874077,29.961196],[-93.875667,29.957813],[-93.87704,29.956079],[-93.890149,29.942696],[-93.890983,29.943258],[-93.889481,29.944342],[-93.888143,29.945772],[-93.888692,29.94551],[-93.886085,29.948606],[-93.886586,29.949275],[-93.897912,29.95744],[-93.897561,29.957865],[-93.900645,29.96021],[-93.902561,29.961335],[-93.903743,29.961579],[-93.914552,29.969252],[-93.911558,29.971757],[-93.910484,29.972224],[-93.908279,29.974237],[-93.907975,29.974275],[-93.90656,29.975782],[-93.905157,29.97697],[-93.904575,29.977157],[-93.902432,29.979291],[-93.896146,29.984619],[-93.887668,29.983123],[-93.884183,29.982243],[-93.877478,29.981451]]]}},{"type":"Feature","properties":{"PRECINCT":"45","VTD":"0045"},"geometry":{"type":"Polygon","coordinates":[[[-93.939558,29.930628],[-93.936627,29.927451],[-93.935206,29.928972],[-93.934767,29.928653],[-93.935127,29.928207],[-93.932767,29.926533],[-93.932759,29.925973],[-93.933389,29.925254],[-93.930113,29.922937],[-93.931437,29.921518],[-93.927815,29.917387],[-93.926546,29.915229],[-93.928242,29.913411],[-93.932144,29.916443],[-93.934956,29.913428],[-93.943801,29.919757],[-93.943262,29.920325],[-93.945823,29.922153],[-93.945127,29.9229],[-93.945863,29.923409],[-93.944459,29.924944],[-93.945743,29.926058],[-93.939558,29.930628]]]}},{"type":"Feature","properties":{"PRECINCT":"46","VTD":"0046"},"geometry":{"type":"Polygon","coordinates":[[[-93.943801,29.919757],[-93.934956,29.913428],[-93.932144,29.916443],[-93.928242,29.913411],[-93.929543,29.912018],[-93.928688,29.911424],[-93.935728,29.903815],[-93.946759,29.911663],[-93.955339,29.918468],[-93.953324,29.920364],[-93.945743,29.926058],[-93.944459,29.924944],[-93.945863,29.923409],[-93.945127,29.9229],[-93.945823,29.922153],[-93.943262,29.920325],[-93.943801,29.919757]]]}},{"type":"Feature","properties":{"PRECINCT":"51","VTD":"0051"},"geometry":{"type":"Polygon","coordinates":[[[-93.926157,29.911931],[-93.921767,29.908848],[-93.92032,29.910394],[-93.913879,29.905784],[-93.915286,29.904248],[-93.919482,29.907225],[-93.928667,29.897413],[-93.932962,29.900428],[-93.929956,29.903562],[-93.928091,29.905959],[-93.926539,29.909717],[-93.926157,29.911931]]]}},{"type":"Feature","properties":{"PRECINCT":"48","VTD":"0048"},"geometry":{"type":"Polygon","coordinates":[[[-93.890008,29.914568],[-93.89549,29.908949],[-93.898284,29.910905],[-93.900594,29.908438],[-93.903029,29.910168],[-93.903675,29.909472],[-93.907744,29.912348],[-93.899314,29.921388],[-93.897577,29.920121],[-93.896668,29.919103],[-93.890008,29.914568]]]}},{"type":"Feature","properties":{"PRECINCT":"50","VTD":"0050"},"geometry":{"type":"Polygon","coordinates":[[[-93.898284,29.910905],[-93.895292,29.908996],[-93.898966,29.904994],[-93.900381,29.90297],[-93.910978,29.893593],[-93.913103,29.891351],[-93.915106,29.892796],[-93.914997,29.892913],[-93.925749,29.900534],[-93.919482,29.907225],[-93.911247,29.90137],[-93.905627,29.907382],[-93.904012,29.906237],[-93.901414,29.90902],[-93.900594,29.908438],[-93.898284,29.910905]]]}},{"type":"Feature","properties":{"PRECINCT":"49","VTD":"0049"},"geometry":{"type":"Polygon","coordinates":[[[-93.907744,29.912348],[-93.903675,29.909472],[-93.903029,29.910168],[-93.901414,29.90902],[-93.904012,29.906237],[-93.905627,29.907382],[-93.911247,29.90137],[-93.915286,29.904248],[-93.907744,29.912348]]]}},{"type":"Feature","properties":{"PRECINCT":"93","VTD":"0093"},"geometry":{"type":"Polygon","coordinates":[[[-93.904784,29.915517],[-93.913879,29.905784],[-93.92032,29.910394],[-93.911253,29.920102],[-93.904784,29.915517]]]}},{"type":"Feature","properties":{"PRECINCT":"53","VTD":"0053"},"geometry":{"type":"Polygon","coordinates":[[[-93.914269,29.888714],[-93.921669,29.880715],[-93.924518,29.882674],[-93.925246,29.881895],[-93.932518,29.887028],[-93.925149,29.894916],[-93.928667,29.897413],[-93.925749,29.900534],[-93.914997,29.892913],[-93.915106,29.892796],[-93.913103,29.891351],[-93.915084,29.88915],[-93.914269,29.888714]]]}},{"type":"Feature","properties":{"PRECINCT":"81","VTD":"0081"},"geometry":{"type":"Polygon","coordinates":[[[-93.93589,29.888105],[-93.939668,29.88405],[-93.944967,29.887824],[-93.932962,29.900428],[-93.928667,29.897413],[-93.936771,29.88873],[-93.93589,29.888105]]]}},{"type":"Feature","properties":{"PRECINCT":"52","VTD":"0052"},"geometry":{"type":"Polygon","coordinates":[[[-93.925149,29.894916],[-93.932518,29.887028],[-93.93603,29.889522],[-93.928667,29.897413],[-93.925149,29.894916]]]}},{"type":"Feature","properties":{"PRECINCT":"55","VTD":"0055"},"geometry":{"type":"Polygon","coordinates":[[[-93.933155,29.884203],[-93.933299,29.883658],[-93.933982,29.883307],[-93.934448,29.883311],[-93.935275,29.883774],[-93.942029,29.876537],[-93.944825,29.878525],[-93.93589,29.888105],[-93.936771,29.88873],[-93.93603,29.889522],[-93.932518,29.887028],[-93.934104,29.885326],[-93.933412,29.884821],[-93.933155,29.884203]]]}},{"type":"Feature","properties":{"PRECINCT":"54","VTD":"0054"},"geometry":{"type":"Polygon","coordinates":[[[-93.932518,29.887028],[-93.925246,29.881895],[-93.924518,29.882674],[-93.921669,29.880715],[-93.929909,29.871679],[-93.931414,29.869727],[-93.931285,29.869636],[-93.933768,29.865462],[-93.935533,29.866633],[-93.93405,29.868184],[-93.933252,29.869751],[-93.931888,29.870539],[-93.933246,29.871622],[-93.931771,29.873207],[-93.939819,29.878906],[-93.935275,29.883774],[-93.934157,29.88328],[-93.933299,29.883658],[-93.933217,29.884541],[-93.934104,29.885326],[-93.932518,29.887028]]]}},{"type":"Feature","properties":{"PRECINCT":"57","VTD":"0057"},"geometry":{"type":"Polygon","coordinates":[[[-93.934336,29.864472],[-93.944597,29.853591],[-93.955962,29.86129],[-93.945091,29.873412],[-93.939819,29.878906],[-93.931771,29.873207],[-93.933246,29.871622],[-93.931888,29.870539],[-93.933252,29.869751],[-93.93405,29.868184],[-93.935533,29.866633],[-93.933768,29.865462],[-93.934336,29.864472]]]}},{"type":"Feature","properties":{"PRECINCT":"69","VTD":"0069"},"geometry":{"type":"Polygon","coordinates":[[[-93.993855,29.946416],[-93.996337,29.947843],[-94.007019,29.9557],[-93.992285,29.971424],[-93.987372,29.967622],[-93.980327,29.961167],[-93.993855,29.946416]]]}},{"type":"Feature","properties":{"PRECINCT":"26","VTD":"0026"},"geometry":{"type":"Polygon","coordinates":[[[-94.228799,30.122734],[-94.22872,30.120573],[-94.221238,30.120776],[-94.221223,30.114594],[-94.225399,30.114422],[-94.225327,30.104063],[-94.221925,30.103351],[-94.212471,30.104685],[-94.211967,30.104919],[-94.212006,30.113563],[-94.212298,30.114718],[-94.190209,30.114888],[-94.189823,30.095703],[-94.18997,30.091217],[-94.189785,30.076622],[-94.211629,30.076476],[-94.211638,30.0751],[-94.209392,30.065298],[-94.209152,30.065323],[-94.208957,30.064981],[-94.2081,30.060835],[-94.205655,30.057367],[-94.208311,30.057377],[-94.208121,30.054043],[-94.206254,30.053994],[-94.206069,30.05008],[-94.200629,30.050179],[-94.199204,30.048077],[-94.197014,30.038384],[-94.189346,30.038446],[-94.189229,30.023807],[-94.196049,30.023761],[-94.197164,30.024699],[-94.198681,30.025375],[-94.20255,30.026327],[-94.203991,30.027603],[-94.204731,30.029021],[-94.205048,30.032058],[-94.206262,30.034258],[-94.205795,30.035847],[-94.204556,30.037338],[-94.204588,30.038342],[-94.2226,30.038251],[-94.222565,30.033882],[-94.22462,30.033836],[-94.225909,30.033456],[-94.22661,30.031888],[-94.227375,30.031283],[-94.228715,30.029539],[-94.230125,30.030418],[-94.231459,30.031628],[-94.232964,30.033717],[-94.233116,30.038175],[-94.233074,30.03375],[-94.233866,30.023571],[-94.254814,30.02346],[-94.255884,30.023649],[-94.25614,30.056943],[-94.25628,30.057289],[-94.257214,30.057836],[-94.25735,30.058129],[-94.255189,30.058419],[-94.255231,30.058718],[-94.263064,30.057752],[-94.263329,30.081195],[-94.262176,30.082823],[-94.260884,30.082994],[-94.260523,30.08358],[-94.263981,30.084515],[-94.263718,30.085925],[-94.261624,30.088675],[-94.25885,30.09167],[-94.245285,30.099648],[-94.243999,30.101216],[-94.238515,30.104901],[-94.238527,30.105457],[-94.239477,30.105412],[-94.241551,30.104289],[-94.242938,30.105818],[-94.243995,30.106555],[-94.242693,30.109003],[-94.243447,30.110759],[-94.252985,30.110627],[-94.253129,30.114346],[-94.235074,30.114336],[-94.23336,30.119512],[-94.228799,30.122734]]]}},{"type":"Feature","properties":{"PRECINCT":"28","VTD":"0028"},"geometry":{"type":"Polygon","coordinates":[[[-94.222291,30.023651],[-94.222061,30.009184],[-94.219032,30.005727],[-94.216064,30.00174],[-94.216781,29.99462],[-94.216691,29.992056],[-94.203641,29.98264],[-94.222774,29.963683],[-94.228468,29.957056],[-94.250802,29.926001],[-94.261728,29.930483],[-94.266294,29.93154],[-94.270291,29.93168],[-94.283275,29.931433],[-94.284512,29.9311],[-94.291204,29.92782],[-94.293307,29.927503],[-94.305902,29.928229],[-94.313321,29.930084],[-94.315229,29.931091],[-94.316511,29.932528],[-94.321048,29.939806],[-94.304706,29.939716],[-94.304372,29.940095],[-94.304017,29.939712],[-94.302578,29.939704],[-94.302603,29.983124],[-94.297503,29.983192],[-94.297483,29.984842],[-94.278304,29.985094],[-94.278574,30.000716],[-94.295848,30.00058],[-94.299765,30.000264],[-94.299451,30.004305],[-94.296573,30.004377],[-94.292059,30.008683],[-94.289307,30.010869],[-94.285643,30.012174],[-94.253087,30.011158],[-94.252825,30.013778],[-94.25196,30.013984],[-94.251777,30.01503],[-94.256172,30.015838],[-94.257357,30.016486],[-94.257301,30.017425],[-94.256786,30.018336],[-94.256414,30.018479],[-94.255268,30.018026],[-94.255522,30.019441],[-94.255418,30.023465],[-94.222291,30.023651]]]}},{"type":"Feature","properties":{"PRECINCT":"67","VTD":"0067"},"geometry":{"type":"Polygon","coordinates":[[[-94.059981,30.061401],[-94.0596,30.056685],[-94.047083,30.057168],[-94.047074,30.056757],[-94.030392,30.056598],[-94.029776,30.055612],[-94.028681,30.051812],[-94.030276,30.048112],[-94.032876,30.046612],[-94.035276,30.044112],[-94.035876,30.041412],[-94.032876,30.033912],[-94.031976,30.028013],[-94.03058,30.026222],[-94.031772,30.025081],[-94.030678,30.024155],[-94.029648,30.022725],[-94.027601,30.021217],[-94.026981,30.02048],[-94.026988,30.019704],[-94.026489,30.019479],[-94.025597,30.01955],[-94.024313,30.019028],[-94.024477,30.017113],[-94.024066,30.009121],[-94.022835,30.00802],[-94.022576,30.006964],[-94.022878,30.006186],[-94.025325,30.003615],[-94.048876,30.021264],[-94.049787,30.02058],[-94.055492,30.017841],[-94.055766,30.017361],[-94.05683,30.01675],[-94.058018,30.016508],[-94.061697,30.01346],[-94.068643,30.011331],[-94.0699,30.009874],[-94.070242,30.008674],[-94.070143,30.007963],[-94.070611,30.007775],[-94.072663,30.011495],[-94.076415,30.009765],[-94.078871,30.013619],[-94.079097,30.013443],[-94.090394,30.031884],[-94.115805,30.039145],[-94.115817,30.041986],[-94.089671,30.042345],[-94.089676,30.04384],[-94.081237,30.043851],[-94.081195,30.038212],[-94.080827,30.037577],[-94.080998,30.03569],[-94.065306,30.035874],[-94.065087,30.036082],[-94.066734,30.037862],[-94.065854,30.039816],[-94.065932,30.041286],[-94.078479,30.052017],[-94.085658,30.058781],[-94.082478,30.059312],[-94.080895,30.059814],[-94.071265,30.061442],[-94.069244,30.061076],[-94.059981,30.061401]]]}},{"type":"Feature","properties":{"PRECINCT":"109","VTD":"0109"},"geometry":{"type":"Polygon","coordinates":[[[-93.960609,30.013428],[-93.957473,30.011812],[-93.954373,30.001113],[-93.948073,29.997213],[-93.931072,29.991113],[-93.924872,29.993013],[-93.91975,29.995491],[-93.91802,29.996013],[-93.913781,29.995988],[-93.909671,29.992913],[-93.907571,29.988913],[-93.903471,29.985513],[-93.896146,29.984619],[-93.902432,29.979291],[-93.904575,29.977157],[-93.905157,29.97697],[-93.90656,29.975782],[-93.907975,29.974275],[-93.908279,29.974237],[-93.910484,29.972224],[-93.911558,29.971757],[-93.914552,29.969252],[-93.917231,29.971154],[-93.92088,29.975445],[-93.927151,29.979417],[-93.936171,29.985802],[-93.938845,29.988214],[-93.938558,29.988744],[-93.939442,29.989941],[-93.93978,29.991083],[-93.940754,29.992303],[-93.941433,29.992593],[-93.942168,29.992355],[-93.947473,29.993007],[-93.947273,29.994113],[-93.95078,29.994455],[-93.950558,29.995655],[-93.952162,29.996192],[-93.953358,29.997206],[-93.954381,29.997712],[-93.960296,29.998465],[-93.960525,29.997084],[-93.966346,29.997927],[-93.967397,29.992178],[-93.965739,29.991398],[-93.965881,29.990586],[-93.97557,29.989281],[-93.975953,29.988904],[-93.977506,29.988998],[-93.9814,29.98848],[-93.981902,29.988837],[-93.982606,29.988725],[-93.982974,29.988979],[-93.980206,29.995797],[-93.971367,30.005729],[-93.966701,30.006032],[-93.962989,30.006558],[-93.962959,30.010689],[-93.963302,30.013367],[-93.960609,30.013428]]]}},{"type":"Feature","properties":{"PRECINCT":"40","VTD":"0040"},"geometry":{"type":"Polygon","coordinates":[[[-93.953358,29.997206],[-93.952162,29.996192],[-93.950558,29.995655],[-93.95078,29.994455],[-93.947273,29.994113],[-93.947473,29.993007],[-93.941996,29.99222],[-93.943764,29.981695],[-93.944368,29.983304],[-93.945774,29.984148],[-93.948883,29.984738],[-93.949279,29.983256],[-93.949124,29.984214],[-93.951873,29.98456],[-93.951526,29.986568],[-93.954418,29.987128],[-93.955072,29.982971],[-93.954065,29.982811],[-93.954325,29.981735],[-93.954206,29.981062],[-93.955357,29.981207],[-93.956253,29.975811],[-93.957751,29.976524],[-93.96472,29.981272],[-93.974543,29.988334],[-93.975953,29.988904],[-93.97557,29.989281],[-93.965881,29.990586],[-93.965739,29.991398],[-93.967397,29.992178],[-93.966346,29.997927],[-93.960525,29.997084],[-93.960296,29.998465],[-93.954381,29.997712],[-93.953358,29.997206]]]}},{"type":"Feature","properties":{"PRECINCT":"41","VTD":"0041"},"geometry":{"type":"Polygon","coordinates":[[[-93.936171,29.985802],[-93.927151,29.979417],[-93.92088,29.975445],[-93.917231,29.971154],[-93.911997,29.967432],[-93.911678,29.9625],[-93.918379,29.963188],[-93.918678,29.962491],[-93.924901,29.966949],[-93.925696,29.962577],[-93.934579,29.952991],[-93.935072,29.953347],[-93.935678,29.952847],[-93.938175,29.954508],[-93.939602,29.953188],[-93.940891,29.954121],[-93.941666,29.953315],[-93.943388,29.95457],[-93.944773,29.953088],[-93.938678,29.948592],[-93.943553,29.943049],[-93.955509,29.95169],[-93.954008,29.954062],[-93.953765,29.954975],[-93.951621,29.969067],[-93.950473,29.974784],[-93.954107,29.975203],[-93.954045,29.975496],[-93.956253,29.975811],[-93.955357,29.981207],[-93.954206,29.981062],[-93.954325,29.981735],[-93.954065,29.982811],[-93.955072,29.982971],[-93.954418,29.987128],[-93.951526,29.986568],[-93.951873,29.98456],[-93.949124,29.984214],[-93.949279,29.983256],[-93.948883,29.984738],[-93.945774,29.984148],[-93.944368,29.983304],[-93.943764,29.981695],[-93.942009,29.992346],[-93.941433,29.992593],[-93.940527,29.992118],[-93.93978,29.991083],[-93.939442,29.989941],[-93.938558,29.988744],[-93.938845,29.988214],[-93.936171,29.985802]]]}},{"type":"Feature","properties":{"PRECINCT":"102","VTD":"0102"},"geometry":{"type":"Polygon","coordinates":[[[-93.894832,29.955254],[-93.887023,29.94971],[-93.886085,29.948606],[-93.888692,29.94551],[-93.888143,29.945772],[-93.889481,29.944342],[-93.890983,29.943258],[-93.900208,29.949706],[-93.896192,29.954188],[-93.894832,29.955254]]]}},{"type":"Feature","properties":{"PRECINCT":"104","VTD":"0104"},"geometry":{"type":"Polygon","coordinates":[[[-93.844551,29.898838],[-93.851248,29.875215],[-93.854412,29.865053],[-93.85514,29.864099],[-93.859896,29.859921],[-93.866409,29.855262],[-93.872446,29.85165],[-93.880999,29.848215],[-93.886215,29.845719],[-93.890679,29.843159],[-93.900728,29.836967],[-93.911268,29.829116],[-93.931989,29.844022],[-93.944597,29.853591],[-93.934336,29.864472],[-93.931285,29.869636],[-93.931414,29.869727],[-93.927669,29.874315],[-93.910548,29.892573],[-93.906374,29.896608],[-93.906259,29.896446],[-93.90041,29.901596],[-93.893109,29.90987],[-93.884597,29.918727],[-93.868433,29.936582],[-93.866231,29.939942],[-93.865062,29.947779],[-93.864269,29.948813],[-93.863392,29.959383],[-93.862809,29.961189],[-93.861705,29.963541],[-93.860086,29.965905],[-93.855977,29.968725],[-93.855625,29.967829],[-93.850793,29.963893],[-93.848601,29.961509],[-93.843896,29.954805],[-93.841416,29.949301],[-93.840552,29.946741],[-93.839112,29.939798],[-93.838824,29.936934],[-93.838775,29.929526],[-93.839527,29.921974],[-93.841095,29.91287],[-93.844551,29.898838]]]}},{"type":"Feature","properties":{"PRECINCT":"108","VTD":"0108"},"geometry":{"type":"Polygon","coordinates":[[[-94.231536,29.933167],[-94.229268,29.931034],[-94.22693,29.927729],[-94.226494,29.927498],[-94.226096,29.926563],[-94.224074,29.924446],[-94.222799,29.92405],[-94.219388,29.922049],[-94.217253,29.918749],[-94.216869,29.91709],[-94.228282,29.916959],[-94.235446,29.917874],[-94.237733,29.91879],[-94.245909,29.923857],[-94.250802,29.926001],[-94.246099,29.932572],[-94.245162,29.932154],[-94.243712,29.931973],[-94.243165,29.931473],[-94.240348,29.931942],[-94.2374,29.931761],[-94.236362,29.932192],[-94.233247,29.934681],[-94.232089,29.93499],[-94.231536,29.933167]]]}},{"type":"Feature","properties":{"PRECINCT":"103","VTD":"0103"},"geometry":{"type":"Polygon","coordinates":[[[-94.001039,30.030964],[-94.000095,30.030548],[-93.998911,30.029636],[-93.998575,30.029156],[-93.998543,30.028516],[-93.998687,30.026756],[-93.999875,30.024212],[-94.000775,30.018313],[-93.999775,30.014713],[-93.996774,30.013113],[-93.991974,30.016413],[-93.986174,30.021612],[-93.983074,30.021812],[-93.980574,30.020012],[-93.982474,30.015312],[-93.983174,30.010813],[-93.981774,30.008913],[-93.975774,30.009713],[-93.967973,30.013112],[-93.963302,30.013367],[-93.962959,30.010689],[-93.962989,30.006558],[-93.966701,30.006032],[-93.971367,30.005729],[-93.980206,29.995797],[-93.982974,29.988979],[-93.982606,29.988725],[-93.981902,29.988837],[-93.9814,29.98848],[-93.995126,29.986636],[-94.001348,29.985546],[-94.002709,29.985706],[-94.003308,29.986034],[-94.006635,29.98945],[-94.009751,29.992132],[-94.025325,30.003615],[-94.022878,30.006186],[-94.022576,30.006964],[-94.022835,30.00802],[-94.024066,30.009121],[-94.024477,30.017113],[-94.024313,30.019028],[-94.025597,30.01955],[-94.026489,30.019479],[-94.026988,30.019704],[-94.026981,30.02048],[-94.027601,30.021217],[-94.029648,30.022725],[-94.030678,30.024155],[-94.031772,30.025081],[-94.03058,30.026222],[-94.029476,30.025513],[-94.027376,30.025713],[-94.024976,30.027213],[-94.023976,30.028213],[-94.022076,30.029412],[-94.018475,30.030112],[-94.012675,30.028812],[-94.010975,30.028812],[-94.007875,30.029612],[-94.005075,30.031112],[-94.001039,30.030964]]]}},{"type":"Feature","properties":{"PRECINCT":"74","VTD":"0074"},"geometry":{"type":"Polygon","coordinates":[[[-94.006635,29.98945],[-94.003308,29.986034],[-94.001983,29.985533],[-93.995104,29.986546],[-93.992122,29.984322],[-93.995381,29.981238],[-94.000748,29.985213],[-94.001689,29.984376],[-94.005177,29.987211],[-94.008486,29.983653],[-94.011275,29.985611],[-94.013482,29.983231],[-94.012847,29.977863],[-94.021106,29.969107],[-94.026726,29.977053],[-94.042935,30.006653],[-94.037027,30.012401],[-94.009751,29.992132],[-94.006635,29.98945]]]}},{"type":"Feature","properties":{"PRECINCT":"82","VTD":"0082"},"geometry":{"type":"Polygon","coordinates":[[[-93.974759,29.946249],[-93.974305,29.944484],[-93.973644,29.939343],[-93.973904,29.932667],[-93.97438,29.932078],[-93.955803,29.918843],[-93.95271,29.91637],[-93.95564,29.916303],[-93.956668,29.91648],[-93.957363,29.916153],[-93.958277,29.915541],[-93.961804,29.911738],[-93.962119,29.911944],[-93.962386,29.911705],[-93.96627,29.914485],[-93.984806,29.916082],[-94.002647,29.928949],[-93.985578,29.947101],[-93.98517,29.947768],[-93.985127,29.948544],[-93.984957,29.948253],[-93.985176,29.947405],[-93.983513,29.946456],[-93.981006,29.948921],[-93.983732,29.952483],[-93.986272,29.954536],[-93.980327,29.961167],[-93.974173,29.955813],[-93.973673,29.955113],[-93.969442,29.951319],[-93.971367,29.949852],[-93.974759,29.946249]]]}},{"type":"Feature","properties":{"PRECINCT":"96","VTD":"0096"},"geometry":{"type":"Polygon","coordinates":[[[-93.95271,29.91637],[-93.946759,29.911663],[-93.93208,29.901227],[-93.944967,29.887824],[-93.968488,29.904587],[-93.958277,29.915541],[-93.956668,29.91648],[-93.95564,29.916303],[-93.95271,29.91637]]]}},{"type":"Feature","properties":{"PRECINCT":"43","VTD":"0043"},"geometry":{"type":"Polygon","coordinates":[[[-93.933039,29.954312],[-93.916913,29.942822],[-93.918399,29.941246],[-93.917148,29.941221],[-93.918445,29.940827],[-93.917203,29.940782],[-93.918961,29.940637],[-93.920353,29.939124],[-93.917109,29.936835],[-93.919911,29.933839],[-93.922463,29.935647],[-93.926554,29.931269],[-93.927398,29.931617],[-93.943553,29.943049],[-93.938678,29.948592],[-93.944773,29.953088],[-93.943388,29.95457],[-93.941666,29.953315],[-93.940891,29.954121],[-93.939602,29.953188],[-93.938429,29.954447],[-93.938031,29.954488],[-93.935678,29.952847],[-93.935818,29.952704],[-93.935051,29.952164],[-93.933039,29.954312]]]}},{"type":"Feature","properties":{"PRECINCT":"61","VTD":"0061"},"geometry":{"type":"Polygon","coordinates":[[[-93.909049,29.940539],[-93.909101,29.940332],[-93.907939,29.940321],[-93.905022,29.938273],[-93.907199,29.935944],[-93.900744,29.931364],[-93.905806,29.925973],[-93.90634,29.926141],[-93.912405,29.930377],[-93.917666,29.924751],[-93.927398,29.931617],[-93.926554,29.931269],[-93.922463,29.935647],[-93.919911,29.933839],[-93.918483,29.935364],[-93.917109,29.936835],[-93.920353,29.939124],[-93.918961,29.940637],[-93.917203,29.940782],[-93.909049,29.940539]]]}},{"type":"Feature","properties":{"PRECINCT":"44","VTD":"0044"},"geometry":{"type":"Polygon","coordinates":[[[-93.917666,29.924751],[-93.926546,29.915229],[-93.927815,29.917387],[-93.931437,29.921518],[-93.924127,29.929309],[-93.917666,29.924751]]]}},{"type":"Feature","properties":{"PRECINCT":"47","VTD":"0047"},"geometry":{"type":"Polygon","coordinates":[[[-93.905806,29.925973],[-93.921767,29.908848],[-93.926157,29.911931],[-93.926539,29.909717],[-93.928091,29.905959],[-93.93208,29.901227],[-93.935728,29.903815],[-93.928688,29.911424],[-93.929543,29.912018],[-93.912405,29.930377],[-93.90634,29.926141],[-93.905806,29.925973]]]}},{"type":"Feature","properties":{"PRECINCT":"76","VTD":"0076"},"geometry":{"type":"Polygon","coordinates":[[[-93.880463,29.923214],[-93.893109,29.90987],[-93.90041,29.901596],[-93.906259,29.896446],[-93.906374,29.896608],[-93.914269,29.888714],[-93.915084,29.88915],[-93.910978,29.893593],[-93.900381,29.90297],[-93.900065,29.903668],[-93.896426,29.907958],[-93.895889,29.908266],[-93.893236,29.911395],[-93.890008,29.914568],[-93.896668,29.919103],[-93.897577,29.920121],[-93.899314,29.921388],[-93.904784,29.915517],[-93.911253,29.920102],[-93.885746,29.947371],[-93.87798,29.955075],[-93.875667,29.957813],[-93.874486,29.960148],[-93.873814,29.962087],[-93.870408,29.980552],[-93.860169,29.977397],[-93.859017,29.976549],[-93.857977,29.975061],[-93.855977,29.968725],[-93.860086,29.965905],[-93.861705,29.963541],[-93.862921,29.960885],[-93.863392,29.959383],[-93.864269,29.948813],[-93.865062,29.947779],[-93.866231,29.939942],[-93.868433,29.936582],[-93.880463,29.923214]]]}},{"type":"Feature","properties":{"PRECINCT":"98","VTD":"0098"},"geometry":{"type":"Polygon","coordinates":[[[-93.993926,29.946331],[-94.006212,29.933468],[-94.007762,29.93592],[-94.007008,29.938841],[-94.01389,29.943679],[-94.013569,29.943813],[-94.007065,29.93921],[-94.006464,29.943107],[-94.003069,29.941011],[-94.001273,29.943414],[-94.001974,29.944014],[-94.002653,29.943783],[-94.003674,29.944414],[-94.003574,29.945014],[-94.01386,29.950345],[-94.013781,29.951829],[-94.008708,29.956956],[-94.002881,29.952519],[-93.993926,29.946331]]]}},{"type":"Feature","properties":{"PRECINCT":"60","VTD":"0060"},"geometry":{"type":"Polygon","coordinates":[[[-93.896192,29.954188],[-93.900208,29.949706],[-93.890149,29.942696],[-93.900744,29.931364],[-93.907199,29.935944],[-93.905022,29.938273],[-93.907939,29.940321],[-93.909101,29.940332],[-93.909049,29.940539],[-93.918445,29.940827],[-93.917148,29.941221],[-93.918399,29.941246],[-93.916913,29.942822],[-93.920155,29.945114],[-93.90465,29.961698],[-93.902561,29.961335],[-93.901856,29.961001],[-93.897561,29.957865],[-93.897912,29.95744],[-93.894832,29.955254],[-93.896192,29.954188]]]}},{"type":"Feature","properties":{"PRECINCT":"86","VTD":"0086"},"geometry":{"type":"Polygon","coordinates":[[[-94.179841,30.078621],[-94.177628,30.078015],[-94.17752,30.078378],[-94.171411,30.082106],[-94.171441,30.077233],[-94.172142,30.075365],[-94.172317,30.074141],[-94.174318,30.07306],[-94.176238,30.073685],[-94.178574,30.073879],[-94.180486,30.074597],[-94.185045,30.075762],[-94.185064,30.078446],[-94.189817,30.078413],[-94.18997,30.091217],[-94.188831,30.091227],[-94.187456,30.089677],[-94.186394,30.086519],[-94.186318,30.085309],[-94.184597,30.083923],[-94.182896,30.080764],[-94.181296,30.079842],[-94.179841,30.078621]]]}},{"type":"Feature","properties":{"PRECINCT":"73","VTD":"0073"},"geometry":{"type":"Polygon","coordinates":[[[-94.17759,30.078307],[-94.177628,30.078015],[-94.179841,30.078621],[-94.181296,30.079842],[-94.182896,30.080764],[-94.184597,30.083923],[-94.186318,30.085309],[-94.186394,30.086519],[-94.187456,30.089677],[-94.188831,30.091227],[-94.171438,30.091376],[-94.171411,30.082106],[-94.17759,30.078307]]]}},{"type":"Feature","properties":{"PRECINCT":"65","VTD":"0065"},"geometry":{"type":"Polygon","coordinates":[[[-94.155876,30.104364],[-94.151552,30.104247],[-94.1515,30.102462],[-94.153079,30.102411],[-94.153337,30.102167],[-94.153353,30.101439],[-94.156657,30.101412],[-94.156743,30.095889],[-94.155686,30.094579],[-94.155504,30.093131],[-94.165809,30.093042],[-94.170038,30.091477],[-94.171438,30.091376],[-94.171459,30.096286],[-94.171097,30.097165],[-94.168901,30.100066],[-94.168462,30.101011],[-94.168485,30.104826],[-94.157871,30.10494],[-94.155876,30.104364]]]}},{"type":"Feature","properties":{"PRECINCT":"100","VTD":"0100"},"geometry":{"type":"Polygon","coordinates":[[[-94.168728,30.115131],[-94.168429,30.101159],[-94.168799,30.100217],[-94.171362,30.096635],[-94.171438,30.091376],[-94.18997,30.091217],[-94.189823,30.095703],[-94.190209,30.114888],[-94.168728,30.115131]]]}},{"type":"Feature","properties":{"PRECINCT":"94","VTD":"0094"},"geometry":{"type":"Polygon","coordinates":[[[-94.155862,30.114954],[-94.155842,30.113029],[-94.147709,30.113116],[-94.147581,30.104368],[-94.15557,30.104326],[-94.157871,30.10494],[-94.168485,30.104826],[-94.168728,30.115131],[-94.155862,30.114954]]]}},{"type":"Feature","properties":{"PRECINCT":"99","VTD":"0099"},"geometry":{"type":"Polygon","coordinates":[[[-94.147086,30.115111],[-94.155862,30.114954],[-94.156083,30.122932],[-94.156364,30.123423],[-94.156131,30.124152],[-94.156085,30.126178],[-94.153209,30.124664],[-94.145348,30.117093],[-94.146188,30.116366],[-94.147086,30.115111]]]}},{"type":"Feature","properties":{"PRECINCT":"34","VTD":"0034"},"geometry":{"type":"Polygon","coordinates":[[[-94.007008,29.938841],[-94.007705,29.935728],[-94.006212,29.933468],[-94.006047,29.933523],[-94.004016,29.929915],[-93.985402,29.916426],[-93.984806,29.916082],[-93.96627,29.914485],[-93.962386,29.911705],[-93.962119,29.911944],[-93.961804,29.911738],[-93.988044,29.883692],[-93.99962,29.885228],[-93.999382,29.884285],[-93.999506,29.883443],[-93.997721,29.88142],[-93.999675,29.879862],[-94.002656,29.880266],[-94.009098,29.880002],[-94.010231,29.879674],[-94.011855,29.878714],[-94.012401,29.877635],[-94.0135,29.878928],[-94.013952,29.878649],[-94.018121,29.883343],[-94.025466,29.884821],[-94.027013,29.885608],[-94.028509,29.885616],[-94.031646,29.886269],[-94.031757,29.888532],[-94.024674,29.887751],[-94.024774,29.890914],[-94.016651,29.891112],[-94.01677,29.89662],[-94.016333,29.89654],[-94.011989,29.893431],[-94.011157,29.89425],[-94.008823,29.892457],[-94.004431,29.894637],[-94.019736,29.919055],[-94.019419,29.919395],[-94.021794,29.923174],[-94.024311,29.931041],[-94.026414,29.930992],[-94.026774,29.93119],[-94.032673,29.940552],[-94.031124,29.94133],[-94.028426,29.943932],[-94.027675,29.943014],[-94.022075,29.939477],[-94.01389,29.943679],[-94.007008,29.938841]]]}},{"type":"Feature","properties":{"PRECINCT":"3","VTD":"0003"},"geometry":{"type":"Polygon","coordinates":[[[-94.129723,30.113363],[-94.128751,30.112785],[-94.128749,30.114725],[-94.121969,30.114738],[-94.121981,30.116007],[-94.11825,30.11607],[-94.118312,30.11831],[-94.107829,30.118472],[-94.10745,30.116283],[-94.106132,30.112467],[-94.106152,30.108274],[-94.105916,30.10695],[-94.112372,30.104416],[-94.112336,30.102334],[-94.116917,30.102272],[-94.117455,30.102782],[-94.117531,30.102184],[-94.120394,30.102038],[-94.121191,30.100986],[-94.130277,30.113204],[-94.129723,30.113363]]]}},{"type":"Feature","properties":{"PRECINCT":"1","VTD":"0001"},"geometry":{"type":"Polygon","coordinates":[[[-94.134291,30.125557],[-94.13453,30.134537],[-94.132572,30.135752],[-94.131745,30.136757],[-94.130409,30.137349],[-94.128359,30.13874],[-94.126832,30.139188],[-94.125193,30.139076],[-94.12335,30.137747],[-94.121457,30.137459],[-94.120964,30.137107],[-94.121737,30.136308],[-94.127991,30.133437],[-94.131465,30.131531],[-94.131967,30.130354],[-94.129758,30.130297],[-94.129722,30.125609],[-94.122002,30.125627],[-94.121969,30.114738],[-94.128749,30.114725],[-94.128751,30.112785],[-94.129518,30.11333],[-94.130277,30.113204],[-94.138379,30.124016],[-94.134291,30.125557]]]}},{"type":"Feature","properties":{"PRECINCT":"2","VTD":"0002"},"geometry":{"type":"Polygon","coordinates":[[[-94.141725,30.120974],[-94.138379,30.124016],[-94.125314,30.106531],[-94.132902,30.10624],[-94.133769,30.105685],[-94.134394,30.106235],[-94.138042,30.110091],[-94.145348,30.117093],[-94.141725,30.120974]]]}},{"type":"Feature","properties":{"PRECINCT":"77","VTD":"0077"},"geometry":{"type":"Polygon","coordinates":[[[-94.150745,30.169909],[-94.149948,30.169673],[-94.148739,30.169925],[-94.145896,30.170062],[-94.145542,30.169908],[-94.145662,30.169561],[-94.14758,30.169298],[-94.148714,30.168561],[-94.148164,30.16657],[-94.14729,30.166135],[-94.146714,30.166239],[-94.145555,30.16735],[-94.144796,30.167614],[-94.14272,30.16703],[-94.142131,30.167129],[-94.141821,30.167486],[-94.141757,30.168207],[-94.140839,30.168564],[-94.140522,30.168394],[-94.14051,30.16808],[-94.141334,30.166491],[-94.141359,30.165737],[-94.140897,30.16522],[-94.140024,30.165066],[-94.139524,30.165549],[-94.139618,30.166804],[-94.139244,30.167678],[-94.138807,30.16847],[-94.138218,30.168783],[-94.136756,30.168365],[-94.136003,30.167935],[-94.135706,30.16738],[-94.134332,30.166818],[-94.133256,30.166851],[-94.132775,30.167593],[-94.131357,30.166949],[-94.130959,30.166228],[-94.13118,30.165607],[-94.13106,30.165106],[-94.130681,30.164754],[-94.13013,30.164842],[-94.129402,30.165793],[-94.128541,30.165842],[-94.127775,30.16461],[-94.128497,30.164539],[-94.12851,30.164143],[-94.127403,30.163449],[-94.126928,30.163619],[-94.126206,30.164686],[-94.1258,30.164785],[-94.125604,30.164625],[-94.124921,30.16492],[-94.124573,30.165278],[-94.124605,30.165954],[-94.124346,30.166268],[-94.123536,30.165889],[-94.122789,30.165895],[-94.122289,30.166252],[-94.120909,30.16589],[-94.117932,30.164054],[-94.115975,30.161756],[-94.11543,30.15797],[-94.113583,30.155143],[-94.11398,30.151311],[-94.11348,30.148311],[-94.11138,30.14661],[-94.10983,30.1458],[-94.106796,30.145681],[-94.103498,30.145124],[-94.100888,30.143026],[-94.101082,30.140728],[-94.102677,30.13913],[-94.104671,30.138631],[-94.106566,30.138533],[-94.108432,30.137942],[-94.109146,30.136733],[-94.108094,30.135434],[-94.106813,30.135001],[-94.105585,30.134902],[-94.105021,30.135347],[-94.10128,30.136543],[-94.098579,30.136231],[-94.095379,30.133411],[-94.098354,30.131232],[-94.099992,30.127144],[-94.101241,30.125664],[-94.116319,30.125627],[-94.116347,30.126569],[-94.117317,30.126566],[-94.117299,30.125627],[-94.129722,30.125609],[-94.129758,30.130297],[-94.131967,30.130354],[-94.131465,30.131531],[-94.127991,30.133437],[-94.121737,30.136308],[-94.120964,30.137107],[-94.121457,30.137459],[-94.12335,30.137747],[-94.125193,30.139076],[-94.126832,30.139188],[-94.128359,30.13874],[-94.130409,30.137349],[-94.131745,30.136757],[-94.132572,30.135752],[-94.13453,30.134537],[-94.134291,30.125557],[-94.138379,30.124016],[-94.162275,30.155848],[-94.15724,30.162312],[-94.154929,30.167837],[-94.154421,30.168669],[-94.153822,30.168871],[-94.154075,30.170081],[-94.153417,30.170037],[-94.15322,30.170576],[-94.152473,30.17074],[-94.151581,30.170526],[-94.150745,30.169909]]]}},{"type":"Feature","properties":{"PRECINCT":"89","VTD":"0089"},"geometry":{"type":"Polygon","coordinates":[[[-94.137921,30.109933],[-94.133769,30.105685],[-94.132902,30.10624],[-94.125314,30.106531],[-94.117544,30.096099],[-94.125048,30.095981],[-94.130097,30.096146],[-94.129848,30.087613],[-94.136081,30.087498],[-94.136401,30.097678],[-94.136808,30.102669],[-94.136514,30.10197],[-94.136611,30.106129],[-94.136949,30.10786],[-94.137921,30.109933]]]}},{"type":"Feature","properties":{"PRECINCT":"8","VTD":"0008"},"geometry":{"type":"Polygon","coordinates":[[[-94.073678,30.114111],[-94.074378,30.112111],[-94.076978,30.109611],[-94.078678,30.106112],[-94.081178,30.104312],[-94.084178,30.104112],[-94.086278,30.105012],[-94.087278,30.104912],[-94.087278,30.102812],[-94.089879,30.097612],[-94.091038,30.094736],[-94.099046,30.094621],[-94.101261,30.09512],[-94.103281,30.095997],[-94.104963,30.096241],[-94.117544,30.096099],[-94.121191,30.100986],[-94.120394,30.102038],[-94.117531,30.102184],[-94.117455,30.102782],[-94.116917,30.102272],[-94.112336,30.102334],[-94.112372,30.104416],[-94.105916,30.10695],[-94.106152,30.108274],[-94.106132,30.112467],[-94.107663,30.117416],[-94.106881,30.117425],[-94.105981,30.116589],[-94.102874,30.116095],[-94.102526,30.115204],[-94.101405,30.114633],[-94.100106,30.113204],[-94.09819,30.110348],[-94.097148,30.109406],[-94.096821,30.108355],[-94.097616,30.108078],[-94.097714,30.106891],[-94.0981,30.105792],[-94.098414,30.105533],[-94.098517,30.104474],[-94.098724,30.104141],[-94.099408,30.104301],[-94.099784,30.103887],[-94.099021,30.101465],[-94.098179,30.101821],[-94.097705,30.101775],[-94.096836,30.101034],[-94.096739,30.100037],[-94.096996,30.09986],[-94.098073,30.100013],[-94.09865,30.098987],[-94.096371,30.098765],[-94.088493,30.12943],[-94.088532,30.129894],[-94.088879,30.130011],[-94.088707,30.130978],[-94.087179,30.130811],[-94.079578,30.127111],[-94.078778,30.124511],[-94.078378,30.122211],[-94.076878,30.119511],[-94.074278,30.116511],[-94.073678,30.114111]]]}},{"type":"Feature","properties":{"PRECINCT":"63","VTD":"0063"},"geometry":{"type":"Polygon","coordinates":[[[-94.107829,30.118472],[-94.118312,30.11831],[-94.11825,30.11607],[-94.121981,30.116007],[-94.122002,30.125627],[-94.117299,30.125627],[-94.117317,30.126566],[-94.116347,30.126569],[-94.116319,30.125627],[-94.101241,30.125664],[-94.099992,30.127144],[-94.098354,30.131232],[-94.095379,30.133411],[-94.092679,30.131411],[-94.088707,30.130978],[-94.088879,30.130011],[-94.088532,30.129894],[-94.088493,30.12943],[-94.096371,30.098765],[-94.09865,30.098987],[-94.098073,30.100013],[-94.096996,30.09986],[-94.096739,30.100037],[-94.096836,30.101034],[-94.097705,30.101775],[-94.098179,30.101821],[-94.099021,30.101465],[-94.099772,30.104041],[-94.099408,30.104301],[-94.098724,30.104141],[-94.098414,30.105533],[-94.0981,30.105792],[-94.097714,30.106891],[-94.097616,30.108078],[-94.096821,30.108355],[-94.097148,30.109406],[-94.09819,30.110348],[-94.100106,30.113204],[-94.101405,30.114633],[-94.102526,30.115204],[-94.102874,30.116095],[-94.105981,30.116589],[-94.106881,30.117425],[-94.107663,30.117416],[-94.107829,30.118472]]]}},{"type":"Feature","properties":{"PRECINCT":"4","VTD":"0004"},"geometry":{"type":"Polygon","coordinates":[[[-94.136401,30.097678],[-94.136017,30.085506],[-94.144369,30.085351],[-94.149524,30.086343],[-94.149584,30.086621],[-94.149639,30.093302],[-94.143643,30.093405],[-94.143712,30.097879],[-94.143217,30.09886],[-94.143187,30.100838],[-94.136975,30.100897],[-94.137097,30.103623],[-94.136808,30.102669],[-94.136401,30.097678]]]}},{"type":"Feature","properties":{"PRECINCT":"6","VTD":"0006"},"geometry":{"type":"Polygon","coordinates":[[[-94.129848,30.087613],[-94.129805,30.085619],[-94.120262,30.085796],[-94.119965,30.078888],[-94.116688,30.078946],[-94.116551,30.07862],[-94.121336,30.07725],[-94.124587,30.076593],[-94.155481,30.07241],[-94.155453,30.073652],[-94.155279,30.073756],[-94.153101,30.073791],[-94.152209,30.074243],[-94.151367,30.073656],[-94.149033,30.073878],[-94.14901,30.076403],[-94.143231,30.076519],[-94.143324,30.085384],[-94.136017,30.085506],[-94.136081,30.087498],[-94.129848,30.087613]]]}},{"type":"Feature","properties":{"PRECINCT":"5","VTD":"0005"},"geometry":{"type":"Polygon","coordinates":[[[-94.145277,30.08552],[-94.143324,30.085384],[-94.143231,30.076519],[-94.14901,30.076403],[-94.149033,30.073878],[-94.151367,30.073656],[-94.152209,30.074243],[-94.153101,30.073791],[-94.155279,30.073756],[-94.155453,30.073652],[-94.155481,30.07241],[-94.159198,30.071913],[-94.159306,30.075516],[-94.160255,30.076644],[-94.160264,30.080047],[-94.158831,30.080542],[-94.157605,30.081689],[-94.149702,30.086286],[-94.14868,30.08628],[-94.145277,30.08552]]]}},{"type":"Feature","properties":{"PRECINCT":"62","VTD":"0062"},"geometry":{"type":"Polygon","coordinates":[[[-94.149639,30.093302],[-94.149524,30.086343],[-94.155911,30.082748],[-94.157884,30.081482],[-94.158831,30.080542],[-94.15991,30.08011],[-94.163505,30.079449],[-94.165547,30.078075],[-94.169637,30.076769],[-94.171248,30.074782],[-94.172317,30.074141],[-94.172142,30.075365],[-94.171441,30.077233],[-94.171438,30.091376],[-94.170038,30.091477],[-94.165809,30.093042],[-94.155973,30.093029],[-94.149639,30.093302]]]}},{"type":"Feature","properties":{"PRECINCT":"79","VTD":"0079"},"geometry":{"type":"Polygon","coordinates":[[[-94.159306,30.075516],[-94.159198,30.071913],[-94.155481,30.07241],[-94.155434,30.071647],[-94.152926,30.071701],[-94.152823,30.055826],[-94.139386,30.055661],[-94.175907,30.019575],[-94.189229,30.023807],[-94.189346,30.038446],[-94.179483,30.038498],[-94.179646,30.04239],[-94.177491,30.042504],[-94.177441,30.042658],[-94.177497,30.050749],[-94.177875,30.05245],[-94.177781,30.058329],[-94.178002,30.058577],[-94.179533,30.058593],[-94.179431,30.06754],[-94.163834,30.067762],[-94.164918,30.071115],[-94.165788,30.077979],[-94.163263,30.07952],[-94.160264,30.080047],[-94.160255,30.076644],[-94.159306,30.075516]]]}},{"type":"Feature","properties":{"PRECINCT":"10","VTD":"0010"},"geometry":{"type":"Polygon","coordinates":[[[-94.099517,30.094678],[-94.091038,30.094736],[-94.094188,30.091038],[-94.094082,30.090532],[-94.092628,30.08997],[-94.089278,30.091612],[-94.087278,30.091212],[-94.086378,30.089012],[-94.087878,30.087412],[-94.091579,30.087112],[-94.093779,30.086612],[-94.095849,30.08666],[-94.095936,30.084798],[-94.097802,30.084767],[-94.097581,30.084078],[-94.098794,30.083762],[-94.099044,30.084006],[-94.10003,30.08348],[-94.099896,30.083348],[-94.100769,30.082714],[-94.101051,30.08295],[-94.102595,30.082749],[-94.10937,30.08051],[-94.110607,30.08039],[-94.116551,30.07862],[-94.116688,30.078946],[-94.119965,30.078888],[-94.120262,30.085796],[-94.112382,30.085935],[-94.113029,30.089652],[-94.116654,30.095094],[-94.117544,30.096099],[-94.104963,30.096241],[-94.103281,30.095997],[-94.101261,30.09512],[-94.099517,30.094678]]]}},{"type":"Feature","properties":{"PRECINCT":"84","VTD":"0084"},"geometry":{"type":"Polygon","coordinates":[[[-94.115821,30.072691],[-94.115478,30.055861],[-94.129157,30.055728],[-94.129417,30.068294],[-94.134552,30.068157],[-94.134559,30.071072],[-94.135134,30.075154],[-94.123289,30.076822],[-94.115439,30.07898],[-94.115376,30.073875],[-94.115821,30.072691]]]}},{"type":"Feature","properties":{"PRECINCT":"85","VTD":"0085"},"geometry":{"type":"Polygon","coordinates":[[[-94.134559,30.071072],[-94.134552,30.068157],[-94.129417,30.068294],[-94.12894,30.045388],[-94.132442,30.042829],[-94.134572,30.043545],[-94.136151,30.044361],[-94.14009,30.047344],[-94.141202,30.048782],[-94.141704,30.050487],[-94.141657,30.051773],[-94.14137,30.05274],[-94.140366,30.054295],[-94.141214,30.053784],[-94.139386,30.055661],[-94.152823,30.055826],[-94.152926,30.071701],[-94.155434,30.071647],[-94.155481,30.07241],[-94.135134,30.075154],[-94.134559,30.071072]]]}},{"type":"Feature","properties":{"PRECINCT":"7","VTD":"0007"},"geometry":{"type":"Polygon","coordinates":[[[-94.130097,30.096146],[-94.117544,30.096099],[-94.116654,30.095094],[-94.113029,30.089652],[-94.112382,30.085935],[-94.129805,30.085619],[-94.130097,30.096146]]]}},{"type":"Feature","properties":{"PRECINCT":"9","VTD":"0009"},"geometry":{"type":"Polygon","coordinates":[[[-93.951621,29.969067],[-93.953765,29.954975],[-93.954008,29.954062],[-93.955509,29.95169],[-93.957573,29.952963],[-93.960275,29.953948],[-93.963272,29.957313],[-93.975524,29.966337],[-93.969364,29.972941],[-93.962885,29.968372],[-93.95646,29.975278],[-93.956253,29.975811],[-93.954045,29.975496],[-93.954107,29.975203],[-93.950473,29.974784],[-93.951621,29.969067]]]}},{"type":"Feature","properties":{"PRECINCT":"70","VTD":"0070"},"geometry":{"type":"Polygon","coordinates":[[[-93.956636,29.95247],[-93.924127,29.929309],[-93.930113,29.922937],[-93.933389,29.925254],[-93.932759,29.925973],[-93.932767,29.926533],[-93.935127,29.928207],[-93.934767,29.928653],[-93.935206,29.928972],[-93.936627,29.927451],[-93.939558,29.930628],[-93.953324,29.920364],[-93.955339,29.918468],[-93.97438,29.932078],[-93.973904,29.932667],[-93.973644,29.939343],[-93.974305,29.944484],[-93.974759,29.946249],[-93.971367,29.949852],[-93.969667,29.951082],[-93.964644,29.956545],[-93.964133,29.955917],[-93.962715,29.954895],[-93.956636,29.95247]]]}},{"type":"Feature","properties":{"PRECINCT":"95","VTD":"0095"},"geometry":{"type":"Polygon","coordinates":[[[-93.962843,29.956831],[-93.960275,29.953948],[-93.963219,29.955192],[-93.964644,29.956545],[-93.969531,29.951397],[-93.973673,29.955113],[-93.974173,29.955813],[-93.980327,29.961167],[-93.975524,29.966337],[-93.962843,29.956831]]]}},{"type":"Feature","properties":{"PRECINCT":"16","VTD":"0016"},"geometry":{"type":"Polygon","coordinates":[[[-94.108193,30.080967],[-94.100627,30.073443],[-94.110093,30.066203],[-94.115702,30.066052],[-94.115821,30.072691],[-94.115376,30.073875],[-94.115439,30.07898],[-94.108193,30.080967]]]}},{"type":"Feature","properties":{"PRECINCT":"19","VTD":"0019"},"geometry":{"type":"Polygon","coordinates":[[[-94.090543,30.05581],[-94.090515,30.043846],[-94.089676,30.04384],[-94.089671,30.042345],[-94.096701,30.042276],[-94.105249,30.055973],[-94.10344,30.056],[-94.090234,30.057957],[-94.089814,30.05594],[-94.090543,30.05581]]]}},{"type":"Feature","properties":{"PRECINCT":"39","VTD":"0039"},"geometry":{"type":"Polygon","coordinates":[[[-94.105249,30.055973],[-94.096701,30.042276],[-94.115817,30.041986],[-94.115903,30.046907],[-94.115362,30.048131],[-94.115478,30.055861],[-94.105249,30.055973]]]}},{"type":"Feature","properties":{"PRECINCT":"15","VTD":"0015"},"geometry":{"type":"Polygon","coordinates":[[[-94.095418,30.068145],[-94.098517,30.067135],[-94.099985,30.065925],[-94.100467,30.065929],[-94.100913,30.066331],[-94.100782,30.060054],[-94.115585,30.059833],[-94.115702,30.066052],[-94.110093,30.066203],[-94.100627,30.073443],[-94.095418,30.068145]]]}},{"type":"Feature","properties":{"PRECINCT":"17","VTD":"0017"},"geometry":{"type":"Polygon","coordinates":[[[-94.179431,30.06754],[-94.179533,30.058593],[-94.178002,30.058577],[-94.177781,30.058329],[-94.177864,30.051976],[-94.177497,30.050749],[-94.177384,30.043406],[-94.177491,30.042504],[-94.179646,30.04239],[-94.179483,30.038498],[-94.197014,30.038384],[-94.199334,30.048391],[-94.200629,30.050179],[-94.206069,30.05008],[-94.206254,30.053994],[-94.208121,30.054043],[-94.208311,30.057377],[-94.205655,30.057367],[-94.2081,30.060835],[-94.209021,30.064973],[-94.18998,30.06744],[-94.179431,30.06754]]]}},{"type":"Feature","properties":{"PRECINCT":"90","VTD":"0090"},"geometry":{"type":"Polygon","coordinates":[[[-94.204731,30.029021],[-94.204099,30.027729],[-94.20255,30.026327],[-94.198681,30.025375],[-94.197164,30.024699],[-94.196049,30.023761],[-94.233866,30.023571],[-94.233074,30.03375],[-94.233116,30.038175],[-94.232964,30.033717],[-94.231459,30.031628],[-94.230125,30.030418],[-94.228715,30.029539],[-94.227375,30.031283],[-94.22661,30.031888],[-94.225909,30.033456],[-94.22462,30.033836],[-94.222565,30.033882],[-94.2226,30.038251],[-94.204588,30.038342],[-94.204556,30.037338],[-94.205795,30.035847],[-94.206262,30.034258],[-94.205048,30.032058],[-94.204731,30.029021]]]}},{"type":"Feature","properties":{"PRECINCT":"18","VTD":"0018"},"geometry":{"type":"Polygon","coordinates":[[[-94.115903,30.046907],[-94.115805,30.039145],[-94.120067,30.040252],[-94.130478,30.042265],[-94.132442,30.042829],[-94.12894,30.045388],[-94.129157,30.055728],[-94.115478,30.055861],[-94.115362,30.048131],[-94.115903,30.046907]]]}},{"type":"Feature","properties":{"PRECINCT":"64","VTD":"0064"},"geometry":{"type":"Polygon","coordinates":[[[-94.079097,30.013443],[-94.097459,29.996996],[-94.098011,29.996744],[-94.108359,29.996565],[-94.109076,29.996197],[-94.108178,29.952927],[-94.120803,29.952927],[-94.120252,29.954109],[-94.128233,29.954069],[-94.128724,29.954343],[-94.12961,29.95545],[-94.129425,29.955936],[-94.127817,29.957368],[-94.126758,29.959393],[-94.125861,29.96041],[-94.125412,29.9615],[-94.125639,29.963003],[-94.124533,29.964393],[-94.12408,29.965452],[-94.124064,29.967068],[-94.122898,29.970437],[-94.122703,29.973773],[-94.123149,29.975216],[-94.1242,29.977291],[-94.123857,29.988033],[-94.125001,29.990455],[-94.12581,29.991025],[-94.1289,29.991022],[-94.132937,29.990521],[-94.138103,29.994233],[-94.139679,29.995074],[-94.144224,29.997082],[-94.146393,29.997529],[-94.147194,29.998376],[-94.149942,29.998751],[-94.15239,30.000358],[-94.153595,30.001949],[-94.15507,30.002317],[-94.155671,30.00213],[-94.183902,30.002111],[-94.168595,30.01722],[-94.175907,30.019575],[-94.14402,30.051054],[-94.141214,30.053784],[-94.140366,30.054295],[-94.14137,30.05274],[-94.141657,30.051773],[-94.141704,30.050487],[-94.141202,30.048782],[-94.14009,30.047344],[-94.135287,30.04386],[-94.130478,30.042265],[-94.118257,30.039837],[-94.090394,30.031884],[-94.079097,30.013443]]]}},{"type":"Feature","properties":{"PRECINCT":"13","VTD":"0013"},"geometry":{"type":"Polygon","coordinates":[[[-94.049377,30.076312],[-94.046777,30.074112],[-94.046877,30.072512],[-94.048077,30.070512],[-94.046377,30.066212],[-94.042977,30.063712],[-94.038376,30.063212],[-94.035576,30.064712],[-94.032976,30.066812],[-94.029876,30.067212],[-94.027476,30.066012],[-94.027176,30.063712],[-94.031576,30.060712],[-94.031776,30.058812],[-94.030392,30.056598],[-94.047074,30.056757],[-94.047083,30.057168],[-94.0596,30.056685],[-94.059981,30.061401],[-94.069244,30.061076],[-94.071265,30.061442],[-94.080895,30.059814],[-94.082478,30.059312],[-94.085658,30.058781],[-94.087989,30.060807],[-94.087992,30.061653],[-94.088778,30.061612],[-94.090671,30.063544],[-94.08946,30.063589],[-94.089484,30.063951],[-94.08565,30.064028],[-94.085678,30.064987],[-94.084539,30.065012],[-94.084471,30.063586],[-94.075744,30.063713],[-94.07533,30.063865],[-94.075678,30.070512],[-94.075584,30.076642],[-94.070418,30.078028],[-94.064377,30.077212],[-94.059677,30.075212],[-94.057777,30.074812],[-94.056377,30.075612],[-94.055777,30.077612],[-94.051877,30.078712],[-94.050277,30.077812],[-94.049377,30.076312]]]}},{"type":"Feature","properties":{"PRECINCT":"20","VTD":"0020"},"geometry":{"type":"Polygon","coordinates":[[[-94.072543,30.046903],[-94.0813,30.046797],[-94.081237,30.043851],[-94.090515,30.043846],[-94.090543,30.05581],[-94.089814,30.05594],[-94.090234,30.057957],[-94.087733,30.058371],[-94.087989,30.060807],[-94.078479,30.052017],[-94.072543,30.046903]]]}},{"type":"Feature","properties":{"PRECINCT":"107","VTD":"0107"},"geometry":{"type":"Polygon","coordinates":[[[-94.088101,29.990522],[-94.085459,29.978214],[-94.073357,29.978],[-94.072577,29.97879],[-94.070826,29.979833],[-94.070508,29.96109],[-94.072053,29.960078],[-94.074646,29.961344],[-94.077866,29.963592],[-94.07737,29.964632],[-94.07776,29.965763],[-94.078751,29.966298],[-94.079625,29.966314],[-94.080145,29.964836],[-94.08077,29.963895],[-94.081907,29.962993],[-94.081958,29.962228],[-94.082551,29.961216],[-94.085868,29.959494],[-94.086732,29.957513],[-94.08784,29.956436],[-94.088973,29.971787],[-94.089319,29.989565],[-94.097964,29.989491],[-94.096921,29.99128],[-94.088101,29.990522]]]}},{"type":"Feature","properties":{"PRECINCT":"33","VTD":"0033"},"geometry":{"type":"Polygon","coordinates":[[[-94.075513,29.961865],[-94.072053,29.960078],[-94.0706,29.9611],[-94.070486,29.959804],[-94.051685,29.960203],[-94.049968,29.960756],[-94.047194,29.962544],[-94.048536,29.964685],[-94.048186,29.964832],[-94.03891,29.949747],[-94.034187,29.949751],[-94.030101,29.954002],[-94.030236,29.95377],[-94.029349,29.954414],[-94.032184,29.948517],[-94.028426,29.943932],[-94.031124,29.94133],[-94.032673,29.940552],[-94.026774,29.93119],[-94.026414,29.930992],[-94.024311,29.931041],[-94.021794,29.923174],[-94.019419,29.919395],[-94.019736,29.919055],[-94.004431,29.894637],[-94.008823,29.892457],[-94.011157,29.89425],[-94.011989,29.893431],[-94.016333,29.89654],[-94.01677,29.89662],[-94.016651,29.891112],[-94.024774,29.890914],[-94.024674,29.887751],[-94.031757,29.888532],[-94.031646,29.886269],[-94.028509,29.885616],[-94.027013,29.885608],[-94.025466,29.884821],[-94.018121,29.883343],[-94.013952,29.878649],[-94.0135,29.878928],[-94.012401,29.877635],[-94.013341,29.876393],[-94.014824,29.87834],[-94.016555,29.879742],[-94.018155,29.881858],[-94.019552,29.883266],[-94.020749,29.883475],[-94.024302,29.883555],[-94.027021,29.884244],[-94.02894,29.882434],[-94.032263,29.881421],[-94.033674,29.882115],[-94.033663,29.881172],[-94.035069,29.880847],[-94.043774,29.879615],[-94.047275,29.880615],[-94.050867,29.882154],[-94.051975,29.883015],[-94.051909,29.886859],[-94.056769,29.886037],[-94.057912,29.88889],[-94.060241,29.889427],[-94.06065,29.889939],[-94.061445,29.891776],[-94.061262,29.893531],[-94.062032,29.894246],[-94.062133,29.894703],[-94.061016,29.894983],[-94.06024,29.895693],[-94.060145,29.896404],[-94.059394,29.89619],[-94.059271,29.896901],[-94.057686,29.8976],[-94.05759,29.896806],[-94.055063,29.897292],[-94.054162,29.898713],[-94.053957,29.899696],[-94.055173,29.90191],[-94.056074,29.901993],[-94.05673,29.901626],[-94.057563,29.901886],[-94.059572,29.903982],[-94.05885,29.906491],[-94.053698,29.909076],[-94.052902,29.908548],[-94.051867,29.90857],[-94.048792,29.907799],[-94.047428,29.908525],[-94.045869,29.908272],[-94.045319,29.908597],[-94.044725,29.909383],[-94.044132,29.910687],[-94.041768,29.914186],[-94.048885,29.914049],[-94.049159,29.943372],[-94.050587,29.943781],[-94.050604,29.944692],[-94.05233,29.950036],[-94.053427,29.951869],[-94.05328,29.952475],[-94.055881,29.956224],[-94.063417,29.955063],[-94.070386,29.954646],[-94.070449,29.957391],[-94.071185,29.957177],[-94.07303,29.957144],[-94.074131,29.956827],[-94.087452,29.956781],[-94.086732,29.957513],[-94.085868,29.959494],[-94.082551,29.961216],[-94.081958,29.962228],[-94.081907,29.962993],[-94.08077,29.963895],[-94.080145,29.964836],[-94.079625,29.966314],[-94.078425,29.96619],[-94.077619,29.965602],[-94.07737,29.964632],[-94.077866,29.963592],[-94.075513,29.961865]]]}},{"type":"Feature","properties":{"PRECINCT":"105","VTD":"0105"},"geometry":{"type":"Polygon","coordinates":[[[-93.981006,29.948921],[-93.983513,29.946456],[-93.985176,29.947405],[-93.984957,29.948253],[-93.985127,29.948544],[-93.98517,29.947768],[-93.985578,29.947101],[-94.002647,29.928949],[-94.004016,29.929915],[-94.006099,29.933588],[-93.986272,29.954536],[-93.983732,29.952483],[-93.981006,29.948921]]]}},{"type":"Feature","properties":{"PRECINCT":"31","VTD":"0031"},"geometry":{"type":"Polygon","coordinates":[[[-94.070449,29.957391],[-94.070386,29.954646],[-94.063417,29.955063],[-94.055881,29.956224],[-94.05328,29.952475],[-94.053427,29.951869],[-94.05233,29.950036],[-94.050604,29.944692],[-94.050587,29.943781],[-94.049159,29.943372],[-94.048885,29.914049],[-94.140062,29.912507],[-94.139592,29.884463],[-94.139207,29.882323],[-94.13812,29.881917],[-94.135911,29.879963],[-94.136177,29.879331],[-94.137446,29.877995],[-94.144352,29.877453],[-94.146352,29.877508],[-94.146664,29.876524],[-94.143739,29.877012],[-94.142124,29.876979],[-94.141385,29.876445],[-94.14112,29.876511],[-94.140823,29.87705],[-94.136411,29.877455],[-94.136582,29.876993],[-94.136101,29.876097],[-94.134711,29.876619],[-94.132925,29.876078],[-94.13235,29.875553],[-94.132296,29.874847],[-94.130931,29.873732],[-94.131074,29.871643],[-94.131626,29.870598],[-94.132684,29.869923],[-94.135496,29.869789],[-94.135046,29.848458],[-94.196566,29.834987],[-94.1967,29.838324],[-94.198611,29.838027],[-94.199778,29.838296],[-94.201184,29.839769],[-94.201879,29.840105],[-94.202041,29.840852],[-94.20305,29.841084],[-94.203538,29.841692],[-94.204856,29.842338],[-94.205391,29.843029],[-94.206459,29.842988],[-94.206559,29.84339],[-94.206266,29.844462],[-94.205723,29.84523],[-94.205753,29.845675],[-94.203137,29.84518],[-94.201521,29.845525],[-94.196057,29.848127],[-94.195859,29.850146],[-94.194794,29.85108],[-94.193839,29.85147],[-94.191158,29.851457],[-94.19038,29.851994],[-94.190226,29.852722],[-94.191043,29.855368],[-94.19032,29.855717],[-94.191386,29.858883],[-94.191256,29.85992],[-94.190878,29.860519],[-94.189679,29.861229],[-94.187456,29.863349],[-94.188115,29.86603],[-94.191378,29.869392],[-94.193006,29.871999],[-94.194394,29.878229],[-94.195894,29.880546],[-94.196232,29.882321],[-94.18891,29.883485],[-94.188901,29.903824],[-94.19371,29.904097],[-94.182837,29.90956],[-94.183274,29.911287],[-94.183906,29.911562],[-94.184433,29.912834],[-94.187172,29.912006],[-94.188788,29.912303],[-94.189194,29.91265],[-94.189451,29.932669],[-94.188049,29.934198],[-94.187225,29.933462],[-94.185589,29.932749],[-94.183686,29.932721],[-94.181634,29.932193],[-94.180376,29.932159],[-94.163161,29.935717],[-94.161418,29.937795],[-94.159741,29.939243],[-94.159299,29.940134],[-94.156797,29.941763],[-94.155058,29.944592],[-94.150128,29.948252],[-94.149529,29.949569],[-94.14851,29.950314],[-94.14712,29.950561],[-94.142093,29.946849],[-94.140337,29.94505],[-94.136721,29.943683],[-94.136176,29.943821],[-94.136086,29.941544],[-94.135568,29.93989],[-94.134486,29.93836],[-94.131318,29.936887],[-94.126342,29.935745],[-94.125002,29.935618],[-94.122895,29.934685],[-94.122025,29.932966],[-94.121934,29.929835],[-94.12174,29.929249],[-94.121212,29.928976],[-94.120275,29.928919],[-94.115624,29.929921],[-94.109973,29.928996],[-94.109755,29.929285],[-94.109169,29.929283],[-94.107958,29.932551],[-94.10708,29.932985],[-94.104371,29.933613],[-94.103449,29.933306],[-94.102855,29.932079],[-94.102375,29.932134],[-94.102028,29.932635],[-94.101889,29.932211],[-94.102179,29.931771],[-94.101396,29.931365],[-94.099179,29.931536],[-94.098939,29.931789],[-94.099015,29.932201],[-94.098712,29.932257],[-94.098586,29.931492],[-94.097679,29.931435],[-94.097446,29.930696],[-94.095978,29.933553],[-94.096305,29.935159],[-94.095318,29.936081],[-94.096186,29.938293],[-94.096697,29.942466],[-94.096243,29.94375],[-94.096213,29.947483],[-94.095938,29.948089],[-94.094833,29.949224],[-94.094997,29.950419],[-94.09388,29.950908],[-94.092541,29.95206],[-94.092068,29.952823],[-94.092082,29.953887],[-94.090781,29.955367],[-94.089221,29.955637],[-94.087452,29.956781],[-94.074131,29.956827],[-94.07303,29.957144],[-94.071185,29.957177],[-94.070449,29.957391]]]}},{"type":"Feature","properties":{"PRECINCT":"106","VTD":"0106"},"geometry":{"type":"Polygon","coordinates":[[[-94.061598,29.985621],[-94.057794,29.979528],[-94.057568,29.979622],[-94.048186,29.964832],[-94.048536,29.964685],[-94.047194,29.962544],[-94.049968,29.960756],[-94.05212,29.960143],[-94.070486,29.959804],[-94.070917,29.985249],[-94.070631,29.985401],[-94.061598,29.985621]]]}},{"type":"Feature","properties":{"PRECINCT":"80","VTD":"0080"},"geometry":{"type":"Polygon","coordinates":[[[-94.045005,29.909059],[-94.045869,29.908272],[-94.047428,29.908525],[-94.048685,29.907794],[-94.051867,29.90857],[-94.052902,29.908548],[-94.053698,29.909076],[-94.05885,29.906491],[-94.059572,29.903982],[-94.057563,29.901886],[-94.05673,29.901626],[-94.056074,29.901993],[-94.055173,29.90191],[-94.053957,29.899696],[-94.054162,29.898713],[-94.055063,29.897292],[-94.05759,29.896806],[-94.057686,29.8976],[-94.059271,29.896901],[-94.059394,29.89619],[-94.060145,29.896404],[-94.06024,29.895693],[-94.061016,29.894983],[-94.062171,29.894604],[-94.061262,29.893531],[-94.061445,29.891776],[-94.06065,29.889939],[-94.060241,29.889427],[-94.057912,29.88889],[-94.056769,29.886037],[-94.051909,29.886859],[-94.051975,29.883015],[-94.050867,29.882154],[-94.079773,29.861953],[-94.082505,29.860409],[-94.086076,29.859177],[-94.135046,29.848458],[-94.135496,29.869789],[-94.132684,29.869923],[-94.131626,29.870598],[-94.131074,29.871643],[-94.130931,29.873732],[-94.132296,29.874847],[-94.13235,29.875553],[-94.132925,29.876078],[-94.134711,29.876619],[-94.136101,29.876097],[-94.136582,29.876993],[-94.136411,29.877455],[-94.140823,29.87705],[-94.14112,29.876511],[-94.141385,29.876445],[-94.142124,29.876979],[-94.143739,29.877012],[-94.146664,29.876524],[-94.146352,29.877508],[-94.144352,29.877453],[-94.137446,29.877995],[-94.136177,29.879331],[-94.135911,29.879963],[-94.13812,29.881917],[-94.139207,29.882323],[-94.139592,29.884463],[-94.140062,29.912507],[-94.041768,29.914186],[-94.045005,29.909059]]]}},{"type":"Feature","properties":{"PRECINCT":"35","VTD":"0035"},"geometry":{"type":"Polygon","coordinates":[[[-94.032306,29.977547],[-94.032862,29.976403],[-94.033008,29.975418],[-94.033804,29.974885],[-94.035201,29.973053],[-94.035921,29.972816],[-94.037113,29.971757],[-94.024704,29.963215],[-94.024936,29.962208],[-94.024519,29.959907],[-94.018586,29.96633],[-94.013712,29.961305],[-94.008708,29.956956],[-94.013781,29.951829],[-94.01386,29.950345],[-94.003574,29.945014],[-94.003674,29.944414],[-94.002653,29.943783],[-94.001974,29.944014],[-94.001273,29.943414],[-94.003069,29.941011],[-94.006464,29.943107],[-94.007065,29.93921],[-94.013569,29.943813],[-94.022075,29.939477],[-94.022388,29.939634],[-94.027675,29.943014],[-94.032184,29.948517],[-94.029349,29.954414],[-94.030236,29.95377],[-94.030101,29.954002],[-94.034187,29.949751],[-94.03891,29.949747],[-94.057568,29.979622],[-94.056816,29.97991],[-94.055808,29.978406],[-94.048336,29.979445],[-94.035259,29.992508],[-94.029566,29.98207],[-94.031964,29.979241],[-94.032306,29.977547]]]}},{"type":"Feature","properties":{"PRECINCT":"97","VTD":"0097"},"geometry":{"type":"Polygon","coordinates":[[[-93.944967,29.887824],[-93.952824,29.879385],[-93.954811,29.880694],[-93.955067,29.880486],[-93.957563,29.882278],[-93.959195,29.880582],[-93.956471,29.878914],[-93.956771,29.878514],[-93.955094,29.877132],[-93.956156,29.87584],[-93.955224,29.875224],[-93.956594,29.873752],[-93.957377,29.874282],[-93.95777,29.873781],[-93.957131,29.866971],[-93.95531,29.86576],[-93.951824,29.869496],[-93.950035,29.867982],[-93.955962,29.86129],[-93.96268,29.866078],[-93.963686,29.867063],[-93.965087,29.86785],[-93.985471,29.882291],[-93.988044,29.883692],[-93.968488,29.904587],[-93.944967,29.887824]]]}},{"type":"Feature","properties":{"PRECINCT":"75","VTD":"0075"},"geometry":{"type":"Polygon","coordinates":[[[-94.072543,30.046903],[-94.065932,30.041286],[-94.065854,30.039816],[-94.066734,30.037862],[-94.065087,30.036082],[-94.065519,30.035857],[-94.080998,30.03569],[-94.080827,30.037577],[-94.081195,30.038212],[-94.0813,30.046797],[-94.072543,30.046903]]]}},{"type":"Feature","properties":{"PRECINCT":"21","VTD":"0021"},"geometry":{"type":"Polygon","coordinates":[[[-94.048876,30.021264],[-94.037027,30.012401],[-94.042935,30.006653],[-94.035259,29.992508],[-94.048336,29.979445],[-94.055808,29.978406],[-94.056816,29.97991],[-94.057794,29.979528],[-94.061598,29.985621],[-94.070631,29.985401],[-94.070933,29.985093],[-94.070826,29.979833],[-94.072577,29.97879],[-94.073357,29.978],[-94.085459,29.978214],[-94.088101,29.990522],[-94.096921,29.99128],[-94.097964,29.989491],[-94.089319,29.989565],[-94.088973,29.971787],[-94.08784,29.956436],[-94.089221,29.955637],[-94.090573,29.955461],[-94.090977,29.95518],[-94.092082,29.953887],[-94.092068,29.952823],[-94.092541,29.95206],[-94.09388,29.950908],[-94.094997,29.950419],[-94.094833,29.949224],[-94.096121,29.947767],[-94.096243,29.94375],[-94.096697,29.942466],[-94.096186,29.938293],[-94.095318,29.936081],[-94.096305,29.935159],[-94.095978,29.933553],[-94.097446,29.930696],[-94.097679,29.931435],[-94.098586,29.931492],[-94.098712,29.932257],[-94.099015,29.932201],[-94.098939,29.931789],[-94.099179,29.931536],[-94.101396,29.931365],[-94.102179,29.931771],[-94.101889,29.932211],[-94.102028,29.932635],[-94.102375,29.932134],[-94.102855,29.932079],[-94.103449,29.933306],[-94.104371,29.933613],[-94.10708,29.932985],[-94.107958,29.932551],[-94.109169,29.929283],[-94.109755,29.929285],[-94.109973,29.928996],[-94.115624,29.929921],[-94.120275,29.928919],[-94.121212,29.928976],[-94.12174,29.929249],[-94.121934,29.929835],[-94.122025,29.932966],[-94.122895,29.934685],[-94.125002,29.935618],[-94.126342,29.935745],[-94.131318,29.936887],[-94.134486,29.93836],[-94.135568,29.93989],[-94.136086,29.941544],[-94.136176,29.943821],[-94.134948,29.945588],[-94.133591,29.946643],[-94.131973,29.948713],[-94.130641,29.951992],[-94.12961,29.95545],[-94.128724,29.954343],[-94.128233,29.954069],[-94.120252,29.954109],[-94.120803,29.952927],[-94.108178,29.952927],[-94.109149,29.995792],[-94.108918,29.996388],[-94.108359,29.996565],[-94.098373,29.996713],[-94.097583,29.996911],[-94.078871,30.013619],[-94.076415,30.009765],[-94.072663,30.011495],[-94.070611,30.007775],[-94.070143,30.007963],[-94.070242,30.008674],[-94.0699,30.009874],[-94.068643,30.011331],[-94.061697,30.01346],[-94.058018,30.016508],[-94.05683,30.01675],[-94.055766,30.017361],[-94.055492,30.017841],[-94.049787,30.02058],[-94.048876,30.021264]]]}},{"type":"Feature","properties":{"PRECINCT":"92","VTD":"0092"},"geometry":{"type":"Polygon","coordinates":[[[-94.168595,30.01722],[-94.183902,30.002111],[-94.155671,30.00213],[-94.15507,30.002317],[-94.153595,30.001949],[-94.15239,30.000358],[-94.149942,29.998751],[-94.147194,29.998376],[-94.146393,29.997529],[-94.144224,29.997082],[-94.139679,29.995074],[-94.138103,29.994233],[-94.132937,29.990521],[-94.1289,29.991022],[-94.12581,29.991025],[-94.125001,29.990455],[-94.123857,29.988033],[-94.1242,29.977291],[-94.123149,29.975216],[-94.122703,29.973773],[-94.122898,29.970437],[-94.124064,29.967068],[-94.12408,29.965452],[-94.124533,29.964393],[-94.125639,29.963003],[-94.125412,29.9615],[-94.125861,29.96041],[-94.126758,29.959393],[-94.127817,29.957368],[-94.129425,29.955936],[-94.130641,29.951992],[-94.131973,29.948713],[-94.133591,29.946643],[-94.134948,29.945588],[-94.136176,29.943821],[-94.136721,29.943683],[-94.140337,29.94505],[-94.142093,29.946849],[-94.14712,29.950561],[-94.14851,29.950314],[-94.149529,29.949569],[-94.150128,29.948252],[-94.155058,29.944592],[-94.156797,29.941763],[-94.159299,29.940134],[-94.159741,29.939243],[-94.161418,29.937795],[-94.163161,29.935717],[-94.180376,29.932159],[-94.181634,29.932193],[-94.183686,29.932721],[-94.185589,29.932749],[-94.187225,29.933462],[-94.188049,29.934198],[-94.189451,29.932669],[-94.189151,29.917366],[-94.216869,29.91709],[-94.217253,29.918749],[-94.219388,29.922049],[-94.222799,29.92405],[-94.224074,29.924446],[-94.224706,29.925067],[-94.226096,29.926563],[-94.226494,29.927498],[-94.22693,29.927729],[-94.229268,29.931034],[-94.231485,29.933063],[-94.232089,29.93499],[-94.233247,29.934681],[-94.236362,29.932192],[-94.2374,29.931761],[-94.240348,29.931942],[-94.243165,29.931473],[-94.243712,29.931973],[-94.245162,29.932154],[-94.246099,29.932572],[-94.229465,29.955802],[-94.225078,29.961078],[-94.222774,29.963683],[-94.203641,29.98264],[-94.216691,29.992056],[-94.216784,29.994571],[-94.216094,30.001848],[-94.222095,30.009302],[-94.222291,30.023651],[-94.189229,30.023807],[-94.168595,30.01722]]]}},{"type":"Feature","properties":{"PRECINCT":"72","VTD":"0072"},"geometry":{"type":"Polygon","coordinates":[[[-94.17256,30.137753],[-94.167374,30.133425],[-94.168075,30.133422],[-94.168523,30.133788],[-94.168715,30.13341],[-94.169041,30.133407],[-94.168904,30.121277],[-94.168355,30.120239],[-94.167274,30.119553],[-94.168493,30.117447],[-94.168728,30.115131],[-94.199782,30.114709],[-94.212341,30.114782],[-94.212558,30.115807],[-94.212716,30.132971],[-94.182729,30.13323],[-94.174935,30.140608],[-94.17256,30.137753]]]}},{"type":"Feature","properties":{"PRECINCT":"22","VTD":"0022"},"geometry":{"type":"Polygon","coordinates":[[[-94.189246,30.184228],[-94.18864,30.183395],[-94.188613,30.182842],[-94.189408,30.180586],[-94.189317,30.179873],[-94.188713,30.1792],[-94.186932,30.178948],[-94.185011,30.180092],[-94.183896,30.183432],[-94.182752,30.184281],[-94.181861,30.184198],[-94.180083,30.182669],[-94.178758,30.182713],[-94.178168,30.183196],[-94.177702,30.184647],[-94.178206,30.185654],[-94.18015,30.186713],[-94.180323,30.186958],[-94.180017,30.187483],[-94.178034,30.187887],[-94.17644,30.18794],[-94.174922,30.187642],[-94.173557,30.186754],[-94.172559,30.184945],[-94.172543,30.183595],[-94.172794,30.181239],[-94.173216,30.179919],[-94.173185,30.17895],[-94.172461,30.178403],[-94.165522,30.176232],[-94.165514,30.175557],[-94.165769,30.175156],[-94.16658,30.174699],[-94.168667,30.1743],[-94.169101,30.173932],[-94.169016,30.173448],[-94.167016,30.172774],[-94.166012,30.17216],[-94.164094,30.17164],[-94.163059,30.171753],[-94.162494,30.172138],[-94.161297,30.172337],[-94.158022,30.170558],[-94.156896,30.170302],[-94.154594,30.170362],[-94.154613,30.169949],[-94.154138,30.169987],[-94.153841,30.169525],[-94.154075,30.169498],[-94.153822,30.168871],[-94.154421,30.168669],[-94.154929,30.167837],[-94.15724,30.162312],[-94.171801,30.143594],[-94.182729,30.13323],[-94.212716,30.132971],[-94.212952,30.163839],[-94.21318,30.166555],[-94.213164,30.182137],[-94.212275,30.182077],[-94.212104,30.180391],[-94.211377,30.180279],[-94.211209,30.180476],[-94.211389,30.182305],[-94.211678,30.183033],[-94.210766,30.182869],[-94.210475,30.182004],[-94.210097,30.182382],[-94.209982,30.183637],[-94.209134,30.184768],[-94.208784,30.184646],[-94.20823,30.183528],[-94.207776,30.183835],[-94.207598,30.184396],[-94.208121,30.185217],[-94.208831,30.185686],[-94.209269,30.185729],[-94.209812,30.185391],[-94.210349,30.185683],[-94.210568,30.186216],[-94.210374,30.187127],[-94.209577,30.187724],[-94.203709,30.188819],[-94.202564,30.188638],[-94.200614,30.18747],[-94.200371,30.1872],[-94.200162,30.185168],[-94.199637,30.184468],[-94.199158,30.184457],[-94.196898,30.185118],[-94.195892,30.185736],[-94.195495,30.186476],[-94.196185,30.187126],[-94.196288,30.188022],[-94.196035,30.188473],[-94.195121,30.189106],[-94.194715,30.189059],[-94.193733,30.188363],[-94.193014,30.186674],[-94.192515,30.186162],[-94.189246,30.184228]]]}},{"type":"Feature","properties":{"PRECINCT":"66","VTD":"0066"},"geometry":{"type":"Polygon","coordinates":[[[-94.213163,30.182066],[-94.21318,30.166555],[-94.212952,30.163839],[-94.212558,30.115807],[-94.212006,30.113563],[-94.211967,30.104919],[-94.212471,30.104685],[-94.221925,30.103351],[-94.225327,30.104063],[-94.225399,30.114422],[-94.221223,30.114594],[-94.221238,30.120776],[-94.22872,30.120573],[-94.228799,30.122734],[-94.23336,30.119512],[-94.235074,30.114336],[-94.253129,30.114346],[-94.253527,30.124882],[-94.258157,30.124593],[-94.258458,30.125374],[-94.258665,30.127607],[-94.259006,30.128399],[-94.260727,30.12955],[-94.262138,30.12993],[-94.263454,30.130754],[-94.282563,30.130639],[-94.282105,30.131386],[-94.282465,30.132166],[-94.281781,30.132532],[-94.281168,30.132516],[-94.28042,30.131337],[-94.279894,30.131331],[-94.279341,30.131669],[-94.279192,30.132258],[-94.279966,30.133034],[-94.280047,30.133468],[-94.279448,30.134149],[-94.279523,30.134777],[-94.27863,30.135407],[-94.278378,30.137053],[-94.279364,30.137481],[-94.279257,30.138833],[-94.278916,30.13909],[-94.278139,30.139075],[-94.27767,30.139709],[-94.276955,30.139777],[-94.276518,30.140089],[-94.277574,30.141852],[-94.278708,30.141698],[-94.279068,30.141925],[-94.279231,30.14328],[-94.279035,30.143512],[-94.277411,30.143712],[-94.277323,30.145412],[-94.277895,30.145565],[-94.278113,30.145906],[-94.277267,30.145887],[-94.276521,30.146561],[-94.276447,30.146953],[-94.277248,30.147531],[-94.278294,30.149196],[-94.278877,30.148946],[-94.27907,30.149061],[-94.278807,30.150531],[-94.279657,30.150973],[-94.279933,30.15142],[-94.279593,30.152079],[-94.278769,30.152782],[-94.279343,30.153667],[-94.279325,30.154009],[-94.278493,30.155837],[-94.278816,30.15737],[-94.279216,30.157777],[-94.27923,30.158145],[-94.278134,30.158459],[-94.27939,30.160224],[-94.278687,30.160217],[-94.277936,30.160554],[-94.277734,30.161477],[-94.278314,30.162498],[-94.278818,30.162657],[-94.278892,30.162938],[-94.277901,30.163505],[-94.278134,30.164005],[-94.277431,30.164813],[-94.277924,30.165892],[-94.277505,30.166686],[-94.277597,30.167284],[-94.277782,30.167303],[-94.276825,30.167502],[-94.277121,30.168144],[-94.276006,30.168871],[-94.275963,30.169706],[-94.275451,30.170265],[-94.274175,30.170546],[-94.271837,30.169811],[-94.271593,30.169931],[-94.271185,30.170953],[-94.270886,30.171029],[-94.270514,30.170785],[-94.270091,30.169517],[-94.267839,30.168057],[-94.267556,30.168031],[-94.266319,30.169173],[-94.265775,30.169322],[-94.265303,30.168971],[-94.265801,30.168345],[-94.266427,30.168084],[-94.266312,30.167585],[-94.265776,30.167535],[-94.265034,30.168178],[-94.264469,30.168085],[-94.26391,30.168609],[-94.263585,30.168387],[-94.263919,30.167744],[-94.263263,30.167798],[-94.262382,30.168464],[-94.261047,30.16743],[-94.260553,30.167315],[-94.260214,30.167537],[-94.260252,30.168094],[-94.259908,30.16888],[-94.258513,30.169899],[-94.258537,30.171251],[-94.258185,30.171621],[-94.254827,30.172627],[-94.254424,30.172377],[-94.254306,30.17154],[-94.255021,30.171037],[-94.254958,30.170686],[-94.253596,30.170136],[-94.253094,30.170178],[-94.252636,30.170516],[-94.252211,30.170436],[-94.252522,30.169748],[-94.253983,30.169107],[-94.253899,30.168597],[-94.253401,30.168174],[-94.252723,30.168037],[-94.251843,30.16823],[-94.251543,30.167531],[-94.250996,30.167276],[-94.250086,30.168174],[-94.249547,30.16827],[-94.249753,30.166841],[-94.248449,30.166556],[-94.247749,30.167192],[-94.246766,30.167582],[-94.246553,30.16797],[-94.245707,30.167628],[-94.2456,30.168098],[-94.245953,30.168852],[-94.24488,30.169107],[-94.244076,30.168767],[-94.244019,30.167921],[-94.242787,30.167768],[-94.242258,30.167341],[-94.241803,30.166178],[-94.241271,30.165591],[-94.240334,30.165574],[-94.238043,30.166288],[-94.2379,30.16488],[-94.237167,30.164656],[-94.234932,30.165939],[-94.23486,30.166257],[-94.235465,30.16648],[-94.23558,30.166906],[-94.235062,30.168201],[-94.235494,30.168714],[-94.234923,30.16967],[-94.234149,30.169354],[-94.231392,30.168873],[-94.231038,30.168955],[-94.230773,30.169344],[-94.231194,30.169961],[-94.231259,30.170527],[-94.230482,30.170558],[-94.230106,30.170346],[-94.22978,30.170521],[-94.229852,30.17088],[-94.230228,30.171126],[-94.232048,30.171383],[-94.231271,30.172554],[-94.229362,30.172291],[-94.228437,30.172672],[-94.227529,30.172704],[-94.227191,30.173385],[-94.226466,30.173711],[-94.22655,30.173584],[-94.225595,30.173243],[-94.225228,30.172846],[-94.223969,30.173604],[-94.223449,30.173661],[-94.22358,30.172677],[-94.223159,30.172011],[-94.222739,30.171622],[-94.221406,30.171224],[-94.220926,30.170667],[-94.220196,30.171594],[-94.219416,30.173394],[-94.219142,30.173459],[-94.218503,30.173101],[-94.218076,30.173365],[-94.218562,30.174478],[-94.220537,30.176632],[-94.220445,30.177208],[-94.218818,30.177355],[-94.218732,30.176563],[-94.219306,30.176266],[-94.219395,30.175896],[-94.219318,30.175675],[-94.218724,30.175689],[-94.218184,30.17626],[-94.217423,30.178388],[-94.217569,30.178945],[-94.218635,30.178527],[-94.218708,30.179382],[-94.218481,30.180058],[-94.217828,30.180397],[-94.216036,30.180366],[-94.215718,30.180648],[-94.216159,30.181482],[-94.215829,30.181925],[-94.215494,30.181928],[-94.215195,30.181461],[-94.214454,30.18129],[-94.213881,30.181438],[-94.213606,30.181898],[-94.213163,30.182066]]]}},{"type":"Feature","properties":{"PRECINCT":"87","VTD":"0087"},"geometry":{"type":"Polygon","coordinates":[[[-94.148757,30.13788],[-94.138379,30.124016],[-94.141922,30.12078],[-94.145348,30.117093],[-94.153209,30.124664],[-94.155987,30.126131],[-94.155878,30.126683],[-94.156236,30.126894],[-94.156051,30.127846],[-94.155424,30.128643],[-94.152001,30.126846],[-94.152105,30.132957],[-94.149494,30.133028],[-94.149518,30.1364],[-94.148757,30.13788]]]}},{"type":"Feature","properties":{"PRECINCT":"23","VTD":"0023"},"geometry":{"type":"Polygon","coordinates":[[[-94.152105,30.132957],[-94.152001,30.126846],[-94.155424,30.128643],[-94.15615,30.127615],[-94.156236,30.126894],[-94.155927,30.126552],[-94.159526,30.128196],[-94.164061,30.130757],[-94.166714,30.13288],[-94.172495,30.13769],[-94.174935,30.140608],[-94.171801,30.143594],[-94.162275,30.155848],[-94.148757,30.13788],[-94.149518,30.1364],[-94.149494,30.133028],[-94.152105,30.132957]]]}},{"type":"Feature","properties":{"PRECINCT":"88","VTD":"0088"},"geometry":{"type":"Polygon","coordinates":[[[-94.168523,30.133788],[-94.168075,30.133422],[-94.167374,30.133425],[-94.164061,30.130757],[-94.160875,30.128853],[-94.155927,30.126552],[-94.156364,30.123423],[-94.156083,30.122932],[-94.155862,30.114954],[-94.168728,30.115131],[-94.168493,30.117447],[-94.167274,30.119553],[-94.168355,30.120239],[-94.168904,30.121277],[-94.169041,30.133407],[-94.168715,30.13341],[-94.168523,30.133788]]]}},{"type":"Feature","properties":{"PRECINCT":"24","VTD":"0024"},"geometry":{"type":"Polygon","coordinates":[[[-94.438959,30.11583],[-94.438065,30.11558],[-94.438039,30.115112],[-94.437154,30.114738],[-94.436641,30.114177],[-94.436192,30.11415],[-94.435743,30.114821],[-94.435028,30.11492],[-94.433877,30.114298],[-94.433466,30.114331],[-94.432915,30.11366],[-94.431707,30.113836],[-94.431062,30.113605],[-94.431517,30.112907],[-94.431169,30.112175],[-94.431985,30.112071],[-94.432472,30.111279],[-94.433655,30.111147],[-94.4337,30.11052],[-94.43122,30.108545],[-94.43029,30.108226],[-94.429777,30.108364],[-94.429373,30.10799],[-94.429316,30.107456],[-94.429841,30.106571],[-94.429373,30.106312],[-94.428304,30.106312],[-94.428266,30.105427],[-94.427386,30.105795],[-94.426994,30.105575],[-94.426608,30.105878],[-94.426052,30.105938],[-94.426343,30.106471],[-94.42609,30.106895],[-94.425786,30.106955],[-94.425349,30.106768],[-94.42473,30.106004],[-94.423528,30.105327],[-94.421782,30.104964],[-94.420631,30.105063],[-94.420782,30.104277],[-94.420511,30.104112],[-94.419517,30.104452],[-94.419176,30.103985],[-94.419657,30.103187],[-94.419613,30.102098],[-94.419163,30.101972],[-94.418208,30.102318],[-94.417917,30.102087],[-94.417721,30.101339],[-94.416772,30.101026],[-94.416792,30.10074],[-94.418443,30.100547],[-94.418316,30.100173],[-94.417791,30.100036],[-94.416127,30.10031],[-94.415583,30.100096],[-94.415116,30.099276],[-94.414287,30.099029],[-94.413167,30.099639],[-94.41249,30.099644],[-94.412643,30.098236],[-94.411966,30.098335],[-94.411263,30.099144],[-94.410498,30.098038],[-94.410056,30.098192],[-94.409796,30.099105],[-94.409208,30.099176],[-94.408512,30.099798],[-94.407721,30.09905],[-94.406291,30.098506],[-94.406192,30.099729],[-94.405697,30.099914],[-94.404491,30.080257],[-94.407945,30.052847],[-94.407916,30.014935],[-94.407608,29.983798],[-94.409121,29.983549],[-94.412406,29.984138],[-94.417499,29.982401],[-94.421865,29.982099],[-94.422686,29.981719],[-94.42551,29.981131],[-94.425889,29.980774],[-94.426647,29.980939],[-94.42697,29.981236],[-94.427595,29.980933],[-94.428897,29.981054],[-94.430129,29.980774],[-94.430893,29.980411],[-94.431184,29.979905],[-94.432043,29.979547],[-94.433938,29.980097],[-94.43457,29.98079],[-94.436788,29.982055],[-94.439264,29.982297],[-94.441084,29.981918],[-94.44181,29.981566],[-94.443806,29.981789],[-94.445106,30.112019],[-94.444568,30.113731],[-94.443714,30.113599],[-94.443259,30.113737],[-94.443164,30.112928],[-94.44286,30.112593],[-94.442525,30.112593],[-94.441968,30.112983],[-94.441766,30.113907],[-94.442095,30.114485],[-94.441127,30.114811],[-94.440575,30.115773],[-94.438959,30.11583]]]}},{"type":"Feature","properties":{"PRECINCT":"91","VTD":"0091"},"geometry":{"type":"Polygon","coordinates":[[[-94.278574,30.000716],[-94.278304,29.985094],[-94.297483,29.984842],[-94.297503,29.983192],[-94.302603,29.983124],[-94.302578,29.939704],[-94.304017,29.939712],[-94.304372,29.940095],[-94.304706,29.939716],[-94.321048,29.939806],[-94.316511,29.932528],[-94.315229,29.931091],[-94.313321,29.930084],[-94.305902,29.928229],[-94.292595,29.927544],[-94.290588,29.928062],[-94.284512,29.9311],[-94.283275,29.931433],[-94.268844,29.931644],[-94.322916,29.88757],[-94.329069,29.889325],[-94.335451,29.890006],[-94.340526,29.892332],[-94.342938,29.891435],[-94.346081,29.891093],[-94.352039,29.88998],[-94.355777,29.890617],[-94.356641,29.890485],[-94.35785,29.88988],[-94.357976,29.887464],[-94.391927,29.887443],[-94.442204,29.887053],[-94.443806,29.981789],[-94.44181,29.981566],[-94.441084,29.981918],[-94.439264,29.982297],[-94.436788,29.982055],[-94.43457,29.98079],[-94.433938,29.980097],[-94.432043,29.979547],[-94.431184,29.979905],[-94.430893,29.980411],[-94.430129,29.980774],[-94.428897,29.981054],[-94.427595,29.980933],[-94.42697,29.981236],[-94.426647,29.980939],[-94.425889,29.980774],[-94.42551,29.981131],[-94.422686,29.981719],[-94.421865,29.982099],[-94.417499,29.982401],[-94.412406,29.984138],[-94.408723,29.983533],[-94.40744,29.983824],[-94.406145,29.983752],[-94.403934,29.98456],[-94.402386,29.984472],[-94.40116,29.984054],[-94.399865,29.984845],[-94.397748,29.985043],[-94.394873,29.985653],[-94.392946,29.985647],[-94.391455,29.986328],[-94.389388,29.986514],[-94.385698,29.986486],[-94.384246,29.985814],[-94.380738,29.987523],[-94.379342,29.987908],[-94.375816,29.987257],[-94.373007,29.987233],[-94.369864,29.985544],[-94.369914,29.986215],[-94.370764,29.986582],[-94.370914,29.986976],[-94.370956,30.000745],[-94.305554,30.001335],[-94.303603,30.001201],[-94.300412,30.00033],[-94.29905,30.000232],[-94.295848,30.00058],[-94.278574,30.000716]]]}},{"type":"Feature","properties":{"PRECINCT":"25","VTD":"0025"},"geometry":{"type":"Polygon","coordinates":[[[-94.259006,30.128399],[-94.258665,30.127607],[-94.258458,30.125374],[-94.258157,30.124593],[-94.253527,30.124882],[-94.252985,30.110627],[-94.243447,30.110759],[-94.242693,30.109003],[-94.243995,30.106555],[-94.242938,30.105818],[-94.241551,30.104289],[-94.239894,30.105291],[-94.238527,30.105457],[-94.238515,30.104901],[-94.243999,30.101216],[-94.244873,30.099918],[-94.25885,30.09167],[-94.263037,30.086978],[-94.263718,30.085925],[-94.263981,30.084515],[-94.260523,30.08358],[-94.260884,30.082994],[-94.262176,30.082823],[-94.263329,30.081195],[-94.263035,30.057663],[-94.255231,30.058718],[-94.255189,30.058419],[-94.25735,30.058129],[-94.257214,30.057836],[-94.25628,30.057289],[-94.25614,30.056943],[-94.255915,30.023823],[-94.255849,30.023587],[-94.255418,30.023465],[-94.255522,30.019441],[-94.255268,30.018026],[-94.256414,30.018479],[-94.256786,30.018336],[-94.257301,30.017425],[-94.257357,30.016486],[-94.256172,30.015838],[-94.251777,30.01503],[-94.25196,30.013984],[-94.252825,30.013778],[-94.253087,30.011158],[-94.285643,30.012174],[-94.289307,30.010869],[-94.292059,30.008683],[-94.296573,30.004377],[-94.299451,30.004305],[-94.299765,30.000264],[-94.303603,30.001201],[-94.305554,30.001335],[-94.370956,30.000745],[-94.370914,29.986976],[-94.370764,29.986582],[-94.369914,29.986215],[-94.369864,29.985544],[-94.373007,29.987233],[-94.375816,29.987257],[-94.379342,29.987908],[-94.380738,29.987523],[-94.384246,29.985814],[-94.385787,29.986497],[-94.387821,29.986596],[-94.39112,29.986372],[-94.392946,29.985647],[-94.394873,29.985653],[-94.397748,29.985043],[-94.399865,29.984845],[-94.40116,29.984054],[-94.402386,29.984472],[-94.403934,29.98456],[-94.406145,29.983752],[-94.407608,29.983798],[-94.407916,30.014935],[-94.407945,30.052847],[-94.404491,30.080257],[-94.405697,30.099914],[-94.405169,30.099742],[-94.404136,30.098672],[-94.403559,30.098757],[-94.402775,30.098515],[-94.401555,30.097222],[-94.399979,30.097524],[-94.399315,30.09737],[-94.398841,30.098448],[-94.397936,30.098976],[-94.398049,30.10001],[-94.396246,30.101538],[-94.395265,30.102699],[-94.394316,30.102352],[-94.393374,30.102726],[-94.392716,30.102148],[-94.392166,30.10223],[-94.392134,30.10294],[-94.393044,30.104029],[-94.392007,30.10465],[-94.392069,30.105772],[-94.391873,30.105948],[-94.391241,30.105833],[-94.390324,30.104875],[-94.389103,30.104787],[-94.388756,30.103857],[-94.388484,30.103841],[-94.388053,30.104],[-94.386718,30.105303],[-94.386857,30.1056],[-94.387787,30.105875],[-94.387426,30.106442],[-94.387097,30.106497],[-94.385914,30.10599],[-94.384662,30.105984],[-94.383966,30.106281],[-94.383232,30.105643],[-94.382948,30.105637],[-94.382296,30.106071],[-94.382491,30.106852],[-94.382308,30.107067],[-94.380726,30.107022],[-94.380891,30.107473],[-94.38139,30.107694],[-94.381415,30.108315],[-94.379423,30.108512],[-94.37762,30.107857],[-94.376684,30.108181],[-94.375892,30.10922],[-94.374086,30.108228],[-94.373522,30.107442],[-94.372548,30.107272],[-94.372567,30.107052],[-94.373414,30.106677],[-94.373471,30.106309],[-94.373205,30.105979],[-94.370479,30.106849],[-94.370175,30.106607],[-94.370276,30.105942],[-94.369688,30.105617],[-94.368733,30.105794],[-94.368119,30.105316],[-94.366632,30.104986],[-94.36636,30.104271],[-94.366859,30.102968],[-94.366384,30.102583],[-94.365726,30.10271],[-94.3652,30.101654],[-94.364612,30.101357],[-94.364062,30.101583],[-94.363873,30.102633],[-94.363455,30.103052],[-94.362513,30.102684],[-94.360969,30.102954],[-94.360932,30.104158],[-94.35956,30.105858],[-94.358776,30.105837],[-94.358371,30.105452],[-94.359395,30.10428],[-94.359274,30.103669],[-94.358566,30.103752],[-94.357472,30.104528],[-94.356257,30.10394],[-94.355017,30.104221],[-94.354714,30.104843],[-94.355353,30.105711],[-94.355309,30.106206],[-94.353127,30.107225],[-94.352109,30.107121],[-94.351888,30.107885],[-94.351103,30.108479],[-94.350655,30.109173],[-94.3503,30.108958],[-94.350154,30.10815],[-94.349363,30.107435],[-94.349129,30.106467],[-94.349685,30.105543],[-94.349603,30.104674],[-94.35076,30.104272],[-94.350753,30.103804],[-94.349058,30.1037],[-94.348401,30.104845],[-94.346933,30.104675],[-94.346661,30.105049],[-94.346714,30.105523],[-94.346269,30.105879],[-94.344308,30.104934],[-94.344352,30.104373],[-94.345155,30.103614],[-94.344756,30.103124],[-94.34352,30.103394],[-94.342126,30.103124],[-94.341024,30.103626],[-94.341278,30.104561],[-94.341158,30.105353],[-94.34248,30.105809],[-94.342759,30.106183],[-94.342664,30.106634],[-94.342284,30.106777],[-94.340251,30.10655],[-94.339845,30.106273],[-94.339741,30.104907],[-94.338943,30.104308],[-94.338399,30.104374],[-94.338159,30.104754],[-94.338253,30.105531],[-94.337787,30.107279],[-94.337084,30.107141],[-94.336148,30.106124],[-94.335724,30.106212],[-94.335477,30.10663],[-94.336085,30.108593],[-94.337079,30.109105],[-94.337313,30.109523],[-94.334257,30.109512],[-94.333922,30.109265],[-94.33396,30.108269],[-94.333618,30.108154],[-94.333175,30.108352],[-94.332834,30.108891],[-94.332821,30.110019],[-94.331746,30.110404],[-94.332683,30.112059],[-94.332404,30.112257],[-94.330532,30.112159],[-94.330209,30.112368],[-94.330367,30.112758],[-94.331209,30.113231],[-94.331684,30.113841],[-94.330406,30.11481],[-94.328223,30.114607],[-94.327983,30.114095],[-94.328052,30.113138],[-94.326249,30.112638],[-94.326084,30.112115],[-94.326565,30.111703],[-94.325755,30.111301],[-94.324673,30.11227],[-94.323636,30.112765],[-94.323339,30.114063],[-94.323117,30.114228],[-94.3222,30.114195],[-94.321333,30.113293],[-94.320973,30.113288],[-94.320416,30.113733],[-94.319707,30.113409],[-94.319151,30.113535],[-94.318765,30.114476],[-94.317854,30.114393],[-94.317133,30.115306],[-94.317101,30.11579],[-94.317911,30.116159],[-94.318202,30.116577],[-94.315893,30.117694],[-94.315083,30.117666],[-94.313792,30.117061],[-94.313514,30.11628],[-94.31266,30.116104],[-94.311869,30.116225],[-94.311034,30.115257],[-94.310306,30.115147],[-94.309193,30.115202],[-94.308902,30.115444],[-94.309142,30.116973],[-94.308794,30.117292],[-94.306143,30.116627],[-94.305359,30.117001],[-94.304385,30.116209],[-94.303613,30.116093],[-94.303347,30.1149],[-94.302942,30.114894],[-94.302075,30.115538],[-94.301607,30.115428],[-94.301348,30.114262],[-94.300956,30.114019],[-94.298311,30.115405],[-94.299032,30.11612],[-94.29883,30.116505],[-94.297159,30.116615],[-94.295559,30.117524],[-94.293787,30.117242],[-94.292863,30.117467],[-94.292256,30.118298],[-94.291015,30.121367],[-94.291041,30.121818],[-94.291654,30.122412],[-94.291414,30.123974],[-94.291021,30.123974],[-94.289631,30.123015],[-94.289173,30.123183],[-94.288945,30.123578],[-94.289039,30.125545],[-94.288779,30.126739],[-94.287782,30.127828],[-94.287549,30.128856],[-94.286837,30.129176],[-94.284642,30.129253],[-94.28378,30.129649],[-94.282703,30.129709],[-94.282468,30.130676],[-94.263454,30.130754],[-94.262138,30.12993],[-94.260727,30.12955],[-94.259006,30.128399]]]}},{"type":"Feature","properties":{"PRECINCT":"78","VTD":"0078"},"geometry":{"type":"Polygon","coordinates":[[[-94.185045,30.075762],[-94.178759,30.073932],[-94.17917,30.073625],[-94.179374,30.073096],[-94.181452,30.074284],[-94.184271,30.074941],[-94.195379,30.075107],[-94.195365,30.074895],[-94.194857,30.074883],[-94.194835,30.07194],[-94.194524,30.07082],[-94.194511,30.067553],[-94.194976,30.067489],[-94.194821,30.066893],[-94.208957,30.064981],[-94.209152,30.065323],[-94.209392,30.065298],[-94.211638,30.0751],[-94.211629,30.076476],[-94.189785,30.076622],[-94.189817,30.078413],[-94.185064,30.078446],[-94.185045,30.075762]]]}},{"type":"Feature","properties":{"PRECINCT":"27","VTD":"0027"},"geometry":{"type":"Polygon","coordinates":[[[-94.165701,30.076143],[-94.164918,30.071115],[-94.163834,30.067762],[-94.18998,30.06744],[-94.194821,30.066893],[-94.194976,30.067489],[-94.194511,30.067553],[-94.194524,30.07082],[-94.194835,30.07194],[-94.194857,30.074883],[-94.195365,30.074895],[-94.195379,30.075107],[-94.184749,30.074993],[-94.181452,30.074284],[-94.179374,30.073096],[-94.17917,30.073625],[-94.178759,30.073932],[-94.176238,30.073685],[-94.174318,30.07306],[-94.171248,30.074782],[-94.169637,30.076769],[-94.165788,30.077979],[-94.165701,30.076143]]]}},{"type":"Feature","properties":{"PRECINCT":"30","VTD":"0030"},"geometry":{"type":"Polygon","coordinates":[[[-94.228915,29.916997],[-94.189151,29.917366],[-94.189058,29.912432],[-94.187029,29.912012],[-94.184433,29.912834],[-94.183906,29.911562],[-94.183274,29.911287],[-94.182837,29.90956],[-94.19371,29.904097],[-94.188901,29.903824],[-94.18891,29.883485],[-94.196232,29.882321],[-94.195894,29.880546],[-94.194394,29.878229],[-94.193006,29.871999],[-94.191378,29.869392],[-94.188115,29.86603],[-94.187456,29.863349],[-94.189679,29.861229],[-94.190878,29.860519],[-94.191256,29.85992],[-94.191386,29.858883],[-94.19032,29.855717],[-94.191043,29.855368],[-94.190226,29.852722],[-94.19038,29.851994],[-94.191158,29.851457],[-94.193839,29.85147],[-94.194794,29.85108],[-94.195859,29.850146],[-94.196057,29.848127],[-94.201521,29.845525],[-94.203137,29.84518],[-94.204855,29.845461],[-94.207618,29.846545],[-94.209664,29.846488],[-94.213854,29.847396],[-94.215846,29.848192],[-94.216763,29.848958],[-94.217482,29.849213],[-94.218283,29.849031],[-94.219626,29.849151],[-94.22155,29.848128],[-94.223346,29.848052],[-94.225168,29.846795],[-94.226232,29.846461],[-94.22779,29.845561],[-94.230044,29.845561],[-94.23285,29.84645],[-94.234231,29.846637],[-94.235094,29.845727],[-94.235472,29.844279],[-94.235825,29.843807],[-94.236668,29.843677],[-94.23905,29.844266],[-94.240039,29.844143],[-94.24068,29.843933],[-94.241568,29.842697],[-94.242477,29.842444],[-94.242224,29.84395],[-94.242761,29.84461],[-94.243183,29.844565],[-94.243764,29.844098],[-94.244704,29.844664],[-94.244692,29.84523],[-94.245311,29.846319],[-94.245261,29.847766],[-94.24482,29.848553],[-94.2452,29.850263],[-94.246671,29.851637],[-94.24804,29.851983],[-94.249553,29.852832],[-94.253966,29.857332],[-94.25498,29.859461],[-94.255729,29.859638],[-94.256215,29.860344],[-94.257502,29.860182],[-94.258003,29.860437],[-94.259569,29.860549],[-94.264749,29.861806],[-94.267334,29.862029],[-94.268203,29.863367],[-94.270159,29.863406],[-94.271848,29.86406],[-94.276818,29.867289],[-94.279565,29.868199],[-94.282001,29.869525],[-94.285169,29.869812],[-94.288583,29.868767],[-94.291221,29.868597],[-94.292292,29.868852],[-94.291089,29.869741],[-94.289728,29.871268],[-94.286304,29.876155],[-94.288873,29.877363],[-94.289072,29.882673],[-94.296623,29.890013],[-94.297397,29.893923],[-94.300088,29.89682],[-94.300298,29.899493],[-94.301311,29.90124],[-94.306861,29.900661],[-94.268844,29.931644],[-94.265851,29.931485],[-94.262843,29.930835],[-94.252672,29.926806],[-94.245909,29.923857],[-94.237733,29.91879],[-94.236301,29.91814],[-94.234455,29.917667],[-94.228915,29.916997]]]}},{"type":"Feature","properties":{"PRECINCT":"29","VTD":"0029"},"geometry":{"type":"Polygon","coordinates":[[[-94.296623,29.890013],[-94.289072,29.882673],[-94.288873,29.877363],[-94.286304,29.876155],[-94.289728,29.871268],[-94.291089,29.869741],[-94.292292,29.868852],[-94.291221,29.868597],[-94.288583,29.868767],[-94.285169,29.869812],[-94.282001,29.869525],[-94.279565,29.868199],[-94.276818,29.867289],[-94.271848,29.86406],[-94.270159,29.863406],[-94.268203,29.863367],[-94.267334,29.862029],[-94.264749,29.861806],[-94.259569,29.860549],[-94.258003,29.860437],[-94.257502,29.860182],[-94.256215,29.860344],[-94.255729,29.859638],[-94.25498,29.859461],[-94.253966,29.857332],[-94.249553,29.852832],[-94.24804,29.851983],[-94.246671,29.851637],[-94.2452,29.850263],[-94.24482,29.848553],[-94.245261,29.847766],[-94.245311,29.846319],[-94.244692,29.84523],[-94.244704,29.844664],[-94.243764,29.844098],[-94.243183,29.844565],[-94.242761,29.84461],[-94.242224,29.84395],[-94.242477,29.842444],[-94.241568,29.842697],[-94.24068,29.843933],[-94.240039,29.844143],[-94.23905,29.844266],[-94.236668,29.843677],[-94.235825,29.843807],[-94.235472,29.844279],[-94.235094,29.845727],[-94.234231,29.846637],[-94.23285,29.84645],[-94.230044,29.845561],[-94.22779,29.845561],[-94.226232,29.846461],[-94.225168,29.846795],[-94.223346,29.848052],[-94.22155,29.848128],[-94.219921,29.849098],[-94.218283,29.849031],[-94.217482,29.849213],[-94.216763,29.848958],[-94.215846,29.848192],[-94.213854,29.847396],[-94.209664,29.846488],[-94.207618,29.846545],[-94.206343,29.846042],[-94.205753,29.845675],[-94.205723,29.84523],[-94.206266,29.844462],[-94.206459,29.842988],[-94.205391,29.843029],[-94.204856,29.842338],[-94.203538,29.841692],[-94.20305,29.841084],[-94.202041,29.840852],[-94.201879,29.840105],[-94.201184,29.839769],[-94.199778,29.838296],[-94.198611,29.838027],[-94.1967,29.838324],[-94.196452,29.822102],[-94.195587,29.821948],[-94.195448,29.82158],[-94.195384,29.80483],[-94.194992,29.79532],[-94.194946,29.775748],[-94.194621,29.773512],[-94.194294,29.765913],[-94.19411,29.750362],[-94.190387,29.750406],[-94.18888,29.751308],[-94.188272,29.75144],[-94.18598,29.751341],[-94.183706,29.750771],[-94.183882,29.740585],[-94.170356,29.740593],[-94.170198,29.73177],[-94.170358,29.731455],[-94.171234,29.731697],[-94.171682,29.730971],[-94.17131,29.730135],[-94.170541,29.729513],[-94.17032,29.728952],[-94.169705,29.688256],[-94.181907,29.686297],[-94.186028,29.685896],[-94.189474,29.685126],[-94.191392,29.684355],[-94.240995,29.662302],[-94.342322,29.616411],[-94.353947,29.611446],[-94.355463,29.729261],[-94.357852,29.87529],[-94.35785,29.88988],[-94.355997,29.890617],[-94.352039,29.88998],[-94.346081,29.891093],[-94.342938,29.891435],[-94.340526,29.892332],[-94.335451,29.890006],[-94.329069,29.889325],[-94.322916,29.88757],[-94.306861,29.900661],[-94.301311,29.90124],[-94.300298,29.899493],[-94.300088,29.89682],[-94.297397,29.893923],[-94.296623,29.890013]]]}},{"type":"Feature","properties":{"PRECINCT":"101","VTD":"0101"},"geometry":{"type":"Polygon","coordinates":[[[-94.047275,29.880615],[-94.043774,29.879615],[-94.033663,29.881172],[-94.033659,29.880812],[-94.034258,29.88075],[-94.035035,29.880013],[-94.034114,29.878962],[-94.034373,29.87779],[-94.033569,29.87726],[-94.033577,29.876223],[-94.03325,29.876052],[-94.033307,29.875777],[-94.035273,29.873589],[-94.035677,29.872065],[-94.035116,29.870976],[-94.03379,29.870618],[-94.033386,29.870283],[-94.034529,29.869348],[-94.035356,29.869045],[-94.035773,29.86833],[-94.034214,29.867681],[-94.034687,29.866498],[-94.034246,29.865579],[-94.033381,29.86476],[-94.033249,29.863857],[-94.035155,29.862043],[-94.035358,29.86141],[-94.034411,29.860508],[-94.034279,29.858912],[-94.033251,29.857196],[-94.033119,29.854792],[-94.031781,29.853422],[-94.032728,29.851535],[-94.037859,29.8496],[-94.039885,29.849985],[-94.041488,29.84965],[-94.041208,29.824407],[-94.041107,29.82406],[-94.040289,29.823471],[-94.044779,29.819285],[-94.04355,29.819159],[-94.042023,29.820397],[-94.04232,29.819665],[-94.040245,29.818012],[-94.041022,29.817884],[-94.041269,29.818037],[-94.041609,29.817804],[-94.041616,29.817522],[-94.041192,29.817252],[-94.04021,29.817277],[-94.040082,29.816737],[-94.041065,29.816688],[-94.042414,29.816155],[-94.043613,29.816986],[-94.043342,29.817107],[-94.043651,29.817217],[-94.043411,29.817921],[-94.043909,29.818191],[-94.043853,29.818796],[-94.04408,29.818219],[-94.043499,29.817932],[-94.043783,29.81747],[-94.044269,29.81741],[-94.044231,29.817151],[-94.044458,29.817102],[-94.044149,29.816645],[-94.044307,29.816376],[-94.043998,29.81648],[-94.043878,29.815908],[-94.04343,29.815562],[-94.043115,29.815534],[-94.042831,29.815831],[-94.042522,29.815396],[-94.0415,29.81566],[-94.04227,29.814874],[-94.043222,29.814824],[-94.044005,29.814192],[-94.043816,29.813961],[-94.042503,29.813878],[-94.04169,29.814692],[-94.041462,29.814522],[-94.041696,29.813823],[-94.041393,29.813768],[-94.041621,29.813212],[-94.040454,29.813322],[-94.040359,29.813086],[-94.040863,29.812888],[-94.040895,29.812596],[-94.042617,29.811766],[-94.041608,29.811139],[-94.040908,29.811329],[-94.040883,29.810665],[-94.041318,29.810754],[-94.041312,29.810363],[-94.040353,29.810489],[-94.040385,29.80989],[-94.039609,29.808839],[-94.039792,29.808663],[-94.040038,29.808998],[-94.040688,29.809021],[-94.041129,29.808713],[-94.041237,29.808416],[-94.040568,29.808168],[-94.040984,29.807761],[-94.04085,29.807296],[-94.039931,29.806505],[-94.038747,29.806333],[-94.03789,29.805712],[-94.03758,29.804976],[-94.038193,29.80479],[-94.038845,29.805504],[-94.040201,29.804408],[-94.041015,29.80441],[-94.041497,29.803879],[-94.041304,29.803721],[-94.041839,29.802014],[-94.042634,29.802487],[-94.043857,29.802618],[-94.043851,29.801975],[-94.044355,29.80145],[-94.044268,29.800885],[-94.045268,29.800737],[-94.045888,29.801164],[-94.047225,29.799611],[-94.049499,29.79839],[-94.049835,29.798408],[-94.051052,29.796894],[-94.052665,29.795814],[-94.053276,29.795705],[-94.054065,29.794168],[-94.053869,29.792754],[-94.0557,29.792344],[-94.057367,29.791543],[-94.056164,29.791442],[-94.05586,29.791005],[-94.054937,29.790674],[-94.054624,29.790744],[-94.054719,29.791059],[-94.055487,29.791875],[-94.053722,29.792232],[-94.050426,29.78997],[-94.049804,29.789288],[-94.049337,29.789144],[-94.050342,29.788276],[-94.051319,29.787966],[-94.0522,29.787354],[-94.052495,29.786909],[-94.052152,29.786017],[-94.053164,29.785663],[-94.053054,29.785206],[-94.058541,29.782394],[-94.061162,29.775943],[-94.051635,29.766847],[-94.049709,29.765281],[-94.068163,29.75218],[-94.076441,29.747061],[-94.080038,29.743965],[-94.08534,29.740203],[-94.105399,29.727073],[-94.110402,29.723347],[-94.120244,29.716651],[-94.135811,29.705037],[-94.151903,29.693914],[-94.156489,29.691707],[-94.158283,29.690293],[-94.161412,29.689497],[-94.169705,29.688256],[-94.17032,29.728952],[-94.170541,29.729513],[-94.17131,29.730135],[-94.171682,29.730971],[-94.171234,29.731697],[-94.170358,29.731455],[-94.170198,29.73177],[-94.170356,29.740593],[-94.183882,29.740585],[-94.183706,29.750771],[-94.18598,29.751341],[-94.188272,29.75144],[-94.18888,29.751308],[-94.190387,29.750406],[-94.19411,29.750362],[-94.194294,29.765913],[-94.194621,29.773512],[-94.194946,29.775748],[-94.194992,29.79532],[-94.195384,29.80483],[-94.195448,29.82158],[-94.195587,29.821948],[-94.196452,29.822102],[-94.196566,29.834987],[-94.085063,29.859449],[-94.082505,29.860409],[-94.079773,29.861953],[-94.050867,29.882154],[-94.047275,29.880615]]]}},{"type":"Feature","properties":{"PRECINCT":"32","VTD":"0032"},"geometry":{"type":"Polygon","coordinates":[[[-93.986621,29.883031],[-93.965087,29.86785],[-93.963686,29.867063],[-93.96268,29.866078],[-93.955962,29.86129],[-93.944818,29.853738],[-93.949433,29.848501],[-93.952264,29.842806],[-93.953435,29.835091],[-93.954645,29.830797],[-93.955845,29.829018],[-93.959752,29.824574],[-93.960055,29.821017],[-93.959276,29.817417],[-93.9572,29.811566],[-93.955773,29.808415],[-93.95455,29.806376],[-93.952334,29.803466],[-93.948816,29.792013],[-93.945507,29.783625],[-93.94421,29.781113],[-93.941621,29.777986],[-93.938775,29.775028],[-93.935478,29.772403],[-93.931989,29.770563],[-93.922654,29.766963],[-93.892817,29.756872],[-93.893829,29.753033],[-93.892805,29.747129],[-93.892485,29.746121],[-93.891397,29.744314],[-93.888821,29.742234],[-93.887557,29.74209],[-93.886021,29.741402],[-93.873941,29.73777],[-93.871908,29.736922],[-93.87002,29.735482],[-93.868836,29.733802],[-93.868228,29.732154],[-93.863204,29.724059],[-93.8445,29.699644],[-93.837412,29.689885],[-93.83554,29.685661],[-93.834196,29.681069],[-93.831572,29.669902],[-93.831076,29.666879],[-93.828708,29.659535],[-93.814351,29.596576],[-93.825794,29.595828],[-93.836491,29.596845],[-93.848588,29.60026],[-93.857983,29.605087],[-93.866531,29.611834],[-93.875006,29.621426],[-93.906043,29.625001],[-94.033565,29.625002],[-94.12518,29.595559],[-94.250184,29.546764],[-94.250184,29.5476],[-94.35488,29.506328],[-94.354192,29.56107],[-94.353383,29.574844],[-94.353947,29.611446],[-94.342322,29.616411],[-94.240995,29.662302],[-94.191392,29.684355],[-94.189474,29.685126],[-94.186028,29.685896],[-94.181907,29.686297],[-94.167984,29.68843],[-94.161412,29.689497],[-94.158283,29.690293],[-94.156489,29.691707],[-94.151903,29.693914],[-94.140976,29.701444],[-94.130443,29.708884],[-94.120244,29.716651],[-94.110402,29.723347],[-94.105399,29.727073],[-94.08534,29.740203],[-94.080038,29.743965],[-94.076441,29.747061],[-94.068163,29.75218],[-94.049709,29.765281],[-94.051635,29.766847],[-94.061162,29.775943],[-94.058541,29.782394],[-94.053054,29.785206],[-94.053164,29.785663],[-94.052152,29.786017],[-94.052495,29.786909],[-94.0522,29.787354],[-94.051319,29.787966],[-94.050342,29.788276],[-94.049337,29.789144],[-94.049804,29.789288],[-94.050426,29.78997],[-94.053722,29.792232],[-94.055487,29.791875],[-94.054719,29.791059],[-94.054624,29.790744],[-94.054937,29.790674],[-94.05586,29.791005],[-94.056164,29.791442],[-94.057367,29.791543],[-94.0557,29.792344],[-94.053869,29.792754],[-94.054065,29.794168],[-94.053276,29.795705],[-94.052665,29.795814],[-94.051052,29.796894],[-94.049835,29.798408],[-94.049499,29.79839],[-94.047225,29.799611],[-94.045888,29.801164],[-94.045268,29.800737],[-94.044268,29.800885],[-94.044355,29.80145],[-94.043851,29.801975],[-94.043857,29.802618],[-94.042634,29.802487],[-94.041839,29.802014],[-94.041304,29.803721],[-94.041497,29.803879],[-94.041015,29.80441],[-94.040201,29.804408],[-94.038845,29.805504],[-94.038193,29.80479],[-94.03758,29.804976],[-94.03789,29.805712],[-94.038747,29.806333],[-94.039931,29.806505],[-94.04085,29.807296],[-94.040984,29.807761],[-94.040568,29.808168],[-94.041237,29.808416],[-94.041129,29.808713],[-94.040688,29.809021],[-94.040038,29.808998],[-94.039792,29.808663],[-94.039609,29.808839],[-94.040385,29.80989],[-94.040353,29.810489],[-94.041312,29.810363],[-94.041318,29.810754],[-94.040883,29.810665],[-94.040908,29.811329],[-94.041608,29.811139],[-94.042617,29.811766],[-94.040895,29.812596],[-94.040863,29.812888],[-94.040359,29.813086],[-94.040454,29.813322],[-94.041621,29.813212],[-94.041393,29.813768],[-94.041696,29.813823],[-94.041462,29.814522],[-94.04169,29.814692],[-94.042503,29.813878],[-94.043816,29.813961],[-94.044005,29.814192],[-94.043222,29.814824],[-94.04227,29.814874],[-94.0415,29.81566],[-94.042522,29.815396],[-94.042831,29.815831],[-94.043115,29.815534],[-94.04343,29.815562],[-94.043878,29.815908],[-94.043998,29.81648],[-94.044307,29.816376],[-94.044149,29.816645],[-94.044458,29.817102],[-94.044231,29.817151],[-94.044269,29.81741],[-94.043783,29.81747],[-94.043499,29.817932],[-94.04408,29.818219],[-94.043853,29.818796],[-94.043909,29.818191],[-94.043411,29.817921],[-94.043651,29.817217],[-94.043342,29.817107],[-94.043613,29.816986],[-94.042414,29.816155],[-94.041065,29.816688],[-94.040082,29.816737],[-94.04021,29.817277],[-94.041192,29.817252],[-94.041616,29.817522],[-94.041609,29.817804],[-94.041269,29.818037],[-94.041022,29.817884],[-94.040245,29.818012],[-94.04232,29.819665],[-94.042023,29.820397],[-94.04355,29.819159],[-94.044779,29.819285],[-94.040289,29.823471],[-94.041107,29.82406],[-94.041208,29.824407],[-94.041488,29.84965],[-94.039885,29.849985],[-94.037859,29.8496],[-94.032728,29.851535],[-94.031781,29.853422],[-94.033119,29.854792],[-94.033251,29.857196],[-94.034279,29.858912],[-94.034411,29.860508],[-94.035358,29.86141],[-94.035155,29.862043],[-94.033249,29.863857],[-94.033381,29.86476],[-94.034246,29.865579],[-94.034687,29.866498],[-94.034214,29.867681],[-94.035773,29.86833],[-94.035356,29.869045],[-94.034529,29.869348],[-94.033386,29.870283],[-94.03379,29.870618],[-94.034945,29.870866],[-94.035614,29.871653],[-94.035475,29.873242],[-94.034957,29.874073],[-94.033559,29.875315],[-94.03325,29.876052],[-94.033577,29.876223],[-94.033569,29.87726],[-94.034373,29.87779],[-94.034114,29.878962],[-94.035029,29.880073],[-94.034258,29.88075],[-94.033659,29.880812],[-94.033674,29.882115],[-94.032263,29.881421],[-94.02894,29.882434],[-94.027021,29.884244],[-94.024302,29.883555],[-94.01996,29.883375],[-94.019552,29.883266],[-94.018155,29.881858],[-94.016555,29.879742],[-94.014824,29.87834],[-94.013341,29.876393],[-94.011855,29.878714],[-94.009871,29.879819],[-94.008385,29.880061],[-94.002656,29.880266],[-93.999675,29.879862],[-93.997721,29.88142],[-93.999506,29.883443],[-93.999382,29.884285],[-93.99962,29.885228],[-93.988533,29.883833],[-93.986621,29.883031]]]}},{"type":"Feature","properties":{"PRECINCT":"58","VTD":"0058"},"geometry":{"type":"Polygon","coordinates":[[[-93.890789,29.760873],[-93.892817,29.756872],[-93.898906,29.758832],[-93.922654,29.766963],[-93.931989,29.770563],[-93.935478,29.772403],[-93.938775,29.775028],[-93.941621,29.777986],[-93.94421,29.781113],[-93.945507,29.783625],[-93.948816,29.792013],[-93.952334,29.803466],[-93.95455,29.806376],[-93.955773,29.808415],[-93.9572,29.811566],[-93.959276,29.817417],[-93.960055,29.821017],[-93.959752,29.824574],[-93.955845,29.829018],[-93.954645,29.830797],[-93.953435,29.835091],[-93.952264,29.842806],[-93.949433,29.848501],[-93.944818,29.853738],[-93.931989,29.844022],[-93.911268,29.829116],[-93.91636,29.824968],[-93.922744,29.818808],[-93.92572,29.814744],[-93.927992,29.80964],[-93.929208,29.802952],[-93.928808,29.79708],[-93.926504,29.78956],[-93.922407,29.785048],[-93.89847,29.771577],[-93.893863,29.767294],[-93.892246,29.765241],[-93.890821,29.761673],[-93.890789,29.760873]]]}},{"type":"Feature","properties":{"PRECINCT":"11","VTD":"0011"},"geometry":{"type":"Polygon","coordinates":[[[-94.093539,30.083684],[-94.091379,30.082012],[-94.085978,30.080112],[-94.085078,30.079112],[-94.084978,30.078412],[-94.090179,30.078312],[-94.091298,30.078076],[-94.092101,30.078786],[-94.092998,30.078093],[-94.092237,30.077345],[-94.092728,30.076966],[-94.092649,30.075805],[-94.092349,30.074649],[-94.091421,30.073753],[-94.091424,30.072592],[-94.088342,30.072669],[-94.08809,30.072505],[-94.088074,30.071051],[-94.091388,30.070995],[-94.091375,30.070166],[-94.089514,30.070208],[-94.089495,30.069192],[-94.090246,30.069186],[-94.090223,30.068225],[-94.089589,30.068235],[-94.08946,30.063589],[-94.090226,30.063441],[-94.091765,30.064213],[-94.101284,30.074198],[-94.108193,30.080967],[-94.102351,30.082812],[-94.101051,30.08295],[-94.100769,30.082714],[-94.099896,30.083348],[-94.10003,30.08348],[-94.099044,30.084006],[-94.098794,30.083762],[-94.097581,30.084078],[-94.097802,30.084767],[-94.095936,30.084798],[-94.095849,30.08666],[-94.093779,30.086612],[-94.094079,30.085012],[-94.093539,30.083684]]]}},{"type":"Feature","properties":{"PRECINCT":"12","VTD":"0012"},"geometry":{"type":"Polygon","coordinates":[[[-94.091297,30.078111],[-94.090179,30.078312],[-94.084978,30.078412],[-94.083578,30.076912],[-94.081978,30.076212],[-94.077247,30.076241],[-94.075584,30.076642],[-94.075678,30.070512],[-94.07533,30.063865],[-94.075744,30.063713],[-94.084471,30.063586],[-94.084539,30.065012],[-94.085678,30.064987],[-94.08565,30.064028],[-94.089484,30.063951],[-94.089589,30.068235],[-94.090223,30.068225],[-94.090246,30.069186],[-94.089495,30.069192],[-94.089514,30.070208],[-94.091375,30.070166],[-94.091388,30.070995],[-94.088074,30.071051],[-94.08809,30.072505],[-94.088342,30.072669],[-94.091424,30.072592],[-94.091421,30.073753],[-94.092349,30.074649],[-94.092649,30.075805],[-94.092728,30.076966],[-94.092237,30.077345],[-94.092998,30.078093],[-94.092101,30.078786],[-94.091297,30.078111]]]}},{"type":"Feature","properties":{"PRECINCT":"14","VTD":"0014"},"geometry":{"type":"Polygon","coordinates":[[[-94.095418,30.068145],[-94.091765,30.064213],[-94.090204,30.06319],[-94.088778,30.061612],[-94.087992,30.061653],[-94.087733,30.058371],[-94.10344,30.056],[-94.115478,30.055861],[-94.115585,30.059833],[-94.100782,30.060054],[-94.100913,30.066331],[-94.100467,30.065929],[-94.099985,30.065925],[-94.098517,30.067135],[-94.095418,30.068145]]]}}]}