{"type":"FeatureCollection","features":[{"type":"Feature","properties":{"PRECINCT":"209","VTD":"0209A+0209B"},"geometry":{"type":"MultiPolygon","coordinates":[[[[-106.324808,31.841231],[-106.322418,31.836699],[-106.321287,31.835529],[-106.320011,31.834767],[-106.272909,31.819436],[-106.272771,31.805982],[-106.302385,31.802091],[-106.302463,31.801798],[-106.326818,31.798598],[-106.330527,31.798322],[-106.329852,31.79847],[-106.330856,31.840999],[-106.346675,31.840762],[-106.348519,31.840443],[-106.350957,31.839539],[-106.352716,31.83852],[-106.358575,31.834265],[-106.362254,31.831138],[-106.36636,31.828185],[-106.376089,31.821814],[-106.378519,31.820602],[-106.38212,31.820043],[-106.403189,31.819526],[-106.403423,31.826858],[-106.4025,31.827017],[-106.40129,31.827582],[-106.395689,31.832414],[-106.379995,31.832728],[-106.379972,31.831322],[-106.36824,31.831523],[-106.367388,31.836121],[-106.367089,31.836582],[-106.365372,31.837883],[-106.366198,31.83875],[-106.366967,31.840055],[-106.366967,31.840992],[-106.364625,31.847819],[-106.356226,31.855348],[-106.353374,31.856382],[-106.353832,31.857298],[-106.354266,31.859836],[-106.352916,31.860027],[-106.34797,31.861888],[-106.345818,31.863541],[-106.339783,31.866378],[-106.324808,31.841231]]],[[[-106.388574,31.898914],[-106.388022,31.898918],[-106.409117,31.865647],[-106.410134,31.863845],[-106.410473,31.862365],[-106.417322,31.851377],[-106.418067,31.835013],[-106.418427,31.829221],[-106.418644,31.828638],[-106.419308,31.828164],[-106.420622,31.827984],[-106.421397,31.827583],[-106.421596,31.827576],[-106.421627,31.828045],[-106.429276,31.827973],[-106.429378,31.834451],[-106.388574,31.898914]]]]}},{"type":"Feature","properties":{"PRECINCT":"1","VTD":"0001"},"geometry":{"type":"Polygon","coordinates":[[[-106.618486,32.000495],[-106.564212,32.000757],[-106.56325,31.97698],[-106.6047,31.976695],[-106.603675,31.959254],[-106.606315,31.959405],[-106.60821,31.959859],[-106.615713,31.95985],[-106.61603,31.957629],[-106.625479,31.957636],[-106.624298,31.961056],[-106.620453,31.963403],[-106.619371,31.964777],[-106.618745,31.966955],[-106.619346,31.971014],[-106.619569,31.971577],[-106.621841,31.972918],[-106.623186,31.972918],[-106.626523,31.970675],[-106.630102,31.971258],[-106.633868,31.974188],[-106.638193,31.976824],[-106.639536,31.980343],[-106.636497,31.985711],[-106.631186,31.98981],[-106.623568,31.990998],[-106.619449,31.994735],[-106.618486,32.000495]]]}},{"type":"Feature","properties":{"PRECINCT":"2","VTD":"0002"},"geometry":{"type":"Polygon","coordinates":[[[-106.56163,31.990492],[-106.551307,31.990481],[-106.550926,31.971896],[-106.564779,31.971424],[-106.566858,31.970152],[-106.568706,31.969584],[-106.568508,31.957388],[-106.571884,31.957247],[-106.571773,31.949192],[-106.574914,31.949262],[-106.575562,31.946459],[-106.576325,31.945152],[-106.577298,31.944103],[-106.578865,31.943021],[-106.580521,31.942285],[-106.58241,31.941901],[-106.585043,31.941865],[-106.58506,31.940588],[-106.591172,31.9407],[-106.591374,31.940653],[-106.591372,31.939622],[-106.602523,31.939782],[-106.603025,31.951136],[-106.6047,31.976695],[-106.56325,31.97698],[-106.563702,31.988312],[-106.563094,31.988262],[-106.562606,31.989772],[-106.561622,31.990001],[-106.56163,31.990492]]]}},{"type":"Feature","properties":{"PRECINCT":"3","VTD":"0003"},"geometry":{"type":"Polygon","coordinates":[[[-106.603675,31.959254],[-106.603025,31.951136],[-106.602523,31.939782],[-106.591372,31.939622],[-106.591374,31.940653],[-106.591172,31.9407],[-106.58506,31.940588],[-106.585037,31.914926],[-106.594232,31.914908],[-106.594221,31.915232],[-106.61697,31.915293],[-106.620071,31.916634],[-106.618751,31.917795],[-106.616146,31.917303],[-106.612865,31.920372],[-106.615621,31.921629],[-106.618409,31.922253],[-106.622117,31.924713],[-106.623932,31.925334],[-106.624996,31.925248],[-106.628654,31.923608],[-106.629742,31.926567],[-106.625339,31.930031],[-106.623399,31.932841],[-106.622163,31.936007],[-106.622371,31.940863],[-106.623659,31.94551],[-106.618229,31.947363],[-106.615253,31.948965],[-106.614321,31.951615],[-106.614375,31.955991],[-106.617707,31.956008],[-106.622818,31.952891],[-106.625123,31.95453],[-106.625479,31.957636],[-106.61603,31.957629],[-106.615713,31.95985],[-106.60821,31.959859],[-106.606315,31.959405],[-106.603675,31.959254]]]}},{"type":"Feature","properties":{"PRECINCT":"4","VTD":"0004"},"geometry":{"type":"Polygon","coordinates":[[[-106.616533,31.915229],[-106.594221,31.915232],[-106.594232,31.914908],[-106.591428,31.914908],[-106.59148,31.913713],[-106.591195,31.912617],[-106.590456,31.91149],[-106.589724,31.911175],[-106.589551,31.908473],[-106.590913,31.908409],[-106.590858,31.90362],[-106.594242,31.903612],[-106.594279,31.898616],[-106.599107,31.898626],[-106.598887,31.896721],[-106.597694,31.892663],[-106.596954,31.885906],[-106.621589,31.885852],[-106.621608,31.888318],[-106.620024,31.888319],[-106.620038,31.890704],[-106.625393,31.890753],[-106.62578,31.885844],[-106.625609,31.891158],[-106.630344,31.891181],[-106.630295,31.885832],[-106.632966,31.88844],[-106.63522,31.889983],[-106.639038,31.892009],[-106.642901,31.892933],[-106.645477,31.895142],[-106.645646,31.895646],[-106.645478,31.898669],[-106.642643,31.902642],[-106.640062,31.905273],[-106.633667,31.909793],[-106.628933,31.911072],[-106.625568,31.912432],[-106.620071,31.916634],[-106.617907,31.915567],[-106.616533,31.915229]]]}},{"type":"Feature","properties":{"PRECINCT":"5","VTD":"0005"},"geometry":{"type":"Polygon","coordinates":[[[-106.591428,31.914908],[-106.582671,31.915013],[-106.582654,31.887352],[-106.580916,31.87944],[-106.594311,31.879414],[-106.594368,31.864548],[-106.612994,31.86454],[-106.610472,31.870146],[-106.610736,31.879862],[-106.605822,31.879629],[-106.605822,31.880514],[-106.602967,31.880515],[-106.602968,31.885892],[-106.596954,31.885906],[-106.597694,31.892663],[-106.598887,31.896721],[-106.599107,31.898626],[-106.594279,31.898616],[-106.594242,31.903612],[-106.590858,31.90362],[-106.590913,31.908409],[-106.589551,31.908473],[-106.589529,31.909105],[-106.589734,31.909106],[-106.589724,31.911175],[-106.590519,31.911554],[-106.591324,31.912965],[-106.591428,31.914908]]]}},{"type":"Feature","properties":{"PRECINCT":"6","VTD":"0006"},"geometry":{"type":"Polygon","coordinates":[[[-106.633481,31.864679],[-106.603903,31.864623],[-106.606455,31.851749],[-106.605746,31.846239],[-106.609098,31.846655],[-106.614788,31.846413],[-106.62184,31.852624],[-106.622026,31.853189],[-106.625773,31.856165],[-106.627261,31.859801],[-106.628173,31.86112],[-106.633481,31.864679]]]}},{"type":"Feature","properties":{"PRECINCT":"7","VTD":"0007"},"geometry":{"type":"Polygon","coordinates":[[[-106.594333,31.878093],[-106.582975,31.848821],[-106.598467,31.848806],[-106.59849,31.844843],[-106.605746,31.846239],[-106.606455,31.851749],[-106.603916,31.864546],[-106.594368,31.864548],[-106.594333,31.878093]]]}},{"type":"Feature","properties":{"PRECINCT":"8","VTD":"0008"},"geometry":{"type":"Polygon","coordinates":[[[-106.598467,31.848806],[-106.582975,31.848821],[-106.579222,31.839258],[-106.578101,31.837315],[-106.576459,31.835175],[-106.586324,31.829501],[-106.58885,31.829439],[-106.588843,31.825093],[-106.590135,31.823195],[-106.593825,31.824898],[-106.597307,31.8247],[-106.602806,31.825018],[-106.605297,31.82772],[-106.604637,31.830813],[-106.603841,31.832999],[-106.604086,31.833235],[-106.603605,31.834397],[-106.603446,31.83591],[-106.602787,31.83753],[-106.601446,31.839597],[-106.601695,31.84437],[-106.605746,31.846239],[-106.59849,31.844843],[-106.598467,31.848806]]]}},{"type":"Feature","properties":{"PRECINCT":"9","VTD":"0009"},"geometry":{"type":"Polygon","coordinates":[[[-106.576459,31.835175],[-106.562066,31.816956],[-106.557806,31.812618],[-106.560579,31.810686],[-106.562951,31.811105],[-106.56341,31.812736],[-106.566472,31.813433],[-106.570944,31.810206],[-106.577244,31.810406],[-106.581345,31.813901],[-106.58214,31.815504],[-106.588051,31.822108],[-106.590135,31.823195],[-106.588843,31.825093],[-106.58885,31.829439],[-106.586324,31.829501],[-106.576459,31.835175]]]}},{"type":"Feature","properties":{"PRECINCT":"10","VTD":"0010"},"geometry":{"type":"Polygon","coordinates":[[[-106.594311,31.879414],[-106.580916,31.87944],[-106.572902,31.846862],[-106.570159,31.839303],[-106.580055,31.841286],[-106.594333,31.878093],[-106.594311,31.879414]]]}},{"type":"Feature","properties":{"PRECINCT":"11","VTD":"0011"},"geometry":{"type":"Polygon","coordinates":[[[-106.580943,31.879549],[-106.55805,31.879448],[-106.558467,31.875242],[-106.559025,31.872923],[-106.557882,31.870661],[-106.557463,31.868624],[-106.557985,31.863999],[-106.557974,31.859517],[-106.561619,31.859566],[-106.563017,31.859893],[-106.564215,31.860603],[-106.566151,31.862664],[-106.567152,31.863263],[-106.568214,31.863573],[-106.577039,31.863622],[-106.580943,31.879549]]]}},{"type":"Feature","properties":{"PRECINCT":"12","VTD":"0012"},"geometry":{"type":"Polygon","coordinates":[[[-106.513217,31.99332],[-106.510049,31.990133],[-106.507024,31.983788],[-106.506719,31.981085],[-106.507247,31.97984],[-106.507104,31.976475],[-106.504061,31.974094],[-106.500392,31.969225],[-106.500266,31.966863],[-106.499353,31.965126],[-106.499335,31.961206],[-106.498315,31.959613],[-106.497492,31.958897],[-106.499085,31.956588],[-106.497205,31.952077],[-106.497098,31.950806],[-106.497742,31.948398],[-106.49776,31.944514],[-106.498494,31.941489],[-106.498244,31.933908],[-106.497563,31.931795],[-106.497635,31.929594],[-106.499604,31.925065],[-106.499192,31.919301],[-106.496239,31.915667],[-106.495689,31.913062],[-106.496454,31.908503],[-106.497206,31.883565],[-106.508296,31.883486],[-106.508342,31.884704],[-106.520297,31.884772],[-106.518702,31.879402],[-106.558046,31.879508],[-106.556792,31.898485],[-106.55797,31.905646],[-106.566255,31.907331],[-106.577575,31.908255],[-106.582678,31.908361],[-106.582671,31.915013],[-106.585042,31.91502],[-106.585043,31.941865],[-106.581649,31.942021],[-106.579217,31.942823],[-106.577672,31.943786],[-106.576141,31.945415],[-106.575156,31.947526],[-106.574914,31.949262],[-106.571773,31.949192],[-106.571884,31.957247],[-106.568508,31.957388],[-106.568706,31.969584],[-106.566858,31.970152],[-106.564779,31.971424],[-106.550926,31.971896],[-106.551307,31.990481],[-106.56163,31.990492],[-106.561622,31.990001],[-106.562244,31.98993],[-106.562769,31.989563],[-106.563094,31.988262],[-106.563702,31.988312],[-106.564212,32.000757],[-106.513986,32.000798],[-106.513969,31.995503],[-106.513217,31.99332]]]}},{"type":"Feature","properties":{"PRECINCT":"13","VTD":"0013"},"geometry":{"type":"Polygon","coordinates":[[[-106.558046,31.879508],[-106.548393,31.879429],[-106.548664,31.863235],[-106.549065,31.862324],[-106.54964,31.861793],[-106.552135,31.860889],[-106.553326,31.86359],[-106.557984,31.863555],[-106.557497,31.869038],[-106.557882,31.870661],[-106.559025,31.872923],[-106.558467,31.875242],[-106.558046,31.879508]]]}},{"type":"Feature","properties":{"PRECINCT":"14","VTD":"0014"},"geometry":{"type":"Polygon","coordinates":[[[-106.497062,31.881382],[-106.494597,31.86848],[-106.505097,31.868432],[-106.505173,31.87119],[-106.519352,31.871113],[-106.519374,31.869588],[-106.525534,31.868691],[-106.532156,31.86707],[-106.534001,31.867386],[-106.538038,31.868827],[-106.540394,31.869199],[-106.544697,31.868749],[-106.548641,31.868745],[-106.548393,31.879429],[-106.518702,31.879402],[-106.520297,31.884772],[-106.508342,31.884704],[-106.508296,31.883486],[-106.497206,31.883565],[-106.497062,31.881382]]]}},{"type":"Feature","properties":{"PRECINCT":"15","VTD":"0015"},"geometry":{"type":"Polygon","coordinates":[[[-106.514619,31.871138],[-106.514995,31.864547],[-106.517524,31.86411],[-106.51899,31.863267],[-106.523487,31.861852],[-106.525197,31.861713],[-106.529605,31.861942],[-106.531494,31.861194],[-106.533005,31.861165],[-106.535852,31.862296],[-106.539648,31.862556],[-106.541502,31.862162],[-106.546734,31.862017],[-106.547302,31.861792],[-106.548244,31.860943],[-106.549454,31.861931],[-106.548647,31.863352],[-106.548641,31.868745],[-106.544697,31.868749],[-106.540394,31.869199],[-106.538038,31.868827],[-106.534001,31.867386],[-106.532156,31.86707],[-106.525534,31.868691],[-106.519374,31.869588],[-106.519352,31.871113],[-106.514619,31.871138]]]}},{"type":"Feature","properties":{"PRECINCT":"16","VTD":"0016"},"geometry":{"type":"Polygon","coordinates":[[[-106.562217,31.859653],[-106.557974,31.859517],[-106.557804,31.855786],[-106.555141,31.851556],[-106.556737,31.850083],[-106.557208,31.848976],[-106.559146,31.848916],[-106.559931,31.848405],[-106.563127,31.848487],[-106.564469,31.847106],[-106.572065,31.844463],[-106.573136,31.847757],[-106.577039,31.863622],[-106.568737,31.863636],[-106.567724,31.863458],[-106.566151,31.862664],[-106.563638,31.860182],[-106.562217,31.859653]]]}},{"type":"Feature","properties":{"PRECINCT":"17","VTD":"0017"},"geometry":{"type":"Polygon","coordinates":[[[-106.553326,31.86359],[-106.552135,31.860889],[-106.550323,31.861444],[-106.549454,31.861931],[-106.54333,31.857023],[-106.541918,31.854593],[-106.541804,31.852374],[-106.545046,31.852395],[-106.549048,31.853631],[-106.55007,31.853706],[-106.551097,31.853431],[-106.555141,31.851556],[-106.557912,31.856145],[-106.557984,31.863555],[-106.553326,31.86359]]]}},{"type":"Feature","properties":{"PRECINCT":"18","VTD":"0018"},"geometry":{"type":"Polygon","coordinates":[[[-106.517524,31.86411],[-106.514995,31.864547],[-106.514871,31.86395],[-106.515284,31.859337],[-106.515602,31.858838],[-106.518104,31.858601],[-106.518155,31.857948],[-106.518725,31.857233],[-106.519613,31.857563],[-106.52063,31.857415],[-106.523811,31.85545],[-106.526049,31.855291],[-106.528825,31.854374],[-106.531537,31.854504],[-106.53448,31.853018],[-106.538048,31.85298],[-106.541804,31.852374],[-106.541918,31.854593],[-106.542978,31.856613],[-106.548244,31.860943],[-106.547302,31.861792],[-106.546734,31.862017],[-106.541502,31.862162],[-106.539648,31.862556],[-106.535852,31.862296],[-106.533005,31.861165],[-106.531494,31.861194],[-106.529605,31.861942],[-106.524036,31.861782],[-106.51899,31.863267],[-106.517524,31.86411]]]}},{"type":"Feature","properties":{"PRECINCT":"19","VTD":"0019"},"geometry":{"type":"Polygon","coordinates":[[[-106.555141,31.851556],[-106.551057,31.845231],[-106.549389,31.843995],[-106.54857,31.84434],[-106.546347,31.843801],[-106.547041,31.841412],[-106.548955,31.841579],[-106.549385,31.838346],[-106.550204,31.837023],[-106.551605,31.832089],[-106.554034,31.829682],[-106.556807,31.825637],[-106.556982,31.824621],[-106.556743,31.823543],[-106.554736,31.820596],[-106.567866,31.834078],[-106.569017,31.836096],[-106.572065,31.844463],[-106.564469,31.847106],[-106.563127,31.848487],[-106.559931,31.848405],[-106.559146,31.848916],[-106.557208,31.848976],[-106.556737,31.850083],[-106.555141,31.851556]]]}},{"type":"Feature","properties":{"PRECINCT":"20","VTD":"0020"},"geometry":{"type":"Polygon","coordinates":[[[-106.544675,31.849558],[-106.546121,31.849475],[-106.546128,31.844723],[-106.546347,31.843801],[-106.54857,31.84434],[-106.549389,31.843995],[-106.551309,31.845492],[-106.555141,31.851556],[-106.550909,31.853509],[-106.549234,31.853674],[-106.544658,31.852375],[-106.544675,31.849558]]]}},{"type":"Feature","properties":{"PRECINCT":"21","VTD":"0021"},"geometry":{"type":"Polygon","coordinates":[[[-106.518519,31.8558],[-106.517568,31.855347],[-106.514855,31.854964],[-106.514054,31.855175],[-106.512863,31.855923],[-106.512177,31.855967],[-106.51196,31.855878],[-106.51209,31.855117],[-106.510581,31.853275],[-106.512081,31.852461],[-106.51354,31.852243],[-106.514862,31.852417],[-106.514877,31.853124],[-106.520313,31.853257],[-106.521025,31.853705],[-106.521465,31.854757],[-106.522218,31.854529],[-106.523501,31.853276],[-106.524948,31.85278],[-106.525692,31.849752],[-106.526144,31.84953],[-106.527856,31.849394],[-106.528241,31.847707],[-106.528717,31.846962],[-106.531809,31.844723],[-106.531339,31.844214],[-106.532656,31.84365],[-106.534762,31.843608],[-106.535649,31.84337],[-106.536652,31.846541],[-106.540117,31.849104],[-106.541753,31.852107],[-106.541804,31.852374],[-106.538227,31.852963],[-106.534245,31.853062],[-106.531537,31.854504],[-106.528825,31.854374],[-106.526049,31.855291],[-106.524012,31.855399],[-106.520121,31.857552],[-106.519274,31.857496],[-106.518534,31.85705],[-106.518301,31.856422],[-106.518519,31.8558]]]}},{"type":"Feature","properties":{"PRECINCT":"22","VTD":"0022"},"geometry":{"type":"Polygon","coordinates":[[[-106.544174,31.84312],[-106.53648,31.843154],[-106.535649,31.84337],[-106.534665,31.842371],[-106.534025,31.840749],[-106.5335,31.84021],[-106.531524,31.839762],[-106.530055,31.838953],[-106.526897,31.838413],[-106.526046,31.837828],[-106.525713,31.837043],[-106.526141,31.834484],[-106.526218,31.830717],[-106.526734,31.829577],[-106.527754,31.828637],[-106.530621,31.830686],[-106.534215,31.832228],[-106.537702,31.833102],[-106.55058,31.835593],[-106.550204,31.837023],[-106.549385,31.838346],[-106.548955,31.841579],[-106.547041,31.841412],[-106.546347,31.843801],[-106.544174,31.84312]]]}},{"type":"Feature","properties":{"PRECINCT":"23","VTD":"0023"},"geometry":{"type":"Polygon","coordinates":[[[-106.520129,31.849882],[-106.520552,31.848727],[-106.523828,31.844797],[-106.523796,31.843342],[-106.522584,31.842249],[-106.526405,31.838196],[-106.528333,31.838763],[-106.530159,31.838984],[-106.531524,31.839762],[-106.533161,31.840064],[-106.533848,31.840499],[-106.534665,31.842371],[-106.535649,31.84337],[-106.534762,31.843608],[-106.532542,31.843672],[-106.531339,31.844214],[-106.531809,31.844723],[-106.528717,31.846962],[-106.528241,31.847707],[-106.527856,31.849394],[-106.526144,31.84953],[-106.525652,31.849798],[-106.525121,31.852458],[-106.524795,31.8529],[-106.523583,31.853224],[-106.522475,31.854382],[-106.521465,31.854757],[-106.521025,31.853705],[-106.520313,31.853257],[-106.514877,31.853124],[-106.514873,31.852092],[-106.51518,31.851769],[-106.519526,31.850403],[-106.520129,31.849882]]]}},{"type":"Feature","properties":{"PRECINCT":"24","VTD":"0024"},"geometry":{"type":"Polygon","coordinates":[[[-106.493647,31.86146],[-106.493743,31.850705],[-106.49438,31.849357],[-106.496108,31.84824],[-106.496857,31.847257],[-106.496217,31.844795],[-106.496557,31.843367],[-106.498468,31.841592],[-106.497618,31.839536],[-106.493975,31.834202],[-106.506895,31.83227],[-106.506585,31.831897],[-106.507727,31.83091],[-106.508422,31.829844],[-106.50996,31.829298],[-106.510255,31.829556],[-106.511875,31.829581],[-106.513877,31.830109],[-106.516997,31.830291],[-106.517537,31.831084],[-106.518885,31.831148],[-106.52159,31.829742],[-106.522518,31.82899],[-106.522935,31.829362],[-106.524639,31.827689],[-106.525803,31.827127],[-106.527611,31.828756],[-106.526593,31.829782],[-106.526189,31.830933],[-106.526141,31.834484],[-106.525713,31.837043],[-106.525908,31.837658],[-106.52645,31.838147],[-106.522584,31.842249],[-106.523796,31.843342],[-106.523828,31.844797],[-106.520552,31.848727],[-106.519942,31.850144],[-106.516664,31.851415],[-106.51518,31.851769],[-106.514862,31.852417],[-106.512726,31.852298],[-106.510581,31.853275],[-106.510322,31.852963],[-106.509026,31.853675],[-106.507065,31.855232],[-106.505344,31.857911],[-106.503947,31.858711],[-106.502282,31.859328],[-106.493647,31.86146]]]}},{"type":"Feature","properties":{"PRECINCT":"25","VTD":"0025"},"geometry":{"type":"Polygon","coordinates":[[[-106.492148,31.832131],[-106.490908,31.829332],[-106.490812,31.828411],[-106.491367,31.826817],[-106.489899,31.823921],[-106.489838,31.822898],[-106.490486,31.822048],[-106.490666,31.820742],[-106.490326,31.818092],[-106.487123,31.812011],[-106.483959,31.806709],[-106.483123,31.804007],[-106.483442,31.803207],[-106.509141,31.805805],[-106.509265,31.806973],[-106.508308,31.807393],[-106.507685,31.80838],[-106.509246,31.809787],[-106.509907,31.808977],[-106.510411,31.80868],[-106.510524,31.808818],[-106.512149,31.811054],[-106.513609,31.815733],[-106.514158,31.816696],[-106.525803,31.827127],[-106.524639,31.827689],[-106.522935,31.829362],[-106.522518,31.82899],[-106.52159,31.829742],[-106.518885,31.831148],[-106.517537,31.831084],[-106.516997,31.830291],[-106.513877,31.830109],[-106.511875,31.829581],[-106.510255,31.829556],[-106.50996,31.829298],[-106.508422,31.829844],[-106.507727,31.83091],[-106.506585,31.831897],[-106.506895,31.83227],[-106.493975,31.834202],[-106.492148,31.832131]]]}},{"type":"Feature","properties":{"PRECINCT":"26","VTD":"0026"},"geometry":{"type":"Polygon","coordinates":[[[-106.549007,31.823609],[-106.551931,31.823404],[-106.55163,31.82132],[-106.550575,31.820002],[-106.549131,31.819639],[-106.544979,31.820162],[-106.544098,31.819786],[-106.543289,31.81888],[-106.545659,31.818037],[-106.549433,31.815192],[-106.554736,31.820596],[-106.556279,31.822622],[-106.556982,31.824621],[-106.556807,31.825637],[-106.556212,31.826693],[-106.5534,31.83045],[-106.551605,31.832089],[-106.55058,31.835593],[-106.537043,31.832954],[-106.538264,31.829301],[-106.537903,31.828423],[-106.542304,31.826495],[-106.546539,31.825024],[-106.549007,31.823609]]]}},{"type":"Feature","properties":{"PRECINCT":"27","VTD":"0027"},"geometry":{"type":"Polygon","coordinates":[[[-106.527754,31.828637],[-106.536701,31.82307],[-106.541072,31.819768],[-106.543289,31.81888],[-106.544098,31.819786],[-106.544979,31.820162],[-106.549131,31.819639],[-106.550007,31.819768],[-106.550575,31.820002],[-106.551318,31.820801],[-106.551739,31.821689],[-106.551931,31.823404],[-106.549007,31.823609],[-106.546539,31.825024],[-106.542304,31.826495],[-106.537903,31.828423],[-106.538264,31.829301],[-106.537043,31.832954],[-106.534215,31.832228],[-106.531947,31.831355],[-106.52949,31.830011],[-106.527754,31.828637]]]}},{"type":"Feature","properties":{"PRECINCT":"28","VTD":"0028"},"geometry":{"type":"Polygon","coordinates":[[[-106.545128,31.810225],[-106.546544,31.806606],[-106.54714,31.807299],[-106.551237,31.8082],[-106.558444,31.810405],[-106.560579,31.810686],[-106.557806,31.812618],[-106.562066,31.816956],[-106.577564,31.836576],[-106.579009,31.838833],[-106.580055,31.841286],[-106.570159,31.839303],[-106.568858,31.835754],[-106.567349,31.833423],[-106.549433,31.815192],[-106.549636,31.815051],[-106.547346,31.812674],[-106.544774,31.810342],[-106.545128,31.810225]]]}},{"type":"Feature","properties":{"PRECINCT":"29","VTD":"0029"},"geometry":{"type":"Polygon","coordinates":[[[-106.527611,31.828756],[-106.515696,31.818142],[-106.517466,31.816897],[-106.51779,31.81494],[-106.52177,31.81425],[-106.522662,31.81472],[-106.52515,31.813817],[-106.527048,31.813991],[-106.527,31.817591],[-106.527301,31.818582],[-106.530717,31.818414],[-106.536819,31.816383],[-106.537221,31.817071],[-106.538436,31.818178],[-106.538702,31.818339],[-106.53932,31.81815],[-106.539715,31.818814],[-106.540905,31.81988],[-106.536701,31.82307],[-106.528854,31.827802],[-106.527611,31.828756]]]}},{"type":"Feature","properties":{"PRECINCT":"30","VTD":"0030"},"geometry":{"type":"Polygon","coordinates":[[[-106.541327,31.809349],[-106.539229,31.809498],[-106.527822,31.809367],[-106.525131,31.808537],[-106.52391,31.807758],[-106.522835,31.806708],[-106.520647,31.802487],[-106.519878,31.800121],[-106.519641,31.798117],[-106.51974,31.793087],[-106.522756,31.790512],[-106.524229,31.78854],[-106.525014,31.788219],[-106.526068,31.788184],[-106.527061,31.788845],[-106.527309,31.789892],[-106.528391,31.791],[-106.530362,31.792009],[-106.5318,31.791891],[-106.532795,31.792444],[-106.533937,31.795189],[-106.535431,31.797097],[-106.536005,31.798506],[-106.538377,31.800415],[-106.542127,31.802068],[-106.544157,31.80347],[-106.546544,31.806606],[-106.545128,31.810225],[-106.544774,31.810342],[-106.543175,31.80964],[-106.541327,31.809349]]]}},{"type":"Feature","properties":{"PRECINCT":"31","VTD":"0031"},"geometry":{"type":"Polygon","coordinates":[[[-106.540905,31.81988],[-106.53932,31.81815],[-106.538589,31.818306],[-106.537341,31.817203],[-106.536819,31.816383],[-106.530717,31.818414],[-106.527301,31.818582],[-106.527,31.817591],[-106.527048,31.813991],[-106.52515,31.813817],[-106.522662,31.81472],[-106.52177,31.81425],[-106.51779,31.81494],[-106.517466,31.816897],[-106.515696,31.818142],[-106.513863,31.816261],[-106.512149,31.811054],[-106.510411,31.80868],[-106.509246,31.809787],[-106.507685,31.80838],[-106.508308,31.807393],[-106.509265,31.806973],[-106.509226,31.803891],[-106.510975,31.798646],[-106.511015,31.795219],[-106.512513,31.795164],[-106.514076,31.795484],[-106.516355,31.795315],[-106.517849,31.794636],[-106.51974,31.793087],[-106.519641,31.798117],[-106.520078,31.800934],[-106.522265,31.80589],[-106.524167,31.80795],[-106.526014,31.808919],[-106.528076,31.809399],[-106.540099,31.809487],[-106.539998,31.809318],[-106.542925,31.809568],[-106.544294,31.810074],[-106.545636,31.810985],[-106.549636,31.815051],[-106.545659,31.818037],[-106.542266,31.819198],[-106.540905,31.81988]]]}},{"type":"Feature","properties":{"PRECINCT":"32","VTD":"0032"},"geometry":{"type":"Polygon","coordinates":[[[-106.501223,31.785748],[-106.505616,31.783995],[-106.50807,31.792273],[-106.508759,31.793107],[-106.510505,31.794271],[-106.511007,31.795115],[-106.510975,31.798646],[-106.509351,31.803249],[-106.509141,31.805805],[-106.503209,31.805116],[-106.504334,31.802887],[-106.504428,31.794634],[-106.504084,31.793913],[-106.501522,31.792206],[-106.50113,31.79166],[-106.501097,31.790927],[-106.501709,31.789254],[-106.50116,31.787301],[-106.501223,31.785748]]]}},{"type":"Feature","properties":{"PRECINCT":"33","VTD":"0033"},"geometry":{"type":"Polygon","coordinates":[[[-106.479827,31.788273],[-106.479394,31.785797],[-106.480336,31.782535],[-106.481445,31.783705],[-106.482368,31.784162],[-106.482358,31.784939],[-106.482863,31.785237],[-106.483337,31.785969],[-106.483679,31.785972],[-106.484074,31.785466],[-106.484512,31.78541],[-106.486111,31.786444],[-106.487084,31.787673],[-106.487451,31.787738],[-106.489334,31.785135],[-106.490255,31.784593],[-106.492038,31.784209],[-106.492672,31.784217],[-106.493256,31.784523],[-106.493706,31.785724],[-106.494267,31.786421],[-106.494923,31.785303],[-106.496874,31.78445],[-106.497961,31.783372],[-106.49859,31.780991],[-106.502911,31.778226],[-106.50331,31.779286],[-106.503196,31.78284],[-106.505261,31.782561],[-106.505616,31.783995],[-106.504625,31.784234],[-106.501223,31.785748],[-106.50116,31.787301],[-106.501709,31.789254],[-106.501097,31.790927],[-106.50113,31.79166],[-106.501522,31.792206],[-106.504084,31.793913],[-106.504428,31.794634],[-106.504334,31.802887],[-106.503209,31.805116],[-106.483442,31.803207],[-106.48346,31.802006],[-106.48303,31.800211],[-106.481989,31.798352],[-106.481946,31.796685],[-106.480321,31.792874],[-106.479785,31.790142],[-106.479827,31.788273]]]}},{"type":"Feature","properties":{"PRECINCT":"34","VTD":"0034"},"geometry":{"type":"Polygon","coordinates":[[[-106.508326,31.79266],[-106.505261,31.782561],[-106.503196,31.78284],[-106.50331,31.779286],[-106.502911,31.778226],[-106.504755,31.777043],[-106.505624,31.775919],[-106.507291,31.775821],[-106.508857,31.775317],[-106.512558,31.771995],[-106.509868,31.769168],[-106.506981,31.764658],[-106.505097,31.762203],[-106.508669,31.762219],[-106.508507,31.76105],[-106.508774,31.761018],[-106.51006,31.761258],[-106.510668,31.762185],[-106.511301,31.764089],[-106.511899,31.767746],[-106.512734,31.769504],[-106.513687,31.770711],[-106.514871,31.771588],[-106.517521,31.771643],[-106.520988,31.773829],[-106.523647,31.776223],[-106.525318,31.778681],[-106.527945,31.780846],[-106.528498,31.781497],[-106.528641,31.782307],[-106.528128,31.783394],[-106.528075,31.785241],[-106.527061,31.788845],[-106.526068,31.788184],[-106.525014,31.788219],[-106.524229,31.78854],[-106.522631,31.790623],[-106.518032,31.794503],[-106.516711,31.795207],[-106.514993,31.795493],[-106.512513,31.795164],[-106.511015,31.795219],[-106.510505,31.794271],[-106.508326,31.79266]]]}},{"type":"Feature","properties":{"PRECINCT":"35","VTD":"0035"},"geometry":{"type":"Polygon","coordinates":[[[-106.468974,31.792294],[-106.468982,31.791393],[-106.470484,31.791394],[-106.470502,31.787767],[-106.473534,31.787693],[-106.473554,31.783252],[-106.475314,31.783257],[-106.476044,31.783035],[-106.477013,31.781808],[-106.479306,31.780221],[-106.482322,31.78042],[-106.485024,31.778941],[-106.487727,31.778518],[-106.488086,31.778086],[-106.488002,31.777173],[-106.488261,31.776519],[-106.489929,31.775119],[-106.490588,31.773683],[-106.503824,31.765171],[-106.504446,31.765012],[-106.505216,31.765124],[-106.506942,31.766537],[-106.507991,31.766267],[-106.510258,31.769678],[-106.512558,31.771995],[-106.508857,31.775317],[-106.507291,31.775821],[-106.505624,31.775919],[-106.504755,31.777043],[-106.498654,31.780933],[-106.497961,31.783372],[-106.496874,31.78445],[-106.494923,31.785303],[-106.494267,31.786421],[-106.493706,31.785724],[-106.493256,31.784523],[-106.492672,31.784217],[-106.492038,31.784209],[-106.490383,31.784554],[-106.489584,31.784953],[-106.488814,31.785688],[-106.487656,31.787623],[-106.487179,31.787723],[-106.486274,31.786574],[-106.484512,31.78541],[-106.484074,31.785466],[-106.483679,31.785972],[-106.483337,31.785969],[-106.482863,31.785237],[-106.482358,31.784939],[-106.482368,31.784162],[-106.481445,31.783705],[-106.480654,31.782682],[-106.480294,31.782542],[-106.478561,31.783524],[-106.477844,31.784712],[-106.476682,31.785309],[-106.475438,31.787306],[-106.475617,31.787934],[-106.474816,31.788376],[-106.4748,31.789112],[-106.473717,31.789342],[-106.473682,31.790189],[-106.472973,31.791472],[-106.470656,31.792383],[-106.468974,31.792294]]]}},{"type":"Feature","properties":{"PRECINCT":"36","VTD":"0036"},"geometry":{"type":"Polygon","coordinates":[[[-106.495047,31.770804],[-106.487141,31.761825],[-106.493101,31.758155],[-106.495201,31.758083],[-106.499187,31.75851],[-106.499074,31.755056],[-106.500089,31.755527],[-106.501391,31.757042],[-106.503482,31.758168],[-106.505818,31.760472],[-106.507326,31.761192],[-106.508507,31.76105],[-106.508669,31.762219],[-106.505097,31.762203],[-106.507991,31.766267],[-106.506942,31.766537],[-106.505427,31.765221],[-106.504696,31.765013],[-106.50399,31.765105],[-106.495047,31.770804]]]}},{"type":"Feature","properties":{"PRECINCT":"37","VTD":"0037"},"geometry":{"type":"Polygon","coordinates":[[[-106.483914,31.764312],[-106.48014,31.759864],[-106.479753,31.759956],[-106.479082,31.757766],[-106.477792,31.758496],[-106.471468,31.760105],[-106.469823,31.761147],[-106.467672,31.763346],[-106.467537,31.761224],[-106.467753,31.760271],[-106.467556,31.75921],[-106.4685,31.758249],[-106.469242,31.756834],[-106.470566,31.752737],[-106.472076,31.751049],[-106.473207,31.750493],[-106.484642,31.747809],[-106.487746,31.747809],[-106.490549,31.748924],[-106.492106,31.750129],[-106.493255,31.750692],[-106.493923,31.75146],[-106.494677,31.751804],[-106.496479,31.753843],[-106.499074,31.755056],[-106.499187,31.75851],[-106.494248,31.758029],[-106.492978,31.758191],[-106.486097,31.762484],[-106.483914,31.764312]]]}},{"type":"Feature","properties":{"PRECINCT":"38","VTD":"0038"},"geometry":{"type":"Polygon","coordinates":[[[-106.486399,31.776544],[-106.483772,31.773502],[-106.482833,31.774108],[-106.482195,31.773386],[-106.481922,31.773562],[-106.481292,31.772837],[-106.477673,31.775164],[-106.474365,31.771405],[-106.484433,31.764947],[-106.483914,31.764312],[-106.487141,31.761825],[-106.495047,31.770804],[-106.49049,31.773776],[-106.489929,31.775119],[-106.488261,31.776519],[-106.488002,31.777173],[-106.488059,31.778156],[-106.487415,31.778646],[-106.487216,31.77868],[-106.486399,31.776544]]]}},{"type":"Feature","properties":{"PRECINCT":"39","VTD":"0039"},"geometry":{"type":"Polygon","coordinates":[[[-106.467769,31.768234],[-106.467672,31.763346],[-106.470633,31.760547],[-106.472185,31.759835],[-106.478032,31.758422],[-106.479082,31.757766],[-106.479753,31.759956],[-106.48014,31.759864],[-106.484433,31.764947],[-106.471917,31.772982],[-106.467769,31.768234]]]}},{"type":"Feature","properties":{"PRECINCT":"40","VTD":"0040"},"geometry":{"type":"Polygon","coordinates":[[[-106.473554,31.783252],[-106.473508,31.777822],[-106.481292,31.772837],[-106.481922,31.773562],[-106.482195,31.773386],[-106.482833,31.774108],[-106.483772,31.773502],[-106.486206,31.776272],[-106.487074,31.778032],[-106.487216,31.77868],[-106.485024,31.778941],[-106.482436,31.780396],[-106.479872,31.780131],[-106.47917,31.780272],[-106.477013,31.781808],[-106.476145,31.782959],[-106.475494,31.783232],[-106.473554,31.783252]]]}},{"type":"Feature","properties":{"PRECINCT":"41","VTD":"0041"},"geometry":{"type":"Polygon","coordinates":[[[-106.461439,31.785507],[-106.461485,31.778265],[-106.463533,31.777992],[-106.465072,31.777352],[-106.474365,31.771405],[-106.477673,31.775164],[-106.473508,31.777822],[-106.473554,31.783252],[-106.467682,31.78322],[-106.467509,31.783182],[-106.467756,31.782928],[-106.466579,31.781917],[-106.464593,31.783793],[-106.461439,31.785507]]]}},{"type":"Feature","properties":{"PRECINCT":"42","VTD":"0042"},"geometry":{"type":"Polygon","coordinates":[[[-106.450888,31.778199],[-106.451165,31.764361],[-106.452806,31.764571],[-106.455059,31.764169],[-106.466135,31.760007],[-106.467556,31.75921],[-106.467753,31.760271],[-106.467537,31.761224],[-106.467646,31.767942],[-106.471917,31.772982],[-106.46525,31.777251],[-106.463533,31.777992],[-106.461413,31.778268],[-106.450888,31.778199]]]}},{"type":"Feature","properties":{"PRECINCT":"43","VTD":"0043"},"geometry":{"type":"Polygon","coordinates":[[[-106.443314,31.993057],[-106.441488,31.927713],[-106.475671,31.92736],[-106.475236,31.912915],[-106.491126,31.912781],[-106.495866,31.912354],[-106.495689,31.913062],[-106.496239,31.915667],[-106.499192,31.919301],[-106.499604,31.925065],[-106.497635,31.929594],[-106.497563,31.931795],[-106.498244,31.933908],[-106.498494,31.941489],[-106.49776,31.944514],[-106.497742,31.948398],[-106.497098,31.950806],[-106.497205,31.952077],[-106.499085,31.956588],[-106.497492,31.958897],[-106.498315,31.959613],[-106.499335,31.961206],[-106.499353,31.965126],[-106.500266,31.966863],[-106.500392,31.969225],[-106.504061,31.974094],[-106.507104,31.976475],[-106.507247,31.97984],[-106.506719,31.981085],[-106.507024,31.983788],[-106.510049,31.990133],[-106.513217,31.99332],[-106.513969,31.995503],[-106.513986,32.000798],[-106.443916,32.001188],[-106.443572,31.998889],[-106.443314,31.993057]]]}},{"type":"Feature","properties":{"PRECINCT":"44","VTD":"0044"},"geometry":{"type":"Polygon","coordinates":[[[-106.407927,31.943012],[-106.40786,31.940659],[-106.411221,31.938138],[-106.41498,31.935801],[-106.438712,31.924165],[-106.440212,31.922941],[-106.441191,31.92172],[-106.441977,31.920166],[-106.442352,31.918548],[-106.442656,31.9277],[-106.441488,31.927713],[-106.441661,31.936114],[-106.437536,31.936156],[-106.434557,31.935401],[-106.427471,31.935566],[-106.425682,31.936399],[-106.420472,31.936442],[-106.4191,31.93698],[-106.414652,31.939796],[-106.414991,31.940207],[-106.413858,31.940921],[-106.413505,31.940519],[-106.412447,31.941156],[-106.407927,31.943012]]]}},{"type":"Feature","properties":{"PRECINCT":"45","VTD":"0045"},"geometry":{"type":"Polygon","coordinates":[[[-106.40786,31.940659],[-106.407585,31.928513],[-106.419308,31.928313],[-106.419541,31.926925],[-106.42166,31.92518],[-106.42213,31.923738],[-106.426146,31.923677],[-106.428749,31.923233],[-106.431292,31.922365],[-106.436051,31.91995],[-106.440301,31.922849],[-106.437893,31.924638],[-106.41498,31.935801],[-106.411221,31.938138],[-106.40786,31.940659]]]}},{"type":"Feature","properties":{"PRECINCT":"46","VTD":"0046"},"geometry":{"type":"Polygon","coordinates":[[[-106.407585,31.928513],[-106.407417,31.920788],[-106.418321,31.920593],[-106.418392,31.922709],[-106.422107,31.922712],[-106.422068,31.924407],[-106.421541,31.925309],[-106.419652,31.926749],[-106.419332,31.927461],[-106.419308,31.928313],[-106.407585,31.928513]]]}},{"type":"Feature","properties":{"PRECINCT":"47","VTD":"0047"},"geometry":{"type":"Polygon","coordinates":[[[-106.42213,31.923738],[-106.422098,31.922404],[-106.42299,31.922404],[-106.423003,31.921104],[-106.423593,31.920027],[-106.420292,31.918199],[-106.418059,31.918056],[-106.418599,31.915063],[-106.420502,31.915037],[-106.422137,31.915371],[-106.422234,31.914681],[-106.432236,31.914497],[-106.432315,31.912748],[-106.432611,31.912206],[-106.433779,31.912814],[-106.434558,31.912957],[-106.442209,31.912838],[-106.442352,31.918548],[-106.441572,31.921066],[-106.440301,31.922849],[-106.436051,31.91995],[-106.431292,31.922365],[-106.428115,31.923381],[-106.426146,31.923677],[-106.42213,31.923738]]]}},{"type":"Feature","properties":{"PRECINCT":"48","VTD":"0048"},"geometry":{"type":"Polygon","coordinates":[[[-106.418392,31.922709],[-106.418321,31.920593],[-106.407417,31.920788],[-106.407157,31.910102],[-106.408856,31.910092],[-106.411766,31.910727],[-106.418086,31.910633],[-106.418101,31.912006],[-106.417438,31.913435],[-106.417756,31.915078],[-106.418599,31.915063],[-106.418059,31.918056],[-106.420292,31.918199],[-106.423593,31.920027],[-106.423003,31.921104],[-106.42299,31.922404],[-106.422098,31.922404],[-106.422107,31.922712],[-106.418392,31.922709]]]}},{"type":"Feature","properties":{"PRECINCT":"49","VTD":"0049"},"geometry":{"type":"Polygon","coordinates":[[[-106.404209,31.934448],[-106.405016,31.934388],[-106.405011,31.932966],[-106.400278,31.932952],[-106.3996,31.930435],[-106.399772,31.929683],[-106.400732,31.929641],[-106.400721,31.92851],[-106.389304,31.928502],[-106.39371,31.922111],[-106.395905,31.922935],[-106.402111,31.923025],[-106.403777,31.918081],[-106.404232,31.918192],[-106.404962,31.916137],[-106.407314,31.916074],[-106.407798,31.93732],[-106.4061,31.937347],[-106.406115,31.93684],[-106.404763,31.936838],[-106.40445,31.936234],[-106.404209,31.934448]]]}},{"type":"Feature","properties":{"PRECINCT":"50","VTD":"0050"},"geometry":{"type":"Polygon","coordinates":[[[-106.389304,31.928502],[-106.37381,31.928401],[-106.370643,31.927172],[-106.388574,31.898914],[-106.394025,31.898948],[-106.394289,31.910198],[-106.391187,31.910196],[-106.391732,31.913699],[-106.389017,31.913807],[-106.390451,31.920508],[-106.39371,31.922111],[-106.390637,31.926761],[-106.389304,31.928502]]]}},{"type":"Feature","properties":{"PRECINCT":"51","VTD":"0051"},"geometry":{"type":"Polygon","coordinates":[[[-106.429867,31.900505],[-106.429768,31.898456],[-106.441922,31.898269],[-106.442209,31.912838],[-106.434558,31.912957],[-106.433779,31.912814],[-106.432611,31.912206],[-106.433707,31.910808],[-106.433758,31.909548],[-106.432862,31.909559],[-106.432713,31.909051],[-106.432384,31.908896],[-106.430812,31.908794],[-106.430698,31.904221],[-106.429867,31.900505]]]}},{"type":"Feature","properties":{"PRECINCT":"52","VTD":"0052"},"geometry":{"type":"Polygon","coordinates":[[[-106.417756,31.915078],[-106.41745,31.913267],[-106.418101,31.912006],[-106.418086,31.910633],[-106.423418,31.910543],[-106.423257,31.90632],[-106.421595,31.903876],[-106.421457,31.902899],[-106.424418,31.902813],[-106.424325,31.898708],[-106.429768,31.898456],[-106.429867,31.900505],[-106.430698,31.904221],[-106.430812,31.908794],[-106.432384,31.908896],[-106.432713,31.909051],[-106.432862,31.909559],[-106.433758,31.909548],[-106.433707,31.910808],[-106.432357,31.912589],[-106.432236,31.914497],[-106.422234,31.914681],[-106.422137,31.915371],[-106.420502,31.915037],[-106.417756,31.915078]]]}},{"type":"Feature","properties":{"PRECINCT":"53","VTD":"0053"},"geometry":{"type":"Polygon","coordinates":[[[-106.407157,31.910102],[-106.406835,31.89883],[-106.412411,31.898934],[-106.424325,31.898708],[-106.424418,31.902813],[-106.421457,31.902899],[-106.421595,31.903876],[-106.423257,31.90632],[-106.423418,31.910543],[-106.411766,31.910727],[-106.408856,31.910092],[-106.407157,31.910102]]]}},{"type":"Feature","properties":{"PRECINCT":"54","VTD":"0054"},"geometry":{"type":"Polygon","coordinates":[[[-106.390451,31.920508],[-106.389017,31.913807],[-106.391732,31.913699],[-106.391187,31.910196],[-106.394289,31.910198],[-106.394025,31.898948],[-106.406835,31.89883],[-106.407314,31.916074],[-106.404962,31.916137],[-106.404232,31.918192],[-106.403777,31.918081],[-106.402111,31.923025],[-106.395905,31.922935],[-106.394642,31.922569],[-106.390451,31.920508]]]}},{"type":"Feature","properties":{"PRECINCT":"55","VTD":"0055"},"geometry":{"type":"Polygon","coordinates":[[[-106.441922,31.898269],[-106.423805,31.898722],[-106.42329,31.877352],[-106.423532,31.876997],[-106.423162,31.87591],[-106.423177,31.869933],[-106.441452,31.869624],[-106.441354,31.873827],[-106.441922,31.898269]]]}},{"type":"Feature","properties":{"PRECINCT":"56","VTD":"0056"},"geometry":{"type":"Polygon","coordinates":[[[-106.423805,31.898722],[-106.406835,31.89883],[-106.406741,31.898413],[-106.408165,31.898419],[-106.409779,31.895982],[-106.4107,31.896423],[-106.412398,31.893844],[-106.410697,31.89301],[-106.410859,31.891917],[-106.413638,31.891975],[-106.42329,31.877352],[-106.423805,31.898722]]]}},{"type":"Feature","properties":{"PRECINCT":"57","VTD":"0057"},"geometry":{"type":"Polygon","coordinates":[[[-106.406741,31.898413],[-106.406356,31.880717],[-106.417746,31.880524],[-106.420431,31.881692],[-106.413638,31.891975],[-106.410859,31.891917],[-106.410697,31.89301],[-106.412398,31.893844],[-106.4107,31.896423],[-106.409779,31.895982],[-106.408165,31.898419],[-106.406741,31.898413]]]}},{"type":"Feature","properties":{"PRECINCT":"58","VTD":"0058"},"geometry":{"type":"Polygon","coordinates":[[[-106.406835,31.89883],[-106.388574,31.898914],[-106.39752,31.884806],[-106.40106,31.884771],[-106.400871,31.88666],[-106.400029,31.888348],[-106.403681,31.888362],[-106.403971,31.891994],[-106.406603,31.891989],[-106.406835,31.89883]]]}},{"type":"Feature","properties":{"PRECINCT":"59","VTD":"0059"},"geometry":{"type":"Polygon","coordinates":[[[-106.406356,31.880717],[-106.406135,31.871217],[-106.406896,31.870017],[-106.407224,31.870223],[-106.423177,31.869933],[-106.423162,31.87591],[-106.423532,31.876997],[-106.420431,31.881692],[-106.417746,31.880524],[-106.406356,31.880717]]]}},{"type":"Feature","properties":{"PRECINCT":"60","VTD":"0060"},"geometry":{"type":"Polygon","coordinates":[[[-106.454137,31.844216],[-106.4549,31.842919],[-106.456645,31.840938],[-106.457379,31.838646],[-106.457308,31.837261],[-106.456909,31.835997],[-106.454769,31.833254],[-106.454285,31.832066],[-106.454152,31.828267],[-106.454419,31.827145],[-106.454953,31.826291],[-106.455869,31.825565],[-106.456859,31.825161],[-106.462581,31.824338],[-106.464027,31.823453],[-106.465522,31.821791],[-106.471359,31.821898],[-106.473956,31.822902],[-106.475493,31.824355],[-106.475404,31.826787],[-106.476005,31.832667],[-106.4763,31.833231],[-106.477467,31.834291],[-106.478006,31.836014],[-106.478888,31.836534],[-106.481093,31.836617],[-106.482472,31.83803],[-106.483618,31.839886],[-106.486163,31.841823],[-106.486892,31.842295],[-106.488204,31.842296],[-106.489275,31.842642],[-106.49009,31.844068],[-106.491796,31.848627],[-106.493743,31.850705],[-106.493643,31.861905],[-106.494863,31.868479],[-106.45704,31.869401],[-106.456716,31.856068],[-106.454162,31.856111],[-106.454006,31.85065],[-106.453338,31.847376],[-106.454137,31.844216]]]}},{"type":"Feature","properties":{"PRECINCT":"61","VTD":"0061"},"geometry":{"type":"Polygon","coordinates":[[[-106.444414,31.869579],[-106.444179,31.860648],[-106.447082,31.860606],[-106.446979,31.856242],[-106.454162,31.856111],[-106.454262,31.860825],[-106.453419,31.863383],[-106.453545,31.869409],[-106.444414,31.869579]]]}},{"type":"Feature","properties":{"PRECINCT":"62","VTD":"0062"},"geometry":{"type":"Polygon","coordinates":[[[-106.444414,31.869579],[-106.428248,31.86986],[-106.440142,31.851916],[-106.440197,31.853313],[-106.444008,31.853256],[-106.444079,31.856298],[-106.446979,31.856242],[-106.447082,31.860606],[-106.444179,31.860648],[-106.444414,31.869579]]]}},{"type":"Feature","properties":{"PRECINCT":"63","VTD":"0063"},"geometry":{"type":"Polygon","coordinates":[[[-106.423177,31.869933],[-106.422785,31.848932],[-106.439769,31.848498],[-106.440142,31.851916],[-106.428248,31.86986],[-106.423177,31.869933]]]}},{"type":"Feature","properties":{"PRECINCT":"64","VTD":"0064"},"geometry":{"type":"Polygon","coordinates":[[[-106.420259,31.848932],[-106.422785,31.848932],[-106.423177,31.869933],[-106.407224,31.870223],[-106.406896,31.870017],[-106.420259,31.848932]]]}},{"type":"Feature","properties":{"PRECINCT":"65","VTD":"0065"},"geometry":{"type":"Polygon","coordinates":[[[-106.439769,31.848498],[-106.420259,31.848932],[-106.439108,31.81906],[-106.44297,31.81906],[-106.442933,31.821691],[-106.444644,31.821655],[-106.445002,31.825837],[-106.438346,31.825954],[-106.439757,31.829909],[-106.439933,31.835018],[-106.443856,31.834761],[-106.452402,31.834758],[-106.452371,31.844817],[-106.453943,31.844777],[-106.453341,31.847601],[-106.454052,31.851364],[-106.440124,31.851578],[-106.439769,31.848498]]]}},{"type":"Feature","properties":{"PRECINCT":"66","VTD":"0066"},"geometry":{"type":"Polygon","coordinates":[[[-106.452402,31.834758],[-106.439933,31.835018],[-106.439757,31.829909],[-106.438346,31.825954],[-106.455686,31.825676],[-106.45477,31.82652],[-106.454223,31.827796],[-106.454251,31.831877],[-106.454769,31.833254],[-106.456909,31.835997],[-106.457308,31.837261],[-106.457379,31.838646],[-106.456833,31.840607],[-106.454689,31.843205],[-106.453943,31.844777],[-106.452371,31.844817],[-106.452402,31.834758]]]}},{"type":"Feature","properties":{"PRECINCT":"67","VTD":"0067"},"geometry":{"type":"Polygon","coordinates":[[[-106.445002,31.825837],[-106.444644,31.821655],[-106.442933,31.821691],[-106.44297,31.81906],[-106.439514,31.819059],[-106.440146,31.817629],[-106.441611,31.812586],[-106.441892,31.812581],[-106.441867,31.81292],[-106.443758,31.813019],[-106.46132,31.813091],[-106.461413,31.818284],[-106.463108,31.818284],[-106.463087,31.820741],[-106.462998,31.821408],[-106.462825,31.821399],[-106.462947,31.824178],[-106.46146,31.824636],[-106.457071,31.825112],[-106.455686,31.825676],[-106.445002,31.825837]]]}},{"type":"Feature","properties":{"PRECINCT":"68","VTD":"0068"},"geometry":{"type":"Polygon","coordinates":[[[-106.488204,31.842296],[-106.486774,31.842248],[-106.483809,31.840065],[-106.482472,31.83803],[-106.481093,31.836617],[-106.478888,31.836534],[-106.478006,31.836014],[-106.477467,31.834291],[-106.4763,31.833231],[-106.476005,31.832667],[-106.475404,31.826787],[-106.475524,31.82448],[-106.474786,31.82357],[-106.473795,31.82281],[-106.471591,31.821929],[-106.465522,31.821791],[-106.465925,31.820197],[-106.465878,31.81055],[-106.467633,31.810555],[-106.467693,31.807034],[-106.465895,31.806926],[-106.465941,31.795003],[-106.468523,31.79503],[-106.469338,31.794157],[-106.469553,31.793159],[-106.470259,31.792864],[-106.470779,31.792314],[-106.472973,31.791472],[-106.473682,31.790189],[-106.473717,31.789342],[-106.4748,31.789112],[-106.474816,31.788376],[-106.475617,31.787934],[-106.475438,31.787306],[-106.476682,31.785309],[-106.477844,31.784712],[-106.478561,31.783524],[-106.480336,31.782535],[-106.479394,31.785797],[-106.479827,31.788273],[-106.479785,31.790142],[-106.480321,31.792874],[-106.481946,31.796685],[-106.481989,31.798352],[-106.48303,31.800211],[-106.48346,31.802006],[-106.483442,31.803207],[-106.483123,31.804007],[-106.483302,31.804908],[-106.483959,31.806709],[-106.487123,31.812011],[-106.490326,31.818092],[-106.490666,31.820742],[-106.490486,31.822048],[-106.489838,31.822898],[-106.489899,31.823921],[-106.491367,31.826817],[-106.490812,31.828411],[-106.490908,31.829332],[-106.492148,31.832131],[-106.493247,31.833193],[-106.497618,31.839536],[-106.498468,31.841592],[-106.496557,31.843367],[-106.496217,31.844795],[-106.496857,31.847257],[-106.496108,31.84824],[-106.49438,31.849357],[-106.493743,31.850705],[-106.491796,31.848627],[-106.49009,31.844068],[-106.489275,31.842642],[-106.488204,31.842296]]]}},{"type":"Feature","properties":{"PRECINCT":"69","VTD":"0069"},"geometry":{"type":"Polygon","coordinates":[[[-106.46132,31.813091],[-106.441867,31.81292],[-106.441892,31.812581],[-106.441611,31.812586],[-106.442224,31.807084],[-106.442248,31.803718],[-106.442308,31.803985],[-106.46137,31.804036],[-106.461377,31.80223],[-106.465911,31.802253],[-106.465895,31.806926],[-106.467693,31.807034],[-106.467633,31.810555],[-106.465878,31.81055],[-106.465893,31.818263],[-106.461413,31.818284],[-106.46132,31.813091]]]}},{"type":"Feature","properties":{"PRECINCT":"70","VTD":"0070"},"geometry":{"type":"Polygon","coordinates":[[[-106.461377,31.80223],[-106.461439,31.785507],[-106.464593,31.783793],[-106.466579,31.781917],[-106.467756,31.782928],[-106.467509,31.783182],[-106.467682,31.78322],[-106.473554,31.783252],[-106.473534,31.787693],[-106.470502,31.787767],[-106.470484,31.791394],[-106.468982,31.791393],[-106.468974,31.792294],[-106.470656,31.792383],[-106.470259,31.792864],[-106.469502,31.793213],[-106.469338,31.794157],[-106.468523,31.79503],[-106.465941,31.795003],[-106.465911,31.802253],[-106.461377,31.80223]]]}},{"type":"Feature","properties":{"PRECINCT":"71","VTD":"0071"},"geometry":{"type":"Polygon","coordinates":[[[-106.46137,31.804036],[-106.453809,31.804029],[-106.453833,31.800396],[-106.454195,31.798224],[-106.453985,31.793058],[-106.449849,31.793046],[-106.453515,31.790702],[-106.457129,31.787847],[-106.461439,31.785507],[-106.46137,31.804036]]]}},{"type":"Feature","properties":{"PRECINCT":"72","VTD":"0072"},"geometry":{"type":"Polygon","coordinates":[[[-106.442308,31.803985],[-106.442248,31.803718],[-106.442136,31.804323],[-106.441361,31.801314],[-106.443126,31.801254],[-106.444141,31.799671],[-106.449849,31.793046],[-106.453985,31.793058],[-106.454195,31.798224],[-106.453833,31.800396],[-106.453809,31.804029],[-106.442308,31.803985]]]}},{"type":"Feature","properties":{"PRECINCT":"73","VTD":"0073"},"geometry":{"type":"Polygon","coordinates":[[[-106.441058,31.799901],[-106.441107,31.786732],[-106.449546,31.786706],[-106.449524,31.79341],[-106.444141,31.799671],[-106.443126,31.801254],[-106.441361,31.801314],[-106.441058,31.799901]]]}},{"type":"Feature","properties":{"PRECINCT":"74","VTD":"0074"},"geometry":{"type":"Polygon","coordinates":[[[-106.449524,31.79341],[-106.449546,31.786706],[-106.441107,31.786732],[-106.441234,31.779842],[-106.441461,31.778805],[-106.442174,31.777615],[-106.446913,31.777648],[-106.4515,31.778231],[-106.461485,31.778265],[-106.461439,31.785507],[-106.456824,31.788046],[-106.453925,31.790407],[-106.450661,31.792366],[-106.449524,31.79341]]]}},{"type":"Feature","properties":{"PRECINCT":"75","VTD":"0075"},"geometry":{"type":"Polygon","coordinates":[[[-106.431305,31.797017],[-106.431554,31.788553],[-106.436242,31.788974],[-106.437649,31.788694],[-106.441089,31.788714],[-106.441019,31.799157],[-106.441361,31.801314],[-106.43609,31.801259],[-106.431305,31.797017]]]}},{"type":"Feature","properties":{"PRECINCT":"76","VTD":"0076"},"geometry":{"type":"Polygon","coordinates":[[[-106.436342,31.788975],[-106.431554,31.788553],[-106.43163,31.783742],[-106.432904,31.783757],[-106.432861,31.777532],[-106.442174,31.777615],[-106.441461,31.778805],[-106.441161,31.780482],[-106.441089,31.788714],[-106.437649,31.788694],[-106.436342,31.788975]]]}},{"type":"Feature","properties":{"PRECINCT":"77","VTD":"0077"},"geometry":{"type":"Polygon","coordinates":[[[-106.420071,31.7891],[-106.409827,31.78912],[-106.409651,31.793014],[-106.40484,31.791515],[-106.406437,31.789835],[-106.412813,31.785787],[-106.414489,31.784875],[-106.417103,31.783982],[-106.419278,31.783693],[-106.43163,31.783742],[-106.431305,31.797017],[-106.430693,31.797011],[-106.430712,31.79495],[-106.420071,31.7891]]]}},{"type":"Feature","properties":{"PRECINCT":"78","VTD":"0078"},"geometry":{"type":"Polygon","coordinates":[[[-106.432904,31.783757],[-106.418729,31.783713],[-106.416815,31.78407],[-106.418889,31.783034],[-106.419934,31.781994],[-106.422121,31.777715],[-106.424109,31.777498],[-106.432861,31.777532],[-106.432904,31.783757]]]}},{"type":"Feature","properties":{"PRECINCT":"79","VTD":"0079"},"geometry":{"type":"Polygon","coordinates":[[[-106.43154,31.768448],[-106.442722,31.767419],[-106.444624,31.767434],[-106.448258,31.76853],[-106.450917,31.769699],[-106.450888,31.778199],[-106.446485,31.777624],[-106.437553,31.777563],[-106.437848,31.774212],[-106.431683,31.773673],[-106.43154,31.768448]]]}},{"type":"Feature","properties":{"PRECINCT":"80","VTD":"0080"},"geometry":{"type":"Polygon","coordinates":[[[-106.443678,31.767366],[-106.43154,31.768448],[-106.431637,31.756588],[-106.432568,31.756578],[-106.43256,31.755223],[-106.433638,31.754563],[-106.435718,31.755275],[-106.437472,31.756163],[-106.447752,31.762669],[-106.451165,31.764361],[-106.450917,31.769699],[-106.445942,31.767739],[-106.443678,31.767366]]]}},{"type":"Feature","properties":{"PRECINCT":"81","VTD":"0081"},"geometry":{"type":"Polygon","coordinates":[[[-106.437553,31.777563],[-106.422407,31.777639],[-106.420686,31.778224],[-106.420736,31.771285],[-106.425565,31.770397],[-106.426087,31.769313],[-106.426161,31.768422],[-106.427416,31.768556],[-106.431541,31.768285],[-106.431683,31.773673],[-106.437848,31.774212],[-106.437553,31.777563]]]}},{"type":"Feature","properties":{"PRECINCT":"82","VTD":"0082"},"geometry":{"type":"Polygon","coordinates":[[[-106.399968,31.782015],[-106.397986,31.781171],[-106.393284,31.769715],[-106.39315,31.76728],[-106.394416,31.759167],[-106.394263,31.758446],[-106.393682,31.757548],[-106.40228,31.764874],[-106.404368,31.767882],[-106.404816,31.76796],[-106.405486,31.768505],[-106.406549,31.76875],[-106.413169,31.768771],[-106.420736,31.771285],[-106.420686,31.778224],[-106.416138,31.780955],[-106.413489,31.781723],[-106.408684,31.78149],[-106.402153,31.782299],[-106.399968,31.782015]]]}},{"type":"Feature","properties":{"PRECINCT":"83","VTD":"0083"},"geometry":{"type":"Polygon","coordinates":[[[-106.416966,31.769945],[-106.416824,31.760335],[-106.41873,31.760359],[-106.420317,31.761182],[-106.421545,31.761392],[-106.431602,31.761369],[-106.431541,31.768285],[-106.427416,31.768556],[-106.426161,31.768422],[-106.426087,31.769313],[-106.425565,31.770397],[-106.420736,31.771285],[-106.416966,31.769945]]]}},{"type":"Feature","properties":{"PRECINCT":"84","VTD":"0084"},"geometry":{"type":"Polygon","coordinates":[[[-106.411644,31.759592],[-106.413931,31.757996],[-106.415819,31.755138],[-106.417914,31.753845],[-106.418787,31.752206],[-106.421717,31.752953],[-106.429837,31.75383],[-106.433638,31.754563],[-106.43256,31.755223],[-106.432568,31.756578],[-106.431637,31.756588],[-106.431602,31.761369],[-106.421545,31.761392],[-106.420317,31.761182],[-106.41873,31.760359],[-106.415694,31.760333],[-106.411644,31.759592]]]}},{"type":"Feature","properties":{"PRECINCT":"85","VTD":"0085"},"geometry":{"type":"Polygon","coordinates":[[[-106.40228,31.764874],[-106.396317,31.759734],[-106.39939,31.757252],[-106.398262,31.752442],[-106.40412,31.744621],[-106.408116,31.746995],[-106.412058,31.748789],[-106.414261,31.750228],[-106.417296,31.751592],[-106.421866,31.752967],[-106.418787,31.752206],[-106.417914,31.753845],[-106.415819,31.755138],[-106.413931,31.757996],[-106.412693,31.759069],[-106.411644,31.759592],[-106.415622,31.760323],[-106.416824,31.760335],[-106.416965,31.770165],[-106.41298,31.768738],[-106.406549,31.76875],[-106.405486,31.768505],[-106.404816,31.76796],[-106.404368,31.767882],[-106.40228,31.764874]]]}},{"type":"Feature","properties":{"PRECINCT":"86","VTD":"0086"},"geometry":{"type":"Polygon","coordinates":[[[-106.050624,31.999066],[-106.050604,31.966766],[-106.100437,31.966579],[-106.099706,31.951846],[-106.099628,31.931886],[-106.100069,31.92001],[-106.099844,31.888181],[-106.204336,31.887606],[-106.204473,31.873585],[-106.204042,31.869676],[-106.204635,31.833908],[-106.205635,31.833708],[-106.265601,31.833828],[-106.265708,31.832405],[-106.273185,31.832371],[-106.272909,31.819436],[-106.319618,31.834603],[-106.321287,31.835529],[-106.322546,31.836891],[-106.324808,31.841231],[-106.327129,31.844739],[-106.355373,31.893024],[-106.357084,31.895277],[-106.360393,31.897513],[-106.361769,31.898163],[-106.364584,31.898913],[-106.366128,31.89907],[-106.379962,31.899106],[-106.388574,31.898914],[-106.32337,32.001631],[-106.099734,32.002646],[-106.050446,32.002543],[-106.050624,31.999066]]]}},{"type":"Feature","properties":{"PRECINCT":"87","VTD":"0087"},"geometry":{"type":"Polygon","coordinates":[[[-106.330856,31.840999],[-106.329852,31.79847],[-106.348528,31.795936],[-106.34881,31.796757],[-106.351163,31.796455],[-106.355363,31.796443],[-106.362489,31.795645],[-106.36251,31.796789],[-106.364081,31.796766],[-106.364119,31.797932],[-106.367522,31.798129],[-106.367343,31.793581],[-106.371754,31.793002],[-106.372434,31.796736],[-106.375663,31.796314],[-106.376624,31.796495],[-106.3781,31.796269],[-106.378512,31.79595],[-106.378856,31.794753],[-106.378672,31.793542],[-106.393167,31.791723],[-106.393688,31.793777],[-106.393425,31.795532],[-106.392712,31.796278],[-106.391431,31.795259],[-106.39079,31.795734],[-106.393538,31.797858],[-106.393565,31.7985],[-106.393896,31.798797],[-106.397167,31.798876],[-106.400159,31.798026],[-106.400165,31.795694],[-106.401664,31.795657],[-106.40421,31.797645],[-106.404538,31.824178],[-106.404749,31.825179],[-106.407387,31.826306],[-106.409044,31.826459],[-106.423643,31.82643],[-106.43484,31.825929],[-106.42904,31.835066],[-106.429378,31.834451],[-106.429276,31.827973],[-106.421627,31.828045],[-106.421596,31.827576],[-106.403431,31.827944],[-106.403189,31.819526],[-106.383821,31.819982],[-106.38013,31.820245],[-106.378519,31.820602],[-106.376089,31.821814],[-106.36636,31.828185],[-106.362254,31.831138],[-106.358575,31.834265],[-106.352716,31.83852],[-106.350957,31.839539],[-106.348519,31.840443],[-106.346675,31.840762],[-106.330856,31.840999]]]}},{"type":"Feature","properties":{"PRECINCT":"88","VTD":"0088"},"geometry":{"type":"Polygon","coordinates":[[[-106.421659,31.82644],[-106.408688,31.826431],[-106.406476,31.826012],[-106.404674,31.825092],[-106.404162,31.79352],[-106.40484,31.791515],[-106.409651,31.793014],[-106.409827,31.78912],[-106.420071,31.7891],[-106.430712,31.79495],[-106.430693,31.797011],[-106.431289,31.797003],[-106.43609,31.801259],[-106.441361,31.801314],[-106.442094,31.804089],[-106.442267,31.805882],[-106.441464,31.813375],[-106.439659,31.818795],[-106.439514,31.819059],[-106.439108,31.81906],[-106.43484,31.825929],[-106.421659,31.82644]]]}},{"type":"Feature","properties":{"PRECINCT":"89","VTD":"0089"},"geometry":{"type":"Polygon","coordinates":[[[-106.40421,31.797645],[-106.401664,31.795657],[-106.39786,31.795653],[-106.396934,31.795324],[-106.396328,31.794841],[-106.395734,31.793511],[-106.395663,31.789701],[-106.38223,31.791483],[-106.382104,31.78976],[-106.383558,31.787881],[-106.383302,31.78615],[-106.382856,31.785783],[-106.386987,31.785227],[-106.386597,31.782924],[-106.384309,31.783213],[-106.384032,31.781618],[-106.384192,31.780638],[-106.381846,31.780128],[-106.379602,31.779241],[-106.374534,31.775752],[-106.377265,31.771598],[-106.399204,31.781734],[-106.400639,31.782185],[-106.402731,31.78226],[-106.408684,31.78149],[-106.412888,31.781751],[-106.414437,31.781577],[-106.416138,31.780955],[-106.420525,31.778305],[-106.422121,31.777715],[-106.420333,31.781466],[-106.418889,31.783034],[-106.413608,31.78531],[-106.406437,31.789835],[-106.405382,31.790787],[-106.404631,31.791904],[-106.404213,31.793182],[-106.40421,31.797645]]]}},{"type":"Feature","properties":{"PRECINCT":"90","VTD":"0090"},"geometry":{"type":"Polygon","coordinates":[[[-106.397167,31.798876],[-106.393896,31.798797],[-106.393565,31.7985],[-106.393477,31.797798],[-106.390805,31.795769],[-106.391431,31.795259],[-106.392712,31.796278],[-106.393425,31.795532],[-106.393688,31.793777],[-106.393167,31.791723],[-106.378672,31.793542],[-106.378851,31.7948],[-106.378581,31.795842],[-106.378182,31.796233],[-106.376519,31.7965],[-106.375663,31.796314],[-106.372434,31.796736],[-106.370432,31.78547],[-106.37062,31.785444],[-106.372182,31.780293],[-106.374439,31.780728],[-106.376884,31.780593],[-106.377319,31.782885],[-106.37818,31.782773],[-106.378227,31.783242],[-106.377734,31.784498],[-106.378064,31.786418],[-106.382856,31.785783],[-106.383302,31.78615],[-106.383558,31.787881],[-106.382104,31.78976],[-106.38223,31.791483],[-106.395663,31.789701],[-106.395734,31.793511],[-106.396085,31.794538],[-106.396934,31.795324],[-106.397719,31.795621],[-106.400165,31.795694],[-106.400159,31.798026],[-106.397167,31.798876]]]}},{"type":"Feature","properties":{"PRECINCT":"91","VTD":"0091"},"geometry":{"type":"Polygon","coordinates":[[[-106.377734,31.784498],[-106.37818,31.782773],[-106.377319,31.782885],[-106.376884,31.780593],[-106.374439,31.780728],[-106.372182,31.780293],[-106.372966,31.778013],[-106.374534,31.775752],[-106.379602,31.779241],[-106.381846,31.780128],[-106.384192,31.780638],[-106.384032,31.781618],[-106.384309,31.783213],[-106.386597,31.782924],[-106.386987,31.785227],[-106.378064,31.786418],[-106.377734,31.784498]]]}},{"type":"Feature","properties":{"PRECINCT":"92","VTD":"0092"},"geometry":{"type":"Polygon","coordinates":[[[-106.36251,31.796789],[-106.362489,31.795645],[-106.355363,31.796443],[-106.351163,31.796455],[-106.34881,31.796757],[-106.348533,31.79607],[-106.361571,31.794338],[-106.361011,31.762436],[-106.371107,31.768673],[-106.377265,31.771598],[-106.372863,31.778219],[-106.37062,31.785444],[-106.370432,31.78547],[-106.371754,31.793002],[-106.367343,31.793581],[-106.367522,31.798129],[-106.364119,31.797932],[-106.364081,31.796766],[-106.36251,31.796789]]]}},{"type":"Feature","properties":{"PRECINCT":"93","VTD":"0093"},"geometry":{"type":"Polygon","coordinates":[[[-106.355813,31.791494],[-106.355978,31.781411],[-106.355823,31.773206],[-106.357139,31.7732],[-106.360667,31.77405],[-106.360911,31.78663],[-106.360678,31.787233],[-106.359646,31.786857],[-106.359287,31.787581],[-106.36093,31.788262],[-106.361009,31.791664],[-106.360818,31.791912],[-106.359256,31.792122],[-106.359321,31.794622],[-106.356531,31.794976],[-106.355813,31.791494]]]}},{"type":"Feature","properties":{"PRECINCT":"94","VTD":"0094"},"geometry":{"type":"Polygon","coordinates":[[[-106.332323,31.796472],[-106.331164,31.793489],[-106.331054,31.792082],[-106.331988,31.791973],[-106.332712,31.791609],[-106.335146,31.789148],[-106.33746,31.788929],[-106.337431,31.786945],[-106.339812,31.786945],[-106.339864,31.788892],[-106.343032,31.788925],[-106.346665,31.790458],[-106.348415,31.790496],[-106.355761,31.789525],[-106.355839,31.791721],[-106.356531,31.794976],[-106.332655,31.798042],[-106.332323,31.796472]]]}},{"type":"Feature","properties":{"PRECINCT":"95","VTD":"0095"},"geometry":{"type":"Polygon","coordinates":[[[-106.33187,31.789227],[-106.334992,31.78583],[-106.337877,31.78361],[-106.338199,31.782797],[-106.338255,31.781082],[-106.339161,31.779223],[-106.355844,31.785425],[-106.355761,31.789525],[-106.348415,31.790496],[-106.346665,31.790458],[-106.343032,31.788925],[-106.339864,31.788892],[-106.339812,31.786945],[-106.337431,31.786945],[-106.33746,31.788929],[-106.335146,31.789148],[-106.332712,31.791609],[-106.331988,31.791973],[-106.331054,31.792082],[-106.331144,31.790401],[-106.33187,31.789227]]]}},{"type":"Feature","properties":{"PRECINCT":"96","VTD":"0096"},"geometry":{"type":"Polygon","coordinates":[[[-106.339855,31.777589],[-106.339811,31.772126],[-106.342074,31.772014],[-106.345415,31.77059],[-106.3491,31.770486],[-106.350031,31.77079],[-106.351503,31.772602],[-106.352181,31.773094],[-106.355823,31.773206],[-106.355844,31.785425],[-106.339161,31.779223],[-106.339855,31.777589]]]}},{"type":"Feature","properties":{"PRECINCT":"97","VTD":"0097"},"geometry":{"type":"Polygon","coordinates":[[[-106.357139,31.7732],[-106.352364,31.773154],[-106.351631,31.772734],[-106.350031,31.77079],[-106.348829,31.770479],[-106.348982,31.769349],[-106.350376,31.767704],[-106.350563,31.765254],[-106.351511,31.763866],[-106.35002,31.763421],[-106.349186,31.762644],[-106.347426,31.762302],[-106.34742,31.759359],[-106.3499,31.75985],[-106.350487,31.757854],[-106.351384,31.756775],[-106.349515,31.755601],[-106.349674,31.755412],[-106.361011,31.762436],[-106.361274,31.774037],[-106.359847,31.773983],[-106.357139,31.7732]]]}},{"type":"Feature","properties":{"PRECINCT":"98","VTD":"0098"},"geometry":{"type":"Polygon","coordinates":[[[-106.339811,31.772126],[-106.339763,31.759658],[-106.340183,31.758818],[-106.345255,31.752676],[-106.349674,31.755412],[-106.349515,31.755601],[-106.351384,31.756775],[-106.350487,31.757854],[-106.3499,31.75985],[-106.34742,31.759359],[-106.347426,31.762302],[-106.349186,31.762644],[-106.35002,31.763421],[-106.351511,31.763866],[-106.350563,31.765254],[-106.350376,31.767704],[-106.348982,31.769349],[-106.348829,31.770479],[-106.345415,31.77059],[-106.341659,31.772104],[-106.339811,31.772126]]]}},{"type":"Feature","properties":{"PRECINCT":"99","VTD":"0099"},"geometry":{"type":"Polygon","coordinates":[[[-106.319859,31.799513],[-106.319652,31.798027],[-106.318752,31.796747],[-106.318779,31.790676],[-106.320137,31.790682],[-106.322174,31.791464],[-106.325468,31.791866],[-106.331054,31.792082],[-106.331122,31.793342],[-106.332411,31.796738],[-106.332655,31.798042],[-106.319859,31.799513]]]}},{"type":"Feature","properties":{"PRECINCT":"100","VTD":"0100"},"geometry":{"type":"Polygon","coordinates":[[[-106.302463,31.801798],[-106.302323,31.790518],[-106.316157,31.79043],[-106.318779,31.790676],[-106.318752,31.796747],[-106.319702,31.798149],[-106.319859,31.799513],[-106.302463,31.801798]]]}},{"type":"Feature","properties":{"PRECINCT":"101","VTD":"0101"},"geometry":{"type":"Polygon","coordinates":[[[-106.322529,31.776788],[-106.324165,31.776424],[-106.328371,31.77647],[-106.328896,31.775589],[-106.329453,31.775476],[-106.330651,31.775638],[-106.333043,31.776521],[-106.332573,31.777592],[-106.333002,31.778654],[-106.333018,31.781781],[-106.332193,31.783791],[-106.334511,31.783873],[-106.336085,31.784987],[-106.334828,31.785986],[-106.331465,31.789715],[-106.331093,31.790585],[-106.331054,31.792082],[-106.325645,31.791879],[-106.323317,31.791543],[-106.323274,31.779741],[-106.322529,31.776788]]]}},{"type":"Feature","properties":{"PRECINCT":"102","VTD":"0102"},"geometry":{"type":"Polygon","coordinates":[[[-106.330651,31.775638],[-106.328896,31.775589],[-106.328371,31.77647],[-106.324165,31.776424],[-106.322529,31.776788],[-106.32135,31.774189],[-106.322854,31.773478],[-106.323421,31.772893],[-106.323869,31.770703],[-106.324725,31.769056],[-106.330571,31.772099],[-106.339811,31.772126],[-106.339778,31.777934],[-106.338278,31.781004],[-106.338069,31.78329],[-106.337577,31.783921],[-106.336085,31.784987],[-106.334511,31.783873],[-106.332193,31.783791],[-106.333018,31.781781],[-106.333002,31.778654],[-106.332573,31.777592],[-106.333043,31.776521],[-106.330651,31.775638]]]}},{"type":"Feature","properties":{"PRECINCT":"103","VTD":"0103"},"geometry":{"type":"Polygon","coordinates":[[[-106.319116,31.769031],[-106.31908,31.765101],[-106.323813,31.765005],[-106.32773,31.765576],[-106.327664,31.763162],[-106.328968,31.76309],[-106.328991,31.763915],[-106.329565,31.763905],[-106.329602,31.761531],[-106.332345,31.761853],[-106.332312,31.763074],[-106.339715,31.763009],[-106.339811,31.772126],[-106.330409,31.772059],[-106.325048,31.769132],[-106.319116,31.769031]]]}},{"type":"Feature","properties":{"PRECINCT":"104","VTD":"0104"},"geometry":{"type":"Polygon","coordinates":[[[-106.32343,31.765003],[-106.31908,31.765101],[-106.318932,31.747894],[-106.319673,31.745977],[-106.323005,31.741686],[-106.324096,31.740815],[-106.324837,31.739864],[-106.345255,31.752676],[-106.339985,31.759124],[-106.339699,31.760074],[-106.339715,31.763009],[-106.332312,31.763074],[-106.332345,31.761853],[-106.329602,31.761531],[-106.329565,31.763905],[-106.328991,31.763915],[-106.328968,31.76309],[-106.327664,31.763162],[-106.32773,31.765576],[-106.32343,31.765003]]]}},{"type":"Feature","properties":{"PRECINCT":"105","VTD":"0105"},"geometry":{"type":"Polygon","coordinates":[[[-106.302298,31.782649],[-106.303557,31.782638],[-106.306176,31.783599],[-106.307347,31.783782],[-106.32325,31.783783],[-106.323317,31.791543],[-106.322174,31.791464],[-106.320137,31.790682],[-106.316391,31.790436],[-106.302323,31.790518],[-106.302298,31.782649]]]}},{"type":"Feature","properties":{"PRECINCT":"106","VTD":"0106"},"geometry":{"type":"Polygon","coordinates":[[[-106.302299,31.782519],[-106.301928,31.769413],[-106.30692,31.76941],[-106.306911,31.771519],[-106.306584,31.77212],[-106.316014,31.77822],[-106.316467,31.777601],[-106.316497,31.776482],[-106.318609,31.77649],[-106.318587,31.778894],[-106.318083,31.779592],[-106.318615,31.780297],[-106.318654,31.783777],[-106.306759,31.783727],[-106.30375,31.782687],[-106.302299,31.782519]]]}},{"type":"Feature","properties":{"PRECINCT":"107","VTD":"0107"},"geometry":{"type":"Polygon","coordinates":[[[-106.318609,31.77649],[-106.316497,31.776482],[-106.316467,31.777601],[-106.316014,31.77822],[-106.306584,31.77212],[-106.306911,31.771519],[-106.30692,31.76941],[-106.311355,31.769407],[-106.313916,31.769052],[-106.324725,31.769056],[-106.323869,31.770703],[-106.323421,31.772893],[-106.322854,31.773478],[-106.32135,31.774189],[-106.322113,31.775604],[-106.323177,31.778853],[-106.32325,31.783783],[-106.318654,31.783777],[-106.318615,31.780297],[-106.318083,31.779592],[-106.318587,31.778894],[-106.318609,31.77649]]]}},{"type":"Feature","properties":{"PRECINCT":"108","VTD":"0108"},"geometry":{"type":"Polygon","coordinates":[[[-106.313479,31.769067],[-106.311355,31.769407],[-106.308193,31.76941],[-106.308174,31.76639],[-106.310041,31.766381],[-106.310094,31.764812],[-106.308166,31.764645],[-106.308092,31.752676],[-106.310473,31.752781],[-106.314872,31.75419],[-106.318977,31.754204],[-106.319116,31.769031],[-106.313479,31.769067]]]}},{"type":"Feature","properties":{"PRECINCT":"109","VTD":"0109"},"geometry":{"type":"Polygon","coordinates":[[[-106.301935,31.76681],[-106.302333,31.765863],[-106.302052,31.764959],[-106.301941,31.754918],[-106.301918,31.751594],[-106.302189,31.751496],[-106.303194,31.751673],[-106.304987,31.75262],[-106.308092,31.752676],[-106.308166,31.764645],[-106.310094,31.764812],[-106.310041,31.766381],[-106.308174,31.76639],[-106.308193,31.76941],[-106.301928,31.769413],[-106.301935,31.76681]]]}},{"type":"Feature","properties":{"PRECINCT":"110","VTD":"0110"},"geometry":{"type":"Polygon","coordinates":[[[-106.30317,31.723008],[-106.30476,31.720658],[-106.324837,31.739864],[-106.324096,31.740815],[-106.323005,31.741686],[-106.31926,31.746723],[-106.318932,31.747894],[-106.318977,31.754204],[-106.314872,31.75419],[-106.309971,31.7527],[-106.305071,31.752636],[-106.303194,31.751673],[-106.301928,31.751497],[-106.301662,31.725439],[-106.302914,31.725158],[-106.30317,31.723008]]]}},{"type":"Feature","properties":{"PRECINCT":"111","VTD":"0111"},"geometry":{"type":"Polygon","coordinates":[[[-106.3024,31.798115],[-106.285151,31.798036],[-106.28509,31.791475],[-106.298047,31.791295],[-106.302323,31.790518],[-106.3024,31.798115]]]}},{"type":"Feature","properties":{"PRECINCT":"112","VTD":"0112"},"geometry":{"type":"Polygon","coordinates":[[[-106.26839,31.806544],[-106.268392,31.806281],[-106.267787,31.806365],[-106.267608,31.792372],[-106.277425,31.792248],[-106.280629,31.791305],[-106.28509,31.791475],[-106.285151,31.798036],[-106.3024,31.798115],[-106.302517,31.802066],[-106.26839,31.806544]]]}},{"type":"Feature","properties":{"PRECINCT":"113","VTD":"0113"},"geometry":{"type":"Polygon","coordinates":[[[-106.298047,31.791295],[-106.28509,31.791475],[-106.28502,31.782647],[-106.302299,31.782519],[-106.302323,31.790518],[-106.298047,31.791295]]]}},{"type":"Feature","properties":{"PRECINCT":"114","VTD":"0114"},"geometry":{"type":"Polygon","coordinates":[[[-106.267608,31.792372],[-106.267436,31.776362],[-106.271361,31.776439],[-106.272608,31.776806],[-106.279909,31.782413],[-106.281111,31.782664],[-106.28502,31.782647],[-106.28509,31.791475],[-106.280629,31.791305],[-106.278149,31.792094],[-106.276391,31.792313],[-106.267608,31.792372]]]}},{"type":"Feature","properties":{"PRECINCT":"115","VTD":"0115"},"geometry":{"type":"Polygon","coordinates":[[[-106.212109,31.813783],[-106.236202,31.791358],[-106.23809,31.792725],[-106.241461,31.793775],[-106.242909,31.794647],[-106.243916,31.795621],[-106.244895,31.797442],[-106.245089,31.797377],[-106.246662,31.800614],[-106.247225,31.802376],[-106.247347,31.807336],[-106.247676,31.809002],[-106.217156,31.813001],[-106.216988,31.81331],[-106.206481,31.814752],[-106.206471,31.814553],[-106.212109,31.813783]]]}},{"type":"Feature","properties":{"PRECINCT":"116","VTD":"0116"},"geometry":{"type":"Polygon","coordinates":[[[-106.241461,31.793775],[-106.23809,31.792725],[-106.236202,31.791358],[-106.252915,31.775798],[-106.259124,31.780658],[-106.25977,31.781884],[-106.259679,31.792281],[-106.257313,31.792324],[-106.255496,31.79266],[-106.244895,31.797442],[-106.243916,31.795621],[-106.242909,31.794647],[-106.241461,31.793775]]]}},{"type":"Feature","properties":{"PRECINCT":"117","VTD":"0117"},"geometry":{"type":"Polygon","coordinates":[[[-106.290963,31.772707],[-106.290779,31.767347],[-106.295577,31.767364],[-106.297256,31.767684],[-106.299984,31.769166],[-106.301928,31.769413],[-106.302299,31.782519],[-106.293619,31.782584],[-106.293513,31.776053],[-106.293172,31.775307],[-106.290963,31.772707]]]}},{"type":"Feature","properties":{"PRECINCT":"118","VTD":"0118"},"geometry":{"type":"Polygon","coordinates":[[[-106.28502,31.782647],[-106.284866,31.76734],[-106.290779,31.767347],[-106.290904,31.772547],[-106.29145,31.7735],[-106.293172,31.775307],[-106.293513,31.776053],[-106.293619,31.782584],[-106.28502,31.782647]]]}},{"type":"Feature","properties":{"PRECINCT":"119","VTD":"0119"},"geometry":{"type":"Polygon","coordinates":[[[-106.28502,31.782647],[-106.280654,31.782613],[-106.279534,31.782237],[-106.272554,31.776781],[-106.271361,31.776439],[-106.267436,31.776362],[-106.267338,31.76359],[-106.267206,31.763062],[-106.266651,31.763008],[-106.267286,31.762238],[-106.267278,31.760774],[-106.271557,31.760733],[-106.272656,31.760991],[-106.273487,31.76146],[-106.279702,31.766627],[-106.281753,31.767295],[-106.284866,31.76734],[-106.28502,31.782647]]]}},{"type":"Feature","properties":{"PRECINCT":"120","VTD":"0120"},"geometry":{"type":"Polygon","coordinates":[[[-106.287998,31.76593],[-106.287997,31.764422],[-106.29078,31.764424],[-106.291322,31.76123],[-106.292224,31.759857],[-106.292264,31.755971],[-106.29278,31.754595],[-106.29462,31.751843],[-106.295213,31.750528],[-106.298882,31.751464],[-106.301928,31.751497],[-106.302052,31.764959],[-106.302333,31.765863],[-106.301935,31.76681],[-106.301928,31.769413],[-106.299792,31.769101],[-106.297808,31.767939],[-106.296296,31.767433],[-106.290779,31.767347],[-106.29078,31.765938],[-106.287998,31.76593]]]}},{"type":"Feature","properties":{"PRECINCT":"121","VTD":"0121"},"geometry":{"type":"Polygon","coordinates":[[[-106.279491,31.76651],[-106.273045,31.761169],[-106.271557,31.760733],[-106.269082,31.76074],[-106.274111,31.756069],[-106.280823,31.761334],[-106.281682,31.760664],[-106.282373,31.760423],[-106.286934,31.760369],[-106.288403,31.759553],[-106.292239,31.759542],[-106.292119,31.760222],[-106.291322,31.76123],[-106.29078,31.764424],[-106.287997,31.764422],[-106.287998,31.76593],[-106.29078,31.765938],[-106.290779,31.767347],[-106.281512,31.767254],[-106.279491,31.76651]]]}},{"type":"Feature","properties":{"PRECINCT":"122","VTD":"0122"},"geometry":{"type":"Polygon","coordinates":[[[-106.280823,31.761334],[-106.274111,31.756069],[-106.281129,31.749513],[-106.286616,31.74386],[-106.287361,31.744969],[-106.287125,31.74724],[-106.288014,31.74846],[-106.289006,31.74891],[-106.295213,31.750528],[-106.29462,31.751843],[-106.29278,31.754595],[-106.292264,31.755971],[-106.292239,31.759542],[-106.288403,31.759553],[-106.286934,31.760369],[-106.282373,31.760423],[-106.281682,31.760664],[-106.280823,31.761334]]]}},{"type":"Feature","properties":{"PRECINCT":"123","VTD":"0123"},"geometry":{"type":"Polygon","coordinates":[[[-106.300148,31.726764],[-106.301662,31.725439],[-106.301928,31.751497],[-106.299181,31.751494],[-106.288123,31.748535],[-106.287172,31.747389],[-106.287048,31.746572],[-106.287361,31.744969],[-106.286616,31.74386],[-106.290412,31.739866],[-106.300148,31.726764]]]}},{"type":"Feature","properties":{"PRECINCT":"124","VTD":"0124"},"geometry":{"type":"Polygon","coordinates":[[[-106.267278,31.760774],[-106.267028,31.741053],[-106.269606,31.740955],[-106.27161,31.739985],[-106.272785,31.739686],[-106.280783,31.739681],[-106.281485,31.739912],[-106.283131,31.741072],[-106.284442,31.742319],[-106.286616,31.74386],[-106.281129,31.749513],[-106.269082,31.76074],[-106.267278,31.760774]]]}},{"type":"Feature","properties":{"PRECINCT":"125","VTD":"0125"},"geometry":{"type":"Polygon","coordinates":[[[-106.280607,31.73967],[-106.272785,31.739686],[-106.27161,31.739985],[-106.269606,31.740955],[-106.267028,31.741053],[-106.266862,31.726176],[-106.271417,31.726254],[-106.273958,31.726925],[-106.284404,31.733063],[-106.288262,31.735978],[-106.291871,31.737949],[-106.290068,31.740267],[-106.286616,31.74386],[-106.281399,31.739862],[-106.280607,31.73967]]]}},{"type":"Feature","properties":{"PRECINCT":"126","VTD":"0126"},"geometry":{"type":"Polygon","coordinates":[[[-106.269058,31.717941],[-106.284117,31.701351],[-106.293087,31.70944],[-106.30476,31.720658],[-106.30317,31.723008],[-106.302914,31.725158],[-106.301424,31.725541],[-106.300532,31.726265],[-106.291871,31.737949],[-106.288262,31.735978],[-106.284404,31.733063],[-106.273958,31.726925],[-106.271417,31.726254],[-106.266862,31.726176],[-106.266876,31.723915],[-106.267222,31.721906],[-106.267979,31.719818],[-106.269058,31.717941]]]}},{"type":"Feature","properties":{"PRECINCT":"127","VTD":"0127"},"geometry":{"type":"Polygon","coordinates":[[[-106.265601,31.833828],[-106.205635,31.833708],[-106.204635,31.833908],[-106.205074,31.814942],[-106.232259,31.811292],[-106.232268,31.814514],[-106.234163,31.814494],[-106.234214,31.82679],[-106.273114,31.826692],[-106.273185,31.832371],[-106.265708,31.832405],[-106.265601,31.833828]]]}},{"type":"Feature","properties":{"PRECINCT":"128","VTD":"0128"},"geometry":{"type":"Polygon","coordinates":[[[-106.234751,31.790087],[-106.233906,31.788453],[-106.226511,31.789675],[-106.216739,31.789626],[-106.216576,31.776497],[-106.233669,31.776567],[-106.233662,31.776184],[-106.25124,31.776102],[-106.251257,31.777044],[-106.251873,31.776379],[-106.251881,31.77676],[-106.236202,31.791358],[-106.234751,31.790087]]]}},{"type":"Feature","properties":{"PRECINCT":"129","VTD":"0129"},"geometry":{"type":"Polygon","coordinates":[[[-106.251257,31.777044],[-106.25124,31.776102],[-106.233662,31.776184],[-106.233669,31.776567],[-106.216576,31.776497],[-106.216437,31.774768],[-106.216449,31.776177],[-106.199648,31.776166],[-106.199588,31.769328],[-106.251768,31.769323],[-106.251847,31.774944],[-106.252915,31.775798],[-106.251881,31.77676],[-106.251873,31.776379],[-106.251257,31.777044]]]}},{"type":"Feature","properties":{"PRECINCT":"130","VTD":"0130"},"geometry":{"type":"Polygon","coordinates":[[[-106.249306,31.769326],[-106.249248,31.767582],[-106.250678,31.767581],[-106.250531,31.756715],[-106.249454,31.756727],[-106.249473,31.75504],[-106.2507,31.754861],[-106.267356,31.75497],[-106.267237,31.762323],[-106.252915,31.775798],[-106.251847,31.774944],[-106.251768,31.769323],[-106.249306,31.769326]]]}},{"type":"Feature","properties":{"PRECINCT":"131","VTD":"0131"},"geometry":{"type":"Polygon","coordinates":[[[-106.267039,31.74053],[-106.25038,31.740596],[-106.250314,31.735338],[-106.248087,31.735348],[-106.248083,31.733544],[-106.24702,31.733543],[-106.247017,31.731735],[-106.248078,31.731737],[-106.248081,31.732637],[-106.248888,31.732638],[-106.249137,31.732637],[-106.249135,31.731738],[-106.250269,31.731731],[-106.250217,31.72758],[-106.256919,31.727545],[-106.25691,31.726248],[-106.266862,31.726176],[-106.267129,31.736399],[-106.267039,31.74053]]]}},{"type":"Feature","properties":{"PRECINCT":"132","VTD":"0132"},"geometry":{"type":"Polygon","coordinates":[[[-106.374052,31.761274],[-106.373554,31.761361],[-106.373208,31.760812],[-106.372534,31.760384],[-106.368609,31.758301],[-106.366944,31.7578],[-106.366923,31.753649],[-106.36521,31.753671],[-106.365144,31.748672],[-106.365389,31.748154],[-106.36661,31.747513],[-106.367476,31.746171],[-106.372407,31.750036],[-106.381375,31.754833],[-106.385498,31.758303],[-106.391473,31.760797],[-106.394038,31.761641],[-106.39315,31.76728],[-106.393212,31.769391],[-106.397986,31.781171],[-106.370653,31.768397],[-106.371204,31.767997],[-106.375559,31.762041],[-106.374052,31.761274]]]}},{"type":"Feature","properties":{"PRECINCT":"133","VTD":"0133"},"geometry":{"type":"Polygon","coordinates":[[[-106.370653,31.768397],[-106.359705,31.761615],[-106.361539,31.759512],[-106.362323,31.758933],[-106.361411,31.757525],[-106.358566,31.757569],[-106.35853,31.753691],[-106.366923,31.753649],[-106.366944,31.7578],[-106.368903,31.758444],[-106.372987,31.760636],[-106.373554,31.761361],[-106.374211,31.761305],[-106.375559,31.762041],[-106.371204,31.767997],[-106.370653,31.768397]]]}},{"type":"Feature","properties":{"PRECINCT":"134","VTD":"0134"},"geometry":{"type":"Polygon","coordinates":[[[-106.364787,31.741671],[-106.375096,31.741743],[-106.393682,31.757548],[-106.394414,31.758981],[-106.394038,31.761641],[-106.391473,31.760797],[-106.385498,31.758303],[-106.381,31.754587],[-106.375362,31.751762],[-106.371784,31.749622],[-106.366967,31.745724],[-106.365614,31.744025],[-106.3643,31.741812],[-106.364787,31.741671]]]}},{"type":"Feature","properties":{"PRECINCT":"135","VTD":"0135"},"geometry":{"type":"Polygon","coordinates":[[[-106.394651,31.739351],[-106.40412,31.744621],[-106.398262,31.752442],[-106.39939,31.757252],[-106.3963,31.759773],[-106.387547,31.752331],[-106.388919,31.750931],[-106.386781,31.749213],[-106.394651,31.739351]]]}},{"type":"Feature","properties":{"PRECINCT":"136","VTD":"0136"},"geometry":{"type":"Polygon","coordinates":[[[-106.387547,31.752331],[-106.375096,31.741743],[-106.377562,31.741672],[-106.383803,31.733643],[-106.39116,31.737656],[-106.394719,31.73925],[-106.386781,31.749213],[-106.388919,31.750931],[-106.387547,31.752331]]]}},{"type":"Feature","properties":{"PRECINCT":"137","VTD":"0137"},"geometry":{"type":"Polygon","coordinates":[[[-106.359705,31.761615],[-106.345255,31.752676],[-106.345974,31.751665],[-106.345945,31.749109],[-106.349142,31.748086],[-106.353917,31.747969],[-106.353919,31.747774],[-106.35795,31.748815],[-106.363392,31.751506],[-106.365177,31.751577],[-106.36521,31.753671],[-106.35853,31.753691],[-106.358566,31.757569],[-106.361411,31.757525],[-106.362323,31.758933],[-106.361539,31.759512],[-106.359705,31.761615]]]}},{"type":"Feature","properties":{"PRECINCT":"138","VTD":"0138"},"geometry":{"type":"Polygon","coordinates":[[[-106.358049,31.748855],[-106.353919,31.747774],[-106.353917,31.747969],[-106.349548,31.748034],[-106.345945,31.749109],[-106.345893,31.73927],[-106.348381,31.739342],[-106.349271,31.739758],[-106.350485,31.740957],[-106.351246,31.741343],[-106.355656,31.742113],[-106.358879,31.742991],[-106.361575,31.74286],[-106.3643,31.741812],[-106.365614,31.744025],[-106.367476,31.746171],[-106.366552,31.747571],[-106.365216,31.748379],[-106.365177,31.751577],[-106.363392,31.751506],[-106.358049,31.748855]]]}},{"type":"Feature","properties":{"PRECINCT":"139","VTD":"0139"},"geometry":{"type":"Polygon","coordinates":[[[-106.345209,31.752647],[-106.331852,31.744386],[-106.332318,31.743685],[-106.333719,31.735086],[-106.33633,31.735747],[-106.340711,31.735944],[-106.341249,31.736252],[-106.342067,31.737313],[-106.344029,31.738819],[-106.344777,31.739162],[-106.345893,31.73927],[-106.345983,31.751519],[-106.345786,31.75217],[-106.345209,31.752647]]]}},{"type":"Feature","properties":{"PRECINCT":"140","VTD":"0140"},"geometry":{"type":"Polygon","coordinates":[[[-106.347714,31.739249],[-106.345893,31.73927],[-106.345586,31.737649],[-106.344022,31.733542],[-106.344258,31.732628],[-106.345345,31.730634],[-106.347943,31.72859],[-106.358429,31.734819],[-106.362627,31.739296],[-106.3643,31.741812],[-106.361316,31.742916],[-106.358597,31.742949],[-106.355656,31.742113],[-106.351246,31.741343],[-106.350485,31.740957],[-106.349104,31.739647],[-106.347714,31.739249]]]}},{"type":"Feature","properties":{"PRECINCT":"141","VTD":"0141"},"geometry":{"type":"Polygon","coordinates":[[[-106.375096,31.741743],[-106.3643,31.741812],[-106.362627,31.739296],[-106.358175,31.734624],[-106.347943,31.72859],[-106.349518,31.727567],[-106.35016,31.726835],[-106.350512,31.725974],[-106.350775,31.723699],[-106.352,31.722099],[-106.375096,31.741743]]]}},{"type":"Feature","properties":{"PRECINCT":"142","VTD":"0142"},"geometry":{"type":"Polygon","coordinates":[[[-106.368297,31.73147],[-106.368482,31.729502],[-106.36926,31.72951],[-106.373695,31.728558],[-106.373502,31.727865],[-106.377628,31.726962],[-106.378039,31.72831],[-106.380321,31.731378],[-106.381074,31.732082],[-106.383803,31.733643],[-106.377486,31.741723],[-106.375096,31.741743],[-106.366687,31.734594],[-106.36886,31.732672],[-106.368297,31.73147]]]}},{"type":"Feature","properties":{"PRECINCT":"143","VTD":"0143"},"geometry":{"type":"Polygon","coordinates":[[[-106.364363,31.73121],[-106.361985,31.729288],[-106.36382,31.727562],[-106.363792,31.723189],[-106.363309,31.721147],[-106.364133,31.718939],[-106.36375,31.718682],[-106.36434,31.717848],[-106.365726,31.714557],[-106.36815,31.710902],[-106.368294,31.709571],[-106.370139,31.71071],[-106.37237,31.712569],[-106.374036,31.714845],[-106.377628,31.726962],[-106.373502,31.727865],[-106.373695,31.728558],[-106.36926,31.72951],[-106.368482,31.729502],[-106.368297,31.73147],[-106.36886,31.732672],[-106.366687,31.734594],[-106.363528,31.731912],[-106.364363,31.73121]]]}},{"type":"Feature","properties":{"PRECINCT":"144","VTD":"0144"},"geometry":{"type":"Polygon","coordinates":[[[-106.325476,31.739028],[-106.329396,31.727343],[-106.331494,31.722497],[-106.33247,31.720933],[-106.339901,31.723984],[-106.347943,31.72859],[-106.345345,31.730634],[-106.344063,31.733113],[-106.344099,31.733973],[-106.345586,31.737649],[-106.345893,31.73927],[-106.344777,31.739162],[-106.344029,31.738819],[-106.342067,31.737313],[-106.341249,31.736252],[-106.340711,31.735944],[-106.33633,31.735747],[-106.333719,31.735086],[-106.332318,31.743685],[-106.331852,31.744386],[-106.324837,31.739864],[-106.325476,31.739028]]]}},{"type":"Feature","properties":{"PRECINCT":"145","VTD":"0145"},"geometry":{"type":"Polygon","coordinates":[[[-106.314917,31.7072],[-106.317523,31.704952],[-106.318189,31.705723],[-106.329175,31.719031],[-106.330567,31.720109],[-106.33247,31.720933],[-106.331494,31.722497],[-106.329396,31.727343],[-106.325562,31.738821],[-106.324837,31.739864],[-106.30476,31.720658],[-106.311973,31.710686],[-106.314917,31.7072]]]}},{"type":"Feature","properties":{"PRECINCT":"146","VTD":"0146"},"geometry":{"type":"Polygon","coordinates":[[[-106.340831,31.712742],[-106.352,31.722099],[-106.350775,31.723699],[-106.350512,31.725974],[-106.35016,31.726835],[-106.349518,31.727567],[-106.347943,31.72859],[-106.340092,31.724082],[-106.337205,31.722842],[-106.339109,31.716015],[-106.339037,31.714867],[-106.340831,31.712742]]]}},{"type":"Feature","properties":{"PRECINCT":"147","VTD":"0147"},"geometry":{"type":"Polygon","coordinates":[[[-106.363528,31.731912],[-106.340924,31.712674],[-106.345783,31.711819],[-106.34581,31.711193],[-106.347136,31.710867],[-106.348586,31.712837],[-106.349398,31.712681],[-106.356353,31.714559],[-106.355907,31.715651],[-106.364229,31.718073],[-106.36375,31.718682],[-106.364133,31.718939],[-106.36331,31.721053],[-106.363792,31.723189],[-106.36382,31.727562],[-106.361985,31.729288],[-106.364363,31.73121],[-106.363528,31.731912]]]}},{"type":"Feature","properties":{"PRECINCT":"148","VTD":"0148"},"geometry":{"type":"Polygon","coordinates":[[[-106.349285,31.712659],[-106.348586,31.712837],[-106.343289,31.705382],[-106.356175,31.702315],[-106.357006,31.702187],[-106.368294,31.709571],[-106.36815,31.710902],[-106.365726,31.714557],[-106.364229,31.718073],[-106.355907,31.715651],[-106.356353,31.714559],[-106.349285,31.712659]]]}},{"type":"Feature","properties":{"PRECINCT":"149","VTD":"0149"},"geometry":{"type":"Polygon","coordinates":[[[-106.321142,31.702776],[-106.324804,31.698941],[-106.340924,31.712674],[-106.339037,31.714867],[-106.339109,31.716015],[-106.337205,31.722842],[-106.330749,31.720211],[-106.329466,31.719315],[-106.317523,31.704952],[-106.321142,31.702776]]]}},{"type":"Feature","properties":{"PRECINCT":"150","VTD":"0150"},"geometry":{"type":"Polygon","coordinates":[[[-106.340924,31.712674],[-106.324804,31.698941],[-106.326997,31.696945],[-106.327809,31.695429],[-106.327213,31.695275],[-106.327223,31.694817],[-106.326651,31.693715],[-106.326425,31.692132],[-106.326977,31.692187],[-106.327028,31.691488],[-106.335699,31.694938],[-106.337124,31.695825],[-106.344262,31.706887],[-106.347136,31.710867],[-106.34581,31.711193],[-106.345783,31.711819],[-106.340924,31.712674]]]}},{"type":"Feature","properties":{"PRECINCT":"151","VTD":"0151"},"geometry":{"type":"Polygon","coordinates":[[[-106.343289,31.705382],[-106.337712,31.696497],[-106.33696,31.695673],[-106.335699,31.694938],[-106.327859,31.691837],[-106.328124,31.690751],[-106.329812,31.690959],[-106.330245,31.689957],[-106.329602,31.689777],[-106.330492,31.687814],[-106.333024,31.68778],[-106.334914,31.687272],[-106.339263,31.687407],[-106.339407,31.689823],[-106.341327,31.689704],[-106.341209,31.688255],[-106.341837,31.688056],[-106.342956,31.69204],[-106.346973,31.691105],[-106.348424,31.694637],[-106.349565,31.696712],[-106.351748,31.698592],[-106.357006,31.702187],[-106.343289,31.705382]]]}},{"type":"Feature","properties":{"PRECINCT":"152","VTD":"0152"},"geometry":{"type":"Polygon","coordinates":[[[-106.293678,31.708815],[-106.295207,31.704521],[-106.295972,31.70349],[-106.298267,31.701484],[-106.296001,31.699642],[-106.296281,31.699091],[-106.298827,31.700969],[-106.300162,31.698422],[-106.301823,31.699568],[-106.304453,31.704061],[-106.305618,31.705263],[-106.30631,31.705438],[-106.308577,31.705154],[-106.310834,31.705505],[-106.313264,31.706381],[-106.314843,31.707286],[-106.311973,31.710686],[-106.30476,31.720658],[-106.293087,31.70944],[-106.293004,31.709028],[-106.293678,31.708815]]]}},{"type":"Feature","properties":{"PRECINCT":"153","VTD":"0153"},"geometry":{"type":"Polygon","coordinates":[[[-106.308577,31.705154],[-106.30631,31.705438],[-106.305618,31.705263],[-106.304453,31.704061],[-106.30314,31.701806],[-106.305442,31.700847],[-106.307975,31.699258],[-106.307636,31.698893],[-106.309489,31.697696],[-106.309842,31.698062],[-106.311898,31.69674],[-106.311403,31.696353],[-106.313925,31.693751],[-106.311334,31.690087],[-106.310104,31.689114],[-106.310508,31.688739],[-106.310762,31.687888],[-106.311872,31.687287],[-106.312066,31.686696],[-106.317067,31.692216],[-106.324804,31.698941],[-106.321142,31.702776],[-106.31769,31.704752],[-106.314843,31.707286],[-106.313585,31.706524],[-106.311467,31.705685],[-106.308577,31.705154]]]}},{"type":"Feature","properties":{"PRECINCT":"154","VTD":"0154"},"geometry":{"type":"Polygon","coordinates":[[[-106.284117,31.701351],[-106.296239,31.687995],[-106.298062,31.686499],[-106.302016,31.689924],[-106.306376,31.692468],[-106.311898,31.69674],[-106.309842,31.698062],[-106.309489,31.697696],[-106.307636,31.698893],[-106.307975,31.699258],[-106.305442,31.700847],[-106.30314,31.701806],[-106.301716,31.699441],[-106.300162,31.698422],[-106.298827,31.700969],[-106.296281,31.699091],[-106.296001,31.699642],[-106.298267,31.701484],[-106.295972,31.70349],[-106.295207,31.704521],[-106.293964,31.708391],[-106.293523,31.708959],[-106.293004,31.709028],[-106.293087,31.70944],[-106.284117,31.701351]]]}},{"type":"Feature","properties":{"PRECINCT":"155","VTD":"0155"},"geometry":{"type":"Polygon","coordinates":[[[-106.28994,31.678279],[-106.290698,31.677539],[-106.291581,31.677504],[-106.292044,31.677029],[-106.291581,31.67656],[-106.29736,31.670071],[-106.312022,31.686747],[-106.311872,31.687287],[-106.310762,31.687888],[-106.310508,31.688739],[-106.310104,31.689114],[-106.311334,31.690087],[-106.313925,31.693751],[-106.311403,31.696353],[-106.306376,31.692468],[-106.302735,31.690405],[-106.300966,31.689055],[-106.294639,31.683457],[-106.28994,31.678279]]]}},{"type":"Feature","properties":{"PRECINCT":"156","VTD":"0156"},"geometry":{"type":"Polygon","coordinates":[[[-106.301664,31.663588],[-106.302154,31.662723],[-106.303252,31.662788],[-106.303112,31.661977],[-106.304105,31.661782],[-106.305781,31.662331],[-106.305903,31.66338],[-106.306647,31.662766],[-106.316592,31.678445],[-106.312795,31.680331],[-106.299513,31.664973],[-106.301664,31.663588]]]}},{"type":"Feature","properties":{"PRECINCT":"157","VTD":"0157"},"geometry":{"type":"Polygon","coordinates":[[[-106.316592,31.678445],[-106.306647,31.662766],[-106.309842,31.660566],[-106.311476,31.657174],[-106.311463,31.656046],[-106.309938,31.655951],[-106.309846,31.654977],[-106.309299,31.654937],[-106.309104,31.654553],[-106.309056,31.653993],[-106.309731,31.652408],[-106.307522,31.651134],[-106.306568,31.64941],[-106.30747,31.648856],[-106.300923,31.641253],[-106.299605,31.641899],[-106.299249,31.641131],[-106.300387,31.640673],[-106.299926,31.640236],[-106.298711,31.639965],[-106.297757,31.637511],[-106.297093,31.637562],[-106.291867,31.628934],[-106.292693,31.628448],[-106.292412,31.628114],[-106.292711,31.626839],[-106.291804,31.626519],[-106.296471,31.624448],[-106.297037,31.625405],[-106.303602,31.622469],[-106.307944,31.629519],[-106.324357,31.649739],[-106.32985,31.65849],[-106.334435,31.663555],[-106.337926,31.671211],[-106.336917,31.671231],[-106.336407,31.671557],[-106.336573,31.672601],[-106.335944,31.675003],[-106.333618,31.674056],[-106.331567,31.673961],[-106.318785,31.677576],[-106.316592,31.678445]]]}},{"type":"Feature","properties":{"PRECINCT":"158","VTD":"0158"},"geometry":{"type":"Polygon","coordinates":[[[-106.198682,31.699151],[-106.19849,31.682728],[-106.200379,31.682722],[-106.211666,31.697493],[-106.211891,31.699132],[-106.198682,31.699151]]]}},{"type":"Feature","properties":{"PRECINCT":"159","VTD":"0159"},"geometry":{"type":"Polygon","coordinates":[[[-106.249754,31.682846],[-106.232686,31.682945],[-106.232835,31.681481],[-106.232594,31.680075],[-106.23264,31.67814],[-106.232025,31.678044],[-106.231544,31.678837],[-106.22951,31.680603],[-106.228987,31.68076],[-106.227699,31.680915],[-106.225839,31.679404],[-106.228262,31.67678],[-106.229784,31.67357],[-106.230191,31.670714],[-106.229799,31.665443],[-106.230406,31.663813],[-106.23201,31.662584],[-106.234398,31.661735],[-106.23711,31.661227],[-106.239746,31.659772],[-106.24543,31.666976],[-106.249555,31.670732],[-106.249754,31.682846]]]}},{"type":"Feature","properties":{"PRECINCT":"160","VTD":"0160"},"geometry":{"type":"Polygon","coordinates":[[[-106.243057,31.658173],[-106.267453,31.651627],[-106.276899,31.662978],[-106.279823,31.668298],[-106.284797,31.672951],[-106.28994,31.678279],[-106.281736,31.687153],[-106.2786,31.688252],[-106.273182,31.689732],[-106.258127,31.668494],[-106.247434,31.66854],[-106.244916,31.666017],[-106.239961,31.659649],[-106.243057,31.658173]]]}},{"type":"Feature","properties":{"PRECINCT":"161","VTD":"0161"},"geometry":{"type":"Polygon","coordinates":[[[-106.236756,31.654736],[-106.241231,31.653617],[-106.24198,31.653654],[-106.242406,31.653332],[-106.246148,31.652424],[-106.23657,31.639156],[-106.223929,31.639393],[-106.21833,31.632177],[-106.210236,31.639467],[-106.197984,31.639492],[-106.198102,31.609327],[-106.195974,31.609334],[-106.195707,31.608462],[-106.1952,31.607987],[-106.180658,31.608099],[-106.180657,31.60552],[-106.176887,31.606791],[-106.171014,31.609227],[-106.169637,31.608538],[-106.166648,31.608501],[-106.164513,31.609184],[-106.163393,31.609234],[-106.162743,31.596594],[-106.189388,31.59485],[-106.193551,31.600223],[-106.195313,31.599392],[-106.196357,31.599233],[-106.198443,31.597328],[-106.19876,31.597713],[-106.200429,31.596323],[-106.202367,31.594266],[-106.206993,31.598847],[-106.202461,31.599251],[-106.203818,31.601319],[-106.199077,31.604004],[-106.204027,31.610665],[-106.212827,31.605654],[-106.215203,31.609075],[-106.214868,31.61409],[-106.217463,31.612328],[-106.222515,31.619599],[-106.224831,31.618637],[-106.231515,31.617544],[-106.23245,31.616885],[-106.236659,31.615791],[-106.240852,31.620376],[-106.243323,31.622031],[-106.24394,31.622708],[-106.246157,31.62577],[-106.246804,31.627899],[-106.251054,31.633707],[-106.255703,31.64062],[-106.260561,31.644778],[-106.263227,31.646581],[-106.267453,31.651627],[-106.243057,31.658173],[-106.240526,31.659329],[-106.239024,31.657858],[-106.236756,31.654736]]]}},{"type":"Feature","properties":{"PRECINCT":"162","VTD":"0162"},"geometry":{"type":"Polygon","coordinates":[[[-106.28994,31.678279],[-106.284797,31.672951],[-106.279823,31.668298],[-106.276899,31.662978],[-106.267453,31.651627],[-106.269229,31.651288],[-106.270965,31.651522],[-106.279481,31.648726],[-106.283627,31.649758],[-106.286602,31.649917],[-106.301186,31.666851],[-106.297973,31.669375],[-106.297056,31.670366],[-106.291581,31.67656],[-106.292092,31.676933],[-106.291581,31.677504],[-106.290698,31.677539],[-106.28994,31.678279]]]}},{"type":"Feature","properties":{"PRECINCT":"163","VTD":"0163"},"geometry":{"type":"Polygon","coordinates":[[[-106.269229,31.651288],[-106.267453,31.651627],[-106.263227,31.646581],[-106.260561,31.644778],[-106.255703,31.64062],[-106.251054,31.633707],[-106.246804,31.627899],[-106.246157,31.62577],[-106.24394,31.622708],[-106.243323,31.622031],[-106.240852,31.620376],[-106.236659,31.615791],[-106.24695,31.61314],[-106.259019,31.626777],[-106.261741,31.625115],[-106.264258,31.624017],[-106.286602,31.649917],[-106.283627,31.649758],[-106.279481,31.648726],[-106.270965,31.651522],[-106.269229,31.651288]]]}},{"type":"Feature","properties":{"PRECINCT":"164","VTD":"0164"},"geometry":{"type":"Polygon","coordinates":[[[-106.299513,31.664973],[-106.270887,31.631704],[-106.288667,31.623721],[-106.297093,31.637562],[-106.297757,31.637511],[-106.298711,31.639965],[-106.299926,31.640236],[-106.300387,31.640673],[-106.299249,31.641131],[-106.299605,31.641899],[-106.300923,31.641253],[-106.30747,31.648856],[-106.306568,31.64941],[-106.307522,31.651134],[-106.309731,31.652408],[-106.309056,31.653993],[-106.309299,31.654937],[-106.309846,31.654977],[-106.309938,31.655951],[-106.311463,31.656046],[-106.311476,31.657174],[-106.309842,31.660566],[-106.306632,31.662655],[-106.305903,31.66338],[-106.305781,31.662331],[-106.304356,31.661797],[-106.303112,31.661977],[-106.303275,31.662608],[-106.302191,31.662657],[-106.30155,31.663745],[-106.299513,31.664973]]]}},{"type":"Feature","properties":{"PRECINCT":"165","VTD":"0165"},"geometry":{"type":"Polygon","coordinates":[[[-106.270887,31.631704],[-106.264258,31.624017],[-106.261741,31.625115],[-106.259019,31.626777],[-106.24695,31.61314],[-106.261842,31.609435],[-106.26222,31.608687],[-106.262738,31.608666],[-106.263566,31.609002],[-106.267442,31.608036],[-106.267203,31.606787],[-106.268429,31.606514],[-106.268771,31.607706],[-106.295672,31.601037],[-106.296671,31.603509],[-106.297761,31.604306],[-106.300889,31.609624],[-106.300617,31.613262],[-106.302832,31.618677],[-106.302868,31.620785],[-106.303602,31.622469],[-106.297037,31.625405],[-106.296471,31.624448],[-106.291804,31.626519],[-106.292711,31.626839],[-106.292412,31.628114],[-106.292693,31.628448],[-106.291867,31.628934],[-106.292027,31.629256],[-106.288667,31.623721],[-106.270887,31.631704]]]}},{"type":"Feature","properties":{"PRECINCT":"166","VTD":"0166"},"geometry":{"type":"Polygon","coordinates":[[[-105.997806,32.000104],[-105.997107,31.933405],[-106.000525,31.933168],[-106.002362,31.933346],[-106.004539,31.933233],[-106.00599,31.933647],[-106.008704,31.933281],[-106.009134,31.932754],[-106.009457,31.932709],[-106.010692,31.933076],[-106.011633,31.932939],[-106.013084,31.932595],[-106.014739,31.93189],[-106.014725,31.935067],[-106.017853,31.93506],[-106.02669,31.935569],[-106.05318,31.935447],[-106.053162,31.927895],[-106.054815,31.927734],[-106.054739,31.88461],[-106.048138,31.8846],[-106.048085,31.874231],[-106.048882,31.871598],[-106.050607,31.869419],[-106.062594,31.860987],[-106.063038,31.861562],[-106.063081,31.862884],[-106.064977,31.862894],[-106.064951,31.858057],[-106.064546,31.85797],[-106.064893,31.856061],[-106.064648,31.833477],[-106.106951,31.829375],[-106.145242,31.822744],[-106.205074,31.814942],[-106.204042,31.869676],[-106.204473,31.873585],[-106.204336,31.887606],[-106.099844,31.888181],[-106.100069,31.92001],[-106.099628,31.931886],[-106.099706,31.951846],[-106.100437,31.966579],[-106.050604,31.966766],[-106.050624,31.999066],[-106.050446,32.002543],[-105.998012,32.002377],[-105.997806,32.000104]]]}},{"type":"Feature","properties":{"PRECINCT":"167","VTD":"0167"},"geometry":{"type":"Polygon","coordinates":[[[-106.031814,31.837078],[-106.025776,31.834664],[-106.024739,31.834407],[-106.019656,31.834511],[-106.017904,31.834246],[-106.013671,31.832298],[-106.010121,31.830234],[-106.008376,31.829751],[-105.99902,31.829138],[-105.997464,31.829123],[-105.996185,31.829363],[-105.995935,31.78374],[-106.050573,31.783479],[-106.12482,31.783507],[-106.148663,31.783773],[-106.199742,31.783801],[-106.19947,31.797685],[-106.1995,31.798132],[-106.19983,31.798142],[-106.199878,31.804922],[-106.199636,31.805219],[-106.199851,31.805839],[-106.199672,31.80669],[-106.200135,31.812232],[-106.200105,31.815594],[-106.145242,31.822744],[-106.106951,31.829375],[-106.058681,31.833926],[-106.056485,31.834609],[-106.049536,31.838352],[-106.047407,31.83901],[-106.041632,31.839216],[-106.031814,31.837078]]]}},{"type":"Feature","properties":{"PRECINCT":"168","VTD":"0168"},"geometry":{"type":"Polygon","coordinates":[[[-106.048599,31.783498],[-105.995935,31.78374],[-105.995766,31.750109],[-105.995413,31.748173],[-105.994756,31.679688],[-105.999988,31.6797],[-106.00003,31.68283],[-106.164383,31.682726],[-106.164523,31.697398],[-106.181489,31.697321],[-106.181745,31.711806],[-106.198809,31.711794],[-106.199117,31.737927],[-106.199376,31.7397],[-106.199108,31.769325],[-106.199588,31.769328],[-106.199742,31.783801],[-106.148663,31.783773],[-106.12482,31.783507],[-106.048599,31.783498]]]}},{"type":"Feature","properties":{"PRECINCT":"169","VTD":"0169"},"geometry":{"type":"Polygon","coordinates":[[[-106.145745,31.682741],[-106.00003,31.68283],[-105.999988,31.6797],[-105.994756,31.679688],[-105.993889,31.606694],[-106.095071,31.60122],[-106.162743,31.596594],[-106.163393,31.609234],[-106.164513,31.609184],[-106.166648,31.608501],[-106.169637,31.608538],[-106.171014,31.609227],[-106.176887,31.606791],[-106.180657,31.60552],[-106.180658,31.608099],[-106.1952,31.607987],[-106.195707,31.608462],[-106.195974,31.609334],[-106.198102,31.609327],[-106.197984,31.639492],[-106.180693,31.639423],[-106.180842,31.649811],[-106.180645,31.651697],[-106.177775,31.652892],[-106.18358,31.660543],[-106.181025,31.661952],[-106.181396,31.66264],[-106.181235,31.663126],[-106.177469,31.665795],[-106.173077,31.665877],[-106.173179,31.676231],[-106.174776,31.676239],[-106.17531,31.676457],[-106.174207,31.680829],[-106.165331,31.680506],[-106.165332,31.679221],[-106.1643,31.67922],[-106.164289,31.677602],[-106.144998,31.677744],[-106.144957,31.679866],[-106.145703,31.679866],[-106.145745,31.682741]]]}},{"type":"Feature","properties":{"PRECINCT":"170","VTD":"0170"},"geometry":{"type":"Polygon","coordinates":[[[-106.222515,31.619599],[-106.217463,31.612328],[-106.214868,31.61409],[-106.215203,31.609075],[-106.212827,31.605654],[-106.204027,31.610665],[-106.199077,31.604004],[-106.203818,31.601319],[-106.202461,31.599251],[-106.206993,31.598847],[-106.202367,31.594266],[-106.200429,31.596323],[-106.19876,31.597713],[-106.198443,31.597328],[-106.196357,31.599233],[-106.195313,31.599392],[-106.193551,31.600223],[-106.189388,31.59485],[-106.095071,31.60122],[-105.993889,31.606694],[-105.993443,31.566314],[-106.061593,31.565833],[-106.078398,31.566114],[-106.080553,31.565983],[-106.167772,31.566555],[-106.179027,31.566783],[-106.169672,31.554605],[-106.185652,31.543481],[-106.186422,31.544354],[-106.192514,31.540417],[-106.204691,31.554591],[-106.21067,31.551209],[-106.212098,31.551824],[-106.213388,31.548903],[-106.24035,31.577416],[-106.241048,31.578446],[-106.246623,31.584444],[-106.258811,31.608145],[-106.259374,31.610046],[-106.233482,31.616601],[-106.232263,31.616954],[-106.231515,31.617544],[-106.224831,31.618637],[-106.222515,31.619599]]]}},{"type":"Feature","properties":{"PRECINCT":"171","VTD":"0171"},"geometry":{"type":"Polygon","coordinates":[[[-106.274606,31.58865],[-106.267687,31.586692],[-106.262983,31.584306],[-106.256859,31.583935],[-106.252532,31.584253],[-106.252498,31.57525],[-106.250891,31.574697],[-106.248999,31.574446],[-106.245524,31.574705],[-106.243481,31.572378],[-106.244787,31.57149],[-106.241594,31.568209],[-106.238599,31.570328],[-106.235084,31.56671],[-106.235142,31.545252],[-106.241218,31.547528],[-106.243278,31.54863],[-106.247734,31.552626],[-106.256157,31.555098],[-106.258947,31.556818],[-106.265704,31.559567],[-106.274581,31.565274],[-106.277452,31.568812],[-106.278256,31.579763],[-106.277049,31.58279],[-106.278019,31.587706],[-106.27746,31.58774],[-106.277142,31.588024],[-106.27612,31.587713],[-106.275704,31.588132],[-106.275854,31.588249],[-106.274606,31.58865]]]}},{"type":"Feature","properties":{"PRECINCT":"172","VTD":"0172"},"geometry":{"type":"Polygon","coordinates":[[[-106.167464,31.566553],[-106.121624,31.507008],[-106.119808,31.505308],[-106.117855,31.503942],[-106.103687,31.496156],[-106.121277,31.479644],[-106.1227,31.480987],[-106.127545,31.47636],[-106.131366,31.479429],[-106.14146,31.469978],[-106.147343,31.466125],[-106.152162,31.471593],[-106.155115,31.47559],[-106.170338,31.465733],[-106.169116,31.464329],[-106.178499,31.458081],[-106.179731,31.456916],[-106.194343,31.460658],[-106.194644,31.461056],[-106.200119,31.462411],[-106.204393,31.464605],[-106.207631,31.467104],[-106.217435,31.477921],[-106.218771,31.479699],[-106.21962,31.481561],[-106.223562,31.498074],[-106.224465,31.500444],[-106.225704,31.502252],[-106.23601,31.512123],[-106.237224,31.513858],[-106.238394,31.517272],[-106.217479,31.530826],[-106.21542,31.528335],[-106.213522,31.527157],[-106.210917,31.526717],[-106.209395,31.527022],[-106.209201,31.528749],[-106.208431,31.529359],[-106.207793,31.528894],[-106.192514,31.540417],[-106.186422,31.544354],[-106.185652,31.543481],[-106.169672,31.554605],[-106.179027,31.566783],[-106.167464,31.566553]]]}},{"type":"Feature","properties":{"PRECINCT":"173","VTD":"0173"},"geometry":{"type":"Polygon","coordinates":[[[-106.167464,31.566553],[-106.061593,31.565833],[-105.993443,31.566314],[-105.992695,31.500109],[-105.993255,31.478392],[-105.959262,31.478417],[-105.958548,31.423461],[-105.954328,31.423468],[-105.99724,31.387158],[-106.002304,31.391147],[-106.004921,31.392456],[-106.006924,31.392824],[-106.032487,31.394473],[-106.075307,31.397615],[-106.0791,31.398374],[-106.081665,31.399223],[-106.084977,31.401446],[-106.0994,31.414765],[-106.103087,31.418478],[-106.106878,31.421389],[-106.110112,31.423017],[-106.112169,31.423567],[-106.124541,31.423729],[-106.129672,31.424348],[-106.132291,31.425081],[-106.14151,31.42948],[-106.154608,31.435894],[-106.156934,31.43736],[-106.15942,31.439308],[-106.167281,31.448266],[-106.170276,31.451289],[-106.172389,31.453077],[-106.175625,31.455206],[-106.179731,31.456916],[-106.178499,31.458081],[-106.169116,31.464329],[-106.170338,31.465733],[-106.155115,31.47559],[-106.152162,31.471593],[-106.147343,31.466125],[-106.14146,31.469978],[-106.131366,31.479429],[-106.127545,31.47636],[-106.1227,31.480987],[-106.121277,31.479644],[-106.103687,31.496156],[-106.117855,31.503942],[-106.119808,31.505308],[-106.121624,31.507008],[-106.128584,31.515884],[-106.129244,31.517181],[-106.167464,31.566553]]]}},{"type":"Feature","properties":{"PRECINCT":"174","VTD":"0174"},"geometry":{"type":"Polygon","coordinates":[[[-106.014725,31.935067],[-106.014739,31.93189],[-106.013084,31.932595],[-106.011633,31.932939],[-106.010692,31.933076],[-106.009457,31.932709],[-106.009134,31.932754],[-106.008704,31.933281],[-106.00599,31.933647],[-106.004539,31.933233],[-106.002362,31.933346],[-106.000525,31.933168],[-105.997107,31.933405],[-105.996185,31.829363],[-105.997464,31.829123],[-105.99902,31.829138],[-106.008376,31.829751],[-106.010121,31.830234],[-106.013671,31.832298],[-106.017904,31.834246],[-106.019656,31.834511],[-106.024739,31.834407],[-106.031046,31.836873],[-106.041871,31.839242],[-106.046809,31.839064],[-106.048256,31.838829],[-106.049536,31.838352],[-106.05725,31.834311],[-106.058681,31.833926],[-106.064648,31.833477],[-106.064893,31.856061],[-106.064546,31.85797],[-106.064951,31.858057],[-106.064977,31.862894],[-106.063081,31.862884],[-106.063038,31.861562],[-106.062594,31.860987],[-106.050607,31.869419],[-106.048882,31.871598],[-106.048085,31.874231],[-106.048138,31.8846],[-106.054739,31.88461],[-106.054815,31.927734],[-106.053162,31.927895],[-106.05318,31.935447],[-106.025263,31.935527],[-106.017853,31.93506],[-106.014725,31.935067]]]}},{"type":"Feature","properties":{"PRECINCT":"175","VTD":"0175"},"geometry":{"type":"Polygon","coordinates":[[[-106.359287,31.787581],[-106.359646,31.786857],[-106.360678,31.787233],[-106.360911,31.78663],[-106.360667,31.77405],[-106.361274,31.774037],[-106.361571,31.794338],[-106.359321,31.794622],[-106.359256,31.792122],[-106.360818,31.791912],[-106.361009,31.791664],[-106.36093,31.788262],[-106.359287,31.787581]]]}},{"type":"Feature","properties":{"PRECINCT":"176","VTD":"0176"},"geometry":{"type":"Polygon","coordinates":[[[-106.540537,31.849722],[-106.539788,31.8488],[-106.536652,31.846541],[-106.535649,31.84337],[-106.53648,31.843154],[-106.544174,31.84312],[-106.546347,31.843801],[-106.546128,31.844723],[-106.546121,31.849475],[-106.544684,31.849538],[-106.544658,31.852375],[-106.541804,31.852374],[-106.540537,31.849722]]]}},{"type":"Feature","properties":{"PRECINCT":"177","VTD":"0177"},"geometry":{"type":"Polygon","coordinates":[[[-106.493647,31.86146],[-106.502282,31.859328],[-106.503947,31.858711],[-106.505344,31.857911],[-106.507065,31.855232],[-106.509026,31.853675],[-106.510322,31.852963],[-106.51209,31.855117],[-106.51196,31.855878],[-106.512177,31.855967],[-106.512863,31.855923],[-106.514054,31.855175],[-106.514855,31.854964],[-106.517568,31.855347],[-106.518519,31.8558],[-106.518314,31.856567],[-106.518725,31.857233],[-106.518155,31.857948],[-106.518104,31.858601],[-106.515924,31.858723],[-106.515305,31.859226],[-106.514871,31.86395],[-106.51503,31.863951],[-106.514619,31.871138],[-106.505173,31.87119],[-106.505097,31.868432],[-106.494863,31.868479],[-106.493643,31.861905],[-106.493647,31.86146]]]}},{"type":"Feature","properties":{"PRECINCT":"178","VTD":"0178"},"geometry":{"type":"Polygon","coordinates":[[[-106.40106,31.884771],[-106.39752,31.884806],[-106.406135,31.871217],[-106.406603,31.891989],[-106.403971,31.891994],[-106.403681,31.888362],[-106.400029,31.888348],[-106.400792,31.8869],[-106.401061,31.885613],[-106.40106,31.884771]]]}},{"type":"Feature","properties":{"PRECINCT":"179","VTD":"0179"},"geometry":{"type":"Polygon","coordinates":[[[-106.342956,31.69204],[-106.341837,31.688056],[-106.341225,31.688224],[-106.341327,31.689704],[-106.339407,31.689823],[-106.339263,31.687407],[-106.334914,31.687272],[-106.333024,31.68778],[-106.330492,31.687814],[-106.329602,31.689777],[-106.330245,31.689957],[-106.329812,31.690959],[-106.328124,31.690751],[-106.328639,31.689026],[-106.329957,31.687181],[-106.331881,31.685228],[-106.334721,31.679963],[-106.336541,31.672773],[-106.336389,31.671613],[-106.336917,31.671231],[-106.337926,31.671211],[-106.346973,31.691105],[-106.342956,31.69204]]]}},{"type":"Feature","properties":{"PRECINCT":"180","VTD":"0180"},"geometry":{"type":"Polygon","coordinates":[[[-106.198241,31.66852],[-106.197984,31.639492],[-106.210236,31.639467],[-106.21833,31.632177],[-106.239746,31.659772],[-106.23711,31.661227],[-106.234398,31.661735],[-106.23201,31.662584],[-106.230406,31.663813],[-106.229799,31.665443],[-106.230156,31.668243],[-106.230143,31.671679],[-106.229209,31.675116],[-106.228078,31.677042],[-106.226686,31.678647],[-106.224792,31.680189],[-106.222744,31.68132],[-106.219576,31.682372],[-106.215483,31.682741],[-106.215331,31.668546],[-106.198241,31.66852]]]}},{"type":"Feature","properties":{"PRECINCT":"181","VTD":"0181"},"geometry":{"type":"Polygon","coordinates":[[[-106.216924,31.798096],[-106.1995,31.798132],[-106.1997,31.780459],[-106.200265,31.780462],[-106.200223,31.778179],[-106.199668,31.778178],[-106.199648,31.776166],[-106.216449,31.776177],[-106.216437,31.774768],[-106.216924,31.798096]]]}},{"type":"Feature","properties":{"PRECINCT":"182","VTD":"0182"},"geometry":{"type":"Polygon","coordinates":[[[-106.256661,31.819521],[-106.256635,31.812989],[-106.24998,31.812963],[-106.250075,31.82508],[-106.248948,31.825084],[-106.248956,31.826738],[-106.234214,31.82679],[-106.234163,31.814494],[-106.232268,31.814514],[-106.232259,31.811292],[-106.216988,31.81331],[-106.217042,31.813018],[-106.251184,31.808544],[-106.251187,31.806799],[-106.249897,31.806638],[-106.249863,31.803982],[-106.25115,31.803925],[-106.251075,31.79802],[-106.25826,31.797995],[-106.258403,31.807588],[-106.267579,31.806376],[-106.267726,31.813034],[-106.262152,31.813012],[-106.262343,31.826683],[-106.261717,31.826685],[-106.261633,31.820545],[-106.257861,31.82051],[-106.257829,31.819598],[-106.256661,31.819521]]]}},{"type":"Feature","properties":{"PRECINCT":"183","VTD":"0183"},"geometry":{"type":"Polygon","coordinates":[[[-106.303252,31.662788],[-106.302478,31.662769],[-106.302154,31.662723],[-106.303368,31.662606],[-106.303252,31.662788]]]}},{"type":"Feature","properties":{"PRECINCT":"184","VTD":"0184"},"geometry":{"type":"Polygon","coordinates":[[[-106.442656,31.9277],[-106.441368,31.874642],[-106.441452,31.86961],[-106.460529,31.869385],[-106.494597,31.86848],[-106.497062,31.881382],[-106.497217,31.883212],[-106.496454,31.908503],[-106.495866,31.912354],[-106.491126,31.912781],[-106.475236,31.912915],[-106.475671,31.92736],[-106.442656,31.9277]]]}},{"type":"Feature","properties":{"PRECINCT":"185","VTD":"0185"},"geometry":{"type":"Polygon","coordinates":[[[-106.45704,31.869401],[-106.453545,31.869409],[-106.453419,31.863383],[-106.454262,31.860825],[-106.454162,31.856111],[-106.456716,31.856068],[-106.45704,31.869401]]]}},{"type":"Feature","properties":{"PRECINCT":"186","VTD":"0186"},"geometry":{"type":"Polygon","coordinates":[[[-106.454162,31.856111],[-106.444079,31.856298],[-106.444008,31.853256],[-106.440197,31.853313],[-106.440124,31.851578],[-106.454052,31.851364],[-106.454162,31.856111]]]}},{"type":"Feature","properties":{"PRECINCT":"187","VTD":"0187"},"geometry":{"type":"Polygon","coordinates":[[[-106.267776,31.826687],[-106.267579,31.806376],[-106.268392,31.806281],[-106.26839,31.806544],[-106.268726,31.806504],[-106.268462,31.814505],[-106.26888,31.816344],[-106.27042,31.818242],[-106.272909,31.819436],[-106.273114,31.826692],[-106.267776,31.826687]]]}},{"type":"Feature","properties":{"PRECINCT":"188","VTD":"0188"},"geometry":{"type":"Polygon","coordinates":[[[-106.462947,31.824178],[-106.463108,31.818284],[-106.465893,31.818263],[-106.465915,31.820445],[-106.465571,31.8217],[-106.464527,31.822994],[-106.462947,31.824178]]]}},{"type":"Feature","properties":{"PRECINCT":"189","VTD":"0189"},"geometry":{"type":"Polygon","coordinates":[[[-106.199777,31.79972],[-106.199985,31.798198],[-106.216779,31.798095],[-106.217039,31.809195],[-106.212109,31.813783],[-106.200105,31.815594],[-106.200135,31.812232],[-106.199672,31.80669],[-106.199851,31.805839],[-106.199636,31.805219],[-106.199878,31.804922],[-106.199777,31.79972]]]}},{"type":"Feature","properties":{"PRECINCT":"190","VTD":"0190"},"geometry":{"type":"Polygon","coordinates":[[[-106.284117,31.701351],[-106.279235,31.697027],[-106.278965,31.697257],[-106.271003,31.690164],[-106.276936,31.688736],[-106.281736,31.687153],[-106.28994,31.678279],[-106.294639,31.683457],[-106.298062,31.686499],[-106.296239,31.687995],[-106.284117,31.701351]]]}},{"type":"Feature","properties":{"PRECINCT":"191","VTD":"0191"},"geometry":{"type":"Polygon","coordinates":[[[-106.267078,31.698901],[-106.267285,31.697356],[-106.276158,31.697382],[-106.278965,31.697257],[-106.279235,31.697027],[-106.284117,31.701351],[-106.269827,31.716928],[-106.268386,31.719015],[-106.267379,31.721362],[-106.267078,31.698901]]]}},{"type":"Feature","properties":{"PRECINCT":"192","VTD":"0192"},"geometry":{"type":"Polygon","coordinates":[[[-106.62578,31.885844],[-106.625393,31.890753],[-106.620038,31.890704],[-106.620024,31.888319],[-106.621608,31.888318],[-106.621589,31.885852],[-106.602968,31.885892],[-106.602967,31.880515],[-106.605822,31.880514],[-106.605822,31.879629],[-106.610736,31.879862],[-106.610472,31.870146],[-106.612994,31.86454],[-106.633481,31.864679],[-106.63592,31.866233],[-106.635892,31.871504],[-106.634874,31.874477],[-106.632797,31.876864],[-106.630946,31.879477],[-106.63009,31.881057],[-106.629191,31.883699],[-106.630295,31.885832],[-106.630344,31.891181],[-106.625609,31.891158],[-106.62578,31.885844]]]}},{"type":"Feature","properties":{"PRECINCT":"193","VTD":"0193"},"geometry":{"type":"Polygon","coordinates":[[[-106.556792,31.898485],[-106.55805,31.879448],[-106.580943,31.879549],[-106.582654,31.887352],[-106.582678,31.908361],[-106.577575,31.908255],[-106.566255,31.907331],[-106.55797,31.905646],[-106.556792,31.898485]]]}},{"type":"Feature","properties":{"PRECINCT":"194","VTD":"0194"},"geometry":{"type":"Polygon","coordinates":[[[-106.443916,32.001188],[-106.408964,32.001381],[-106.408863,31.984249],[-106.407927,31.943012],[-106.412447,31.941156],[-106.413505,31.940519],[-106.413858,31.940921],[-106.414991,31.940207],[-106.414652,31.939796],[-106.4191,31.93698],[-106.420274,31.936478],[-106.425682,31.936399],[-106.427471,31.935566],[-106.431597,31.935449],[-106.43514,31.935445],[-106.437536,31.936156],[-106.441661,31.936114],[-106.443314,31.993057],[-106.443572,31.998889],[-106.443916,32.001188]]]}},{"type":"Feature","properties":{"PRECINCT":"195","VTD":"0195"},"geometry":{"type":"Polygon","coordinates":[[[-106.408964,32.001381],[-106.394127,32.001449],[-106.377165,32.001168],[-106.377174,32.001503],[-106.32337,32.001631],[-106.370643,31.927172],[-106.373937,31.928409],[-106.400721,31.92851],[-106.400732,31.929641],[-106.399772,31.929683],[-106.3996,31.930435],[-106.400301,31.932987],[-106.405011,31.932966],[-106.405016,31.934388],[-106.404191,31.934557],[-106.404666,31.93674],[-106.406115,31.93684],[-106.4061,31.937347],[-106.407798,31.93732],[-106.408863,31.984249],[-106.408964,32.001381]]]}},{"type":"Feature","properties":{"PRECINCT":"196","VTD":"0196"},"geometry":{"type":"Polygon","coordinates":[[[-106.247329,31.806976],[-106.247139,31.801997],[-106.245089,31.797377],[-106.247936,31.795948],[-106.250814,31.794902],[-106.255059,31.792814],[-106.256198,31.792487],[-106.259679,31.792281],[-106.267608,31.792372],[-106.267787,31.806365],[-106.258403,31.807588],[-106.25826,31.797995],[-106.251075,31.79802],[-106.25115,31.803925],[-106.249863,31.803982],[-106.249897,31.806638],[-106.251187,31.806799],[-106.251184,31.808544],[-106.247676,31.809002],[-106.247329,31.806976]]]}},{"type":"Feature","properties":{"PRECINCT":"197","VTD":"0197"},"geometry":{"type":"Polygon","coordinates":[[[-106.26687,31.762954],[-106.267297,31.763168],[-106.267479,31.766221],[-106.267608,31.792372],[-106.259686,31.792408],[-106.259699,31.781504],[-106.258645,31.780195],[-106.252915,31.775798],[-106.26687,31.762954]]]}},{"type":"Feature","properties":{"PRECINCT":"198","VTD":"0198"},"geometry":{"type":"Polygon","coordinates":[[[-106.217039,31.809195],[-106.216739,31.789626],[-106.226511,31.789675],[-106.233906,31.788453],[-106.234751,31.790087],[-106.236202,31.791358],[-106.217039,31.809195]]]}},{"type":"Feature","properties":{"PRECINCT":"199","VTD":"0199"},"geometry":{"type":"Polygon","coordinates":[[[-106.211818,31.697806],[-106.200379,31.682722],[-106.19849,31.682728],[-106.198241,31.66852],[-106.215331,31.668546],[-106.215615,31.69399],[-106.217911,31.694002],[-106.217928,31.695674],[-106.22004,31.695663],[-106.220045,31.697268],[-106.217001,31.697436],[-106.217714,31.697445],[-106.217789,31.699124],[-106.211891,31.699132],[-106.211818,31.697806]]]}},{"type":"Feature","properties":{"PRECINCT":"200","VTD":"0200"},"geometry":{"type":"Polygon","coordinates":[[[-106.233708,31.769357],[-106.233602,31.762327],[-106.2175,31.762306],[-106.216605,31.762327],[-106.216516,31.769365],[-106.199108,31.769325],[-106.199376,31.7397],[-106.199117,31.737927],[-106.199054,31.726149],[-106.240692,31.726051],[-106.25691,31.726248],[-106.256919,31.727545],[-106.250217,31.72758],[-106.250269,31.731731],[-106.249135,31.731738],[-106.249137,31.732637],[-106.248888,31.732638],[-106.248081,31.732637],[-106.248078,31.731737],[-106.247017,31.731735],[-106.24702,31.733543],[-106.248083,31.733544],[-106.248087,31.735348],[-106.250314,31.735338],[-106.25038,31.740596],[-106.267039,31.74053],[-106.267356,31.75497],[-106.2507,31.754861],[-106.249473,31.75504],[-106.249454,31.756727],[-106.250531,31.756715],[-106.250678,31.767581],[-106.249248,31.767582],[-106.249306,31.769326],[-106.233708,31.769357]]]}},{"type":"Feature","properties":{"PRECINCT":"202","VTD":"0202"},"geometry":{"type":"Polygon","coordinates":[[[-106.217117,31.69746],[-106.217707,31.69728],[-106.220045,31.697268],[-106.22004,31.695663],[-106.217928,31.695674],[-106.217911,31.694002],[-106.215615,31.69399],[-106.215483,31.682741],[-106.218184,31.682614],[-106.220732,31.682077],[-106.223315,31.681046],[-106.225839,31.679404],[-106.227699,31.680915],[-106.228987,31.68076],[-106.22951,31.680603],[-106.231544,31.678837],[-106.232025,31.678044],[-106.23264,31.67814],[-106.232594,31.680075],[-106.232835,31.681481],[-106.232686,31.682945],[-106.232932,31.682931],[-106.232984,31.699122],[-106.217789,31.699124],[-106.217714,31.697445],[-106.217117,31.69746]]]}},{"type":"Feature","properties":{"PRECINCT":"203","VTD":"0203"},"geometry":{"type":"Polygon","coordinates":[[[-106.232945,31.718934],[-106.232863,31.711901],[-106.215847,31.71189],[-106.215752,31.699126],[-106.247992,31.699132],[-106.250391,31.698954],[-106.252146,31.698423],[-106.254045,31.697285],[-106.260791,31.691293],[-106.267603,31.696083],[-106.268835,31.697354],[-106.267285,31.697356],[-106.267078,31.698901],[-106.267221,31.711829],[-106.250104,31.711764],[-106.250132,31.71888],[-106.232945,31.718934]]]}},{"type":"Feature","properties":{"PRECINCT":"204","VTD":"0204"},"geometry":{"type":"Polygon","coordinates":[[[-106.232984,31.699122],[-106.232932,31.682931],[-106.249754,31.682846],[-106.249555,31.670732],[-106.271393,31.690084],[-106.271003,31.690164],[-106.278965,31.697257],[-106.268846,31.69737],[-106.267603,31.696083],[-106.260791,31.691293],[-106.253397,31.697755],[-106.251469,31.698682],[-106.249698,31.699074],[-106.232984,31.699122]]]}},{"type":"Feature","properties":{"PRECINCT":"205","VTD":"0205"},"geometry":{"type":"Polygon","coordinates":[[[-106.174142,31.682698],[-106.174343,31.680203],[-106.179811,31.680252],[-106.179652,31.668536],[-106.189353,31.668512],[-106.188972,31.667625],[-106.183645,31.660629],[-106.185425,31.659807],[-106.189234,31.65988],[-106.189242,31.660386],[-106.190206,31.660393],[-106.19023,31.657492],[-106.185423,31.657437],[-106.185429,31.65402],[-106.19818,31.654041],[-106.198217,31.672359],[-106.19849,31.682728],[-106.174142,31.682698]]]}},{"type":"Feature","properties":{"PRECINCT":"206","VTD":"0206"},"geometry":{"type":"Polygon","coordinates":[[[-106.173179,31.676231],[-106.173077,31.665877],[-106.177469,31.665795],[-106.181235,31.663126],[-106.181396,31.66264],[-106.181025,31.661952],[-106.18358,31.660543],[-106.188972,31.667625],[-106.189353,31.668512],[-106.179652,31.668536],[-106.179811,31.680252],[-106.174343,31.680203],[-106.17531,31.676457],[-106.174776,31.676239],[-106.173179,31.676231]]]}},{"type":"Feature","properties":{"PRECINCT":"207","VTD":"0207"},"geometry":{"type":"Polygon","coordinates":[[[-106.259058,31.608936],[-106.256153,31.603071],[-106.257903,31.602942],[-106.256988,31.599459],[-106.258758,31.599412],[-106.258736,31.590421],[-106.256682,31.590421],[-106.256682,31.587038],[-106.255871,31.587047],[-106.255851,31.584005],[-106.259771,31.583998],[-106.263161,31.584347],[-106.267687,31.586692],[-106.273569,31.588535],[-106.274941,31.58859],[-106.275854,31.588249],[-106.275704,31.588132],[-106.27612,31.587713],[-106.277142,31.588024],[-106.27746,31.58774],[-106.278019,31.587706],[-106.279446,31.591681],[-106.281014,31.590058],[-106.287021,31.586711],[-106.288455,31.586404],[-106.292933,31.594306],[-106.295672,31.601037],[-106.268771,31.607706],[-106.268429,31.606514],[-106.267203,31.606787],[-106.267442,31.608036],[-106.263566,31.609002],[-106.262738,31.608666],[-106.26222,31.608687],[-106.261842,31.609435],[-106.259374,31.610046],[-106.259058,31.608936]]]}},{"type":"Feature","properties":{"PRECINCT":"208","VTD":"0208"},"geometry":{"type":"Polygon","coordinates":[[[-106.256153,31.603071],[-106.25181,31.594234],[-106.246623,31.584444],[-106.241048,31.578446],[-106.24035,31.577416],[-106.213388,31.548903],[-106.212098,31.551824],[-106.21067,31.551209],[-106.204691,31.554591],[-106.192514,31.540417],[-106.207793,31.528894],[-106.208431,31.529359],[-106.209201,31.528749],[-106.209395,31.527022],[-106.210917,31.526717],[-106.213522,31.527157],[-106.21542,31.528335],[-106.217479,31.530826],[-106.238394,31.517272],[-106.245236,31.539123],[-106.246207,31.541153],[-106.24772,31.542967],[-106.250261,31.544948],[-106.255822,31.548669],[-106.279589,31.561138],[-106.28079,31.562096],[-106.281301,31.563173],[-106.288455,31.586404],[-106.287021,31.586711],[-106.281014,31.590058],[-106.279446,31.591681],[-106.278127,31.588306],[-106.277077,31.583124],[-106.277077,31.582565],[-106.278256,31.579763],[-106.277452,31.568812],[-106.274581,31.565274],[-106.265704,31.559567],[-106.258947,31.556818],[-106.256157,31.555098],[-106.247734,31.552626],[-106.243278,31.54863],[-106.241218,31.547528],[-106.235142,31.545252],[-106.235084,31.56671],[-106.238599,31.570328],[-106.241594,31.568209],[-106.244787,31.57149],[-106.243481,31.572378],[-106.245524,31.574705],[-106.248999,31.574446],[-106.250891,31.574697],[-106.252498,31.57525],[-106.252532,31.584253],[-106.255851,31.584005],[-106.255871,31.587047],[-106.256682,31.587038],[-106.256682,31.590421],[-106.258736,31.590421],[-106.258758,31.599412],[-106.256988,31.599459],[-106.257903,31.602942],[-106.256153,31.603071]]]}},{"type":"Feature","properties":{"PRECINCT":"210","VTD":"0210"},"geometry":{"type":"Polygon","coordinates":[[[-106.268726,31.806504],[-106.272771,31.805982],[-106.272909,31.819436],[-106.271211,31.818762],[-106.269708,31.817584],[-106.26888,31.816344],[-106.268462,31.814505],[-106.268726,31.806504]]]}},{"type":"Feature","properties":{"PRECINCT":"211A","VTD":"0211A"},"geometry":{"type":"Polygon","coordinates":[[[-106.261717,31.826685],[-106.250173,31.826875],[-106.250156,31.826729],[-106.248956,31.826738],[-106.248948,31.825084],[-106.250075,31.82508],[-106.24998,31.812963],[-106.256635,31.812989],[-106.256661,31.819521],[-106.257829,31.819598],[-106.257861,31.82051],[-106.261633,31.820545],[-106.261717,31.826685]]]}},{"type":"Feature","properties":{"PRECINCT":"211B","VTD":"0211B"},"geometry":{"type":"Polygon","coordinates":[[[-106.267776,31.826687],[-106.262343,31.826683],[-106.262152,31.813012],[-106.267726,31.813034],[-106.267776,31.826687]]]}},{"type":"Feature","properties":{"PRECINCT":"212","VTD":"0212"},"geometry":{"type":"Polygon","coordinates":[[[-106.216637,31.769405],[-106.216605,31.762327],[-106.2175,31.762306],[-106.233602,31.762327],[-106.233708,31.769357],[-106.216637,31.769405]]]}},{"type":"Feature","properties":{"PRECINCT":"213","VTD":"0213"},"geometry":{"type":"Polygon","coordinates":[[[-106.239746,31.659772],[-106.239961,31.659649],[-106.244916,31.666017],[-106.247434,31.66854],[-106.258127,31.668494],[-106.273182,31.689732],[-106.271393,31.690084],[-106.247001,31.668469],[-106.244947,31.666431],[-106.239746,31.659772]]]}},{"type":"Feature","properties":{"PRECINCT":"214","VTD":"0214"},"geometry":{"type":"Polygon","coordinates":[[[-106.1997,31.780459],[-106.199668,31.778178],[-106.200223,31.778179],[-106.200265,31.780462],[-106.1997,31.780459]]]}},{"type":"Feature","properties":{"PRECINCT":"215","VTD":"0215"},"geometry":{"type":"Polygon","coordinates":[[[-106.164523,31.697398],[-106.164383,31.682726],[-106.19849,31.682728],[-106.198809,31.711794],[-106.181745,31.711806],[-106.181489,31.697321],[-106.164523,31.697398]]]}},{"type":"Feature","properties":{"PRECINCT":"216","VTD":"0216"},"geometry":{"type":"Polygon","coordinates":[[[-106.144957,31.679866],[-106.144998,31.677744],[-106.164289,31.677602],[-106.1643,31.67922],[-106.165332,31.679221],[-106.165331,31.680506],[-106.174207,31.680829],[-106.174142,31.682698],[-106.145745,31.682741],[-106.145703,31.679866],[-106.144957,31.679866]]]}},{"type":"Feature","properties":{"PRECINCT":"217","VTD":"0217"},"geometry":{"type":"Polygon","coordinates":[[[-106.189234,31.65988],[-106.185425,31.659807],[-106.183645,31.660629],[-106.177775,31.652892],[-106.180645,31.651697],[-106.180842,31.649811],[-106.180693,31.639423],[-106.197984,31.639492],[-106.19818,31.654041],[-106.185429,31.65402],[-106.185423,31.657437],[-106.19023,31.657492],[-106.190206,31.660393],[-106.189242,31.660386],[-106.189234,31.65988]]]}},{"type":"Feature","properties":{"PRECINCT":"218","VTD":"0218"},"geometry":{"type":"Polygon","coordinates":[[[-106.239746,31.659772],[-106.231428,31.649069],[-106.223929,31.639393],[-106.23657,31.639156],[-106.246148,31.652424],[-106.242406,31.653332],[-106.24198,31.653654],[-106.241231,31.653617],[-106.23663,31.654792],[-106.239024,31.657858],[-106.240526,31.659329],[-106.239746,31.659772]]]}},{"type":"Feature","properties":{"PRECINCT":"219","VTD":"0219"},"geometry":{"type":"Polygon","coordinates":[[[-106.324804,31.698941],[-106.3165,31.691653],[-106.29736,31.670071],[-106.301186,31.666851],[-106.312795,31.680331],[-106.316592,31.678445],[-106.320648,31.684775],[-106.325864,31.688658],[-106.32843,31.689443],[-106.327859,31.691837],[-106.327028,31.691488],[-106.326977,31.692187],[-106.326425,31.692132],[-106.326676,31.693818],[-106.327223,31.694817],[-106.327213,31.695275],[-106.327809,31.695429],[-106.326997,31.696945],[-106.324804,31.698941]]]}},{"type":"Feature","properties":{"PRECINCT":"220","VTD":"0220"},"geometry":{"type":"Polygon","coordinates":[[[-106.331923,31.673909],[-106.333618,31.674056],[-106.335944,31.675003],[-106.334721,31.679963],[-106.331881,31.685228],[-106.329806,31.687361],[-106.32843,31.689443],[-106.325864,31.688658],[-106.320648,31.684775],[-106.316592,31.678445],[-106.318785,31.677576],[-106.331923,31.673909]]]}},{"type":"Feature","properties":{"PRECINCT":"221","VTD":"0221"},"geometry":{"type":"Polygon","coordinates":[[[-106.388022,31.898918],[-106.366128,31.89907],[-106.364584,31.898913],[-106.361769,31.898163],[-106.358521,31.896378],[-106.356153,31.89429],[-106.339783,31.866378],[-106.345818,31.863541],[-106.34797,31.861888],[-106.352916,31.860027],[-106.354266,31.859836],[-106.353832,31.857298],[-106.353374,31.856382],[-106.356226,31.855348],[-106.364625,31.847819],[-106.366967,31.840992],[-106.366967,31.840055],[-106.366198,31.83875],[-106.365372,31.837883],[-106.367089,31.836582],[-106.367388,31.836121],[-106.36824,31.831523],[-106.379972,31.831322],[-106.379995,31.832728],[-106.395689,31.832414],[-106.40129,31.827582],[-106.402892,31.826925],[-106.403423,31.826858],[-106.403431,31.827944],[-106.421397,31.827583],[-106.420622,31.827984],[-106.419041,31.828284],[-106.418443,31.829102],[-106.417322,31.851377],[-106.410473,31.862365],[-106.410134,31.863845],[-106.409117,31.865647],[-106.388022,31.898918]]]}},{"type":"Feature","properties":{"PRECINCT":"201","VTD":"0201"},"geometry":{"type":"Polygon","coordinates":[[[-106.266862,31.726176],[-106.199054,31.726149],[-106.198682,31.699151],[-106.215752,31.699126],[-106.215847,31.71189],[-106.232863,31.711901],[-106.232945,31.718934],[-106.250132,31.71888],[-106.250104,31.711764],[-106.267221,31.711829],[-106.267379,31.721362],[-106.266876,31.723915],[-106.266862,31.726176]]]}}]}