precinct,party,candidate,votes
1001,,Jacqueline Abernathy,1
1001,,Mark V. Goloby,0
1001,DEM,Beto O'Rourke,488
1001,GRN,Delilah Barrios,1
1001,LIB,Mark Tippetts,13
1001,REP,Greg Abbott,446
1004,,Jacqueline Abernathy,2
1004,,Mark V. Goloby,0
1004,DEM,Beto O'Rourke,600
1004,GRN,Delilah Barrios,6
1004,LIB,Mark Tippetts,12
1004,REP,Greg Abbott,525
1005,,Jacqueline Abernathy,0
1005,,Mark V. Goloby,0
1005,DEM,Beto O'Rourke,247
1005,GRN,Delilah Barrios,1
1005,LIB,Mark Tippetts,1
1005,REP,Greg Abbott,15
1008,,Jacqueline Abernathy,0
1008,,Mark V. Goloby,0
1008,DEM,Beto O'Rourke,91
1008,GRN,Delilah Barrios,0
1008,LIB,Mark Tippetts,0
1008,REP,Greg Abbott,16
1009,,Jacqueline Abernathy,0
1009,,Mark V. Goloby,0
1009,DEM,Beto O'Rourke,306
1009,GRN,Delilah Barrios,2
1009,LIB,Mark Tippetts,8
1009,REP,Greg Abbott,480
1010,,Jacqueline Abernathy,0
1010,,Mark V. Goloby,0
1010,DEM,Beto O'Rourke,75
1010,GRN,Delilah Barrios,1
1010,LIB,Mark Tippetts,0
1010,REP,Greg Abbott,30
1011,,Jacqueline Abernathy,0
1011,,Mark V. Goloby,0
1011,DEM,Beto O'Rourke,228
1011,GRN,Delilah Barrios,0
1011,LIB,Mark Tippetts,1
1011,REP,Greg Abbott,28
1012,,Jacqueline Abernathy,1
1012,,Mark V. Goloby,0
1012,DEM,Beto O'Rourke,675
1012,GRN,Delilah Barrios,3
1012,LIB,Mark Tippetts,9
1012,REP,Greg Abbott,370
1013,,Jacqueline Abernathy,0
1013,,Mark V. Goloby,0
1013,DEM,Beto O'Rourke,734
1013,GRN,Delilah Barrios,6
1013,LIB,Mark Tippetts,6
1013,REP,Greg Abbott,133
1014,,Jacqueline Abernathy,0
1014,,Mark V. Goloby,0
1014,DEM,Beto O'Rourke,142
1014,GRN,Delilah Barrios,1
1014,LIB,Mark Tippetts,4
1014,REP,Greg Abbott,108
1015,,Jacqueline Abernathy,0
1015,,Mark V. Goloby,0
1015,DEM,Beto O'Rourke,336
1015,GRN,Delilah Barrios,1
1015,LIB,Mark Tippetts,5
1015,REP,Greg Abbott,158
1019,,Jacqueline Abernathy,0
1019,,Mark V. Goloby,0
1019,DEM,Beto O'Rourke,137
1019,GRN,Delilah Barrios,2
1019,LIB,Mark Tippetts,1
1019,REP,Greg Abbott,67
1021,,Jacqueline Abernathy,0
1021,,Mark V. Goloby,0
1021,DEM,Beto O'Rourke,564
1021,GRN,Delilah Barrios,4
1021,LIB,Mark Tippetts,29
1021,REP,Greg Abbott,1058
1022,,Jacqueline Abernathy,0
1022,,Mark V. Goloby,0
1022,DEM,Beto O'Rourke,327
1022,GRN,Delilah Barrios,2
1022,LIB,Mark Tippetts,9
1022,REP,Greg Abbott,343
1023,,Jacqueline Abernathy,0
1023,,Mark V. Goloby,0
1023,DEM,Beto O'Rourke,1043
1023,GRN,Delilah Barrios,8
1023,LIB,Mark Tippetts,24
1023,REP,Greg Abbott,837
1024,,Jacqueline Abernathy,0
1024,,Mark V. Goloby,0
1024,DEM,Beto O'Rourke,705
1024,GRN,Delilah Barrios,6
1024,LIB,Mark Tippetts,19
1024,REP,Greg Abbott,1029
1025,,Jacqueline Abernathy,0
1025,,Mark V. Goloby,0
1025,DEM,Beto O'Rourke,498
1025,GRN,Delilah Barrios,1
1025,LIB,Mark Tippetts,5
1025,REP,Greg Abbott,264
1034,,Jacqueline Abernathy,0
1034,,Mark V. Goloby,0
1034,DEM,Beto O'Rourke,435
1034,GRN,Delilah Barrios,6
1034,LIB,Mark Tippetts,16
1034,REP,Greg Abbott,1463
1056,,Jacqueline Abernathy,0
1056,,Mark V. Goloby,0
1056,DEM,Beto O'Rourke,75
1056,GRN,Delilah Barrios,1
1056,LIB,Mark Tippetts,2
1056,REP,Greg Abbott,25
1059,,Jacqueline Abernathy,0
1059,,Mark V. Goloby,0
1059,DEM,Beto O'Rourke,197
1059,GRN,Delilah Barrios,1
1059,LIB,Mark Tippetts,2
1059,REP,Greg Abbott,47
1061,,Jacqueline Abernathy,0
1061,,Mark V. Goloby,0
1061,DEM,Beto O'Rourke,95
1061,GRN,Delilah Barrios,1
1061,LIB,Mark Tippetts,1
1061,REP,Greg Abbott,22
1062,,Jacqueline Abernathy,0
1062,,Mark V. Goloby,0
1062,DEM,Beto O'Rourke,10
1062,GRN,Delilah Barrios,0
1062,LIB,Mark Tippetts,1
1062,REP,Greg Abbott,5
1064,,Jacqueline Abernathy,0
1064,,Mark V. Goloby,0
1064,DEM,Beto O'Rourke,0
1064,GRN,Delilah Barrios,0
1064,LIB,Mark Tippetts,0
1064,REP,Greg Abbott,0
1066,,Jacqueline Abernathy,0
1066,,Mark V. Goloby,0
1066,DEM,Beto O'Rourke,229
1066,GRN,Delilah Barrios,2
1066,LIB,Mark Tippetts,3
1066,REP,Greg Abbott,103
1071,,Jacqueline Abernathy,0
1071,,Mark V. Goloby,0
1071,DEM,Beto O'Rourke,511
1071,GRN,Delilah Barrios,5
1071,LIB,Mark Tippetts,10
1071,REP,Greg Abbott,236
1074,,Jacqueline Abernathy,0
1074,,Mark V. Goloby,0
1074,DEM,Beto O'Rourke,193
1074,GRN,Delilah Barrios,0
1074,LIB,Mark Tippetts,2
1074,REP,Greg Abbott,35
1075,,Jacqueline Abernathy,0
1075,,Mark V. Goloby,0
1075,DEM,Beto O'Rourke,164
1075,GRN,Delilah Barrios,0
1075,LIB,Mark Tippetts,1
1075,REP,Greg Abbott,60
1076,,Jacqueline Abernathy,0
1076,,Mark V. Goloby,0
1076,DEM,Beto O'Rourke,447
1076,GRN,Delilah Barrios,3
1076,LIB,Mark Tippetts,10
1076,REP,Greg Abbott,259
1078,,Jacqueline Abernathy,0
1078,,Mark V. Goloby,0
1078,DEM,Beto O'Rourke,270
1078,GRN,Delilah Barrios,2
1078,LIB,Mark Tippetts,2
1078,REP,Greg Abbott,40
1079,,Jacqueline Abernathy,0
1079,,Mark V. Goloby,0
1079,DEM,Beto O'Rourke,325
1079,GRN,Delilah Barrios,2
1079,LIB,Mark Tippetts,2
1079,REP,Greg Abbott,38
1080,,Jacqueline Abernathy,0
1080,,Mark V. Goloby,0
1080,DEM,Beto O'Rourke,322
1080,GRN,Delilah Barrios,3
1080,LIB,Mark Tippetts,4
1080,REP,Greg Abbott,26
1081,,Jacqueline Abernathy,0
1081,,Mark V. Goloby,0
1081,DEM,Beto O'Rourke,178
1081,GRN,Delilah Barrios,0
1081,LIB,Mark Tippetts,2
1081,REP,Greg Abbott,224
1082,,Jacqueline Abernathy,0
1082,,Mark V. Goloby,0
1082,DEM,Beto O'Rourke,147
1082,GRN,Delilah Barrios,1
1082,LIB,Mark Tippetts,2
1082,REP,Greg Abbott,78
1083,,Jacqueline Abernathy,0
1083,,Mark V. Goloby,0
1083,DEM,Beto O'Rourke,267
1083,GRN,Delilah Barrios,1
1083,LIB,Mark Tippetts,2
1083,REP,Greg Abbott,56
1084,,Jacqueline Abernathy,0
1084,,Mark V. Goloby,0
1084,DEM,Beto O'Rourke,0
1084,GRN,Delilah Barrios,0
1084,LIB,Mark Tippetts,0
1084,REP,Greg Abbott,0
1085,,Jacqueline Abernathy,0
1085,,Mark V. Goloby,0
1085,DEM,Beto O'Rourke,142
1085,GRN,Delilah Barrios,1
1085,LIB,Mark Tippetts,0
1085,REP,Greg Abbott,116
1088,,Jacqueline Abernathy,0
1088,,Mark V. Goloby,0
1088,DEM,Beto O'Rourke,282
1088,GRN,Delilah Barrios,4
1088,LIB,Mark Tippetts,5
1088,REP,Greg Abbott,81
1089,,Jacqueline Abernathy,1
1089,,Mark V. Goloby,0
1089,DEM,Beto O'Rourke,429
1089,GRN,Delilah Barrios,2
1089,LIB,Mark Tippetts,3
1089,REP,Greg Abbott,28
1090,,Jacqueline Abernathy,0
1090,,Mark V. Goloby,0
1090,DEM,Beto O'Rourke,346
1090,GRN,Delilah Barrios,1
1090,LIB,Mark Tippetts,3
1090,REP,Greg Abbott,45
1094,,Jacqueline Abernathy,0
1094,,Mark V. Goloby,0
1094,DEM,Beto O'Rourke,517
1094,GRN,Delilah Barrios,1
1094,LIB,Mark Tippetts,13
1094,REP,Greg Abbott,214
1095,,Jacqueline Abernathy,0
1095,,Mark V. Goloby,0
1095,DEM,Beto O'Rourke,237
1095,GRN,Delilah Barrios,1
1095,LIB,Mark Tippetts,1
1095,REP,Greg Abbott,314
1098,,Jacqueline Abernathy,0
1098,,Mark V. Goloby,0
1098,DEM,Beto O'Rourke,410
1098,GRN,Delilah Barrios,5
1098,LIB,Mark Tippetts,2
1098,REP,Greg Abbott,49
1099,,Jacqueline Abernathy,0
1099,,Mark V. Goloby,0
1099,DEM,Beto O'Rourke,187
1099,GRN,Delilah Barrios,1
1099,LIB,Mark Tippetts,3
1099,REP,Greg Abbott,61
1103,,Jacqueline Abernathy,0
1103,,Mark V. Goloby,0
1103,DEM,Beto O'Rourke,367
1103,GRN,Delilah Barrios,3
1103,LIB,Mark Tippetts,10
1103,REP,Greg Abbott,638
1104,,Jacqueline Abernathy,0
1104,,Mark V. Goloby,0
1104,DEM,Beto O'Rourke,878
1104,GRN,Delilah Barrios,4
1104,LIB,Mark Tippetts,12
1104,REP,Greg Abbott,88
1105,,Jacqueline Abernathy,0
1105,,Mark V. Goloby,0
1105,DEM,Beto O'Rourke,495
1105,GRN,Delilah Barrios,7
1105,LIB,Mark Tippetts,14
1105,REP,Greg Abbott,496
1106,,Jacqueline Abernathy,0
1106,,Mark V. Goloby,0
1106,DEM,Beto O'Rourke,677
1106,GRN,Delilah Barrios,1
1106,LIB,Mark Tippetts,2
1106,REP,Greg Abbott,35
1108,,Jacqueline Abernathy,0
1108,,Mark V. Goloby,0
1108,DEM,Beto O'Rourke,604
1108,GRN,Delilah Barrios,0
1108,LIB,Mark Tippetts,19
1108,REP,Greg Abbott,430
1109,,Jacqueline Abernathy,0
1109,,Mark V. Goloby,0
1109,DEM,Beto O'Rourke,356
1109,GRN,Delilah Barrios,3
1109,LIB,Mark Tippetts,5
1109,REP,Greg Abbott,179
1111,,Jacqueline Abernathy,0
1111,,Mark V. Goloby,0
1111,DEM,Beto O'Rourke,727
1111,GRN,Delilah Barrios,5
1111,LIB,Mark Tippetts,25
1111,REP,Greg Abbott,1953
1117,,Jacqueline Abernathy,0
1117,,Mark V. Goloby,0
1117,DEM,Beto O'Rourke,580
1117,GRN,Delilah Barrios,5
1117,LIB,Mark Tippetts,11
1117,REP,Greg Abbott,582
1119,,Jacqueline Abernathy,0
1119,,Mark V. Goloby,0
1119,DEM,Beto O'Rourke,1128
1119,GRN,Delilah Barrios,7
1119,LIB,Mark Tippetts,22
1119,REP,Greg Abbott,562
1120,,Jacqueline Abernathy,0
1120,,Mark V. Goloby,0
1120,DEM,Beto O'Rourke,938
1120,GRN,Delilah Barrios,10
1120,LIB,Mark Tippetts,9
1120,REP,Greg Abbott,79
1126,,Jacqueline Abernathy,1
1126,,Mark V. Goloby,0
1126,DEM,Beto O'Rourke,573
1126,GRN,Delilah Barrios,4
1126,LIB,Mark Tippetts,9
1126,REP,Greg Abbott,264
1127,,Jacqueline Abernathy,0
1127,,Mark V. Goloby,0
1127,DEM,Beto O'Rourke,519
1127,GRN,Delilah Barrios,2
1127,LIB,Mark Tippetts,3
1127,REP,Greg Abbott,44
1132,,Jacqueline Abernathy,0
1132,,Mark V. Goloby,0
1132,DEM,Beto O'Rourke,437
1132,GRN,Delilah Barrios,4
1132,LIB,Mark Tippetts,4
1132,REP,Greg Abbott,27
1133,,Jacqueline Abernathy,0
1133,,Mark V. Goloby,0
1133,DEM,Beto O'Rourke,601
1133,GRN,Delilah Barrios,4
1133,LIB,Mark Tippetts,12
1133,REP,Greg Abbott,402
1142,,Jacqueline Abernathy,1
1142,,Mark V. Goloby,0
1142,DEM,Beto O'Rourke,363
1142,GRN,Delilah Barrios,4
1142,LIB,Mark Tippetts,8
1142,REP,Greg Abbott,331
1146,,Jacqueline Abernathy,0
1146,,Mark V. Goloby,0
1146,DEM,Beto O'Rourke,847
1146,GRN,Delilah Barrios,2
1146,LIB,Mark Tippetts,9
1146,REP,Greg Abbott,407
1149,,Jacqueline Abernathy,2
1149,,Mark V. Goloby,0
1149,DEM,Beto O'Rourke,699
1149,GRN,Delilah Barrios,5
1149,LIB,Mark Tippetts,8
1149,REP,Greg Abbott,198
1150,,Jacqueline Abernathy,0
1150,,Mark V. Goloby,0
1150,DEM,Beto O'Rourke,439
1150,GRN,Delilah Barrios,1
1150,LIB,Mark Tippetts,4
1150,REP,Greg Abbott,168
1151,,Jacqueline Abernathy,0
1151,,Mark V. Goloby,0
1151,DEM,Beto O'Rourke,339
1151,GRN,Delilah Barrios,3
1151,LIB,Mark Tippetts,3
1151,REP,Greg Abbott,211
1153,,Jacqueline Abernathy,0
1153,,Mark V. Goloby,0
1153,DEM,Beto O'Rourke,624
1153,GRN,Delilah Barrios,4
1153,LIB,Mark Tippetts,3
1153,REP,Greg Abbott,57
1154,,Jacqueline Abernathy,0
1154,,Mark V. Goloby,0
1154,DEM,Beto O'Rourke,177
1154,GRN,Delilah Barrios,2
1154,LIB,Mark Tippetts,3
1154,REP,Greg Abbott,43
1165,,Jacqueline Abernathy,0
1165,,Mark V. Goloby,0
1165,DEM,Beto O'Rourke,88
1165,GRN,Delilah Barrios,0
1165,LIB,Mark Tippetts,0
1165,REP,Greg Abbott,48
1167,,Jacqueline Abernathy,0
1167,,Mark V. Goloby,0
1167,DEM,Beto O'Rourke,431
1167,GRN,Delilah Barrios,2
1167,LIB,Mark Tippetts,9
1167,REP,Greg Abbott,357
1170,,Jacqueline Abernathy,0
1170,,Mark V. Goloby,0
1170,DEM,Beto O'Rourke,847
1170,GRN,Delilah Barrios,6
1170,LIB,Mark Tippetts,12
1170,REP,Greg Abbott,458
1175,,Jacqueline Abernathy,0
1175,,Mark V. Goloby,0
1175,DEM,Beto O'Rourke,607
1175,GRN,Delilah Barrios,2
1175,LIB,Mark Tippetts,8
1175,REP,Greg Abbott,410
1184,,Jacqueline Abernathy,0
1184,,Mark V. Goloby,0
1184,DEM,Beto O'Rourke,203
1184,GRN,Delilah Barrios,3
1184,LIB,Mark Tippetts,7
1184,REP,Greg Abbott,174
1186,,Jacqueline Abernathy,0
1186,,Mark V. Goloby,0
1186,DEM,Beto O'Rourke,410
1186,GRN,Delilah Barrios,3
1186,LIB,Mark Tippetts,13
1186,REP,Greg Abbott,606
1188,,Jacqueline Abernathy,0
1188,,Mark V. Goloby,0
1188,DEM,Beto O'Rourke,198
1188,GRN,Delilah Barrios,1
1188,LIB,Mark Tippetts,4
1188,REP,Greg Abbott,9
1189,,Jacqueline Abernathy,0
1189,,Mark V. Goloby,0
1189,DEM,Beto O'Rourke,700
1189,GRN,Delilah Barrios,6
1189,LIB,Mark Tippetts,9
1189,REP,Greg Abbott,584
1197,,Jacqueline Abernathy,0
1197,,Mark V. Goloby,0
1197,DEM,Beto O'Rourke,1051
1197,GRN,Delilah Barrios,10
1197,LIB,Mark Tippetts,36
1197,REP,Greg Abbott,970
1198,,Jacqueline Abernathy,0
1198,,Mark V. Goloby,0
1198,DEM,Beto O'Rourke,76
1198,GRN,Delilah Barrios,1
1198,LIB,Mark Tippetts,0
1198,REP,Greg Abbott,75
1199,,Jacqueline Abernathy,0
1199,,Mark V. Goloby,0
1199,DEM,Beto O'Rourke,116
1199,GRN,Delilah Barrios,0
1199,LIB,Mark Tippetts,3
1199,REP,Greg Abbott,157
1206,,Jacqueline Abernathy,0
1206,,Mark V. Goloby,0
1206,DEM,Beto O'Rourke,503
1206,GRN,Delilah Barrios,2
1206,LIB,Mark Tippetts,21
1206,REP,Greg Abbott,906
1207,,Jacqueline Abernathy,0
1207,,Mark V. Goloby,0
1207,DEM,Beto O'Rourke,662
1207,GRN,Delilah Barrios,1
1207,LIB,Mark Tippetts,12
1207,REP,Greg Abbott,507
1208,,Jacqueline Abernathy,0
1208,,Mark V. Goloby,0
1208,DEM,Beto O'Rourke,420
1208,GRN,Delilah Barrios,1
1208,LIB,Mark Tippetts,14
1208,REP,Greg Abbott,946
1211,,Jacqueline Abernathy,0
1211,,Mark V. Goloby,0
1211,DEM,Beto O'Rourke,645
1211,GRN,Delilah Barrios,8
1211,LIB,Mark Tippetts,4
1211,REP,Greg Abbott,66
1227,,Jacqueline Abernathy,0
1227,,Mark V. Goloby,0
1227,DEM,Beto O'Rourke,415
1227,GRN,Delilah Barrios,2
1227,LIB,Mark Tippetts,7
1227,REP,Greg Abbott,172
1236,,Jacqueline Abernathy,0
1236,,Mark V. Goloby,0
1236,DEM,Beto O'Rourke,209
1236,GRN,Delilah Barrios,2
1236,LIB,Mark Tippetts,3
1236,REP,Greg Abbott,130
1237,,Jacqueline Abernathy,0
1237,,Mark V. Goloby,0
1237,DEM,Beto O'Rourke,176
1237,GRN,Delilah Barrios,1
1237,LIB,Mark Tippetts,1
1237,REP,Greg Abbott,89
1238,,Jacqueline Abernathy,0
1238,,Mark V. Goloby,0
1238,DEM,Beto O'Rourke,807
1238,GRN,Delilah Barrios,8
1238,LIB,Mark Tippetts,12
1238,REP,Greg Abbott,433
1241,,Jacqueline Abernathy,0
1241,,Mark V. Goloby,0
1241,DEM,Beto O'Rourke,49
1241,GRN,Delilah Barrios,0
1241,LIB,Mark Tippetts,0
1241,REP,Greg Abbott,24
1244,,Jacqueline Abernathy,0
1244,,Mark V. Goloby,0
1244,DEM,Beto O'Rourke,25
1244,GRN,Delilah Barrios,0
1244,LIB,Mark Tippetts,0
1244,REP,Greg Abbott,66
1251,,Jacqueline Abernathy,0
1251,,Mark V. Goloby,0
1251,DEM,Beto O'Rourke,852
1251,GRN,Delilah Barrios,7
1251,LIB,Mark Tippetts,9
1251,REP,Greg Abbott,176
1255,,Jacqueline Abernathy,0
1255,,Mark V. Goloby,0
1255,DEM,Beto O'Rourke,985
1255,GRN,Delilah Barrios,7
1255,LIB,Mark Tippetts,7
1255,REP,Greg Abbott,452
1257,,Jacqueline Abernathy,0
1257,,Mark V. Goloby,0
1257,DEM,Beto O'Rourke,416
1257,GRN,Delilah Barrios,3
1257,LIB,Mark Tippetts,12
1257,REP,Greg Abbott,235
1264,,Jacqueline Abernathy,2
1264,,Mark V. Goloby,0
1264,DEM,Beto O'Rourke,484
1264,GRN,Delilah Barrios,1
1264,LIB,Mark Tippetts,14
1264,REP,Greg Abbott,479
1265,,Jacqueline Abernathy,1
1265,,Mark V. Goloby,0
1265,DEM,Beto O'Rourke,619
1265,GRN,Delilah Barrios,6
1265,LIB,Mark Tippetts,10
1265,REP,Greg Abbott,442
1270,,Jacqueline Abernathy,0
1270,,Mark V. Goloby,0
1270,DEM,Beto O'Rourke,146
1270,GRN,Delilah Barrios,4
1270,LIB,Mark Tippetts,1
1270,REP,Greg Abbott,124
1271,,Jacqueline Abernathy,0
1271,,Mark V. Goloby,0
1271,DEM,Beto O'Rourke,385
1271,GRN,Delilah Barrios,2
1271,LIB,Mark Tippetts,19
1271,REP,Greg Abbott,1057
1273,,Jacqueline Abernathy,0
1273,,Mark V. Goloby,0
1273,DEM,Beto O'Rourke,520
1273,GRN,Delilah Barrios,2
1273,LIB,Mark Tippetts,12
1273,REP,Greg Abbott,287
1277,,Jacqueline Abernathy,0
1277,,Mark V. Goloby,0
1277,DEM,Beto O'Rourke,439
1277,GRN,Delilah Barrios,0
1277,LIB,Mark Tippetts,15
1277,REP,Greg Abbott,338
1278,,Jacqueline Abernathy,0
1278,,Mark V. Goloby,0
1278,DEM,Beto O'Rourke,703
1278,GRN,Delilah Barrios,6
1278,LIB,Mark Tippetts,6
1278,REP,Greg Abbott,149
1279,,Jacqueline Abernathy,0
1279,,Mark V. Goloby,0
1279,DEM,Beto O'Rourke,712
1279,GRN,Delilah Barrios,5
1279,LIB,Mark Tippetts,6
1279,REP,Greg Abbott,248
1291,,Jacqueline Abernathy,0
1291,,Mark V. Goloby,0
1291,DEM,Beto O'Rourke,707
1291,GRN,Delilah Barrios,5
1291,LIB,Mark Tippetts,2
1291,REP,Greg Abbott,49
1292,,Jacqueline Abernathy,0
1292,,Mark V. Goloby,0
1292,DEM,Beto O'Rourke,450
1292,GRN,Delilah Barrios,5
1292,LIB,Mark Tippetts,4
1292,REP,Greg Abbott,132
1293,,Jacqueline Abernathy,0
1293,,Mark V. Goloby,0
1293,DEM,Beto O'Rourke,394
1293,GRN,Delilah Barrios,2
1293,LIB,Mark Tippetts,2
1293,REP,Greg Abbott,94
1294,,Jacqueline Abernathy,0
1294,,Mark V. Goloby,0
1294,DEM,Beto O'Rourke,609
1294,GRN,Delilah Barrios,0
1294,LIB,Mark Tippetts,12
1294,REP,Greg Abbott,903
1295,,Jacqueline Abernathy,0
1295,,Mark V. Goloby,0
1295,DEM,Beto O'Rourke,204
1295,GRN,Delilah Barrios,0
1295,LIB,Mark Tippetts,6
1295,REP,Greg Abbott,121
1296,,Jacqueline Abernathy,1
1296,,Mark V. Goloby,0
1296,DEM,Beto O'Rourke,692
1296,GRN,Delilah Barrios,4
1296,LIB,Mark Tippetts,19
1296,REP,Greg Abbott,836
1297,,Jacqueline Abernathy,0
1297,,Mark V. Goloby,0
1297,DEM,Beto O'Rourke,847
1297,GRN,Delilah Barrios,11
1297,LIB,Mark Tippetts,5
1297,REP,Greg Abbott,57
1298,,Jacqueline Abernathy,1
1298,,Mark V. Goloby,0
1298,DEM,Beto O'Rourke,694
1298,GRN,Delilah Barrios,2
1298,LIB,Mark Tippetts,9
1298,REP,Greg Abbott,544
1300,,Jacqueline Abernathy,1
1300,,Mark V. Goloby,0
1300,DEM,Beto O'Rourke,711
1300,GRN,Delilah Barrios,5
1300,LIB,Mark Tippetts,12
1300,REP,Greg Abbott,348
1301,,Jacqueline Abernathy,0
1301,,Mark V. Goloby,0
1301,DEM,Beto O'Rourke,702
1301,GRN,Delilah Barrios,6
1301,LIB,Mark Tippetts,10
1301,REP,Greg Abbott,141
1311,,Jacqueline Abernathy,0
1311,,Mark V. Goloby,0
1311,DEM,Beto O'Rourke,685
1311,GRN,Delilah Barrios,7
1311,LIB,Mark Tippetts,9
1311,REP,Greg Abbott,196
1337,,Jacqueline Abernathy,1
1337,,Mark V. Goloby,0
1337,DEM,Beto O'Rourke,581
1337,GRN,Delilah Barrios,3
1337,LIB,Mark Tippetts,30
1337,REP,Greg Abbott,1042
1339,,Jacqueline Abernathy,0
1339,,Mark V. Goloby,0
1339,DEM,Beto O'Rourke,677
1339,GRN,Delilah Barrios,2
1339,LIB,Mark Tippetts,17
1339,REP,Greg Abbott,808
1345,,Jacqueline Abernathy,0
1345,,Mark V. Goloby,0
1345,DEM,Beto O'Rourke,150
1345,GRN,Delilah Barrios,0
1345,LIB,Mark Tippetts,2
1345,REP,Greg Abbott,133
1346,,Jacqueline Abernathy,0
1346,,Mark V. Goloby,0
1346,DEM,Beto O'Rourke,240
1346,GRN,Delilah Barrios,0
1346,LIB,Mark Tippetts,1
1346,REP,Greg Abbott,30
1347,,Jacqueline Abernathy,0
1347,,Mark V. Goloby,0
1347,DEM,Beto O'Rourke,1175
1347,GRN,Delilah Barrios,3
1347,LIB,Mark Tippetts,17
1347,REP,Greg Abbott,759
1348,,Jacqueline Abernathy,0
1348,,Mark V. Goloby,0
1348,DEM,Beto O'Rourke,173
1348,GRN,Delilah Barrios,0
1348,LIB,Mark Tippetts,3
1348,REP,Greg Abbott,495
1351,,Jacqueline Abernathy,0
1351,,Mark V. Goloby,0
1351,DEM,Beto O'Rourke,0
1351,GRN,Delilah Barrios,0
1351,LIB,Mark Tippetts,0
1351,REP,Greg Abbott,0
1352,,Jacqueline Abernathy,0
1352,,Mark V. Goloby,0
1352,DEM,Beto O'Rourke,97
1352,GRN,Delilah Barrios,1
1352,LIB,Mark Tippetts,0
1352,REP,Greg Abbott,262
1366,,Jacqueline Abernathy,0
1366,,Mark V. Goloby,0
1366,DEM,Beto O'Rourke,0
1366,GRN,Delilah Barrios,0
1366,LIB,Mark Tippetts,0
1366,REP,Greg Abbott,6
1376,,Jacqueline Abernathy,0
1376,,Mark V. Goloby,0
1376,DEM,Beto O'Rourke,2
1376,GRN,Delilah Barrios,0
1376,LIB,Mark Tippetts,2
1376,REP,Greg Abbott,4
1377,,Jacqueline Abernathy,2
1377,,Mark V. Goloby,0
1377,DEM,Beto O'Rourke,1042
1377,GRN,Delilah Barrios,5
1377,LIB,Mark Tippetts,17
1377,REP,Greg Abbott,899
1378,,Jacqueline Abernathy,0
1378,,Mark V. Goloby,0
1378,DEM,Beto O'Rourke,1057
1378,GRN,Delilah Barrios,5
1378,LIB,Mark Tippetts,9
1378,REP,Greg Abbott,358
1380,,Jacqueline Abernathy,0
1380,,Mark V. Goloby,0
1380,DEM,Beto O'Rourke,410
1380,GRN,Delilah Barrios,3
1380,LIB,Mark Tippetts,8
1380,REP,Greg Abbott,306
1382,,Jacqueline Abernathy,0
1382,,Mark V. Goloby,0
1382,DEM,Beto O'Rourke,649
1382,GRN,Delilah Barrios,1
1382,LIB,Mark Tippetts,5
1382,REP,Greg Abbott,184
1388,,Jacqueline Abernathy,0
1388,,Mark V. Goloby,0
1388,DEM,Beto O'Rourke,841
1388,GRN,Delilah Barrios,3
1388,LIB,Mark Tippetts,12
1388,REP,Greg Abbott,386
1394,,Jacqueline Abernathy,0
1394,,Mark V. Goloby,0
1394,DEM,Beto O'Rourke,0
1394,GRN,Delilah Barrios,0
1394,LIB,Mark Tippetts,0
1394,REP,Greg Abbott,0
1404,,Jacqueline Abernathy,1
1404,,Mark V. Goloby,0
1404,DEM,Beto O'Rourke,660
1404,GRN,Delilah Barrios,2
1404,LIB,Mark Tippetts,9
1404,REP,Greg Abbott,220
1407,,Jacqueline Abernathy,0
1407,,Mark V. Goloby,0
1407,DEM,Beto O'Rourke,18
1407,GRN,Delilah Barrios,0
1407,LIB,Mark Tippetts,1
1407,REP,Greg Abbott,8
1408,,Jacqueline Abernathy,0
1408,,Mark V. Goloby,0
1408,DEM,Beto O'Rourke,92
1408,GRN,Delilah Barrios,0
1408,LIB,Mark Tippetts,0
1408,REP,Greg Abbott,37
1412,,Jacqueline Abernathy,0
1412,,Mark V. Goloby,0
1412,DEM,Beto O'Rourke,0
1412,GRN,Delilah Barrios,0
1412,LIB,Mark Tippetts,0
1412,REP,Greg Abbott,0
1414,,Jacqueline Abernathy,0
1414,,Mark V. Goloby,0
1414,DEM,Beto O'Rourke,19
1414,GRN,Delilah Barrios,0
1414,LIB,Mark Tippetts,0
1414,REP,Greg Abbott,1
1415,,Jacqueline Abernathy,0
1415,,Mark V. Goloby,0
1415,DEM,Beto O'Rourke,342
1415,GRN,Delilah Barrios,5
1415,LIB,Mark Tippetts,2
1415,REP,Greg Abbott,116
1416,,Jacqueline Abernathy,0
1416,,Mark V. Goloby,0
1416,DEM,Beto O'Rourke,56
1416,GRN,Delilah Barrios,0
1416,LIB,Mark Tippetts,1
1416,REP,Greg Abbott,37
1418,,Jacqueline Abernathy,0
1418,,Mark V. Goloby,0
1418,DEM,Beto O'Rourke,0
1418,GRN,Delilah Barrios,0
1418,LIB,Mark Tippetts,0
1418,REP,Greg Abbott,0
1420,,Jacqueline Abernathy,0
1420,,Mark V. Goloby,0
1420,DEM,Beto O'Rourke,0
1420,GRN,Delilah Barrios,0
1420,LIB,Mark Tippetts,0
1420,REP,Greg Abbott,0
1423,,Jacqueline Abernathy,0
1423,,Mark V. Goloby,0
1423,DEM,Beto O'Rourke,592
1423,GRN,Delilah Barrios,2
1423,LIB,Mark Tippetts,17
1423,REP,Greg Abbott,1178
1424,,Jacqueline Abernathy,0
1424,,Mark V. Goloby,0
1424,DEM,Beto O'Rourke,0
1424,GRN,Delilah Barrios,0
1424,LIB,Mark Tippetts,0
1424,REP,Greg Abbott,6
1427,,Jacqueline Abernathy,0
1427,,Mark V. Goloby,0
1427,DEM,Beto O'Rourke,1
1427,GRN,Delilah Barrios,0
1427,LIB,Mark Tippetts,0
1427,REP,Greg Abbott,1
1430,,Jacqueline Abernathy,0
1430,,Mark V. Goloby,0
1430,DEM,Beto O'Rourke,2
1430,GRN,Delilah Barrios,0
1430,LIB,Mark Tippetts,0
1430,REP,Greg Abbott,1
1431,,Jacqueline Abernathy,0
1431,,Mark V. Goloby,0
1431,DEM,Beto O'Rourke,322
1431,GRN,Delilah Barrios,0
1431,LIB,Mark Tippetts,12
1431,REP,Greg Abbott,832
1434,,Jacqueline Abernathy,0
1434,,Mark V. Goloby,0
1434,DEM,Beto O'Rourke,0
1434,GRN,Delilah Barrios,0
1434,LIB,Mark Tippetts,0
1434,REP,Greg Abbott,0
1436,,Jacqueline Abernathy,0
1436,,Mark V. Goloby,0
1436,DEM,Beto O'Rourke,424
1436,GRN,Delilah Barrios,0
1436,LIB,Mark Tippetts,5
1436,REP,Greg Abbott,196
1437,,Jacqueline Abernathy,0
1437,,Mark V. Goloby,0
1437,DEM,Beto O'Rourke,176
1437,GRN,Delilah Barrios,0
1437,LIB,Mark Tippetts,3
1437,REP,Greg Abbott,179
1439,,Jacqueline Abernathy,0
1439,,Mark V. Goloby,0
1439,DEM,Beto O'Rourke,57
1439,GRN,Delilah Barrios,0
1439,LIB,Mark Tippetts,1
1439,REP,Greg Abbott,9
1440,,Jacqueline Abernathy,0
1440,,Mark V. Goloby,0
1440,DEM,Beto O'Rourke,595
1440,GRN,Delilah Barrios,3
1440,LIB,Mark Tippetts,6
1440,REP,Greg Abbott,194
1441,,Jacqueline Abernathy,0
1441,,Mark V. Goloby,0
1441,DEM,Beto O'Rourke,132
1441,GRN,Delilah Barrios,1
1441,LIB,Mark Tippetts,0
1441,REP,Greg Abbott,35
1444,,Jacqueline Abernathy,0
1444,,Mark V. Goloby,0
1444,DEM,Beto O'Rourke,39
1444,GRN,Delilah Barrios,0
1444,LIB,Mark Tippetts,0
1444,REP,Greg Abbott,14
1445,,Jacqueline Abernathy,0
1445,,Mark V. Goloby,0
1445,DEM,Beto O'Rourke,15
1445,GRN,Delilah Barrios,0
1445,LIB,Mark Tippetts,0
1445,REP,Greg Abbott,4
1455,,Jacqueline Abernathy,0
1455,,Mark V. Goloby,0
1455,DEM,Beto O'Rourke,0
1455,GRN,Delilah Barrios,0
1455,LIB,Mark Tippetts,0
1455,REP,Greg Abbott,1
1457,,Jacqueline Abernathy,0
1457,,Mark V. Goloby,0
1457,DEM,Beto O'Rourke,1
1457,GRN,Delilah Barrios,0
1457,LIB,Mark Tippetts,0
1457,REP,Greg Abbott,0
1459,,Jacqueline Abernathy,0
1459,,Mark V. Goloby,0
1459,DEM,Beto O'Rourke,583
1459,GRN,Delilah Barrios,3
1459,LIB,Mark Tippetts,11
1459,REP,Greg Abbott,180
1460,,Jacqueline Abernathy,0
1460,,Mark V. Goloby,0
1460,DEM,Beto O'Rourke,676
1460,GRN,Delilah Barrios,4
1460,LIB,Mark Tippetts,9
1460,REP,Greg Abbott,237
1463,,Jacqueline Abernathy,0
1463,,Mark V. Goloby,0
1463,DEM,Beto O'Rourke,445
1463,GRN,Delilah Barrios,4
1463,LIB,Mark Tippetts,5
1463,REP,Greg Abbott,146
1472,,Jacqueline Abernathy,0
1472,,Mark V. Goloby,1
1472,DEM,Beto O'Rourke,65
1472,GRN,Delilah Barrios,1
1472,LIB,Mark Tippetts,1
1472,REP,Greg Abbott,124
1473,,Jacqueline Abernathy,0
1473,,Mark V. Goloby,0
1473,DEM,Beto O'Rourke,69
1473,GRN,Delilah Barrios,0
1473,LIB,Mark Tippetts,0
1473,REP,Greg Abbott,38
1476,,Jacqueline Abernathy,0
1476,,Mark V. Goloby,0
1476,DEM,Beto O'Rourke,23
1476,GRN,Delilah Barrios,2
1476,LIB,Mark Tippetts,0
1476,REP,Greg Abbott,16
1477,,Jacqueline Abernathy,0
1477,,Mark V. Goloby,0
1477,DEM,Beto O'Rourke,237
1477,GRN,Delilah Barrios,5
1477,LIB,Mark Tippetts,2
1477,REP,Greg Abbott,41
1479,,Jacqueline Abernathy,0
1479,,Mark V. Goloby,0
1479,DEM,Beto O'Rourke,56
1479,GRN,Delilah Barrios,2
1479,LIB,Mark Tippetts,0
1479,REP,Greg Abbott,21
1481,,Jacqueline Abernathy,0
1481,,Mark V. Goloby,0
1481,DEM,Beto O'Rourke,103
1481,GRN,Delilah Barrios,1
1481,LIB,Mark Tippetts,1
1481,REP,Greg Abbott,30
1482,,Jacqueline Abernathy,0
1482,,Mark V. Goloby,0
1482,DEM,Beto O'Rourke,156
1482,GRN,Delilah Barrios,0
1482,LIB,Mark Tippetts,1
1482,REP,Greg Abbott,35
1489,,Jacqueline Abernathy,0
1489,,Mark V. Goloby,0
1489,DEM,Beto O'Rourke,644
1489,GRN,Delilah Barrios,3
1489,LIB,Mark Tippetts,9
1489,REP,Greg Abbott,232
1490,,Jacqueline Abernathy,0
1490,,Mark V. Goloby,0
1490,DEM,Beto O'Rourke,146
1490,GRN,Delilah Barrios,0
1490,LIB,Mark Tippetts,1
1490,REP,Greg Abbott,76
1491,,Jacqueline Abernathy,0
1491,,Mark V. Goloby,0
1491,DEM,Beto O'Rourke,2
1491,GRN,Delilah Barrios,0
1491,LIB,Mark Tippetts,0
1491,REP,Greg Abbott,0
1501,,Jacqueline Abernathy,0
1501,,Mark V. Goloby,0
1501,DEM,Beto O'Rourke,135
1501,GRN,Delilah Barrios,1
1501,LIB,Mark Tippetts,3
1501,REP,Greg Abbott,75
1504,,Jacqueline Abernathy,0
1504,,Mark V. Goloby,0
1504,DEM,Beto O'Rourke,216
1504,GRN,Delilah Barrios,4
1504,LIB,Mark Tippetts,17
1504,REP,Greg Abbott,904
1514,,Jacqueline Abernathy,0
1514,,Mark V. Goloby,0
1514,DEM,Beto O'Rourke,0
1514,GRN,Delilah Barrios,0
1514,LIB,Mark Tippetts,0
1514,REP,Greg Abbott,0
1515,,Jacqueline Abernathy,0
1515,,Mark V. Goloby,0
1515,DEM,Beto O'Rourke,3
1515,GRN,Delilah Barrios,0
1515,LIB,Mark Tippetts,1
1515,REP,Greg Abbott,9
1518,,Jacqueline Abernathy,1
1518,,Mark V. Goloby,0
1518,DEM,Beto O'Rourke,211
1518,GRN,Delilah Barrios,4
1518,LIB,Mark Tippetts,0
1518,REP,Greg Abbott,56
1543,,Jacqueline Abernathy,0
1543,,Mark V. Goloby,0
1543,DEM,Beto O'Rourke,277
1543,GRN,Delilah Barrios,2
1543,LIB,Mark Tippetts,1
1543,REP,Greg Abbott,61
1544,,Jacqueline Abernathy,0
1544,,Mark V. Goloby,0
1544,DEM,Beto O'Rourke,4
1544,GRN,Delilah Barrios,0
1544,LIB,Mark Tippetts,0
1544,REP,Greg Abbott,0
1547,,Jacqueline Abernathy,0
1547,,Mark V. Goloby,0
1547,DEM,Beto O'Rourke,0
1547,GRN,Delilah Barrios,0
1547,LIB,Mark Tippetts,0
1547,REP,Greg Abbott,0
1549,,Jacqueline Abernathy,0
1549,,Mark V. Goloby,0
1549,DEM,Beto O'Rourke,0
1549,GRN,Delilah Barrios,0
1549,LIB,Mark Tippetts,0
1549,REP,Greg Abbott,0
1550,,Jacqueline Abernathy,0
1550,,Mark V. Goloby,0
1550,DEM,Beto O'Rourke,14
1550,GRN,Delilah Barrios,0
1550,LIB,Mark Tippetts,0
1550,REP,Greg Abbott,0
1555,,Jacqueline Abernathy,0
1555,,Mark V. Goloby,0
1555,DEM,Beto O'Rourke,0
1555,GRN,Delilah Barrios,0
1555,LIB,Mark Tippetts,0
1555,REP,Greg Abbott,1
1559,,Jacqueline Abernathy,0
1559,,Mark V. Goloby,0
1559,DEM,Beto O'Rourke,61
1559,GRN,Delilah Barrios,0
1559,LIB,Mark Tippetts,2
1559,REP,Greg Abbott,18
1564,,Jacqueline Abernathy,0
1564,,Mark V. Goloby,0
1564,DEM,Beto O'Rourke,0
1564,GRN,Delilah Barrios,0
1564,LIB,Mark Tippetts,0
1564,REP,Greg Abbott,0
1576,,Jacqueline Abernathy,0
1576,,Mark V. Goloby,0
1576,DEM,Beto O'Rourke,47
1576,GRN,Delilah Barrios,0
1576,LIB,Mark Tippetts,0
1576,REP,Greg Abbott,9
1577,,Jacqueline Abernathy,0
1577,,Mark V. Goloby,0
1577,DEM,Beto O'Rourke,305
1577,GRN,Delilah Barrios,3
1577,LIB,Mark Tippetts,1
1577,REP,Greg Abbott,59
1578,,Jacqueline Abernathy,0
1578,,Mark V. Goloby,0
1578,DEM,Beto O'Rourke,384
1578,GRN,Delilah Barrios,0
1578,LIB,Mark Tippetts,6
1578,REP,Greg Abbott,149
1586,,Jacqueline Abernathy,0
1586,,Mark V. Goloby,0
1586,DEM,Beto O'Rourke,2
1586,GRN,Delilah Barrios,0
1586,LIB,Mark Tippetts,0
1586,REP,Greg Abbott,1
1589,,Jacqueline Abernathy,0
1589,,Mark V. Goloby,0
1589,DEM,Beto O'Rourke,56
1589,GRN,Delilah Barrios,0
1589,LIB,Mark Tippetts,0
1589,REP,Greg Abbott,41
1594,,Jacqueline Abernathy,0
1594,,Mark V. Goloby,0
1594,DEM,Beto O'Rourke,0
1594,GRN,Delilah Barrios,0
1594,LIB,Mark Tippetts,0
1594,REP,Greg Abbott,0
1597,,Jacqueline Abernathy,0
1597,,Mark V. Goloby,0
1597,DEM,Beto O'Rourke,118
1597,GRN,Delilah Barrios,0
1597,LIB,Mark Tippetts,1
1597,REP,Greg Abbott,29
1603,,Jacqueline Abernathy,0
1603,,Mark V. Goloby,0
1603,DEM,Beto O'Rourke,52
1603,GRN,Delilah Barrios,0
1603,LIB,Mark Tippetts,2
1603,REP,Greg Abbott,24
1605,,Jacqueline Abernathy,0
1605,,Mark V. Goloby,0
1605,DEM,Beto O'Rourke,0
1605,GRN,Delilah Barrios,0
1605,LIB,Mark Tippetts,0
1605,REP,Greg Abbott,0
1607,,Jacqueline Abernathy,0
1607,,Mark V. Goloby,0
1607,DEM,Beto O'Rourke,0
1607,GRN,Delilah Barrios,0
1607,LIB,Mark Tippetts,0
1607,REP,Greg Abbott,0
1608,,Jacqueline Abernathy,0
1608,,Mark V. Goloby,0
1608,DEM,Beto O'Rourke,379
1608,GRN,Delilah Barrios,3
1608,LIB,Mark Tippetts,7
1608,REP,Greg Abbott,203
1610,,Jacqueline Abernathy,0
1610,,Mark V. Goloby,0
1610,DEM,Beto O'Rourke,11
1610,GRN,Delilah Barrios,1
1610,LIB,Mark Tippetts,1
1610,REP,Greg Abbott,14
1611,,Jacqueline Abernathy,0
1611,,Mark V. Goloby,0
1611,DEM,Beto O'Rourke,4
1611,GRN,Delilah Barrios,0
1611,LIB,Mark Tippetts,1
1611,REP,Greg Abbott,2
1617,,Jacqueline Abernathy,0
1617,,Mark V. Goloby,0
1617,DEM,Beto O'Rourke,11
1617,GRN,Delilah Barrios,0
1617,LIB,Mark Tippetts,0
1617,REP,Greg Abbott,8
1619,,Jacqueline Abernathy,0
1619,,Mark V. Goloby,0
1619,DEM,Beto O'Rourke,9
1619,GRN,Delilah Barrios,0
1619,LIB,Mark Tippetts,0
1619,REP,Greg Abbott,2
1621,,Jacqueline Abernathy,0
1621,,Mark V. Goloby,0
1621,DEM,Beto O'Rourke,73
1621,GRN,Delilah Barrios,0
1621,LIB,Mark Tippetts,1
1621,REP,Greg Abbott,26
1622,,Jacqueline Abernathy,0
1622,,Mark V. Goloby,0
1622,DEM,Beto O'Rourke,9
1622,GRN,Delilah Barrios,0
1622,LIB,Mark Tippetts,0
1622,REP,Greg Abbott,15
1623,,Jacqueline Abernathy,0
1623,,Mark V. Goloby,0
1623,DEM,Beto O'Rourke,0
1623,GRN,Delilah Barrios,0
1623,LIB,Mark Tippetts,0
1623,REP,Greg Abbott,0
1625,,Jacqueline Abernathy,0
1625,,Mark V. Goloby,0
1625,DEM,Beto O'Rourke,0
1625,GRN,Delilah Barrios,0
1625,LIB,Mark Tippetts,0
1625,REP,Greg Abbott,0
1627,,Jacqueline Abernathy,0
1627,,Mark V. Goloby,0
1627,DEM,Beto O'Rourke,51
1627,GRN,Delilah Barrios,0
1627,LIB,Mark Tippetts,2
1627,REP,Greg Abbott,90
1628,,Jacqueline Abernathy,0
1628,,Mark V. Goloby,0
1628,DEM,Beto O'Rourke,0
1628,GRN,Delilah Barrios,0
1628,LIB,Mark Tippetts,0
1628,REP,Greg Abbott,0
1631,,Jacqueline Abernathy,0
1631,,Mark V. Goloby,0
1631,DEM,Beto O'Rourke,52
1631,GRN,Delilah Barrios,2
1631,LIB,Mark Tippetts,1
1631,REP,Greg Abbott,45
1633,,Jacqueline Abernathy,0
1633,,Mark V. Goloby,0
1633,DEM,Beto O'Rourke,9
1633,GRN,Delilah Barrios,0
1633,LIB,Mark Tippetts,0
1633,REP,Greg Abbott,9
1639,,Jacqueline Abernathy,0
1639,,Mark V. Goloby,0
1639,DEM,Beto O'Rourke,532
1639,GRN,Delilah Barrios,1
1639,LIB,Mark Tippetts,3
1639,REP,Greg Abbott,126
1641,,Jacqueline Abernathy,0
1641,,Mark V. Goloby,0
1641,DEM,Beto O'Rourke,1470
1641,GRN,Delilah Barrios,6
1641,LIB,Mark Tippetts,19
1641,REP,Greg Abbott,831
1642,,Jacqueline Abernathy,0
1642,,Mark V. Goloby,0
1642,DEM,Beto O'Rourke,759
1642,GRN,Delilah Barrios,6
1642,LIB,Mark Tippetts,7
1642,REP,Greg Abbott,288
1651,,Jacqueline Abernathy,0
1651,,Mark V. Goloby,0
1651,DEM,Beto O'Rourke,0
1651,GRN,Delilah Barrios,0
1651,LIB,Mark Tippetts,0
1651,REP,Greg Abbott,0
1652,,Jacqueline Abernathy,0
1652,,Mark V. Goloby,0
1652,DEM,Beto O'Rourke,53
1652,GRN,Delilah Barrios,0
1652,LIB,Mark Tippetts,0
1652,REP,Greg Abbott,1
1672,,Jacqueline Abernathy,0
1672,,Mark V. Goloby,0
1672,DEM,Beto O'Rourke,0
1672,GRN,Delilah Barrios,0
1672,LIB,Mark Tippetts,0
1672,REP,Greg Abbott,0
1674,,Jacqueline Abernathy,0
1674,,Mark V. Goloby,0
1674,DEM,Beto O'Rourke,0
1674,GRN,Delilah Barrios,0
1674,LIB,Mark Tippetts,0
1674,REP,Greg Abbott,0
1676,,Jacqueline Abernathy,0
1676,,Mark V. Goloby,0
1676,DEM,Beto O'Rourke,83
1676,GRN,Delilah Barrios,1
1676,LIB,Mark Tippetts,2
1676,REP,Greg Abbott,33
1677,,Jacqueline Abernathy,0
1677,,Mark V. Goloby,0
1677,DEM,Beto O'Rourke,89
1677,GRN,Delilah Barrios,0
1677,LIB,Mark Tippetts,2
1677,REP,Greg Abbott,28
1678,,Jacqueline Abernathy,0
1678,,Mark V. Goloby,0
1678,DEM,Beto O'Rourke,1
1678,GRN,Delilah Barrios,0
1678,LIB,Mark Tippetts,0
1678,REP,Greg Abbott,0
1679,,Jacqueline Abernathy,0
1679,,Mark V. Goloby,0
1679,DEM,Beto O'Rourke,0
1679,GRN,Delilah Barrios,0
1679,LIB,Mark Tippetts,0
1679,REP,Greg Abbott,0
1684,,Jacqueline Abernathy,0
1684,,Mark V. Goloby,0
1684,DEM,Beto O'Rourke,152
1684,GRN,Delilah Barrios,1
1684,LIB,Mark Tippetts,2
1684,REP,Greg Abbott,118
1701,,Jacqueline Abernathy,0
1701,,Mark V. Goloby,0
1701,DEM,Beto O'Rourke,313
1701,GRN,Delilah Barrios,2
1701,LIB,Mark Tippetts,8
1701,REP,Greg Abbott,264
1704,,Jacqueline Abernathy,0
1704,,Mark V. Goloby,0
1704,DEM,Beto O'Rourke,426
1704,GRN,Delilah Barrios,3
1704,LIB,Mark Tippetts,13
1704,REP,Greg Abbott,708
1710,,Jacqueline Abernathy,0
1710,,Mark V. Goloby,0
1710,DEM,Beto O'Rourke,277
1710,GRN,Delilah Barrios,4
1710,LIB,Mark Tippetts,7
1710,REP,Greg Abbott,388
1714,,Jacqueline Abernathy,0
1714,,Mark V. Goloby,0
1714,DEM,Beto O'Rourke,1102
1714,GRN,Delilah Barrios,6
1714,LIB,Mark Tippetts,17
1714,REP,Greg Abbott,486
1715,,Jacqueline Abernathy,0
1715,,Mark V. Goloby,0
1715,DEM,Beto O'Rourke,298
1715,GRN,Delilah Barrios,3
1715,LIB,Mark Tippetts,4
1715,REP,Greg Abbott,265
1717,,Jacqueline Abernathy,0
1717,,Mark V. Goloby,0
1717,DEM,Beto O'Rourke,446
1717,GRN,Delilah Barrios,2
1717,LIB,Mark Tippetts,5
1717,REP,Greg Abbott,432
1718,,Jacqueline Abernathy,0
1718,,Mark V. Goloby,0
1718,DEM,Beto O'Rourke,362
1718,GRN,Delilah Barrios,1
1718,LIB,Mark Tippetts,4
1718,REP,Greg Abbott,270
1719,,Jacqueline Abernathy,2
1719,,Mark V. Goloby,0
1719,DEM,Beto O'Rourke,604
1719,GRN,Delilah Barrios,5
1719,LIB,Mark Tippetts,19
1719,REP,Greg Abbott,1006
1722,,Jacqueline Abernathy,0
1722,,Mark V. Goloby,0
1722,DEM,Beto O'Rourke,135
1722,GRN,Delilah Barrios,2
1722,LIB,Mark Tippetts,1
1722,REP,Greg Abbott,103
1723,,Jacqueline Abernathy,0
1723,,Mark V. Goloby,0
1723,DEM,Beto O'Rourke,795
1723,GRN,Delilah Barrios,4
1723,LIB,Mark Tippetts,12
1723,REP,Greg Abbott,360
1734,,Jacqueline Abernathy,0
1734,,Mark V. Goloby,0
1734,DEM,Beto O'Rourke,1106
1734,GRN,Delilah Barrios,3
1734,LIB,Mark Tippetts,10
1734,REP,Greg Abbott,302
1738,,Jacqueline Abernathy,0
1738,,Mark V. Goloby,0
1738,DEM,Beto O'Rourke,4
1738,GRN,Delilah Barrios,0
1738,LIB,Mark Tippetts,0
1738,REP,Greg Abbott,17
1739,,Jacqueline Abernathy,0
1739,,Mark V. Goloby,0
1739,DEM,Beto O'Rourke,7
1739,GRN,Delilah Barrios,0
1739,LIB,Mark Tippetts,0
1739,REP,Greg Abbott,0
1740,,Jacqueline Abernathy,0
1740,,Mark V. Goloby,0
1740,DEM,Beto O'Rourke,0
1740,GRN,Delilah Barrios,0
1740,LIB,Mark Tippetts,0
1740,REP,Greg Abbott,0
1747,,Jacqueline Abernathy,0
1747,,Mark V. Goloby,0
1747,DEM,Beto O'Rourke,0
1747,GRN,Delilah Barrios,0
1747,LIB,Mark Tippetts,0
1747,REP,Greg Abbott,0
1749,,Jacqueline Abernathy,0
1749,,Mark V. Goloby,0
1749,DEM,Beto O'Rourke,0
1749,GRN,Delilah Barrios,0
1749,LIB,Mark Tippetts,0
1749,REP,Greg Abbott,0
1752,,Jacqueline Abernathy,0
1752,,Mark V. Goloby,0
1752,DEM,Beto O'Rourke,0
1752,GRN,Delilah Barrios,0
1752,LIB,Mark Tippetts,0
1752,REP,Greg Abbott,0
1753,,Jacqueline Abernathy,0
1753,,Mark V. Goloby,0
1753,DEM,Beto O'Rourke,0
1753,GRN,Delilah Barrios,0
1753,LIB,Mark Tippetts,0
1753,REP,Greg Abbott,0
1754,,Jacqueline Abernathy,0
1754,,Mark V. Goloby,0
1754,DEM,Beto O'Rourke,0
1754,GRN,Delilah Barrios,0
1754,LIB,Mark Tippetts,0
1754,REP,Greg Abbott,0
1791,,Jacqueline Abernathy,0
1791,,Mark V. Goloby,0
1791,DEM,Beto O'Rourke,0
1791,GRN,Delilah Barrios,0
1791,LIB,Mark Tippetts,0
1791,REP,Greg Abbott,0
1792,,Jacqueline Abernathy,0
1792,,Mark V. Goloby,0
1792,DEM,Beto O'Rourke,0
1792,GRN,Delilah Barrios,0
1792,LIB,Mark Tippetts,0
1792,REP,Greg Abbott,0
1793,,Jacqueline Abernathy,0
1793,,Mark V. Goloby,0
1793,DEM,Beto O'Rourke,0
1793,GRN,Delilah Barrios,0
1793,LIB,Mark Tippetts,0
1793,REP,Greg Abbott,0
1794,,Jacqueline Abernathy,0
1794,,Mark V. Goloby,0
1794,DEM,Beto O'Rourke,0
1794,GRN,Delilah Barrios,0
1794,LIB,Mark Tippetts,0
1794,REP,Greg Abbott,0
1795,,Jacqueline Abernathy,0
1795,,Mark V. Goloby,0
1795,DEM,Beto O'Rourke,0
1795,GRN,Delilah Barrios,0
1795,LIB,Mark Tippetts,0
1795,REP,Greg Abbott,0
1796,,Jacqueline Abernathy,0
1796,,Mark V. Goloby,0
1796,DEM,Beto O'Rourke,0
1796,GRN,Delilah Barrios,0
1796,LIB,Mark Tippetts,0
1796,REP,Greg Abbott,0
1797,,Jacqueline Abernathy,0
1797,,Mark V. Goloby,0
1797,DEM,Beto O'Rourke,0
1797,GRN,Delilah Barrios,0
1797,LIB,Mark Tippetts,0
1797,REP,Greg Abbott,0
1798,,Jacqueline Abernathy,0
1798,,Mark V. Goloby,0
1798,DEM,Beto O'Rourke,0
1798,GRN,Delilah Barrios,0
1798,LIB,Mark Tippetts,0
1798,REP,Greg Abbott,0
1799,,Jacqueline Abernathy,0
1799,,Mark V. Goloby,0
1799,DEM,Beto O'Rourke,0
1799,GRN,Delilah Barrios,0
1799,LIB,Mark Tippetts,0
1799,REP,Greg Abbott,0
1800,,Jacqueline Abernathy,0
1800,,Mark V. Goloby,0
1800,DEM,Beto O'Rourke,0
1800,GRN,Delilah Barrios,0
1800,LIB,Mark Tippetts,0
1800,REP,Greg Abbott,0
1801,,Jacqueline Abernathy,0
1801,,Mark V. Goloby,0
1801,DEM,Beto O'Rourke,0
1801,GRN,Delilah Barrios,0
1801,LIB,Mark Tippetts,0
1801,REP,Greg Abbott,0
1802,,Jacqueline Abernathy,0
1802,,Mark V. Goloby,0
1802,DEM,Beto O'Rourke,0
1802,GRN,Delilah Barrios,0
1802,LIB,Mark Tippetts,0
1802,REP,Greg Abbott,0
1803,,Jacqueline Abernathy,0
1803,,Mark V. Goloby,0
1803,DEM,Beto O'Rourke,0
1803,GRN,Delilah Barrios,0
1803,LIB,Mark Tippetts,0
1803,REP,Greg Abbott,0
1804,,Jacqueline Abernathy,0
1804,,Mark V. Goloby,0
1804,DEM,Beto O'Rourke,0
1804,GRN,Delilah Barrios,0
1804,LIB,Mark Tippetts,0
1804,REP,Greg Abbott,0
1805,,Jacqueline Abernathy,0
1805,,Mark V. Goloby,0
1805,DEM,Beto O'Rourke,0
1805,GRN,Delilah Barrios,0
1805,LIB,Mark Tippetts,0
1805,REP,Greg Abbott,0
1806,,Jacqueline Abernathy,0
1806,,Mark V. Goloby,0
1806,DEM,Beto O'Rourke,0
1806,GRN,Delilah Barrios,0
1806,LIB,Mark Tippetts,0
1806,REP,Greg Abbott,0
1807,,Jacqueline Abernathy,0
1807,,Mark V. Goloby,0
1807,DEM,Beto O'Rourke,0
1807,GRN,Delilah Barrios,0
1807,LIB,Mark Tippetts,0
1807,REP,Greg Abbott,0
1808,,Jacqueline Abernathy,0
1808,,Mark V. Goloby,0
1808,DEM,Beto O'Rourke,0
1808,GRN,Delilah Barrios,0
1808,LIB,Mark Tippetts,0
1808,REP,Greg Abbott,0
1809,,Jacqueline Abernathy,0
1809,,Mark V. Goloby,0
1809,DEM,Beto O'Rourke,0
1809,GRN,Delilah Barrios,0
1809,LIB,Mark Tippetts,0
1809,REP,Greg Abbott,0
1810,,Jacqueline Abernathy,0
1810,,Mark V. Goloby,0
1810,DEM,Beto O'Rourke,0
1810,GRN,Delilah Barrios,0
1810,LIB,Mark Tippetts,0
1810,REP,Greg Abbott,0
1811,,Jacqueline Abernathy,0
1811,,Mark V. Goloby,0
1811,DEM,Beto O'Rourke,0
1811,GRN,Delilah Barrios,0
1811,LIB,Mark Tippetts,0
1811,REP,Greg Abbott,0
1812,,Jacqueline Abernathy,0
1812,,Mark V. Goloby,0
1812,DEM,Beto O'Rourke,0
1812,GRN,Delilah Barrios,0
1812,LIB,Mark Tippetts,0
1812,REP,Greg Abbott,0
1813,,Jacqueline Abernathy,0
1813,,Mark V. Goloby,0
1813,DEM,Beto O'Rourke,0
1813,GRN,Delilah Barrios,0
1813,LIB,Mark Tippetts,0
1813,REP,Greg Abbott,0
1814,,Jacqueline Abernathy,0
1814,,Mark V. Goloby,0
1814,DEM,Beto O'Rourke,0
1814,GRN,Delilah Barrios,0
1814,LIB,Mark Tippetts,0
1814,REP,Greg Abbott,0
1815,,Jacqueline Abernathy,0
1815,,Mark V. Goloby,0
1815,DEM,Beto O'Rourke,0
1815,GRN,Delilah Barrios,0
1815,LIB,Mark Tippetts,0
1815,REP,Greg Abbott,0
1816,,Jacqueline Abernathy,0
1816,,Mark V. Goloby,0
1816,DEM,Beto O'Rourke,0
1816,GRN,Delilah Barrios,0
1816,LIB,Mark Tippetts,0
1816,REP,Greg Abbott,0
1817,,Jacqueline Abernathy,0
1817,,Mark V. Goloby,0
1817,DEM,Beto O'Rourke,0
1817,GRN,Delilah Barrios,0
1817,LIB,Mark Tippetts,0
1817,REP,Greg Abbott,0
1818,,Jacqueline Abernathy,0
1818,,Mark V. Goloby,0
1818,DEM,Beto O'Rourke,0
1818,GRN,Delilah Barrios,0
1818,LIB,Mark Tippetts,0
1818,REP,Greg Abbott,0
1819,,Jacqueline Abernathy,0
1819,,Mark V. Goloby,0
1819,DEM,Beto O'Rourke,0
1819,GRN,Delilah Barrios,0
1819,LIB,Mark Tippetts,0
1819,REP,Greg Abbott,0
1821,,Jacqueline Abernathy,0
1821,,Mark V. Goloby,0
1821,DEM,Beto O'Rourke,0
1821,GRN,Delilah Barrios,0
1821,LIB,Mark Tippetts,0
1821,REP,Greg Abbott,0
1823,,Jacqueline Abernathy,0
1823,,Mark V. Goloby,0
1823,DEM,Beto O'Rourke,0
1823,GRN,Delilah Barrios,0
1823,LIB,Mark Tippetts,0
1823,REP,Greg Abbott,0
2002,,Jacqueline Abernathy,0
2002,,Mark V. Goloby,0
2002,DEM,Beto O'Rourke,0
2002,GRN,Delilah Barrios,0
2002,LIB,Mark Tippetts,0
2002,REP,Greg Abbott,0
2003,,Jacqueline Abernathy,0
2003,,Mark V. Goloby,0
2003,DEM,Beto O'Rourke,292
2003,GRN,Delilah Barrios,0
2003,LIB,Mark Tippetts,8
2003,REP,Greg Abbott,270
2007,,Jacqueline Abernathy,1
2007,,Mark V. Goloby,0
2007,DEM,Beto O'Rourke,565
2007,GRN,Delilah Barrios,3
2007,LIB,Mark Tippetts,20
2007,REP,Greg Abbott,779
2026,,Jacqueline Abernathy,1
2026,,Mark V. Goloby,0
2026,DEM,Beto O'Rourke,515
2026,GRN,Delilah Barrios,6
2026,LIB,Mark Tippetts,12
2026,REP,Greg Abbott,575
2027,,Jacqueline Abernathy,0
2027,,Mark V. Goloby,0
2027,DEM,Beto O'Rourke,117
2027,GRN,Delilah Barrios,3
2027,LIB,Mark Tippetts,4
2027,REP,Greg Abbott,98
2028,,Jacqueline Abernathy,0
2028,,Mark V. Goloby,0
2028,DEM,Beto O'Rourke,273
2028,GRN,Delilah Barrios,3
2028,LIB,Mark Tippetts,9
2028,REP,Greg Abbott,439
2029,,Jacqueline Abernathy,0
2029,,Mark V. Goloby,0
2029,DEM,Beto O'Rourke,525
2029,GRN,Delilah Barrios,2
2029,LIB,Mark Tippetts,8
2029,REP,Greg Abbott,775
2030,,Jacqueline Abernathy,0
2030,,Mark V. Goloby,0
2030,DEM,Beto O'Rourke,899
2030,GRN,Delilah Barrios,2
2030,LIB,Mark Tippetts,13
2030,REP,Greg Abbott,309
2031,,Jacqueline Abernathy,0
2031,,Mark V. Goloby,0
2031,DEM,Beto O'Rourke,1026
2031,GRN,Delilah Barrios,1
2031,LIB,Mark Tippetts,7
2031,REP,Greg Abbott,396
2033,,Jacqueline Abernathy,0
2033,,Mark V. Goloby,0
2033,DEM,Beto O'Rourke,426
2033,GRN,Delilah Barrios,4
2033,LIB,Mark Tippetts,8
2033,REP,Greg Abbott,484
2052,,Jacqueline Abernathy,0
2052,,Mark V. Goloby,0
2052,DEM,Beto O'Rourke,582
2052,GRN,Delilah Barrios,3
2052,LIB,Mark Tippetts,11
2052,REP,Greg Abbott,389
2055,,Jacqueline Abernathy,0
2055,,Mark V. Goloby,0
2055,DEM,Beto O'Rourke,560
2055,GRN,Delilah Barrios,4
2055,LIB,Mark Tippetts,12
2055,REP,Greg Abbott,595
2058,,Jacqueline Abernathy,0
2058,,Mark V. Goloby,0
2058,DEM,Beto O'Rourke,8
2058,GRN,Delilah Barrios,0
2058,LIB,Mark Tippetts,1
2058,REP,Greg Abbott,1
2100,,Jacqueline Abernathy,0
2100,,Mark V. Goloby,0
2100,DEM,Beto O'Rourke,140
2100,GRN,Delilah Barrios,1
2100,LIB,Mark Tippetts,5
2100,REP,Greg Abbott,111
2112,,Jacqueline Abernathy,0
2112,,Mark V. Goloby,0
2112,DEM,Beto O'Rourke,434
2112,GRN,Delilah Barrios,2
2112,LIB,Mark Tippetts,9
2112,REP,Greg Abbott,804
2134,,Jacqueline Abernathy,0
2134,,Mark V. Goloby,0
2134,DEM,Beto O'Rourke,171
2134,GRN,Delilah Barrios,3
2134,LIB,Mark Tippetts,2
2134,REP,Greg Abbott,166
2143,,Jacqueline Abernathy,0
2143,,Mark V. Goloby,0
2143,DEM,Beto O'Rourke,202
2143,GRN,Delilah Barrios,0
2143,LIB,Mark Tippetts,1
2143,REP,Greg Abbott,137
2145,,Jacqueline Abernathy,0
2145,,Mark V. Goloby,0
2145,DEM,Beto O'Rourke,461
2145,GRN,Delilah Barrios,2
2145,LIB,Mark Tippetts,2
2145,REP,Greg Abbott,219
2147,,Jacqueline Abernathy,0
2147,,Mark V. Goloby,0
2147,DEM,Beto O'Rourke,346
2147,GRN,Delilah Barrios,5
2147,LIB,Mark Tippetts,15
2147,REP,Greg Abbott,336
2148,,Jacqueline Abernathy,0
2148,,Mark V. Goloby,0
2148,DEM,Beto O'Rourke,560
2148,GRN,Delilah Barrios,5
2148,LIB,Mark Tippetts,11
2148,REP,Greg Abbott,228
2158,,Jacqueline Abernathy,0
2158,,Mark V. Goloby,0
2158,DEM,Beto O'Rourke,571
2158,GRN,Delilah Barrios,4
2158,LIB,Mark Tippetts,13
2158,REP,Greg Abbott,641
2161,,Jacqueline Abernathy,1
2161,,Mark V. Goloby,0
2161,DEM,Beto O'Rourke,423
2161,GRN,Delilah Barrios,1
2161,LIB,Mark Tippetts,5
2161,REP,Greg Abbott,148
2168,,Jacqueline Abernathy,0
2168,,Mark V. Goloby,0
2168,DEM,Beto O'Rourke,292
2168,GRN,Delilah Barrios,4
2168,LIB,Mark Tippetts,5
2168,REP,Greg Abbott,192
2169,,Jacqueline Abernathy,0
2169,,Mark V. Goloby,0
2169,DEM,Beto O'Rourke,134
2169,GRN,Delilah Barrios,1
2169,LIB,Mark Tippetts,0
2169,REP,Greg Abbott,42
2171,,Jacqueline Abernathy,0
2171,,Mark V. Goloby,0
2171,DEM,Beto O'Rourke,744
2171,GRN,Delilah Barrios,6
2171,LIB,Mark Tippetts,27
2171,REP,Greg Abbott,819
2173,,Jacqueline Abernathy,0
2173,,Mark V. Goloby,0
2173,DEM,Beto O'Rourke,244
2173,GRN,Delilah Barrios,2
2173,LIB,Mark Tippetts,8
2173,REP,Greg Abbott,402
2174,,Jacqueline Abernathy,0
2174,,Mark V. Goloby,0
2174,DEM,Beto O'Rourke,644
2174,GRN,Delilah Barrios,2
2174,LIB,Mark Tippetts,9
2174,REP,Greg Abbott,688
2180,,Jacqueline Abernathy,0
2180,,Mark V. Goloby,0
2180,DEM,Beto O'Rourke,442
2180,GRN,Delilah Barrios,1
2180,LIB,Mark Tippetts,3
2180,REP,Greg Abbott,131
2181,,Jacqueline Abernathy,1
2181,,Mark V. Goloby,0
2181,DEM,Beto O'Rourke,735
2181,GRN,Delilah Barrios,7
2181,LIB,Mark Tippetts,18
2181,REP,Greg Abbott,785
2190,,Jacqueline Abernathy,0
2190,,Mark V. Goloby,0
2190,DEM,Beto O'Rourke,69
2190,GRN,Delilah Barrios,0
2190,LIB,Mark Tippetts,0
2190,REP,Greg Abbott,68
2205,,Jacqueline Abernathy,0
2205,,Mark V. Goloby,0
2205,DEM,Beto O'Rourke,615
2205,GRN,Delilah Barrios,3
2205,LIB,Mark Tippetts,14
2205,REP,Greg Abbott,763
2210,,Jacqueline Abernathy,0
2210,,Mark V. Goloby,0
2210,DEM,Beto O'Rourke,272
2210,GRN,Delilah Barrios,1
2210,LIB,Mark Tippetts,3
2210,REP,Greg Abbott,169
2217,,Jacqueline Abernathy,0
2217,,Mark V. Goloby,0
2217,DEM,Beto O'Rourke,748
2217,GRN,Delilah Barrios,5
2217,LIB,Mark Tippetts,13
2217,REP,Greg Abbott,443
2219,,Jacqueline Abernathy,0
2219,,Mark V. Goloby,0
2219,DEM,Beto O'Rourke,681
2219,GRN,Delilah Barrios,6
2219,LIB,Mark Tippetts,12
2219,REP,Greg Abbott,725
2220,,Jacqueline Abernathy,0
2220,,Mark V. Goloby,0
2220,DEM,Beto O'Rourke,667
2220,GRN,Delilah Barrios,4
2220,LIB,Mark Tippetts,12
2220,REP,Greg Abbott,901
2221,,Jacqueline Abernathy,0
2221,,Mark V. Goloby,0
2221,DEM,Beto O'Rourke,504
2221,GRN,Delilah Barrios,2
2221,LIB,Mark Tippetts,6
2221,REP,Greg Abbott,436
2223,,Jacqueline Abernathy,0
2223,,Mark V. Goloby,0
2223,DEM,Beto O'Rourke,378
2223,GRN,Delilah Barrios,0
2223,LIB,Mark Tippetts,12
2223,REP,Greg Abbott,806
2224,,Jacqueline Abernathy,0
2224,,Mark V. Goloby,0
2224,DEM,Beto O'Rourke,495
2224,GRN,Delilah Barrios,3
2224,LIB,Mark Tippetts,6
2224,REP,Greg Abbott,289
2225,,Jacqueline Abernathy,0
2225,,Mark V. Goloby,0
2225,DEM,Beto O'Rourke,374
2225,GRN,Delilah Barrios,1
2225,LIB,Mark Tippetts,3
2225,REP,Greg Abbott,125
2226,,Jacqueline Abernathy,0
2226,,Mark V. Goloby,0
2226,DEM,Beto O'Rourke,439
2226,GRN,Delilah Barrios,7
2226,LIB,Mark Tippetts,8
2226,REP,Greg Abbott,247
2228,,Jacqueline Abernathy,0
2228,,Mark V. Goloby,0
2228,DEM,Beto O'Rourke,648
2228,GRN,Delilah Barrios,2
2228,LIB,Mark Tippetts,15
2228,REP,Greg Abbott,847
2229,,Jacqueline Abernathy,2
2229,,Mark V. Goloby,0
2229,DEM,Beto O'Rourke,525
2229,GRN,Delilah Barrios,1
2229,LIB,Mark Tippetts,14
2229,REP,Greg Abbott,568
2235,,Jacqueline Abernathy,0
2235,,Mark V. Goloby,0
2235,DEM,Beto O'Rourke,612
2235,GRN,Delilah Barrios,3
2235,LIB,Mark Tippetts,6
2235,REP,Greg Abbott,405
2246,,Jacqueline Abernathy,0
2246,,Mark V. Goloby,0
2246,DEM,Beto O'Rourke,339
2246,GRN,Delilah Barrios,1
2246,LIB,Mark Tippetts,10
2246,REP,Greg Abbott,422
2258,,Jacqueline Abernathy,0
2258,,Mark V. Goloby,0
2258,DEM,Beto O'Rourke,122
2258,GRN,Delilah Barrios,0
2258,LIB,Mark Tippetts,1
2258,REP,Greg Abbott,247
2262,,Jacqueline Abernathy,0
2262,,Mark V. Goloby,0
2262,DEM,Beto O'Rourke,152
2262,GRN,Delilah Barrios,0
2262,LIB,Mark Tippetts,6
2262,REP,Greg Abbott,399
2263,,Jacqueline Abernathy,0
2263,,Mark V. Goloby,0
2263,DEM,Beto O'Rourke,412
2263,GRN,Delilah Barrios,4
2263,LIB,Mark Tippetts,9
2263,REP,Greg Abbott,280
2266,,Jacqueline Abernathy,1
2266,,Mark V. Goloby,0
2266,DEM,Beto O'Rourke,713
2266,GRN,Delilah Barrios,2
2266,LIB,Mark Tippetts,16
2266,REP,Greg Abbott,964
2267,,Jacqueline Abernathy,0
2267,,Mark V. Goloby,0
2267,DEM,Beto O'Rourke,491
2267,GRN,Delilah Barrios,3
2267,LIB,Mark Tippetts,8
2267,REP,Greg Abbott,227
2268,,Jacqueline Abernathy,0
2268,,Mark V. Goloby,0
2268,DEM,Beto O'Rourke,344
2268,GRN,Delilah Barrios,6
2268,LIB,Mark Tippetts,6
2268,REP,Greg Abbott,261
2269,,Jacqueline Abernathy,0
2269,,Mark V. Goloby,0
2269,DEM,Beto O'Rourke,114
2269,GRN,Delilah Barrios,1
2269,LIB,Mark Tippetts,2
2269,REP,Greg Abbott,88
2274,,Jacqueline Abernathy,0
2274,,Mark V. Goloby,0
2274,DEM,Beto O'Rourke,0
2274,GRN,Delilah Barrios,0
2274,LIB,Mark Tippetts,0
2274,REP,Greg Abbott,1
2275,,Jacqueline Abernathy,0
2275,,Mark V. Goloby,0
2275,DEM,Beto O'Rourke,260
2275,GRN,Delilah Barrios,0
2275,LIB,Mark Tippetts,7
2275,REP,Greg Abbott,192
2280,,Jacqueline Abernathy,0
2280,,Mark V. Goloby,0
2280,DEM,Beto O'Rourke,460
2280,GRN,Delilah Barrios,2
2280,LIB,Mark Tippetts,7
2280,REP,Greg Abbott,361
2281,,Jacqueline Abernathy,0
2281,,Mark V. Goloby,0
2281,DEM,Beto O'Rourke,441
2281,GRN,Delilah Barrios,0
2281,LIB,Mark Tippetts,10
2281,REP,Greg Abbott,440
2299,,Jacqueline Abernathy,0
2299,,Mark V. Goloby,0
2299,DEM,Beto O'Rourke,615
2299,GRN,Delilah Barrios,2
2299,LIB,Mark Tippetts,1
2299,REP,Greg Abbott,275
2302,,Jacqueline Abernathy,0
2302,,Mark V. Goloby,0
2302,DEM,Beto O'Rourke,382
2302,GRN,Delilah Barrios,1
2302,LIB,Mark Tippetts,5
2302,REP,Greg Abbott,125
2303,,Jacqueline Abernathy,0
2303,,Mark V. Goloby,0
2303,DEM,Beto O'Rourke,591
2303,GRN,Delilah Barrios,6
2303,LIB,Mark Tippetts,10
2303,REP,Greg Abbott,694
2304,,Jacqueline Abernathy,0
2304,,Mark V. Goloby,0
2304,DEM,Beto O'Rourke,544
2304,GRN,Delilah Barrios,3
2304,LIB,Mark Tippetts,18
2304,REP,Greg Abbott,847
2305,,Jacqueline Abernathy,0
2305,,Mark V. Goloby,0
2305,DEM,Beto O'Rourke,478
2305,GRN,Delilah Barrios,2
2305,LIB,Mark Tippetts,9
2305,REP,Greg Abbott,486
2306,,Jacqueline Abernathy,0
2306,,Mark V. Goloby,0
2306,DEM,Beto O'Rourke,435
2306,GRN,Delilah Barrios,2
2306,LIB,Mark Tippetts,14
2306,REP,Greg Abbott,718
2307,,Jacqueline Abernathy,1
2307,,Mark V. Goloby,0
2307,DEM,Beto O'Rourke,1063
2307,GRN,Delilah Barrios,6
2307,LIB,Mark Tippetts,13
2307,REP,Greg Abbott,1083
2308,,Jacqueline Abernathy,0
2308,,Mark V. Goloby,0
2308,DEM,Beto O'Rourke,845
2308,GRN,Delilah Barrios,1
2308,LIB,Mark Tippetts,14
2308,REP,Greg Abbott,941
2309,,Jacqueline Abernathy,0
2309,,Mark V. Goloby,0
2309,DEM,Beto O'Rourke,304
2309,GRN,Delilah Barrios,1
2309,LIB,Mark Tippetts,3
2309,REP,Greg Abbott,202
2310,,Jacqueline Abernathy,0
2310,,Mark V. Goloby,0
2310,DEM,Beto O'Rourke,435
2310,GRN,Delilah Barrios,1
2310,LIB,Mark Tippetts,9
2310,REP,Greg Abbott,517
2313,,Jacqueline Abernathy,0
2313,,Mark V. Goloby,0
2313,DEM,Beto O'Rourke,538
2313,GRN,Delilah Barrios,3
2313,LIB,Mark Tippetts,13
2313,REP,Greg Abbott,767
2314,,Jacqueline Abernathy,0
2314,,Mark V. Goloby,0
2314,DEM,Beto O'Rourke,771
2314,GRN,Delilah Barrios,6
2314,LIB,Mark Tippetts,25
2314,REP,Greg Abbott,1089
2315,,Jacqueline Abernathy,0
2315,,Mark V. Goloby,0
2315,DEM,Beto O'Rourke,451
2315,GRN,Delilah Barrios,3
2315,LIB,Mark Tippetts,11
2315,REP,Greg Abbott,225
2316,,Jacqueline Abernathy,0
2316,,Mark V. Goloby,0
2316,DEM,Beto O'Rourke,491
2316,GRN,Delilah Barrios,4
2316,LIB,Mark Tippetts,11
2316,REP,Greg Abbott,305
2317,,Jacqueline Abernathy,0
2317,,Mark V. Goloby,0
2317,DEM,Beto O'Rourke,350
2317,GRN,Delilah Barrios,0
2317,LIB,Mark Tippetts,10
2317,REP,Greg Abbott,418
2318,,Jacqueline Abernathy,1
2318,,Mark V. Goloby,0
2318,DEM,Beto O'Rourke,388
2318,GRN,Delilah Barrios,1
2318,LIB,Mark Tippetts,10
2318,REP,Greg Abbott,612
2319,,Jacqueline Abernathy,0
2319,,Mark V. Goloby,0
2319,DEM,Beto O'Rourke,550
2319,GRN,Delilah Barrios,2
2319,LIB,Mark Tippetts,16
2319,REP,Greg Abbott,787
2320,,Jacqueline Abernathy,0
2320,,Mark V. Goloby,0
2320,DEM,Beto O'Rourke,488
2320,GRN,Delilah Barrios,2
2320,LIB,Mark Tippetts,5
2320,REP,Greg Abbott,222
2341,,Jacqueline Abernathy,0
2341,,Mark V. Goloby,0
2341,DEM,Beto O'Rourke,139
2341,GRN,Delilah Barrios,1
2341,LIB,Mark Tippetts,2
2341,REP,Greg Abbott,41
2349,,Jacqueline Abernathy,0
2349,,Mark V. Goloby,0
2349,DEM,Beto O'Rourke,556
2349,GRN,Delilah Barrios,3
2349,LIB,Mark Tippetts,3
2349,REP,Greg Abbott,314
2353,,Jacqueline Abernathy,0
2353,,Mark V. Goloby,0
2353,DEM,Beto O'Rourke,329
2353,GRN,Delilah Barrios,1
2353,LIB,Mark Tippetts,4
2353,REP,Greg Abbott,179
2354,,Jacqueline Abernathy,0
2354,,Mark V. Goloby,0
2354,DEM,Beto O'Rourke,445
2354,GRN,Delilah Barrios,2
2354,LIB,Mark Tippetts,3
2354,REP,Greg Abbott,261
2355,,Jacqueline Abernathy,0
2355,,Mark V. Goloby,0
2355,DEM,Beto O'Rourke,370
2355,GRN,Delilah Barrios,4
2355,LIB,Mark Tippetts,11
2355,REP,Greg Abbott,463
2356,,Jacqueline Abernathy,0
2356,,Mark V. Goloby,0
2356,DEM,Beto O'Rourke,786
2356,GRN,Delilah Barrios,2
2356,LIB,Mark Tippetts,23
2356,REP,Greg Abbott,751
2357,,Jacqueline Abernathy,0
2357,,Mark V. Goloby,0
2357,DEM,Beto O'Rourke,710
2357,GRN,Delilah Barrios,3
2357,LIB,Mark Tippetts,11
2357,REP,Greg Abbott,1047
2358,,Jacqueline Abernathy,0
2358,,Mark V. Goloby,0
2358,DEM,Beto O'Rourke,562
2358,GRN,Delilah Barrios,3
2358,LIB,Mark Tippetts,10
2358,REP,Greg Abbott,788
2360,,Jacqueline Abernathy,0
2360,,Mark V. Goloby,0
2360,DEM,Beto O'Rourke,640
2360,GRN,Delilah Barrios,3
2360,LIB,Mark Tippetts,12
2360,REP,Greg Abbott,1283
2379,,Jacqueline Abernathy,0
2379,,Mark V. Goloby,0
2379,DEM,Beto O'Rourke,1218
2379,GRN,Delilah Barrios,10
2379,LIB,Mark Tippetts,11
2379,REP,Greg Abbott,494
2381,,Jacqueline Abernathy,0
2381,,Mark V. Goloby,0
2381,DEM,Beto O'Rourke,130
2381,GRN,Delilah Barrios,0
2381,LIB,Mark Tippetts,1
2381,REP,Greg Abbott,48
2383,,Jacqueline Abernathy,0
2383,,Mark V. Goloby,0
2383,DEM,Beto O'Rourke,650
2383,GRN,Delilah Barrios,1
2383,LIB,Mark Tippetts,9
2383,REP,Greg Abbott,365
2393,,Jacqueline Abernathy,0
2393,,Mark V. Goloby,0
2393,DEM,Beto O'Rourke,94
2393,GRN,Delilah Barrios,0
2393,LIB,Mark Tippetts,1
2393,REP,Greg Abbott,55
2401,,Jacqueline Abernathy,0
2401,,Mark V. Goloby,0
2401,DEM,Beto O'Rourke,46
2401,GRN,Delilah Barrios,1
2401,LIB,Mark Tippetts,2
2401,REP,Greg Abbott,78
2402,,Jacqueline Abernathy,0
2402,,Mark V. Goloby,0
2402,DEM,Beto O'Rourke,0
2402,GRN,Delilah Barrios,0
2402,LIB,Mark Tippetts,0
2402,REP,Greg Abbott,7
2403,,Jacqueline Abernathy,0
2403,,Mark V. Goloby,0
2403,DEM,Beto O'Rourke,5
2403,GRN,Delilah Barrios,0
2403,LIB,Mark Tippetts,0
2403,REP,Greg Abbott,4
2405,,Jacqueline Abernathy,0
2405,,Mark V. Goloby,0
2405,DEM,Beto O'Rourke,1350
2405,GRN,Delilah Barrios,5
2405,LIB,Mark Tippetts,18
2405,REP,Greg Abbott,597
2411,,Jacqueline Abernathy,0
2411,,Mark V. Goloby,0
2411,DEM,Beto O'Rourke,115
2411,GRN,Delilah Barrios,1
2411,LIB,Mark Tippetts,2
2411,REP,Greg Abbott,42
2413,,Jacqueline Abernathy,0
2413,,Mark V. Goloby,0
2413,DEM,Beto O'Rourke,234
2413,GRN,Delilah Barrios,2
2413,LIB,Mark Tippetts,2
2413,REP,Greg Abbott,75
2419,,Jacqueline Abernathy,0
2419,,Mark V. Goloby,0
2419,DEM,Beto O'Rourke,0
2419,GRN,Delilah Barrios,0
2419,LIB,Mark Tippetts,0
2419,REP,Greg Abbott,0
2425,,Jacqueline Abernathy,0
2425,,Mark V. Goloby,0
2425,DEM,Beto O'Rourke,846
2425,GRN,Delilah Barrios,5
2425,LIB,Mark Tippetts,13
2425,REP,Greg Abbott,674
2426,,Jacqueline Abernathy,0
2426,,Mark V. Goloby,0
2426,DEM,Beto O'Rourke,503
2426,GRN,Delilah Barrios,2
2426,LIB,Mark Tippetts,14
2426,REP,Greg Abbott,752
2428,,Jacqueline Abernathy,0
2428,,Mark V. Goloby,0
2428,DEM,Beto O'Rourke,109
2428,GRN,Delilah Barrios,1
2428,LIB,Mark Tippetts,0
2428,REP,Greg Abbott,43
2435,,Jacqueline Abernathy,0
2435,,Mark V. Goloby,0
2435,DEM,Beto O'Rourke,765
2435,GRN,Delilah Barrios,4
2435,LIB,Mark Tippetts,14
2435,REP,Greg Abbott,809
2438,,Jacqueline Abernathy,0
2438,,Mark V. Goloby,0
2438,DEM,Beto O'Rourke,862
2438,GRN,Delilah Barrios,4
2438,LIB,Mark Tippetts,7
2438,REP,Greg Abbott,340
2442,,Jacqueline Abernathy,0
2442,,Mark V. Goloby,0
2442,DEM,Beto O'Rourke,1431
2442,GRN,Delilah Barrios,4
2442,LIB,Mark Tippetts,25
2442,REP,Greg Abbott,1022
2448,,Jacqueline Abernathy,0
2448,,Mark V. Goloby,0
2448,DEM,Beto O'Rourke,801
2448,GRN,Delilah Barrios,3
2448,LIB,Mark Tippetts,16
2448,REP,Greg Abbott,463
2449,,Jacqueline Abernathy,0
2449,,Mark V. Goloby,0
2449,DEM,Beto O'Rourke,413
2449,GRN,Delilah Barrios,2
2449,LIB,Mark Tippetts,3
2449,REP,Greg Abbott,192
2450,,Jacqueline Abernathy,0
2450,,Mark V. Goloby,0
2450,DEM,Beto O'Rourke,694
2450,GRN,Delilah Barrios,3
2450,LIB,Mark Tippetts,8
2450,REP,Greg Abbott,348
2451,,Jacqueline Abernathy,0
2451,,Mark V. Goloby,0
2451,DEM,Beto O'Rourke,41
2451,GRN,Delilah Barrios,0
2451,LIB,Mark Tippetts,1
2451,REP,Greg Abbott,10
2453,,Jacqueline Abernathy,0
2453,,Mark V. Goloby,0
2453,DEM,Beto O'Rourke,932
2453,GRN,Delilah Barrios,5
2453,LIB,Mark Tippetts,10
2453,REP,Greg Abbott,406
2461,,Jacqueline Abernathy,0
2461,,Mark V. Goloby,0
2461,DEM,Beto O'Rourke,533
2461,GRN,Delilah Barrios,1
2461,LIB,Mark Tippetts,9
2461,REP,Greg Abbott,185
2462,,Jacqueline Abernathy,0
2462,,Mark V. Goloby,0
2462,DEM,Beto O'Rourke,472
2462,GRN,Delilah Barrios,3
2462,LIB,Mark Tippetts,3
2462,REP,Greg Abbott,257
2464,,Jacqueline Abernathy,0
2464,,Mark V. Goloby,0
2464,DEM,Beto O'Rourke,123
2464,GRN,Delilah Barrios,0
2464,LIB,Mark Tippetts,4
2464,REP,Greg Abbott,143
2466,,Jacqueline Abernathy,0
2466,,Mark V. Goloby,0
2466,DEM,Beto O'Rourke,365
2466,GRN,Delilah Barrios,5
2466,LIB,Mark Tippetts,6
2466,REP,Greg Abbott,183
2467,,Jacqueline Abernathy,0
2467,,Mark V. Goloby,0
2467,DEM,Beto O'Rourke,741
2467,GRN,Delilah Barrios,7
2467,LIB,Mark Tippetts,12
2467,REP,Greg Abbott,334
2468,,Jacqueline Abernathy,0
2468,,Mark V. Goloby,0
2468,DEM,Beto O'Rourke,638
2468,GRN,Delilah Barrios,6
2468,LIB,Mark Tippetts,9
2468,REP,Greg Abbott,730
2474,,Jacqueline Abernathy,0
2474,,Mark V. Goloby,0
2474,DEM,Beto O'Rourke,87
2474,GRN,Delilah Barrios,0
2474,LIB,Mark Tippetts,4
2474,REP,Greg Abbott,171
2484,,Jacqueline Abernathy,0
2484,,Mark V. Goloby,0
2484,DEM,Beto O'Rourke,1125
2484,GRN,Delilah Barrios,1
2484,LIB,Mark Tippetts,7
2484,REP,Greg Abbott,587
2488,,Jacqueline Abernathy,0
2488,,Mark V. Goloby,0
2488,DEM,Beto O'Rourke,740
2488,GRN,Delilah Barrios,3
2488,LIB,Mark Tippetts,8
2488,REP,Greg Abbott,399
2505,,Jacqueline Abernathy,0
2505,,Mark V. Goloby,0
2505,DEM,Beto O'Rourke,341
2505,GRN,Delilah Barrios,0
2505,LIB,Mark Tippetts,13
2505,REP,Greg Abbott,549
2506,,Jacqueline Abernathy,1
2506,,Mark V. Goloby,0
2506,DEM,Beto O'Rourke,1067
2506,GRN,Delilah Barrios,8
2506,LIB,Mark Tippetts,36
2506,REP,Greg Abbott,1323
2513,,Jacqueline Abernathy,0
2513,,Mark V. Goloby,0
2513,DEM,Beto O'Rourke,0
2513,GRN,Delilah Barrios,0
2513,LIB,Mark Tippetts,0
2513,REP,Greg Abbott,0
2519,,Jacqueline Abernathy,0
2519,,Mark V. Goloby,0
2519,DEM,Beto O'Rourke,341
2519,GRN,Delilah Barrios,2
2519,LIB,Mark Tippetts,4
2519,REP,Greg Abbott,151
2520,,Jacqueline Abernathy,0
2520,,Mark V. Goloby,0
2520,DEM,Beto O'Rourke,509
2520,GRN,Delilah Barrios,3
2520,LIB,Mark Tippetts,16
2520,REP,Greg Abbott,500
2521,,Jacqueline Abernathy,0
2521,,Mark V. Goloby,0
2521,DEM,Beto O'Rourke,335
2521,GRN,Delilah Barrios,3
2521,LIB,Mark Tippetts,9
2521,REP,Greg Abbott,368
2522,,Jacqueline Abernathy,0
2522,,Mark V. Goloby,1
2522,DEM,Beto O'Rourke,795
2522,GRN,Delilah Barrios,6
2522,LIB,Mark Tippetts,16
2522,REP,Greg Abbott,888
2523,,Jacqueline Abernathy,0
2523,,Mark V. Goloby,0
2523,DEM,Beto O'Rourke,836
2523,GRN,Delilah Barrios,4
2523,LIB,Mark Tippetts,10
2523,REP,Greg Abbott,476
2524,,Jacqueline Abernathy,0
2524,,Mark V. Goloby,0
2524,DEM,Beto O'Rourke,390
2524,GRN,Delilah Barrios,3
2524,LIB,Mark Tippetts,11
2524,REP,Greg Abbott,1112
2525,,Jacqueline Abernathy,0
2525,,Mark V. Goloby,0
2525,DEM,Beto O'Rourke,963
2525,GRN,Delilah Barrios,7
2525,LIB,Mark Tippetts,8
2525,REP,Greg Abbott,353
2535,,Jacqueline Abernathy,0
2535,,Mark V. Goloby,0
2535,DEM,Beto O'Rourke,846
2535,GRN,Delilah Barrios,5
2535,LIB,Mark Tippetts,20
2535,REP,Greg Abbott,1343
2536,,Jacqueline Abernathy,0
2536,,Mark V. Goloby,0
2536,DEM,Beto O'Rourke,539
2536,GRN,Delilah Barrios,4
2536,LIB,Mark Tippetts,9
2536,REP,Greg Abbott,411
2537,,Jacqueline Abernathy,0
2537,,Mark V. Goloby,0
2537,DEM,Beto O'Rourke,378
2537,GRN,Delilah Barrios,2
2537,LIB,Mark Tippetts,4
2537,REP,Greg Abbott,145
2541,,Jacqueline Abernathy,0
2541,,Mark V. Goloby,0
2541,DEM,Beto O'Rourke,726
2541,GRN,Delilah Barrios,3
2541,LIB,Mark Tippetts,8
2541,REP,Greg Abbott,340
2546,,Jacqueline Abernathy,0
2546,,Mark V. Goloby,0
2546,DEM,Beto O'Rourke,18
2546,GRN,Delilah Barrios,0
2546,LIB,Mark Tippetts,0
2546,REP,Greg Abbott,4
2548,,Jacqueline Abernathy,0
2548,,Mark V. Goloby,0
2548,DEM,Beto O'Rourke,301
2548,GRN,Delilah Barrios,0
2548,LIB,Mark Tippetts,15
2548,REP,Greg Abbott,631
2553,,Jacqueline Abernathy,0
2553,,Mark V. Goloby,0
2553,DEM,Beto O'Rourke,408
2553,GRN,Delilah Barrios,3
2553,LIB,Mark Tippetts,9
2553,REP,Greg Abbott,259
2556,,Jacqueline Abernathy,0
2556,,Mark V. Goloby,0
2556,DEM,Beto O'Rourke,444
2556,GRN,Delilah Barrios,6
2556,LIB,Mark Tippetts,16
2556,REP,Greg Abbott,637
2557,,Jacqueline Abernathy,0
2557,,Mark V. Goloby,0
2557,DEM,Beto O'Rourke,428
2557,GRN,Delilah Barrios,1
2557,LIB,Mark Tippetts,8
2557,REP,Greg Abbott,136
2561,,Jacqueline Abernathy,0
2561,,Mark V. Goloby,0
2561,DEM,Beto O'Rourke,0
2561,GRN,Delilah Barrios,0
2561,LIB,Mark Tippetts,0
2561,REP,Greg Abbott,0
2569,,Jacqueline Abernathy,0
2569,,Mark V. Goloby,0
2569,DEM,Beto O'Rourke,13
2569,GRN,Delilah Barrios,0
2569,LIB,Mark Tippetts,0
2569,REP,Greg Abbott,3
2571,,Jacqueline Abernathy,0
2571,,Mark V. Goloby,0
2571,DEM,Beto O'Rourke,0
2571,GRN,Delilah Barrios,0
2571,LIB,Mark Tippetts,0
2571,REP,Greg Abbott,0
2581,,Jacqueline Abernathy,0
2581,,Mark V. Goloby,0
2581,DEM,Beto O'Rourke,658
2581,GRN,Delilah Barrios,5
2581,LIB,Mark Tippetts,9
2581,REP,Greg Abbott,415
2600,,Jacqueline Abernathy,0
2600,,Mark V. Goloby,0
2600,DEM,Beto O'Rourke,0
2600,GRN,Delilah Barrios,0
2600,LIB,Mark Tippetts,0
2600,REP,Greg Abbott,0
2601,,Jacqueline Abernathy,0
2601,,Mark V. Goloby,0
2601,DEM,Beto O'Rourke,0
2601,GRN,Delilah Barrios,0
2601,LIB,Mark Tippetts,0
2601,REP,Greg Abbott,0
2606,,Jacqueline Abernathy,0
2606,,Mark V. Goloby,0
2606,DEM,Beto O'Rourke,7
2606,GRN,Delilah Barrios,0
2606,LIB,Mark Tippetts,0
2606,REP,Greg Abbott,5
2609,,Jacqueline Abernathy,0
2609,,Mark V. Goloby,0
2609,DEM,Beto O'Rourke,0
2609,GRN,Delilah Barrios,0
2609,LIB,Mark Tippetts,0
2609,REP,Greg Abbott,0
2612,,Jacqueline Abernathy,0
2612,,Mark V. Goloby,0
2612,DEM,Beto O'Rourke,0
2612,GRN,Delilah Barrios,0
2612,LIB,Mark Tippetts,0
2612,REP,Greg Abbott,0
2613,,Jacqueline Abernathy,0
2613,,Mark V. Goloby,0
2613,DEM,Beto O'Rourke,774
2613,GRN,Delilah Barrios,3
2613,LIB,Mark Tippetts,4
2613,REP,Greg Abbott,239
2614,,Jacqueline Abernathy,0
2614,,Mark V. Goloby,0
2614,DEM,Beto O'Rourke,169
2614,GRN,Delilah Barrios,2
2614,LIB,Mark Tippetts,1
2614,REP,Greg Abbott,80
2616,,Jacqueline Abernathy,0
2616,,Mark V. Goloby,1
2616,DEM,Beto O'Rourke,12
2616,GRN,Delilah Barrios,0
2616,LIB,Mark Tippetts,0
2616,REP,Greg Abbott,6
2618,,Jacqueline Abernathy,0
2618,,Mark V. Goloby,0
2618,DEM,Beto O'Rourke,20
2618,GRN,Delilah Barrios,0
2618,LIB,Mark Tippetts,1
2618,REP,Greg Abbott,6
2635,,Jacqueline Abernathy,0
2635,,Mark V. Goloby,0
2635,DEM,Beto O'Rourke,610
2635,GRN,Delilah Barrios,4
2635,LIB,Mark Tippetts,10
2635,REP,Greg Abbott,247
2636,,Jacqueline Abernathy,0
2636,,Mark V. Goloby,0
2636,DEM,Beto O'Rourke,553
2636,GRN,Delilah Barrios,3
2636,LIB,Mark Tippetts,8
2636,REP,Greg Abbott,712
2643,,Jacqueline Abernathy,0
2643,,Mark V. Goloby,0
2643,DEM,Beto O'Rourke,1233
2643,GRN,Delilah Barrios,7
2643,LIB,Mark Tippetts,20
2643,REP,Greg Abbott,738
2644,,Jacqueline Abernathy,0
2644,,Mark V. Goloby,0
2644,DEM,Beto O'Rourke,1416
2644,GRN,Delilah Barrios,4
2644,LIB,Mark Tippetts,12
2644,REP,Greg Abbott,554
2645,,Jacqueline Abernathy,0
2645,,Mark V. Goloby,0
2645,DEM,Beto O'Rourke,450
2645,GRN,Delilah Barrios,5
2645,LIB,Mark Tippetts,16
2645,REP,Greg Abbott,765
2655,,Jacqueline Abernathy,1
2655,,Mark V. Goloby,0
2655,DEM,Beto O'Rourke,236
2655,GRN,Delilah Barrios,3
2655,LIB,Mark Tippetts,4
2655,REP,Greg Abbott,150
2656,,Jacqueline Abernathy,0
2656,,Mark V. Goloby,0
2656,DEM,Beto O'Rourke,24
2656,GRN,Delilah Barrios,0
2656,LIB,Mark Tippetts,1
2656,REP,Greg Abbott,10
2657,,Jacqueline Abernathy,0
2657,,Mark V. Goloby,0
2657,DEM,Beto O'Rourke,1
2657,GRN,Delilah Barrios,0
2657,LIB,Mark Tippetts,0
2657,REP,Greg Abbott,3
2658,,Jacqueline Abernathy,0
2658,,Mark V. Goloby,0
2658,DEM,Beto O'Rourke,107
2658,GRN,Delilah Barrios,2
2658,LIB,Mark Tippetts,1
2658,REP,Greg Abbott,52
2659,,Jacqueline Abernathy,0
2659,,Mark V. Goloby,0
2659,DEM,Beto O'Rourke,3
2659,GRN,Delilah Barrios,0
2659,LIB,Mark Tippetts,1
2659,REP,Greg Abbott,2
2660,,Jacqueline Abernathy,0
2660,,Mark V. Goloby,0
2660,DEM,Beto O'Rourke,44
2660,GRN,Delilah Barrios,1
2660,LIB,Mark Tippetts,1
2660,REP,Greg Abbott,58
2670,,Jacqueline Abernathy,0
2670,,Mark V. Goloby,0
2670,DEM,Beto O'Rourke,31
2670,GRN,Delilah Barrios,1
2670,LIB,Mark Tippetts,0
2670,REP,Greg Abbott,24
2673,,Jacqueline Abernathy,0
2673,,Mark V. Goloby,0
2673,DEM,Beto O'Rourke,0
2673,GRN,Delilah Barrios,0
2673,LIB,Mark Tippetts,0
2673,REP,Greg Abbott,0
2675,,Jacqueline Abernathy,0
2675,,Mark V. Goloby,0
2675,DEM,Beto O'Rourke,0
2675,GRN,Delilah Barrios,0
2675,LIB,Mark Tippetts,0
2675,REP,Greg Abbott,0
2680,,Jacqueline Abernathy,0
2680,,Mark V. Goloby,0
2680,DEM,Beto O'Rourke,0
2680,GRN,Delilah Barrios,0
2680,LIB,Mark Tippetts,0
2680,REP,Greg Abbott,0
2681,,Jacqueline Abernathy,0
2681,,Mark V. Goloby,0
2681,DEM,Beto O'Rourke,0
2681,GRN,Delilah Barrios,0
2681,LIB,Mark Tippetts,0
2681,REP,Greg Abbott,0
2697,,Jacqueline Abernathy,0
2697,,Mark V. Goloby,0
2697,DEM,Beto O'Rourke,904
2697,GRN,Delilah Barrios,3
2697,LIB,Mark Tippetts,16
2697,REP,Greg Abbott,574
2699,,Jacqueline Abernathy,0
2699,,Mark V. Goloby,0
2699,DEM,Beto O'Rourke,1497
2699,GRN,Delilah Barrios,4
2699,LIB,Mark Tippetts,11
2699,REP,Greg Abbott,673
2708,,Jacqueline Abernathy,1
2708,,Mark V. Goloby,0
2708,DEM,Beto O'Rourke,591
2708,GRN,Delilah Barrios,2
2708,LIB,Mark Tippetts,5
2708,REP,Greg Abbott,348
2712,,Jacqueline Abernathy,0
2712,,Mark V. Goloby,0
2712,DEM,Beto O'Rourke,872
2712,GRN,Delilah Barrios,3
2712,LIB,Mark Tippetts,11
2712,REP,Greg Abbott,692
2721,,Jacqueline Abernathy,0
2721,,Mark V. Goloby,0
2721,DEM,Beto O'Rourke,542
2721,GRN,Delilah Barrios,1
2721,LIB,Mark Tippetts,18
2721,REP,Greg Abbott,822
2726,,Jacqueline Abernathy,0
2726,,Mark V. Goloby,0
2726,DEM,Beto O'Rourke,666
2726,GRN,Delilah Barrios,3
2726,LIB,Mark Tippetts,9
2726,REP,Greg Abbott,385
2727,,Jacqueline Abernathy,0
2727,,Mark V. Goloby,0
2727,DEM,Beto O'Rourke,165
2727,GRN,Delilah Barrios,2
2727,LIB,Mark Tippetts,3
2727,REP,Greg Abbott,185
2731,,Jacqueline Abernathy,0
2731,,Mark V. Goloby,0
2731,DEM,Beto O'Rourke,688
2731,GRN,Delilah Barrios,3
2731,LIB,Mark Tippetts,4
2731,REP,Greg Abbott,334
2741,,Jacqueline Abernathy,0
2741,,Mark V. Goloby,0
2741,DEM,Beto O'Rourke,26
2741,GRN,Delilah Barrios,0
2741,LIB,Mark Tippetts,0
2741,REP,Greg Abbott,2
2742,,Jacqueline Abernathy,0
2742,,Mark V. Goloby,0
2742,DEM,Beto O'Rourke,137
2742,GRN,Delilah Barrios,1
2742,LIB,Mark Tippetts,1
2742,REP,Greg Abbott,103
2743,,Jacqueline Abernathy,0
2743,,Mark V. Goloby,0
2743,DEM,Beto O'Rourke,2
2743,GRN,Delilah Barrios,0
2743,LIB,Mark Tippetts,0
2743,REP,Greg Abbott,0
2744,,Jacqueline Abernathy,0
2744,,Mark V. Goloby,0
2744,DEM,Beto O'Rourke,100
2744,GRN,Delilah Barrios,0
2744,LIB,Mark Tippetts,1
2744,REP,Greg Abbott,72
2745,,Jacqueline Abernathy,0
2745,,Mark V. Goloby,0
2745,DEM,Beto O'Rourke,61
2745,GRN,Delilah Barrios,1
2745,LIB,Mark Tippetts,0
2745,REP,Greg Abbott,110
2746,,Jacqueline Abernathy,1
2746,,Mark V. Goloby,0
2746,DEM,Beto O'Rourke,307
2746,GRN,Delilah Barrios,4
2746,LIB,Mark Tippetts,11
2746,REP,Greg Abbott,225
2748,,Jacqueline Abernathy,0
2748,,Mark V. Goloby,0
2748,DEM,Beto O'Rourke,0
2748,GRN,Delilah Barrios,0
2748,LIB,Mark Tippetts,0
2748,REP,Greg Abbott,0
2751,,Jacqueline Abernathy,0
2751,,Mark V. Goloby,0
2751,DEM,Beto O'Rourke,0
2751,GRN,Delilah Barrios,0
2751,LIB,Mark Tippetts,0
2751,REP,Greg Abbott,0
2755,,Jacqueline Abernathy,0
2755,,Mark V. Goloby,0
2755,DEM,Beto O'Rourke,0
2755,GRN,Delilah Barrios,0
2755,LIB,Mark Tippetts,0
2755,REP,Greg Abbott,0
2756,,Jacqueline Abernathy,0
2756,,Mark V. Goloby,0
2756,DEM,Beto O'Rourke,0
2756,GRN,Delilah Barrios,0
2756,LIB,Mark Tippetts,0
2756,REP,Greg Abbott,0
2760,,Jacqueline Abernathy,0
2760,,Mark V. Goloby,0
2760,DEM,Beto O'Rourke,0
2760,GRN,Delilah Barrios,0
2760,LIB,Mark Tippetts,0
2760,REP,Greg Abbott,0
2761,,Jacqueline Abernathy,0
2761,,Mark V. Goloby,0
2761,DEM,Beto O'Rourke,0
2761,GRN,Delilah Barrios,0
2761,LIB,Mark Tippetts,0
2761,REP,Greg Abbott,0
2762,,Jacqueline Abernathy,0
2762,,Mark V. Goloby,0
2762,DEM,Beto O'Rourke,0
2762,GRN,Delilah Barrios,0
2762,LIB,Mark Tippetts,0
2762,REP,Greg Abbott,0
2763,,Jacqueline Abernathy,0
2763,,Mark V. Goloby,0
2763,DEM,Beto O'Rourke,0
2763,GRN,Delilah Barrios,0
2763,LIB,Mark Tippetts,0
2763,REP,Greg Abbott,0
2764,,Jacqueline Abernathy,0
2764,,Mark V. Goloby,0
2764,DEM,Beto O'Rourke,0
2764,GRN,Delilah Barrios,0
2764,LIB,Mark Tippetts,0
2764,REP,Greg Abbott,0
2765,,Jacqueline Abernathy,0
2765,,Mark V. Goloby,0
2765,DEM,Beto O'Rourke,0
2765,GRN,Delilah Barrios,0
2765,LIB,Mark Tippetts,0
2765,REP,Greg Abbott,0
2766,,Jacqueline Abernathy,0
2766,,Mark V. Goloby,0
2766,DEM,Beto O'Rourke,0
2766,GRN,Delilah Barrios,0
2766,LIB,Mark Tippetts,0
2766,REP,Greg Abbott,0
2767,,Jacqueline Abernathy,0
2767,,Mark V. Goloby,0
2767,DEM,Beto O'Rourke,0
2767,GRN,Delilah Barrios,0
2767,LIB,Mark Tippetts,0
2767,REP,Greg Abbott,0
2768,,Jacqueline Abernathy,0
2768,,Mark V. Goloby,0
2768,DEM,Beto O'Rourke,0
2768,GRN,Delilah Barrios,0
2768,LIB,Mark Tippetts,0
2768,REP,Greg Abbott,0
2769,,Jacqueline Abernathy,0
2769,,Mark V. Goloby,0
2769,DEM,Beto O'Rourke,0
2769,GRN,Delilah Barrios,0
2769,LIB,Mark Tippetts,0
2769,REP,Greg Abbott,0
2770,,Jacqueline Abernathy,0
2770,,Mark V. Goloby,0
2770,DEM,Beto O'Rourke,0
2770,GRN,Delilah Barrios,0
2770,LIB,Mark Tippetts,0
2770,REP,Greg Abbott,0
2771,,Jacqueline Abernathy,0
2771,,Mark V. Goloby,0
2771,DEM,Beto O'Rourke,0
2771,GRN,Delilah Barrios,0
2771,LIB,Mark Tippetts,0
2771,REP,Greg Abbott,0
2772,,Jacqueline Abernathy,0
2772,,Mark V. Goloby,0
2772,DEM,Beto O'Rourke,0
2772,GRN,Delilah Barrios,0
2772,LIB,Mark Tippetts,0
2772,REP,Greg Abbott,0
2773,,Jacqueline Abernathy,0
2773,,Mark V. Goloby,0
2773,DEM,Beto O'Rourke,0
2773,GRN,Delilah Barrios,0
2773,LIB,Mark Tippetts,0
2773,REP,Greg Abbott,0
2774,,Jacqueline Abernathy,0
2774,,Mark V. Goloby,0
2774,DEM,Beto O'Rourke,0
2774,GRN,Delilah Barrios,0
2774,LIB,Mark Tippetts,0
2774,REP,Greg Abbott,0
2775,,Jacqueline Abernathy,0
2775,,Mark V. Goloby,0
2775,DEM,Beto O'Rourke,0
2775,GRN,Delilah Barrios,0
2775,LIB,Mark Tippetts,0
2775,REP,Greg Abbott,0
2776,,Jacqueline Abernathy,0
2776,,Mark V. Goloby,0
2776,DEM,Beto O'Rourke,0
2776,GRN,Delilah Barrios,0
2776,LIB,Mark Tippetts,0
2776,REP,Greg Abbott,0
2777,,Jacqueline Abernathy,0
2777,,Mark V. Goloby,0
2777,DEM,Beto O'Rourke,0
2777,GRN,Delilah Barrios,0
2777,LIB,Mark Tippetts,0
2777,REP,Greg Abbott,0
2778,,Jacqueline Abernathy,0
2778,,Mark V. Goloby,0
2778,DEM,Beto O'Rourke,0
2778,GRN,Delilah Barrios,0
2778,LIB,Mark Tippetts,0
2778,REP,Greg Abbott,0
2779,,Jacqueline Abernathy,0
2779,,Mark V. Goloby,0
2779,DEM,Beto O'Rourke,0
2779,GRN,Delilah Barrios,0
2779,LIB,Mark Tippetts,0
2779,REP,Greg Abbott,0
2780,,Jacqueline Abernathy,0
2780,,Mark V. Goloby,0
2780,DEM,Beto O'Rourke,0
2780,GRN,Delilah Barrios,0
2780,LIB,Mark Tippetts,0
2780,REP,Greg Abbott,0
2781,,Jacqueline Abernathy,0
2781,,Mark V. Goloby,0
2781,DEM,Beto O'Rourke,0
2781,GRN,Delilah Barrios,0
2781,LIB,Mark Tippetts,0
2781,REP,Greg Abbott,0
2782,,Jacqueline Abernathy,0
2782,,Mark V. Goloby,0
2782,DEM,Beto O'Rourke,0
2782,GRN,Delilah Barrios,0
2782,LIB,Mark Tippetts,0
2782,REP,Greg Abbott,0
2783,,Jacqueline Abernathy,0
2783,,Mark V. Goloby,0
2783,DEM,Beto O'Rourke,0
2783,GRN,Delilah Barrios,0
2783,LIB,Mark Tippetts,0
2783,REP,Greg Abbott,0
2784,,Jacqueline Abernathy,0
2784,,Mark V. Goloby,0
2784,DEM,Beto O'Rourke,0
2784,GRN,Delilah Barrios,0
2784,LIB,Mark Tippetts,0
2784,REP,Greg Abbott,0
2785,,Jacqueline Abernathy,0
2785,,Mark V. Goloby,0
2785,DEM,Beto O'Rourke,0
2785,GRN,Delilah Barrios,0
2785,LIB,Mark Tippetts,0
2785,REP,Greg Abbott,0
2786,,Jacqueline Abernathy,0
2786,,Mark V. Goloby,0
2786,DEM,Beto O'Rourke,0
2786,GRN,Delilah Barrios,0
2786,LIB,Mark Tippetts,0
2786,REP,Greg Abbott,0
2787,,Jacqueline Abernathy,0
2787,,Mark V. Goloby,0
2787,DEM,Beto O'Rourke,0
2787,GRN,Delilah Barrios,0
2787,LIB,Mark Tippetts,0
2787,REP,Greg Abbott,0
2788,,Jacqueline Abernathy,0
2788,,Mark V. Goloby,0
2788,DEM,Beto O'Rourke,0
2788,GRN,Delilah Barrios,0
2788,LIB,Mark Tippetts,0
2788,REP,Greg Abbott,0
2789,,Jacqueline Abernathy,0
2789,,Mark V. Goloby,0
2789,DEM,Beto O'Rourke,0
2789,GRN,Delilah Barrios,0
2789,LIB,Mark Tippetts,0
2789,REP,Greg Abbott,0
2790,,Jacqueline Abernathy,0
2790,,Mark V. Goloby,0
2790,DEM,Beto O'Rourke,0
2790,GRN,Delilah Barrios,0
2790,LIB,Mark Tippetts,0
2790,REP,Greg Abbott,0
2824,,Jacqueline Abernathy,0
2824,,Mark V. Goloby,0
2824,DEM,Beto O'Rourke,0
2824,GRN,Delilah Barrios,0
2824,LIB,Mark Tippetts,0
2824,REP,Greg Abbott,0
2825,,Jacqueline Abernathy,0
2825,,Mark V. Goloby,0
2825,DEM,Beto O'Rourke,0
2825,GRN,Delilah Barrios,0
2825,LIB,Mark Tippetts,0
2825,REP,Greg Abbott,0
2827,,Jacqueline Abernathy,0
2827,,Mark V. Goloby,0
2827,DEM,Beto O'Rourke,0
2827,GRN,Delilah Barrios,0
2827,LIB,Mark Tippetts,0
2827,REP,Greg Abbott,0
2828,,Jacqueline Abernathy,0
2828,,Mark V. Goloby,0
2828,DEM,Beto O'Rourke,0
2828,GRN,Delilah Barrios,0
2828,LIB,Mark Tippetts,0
2828,REP,Greg Abbott,0
3032,,Jacqueline Abernathy,0
3032,,Mark V. Goloby,0
3032,DEM,Beto O'Rourke,295
3032,GRN,Delilah Barrios,2
3032,LIB,Mark Tippetts,13
3032,REP,Greg Abbott,443
3035,,Jacqueline Abernathy,0
3035,,Mark V. Goloby,0
3035,DEM,Beto O'Rourke,928
3035,GRN,Delilah Barrios,8
3035,LIB,Mark Tippetts,40
3035,REP,Greg Abbott,1547
3036,,Jacqueline Abernathy,0
3036,,Mark V. Goloby,0
3036,DEM,Beto O'Rourke,469
3036,GRN,Delilah Barrios,0
3036,LIB,Mark Tippetts,14
3036,REP,Greg Abbott,464
3037,,Jacqueline Abernathy,0
3037,,Mark V. Goloby,0
3037,DEM,Beto O'Rourke,648
3037,GRN,Delilah Barrios,3
3037,LIB,Mark Tippetts,18
3037,REP,Greg Abbott,1039
3038,,Jacqueline Abernathy,1
3038,,Mark V. Goloby,0
3038,DEM,Beto O'Rourke,838
3038,GRN,Delilah Barrios,9
3038,LIB,Mark Tippetts,31
3038,REP,Greg Abbott,898
3039,,Jacqueline Abernathy,0
3039,,Mark V. Goloby,0
3039,DEM,Beto O'Rourke,304
3039,GRN,Delilah Barrios,4
3039,LIB,Mark Tippetts,19
3039,REP,Greg Abbott,779
3040,,Jacqueline Abernathy,0
3040,,Mark V. Goloby,0
3040,DEM,Beto O'Rourke,563
3040,GRN,Delilah Barrios,2
3040,LIB,Mark Tippetts,12
3040,REP,Greg Abbott,1200
3041,,Jacqueline Abernathy,1
3041,,Mark V. Goloby,0
3041,DEM,Beto O'Rourke,724
3041,GRN,Delilah Barrios,11
3041,LIB,Mark Tippetts,18
3041,REP,Greg Abbott,871
3043,,Jacqueline Abernathy,0
3043,,Mark V. Goloby,0
3043,DEM,Beto O'Rourke,609
3043,GRN,Delilah Barrios,2
3043,LIB,Mark Tippetts,25
3043,REP,Greg Abbott,1491
3049,,Jacqueline Abernathy,0
3049,,Mark V. Goloby,0
3049,DEM,Beto O'Rourke,622
3049,GRN,Delilah Barrios,6
3049,LIB,Mark Tippetts,23
3049,REP,Greg Abbott,1382
3054,,Jacqueline Abernathy,0
3054,,Mark V. Goloby,0
3054,DEM,Beto O'Rourke,765
3054,GRN,Delilah Barrios,3
3054,LIB,Mark Tippetts,31
3054,REP,Greg Abbott,1293
3063,,Jacqueline Abernathy,0
3063,,Mark V. Goloby,0
3063,DEM,Beto O'Rourke,376
3063,GRN,Delilah Barrios,5
3063,LIB,Mark Tippetts,13
3063,REP,Greg Abbott,760
3072,,Jacqueline Abernathy,0
3072,,Mark V. Goloby,0
3072,DEM,Beto O'Rourke,486
3072,GRN,Delilah Barrios,2
3072,LIB,Mark Tippetts,24
3072,REP,Greg Abbott,1211
3114,,Jacqueline Abernathy,0
3114,,Mark V. Goloby,0
3114,DEM,Beto O'Rourke,630
3114,GRN,Delilah Barrios,5
3114,LIB,Mark Tippetts,22
3114,REP,Greg Abbott,1082
3131,,Jacqueline Abernathy,1
3131,,Mark V. Goloby,0
3131,DEM,Beto O'Rourke,331
3131,GRN,Delilah Barrios,3
3131,LIB,Mark Tippetts,10
3131,REP,Greg Abbott,593
3139,,Jacqueline Abernathy,0
3139,,Mark V. Goloby,0
3139,DEM,Beto O'Rourke,301
3139,GRN,Delilah Barrios,3
3139,LIB,Mark Tippetts,11
3139,REP,Greg Abbott,344
3140,,Jacqueline Abernathy,0
3140,,Mark V. Goloby,0
3140,DEM,Beto O'Rourke,355
3140,GRN,Delilah Barrios,3
3140,LIB,Mark Tippetts,14
3140,REP,Greg Abbott,659
3152,,Jacqueline Abernathy,0
3152,,Mark V. Goloby,0
3152,DEM,Beto O'Rourke,5
3152,GRN,Delilah Barrios,0
3152,LIB,Mark Tippetts,0
3152,REP,Greg Abbott,15
3156,,Jacqueline Abernathy,0
3156,,Mark V. Goloby,0
3156,DEM,Beto O'Rourke,334
3156,GRN,Delilah Barrios,6
3156,LIB,Mark Tippetts,13
3156,REP,Greg Abbott,731
3157,,Jacqueline Abernathy,0
3157,,Mark V. Goloby,0
3157,DEM,Beto O'Rourke,506
3157,GRN,Delilah Barrios,10
3157,LIB,Mark Tippetts,21
3157,REP,Greg Abbott,539
3160,,Jacqueline Abernathy,0
3160,,Mark V. Goloby,0
3160,DEM,Beto O'Rourke,660
3160,GRN,Delilah Barrios,2
3160,LIB,Mark Tippetts,10
3160,REP,Greg Abbott,552
3164,,Jacqueline Abernathy,0
3164,,Mark V. Goloby,0
3164,DEM,Beto O'Rourke,385
3164,GRN,Delilah Barrios,7
3164,LIB,Mark Tippetts,19
3164,REP,Greg Abbott,595
3166,,Jacqueline Abernathy,1
3166,,Mark V. Goloby,0
3166,DEM,Beto O'Rourke,566
3166,GRN,Delilah Barrios,3
3166,LIB,Mark Tippetts,17
3166,REP,Greg Abbott,536
3172,,Jacqueline Abernathy,0
3172,,Mark V. Goloby,0
3172,DEM,Beto O'Rourke,527
3172,GRN,Delilah Barrios,5
3172,LIB,Mark Tippetts,27
3172,REP,Greg Abbott,735
3176,,Jacqueline Abernathy,0
3176,,Mark V. Goloby,0
3176,DEM,Beto O'Rourke,758
3176,GRN,Delilah Barrios,6
3176,LIB,Mark Tippetts,21
3176,REP,Greg Abbott,1063
3177,,Jacqueline Abernathy,0
3177,,Mark V. Goloby,0
3177,DEM,Beto O'Rourke,467
3177,GRN,Delilah Barrios,2
3177,LIB,Mark Tippetts,15
3177,REP,Greg Abbott,1112
3183,,Jacqueline Abernathy,1
3183,,Mark V. Goloby,0
3183,DEM,Beto O'Rourke,947
3183,GRN,Delilah Barrios,11
3183,LIB,Mark Tippetts,19
3183,REP,Greg Abbott,1019
3185,,Jacqueline Abernathy,0
3185,,Mark V. Goloby,0
3185,DEM,Beto O'Rourke,0
3185,GRN,Delilah Barrios,0
3185,LIB,Mark Tippetts,0
3185,REP,Greg Abbott,0
3187,,Jacqueline Abernathy,0
3187,,Mark V. Goloby,0
3187,DEM,Beto O'Rourke,313
3187,GRN,Delilah Barrios,3
3187,LIB,Mark Tippetts,10
3187,REP,Greg Abbott,510
3192,,Jacqueline Abernathy,0
3192,,Mark V. Goloby,0
3192,DEM,Beto O'Rourke,206
3192,GRN,Delilah Barrios,3
3192,LIB,Mark Tippetts,5
3192,REP,Greg Abbott,578
3193,,Jacqueline Abernathy,0
3193,,Mark V. Goloby,0
3193,DEM,Beto O'Rourke,642
3193,GRN,Delilah Barrios,3
3193,LIB,Mark Tippetts,19
3193,REP,Greg Abbott,1624
3194,,Jacqueline Abernathy,0
3194,,Mark V. Goloby,0
3194,DEM,Beto O'Rourke,412
3194,GRN,Delilah Barrios,10
3194,LIB,Mark Tippetts,15
3194,REP,Greg Abbott,608
3196,,Jacqueline Abernathy,0
3196,,Mark V. Goloby,0
3196,DEM,Beto O'Rourke,480
3196,GRN,Delilah Barrios,1
3196,LIB,Mark Tippetts,19
3196,REP,Greg Abbott,885
3200,,Jacqueline Abernathy,1
3200,,Mark V. Goloby,0
3200,DEM,Beto O'Rourke,559
3200,GRN,Delilah Barrios,7
3200,LIB,Mark Tippetts,25
3200,REP,Greg Abbott,717
3209,,Jacqueline Abernathy,0
3209,,Mark V. Goloby,0
3209,DEM,Beto O'Rourke,797
3209,GRN,Delilah Barrios,5
3209,LIB,Mark Tippetts,29
3209,REP,Greg Abbott,2077
3212,,Jacqueline Abernathy,0
3212,,Mark V. Goloby,0
3212,DEM,Beto O'Rourke,450
3212,GRN,Delilah Barrios,6
3212,LIB,Mark Tippetts,10
3212,REP,Greg Abbott,507
3213,,Jacqueline Abernathy,0
3213,,Mark V. Goloby,0
3213,DEM,Beto O'Rourke,422
3213,GRN,Delilah Barrios,4
3213,LIB,Mark Tippetts,14
3213,REP,Greg Abbott,520
3214,,Jacqueline Abernathy,0
3214,,Mark V. Goloby,0
3214,DEM,Beto O'Rourke,599
3214,GRN,Delilah Barrios,4
3214,LIB,Mark Tippetts,19
3214,REP,Greg Abbott,926
3215,,Jacqueline Abernathy,1
3215,,Mark V. Goloby,0
3215,DEM,Beto O'Rourke,450
3215,GRN,Delilah Barrios,4
3215,LIB,Mark Tippetts,12
3215,REP,Greg Abbott,942
3216,,Jacqueline Abernathy,2
3216,,Mark V. Goloby,0
3216,DEM,Beto O'Rourke,1019
3216,GRN,Delilah Barrios,5
3216,LIB,Mark Tippetts,17
3216,REP,Greg Abbott,1005
3240,,Jacqueline Abernathy,0
3240,,Mark V. Goloby,0
3240,DEM,Beto O'Rourke,827
3240,GRN,Delilah Barrios,6
3240,LIB,Mark Tippetts,19
3240,REP,Greg Abbott,1146
3247,,Jacqueline Abernathy,1
3247,,Mark V. Goloby,0
3247,DEM,Beto O'Rourke,387
3247,GRN,Delilah Barrios,4
3247,LIB,Mark Tippetts,11
3247,REP,Greg Abbott,369
3248,,Jacqueline Abernathy,1
3248,,Mark V. Goloby,0
3248,DEM,Beto O'Rourke,835
3248,GRN,Delilah Barrios,3
3248,LIB,Mark Tippetts,32
3248,REP,Greg Abbott,1766
3249,,Jacqueline Abernathy,0
3249,,Mark V. Goloby,0
3249,DEM,Beto O'Rourke,872
3249,GRN,Delilah Barrios,1
3249,LIB,Mark Tippetts,27
3249,REP,Greg Abbott,929
3254,,Jacqueline Abernathy,0
3254,,Mark V. Goloby,0
3254,DEM,Beto O'Rourke,529
3254,GRN,Delilah Barrios,5
3254,LIB,Mark Tippetts,14
3254,REP,Greg Abbott,629
3260,,Jacqueline Abernathy,0
3260,,Mark V. Goloby,0
3260,DEM,Beto O'Rourke,311
3260,GRN,Delilah Barrios,1
3260,LIB,Mark Tippetts,12
3260,REP,Greg Abbott,633
3282,,Jacqueline Abernathy,0
3282,,Mark V. Goloby,0
3282,DEM,Beto O'Rourke,362
3282,GRN,Delilah Barrios,3
3282,LIB,Mark Tippetts,13
3282,REP,Greg Abbott,606
3283,,Jacqueline Abernathy,0
3283,,Mark V. Goloby,0
3283,DEM,Beto O'Rourke,400
3283,GRN,Delilah Barrios,0
3283,LIB,Mark Tippetts,17
3283,REP,Greg Abbott,643
3286,,Jacqueline Abernathy,0
3286,,Mark V. Goloby,0
3286,DEM,Beto O'Rourke,139
3286,GRN,Delilah Barrios,0
3286,LIB,Mark Tippetts,2
3286,REP,Greg Abbott,561
3287,,Jacqueline Abernathy,0
3287,,Mark V. Goloby,0
3287,DEM,Beto O'Rourke,499
3287,GRN,Delilah Barrios,7
3287,LIB,Mark Tippetts,11
3287,REP,Greg Abbott,783
3289,,Jacqueline Abernathy,1
3289,,Mark V. Goloby,0
3289,DEM,Beto O'Rourke,455
3289,GRN,Delilah Barrios,6
3289,LIB,Mark Tippetts,22
3289,REP,Greg Abbott,880
3321,,Jacqueline Abernathy,0
3321,,Mark V. Goloby,2
3321,DEM,Beto O'Rourke,630
3321,GRN,Delilah Barrios,2
3321,LIB,Mark Tippetts,34
3321,REP,Greg Abbott,1077
3322,,Jacqueline Abernathy,0
3322,,Mark V. Goloby,0
3322,DEM,Beto O'Rourke,540
3322,GRN,Delilah Barrios,6
3322,LIB,Mark Tippetts,15
3322,REP,Greg Abbott,796
3323,,Jacqueline Abernathy,0
3323,,Mark V. Goloby,0
3323,DEM,Beto O'Rourke,741
3323,GRN,Delilah Barrios,6
3323,LIB,Mark Tippetts,23
3323,REP,Greg Abbott,1679
3324,,Jacqueline Abernathy,0
3324,,Mark V. Goloby,0
3324,DEM,Beto O'Rourke,469
3324,GRN,Delilah Barrios,8
3324,LIB,Mark Tippetts,18
3324,REP,Greg Abbott,763
3325,,Jacqueline Abernathy,0
3325,,Mark V. Goloby,0
3325,DEM,Beto O'Rourke,205
3325,GRN,Delilah Barrios,3
3325,LIB,Mark Tippetts,7
3325,REP,Greg Abbott,427
3326,,Jacqueline Abernathy,0
3326,,Mark V. Goloby,0
3326,DEM,Beto O'Rourke,228
3326,GRN,Delilah Barrios,1
3326,LIB,Mark Tippetts,7
3326,REP,Greg Abbott,267
3327,,Jacqueline Abernathy,0
3327,,Mark V. Goloby,0
3327,DEM,Beto O'Rourke,394
3327,GRN,Delilah Barrios,0
3327,LIB,Mark Tippetts,11
3327,REP,Greg Abbott,600
3329,,Jacqueline Abernathy,0
3329,,Mark V. Goloby,1
3329,DEM,Beto O'Rourke,775
3329,GRN,Delilah Barrios,5
3329,LIB,Mark Tippetts,15
3329,REP,Greg Abbott,627
3330,,Jacqueline Abernathy,0
3330,,Mark V. Goloby,0
3330,DEM,Beto O'Rourke,261
3330,GRN,Delilah Barrios,2
3330,LIB,Mark Tippetts,4
3330,REP,Greg Abbott,528
3331,,Jacqueline Abernathy,0
3331,,Mark V. Goloby,3
3331,DEM,Beto O'Rourke,640
3331,GRN,Delilah Barrios,5
3331,LIB,Mark Tippetts,21
3331,REP,Greg Abbott,1502
3332,,Jacqueline Abernathy,2
3332,,Mark V. Goloby,0
3332,DEM,Beto O'Rourke,579
3332,GRN,Delilah Barrios,5
3332,LIB,Mark Tippetts,16
3332,REP,Greg Abbott,813
3333,,Jacqueline Abernathy,1
3333,,Mark V. Goloby,0
3333,DEM,Beto O'Rourke,937
3333,GRN,Delilah Barrios,7
3333,LIB,Mark Tippetts,41
3333,REP,Greg Abbott,1468
3334,,Jacqueline Abernathy,0
3334,,Mark V. Goloby,0
3334,DEM,Beto O'Rourke,546
3334,GRN,Delilah Barrios,5
3334,LIB,Mark Tippetts,17
3334,REP,Greg Abbott,576
3335,,Jacqueline Abernathy,0
3335,,Mark V. Goloby,0
3335,DEM,Beto O'Rourke,521
3335,GRN,Delilah Barrios,3
3335,LIB,Mark Tippetts,14
3335,REP,Greg Abbott,799
3336,,Jacqueline Abernathy,0
3336,,Mark V. Goloby,0
3336,DEM,Beto O'Rourke,1010
3336,GRN,Delilah Barrios,2
3336,LIB,Mark Tippetts,20
3336,REP,Greg Abbott,716
3359,,Jacqueline Abernathy,0
3359,,Mark V. Goloby,0
3359,DEM,Beto O'Rourke,474
3359,GRN,Delilah Barrios,2
3359,LIB,Mark Tippetts,14
3359,REP,Greg Abbott,864
3361,,Jacqueline Abernathy,0
3361,,Mark V. Goloby,0
3361,DEM,Beto O'Rourke,691
3361,GRN,Delilah Barrios,1
3361,LIB,Mark Tippetts,22
3361,REP,Greg Abbott,1085
3363,,Jacqueline Abernathy,0
3363,,Mark V. Goloby,0
3363,DEM,Beto O'Rourke,640
3363,GRN,Delilah Barrios,4
3363,LIB,Mark Tippetts,27
3363,REP,Greg Abbott,1456
3364,,Jacqueline Abernathy,0
3364,,Mark V. Goloby,0
3364,DEM,Beto O'Rourke,322
3364,GRN,Delilah Barrios,2
3364,LIB,Mark Tippetts,16
3364,REP,Greg Abbott,368
3365,,Jacqueline Abernathy,1
3365,,Mark V. Goloby,1
3365,DEM,Beto O'Rourke,829
3365,GRN,Delilah Barrios,3
3365,LIB,Mark Tippetts,33
3365,REP,Greg Abbott,1960
3367,,Jacqueline Abernathy,0
3367,,Mark V. Goloby,0
3367,DEM,Beto O'Rourke,369
3367,GRN,Delilah Barrios,4
3367,LIB,Mark Tippetts,21
3367,REP,Greg Abbott,660
3368,,Jacqueline Abernathy,0
3368,,Mark V. Goloby,0
3368,DEM,Beto O'Rourke,185
3368,GRN,Delilah Barrios,3
3368,LIB,Mark Tippetts,6
3368,REP,Greg Abbott,330
3372,,Jacqueline Abernathy,1
3372,,Mark V. Goloby,0
3372,DEM,Beto O'Rourke,733
3372,GRN,Delilah Barrios,6
3372,LIB,Mark Tippetts,29
3372,REP,Greg Abbott,1202
3384,,Jacqueline Abernathy,1
3384,,Mark V. Goloby,1
3384,DEM,Beto O'Rourke,453
3384,GRN,Delilah Barrios,4
3384,LIB,Mark Tippetts,15
3384,REP,Greg Abbott,552
3385,,Jacqueline Abernathy,0
3385,,Mark V. Goloby,0
3385,DEM,Beto O'Rourke,742
3385,GRN,Delilah Barrios,4
3385,LIB,Mark Tippetts,48
3385,REP,Greg Abbott,1293
3386,,Jacqueline Abernathy,0
3386,,Mark V. Goloby,0
3386,DEM,Beto O'Rourke,449
3386,GRN,Delilah Barrios,4
3386,LIB,Mark Tippetts,12
3386,REP,Greg Abbott,1168
3387,,Jacqueline Abernathy,0
3387,,Mark V. Goloby,0
3387,DEM,Beto O'Rourke,383
3387,GRN,Delilah Barrios,3
3387,LIB,Mark Tippetts,25
3387,REP,Greg Abbott,1005
3389,,Jacqueline Abernathy,0
3389,,Mark V. Goloby,0
3389,DEM,Beto O'Rourke,1039
3389,GRN,Delilah Barrios,11
3389,LIB,Mark Tippetts,26
3389,REP,Greg Abbott,933
3390,,Jacqueline Abernathy,0
3390,,Mark V. Goloby,1
3390,DEM,Beto O'Rourke,966
3390,GRN,Delilah Barrios,3
3390,LIB,Mark Tippetts,40
3390,REP,Greg Abbott,1909
3391,,Jacqueline Abernathy,0
3391,,Mark V. Goloby,0
3391,DEM,Beto O'Rourke,740
3391,GRN,Delilah Barrios,9
3391,LIB,Mark Tippetts,12
3391,REP,Greg Abbott,533
3392,,Jacqueline Abernathy,1
3392,,Mark V. Goloby,0
3392,DEM,Beto O'Rourke,459
3392,GRN,Delilah Barrios,2
3392,LIB,Mark Tippetts,13
3392,REP,Greg Abbott,1043
3396,,Jacqueline Abernathy,1
3396,,Mark V. Goloby,0
3396,DEM,Beto O'Rourke,1001
3396,GRN,Delilah Barrios,6
3396,LIB,Mark Tippetts,40
3396,REP,Greg Abbott,1242
3398,,Jacqueline Abernathy,1
3398,,Mark V. Goloby,0
3398,DEM,Beto O'Rourke,315
3398,GRN,Delilah Barrios,6
3398,LIB,Mark Tippetts,9
3398,REP,Greg Abbott,491
3406,,Jacqueline Abernathy,0
3406,,Mark V. Goloby,0
3406,DEM,Beto O'Rourke,0
3406,GRN,Delilah Barrios,0
3406,LIB,Mark Tippetts,0
3406,REP,Greg Abbott,0
3409,,Jacqueline Abernathy,0
3409,,Mark V. Goloby,0
3409,DEM,Beto O'Rourke,0
3409,GRN,Delilah Barrios,0
3409,LIB,Mark Tippetts,0
3409,REP,Greg Abbott,9
3417,,Jacqueline Abernathy,0
3417,,Mark V. Goloby,0
3417,DEM,Beto O'Rourke,573
3417,GRN,Delilah Barrios,1
3417,LIB,Mark Tippetts,21
3417,REP,Greg Abbott,722
3421,,Jacqueline Abernathy,0
3421,,Mark V. Goloby,0
3421,DEM,Beto O'Rourke,313
3421,GRN,Delilah Barrios,2
3421,LIB,Mark Tippetts,12
3421,REP,Greg Abbott,683
3422,,Jacqueline Abernathy,0
3422,,Mark V. Goloby,0
3422,DEM,Beto O'Rourke,487
3422,GRN,Delilah Barrios,4
3422,LIB,Mark Tippetts,21
3422,REP,Greg Abbott,1087
3433,,Jacqueline Abernathy,0
3433,,Mark V. Goloby,0
3433,DEM,Beto O'Rourke,125
3433,GRN,Delilah Barrios,0
3433,LIB,Mark Tippetts,5
3433,REP,Greg Abbott,262
3443,,Jacqueline Abernathy,0
3443,,Mark V. Goloby,0
3443,DEM,Beto O'Rourke,632
3443,GRN,Delilah Barrios,2
3443,LIB,Mark Tippetts,12
3443,REP,Greg Abbott,709
3446,,Jacqueline Abernathy,0
3446,,Mark V. Goloby,0
3446,DEM,Beto O'Rourke,0
3446,GRN,Delilah Barrios,0
3446,LIB,Mark Tippetts,0
3446,REP,Greg Abbott,0
3447,,Jacqueline Abernathy,0
3447,,Mark V. Goloby,0
3447,DEM,Beto O'Rourke,0
3447,GRN,Delilah Barrios,0
3447,LIB,Mark Tippetts,0
3447,REP,Greg Abbott,0
3465,,Jacqueline Abernathy,0
3465,,Mark V. Goloby,0
3465,DEM,Beto O'Rourke,808
3465,GRN,Delilah Barrios,5
3465,LIB,Mark Tippetts,26
3465,REP,Greg Abbott,1060
3469,,Jacqueline Abernathy,0
3469,,Mark V. Goloby,0
3469,DEM,Beto O'Rourke,345
3469,GRN,Delilah Barrios,2
3469,LIB,Mark Tippetts,11
3469,REP,Greg Abbott,481
3470,,Jacqueline Abernathy,0
3470,,Mark V. Goloby,0
3470,DEM,Beto O'Rourke,29
3470,GRN,Delilah Barrios,0
3470,LIB,Mark Tippetts,0
3470,REP,Greg Abbott,44
3471,,Jacqueline Abernathy,0
3471,,Mark V. Goloby,0
3471,DEM,Beto O'Rourke,364
3471,GRN,Delilah Barrios,5
3471,LIB,Mark Tippetts,9
3471,REP,Greg Abbott,836
3486,,Jacqueline Abernathy,0
3486,,Mark V. Goloby,0
3486,DEM,Beto O'Rourke,915
3486,GRN,Delilah Barrios,3
3486,LIB,Mark Tippetts,31
3486,REP,Greg Abbott,1496
3500,,Jacqueline Abernathy,0
3500,,Mark V. Goloby,0
3500,DEM,Beto O'Rourke,74
3500,GRN,Delilah Barrios,0
3500,LIB,Mark Tippetts,0
3500,REP,Greg Abbott,210
3502,,Jacqueline Abernathy,0
3502,,Mark V. Goloby,0
3502,DEM,Beto O'Rourke,241
3502,GRN,Delilah Barrios,2
3502,LIB,Mark Tippetts,12
3502,REP,Greg Abbott,804
3507,,Jacqueline Abernathy,0
3507,,Mark V. Goloby,0
3507,DEM,Beto O'Rourke,549
3507,GRN,Delilah Barrios,5
3507,LIB,Mark Tippetts,13
3507,REP,Greg Abbott,753
3509,,Jacqueline Abernathy,1
3509,,Mark V. Goloby,0
3509,DEM,Beto O'Rourke,438
3509,GRN,Delilah Barrios,4
3509,LIB,Mark Tippetts,20
3509,REP,Greg Abbott,660
3510,,Jacqueline Abernathy,1
3510,,Mark V. Goloby,0
3510,DEM,Beto O'Rourke,600
3510,GRN,Delilah Barrios,5
3510,LIB,Mark Tippetts,27
3510,REP,Greg Abbott,1402
3511,,Jacqueline Abernathy,0
3511,,Mark V. Goloby,0
3511,DEM,Beto O'Rourke,859
3511,GRN,Delilah Barrios,3
3511,LIB,Mark Tippetts,19
3511,REP,Greg Abbott,572
3516,,Jacqueline Abernathy,0
3516,,Mark V. Goloby,0
3516,DEM,Beto O'Rourke,449
3516,GRN,Delilah Barrios,0
3516,LIB,Mark Tippetts,9
3516,REP,Greg Abbott,843
3517,,Jacqueline Abernathy,0
3517,,Mark V. Goloby,0
3517,DEM,Beto O'Rourke,509
3517,GRN,Delilah Barrios,2
3517,LIB,Mark Tippetts,14
3517,REP,Greg Abbott,539
3526,,Jacqueline Abernathy,0
3526,,Mark V. Goloby,0
3526,DEM,Beto O'Rourke,278
3526,GRN,Delilah Barrios,1
3526,LIB,Mark Tippetts,2
3526,REP,Greg Abbott,566
3527,,Jacqueline Abernathy,1
3527,,Mark V. Goloby,0
3527,DEM,Beto O'Rourke,541
3527,GRN,Delilah Barrios,3
3527,LIB,Mark Tippetts,18
3527,REP,Greg Abbott,1025
3529,,Jacqueline Abernathy,0
3529,,Mark V. Goloby,0
3529,DEM,Beto O'Rourke,573
3529,GRN,Delilah Barrios,3
3529,LIB,Mark Tippetts,11
3529,REP,Greg Abbott,1092
3530,,Jacqueline Abernathy,0
3530,,Mark V. Goloby,0
3530,DEM,Beto O'Rourke,747
3530,GRN,Delilah Barrios,0
3530,LIB,Mark Tippetts,19
3530,REP,Greg Abbott,999
3538,,Jacqueline Abernathy,0
3538,,Mark V. Goloby,0
3538,DEM,Beto O'Rourke,884
3538,GRN,Delilah Barrios,5
3538,LIB,Mark Tippetts,20
3538,REP,Greg Abbott,1479
3539,,Jacqueline Abernathy,0
3539,,Mark V. Goloby,0
3539,DEM,Beto O'Rourke,0
3539,GRN,Delilah Barrios,0
3539,LIB,Mark Tippetts,0
3539,REP,Greg Abbott,8
3542,,Jacqueline Abernathy,0
3542,,Mark V. Goloby,1
3542,DEM,Beto O'Rourke,583
3542,GRN,Delilah Barrios,6
3542,LIB,Mark Tippetts,16
3542,REP,Greg Abbott,779
3545,,Jacqueline Abernathy,0
3545,,Mark V. Goloby,0
3545,DEM,Beto O'Rourke,499
3545,GRN,Delilah Barrios,1
3545,LIB,Mark Tippetts,14
3545,REP,Greg Abbott,1068
3552,,Jacqueline Abernathy,1
3552,,Mark V. Goloby,0
3552,DEM,Beto O'Rourke,750
3552,GRN,Delilah Barrios,5
3552,LIB,Mark Tippetts,18
3552,REP,Greg Abbott,833
3554,,Jacqueline Abernathy,0
3554,,Mark V. Goloby,0
3554,DEM,Beto O'Rourke,582
3554,GRN,Delilah Barrios,3
3554,LIB,Mark Tippetts,18
3554,REP,Greg Abbott,1399
3558,,Jacqueline Abernathy,0
3558,,Mark V. Goloby,0
3558,DEM,Beto O'Rourke,670
3558,GRN,Delilah Barrios,3
3558,LIB,Mark Tippetts,26
3558,REP,Greg Abbott,1537
3560,,Jacqueline Abernathy,0
3560,,Mark V. Goloby,0
3560,DEM,Beto O'Rourke,0
3560,GRN,Delilah Barrios,0
3560,LIB,Mark Tippetts,0
3560,REP,Greg Abbott,0
3562,,Jacqueline Abernathy,0
3562,,Mark V. Goloby,0
3562,DEM,Beto O'Rourke,29
3562,GRN,Delilah Barrios,0
3562,LIB,Mark Tippetts,1
3562,REP,Greg Abbott,77
3566,,Jacqueline Abernathy,0
3566,,Mark V. Goloby,0
3566,DEM,Beto O'Rourke,0
3566,GRN,Delilah Barrios,0
3566,LIB,Mark Tippetts,0
3566,REP,Greg Abbott,0
3567,,Jacqueline Abernathy,0
3567,,Mark V. Goloby,0
3567,DEM,Beto O'Rourke,758
3567,GRN,Delilah Barrios,5
3567,LIB,Mark Tippetts,25
3567,REP,Greg Abbott,1524
3570,,Jacqueline Abernathy,0
3570,,Mark V. Goloby,0
3570,DEM,Beto O'Rourke,584
3570,GRN,Delilah Barrios,5
3570,LIB,Mark Tippetts,13
3570,REP,Greg Abbott,812
3574,,Jacqueline Abernathy,0
3574,,Mark V. Goloby,0
3574,DEM,Beto O'Rourke,248
3574,GRN,Delilah Barrios,1
3574,LIB,Mark Tippetts,4
3574,REP,Greg Abbott,204
3575,,Jacqueline Abernathy,0
3575,,Mark V. Goloby,0
3575,DEM,Beto O'Rourke,0
3575,GRN,Delilah Barrios,0
3575,LIB,Mark Tippetts,0
3575,REP,Greg Abbott,0
3579,,Jacqueline Abernathy,0
3579,,Mark V. Goloby,0
3579,DEM,Beto O'Rourke,171
3579,GRN,Delilah Barrios,0
3579,LIB,Mark Tippetts,5
3579,REP,Greg Abbott,443
3580,,Jacqueline Abernathy,0
3580,,Mark V. Goloby,0
3580,DEM,Beto O'Rourke,0
3580,GRN,Delilah Barrios,0
3580,LIB,Mark Tippetts,0
3580,REP,Greg Abbott,0
3582,,Jacqueline Abernathy,0
3582,,Mark V. Goloby,0
3582,DEM,Beto O'Rourke,1
3582,GRN,Delilah Barrios,0
3582,LIB,Mark Tippetts,0
3582,REP,Greg Abbott,27
3583,,Jacqueline Abernathy,0
3583,,Mark V. Goloby,0
3583,DEM,Beto O'Rourke,0
3583,GRN,Delilah Barrios,0
3583,LIB,Mark Tippetts,0
3583,REP,Greg Abbott,0
3584,,Jacqueline Abernathy,0
3584,,Mark V. Goloby,0
3584,DEM,Beto O'Rourke,0
3584,GRN,Delilah Barrios,0
3584,LIB,Mark Tippetts,0
3584,REP,Greg Abbott,0
3585,,Jacqueline Abernathy,0
3585,,Mark V. Goloby,0
3585,DEM,Beto O'Rourke,0
3585,GRN,Delilah Barrios,0
3585,LIB,Mark Tippetts,0
3585,REP,Greg Abbott,0
3590,,Jacqueline Abernathy,0
3590,,Mark V. Goloby,0
3590,DEM,Beto O'Rourke,0
3590,GRN,Delilah Barrios,0
3590,LIB,Mark Tippetts,0
3590,REP,Greg Abbott,0
3624,,Jacqueline Abernathy,0
3624,,Mark V. Goloby,0
3624,DEM,Beto O'Rourke,75
3624,GRN,Delilah Barrios,0
3624,LIB,Mark Tippetts,1
3624,REP,Greg Abbott,126
3626,,Jacqueline Abernathy,0
3626,,Mark V. Goloby,0
3626,DEM,Beto O'Rourke,145
3626,GRN,Delilah Barrios,1
3626,LIB,Mark Tippetts,4
3626,REP,Greg Abbott,353
3637,,Jacqueline Abernathy,0
3637,,Mark V. Goloby,0
3637,DEM,Beto O'Rourke,639
3637,GRN,Delilah Barrios,4
3637,LIB,Mark Tippetts,16
3637,REP,Greg Abbott,573
3646,,Jacqueline Abernathy,1
3646,,Mark V. Goloby,0
3646,DEM,Beto O'Rourke,685
3646,GRN,Delilah Barrios,1
3646,LIB,Mark Tippetts,27
3646,REP,Greg Abbott,1002
3647,,Jacqueline Abernathy,0
3647,,Mark V. Goloby,0
3647,DEM,Beto O'Rourke,830
3647,GRN,Delilah Barrios,5
3647,LIB,Mark Tippetts,18
3647,REP,Greg Abbott,1128
3648,,Jacqueline Abernathy,0
3648,,Mark V. Goloby,0
3648,DEM,Beto O'Rourke,756
3648,GRN,Delilah Barrios,6
3648,LIB,Mark Tippetts,24
3648,REP,Greg Abbott,1291
3653,,Jacqueline Abernathy,0
3653,,Mark V. Goloby,0
3653,DEM,Beto O'Rourke,0
3653,GRN,Delilah Barrios,0
3653,LIB,Mark Tippetts,0
3653,REP,Greg Abbott,0
3654,,Jacqueline Abernathy,0
3654,,Mark V. Goloby,0
3654,DEM,Beto O'Rourke,0
3654,GRN,Delilah Barrios,0
3654,LIB,Mark Tippetts,0
3654,REP,Greg Abbott,0
3661,,Jacqueline Abernathy,0
3661,,Mark V. Goloby,0
3661,DEM,Beto O'Rourke,0
3661,GRN,Delilah Barrios,0
3661,LIB,Mark Tippetts,0
3661,REP,Greg Abbott,0
3663,,Jacqueline Abernathy,0
3663,,Mark V. Goloby,0
3663,DEM,Beto O'Rourke,2
3663,GRN,Delilah Barrios,0
3663,LIB,Mark Tippetts,0
3663,REP,Greg Abbott,3
3664,,Jacqueline Abernathy,0
3664,,Mark V. Goloby,0
3664,DEM,Beto O'Rourke,0
3664,GRN,Delilah Barrios,0
3664,LIB,Mark Tippetts,0
3664,REP,Greg Abbott,0
3665,,Jacqueline Abernathy,0
3665,,Mark V. Goloby,0
3665,DEM,Beto O'Rourke,1
3665,GRN,Delilah Barrios,0
3665,LIB,Mark Tippetts,0
3665,REP,Greg Abbott,9
3667,,Jacqueline Abernathy,0
3667,,Mark V. Goloby,0
3667,DEM,Beto O'Rourke,24
3667,GRN,Delilah Barrios,0
3667,LIB,Mark Tippetts,0
3667,REP,Greg Abbott,40
3668,,Jacqueline Abernathy,0
3668,,Mark V. Goloby,0
3668,DEM,Beto O'Rourke,78
3668,GRN,Delilah Barrios,0
3668,LIB,Mark Tippetts,3
3668,REP,Greg Abbott,161
3669,,Jacqueline Abernathy,0
3669,,Mark V. Goloby,0
3669,DEM,Beto O'Rourke,2
3669,GRN,Delilah Barrios,0
3669,LIB,Mark Tippetts,0
3669,REP,Greg Abbott,2
3671,,Jacqueline Abernathy,0
3671,,Mark V. Goloby,0
3671,DEM,Beto O'Rourke,146
3671,GRN,Delilah Barrios,1
3671,LIB,Mark Tippetts,8
3671,REP,Greg Abbott,392
3695,,Jacqueline Abernathy,0
3695,,Mark V. Goloby,0
3695,DEM,Beto O'Rourke,966
3695,GRN,Delilah Barrios,3
3695,LIB,Mark Tippetts,35
3695,REP,Greg Abbott,1440
3696,,Jacqueline Abernathy,0
3696,,Mark V. Goloby,0
3696,DEM,Beto O'Rourke,903
3696,GRN,Delilah Barrios,9
3696,LIB,Mark Tippetts,25
3696,REP,Greg Abbott,1378
3698,,Jacqueline Abernathy,0
3698,,Mark V. Goloby,0
3698,DEM,Beto O'Rourke,887
3698,GRN,Delilah Barrios,4
3698,LIB,Mark Tippetts,21
3698,REP,Greg Abbott,1132
3700,,Jacqueline Abernathy,0
3700,,Mark V. Goloby,0
3700,DEM,Beto O'Rourke,408
3700,GRN,Delilah Barrios,3
3700,LIB,Mark Tippetts,12
3700,REP,Greg Abbott,645
3706,,Jacqueline Abernathy,0
3706,,Mark V. Goloby,0
3706,DEM,Beto O'Rourke,741
3706,GRN,Delilah Barrios,4
3706,LIB,Mark Tippetts,19
3706,REP,Greg Abbott,814
3709,,Jacqueline Abernathy,0
3709,,Mark V. Goloby,0
3709,DEM,Beto O'Rourke,321
3709,GRN,Delilah Barrios,2
3709,LIB,Mark Tippetts,11
3709,REP,Greg Abbott,445
3716,,Jacqueline Abernathy,0
3716,,Mark V. Goloby,0
3716,DEM,Beto O'Rourke,478
3716,GRN,Delilah Barrios,3
3716,LIB,Mark Tippetts,8
3716,REP,Greg Abbott,896
3720,,Jacqueline Abernathy,0
3720,,Mark V. Goloby,0
3720,DEM,Beto O'Rourke,325
3720,GRN,Delilah Barrios,6
3720,LIB,Mark Tippetts,14
3720,REP,Greg Abbott,1189
3725,,Jacqueline Abernathy,0
3725,,Mark V. Goloby,0
3725,DEM,Beto O'Rourke,514
3725,GRN,Delilah Barrios,6
3725,LIB,Mark Tippetts,23
3725,REP,Greg Abbott,843
3728,,Jacqueline Abernathy,0
3728,,Mark V. Goloby,0
3728,DEM,Beto O'Rourke,544
3728,GRN,Delilah Barrios,0
3728,LIB,Mark Tippetts,12
3728,REP,Greg Abbott,994
3729,,Jacqueline Abernathy,0
3729,,Mark V. Goloby,0
3729,DEM,Beto O'Rourke,181
3729,GRN,Delilah Barrios,0
3729,LIB,Mark Tippetts,5
3729,REP,Greg Abbott,151
3732,,Jacqueline Abernathy,0
3732,,Mark V. Goloby,0
3732,DEM,Beto O'Rourke,234
3732,GRN,Delilah Barrios,0
3732,LIB,Mark Tippetts,12
3732,REP,Greg Abbott,780
3735,,Jacqueline Abernathy,0
3735,,Mark V. Goloby,0
3735,DEM,Beto O'Rourke,249
3735,GRN,Delilah Barrios,6
3735,LIB,Mark Tippetts,4
3735,REP,Greg Abbott,549
3750,,Jacqueline Abernathy,0
3750,,Mark V. Goloby,0
3750,DEM,Beto O'Rourke,0
3750,GRN,Delilah Barrios,0
3750,LIB,Mark Tippetts,0
3750,REP,Greg Abbott,0
3757,,Jacqueline Abernathy,0
3757,,Mark V. Goloby,0
3757,DEM,Beto O'Rourke,0
3757,GRN,Delilah Barrios,0
3757,LIB,Mark Tippetts,0
3757,REP,Greg Abbott,0
3758,,Jacqueline Abernathy,0
3758,,Mark V. Goloby,0
3758,DEM,Beto O'Rourke,0
3758,GRN,Delilah Barrios,0
3758,LIB,Mark Tippetts,0
3758,REP,Greg Abbott,0
3759,,Jacqueline Abernathy,0
3759,,Mark V. Goloby,0
3759,DEM,Beto O'Rourke,0
3759,GRN,Delilah Barrios,0
3759,LIB,Mark Tippetts,0
3759,REP,Greg Abbott,0
3822,,Jacqueline Abernathy,0
3822,,Mark V. Goloby,0
3822,DEM,Beto O'Rourke,0
3822,GRN,Delilah Barrios,0
3822,LIB,Mark Tippetts,0
3822,REP,Greg Abbott,0
3826,,Jacqueline Abernathy,0
3826,,Mark V. Goloby,0
3826,DEM,Beto O'Rourke,0
3826,GRN,Delilah Barrios,0
3826,LIB,Mark Tippetts,0
3826,REP,Greg Abbott,0
4006,,Jacqueline Abernathy,0
4006,,Mark V. Goloby,0
4006,DEM,Beto O'Rourke,354
4006,GRN,Delilah Barrios,4
4006,LIB,Mark Tippetts,5
4006,REP,Greg Abbott,106
4016,,Jacqueline Abernathy,0
4016,,Mark V. Goloby,0
4016,DEM,Beto O'Rourke,559
4016,GRN,Delilah Barrios,2
4016,LIB,Mark Tippetts,16
4016,REP,Greg Abbott,430
4017,,Jacqueline Abernathy,0
4017,,Mark V. Goloby,0
4017,DEM,Beto O'Rourke,560
4017,GRN,Delilah Barrios,4
4017,LIB,Mark Tippetts,1
4017,REP,Greg Abbott,182
4018,,Jacqueline Abernathy,1
4018,,Mark V. Goloby,0
4018,DEM,Beto O'Rourke,121
4018,GRN,Delilah Barrios,1
4018,LIB,Mark Tippetts,10
4018,REP,Greg Abbott,315
4020,,Jacqueline Abernathy,0
4020,,Mark V. Goloby,0
4020,DEM,Beto O'Rourke,271
4020,GRN,Delilah Barrios,3
4020,LIB,Mark Tippetts,16
4020,REP,Greg Abbott,386
4042,,Jacqueline Abernathy,0
4042,,Mark V. Goloby,0
4042,DEM,Beto O'Rourke,200
4042,GRN,Delilah Barrios,3
4042,LIB,Mark Tippetts,5
4042,REP,Greg Abbott,313
4044,,Jacqueline Abernathy,0
4044,,Mark V. Goloby,0
4044,DEM,Beto O'Rourke,695
4044,GRN,Delilah Barrios,7
4044,LIB,Mark Tippetts,32
4044,REP,Greg Abbott,1481
4045,,Jacqueline Abernathy,0
4045,,Mark V. Goloby,0
4045,DEM,Beto O'Rourke,433
4045,GRN,Delilah Barrios,4
4045,LIB,Mark Tippetts,17
4045,REP,Greg Abbott,1142
4046,,Jacqueline Abernathy,1
4046,,Mark V. Goloby,0
4046,DEM,Beto O'Rourke,301
4046,GRN,Delilah Barrios,3
4046,LIB,Mark Tippetts,18
4046,REP,Greg Abbott,1026
4047,,Jacqueline Abernathy,0
4047,,Mark V. Goloby,0
4047,DEM,Beto O'Rourke,341
4047,GRN,Delilah Barrios,9
4047,LIB,Mark Tippetts,12
4047,REP,Greg Abbott,1460
4048,,Jacqueline Abernathy,0
4048,,Mark V. Goloby,0
4048,DEM,Beto O'Rourke,157
4048,GRN,Delilah Barrios,0
4048,LIB,Mark Tippetts,0
4048,REP,Greg Abbott,47
4050,,Jacqueline Abernathy,0
4050,,Mark V. Goloby,0
4050,DEM,Beto O'Rourke,321
4050,GRN,Delilah Barrios,1
4050,LIB,Mark Tippetts,0
4050,REP,Greg Abbott,68
4051,,Jacqueline Abernathy,0
4051,,Mark V. Goloby,0
4051,DEM,Beto O'Rourke,0
4051,GRN,Delilah Barrios,0
4051,LIB,Mark Tippetts,0
4051,REP,Greg Abbott,2
4053,,Jacqueline Abernathy,0
4053,,Mark V. Goloby,0
4053,DEM,Beto O'Rourke,219
4053,GRN,Delilah Barrios,3
4053,LIB,Mark Tippetts,7
4053,REP,Greg Abbott,353
4057,,Jacqueline Abernathy,0
4057,,Mark V. Goloby,0
4057,DEM,Beto O'Rourke,285
4057,GRN,Delilah Barrios,3
4057,LIB,Mark Tippetts,5
4057,REP,Greg Abbott,206
4060,,Jacqueline Abernathy,1
4060,,Mark V. Goloby,0
4060,DEM,Beto O'Rourke,1002
4060,GRN,Delilah Barrios,6
4060,LIB,Mark Tippetts,19
4060,REP,Greg Abbott,325
4065,,Jacqueline Abernathy,0
4065,,Mark V. Goloby,0
4065,DEM,Beto O'Rourke,638
4065,GRN,Delilah Barrios,7
4065,LIB,Mark Tippetts,30
4065,REP,Greg Abbott,1910
4067,,Jacqueline Abernathy,0
4067,,Mark V. Goloby,0
4067,DEM,Beto O'Rourke,329
4067,GRN,Delilah Barrios,2
4067,LIB,Mark Tippetts,2
4067,REP,Greg Abbott,109
4068,,Jacqueline Abernathy,0
4068,,Mark V. Goloby,0
4068,DEM,Beto O'Rourke,267
4068,GRN,Delilah Barrios,3
4068,LIB,Mark Tippetts,2
4068,REP,Greg Abbott,121
4069,,Jacqueline Abernathy,0
4069,,Mark V. Goloby,0
4069,DEM,Beto O'Rourke,314
4069,GRN,Delilah Barrios,2
4069,LIB,Mark Tippetts,10
4069,REP,Greg Abbott,900
4070,,Jacqueline Abernathy,2
4070,,Mark V. Goloby,0
4070,DEM,Beto O'Rourke,585
4070,GRN,Delilah Barrios,4
4070,LIB,Mark Tippetts,20
4070,REP,Greg Abbott,570
4073,,Jacqueline Abernathy,0
4073,,Mark V. Goloby,0
4073,DEM,Beto O'Rourke,103
4073,GRN,Delilah Barrios,0
4073,LIB,Mark Tippetts,1
4073,REP,Greg Abbott,123
4077,,Jacqueline Abernathy,0
4077,,Mark V. Goloby,0
4077,DEM,Beto O'Rourke,115
4077,GRN,Delilah Barrios,0
4077,LIB,Mark Tippetts,1
4077,REP,Greg Abbott,68
4086,,Jacqueline Abernathy,0
4086,,Mark V. Goloby,0
4086,DEM,Beto O'Rourke,583
4086,GRN,Delilah Barrios,1
4086,LIB,Mark Tippetts,27
4086,REP,Greg Abbott,1154
4087,,Jacqueline Abernathy,0
4087,,Mark V. Goloby,0
4087,DEM,Beto O'Rourke,128
4087,GRN,Delilah Barrios,2
4087,LIB,Mark Tippetts,1
4087,REP,Greg Abbott,32
4091,,Jacqueline Abernathy,0
4091,,Mark V. Goloby,0
4091,DEM,Beto O'Rourke,387
4091,GRN,Delilah Barrios,3
4091,LIB,Mark Tippetts,10
4091,REP,Greg Abbott,780
4092,,Jacqueline Abernathy,0
4092,,Mark V. Goloby,0
4092,DEM,Beto O'Rourke,218
4092,GRN,Delilah Barrios,0
4092,LIB,Mark Tippetts,2
4092,REP,Greg Abbott,58
4093,,Jacqueline Abernathy,0
4093,,Mark V. Goloby,0
4093,DEM,Beto O'Rourke,402
4093,GRN,Delilah Barrios,3
4093,LIB,Mark Tippetts,3
4093,REP,Greg Abbott,128
4096,,Jacqueline Abernathy,0
4096,,Mark V. Goloby,0
4096,DEM,Beto O'Rourke,487
4096,GRN,Delilah Barrios,2
4096,LIB,Mark Tippetts,9
4096,REP,Greg Abbott,191
4097,,Jacqueline Abernathy,0
4097,,Mark V. Goloby,0
4097,DEM,Beto O'Rourke,319
4097,GRN,Delilah Barrios,2
4097,LIB,Mark Tippetts,0
4097,REP,Greg Abbott,114
4101,,Jacqueline Abernathy,0
4101,,Mark V. Goloby,0
4101,DEM,Beto O'Rourke,288
4101,GRN,Delilah Barrios,2
4101,LIB,Mark Tippetts,5
4101,REP,Greg Abbott,207
4102,,Jacqueline Abernathy,0
4102,,Mark V. Goloby,0
4102,DEM,Beto O'Rourke,180
4102,GRN,Delilah Barrios,2
4102,LIB,Mark Tippetts,8
4102,REP,Greg Abbott,167
4107,,Jacqueline Abernathy,0
4107,,Mark V. Goloby,0
4107,DEM,Beto O'Rourke,232
4107,GRN,Delilah Barrios,1
4107,LIB,Mark Tippetts,0
4107,REP,Greg Abbott,71
4110,,Jacqueline Abernathy,0
4110,,Mark V. Goloby,0
4110,DEM,Beto O'Rourke,294
4110,GRN,Delilah Barrios,0
4110,LIB,Mark Tippetts,6
4110,REP,Greg Abbott,101
4113,,Jacqueline Abernathy,0
4113,,Mark V. Goloby,0
4113,DEM,Beto O'Rourke,65
4113,GRN,Delilah Barrios,0
4113,LIB,Mark Tippetts,4
4113,REP,Greg Abbott,106
4115,,Jacqueline Abernathy,0
4115,,Mark V. Goloby,0
4115,DEM,Beto O'Rourke,84
4115,GRN,Delilah Barrios,0
4115,LIB,Mark Tippetts,4
4115,REP,Greg Abbott,329
4116,,Jacqueline Abernathy,0
4116,,Mark V. Goloby,0
4116,DEM,Beto O'Rourke,661
4116,GRN,Delilah Barrios,4
4116,LIB,Mark Tippetts,18
4116,REP,Greg Abbott,719
4118,,Jacqueline Abernathy,0
4118,,Mark V. Goloby,0
4118,DEM,Beto O'Rourke,364
4118,GRN,Delilah Barrios,1
4118,LIB,Mark Tippetts,7
4118,REP,Greg Abbott,283
4121,,Jacqueline Abernathy,0
4121,,Mark V. Goloby,0
4121,DEM,Beto O'Rourke,457
4121,GRN,Delilah Barrios,5
4121,LIB,Mark Tippetts,22
4121,REP,Greg Abbott,669
4122,,Jacqueline Abernathy,0
4122,,Mark V. Goloby,0
4122,DEM,Beto O'Rourke,327
4122,GRN,Delilah Barrios,2
4122,LIB,Mark Tippetts,0
4122,REP,Greg Abbott,113
4123,,Jacqueline Abernathy,2
4123,,Mark V. Goloby,0
4123,DEM,Beto O'Rourke,325
4123,GRN,Delilah Barrios,5
4123,LIB,Mark Tippetts,6
4123,REP,Greg Abbott,124
4124,,Jacqueline Abernathy,0
4124,,Mark V. Goloby,0
4124,DEM,Beto O'Rourke,450
4124,GRN,Delilah Barrios,1
4124,LIB,Mark Tippetts,12
4124,REP,Greg Abbott,338
4125,,Jacqueline Abernathy,0
4125,,Mark V. Goloby,0
4125,DEM,Beto O'Rourke,103
4125,GRN,Delilah Barrios,0
4125,LIB,Mark Tippetts,4
4125,REP,Greg Abbott,107
4128,,Jacqueline Abernathy,0
4128,,Mark V. Goloby,0
4128,DEM,Beto O'Rourke,468
4128,GRN,Delilah Barrios,7
4128,LIB,Mark Tippetts,14
4128,REP,Greg Abbott,772
4129,,Jacqueline Abernathy,1
4129,,Mark V. Goloby,0
4129,DEM,Beto O'Rourke,326
4129,GRN,Delilah Barrios,2
4129,LIB,Mark Tippetts,10
4129,REP,Greg Abbott,481
4130,,Jacqueline Abernathy,1
4130,,Mark V. Goloby,0
4130,DEM,Beto O'Rourke,697
4130,GRN,Delilah Barrios,3
4130,LIB,Mark Tippetts,17
4130,REP,Greg Abbott,993
4135,,Jacqueline Abernathy,0
4135,,Mark V. Goloby,0
4135,DEM,Beto O'Rourke,283
4135,GRN,Delilah Barrios,3
4135,LIB,Mark Tippetts,7
4135,REP,Greg Abbott,323
4136,,Jacqueline Abernathy,0
4136,,Mark V. Goloby,0
4136,DEM,Beto O'Rourke,507
4136,GRN,Delilah Barrios,2
4136,LIB,Mark Tippetts,15
4136,REP,Greg Abbott,505
4137,,Jacqueline Abernathy,0
4137,,Mark V. Goloby,0
4137,DEM,Beto O'Rourke,414
4137,GRN,Delilah Barrios,4
4137,LIB,Mark Tippetts,17
4137,REP,Greg Abbott,551
4138,,Jacqueline Abernathy,0
4138,,Mark V. Goloby,0
4138,DEM,Beto O'Rourke,112
4138,GRN,Delilah Barrios,1
4138,LIB,Mark Tippetts,2
4138,REP,Greg Abbott,168
4141,,Jacqueline Abernathy,0
4141,,Mark V. Goloby,0
4141,DEM,Beto O'Rourke,474
4141,GRN,Delilah Barrios,7
4141,LIB,Mark Tippetts,11
4141,REP,Greg Abbott,645
4144,,Jacqueline Abernathy,0
4144,,Mark V. Goloby,0
4144,DEM,Beto O'Rourke,320
4144,GRN,Delilah Barrios,3
4144,LIB,Mark Tippetts,14
4144,REP,Greg Abbott,560
4155,,Jacqueline Abernathy,0
4155,,Mark V. Goloby,0
4155,DEM,Beto O'Rourke,533
4155,GRN,Delilah Barrios,3
4155,LIB,Mark Tippetts,4
4155,REP,Greg Abbott,204
4159,,Jacqueline Abernathy,0
4159,,Mark V. Goloby,0
4159,DEM,Beto O'Rourke,238
4159,GRN,Delilah Barrios,1
4159,LIB,Mark Tippetts,11
4159,REP,Greg Abbott,418
4162,,Jacqueline Abernathy,0
4162,,Mark V. Goloby,0
4162,DEM,Beto O'Rourke,126
4162,GRN,Delilah Barrios,0
4162,LIB,Mark Tippetts,1
4162,REP,Greg Abbott,96
4163,,Jacqueline Abernathy,0
4163,,Mark V. Goloby,0
4163,DEM,Beto O'Rourke,418
4163,GRN,Delilah Barrios,1
4163,LIB,Mark Tippetts,16
4163,REP,Greg Abbott,408
4178,,Jacqueline Abernathy,0
4178,,Mark V. Goloby,0
4178,DEM,Beto O'Rourke,702
4178,GRN,Delilah Barrios,4
4178,LIB,Mark Tippetts,18
4178,REP,Greg Abbott,967
4179,,Jacqueline Abernathy,0
4179,,Mark V. Goloby,0
4179,DEM,Beto O'Rourke,326
4179,GRN,Delilah Barrios,2
4179,LIB,Mark Tippetts,11
4179,REP,Greg Abbott,228
4182,,Jacqueline Abernathy,0
4182,,Mark V. Goloby,0
4182,DEM,Beto O'Rourke,865
4182,GRN,Delilah Barrios,3
4182,LIB,Mark Tippetts,20
4182,REP,Greg Abbott,1016
4191,,Jacqueline Abernathy,0
4191,,Mark V. Goloby,0
4191,DEM,Beto O'Rourke,222
4191,GRN,Delilah Barrios,4
4191,LIB,Mark Tippetts,11
4191,REP,Greg Abbott,403
4195,,Jacqueline Abernathy,0
4195,,Mark V. Goloby,0
4195,DEM,Beto O'Rourke,324
4195,GRN,Delilah Barrios,2
4195,LIB,Mark Tippetts,3
4195,REP,Greg Abbott,97
4201,,Jacqueline Abernathy,0
4201,,Mark V. Goloby,0
4201,DEM,Beto O'Rourke,249
4201,GRN,Delilah Barrios,5
4201,LIB,Mark Tippetts,1
4201,REP,Greg Abbott,79
4202,,Jacqueline Abernathy,0
4202,,Mark V. Goloby,0
4202,DEM,Beto O'Rourke,336
4202,GRN,Delilah Barrios,5
4202,LIB,Mark Tippetts,7
4202,REP,Greg Abbott,327
4203,,Jacqueline Abernathy,0
4203,,Mark V. Goloby,0
4203,DEM,Beto O'Rourke,457
4203,GRN,Delilah Barrios,6
4203,LIB,Mark Tippetts,10
4203,REP,Greg Abbott,300
4204,,Jacqueline Abernathy,0
4204,,Mark V. Goloby,0
4204,DEM,Beto O'Rourke,546
4204,GRN,Delilah Barrios,4
4204,LIB,Mark Tippetts,26
4204,REP,Greg Abbott,852
4218,,Jacqueline Abernathy,0
4218,,Mark V. Goloby,0
4218,DEM,Beto O'Rourke,212
4218,GRN,Delilah Barrios,5
4218,LIB,Mark Tippetts,6
4218,REP,Greg Abbott,300
4222,,Jacqueline Abernathy,0
4222,,Mark V. Goloby,0
4222,DEM,Beto O'Rourke,188
4222,GRN,Delilah Barrios,1
4222,LIB,Mark Tippetts,5
4222,REP,Greg Abbott,230
4230,,Jacqueline Abernathy,0
4230,,Mark V. Goloby,0
4230,DEM,Beto O'Rourke,922
4230,GRN,Delilah Barrios,1
4230,LIB,Mark Tippetts,26
4230,REP,Greg Abbott,1146
4231,,Jacqueline Abernathy,0
4231,,Mark V. Goloby,0
4231,DEM,Beto O'Rourke,324
4231,GRN,Delilah Barrios,3
4231,LIB,Mark Tippetts,4
4231,REP,Greg Abbott,94
4232,,Jacqueline Abernathy,0
4232,,Mark V. Goloby,0
4232,DEM,Beto O'Rourke,836
4232,GRN,Delilah Barrios,10
4232,LIB,Mark Tippetts,25
4232,REP,Greg Abbott,866
4233,,Jacqueline Abernathy,0
4233,,Mark V. Goloby,0
4233,DEM,Beto O'Rourke,453
4233,GRN,Delilah Barrios,2
4233,LIB,Mark Tippetts,13
4233,REP,Greg Abbott,142
4234,,Jacqueline Abernathy,1
4234,,Mark V. Goloby,0
4234,DEM,Beto O'Rourke,739
4234,GRN,Delilah Barrios,4
4234,LIB,Mark Tippetts,23
4234,REP,Greg Abbott,1122
4239,,Jacqueline Abernathy,0
4239,,Mark V. Goloby,0
4239,DEM,Beto O'Rourke,18
4239,GRN,Delilah Barrios,0
4239,LIB,Mark Tippetts,3
4239,REP,Greg Abbott,33
4242,,Jacqueline Abernathy,0
4242,,Mark V. Goloby,0
4242,DEM,Beto O'Rourke,83
4242,GRN,Delilah Barrios,1
4242,LIB,Mark Tippetts,2
4242,REP,Greg Abbott,254
4243,,Jacqueline Abernathy,0
4243,,Mark V. Goloby,0
4243,DEM,Beto O'Rourke,442
4243,GRN,Delilah Barrios,5
4243,LIB,Mark Tippetts,20
4243,REP,Greg Abbott,536
4245,,Jacqueline Abernathy,0
4245,,Mark V. Goloby,0
4245,DEM,Beto O'Rourke,21
4245,GRN,Delilah Barrios,0
4245,LIB,Mark Tippetts,0
4245,REP,Greg Abbott,10
4250,,Jacqueline Abernathy,0
4250,,Mark V. Goloby,0
4250,DEM,Beto O'Rourke,844
4250,GRN,Delilah Barrios,9
4250,LIB,Mark Tippetts,21
4250,REP,Greg Abbott,878
4252,,Jacqueline Abernathy,0
4252,,Mark V. Goloby,0
4252,DEM,Beto O'Rourke,299
4252,GRN,Delilah Barrios,2
4252,LIB,Mark Tippetts,10
4252,REP,Greg Abbott,315
4253,,Jacqueline Abernathy,0
4253,,Mark V. Goloby,0
4253,DEM,Beto O'Rourke,248
4253,GRN,Delilah Barrios,2
4253,LIB,Mark Tippetts,10
4253,REP,Greg Abbott,189
4256,,Jacqueline Abernathy,0
4256,,Mark V. Goloby,0
4256,DEM,Beto O'Rourke,157
4256,GRN,Delilah Barrios,0
4256,LIB,Mark Tippetts,1
4256,REP,Greg Abbott,54
4259,,Jacqueline Abernathy,0
4259,,Mark V. Goloby,0
4259,DEM,Beto O'Rourke,188
4259,GRN,Delilah Barrios,2
4259,LIB,Mark Tippetts,4
4259,REP,Greg Abbott,535
4261,,Jacqueline Abernathy,0
4261,,Mark V. Goloby,0
4261,DEM,Beto O'Rourke,672
4261,GRN,Delilah Barrios,7
4261,LIB,Mark Tippetts,17
4261,REP,Greg Abbott,672
4272,,Jacqueline Abernathy,0
4272,,Mark V. Goloby,0
4272,DEM,Beto O'Rourke,115
4272,GRN,Delilah Barrios,0
4272,LIB,Mark Tippetts,4
4272,REP,Greg Abbott,191
4276,,Jacqueline Abernathy,1
4276,,Mark V. Goloby,0
4276,DEM,Beto O'Rourke,490
4276,GRN,Delilah Barrios,1
4276,LIB,Mark Tippetts,14
4276,REP,Greg Abbott,616
4284,,Jacqueline Abernathy,0
4284,,Mark V. Goloby,0
4284,DEM,Beto O'Rourke,32
4284,GRN,Delilah Barrios,0
4284,LIB,Mark Tippetts,2
4284,REP,Greg Abbott,120
4285,,Jacqueline Abernathy,0
4285,,Mark V. Goloby,0
4285,DEM,Beto O'Rourke,122
4285,GRN,Delilah Barrios,2
4285,LIB,Mark Tippetts,1
4285,REP,Greg Abbott,94
4288,,Jacqueline Abernathy,0
4288,,Mark V. Goloby,0
4288,DEM,Beto O'Rourke,50
4288,GRN,Delilah Barrios,1
4288,LIB,Mark Tippetts,1
4288,REP,Greg Abbott,12
4290,,Jacqueline Abernathy,0
4290,,Mark V. Goloby,0
4290,DEM,Beto O'Rourke,432
4290,GRN,Delilah Barrios,13
4290,LIB,Mark Tippetts,19
4290,REP,Greg Abbott,600
4312,,Jacqueline Abernathy,0
4312,,Mark V. Goloby,0
4312,DEM,Beto O'Rourke,35
4312,GRN,Delilah Barrios,0
4312,LIB,Mark Tippetts,2
4312,REP,Greg Abbott,24
4328,,Jacqueline Abernathy,0
4328,,Mark V. Goloby,0
4328,DEM,Beto O'Rourke,257
4328,GRN,Delilah Barrios,2
4328,LIB,Mark Tippetts,9
4328,REP,Greg Abbott,322
4338,,Jacqueline Abernathy,0
4338,,Mark V. Goloby,0
4338,DEM,Beto O'Rourke,578
4338,GRN,Delilah Barrios,4
4338,LIB,Mark Tippetts,7
4338,REP,Greg Abbott,731
4340,,Jacqueline Abernathy,0
4340,,Mark V. Goloby,0
4340,DEM,Beto O'Rourke,329
4340,GRN,Delilah Barrios,4
4340,LIB,Mark Tippetts,13
4340,REP,Greg Abbott,854
4342,,Jacqueline Abernathy,0
4342,,Mark V. Goloby,0
4342,DEM,Beto O'Rourke,672
4342,GRN,Delilah Barrios,7
4342,LIB,Mark Tippetts,16
4342,REP,Greg Abbott,814
4343,,Jacqueline Abernathy,0
4343,,Mark V. Goloby,0
4343,DEM,Beto O'Rourke,548
4343,GRN,Delilah Barrios,4
4343,LIB,Mark Tippetts,17
4343,REP,Greg Abbott,913
4344,,Jacqueline Abernathy,0
4344,,Mark V. Goloby,1
4344,DEM,Beto O'Rourke,393
4344,GRN,Delilah Barrios,3
4344,LIB,Mark Tippetts,14
4344,REP,Greg Abbott,588
4350,,Jacqueline Abernathy,0
4350,,Mark V. Goloby,0
4350,DEM,Beto O'Rourke,564
4350,GRN,Delilah Barrios,3
4350,LIB,Mark Tippetts,18
4350,REP,Greg Abbott,332
4362,,Jacqueline Abernathy,0
4362,,Mark V. Goloby,0
4362,DEM,Beto O'Rourke,0
4362,GRN,Delilah Barrios,0
4362,LIB,Mark Tippetts,0
4362,REP,Greg Abbott,1
4369,,Jacqueline Abernathy,4
4369,,Mark V. Goloby,0
4369,DEM,Beto O'Rourke,762
4369,GRN,Delilah Barrios,7
4369,LIB,Mark Tippetts,19
4369,REP,Greg Abbott,1247
4370,,Jacqueline Abernathy,0
4370,,Mark V. Goloby,0
4370,DEM,Beto O'Rourke,0
4370,GRN,Delilah Barrios,0
4370,LIB,Mark Tippetts,0
4370,REP,Greg Abbott,0
4371,,Jacqueline Abernathy,0
4371,,Mark V. Goloby,0
4371,DEM,Beto O'Rourke,288
4371,GRN,Delilah Barrios,1
4371,LIB,Mark Tippetts,19
4371,REP,Greg Abbott,1383
4373,,Jacqueline Abernathy,0
4373,,Mark V. Goloby,0
4373,DEM,Beto O'Rourke,36
4373,GRN,Delilah Barrios,0
4373,LIB,Mark Tippetts,2
4373,REP,Greg Abbott,75
4374,,Jacqueline Abernathy,0
4374,,Mark V. Goloby,0
4374,DEM,Beto O'Rourke,476
4374,GRN,Delilah Barrios,4
4374,LIB,Mark Tippetts,17
4374,REP,Greg Abbott,558
4375,,Jacqueline Abernathy,0
4375,,Mark V. Goloby,0
4375,DEM,Beto O'Rourke,497
4375,GRN,Delilah Barrios,1
4375,LIB,Mark Tippetts,16
4375,REP,Greg Abbott,1142
4395,,Jacqueline Abernathy,0
4395,,Mark V. Goloby,0
4395,DEM,Beto O'Rourke,54
4395,GRN,Delilah Barrios,0
4395,LIB,Mark Tippetts,1
4395,REP,Greg Abbott,278
4397,,Jacqueline Abernathy,0
4397,,Mark V. Goloby,0
4397,DEM,Beto O'Rourke,89
4397,GRN,Delilah Barrios,1
4397,LIB,Mark Tippetts,3
4397,REP,Greg Abbott,96
4399,,Jacqueline Abernathy,0
4399,,Mark V. Goloby,0
4399,DEM,Beto O'Rourke,18
4399,GRN,Delilah Barrios,0
4399,LIB,Mark Tippetts,4
4399,REP,Greg Abbott,81
4400,,Jacqueline Abernathy,0
4400,,Mark V. Goloby,0
4400,DEM,Beto O'Rourke,67
4400,GRN,Delilah Barrios,1
4400,LIB,Mark Tippetts,0
4400,REP,Greg Abbott,70
4410,,Jacqueline Abernathy,0
4410,,Mark V. Goloby,0
4410,DEM,Beto O'Rourke,669
4410,GRN,Delilah Barrios,5
4410,LIB,Mark Tippetts,23
4410,REP,Greg Abbott,686
4429,,Jacqueline Abernathy,0
4429,,Mark V. Goloby,1
4429,DEM,Beto O'Rourke,586
4429,GRN,Delilah Barrios,4
4429,LIB,Mark Tippetts,14
4429,REP,Greg Abbott,732
4432,,Jacqueline Abernathy,0
4432,,Mark V. Goloby,0
4432,DEM,Beto O'Rourke,8
4432,GRN,Delilah Barrios,0
4432,LIB,Mark Tippetts,0
4432,REP,Greg Abbott,1
4452,,Jacqueline Abernathy,0
4452,,Mark V. Goloby,0
4452,DEM,Beto O'Rourke,777
4452,GRN,Delilah Barrios,3
4452,LIB,Mark Tippetts,13
4452,REP,Greg Abbott,753
4454,,Jacqueline Abernathy,0
4454,,Mark V. Goloby,0
4454,DEM,Beto O'Rourke,459
4454,GRN,Delilah Barrios,2
4454,LIB,Mark Tippetts,25
4454,REP,Greg Abbott,772
4456,,Jacqueline Abernathy,0
4456,,Mark V. Goloby,0
4456,DEM,Beto O'Rourke,267
4456,GRN,Delilah Barrios,2
4456,LIB,Mark Tippetts,13
4456,REP,Greg Abbott,444
4458,,Jacqueline Abernathy,0
4458,,Mark V. Goloby,0
4458,DEM,Beto O'Rourke,1
4458,GRN,Delilah Barrios,0
4458,LIB,Mark Tippetts,1
4458,REP,Greg Abbott,5
4475,,Jacqueline Abernathy,0
4475,,Mark V. Goloby,0
4475,DEM,Beto O'Rourke,26
4475,GRN,Delilah Barrios,1
4475,LIB,Mark Tippetts,0
4475,REP,Greg Abbott,8
4478,,Jacqueline Abernathy,0
4478,,Mark V. Goloby,0
4478,DEM,Beto O'Rourke,0
4478,GRN,Delilah Barrios,0
4478,LIB,Mark Tippetts,0
4478,REP,Greg Abbott,0
4480,,Jacqueline Abernathy,0
4480,,Mark V. Goloby,0
4480,DEM,Beto O'Rourke,217
4480,GRN,Delilah Barrios,1
4480,LIB,Mark Tippetts,4
4480,REP,Greg Abbott,479
4483,,Jacqueline Abernathy,0
4483,,Mark V. Goloby,0
4483,DEM,Beto O'Rourke,8
4483,GRN,Delilah Barrios,0
4483,LIB,Mark Tippetts,0
4483,REP,Greg Abbott,8
4485,,Jacqueline Abernathy,0
4485,,Mark V. Goloby,0
4485,DEM,Beto O'Rourke,67
4485,GRN,Delilah Barrios,0
4485,LIB,Mark Tippetts,0
4485,REP,Greg Abbott,71
4487,,Jacqueline Abernathy,0
4487,,Mark V. Goloby,0
4487,DEM,Beto O'Rourke,0
4487,GRN,Delilah Barrios,0
4487,LIB,Mark Tippetts,0
4487,REP,Greg Abbott,0
4492,,Jacqueline Abernathy,0
4492,,Mark V. Goloby,0
4492,DEM,Beto O'Rourke,282
4492,GRN,Delilah Barrios,1
4492,LIB,Mark Tippetts,14
4492,REP,Greg Abbott,182
4493,,Jacqueline Abernathy,0
4493,,Mark V. Goloby,0
4493,DEM,Beto O'Rourke,589
4493,GRN,Delilah Barrios,8
4493,LIB,Mark Tippetts,18
4493,REP,Greg Abbott,512
4494,,Jacqueline Abernathy,0
4494,,Mark V. Goloby,0
4494,DEM,Beto O'Rourke,20
4494,GRN,Delilah Barrios,0
4494,LIB,Mark Tippetts,0
4494,REP,Greg Abbott,19
4495,,Jacqueline Abernathy,0
4495,,Mark V. Goloby,0
4495,DEM,Beto O'Rourke,30
4495,GRN,Delilah Barrios,0
4495,LIB,Mark Tippetts,1
4495,REP,Greg Abbott,25
4496,,Jacqueline Abernathy,0
4496,,Mark V. Goloby,0
4496,DEM,Beto O'Rourke,173
4496,GRN,Delilah Barrios,0
4496,LIB,Mark Tippetts,5
4496,REP,Greg Abbott,73
4497,,Jacqueline Abernathy,1
4497,,Mark V. Goloby,0
4497,DEM,Beto O'Rourke,517
4497,GRN,Delilah Barrios,4
4497,LIB,Mark Tippetts,9
4497,REP,Greg Abbott,297
4498,,Jacqueline Abernathy,0
4498,,Mark V. Goloby,0
4498,DEM,Beto O'Rourke,157
4498,GRN,Delilah Barrios,2
4498,LIB,Mark Tippetts,4
4498,REP,Greg Abbott,264
4499,,Jacqueline Abernathy,0
4499,,Mark V. Goloby,0
4499,DEM,Beto O'Rourke,839
4499,GRN,Delilah Barrios,8
4499,LIB,Mark Tippetts,13
4499,REP,Greg Abbott,834
4503,,Jacqueline Abernathy,0
4503,,Mark V. Goloby,0
4503,DEM,Beto O'Rourke,235
4503,GRN,Delilah Barrios,5
4503,LIB,Mark Tippetts,1
4503,REP,Greg Abbott,140
4508,,Jacqueline Abernathy,1
4508,,Mark V. Goloby,0
4508,DEM,Beto O'Rourke,852
4508,GRN,Delilah Barrios,4
4508,LIB,Mark Tippetts,17
4508,REP,Greg Abbott,967
4512,,Jacqueline Abernathy,0
4512,,Mark V. Goloby,0
4512,DEM,Beto O'Rourke,0
4512,GRN,Delilah Barrios,0
4512,LIB,Mark Tippetts,0
4512,REP,Greg Abbott,0
4528,,Jacqueline Abernathy,1
4528,,Mark V. Goloby,0
4528,DEM,Beto O'Rourke,780
4528,GRN,Delilah Barrios,2
4528,LIB,Mark Tippetts,23
4528,REP,Greg Abbott,979
4531,,Jacqueline Abernathy,1
4531,,Mark V. Goloby,0
4531,DEM,Beto O'Rourke,519
4531,GRN,Delilah Barrios,3
4531,LIB,Mark Tippetts,19
4531,REP,Greg Abbott,913
4532,,Jacqueline Abernathy,0
4532,,Mark V. Goloby,0
4532,DEM,Beto O'Rourke,174
4532,GRN,Delilah Barrios,1
4532,LIB,Mark Tippetts,8
4532,REP,Greg Abbott,562
4533,,Jacqueline Abernathy,0
4533,,Mark V. Goloby,0
4533,DEM,Beto O'Rourke,291
4533,GRN,Delilah Barrios,6
4533,LIB,Mark Tippetts,8
4533,REP,Greg Abbott,400
4534,,Jacqueline Abernathy,1
4534,,Mark V. Goloby,0
4534,DEM,Beto O'Rourke,881
4534,GRN,Delilah Barrios,6
4534,LIB,Mark Tippetts,25
4534,REP,Greg Abbott,1162
4540,,Jacqueline Abernathy,0
4540,,Mark V. Goloby,0
4540,DEM,Beto O'Rourke,626
4540,GRN,Delilah Barrios,9
4540,LIB,Mark Tippetts,14
4540,REP,Greg Abbott,783
4551,,Jacqueline Abernathy,0
4551,,Mark V. Goloby,0
4551,DEM,Beto O'Rourke,738
4551,GRN,Delilah Barrios,3
4551,LIB,Mark Tippetts,19
4551,REP,Greg Abbott,1041
4563,,Jacqueline Abernathy,0
4563,,Mark V. Goloby,0
4563,DEM,Beto O'Rourke,0
4563,GRN,Delilah Barrios,0
4563,LIB,Mark Tippetts,0
4563,REP,Greg Abbott,0
4565,,Jacqueline Abernathy,0
4565,,Mark V. Goloby,0
4565,DEM,Beto O'Rourke,2
4565,GRN,Delilah Barrios,0
4565,LIB,Mark Tippetts,0
4565,REP,Greg Abbott,6
4568,,Jacqueline Abernathy,0
4568,,Mark V. Goloby,0
4568,DEM,Beto O'Rourke,7
4568,GRN,Delilah Barrios,0
4568,LIB,Mark Tippetts,1
4568,REP,Greg Abbott,20
4572,,Jacqueline Abernathy,0
4572,,Mark V. Goloby,0
4572,DEM,Beto O'Rourke,14
4572,GRN,Delilah Barrios,0
4572,LIB,Mark Tippetts,0
4572,REP,Greg Abbott,5
4573,,Jacqueline Abernathy,0
4573,,Mark V. Goloby,0
4573,DEM,Beto O'Rourke,0
4573,GRN,Delilah Barrios,0
4573,LIB,Mark Tippetts,0
4573,REP,Greg Abbott,0
4587,,Jacqueline Abernathy,0
4587,,Mark V. Goloby,0
4587,DEM,Beto O'Rourke,63
4587,GRN,Delilah Barrios,0
4587,LIB,Mark Tippetts,0
4587,REP,Greg Abbott,6
4588,,Jacqueline Abernathy,0
4588,,Mark V. Goloby,0
4588,DEM,Beto O'Rourke,930
4588,GRN,Delilah Barrios,5
4588,LIB,Mark Tippetts,35
4588,REP,Greg Abbott,1242
4591,,Jacqueline Abernathy,0
4591,,Mark V. Goloby,0
4591,DEM,Beto O'Rourke,768
4591,GRN,Delilah Barrios,3
4591,LIB,Mark Tippetts,16
4591,REP,Greg Abbott,756
4592,,Jacqueline Abernathy,0
4592,,Mark V. Goloby,0
4592,DEM,Beto O'Rourke,0
4592,GRN,Delilah Barrios,0
4592,LIB,Mark Tippetts,0
4592,REP,Greg Abbott,0
4593,,Jacqueline Abernathy,0
4593,,Mark V. Goloby,0
4593,DEM,Beto O'Rourke,98
4593,GRN,Delilah Barrios,1
4593,LIB,Mark Tippetts,2
4593,REP,Greg Abbott,88
4595,,Jacqueline Abernathy,0
4595,,Mark V. Goloby,0
4595,DEM,Beto O'Rourke,12
4595,GRN,Delilah Barrios,0
4595,LIB,Mark Tippetts,0
4595,REP,Greg Abbott,15
4596,,Jacqueline Abernathy,0
4596,,Mark V. Goloby,0
4596,DEM,Beto O'Rourke,33
4596,GRN,Delilah Barrios,0
4596,LIB,Mark Tippetts,0
4596,REP,Greg Abbott,15
4598,,Jacqueline Abernathy,0
4598,,Mark V. Goloby,0
4598,DEM,Beto O'Rourke,0
4598,GRN,Delilah Barrios,0
4598,LIB,Mark Tippetts,0
4598,REP,Greg Abbott,0
4599,,Jacqueline Abernathy,0
4599,,Mark V. Goloby,1
4599,DEM,Beto O'Rourke,601
4599,GRN,Delilah Barrios,2
4599,LIB,Mark Tippetts,16
4599,REP,Greg Abbott,788
4602,,Jacqueline Abernathy,0
4602,,Mark V. Goloby,0
4602,DEM,Beto O'Rourke,0
4602,GRN,Delilah Barrios,0
4602,LIB,Mark Tippetts,0
4602,REP,Greg Abbott,0
4604,,Jacqueline Abernathy,0
4604,,Mark V. Goloby,0
4604,DEM,Beto O'Rourke,0
4604,GRN,Delilah Barrios,0
4604,LIB,Mark Tippetts,0
4604,REP,Greg Abbott,1
4615,,Jacqueline Abernathy,0
4615,,Mark V. Goloby,0
4615,DEM,Beto O'Rourke,0
4615,GRN,Delilah Barrios,0
4615,LIB,Mark Tippetts,0
4615,REP,Greg Abbott,0
4620,,Jacqueline Abernathy,0
4620,,Mark V. Goloby,0
4620,DEM,Beto O'Rourke,10
4620,GRN,Delilah Barrios,0
4620,LIB,Mark Tippetts,0
4620,REP,Greg Abbott,5
4629,,Jacqueline Abernathy,0
4629,,Mark V. Goloby,0
4629,DEM,Beto O'Rourke,0
4629,GRN,Delilah Barrios,0
4629,LIB,Mark Tippetts,0
4629,REP,Greg Abbott,0
4630,,Jacqueline Abernathy,0
4630,,Mark V. Goloby,0
4630,DEM,Beto O'Rourke,0
4630,GRN,Delilah Barrios,0
4630,LIB,Mark Tippetts,0
4630,REP,Greg Abbott,0
4632,,Jacqueline Abernathy,0
4632,,Mark V. Goloby,0
4632,DEM,Beto O'Rourke,0
4632,GRN,Delilah Barrios,0
4632,LIB,Mark Tippetts,0
4632,REP,Greg Abbott,0
4634,,Jacqueline Abernathy,1
4634,,Mark V. Goloby,0
4634,DEM,Beto O'Rourke,349
4634,GRN,Delilah Barrios,1
4634,LIB,Mark Tippetts,3
4634,REP,Greg Abbott,215
4638,,Jacqueline Abernathy,0
4638,,Mark V. Goloby,0
4638,DEM,Beto O'Rourke,835
4638,GRN,Delilah Barrios,8
4638,LIB,Mark Tippetts,24
4638,REP,Greg Abbott,951
4640,,Jacqueline Abernathy,0
4640,,Mark V. Goloby,0
4640,DEM,Beto O'Rourke,198
4640,GRN,Delilah Barrios,4
4640,LIB,Mark Tippetts,3
4640,REP,Greg Abbott,111
4649,,Jacqueline Abernathy,0
4649,,Mark V. Goloby,0
4649,DEM,Beto O'Rourke,517
4649,GRN,Delilah Barrios,7
4649,LIB,Mark Tippetts,21
4649,REP,Greg Abbott,978
4650,,Jacqueline Abernathy,1
4650,,Mark V. Goloby,0
4650,DEM,Beto O'Rourke,778
4650,GRN,Delilah Barrios,7
4650,LIB,Mark Tippetts,20
4650,REP,Greg Abbott,888
4666,,Jacqueline Abernathy,0
4666,,Mark V. Goloby,0
4666,DEM,Beto O'Rourke,0
4666,GRN,Delilah Barrios,0
4666,LIB,Mark Tippetts,0
4666,REP,Greg Abbott,0
4682,,Jacqueline Abernathy,0
4682,,Mark V. Goloby,0
4682,DEM,Beto O'Rourke,85
4682,GRN,Delilah Barrios,1
4682,LIB,Mark Tippetts,0
4682,REP,Greg Abbott,53
4683,,Jacqueline Abernathy,0
4683,,Mark V. Goloby,0
4683,DEM,Beto O'Rourke,0
4683,GRN,Delilah Barrios,0
4683,LIB,Mark Tippetts,0
4683,REP,Greg Abbott,0
4685,,Jacqueline Abernathy,0
4685,,Mark V. Goloby,0
4685,DEM,Beto O'Rourke,0
4685,GRN,Delilah Barrios,0
4685,LIB,Mark Tippetts,0
4685,REP,Greg Abbott,0
4686,,Jacqueline Abernathy,0
4686,,Mark V. Goloby,0
4686,DEM,Beto O'Rourke,0
4686,GRN,Delilah Barrios,0
4686,LIB,Mark Tippetts,0
4686,REP,Greg Abbott,0
4687,,Jacqueline Abernathy,0
4687,,Mark V. Goloby,0
4687,DEM,Beto O'Rourke,46
4687,GRN,Delilah Barrios,0
4687,LIB,Mark Tippetts,1
4687,REP,Greg Abbott,19
4689,,Jacqueline Abernathy,0
4689,,Mark V. Goloby,0
4689,DEM,Beto O'Rourke,33
4689,GRN,Delilah Barrios,0
4689,LIB,Mark Tippetts,0
4689,REP,Greg Abbott,38
4694,,Jacqueline Abernathy,0
4694,,Mark V. Goloby,0
4694,DEM,Beto O'Rourke,547
4694,GRN,Delilah Barrios,0
4694,LIB,Mark Tippetts,5
4694,REP,Greg Abbott,656
4702,,Jacqueline Abernathy,0
4702,,Mark V. Goloby,0
4702,DEM,Beto O'Rourke,354
4702,GRN,Delilah Barrios,1
4702,LIB,Mark Tippetts,6
4702,REP,Greg Abbott,443
4703,,Jacqueline Abernathy,0
4703,,Mark V. Goloby,0
4703,DEM,Beto O'Rourke,576
4703,GRN,Delilah Barrios,4
4703,LIB,Mark Tippetts,8
4703,REP,Greg Abbott,502
4705,,Jacqueline Abernathy,0
4705,,Mark V. Goloby,0
4705,DEM,Beto O'Rourke,510
4705,GRN,Delilah Barrios,3
4705,LIB,Mark Tippetts,7
4705,REP,Greg Abbott,578
4707,,Jacqueline Abernathy,0
4707,,Mark V. Goloby,0
4707,DEM,Beto O'Rourke,334
4707,GRN,Delilah Barrios,2
4707,LIB,Mark Tippetts,6
4707,REP,Greg Abbott,232
4711,,Jacqueline Abernathy,1
4711,,Mark V. Goloby,0
4711,DEM,Beto O'Rourke,429
4711,GRN,Delilah Barrios,2
4711,LIB,Mark Tippetts,6
4711,REP,Greg Abbott,562
4713,,Jacqueline Abernathy,1
4713,,Mark V. Goloby,0
4713,DEM,Beto O'Rourke,718
4713,GRN,Delilah Barrios,4
4713,LIB,Mark Tippetts,22
4713,REP,Greg Abbott,859
4724,,Jacqueline Abernathy,0
4724,,Mark V. Goloby,0
4724,DEM,Beto O'Rourke,99
4724,GRN,Delilah Barrios,0
4724,LIB,Mark Tippetts,4
4724,REP,Greg Abbott,435
4730,,Jacqueline Abernathy,0
4730,,Mark V. Goloby,0
4730,DEM,Beto O'Rourke,632
4730,GRN,Delilah Barrios,4
4730,LIB,Mark Tippetts,15
4730,REP,Greg Abbott,1014
4733,,Jacqueline Abernathy,0
4733,,Mark V. Goloby,0
4733,DEM,Beto O'Rourke,477
4733,GRN,Delilah Barrios,4
4733,LIB,Mark Tippetts,9
4733,REP,Greg Abbott,464
4736,,Jacqueline Abernathy,0
4736,,Mark V. Goloby,0
4736,DEM,Beto O'Rourke,229
4736,GRN,Delilah Barrios,3
4736,LIB,Mark Tippetts,8
4736,REP,Greg Abbott,670
4737,,Jacqueline Abernathy,0
4737,,Mark V. Goloby,0
4737,DEM,Beto O'Rourke,331
4737,GRN,Delilah Barrios,2
4737,LIB,Mark Tippetts,15
4737,REP,Greg Abbott,399
4820,,Jacqueline Abernathy,0
4820,,Mark V. Goloby,0
4820,DEM,Beto O'Rourke,0
4820,GRN,Delilah Barrios,0
4820,LIB,Mark Tippetts,0
4820,REP,Greg Abbott,0
