{"type":"FeatureCollection","features":[{"type":"Feature","properties":{"PRECINCT":"dallas:1048","COUNTY":"Dallas"},"geometry":{"type":"Polygon","coordinates":[[[-96.68322,32.86414],[-96.68316,32.85569],[-96.68855,32.85583],[-96.68971,32.8555],[-96.68862,32.85257],[-96.69074,32.85255],[-96.69349,32.85108],[-96.69428,32.85108],[-96.69638,32.85171],[-96.6996,32.85115],[-96.70121,32.85254],[-96.70125,32.85335],[-96.70066,32.85433],[-96.70093,32.85603],[-96.70026,32.85845],[-96.70041,32.85926],[-96.70106,32.86048],[-96.70092,32.86178],[-96.69955,32.8633],[-96.69911,32.86416],[-96.68322,32.86414]]]}},{"type":"Feature","properties":{"PRECINCT":"dallas:1050","COUNTY":"Dallas"},"geometry":{"type":"Polygon","coordinates":[[[-96.74003,32.81559],[-96.74071,32.81326],[-96.74369,32.81374],[-96.74397,32.8118],[-96.74929,32.8127],[-96.75114,32.81272],[-96.7511,32.81225],[-96.75138,32.81272],[-96.75169,32.81271],[-96.75177,32.8139],[-96.75219,32.81443],[-96.75115,32.81602],[-96.75025,32.81644],[-96.74385,32.81622],[-96.74003,32.81559]]]}},{"type":"Feature","properties":{"PRECINCT":"dallas:1051","COUNTY":"Dallas"},"geometry":{"type":"Polygon","coordinates":[[[-96.70777,32.83531],[-96.70984,32.83364],[-96.71105,32.83394],[-96.71161,32.83384],[-96.71233,32.83287],[-96.71328,32.8324],[-96.71256,32.83048],[-96.712,32.83],[-96.71071,32.82947],[-96.71035,32.82805],[-96.7098,32.82751],[-96.70657,32.83005],[-96.71484,32.82312],[-96.72011,32.81665],[-96.72174,32.81547],[-96.72384,32.81467],[-96.72621,32.81306],[-96.72631,32.81373],[-96.72355,32.8151],[-96.72336,32.81537],[-96.72243,32.81556],[-96.72218,32.82383],[-96.71978,32.83443],[-96.71545,32.83427],[-96.71305,32.83459],[-96.70712,32.83777],[-96.70715,32.83648],[-96.70777,32.83531]]]}},{"type":"Feature","properties":{"PRECINCT":"dallas:1052","COUNTY":"Dallas"},"geometry":{"type":"Polygon","coordinates":[[[-96.70121,32.85254],[-96.6996,32.85115],[-96.69638,32.85171],[-96.69394,32.85104],[-96.69325,32.85115],[-96.6916,32.85206],[-96.68581,32.84702],[-96.69659,32.83841],[-96.69981,32.83562],[-96.6995,32.83529],[-96.70003,32.83547],[-96.7098,32.82751],[-96.71035,32.82805],[-96.71071,32.82947],[-96.712,32.83],[-96.71256,32.83048],[-96.71328,32.8324],[-96.71233,32.83287],[-96.71161,32.83384],[-96.71105,32.83394],[-96.70984,32.83364],[-96.7093,32.83427],[-96.70853,32.83467],[-96.70777,32.83531],[-96.70726,32.8362],[-96.70712,32.83777],[-96.70502,32.83935],[-96.70481,32.83985],[-96.70507,32.84067],[-96.70437,32.84112],[-96.70409,32.84185],[-96.70476,32.84323],[-96.70493,32.84427],[-96.70479,32.84463],[-96.70418,32.84504],[-96.70427,32.84562],[-96.70282,32.84865],[-96.70258,32.85074],[-96.702,32.85108],[-96.70121,32.85254]]]}},{"type":"Feature","properties":{"PRECINCT":"dallas:1059","COUNTY":"Dallas"},"geometry":{"type":"Polygon","coordinates":[[[-96.68448,32.84424],[-96.69703,32.82148],[-96.69871,32.81956],[-96.70119,32.82167],[-96.70085,32.8224],[-96.70198,32.82388],[-96.70185,32.82451],[-96.70241,32.82452],[-96.70259,32.8248],[-96.70343,32.82413],[-96.70597,32.82626],[-96.70489,32.8272],[-96.70329,32.82916],[-96.70426,32.82968],[-96.70519,32.8289],[-96.70657,32.83005],[-96.70003,32.83547],[-96.6995,32.83529],[-96.69981,32.83562],[-96.69659,32.83841],[-96.68081,32.85112],[-96.67999,32.85069],[-96.68448,32.84424]]]}},{"type":"Feature","properties":{"PRECINCT":"dallas:1060","COUNTY":"Dallas"},"geometry":{"type":"Polygon","coordinates":[[[-96.70657,32.83005],[-96.70519,32.8289],[-96.70426,32.82968],[-96.70329,32.82916],[-96.70489,32.8272],[-96.70597,32.82626],[-96.70343,32.82413],[-96.70259,32.8248],[-96.70241,32.82452],[-96.70185,32.82451],[-96.70198,32.82388],[-96.70085,32.8224],[-96.70119,32.82167],[-96.69871,32.81956],[-96.69703,32.82148],[-96.69578,32.82386],[-96.69242,32.82084],[-96.6897,32.81741],[-96.69765,32.81334],[-96.7014,32.81195],[-96.70511,32.81522],[-96.71885,32.80601],[-96.72091,32.80505],[-96.72345,32.80447],[-96.72582,32.80438],[-96.72636,32.80756],[-96.72534,32.80993],[-96.72514,32.81095],[-96.72621,32.81306],[-96.72384,32.81467],[-96.72174,32.81547],[-96.72011,32.81665],[-96.7147,32.82326],[-96.70657,32.83005]]]}},{"type":"Feature","properties":{"PRECINCT":"dallas:1061","COUNTY":"Dallas"},"geometry":{"type":"Polygon","coordinates":[[[-96.68834,32.81798],[-96.6897,32.81741],[-96.69242,32.82084],[-96.69578,32.82386],[-96.69053,32.83327],[-96.68422,32.82782],[-96.68386,32.82706],[-96.68403,32.82223],[-96.68448,32.82129],[-96.68447,32.81883],[-96.68834,32.81798]]]}},{"type":"Feature","properties":{"PRECINCT":"dallas:1064","COUNTY":"Dallas"},"geometry":{"type":"Polygon","coordinates":[[[-96.68587,32.81576],[-96.68505,32.81581],[-96.68505,32.81499],[-96.68617,32.81476],[-96.68706,32.81553],[-96.68797,32.8151],[-96.68963,32.81731],[-96.68766,32.81808],[-96.68616,32.81836],[-96.68587,32.81576]]]}},{"type":"Feature","properties":{"PRECINCT":"dallas:1065","COUNTY":"Dallas"},"geometry":{"type":"Polygon","coordinates":[[[-96.68617,32.81476],[-96.68505,32.81499],[-96.68071,32.81502],[-96.67969,32.81495],[-96.67779,32.81424],[-96.66539,32.81417],[-96.66544,32.81098],[-96.66526,32.81095],[-96.6657,32.81],[-96.66536,32.80969],[-96.66542,32.80714],[-96.66829,32.80687],[-96.6736,32.80688],[-96.67384,32.80152],[-96.67456,32.80036],[-96.67439,32.79973],[-96.67402,32.79947],[-96.67429,32.79851],[-96.6809,32.7976],[-96.68227,32.79613],[-96.68193,32.79595],[-96.68241,32.79598],[-96.68316,32.7951],[-96.68351,32.7925],[-96.68037,32.79246],[-96.68031,32.79232],[-96.68502,32.79237],[-96.68465,32.7941],[-96.68285,32.79637],[-96.68257,32.7982],[-96.68194,32.79835],[-96.68217,32.79919],[-96.68254,32.7989],[-96.68245,32.80548],[-96.68289,32.80757],[-96.68361,32.80895],[-96.68797,32.8151],[-96.68699,32.81553],[-96.68617,32.81476]]]}},{"type":"Feature","properties":{"PRECINCT":"dallas:1077","COUNTY":"Dallas"},"geometry":{"type":"Polygon","coordinates":[[[-96.72125,32.80302],[-96.72521,32.80109],[-96.72586,32.80172],[-96.72572,32.80227],[-96.72618,32.80294],[-96.72594,32.80317],[-96.72514,32.80305],[-96.72477,32.8033],[-96.72574,32.80405],[-96.72582,32.80438],[-96.72345,32.80447],[-96.72091,32.80505],[-96.71885,32.80601],[-96.7179,32.80526],[-96.72125,32.80302]]]}},{"type":"Feature","properties":{"PRECINCT":"dallas:1078","COUNTY":"Dallas"},"geometry":{"type":"Polygon","coordinates":[[[-96.7179,32.80526],[-96.71397,32.80189],[-96.71148,32.80391],[-96.70978,32.80233],[-96.70985,32.80043],[-96.71031,32.79967],[-96.71095,32.79924],[-96.71011,32.7985],[-96.71093,32.79814],[-96.71082,32.79734],[-96.71163,32.79626],[-96.71164,32.79587],[-96.71082,32.7956],[-96.71188,32.79456],[-96.71603,32.79511],[-96.72272,32.79478],[-96.72421,32.79458],[-96.72573,32.79404],[-96.72918,32.79211],[-96.72914,32.79296],[-96.73147,32.79295],[-96.72909,32.80166],[-96.72888,32.80429],[-96.72582,32.80438],[-96.72574,32.80405],[-96.72477,32.80337],[-96.72495,32.80308],[-96.72594,32.80317],[-96.72618,32.80294],[-96.72572,32.80227],[-96.72586,32.80172],[-96.72521,32.80109],[-96.7207,32.80332],[-96.7179,32.80526]]]}},{"type":"Feature","properties":{"PRECINCT":"dallas:1079","COUNTY":"Dallas"},"geometry":{"type":"Polygon","coordinates":[[[-96.6972,32.81347],[-96.69659,32.81249],[-96.69533,32.81303],[-96.69319,32.81343],[-96.6911,32.81229],[-96.691,32.81153],[-96.69386,32.81148],[-96.69378,32.81053],[-96.68938,32.81064],[-96.68938,32.80797],[-96.68887,32.8071],[-96.69491,32.80716],[-96.69561,32.80734],[-96.69762,32.80874],[-96.69851,32.80803],[-96.69938,32.80768],[-96.7005,32.80759],[-96.70076,32.80675],[-96.70186,32.80585],[-96.7041,32.80525],[-96.70486,32.80485],[-96.70559,32.80546],[-96.70632,32.80483],[-96.70844,32.8064],[-96.71397,32.80189],[-96.7179,32.80526],[-96.71679,32.80621],[-96.71488,32.8064],[-96.7122,32.8073],[-96.71083,32.80874],[-96.71027,32.81022],[-96.70888,32.81107],[-96.7085,32.81056],[-96.70572,32.80854],[-96.7014,32.81195],[-96.6972,32.81347]]]}},{"type":"Feature","properties":{"PRECINCT":"dallas:1080","COUNTY":"Dallas"},"geometry":{"type":"Polygon","coordinates":[[[-96.6897,32.81741],[-96.68361,32.80895],[-96.68275,32.80714],[-96.68887,32.8071],[-96.68938,32.80797],[-96.68938,32.81064],[-96.69378,32.81053],[-96.69386,32.81148],[-96.691,32.81153],[-96.6911,32.81229],[-96.69319,32.81343],[-96.69533,32.81303],[-96.69659,32.81249],[-96.69726,32.81355],[-96.6897,32.81741]]]}},{"type":"Feature","properties":{"PRECINCT":"dallas:1081","COUNTY":"Dallas"},"geometry":{"type":"Polygon","coordinates":[[[-96.69762,32.80874],[-96.69561,32.80734],[-96.6939,32.80714],[-96.69391,32.80649],[-96.69143,32.80645],[-96.69159,32.80094],[-96.69221,32.80076],[-96.69453,32.79898],[-96.69486,32.79901],[-96.69533,32.79953],[-96.69636,32.79877],[-96.69769,32.79844],[-96.6976,32.79804],[-96.69718,32.79776],[-96.69563,32.79807],[-96.69526,32.79794],[-96.69433,32.79583],[-96.69382,32.79582],[-96.69633,32.79478],[-96.6989,32.79414],[-96.70885,32.79409],[-96.71188,32.79456],[-96.71082,32.7956],[-96.71164,32.79587],[-96.71163,32.79626],[-96.71082,32.79734],[-96.71093,32.79814],[-96.71011,32.7985],[-96.71095,32.79924],[-96.71031,32.79967],[-96.7098,32.80061],[-96.70984,32.80249],[-96.71148,32.80391],[-96.70844,32.8064],[-96.70632,32.80483],[-96.70559,32.80546],[-96.70486,32.80485],[-96.7041,32.80525],[-96.70186,32.80585],[-96.70076,32.80675],[-96.7005,32.80759],[-96.69938,32.80768],[-96.69851,32.80803],[-96.69762,32.80874]]]}},{"type":"Feature","properties":{"PRECINCT":"dallas:1082","COUNTY":"Dallas"},"geometry":{"type":"Polygon","coordinates":[[[-96.71647,32.78291],[-96.72092,32.77901],[-96.72141,32.77909],[-96.72099,32.77882],[-96.72102,32.77855],[-96.72846,32.7778],[-96.72909,32.78336],[-96.72918,32.79211],[-96.72444,32.79429],[-96.71798,32.79486],[-96.71751,32.7941],[-96.71747,32.79356],[-96.71719,32.79354],[-96.71716,32.78384],[-96.71708,32.78337],[-96.71647,32.78291]]]}},{"type":"Feature","properties":{"PRECINCT":"dallas:1083","COUNTY":"Dallas"},"geometry":{"type":"Polygon","coordinates":[[[-96.71288,32.77982],[-96.70898,32.77933],[-96.70596,32.77834],[-96.70601,32.77817],[-96.70819,32.77893],[-96.71153,32.77166],[-96.71007,32.77118],[-96.70907,32.7705],[-96.70856,32.76947],[-96.70928,32.76344],[-96.71147,32.76361],[-96.71483,32.76528],[-96.71493,32.76516],[-96.71637,32.76555],[-96.72166,32.76608],[-96.73093,32.76639],[-96.72947,32.76917],[-96.72892,32.77555],[-96.72876,32.77632],[-96.72813,32.7771],[-96.72817,32.77777],[-96.72846,32.7778],[-96.72102,32.77855],[-96.72099,32.77882],[-96.72141,32.77909],[-96.72079,32.77906],[-96.71647,32.78291],[-96.71288,32.77982]]]}},{"type":"Feature","properties":{"PRECINCT":"dallas:1084","COUNTY":"Dallas"},"geometry":{"type":"Polygon","coordinates":[[[-96.71603,32.79511],[-96.70885,32.79409],[-96.70002,32.79408],[-96.70025,32.78415],[-96.70005,32.77804],[-96.70511,32.77807],[-96.70898,32.77933],[-96.71245,32.77964],[-96.71708,32.78337],[-96.71719,32.79354],[-96.71747,32.79356],[-96.71751,32.7941],[-96.71798,32.79486],[-96.72385,32.79443],[-96.72749,32.79298],[-96.72573,32.79404],[-96.72351,32.79469],[-96.71603,32.79511]]]}},{"type":"Feature","properties":{"PRECINCT":"dallas:1085","COUNTY":"Dallas"},"geometry":{"type":"Polygon","coordinates":[[[-96.70819,32.77893],[-96.70494,32.77805],[-96.70005,32.77804],[-96.70007,32.76818],[-96.7007,32.76642],[-96.70081,32.76351],[-96.70552,32.76331],[-96.70928,32.76344],[-96.70856,32.76947],[-96.70907,32.7705],[-96.71007,32.77118],[-96.71153,32.77166],[-96.70819,32.77893]]]}},{"type":"Feature","properties":{"PRECINCT":"dallas:1086","COUNTY":"Dallas"},"geometry":{"type":"Polygon","coordinates":[[[-96.68887,32.8071],[-96.68895,32.80465],[-96.68825,32.80321],[-96.68821,32.80015],[-96.68994,32.80016],[-96.69094,32.79944],[-96.69271,32.79944],[-96.69271,32.79782],[-96.69201,32.79576],[-96.69786,32.79429],[-96.69382,32.79582],[-96.69433,32.79583],[-96.69526,32.79794],[-96.69563,32.79807],[-96.69718,32.79776],[-96.6976,32.79804],[-96.69769,32.79844],[-96.69636,32.79877],[-96.69533,32.79953],[-96.69486,32.79901],[-96.69453,32.79898],[-96.69221,32.80076],[-96.69159,32.80094],[-96.69143,32.80645],[-96.69391,32.80649],[-96.6939,32.80714],[-96.68887,32.8071]]]}},{"type":"Feature","properties":{"PRECINCT":"dallas:1087","COUNTY":"Dallas"},"geometry":{"type":"Polygon","coordinates":[[[-96.67715,32.79227],[-96.67714,32.79177],[-96.67337,32.79173],[-96.67337,32.78758],[-96.67157,32.78645],[-96.66989,32.78457],[-96.67106,32.78438],[-96.67076,32.7831],[-96.66855,32.78332],[-96.66854,32.78286],[-96.66779,32.78305],[-96.666,32.78124],[-96.66537,32.77958],[-96.66318,32.77952],[-96.66203,32.77839],[-96.6632,32.77789],[-96.66526,32.77786],[-96.70005,32.77804],[-96.70025,32.78415],[-96.70008,32.79197],[-96.69426,32.79257],[-96.67715,32.79227]]]}},{"type":"Feature","properties":{"PRECINCT":"dallas:1088","COUNTY":"Dallas"},"geometry":{"type":"Polygon","coordinates":[[[-96.68258,32.778],[-96.68269,32.77294],[-96.68826,32.77317],[-96.68908,32.7724],[-96.68936,32.7709],[-96.67974,32.76916],[-96.66978,32.76846],[-96.66905,32.76674],[-96.66902,32.76565],[-96.6683,32.76543],[-96.66867,32.76464],[-96.66851,32.76369],[-96.66912,32.76347],[-96.67562,32.7635],[-96.67639,32.76332],[-96.68798,32.7634],[-96.69001,32.76301],[-96.68998,32.76316],[-96.69111,32.7631],[-96.69328,32.76343],[-96.70058,32.76351],[-96.7007,32.76642],[-96.70033,32.76723],[-96.70002,32.76721],[-96.70005,32.77804],[-96.68258,32.778]]]}},{"type":"Feature","properties":{"PRECINCT":"dallas:1089","COUNTY":"Dallas"},"geometry":{"type":"Polygon","coordinates":[[[-96.66203,32.77839],[-96.64438,32.76341],[-96.64401,32.76237],[-96.64916,32.76219],[-96.65493,32.76226],[-96.65654,32.76271],[-96.65681,32.76285],[-96.65683,32.7683],[-96.66973,32.76832],[-96.67023,32.7695],[-96.66993,32.76995],[-96.66919,32.77028],[-96.66917,32.77055],[-96.66942,32.77075],[-96.6712,32.7706],[-96.67233,32.77155],[-96.67233,32.77322],[-96.67275,32.77336],[-96.67293,32.77376],[-96.67297,32.7741],[-96.67267,32.77441],[-96.67317,32.77528],[-96.67312,32.77606],[-96.67379,32.77627],[-96.67449,32.77788],[-96.6632,32.77789],[-96.66203,32.77839]]]}},{"type":"Feature","properties":{"PRECINCT":"dallas:1091","COUNTY":"Dallas"},"geometry":{"type":"Polygon","coordinates":[[[-96.66918,32.7634],[-96.66909,32.76281],[-96.6682,32.76279],[-96.66822,32.76212],[-96.6676,32.76177],[-96.66864,32.76078],[-96.66854,32.76029],[-96.6679,32.75987],[-96.66787,32.7588],[-96.66831,32.7577],[-96.66752,32.75746],[-96.66731,32.7559],[-96.66599,32.75412],[-96.66563,32.75305],[-96.6642,32.753],[-96.66399,32.75244],[-96.66303,32.75152],[-96.66279,32.75167],[-96.66253,32.75282],[-96.66149,32.75278],[-96.66084,32.7524],[-96.66193,32.75006],[-96.66182,32.74877],[-96.66564,32.74875],[-96.66496,32.75152],[-96.66755,32.7515],[-96.66758,32.75327],[-96.67015,32.7528],[-96.66978,32.75204],[-96.66982,32.74874],[-96.68006,32.74886],[-96.68009,32.75],[-96.68296,32.75005],[-96.68286,32.7602],[-96.68003,32.76022],[-96.67996,32.76338],[-96.66918,32.7634]]]}},{"type":"Feature","properties":{"PRECINCT":"dallas:1092","COUNTY":"Dallas"},"geometry":{"type":"Polygon","coordinates":[[[-96.65681,32.76285],[-96.65493,32.76226],[-96.64821,32.7622],[-96.6484,32.74884],[-96.66182,32.74877],[-96.66193,32.75006],[-96.66098,32.75175],[-96.66091,32.75251],[-96.66174,32.75283],[-96.66253,32.75282],[-96.66297,32.75152],[-96.66399,32.75244],[-96.6642,32.753],[-96.66559,32.753],[-96.66606,32.75425],[-96.66731,32.7559],[-96.66752,32.75746],[-96.66831,32.7577],[-96.66787,32.7588],[-96.6679,32.75987],[-96.66854,32.76029],[-96.66864,32.76078],[-96.6676,32.76177],[-96.66822,32.76212],[-96.6682,32.76279],[-96.66885,32.76271],[-96.66914,32.76288],[-96.66915,32.76345],[-96.66848,32.76374],[-96.66867,32.76464],[-96.66829,32.76538],[-96.66902,32.76565],[-96.66905,32.76674],[-96.66973,32.76832],[-96.65683,32.7683],[-96.65681,32.76285]]]}},{"type":"Feature","properties":{"PRECINCT":"dallas:1093","COUNTY":"Dallas"},"geometry":{"type":"Polygon","coordinates":[[[-96.63927,32.75573],[-96.63927,32.74875],[-96.6484,32.74884],[-96.64821,32.7622],[-96.64401,32.76237],[-96.64315,32.75911],[-96.63927,32.75573]]]}},{"type":"Feature","properties":{"PRECINCT":"dallas:1094","COUNTY":"Dallas"},"geometry":{"type":"Polygon","coordinates":[[[-96.70421,32.74915],[-96.70028,32.74901],[-96.7001,32.74862],[-96.70008,32.73442],[-96.71033,32.73443],[-96.71055,32.73785],[-96.71016,32.7394],[-96.70651,32.74493],[-96.70421,32.74915]]]}},{"type":"Feature","properties":{"PRECINCT":"dallas:1100","COUNTY":"Dallas"},"geometry":{"type":"Polygon","coordinates":[[[-96.71342,32.73241],[-96.71224,32.73229],[-96.70595,32.72792],[-96.7061,32.72444],[-96.70496,32.72444],[-96.70497,32.72227],[-96.70031,32.72234],[-96.70019,32.7132],[-96.70719,32.71277],[-96.71733,32.7127],[-96.71727,32.71784],[-96.71773,32.71925],[-96.71778,32.72043],[-96.71759,32.73357],[-96.71526,32.73566],[-96.7175,32.73789],[-96.71729,32.73802],[-96.71294,32.73389],[-96.71425,32.73308],[-96.71342,32.73241]]]}},{"type":"Feature","properties":{"PRECINCT":"dallas:1113","COUNTY":"Dallas"},"geometry":{"type":"Polygon","coordinates":[[[-96.73095,32.76634],[-96.72166,32.76608],[-96.71637,32.76555],[-96.71493,32.76516],[-96.71483,32.76528],[-96.71225,32.76389],[-96.71052,32.76346],[-96.70552,32.76331],[-96.70081,32.76351],[-96.70083,32.7654],[-96.70059,32.76533],[-96.70056,32.76204],[-96.70169,32.7598],[-96.70181,32.75536],[-96.70144,32.75079],[-96.70028,32.74901],[-96.70421,32.74915],[-96.70488,32.74764],[-96.71045,32.73872],[-96.71033,32.73443],[-96.71271,32.73453],[-96.71515,32.73609],[-96.73808,32.75544],[-96.73641,32.75543],[-96.73671,32.75613],[-96.73581,32.75602],[-96.73599,32.75662],[-96.73553,32.75682],[-96.73547,32.75723],[-96.73503,32.75705],[-96.73465,32.7572],[-96.73445,32.75689],[-96.73399,32.75687],[-96.73379,32.7572],[-96.73431,32.75743],[-96.73435,32.7578],[-96.73353,32.75772],[-96.73215,32.75861],[-96.73208,32.75956],[-96.73278,32.76036],[-96.7324,32.7609],[-96.73181,32.76107],[-96.73176,32.76158],[-96.72969,32.76392],[-96.72978,32.76513],[-96.73086,32.76588],[-96.73095,32.76634]]]}},{"type":"Feature","properties":{"PRECINCT":"dallas:1114","COUNTY":"Dallas"},"geometry":{"type":"Polygon","coordinates":[[[-96.68245,32.80548],[-96.68254,32.7989],[-96.68217,32.79919],[-96.68194,32.79835],[-96.68257,32.7982],[-96.68285,32.79637],[-96.68465,32.7941],[-96.68502,32.79237],[-96.69474,32.79256],[-96.70008,32.79197],[-96.70002,32.79408],[-96.69742,32.79438],[-96.69201,32.79576],[-96.69271,32.79782],[-96.69271,32.79944],[-96.69094,32.79944],[-96.68994,32.80016],[-96.68821,32.80015],[-96.68825,32.80321],[-96.68895,32.80465],[-96.68887,32.8071],[-96.68275,32.80714],[-96.68245,32.80548]]]}},{"type":"Feature","properties":{"PRECINCT":"dallas:1133","COUNTY":"Dallas"},"geometry":{"type":"Polygon","coordinates":[[[-96.7014,32.81195],[-96.70572,32.80854],[-96.7085,32.81056],[-96.70888,32.81107],[-96.71027,32.81022],[-96.71083,32.80874],[-96.71241,32.80718],[-96.71488,32.8064],[-96.71679,32.80621],[-96.7179,32.80526],[-96.71885,32.80601],[-96.70511,32.81522],[-96.7014,32.81195]]]}},{"type":"Feature","properties":{"PRECINCT":"dallas:1134","COUNTY":"Dallas"},"geometry":{"type":"Polygon","coordinates":[[[-96.67275,32.77336],[-96.67235,32.7733],[-96.67233,32.77155],[-96.67128,32.77066],[-96.66922,32.77065],[-96.66919,32.77028],[-96.66993,32.76995],[-96.67023,32.7695],[-96.66978,32.76846],[-96.67974,32.76916],[-96.68936,32.7709],[-96.68908,32.7724],[-96.68826,32.77317],[-96.68269,32.77294],[-96.68258,32.778],[-96.67449,32.77788],[-96.67379,32.77627],[-96.67315,32.77615],[-96.67317,32.77528],[-96.67267,32.77441],[-96.67297,32.7741],[-96.67275,32.77336]]]}},{"type":"Feature","properties":{"PRECINCT":"dallas:1140","COUNTY":"Dallas"},"geometry":{"type":"Polygon","coordinates":[[[-96.67728,32.69071],[-96.67767,32.68945],[-96.67843,32.6907],[-96.67728,32.69071]]]}},{"type":"Feature","properties":{"PRECINCT":"dallas:1148","COUNTY":"Dallas"},"geometry":{"type":"Polygon","coordinates":[[[-96.70007,32.76818],[-96.70002,32.76721],[-96.70033,32.76723],[-96.70007,32.76818]]]}},{"type":"Feature","properties":{"PRECINCT":"dallas:1173","COUNTY":"Dallas"},"geometry":{"type":"Polygon","coordinates":[[[-96.70409,32.84173],[-96.70437,32.84112],[-96.70507,32.84067],[-96.70481,32.83985],[-96.70539,32.83892],[-96.70892,32.83668],[-96.71305,32.83459],[-96.71545,32.83427],[-96.71978,32.83443],[-96.71989,32.8381],[-96.72434,32.84692],[-96.72416,32.85138],[-96.72326,32.85267],[-96.7219,32.85265],[-96.72243,32.8516],[-96.72202,32.85089],[-96.72088,32.85057],[-96.71864,32.85041],[-96.71678,32.84922],[-96.71656,32.84771],[-96.71712,32.84589],[-96.71849,32.84308],[-96.71821,32.84257],[-96.71685,32.8419],[-96.71565,32.84187],[-96.71553,32.84268],[-96.71456,32.8441],[-96.70236,32.85432],[-96.70126,32.85242],[-96.702,32.85108],[-96.70258,32.85074],[-96.70282,32.84865],[-96.70427,32.84562],[-96.70418,32.84504],[-96.7049,32.8444],[-96.70481,32.84338],[-96.70422,32.84243],[-96.70409,32.84173]]]}},{"type":"Feature","properties":{"PRECINCT":"dallas:1174","COUNTY":"Dallas"},"geometry":{"type":"Polygon","coordinates":[[[-96.69911,32.86416],[-96.69955,32.8633],[-96.70095,32.86165],[-96.70106,32.86048],[-96.70041,32.85926],[-96.70026,32.85845],[-96.70093,32.85603],[-96.70066,32.85433],[-96.70125,32.85335],[-96.70107,32.85268],[-96.70126,32.85242],[-96.70236,32.85432],[-96.71456,32.8441],[-96.71553,32.84268],[-96.71565,32.84187],[-96.71685,32.8419],[-96.71821,32.84257],[-96.71849,32.84308],[-96.71712,32.84589],[-96.71656,32.84771],[-96.71653,32.84838],[-96.71689,32.84935],[-96.71864,32.85041],[-96.72088,32.85057],[-96.72202,32.85089],[-96.72243,32.8516],[-96.7219,32.85265],[-96.72617,32.85281],[-96.728,32.85261],[-96.7293,32.85221],[-96.72934,32.85354],[-96.73141,32.85545],[-96.7331,32.85483],[-96.73316,32.855],[-96.71309,32.86394],[-96.71148,32.8642],[-96.69911,32.86416]]]}},{"type":"Feature","properties":{"PRECINCT":"dallas:1176","COUNTY":"Dallas"},"geometry":{"type":"Polygon","coordinates":[[[-96.68616,32.81836],[-96.6897,32.81741],[-96.68784,32.81815],[-96.6862,32.81851],[-96.68616,32.81836]]]}},{"type":"Feature","properties":{"PRECINCT":"dallas:1303","COUNTY":"Dallas"},"geometry":{"type":"Polygon","coordinates":[[[-96.67404,32.80095],[-96.6736,32.80688],[-96.66829,32.80687],[-96.66847,32.80496],[-96.66819,32.8037],[-96.67404,32.80095]]]}},{"type":"Feature","properties":{"PRECINCT":"dallas:1307","COUNTY":"Dallas"},"geometry":{"type":"Polygon","coordinates":[[[-96.6683,32.79722],[-96.66859,32.785],[-96.66836,32.78402],[-96.66779,32.78305],[-96.66854,32.78286],[-96.66855,32.78332],[-96.67076,32.7831],[-96.67106,32.78438],[-96.66989,32.78457],[-96.67157,32.78645],[-96.67337,32.78758],[-96.67337,32.79173],[-96.67714,32.79177],[-96.67715,32.79227],[-96.68351,32.7925],[-96.68316,32.7951],[-96.68241,32.79598],[-96.68193,32.79595],[-96.68227,32.79613],[-96.6809,32.7976],[-96.67429,32.79851],[-96.67415,32.799],[-96.6683,32.79722]]]}},{"type":"Feature","properties":{"PRECINCT":"dallas:1309","COUNTY":"Dallas"},"geometry":{"type":"Polygon","coordinates":[[[-96.66828,32.79223],[-96.6683,32.79722],[-96.6558,32.79319],[-96.65585,32.79218],[-96.66828,32.79223]]]}},{"type":"Feature","properties":{"PRECINCT":"dallas:1323","COUNTY":"Dallas"},"geometry":{"type":"Polygon","coordinates":[[[-96.66829,32.8017],[-96.6683,32.79722],[-96.67415,32.799],[-96.67402,32.79947],[-96.67457,32.80005],[-96.67417,32.80088],[-96.66819,32.8037],[-96.66798,32.80278],[-96.66829,32.8017]]]}},{"type":"Feature","properties":{"PRECINCT":"dallas:2081","COUNTY":"Dallas"},"geometry":{"type":"Polygon","coordinates":[[[-96.72914,32.79296],[-96.72909,32.78369],[-96.73749,32.78377],[-96.73742,32.78552],[-96.74313,32.78548],[-96.74305,32.79093],[-96.74648,32.791],[-96.74647,32.7915],[-96.73739,32.79178],[-96.73738,32.79297],[-96.72914,32.79296]]]}},{"type":"Feature","properties":{"PRECINCT":"dallas:2082","COUNTY":"Dallas"},"geometry":{"type":"Polygon","coordinates":[[[-96.76071,32.80495],[-96.75478,32.79962],[-96.75431,32.79924],[-96.75388,32.79941],[-96.74737,32.79373],[-96.74999,32.79135],[-96.75619,32.79108],[-96.75594,32.79089],[-96.7563,32.79086],[-96.75879,32.79097],[-96.76931,32.80013],[-96.76451,32.80412],[-96.76326,32.80299],[-96.76071,32.80495]]]}},{"type":"Feature","properties":{"PRECINCT":"dallas:2083","COUNTY":"Dallas"},"geometry":{"type":"Polygon","coordinates":[[[-96.77472,32.82023],[-96.77471,32.81724],[-96.77019,32.81737],[-96.77019,32.80761],[-96.78467,32.82021],[-96.77472,32.82023]]]}},{"type":"Feature","properties":{"PRECINCT":"dallas:2084","COUNTY":"Dallas"},"geometry":{"type":"Polygon","coordinates":[[[-96.77652,32.79644],[-96.77818,32.79507],[-96.78107,32.79756],[-96.77629,32.80153],[-96.77511,32.80047],[-96.77818,32.79787],[-96.77652,32.79644]]]}},{"type":"Feature","properties":{"PRECINCT":"dallas:2085","COUNTY":"Dallas"},"geometry":{"type":"Polygon","coordinates":[[[-96.76687,32.81267],[-96.76849,32.81271],[-96.76855,32.81114],[-96.77019,32.81114],[-96.77021,32.81388],[-96.76657,32.81385],[-96.76687,32.81267]]]}},{"type":"Feature","properties":{"PRECINCT":"dallas:2086","COUNTY":"Dallas"},"geometry":{"type":"Polygon","coordinates":[[[-96.76157,32.81386],[-96.76189,32.81185],[-96.76114,32.811],[-96.76479,32.80797],[-96.7702,32.80794],[-96.77019,32.81114],[-96.76855,32.81114],[-96.76849,32.81271],[-96.76687,32.81267],[-96.76687,32.81327],[-96.76657,32.81336],[-96.76657,32.81385],[-96.77021,32.81388],[-96.77016,32.82294],[-96.76151,32.82292],[-96.76157,32.81386]]]}},{"type":"Feature","properties":{"PRECINCT":"dallas:2087","COUNTY":"Dallas"},"geometry":{"type":"Polygon","coordinates":[[[-96.75138,32.81272],[-96.75081,32.81203],[-96.74936,32.81164],[-96.74505,32.808],[-96.74739,32.80582],[-96.74916,32.80353],[-96.7507,32.80217],[-96.75101,32.80221],[-96.7517,32.80285],[-96.75199,32.8028],[-96.75352,32.8015],[-96.75385,32.80179],[-96.75561,32.80035],[-96.7645,32.80823],[-96.75913,32.81271],[-96.75518,32.81269],[-96.75467,32.81231],[-96.75423,32.81269],[-96.75138,32.81272]]]}},{"type":"Feature","properties":{"PRECINCT":"dallas:2097","COUNTY":"Dallas"},"geometry":{"type":"Polygon","coordinates":[[[-96.7718,32.78111],[-96.77203,32.7812],[-96.7718,32.78167],[-96.7711,32.78147],[-96.7718,32.78111]]]}},{"type":"Feature","properties":{"PRECINCT":"dallas:2100","COUNTY":"Dallas"},"geometry":{"type":"Polygon","coordinates":[[[-96.81699,32.81423],[-96.81571,32.81321],[-96.81488,32.8139],[-96.81218,32.8118],[-96.81332,32.81089],[-96.81233,32.81013],[-96.81118,32.81101],[-96.80679,32.80753],[-96.81185,32.80329],[-96.81361,32.80474],[-96.81324,32.80506],[-96.81414,32.80586],[-96.81505,32.8051],[-96.81676,32.80654],[-96.81585,32.8073],[-96.81685,32.80806],[-96.81782,32.80728],[-96.81811,32.81095],[-96.81739,32.81593],[-96.81615,32.81493],[-96.81699,32.81423]]]}},{"type":"Feature","properties":{"PRECINCT":"dallas:2103","COUNTY":"Dallas"},"geometry":{"type":"Polygon","coordinates":[[[-96.76829,32.79924],[-96.75879,32.79097],[-96.75735,32.79104],[-96.7576,32.79082],[-96.76059,32.79044],[-96.76269,32.78962],[-96.76679,32.78643],[-96.76842,32.78452],[-96.76881,32.78449],[-96.76989,32.78478],[-96.76847,32.78672],[-96.77327,32.79077],[-96.77238,32.79148],[-96.77398,32.79281],[-96.77312,32.79351],[-96.77415,32.79442],[-96.76829,32.79924]]]}},{"type":"Feature","properties":{"PRECINCT":"dallas:2104","COUNTY":"Dallas"},"geometry":{"type":"Polygon","coordinates":[[[-96.7738,32.79123],[-96.77617,32.78927],[-96.78344,32.79559],[-96.78107,32.79756],[-96.7738,32.79123]]]}},{"type":"Feature","properties":{"PRECINCT":"dallas:2105","COUNTY":"Dallas"},"geometry":{"type":"Polygon","coordinates":[[[-96.7909,32.7841],[-96.79184,32.78497],[-96.79221,32.78583],[-96.79276,32.79238],[-96.7838,32.79989],[-96.78107,32.79756],[-96.78344,32.79559],[-96.77923,32.79194],[-96.78428,32.78776],[-96.78749,32.7856],[-96.7909,32.7841]]]}},{"type":"Feature","properties":{"PRECINCT":"dallas:2106","COUNTY":"Dallas"},"geometry":{"type":"Polygon","coordinates":[[[-96.77923,32.79194],[-96.77617,32.78927],[-96.7738,32.79123],[-96.76847,32.78672],[-96.76989,32.78478],[-96.76881,32.78449],[-96.76964,32.78306],[-96.7711,32.78147],[-96.7718,32.78167],[-96.77197,32.78106],[-96.77511,32.78054],[-96.776,32.78119],[-96.77673,32.7804],[-96.77963,32.78012],[-96.7811,32.7796],[-96.7835,32.77787],[-96.78503,32.77969],[-96.78574,32.77985],[-96.78536,32.78005],[-96.78627,32.7811],[-96.78656,32.78208],[-96.791,32.78407],[-96.78749,32.7856],[-96.78428,32.78776],[-96.77923,32.79194]]]}},{"type":"Feature","properties":{"PRECINCT":"dallas:2107","COUNTY":"Dallas"},"geometry":{"type":"Polygon","coordinates":[[[-96.77238,32.79148],[-96.77327,32.79077],[-96.77584,32.79301],[-96.77415,32.79442],[-96.77312,32.79351],[-96.77398,32.79281],[-96.77238,32.79148]]]}},{"type":"Feature","properties":{"PRECINCT":"dallas:2110","COUNTY":"Dallas"},"geometry":{"type":"Polygon","coordinates":[[[-96.75794,32.7841],[-96.76426,32.78374],[-96.7652,32.78393],[-96.76531,32.78372],[-96.76842,32.78452],[-96.76679,32.78643],[-96.76269,32.78962],[-96.76032,32.7905],[-96.7576,32.79082],[-96.75812,32.79038],[-96.75451,32.78727],[-96.75794,32.7841]]]}},{"type":"Feature","properties":{"PRECINCT":"dallas:2111","COUNTY":"Dallas"},"geometry":{"type":"Polygon","coordinates":[[[-96.81585,32.8073],[-96.81676,32.80654],[-96.81766,32.80738],[-96.81685,32.80806],[-96.81585,32.8073]]]}},{"type":"Feature","properties":{"PRECINCT":"dallas:2112","COUNTY":"Dallas"},"geometry":{"type":"Polygon","coordinates":[[[-96.81488,32.8139],[-96.81571,32.81321],[-96.81699,32.81423],[-96.81615,32.81493],[-96.81488,32.8139]]]}},{"type":"Feature","properties":{"PRECINCT":"dallas:2113","COUNTY":"Dallas"},"geometry":{"type":"Polygon","coordinates":[[[-96.81118,32.81101],[-96.81233,32.81013],[-96.81332,32.81089],[-96.81218,32.8118],[-96.81118,32.81101]]]}},{"type":"Feature","properties":{"PRECINCT":"dallas:2115","COUNTY":"Dallas"},"geometry":{"type":"Polygon","coordinates":[[[-96.81767,32.80737],[-96.81505,32.8051],[-96.81414,32.80586],[-96.81324,32.80506],[-96.81361,32.80474],[-96.81185,32.80329],[-96.81009,32.80478],[-96.80897,32.80378],[-96.8107,32.80232],[-96.80868,32.80064],[-96.81245,32.79832],[-96.81325,32.79738],[-96.81561,32.79879],[-96.81782,32.80728],[-96.81767,32.80737]]]}},{"type":"Feature","properties":{"PRECINCT":"dallas:2116","COUNTY":"Dallas"},"geometry":{"type":"Polygon","coordinates":[[[-96.80574,32.80672],[-96.80762,32.80519],[-96.80857,32.80603],[-96.80679,32.80753],[-96.80574,32.80672]]]}},{"type":"Feature","properties":{"PRECINCT":"dallas:2117","COUNTY":"Dallas"},"geometry":{"type":"Polygon","coordinates":[[[-96.78809,32.80362],[-96.7838,32.79989],[-96.79276,32.79238],[-96.79317,32.79887],[-96.7927,32.79849],[-96.79276,32.80054],[-96.79104,32.80181],[-96.79152,32.80226],[-96.79268,32.80235],[-96.79272,32.80318],[-96.79118,32.80258],[-96.79113,32.80212],[-96.79063,32.80166],[-96.78976,32.80254],[-96.78882,32.80292],[-96.78809,32.80362]]]}},{"type":"Feature","properties":{"PRECINCT":"dallas:2118","COUNTY":"Dallas"},"geometry":{"type":"Polygon","coordinates":[[[-96.74647,32.7915],[-96.74648,32.791],[-96.74305,32.79093],[-96.74313,32.78548],[-96.73742,32.78552],[-96.73749,32.78377],[-96.72909,32.78369],[-96.72846,32.7778],[-96.73124,32.77756],[-96.73489,32.77779],[-96.75462,32.78113],[-96.75489,32.78118],[-96.75482,32.78149],[-96.75652,32.78169],[-96.75851,32.7834],[-96.75893,32.78348],[-96.75871,32.78408],[-96.75797,32.784],[-96.75451,32.78727],[-96.75812,32.79038],[-96.7576,32.79082],[-96.75594,32.79089],[-96.75619,32.79108],[-96.74647,32.7915]]]}},{"type":"Feature","properties":{"PRECINCT":"dallas:2144","COUNTY":"Dallas"},"geometry":{"type":"Polygon","coordinates":[[[-96.77015,32.82348],[-96.77019,32.81737],[-96.77471,32.81724],[-96.77472,32.82023],[-96.78467,32.82021],[-96.78563,32.82174],[-96.78609,32.82208],[-96.78473,32.82351],[-96.77015,32.82348]]]}},{"type":"Feature","properties":{"PRECINCT":"dallas:2145","COUNTY":"Dallas"},"geometry":{"type":"Polygon","coordinates":[[[-96.78332,32.81905],[-96.7723,32.80947],[-96.7763,32.80618],[-96.78683,32.81514],[-96.78633,32.81528],[-96.78332,32.81905]]]}},{"type":"Feature","properties":{"PRECINCT":"dallas:2146","COUNTY":"Dallas"},"geometry":{"type":"Polygon","coordinates":[[[-96.78961,32.81559],[-96.78646,32.81498],[-96.77847,32.80807],[-96.77925,32.80739],[-96.77957,32.80761],[-96.7819,32.80562],[-96.78252,32.8062],[-96.78228,32.80676],[-96.78269,32.8071],[-96.78409,32.80598],[-96.78492,32.8067],[-96.78579,32.80598],[-96.78497,32.80528],[-96.78743,32.80329],[-96.78761,32.80319],[-96.78809,32.80362],[-96.78882,32.80292],[-96.78976,32.80254],[-96.79063,32.80166],[-96.79113,32.80212],[-96.79118,32.80258],[-96.79326,32.80344],[-96.79346,32.80555],[-96.79331,32.80754],[-96.79253,32.80985],[-96.78961,32.81559]]]}},{"type":"Feature","properties":{"PRECINCT":"dallas:2147","COUNTY":"Dallas"},"geometry":{"type":"Polygon","coordinates":[[[-96.76011,32.82309],[-96.7529,32.82296],[-96.75299,32.81544],[-96.75272,32.81482],[-96.7518,32.81399],[-96.75169,32.81271],[-96.75423,32.81269],[-96.75467,32.81231],[-96.75518,32.81269],[-96.75913,32.81271],[-96.76114,32.811],[-96.76188,32.81175],[-96.7619,32.81211],[-96.76155,32.81435],[-96.76155,32.822],[-96.76013,32.82202],[-96.76011,32.82309]]]}},{"type":"Feature","properties":{"PRECINCT":"dallas:2148","COUNTY":"Dallas"},"geometry":{"type":"Polygon","coordinates":[[[-96.76829,32.79924],[-96.77415,32.79442],[-96.77733,32.79713],[-96.77147,32.80202],[-96.76829,32.79924]]]}},{"type":"Feature","properties":{"PRECINCT":"dallas:2149","COUNTY":"Dallas"},"geometry":{"type":"Polygon","coordinates":[[[-96.72582,32.80438],[-96.72888,32.80429],[-96.72909,32.80166],[-96.73147,32.79295],[-96.73513,32.79297],[-96.73533,32.79388],[-96.73704,32.79509],[-96.73767,32.7966],[-96.73842,32.79751],[-96.73973,32.79858],[-96.74092,32.79888],[-96.74776,32.8049],[-96.74704,32.80554],[-96.74716,32.80605],[-96.74505,32.808],[-96.74464,32.80751],[-96.74551,32.8068],[-96.74155,32.80338],[-96.73925,32.80271],[-96.73835,32.80202],[-96.7345,32.80576],[-96.73015,32.81054],[-96.72627,32.81319],[-96.72514,32.81095],[-96.72534,32.80993],[-96.72636,32.80756],[-96.72582,32.80438]]]}},{"type":"Feature","properties":{"PRECINCT":"dallas:2150","COUNTY":"Dallas"},"geometry":{"type":"Polygon","coordinates":[[[-96.74776,32.8049],[-96.74092,32.79888],[-96.73973,32.79858],[-96.73842,32.79751],[-96.73767,32.7966],[-96.73704,32.79509],[-96.73533,32.79388],[-96.73513,32.79297],[-96.73738,32.79297],[-96.73739,32.79178],[-96.74999,32.79135],[-96.74737,32.79373],[-96.75388,32.79941],[-96.75431,32.79924],[-96.75561,32.80035],[-96.75385,32.80179],[-96.75352,32.8015],[-96.75199,32.8028],[-96.7517,32.80285],[-96.75101,32.80221],[-96.7507,32.80217],[-96.74916,32.80353],[-96.74716,32.80605],[-96.74704,32.80554],[-96.74776,32.8049]]]}},{"type":"Feature","properties":{"PRECINCT":"dallas:2151","COUNTY":"Dallas"},"geometry":{"type":"Polygon","coordinates":[[[-96.78633,32.81528],[-96.78706,32.81512],[-96.78961,32.81559],[-96.78609,32.82208],[-96.78563,32.82174],[-96.78467,32.82021],[-96.78332,32.81905],[-96.78633,32.81528]]]}},{"type":"Feature","properties":{"PRECINCT":"dallas:2152","COUNTY":"Dallas"},"geometry":{"type":"Polygon","coordinates":[[[-96.77847,32.80807],[-96.77147,32.80202],[-96.77733,32.79713],[-96.77818,32.79787],[-96.77511,32.80047],[-96.77629,32.80153],[-96.78107,32.79756],[-96.78761,32.80319],[-96.78497,32.80528],[-96.78579,32.80598],[-96.78492,32.8067],[-96.78409,32.80598],[-96.78269,32.8071],[-96.78228,32.80676],[-96.78252,32.8062],[-96.7819,32.80562],[-96.77957,32.80761],[-96.77925,32.80739],[-96.77847,32.80807]]]}},{"type":"Feature","properties":{"PRECINCT":"dallas:2153","COUNTY":"Dallas"},"geometry":{"type":"Polygon","coordinates":[[[-96.7723,32.80947],[-96.77019,32.80761],[-96.7702,32.80794],[-96.76486,32.80794],[-96.7645,32.80823],[-96.76071,32.80495],[-96.76326,32.80299],[-96.76451,32.80412],[-96.76931,32.80013],[-96.7763,32.80618],[-96.7723,32.80947]]]}},{"type":"Feature","properties":{"PRECINCT":"dallas:2154","COUNTY":"Dallas"},"geometry":{"type":"Polygon","coordinates":[[[-96.77415,32.79442],[-96.77584,32.79301],[-96.77818,32.79507],[-96.77652,32.79644],[-96.77415,32.79442]]]}},{"type":"Feature","properties":{"PRECINCT":"dallas:2155","COUNTY":"Dallas"},"geometry":{"type":"Polygon","coordinates":[[[-96.73274,32.8132],[-96.72949,32.8111],[-96.73835,32.80202],[-96.73925,32.80271],[-96.74127,32.80324],[-96.74183,32.8036],[-96.74551,32.8068],[-96.74464,32.80751],[-96.74487,32.80783],[-96.74936,32.81164],[-96.7511,32.81225],[-96.75114,32.81272],[-96.7489,32.81265],[-96.74397,32.8118],[-96.74369,32.81374],[-96.74071,32.81326],[-96.74003,32.81559],[-96.73605,32.8147],[-96.73274,32.8132]]]}},{"type":"Feature","properties":{"PRECINCT":"dallas:3001","COUNTY":"Dallas"},"geometry":{"type":"Polygon","coordinates":[[[-96.89432,32.69525],[-96.89633,32.69422],[-96.89867,32.69405],[-96.89866,32.69271],[-96.90023,32.69282],[-96.90123,32.69484],[-96.90233,32.6948],[-96.90201,32.69371],[-96.90233,32.69192],[-96.90299,32.69122],[-96.90396,32.69126],[-96.90364,32.69259],[-96.90391,32.69481],[-96.90304,32.70512],[-96.89432,32.69525]]]}},{"type":"Feature","properties":{"PRECINCT":"dallas:3002","COUNTY":"Dallas"},"geometry":{"type":"Polygon","coordinates":[[[-96.89132,32.71113],[-96.89132,32.70583],[-96.88285,32.70582],[-96.88281,32.70024],[-96.8913,32.70018],[-96.89108,32.6991],[-96.89147,32.69726],[-96.89147,32.69554],[-96.89357,32.69553],[-96.89432,32.69525],[-96.90304,32.70512],[-96.90249,32.7063],[-96.90102,32.70746],[-96.89514,32.70986],[-96.89132,32.71113]]]}},{"type":"Feature","properties":{"PRECINCT":"dallas:3003","COUNTY":"Dallas"},"geometry":{"type":"Polygon","coordinates":[[[-96.87401,32.69127],[-96.88738,32.69119],[-96.89044,32.69129],[-96.89154,32.69165],[-96.89147,32.69726],[-96.89108,32.6991],[-96.8913,32.70018],[-96.88281,32.70024],[-96.88285,32.70582],[-96.87608,32.70585],[-96.87436,32.70547],[-96.87419,32.70537],[-96.87437,32.69219],[-96.87401,32.69127]]]}},{"type":"Feature","properties":{"PRECINCT":"dallas:3004","COUNTY":"Dallas"},"geometry":{"type":"Polygon","coordinates":[[[-96.85718,32.70569],[-96.85714,32.69123],[-96.87401,32.69127],[-96.87437,32.69219],[-96.87424,32.70438],[-96.87341,32.70435],[-96.87301,32.70388],[-96.873,32.70263],[-96.87254,32.70282],[-96.87018,32.70283],[-96.8702,32.70494],[-96.86093,32.70481],[-96.85861,32.7058],[-96.85718,32.70569]]]}},{"type":"Feature","properties":{"PRECINCT":"dallas:3005","COUNTY":"Dallas"},"geometry":{"type":"Polygon","coordinates":[[[-96.81027,32.79157],[-96.81063,32.79136],[-96.81277,32.79393],[-96.81407,32.79488],[-96.81502,32.79711],[-96.81486,32.7984],[-96.81325,32.79738],[-96.8098,32.79424],[-96.81075,32.79353],[-96.80954,32.7924],[-96.81051,32.79183],[-96.81027,32.79157]]]}},{"type":"Feature","properties":{"PRECINCT":"dallas:3006","COUNTY":"Dallas"},"geometry":{"type":"Polygon","coordinates":[[[-96.80614,32.79528],[-96.80526,32.79521],[-96.80509,32.79304],[-96.80384,32.7932],[-96.80283,32.79299],[-96.8046,32.78742],[-96.80531,32.78682],[-96.80512,32.78664],[-96.80888,32.78331],[-96.80867,32.7872],[-96.81063,32.79136],[-96.81027,32.79157],[-96.81051,32.79183],[-96.80954,32.7924],[-96.81075,32.79353],[-96.8098,32.79424],[-96.80761,32.7923],[-96.80702,32.79287],[-96.80819,32.79393],[-96.80752,32.79449],[-96.81089,32.79747],[-96.81264,32.79817],[-96.80969,32.80002],[-96.80732,32.79796],[-96.80832,32.79711],[-96.80614,32.79528]]]}},{"type":"Feature","properties":{"PRECINCT":"dallas:3007","COUNTY":"Dallas"},"geometry":{"type":"Polygon","coordinates":[[[-96.80532,32.79942],[-96.80371,32.79803],[-96.80349,32.79819],[-96.80139,32.79765],[-96.80227,32.79459],[-96.79917,32.79194],[-96.79868,32.79234],[-96.79834,32.79206],[-96.80118,32.78962],[-96.80097,32.78943],[-96.80155,32.78892],[-96.80179,32.78912],[-96.80327,32.78789],[-96.80238,32.78684],[-96.80396,32.78552],[-96.80361,32.78521],[-96.80402,32.78456],[-96.80698,32.78229],[-96.80564,32.7777],[-96.80647,32.77752],[-96.80818,32.78309],[-96.80802,32.78421],[-96.80512,32.78664],[-96.80531,32.78682],[-96.8046,32.78742],[-96.80283,32.79299],[-96.80384,32.7932],[-96.80509,32.79304],[-96.80526,32.79521],[-96.80614,32.79518],[-96.80832,32.79711],[-96.80732,32.79796],[-96.80969,32.80002],[-96.80599,32.80198],[-96.80532,32.79942]]]}},{"type":"Feature","properties":{"PRECINCT":"dallas:3008","COUNTY":"Dallas"},"geometry":{"type":"Polygon","coordinates":[[[-96.78968,32.78023],[-96.78794,32.77824],[-96.78642,32.77584],[-96.78814,32.77522],[-96.79148,32.7746],[-96.79801,32.7729],[-96.79907,32.77243],[-96.80238,32.76984],[-96.80469,32.76908],[-96.8057,32.76909],[-96.80663,32.76939],[-96.81043,32.77164],[-96.81087,32.77271],[-96.81131,32.77765],[-96.81021,32.77843],[-96.80938,32.77851],[-96.80858,32.77727],[-96.80785,32.77468],[-96.80673,32.77587],[-96.80341,32.7766],[-96.79999,32.77694],[-96.79708,32.77764],[-96.79338,32.77861],[-96.79213,32.77976],[-96.78968,32.78023]]]}},{"type":"Feature","properties":{"PRECINCT":"dallas:3009","COUNTY":"Dallas"},"geometry":{"type":"Polygon","coordinates":[[[-96.74123,32.75816],[-96.72875,32.74744],[-96.72855,32.74751],[-96.72472,32.74423],[-96.72608,32.74493],[-96.7281,32.74547],[-96.74221,32.74723],[-96.74617,32.74732],[-96.74952,32.74771],[-96.74746,32.75034],[-96.74758,32.75054],[-96.74123,32.75816]]]}},{"type":"Feature","properties":{"PRECINCT":"dallas:3010","COUNTY":"Dallas"},"geometry":{"type":"Polygon","coordinates":[[[-96.88089,32.70582],[-96.89132,32.70583],[-96.89132,32.71113],[-96.88738,32.71269],[-96.88136,32.71582],[-96.88119,32.71472],[-96.8819,32.71349],[-96.88203,32.71262],[-96.88129,32.71044],[-96.88144,32.70904],[-96.88086,32.7082],[-96.88104,32.70602],[-96.88089,32.70582]]]}},{"type":"Feature","properties":{"PRECINCT":"dallas:3011","COUNTY":"Dallas"},"geometry":{"type":"Polygon","coordinates":[[[-96.80874,32.7872],[-96.80888,32.78331],[-96.81024,32.78265],[-96.81407,32.79488],[-96.81277,32.79393],[-96.81063,32.79136],[-96.80874,32.7872]]]}},{"type":"Feature","properties":{"PRECINCT":"dallas:3012","COUNTY":"Dallas"},"geometry":{"type":"Polygon","coordinates":[[[-96.7175,32.73789],[-96.71526,32.73566],[-96.71759,32.73357],[-96.71778,32.72043],[-96.71773,32.71925],[-96.71727,32.71784],[-96.71733,32.7127],[-96.72075,32.71266],[-96.72328,32.71213],[-96.73568,32.7075],[-96.73608,32.70865],[-96.7361,32.70971],[-96.73557,32.71113],[-96.73326,32.71485],[-96.73238,32.71672],[-96.73187,32.71871],[-96.73207,32.72133],[-96.73265,32.72252],[-96.73392,32.72357],[-96.73547,32.72404],[-96.73955,32.7237],[-96.74366,32.724],[-96.74566,32.72351],[-96.74662,32.72372],[-96.74729,32.72421],[-96.74837,32.7256],[-96.75098,32.7264],[-96.75346,32.72823],[-96.75499,32.72836],[-96.75617,32.73508],[-96.75355,32.73512],[-96.75345,32.73837],[-96.75314,32.73821],[-96.74738,32.73845],[-96.7468,32.73865],[-96.7457,32.73955],[-96.74529,32.74017],[-96.74519,32.74123],[-96.74572,32.7468],[-96.74526,32.74716],[-96.7439,32.74732],[-96.7281,32.74547],[-96.72608,32.74493],[-96.72414,32.74381],[-96.71729,32.73802],[-96.7175,32.73789]]]}},{"type":"Feature","properties":{"PRECINCT":"dallas:3016","COUNTY":"Dallas"},"geometry":{"type":"Polygon","coordinates":[[[-96.77269,32.78085],[-96.7846,32.76387],[-96.78822,32.7591],[-96.79186,32.75279],[-96.79306,32.75142],[-96.79484,32.74997],[-96.79752,32.74851],[-96.7977,32.74859],[-96.79596,32.74943],[-96.79537,32.74994],[-96.79788,32.75164],[-96.79587,32.75587],[-96.79975,32.75808],[-96.80403,32.76159],[-96.80648,32.76294],[-96.80426,32.76566],[-96.80397,32.76659],[-96.80425,32.76677],[-96.80409,32.76784],[-96.80446,32.76864],[-96.80589,32.76879],[-96.80769,32.76968],[-96.80756,32.76985],[-96.8057,32.76909],[-96.80446,32.76913],[-96.80238,32.76984],[-96.79907,32.77243],[-96.79773,32.773],[-96.79148,32.7746],[-96.78814,32.77522],[-96.78663,32.77574],[-96.78591,32.77529],[-96.78536,32.77543],[-96.7843,32.77626],[-96.78298,32.77476],[-96.78012,32.77627],[-96.78089,32.77708],[-96.77866,32.77844],[-96.77823,32.77816],[-96.77723,32.77911],[-96.77859,32.77997],[-96.77642,32.78017],[-96.77673,32.7804],[-96.77269,32.78085]]]}},{"type":"Feature","properties":{"PRECINCT":"dallas:3017","COUNTY":"Dallas"},"geometry":{"type":"Polygon","coordinates":[[[-96.77377,32.75678],[-96.77478,32.75592],[-96.77579,32.75677],[-96.77798,32.75493],[-96.78771,32.75983],[-96.7846,32.76387],[-96.78029,32.77018],[-96.7782,32.76767],[-96.77674,32.76682],[-96.77553,32.76579],[-96.77052,32.7604],[-96.77438,32.75713],[-96.77377,32.75678]]]}},{"type":"Feature","properties":{"PRECINCT":"dallas:3018","COUNTY":"Dallas"},"geometry":{"type":"Polygon","coordinates":[[[-96.77478,32.77446],[-96.77155,32.7717],[-96.77045,32.7727],[-96.7694,32.77189],[-96.77057,32.77086],[-96.76068,32.76261],[-96.7637,32.76004],[-96.76122,32.75796],[-96.76198,32.75729],[-96.76232,32.75758],[-96.76551,32.75493],[-96.7651,32.75432],[-96.76621,32.75514],[-96.77125,32.7613],[-96.77469,32.76496],[-96.77632,32.76651],[-96.77792,32.7674],[-96.78029,32.77018],[-96.77603,32.77607],[-96.77478,32.77446]]]}},{"type":"Feature","properties":{"PRECINCT":"dallas:3019","COUNTY":"Dallas"},"geometry":{"type":"Polygon","coordinates":[[[-96.7638,32.77316],[-96.76113,32.77114],[-96.76232,32.77008],[-96.76164,32.76949],[-96.76524,32.76635],[-96.77057,32.77086],[-96.7694,32.77189],[-96.77045,32.7727],[-96.77155,32.7717],[-96.77478,32.77446],[-96.77603,32.77607],[-96.77269,32.78085],[-96.7638,32.77316]]]}},{"type":"Feature","properties":{"PRECINCT":"dallas:3020","COUNTY":"Dallas"},"geometry":{"type":"Polygon","coordinates":[[[-96.76536,32.78374],[-96.7652,32.78393],[-96.76426,32.78374],[-96.75871,32.78408],[-96.75943,32.78214],[-96.74851,32.78003],[-96.74858,32.77971],[-96.74991,32.77824],[-96.75227,32.77674],[-96.75735,32.77216],[-96.75996,32.77025],[-96.76605,32.77493],[-96.77269,32.78085],[-96.77167,32.78117],[-96.77051,32.78194],[-96.76873,32.7846],[-96.76536,32.78374]]]}},{"type":"Feature","properties":{"PRECINCT":"dallas:3021","COUNTY":"Dallas"},"geometry":{"type":"Polygon","coordinates":[[[-96.75227,32.77674],[-96.7407,32.76719],[-96.74099,32.76627],[-96.75093,32.76648],[-96.75265,32.76695],[-96.75507,32.76727],[-96.75755,32.76842],[-96.75996,32.77025],[-96.75735,32.77216],[-96.75227,32.77674]]]}},{"type":"Feature","properties":{"PRECINCT":"dallas:3022","COUNTY":"Dallas"},"geometry":{"type":"Polygon","coordinates":[[[-96.74851,32.78003],[-96.73317,32.77761],[-96.72817,32.77777],[-96.72817,32.77696],[-96.72876,32.77632],[-96.72892,32.77555],[-96.72947,32.76917],[-96.73091,32.76654],[-96.73096,32.76601],[-96.74099,32.76627],[-96.7407,32.76719],[-96.74607,32.77143],[-96.75227,32.77674],[-96.74991,32.77824],[-96.74881,32.77929],[-96.74851,32.78003]]]}},{"type":"Feature","properties":{"PRECINCT":"dallas:3023","COUNTY":"Dallas"},"geometry":{"type":"Polygon","coordinates":[[[-96.75281,32.76358],[-96.75704,32.75948],[-96.75824,32.76049],[-96.76122,32.75796],[-96.7637,32.76004],[-96.76068,32.76261],[-96.76524,32.76635],[-96.76164,32.76949],[-96.76232,32.77008],[-96.76113,32.77114],[-96.75677,32.76799],[-96.75507,32.76727],[-96.75265,32.76695],[-96.75093,32.76648],[-96.75016,32.76582],[-96.75281,32.76358]]]}},{"type":"Feature","properties":{"PRECINCT":"dallas:3024","COUNTY":"Dallas"},"geometry":{"type":"Polygon","coordinates":[[[-96.75093,32.76648],[-96.73318,32.76608],[-96.734,32.76532],[-96.73295,32.76414],[-96.73407,32.76302],[-96.7329,32.7621],[-96.73429,32.76087],[-96.73669,32.76287],[-96.74003,32.75982],[-96.74033,32.75834],[-96.74076,32.75774],[-96.7421,32.75887],[-96.74631,32.75536],[-96.74995,32.75841],[-96.74941,32.75888],[-96.75222,32.76123],[-96.75155,32.76179],[-96.75327,32.76313],[-96.75016,32.76582],[-96.75093,32.76648]]]}},{"type":"Feature","properties":{"PRECINCT":"dallas:3025","COUNTY":"Dallas"},"geometry":{"type":"Polygon","coordinates":[[[-96.73318,32.76608],[-96.73096,32.76601],[-96.72986,32.76524],[-96.72967,32.76457],[-96.72979,32.7636],[-96.73176,32.76158],[-96.73181,32.76107],[-96.7324,32.7609],[-96.73278,32.76036],[-96.73211,32.75962],[-96.73205,32.75877],[-96.73272,32.75809],[-96.73323,32.75804],[-96.73353,32.75772],[-96.73435,32.7578],[-96.73431,32.75743],[-96.73379,32.7572],[-96.73399,32.75687],[-96.73445,32.75689],[-96.73465,32.7572],[-96.73503,32.75705],[-96.73547,32.75723],[-96.73553,32.75682],[-96.73599,32.75662],[-96.73581,32.75602],[-96.73671,32.75613],[-96.73641,32.75543],[-96.73808,32.75544],[-96.74076,32.75774],[-96.74033,32.75834],[-96.74013,32.75967],[-96.73669,32.76287],[-96.73429,32.76087],[-96.73414,32.76097],[-96.7329,32.7621],[-96.73407,32.76302],[-96.73295,32.76414],[-96.734,32.76532],[-96.73318,32.76608]]]}},{"type":"Feature","properties":{"PRECINCT":"dallas:3026","COUNTY":"Dallas"},"geometry":{"type":"Polygon","coordinates":[[[-96.77052,32.7604],[-96.75966,32.74766],[-96.75825,32.7456],[-96.75773,32.74412],[-96.75759,32.74272],[-96.75779,32.73622],[-96.77522,32.75273],[-96.77798,32.75493],[-96.77579,32.75677],[-96.77478,32.75592],[-96.77377,32.75678],[-96.77438,32.75713],[-96.77052,32.7604]]]}},{"type":"Feature","properties":{"PRECINCT":"dallas:3027","COUNTY":"Dallas"},"geometry":{"type":"Polygon","coordinates":[[[-96.75222,32.76123],[-96.74941,32.75888],[-96.74995,32.75841],[-96.74631,32.75536],[-96.7421,32.75887],[-96.74123,32.75816],[-96.74758,32.75054],[-96.75063,32.75066],[-96.75063,32.75147],[-96.74768,32.75151],[-96.75296,32.75602],[-96.76122,32.74943],[-96.76621,32.75514],[-96.7651,32.75432],[-96.76551,32.75493],[-96.76232,32.75758],[-96.76198,32.75729],[-96.75824,32.76049],[-96.75704,32.75948],[-96.75366,32.76253],[-96.75327,32.76313],[-96.75155,32.76179],[-96.75222,32.76123]]]}},{"type":"Feature","properties":{"PRECINCT":"dallas:3028","COUNTY":"Dallas"},"geometry":{"type":"Polygon","coordinates":[[[-96.75063,32.75147],[-96.75063,32.75066],[-96.74785,32.75064],[-96.74746,32.75034],[-96.75003,32.74733],[-96.75042,32.74718],[-96.75502,32.7469],[-96.75832,32.74574],[-96.76122,32.74943],[-96.75296,32.75602],[-96.74768,32.75151],[-96.75063,32.75147]]]}},{"type":"Feature","properties":{"PRECINCT":"dallas:3029","COUNTY":"Dallas"},"geometry":{"type":"Polygon","coordinates":[[[-96.7494,32.74763],[-96.7439,32.74732],[-96.74526,32.74716],[-96.74572,32.7468],[-96.7452,32.7416],[-96.7452,32.74061],[-96.74551,32.73974],[-96.74652,32.73884],[-96.74738,32.73845],[-96.75314,32.73821],[-96.75345,32.73837],[-96.75355,32.73512],[-96.75617,32.73508],[-96.75582,32.73303],[-96.75658,32.73484],[-96.75779,32.73622],[-96.75759,32.74272],[-96.75773,32.74412],[-96.75832,32.74574],[-96.75502,32.7469],[-96.75042,32.74718],[-96.74958,32.74783],[-96.7494,32.74763]]]}},{"type":"Feature","properties":{"PRECINCT":"dallas:3032","COUNTY":"Dallas"},"geometry":{"type":"Polygon","coordinates":[[[-96.81025,32.75878],[-96.81037,32.75784],[-96.80982,32.75473],[-96.80988,32.75121],[-96.81661,32.75118],[-96.82021,32.74943],[-96.82288,32.74941],[-96.82292,32.75889],[-96.81937,32.75845],[-96.81677,32.75876],[-96.81025,32.75878]]]}},{"type":"Feature","properties":{"PRECINCT":"dallas:3033","COUNTY":"Dallas"},"geometry":{"type":"Polygon","coordinates":[[[-96.80403,32.76159],[-96.79975,32.75808],[-96.79587,32.75587],[-96.79788,32.75164],[-96.7954,32.74986],[-96.7977,32.74859],[-96.79766,32.74844],[-96.8103,32.74258],[-96.81248,32.74109],[-96.81269,32.74175],[-96.81271,32.74579],[-96.81084,32.74739],[-96.80988,32.74986],[-96.80982,32.75473],[-96.81037,32.75784],[-96.81025,32.75878],[-96.8097,32.75877],[-96.80648,32.76294],[-96.80403,32.76159]]]}},{"type":"Feature","properties":{"PRECINCT":"dallas:3034","COUNTY":"Dallas"},"geometry":{"type":"Polygon","coordinates":[[[-96.79849,32.74106],[-96.79862,32.73906],[-96.799,32.7391],[-96.79924,32.73836],[-96.80086,32.7364],[-96.80236,32.73546],[-96.8092,32.73542],[-96.8092,32.73567],[-96.81145,32.73564],[-96.81169,32.7385],[-96.81228,32.73977],[-96.81248,32.74109],[-96.8103,32.74258],[-96.7995,32.74756],[-96.79925,32.74479],[-96.79849,32.74106]]]}},{"type":"Feature","properties":{"PRECINCT":"dallas:3035","COUNTY":"Dallas"},"geometry":{"type":"Polygon","coordinates":[[[-96.78676,32.75123],[-96.78545,32.75126],[-96.7836,32.75209],[-96.78275,32.75222],[-96.78665,32.74633],[-96.78864,32.74135],[-96.78602,32.74126],[-96.78553,32.74055],[-96.78605,32.74037],[-96.78903,32.74033],[-96.79029,32.73766],[-96.79477,32.73095],[-96.79897,32.72877],[-96.79983,32.73074],[-96.80015,32.7326],[-96.79846,32.74],[-96.7995,32.74756],[-96.79484,32.74997],[-96.79306,32.75142],[-96.79149,32.75327],[-96.78808,32.75155],[-96.78676,32.75123]]]}},{"type":"Feature","properties":{"PRECINCT":"dallas:3036","COUNTY":"Dallas"},"geometry":{"type":"Polygon","coordinates":[[[-96.77696,32.75235],[-96.77729,32.75045],[-96.781,32.74209],[-96.78106,32.7401],[-96.78064,32.73814],[-96.7809,32.73826],[-96.78131,32.74007],[-96.78251,32.73949],[-96.78208,32.73878],[-96.78435,32.73768],[-96.7855,32.73938],[-96.78788,32.7393],[-96.78828,32.73846],[-96.78922,32.73937],[-96.78903,32.74033],[-96.78605,32.74037],[-96.78553,32.74055],[-96.78602,32.74126],[-96.78864,32.74135],[-96.78665,32.74633],[-96.78275,32.75222],[-96.7836,32.75209],[-96.78545,32.75126],[-96.78721,32.75128],[-96.79149,32.75327],[-96.78771,32.75983],[-96.77798,32.75493],[-96.77824,32.75469],[-96.77729,32.7535],[-96.77696,32.75235]]]}},{"type":"Feature","properties":{"PRECINCT":"dallas:3037","COUNTY":"Dallas"},"geometry":{"type":"Polygon","coordinates":[[[-96.79927,32.72661],[-96.80227,32.72381],[-96.80342,32.72146],[-96.80376,32.72004],[-96.80506,32.72004],[-96.80538,32.7216],[-96.80512,32.72366],[-96.80347,32.72368],[-96.80347,32.72669],[-96.80462,32.72674],[-96.80325,32.73541],[-96.80225,32.73551],[-96.80104,32.73624],[-96.79924,32.73836],[-96.799,32.7391],[-96.79862,32.73906],[-96.80015,32.73291],[-96.79983,32.73074],[-96.79889,32.72844],[-96.79927,32.72661]]]}},{"type":"Feature","properties":{"PRECINCT":"dallas:3038","COUNTY":"Dallas"},"geometry":{"type":"Polygon","coordinates":[[[-96.78077,32.73814],[-96.77826,32.73285],[-96.79934,32.72279],[-96.80108,32.72125],[-96.80267,32.72042],[-96.80277,32.72014],[-96.80373,32.72016],[-96.80342,32.72146],[-96.80227,32.72381],[-96.79927,32.72661],[-96.79888,32.72777],[-96.79897,32.72877],[-96.79477,32.73095],[-96.79062,32.73713],[-96.78928,32.73966],[-96.78902,32.73907],[-96.78828,32.73846],[-96.78788,32.7393],[-96.7855,32.73938],[-96.78435,32.73768],[-96.78208,32.73878],[-96.78251,32.73949],[-96.78131,32.74007],[-96.78077,32.73814]]]}},{"type":"Feature","properties":{"PRECINCT":"dallas:3039","COUNTY":"Dallas"},"geometry":{"type":"Polygon","coordinates":[[[-96.78003,32.7197],[-96.77824,32.71872],[-96.77696,32.71652],[-96.78287,32.71698],[-96.78559,32.71761],[-96.79215,32.71446],[-96.79327,32.7134],[-96.79462,32.7127],[-96.79741,32.71253],[-96.79875,32.71205],[-96.80007,32.71102],[-96.801,32.70935],[-96.80199,32.70863],[-96.80415,32.71175],[-96.80438,32.71316],[-96.80373,32.71318],[-96.80369,32.71475],[-96.80328,32.71527],[-96.80367,32.71549],[-96.80317,32.71645],[-96.80317,32.72004],[-96.80373,32.72016],[-96.80277,32.72014],[-96.80267,32.72042],[-96.80108,32.72125],[-96.79934,32.72279],[-96.78539,32.72943],[-96.78597,32.72734],[-96.78594,32.72591],[-96.78538,32.72459],[-96.7843,32.7232],[-96.78372,32.72084],[-96.78003,32.7197]]]}},{"type":"Feature","properties":{"PRECINCT":"dallas:3040","COUNTY":"Dallas"},"geometry":{"type":"Polygon","coordinates":[[[-96.76196,32.72431],[-96.75626,32.71292],[-96.7647,32.7151],[-96.77423,32.7106],[-96.77444,32.71156],[-96.77824,32.71872],[-96.77956,32.71952],[-96.78372,32.72084],[-96.7843,32.7232],[-96.78538,32.72459],[-96.78594,32.72591],[-96.78597,32.72734],[-96.78539,32.72943],[-96.77826,32.73285],[-96.78064,32.73814],[-96.78111,32.74123],[-96.78072,32.743],[-96.777,32.75143],[-96.77702,32.75282],[-96.77758,32.75398],[-96.77824,32.75469],[-96.77798,32.75493],[-96.77522,32.75273],[-96.7688,32.74668],[-96.76196,32.72431]]]}},{"type":"Feature","properties":{"PRECINCT":"dallas:3041","COUNTY":"Dallas"},"geometry":{"type":"Polygon","coordinates":[[[-96.83442,32.70506],[-96.83222,32.70503],[-96.83576,32.70133],[-96.84015,32.69839],[-96.84017,32.70589],[-96.83741,32.70584],[-96.83442,32.70506]]]}},{"type":"Feature","properties":{"PRECINCT":"dallas:3042","COUNTY":"Dallas"},"geometry":{"type":"Polygon","coordinates":[[[-96.79317,32.71332],[-96.79211,32.71171],[-96.79166,32.7091],[-96.78805,32.70381],[-96.79521,32.70036],[-96.79602,32.69976],[-96.80199,32.70863],[-96.801,32.70935],[-96.80007,32.71102],[-96.79875,32.71205],[-96.79741,32.71253],[-96.79507,32.71256],[-96.79317,32.71332]]]}},{"type":"Feature","properties":{"PRECINCT":"dallas:3043","COUNTY":"Dallas"},"geometry":{"type":"Polygon","coordinates":[[[-96.77428,32.71049],[-96.78805,32.70381],[-96.79136,32.70858],[-96.7917,32.70923],[-96.79211,32.71171],[-96.79326,32.71342],[-96.79215,32.71446],[-96.78559,32.71761],[-96.78287,32.71698],[-96.77696,32.71652],[-96.77425,32.71117],[-96.77428,32.71049]]]}},{"type":"Feature","properties":{"PRECINCT":"dallas:3044","COUNTY":"Dallas"},"geometry":{"type":"Polygon","coordinates":[[[-96.76699,32.70602],[-96.7654,32.70374],[-96.76721,32.70289],[-96.76746,32.70323],[-96.77112,32.70155],[-96.77177,32.70258],[-96.77177,32.70357],[-96.77207,32.70428],[-96.78641,32.69729],[-96.78815,32.69793],[-96.79278,32.69718],[-96.795,32.70047],[-96.7647,32.7151],[-96.76062,32.71405],[-96.75802,32.70767],[-96.76699,32.70602]]]}},{"type":"Feature","properties":{"PRECINCT":"dallas:3045","COUNTY":"Dallas"},"geometry":{"type":"Polygon","coordinates":[[[-96.75614,32.73399],[-96.75499,32.72836],[-96.75346,32.72823],[-96.75098,32.7264],[-96.74837,32.7256],[-96.74729,32.72421],[-96.74624,32.72354],[-96.74366,32.724],[-96.73955,32.7237],[-96.73547,32.72404],[-96.73392,32.72357],[-96.73265,32.72252],[-96.73207,32.72133],[-96.73187,32.71871],[-96.73238,32.71672],[-96.73326,32.71485],[-96.73557,32.71113],[-96.7361,32.70971],[-96.73608,32.70865],[-96.73568,32.7075],[-96.73889,32.70637],[-96.73924,32.70648],[-96.73941,32.70618],[-96.74729,32.70323],[-96.75308,32.71227],[-96.75333,32.71252],[-96.75401,32.71229],[-96.75621,32.71278],[-96.76196,32.72431],[-96.7688,32.74668],[-96.75709,32.73552],[-96.75614,32.73399]]]}},{"type":"Feature","properties":{"PRECINCT":"dallas:3046","COUNTY":"Dallas"},"geometry":{"type":"Polygon","coordinates":[[[-96.84018,32.70578],[-96.84016,32.69322],[-96.83992,32.69321],[-96.83997,32.69121],[-96.84622,32.69136],[-96.85714,32.69123],[-96.85718,32.70581],[-96.84018,32.70578]]]}},{"type":"Feature","properties":{"PRECINCT":"dallas:3047","COUNTY":"Dallas"},"geometry":{"type":"Polygon","coordinates":[[[-96.8245,32.70128],[-96.82353,32.69895],[-96.8231,32.69646],[-96.82313,32.6871],[-96.82708,32.68817],[-96.83411,32.69111],[-96.83997,32.69121],[-96.84015,32.69839],[-96.83576,32.70133],[-96.83212,32.70513],[-96.82927,32.70522],[-96.82755,32.70566],[-96.82611,32.70392],[-96.8245,32.70128]]]}},{"type":"Feature","properties":{"PRECINCT":"dallas:3048","COUNTY":"Dallas"},"geometry":{"type":"Polygon","coordinates":[[[-96.8122,32.70299],[-96.81223,32.69834],[-96.8118,32.69767],[-96.81178,32.69685],[-96.81193,32.68725],[-96.81449,32.68768],[-96.81453,32.68387],[-96.81642,32.68391],[-96.81751,32.68425],[-96.82117,32.68652],[-96.82313,32.6871],[-96.82328,32.69131],[-96.82307,32.69132],[-96.82307,32.69575],[-96.8233,32.69897],[-96.82294,32.7005],[-96.82297,32.70302],[-96.8122,32.70299]]]}},{"type":"Feature","properties":{"PRECINCT":"dallas:3049","COUNTY":"Dallas"},"geometry":{"type":"Polygon","coordinates":[[[-96.8084,32.69845],[-96.80842,32.69667],[-96.8056,32.69671],[-96.80361,32.69697],[-96.8036,32.69487],[-96.80049,32.69037],[-96.80417,32.68859],[-96.80159,32.68497],[-96.80308,32.68443],[-96.80348,32.68382],[-96.80657,32.68539],[-96.80897,32.68576],[-96.80981,32.68668],[-96.81079,32.68719],[-96.81193,32.68725],[-96.81178,32.69685],[-96.8118,32.69767],[-96.81223,32.69834],[-96.8122,32.70299],[-96.80885,32.70282],[-96.80881,32.69852],[-96.8084,32.69845]]]}},{"type":"Feature","properties":{"PRECINCT":"dallas:3050","COUNTY":"Dallas"},"geometry":{"type":"Polygon","coordinates":[[[-96.80068,32.70661],[-96.79602,32.69976],[-96.795,32.70047],[-96.79287,32.69736],[-96.79278,32.69718],[-96.79422,32.69691],[-96.79094,32.6888],[-96.79716,32.68711],[-96.80159,32.68497],[-96.80417,32.68859],[-96.80049,32.69037],[-96.8036,32.69487],[-96.80361,32.69697],[-96.8056,32.69671],[-96.80842,32.69667],[-96.8084,32.69845],[-96.80881,32.69852],[-96.80883,32.7026],[-96.80704,32.70354],[-96.80673,32.7024],[-96.80505,32.70319],[-96.80557,32.7042],[-96.80068,32.70661]]]}},{"type":"Feature","properties":{"PRECINCT":"dallas:3051","COUNTY":"Dallas"},"geometry":{"type":"Polygon","coordinates":[[[-96.78189,32.69948],[-96.77694,32.69222],[-96.78794,32.68694],[-96.78973,32.68637],[-96.79422,32.69691],[-96.78815,32.69793],[-96.78641,32.69729],[-96.78189,32.69948]]]}},{"type":"Feature","properties":{"PRECINCT":"dallas:3052","COUNTY":"Dallas"},"geometry":{"type":"Polygon","coordinates":[[[-96.75802,32.70767],[-96.75506,32.70033],[-96.76431,32.69693],[-96.77006,32.69554],[-96.77694,32.69222],[-96.78189,32.69948],[-96.77207,32.70428],[-96.77177,32.70357],[-96.77177,32.70258],[-96.77112,32.70155],[-96.77084,32.70159],[-96.76746,32.70323],[-96.76721,32.70289],[-96.7654,32.70374],[-96.76699,32.70602],[-96.75802,32.70767]]]}},{"type":"Feature","properties":{"PRECINCT":"dallas:3053","COUNTY":"Dallas"},"geometry":{"type":"Polygon","coordinates":[[[-96.87927,32.67645],[-96.87811,32.6759],[-96.8724,32.67206],[-96.87098,32.6714],[-96.86958,32.67117],[-96.86204,32.67118],[-96.87363,32.65822],[-96.87776,32.65427],[-96.89128,32.66013],[-96.89135,32.673],[-96.89281,32.67294],[-96.89285,32.6765],[-96.89254,32.67649],[-96.89252,32.67667],[-96.88093,32.67672],[-96.87927,32.67645]]]}},{"type":"Feature","properties":{"PRECINCT":"dallas:3054","COUNTY":"Dallas"},"geometry":{"type":"Polygon","coordinates":[[[-96.83996,32.69116],[-96.84009,32.67986],[-96.84427,32.67984],[-96.8443,32.6767],[-96.85012,32.67664],[-96.85219,32.67543],[-96.85585,32.67522],[-96.85718,32.67541],[-96.85716,32.67655],[-96.84874,32.68614],[-96.84622,32.69136],[-96.83996,32.69116]]]}},{"type":"Feature","properties":{"PRECINCT":"dallas:3055","COUNTY":"Dallas"},"geometry":{"type":"Polygon","coordinates":[[[-96.84009,32.67986],[-96.83999,32.6622],[-96.85719,32.66221],[-96.85718,32.67541],[-96.85585,32.67522],[-96.85219,32.67543],[-96.85012,32.67664],[-96.8443,32.6767],[-96.84427,32.67984],[-96.84009,32.67986]]]}},{"type":"Feature","properties":{"PRECINCT":"dallas:3056","COUNTY":"Dallas"},"geometry":{"type":"Polygon","coordinates":[[[-96.8247,32.68216],[-96.825,32.68176],[-96.82551,32.68201],[-96.82599,32.68183],[-96.82643,32.68215],[-96.82693,32.68178],[-96.82784,32.68185],[-96.82877,32.68145],[-96.82909,32.68107],[-96.83025,32.68088],[-96.82989,32.68029],[-96.831,32.67978],[-96.8308,32.67923],[-96.83181,32.67842],[-96.832,32.678],[-96.83313,32.6777],[-96.83343,32.67733],[-96.83441,32.677],[-96.83457,32.67657],[-96.83519,32.67606],[-96.83533,32.67484],[-96.8366,32.67435],[-96.83662,32.67355],[-96.83747,32.67324],[-96.83773,32.67267],[-96.8384,32.67224],[-96.83854,32.67168],[-96.84008,32.67018],[-96.83997,32.69121],[-96.83411,32.69111],[-96.82708,32.68817],[-96.82313,32.6871],[-96.82321,32.68292],[-96.8247,32.68216]]]}},{"type":"Feature","properties":{"PRECINCT":"dallas:3057","COUNTY":"Dallas"},"geometry":{"type":"Polygon","coordinates":[[[-96.82321,32.68292],[-96.82269,32.67837],[-96.82261,32.67484],[-96.82312,32.66233],[-96.83999,32.6622],[-96.84008,32.67018],[-96.83854,32.67168],[-96.8384,32.67224],[-96.83773,32.67267],[-96.83747,32.67324],[-96.83662,32.67355],[-96.8366,32.67435],[-96.83533,32.67484],[-96.83519,32.67606],[-96.83457,32.67657],[-96.83441,32.677],[-96.83343,32.67733],[-96.83313,32.6777],[-96.83194,32.67805],[-96.83181,32.67842],[-96.83076,32.67928],[-96.83094,32.67985],[-96.82989,32.68029],[-96.83028,32.68075],[-96.83003,32.68098],[-96.82923,32.68102],[-96.82784,32.68185],[-96.82693,32.68178],[-96.8265,32.68214],[-96.82599,32.68183],[-96.82551,32.68201],[-96.82489,32.68179],[-96.82463,32.68221],[-96.82321,32.68292]]]}},{"type":"Feature","properties":{"PRECINCT":"dallas:3058","COUNTY":"Dallas"},"geometry":{"type":"Polygon","coordinates":[[[-96.81621,32.6839],[-96.81059,32.68383],[-96.80934,32.68353],[-96.80681,32.68239],[-96.80521,32.68229],[-96.8052,32.68155],[-96.80589,32.68067],[-96.8058,32.66235],[-96.82312,32.66233],[-96.82261,32.67484],[-96.82269,32.67837],[-96.82321,32.68292],[-96.82313,32.6871],[-96.82117,32.68652],[-96.81751,32.68425],[-96.81621,32.6839]]]}},{"type":"Feature","properties":{"PRECINCT":"dallas:3059","COUNTY":"Dallas"},"geometry":{"type":"Polygon","coordinates":[[[-96.78973,32.68637],[-96.78643,32.68038],[-96.78703,32.67955],[-96.78848,32.67995],[-96.7937,32.67868],[-96.7934,32.67583],[-96.79537,32.67585],[-96.79731,32.67538],[-96.79752,32.67625],[-96.799,32.67586],[-96.80101,32.67581],[-96.80099,32.67493],[-96.80592,32.67498],[-96.80589,32.68072],[-96.8052,32.68155],[-96.80521,32.68229],[-96.78973,32.68637]]]}},{"type":"Feature","properties":{"PRECINCT":"dallas:3060","COUNTY":"Dallas"},"geometry":{"type":"Polygon","coordinates":[[[-96.78741,32.67833],[-96.78811,32.67829],[-96.78831,32.67808],[-96.78882,32.67831],[-96.789,32.67793],[-96.78972,32.67781],[-96.78989,32.6766],[-96.79045,32.67675],[-96.79096,32.67617],[-96.79081,32.67574],[-96.79132,32.6757],[-96.79202,32.67475],[-96.79185,32.67423],[-96.79201,32.67321],[-96.79319,32.67219],[-96.79372,32.67134],[-96.79616,32.67027],[-96.79694,32.67029],[-96.79833,32.66955],[-96.80227,32.66868],[-96.80298,32.66772],[-96.80416,32.66682],[-96.80581,32.66504],[-96.80592,32.67498],[-96.80099,32.67493],[-96.80101,32.67581],[-96.799,32.67586],[-96.79752,32.67625],[-96.79731,32.67538],[-96.79537,32.67585],[-96.7934,32.67583],[-96.7937,32.67868],[-96.78848,32.67995],[-96.78703,32.67955],[-96.78741,32.67833]]]}},{"type":"Feature","properties":{"PRECINCT":"dallas:3061","COUNTY":"Dallas"},"geometry":{"type":"Polygon","coordinates":[[[-96.76635,32.68663],[-96.76974,32.68671],[-96.77095,32.68626],[-96.7717,32.68496],[-96.77273,32.68396],[-96.77545,32.68286],[-96.77675,32.68325],[-96.77744,32.68192],[-96.77834,32.68205],[-96.77988,32.68132],[-96.78013,32.6809],[-96.77996,32.68025],[-96.78147,32.68019],[-96.784,32.68022],[-96.78575,32.68052],[-96.78643,32.68038],[-96.78973,32.68637],[-96.78794,32.68694],[-96.77006,32.69554],[-96.76431,32.69693],[-96.75506,32.70033],[-96.75274,32.69455],[-96.75373,32.69454],[-96.75804,32.69195],[-96.75963,32.68926],[-96.76416,32.68721],[-96.76635,32.68663]]]}},{"type":"Feature","properties":{"PRECINCT":"dallas:3062","COUNTY":"Dallas"},"geometry":{"type":"Polygon","coordinates":[[[-96.75274,32.69455],[-96.74706,32.68053],[-96.78403,32.66267],[-96.78384,32.66659],[-96.78319,32.66851],[-96.78297,32.67026],[-96.78323,32.67117],[-96.78411,32.67241],[-96.78487,32.6741],[-96.78552,32.67857],[-96.78643,32.68038],[-96.78575,32.68052],[-96.784,32.68022],[-96.77996,32.68025],[-96.78013,32.6809],[-96.77988,32.68132],[-96.77834,32.68205],[-96.77744,32.68192],[-96.77675,32.68325],[-96.77545,32.68286],[-96.77273,32.68396],[-96.7717,32.68496],[-96.77095,32.68626],[-96.76974,32.68671],[-96.76635,32.68663],[-96.76416,32.68721],[-96.75963,32.68926],[-96.75804,32.69195],[-96.75373,32.69454],[-96.75274,32.69455]]]}},{"type":"Feature","properties":{"PRECINCT":"dallas:3063","COUNTY":"Dallas"},"geometry":{"type":"Polygon","coordinates":[[[-96.85716,32.67655],[-96.85713,32.64596],[-96.86034,32.64674],[-96.87776,32.65427],[-96.87363,32.65822],[-96.85716,32.67655]]]}},{"type":"Feature","properties":{"PRECINCT":"dallas:3064","COUNTY":"Dallas"},"geometry":{"type":"Polygon","coordinates":[[[-96.83999,32.6622],[-96.84012,32.64297],[-96.85713,32.64596],[-96.85719,32.66221],[-96.83999,32.6622]]]}},{"type":"Feature","properties":{"PRECINCT":"dallas:3065","COUNTY":"Dallas"},"geometry":{"type":"Polygon","coordinates":[[[-96.83086,32.66227],[-96.83084,32.65424],[-96.83157,32.65226],[-96.8311,32.64932],[-96.83173,32.64769],[-96.83363,32.64784],[-96.84009,32.64772],[-96.83999,32.6622],[-96.83086,32.66227]]]}},{"type":"Feature","properties":{"PRECINCT":"dallas:3066","COUNTY":"Dallas"},"geometry":{"type":"Polygon","coordinates":[[[-96.82312,32.66233],[-96.82332,32.64229],[-96.83503,32.64229],[-96.84012,32.64297],[-96.84009,32.64772],[-96.83363,32.64784],[-96.83173,32.64769],[-96.8311,32.64932],[-96.83157,32.65226],[-96.83084,32.65424],[-96.83086,32.66227],[-96.82312,32.66233]]]}},{"type":"Feature","properties":{"PRECINCT":"dallas:3067","COUNTY":"Dallas"},"geometry":{"type":"Polygon","coordinates":[[[-96.86119,32.64711],[-96.85806,32.64608],[-96.84012,32.64297],[-96.84006,32.63315],[-96.86568,32.63308],[-96.86557,32.63597],[-96.87441,32.63603],[-96.87424,32.64289],[-96.87846,32.6429],[-96.87844,32.6465],[-96.87991,32.64652],[-96.87991,32.64748],[-96.89127,32.64738],[-96.89128,32.66013],[-96.86119,32.64711]]]}},{"type":"Feature","properties":{"PRECINCT":"dallas:3068","COUNTY":"Dallas"},"geometry":{"type":"Polygon","coordinates":[[[-96.78545,32.67829],[-96.78487,32.6741],[-96.78411,32.67241],[-96.78323,32.67117],[-96.78297,32.67026],[-96.78319,32.66851],[-96.78384,32.66659],[-96.78403,32.66267],[-96.78252,32.65138],[-96.7812,32.64746],[-96.7885,32.64543],[-96.78849,32.64577],[-96.78774,32.64605],[-96.78768,32.64749],[-96.80254,32.64931],[-96.80561,32.64774],[-96.81428,32.64772],[-96.81428,32.64236],[-96.82332,32.64229],[-96.82337,32.65405],[-96.82311,32.65711],[-96.82312,32.66233],[-96.8058,32.66235],[-96.80581,32.66504],[-96.80416,32.66682],[-96.80298,32.66772],[-96.80227,32.66868],[-96.79833,32.66955],[-96.79694,32.67029],[-96.79616,32.67027],[-96.79372,32.67134],[-96.79319,32.67219],[-96.79201,32.67321],[-96.79185,32.67423],[-96.79202,32.67475],[-96.79132,32.6757],[-96.79081,32.67574],[-96.79096,32.67617],[-96.79045,32.67675],[-96.78989,32.6766],[-96.78972,32.67781],[-96.789,32.67793],[-96.78882,32.67831],[-96.78831,32.67808],[-96.78791,32.67834],[-96.78747,32.67822],[-96.78742,32.67883],[-96.78657,32.6804],[-96.78545,32.67829]]]}},{"type":"Feature","properties":{"PRECINCT":"dallas:3069","COUNTY":"Dallas"},"geometry":{"type":"Polygon","coordinates":[[[-96.76069,32.6692],[-96.76705,32.66615],[-96.76806,32.6679],[-96.76916,32.66801],[-96.76786,32.66484],[-96.77079,32.66351],[-96.76742,32.65852],[-96.77032,32.65736],[-96.76786,32.65388],[-96.76806,32.65337],[-96.77218,32.65132],[-96.773,32.65269],[-96.77424,32.65208],[-96.77718,32.65608],[-96.78284,32.65344],[-96.78403,32.66267],[-96.76296,32.67274],[-96.76069,32.6692]]]}},{"type":"Feature","properties":{"PRECINCT":"dallas:3070","COUNTY":"Dallas"},"geometry":{"type":"Polygon","coordinates":[[[-96.76069,32.6692],[-96.75667,32.66345],[-96.7545,32.6627],[-96.75385,32.66212],[-96.75071,32.65752],[-96.75048,32.6567],[-96.75057,32.65523],[-96.75571,32.65428],[-96.75132,32.65555],[-96.75372,32.65515],[-96.76425,32.6524],[-96.76531,32.65399],[-96.76463,32.65431],[-96.76571,32.65593],[-96.767,32.65565],[-96.76856,32.65489],[-96.77032,32.65736],[-96.76742,32.65852],[-96.77079,32.66351],[-96.76786,32.66484],[-96.76916,32.66801],[-96.76806,32.6679],[-96.76705,32.66615],[-96.76069,32.6692]]]}},{"type":"Feature","properties":{"PRECINCT":"dallas:3071","COUNTY":"Dallas"},"geometry":{"type":"Polygon","coordinates":[[[-96.74446,32.6816],[-96.73491,32.6706],[-96.72678,32.66186],[-96.73241,32.65905],[-96.73509,32.65816],[-96.75057,32.65523],[-96.75048,32.6567],[-96.75071,32.65752],[-96.75385,32.66212],[-96.7545,32.6627],[-96.75626,32.66319],[-96.75683,32.6636],[-96.76296,32.67274],[-96.74706,32.68053],[-96.74446,32.6816]]]}},{"type":"Feature","properties":{"PRECINCT":"dallas:3072","COUNTY":"Dallas"},"geometry":{"type":"Polygon","coordinates":[[[-96.76062,32.71405],[-96.75401,32.71229],[-96.75333,32.71252],[-96.75308,32.71227],[-96.74729,32.70323],[-96.73941,32.70618],[-96.73924,32.70648],[-96.73889,32.70637],[-96.73568,32.7075],[-96.73428,32.70418],[-96.73455,32.70066],[-96.73363,32.69953],[-96.73219,32.69942],[-96.72862,32.69839],[-96.72738,32.69869],[-96.72563,32.69875],[-96.72352,32.6972],[-96.72102,32.69651],[-96.7148,32.69629],[-96.71305,32.69641],[-96.71306,32.6961],[-96.71456,32.69465],[-96.72044,32.69333],[-96.73395,32.68686],[-96.72517,32.67174],[-96.72549,32.67097],[-96.726,32.67078],[-96.7244,32.66793],[-96.72268,32.66393],[-96.72678,32.66186],[-96.73491,32.6706],[-96.74446,32.6816],[-96.74701,32.68043],[-96.76062,32.71405]]]}},{"type":"Feature","properties":{"PRECINCT":"dallas:3073","COUNTY":"Dallas"},"geometry":{"type":"Polygon","coordinates":[[[-96.76571,32.65593],[-96.76463,32.65431],[-96.76531,32.65399],[-96.76425,32.6524],[-96.77436,32.64969],[-96.77464,32.65011],[-96.76791,32.65349],[-96.76786,32.65388],[-96.76856,32.65489],[-96.767,32.65565],[-96.76571,32.65593]]]}},{"type":"Feature","properties":{"PRECINCT":"dallas:3074","COUNTY":"Dallas"},"geometry":{"type":"Polygon","coordinates":[[[-96.83565,32.64233],[-96.82332,32.64229],[-96.8233,32.63323],[-96.83159,32.6332],[-96.8315,32.63268],[-96.84008,32.63261],[-96.84012,32.64297],[-96.83565,32.64233]]]}},{"type":"Feature","properties":{"PRECINCT":"dallas:3075","COUNTY":"Dallas"},"geometry":{"type":"Polygon","coordinates":[[[-96.72219,32.66261],[-96.72562,32.66081],[-96.72579,32.66096],[-96.72699,32.66035],[-96.72898,32.65975],[-96.72979,32.65922],[-96.72628,32.65409],[-96.72712,32.65363],[-96.72668,32.65297],[-96.73128,32.65079],[-96.72946,32.64813],[-96.73302,32.64642],[-96.73018,32.64226],[-96.73345,32.64078],[-96.72977,32.6355],[-96.73184,32.6296],[-96.74465,32.62346],[-96.74544,32.61857],[-96.76566,32.61858],[-96.76866,32.62402],[-96.77321,32.63433],[-96.77735,32.64149],[-96.78393,32.63831],[-96.78852,32.64485],[-96.7885,32.64543],[-96.7812,32.64746],[-96.78134,32.64791],[-96.77535,32.64935],[-96.7578,32.65419],[-96.75132,32.65555],[-96.75571,32.65428],[-96.73448,32.65834],[-96.73205,32.65922],[-96.72268,32.66393],[-96.72219,32.66261]]]}},{"type":"Feature","properties":{"PRECINCT":"dallas:3076","COUNTY":"Dallas"},"geometry":{"type":"Polygon","coordinates":[[[-96.99001,32.6433],[-96.98483,32.64245],[-96.98488,32.64302],[-96.97686,32.64178],[-96.9795,32.64134],[-96.97655,32.63932],[-96.97747,32.63904],[-96.97779,32.6394],[-96.97787,32.63896],[-96.97829,32.63877],[-96.9795,32.63904],[-96.98011,32.63893],[-96.98083,32.63843],[-96.98051,32.63835],[-96.97958,32.63733],[-96.98091,32.63694],[-96.9815,32.6362],[-96.98017,32.6343],[-96.98077,32.6336],[-96.98069,32.632],[-96.98172,32.63216],[-96.9827,32.63323],[-96.98295,32.63267],[-96.98411,32.63213],[-96.98372,32.63173],[-96.98247,32.63172],[-96.98223,32.63142],[-96.98238,32.63105],[-96.98431,32.6303],[-96.98474,32.62989],[-96.98394,32.62863],[-96.98328,32.62835],[-96.98346,32.62805],[-96.9824,32.62743],[-96.98198,32.62562],[-96.98232,32.62551],[-96.98223,32.62506],[-96.98257,32.62462],[-96.9823,32.62444],[-96.98282,32.62409],[-96.984,32.62548],[-96.98555,32.6265],[-96.98641,32.6268],[-96.98699,32.62628],[-96.98755,32.62652],[-96.98826,32.62649],[-96.99005,32.62589],[-96.9911,32.62527],[-96.99189,32.62532],[-96.99275,32.62473],[-96.99258,32.62415],[-96.99115,32.62348],[-96.99208,32.62294],[-96.99196,32.62188],[-96.99102,32.6215],[-96.99201,32.62058],[-96.99161,32.61912],[-96.989,32.61909],[-96.98876,32.6188],[-96.9916,32.61693],[-96.99304,32.61716],[-96.99383,32.61702],[-96.99388,32.61647],[-96.99301,32.61573],[-96.9931,32.61506],[-96.99259,32.61455],[-96.9925,32.61395],[-96.99275,32.61346],[-96.99349,32.61322],[-96.99417,32.61364],[-96.99417,32.61401],[-96.99486,32.61413],[-96.99497,32.61442],[-96.99554,32.6147],[-97.00048,32.62221],[-96.99937,32.62325],[-96.9985,32.62709],[-96.99774,32.62828],[-96.99614,32.62996],[-96.99638,32.63194],[-96.99626,32.63492],[-96.99545,32.63972],[-96.9919,32.6428],[-96.99031,32.64253],[-96.99001,32.6433]]]}},{"type":"Feature","properties":{"PRECINCT":"dallas:3077","COUNTY":"Dallas"},"geometry":{"type":"Polygon","coordinates":[[[-96.94324,32.65923],[-96.94294,32.64212],[-96.94373,32.64212],[-96.94372,32.64009],[-96.94558,32.63976],[-96.94809,32.63999],[-96.9536,32.6348],[-96.95382,32.63424],[-96.95374,32.63269],[-96.95763,32.63267],[-96.95684,32.6315],[-96.97172,32.62427],[-96.97584,32.62207],[-96.97564,32.62474],[-96.97441,32.63023],[-96.97237,32.63556],[-96.97202,32.63717],[-96.97255,32.63738],[-96.97262,32.64037],[-96.97303,32.64161],[-96.97749,32.65124],[-96.97724,32.65131],[-96.97593,32.64866],[-96.97515,32.64893],[-96.97413,32.64684],[-96.97311,32.64704],[-96.97198,32.64698],[-96.97066,32.64648],[-96.97182,32.64513],[-96.97183,32.64381],[-96.97019,32.64371],[-96.97025,32.64514],[-96.96926,32.64532],[-96.96866,32.64615],[-96.96721,32.64613],[-96.96663,32.64751],[-96.96715,32.64783],[-96.96861,32.64778],[-96.96974,32.64848],[-96.96971,32.64882],[-96.96912,32.64894],[-96.96763,32.65034],[-96.9646,32.64931],[-96.96128,32.64604],[-96.95934,32.64514],[-96.95938,32.64609],[-96.9591,32.64654],[-96.95981,32.64785],[-96.95991,32.64872],[-96.95758,32.64763],[-96.95547,32.64758],[-96.95529,32.64842],[-96.95398,32.64836],[-96.9529,32.64885],[-96.95201,32.64878],[-96.9517,32.64932],[-96.95074,32.649],[-96.94951,32.65024],[-96.94975,32.65068],[-96.94458,32.65228],[-96.9444,32.65303],[-96.94534,32.65385],[-96.94566,32.6547],[-96.94538,32.65602],[-96.94469,32.65617],[-96.94482,32.65691],[-96.94599,32.65793],[-96.94537,32.65949],[-96.94324,32.65923]]]}},{"type":"Feature","properties":{"PRECINCT":"dallas:3078","COUNTY":"Dallas"},"geometry":{"type":"Polygon","coordinates":[[[-96.94294,32.64212],[-96.94287,32.63427],[-96.94331,32.63189],[-96.94324,32.62611],[-96.94281,32.62463],[-96.94457,32.6222],[-96.94573,32.62115],[-96.94657,32.62081],[-96.9467,32.621],[-96.94787,32.62079],[-96.94873,32.62103],[-96.94924,32.62081],[-96.95326,32.62667],[-96.95325,32.63273],[-96.95374,32.63269],[-96.95379,32.63441],[-96.95349,32.63492],[-96.94809,32.63999],[-96.94558,32.63976],[-96.94372,32.64009],[-96.94373,32.64212],[-96.94294,32.64212]]]}},{"type":"Feature","properties":{"PRECINCT":"dallas:3081","COUNTY":"Dallas"},"geometry":{"type":"Polygon","coordinates":[[[-96.80224,32.80665],[-96.80388,32.80351],[-96.80543,32.80222],[-96.80868,32.80064],[-96.8107,32.80232],[-96.80899,32.8037],[-96.81009,32.80478],[-96.80857,32.80603],[-96.80762,32.80519],[-96.80449,32.80776],[-96.80224,32.80665]]]}},{"type":"Feature","properties":{"PRECINCT":"dallas:3082","COUNTY":"Dallas"},"geometry":{"type":"Polygon","coordinates":[[[-96.6831,32.71111],[-96.683,32.69801],[-96.68219,32.6968],[-96.68141,32.69637],[-96.67967,32.69593],[-96.67844,32.69495],[-96.6786,32.69071],[-96.67767,32.68945],[-96.67759,32.68849],[-96.6776,32.68072],[-96.67728,32.67997],[-96.67628,32.67897],[-96.68931,32.67777],[-96.69515,32.67671],[-96.69524,32.67804],[-96.69439,32.67903],[-96.69369,32.68064],[-96.69665,32.6803],[-96.69736,32.67966],[-96.6981,32.67954],[-96.69884,32.67974],[-96.69878,32.68036],[-96.69913,32.68051],[-96.70031,32.67963],[-96.70235,32.67903],[-96.704,32.67673],[-96.7107,32.67357],[-96.71415,32.67155],[-96.71882,32.66937],[-96.72038,32.66907],[-96.72189,32.66915],[-96.7242,32.67008],[-96.73395,32.68686],[-96.72044,32.69333],[-96.71456,32.69465],[-96.71306,32.6961],[-96.71305,32.69641],[-96.7148,32.69629],[-96.72102,32.69651],[-96.72352,32.6972],[-96.72563,32.69875],[-96.72738,32.69869],[-96.72862,32.69839],[-96.73219,32.69942],[-96.73363,32.69953],[-96.73455,32.70066],[-96.73428,32.70418],[-96.73568,32.7075],[-96.72328,32.71213],[-96.7215,32.71255],[-96.70719,32.71277],[-96.70019,32.7132],[-96.70031,32.72396],[-96.69313,32.71907],[-96.68362,32.71299],[-96.68426,32.71248],[-96.68344,32.71189],[-96.6831,32.71111]]]}},{"type":"Feature","properties":{"PRECINCT":"dallas:3084","COUNTY":"Dallas"},"geometry":{"type":"Polygon","coordinates":[[[-96.80984,32.75877],[-96.81677,32.75876],[-96.81937,32.75845],[-96.82292,32.75889],[-96.82285,32.7692],[-96.81768,32.77021],[-96.81603,32.76761],[-96.8146,32.76636],[-96.80953,32.76398],[-96.80648,32.76294],[-96.80984,32.75877]]]}},{"type":"Feature","properties":{"PRECINCT":"dallas:3087","COUNTY":"Dallas"},"geometry":{"type":"Polygon","coordinates":[[[-96.67846,32.69387],[-96.67846,32.6911],[-96.67843,32.6907],[-96.67864,32.69112],[-96.67864,32.69387],[-96.67846,32.69387]]]}},{"type":"Feature","properties":{"PRECINCT":"dallas:3088","COUNTY":"Dallas"},"geometry":{"type":"Polygon","coordinates":[[[-96.87322,32.70496],[-96.8702,32.70494],[-96.87018,32.70283],[-96.87254,32.70282],[-96.873,32.70263],[-96.87301,32.70388],[-96.87341,32.70435],[-96.87424,32.70438],[-96.87419,32.70537],[-96.87322,32.70496]]]}},{"type":"Feature","properties":{"PRECINCT":"dallas:3089","COUNTY":"Dallas"},"geometry":{"type":"Polygon","coordinates":[[[-96.80702,32.79287],[-96.80761,32.7923],[-96.81325,32.79738],[-96.81264,32.79817],[-96.81089,32.79747],[-96.80752,32.79449],[-96.80819,32.79393],[-96.80702,32.79287]]]}},{"type":"Feature","properties":{"PRECINCT":"dallas:3090","COUNTY":"Dallas"},"geometry":{"type":"Polygon","coordinates":[[[-96.78723,32.78172],[-96.7865,32.78169],[-96.7862,32.781],[-96.78536,32.78005],[-96.78574,32.77985],[-96.78503,32.77969],[-96.7835,32.77787],[-96.78642,32.77584],[-96.78794,32.77824],[-96.78974,32.7803],[-96.78723,32.78172]]]}},{"type":"Feature","properties":{"PRECINCT":"dallas:3091","COUNTY":"Dallas"},"geometry":{"type":"Polygon","coordinates":[[[-96.77511,32.78054],[-96.77678,32.78044],[-96.776,32.78119],[-96.77511,32.78054]]]}},{"type":"Feature","properties":{"PRECINCT":"dallas:3092","COUNTY":"Dallas"},"geometry":{"type":"Polygon","coordinates":[[[-96.84622,32.69136],[-96.84829,32.68685],[-96.84961,32.68502],[-96.86204,32.67118],[-96.86958,32.67117],[-96.87098,32.6714],[-96.8724,32.67206],[-96.87811,32.6759],[-96.87982,32.6766],[-96.89147,32.67663],[-96.89154,32.68955],[-96.89136,32.69156],[-96.89044,32.69129],[-96.88738,32.69119],[-96.85222,32.69119],[-96.84622,32.69136]]]}},{"type":"Feature","properties":{"PRECINCT":"dallas:3094","COUNTY":"Dallas"},"geometry":{"type":"Polygon","coordinates":[[[-96.80589,32.76879],[-96.80446,32.76864],[-96.8042,32.76825],[-96.80408,32.76616],[-96.80447,32.76531],[-96.80648,32.76294],[-96.80953,32.76398],[-96.8146,32.76636],[-96.81603,32.76761],[-96.81768,32.77021],[-96.81194,32.77136],[-96.81076,32.77135],[-96.80893,32.7706],[-96.80756,32.76985],[-96.80769,32.76968],[-96.80589,32.76879]]]}},{"type":"Feature","properties":{"PRECINCT":"dallas:3095","COUNTY":"Dallas"},"geometry":{"type":"Polygon","coordinates":[[[-96.7931,32.79549],[-96.79228,32.7862],[-96.79197,32.7852],[-96.791,32.78407],[-96.78974,32.78343],[-96.80626,32.77996],[-96.80698,32.78229],[-96.80402,32.78456],[-96.80361,32.78521],[-96.80396,32.78552],[-96.80238,32.78684],[-96.80327,32.78789],[-96.80179,32.78912],[-96.80155,32.78892],[-96.80097,32.78943],[-96.80118,32.78962],[-96.79743,32.79277],[-96.7931,32.79549]]]}},{"type":"Feature","properties":{"PRECINCT":"dallas:3096","COUNTY":"Dallas"},"geometry":{"type":"Polygon","coordinates":[[[-96.80822,32.7833],[-96.80647,32.77752],[-96.80564,32.7777],[-96.80628,32.77995],[-96.78974,32.78343],[-96.78656,32.78208],[-96.7865,32.78169],[-96.78741,32.78169],[-96.78991,32.7802],[-96.79228,32.7797],[-96.79338,32.77861],[-96.79999,32.77694],[-96.80341,32.7766],[-96.80673,32.77587],[-96.80785,32.77468],[-96.80858,32.77727],[-96.80938,32.77851],[-96.81021,32.77843],[-96.81131,32.77765],[-96.81165,32.78116],[-96.81142,32.78241],[-96.80952,32.78287],[-96.80802,32.78421],[-96.80822,32.7833]]]}},{"type":"Feature","properties":{"PRECINCT":"dallas:3097","COUNTY":"Dallas"},"geometry":{"type":"Polygon","coordinates":[[[-96.81449,32.68768],[-96.81079,32.68719],[-96.80981,32.68668],[-96.80897,32.68576],[-96.80657,32.68539],[-96.80348,32.68382],[-96.80308,32.68443],[-96.80159,32.68497],[-96.80062,32.68345],[-96.80469,32.68237],[-96.80608,32.68227],[-96.80712,32.68248],[-96.81013,32.68375],[-96.81453,32.68387],[-96.81449,32.68768]]]}},{"type":"Feature","properties":{"PRECINCT":"dallas:3098","COUNTY":"Dallas"},"geometry":{"type":"Polygon","coordinates":[[[-96.78973,32.68637],[-96.80062,32.68345],[-96.80159,32.68497],[-96.79716,32.68711],[-96.79094,32.6888],[-96.79222,32.69174],[-96.79201,32.69179],[-96.78973,32.68637]]]}},{"type":"Feature","properties":{"PRECINCT":"dallas:3099","COUNTY":"Dallas"},"geometry":{"type":"Polygon","coordinates":[[[-96.77718,32.65608],[-96.77424,32.65208],[-96.773,32.65269],[-96.77218,32.65132],[-96.77464,32.65011],[-96.77436,32.64969],[-96.78134,32.64791],[-96.78153,32.64804],[-96.78246,32.65108],[-96.78284,32.65344],[-96.77718,32.65608]]]}},{"type":"Feature","properties":{"PRECINCT":"dallas:30A6","COUNTY":"Dallas"},"geometry":{"type":"Polygon","coordinates":[[[-96.84018,32.70578],[-96.85702,32.70575],[-96.84017,32.70589],[-96.84018,32.70578]]]}},{"type":"Feature","properties":{"PRECINCT":"dallas:30C4","COUNTY":"Dallas"},"geometry":{"type":"Polygon","coordinates":[[[-96.81043,32.77164],[-96.80893,32.7706],[-96.81115,32.77146],[-96.8106,32.77208],[-96.81043,32.77164]]]}},{"type":"Feature","properties":{"PRECINCT":"dallas:30T6","COUNTY":"Dallas"},"geometry":{"type":"Polygon","coordinates":[[[-96.81248,32.74109],[-96.81363,32.74012],[-96.81524,32.74158],[-96.8156,32.74269],[-96.81563,32.74423],[-96.81271,32.74579],[-96.81269,32.74175],[-96.81248,32.74109]]]}},{"type":"Feature","properties":{"PRECINCT":"dallas:3100","COUNTY":"Dallas"},"geometry":{"type":"Polygon","coordinates":[[[-96.90825,32.57536],[-96.90817,32.54761],[-96.92834,32.54768],[-96.92961,32.54809],[-96.92985,32.54839],[-96.92988,32.54948],[-96.93045,32.54965],[-96.93103,32.55051],[-96.93204,32.55121],[-96.93224,32.55225],[-96.93313,32.55304],[-96.93334,32.55354],[-96.93409,32.55401],[-96.93492,32.55363],[-96.93672,32.55402],[-96.93825,32.55571],[-96.93876,32.55591],[-96.93866,32.55631],[-96.93912,32.55641],[-96.93901,32.55671],[-96.93956,32.55669],[-96.93966,32.55709],[-96.94012,32.5573],[-96.94005,32.55758],[-96.94085,32.55783],[-96.94156,32.55849],[-96.94162,32.55895],[-96.942,32.55898],[-96.94204,32.55929],[-96.94253,32.55904],[-96.94255,32.57538],[-96.93565,32.57533],[-96.93349,32.57506],[-96.92553,32.57539],[-96.90825,32.57536]]]}},{"type":"Feature","properties":{"PRECINCT":"dallas:3101","COUNTY":"Dallas"},"geometry":{"type":"Polygon","coordinates":[[[-96.89969,32.57537],[-96.89969,32.56817],[-96.89105,32.56809],[-96.89104,32.55926],[-96.89055,32.55918],[-96.88965,32.55801],[-96.88996,32.55687],[-96.88981,32.55658],[-96.88831,32.55568],[-96.88729,32.55476],[-96.88269,32.55468],[-96.88246,32.55142],[-96.88207,32.55118],[-96.88153,32.5502],[-96.87942,32.55085],[-96.87661,32.5498],[-96.87399,32.55034],[-96.87396,32.54941],[-96.87089,32.54868],[-96.87093,32.54744],[-96.90817,32.54761],[-96.90825,32.57536],[-96.89969,32.57537]]]}},{"type":"Feature","properties":{"PRECINCT":"dallas:3102","COUNTY":"Dallas"},"geometry":{"type":"Polygon","coordinates":[[[-96.935,32.59009],[-96.93348,32.58991],[-96.93338,32.58841],[-96.93239,32.58619],[-96.93249,32.58356],[-96.93131,32.58155],[-96.92972,32.58152],[-96.93067,32.57506],[-96.93924,32.57542],[-96.95944,32.57545],[-96.95947,32.5765],[-96.95973,32.57677],[-96.95231,32.58358],[-96.9464,32.58993],[-96.935,32.59009]]]}},{"type":"Feature","properties":{"PRECINCT":"dallas:3103","COUNTY":"Dallas"},"geometry":{"type":"Polygon","coordinates":[[[-96.9084,32.61879],[-96.90833,32.60039],[-96.90908,32.60097],[-96.90942,32.60091],[-96.91088,32.60158],[-96.91186,32.60127],[-96.91448,32.60109],[-96.91667,32.60021],[-96.91757,32.60105],[-96.92532,32.6012],[-96.92533,32.59767],[-96.92911,32.59767],[-96.92912,32.59681],[-96.93059,32.59671],[-96.93069,32.59556],[-96.93214,32.59273],[-96.93339,32.59114],[-96.93348,32.58991],[-96.93537,32.59016],[-96.93696,32.58995],[-96.9464,32.58993],[-96.92255,32.61279],[-96.91514,32.61887],[-96.9084,32.61879]]]}},{"type":"Feature","properties":{"PRECINCT":"dallas:3104","COUNTY":"Dallas"},"geometry":{"type":"Polygon","coordinates":[[[-96.94254,32.61761],[-96.94272,32.60868],[-96.94327,32.60763],[-96.94591,32.60443],[-96.94561,32.60443],[-96.94728,32.60257],[-96.9521,32.60592],[-96.9554,32.6091],[-96.95733,32.61049],[-96.95619,32.61197],[-96.95731,32.61281],[-96.95686,32.61379],[-96.95687,32.61673],[-96.95797,32.61697],[-96.9575,32.61771],[-96.95256,32.61756],[-96.95256,32.61985],[-96.94932,32.61982],[-96.94737,32.61954],[-96.94254,32.61761]]]}},{"type":"Feature","properties":{"PRECINCT":"dallas:3105","COUNTY":"Dallas"},"geometry":{"type":"Polygon","coordinates":[[[-96.94095,32.62577],[-96.94052,32.62503],[-96.93927,32.62452],[-96.93936,32.62427],[-96.93876,32.62371],[-96.93839,32.62392],[-96.93765,32.62344],[-96.93692,32.62405],[-96.93514,32.62408],[-96.93334,32.62236],[-96.93179,32.62451],[-96.93123,32.62451],[-96.93066,32.62522],[-96.93002,32.62468],[-96.92701,32.62453],[-96.92636,32.62403],[-96.9258,32.62454],[-96.92545,32.62325],[-96.91662,32.62311],[-96.91104,32.6233],[-96.91559,32.61889],[-96.91514,32.61887],[-96.91526,32.61875],[-96.92255,32.61279],[-96.94012,32.59582],[-96.94294,32.59941],[-96.94728,32.60257],[-96.94561,32.60443],[-96.94591,32.60443],[-96.94327,32.60763],[-96.94272,32.60868],[-96.94254,32.61761],[-96.94367,32.61815],[-96.94291,32.61953],[-96.94267,32.62108],[-96.94266,32.62413],[-96.94324,32.62611],[-96.9415,32.62618],[-96.94095,32.62577]]]}},{"type":"Feature","properties":{"PRECINCT":"dallas:3106","COUNTY":"Dallas"},"geometry":{"type":"Polygon","coordinates":[[[-96.95943,32.5755],[-96.94255,32.57538],[-96.94253,32.55904],[-96.94204,32.55929],[-96.942,32.55898],[-96.94162,32.55895],[-96.94156,32.55849],[-96.94085,32.55783],[-96.94005,32.55758],[-96.94012,32.5573],[-96.93966,32.55709],[-96.93956,32.55669],[-96.93901,32.55671],[-96.93912,32.55641],[-96.93866,32.55631],[-96.93876,32.55591],[-96.93825,32.55571],[-96.93672,32.55402],[-96.93492,32.55363],[-96.93409,32.55401],[-96.93334,32.55354],[-96.93313,32.55304],[-96.93224,32.55225],[-96.93204,32.55121],[-96.93103,32.55051],[-96.93045,32.54965],[-96.92988,32.54948],[-96.92975,32.54818],[-96.92834,32.54768],[-96.97649,32.54801],[-96.97557,32.55145],[-96.97018,32.56127],[-96.9682,32.56641],[-96.96559,32.57111],[-96.96361,32.57358],[-96.95973,32.57677],[-96.95947,32.5765],[-96.95943,32.5755]]]}},{"type":"Feature","properties":{"PRECINCT":"dallas:3107","COUNTY":"Dallas"},"geometry":{"type":"Polygon","coordinates":[[[-96.90825,32.58982],[-96.90825,32.57536],[-96.92553,32.57539],[-96.93067,32.57506],[-96.92972,32.58152],[-96.93131,32.58155],[-96.93237,32.5833],[-96.93256,32.58465],[-96.93239,32.58619],[-96.93338,32.58841],[-96.93348,32.58986],[-96.90825,32.58982]]]}},{"type":"Feature","properties":{"PRECINCT":"dallas:3108","COUNTY":"Dallas"},"geometry":{"type":"Polygon","coordinates":[[[-96.98555,32.6265],[-96.984,32.62548],[-96.98282,32.62409],[-96.98226,32.62449],[-96.98257,32.62462],[-96.98223,32.62506],[-96.98232,32.62551],[-96.98185,32.62491],[-96.98032,32.62454],[-96.97925,32.62386],[-96.97891,32.6228],[-96.97688,32.62088],[-96.97607,32.61971],[-96.97578,32.61953],[-96.97528,32.6197],[-96.97393,32.61761],[-96.97025,32.6149],[-96.96685,32.61334],[-96.95899,32.6112],[-96.95714,32.61038],[-96.9554,32.6091],[-96.95163,32.60556],[-96.94319,32.59963],[-96.94012,32.59582],[-96.9464,32.58993],[-96.96186,32.58989],[-96.96918,32.59049],[-96.97109,32.59122],[-96.97365,32.59141],[-96.9769,32.59108],[-96.98043,32.59032],[-96.98344,32.59069],[-96.98525,32.59009],[-96.98808,32.58968],[-96.99177,32.58875],[-96.99551,32.58721],[-96.99815,32.58669],[-97.00659,32.5828],[-97.00861,32.58214],[-97.01688,32.58055],[-97.01834,32.58073],[-97.01938,32.58114],[-97.02015,32.58163],[-97.01959,32.58291],[-97.01688,32.58308],[-97.01576,32.58494],[-97.01584,32.5866],[-97.01649,32.58693],[-97.01686,32.58751],[-97.01451,32.58812],[-97.01317,32.58759],[-97.01287,32.58763],[-97.0128,32.58793],[-97.01288,32.5882],[-97.01316,32.5882],[-97.01329,32.58885],[-97.0124,32.59167],[-97.01239,32.59331],[-97.01283,32.59567],[-97.01559,32.59687],[-97.01669,32.59806],[-97.01518,32.59907],[-97.01311,32.59843],[-97.0128,32.59972],[-97.01137,32.60015],[-97.01012,32.59985],[-97.00966,32.59954],[-97.00819,32.59778],[-97.00727,32.59774],[-97.0074,32.59808],[-97.00677,32.5981],[-97.00629,32.59869],[-97.00618,32.5978],[-97.00589,32.59837],[-97.00493,32.59843],[-97.00534,32.59968],[-97.00465,32.59966],[-97.00535,32.60016],[-97.00553,32.60098],[-97.00503,32.60206],[-97.00417,32.60227],[-97.00417,32.6027],[-97.0038,32.60273],[-97.00385,32.60324],[-97.00432,32.60341],[-97.00414,32.6066],[-97.00312,32.60693],[-97.00261,32.60744],[-97.00152,32.60799],[-97.0008,32.60868],[-96.99984,32.61028],[-96.99876,32.6107],[-96.99835,32.6116],[-96.99832,32.61253],[-96.99789,32.61304],[-96.99737,32.61452],[-96.99636,32.61479],[-96.99554,32.6147],[-96.99497,32.61442],[-96.99486,32.61413],[-96.99417,32.61401],[-96.99417,32.61364],[-96.99365,32.61329],[-96.99281,32.61342],[-96.9925,32.61395],[-96.99259,32.61455],[-96.9931,32.61506],[-96.99301,32.61573],[-96.99388,32.61647],[-96.99383,32.61702],[-96.99304,32.61716],[-96.9916,32.61693],[-96.98876,32.6188],[-96.989,32.61909],[-96.99161,32.61912],[-96.99201,32.62058],[-96.99102,32.6215],[-96.99196,32.62188],[-96.99208,32.62294],[-96.99115,32.62348],[-96.99258,32.62415],[-96.99275,32.62473],[-96.99189,32.62532],[-96.9911,32.62527],[-96.99005,32.62589],[-96.98826,32.62649],[-96.98755,32.62652],[-96.98708,32.62627],[-96.98641,32.6268],[-96.98555,32.6265]]]}},{"type":"Feature","properties":{"PRECINCT":"dallas:3109","COUNTY":"Dallas"},"geometry":{"type":"Polygon","coordinates":[[[-96.96273,32.58995],[-96.9464,32.58993],[-96.95231,32.58358],[-96.95847,32.57779],[-96.96305,32.57411],[-96.96514,32.57181],[-96.9682,32.56641],[-96.97018,32.56127],[-96.97557,32.55145],[-96.97649,32.54801],[-97.01236,32.54846],[-97.01211,32.56207],[-97.0113,32.56205],[-97.01129,32.56269],[-97.01073,32.56285],[-97.01068,32.56347],[-97.01099,32.56346],[-97.01099,32.56364],[-97.01072,32.56364],[-97.0106,32.56937],[-97.01307,32.56938],[-97.0128,32.57057],[-97.01473,32.57097],[-97.0136,32.57265],[-97.01383,32.57292],[-97.01458,32.57222],[-97.01485,32.57254],[-97.01404,32.57318],[-97.01479,32.57406],[-97.01533,32.57556],[-97.01715,32.57809],[-97.01604,32.5782],[-97.01576,32.57765],[-97.01388,32.57767],[-97.01498,32.57899],[-97.01394,32.57993],[-97.01284,32.57996],[-97.01282,32.58116],[-97.00704,32.58262],[-96.99815,32.58669],[-96.99551,32.58721],[-96.99177,32.58875],[-96.98808,32.58968],[-96.98525,32.59009],[-96.98407,32.59058],[-96.9833,32.59069],[-96.98043,32.59032],[-96.9769,32.59108],[-96.97304,32.5914],[-96.97109,32.59122],[-96.96918,32.59049],[-96.96273,32.58995]]]}},{"type":"Feature","properties":{"PRECINCT":"dallas:3110","COUNTY":"Dallas"},"geometry":{"type":"Polygon","coordinates":[[[-96.91088,32.60158],[-96.90942,32.60091],[-96.90908,32.60097],[-96.90833,32.60039],[-96.90825,32.58982],[-96.93348,32.58986],[-96.93339,32.59114],[-96.93214,32.59273],[-96.93069,32.59556],[-96.93059,32.59671],[-96.92912,32.59681],[-96.92911,32.59767],[-96.92533,32.59767],[-96.92532,32.6012],[-96.91757,32.60105],[-96.91667,32.60021],[-96.91448,32.60109],[-96.91186,32.60127],[-96.91088,32.60158]]]}},{"type":"Feature","properties":{"PRECINCT":"dallas:3111","COUNTY":"Dallas"},"geometry":{"type":"Polygon","coordinates":[[[-96.97361,32.64033],[-96.97262,32.64037],[-96.97255,32.63738],[-96.97202,32.63717],[-96.97237,32.63556],[-96.97441,32.63023],[-96.97512,32.62727],[-96.97564,32.62474],[-96.97584,32.62207],[-96.97615,32.62183],[-96.9756,32.61956],[-96.97578,32.61953],[-96.97891,32.6228],[-96.97925,32.62386],[-96.98032,32.62454],[-96.98152,32.62475],[-96.98204,32.62506],[-96.98232,32.62551],[-96.98198,32.62562],[-96.9824,32.62743],[-96.98346,32.62805],[-96.98328,32.62835],[-96.98394,32.62863],[-96.98474,32.63],[-96.98224,32.63115],[-96.98247,32.63172],[-96.98372,32.63173],[-96.98412,32.63206],[-96.98395,32.63233],[-96.98295,32.63267],[-96.98277,32.63323],[-96.98172,32.63216],[-96.98069,32.632],[-96.98077,32.6336],[-96.98017,32.6343],[-96.9815,32.6362],[-96.98091,32.63694],[-96.97958,32.63733],[-96.98051,32.63835],[-96.98083,32.63843],[-96.98011,32.63893],[-96.9795,32.63904],[-96.97829,32.63877],[-96.97787,32.63896],[-96.97779,32.6394],[-96.97747,32.63904],[-96.97655,32.63932],[-96.9795,32.64134],[-96.97686,32.64178],[-96.9755,32.64156],[-96.97496,32.64138],[-96.97361,32.64033]]]}},{"type":"Feature","properties":{"PRECINCT":"dallas:3112","COUNTY":"Dallas"},"geometry":{"type":"Polygon","coordinates":[[[-97.01129,32.56257],[-97.0113,32.56205],[-97.01211,32.56207],[-97.01236,32.54846],[-97.01368,32.54848],[-97.01334,32.56213],[-97.01256,32.56211],[-97.01256,32.56269],[-97.01129,32.56257]]]}},{"type":"Feature","properties":{"PRECINCT":"dallas:3113","COUNTY":"Dallas"},"geometry":{"type":"Polygon","coordinates":[[[-97.0128,32.57057],[-97.01307,32.56938],[-97.0106,32.56937],[-97.0106,32.56894],[-97.01369,32.56901],[-97.01351,32.57067],[-97.0128,32.57057]]]}},{"type":"Feature","properties":{"PRECINCT":"dallas:3114","COUNTY":"Dallas"},"geometry":{"type":"Polygon","coordinates":[[[-97.01182,32.58138],[-97.01282,32.58128],[-97.01166,32.58148],[-97.01182,32.58138]]]}},{"type":"Feature","properties":{"PRECINCT":"dallas:3115","COUNTY":"Dallas"},"geometry":{"type":"Polygon","coordinates":[[[-96.94904,32.62051],[-96.94546,32.62012],[-96.94266,32.62413],[-96.94281,32.61984],[-96.94367,32.61815],[-96.94615,32.61917],[-96.94805,32.61968],[-96.95256,32.61985],[-96.95256,32.61756],[-96.9575,32.61771],[-96.95797,32.61697],[-96.95687,32.61673],[-96.95686,32.61379],[-96.95731,32.61281],[-96.95619,32.61197],[-96.95733,32.61049],[-96.95899,32.6112],[-96.96685,32.61334],[-96.97025,32.6149],[-96.97352,32.61722],[-96.97457,32.61838],[-96.97528,32.6197],[-96.9756,32.61956],[-96.97615,32.62183],[-96.97172,32.62427],[-96.95684,32.6315],[-96.95763,32.63267],[-96.95325,32.63273],[-96.95326,32.62667],[-96.94904,32.62051]]]}},{"type":"Feature","properties":{"PRECINCT":"dallas:3116","COUNTY":"Dallas"},"geometry":{"type":"Polygon","coordinates":[[[-96.75489,32.7812],[-96.75943,32.78214],[-96.75893,32.78348],[-96.75851,32.7834],[-96.75652,32.78169],[-96.75482,32.78149],[-96.75489,32.7812]]]}},{"type":"Feature","properties":{"PRECINCT":"dallas:3117","COUNTY":"Dallas"},"geometry":{"type":"Polygon","coordinates":[[[-96.77723,32.77911],[-96.77823,32.77816],[-96.77866,32.77844],[-96.78089,32.77708],[-96.78012,32.77627],[-96.78298,32.77476],[-96.7843,32.77626],[-96.78536,32.77543],[-96.78591,32.77529],[-96.78663,32.77574],[-96.78176,32.77923],[-96.78002,32.78002],[-96.77673,32.7804],[-96.77642,32.78017],[-96.77859,32.77997],[-96.77723,32.77911]]]}},{"type":"Feature","properties":{"PRECINCT":"dallas:3119","COUNTY":"Dallas"},"geometry":{"type":"Polygon","coordinates":[[[-96.91072,32.62301],[-96.91514,32.61887],[-96.91559,32.61889],[-96.91104,32.6233],[-96.91072,32.62301]]]}},{"type":"Feature","properties":{"PRECINCT":"dallas:31A4","COUNTY":"Dallas"},"geometry":{"type":"Polygon","coordinates":[[[-96.94277,32.62382],[-96.94546,32.62012],[-96.94904,32.62051],[-96.94924,32.62081],[-96.94873,32.62103],[-96.94787,32.62079],[-96.9467,32.621],[-96.94657,32.62081],[-96.94573,32.62115],[-96.94457,32.6222],[-96.94281,32.62463],[-96.94277,32.62382]]]}},{"type":"Feature","properties":{"PRECINCT":"dallas:31A5","COUNTY":"Dallas"},"geometry":{"type":"Polygon","coordinates":[[[-96.92873,32.62467],[-96.93002,32.62468],[-96.93066,32.62522],[-96.9303,32.62566],[-96.92873,32.62467]]]}},{"type":"Feature","properties":{"PRECINCT":"dallas:3200","COUNTY":"Dallas"},"geometry":{"type":"Polygon","coordinates":[[[-96.9254,32.63276],[-96.93334,32.62236],[-96.93614,32.62487],[-96.93659,32.62452],[-96.93856,32.62398],[-96.93945,32.62467],[-96.94039,32.62498],[-96.94065,32.62592],[-96.94114,32.6263],[-96.94204,32.62676],[-96.94324,32.62667],[-96.9433,32.63208],[-96.94287,32.63427],[-96.94294,32.64212],[-96.92545,32.6421],[-96.92538,32.64122],[-96.92447,32.6397],[-96.92427,32.6373],[-96.92339,32.63644],[-96.9254,32.63276]]]}},{"type":"Feature","properties":{"PRECINCT":"dallas:3201","COUNTY":"Dallas"},"geometry":{"type":"Polygon","coordinates":[[[-96.90625,32.63293],[-96.90026,32.63291],[-96.91072,32.62301],[-96.91104,32.6233],[-96.91662,32.62311],[-96.92545,32.62325],[-96.92548,32.62485],[-96.92636,32.62403],[-96.927,32.62465],[-96.92873,32.62467],[-96.9303,32.62566],[-96.93066,32.62522],[-96.93088,32.6254],[-96.93163,32.6247],[-96.9254,32.63276],[-96.91656,32.63271],[-96.9107,32.63389],[-96.90778,32.63383],[-96.90625,32.63293]]]}},{"type":"Feature","properties":{"PRECINCT":"dallas:3202","COUNTY":"Dallas"},"geometry":{"type":"Polygon","coordinates":[[[-96.8836,32.63304],[-96.88316,32.62515],[-96.88258,32.62514],[-96.88415,32.62405],[-96.88298,32.62248],[-96.88298,32.61898],[-96.8834,32.61941],[-96.88399,32.61956],[-96.8866,32.61924],[-96.88894,32.61928],[-96.89027,32.61883],[-96.89131,32.61876],[-96.89507,32.61892],[-96.9056,32.61872],[-96.91514,32.61887],[-96.90026,32.63291],[-96.89326,32.63297],[-96.89275,32.63283],[-96.89103,32.63141],[-96.89127,32.63218],[-96.89184,32.63271],[-96.89134,32.63306],[-96.8836,32.63304]]]}},{"type":"Feature","properties":{"PRECINCT":"dallas:3203","COUNTY":"Dallas"},"geometry":{"type":"Polygon","coordinates":[[[-96.90928,32.65174],[-96.90844,32.65172],[-96.90836,32.63388],[-96.91104,32.63386],[-96.91656,32.63271],[-96.9254,32.63276],[-96.92339,32.63644],[-96.92427,32.6373],[-96.92447,32.6397],[-96.92541,32.64133],[-96.92554,32.64747],[-96.92064,32.64747],[-96.91755,32.64609],[-96.91524,32.64601],[-96.90928,32.65174]]]}},{"type":"Feature","properties":{"PRECINCT":"dallas:3204","COUNTY":"Dallas"},"geometry":{"type":"Polygon","coordinates":[[[-96.89793,32.65333],[-96.89126,32.65321],[-96.8915,32.6412],[-96.90026,32.63291],[-96.90597,32.63289],[-96.90746,32.63372],[-96.90836,32.63388],[-96.90844,32.64981],[-96.90721,32.64981],[-96.90724,32.65096],[-96.90079,32.65092],[-96.90234,32.65172],[-96.90236,32.65258],[-96.89987,32.65256],[-96.89793,32.65333]]]}},{"type":"Feature","properties":{"PRECINCT":"dallas:3205","COUNTY":"Dallas"},"geometry":{"type":"Polygon","coordinates":[[[-96.88398,32.64751],[-96.8858,32.64581],[-96.88412,32.64408],[-96.88365,32.64388],[-96.8838,32.63669],[-96.8836,32.63304],[-96.89134,32.63306],[-96.89184,32.63271],[-96.89127,32.63218],[-96.89103,32.63141],[-96.89275,32.63283],[-96.89326,32.63297],[-96.90026,32.63291],[-96.8915,32.6412],[-96.89139,32.6475],[-96.88398,32.64751]]]}},{"type":"Feature","properties":{"PRECINCT":"dallas:3206","COUNTY":"Dallas"},"geometry":{"type":"Polygon","coordinates":[[[-96.93953,32.66235],[-96.93909,32.66081],[-96.93701,32.66076],[-96.93635,32.66031],[-96.93557,32.65784],[-96.93538,32.65606],[-96.92578,32.65491],[-96.92545,32.6421],[-96.94294,32.64212],[-96.94323,32.66223],[-96.93953,32.66235]]]}},{"type":"Feature","properties":{"PRECINCT":"dallas:3207","COUNTY":"Dallas"},"geometry":{"type":"Polygon","coordinates":[[[-96.90699,32.66184],[-96.90907,32.65214],[-96.91524,32.64601],[-96.91755,32.64609],[-96.92064,32.64747],[-96.92554,32.64747],[-96.92582,32.66178],[-96.92421,32.66177],[-96.92393,32.66194],[-96.92249,32.66166],[-96.90699,32.66184]]]}},{"type":"Feature","properties":{"PRECINCT":"dallas:3208","COUNTY":"Dallas"},"geometry":{"type":"Polygon","coordinates":[[[-96.89127,32.66191],[-96.89126,32.65321],[-96.89793,32.65333],[-96.89987,32.65256],[-96.90236,32.65258],[-96.90234,32.65172],[-96.90079,32.65092],[-96.90724,32.65096],[-96.90721,32.64981],[-96.90844,32.64981],[-96.90844,32.65172],[-96.90928,32.65174],[-96.90884,32.65289],[-96.90699,32.66184],[-96.89127,32.66191]]]}},{"type":"Feature","properties":{"PRECINCT":"dallas:3209","COUNTY":"Dallas"},"geometry":{"type":"Polygon","coordinates":[[[-96.92582,32.66234],[-96.92578,32.65491],[-96.93538,32.65606],[-96.93557,32.65784],[-96.93635,32.66031],[-96.93701,32.66076],[-96.93909,32.66081],[-96.93955,32.66167],[-96.93953,32.66235],[-96.92582,32.66234]]]}},{"type":"Feature","properties":{"PRECINCT":"dallas:3210","COUNTY":"Dallas"},"geometry":{"type":"Polygon","coordinates":[[[-96.90564,32.67638],[-96.90495,32.67081],[-96.90699,32.66184],[-96.92249,32.66166],[-96.92393,32.66194],[-96.92421,32.66177],[-96.92582,32.66178],[-96.92576,32.67648],[-96.90862,32.67645],[-96.90863,32.67561],[-96.90567,32.67558],[-96.90564,32.67638]]]}},{"type":"Feature","properties":{"PRECINCT":"dallas:3211","COUNTY":"Dallas"},"geometry":{"type":"Polygon","coordinates":[[[-96.89285,32.6765],[-96.89281,32.67294],[-96.89135,32.673],[-96.89127,32.66191],[-96.90699,32.66184],[-96.90495,32.67081],[-96.90564,32.67638],[-96.89285,32.6765]]]}},{"type":"Feature","properties":{"PRECINCT":"dallas:32A0","COUNTY":"Dallas"},"geometry":{"type":"Polygon","coordinates":[[[-96.94204,32.62676],[-96.94065,32.62592],[-96.94042,32.62506],[-96.94142,32.62616],[-96.94324,32.62611],[-96.94324,32.62667],[-96.94204,32.62676]]]}},{"type":"Feature","properties":{"PRECINCT":"dallas:32A1","COUNTY":"Dallas"},"geometry":{"type":"Polygon","coordinates":[[[-96.93066,32.62522],[-96.93123,32.62451],[-96.93179,32.62451],[-96.93088,32.6254],[-96.93066,32.62522]]]}},{"type":"Feature","properties":{"PRECINCT":"dallas:32C1","COUNTY":"Dallas"},"geometry":{"type":"Polygon","coordinates":[[[-96.927,32.62465],[-96.92636,32.62403],[-96.92701,32.62453],[-96.92873,32.62467],[-96.927,32.62465]]]}},{"type":"Feature","properties":{"PRECINCT":"dallas:32T0","COUNTY":"Dallas"},"geometry":{"type":"Polygon","coordinates":[[[-96.93614,32.62487],[-96.93514,32.62408],[-96.93692,32.62405],[-96.93765,32.62344],[-96.93839,32.62392],[-96.93876,32.62371],[-96.93936,32.62427],[-96.9393,32.62444],[-96.93856,32.62398],[-96.93659,32.62452],[-96.93614,32.62487]]]}},{"type":"Feature","properties":{"PRECINCT":"dallas:32T1","COUNTY":"Dallas"},"geometry":{"type":"Polygon","coordinates":[[[-96.92548,32.62485],[-96.92548,32.62387],[-96.9258,32.62454],[-96.92548,32.62485]]]}},{"type":"Feature","properties":{"PRECINCT":"dallas:3600","COUNTY":"Dallas"},"geometry":{"type":"Polygon","coordinates":[[[-96.87991,32.64748],[-96.87991,32.64652],[-96.87844,32.6465],[-96.87846,32.6429],[-96.87424,32.64289],[-96.87441,32.63603],[-96.86557,32.63597],[-96.86568,32.63308],[-96.84006,32.63315],[-96.84008,32.63261],[-96.8315,32.63268],[-96.83159,32.6332],[-96.82362,32.63323],[-96.82349,32.62181],[-96.8312,32.6218],[-96.8314,32.62146],[-96.83138,32.61882],[-96.85963,32.61855],[-96.87816,32.61863],[-96.88307,32.61892],[-96.88424,32.61953],[-96.8834,32.61941],[-96.88298,32.61898],[-96.88298,32.62248],[-96.88415,32.62405],[-96.88258,32.62514],[-96.88316,32.62515],[-96.8832,32.62573],[-96.8838,32.63669],[-96.88365,32.64388],[-96.88412,32.64408],[-96.8858,32.64581],[-96.88398,32.64751],[-96.87991,32.64748]]]}},{"type":"Feature","properties":{"PRECINCT":"dallas:3601","COUNTY":"Dallas"},"geometry":{"type":"Polygon","coordinates":[[[-96.8913,32.61867],[-96.89127,32.6043],[-96.89467,32.60436],[-96.89488,32.60397],[-96.89479,32.6033],[-96.89565,32.60286],[-96.89767,32.60287],[-96.89884,32.60315],[-96.89913,32.60292],[-96.90078,32.60261],[-96.90135,32.60201],[-96.90272,32.60198],[-96.90365,32.60163],[-96.90502,32.60247],[-96.90559,32.60254],[-96.90647,32.60172],[-96.9069,32.60055],[-96.90773,32.60031],[-96.90833,32.60039],[-96.9084,32.61879],[-96.89507,32.61892],[-96.8913,32.61867]]]}},{"type":"Feature","properties":{"PRECINCT":"dallas:3602","COUNTY":"Dallas"},"geometry":{"type":"Polygon","coordinates":[[[-96.87666,32.61632],[-96.87553,32.6168],[-96.87415,32.61645],[-96.87482,32.61513],[-96.87484,32.60836],[-96.87419,32.60549],[-96.87415,32.60421],[-96.89127,32.6043],[-96.89129,32.61003],[-96.88881,32.61177],[-96.88876,32.61223],[-96.88814,32.61255],[-96.88725,32.61363],[-96.88577,32.61388],[-96.8846,32.61444],[-96.88285,32.61398],[-96.88271,32.61342],[-96.88195,32.61346],[-96.88135,32.61406],[-96.88035,32.61409],[-96.88013,32.61462],[-96.87966,32.61472],[-96.87911,32.61538],[-96.8786,32.61532],[-96.87819,32.61592],[-96.8786,32.61635],[-96.87834,32.61697],[-96.87742,32.61689],[-96.87666,32.61632]]]}},{"type":"Feature","properties":{"PRECINCT":"dallas:3603","COUNTY":"Dallas"},"geometry":{"type":"Polygon","coordinates":[[[-96.88452,32.61953],[-96.88296,32.61889],[-96.88144,32.61879],[-96.87419,32.61861],[-96.87404,32.61665],[-96.87415,32.61645],[-96.87502,32.61678],[-96.87568,32.61678],[-96.87661,32.61631],[-96.87742,32.61689],[-96.87834,32.61697],[-96.8786,32.61635],[-96.87819,32.61592],[-96.8786,32.61532],[-96.87911,32.61538],[-96.87966,32.61472],[-96.88013,32.61462],[-96.88035,32.61409],[-96.88135,32.61406],[-96.88195,32.61346],[-96.88271,32.61342],[-96.88285,32.61398],[-96.8846,32.61444],[-96.88577,32.61388],[-96.88711,32.61371],[-96.88814,32.61255],[-96.88876,32.61223],[-96.88888,32.61171],[-96.89129,32.61003],[-96.89131,32.61876],[-96.89027,32.61883],[-96.88894,32.61928],[-96.8866,32.61924],[-96.88452,32.61953]]]}},{"type":"Feature","properties":{"PRECINCT":"dallas:3604","COUNTY":"Dallas"},"geometry":{"type":"Polygon","coordinates":[[[-96.85716,32.61852],[-96.85721,32.60423],[-96.8594,32.60429],[-96.85937,32.60549],[-96.85888,32.60596],[-96.85977,32.60634],[-96.86029,32.60589],[-96.86029,32.6043],[-96.87415,32.60421],[-96.87419,32.60549],[-96.87484,32.60836],[-96.87482,32.61513],[-96.87398,32.61684],[-96.87419,32.61861],[-96.85763,32.61867],[-96.85716,32.61852]]]}},{"type":"Feature","properties":{"PRECINCT":"dallas:3605","COUNTY":"Dallas"},"geometry":{"type":"Polygon","coordinates":[[[-96.85717,32.61867],[-96.83987,32.61864],[-96.83978,32.61219],[-96.84,32.61038],[-96.84058,32.60903],[-96.8406,32.60426],[-96.85721,32.60423],[-96.85717,32.61867]]]}},{"type":"Feature","properties":{"PRECINCT":"dallas:3606","COUNTY":"Dallas"},"geometry":{"type":"Polygon","coordinates":[[[-96.8231,32.63323],[-96.82265,32.6043],[-96.83458,32.60437],[-96.83463,32.60538],[-96.83528,32.60626],[-96.83372,32.6074],[-96.8312,32.60762],[-96.8312,32.61013],[-96.83517,32.61011],[-96.83513,32.61094],[-96.83995,32.6109],[-96.83978,32.61219],[-96.83987,32.61864],[-96.84005,32.6188],[-96.83138,32.61882],[-96.8314,32.62146],[-96.8312,32.6218],[-96.82349,32.62181],[-96.82362,32.63323],[-96.8231,32.63323]]]}},{"type":"Feature","properties":{"PRECINCT":"dallas:3607","COUNTY":"Dallas"},"geometry":{"type":"Polygon","coordinates":[[[-96.89127,32.6043],[-96.89145,32.59667],[-96.89141,32.59498],[-96.89118,32.59491],[-96.89114,32.57534],[-96.90825,32.57536],[-96.90833,32.60039],[-96.90773,32.60031],[-96.9069,32.60055],[-96.90647,32.60172],[-96.90559,32.60254],[-96.90502,32.60247],[-96.90365,32.60163],[-96.90272,32.60198],[-96.90135,32.60201],[-96.90078,32.60261],[-96.89913,32.60292],[-96.89884,32.60315],[-96.89767,32.60287],[-96.89565,32.60286],[-96.89479,32.6033],[-96.89488,32.60397],[-96.89467,32.60436],[-96.89127,32.6043]]]}},{"type":"Feature","properties":{"PRECINCT":"dallas:3608","COUNTY":"Dallas"},"geometry":{"type":"Polygon","coordinates":[[[-96.87406,32.57531],[-96.89114,32.57534],[-96.89119,32.58978],[-96.87412,32.58978],[-96.87406,32.57531]]]}},{"type":"Feature","properties":{"PRECINCT":"dallas:3609","COUNTY":"Dallas"},"geometry":{"type":"Polygon","coordinates":[[[-96.85937,32.60549],[-96.8594,32.60429],[-96.85721,32.60423],[-96.85707,32.58972],[-96.86623,32.58976],[-96.86624,32.58244],[-96.86163,32.58251],[-96.86161,32.57995],[-96.85852,32.57997],[-96.85856,32.58252],[-96.85702,32.58278],[-96.85693,32.57524],[-96.87406,32.57531],[-96.87415,32.60421],[-96.86029,32.6043],[-96.86029,32.60589],[-96.85977,32.60634],[-96.85888,32.60596],[-96.85937,32.60549]]]}},{"type":"Feature","properties":{"PRECINCT":"dallas:3610","COUNTY":"Dallas"},"geometry":{"type":"Polygon","coordinates":[[[-96.85707,32.58972],[-96.85702,32.58278],[-96.85856,32.58252],[-96.85852,32.57997],[-96.86161,32.57995],[-96.86163,32.58251],[-96.86624,32.58244],[-96.86623,32.58976],[-96.85707,32.58972]]]}},{"type":"Feature","properties":{"PRECINCT":"dallas:3611","COUNTY":"Dallas"},"geometry":{"type":"Polygon","coordinates":[[[-96.84331,32.60437],[-96.84309,32.60286],[-96.84378,32.60286],[-96.84361,32.60331],[-96.84416,32.6031],[-96.84412,32.60276],[-96.8444,32.60267],[-96.84453,32.60209],[-96.8451,32.60143],[-96.84506,32.59979],[-96.84523,32.59952],[-96.84573,32.59938],[-96.8465,32.59848],[-96.84682,32.59657],[-96.84725,32.5965],[-96.84731,32.59624],[-96.84698,32.59535],[-96.84702,32.59473],[-96.84754,32.5941],[-96.84801,32.59412],[-96.84871,32.59345],[-96.8483,32.59285],[-96.84836,32.59151],[-96.84818,32.59135],[-96.84913,32.58971],[-96.85707,32.58972],[-96.85721,32.60423],[-96.84331,32.60437]]]}},{"type":"Feature","properties":{"PRECINCT":"dallas:3612","COUNTY":"Dallas"},"geometry":{"type":"Polygon","coordinates":[[[-96.84331,32.60437],[-96.82265,32.6043],[-96.82242,32.60221],[-96.82228,32.58931],[-96.82255,32.58982],[-96.82249,32.58908],[-96.8227,32.58905],[-96.82288,32.59002],[-96.82483,32.58979],[-96.82985,32.58973],[-96.82978,32.5866],[-96.83086,32.58652],[-96.83096,32.58973],[-96.83641,32.58973],[-96.8364,32.58921],[-96.83541,32.58915],[-96.83545,32.58813],[-96.83567,32.58779],[-96.83541,32.58741],[-96.83538,32.58568],[-96.83988,32.58566],[-96.83984,32.58698],[-96.83902,32.58843],[-96.83867,32.58971],[-96.84913,32.58971],[-96.84818,32.59135],[-96.84836,32.59151],[-96.8483,32.59285],[-96.84871,32.59345],[-96.84801,32.59412],[-96.84754,32.5941],[-96.84702,32.59473],[-96.84728,32.59645],[-96.84682,32.59657],[-96.84643,32.59862],[-96.84506,32.59979],[-96.8451,32.60143],[-96.84453,32.60209],[-96.8444,32.60267],[-96.84412,32.60276],[-96.84416,32.6031],[-96.84361,32.60331],[-96.84378,32.60286],[-96.84309,32.60286],[-96.84331,32.60437]]]}},{"type":"Feature","properties":{"PRECINCT":"dallas:3613","COUNTY":"Dallas"},"geometry":{"type":"Polygon","coordinates":[[[-96.85083,32.58136],[-96.85058,32.58095],[-96.85094,32.58071],[-96.85079,32.57999],[-96.85157,32.57908],[-96.85148,32.57877],[-96.85103,32.57851],[-96.85148,32.57791],[-96.85143,32.57726],[-96.85237,32.57783],[-96.85187,32.57988],[-96.8535,32.57987],[-96.85603,32.57895],[-96.85701,32.57884],[-96.85707,32.58972],[-96.84913,32.58971],[-96.84906,32.58915],[-96.84947,32.5876],[-96.84889,32.58623],[-96.84926,32.5851],[-96.8491,32.58492],[-96.84974,32.58428],[-96.85023,32.58283],[-96.84992,32.58235],[-96.85006,32.58178],[-96.85083,32.58136]]]}},{"type":"Feature","properties":{"PRECINCT":"dallas:3614","COUNTY":"Dallas"},"geometry":{"type":"Polygon","coordinates":[[[-96.84607,32.58971],[-96.84627,32.5752],[-96.84767,32.5752],[-96.84763,32.57269],[-96.84707,32.57055],[-96.84733,32.56978],[-96.84854,32.56868],[-96.84994,32.56986],[-96.85032,32.57061],[-96.85035,32.57286],[-96.85006,32.57372],[-96.85002,32.5752],[-96.852,32.57522],[-96.85218,32.5756],[-96.85159,32.57588],[-96.85192,32.57673],[-96.85176,32.57715],[-96.85139,32.5773],[-96.85146,32.57795],[-96.85103,32.57833],[-96.85157,32.57908],[-96.85075,32.58013],[-96.85094,32.58071],[-96.85058,32.58095],[-96.85086,32.58128],[-96.85006,32.58178],[-96.84992,32.58235],[-96.85023,32.58283],[-96.84974,32.58428],[-96.8491,32.58492],[-96.84926,32.5851],[-96.84889,32.58623],[-96.84947,32.5876],[-96.84906,32.58915],[-96.84913,32.58971],[-96.84607,32.58971]]]}},{"type":"Feature","properties":{"PRECINCT":"dallas:3615","COUNTY":"Dallas"},"geometry":{"type":"Polygon","coordinates":[[[-96.82288,32.59002],[-96.8227,32.58905],[-96.82249,32.58908],[-96.82255,32.58982],[-96.82228,32.58931],[-96.82229,32.57523],[-96.84627,32.5752],[-96.84607,32.58971],[-96.83867,32.58971],[-96.83902,32.58843],[-96.83984,32.58698],[-96.83974,32.58566],[-96.83538,32.58568],[-96.83541,32.58741],[-96.83567,32.58779],[-96.83545,32.58813],[-96.83541,32.58915],[-96.8364,32.58921],[-96.83641,32.58973],[-96.83096,32.58973],[-96.83086,32.58652],[-96.82978,32.5866],[-96.82985,32.58973],[-96.82483,32.58979],[-96.82288,32.59002]]]}},{"type":"Feature","properties":{"PRECINCT":"dallas:3616","COUNTY":"Dallas"},"geometry":{"type":"Polygon","coordinates":[[[-96.85693,32.57524],[-96.85688,32.56596],[-96.86075,32.56591],[-96.86137,32.56569],[-96.86261,32.56616],[-96.86353,32.56799],[-96.86826,32.56959],[-96.87017,32.56957],[-96.87067,32.56898],[-96.87101,32.5689],[-96.87103,32.56915],[-96.87159,32.56916],[-96.8719,32.56878],[-96.87405,32.56878],[-96.87406,32.57531],[-96.85693,32.57524]]]}},{"type":"Feature","properties":{"PRECINCT":"dallas:3617","COUNTY":"Dallas"},"geometry":{"type":"Polygon","coordinates":[[[-96.85168,32.57581],[-96.85217,32.57567],[-96.852,32.57522],[-96.85002,32.5752],[-96.85006,32.57372],[-96.85035,32.57286],[-96.85032,32.57061],[-96.84994,32.56986],[-96.84854,32.56868],[-96.84733,32.56978],[-96.84707,32.57055],[-96.84763,32.57269],[-96.84767,32.5752],[-96.83977,32.57518],[-96.83966,32.56505],[-96.85688,32.56501],[-96.85701,32.57884],[-96.85603,32.57895],[-96.8535,32.57987],[-96.85187,32.57988],[-96.85237,32.57783],[-96.85194,32.5777],[-96.85161,32.57721],[-96.85192,32.57673],[-96.85168,32.57581]]]}},{"type":"Feature","properties":{"PRECINCT":"dallas:3618","COUNTY":"Dallas"},"geometry":{"type":"Polygon","coordinates":[[[-96.87703,32.56896],[-96.87999,32.56716],[-96.88285,32.56618],[-96.88294,32.56807],[-96.89969,32.56817],[-96.89969,32.57537],[-96.87406,32.57531],[-96.87404,32.56903],[-96.87703,32.56896]]]}},{"type":"Feature","properties":{"PRECINCT":"dallas:3619","COUNTY":"Dallas"},"geometry":{"type":"Polygon","coordinates":[[[-96.82229,32.57523],[-96.82236,32.56711],[-96.82445,32.56728],[-96.83968,32.56715],[-96.83977,32.57518],[-96.82229,32.57523]]]}},{"type":"Feature","properties":{"PRECINCT":"dallas:3620","COUNTY":"Dallas"},"geometry":{"type":"Polygon","coordinates":[[[-96.87412,32.58978],[-96.89119,32.58978],[-96.89118,32.59491],[-96.89141,32.59498],[-96.89145,32.59667],[-96.89127,32.6043],[-96.87415,32.60421],[-96.87412,32.58978]]]}},{"type":"Feature","properties":{"PRECINCT":"dallas:3621","COUNTY":"Dallas"},"geometry":{"type":"Polygon","coordinates":[[[-96.83513,32.61094],[-96.83517,32.61011],[-96.8312,32.61013],[-96.8312,32.60762],[-96.83372,32.6074],[-96.83528,32.60626],[-96.83463,32.60538],[-96.83458,32.60437],[-96.8406,32.60426],[-96.84058,32.60903],[-96.83995,32.6109],[-96.83513,32.61094]]]}},{"type":"Feature","properties":{"PRECINCT":"dallas:3800","COUNTY":"Dallas"},"geometry":{"type":"Polygon","coordinates":[[[-96.8057,32.64233],[-96.80578,32.63014],[-96.80055,32.63023],[-96.78674,32.63701],[-96.78388,32.63278],[-96.78333,32.63321],[-96.78292,32.63317],[-96.78244,32.63362],[-96.78154,32.63361],[-96.78158,32.63392],[-96.78063,32.63439],[-96.77921,32.63564],[-96.77962,32.63621],[-96.7784,32.63683],[-96.7777,32.63782],[-96.7758,32.63877],[-96.77321,32.63433],[-96.7704,32.62795],[-96.78346,32.62157],[-96.7835,32.61728],[-96.78653,32.61729],[-96.78653,32.61163],[-96.788,32.61138],[-96.78773,32.61196],[-96.78782,32.6125],[-96.78818,32.61328],[-96.78933,32.61416],[-96.78909,32.61518],[-96.7898,32.61579],[-96.78952,32.61672],[-96.79048,32.61822],[-96.79333,32.61684],[-96.7946,32.61557],[-96.79524,32.61527],[-96.80563,32.61518],[-96.80563,32.6187],[-96.82292,32.61876],[-96.82332,32.64229],[-96.8057,32.64233]]]}},{"type":"Feature","properties":{"PRECINCT":"dallas:3801","COUNTY":"Dallas"},"geometry":{"type":"Polygon","coordinates":[[[-96.80254,32.64931],[-96.78768,32.64749],[-96.78774,32.64605],[-96.78849,32.64577],[-96.78852,32.64485],[-96.78393,32.63831],[-96.77735,32.64149],[-96.7758,32.63877],[-96.7777,32.63782],[-96.7784,32.63683],[-96.77962,32.63621],[-96.77921,32.63564],[-96.78063,32.63439],[-96.78158,32.63392],[-96.78154,32.63361],[-96.78244,32.63362],[-96.78292,32.63317],[-96.78333,32.63321],[-96.78388,32.63278],[-96.78674,32.63701],[-96.80055,32.63023],[-96.80578,32.63014],[-96.8057,32.64233],[-96.81428,32.64236],[-96.81428,32.64772],[-96.80561,32.64774],[-96.80254,32.64931]]]}},{"type":"Feature","properties":{"PRECINCT":"dallas:3802","COUNTY":"Dallas"},"geometry":{"type":"Polygon","coordinates":[[[-96.76351,32.61108],[-96.76437,32.61081],[-96.76434,32.60745],[-96.76271,32.60744],[-96.76273,32.60509],[-96.77751,32.60524],[-96.78254,32.60467],[-96.7828,32.60528],[-96.78538,32.607],[-96.78575,32.60765],[-96.78593,32.6091],[-96.78689,32.61019],[-96.78713,32.61081],[-96.78688,32.61147],[-96.78653,32.61163],[-96.78653,32.61729],[-96.7835,32.61728],[-96.78346,32.62157],[-96.7704,32.62795],[-96.76866,32.62402],[-96.76724,32.62149],[-96.76833,32.62045],[-96.76496,32.61304],[-96.76351,32.61108]]]}},{"type":"Feature","properties":{"PRECINCT":"dallas:3803","COUNTY":"Dallas"},"geometry":{"type":"Polygon","coordinates":[[[-96.80563,32.6187],[-96.80563,32.61518],[-96.79524,32.61527],[-96.7946,32.61557],[-96.79333,32.61684],[-96.79048,32.61822],[-96.78952,32.61672],[-96.7898,32.61579],[-96.78909,32.61518],[-96.78933,32.61416],[-96.78818,32.61328],[-96.78782,32.6125],[-96.78773,32.61196],[-96.788,32.61138],[-96.78653,32.61163],[-96.78688,32.61147],[-96.78713,32.61081],[-96.78689,32.61019],[-96.78593,32.6091],[-96.78547,32.60715],[-96.7828,32.60528],[-96.78254,32.60467],[-96.78971,32.60429],[-96.82265,32.6043],[-96.82292,32.61876],[-96.80563,32.6187]]]}},{"type":"Feature","properties":{"PRECINCT":"dallas:3805","COUNTY":"Dallas"},"geometry":{"type":"Polygon","coordinates":[[[-96.77672,32.60524],[-96.77685,32.60103],[-96.77637,32.60075],[-96.77684,32.59949],[-96.77688,32.59859],[-96.77782,32.59854],[-96.77799,32.59879],[-96.77783,32.59959],[-96.77738,32.6],[-96.77825,32.60212],[-96.78006,32.60305],[-96.78,32.60196],[-96.779,32.60162],[-96.77865,32.60106],[-96.77931,32.59933],[-96.77889,32.59795],[-96.78302,32.59678],[-96.78334,32.5976],[-96.78485,32.59732],[-96.78834,32.59731],[-96.78833,32.59362],[-96.78755,32.59221],[-96.79806,32.59212],[-96.8009,32.59263],[-96.80557,32.5926],[-96.80558,32.58775],[-96.80612,32.58673],[-96.80798,32.58927],[-96.80956,32.59006],[-96.81318,32.58984],[-96.81536,32.59049],[-96.81658,32.59058],[-96.81808,32.59036],[-96.81984,32.5904],[-96.82202,32.58996],[-96.82229,32.59065],[-96.82241,32.60187],[-96.82265,32.6043],[-96.78837,32.60431],[-96.78363,32.60453],[-96.77672,32.60524]]]}},{"type":"Feature","properties":{"PRECINCT":"dallas:3806","COUNTY":"Dallas"},"geometry":{"type":"Polygon","coordinates":[[[-96.78006,32.60305],[-96.77829,32.60216],[-96.77776,32.60115],[-96.77776,32.60061],[-96.77738,32.6],[-96.77783,32.59959],[-96.778,32.59883],[-96.77764,32.59778],[-96.77685,32.5975],[-96.77541,32.59772],[-96.7748,32.59709],[-96.77461,32.59637],[-96.77504,32.59607],[-96.7752,32.5954],[-96.77472,32.59483],[-96.77516,32.59298],[-96.77479,32.59261],[-96.77478,32.5919],[-96.77644,32.59218],[-96.78755,32.59221],[-96.78833,32.59362],[-96.78834,32.59731],[-96.78485,32.59732],[-96.78334,32.5976],[-96.78302,32.59678],[-96.77889,32.59795],[-96.77931,32.59933],[-96.77865,32.60106],[-96.779,32.60162],[-96.78,32.60196],[-96.78006,32.60305]]]}},{"type":"Feature","properties":{"PRECINCT":"dallas:3807","COUNTY":"Dallas"},"geometry":{"type":"Polygon","coordinates":[[[-96.76837,32.60502],[-96.76747,32.59555],[-96.76713,32.59511],[-96.76709,32.59157],[-96.77373,32.58957],[-96.77576,32.58861],[-96.77756,32.58811],[-96.78797,32.58314],[-96.79166,32.58279],[-96.79789,32.58101],[-96.80156,32.58167],[-96.80318,32.58264],[-96.80612,32.58673],[-96.80558,32.58775],[-96.80557,32.5926],[-96.8009,32.59263],[-96.79806,32.59212],[-96.77774,32.5922],[-96.77478,32.5919],[-96.77479,32.59261],[-96.77516,32.59298],[-96.77472,32.59483],[-96.7752,32.5954],[-96.77504,32.59607],[-96.77461,32.59637],[-96.7748,32.59709],[-96.77541,32.59772],[-96.77672,32.5975],[-96.77755,32.5977],[-96.77782,32.59854],[-96.77688,32.59859],[-96.77684,32.59949],[-96.77637,32.60046],[-96.77637,32.60075],[-96.77674,32.60086],[-96.77687,32.60116],[-96.77672,32.60524],[-96.76837,32.60502]]]}},{"type":"Feature","properties":{"PRECINCT":"dallas:3808","COUNTY":"Dallas"},"geometry":{"type":"Polygon","coordinates":[[[-96.72573,32.61095],[-96.72579,32.60386],[-96.72665,32.60386],[-96.72649,32.59326],[-96.72025,32.59326],[-96.72024,32.59577],[-96.71256,32.59585],[-96.71256,32.59566],[-96.71204,32.59566],[-96.71206,32.58676],[-96.71569,32.58691],[-96.71566,32.58235],[-96.71225,32.57477],[-96.71549,32.5725],[-96.71283,32.56867],[-96.71139,32.56791],[-96.71323,32.56758],[-96.72319,32.5627],[-96.72536,32.56204],[-96.72687,32.56133],[-96.72882,32.55558],[-96.72262,32.54656],[-96.82213,32.54715],[-96.82237,32.56337],[-96.82229,32.59065],[-96.82202,32.58996],[-96.81984,32.5904],[-96.81808,32.59036],[-96.81658,32.59058],[-96.81536,32.59049],[-96.81318,32.58984],[-96.81037,32.59013],[-96.80901,32.5899],[-96.80779,32.58906],[-96.80293,32.58238],[-96.80136,32.58162],[-96.79851,32.58104],[-96.79736,32.58106],[-96.79166,32.58279],[-96.78779,32.5832],[-96.77756,32.58811],[-96.77576,32.58861],[-96.77373,32.58957],[-96.76709,32.59157],[-96.76713,32.59511],[-96.76747,32.59555],[-96.76838,32.60509],[-96.76391,32.60503],[-96.76105,32.60392],[-96.75321,32.60393],[-96.75335,32.60263],[-96.75286,32.60287],[-96.75227,32.60219],[-96.75293,32.60182],[-96.75243,32.60168],[-96.75254,32.60088],[-96.75294,32.60025],[-96.75264,32.59851],[-96.75201,32.59821],[-96.75162,32.59737],[-96.75325,32.5922],[-96.74814,32.59225],[-96.74786,32.59515],[-96.73726,32.59515],[-96.73717,32.60395],[-96.73602,32.60393],[-96.73605,32.61103],[-96.72573,32.61095]]]}},{"type":"Feature","properties":{"PRECINCT":"dallas:3809","COUNTY":"Dallas"},"geometry":{"type":"Polygon","coordinates":[[[-96.76724,32.62149],[-96.76566,32.61858],[-96.74637,32.61856],[-96.74544,32.61857],[-96.7454,32.61876],[-96.74001,32.61881],[-96.73998,32.61858],[-96.7357,32.61857],[-96.73608,32.61761],[-96.73602,32.60393],[-96.73717,32.60395],[-96.73726,32.59515],[-96.74786,32.59515],[-96.74814,32.59225],[-96.75325,32.5922],[-96.75162,32.59737],[-96.75201,32.59821],[-96.75263,32.59847],[-96.75287,32.59962],[-96.75292,32.60035],[-96.75254,32.60088],[-96.75243,32.60168],[-96.75293,32.60182],[-96.75227,32.60219],[-96.75286,32.60287],[-96.75335,32.60263],[-96.75321,32.60393],[-96.76105,32.60392],[-96.76356,32.60497],[-96.76273,32.60509],[-96.76271,32.60744],[-96.76434,32.60745],[-96.76437,32.61081],[-96.76351,32.61108],[-96.76496,32.61304],[-96.76833,32.62045],[-96.76724,32.62149]]]}},{"type":"Feature","properties":{"PRECINCT":"dallas:3900","COUNTY":"Dallas"},"geometry":{"type":"Polygon","coordinates":[[[-96.82445,32.56728],[-96.82236,32.56711],[-96.82213,32.54715],[-96.85675,32.54734],[-96.85688,32.56501],[-96.83966,32.56505],[-96.83968,32.56715],[-96.82445,32.56728]]]}},{"type":"Feature","properties":{"PRECINCT":"dallas:3940","COUNTY":"Dallas"},"geometry":{"type":"Polygon","coordinates":[[[-96.66667,32.64027],[-96.66432,32.64052],[-96.66096,32.63961],[-96.65638,32.6371],[-96.65458,32.63657],[-96.65226,32.63871],[-96.6513,32.63923],[-96.65061,32.63914],[-96.64895,32.63853],[-96.64353,32.63548],[-96.63266,32.63138],[-96.62875,32.62965],[-96.62826,32.62923],[-96.62816,32.62875],[-96.62877,32.62717],[-96.62797,32.62566],[-96.62797,32.62514],[-96.62912,32.62275],[-96.63058,32.62103],[-96.63054,32.62069],[-96.62995,32.62026],[-96.62346,32.61879],[-96.62209,32.61762],[-96.61909,32.61385],[-96.61705,32.61218],[-96.61516,32.61204],[-96.61183,32.61254],[-96.60962,32.61231],[-96.6075,32.61278],[-96.60664,32.61206],[-96.60633,32.61068],[-96.60592,32.61004],[-96.60302,32.60868],[-96.60216,32.60847],[-96.60115,32.60885],[-96.59957,32.61057],[-96.59849,32.61137],[-96.59713,32.61155],[-96.59531,32.61131],[-96.59431,32.61014],[-96.59445,32.60957],[-96.59565,32.6091],[-96.59766,32.60915],[-96.59868,32.60863],[-96.59938,32.60786],[-96.59941,32.60647],[-96.59875,32.60524],[-96.59797,32.6048],[-96.5974,32.60488],[-96.59667,32.60514],[-96.59613,32.60586],[-96.59516,32.60637],[-96.59121,32.60617],[-96.58952,32.60635],[-96.58905,32.60624],[-96.58854,32.60573],[-96.58632,32.60046],[-96.58779,32.59829],[-96.58807,32.59665],[-96.58771,32.59641],[-96.58691,32.59485],[-96.58693,32.59435],[-96.58438,32.58694],[-96.58282,32.58479],[-96.584,32.58333],[-96.58404,32.58246],[-96.58329,32.58163],[-96.58182,32.58155],[-96.58092,32.58109],[-96.58061,32.58063],[-96.58074,32.58002],[-96.58194,32.57901],[-96.58206,32.57853],[-96.58145,32.57762],[-96.58065,32.57717],[-96.57785,32.57644],[-96.57699,32.5765],[-96.57587,32.57757],[-96.57504,32.57796],[-96.57388,32.57806],[-96.57305,32.57752],[-96.57293,32.57697],[-96.57351,32.57505],[-96.57452,32.57332],[-96.57454,32.57275],[-96.5752,32.57227],[-96.57557,32.57125],[-96.57537,32.56978],[-96.57497,32.56919],[-96.5742,32.56878],[-96.57077,32.56794],[-96.56953,32.56802],[-96.56839,32.5676],[-96.5667,32.56638],[-96.56549,32.56434],[-96.56468,32.56168],[-96.56282,32.55904],[-96.56216,32.55652],[-96.56156,32.55557],[-96.55951,32.55419],[-96.55816,32.55291],[-96.55611,32.55172],[-96.55444,32.55194],[-96.55296,32.55284],[-96.5511,32.55442],[-96.54998,32.55419],[-96.54935,32.55363],[-96.5494,32.55317],[-96.54796,32.55124],[-96.54711,32.55067],[-96.54394,32.54757],[-96.54154,32.54591],[-96.54026,32.54566],[-96.53858,32.54613],[-96.53571,32.54591],[-96.53096,32.54599],[-96.52999,32.54575],[-96.52941,32.54528],[-96.72262,32.54656],[-96.72882,32.55558],[-96.72687,32.56133],[-96.72536,32.56204],[-96.72319,32.5627],[-96.71323,32.56758],[-96.71139,32.56791],[-96.71283,32.56867],[-96.71549,32.5725],[-96.71225,32.57477],[-96.71566,32.58235],[-96.71569,32.58691],[-96.71206,32.58676],[-96.71204,32.59566],[-96.71256,32.59566],[-96.71256,32.59585],[-96.72024,32.59577],[-96.72025,32.59326],[-96.72649,32.59326],[-96.72665,32.60386],[-96.72579,32.60386],[-96.72573,32.61095],[-96.73605,32.61103],[-96.73608,32.61761],[-96.7357,32.61857],[-96.72063,32.6184],[-96.71871,32.61773],[-96.71863,32.61848],[-96.71599,32.61814],[-96.70616,32.62289],[-96.70239,32.62488],[-96.70252,32.62518],[-96.70226,32.62521],[-96.69992,32.61939],[-96.69474,32.62206],[-96.69241,32.62297],[-96.66841,32.63452],[-96.67184,32.6394],[-96.66891,32.64087],[-96.66667,32.64027]]]}},{"type":"Feature","properties":{"PRECINCT":"dallas:3950","COUNTY":"Dallas"},"geometry":{"type":"Polygon","coordinates":[[[-96.69416,32.67949],[-96.69524,32.67804],[-96.69515,32.67671],[-96.6946,32.67591],[-96.69321,32.67478],[-96.69229,32.6726],[-96.69187,32.67203],[-96.69146,32.67192],[-96.68948,32.67184],[-96.68501,32.67323],[-96.67968,32.67622],[-96.67799,32.67636],[-96.67733,32.67608],[-96.67667,32.67546],[-96.67653,32.67464],[-96.67684,32.67377],[-96.67879,32.67172],[-96.67925,32.67075],[-96.67934,32.66987],[-96.67896,32.66882],[-96.67791,32.66758],[-96.67703,32.66705],[-96.67499,32.66653],[-96.67466,32.66621],[-96.6746,32.66575],[-96.67494,32.66532],[-96.67714,32.66452],[-96.67802,32.66389],[-96.67823,32.6632],[-96.67788,32.66268],[-96.67686,32.66198],[-96.67677,32.66096],[-96.67777,32.65989],[-96.67905,32.65534],[-96.68004,32.65396],[-96.6825,32.65172],[-96.6832,32.64961],[-96.68269,32.64892],[-96.68059,32.64762],[-96.67956,32.64755],[-96.67795,32.64778],[-96.67655,32.64716],[-96.67352,32.64485],[-96.67134,32.64245],[-96.66891,32.64087],[-96.67184,32.6394],[-96.66841,32.63452],[-96.69241,32.62297],[-96.69474,32.62206],[-96.69992,32.61939],[-96.70226,32.62521],[-96.70252,32.62518],[-96.70239,32.62488],[-96.70616,32.62289],[-96.71593,32.61816],[-96.71863,32.61848],[-96.71871,32.61773],[-96.72063,32.6184],[-96.7454,32.61876],[-96.74465,32.62346],[-96.73184,32.6296],[-96.72977,32.6355],[-96.73345,32.64078],[-96.73018,32.64226],[-96.73302,32.64642],[-96.72946,32.64813],[-96.73128,32.65079],[-96.72668,32.65297],[-96.72712,32.65363],[-96.72628,32.65409],[-96.72979,32.65922],[-96.72898,32.65975],[-96.72699,32.66035],[-96.72579,32.66096],[-96.72562,32.66081],[-96.72219,32.66261],[-96.72393,32.66697],[-96.726,32.67078],[-96.72549,32.67097],[-96.72517,32.67174],[-96.7242,32.67008],[-96.72322,32.66955],[-96.72132,32.66908],[-96.71908,32.66929],[-96.71415,32.67155],[-96.7107,32.67357],[-96.704,32.67673],[-96.70235,32.67903],[-96.70031,32.67963],[-96.69913,32.68051],[-96.69878,32.68036],[-96.69884,32.67974],[-96.6981,32.67954],[-96.69736,32.67966],[-96.69665,32.6803],[-96.69369,32.68064],[-96.69416,32.67949]]]}},{"type":"Feature","properties":{"PRECINCT":"dallas:3951","COUNTY":"Dallas"},"geometry":{"type":"Polygon","coordinates":[[[-96.88294,32.56807],[-96.88284,32.5659],[-96.87403,32.56588],[-96.87403,32.56529],[-96.86566,32.56529],[-96.86562,32.56512],[-96.86121,32.56508],[-96.86114,32.56583],[-96.86075,32.56591],[-96.85688,32.56596],[-96.85675,32.54734],[-96.87093,32.54744],[-96.87089,32.54868],[-96.87396,32.54941],[-96.87399,32.55034],[-96.87661,32.5498],[-96.87942,32.55085],[-96.88153,32.5502],[-96.88207,32.55118],[-96.88246,32.55142],[-96.88269,32.55468],[-96.88729,32.55476],[-96.88831,32.55568],[-96.88981,32.55658],[-96.88996,32.55687],[-96.88965,32.55801],[-96.89055,32.55918],[-96.89104,32.55926],[-96.89105,32.56809],[-96.88294,32.56807]]]}},{"type":"Feature","properties":{"PRECINCT":"dallas:3952","COUNTY":"Dallas"},"geometry":{"type":"Polygon","coordinates":[[[-96.86808,32.56955],[-96.86353,32.56799],[-96.86261,32.56616],[-96.86137,32.56569],[-96.86114,32.56583],[-96.86121,32.56508],[-96.87403,32.56529],[-96.87403,32.56588],[-96.88284,32.5659],[-96.88285,32.56618],[-96.87999,32.56716],[-96.87703,32.56896],[-96.87404,32.56903],[-96.87405,32.56878],[-96.8719,32.56878],[-96.87159,32.56916],[-96.87103,32.56915],[-96.87101,32.5689],[-96.87067,32.56898],[-96.87017,32.56957],[-96.86808,32.56955]]]}},{"type":"Feature","properties":{"PRECINCT":"dallas:4019","COUNTY":"Dallas"},"geometry":{"type":"Polygon","coordinates":[[[-96.82651,32.82988],[-96.84251,32.81598],[-96.84267,32.81611],[-96.84375,32.81529],[-96.8479,32.81345],[-96.84966,32.81113],[-96.85303,32.81184],[-96.8615,32.81216],[-96.86172,32.81198],[-96.8635,32.81242],[-96.86536,32.81335],[-96.86808,32.81551],[-96.87102,32.81744],[-96.86996,32.81844],[-96.86518,32.82167],[-96.86418,32.82211],[-96.86236,32.82228],[-96.85249,32.82217],[-96.85087,32.8227],[-96.83656,32.83444],[-96.83463,32.83635],[-96.83388,32.83658],[-96.8318,32.83663],[-96.82753,32.83093],[-96.82651,32.82988]]]}},{"type":"Feature","properties":{"PRECINCT":"dallas:4022","COUNTY":"Dallas"},"geometry":{"type":"Polygon","coordinates":[[[-96.83012,32.81395],[-96.83484,32.80996],[-96.84251,32.81598],[-96.83369,32.82358],[-96.83027,32.82045],[-96.83108,32.81979],[-96.82761,32.81685],[-96.82776,32.8164],[-96.82888,32.81547],[-96.83012,32.81395]]]}},{"type":"Feature","properties":{"PRECINCT":"dallas:4023","COUNTY":"Dallas"},"geometry":{"type":"Polygon","coordinates":[[[-96.81848,32.79879],[-96.81616,32.79704],[-96.82191,32.80043],[-96.82389,32.80126],[-96.82979,32.80219],[-96.83253,32.80298],[-96.84966,32.81113],[-96.84953,32.81137],[-96.8479,32.81345],[-96.84375,32.81529],[-96.84267,32.81611],[-96.83075,32.80654],[-96.82835,32.80567],[-96.82214,32.80464],[-96.82004,32.80367],[-96.81723,32.80053],[-96.81848,32.79879]]]}},{"type":"Feature","properties":{"PRECINCT":"dallas:4024","COUNTY":"Dallas"},"geometry":{"type":"Polygon","coordinates":[[[-96.8548,32.79803],[-96.85642,32.79188],[-96.85656,32.7752],[-96.85753,32.77536],[-96.8575,32.77872],[-96.87383,32.77876],[-96.87379,32.78633],[-96.87249,32.78598],[-96.87196,32.7863],[-96.87158,32.78625],[-96.87113,32.7867],[-96.87116,32.78764],[-96.87223,32.78815],[-96.8725,32.78852],[-96.87188,32.78912],[-96.87038,32.78907],[-96.87089,32.79069],[-96.87044,32.79123],[-96.86933,32.79099],[-96.86836,32.7899],[-96.86773,32.7882],[-96.86714,32.78814],[-96.8667,32.78937],[-96.86658,32.79204],[-96.86672,32.79264],[-96.87375,32.79265],[-96.87392,32.79797],[-96.8548,32.79803]]]}},{"type":"Feature","properties":{"PRECINCT":"dallas:4025","COUNTY":"Dallas"},"geometry":{"type":"Polygon","coordinates":[[[-96.87392,32.79797],[-96.87378,32.78688],[-96.87611,32.78661],[-96.87684,32.78687],[-96.87726,32.78737],[-96.87746,32.78885],[-96.87806,32.7899],[-96.87903,32.79015],[-96.88024,32.78973],[-96.88023,32.79271],[-96.88254,32.79274],[-96.88392,32.79812],[-96.87392,32.79797]]]}},{"type":"Feature","properties":{"PRECINCT":"dallas:4028","COUNTY":"Dallas"},"geometry":{"type":"Polygon","coordinates":[[[-96.88023,32.79271],[-96.88024,32.78973],[-96.87903,32.79015],[-96.87794,32.78979],[-96.87746,32.78885],[-96.87726,32.78737],[-96.87665,32.78678],[-96.87533,32.78659],[-96.87378,32.78688],[-96.87383,32.77876],[-96.88256,32.77891],[-96.88258,32.78887],[-96.88224,32.78984],[-96.88368,32.79104],[-96.88548,32.79151],[-96.88658,32.79157],[-96.88659,32.79274],[-96.88023,32.79271]]]}},{"type":"Feature","properties":{"PRECINCT":"dallas:4029","COUNTY":"Dallas"},"geometry":{"type":"Polygon","coordinates":[[[-96.8575,32.77872],[-96.85753,32.77536],[-96.86518,32.77626],[-96.86518,32.77874],[-96.8575,32.77872]]]}},{"type":"Feature","properties":{"PRECINCT":"dallas:4030","COUNTY":"Dallas"},"geometry":{"type":"Polygon","coordinates":[[[-96.86518,32.77626],[-96.86081,32.77571],[-96.86079,32.77587],[-96.85656,32.7752],[-96.85668,32.76644],[-96.86038,32.76716],[-96.87384,32.76755],[-96.87383,32.77876],[-96.86518,32.77874],[-96.86518,32.77626]]]}},{"type":"Feature","properties":{"PRECINCT":"dallas:4031","COUNTY":"Dallas"},"geometry":{"type":"Polygon","coordinates":[[[-96.85051,32.79358],[-96.8357,32.78664],[-96.83582,32.78589],[-96.84131,32.7885],[-96.84407,32.78883],[-96.84407,32.78684],[-96.84328,32.78681],[-96.84328,32.7859],[-96.84561,32.78583],[-96.84561,32.78407],[-96.84637,32.78409],[-96.8464,32.77853],[-96.84996,32.77857],[-96.84998,32.77718],[-96.84917,32.77717],[-96.84918,32.77626],[-96.84793,32.77625],[-96.84793,32.77388],[-96.85657,32.77508],[-96.85645,32.79133],[-96.85582,32.79432],[-96.85328,32.79425],[-96.85051,32.79358]]]}},{"type":"Feature","properties":{"PRECINCT":"dallas:4033","COUNTY":"Dallas"},"geometry":{"type":"Polygon","coordinates":[[[-96.82308,32.80098],[-96.81616,32.79704],[-96.81714,32.79797],[-96.81848,32.79879],[-96.81723,32.80053],[-96.81561,32.79879],[-96.81486,32.7984],[-96.81502,32.79711],[-96.8137,32.79375],[-96.81024,32.78265],[-96.81191,32.78232],[-96.81217,32.77683],[-96.81149,32.77229],[-96.81111,32.77139],[-96.81768,32.77021],[-96.81929,32.77397],[-96.82081,32.77632],[-96.82285,32.78078],[-96.82471,32.7835],[-96.82709,32.78582],[-96.83509,32.78965],[-96.8357,32.78664],[-96.85051,32.79358],[-96.85328,32.79425],[-96.85582,32.79432],[-96.85237,32.80629],[-96.8495,32.81107],[-96.83253,32.80298],[-96.83053,32.80234],[-96.8253,32.80159],[-96.82308,32.80098]]]}},{"type":"Feature","properties":{"PRECINCT":"dallas:4035","COUNTY":"Dallas"},"geometry":{"type":"Polygon","coordinates":[[[-96.82461,32.73285],[-96.82545,32.73022],[-96.82565,32.72755],[-96.8269,32.72331],[-96.82902,32.72333],[-96.82882,32.72267],[-96.82909,32.72166],[-96.82903,32.72143],[-96.82838,32.72143],[-96.8284,32.72047],[-96.8367,32.72031],[-96.8368,32.73122],[-96.83754,32.73266],[-96.83473,32.73215],[-96.83432,32.73285],[-96.8343,32.73401],[-96.83216,32.73431],[-96.82896,32.73321],[-96.82461,32.73285]]]}},{"type":"Feature","properties":{"PRECINCT":"dallas:4036","COUNTY":"Dallas"},"geometry":{"type":"Polygon","coordinates":[[[-96.8269,32.72331],[-96.82978,32.71317],[-96.84013,32.71311],[-96.84013,32.71387],[-96.83944,32.71416],[-96.83865,32.71594],[-96.83617,32.71814],[-96.83656,32.71897],[-96.8367,32.72031],[-96.8284,32.72047],[-96.82838,32.72143],[-96.82903,32.72143],[-96.82909,32.72166],[-96.82882,32.72267],[-96.82902,32.72333],[-96.8269,32.72331]]]}},{"type":"Feature","properties":{"PRECINCT":"dallas:4037","COUNTY":"Dallas"},"geometry":{"type":"Polygon","coordinates":[[[-96.83999,32.71388],[-96.84002,32.72034],[-96.8367,32.72031],[-96.83656,32.71897],[-96.83617,32.71814],[-96.83865,32.71594],[-96.83944,32.71416],[-96.83999,32.71388]]]}},{"type":"Feature","properties":{"PRECINCT":"dallas:4038","COUNTY":"Dallas"},"geometry":{"type":"Polygon","coordinates":[[[-96.81167,32.73835],[-96.81143,32.72953],[-96.81445,32.7295],[-96.81455,32.72144],[-96.82464,32.7214],[-96.82463,32.72233],[-96.82642,32.72235],[-96.82613,32.7233],[-96.8269,32.72331],[-96.82565,32.72755],[-96.82545,32.73022],[-96.82461,32.73285],[-96.82333,32.73284],[-96.82195,32.73335],[-96.81248,32.74109],[-96.81228,32.73977],[-96.81167,32.73835]]]}},{"type":"Feature","properties":{"PRECINCT":"dallas:4039","COUNTY":"Dallas"},"geometry":{"type":"Polygon","coordinates":[[[-96.80753,32.72032],[-96.80317,32.72004],[-96.80318,32.71626],[-96.80367,32.71549],[-96.80328,32.71527],[-96.80369,32.71475],[-96.80373,32.71318],[-96.81098,32.71317],[-96.81094,32.71491],[-96.81457,32.71496],[-96.81452,32.71909],[-96.81327,32.71907],[-96.81324,32.72021],[-96.80753,32.72032]]]}},{"type":"Feature","properties":{"PRECINCT":"dallas:4040","COUNTY":"Dallas"},"geometry":{"type":"Polygon","coordinates":[[[-96.8092,32.73567],[-96.8092,32.73542],[-96.80325,32.73541],[-96.80449,32.72761],[-96.81144,32.7277],[-96.81145,32.73564],[-96.8092,32.73567]]]}},{"type":"Feature","properties":{"PRECINCT":"dallas:4041","COUNTY":"Dallas"},"geometry":{"type":"Polygon","coordinates":[[[-96.81143,32.72953],[-96.81144,32.7277],[-96.80549,32.72775],[-96.80549,32.72761],[-96.80449,32.72761],[-96.80462,32.72674],[-96.80347,32.72669],[-96.80347,32.72368],[-96.80512,32.72366],[-96.80536,32.72115],[-96.80495,32.72018],[-96.80574,32.72031],[-96.80556,32.72496],[-96.80934,32.72501],[-96.80963,32.72501],[-96.8097,32.72034],[-96.81455,32.72031],[-96.81445,32.7295],[-96.81143,32.72953]]]}},{"type":"Feature","properties":{"PRECINCT":"dallas:4043","COUNTY":"Dallas"},"geometry":{"type":"Polygon","coordinates":[[[-96.83083,32.7068],[-96.83222,32.70503],[-96.83406,32.70503],[-96.83741,32.70584],[-96.84017,32.70589],[-96.84013,32.71311],[-96.82978,32.71317],[-96.83018,32.71155],[-96.83044,32.70793],[-96.83083,32.7068]]]}},{"type":"Feature","properties":{"PRECINCT":"dallas:4044","COUNTY":"Dallas"},"geometry":{"type":"Polygon","coordinates":[[[-96.81694,32.72022],[-96.81695,32.7191],[-96.81452,32.71909],[-96.81457,32.71317],[-96.82978,32.71317],[-96.82774,32.72036],[-96.81694,32.72022]]]}},{"type":"Feature","properties":{"PRECINCT":"dallas:4046","COUNTY":"Dallas"},"geometry":{"type":"Polygon","coordinates":[[[-96.81457,32.71137],[-96.81458,32.70752],[-96.82297,32.70752],[-96.82299,32.70596],[-96.8259,32.7059],[-96.82807,32.70551],[-96.82977,32.70799],[-96.83137,32.70514],[-96.83212,32.70513],[-96.83121,32.70619],[-96.83056,32.70748],[-96.83018,32.71155],[-96.82978,32.71317],[-96.81331,32.7132],[-96.81333,32.71137],[-96.81457,32.71137]]]}},{"type":"Feature","properties":{"PRECINCT":"dallas:4047","COUNTY":"Dallas"},"geometry":{"type":"Polygon","coordinates":[[[-96.80557,32.7042],[-96.80505,32.70319],[-96.80673,32.7024],[-96.80704,32.70354],[-96.80883,32.7026],[-96.80901,32.70295],[-96.81086,32.70299],[-96.81081,32.71135],[-96.81047,32.71136],[-96.8115,32.71318],[-96.80438,32.71316],[-96.80406,32.71155],[-96.80068,32.70661],[-96.80557,32.7042]]]}},{"type":"Feature","properties":{"PRECINCT":"dallas:4048","COUNTY":"Dallas"},"geometry":{"type":"Polygon","coordinates":[[[-96.82807,32.70551],[-96.83137,32.70514],[-96.82977,32.70799],[-96.82807,32.70551]]]}},{"type":"Feature","properties":{"PRECINCT":"dallas:4049","COUNTY":"Dallas"},"geometry":{"type":"Polygon","coordinates":[[[-96.97379,32.64334],[-96.97262,32.64037],[-96.97378,32.64039],[-96.97496,32.64138],[-96.9755,32.64156],[-96.98488,32.64302],[-96.98483,32.64245],[-96.99001,32.6433],[-96.9896,32.64405],[-96.98952,32.64599],[-96.98812,32.64673],[-96.98811,32.64709],[-96.98868,32.64742],[-96.98903,32.65007],[-96.99025,32.65181],[-96.9901,32.65216],[-96.99319,32.65846],[-96.98735,32.66096],[-96.98738,32.6619],[-96.98782,32.66272],[-96.98656,32.66461],[-96.98641,32.66564],[-96.98663,32.66646],[-96.98608,32.66681],[-96.98695,32.66879],[-96.98629,32.66998],[-96.98524,32.67029],[-96.98511,32.66765],[-96.98452,32.66557],[-96.98144,32.65978],[-96.97379,32.64334]]]}},{"type":"Feature","properties":{"PRECINCT":"dallas:4050","COUNTY":"Dallas"},"geometry":{"type":"Polygon","coordinates":[[[-96.94682,32.66828],[-96.94618,32.66744],[-96.94389,32.66576],[-96.94323,32.66432],[-96.94324,32.65923],[-96.94537,32.65949],[-96.94599,32.65793],[-96.94544,32.65763],[-96.94472,32.65669],[-96.94469,32.65617],[-96.94538,32.65602],[-96.94568,32.65488],[-96.94534,32.65385],[-96.9444,32.65303],[-96.94458,32.65228],[-96.94975,32.65068],[-96.94951,32.65024],[-96.95074,32.649],[-96.9517,32.64932],[-96.95201,32.64878],[-96.9529,32.64885],[-96.95398,32.64836],[-96.95529,32.64842],[-96.95547,32.64758],[-96.95758,32.64763],[-96.95991,32.64872],[-96.95981,32.64785],[-96.9591,32.64654],[-96.95938,32.64609],[-96.95934,32.64514],[-96.96128,32.64604],[-96.9646,32.64931],[-96.96763,32.65034],[-96.96912,32.64894],[-96.96971,32.64882],[-96.96974,32.64848],[-96.96861,32.64778],[-96.96715,32.64783],[-96.96663,32.64751],[-96.96721,32.64613],[-96.96866,32.64615],[-96.96926,32.64532],[-96.97025,32.64514],[-96.97019,32.64371],[-96.97183,32.64381],[-96.97182,32.64513],[-96.97066,32.64648],[-96.97198,32.64698],[-96.97311,32.64704],[-96.97413,32.64684],[-96.97515,32.64893],[-96.97593,32.64866],[-96.97724,32.65131],[-96.97749,32.65124],[-96.98267,32.66212],[-96.98132,32.66359],[-96.98013,32.66663],[-96.97769,32.66863],[-96.97572,32.67093],[-96.96613,32.67021],[-96.96053,32.66869],[-96.9586,32.66852],[-96.95313,32.66936],[-96.95012,32.66957],[-96.94887,32.66988],[-96.9476,32.67054],[-96.94718,32.67051],[-96.94721,32.66939],[-96.94682,32.66828]]]}},{"type":"Feature","properties":{"PRECINCT":"dallas:4051","COUNTY":"Dallas"},"geometry":{"type":"Polygon","coordinates":[[[-96.9783,32.70573],[-96.9781,32.70466],[-96.9771,32.70304],[-96.97611,32.70235],[-96.97577,32.70236],[-96.97473,32.70152],[-96.97514,32.70099],[-96.97652,32.70094],[-96.97657,32.70131],[-96.977,32.70156],[-96.97809,32.70123],[-96.97725,32.69985],[-96.97481,32.69872],[-96.97528,32.69783],[-96.97698,32.69665],[-96.97853,32.69396],[-96.97776,32.69422],[-96.97724,32.69473],[-96.97667,32.69466],[-96.97594,32.69499],[-96.97624,32.69558],[-96.97611,32.696],[-96.97569,32.6961],[-96.97494,32.69584],[-96.97433,32.69602],[-96.97397,32.69679],[-96.97318,32.69733],[-96.97308,32.69617],[-96.97364,32.69335],[-96.97334,32.69141],[-96.9716,32.68988],[-96.97159,32.68899],[-96.97077,32.68715],[-96.97104,32.6844],[-96.97197,32.68291],[-96.97146,32.68143],[-96.97224,32.68001],[-96.97225,32.67895],[-96.9728,32.67688],[-96.97341,32.67589],[-96.97436,32.67507],[-96.97454,32.67427],[-96.97439,32.67268],[-96.97572,32.67093],[-96.9825,32.67185],[-96.98251,32.67824],[-96.98336,32.67825],[-96.98339,32.67927],[-96.98511,32.67923],[-96.98508,32.68828],[-96.98534,32.69305],[-96.98571,32.69409],[-96.98541,32.6944],[-96.98567,32.70568],[-96.9839,32.70552],[-96.9783,32.70573]]]}},{"type":"Feature","properties":{"PRECINCT":"dallas:4052","COUNTY":"Dallas"},"geometry":{"type":"Polygon","coordinates":[[[-96.95022,32.70586],[-96.93447,32.70554],[-96.92856,32.7062],[-96.92489,32.70613],[-96.92235,32.70578],[-96.90876,32.70574],[-96.90862,32.67645],[-96.92576,32.67648],[-96.92562,32.67093],[-96.92582,32.66234],[-96.93953,32.66235],[-96.94315,32.66217],[-96.94323,32.66432],[-96.94349,32.66515],[-96.94406,32.66593],[-96.946,32.66729],[-96.94669,32.66805],[-96.94717,32.66919],[-96.94718,32.67051],[-96.9476,32.67054],[-96.94887,32.66988],[-96.95012,32.66957],[-96.95313,32.66936],[-96.9586,32.66852],[-96.96053,32.66869],[-96.96613,32.67021],[-96.97572,32.67093],[-96.97439,32.67268],[-96.97454,32.67427],[-96.97436,32.67507],[-96.97341,32.67589],[-96.9728,32.67688],[-96.97225,32.67895],[-96.97224,32.68001],[-96.97146,32.68143],[-96.97197,32.68291],[-96.97122,32.68388],[-96.97091,32.68504],[-96.97078,32.6873],[-96.97159,32.68899],[-96.97152,32.6897],[-96.97313,32.69109],[-96.97357,32.69241],[-96.97359,32.6938],[-96.97308,32.69617],[-96.97318,32.69733],[-96.97145,32.69848],[-96.97165,32.69771],[-96.97082,32.69765],[-96.97058,32.69737],[-96.97106,32.69644],[-96.9708,32.6964],[-96.97094,32.69622],[-96.97054,32.69529],[-96.97012,32.6952],[-96.96987,32.69452],[-96.96903,32.6945],[-96.96754,32.69556],[-96.96691,32.69638],[-96.96596,32.69701],[-96.96516,32.69717],[-96.96387,32.69825],[-96.96343,32.69779],[-96.96314,32.69783],[-96.96307,32.69864],[-96.96176,32.69977],[-96.96131,32.6999],[-96.9609,32.7005],[-96.95983,32.70105],[-96.95957,32.702],[-96.95743,32.7043],[-96.95699,32.70597],[-96.95673,32.70584],[-96.95609,32.70601],[-96.95539,32.70668],[-96.95498,32.70802],[-96.95311,32.70755],[-96.95097,32.70611],[-96.95022,32.70586]]]}},{"type":"Feature","properties":{"PRECINCT":"dallas:4053","COUNTY":"Dallas"},"geometry":{"type":"Polygon","coordinates":[[[-96.98148,32.73008],[-96.97842,32.72831],[-96.97831,32.72803],[-96.97786,32.72801],[-96.97568,32.72681],[-96.97404,32.72541],[-96.97273,32.72463],[-96.97328,32.72284],[-96.97426,32.72169],[-96.97398,32.72045],[-96.97119,32.72073],[-96.97118,32.72053],[-96.96008,32.71393],[-96.95615,32.71842],[-96.95342,32.71679],[-96.95254,32.71694],[-96.95186,32.71619],[-96.9525,32.71564],[-96.95367,32.71534],[-96.95446,32.71479],[-96.9547,32.71381],[-96.95402,32.71202],[-96.95377,32.71053],[-96.9548,32.70871],[-96.95496,32.70756],[-96.95539,32.70668],[-96.95609,32.70601],[-96.95673,32.70584],[-96.95699,32.70597],[-96.95743,32.7043],[-96.95957,32.702],[-96.95983,32.70105],[-96.9609,32.7005],[-96.96131,32.6999],[-96.96176,32.69977],[-96.96307,32.69864],[-96.96314,32.69783],[-96.96343,32.69779],[-96.96387,32.69825],[-96.96516,32.69717],[-96.96596,32.69701],[-96.96691,32.69638],[-96.96754,32.69556],[-96.96903,32.6945],[-96.96987,32.69452],[-96.97012,32.6952],[-96.97054,32.69529],[-96.97094,32.69622],[-96.9708,32.6964],[-96.97106,32.69644],[-96.97058,32.69737],[-96.97082,32.69765],[-96.97165,32.69771],[-96.97149,32.69849],[-96.97388,32.69689],[-96.97433,32.69602],[-96.97494,32.69584],[-96.97598,32.69608],[-96.97625,32.69568],[-96.97594,32.69499],[-96.97667,32.69466],[-96.97724,32.69473],[-96.97776,32.69422],[-96.97853,32.69396],[-96.97698,32.69665],[-96.97528,32.69783],[-96.97481,32.69872],[-96.97725,32.69985],[-96.97809,32.70123],[-96.977,32.70156],[-96.97657,32.70131],[-96.97652,32.70094],[-96.97514,32.70099],[-96.97473,32.70152],[-96.97577,32.70236],[-96.97611,32.70235],[-96.9771,32.70304],[-96.9781,32.70466],[-96.97816,32.7055],[-96.97864,32.70612],[-96.97863,32.70641],[-96.97794,32.70706],[-96.97779,32.70828],[-96.97715,32.70864],[-96.97689,32.70919],[-96.97671,32.71027],[-96.98118,32.71043],[-96.98087,32.71418],[-96.98016,32.71493],[-96.9776,32.71619],[-96.97725,32.71722],[-96.97721,32.72626],[-96.9815,32.72628],[-96.98147,32.72915],[-96.98252,32.72915],[-96.98148,32.73008]]]}},{"type":"Feature","properties":{"PRECINCT":"dallas:4055","COUNTY":"Dallas"},"geometry":{"type":"Polygon","coordinates":[[[-96.86972,32.72039],[-96.87809,32.71743],[-96.88738,32.71269],[-96.89147,32.71108],[-96.89148,32.71164],[-96.89168,32.71163],[-96.89492,32.71064],[-96.89587,32.71109],[-96.89603,32.71168],[-96.89796,32.71198],[-96.90008,32.71199],[-96.90007,32.7138],[-96.90869,32.71374],[-96.90876,32.72054],[-96.86972,32.72039]]]}},{"type":"Feature","properties":{"PRECINCT":"dallas:4056","COUNTY":"Dallas"},"geometry":{"type":"Polygon","coordinates":[[[-96.85861,32.7058],[-96.86082,32.70483],[-96.86336,32.7048],[-96.87309,32.70495],[-96.87546,32.70582],[-96.88089,32.70582],[-96.88104,32.70602],[-96.88086,32.7082],[-96.88144,32.70904],[-96.88129,32.71044],[-96.88203,32.71262],[-96.8819,32.71349],[-96.88119,32.71472],[-96.88136,32.71582],[-96.87734,32.71771],[-96.86105,32.7234],[-96.85708,32.72533],[-96.85718,32.70581],[-96.85861,32.7058]]]}},{"type":"Feature","properties":{"PRECINCT":"dallas:4057","COUNTY":"Dallas"},"geometry":{"type":"Polygon","coordinates":[[[-96.84017,32.70589],[-96.85718,32.70581],[-96.85711,32.7142],[-96.85432,32.71419],[-96.85433,32.71514],[-96.85294,32.71527],[-96.85128,32.71661],[-96.84407,32.71671],[-96.84262,32.7171],[-96.84092,32.71827],[-96.84004,32.71845],[-96.83986,32.71755],[-96.84013,32.71672],[-96.84017,32.70589]]]}},{"type":"Feature","properties":{"PRECINCT":"dallas:4058","COUNTY":"Dallas"},"geometry":{"type":"Polygon","coordinates":[[[-96.84002,32.72034],[-96.84004,32.71845],[-96.84092,32.71827],[-96.8429,32.71699],[-96.84457,32.71667],[-96.85106,32.71666],[-96.85322,32.71514],[-96.85433,32.71514],[-96.85432,32.71419],[-96.85711,32.7142],[-96.85708,32.72022],[-96.84002,32.72034]]]}},{"type":"Feature","properties":{"PRECINCT":"dallas:4059","COUNTY":"Dallas"},"geometry":{"type":"Polygon","coordinates":[[[-96.98576,32.73492],[-96.98581,32.72727],[-96.98738,32.72737],[-96.9874,32.72552],[-96.98987,32.72554],[-96.98985,32.72717],[-96.98906,32.72761],[-96.98947,32.729],[-96.99135,32.73058],[-96.9926,32.73039],[-96.9933,32.73135],[-96.99387,32.73126],[-96.99401,32.7316],[-96.99364,32.7316],[-96.99411,32.73164],[-96.99412,32.73228],[-96.993,32.7323],[-96.99301,32.73493],[-96.98576,32.73492]]]}},{"type":"Feature","properties":{"PRECINCT":"dallas:4063","COUNTY":"Dallas"},"geometry":{"type":"Polygon","coordinates":[[[-96.83434,32.73275],[-96.83484,32.73214],[-96.83754,32.73266],[-96.8368,32.73122],[-96.8367,32.72031],[-96.85708,32.72022],[-96.85708,32.72533],[-96.85295,32.72779],[-96.84262,32.73227],[-96.8343,32.73401],[-96.83434,32.73275]]]}},{"type":"Feature","properties":{"PRECINCT":"dallas:4070","COUNTY":"Dallas"},"geometry":{"type":"Polygon","coordinates":[[[-96.82414,32.73445],[-96.82461,32.73285],[-96.82896,32.73321],[-96.83216,32.73431],[-96.83763,32.73328],[-96.8376,32.74316],[-96.825,32.74311],[-96.82379,32.74319],[-96.82284,32.7435],[-96.82281,32.7401],[-96.82369,32.73905],[-96.82398,32.73824],[-96.82414,32.73445]]]}},{"type":"Feature","properties":{"PRECINCT":"dallas:4071","COUNTY":"Dallas"},"geometry":{"type":"Polygon","coordinates":[[[-96.80988,32.75121],[-96.80988,32.74986],[-96.81023,32.74865],[-96.81084,32.74739],[-96.81144,32.74675],[-96.81271,32.74579],[-96.81563,32.74423],[-96.81563,32.74394],[-96.82281,32.7401],[-96.82288,32.74941],[-96.82021,32.74943],[-96.81661,32.75118],[-96.80988,32.75121]]]}},{"type":"Feature","properties":{"PRECINCT":"dallas:4072","COUNTY":"Dallas"},"geometry":{"type":"Polygon","coordinates":[[[-96.82375,32.73279],[-96.82461,32.73285],[-96.82397,32.73535],[-96.82398,32.73824],[-96.82353,32.7393],[-96.82236,32.74043],[-96.81563,32.74394],[-96.81547,32.74193],[-96.81363,32.74012],[-96.82173,32.7335],[-96.82251,32.73307],[-96.82375,32.73279]]]}},{"type":"Feature","properties":{"PRECINCT":"dallas:4074","COUNTY":"Dallas"},"geometry":{"type":"Polygon","coordinates":[[[-96.83758,32.74949],[-96.83764,32.74133],[-96.85688,32.74126],[-96.85686,32.74961],[-96.83758,32.74949]]]}},{"type":"Feature","properties":{"PRECINCT":"dallas:4075","COUNTY":"Dallas"},"geometry":{"type":"Polygon","coordinates":[[[-96.825,32.74311],[-96.8376,32.74316],[-96.83758,32.74949],[-96.82288,32.74941],[-96.82284,32.7435],[-96.82379,32.74319],[-96.825,32.74311]]]}},{"type":"Feature","properties":{"PRECINCT":"dallas:4077","COUNTY":"Dallas"},"geometry":{"type":"Polygon","coordinates":[[[-96.84643,32.75474],[-96.84107,32.75128],[-96.84028,32.75238],[-96.83745,32.75238],[-96.83758,32.74949],[-96.85243,32.74957],[-96.85244,32.75163],[-96.85066,32.75185],[-96.84821,32.75179],[-96.84816,32.75476],[-96.84643,32.75474]]]}},{"type":"Feature","properties":{"PRECINCT":"dallas:4078","COUNTY":"Dallas"},"geometry":{"type":"Polygon","coordinates":[[[-96.82292,32.75889],[-96.82288,32.74941],[-96.83758,32.74949],[-96.83745,32.75238],[-96.83158,32.75224],[-96.83136,32.75768],[-96.82694,32.75767],[-96.82608,32.75891],[-96.82523,32.75919],[-96.82292,32.75889]]]}},{"type":"Feature","properties":{"PRECINCT":"dallas:4079","COUNTY":"Dallas"},"geometry":{"type":"Polygon","coordinates":[[[-96.83579,32.76382],[-96.83549,32.75863],[-96.83618,32.75863],[-96.8371,32.758],[-96.83743,32.75749],[-96.83745,32.75238],[-96.84028,32.75238],[-96.84107,32.75128],[-96.84643,32.75474],[-96.84816,32.75476],[-96.84821,32.75179],[-96.85066,32.75185],[-96.85244,32.75163],[-96.85243,32.74957],[-96.8567,32.74961],[-96.85681,32.75568],[-96.85752,32.75536],[-96.8585,32.75414],[-96.85928,32.75452],[-96.85998,32.75542],[-96.8625,32.75547],[-96.86292,32.75588],[-96.86301,32.75722],[-96.86416,32.75835],[-96.86095,32.75978],[-96.86215,32.76153],[-96.86214,32.76228],[-96.8605,32.76304],[-96.85753,32.76311],[-96.85788,32.76354],[-96.85896,32.76356],[-96.85955,32.76406],[-96.85198,32.7641],[-96.85034,32.76463],[-96.8482,32.76413],[-96.84512,32.76411],[-96.84238,32.7649],[-96.83835,32.76692],[-96.8357,32.76751],[-96.83557,32.76505],[-96.83579,32.76382]]]}},{"type":"Feature","properties":{"PRECINCT":"dallas:4080","COUNTY":"Dallas"},"geometry":{"type":"Polygon","coordinates":[[[-96.82285,32.7692],[-96.82292,32.75889],[-96.82595,32.75935],[-96.82906,32.75937],[-96.82983,32.75926],[-96.83082,32.75863],[-96.83549,32.75863],[-96.8358,32.76357],[-96.83557,32.76505],[-96.8357,32.76751],[-96.82609,32.76862],[-96.82285,32.7692]]]}},{"type":"Feature","properties":{"PRECINCT":"dallas:4082","COUNTY":"Dallas"},"geometry":{"type":"Polygon","coordinates":[[[-96.82569,32.77876],[-96.82343,32.77576],[-96.8236,32.77542],[-96.82309,32.77535],[-96.82283,32.77487],[-96.823,32.77402],[-96.82407,32.77442],[-96.82407,32.77268],[-96.82503,32.77267],[-96.82506,32.77441],[-96.82663,32.77408],[-96.82664,32.77317],[-96.82921,32.77314],[-96.82921,32.77354],[-96.83159,32.77302],[-96.83849,32.773],[-96.84175,32.77266],[-96.84796,32.77266],[-96.84793,32.77625],[-96.84918,32.77626],[-96.84917,32.77717],[-96.84998,32.77718],[-96.84996,32.77857],[-96.82856,32.77856],[-96.82569,32.77876]]]}},{"type":"Feature","properties":{"PRECINCT":"dallas:4083","COUNTY":"Dallas"},"geometry":{"type":"Polygon","coordinates":[[[-96.82318,32.77401],[-96.82286,32.77419],[-96.82285,32.76961],[-96.82334,32.76949],[-96.82307,32.76916],[-96.82609,32.76862],[-96.83704,32.76729],[-96.83835,32.76692],[-96.84238,32.7649],[-96.84512,32.76411],[-96.8482,32.76413],[-96.85034,32.76463],[-96.84794,32.76543],[-96.84796,32.77266],[-96.84175,32.77266],[-96.83849,32.773],[-96.83159,32.77302],[-96.82921,32.77354],[-96.82921,32.77314],[-96.82664,32.77317],[-96.82663,32.77408],[-96.82506,32.77441],[-96.82503,32.77267],[-96.82407,32.77268],[-96.82407,32.77442],[-96.82318,32.77401]]]}},{"type":"Feature","properties":{"PRECINCT":"dallas:4084","COUNTY":"Dallas"},"geometry":{"type":"Polygon","coordinates":[[[-96.84131,32.7885],[-96.83582,32.78589],[-96.83581,32.78467],[-96.83638,32.78467],[-96.83639,32.78544],[-96.84125,32.78552],[-96.84126,32.78325],[-96.84209,32.78326],[-96.84206,32.78231],[-96.84272,32.78231],[-96.84273,32.77853],[-96.8464,32.77853],[-96.84637,32.78409],[-96.84561,32.78407],[-96.84561,32.78583],[-96.84328,32.7859],[-96.84328,32.78681],[-96.84407,32.78684],[-96.84407,32.78883],[-96.84131,32.7885]]]}},{"type":"Feature","properties":{"PRECINCT":"dallas:4085","COUNTY":"Dallas"},"geometry":{"type":"Polygon","coordinates":[[[-96.8357,32.78664],[-96.82944,32.78374],[-96.82729,32.78233],[-96.82511,32.77964],[-96.82602,32.77916],[-96.82574,32.77882],[-96.82856,32.77856],[-96.84273,32.77853],[-96.84272,32.78231],[-96.84206,32.78231],[-96.84209,32.78326],[-96.84126,32.78325],[-96.84125,32.78552],[-96.83639,32.78544],[-96.83638,32.78467],[-96.83581,32.78467],[-96.8357,32.78664]]]}},{"type":"Feature","properties":{"PRECINCT":"dallas:4090","COUNTY":"Dallas"},"geometry":{"type":"Polygon","coordinates":[[[-96.90854,32.71199],[-96.90873,32.71158],[-96.90869,32.71374],[-96.90007,32.7138],[-96.90008,32.71199],[-96.90854,32.71199]]]}},{"type":"Feature","properties":{"PRECINCT":"dallas:4091","COUNTY":"Dallas"},"geometry":{"type":"Polygon","coordinates":[[[-96.95796,32.7465],[-96.95798,32.73888],[-96.95144,32.7387],[-96.95141,32.73795],[-96.95036,32.73783],[-96.94866,32.73669],[-96.94864,32.73876],[-96.94307,32.73873],[-96.9429,32.74223],[-96.93827,32.74216],[-96.93703,32.74312],[-96.93706,32.74424],[-96.93532,32.74428],[-96.93567,32.7435],[-96.93043,32.74344],[-96.93109,32.74259],[-96.93236,32.74194],[-96.93298,32.7398],[-96.93636,32.73925],[-96.93666,32.73897],[-96.93672,32.73825],[-96.93706,32.73768],[-96.93752,32.73728],[-96.93874,32.73696],[-96.93962,32.73638],[-96.94137,32.73397],[-96.94299,32.73363],[-96.94379,32.73248],[-96.96008,32.71393],[-96.97118,32.72053],[-96.97119,32.72073],[-96.97398,32.72045],[-96.97426,32.72169],[-96.97328,32.72284],[-96.97285,32.72387],[-96.97285,32.72481],[-96.97404,32.72541],[-96.97568,32.72681],[-96.97786,32.72801],[-96.97831,32.72803],[-96.97865,32.72846],[-96.98148,32.73008],[-96.98474,32.72718],[-96.98581,32.72727],[-96.98576,32.73492],[-96.98389,32.7349],[-96.98389,32.73816],[-96.98772,32.73821],[-96.98765,32.74453],[-96.98744,32.74537],[-96.96943,32.74609],[-96.96906,32.74638],[-96.96846,32.74614],[-96.95796,32.7465]]]}},{"type":"Feature","properties":{"PRECINCT":"dallas:4093","COUNTY":"Dallas"},"geometry":{"type":"Polygon","coordinates":[[[-96.89147,32.69554],[-96.89154,32.69146],[-96.8919,32.6917],[-96.89371,32.69382],[-96.89465,32.69506],[-96.89432,32.69525],[-96.89357,32.69553],[-96.89147,32.69554]]]}},{"type":"Feature","properties":{"PRECINCT":"dallas:40A3","COUNTY":"Dallas"},"geometry":{"type":"Polygon","coordinates":[[[-96.81109,32.77151],[-96.81149,32.77229],[-96.81217,32.77683],[-96.81191,32.78232],[-96.81142,32.78241],[-96.81161,32.77972],[-96.81087,32.77271],[-96.8106,32.77208],[-96.81109,32.77151]]]}},{"type":"Feature","properties":{"PRECINCT":"dallas:4100","COUNTY":"Dallas"},"geometry":{"type":"Polygon","coordinates":[[[-96.8175,32.80607],[-96.81568,32.79898],[-96.82025,32.80381],[-96.8175,32.80607]]]}},{"type":"Feature","properties":{"PRECINCT":"dallas:4101","COUNTY":"Dallas"},"geometry":{"type":"Polygon","coordinates":[[[-96.87375,32.79265],[-96.86672,32.79264],[-96.86658,32.79204],[-96.8667,32.78937],[-96.86703,32.78825],[-96.86729,32.78805],[-96.86768,32.78814],[-96.86836,32.7899],[-96.86933,32.79099],[-96.87044,32.79123],[-96.87089,32.79069],[-96.87038,32.78907],[-96.87188,32.78912],[-96.8725,32.78852],[-96.87223,32.78815],[-96.87116,32.78764],[-96.87113,32.7867],[-96.87158,32.78625],[-96.87196,32.7863],[-96.87249,32.78598],[-96.87379,32.78633],[-96.87375,32.79265]]]}},{"type":"Feature","properties":{"PRECINCT":"dallas:4107","COUNTY":"Dallas"},"geometry":{"type":"Polygon","coordinates":[[[-96.82642,32.72244],[-96.82463,32.72233],[-96.82464,32.7214],[-96.81455,32.72144],[-96.81449,32.7202],[-96.82774,32.72036],[-96.8269,32.72331],[-96.82613,32.7233],[-96.82642,32.72244]]]}},{"type":"Feature","properties":{"PRECINCT":"dallas:4108","COUNTY":"Dallas"},"geometry":{"type":"Polygon","coordinates":[[[-96.81327,32.71907],[-96.81695,32.7191],[-96.81694,32.72022],[-96.81324,32.72021],[-96.81327,32.71907]]]}},{"type":"Feature","properties":{"PRECINCT":"dallas:4109","COUNTY":"Dallas"},"geometry":{"type":"Polygon","coordinates":[[[-96.81094,32.71491],[-96.81098,32.71317],[-96.81457,32.71317],[-96.81457,32.71496],[-96.81094,32.71491]]]}},{"type":"Feature","properties":{"PRECINCT":"dallas:4110","COUNTY":"Dallas"},"geometry":{"type":"Polygon","coordinates":[[[-96.81081,32.71135],[-96.81086,32.70299],[-96.82297,32.70302],[-96.82325,32.69754],[-96.82422,32.70099],[-96.82667,32.70471],[-96.82755,32.70566],[-96.8259,32.7059],[-96.82299,32.70596],[-96.82297,32.70752],[-96.81458,32.70752],[-96.81457,32.71137],[-96.81333,32.71137],[-96.81331,32.7132],[-96.8115,32.71318],[-96.81047,32.71136],[-96.81081,32.71135]]]}},{"type":"Feature","properties":{"PRECINCT":"dallas:4111","COUNTY":"Dallas"},"geometry":{"type":"Polygon","coordinates":[[[-96.89821,32.71199],[-96.89603,32.71168],[-96.89587,32.71109],[-96.89492,32.71064],[-96.89168,32.71163],[-96.89148,32.71164],[-96.89147,32.71108],[-96.89514,32.70986],[-96.90102,32.70746],[-96.90249,32.7063],[-96.90304,32.70512],[-96.90356,32.70571],[-96.90384,32.70571],[-96.90872,32.71135],[-96.90854,32.71199],[-96.89821,32.71199]]]}},{"type":"Feature","properties":{"PRECINCT":"dallas:4112","COUNTY":"Dallas"},"geometry":{"type":"Polygon","coordinates":[[[-96.9399,32.72185],[-96.93977,32.72134],[-96.93883,32.72109],[-96.93875,32.72056],[-96.92381,32.72053],[-96.92176,32.72086],[-96.91975,32.72053],[-96.91811,32.72052],[-96.91927,32.71804],[-96.9204,32.71663],[-96.93161,32.70704],[-96.93278,32.70564],[-96.93955,32.70554],[-96.95022,32.70586],[-96.95097,32.70611],[-96.95311,32.70755],[-96.95498,32.70802],[-96.95376,32.71065],[-96.9547,32.71381],[-96.95434,32.71494],[-96.95216,32.71587],[-96.95176,32.71629],[-96.95187,32.71676],[-96.95157,32.7171],[-96.94776,32.71869],[-96.94348,32.72084],[-96.94214,32.72117],[-96.94125,32.72181],[-96.9399,32.72185]]]}},{"type":"Feature","properties":{"PRECINCT":"dallas:4115","COUNTY":"Dallas"},"geometry":{"type":"Polygon","coordinates":[[[-96.82595,32.75935],[-96.82531,32.75919],[-96.82628,32.75873],[-96.82694,32.75767],[-96.83136,32.75768],[-96.83158,32.75224],[-96.83745,32.75238],[-96.83748,32.75407],[-96.83546,32.75407],[-96.83554,32.75863],[-96.83082,32.75863],[-96.82952,32.75935],[-96.82595,32.75935]]]}},{"type":"Feature","properties":{"PRECINCT":"dallas:4116","COUNTY":"Dallas"},"geometry":{"type":"Polygon","coordinates":[[[-96.82108,32.77685],[-96.81929,32.77397],[-96.81768,32.77021],[-96.82307,32.76916],[-96.82334,32.76949],[-96.82285,32.76961],[-96.82283,32.77487],[-96.82309,32.77535],[-96.8236,32.77542],[-96.82343,32.77576],[-96.82602,32.77916],[-96.82511,32.77964],[-96.8253,32.77998],[-96.82631,32.78134],[-96.82835,32.78313],[-96.8357,32.78664],[-96.83509,32.78965],[-96.82868,32.78669],[-96.82621,32.78516],[-96.82471,32.7835],[-96.82285,32.78078],[-96.82108,32.77685]]]}},{"type":"Feature","properties":{"PRECINCT":"dallas:4117","COUNTY":"Dallas"},"geometry":{"type":"Polygon","coordinates":[[[-96.86182,32.81199],[-96.8615,32.81216],[-96.85303,32.81184],[-96.8495,32.81107],[-96.85237,32.80629],[-96.8548,32.79803],[-96.87392,32.79797],[-96.87361,32.81395],[-96.87311,32.81526],[-96.87102,32.81744],[-96.86499,32.81311],[-96.8637,32.81249],[-96.86182,32.81199]]]}},{"type":"Feature","properties":{"PRECINCT":"dallas:4118","COUNTY":"Dallas"},"geometry":{"type":"Polygon","coordinates":[[[-96.84981,32.83729],[-96.84162,32.83023],[-96.84617,32.82664],[-96.84704,32.82789],[-96.84729,32.82949],[-96.84483,32.83274],[-96.84803,32.83521],[-96.84786,32.83534],[-96.84995,32.83713],[-96.84981,32.83729]]]}},{"type":"Feature","properties":{"PRECINCT":"dallas:4122","COUNTY":"Dallas"},"geometry":{"type":"Polygon","coordinates":[[[-96.98531,32.6923],[-96.98507,32.68753],[-96.98916,32.68755],[-96.98937,32.68834],[-96.99122,32.68754],[-96.9911,32.69351],[-96.98571,32.69409],[-96.98531,32.6923]]]}},{"type":"Feature","properties":{"PRECINCT":"dallas:4135","COUNTY":"Dallas"},"geometry":{"type":"Polygon","coordinates":[[[-96.82618,32.81568],[-96.82455,32.81432],[-96.82416,32.81462],[-96.82157,32.8125],[-96.82266,32.81152],[-96.82197,32.81093],[-96.81812,32.81397],[-96.81834,32.81256],[-96.81934,32.81169],[-96.81847,32.81094],[-96.81809,32.81125],[-96.81804,32.80845],[-96.8175,32.80607],[-96.82025,32.80381],[-96.8225,32.80474],[-96.82835,32.80567],[-96.83023,32.80628],[-96.83484,32.80996],[-96.83012,32.81395],[-96.82888,32.81547],[-96.82776,32.8164],[-96.82728,32.8172],[-96.82659,32.81742],[-96.8262,32.81705],[-96.82618,32.81568]]]}},{"type":"Feature","properties":{"PRECINCT":"dallas:4141","COUNTY":"Dallas"},"geometry":{"type":"Polygon","coordinates":[[[-96.83546,32.75407],[-96.83748,32.75407],[-96.83747,32.75729],[-96.83693,32.75816],[-96.83618,32.75863],[-96.83554,32.75863],[-96.83546,32.75407]]]}},{"type":"Feature","properties":{"PRECINCT":"dallas:4143","COUNTY":"Dallas"},"geometry":{"type":"Polygon","coordinates":[[[-96.80556,32.72496],[-96.80574,32.72031],[-96.80506,32.72004],[-96.80753,32.72032],[-96.81449,32.7202],[-96.8097,32.72034],[-96.80963,32.72501],[-96.80556,32.72496]]]}},{"type":"Feature","properties":{"PRECINCT":"dallas:4145","COUNTY":"Dallas"},"geometry":{"type":"Polygon","coordinates":[[[-96.98099,32.6642],[-96.98267,32.66212],[-96.98479,32.66628],[-96.98528,32.66929],[-96.98504,32.67046],[-96.98247,32.67124],[-96.9825,32.67185],[-96.97572,32.67093],[-96.97769,32.66863],[-96.98025,32.66649],[-96.98099,32.6642]]]}},{"type":"Feature","properties":{"PRECINCT":"dallas:4147","COUNTY":"Dallas"},"geometry":{"type":"Polygon","coordinates":[[[-96.85025,32.76466],[-96.85668,32.76644],[-96.85657,32.77508],[-96.84793,32.77388],[-96.84794,32.76543],[-96.85025,32.76466]]]}},{"type":"Feature","properties":{"PRECINCT":"dallas:4152","COUNTY":"Dallas"},"geometry":{"type":"Polygon","coordinates":[[[-96.85198,32.7641],[-96.85671,32.76408],[-96.85668,32.76644],[-96.85034,32.76463],[-96.85198,32.7641]]]}},{"type":"Feature","properties":{"PRECINCT":"dallas:4153","COUNTY":"Dallas"},"geometry":{"type":"Polygon","coordinates":[[[-96.86095,32.75978],[-96.86353,32.75867],[-96.86409,32.75949],[-96.86456,32.75974],[-96.86258,32.76047],[-96.86266,32.76236],[-96.86215,32.76235],[-96.86203,32.76292],[-96.86056,32.76356],[-96.85781,32.7635],[-96.85753,32.76311],[-96.8605,32.76304],[-96.86214,32.76228],[-96.86215,32.76153],[-96.86095,32.75978]]]}},{"type":"Feature","properties":{"PRECINCT":"dallas:4161","COUNTY":"Dallas"},"geometry":{"type":"Polygon","coordinates":[[[-96.90393,32.70585],[-96.90304,32.70512],[-96.90391,32.69481],[-96.90364,32.69259],[-96.90396,32.69126],[-96.90299,32.69122],[-96.90233,32.69192],[-96.90201,32.69371],[-96.90233,32.6948],[-96.90123,32.69484],[-96.90023,32.69282],[-96.89866,32.69271],[-96.89867,32.69405],[-96.89633,32.69422],[-96.89465,32.69506],[-96.8919,32.6917],[-96.89154,32.69146],[-96.89154,32.69165],[-96.89136,32.69156],[-96.89154,32.68955],[-96.89147,32.67663],[-96.90579,32.67638],[-96.90567,32.67558],[-96.90863,32.67561],[-96.90871,32.71115],[-96.90393,32.70585]]]}},{"type":"Feature","properties":{"PRECINCT":"dallas:4166","COUNTY":"Dallas"},"geometry":{"type":"Polygon","coordinates":[[[-96.90871,32.71115],[-96.90876,32.70574],[-96.92235,32.70578],[-96.92489,32.70613],[-96.92856,32.7062],[-96.92994,32.70617],[-96.93278,32.70564],[-96.93161,32.70704],[-96.9204,32.71663],[-96.91927,32.71804],[-96.91811,32.72052],[-96.91599,32.72052],[-96.91158,32.71445],[-96.90871,32.71115]]]}},{"type":"Feature","properties":{"PRECINCT":"dallas:4500","COUNTY":"Dallas"},"geometry":{"type":"Polygon","coordinates":[[[-97.0154,32.67368],[-97.01535,32.65897],[-97.01507,32.65576],[-97.02102,32.6559],[-97.02126,32.65669],[-97.02782,32.65536],[-97.02769,32.66418],[-97.02793,32.66443],[-97.03018,32.66417],[-97.03061,32.66462],[-97.03031,32.66608],[-97.03096,32.66834],[-97.03078,32.67591],[-97.01631,32.67586],[-97.0154,32.67368]]]}},{"type":"Feature","properties":{"PRECINCT":"dallas:4501","COUNTY":"Dallas"},"geometry":{"type":"Polygon","coordinates":[[[-97.03018,32.66417],[-97.02793,32.66443],[-97.02769,32.66418],[-97.02789,32.66172],[-97.02795,32.64574],[-97.03706,32.64587],[-97.03657,32.67621],[-97.03077,32.67619],[-97.03096,32.66834],[-97.03031,32.66608],[-97.03061,32.66462],[-97.03018,32.66417]]]}},{"type":"Feature","properties":{"PRECINCT":"dallas:4502","COUNTY":"Dallas"},"geometry":{"type":"Polygon","coordinates":[[[-97.00238,32.66695],[-97.0022,32.66488],[-97.00304,32.66001],[-97.0039,32.65865],[-97.00714,32.6553],[-97.0075,32.65436],[-97.00699,32.64728],[-97.00668,32.64644],[-97.0064,32.64615],[-97.00441,32.64704],[-97.00224,32.64749],[-96.9968,32.65009],[-96.99025,32.65201],[-96.99025,32.64988],[-96.99297,32.64836],[-96.99409,32.64818],[-96.99693,32.64678],[-96.99824,32.64586],[-96.99895,32.64392],[-97.00171,32.64353],[-97.00195,32.64183],[-97.0018,32.64128],[-97.00203,32.64095],[-97.00351,32.64171],[-97.00412,32.64118],[-97.00443,32.64164],[-97.00438,32.64209],[-97.00468,32.6422],[-97.00492,32.64194],[-97.00504,32.6408],[-97.00445,32.64001],[-97.00492,32.6397],[-97.00657,32.64042],[-97.00694,32.64097],[-97.00742,32.6408],[-97.00781,32.64022],[-97.00846,32.63981],[-97.00916,32.64023],[-97.01014,32.63954],[-97.01126,32.63972],[-97.01352,32.64166],[-97.01399,32.64236],[-97.01531,32.65835],[-97.00991,32.65839],[-97.0096,32.66074],[-97.01018,32.66188],[-97.01112,32.66134],[-97.01208,32.66121],[-97.01217,32.66544],[-97.01103,32.66544],[-97.011,32.66645],[-97.0119,32.66649],[-97.01187,32.66697],[-97.01538,32.66698],[-97.0154,32.67368],[-97.01645,32.67614],[-97.01137,32.67603],[-97.00699,32.67542],[-97.00696,32.6737],[-97.00649,32.67228],[-97.00301,32.66813],[-97.00238,32.66695]]]}},{"type":"Feature","properties":{"PRECINCT":"dallas:4503","COUNTY":"Dallas"},"geometry":{"type":"Polygon","coordinates":[[[-97.02235,32.70974],[-97.01544,32.70966],[-97.01561,32.69811],[-97.01826,32.69809],[-97.01823,32.6872],[-97.01836,32.68619],[-97.01914,32.68434],[-97.01913,32.68131],[-97.01702,32.68109],[-97.0143,32.68016],[-97.01015,32.68049],[-97.00698,32.68049],[-97.00699,32.67542],[-97.01282,32.6761],[-97.03657,32.67621],[-97.036,32.7111],[-97.02235,32.70974]]]}},{"type":"Feature","properties":{"PRECINCT":"dallas:4504","COUNTY":"Dallas"},"geometry":{"type":"Polygon","coordinates":[[[-97.00742,32.6824],[-97.00698,32.68049],[-97.01015,32.68049],[-97.01389,32.68015],[-97.01467,32.68021],[-97.01702,32.68109],[-97.01913,32.68131],[-97.01914,32.68434],[-97.01836,32.68619],[-97.01823,32.6872],[-97.01826,32.69809],[-97.01561,32.69811],[-97.0156,32.69076],[-97.01506,32.68872],[-97.01427,32.68717],[-97.01284,32.68579],[-97.00822,32.68334],[-97.00742,32.6824]]]}},{"type":"Feature","properties":{"PRECINCT":"dallas:4505","COUNTY":"Dallas"},"geometry":{"type":"Polygon","coordinates":[[[-96.9911,32.69351],[-96.99122,32.68754],[-96.99037,32.68754],[-96.99064,32.68671],[-96.99058,32.68588],[-96.99148,32.68513],[-96.99248,32.68492],[-96.99369,32.68556],[-96.99357,32.68615],[-96.99445,32.68651],[-96.99442,32.68709],[-96.99571,32.68717],[-96.99759,32.68812],[-96.99827,32.68812],[-96.99908,32.6876],[-96.99966,32.68773],[-97.00087,32.68886],[-97.0011,32.68944],[-97.00182,32.68979],[-97.00215,32.69048],[-97.00311,32.6909],[-97.0031,32.69804],[-97.00248,32.69886],[-96.98547,32.69882],[-96.98552,32.69419],[-96.9911,32.69351]]]}},{"type":"Feature","properties":{"PRECINCT":"dallas:4506","COUNTY":"Dallas"},"geometry":{"type":"Polygon","coordinates":[[[-97.00245,32.71335],[-97.00245,32.70748],[-96.99883,32.70744],[-96.99879,32.70426],[-96.99995,32.70416],[-97.00159,32.70347],[-97.00246,32.70333],[-97.01555,32.70343],[-97.01544,32.70966],[-97.00743,32.7096],[-97.00736,32.71337],[-97.00245,32.71335]]]}},{"type":"Feature","properties":{"PRECINCT":"dallas:4507","COUNTY":"Dallas"},"geometry":{"type":"Polygon","coordinates":[[[-97.0205,32.74086],[-97.02013,32.73797],[-97.02005,32.7299],[-97.01954,32.72977],[-97.01914,32.72931],[-97.01994,32.72571],[-97.02206,32.72111],[-97.01963,32.72106],[-97.01963,32.71342],[-97.01537,32.71341],[-97.01544,32.70966],[-97.02235,32.70974],[-97.036,32.7111],[-97.03552,32.73945],[-97.02304,32.74107],[-97.02304,32.74072],[-97.01997,32.74108],[-97.01994,32.74093],[-97.0205,32.74086]]]}},{"type":"Feature","properties":{"PRECINCT":"dallas:4508","COUNTY":"Dallas"},"geometry":{"type":"Polygon","coordinates":[[[-97.0192,32.72881],[-97.00716,32.7286],[-97.00729,32.71736],[-97.00825,32.71737],[-97.00818,32.72039],[-97.01757,32.72031],[-97.01929,32.72104],[-97.02206,32.72111],[-97.01994,32.72571],[-97.0192,32.72881]]]}},{"type":"Feature","properties":{"PRECINCT":"dallas:4509","COUNTY":"Dallas"},"geometry":{"type":"Polygon","coordinates":[[[-97.00136,32.72431],[-97.00146,32.72324],[-97.00055,32.72325],[-97.00044,32.72254],[-96.99745,32.72252],[-96.99744,32.7221],[-96.99595,32.7221],[-96.99595,32.72054],[-96.9941,32.72053],[-96.99413,32.71733],[-96.99536,32.7173],[-96.99592,32.7166],[-96.99713,32.71661],[-96.99696,32.71731],[-96.99868,32.71734],[-96.99868,32.71558],[-96.99414,32.71556],[-96.99418,32.71039],[-97.00245,32.71036],[-97.00245,32.71335],[-97.00736,32.71337],[-97.00711,32.72291],[-97.00644,32.72292],[-97.00542,32.72343],[-97.00539,32.72432],[-97.00136,32.72431]]]}},{"type":"Feature","properties":{"PRECINCT":"dallas:4510","COUNTY":"Dallas"},"geometry":{"type":"Polygon","coordinates":[[[-96.98147,32.72915],[-96.9815,32.72628],[-96.97721,32.72626],[-96.9773,32.71674],[-96.97792,32.71594],[-96.98016,32.71493],[-96.98087,32.71418],[-96.98118,32.71043],[-96.99418,32.71039],[-96.9941,32.72053],[-96.98584,32.72051],[-96.98581,32.72727],[-96.98474,32.72718],[-96.98252,32.72915],[-96.98147,32.72915]]]}},{"type":"Feature","properties":{"PRECINCT":"dallas:4511","COUNTY":"Dallas"},"geometry":{"type":"Polygon","coordinates":[[[-97.00565,32.74078],[-97.00593,32.72999],[-97.00716,32.7286],[-97.0192,32.72881],[-97.01914,32.72931],[-97.01954,32.72977],[-97.02005,32.7299],[-97.02013,32.73797],[-97.0205,32.74086],[-97.01994,32.74093],[-97.01997,32.74108],[-97.02304,32.74072],[-97.02304,32.74107],[-97.01664,32.7419],[-97.0094,32.74418],[-97.00506,32.74468],[-97.00505,32.74453],[-97.00585,32.74446],[-97.00565,32.74078]]]}},{"type":"Feature","properties":{"PRECINCT":"dallas:4512","COUNTY":"Dallas"},"geometry":{"type":"Polygon","coordinates":[[[-96.99814,32.74496],[-96.99814,32.74231],[-96.99267,32.74232],[-96.99238,32.74059],[-96.99026,32.7385],[-96.99027,32.73714],[-96.99125,32.73564],[-96.99276,32.73512],[-96.99437,32.73544],[-96.99426,32.73493],[-96.99301,32.73493],[-96.993,32.7323],[-96.99412,32.73228],[-96.99411,32.73164],[-96.99602,32.73178],[-96.99708,32.73219],[-96.99926,32.73544],[-97.0001,32.73584],[-97.00011,32.73521],[-96.99897,32.73456],[-96.99902,32.7322],[-97.00015,32.7322],[-97.00015,32.73185],[-97.00588,32.7319],[-97.00563,32.73973],[-97.00585,32.74446],[-97.00505,32.74453],[-97.00506,32.74468],[-96.99814,32.74496]]]}},{"type":"Feature","properties":{"PRECINCT":"dallas:4513","COUNTY":"Dallas"},"geometry":{"type":"Polygon","coordinates":[[[-97.01576,32.74211],[-97.03552,32.73945],[-97.03517,32.75969],[-97.01991,32.75965],[-97.01982,32.75749],[-97.01705,32.75298],[-97.01744,32.7488],[-97.01692,32.74739],[-97.01681,32.74486],[-97.01576,32.74211]]]}},{"type":"Feature","properties":{"PRECINCT":"dallas:4519","COUNTY":"Dallas"},"geometry":{"type":"Polygon","coordinates":[[[-97.00441,32.64704],[-97.0064,32.64615],[-97.00699,32.64728],[-97.0075,32.65436],[-97.00714,32.6553],[-97.0039,32.65865],[-97.00318,32.65971],[-97.00216,32.66554],[-97.00276,32.66775],[-97.00649,32.67228],[-97.00696,32.6737],[-97.00699,32.67514],[-96.98514,32.6722],[-96.98524,32.67029],[-96.98629,32.66998],[-96.98695,32.66879],[-96.98608,32.66681],[-96.98663,32.66646],[-96.98641,32.66564],[-96.98656,32.66461],[-96.98782,32.66272],[-96.98738,32.6619],[-96.98735,32.66096],[-96.99319,32.65846],[-96.99008,32.65206],[-96.9968,32.65009],[-97.00224,32.64749],[-97.00441,32.64704]]]}},{"type":"Feature","properties":{"PRECINCT":"dallas:4520","COUNTY":"Dallas"},"geometry":{"type":"Polygon","coordinates":[[[-96.98547,32.69882],[-96.99421,32.69885],[-96.99423,32.70038],[-96.99393,32.70071],[-96.99419,32.70175],[-96.99418,32.70952],[-96.99227,32.70914],[-96.98781,32.70612],[-96.98567,32.70568],[-96.98547,32.69882]]]}},{"type":"Feature","properties":{"PRECINCT":"dallas:4521","COUNTY":"Dallas"},"geometry":{"type":"Polygon","coordinates":[[[-97.0031,32.69804],[-97.00311,32.6909],[-97.00215,32.69048],[-97.00182,32.68979],[-97.0011,32.68944],[-97.00087,32.68886],[-96.99966,32.68773],[-96.99908,32.6876],[-96.99827,32.68812],[-96.99759,32.68812],[-96.99571,32.68717],[-96.99442,32.68709],[-96.99445,32.68651],[-96.99357,32.68615],[-96.99369,32.68556],[-96.99238,32.68491],[-96.99148,32.68513],[-96.99068,32.6857],[-96.99037,32.68754],[-96.99099,32.68754],[-96.98937,32.68834],[-96.98916,32.68755],[-96.98507,32.68753],[-96.98512,32.67835],[-96.98251,32.67824],[-96.9825,32.67185],[-97.00699,32.67514],[-97.00698,32.68102],[-97.00742,32.6824],[-97.00867,32.6837],[-97.01335,32.68617],[-97.01427,32.68717],[-97.01506,32.68872],[-97.01567,32.69164],[-97.01561,32.69811],[-97.0031,32.69804]]]}},{"type":"Feature","properties":{"PRECINCT":"dallas:4522","COUNTY":"Dallas"},"geometry":{"type":"Polygon","coordinates":[[[-97.02126,32.65669],[-97.02102,32.6559],[-97.01507,32.65576],[-97.01399,32.64236],[-97.01352,32.64166],[-97.01126,32.63972],[-97.01014,32.63954],[-97.00916,32.64023],[-97.00846,32.63981],[-97.00781,32.64022],[-97.00742,32.6408],[-97.00694,32.64097],[-97.00657,32.64042],[-97.00492,32.6397],[-97.00445,32.64001],[-97.00504,32.6408],[-97.00479,32.64213],[-97.00438,32.64209],[-97.00443,32.64164],[-97.00412,32.64118],[-97.00351,32.64171],[-97.00208,32.64093],[-97.0018,32.64128],[-97.00179,32.64344],[-96.9999,32.64391],[-96.9951,32.64404],[-96.99001,32.6433],[-96.99031,32.64253],[-96.9919,32.6428],[-96.99545,32.63972],[-96.99626,32.63492],[-96.99638,32.63194],[-96.99614,32.62996],[-96.99774,32.62828],[-96.9985,32.62709],[-96.99937,32.62325],[-97.00048,32.62221],[-96.99554,32.6147],[-96.99636,32.61479],[-96.99737,32.61452],[-96.99789,32.61304],[-96.99832,32.61253],[-96.99835,32.6116],[-96.99876,32.6107],[-96.99984,32.61028],[-97.0008,32.60868],[-97.00152,32.60799],[-97.00261,32.60744],[-97.00312,32.60693],[-97.00416,32.60657],[-97.00431,32.60336],[-97.00386,32.60326],[-97.0038,32.60273],[-97.00417,32.6027],[-97.00417,32.60227],[-97.00503,32.60206],[-97.00553,32.60098],[-97.00535,32.60016],[-97.00465,32.59966],[-97.00534,32.59968],[-97.00493,32.59843],[-97.00589,32.59837],[-97.00618,32.5978],[-97.00629,32.59869],[-97.00677,32.5981],[-97.0074,32.59808],[-97.00727,32.59774],[-97.00819,32.59778],[-97.00966,32.59954],[-97.01012,32.59985],[-97.01137,32.60015],[-97.0128,32.59972],[-97.01311,32.59843],[-97.01518,32.59907],[-97.01669,32.59806],[-97.01559,32.59687],[-97.01285,32.59571],[-97.01235,32.59271],[-97.01245,32.59129],[-97.01285,32.59076],[-97.01329,32.58885],[-97.01316,32.5882],[-97.01283,32.58812],[-97.01287,32.58763],[-97.01451,32.58812],[-97.01686,32.58751],[-97.01649,32.58693],[-97.01584,32.5866],[-97.01574,32.58596],[-97.01576,32.58494],[-97.01677,32.58316],[-97.01949,32.58297],[-97.02015,32.5819],[-97.02093,32.58228],[-97.02123,32.58223],[-97.02309,32.58345],[-97.03829,32.57336],[-97.03706,32.64587],[-97.02795,32.64574],[-97.02782,32.65536],[-97.02126,32.65669]]]}},{"type":"Feature","properties":{"PRECINCT":"dallas:4523","COUNTY":"Dallas"},"geometry":{"type":"Polygon","coordinates":[[[-97.02151,32.58242],[-97.02003,32.58194],[-97.02015,32.58163],[-97.0189,32.58091],[-97.01743,32.58057],[-97.01637,32.5806],[-97.01282,32.58139],[-97.01284,32.57996],[-97.01394,32.57993],[-97.01498,32.57899],[-97.01388,32.57767],[-97.01576,32.57765],[-97.01604,32.5782],[-97.01715,32.57809],[-97.01533,32.57556],[-97.01479,32.57406],[-97.01404,32.57318],[-97.01485,32.57254],[-97.01465,32.57216],[-97.0154,32.57136],[-97.01456,32.57119],[-97.01473,32.57097],[-97.01426,32.57077],[-97.01351,32.57067],[-97.01369,32.56901],[-97.0106,32.56894],[-97.01072,32.56364],[-97.01099,32.56364],[-97.01099,32.56346],[-97.01068,32.56347],[-97.01073,32.56285],[-97.01096,32.56268],[-97.01256,32.56269],[-97.01256,32.56211],[-97.01334,32.56213],[-97.01368,32.54848],[-97.03869,32.54867],[-97.03829,32.57336],[-97.02309,32.58345],[-97.02151,32.58242]]]}},{"type":"Feature","properties":{"PRECINCT":"dallas:4525","COUNTY":"Dallas"},"geometry":{"type":"Polygon","coordinates":[[[-97.0031,32.69804],[-97.01561,32.69811],[-97.01555,32.70343],[-97.00246,32.70333],[-97.00159,32.70347],[-96.99995,32.70416],[-96.99879,32.70426],[-96.99887,32.69885],[-97.00248,32.69886],[-97.0031,32.69804]]]}},{"type":"Feature","properties":{"PRECINCT":"dallas:4528","COUNTY":"Dallas"},"geometry":{"type":"Polygon","coordinates":[[[-96.98504,32.67046],[-96.98525,32.67016],[-96.98514,32.6722],[-96.9825,32.67185],[-96.98247,32.67124],[-96.98504,32.67046]]]}},{"type":"Feature","properties":{"PRECINCT":"dallas:4529","COUNTY":"Dallas"},"geometry":{"type":"Polygon","coordinates":[[[-97.01187,32.66697],[-97.0119,32.66649],[-97.01099,32.66643],[-97.01098,32.66551],[-97.01217,32.66544],[-97.01208,32.66121],[-97.01112,32.66134],[-97.01018,32.66188],[-97.00993,32.66158],[-97.00957,32.66035],[-97.00991,32.65839],[-97.01531,32.65835],[-97.01538,32.66698],[-97.01187,32.66697]]]}},{"type":"Feature","properties":{"PRECINCT":"dallas:4530","COUNTY":"Dallas"},"geometry":{"type":"Polygon","coordinates":[[[-97.01538,32.70967],[-97.01537,32.71341],[-97.00736,32.71337],[-97.00743,32.7096],[-97.01538,32.70967]]]}},{"type":"Feature","properties":{"PRECINCT":"dallas:4531","COUNTY":"Dallas"},"geometry":{"type":"Polygon","coordinates":[[[-97.00818,32.72039],[-97.00825,32.71737],[-97.00729,32.71736],[-97.00733,32.71497],[-97.00858,32.71496],[-97.00941,32.71467],[-97.01258,32.71469],[-97.01247,32.71597],[-97.01135,32.71633],[-97.01047,32.71689],[-97.01112,32.71747],[-97.0126,32.71675],[-97.01485,32.71668],[-97.01519,32.71426],[-97.01527,32.71462],[-97.01801,32.71468],[-97.01886,32.71558],[-97.01901,32.71923],[-97.01806,32.72049],[-97.01725,32.7203],[-97.00818,32.72039]]]}},{"type":"Feature","properties":{"PRECINCT":"dallas:4532","COUNTY":"Dallas"},"geometry":{"type":"Polygon","coordinates":[[[-97.01801,32.71468],[-97.01527,32.71462],[-97.01519,32.71426],[-97.01485,32.71668],[-97.0126,32.71675],[-97.01112,32.71747],[-97.01047,32.71689],[-97.01135,32.71633],[-97.01247,32.71597],[-97.01258,32.71469],[-97.00941,32.71467],[-97.00858,32.71496],[-97.00733,32.71497],[-97.00736,32.71337],[-97.01963,32.71342],[-97.01963,32.72106],[-97.01806,32.72049],[-97.01898,32.71937],[-97.01901,32.71881],[-97.01895,32.71576],[-97.01801,32.71468]]]}},{"type":"Feature","properties":{"PRECINCT":"dallas:4533","COUNTY":"Dallas"},"geometry":{"type":"Polygon","coordinates":[[[-96.99602,32.73178],[-96.99364,32.7316],[-96.99401,32.7316],[-96.99387,32.73126],[-96.9933,32.73135],[-96.9926,32.73039],[-96.99135,32.73058],[-96.98947,32.729],[-96.98906,32.72761],[-96.98985,32.72717],[-96.98987,32.72554],[-96.9874,32.72552],[-96.98738,32.72737],[-96.98581,32.72727],[-96.98584,32.72051],[-96.99595,32.72054],[-96.99595,32.7221],[-96.99744,32.7221],[-96.99745,32.72252],[-97.00044,32.72254],[-97.00055,32.72325],[-97.00146,32.72324],[-97.00136,32.72431],[-97.00539,32.72432],[-97.00542,32.72343],[-97.00644,32.72292],[-97.00711,32.72291],[-97.00717,32.72612],[-97.0053,32.72624],[-97.0044,32.72664],[-97.00377,32.72751],[-97.00218,32.72857],[-97.00236,32.72976],[-97.00147,32.72991],[-97.00051,32.73087],[-96.99958,32.73133],[-96.99871,32.73165],[-96.99793,32.73165],[-96.99692,32.73226],[-96.99602,32.73178]]]}},{"type":"Feature","properties":{"PRECINCT":"dallas:4534","COUNTY":"Dallas"},"geometry":{"type":"Polygon","coordinates":[[[-96.99413,32.71733],[-96.99414,32.71556],[-96.99868,32.71558],[-96.99868,32.71734],[-96.99696,32.71731],[-96.99713,32.71661],[-96.99592,32.7166],[-96.99536,32.7173],[-96.99413,32.71733]]]}},{"type":"Feature","properties":{"PRECINCT":"dallas:4535","COUNTY":"Dallas"},"geometry":{"type":"Polygon","coordinates":[[[-96.97671,32.71027],[-96.97715,32.70864],[-96.97779,32.70828],[-96.97794,32.70706],[-96.97863,32.70641],[-96.9783,32.70573],[-96.98203,32.70557],[-96.98154,32.7062],[-96.98441,32.70627],[-96.98449,32.70793],[-96.98563,32.70794],[-96.98567,32.70568],[-96.98781,32.70612],[-96.99227,32.70914],[-96.99418,32.70952],[-96.99418,32.71039],[-96.97671,32.71027]]]}},{"type":"Feature","properties":{"PRECINCT":"dallas:4536","COUNTY":"Dallas"},"geometry":{"type":"Polygon","coordinates":[[[-96.9845,32.70631],[-96.98192,32.70625],[-96.98154,32.7062],[-96.98203,32.70557],[-96.98567,32.70568],[-96.98563,32.70794],[-96.98449,32.70793],[-96.9845,32.70631]]]}},{"type":"Feature","properties":{"PRECINCT":"dallas:4537","COUNTY":"Dallas"},"geometry":{"type":"Polygon","coordinates":[[[-97.0136,32.57265],[-97.01456,32.57119],[-97.0154,32.57136],[-97.01465,32.57216],[-97.01476,32.57243],[-97.01458,32.57222],[-97.01383,32.57292],[-97.0136,32.57265]]]}},{"type":"Feature","properties":{"PRECINCT":"dallas:4538","COUNTY":"Dallas"},"geometry":{"type":"Polygon","coordinates":[[[-96.99418,32.71039],[-96.99419,32.70175],[-96.99393,32.70071],[-96.99423,32.70038],[-96.99421,32.69885],[-96.99887,32.69885],[-96.9988,32.70737],[-97.00245,32.70748],[-97.00245,32.71036],[-96.99418,32.71039]]]}},{"type":"Feature","properties":{"PRECINCT":"dallas:4539","COUNTY":"Dallas"},"geometry":{"type":"Polygon","coordinates":[[[-97.01631,32.67586],[-97.03078,32.67591],[-97.03077,32.67619],[-97.01645,32.67614],[-97.01631,32.67586]]]}},{"type":"Feature","properties":{"PRECINCT":"dallas:4541","COUNTY":"Dallas"},"geometry":{"type":"Polygon","coordinates":[[[-96.98339,32.67927],[-96.98336,32.67825],[-96.98512,32.67835],[-96.98511,32.67923],[-96.98339,32.67927]]]}},{"type":"Feature","properties":{"PRECINCT":"dallas:4542","COUNTY":"Dallas"},"geometry":{"type":"Polygon","coordinates":[[[-96.9896,32.64405],[-96.99001,32.6433],[-96.9951,32.64404],[-96.99895,32.64392],[-96.99824,32.64586],[-96.99693,32.64678],[-96.99409,32.64818],[-96.99297,32.64836],[-96.99025,32.64988],[-96.99025,32.65181],[-96.98903,32.65007],[-96.98868,32.64742],[-96.98811,32.64709],[-96.98812,32.64673],[-96.98952,32.64599],[-96.9896,32.64405]]]}},{"type":"Feature","properties":{"PRECINCT":"dallas:4554","COUNTY":"Dallas"},"geometry":{"type":"Polygon","coordinates":[[[-96.98987,32.73698],[-96.98877,32.73493],[-96.99426,32.73493],[-96.99437,32.73544],[-96.9932,32.73513],[-96.99188,32.73528],[-96.99102,32.73585],[-96.99027,32.73714],[-96.98987,32.73698]]]}},{"type":"Feature","properties":{"PRECINCT":"dallas:4555","COUNTY":"Dallas"},"geometry":{"type":"Polygon","coordinates":[[[-96.99774,32.73175],[-96.99958,32.73133],[-97.00051,32.73087],[-97.00147,32.72991],[-97.00236,32.72976],[-97.00218,32.72857],[-97.00377,32.72751],[-97.00454,32.72655],[-97.0053,32.72624],[-97.00717,32.72612],[-97.00716,32.7286],[-97.00599,32.72976],[-97.00588,32.7319],[-97.00015,32.73185],[-97.00015,32.7322],[-96.99902,32.7322],[-96.99897,32.73456],[-97.00011,32.73521],[-97.0001,32.73584],[-96.99926,32.73544],[-96.99708,32.73219],[-96.99774,32.73175]]]}},{"type":"Feature","properties":{"PRECINCT":"tarrant:2031","COUNTY":"Tarrant"},"geometry":{"type":"Polygon","coordinates":[[[-97.07661,32.6171],[-97.07749,32.61123],[-97.07824,32.60914],[-97.08191,32.60619],[-97.08942,32.6041],[-97.09116,32.60405],[-97.09356,32.60467],[-97.09742,32.61149],[-97.09683,32.61177],[-97.09845,32.61426],[-97.09902,32.61461],[-97.09974,32.61643],[-97.09943,32.61688],[-97.09654,32.61696],[-97.09333,32.61633],[-97.0924,32.61636],[-97.08913,32.61771],[-97.08735,32.61505],[-97.08734,32.61366],[-97.08687,32.61363],[-97.08606,32.61397],[-97.08731,32.61606],[-97.08344,32.61791],[-97.08457,32.61963],[-97.08401,32.61982],[-97.07561,32.62016],[-97.07533,32.62006],[-97.07661,32.6171]]]}},{"type":"Feature","properties":{"PRECINCT":"tarrant:2134","COUNTY":"Tarrant"},"geometry":{"type":"Polygon","coordinates":[[[-97.06294,32.70608],[-97.08046,32.70614],[-97.08037,32.71001],[-97.07114,32.71213],[-97.06302,32.7122],[-97.06294,32.70608]]]}},{"type":"Feature","properties":{"PRECINCT":"tarrant:2180","COUNTY":"Tarrant"},"geometry":{"type":"Polygon","coordinates":[[[-97.04133,32.73918],[-97.03552,32.73971],[-97.03608,32.70613],[-97.04757,32.70604],[-97.04759,32.72063],[-97.04591,32.72062],[-97.04569,32.72812],[-97.05666,32.728],[-97.05669,32.73518],[-97.04935,32.73511],[-97.04932,32.73743],[-97.04602,32.73784],[-97.04601,32.73959],[-97.04133,32.73918]]]}},{"type":"Feature","properties":{"PRECINCT":"tarrant:2275","COUNTY":"Tarrant"},"geometry":{"type":"Polygon","coordinates":[[[-97.04445,32.67623],[-97.03658,32.67591],[-97.03682,32.65949],[-97.03994,32.65729],[-97.04076,32.65629],[-97.04158,32.65472],[-97.04154,32.65628],[-97.04211,32.65806],[-97.04217,32.66379],[-97.04443,32.67003],[-97.04445,32.67623]]]}},{"type":"Feature","properties":{"PRECINCT":"tarrant:2299","COUNTY":"Tarrant"},"geometry":{"type":"Polygon","coordinates":[[[-97.03682,32.65949],[-97.03753,32.61847],[-97.03868,32.61853],[-97.03873,32.61922],[-97.03913,32.61935],[-97.0391,32.62527],[-97.03941,32.62682],[-97.04794,32.63969],[-97.04837,32.64144],[-97.04812,32.64235],[-97.04749,32.64327],[-97.04506,32.64483],[-97.04417,32.64589],[-97.04388,32.64676],[-97.0436,32.65057],[-97.04076,32.65629],[-97.03968,32.65751],[-97.03682,32.65949]]]}},{"type":"Feature","properties":{"PRECINCT":"tarrant:2302","COUNTY":"Tarrant"},"geometry":{"type":"Polygon","coordinates":[[[-97.06275,32.6915],[-97.06276,32.67749],[-97.08027,32.67771],[-97.08063,32.67915],[-97.08049,32.69155],[-97.06275,32.6915]]]}},{"type":"Feature","properties":{"PRECINCT":"tarrant:2349","COUNTY":"Tarrant"},"geometry":{"type":"Polygon","coordinates":[[[-97.05073,32.66188],[-97.05078,32.66078],[-97.04891,32.65998],[-97.04787,32.65982],[-97.04737,32.65935],[-97.0482,32.65813],[-97.04791,32.65771],[-97.04438,32.65798],[-97.04427,32.65822],[-97.04502,32.65933],[-97.04404,32.65982],[-97.04358,32.65983],[-97.04305,32.65934],[-97.04211,32.65915],[-97.04206,32.65779],[-97.04151,32.65607],[-97.04158,32.65472],[-97.0436,32.65057],[-97.04386,32.64787],[-97.04699,32.64791],[-97.04916,32.64737],[-97.05125,32.64737],[-97.05126,32.64864],[-97.05226,32.65279],[-97.05215,32.65341],[-97.05146,32.65447],[-97.05276,32.65564],[-97.05475,32.65983],[-97.05583,32.66079],[-97.05792,32.6616],[-97.0626,32.66143],[-97.06087,32.66304],[-97.05968,32.66475],[-97.05919,32.66513],[-97.05829,32.66539],[-97.05617,32.66518],[-97.05427,32.66416],[-97.05177,32.66342],[-97.05102,32.66267],[-97.05073,32.66188]]]}},{"type":"Feature","properties":{"PRECINCT":"tarrant:2379","COUNTY":"Tarrant"},"geometry":{"type":"Polygon","coordinates":[[[-97.03941,32.61835],[-97.04055,32.61835],[-97.04141,32.61792],[-97.04249,32.61771],[-97.04264,32.6173],[-97.0442,32.61702],[-97.04429,32.61671],[-97.04375,32.61592],[-97.04433,32.6162],[-97.04459,32.61604],[-97.04539,32.61411],[-97.04529,32.61271],[-97.04556,32.61199],[-97.04761,32.61128],[-97.0497,32.61118],[-97.05049,32.61085],[-97.0533,32.60815],[-97.05367,32.60679],[-97.05439,32.60609],[-97.05625,32.60766],[-97.05755,32.60832],[-97.06132,32.61218],[-97.06674,32.6204],[-97.06854,32.62437],[-97.06963,32.62571],[-97.07026,32.62697],[-97.06632,32.63226],[-97.06565,32.63457],[-97.06607,32.63551],[-97.06568,32.63552],[-97.065,32.63761],[-97.06523,32.63796],[-97.05133,32.64464],[-97.05125,32.64737],[-97.04916,32.64737],[-97.04699,32.64791],[-97.04386,32.64787],[-97.04394,32.64646],[-97.0443,32.64566],[-97.04506,32.64483],[-97.04694,32.64375],[-97.04767,32.64307],[-97.04819,32.64218],[-97.04834,32.6408],[-97.04784,32.63953],[-97.03934,32.62667],[-97.0391,32.62527],[-97.03911,32.6215],[-97.03913,32.61935],[-97.0394,32.61919],[-97.03941,32.61835]]]}},{"type":"Feature","properties":{"PRECINCT":"tarrant:2381","COUNTY":"Tarrant"},"geometry":{"type":"Polygon","coordinates":[[[-97.04413,32.70602],[-97.04397,32.69348],[-97.04273,32.69346],[-97.04133,32.69249],[-97.04014,32.69251],[-97.03901,32.6934],[-97.03754,32.694],[-97.03684,32.69297],[-97.03629,32.69323],[-97.03633,32.69132],[-97.06179,32.69167],[-97.06162,32.69108],[-97.06185,32.68942],[-97.0619,32.68402],[-97.06106,32.68154],[-97.06087,32.6798],[-97.05984,32.67874],[-97.05614,32.67789],[-97.05614,32.67706],[-97.06276,32.6772],[-97.06275,32.69157],[-97.06238,32.69181],[-97.0626,32.70608],[-97.04413,32.70602]]]}},{"type":"Feature","properties":{"PRECINCT":"tarrant:2413","COUNTY":"Tarrant"},"geometry":{"type":"Polygon","coordinates":[[[-97.03608,32.70613],[-97.03629,32.69323],[-97.03684,32.69297],[-97.03754,32.694],[-97.03901,32.6934],[-97.03988,32.6926],[-97.04133,32.69249],[-97.04273,32.69346],[-97.04397,32.69348],[-97.04413,32.70602],[-97.03608,32.70613]]]}},{"type":"Feature","properties":{"PRECINCT":"tarrant:2438","COUNTY":"Tarrant"},"geometry":{"type":"Polygon","coordinates":[[[-97.05614,32.67706],[-97.04445,32.67623],[-97.04443,32.67003],[-97.04295,32.66581],[-97.04622,32.66528],[-97.05021,32.66537],[-97.05269,32.66599],[-97.05582,32.66768],[-97.05827,32.66854],[-97.05979,32.66882],[-97.06186,32.66883],[-97.06218,32.66878],[-97.06216,32.6681],[-97.06287,32.66809],[-97.06276,32.6772],[-97.05614,32.67706]]]}},{"type":"Feature","properties":{"PRECINCT":"tarrant:2453","COUNTY":"Tarrant"},"geometry":{"type":"Polygon","coordinates":[[[-97.05422,32.60598],[-97.04509,32.59244],[-97.04668,32.59203],[-97.04969,32.59171],[-97.0518,32.59104],[-97.05563,32.58882],[-97.05865,32.58739],[-97.06072,32.58608],[-97.06157,32.58528],[-97.06352,32.58834],[-97.0678,32.59428],[-97.06812,32.59441],[-97.06801,32.59495],[-97.06822,32.59505],[-97.06884,32.59498],[-97.06902,32.59435],[-97.06974,32.59402],[-97.07053,32.59428],[-97.07142,32.59504],[-97.072,32.59499],[-97.07232,32.59454],[-97.07194,32.59387],[-97.07253,32.59316],[-97.07333,32.59295],[-97.07428,32.5933],[-97.07505,32.59293],[-97.07535,32.5925],[-97.0751,32.59203],[-97.07447,32.59227],[-97.07381,32.59217],[-97.0739,32.59123],[-97.07423,32.5907],[-97.07668,32.59018],[-97.07852,32.59019],[-97.07762,32.60671],[-97.07824,32.60914],[-97.07739,32.61171],[-97.07705,32.61537],[-97.07611,32.61852],[-97.07533,32.62006],[-97.07018,32.62683],[-97.06963,32.62571],[-97.06854,32.62437],[-97.06674,32.6204],[-97.06132,32.61218],[-97.05755,32.60832],[-97.05625,32.60766],[-97.05422,32.60598]]]}},{"type":"Feature","properties":{"PRECINCT":"tarrant:2461","COUNTY":"Tarrant"},"geometry":{"type":"Polygon","coordinates":[[[-97.06275,32.6915],[-97.07215,32.69161],[-97.07183,32.70604],[-97.0626,32.70608],[-97.06238,32.69181],[-97.06275,32.6915]]]}},{"type":"Feature","properties":{"PRECINCT":"tarrant:2466","COUNTY":"Tarrant"},"geometry":{"type":"Polygon","coordinates":[[[-97.05021,32.66537],[-97.04622,32.66528],[-97.04295,32.66581],[-97.04212,32.66347],[-97.04211,32.65915],[-97.04305,32.65934],[-97.04358,32.65983],[-97.04404,32.65982],[-97.04502,32.65933],[-97.04427,32.65822],[-97.04438,32.65798],[-97.04791,32.65771],[-97.0482,32.65813],[-97.04737,32.65935],[-97.04787,32.65982],[-97.04891,32.65998],[-97.05078,32.66078],[-97.05085,32.66229],[-97.05177,32.66342],[-97.05427,32.66416],[-97.05617,32.66518],[-97.05829,32.66539],[-97.05931,32.66507],[-97.06087,32.66304],[-97.0623,32.66163],[-97.06328,32.66137],[-97.0633,32.66809],[-97.06216,32.6681],[-97.06218,32.66878],[-97.05979,32.66882],[-97.05772,32.6684],[-97.05582,32.66768],[-97.05269,32.66599],[-97.05021,32.66537]]]}},{"type":"Feature","properties":{"PRECINCT":"tarrant:2484","COUNTY":"Tarrant"},"geometry":{"type":"Polygon","coordinates":[[[-97.03633,32.69132],[-97.03658,32.67591],[-97.04135,32.676],[-97.05614,32.67706],[-97.05614,32.67789],[-97.05948,32.67861],[-97.06072,32.67951],[-97.06115,32.6819],[-97.0619,32.68402],[-97.06185,32.68942],[-97.06162,32.69108],[-97.06179,32.69167],[-97.03633,32.69132]]]}},{"type":"Feature","properties":{"PRECINCT":"tarrant:2488","COUNTY":"Tarrant"},"geometry":{"type":"Polygon","coordinates":[[[-97.05133,32.64464],[-97.06466,32.63823],[-97.06389,32.64223],[-97.0636,32.64546],[-97.06417,32.64835],[-97.06386,32.64842],[-97.06347,32.64952],[-97.06256,32.6507],[-97.06228,32.65164],[-97.06328,32.66137],[-97.05792,32.6616],[-97.05583,32.66079],[-97.05475,32.65983],[-97.05276,32.65564],[-97.05146,32.65447],[-97.05227,32.653],[-97.05126,32.64864],[-97.05133,32.64464]]]}},{"type":"Feature","properties":{"PRECINCT":"tarrant:2546","COUNTY":"Tarrant"},"geometry":{"type":"Polygon","coordinates":[[[-97.03519,32.7571],[-97.03708,32.7571],[-97.03707,32.75944],[-97.03517,32.75937],[-97.03519,32.7571]]]}},{"type":"Feature","properties":{"PRECINCT":"tarrant:2557","COUNTY":"Tarrant"},"geometry":{"type":"Polygon","coordinates":[[[-97.09742,32.61149],[-97.09325,32.60401],[-97.09238,32.60346],[-97.09161,32.60232],[-97.09116,32.60211],[-97.09123,32.60193],[-97.09022,32.6007],[-97.09043,32.60055],[-97.08918,32.59878],[-97.09042,32.59821],[-97.09126,32.5994],[-97.09293,32.60082],[-97.09547,32.5992],[-97.09907,32.60464],[-97.09937,32.60451],[-97.09963,32.60492],[-97.10053,32.60457],[-97.10279,32.60797],[-97.10329,32.60807],[-97.10327,32.60872],[-97.10633,32.61311],[-97.09974,32.61643],[-97.09902,32.61461],[-97.09845,32.61426],[-97.09683,32.61177],[-97.09742,32.61149]]]}},{"type":"Feature","properties":{"PRECINCT":"tarrant:2613","COUNTY":"Tarrant"},"geometry":{"type":"Polygon","coordinates":[[[-97.06582,32.63341],[-97.06698,32.63119],[-97.07533,32.62006],[-97.07693,32.62015],[-97.07743,32.61999],[-97.08401,32.61982],[-97.08457,32.61963],[-97.08344,32.61791],[-97.08731,32.61606],[-97.08606,32.61397],[-97.08679,32.61365],[-97.08734,32.61366],[-97.08735,32.61505],[-97.08913,32.61771],[-97.09169,32.61651],[-97.09268,32.61633],[-97.09635,32.61696],[-97.09943,32.61688],[-97.09849,32.61993],[-97.09852,32.62331],[-97.07514,32.63439],[-97.07408,32.63284],[-97.07163,32.63373],[-97.07,32.63402],[-97.06607,32.63551],[-97.06563,32.63483],[-97.06582,32.63341]]]}},{"type":"Feature","properties":{"PRECINCT":"tarrant:2644","COUNTY":"Tarrant"},"geometry":{"type":"Polygon","coordinates":[[[-97.04023,32.58535],[-97.03807,32.58629],[-97.03869,32.54867],[-97.05272,32.54884],[-97.05313,32.54992],[-97.05355,32.55029],[-97.05499,32.55057],[-97.05516,32.55119],[-97.05538,32.55242],[-97.0542,32.5541],[-97.05415,32.55528],[-97.0528,32.5566],[-97.04784,32.55853],[-97.04712,32.55928],[-97.0468,32.56003],[-97.0484,32.56125],[-97.04902,32.56305],[-97.04954,32.56287],[-97.051,32.56358],[-97.05298,32.56327],[-97.05339,32.56366],[-97.0535,32.57364],[-97.05541,32.57536],[-97.05763,32.57865],[-97.05865,32.58076],[-97.06134,32.58498],[-97.05987,32.58592],[-97.05731,32.58668],[-97.05489,32.58858],[-97.04914,32.59074],[-97.0464,32.59134],[-97.04476,32.59196],[-97.04023,32.58535]]]}},{"type":"Feature","properties":{"PRECINCT":"tarrant:2699","COUNTY":"Tarrant"},"geometry":{"type":"Polygon","coordinates":[[[-97.03913,32.61935],[-97.03873,32.61922],[-97.03868,32.61853],[-97.03753,32.61847],[-97.03807,32.58629],[-97.04007,32.58532],[-97.04045,32.58548],[-97.04476,32.59196],[-97.0464,32.59134],[-97.04914,32.59074],[-97.05489,32.58858],[-97.05731,32.58668],[-97.05987,32.58592],[-97.06134,32.58498],[-97.06157,32.58528],[-97.06055,32.58619],[-97.0518,32.59104],[-97.04969,32.59171],[-97.04668,32.59203],[-97.04509,32.59244],[-97.05439,32.60609],[-97.05367,32.60679],[-97.0533,32.60815],[-97.05049,32.61085],[-97.0497,32.61118],[-97.04761,32.61128],[-97.04556,32.61199],[-97.04529,32.61271],[-97.04539,32.61411],[-97.04459,32.61604],[-97.04433,32.6162],[-97.04375,32.61592],[-97.04429,32.61671],[-97.0442,32.61702],[-97.04264,32.6173],[-97.04249,32.61771],[-97.04141,32.61792],[-97.04055,32.61835],[-97.03944,32.61833],[-97.0394,32.61919],[-97.03913,32.61935]]]}},{"type":"Feature","properties":{"PRECINCT":"tarrant:2731","COUNTY":"Tarrant"},"geometry":{"type":"Polygon","coordinates":[[[-97.07762,32.60671],[-97.07852,32.59019],[-97.08047,32.58996],[-97.08274,32.58878],[-97.0831,32.58837],[-97.0831,32.58657],[-97.08358,32.58675],[-97.0838,32.58767],[-97.09076,32.59802],[-97.08918,32.59878],[-97.09043,32.60055],[-97.09022,32.6007],[-97.09123,32.60193],[-97.09116,32.60211],[-97.09161,32.60232],[-97.09238,32.60346],[-97.09325,32.60401],[-97.09356,32.60467],[-97.09116,32.60405],[-97.09001,32.60401],[-97.08227,32.606],[-97.07824,32.60914],[-97.07762,32.60671]]]}}]}