{"type":"FeatureCollection","features":[{"type":"Feature","properties":{"PRECINCT":"chambers:1","COUNTY":"Chambers"},"geometry":{"type":"Polygon","coordinates":[[[-94.66438,29.87072],[-94.66484,29.8705],[-94.66504,29.86987],[-94.66601,29.86934],[-94.66636,29.86872],[-94.66718,29.86807],[-94.66711,29.86759],[-94.6679,29.86749],[-94.6685,29.86634],[-94.66831,29.86527],[-94.66867,29.86494],[-94.66849,29.86431],[-94.66882,29.86358],[-94.67061,29.86189],[-94.67047,29.86085],[-94.671,29.86055],[-94.67081,29.8601],[-94.67095,29.85963],[-94.67022,29.85897],[-94.67039,29.85835],[-94.67015,29.85798],[-94.67077,29.85784],[-94.6705,29.85726],[-94.67078,29.85642],[-94.67121,29.856],[-94.67102,29.85556],[-94.67038,29.85545],[-94.67074,29.85492],[-94.67018,29.85446],[-94.6703,29.85404],[-94.66933,29.85421],[-94.66894,29.85384],[-94.66839,29.8541],[-94.66808,29.85387],[-94.66781,29.85299],[-94.66706,29.85322],[-94.66687,29.85208],[-94.66612,29.85188],[-94.66665,29.85112],[-94.66611,29.85046],[-94.6656,29.8512],[-94.66521,29.85126],[-94.66481,29.8506],[-94.66381,29.8503],[-94.66342,29.84954],[-94.66277,29.84941],[-94.66211,29.84888],[-94.66125,29.84903],[-94.66017,29.84802],[-94.65967,29.84861],[-94.65913,29.84881],[-94.65867,29.8484],[-94.65852,29.84728],[-94.6572,29.84676],[-94.65743,29.84618],[-94.65805,29.84591],[-94.65784,29.84555],[-94.65607,29.84597],[-94.65541,29.84548],[-94.65509,29.8444],[-94.6548,29.84422],[-94.65352,29.84473],[-94.65327,29.84463],[-94.65335,29.84336],[-94.65283,29.84207],[-94.65283,29.84136],[-94.65301,29.84102],[-94.65404,29.84077],[-94.65435,29.84037],[-94.68095,29.84078],[-94.73258,29.83899],[-94.75282,29.83889],[-94.75686,29.83855],[-94.76334,29.83734],[-94.76193,29.8397],[-94.75931,29.84177],[-94.7538,29.8444],[-94.75,29.84589],[-94.74927,29.8463],[-94.74852,29.84709],[-94.74815,29.85001],[-94.7491,29.85342],[-94.74865,29.85504],[-94.74558,29.85948],[-94.74335,29.86433],[-94.7429,29.86621],[-94.74381,29.87338],[-94.74461,29.87604],[-94.74448,29.87716],[-94.74424,29.878],[-94.74298,29.87999],[-94.74053,29.88267],[-94.73886,29.88722],[-94.65994,29.88812],[-94.65976,29.88728],[-94.66034,29.88645],[-94.6601,29.88573],[-94.66059,29.88305],[-94.66247,29.88117],[-94.66291,29.88032],[-94.66251,29.87774],[-94.66266,29.87469],[-94.66348,29.87325],[-94.66362,29.87241],[-94.66414,29.87203],[-94.66438,29.87072]]]}},{"type":"Feature","properties":{"PRECINCT":"chambers:10","COUNTY":"Chambers"},"geometry":{"type":"Polygon","coordinates":[[[-94.74053,29.88267],[-94.74298,29.87999],[-94.74424,29.878],[-94.74448,29.87716],[-94.74461,29.87604],[-94.74381,29.87338],[-94.7429,29.86621],[-94.74335,29.86433],[-94.74558,29.85948],[-94.74865,29.85504],[-94.7491,29.85342],[-94.7489,29.8522],[-94.74826,29.85073],[-94.74824,29.84809],[-94.74852,29.84709],[-94.74927,29.8463],[-94.75548,29.84365],[-94.75931,29.84177],[-94.76193,29.8397],[-94.76336,29.83725],[-94.80076,29.83047],[-94.80374,29.82972],[-94.80463,29.82743],[-94.80587,29.82665],[-94.80564,29.8257],[-94.81222,29.82297],[-94.81292,29.82413],[-94.83665,29.80904],[-94.83574,29.80773],[-94.837,29.80693],[-94.83794,29.80814],[-94.83838,29.80792],[-94.84183,29.82622],[-94.84234,29.82618],[-94.83865,29.80779],[-94.83812,29.80621],[-94.8401,29.80493],[-94.84033,29.80512],[-94.84346,29.80551],[-94.84405,29.80238],[-94.85026,29.79912],[-94.84625,29.82092],[-94.84662,29.82579],[-94.84735,29.83101],[-94.84796,29.83271],[-94.84971,29.83556],[-94.86494,29.85681],[-94.85529,29.86131],[-94.84729,29.86562],[-94.84678,29.8719],[-94.84734,29.87203],[-94.84757,29.87304],[-94.84859,29.87263],[-94.84911,29.8728],[-94.84986,29.87422],[-94.8512,29.87584],[-94.85266,29.87633],[-94.85289,29.87686],[-94.85234,29.87805],[-94.8526,29.87837],[-94.85366,29.87879],[-94.85525,29.87879],[-94.85565,29.87899],[-94.85615,29.87985],[-94.85727,29.88086],[-94.85729,29.88147],[-94.85627,29.88206],[-94.85468,29.88156],[-94.85437,29.88243],[-94.85357,29.88264],[-94.85363,29.88359],[-94.85284,29.88407],[-94.85326,29.88483],[-94.85486,29.88517],[-94.85548,29.88508],[-94.85558,29.88558],[-94.85491,29.88547],[-94.85469,29.88583],[-94.73886,29.88722],[-94.74053,29.88267]]]}},{"type":"Feature","properties":{"PRECINCT":"chambers:11","COUNTY":"Chambers"},"geometry":{"type":"Polygon","coordinates":[[[-94.89902,29.82165],[-94.9033,29.80679],[-94.90464,29.80035],[-94.91004,29.79155],[-94.91285,29.78172],[-94.91376,29.77452],[-94.91487,29.77222],[-94.91662,29.77027],[-94.91723,29.77107],[-94.91963,29.77128],[-94.92001,29.772],[-94.91989,29.77245],[-94.91915,29.77289],[-94.91769,29.77193],[-94.91701,29.77195],[-94.91652,29.77229],[-94.91629,29.7729],[-94.9163,29.77366],[-94.91724,29.77491],[-94.91798,29.77519],[-94.92007,29.77536],[-94.92034,29.77623],[-94.91977,29.77715],[-94.92006,29.77952],[-94.91974,29.78072],[-94.92003,29.781],[-94.92102,29.78127],[-94.92137,29.78207],[-94.9206,29.7828],[-94.91908,29.78315],[-94.91837,29.78355],[-94.91806,29.78439],[-94.91835,29.78519],[-94.9182,29.78564],[-94.91711,29.78622],[-94.91701,29.78664],[-94.91724,29.78685],[-94.9182,29.78689],[-94.91859,29.78724],[-94.91861,29.78754],[-94.91783,29.78821],[-94.91776,29.78883],[-94.91881,29.79007],[-94.91936,29.79113],[-94.92002,29.79172],[-94.92112,29.79193],[-94.92143,29.79229],[-94.91973,29.79329],[-94.91929,29.79401],[-94.91947,29.79465],[-94.92101,29.79417],[-94.92244,29.79453],[-94.9232,29.79448],[-94.92411,29.79492],[-94.92406,29.7962],[-94.92227,29.79675],[-94.92208,29.79722],[-94.9223,29.79756],[-94.92318,29.79787],[-94.92327,29.79809],[-94.92313,29.79881],[-94.92207,29.80019],[-94.92294,29.8016],[-94.92294,29.80238],[-94.92217,29.80313],[-94.91941,29.80276],[-94.9186,29.80319],[-94.91688,29.8033],[-94.91679,29.80404],[-94.91719,29.80495],[-94.91597,29.80563],[-94.91604,29.80663],[-94.91508,29.80691],[-94.91448,29.8076],[-94.91255,29.80857],[-94.91244,29.80903],[-94.91363,29.81048],[-94.9127,29.81057],[-94.91188,29.81119],[-94.91306,29.81196],[-94.91334,29.8124],[-94.91325,29.81292],[-94.91227,29.81388],[-94.91175,29.81405],[-94.91165,29.81221],[-94.91137,29.81199],[-94.91049,29.81196],[-94.91044,29.81237],[-94.91096,29.81377],[-94.91042,29.81402],[-94.90967,29.81363],[-94.90922,29.81363],[-94.9085,29.81494],[-94.90855,29.81513],[-94.90997,29.81515],[-94.91073,29.81585],[-94.91008,29.81646],[-94.91071,29.81702],[-94.9107,29.81749],[-94.91113,29.81817],[-94.91033,29.81856],[-94.91079,29.81923],[-94.91068,29.81945],[-94.90989,29.81964],[-94.91007,29.82014],[-94.90982,29.82122],[-94.90372,29.82108],[-94.89902,29.82165]]]}},{"type":"Feature","properties":{"PRECINCT":"chambers:12","COUNTY":"Chambers"},"geometry":{"type":"Polygon","coordinates":[[[-94.37531,29.81328],[-94.37528,29.81062],[-94.3568,29.81077],[-94.35546,29.72926],[-94.35395,29.6115],[-94.35816,29.60951],[-94.36556,29.60483],[-94.36559,29.61741],[-94.37114,29.61713],[-94.37948,29.61705],[-94.38386,29.60639],[-94.38698,29.59975],[-94.38851,29.59528],[-94.38866,29.59597],[-94.38902,29.596],[-94.38935,29.59589],[-94.38994,29.59472],[-94.39227,29.59562],[-94.3936,29.59503],[-94.39394,29.59602],[-94.39428,29.5963],[-94.39806,29.5968],[-94.3987,29.59661],[-94.39905,29.59607],[-94.39851,29.5946],[-94.39924,29.59451],[-94.40029,29.59488],[-94.40089,29.59586],[-94.40301,29.59628],[-94.40383,29.59616],[-94.40562,29.59803],[-94.40648,29.59826],[-94.40739,29.59738],[-94.40734,29.59682],[-94.40805,29.59652],[-94.40873,29.5975],[-94.40937,29.5972],[-94.40982,29.59666],[-94.4094,29.59559],[-94.40974,29.59463],[-94.40999,29.59434],[-94.41202,29.59343],[-94.41318,29.59237],[-94.4135,29.59189],[-94.41339,29.59147],[-94.41381,29.59002],[-94.4143,29.59003],[-94.41506,29.59104],[-94.41681,29.59248],[-94.41731,29.59255],[-94.41813,29.59196],[-94.41849,29.59137],[-94.41826,29.59002],[-94.41905,29.58952],[-94.41918,29.58919],[-94.41925,29.58643],[-94.41878,29.586],[-94.41555,29.58615],[-94.41506,29.58633],[-94.41465,29.58686],[-94.41461,29.58756],[-94.41379,29.58687],[-94.41377,29.58542],[-94.41431,29.58511],[-94.41551,29.58539],[-94.41658,29.58518],[-94.41692,29.58456],[-94.41566,29.58371],[-94.41526,29.58365],[-94.41417,29.58253],[-94.4143,29.58235],[-94.41546,29.58233],[-94.41577,29.58163],[-94.41551,29.58144],[-94.41347,29.5815],[-94.41292,29.58127],[-94.41271,29.58088],[-94.41329,29.58009],[-94.41677,29.57913],[-94.41734,29.57862],[-94.41734,29.57812],[-94.41716,29.57768],[-94.416,29.57726],[-94.41421,29.57762],[-94.41245,29.57337],[-94.41277,29.57261],[-94.41368,29.57237],[-94.41529,29.57293],[-94.41574,29.57285],[-94.41715,29.56991],[-94.41782,29.56928],[-94.41984,29.56921],[-94.42167,29.56971],[-94.42211,29.56746],[-94.42264,29.56631],[-94.42702,29.56687],[-94.42767,29.56653],[-94.42781,29.56547],[-94.42873,29.56495],[-94.43124,29.56462],[-94.43237,29.56472],[-94.43423,29.56532],[-94.43624,29.56431],[-94.43757,29.56484],[-94.43811,29.56531],[-94.43926,29.56543],[-94.44002,29.56508],[-94.44058,29.56431],[-94.44181,29.56361],[-94.44266,29.56239],[-94.44306,29.5623],[-94.44356,29.56237],[-94.44469,29.56313],[-94.44662,29.56388],[-94.44867,29.564],[-94.45141,29.56295],[-94.45397,29.56275],[-94.45806,29.56096],[-94.45923,29.56071],[-94.46127,29.56092],[-94.46312,29.56074],[-94.46675,29.5591],[-94.46947,29.55759],[-94.47009,29.55704],[-94.47248,29.55716],[-94.47345,29.55771],[-94.47371,29.55815],[-94.47464,29.55833],[-94.47632,29.55747],[-94.47691,29.55689],[-94.47812,29.55652],[-94.48018,29.55502],[-94.4813,29.55447],[-94.48178,29.55459],[-94.48196,29.55432],[-94.48368,29.55378],[-94.48387,29.55403],[-94.48436,29.55406],[-94.48663,29.55385],[-94.48958,29.55283],[-94.48978,29.55223],[-94.49066,29.55219],[-94.49262,29.55106],[-94.49546,29.55004],[-94.49617,29.54949],[-94.4973,29.54779],[-94.49786,29.54663],[-94.49812,29.54492],[-94.49877,29.54446],[-94.49971,29.54447],[-94.5022,29.54385],[-94.50554,29.54379],[-94.50913,29.54337],[-94.51815,29.54116],[-94.52017,29.54106],[-94.52111,29.5408],[-94.52349,29.54113],[-94.52331,29.54366],[-94.52237,29.54579],[-94.52222,29.54732],[-94.52288,29.55036],[-94.52347,29.55171],[-94.52409,29.55244],[-94.5252,29.55256],[-94.52498,29.55174],[-94.52511,29.55162],[-94.52598,29.55318],[-94.52691,29.55362],[-94.52921,29.55656],[-94.53091,29.55742],[-94.53189,29.55839],[-94.53224,29.55826],[-94.53282,29.55879],[-94.53363,29.55879],[-94.53676,29.56079],[-94.5379,29.56245],[-94.53873,29.56272],[-94.53978,29.56408],[-94.54089,29.56726],[-94.54164,29.56858],[-94.54529,29.57213],[-94.54671,29.57276],[-94.54991,29.57334],[-94.55214,29.57417],[-94.55238,29.57405],[-94.55346,29.57436],[-94.55496,29.57424],[-94.55594,29.57453],[-94.5566,29.57432],[-94.558,29.57459],[-94.56268,29.57432],[-94.56551,29.57371],[-94.56705,29.5731],[-94.56785,29.57336],[-94.56939,29.57285],[-94.57022,29.57321],[-94.57052,29.57286],[-94.57043,29.57211],[-94.5707,29.57178],[-94.57272,29.57096],[-94.5773,29.56836],[-94.58062,29.56694],[-94.58119,29.56721],[-94.5815,29.5667],[-94.58192,29.56668],[-94.58412,29.56554],[-94.5849,29.56544],[-94.58525,29.56511],[-94.58725,29.56434],[-94.58783,29.56452],[-94.58974,29.56341],[-94.59022,29.56343],[-94.5919,29.56261],[-94.59529,29.56178],[-94.59662,29.56179],[-94.59689,29.5621],[-94.59739,29.56208],[-94.59737,29.56467],[-94.59764,29.56467],[-94.60534,29.56253],[-94.61311,29.55928],[-94.62109,29.55518],[-94.63221,29.55236],[-94.63662,29.55084],[-94.65317,29.54943],[-94.65542,29.54941],[-94.65563,29.55157],[-94.65563,29.57849],[-94.65514,29.57969],[-94.65123,29.58214],[-94.65083,29.58298],[-94.65347,29.58733],[-94.65819,29.59412],[-94.65744,29.60041],[-94.66019,29.61037],[-94.66062,29.61324],[-94.66021,29.614],[-94.65608,29.61852],[-94.64754,29.6141],[-94.64325,29.61415],[-94.63756,29.61332],[-94.62105,29.6135],[-94.62236,29.62012],[-94.62265,29.62068],[-94.62393,29.62161],[-94.62286,29.62293],[-94.61999,29.62414],[-94.61743,29.62755],[-94.61249,29.62916],[-94.61075,29.632],[-94.60778,29.63496],[-94.60537,29.63869],[-94.60489,29.63825],[-94.60427,29.63811],[-94.60264,29.63847],[-94.60043,29.63757],[-94.60008,29.63569],[-94.59583,29.6257],[-94.59504,29.62527],[-94.5937,29.62545],[-94.59105,29.62503],[-94.58965,29.6278],[-94.58596,29.64271],[-94.58524,29.64222],[-94.58435,29.64069],[-94.58236,29.63844],[-94.58215,29.63681],[-94.5704,29.63731],[-94.57291,29.64773],[-94.57104,29.65242],[-94.57108,29.66596],[-94.58104,29.66912],[-94.57534,29.6725],[-94.57541,29.6727],[-94.58783,29.68965],[-94.58863,29.69158],[-94.5877,29.69412],[-94.58785,29.69459],[-94.58993,29.69679],[-94.59608,29.70162],[-94.59389,29.70334],[-94.59203,29.70564],[-94.59136,29.70718],[-94.59107,29.70908],[-94.59022,29.70941],[-94.59086,29.7112],[-94.59057,29.71199],[-94.58957,29.71297],[-94.58979,29.71461],[-94.58731,29.71544],[-94.58594,29.71922],[-94.5828,29.72311],[-94.58146,29.72428],[-94.5802,29.72453],[-94.57985,29.72556],[-94.57877,29.72628],[-94.57853,29.72679],[-94.57885,29.72788],[-94.57762,29.72968],[-94.57585,29.73044],[-94.57506,29.73112],[-94.57407,29.73123],[-94.57399,29.73151],[-94.56489,29.73182],[-94.53257,29.73212],[-94.5146,29.73285],[-94.49837,29.73279],[-94.49845,29.74111],[-94.49817,29.74457],[-94.49886,29.80566],[-94.47942,29.80593],[-94.47881,29.80465],[-94.47584,29.80041],[-94.47479,29.7984],[-94.47386,29.79582],[-94.47266,29.79125],[-94.44877,29.79154],[-94.44888,29.80325],[-94.43233,29.7935],[-94.43173,29.79309],[-94.43149,29.79249],[-94.43165,29.79314],[-94.4321,29.79357],[-94.43218,29.79867],[-94.43254,29.79965],[-94.43226,29.79962],[-94.43229,29.8001],[-94.43183,29.80117],[-94.43069,29.80166],[-94.43049,29.80194],[-94.43086,29.80305],[-94.4305,29.80399],[-94.43068,29.80615],[-94.4191,29.80643],[-94.41898,29.80578],[-94.40046,29.80584],[-94.40053,29.81311],[-94.38168,29.81321],[-94.38166,29.80958],[-94.37991,29.80958],[-94.37999,29.81322],[-94.37531,29.81328]]]}},{"type":"Feature","properties":{"PRECINCT":"chambers:13","COUNTY":"Chambers"},"geometry":{"type":"Polygon","coordinates":[[[-94.36559,29.61741],[-94.36556,29.60483],[-94.35816,29.60951],[-94.35395,29.6115],[-94.35338,29.57484],[-94.35419,29.56107],[-94.35488,29.50633],[-94.36936,29.50062],[-94.37086,29.55503],[-94.37162,29.59725],[-94.37183,29.59718],[-94.37199,29.59626],[-94.37228,29.59619],[-94.37289,29.59738],[-94.37321,29.59745],[-94.37332,29.59683],[-94.37289,29.59591],[-94.37308,29.59569],[-94.37467,29.59676],[-94.37532,29.59678],[-94.37555,29.5959],[-94.37535,29.5953],[-94.3765,29.5949],[-94.37675,29.59467],[-94.37682,29.59392],[-94.37714,29.5937],[-94.37814,29.59408],[-94.37833,29.59545],[-94.37876,29.59605],[-94.37942,29.59584],[-94.38016,29.59526],[-94.38475,29.59512],[-94.38655,29.5961],[-94.38703,29.59432],[-94.38841,29.59453],[-94.38851,29.59528],[-94.38698,29.59975],[-94.38386,29.60639],[-94.37948,29.61705],[-94.37114,29.61713],[-94.36559,29.61741]]]}},{"type":"Feature","properties":{"PRECINCT":"chambers:14","COUNTY":"Chambers"},"geometry":{"type":"Polygon","coordinates":[[[-94.58302,29.83774],[-94.49668,29.83135],[-94.49597,29.83063],[-94.49501,29.83038],[-94.4953,29.83021],[-94.49885,29.83031],[-94.49885,29.79359],[-94.49817,29.74457],[-94.49845,29.74111],[-94.49837,29.73279],[-94.5146,29.73285],[-94.53257,29.73212],[-94.56489,29.73182],[-94.5732,29.73142],[-94.60272,29.73112],[-94.60385,29.73096],[-94.60621,29.73014],[-94.60783,29.73005],[-94.64147,29.72971],[-94.65054,29.72988],[-94.66292,29.73092],[-94.67463,29.73082],[-94.67488,29.74829],[-94.67423,29.75047],[-94.67127,29.75497],[-94.67053,29.75686],[-94.66939,29.7569],[-94.66923,29.77419],[-94.65637,29.77689],[-94.65503,29.77734],[-94.64082,29.78692],[-94.64274,29.79561],[-94.64297,29.80673],[-94.64367,29.80956],[-94.64505,29.81193],[-94.64635,29.81556],[-94.64603,29.81852],[-94.64452,29.82165],[-94.64396,29.82457],[-94.64444,29.82607],[-94.64816,29.83082],[-94.64894,29.83226],[-94.64808,29.84015],[-94.58302,29.83774]]]}},{"type":"Feature","properties":{"PRECINCT":"chambers:15","COUNTY":"Chambers"},"geometry":{"type":"Polygon","coordinates":[[[-94.87212,29.8237],[-94.87205,29.8233],[-94.87243,29.82254],[-94.87253,29.81855],[-94.87157,29.81413],[-94.87122,29.81068],[-94.87156,29.81067],[-94.87257,29.80298],[-94.87462,29.79783],[-94.87444,29.78393],[-94.87589,29.78349],[-94.88353,29.78267],[-94.89363,29.78119],[-94.89474,29.78038],[-94.89501,29.77851],[-94.89563,29.77772],[-94.89616,29.77746],[-94.90032,29.77672],[-94.9013,29.77598],[-94.89963,29.77429],[-94.89825,29.77513],[-94.89581,29.77597],[-94.89572,29.77631],[-94.89451,29.77706],[-94.89421,29.77764],[-94.89338,29.77746],[-94.89235,29.77671],[-94.89168,29.77678],[-94.89167,29.7771],[-94.89141,29.77723],[-94.89022,29.77683],[-94.88914,29.77674],[-94.88866,29.77646],[-94.88852,29.77694],[-94.88727,29.7773],[-94.88481,29.77377],[-94.88238,29.77146],[-94.87779,29.7679],[-94.88338,29.76042],[-94.88443,29.74871],[-94.88656,29.74983],[-94.89147,29.74998],[-94.89843,29.74957],[-94.90478,29.74857],[-94.90572,29.74859],[-94.90681,29.74901],[-94.90842,29.75023],[-94.91094,29.75068],[-94.91298,29.75039],[-94.92295,29.74645],[-94.92873,29.74525],[-94.92956,29.74698],[-94.93002,29.74712],[-94.92983,29.75],[-94.92939,29.75089],[-94.9288,29.75137],[-94.92594,29.75237],[-94.92426,29.75462],[-94.9234,29.75526],[-94.92164,29.75556],[-94.91955,29.75527],[-94.91884,29.75548],[-94.91837,29.75611],[-94.91879,29.75923],[-94.91778,29.76104],[-94.91796,29.76228],[-94.91917,29.76458],[-94.91902,29.76539],[-94.91666,29.76696],[-94.91416,29.7662],[-94.91344,29.76671],[-94.91325,29.7674],[-94.91369,29.76868],[-94.91425,29.76915],[-94.91653,29.77003],[-94.91662,29.77027],[-94.91487,29.77222],[-94.91376,29.77452],[-94.91285,29.78172],[-94.91004,29.79155],[-94.90464,29.80035],[-94.9033,29.80679],[-94.89902,29.82165],[-94.87186,29.82406],[-94.87212,29.8237]]]}},{"type":"Feature","properties":{"PRECINCT":"chambers:2","COUNTY":"Chambers"},"geometry":{"type":"Polygon","coordinates":[[[-94.52479,29.87351],[-94.52445,29.85916],[-94.54131,29.85899],[-94.54103,29.83936],[-94.54049,29.83657],[-94.54061,29.83469],[-94.58131,29.83766],[-94.65435,29.84037],[-94.65404,29.84077],[-94.65301,29.84102],[-94.65283,29.84136],[-94.65283,29.84207],[-94.65335,29.84336],[-94.65327,29.84463],[-94.65352,29.84473],[-94.6548,29.84422],[-94.65509,29.8444],[-94.65541,29.84548],[-94.65607,29.84597],[-94.65784,29.84555],[-94.65805,29.84591],[-94.65743,29.84618],[-94.6572,29.84676],[-94.65852,29.84728],[-94.65867,29.8484],[-94.65913,29.84881],[-94.65967,29.84861],[-94.66017,29.84802],[-94.66125,29.84903],[-94.66211,29.84888],[-94.66277,29.84941],[-94.66342,29.84954],[-94.66381,29.8503],[-94.66481,29.8506],[-94.66521,29.85126],[-94.6656,29.8512],[-94.66611,29.85046],[-94.66665,29.85112],[-94.66612,29.85188],[-94.66687,29.85208],[-94.66706,29.85322],[-94.66781,29.85299],[-94.66808,29.85387],[-94.66839,29.8541],[-94.66894,29.85384],[-94.66933,29.85421],[-94.6703,29.85404],[-94.67018,29.85446],[-94.67074,29.85492],[-94.67038,29.85545],[-94.67102,29.85556],[-94.67121,29.856],[-94.67078,29.85642],[-94.6705,29.85726],[-94.67077,29.85784],[-94.67015,29.85798],[-94.67039,29.85835],[-94.67022,29.85897],[-94.67095,29.85963],[-94.67081,29.8601],[-94.671,29.86055],[-94.67047,29.86085],[-94.67061,29.86189],[-94.66882,29.86358],[-94.66849,29.86431],[-94.66867,29.86494],[-94.66831,29.86527],[-94.6685,29.86634],[-94.6679,29.86749],[-94.66711,29.86759],[-94.66718,29.86807],[-94.66636,29.86872],[-94.66601,29.86934],[-94.66504,29.86987],[-94.66484,29.8705],[-94.66438,29.87072],[-94.66414,29.87203],[-94.66362,29.87241],[-94.66348,29.87325],[-94.6627,29.87454],[-94.66251,29.87774],[-94.66291,29.88032],[-94.66247,29.88117],[-94.66059,29.88305],[-94.6601,29.88573],[-94.66034,29.88645],[-94.65976,29.88728],[-94.65994,29.88812],[-94.53457,29.88951],[-94.52841,29.88152],[-94.52727,29.88076],[-94.52222,29.87605],[-94.52479,29.87351]]]}},{"type":"Feature","properties":{"PRECINCT":"chambers:3","COUNTY":"Chambers"},"geometry":{"type":"Polygon","coordinates":[[[-94.71889,29.75951],[-94.71887,29.7591],[-94.71778,29.75969],[-94.71678,29.75898],[-94.71622,29.75903],[-94.71596,29.75929],[-94.70789,29.7591],[-94.70729,29.75865],[-94.70668,29.75749],[-94.70681,29.75652],[-94.70613,29.75549],[-94.70462,29.75438],[-94.70335,29.7541],[-94.7022,29.75419],[-94.70193,29.75483],[-94.7021,29.75504],[-94.69855,29.75682],[-94.69807,29.75667],[-94.69777,29.75387],[-94.69853,29.7501],[-94.69735,29.74932],[-94.69647,29.74637],[-94.6949,29.74526],[-94.6958,29.74109],[-94.69706,29.73914],[-94.69699,29.73739],[-94.69801,29.73485],[-94.69797,29.73083],[-94.69678,29.72864],[-94.69598,29.72876],[-94.69662,29.73148],[-94.69639,29.73482],[-94.69077,29.75573],[-94.68933,29.75548],[-94.68915,29.75576],[-94.68894,29.7556],[-94.68907,29.75498],[-94.68969,29.75487],[-94.68955,29.75458],[-94.68869,29.75421],[-94.68904,29.75278],[-94.68893,29.75158],[-94.6894,29.74854],[-94.69007,29.74628],[-94.6901,29.74438],[-94.69094,29.74189],[-94.6924,29.74017],[-94.69226,29.7399],[-94.69305,29.7398],[-94.69297,29.73916],[-94.69333,29.73852],[-94.69449,29.73752],[-94.69546,29.73486],[-94.69557,29.73347],[-94.69539,29.72987],[-94.69506,29.72835],[-94.69431,29.72782],[-94.69382,29.72676],[-94.69378,29.72596],[-94.69325,29.72571],[-94.69229,29.72407],[-94.69161,29.72102],[-94.69172,29.72045],[-94.69121,29.71865],[-94.691,29.71575],[-94.69032,29.7149],[-94.69032,29.71405],[-94.68951,29.71217],[-94.68974,29.71124],[-94.68918,29.71071],[-94.68954,29.70927],[-94.68926,29.70738],[-94.68938,29.70666],[-94.69002,29.70616],[-94.69016,29.70458],[-94.68928,29.70176],[-94.68981,29.70067],[-94.68918,29.69896],[-94.68913,29.69637],[-94.68967,29.69278],[-94.69017,29.69249],[-94.69056,29.69108],[-94.69104,29.69098],[-94.69153,29.69035],[-94.69156,29.6898],[-94.69232,29.68905],[-94.6927,29.68787],[-94.69333,29.68727],[-94.6937,29.68649],[-94.69356,29.68582],[-94.69521,29.68201],[-94.69585,29.68127],[-94.69652,29.68132],[-94.69652,29.68068],[-94.696,29.68036],[-94.69609,29.68006],[-94.69573,29.67929],[-94.69598,29.67868],[-94.69553,29.67789],[-94.69579,29.67786],[-94.69564,29.67619],[-94.69606,29.67579],[-94.69603,29.67542],[-94.69575,29.67527],[-94.69605,29.67421],[-94.69712,29.67339],[-94.69635,29.67314],[-94.69608,29.67228],[-94.69632,29.6721],[-94.69616,29.67185],[-94.69643,29.67161],[-94.69665,29.66989],[-94.69709,29.66962],[-94.69632,29.66861],[-94.69637,29.66787],[-94.69668,29.66758],[-94.69649,29.66746],[-94.69671,29.66701],[-94.69655,29.6668],[-94.69679,29.66665],[-94.69642,29.66599],[-94.69739,29.66448],[-94.69794,29.66419],[-94.69747,29.66396],[-94.69747,29.66363],[-94.69687,29.66356],[-94.69751,29.6631],[-94.69728,29.66261],[-94.6973,29.66226],[-94.69772,29.66185],[-94.69756,29.66086],[-94.69818,29.65986],[-94.69817,29.65945],[-94.6976,29.65904],[-94.69745,29.65867],[-94.69793,29.6538],[-94.69769,29.65325],[-94.69562,29.65386],[-94.69222,29.65404],[-94.69146,29.65426],[-94.6915,29.65381],[-94.69059,29.65278],[-94.69051,29.65172],[-94.68968,29.65119],[-94.68892,29.65118],[-94.68696,29.65202],[-94.68401,29.65283],[-94.68341,29.65264],[-94.68276,29.65201],[-94.67976,29.64796],[-94.67783,29.64744],[-94.67652,29.64728],[-94.67527,29.64746],[-94.67372,29.64835],[-94.67179,29.6491],[-94.67087,29.64917],[-94.66867,29.64851],[-94.665,29.64888],[-94.66344,29.64957],[-94.66168,29.64939],[-94.66077,29.64999],[-94.6598,29.65012],[-94.65881,29.65146],[-94.65924,29.66675],[-94.653,29.67579],[-94.65947,29.67574],[-94.65966,29.68828],[-94.64989,29.71823],[-94.65007,29.72987],[-94.64147,29.72971],[-94.60707,29.73006],[-94.60272,29.73112],[-94.57399,29.73151],[-94.57407,29.73123],[-94.57506,29.73112],[-94.57585,29.73044],[-94.57762,29.72968],[-94.57885,29.72788],[-94.57853,29.72679],[-94.57877,29.72628],[-94.57985,29.72556],[-94.5802,29.72453],[-94.58146,29.72428],[-94.5828,29.72311],[-94.58594,29.71922],[-94.58731,29.71544],[-94.58979,29.71461],[-94.58957,29.71297],[-94.59057,29.71199],[-94.59086,29.7112],[-94.59022,29.70941],[-94.59107,29.70908],[-94.59136,29.70718],[-94.59203,29.70564],[-94.59389,29.70334],[-94.59608,29.70162],[-94.58993,29.69679],[-94.58785,29.69459],[-94.5877,29.69412],[-94.58863,29.69158],[-94.58783,29.68965],[-94.57541,29.6727],[-94.57534,29.6725],[-94.58104,29.66912],[-94.57108,29.66596],[-94.57104,29.65242],[-94.57291,29.64773],[-94.5704,29.63731],[-94.58215,29.63681],[-94.58236,29.63844],[-94.58435,29.64069],[-94.58524,29.64222],[-94.58596,29.64271],[-94.58965,29.6278],[-94.59105,29.62503],[-94.5937,29.62545],[-94.59504,29.62527],[-94.59583,29.6257],[-94.60008,29.63569],[-94.60043,29.63757],[-94.60264,29.63847],[-94.60427,29.63811],[-94.60489,29.63825],[-94.60537,29.63869],[-94.60778,29.63496],[-94.61075,29.632],[-94.61249,29.62916],[-94.61743,29.62755],[-94.61999,29.62414],[-94.62286,29.62293],[-94.62393,29.62161],[-94.62265,29.62068],[-94.62236,29.62012],[-94.62105,29.6135],[-94.63756,29.61332],[-94.64325,29.61415],[-94.64754,29.6141],[-94.65608,29.61852],[-94.66021,29.614],[-94.66062,29.61324],[-94.66019,29.61037],[-94.65744,29.60041],[-94.65817,29.59404],[-94.65347,29.58733],[-94.65083,29.58304],[-94.65123,29.58214],[-94.65514,29.57969],[-94.65563,29.57849],[-94.65563,29.55157],[-94.65542,29.54941],[-94.65317,29.54943],[-94.63662,29.55084],[-94.63221,29.55236],[-94.62109,29.55518],[-94.61311,29.55928],[-94.60534,29.56253],[-94.59738,29.56468],[-94.59739,29.56208],[-94.59762,29.56206],[-94.59831,29.56121],[-94.60153,29.55943],[-94.60503,29.55838],[-94.60646,29.55822],[-94.60933,29.5572],[-94.61017,29.55718],[-94.6103,29.55687],[-94.61226,29.5562],[-94.61298,29.55616],[-94.61393,29.55568],[-94.61478,29.55567],[-94.61749,29.55477],[-94.61832,29.55489],[-94.61913,29.55463],[-94.6199,29.55471],[-94.62186,29.55386],[-94.62263,29.5539],[-94.6232,29.55363],[-94.62339,29.55376],[-94.62463,29.55329],[-94.62511,29.55329],[-94.62547,29.55368],[-94.62574,29.55325],[-94.62581,29.55348],[-94.6262,29.55358],[-94.62832,29.55325],[-94.62995,29.55281],[-94.63051,29.55219],[-94.63272,29.5521],[-94.63794,29.55018],[-94.63893,29.5503],[-94.63948,29.55002],[-94.63958,29.55015],[-94.64111,29.54996],[-94.64124,29.54974],[-94.64185,29.54985],[-94.64214,29.54963],[-94.64278,29.54968],[-94.64352,29.54927],[-94.64442,29.54966],[-94.64512,29.54956],[-94.64556,29.54921],[-94.64659,29.54925],[-94.6477,29.54882],[-94.64851,29.54895],[-94.64884,29.54861],[-94.6501,29.54879],[-94.65068,29.5483],[-94.65111,29.54861],[-94.65158,29.54811],[-94.65266,29.54858],[-94.65329,29.54804],[-94.65389,29.54791],[-94.65482,29.54817],[-94.65619,29.5477],[-94.65675,29.54778],[-94.65709,29.54724],[-94.65754,29.54742],[-94.65769,29.54718],[-94.65804,29.54723],[-94.65853,29.54662],[-94.65968,29.54695],[-94.66072,29.54642],[-94.66184,29.54662],[-94.66258,29.54611],[-94.6633,29.54615],[-94.66474,29.54549],[-94.66578,29.54458],[-94.66571,29.54434],[-94.66685,29.54378],[-94.66966,29.54335],[-94.66982,29.54312],[-94.67869,29.54116],[-94.67988,29.54052],[-94.68227,29.54009],[-94.68625,29.53834],[-94.6882,29.53817],[-94.68981,29.53839],[-94.69146,29.53819],[-94.69422,29.53836],[-94.70011,29.53784],[-94.70056,29.53835],[-94.70164,29.53851],[-94.70209,29.53879],[-94.70397,29.53831],[-94.70434,29.53843],[-94.70473,29.53815],[-94.70536,29.53824],[-94.70631,29.53759],[-94.70785,29.53764],[-94.70871,29.53741],[-94.70902,29.53757],[-94.71181,29.53682],[-94.71219,29.5372],[-94.71251,29.53682],[-94.71246,29.53645],[-94.71345,29.53624],[-94.71377,29.53591],[-94.71513,29.53549],[-94.71573,29.53479],[-94.71669,29.53422],[-94.71792,29.53414],[-94.71845,29.53458],[-94.72007,29.53425],[-94.73107,29.53003],[-94.73225,29.52965],[-94.73294,29.52975],[-94.73475,29.52943],[-94.73746,29.52817],[-94.73958,29.52761],[-94.74092,29.52672],[-94.74215,29.52718],[-94.74323,29.52695],[-94.74356,29.52709],[-94.74343,29.52729],[-94.74369,29.52754],[-94.74451,29.5277],[-94.74637,29.52758],[-94.74698,29.52773],[-94.74747,29.52737],[-94.74785,29.5275],[-94.74991,29.52678],[-94.75085,29.52617],[-94.75194,29.5259],[-94.7522,29.52543],[-94.75253,29.52531],[-94.75297,29.52525],[-94.7533,29.52551],[-94.75374,29.5254],[-94.75388,29.52581],[-94.75493,29.52556],[-94.75517,29.52541],[-94.75502,29.52511],[-94.75582,29.5245],[-94.75699,29.52464],[-94.75732,29.5244],[-94.75786,29.52465],[-94.75983,29.52432],[-94.76022,29.52447],[-94.76061,29.52435],[-94.76132,29.52466],[-94.76241,29.52415],[-94.76427,29.52449],[-94.76672,29.52517],[-94.76752,29.52567],[-94.76805,29.52561],[-94.76946,29.526],[-94.76966,29.52642],[-94.77005,29.52656],[-94.7707,29.52669],[-94.77133,29.52644],[-94.77167,29.52684],[-94.7722,29.52693],[-94.77301,29.52748],[-94.77433,29.52781],[-94.7746,29.52842],[-94.7749,29.52813],[-94.77533,29.52819],[-94.77801,29.5295],[-94.77811,29.5298],[-94.77951,29.53025],[-94.78144,29.53267],[-94.78169,29.53401],[-94.78413,29.53612],[-94.78379,29.53725],[-94.78454,29.53961],[-94.78666,29.54124],[-94.78625,29.5421],[-94.78673,29.54254],[-94.78664,29.54303],[-94.78811,29.54464],[-94.78807,29.54516],[-94.78838,29.54559],[-94.78991,29.54679],[-94.79129,29.54998],[-94.79215,29.55081],[-94.79317,29.55111],[-94.79382,29.55094],[-94.79815,29.54777],[-94.80299,29.54572],[-94.80425,29.54485],[-94.80624,29.54245],[-94.84145,29.56638],[-94.86504,29.54092],[-94.88588,29.55553],[-94.79968,29.66603],[-94.7965,29.66437],[-94.72314,29.75904],[-94.72274,29.75907],[-94.71712,29.76704],[-94.71571,29.77273],[-94.71702,29.76696],[-94.71665,29.76179],[-94.71889,29.75951]]]}},{"type":"Feature","properties":{"PRECINCT":"chambers:4","COUNTY":"Chambers"},"geometry":{"type":"Polygon","coordinates":[[[-94.85477,29.88574],[-94.85491,29.88547],[-94.85558,29.88558],[-94.85559,29.88515],[-94.85346,29.88491],[-94.8528,29.88421],[-94.85363,29.88359],[-94.85357,29.88264],[-94.85437,29.88243],[-94.85468,29.88156],[-94.85596,29.88208],[-94.85667,29.88192],[-94.85729,29.88147],[-94.85727,29.88086],[-94.85615,29.87985],[-94.85565,29.87899],[-94.85525,29.87879],[-94.85366,29.87879],[-94.8526,29.87837],[-94.85234,29.87805],[-94.85289,29.87686],[-94.85266,29.87633],[-94.8512,29.87584],[-94.84986,29.87422],[-94.84911,29.8728],[-94.84859,29.87263],[-94.84757,29.87304],[-94.84734,29.87203],[-94.84678,29.8719],[-94.84729,29.86562],[-94.85529,29.86131],[-94.86494,29.85681],[-94.84868,29.83406],[-94.84735,29.83101],[-94.84667,29.82619],[-94.89391,29.82212],[-94.90372,29.82108],[-94.90982,29.82122],[-94.90865,29.82518],[-94.90866,29.82607],[-94.90915,29.82691],[-94.91115,29.82811],[-94.912,29.82911],[-94.91778,29.83063],[-94.92673,29.83369],[-94.93404,29.83416],[-94.93515,29.83462],[-94.93589,29.83515],[-94.94518,29.84472],[-94.94589,29.84577],[-94.94759,29.85082],[-94.95264,29.85503],[-94.95383,29.85552],[-94.95839,29.85622],[-94.96221,29.85707],[-94.96595,29.85808],[-94.968,29.85915],[-94.96891,29.86043],[-94.97022,29.86136],[-94.97091,29.8616],[-94.97146,29.86242],[-94.97261,29.86303],[-94.97268,29.8644],[-94.9736,29.86506],[-94.97386,29.86586],[-94.9756,29.8667],[-94.97615,29.86767],[-94.97714,29.86818],[-94.97593,29.873],[-94.97622,29.87443],[-94.97668,29.87518],[-94.97633,29.87699],[-94.97874,29.87977],[-94.98146,29.88428],[-94.95856,29.88442],[-94.9546,29.88467],[-94.92123,29.88512],[-94.85477,29.88574]]]}},{"type":"Feature","properties":{"PRECINCT":"chambers:5","COUNTY":"Chambers"},"geometry":{"type":"Polygon","coordinates":[[[-94.72404,29.79957],[-94.71538,29.7935],[-94.71067,29.79102],[-94.70701,29.78821],[-94.70626,29.78664],[-94.70605,29.78321],[-94.70653,29.78308],[-94.70647,29.78251],[-94.70707,29.78249],[-94.70818,29.78191],[-94.70934,29.78101],[-94.71499,29.77438],[-94.71578,29.77257],[-94.71712,29.76704],[-94.71986,29.76303],[-94.72274,29.75907],[-94.72314,29.75904],[-94.7965,29.66437],[-94.79968,29.66603],[-94.88588,29.55553],[-94.86504,29.54092],[-94.84145,29.56638],[-94.80624,29.54245],[-94.81004,29.53524],[-94.81236,29.53136],[-94.81496,29.52781],[-94.81874,29.52372],[-94.82294,29.5204],[-94.82522,29.51908],[-94.82812,29.51777],[-94.83033,29.5172],[-94.83338,29.51691],[-94.84845,29.51709],[-94.85794,29.51678],[-94.86795,29.51591],[-94.8752,29.51467],[-94.88631,29.51082],[-94.89209,29.50818],[-94.89922,29.50402],[-94.90529,29.49957],[-94.90847,29.49751],[-94.90991,29.49699],[-94.90985,29.49644],[-94.91071,29.49653],[-94.91146,29.49624],[-94.9144,29.4965],[-94.91842,29.49748],[-94.91869,29.49736],[-94.91908,29.49757],[-94.92139,29.49778],[-94.92324,29.49821],[-94.92342,29.49842],[-94.92635,29.4989],[-94.92926,29.49988],[-94.93169,29.50024],[-94.93323,29.50084],[-94.93432,29.50085],[-94.93613,29.5018],[-94.93721,29.50157],[-94.93773,29.50192],[-94.93937,29.50192],[-94.94319,29.50309],[-94.94563,29.50349],[-94.95019,29.50497],[-94.95083,29.50492],[-94.95095,29.50519],[-94.95121,29.505],[-94.95124,29.50515],[-94.95385,29.50538],[-94.9548,29.50628],[-94.95558,29.50667],[-94.95623,29.50534],[-94.9578,29.50662],[-94.95884,29.50647],[-94.96037,29.50723],[-94.961,29.5071],[-94.96381,29.50773],[-94.96493,29.50841],[-94.96736,29.5085],[-94.97188,29.51008],[-94.97309,29.51018],[-94.97806,29.51167],[-94.9793,29.51238],[-94.98272,29.51347],[-94.98614,29.51505],[-94.98966,29.51709],[-94.99249,29.51832],[-94.99944,29.52331],[-95.00169,29.52533],[-95.0031,29.52606],[-95.00742,29.53111],[-95.0093,29.53453],[-95.01022,29.53488],[-95.01141,29.5366],[-95.01257,29.53694],[-95.01292,29.53758],[-95.01388,29.5382],[-95.01495,29.53945],[-95.01581,29.54157],[-95.01681,29.54697],[-95.01695,29.54804],[-95.01643,29.55002],[-95.01664,29.55236],[-95.01745,29.55386],[-95.0182,29.5546],[-95.01732,29.55666],[-95.01645,29.55755],[-95.01682,29.55847],[-95.01674,29.55897],[-95.01611,29.55918],[-95.01489,29.56232],[-95.01441,29.56264],[-95.01413,29.56343],[-95.01435,29.56376],[-95.01384,29.56407],[-95.01235,29.56765],[-95.01157,29.56829],[-95.01079,29.57011],[-95.01015,29.57058],[-95.00895,29.57231],[-95.00906,29.57251],[-95.0087,29.57253],[-95.00875,29.5728],[-95.00779,29.57429],[-95.00682,29.57537],[-95.00608,29.57707],[-95.00528,29.57719],[-95.00468,29.57779],[-95.00479,29.57799],[-95.00425,29.57895],[-95.0043,29.57939],[-95.00382,29.57943],[-95.00378,29.5797],[-95.0034,29.57955],[-95.00317,29.58001],[-95.00248,29.5801],[-95.00204,29.58051],[-95.00245,29.58109],[-95.00199,29.5812],[-95.00156,29.58178],[-95.0018,29.58212],[-95.00137,29.58276],[-95.00062,29.58289],[-95.0,29.58329],[-94.99868,29.58466],[-94.99728,29.58489],[-94.99731,29.58595],[-94.99671,29.58674],[-94.99617,29.58676],[-94.99565,29.58714],[-94.99578,29.58736],[-94.99505,29.58823],[-94.99419,29.58823],[-94.99426,29.58777],[-94.99393,29.58801],[-94.99376,29.58838],[-94.99459,29.58907],[-94.99424,29.59036],[-94.99321,29.59063],[-94.99124,29.59282],[-94.99077,29.59287],[-94.99079,29.5933],[-94.9898,29.59338],[-94.98937,29.59366],[-94.98927,29.59388],[-94.98963,29.59406],[-94.98919,29.59459],[-94.98815,29.59438],[-94.98793,29.59403],[-94.98759,29.5941],[-94.98753,29.59467],[-94.98863,29.59554],[-94.98825,29.59569],[-94.98847,29.59588],[-94.98814,29.59593],[-94.98734,29.59702],[-94.98685,29.59711],[-94.98652,29.59692],[-94.98583,29.5979],[-94.98465,29.59868],[-94.98305,29.60098],[-94.98268,29.60103],[-94.98295,29.60114],[-94.98297,29.60235],[-94.98402,29.60427],[-94.98393,29.60449],[-94.98471,29.60429],[-94.98589,29.60527],[-94.98792,29.60796],[-94.98817,29.60878],[-94.98873,29.6091],[-94.98924,29.6103],[-94.99026,29.6111],[-94.99071,29.61115],[-94.99083,29.6114],[-94.99127,29.6115],[-94.99475,29.61372],[-94.99859,29.61652],[-94.99933,29.61762],[-94.99787,29.62004],[-94.99817,29.62046],[-94.99812,29.62023],[-94.99923,29.61857],[-95.00016,29.61775],[-95.00114,29.61826],[-95.00079,29.61894],[-94.99974,29.61945],[-94.99979,29.61965],[-94.99941,29.61977],[-94.99855,29.62073],[-94.99966,29.62001],[-94.99989,29.62014],[-95.00134,29.6187],[-95.00237,29.61896],[-95.00856,29.62362],[-95.01194,29.62836],[-95.01275,29.62865],[-95.01369,29.62986],[-95.0145,29.63157],[-95.01504,29.63195],[-95.01604,29.6385],[-95.01421,29.64239],[-95.01305,29.64652],[-95.01134,29.64982],[-95.01038,29.65086],[-95.00711,29.65718],[-95.00559,29.65878],[-95.00553,29.65951],[-95.00459,29.66024],[-95.00297,29.66211],[-95.00249,29.66224],[-95.00254,29.66275],[-95.00202,29.66294],[-95.00239,29.66374],[-95.00178,29.66365],[-95.00161,29.6644],[-95.0,29.66558],[-94.99688,29.66736],[-94.99327,29.66994],[-94.99033,29.6717],[-94.98591,29.67328],[-94.97872,29.67679],[-94.96991,29.6817],[-94.96923,29.68175],[-94.96924,29.68238],[-94.9697,29.6828],[-94.9326,29.67512],[-94.93096,29.67378],[-94.93027,29.6737],[-94.92973,29.67398],[-94.92947,29.67647],[-94.92858,29.6781],[-94.92855,29.67947],[-94.92807,29.68034],[-94.92716,29.68122],[-94.92242,29.6839],[-94.92043,29.6858],[-94.91987,29.68686],[-94.91967,29.68845],[-94.92078,29.69053],[-94.92181,29.69177],[-94.92161,29.69323],[-94.92085,29.69408],[-94.91908,29.69478],[-94.91816,29.69486],[-94.91679,29.69567],[-94.91582,29.69695],[-94.91558,29.69818],[-94.91632,29.69899],[-94.91706,29.69914],[-94.91856,29.69875],[-94.91929,29.69889],[-94.92017,29.6996],[-94.9218,29.69966],[-94.92386,29.69916],[-94.92536,29.6968],[-94.92695,29.69666],[-94.92991,29.69737],[-94.9302,29.6978],[-94.93028,29.69919],[-94.92968,29.69997],[-94.92892,29.70035],[-94.92752,29.70053],[-94.9265,29.70091],[-94.92567,29.70163],[-94.9251,29.70314],[-94.92527,29.70369],[-94.92602,29.70405],[-94.9274,29.70431],[-94.93098,29.70443],[-94.93217,29.70468],[-94.93296,29.70521],[-94.93367,29.70639],[-94.93456,29.71042],[-94.9342,29.71163],[-94.93288,29.71279],[-94.93249,29.71357],[-94.93257,29.71434],[-94.93308,29.71483],[-94.93395,29.71513],[-94.935,29.71517],[-94.94149,29.71323],[-94.94252,29.71334],[-94.94479,29.71533],[-94.9454,29.71624],[-94.94553,29.71709],[-94.94522,29.7183],[-94.94354,29.71941],[-94.94235,29.72092],[-94.942,29.72365],[-94.94147,29.72468],[-94.93934,29.72662],[-94.93483,29.73258],[-94.93232,29.73388],[-94.93106,29.73548],[-94.92902,29.73706],[-94.9283,29.73875],[-94.92889,29.74354],[-94.93,29.74697],[-94.92956,29.74698],[-94.92873,29.74525],[-94.92295,29.74645],[-94.91298,29.75039],[-94.91094,29.75068],[-94.90842,29.75023],[-94.90681,29.74901],[-94.90572,29.74859],[-94.90478,29.74857],[-94.89843,29.74957],[-94.89147,29.74998],[-94.88656,29.74983],[-94.88443,29.74871],[-94.88338,29.76042],[-94.87572,29.77044],[-94.87558,29.76391],[-94.88064,29.76281],[-94.87877,29.75159],[-94.87311,29.75276],[-94.85895,29.75285],[-94.85424,29.75428],[-94.8554,29.75754],[-94.85703,29.76625],[-94.83722,29.76665],[-94.83599,29.76633],[-94.83578,29.76345],[-94.83523,29.76125],[-94.83431,29.75949],[-94.83443,29.75862],[-94.83298,29.75818],[-94.83258,29.75674],[-94.83212,29.75648],[-94.83281,29.7562],[-94.83294,29.75558],[-94.83109,29.755],[-94.82406,29.75484],[-94.82371,29.75527],[-94.82313,29.75523],[-94.82109,29.7547],[-94.81993,29.75361],[-94.8197,29.75408],[-94.81857,29.75502],[-94.81815,29.75508],[-94.81745,29.75566],[-94.81673,29.75685],[-94.81429,29.75849],[-94.81411,29.75901],[-94.81236,29.75972],[-94.8115,29.7592],[-94.81164,29.75959],[-94.81121,29.75957],[-94.81138,29.76014],[-94.81121,29.76047],[-94.80991,29.76084],[-94.80928,29.76142],[-94.80822,29.76158],[-94.80773,29.76225],[-94.80708,29.76237],[-94.8065,29.76213],[-94.80643,29.76288],[-94.80588,29.76325],[-94.80355,29.76376],[-94.79957,29.76572],[-94.7992,29.76563],[-94.7986,29.76632],[-94.79895,29.76701],[-94.79891,29.76786],[-94.79828,29.76775],[-94.79814,29.76733],[-94.79736,29.76667],[-94.79454,29.76672],[-94.79436,29.76594],[-94.79403,29.76593],[-94.79373,29.7662],[-94.79414,29.7669],[-94.79219,29.76867],[-94.79125,29.76829],[-94.79017,29.76873],[-94.7891,29.76863],[-94.78724,29.76917],[-94.78689,29.76937],[-94.78716,29.77015],[-94.78694,29.77031],[-94.78595,29.77052],[-94.78512,29.77038],[-94.78291,29.77078],[-94.78218,29.77098],[-94.781,29.77185],[-94.77907,29.77257],[-94.77793,29.77249],[-94.77769,29.77285],[-94.77695,29.77314],[-94.77595,29.77394],[-94.7755,29.77402],[-94.7748,29.77461],[-94.77399,29.77415],[-94.77317,29.77471],[-94.77238,29.77435],[-94.77209,29.77468],[-94.77185,29.7745],[-94.77132,29.77483],[-94.77121,29.77544],[-94.7707,29.77561],[-94.77013,29.77644],[-94.7692,29.77701],[-94.76872,29.77693],[-94.76841,29.77729],[-94.76734,29.777],[-94.76703,29.77742],[-94.7659,29.77795],[-94.76245,29.77859],[-94.76213,29.77839],[-94.76179,29.77858],[-94.76164,29.77976],[-94.76059,29.78008],[-94.76002,29.78002],[-94.75956,29.7805],[-94.75877,29.78051],[-94.75892,29.78081],[-94.75832,29.78105],[-94.75593,29.78146],[-94.75483,29.78201],[-94.75351,29.78192],[-94.7524,29.78218],[-94.7519,29.78194],[-94.7514,29.78264],[-94.75099,29.78263],[-94.74966,29.7839],[-94.74766,29.78477],[-94.74662,29.78739],[-94.74508,29.78704],[-94.74383,29.78736],[-94.74098,29.78897],[-94.73806,29.78396],[-94.72994,29.77672],[-94.72961,29.77711],[-94.7296,29.77763],[-94.72845,29.77899],[-94.72579,29.78047],[-94.72593,29.78135],[-94.72632,29.78153],[-94.72605,29.78155],[-94.72624,29.78177],[-94.72599,29.78198],[-94.72606,29.78249],[-94.72583,29.78238],[-94.72605,29.78308],[-94.72567,29.79365],[-94.72601,29.79535],[-94.72634,29.79585],[-94.72745,29.79499],[-94.72881,29.79325],[-94.73009,29.79114],[-94.7307,29.789],[-94.73324,29.7891],[-94.73503,29.78874],[-94.73783,29.78996],[-94.7388,29.7907],[-94.73935,29.79142],[-94.73965,29.79227],[-94.73924,29.79555],[-94.74054,29.79733],[-94.74123,29.80098],[-94.72616,29.80189],[-94.72404,29.79957]]]}},{"type":"Feature","properties":{"PRECINCT":"chambers:6","COUNTY":"Chambers"},"geometry":{"type":"Polygon","coordinates":[[[-94.68095,29.84078],[-94.64808,29.84015],[-94.64894,29.83226],[-94.64816,29.83082],[-94.64462,29.82633],[-94.64409,29.82524],[-94.64408,29.82327],[-94.64469,29.82123],[-94.64603,29.81852],[-94.64635,29.81556],[-94.64505,29.81193],[-94.64367,29.80956],[-94.64297,29.80673],[-94.64274,29.79561],[-94.64082,29.78692],[-94.65503,29.77734],[-94.65637,29.77689],[-94.66923,29.77419],[-94.66939,29.7569],[-94.67053,29.75686],[-94.67127,29.75497],[-94.67406,29.75078],[-94.67461,29.7496],[-94.67492,29.74724],[-94.67463,29.73082],[-94.66292,29.73092],[-94.65007,29.72987],[-94.64989,29.71823],[-94.65082,29.71536],[-94.65412,29.71577],[-94.65703,29.71571],[-94.65796,29.71608],[-94.66011,29.71612],[-94.6623,29.71496],[-94.66285,29.71488],[-94.66345,29.71527],[-94.664,29.71531],[-94.66452,29.71495],[-94.66515,29.71395],[-94.67521,29.71391],[-94.67525,29.71716],[-94.67911,29.71715],[-94.68007,29.71692],[-94.68273,29.71707],[-94.68315,29.71725],[-94.68356,29.71806],[-94.69002,29.71798],[-94.68995,29.71611],[-94.69092,29.71562],[-94.69109,29.71773],[-94.6913,29.71796],[-94.69121,29.71865],[-94.69172,29.72045],[-94.69161,29.72102],[-94.69192,29.72171],[-94.69211,29.72339],[-94.69289,29.72523],[-94.69325,29.72571],[-94.69378,29.72596],[-94.69382,29.72676],[-94.69425,29.72772],[-94.69506,29.72835],[-94.69539,29.72987],[-94.69557,29.73347],[-94.69546,29.73486],[-94.69449,29.73752],[-94.69333,29.73852],[-94.69297,29.73916],[-94.69305,29.7398],[-94.69226,29.7399],[-94.6924,29.74017],[-94.69094,29.74189],[-94.6901,29.74438],[-94.69007,29.74628],[-94.6894,29.74854],[-94.68893,29.75158],[-94.68904,29.75278],[-94.68869,29.75421],[-94.68955,29.75458],[-94.68969,29.75487],[-94.68907,29.75498],[-94.68894,29.7556],[-94.68915,29.75576],[-94.68933,29.75548],[-94.69077,29.75573],[-94.69639,29.73482],[-94.69662,29.73148],[-94.69598,29.72876],[-94.69678,29.72864],[-94.69797,29.73083],[-94.69801,29.73485],[-94.69699,29.73739],[-94.69706,29.73914],[-94.6958,29.74109],[-94.6949,29.74526],[-94.69647,29.74637],[-94.69735,29.74932],[-94.69853,29.7501],[-94.69777,29.75387],[-94.69807,29.75667],[-94.69855,29.75682],[-94.7021,29.75504],[-94.70193,29.75483],[-94.7022,29.75419],[-94.70335,29.7541],[-94.70462,29.75438],[-94.70613,29.75549],[-94.70681,29.75652],[-94.70668,29.75749],[-94.70729,29.75865],[-94.70789,29.7591],[-94.71596,29.75929],[-94.71622,29.75903],[-94.71678,29.75898],[-94.71778,29.75969],[-94.71887,29.7591],[-94.71889,29.75951],[-94.71665,29.76179],[-94.71702,29.76696],[-94.71571,29.77273],[-94.71499,29.77438],[-94.70934,29.78101],[-94.70818,29.78191],[-94.70707,29.78249],[-94.70647,29.78251],[-94.70653,29.78308],[-94.70605,29.78321],[-94.70626,29.78664],[-94.70701,29.78821],[-94.71132,29.79144],[-94.71757,29.79486],[-94.72404,29.79957],[-94.72605,29.8016],[-94.72665,29.80364],[-94.72555,29.80803],[-94.7259,29.80953],[-94.72688,29.81053],[-94.7301,29.81191],[-94.73347,29.81442],[-94.73716,29.81807],[-94.73939,29.82097],[-94.74058,29.82348],[-94.74058,29.82576],[-94.74011,29.82805],[-94.74058,29.83022],[-94.74216,29.83242],[-94.74499,29.83458],[-94.74684,29.83555],[-94.74857,29.83571],[-94.75,29.83559],[-94.75095,29.83541],[-94.75344,29.8332],[-94.75441,29.83191],[-94.75512,29.83046],[-94.75637,29.82995],[-94.75797,29.82995],[-94.76062,29.83128],[-94.76259,29.83331],[-94.76362,29.83533],[-94.76334,29.83734],[-94.75686,29.83855],[-94.75282,29.83889],[-94.73258,29.83899],[-94.68095,29.84078]]]}},{"type":"Feature","properties":{"PRECINCT":"chambers:7","COUNTY":"Chambers"},"geometry":{"type":"Polygon","coordinates":[[[-94.35798,29.88746],[-94.3568,29.81077],[-94.37528,29.81062],[-94.37531,29.81328],[-94.37999,29.81322],[-94.37991,29.80958],[-94.38166,29.80958],[-94.38168,29.81321],[-94.40053,29.81311],[-94.40046,29.80584],[-94.41898,29.80578],[-94.4191,29.80643],[-94.43068,29.80615],[-94.4305,29.80399],[-94.43086,29.80305],[-94.43049,29.80194],[-94.43069,29.80166],[-94.43183,29.80117],[-94.43229,29.8001],[-94.43226,29.79962],[-94.43254,29.79965],[-94.43218,29.79867],[-94.4321,29.79357],[-94.43165,29.79314],[-94.43149,29.79249],[-94.43173,29.79309],[-94.43233,29.7935],[-94.44888,29.80325],[-94.44877,29.79154],[-94.47266,29.79125],[-94.47386,29.79582],[-94.47479,29.7984],[-94.47584,29.80041],[-94.47881,29.80465],[-94.47942,29.80593],[-94.49886,29.80566],[-94.49885,29.83031],[-94.4953,29.83021],[-94.49501,29.83038],[-94.49597,29.83063],[-94.49668,29.83135],[-94.54061,29.83469],[-94.54049,29.83657],[-94.54103,29.83936],[-94.54131,29.85899],[-94.52445,29.85916],[-94.52481,29.8734],[-94.52222,29.87605],[-94.52727,29.88076],[-94.52841,29.88152],[-94.53457,29.88951],[-94.50019,29.88994],[-94.49149,29.8895],[-94.44223,29.88954],[-94.4422,29.88705],[-94.44063,29.88699],[-94.39193,29.88744],[-94.35798,29.88746]]]}},{"type":"Feature","properties":{"PRECINCT":"chambers:8","COUNTY":"Chambers"},"geometry":{"type":"Polygon","coordinates":[[[-94.76062,29.83128],[-94.75797,29.82995],[-94.75637,29.82995],[-94.75512,29.83046],[-94.75441,29.83191],[-94.75344,29.8332],[-94.75095,29.83541],[-94.74857,29.83571],[-94.74684,29.83555],[-94.74499,29.83458],[-94.74216,29.83242],[-94.74058,29.83022],[-94.74011,29.82805],[-94.74058,29.82576],[-94.74058,29.82348],[-94.73939,29.82097],[-94.73716,29.81807],[-94.73347,29.81442],[-94.7301,29.81191],[-94.72688,29.81053],[-94.7259,29.80953],[-94.72555,29.80803],[-94.72665,29.80364],[-94.72616,29.80189],[-94.74123,29.80098],[-94.74054,29.79733],[-94.73924,29.79555],[-94.73965,29.79227],[-94.73935,29.79142],[-94.7388,29.7907],[-94.73783,29.78996],[-94.73503,29.78874],[-94.73324,29.7891],[-94.7307,29.789],[-94.73009,29.79114],[-94.72881,29.79325],[-94.72745,29.79499],[-94.72634,29.79585],[-94.72601,29.79535],[-94.72567,29.79365],[-94.72605,29.78308],[-94.72583,29.78238],[-94.72606,29.78249],[-94.72599,29.78198],[-94.72624,29.78177],[-94.72605,29.78155],[-94.72632,29.78153],[-94.72593,29.78135],[-94.72579,29.78047],[-94.72845,29.77899],[-94.7296,29.77763],[-94.72961,29.77711],[-94.72994,29.77672],[-94.73806,29.78396],[-94.74098,29.78897],[-94.74383,29.78736],[-94.74508,29.78704],[-94.74662,29.78739],[-94.74766,29.78477],[-94.74966,29.7839],[-94.75099,29.78263],[-94.7514,29.78264],[-94.7519,29.78194],[-94.7524,29.78218],[-94.75351,29.78192],[-94.75483,29.78201],[-94.75593,29.78146],[-94.75832,29.78105],[-94.75892,29.78081],[-94.75877,29.78051],[-94.75956,29.7805],[-94.76002,29.78002],[-94.76059,29.78008],[-94.76164,29.77976],[-94.76179,29.77858],[-94.76213,29.77839],[-94.76245,29.77859],[-94.7659,29.77795],[-94.76703,29.77742],[-94.76734,29.777],[-94.76841,29.77729],[-94.76872,29.77693],[-94.7692,29.77701],[-94.77013,29.77644],[-94.7707,29.77561],[-94.77121,29.77544],[-94.77132,29.77483],[-94.77185,29.7745],[-94.77209,29.77468],[-94.77238,29.77435],[-94.77317,29.77471],[-94.77399,29.77415],[-94.7748,29.77461],[-94.7755,29.77402],[-94.77595,29.77394],[-94.77695,29.77314],[-94.77769,29.77285],[-94.77793,29.77249],[-94.77907,29.77257],[-94.781,29.77185],[-94.78218,29.77098],[-94.78291,29.77078],[-94.78512,29.77038],[-94.78595,29.77052],[-94.78694,29.77031],[-94.78716,29.77015],[-94.78689,29.76937],[-94.78724,29.76917],[-94.7891,29.76863],[-94.79017,29.76873],[-94.79125,29.76829],[-94.79219,29.76867],[-94.79414,29.7669],[-94.79373,29.7662],[-94.79403,29.76593],[-94.79436,29.76594],[-94.79454,29.76672],[-94.79736,29.76667],[-94.79814,29.76733],[-94.79828,29.76775],[-94.79891,29.76786],[-94.79895,29.76701],[-94.7986,29.76632],[-94.7992,29.76563],[-94.79957,29.76572],[-94.80355,29.76376],[-94.80588,29.76325],[-94.80643,29.76288],[-94.8065,29.76213],[-94.80708,29.76237],[-94.80773,29.76225],[-94.80822,29.76158],[-94.80928,29.76142],[-94.80991,29.76084],[-94.81121,29.76047],[-94.81138,29.76014],[-94.81121,29.75957],[-94.81164,29.75959],[-94.8115,29.7592],[-94.81236,29.75972],[-94.81411,29.75901],[-94.81429,29.75849],[-94.81673,29.75685],[-94.81745,29.75566],[-94.81815,29.75508],[-94.81857,29.75502],[-94.8197,29.75408],[-94.81993,29.75361],[-94.82109,29.7547],[-94.82313,29.75523],[-94.82371,29.75527],[-94.82406,29.75484],[-94.83109,29.755],[-94.83294,29.75558],[-94.83281,29.7562],[-94.83212,29.75648],[-94.83258,29.75674],[-94.83298,29.75818],[-94.83443,29.75862],[-94.83431,29.75949],[-94.83523,29.76125],[-94.83578,29.76345],[-94.83599,29.76633],[-94.83722,29.76665],[-94.85703,29.76625],[-94.8554,29.75754],[-94.85424,29.75428],[-94.85895,29.75285],[-94.87311,29.75276],[-94.87877,29.75159],[-94.88064,29.76281],[-94.87558,29.76391],[-94.87572,29.77044],[-94.87779,29.7679],[-94.88238,29.77146],[-94.88481,29.77377],[-94.88727,29.7773],[-94.88852,29.77694],[-94.88866,29.77646],[-94.88914,29.77674],[-94.89022,29.77683],[-94.89141,29.77723],[-94.89167,29.7771],[-94.89168,29.77678],[-94.89235,29.77671],[-94.89338,29.77746],[-94.89421,29.77764],[-94.89451,29.77706],[-94.89572,29.77631],[-94.89581,29.77597],[-94.89825,29.77513],[-94.89963,29.77429],[-94.9013,29.77598],[-94.90032,29.77672],[-94.89616,29.77746],[-94.89563,29.77772],[-94.89501,29.77851],[-94.89474,29.78038],[-94.89363,29.78119],[-94.88353,29.78267],[-94.87589,29.78349],[-94.87444,29.78393],[-94.87462,29.79783],[-94.87257,29.80298],[-94.87156,29.81067],[-94.87122,29.81068],[-94.87157,29.81413],[-94.87254,29.81869],[-94.87243,29.82254],[-94.87202,29.82343],[-94.87212,29.82381],[-94.87186,29.82384],[-94.87186,29.82406],[-94.84667,29.82619],[-94.8463,29.82046],[-94.85026,29.79912],[-94.84405,29.80238],[-94.84346,29.80551],[-94.84033,29.80512],[-94.8401,29.80493],[-94.83812,29.80621],[-94.83865,29.80779],[-94.84234,29.82618],[-94.84183,29.82622],[-94.83838,29.80792],[-94.83794,29.80814],[-94.837,29.80693],[-94.83574,29.80773],[-94.83665,29.80904],[-94.81292,29.82413],[-94.81222,29.82297],[-94.80564,29.8257],[-94.80587,29.82665],[-94.80463,29.82743],[-94.80374,29.82972],[-94.80076,29.83047],[-94.76336,29.83725],[-94.76362,29.83533],[-94.76259,29.83331],[-94.76062,29.83128]]]}},{"type":"Feature","properties":{"PRECINCT":"chambers:9","COUNTY":"Chambers"},"geometry":{"type":"Polygon","coordinates":[[[-94.68286,29.71709],[-94.68007,29.71692],[-94.67911,29.71715],[-94.67525,29.71716],[-94.67521,29.71391],[-94.66515,29.71395],[-94.66452,29.71495],[-94.664,29.71531],[-94.66345,29.71527],[-94.66285,29.71488],[-94.6623,29.71496],[-94.66011,29.71612],[-94.65796,29.71608],[-94.65703,29.71571],[-94.65412,29.71577],[-94.65082,29.71536],[-94.65966,29.68828],[-94.65947,29.67574],[-94.653,29.67579],[-94.65924,29.66675],[-94.65881,29.65146],[-94.6598,29.65012],[-94.66077,29.64999],[-94.66168,29.64939],[-94.66344,29.64957],[-94.665,29.64888],[-94.66867,29.64851],[-94.67087,29.64917],[-94.67179,29.6491],[-94.67372,29.64835],[-94.67527,29.64746],[-94.67652,29.64728],[-94.67976,29.64796],[-94.68276,29.65201],[-94.68341,29.65264],[-94.68401,29.65283],[-94.68696,29.65202],[-94.68892,29.65118],[-94.68968,29.65119],[-94.69051,29.65172],[-94.69059,29.65278],[-94.6915,29.65381],[-94.69146,29.65426],[-94.69222,29.65404],[-94.69562,29.65386],[-94.69769,29.65325],[-94.69793,29.6538],[-94.69745,29.65867],[-94.6976,29.65904],[-94.69817,29.65945],[-94.69818,29.65986],[-94.69756,29.66086],[-94.69772,29.66185],[-94.6973,29.66226],[-94.69728,29.66261],[-94.69751,29.6631],[-94.69687,29.66356],[-94.69747,29.66363],[-94.69747,29.66396],[-94.69794,29.66419],[-94.69739,29.66448],[-94.69642,29.66599],[-94.69679,29.66665],[-94.69655,29.6668],[-94.69671,29.66701],[-94.69649,29.66746],[-94.69668,29.66758],[-94.69637,29.66787],[-94.69632,29.66861],[-94.69709,29.66962],[-94.69665,29.66989],[-94.69643,29.67161],[-94.69616,29.67185],[-94.69632,29.6721],[-94.69608,29.67228],[-94.69635,29.67314],[-94.69712,29.67339],[-94.69605,29.67421],[-94.69575,29.67527],[-94.69603,29.67542],[-94.69606,29.67579],[-94.69564,29.67619],[-94.69579,29.67786],[-94.69553,29.67789],[-94.69598,29.67868],[-94.69573,29.67929],[-94.69609,29.68006],[-94.696,29.68036],[-94.69652,29.68068],[-94.69652,29.68132],[-94.69585,29.68127],[-94.69521,29.68201],[-94.69356,29.68582],[-94.6937,29.68649],[-94.69333,29.68727],[-94.6927,29.68787],[-94.69232,29.68905],[-94.69156,29.6898],[-94.69153,29.69035],[-94.69104,29.69098],[-94.69056,29.69108],[-94.69017,29.69249],[-94.68967,29.69278],[-94.68913,29.69637],[-94.68918,29.69896],[-94.68981,29.70067],[-94.68928,29.70176],[-94.69016,29.70458],[-94.69002,29.70616],[-94.68938,29.70666],[-94.68926,29.70738],[-94.68954,29.70927],[-94.68918,29.71071],[-94.68974,29.71124],[-94.68951,29.71217],[-94.69032,29.71405],[-94.69032,29.7149],[-94.69092,29.71562],[-94.68995,29.71611],[-94.68996,29.718],[-94.68356,29.71806],[-94.68286,29.71709]]]}},{"type":"Feature","properties":{"PRECINCT":"galveston:103","COUNTY":"Galveston"},"geometry":{"type":"Polygon","coordinates":[[[-94.37228,29.59619],[-94.37199,29.59626],[-94.37183,29.59718],[-94.37162,29.59725],[-94.37086,29.55503],[-94.36936,29.50062],[-94.37249,29.49974],[-94.37519,29.50013],[-94.41925,29.48345],[-94.49945,29.45234],[-94.50019,29.45159],[-94.61303,29.40291],[-94.7052,29.53823],[-94.70473,29.53815],[-94.70434,29.53843],[-94.70397,29.53831],[-94.70209,29.53879],[-94.70164,29.53851],[-94.70056,29.53835],[-94.70011,29.53784],[-94.69422,29.53836],[-94.69146,29.53819],[-94.68981,29.53839],[-94.6882,29.53817],[-94.68625,29.53834],[-94.68227,29.54009],[-94.67988,29.54052],[-94.67869,29.54116],[-94.66982,29.54312],[-94.66966,29.54335],[-94.66685,29.54378],[-94.66571,29.54434],[-94.66578,29.54458],[-94.66474,29.54549],[-94.6633,29.54615],[-94.66258,29.54611],[-94.66184,29.54662],[-94.66072,29.54642],[-94.65968,29.54695],[-94.65853,29.54662],[-94.65804,29.54723],[-94.65769,29.54718],[-94.65754,29.54742],[-94.65709,29.54724],[-94.65675,29.54778],[-94.65619,29.5477],[-94.65482,29.54817],[-94.65389,29.54791],[-94.65329,29.54804],[-94.65266,29.54858],[-94.65158,29.54811],[-94.65111,29.54861],[-94.65068,29.5483],[-94.6501,29.54879],[-94.64884,29.54861],[-94.64851,29.54895],[-94.6477,29.54882],[-94.64659,29.54925],[-94.64556,29.54921],[-94.64512,29.54956],[-94.64442,29.54966],[-94.64352,29.54927],[-94.64278,29.54968],[-94.64214,29.54963],[-94.64185,29.54985],[-94.64124,29.54974],[-94.64111,29.54996],[-94.63958,29.55015],[-94.63948,29.55002],[-94.63893,29.5503],[-94.63794,29.55018],[-94.63272,29.5521],[-94.63051,29.55219],[-94.6303,29.55263],[-94.6299,29.55284],[-94.62746,29.55344],[-94.62609,29.55357],[-94.62574,29.55325],[-94.62542,29.55368],[-94.62511,29.55329],[-94.62463,29.55329],[-94.62339,29.55376],[-94.6232,29.55363],[-94.62263,29.5539],[-94.62186,29.55386],[-94.6199,29.55471],[-94.61913,29.55463],[-94.61832,29.55489],[-94.61749,29.55477],[-94.61478,29.55567],[-94.61393,29.55568],[-94.61298,29.55616],[-94.61226,29.5562],[-94.61019,29.55692],[-94.61017,29.55718],[-94.60933,29.5572],[-94.60646,29.55822],[-94.60503,29.55838],[-94.60153,29.55943],[-94.59831,29.56121],[-94.59762,29.56206],[-94.59689,29.5621],[-94.59662,29.56179],[-94.59529,29.56178],[-94.59305,29.56228],[-94.59142,29.56278],[-94.59022,29.56343],[-94.58974,29.56341],[-94.58775,29.56455],[-94.58725,29.56434],[-94.58525,29.56511],[-94.5849,29.56544],[-94.58412,29.56554],[-94.58192,29.56668],[-94.5815,29.5667],[-94.58119,29.56721],[-94.58062,29.56694],[-94.5773,29.56836],[-94.57272,29.57096],[-94.5707,29.57178],[-94.57043,29.57211],[-94.57052,29.57286],[-94.57022,29.57321],[-94.56939,29.57285],[-94.56785,29.57336],[-94.56705,29.5731],[-94.56551,29.57371],[-94.56268,29.57432],[-94.55895,29.57458],[-94.55738,29.57456],[-94.5566,29.57432],[-94.55594,29.57453],[-94.55496,29.57424],[-94.55266,29.57426],[-94.54991,29.57334],[-94.54671,29.57276],[-94.54529,29.57213],[-94.54164,29.56858],[-94.54089,29.56726],[-94.53978,29.56408],[-94.53873,29.56272],[-94.5379,29.56245],[-94.53676,29.56079],[-94.53363,29.55879],[-94.53282,29.55879],[-94.53224,29.55826],[-94.53189,29.55839],[-94.53091,29.55742],[-94.52921,29.55656],[-94.52691,29.55362],[-94.52598,29.55318],[-94.52511,29.55162],[-94.5252,29.55256],[-94.52409,29.55244],[-94.52347,29.55171],[-94.52288,29.55036],[-94.52222,29.54732],[-94.52237,29.54579],[-94.52331,29.54366],[-94.52349,29.54113],[-94.52111,29.5408],[-94.52017,29.54106],[-94.51815,29.54116],[-94.50913,29.54337],[-94.50554,29.54379],[-94.50187,29.54389],[-94.49971,29.54447],[-94.49877,29.54446],[-94.49818,29.54482],[-94.49786,29.54663],[-94.4973,29.54779],[-94.49617,29.54949],[-94.49546,29.55004],[-94.49262,29.55106],[-94.49066,29.55219],[-94.48978,29.55223],[-94.48958,29.55283],[-94.48663,29.55385],[-94.48436,29.55406],[-94.48387,29.55403],[-94.48368,29.55378],[-94.48196,29.55432],[-94.48178,29.55459],[-94.4813,29.55447],[-94.48018,29.55502],[-94.47812,29.55652],[-94.47691,29.55689],[-94.47632,29.55747],[-94.47464,29.55833],[-94.47371,29.55815],[-94.47345,29.55771],[-94.47248,29.55716],[-94.47009,29.55704],[-94.46947,29.55759],[-94.46675,29.5591],[-94.46312,29.56074],[-94.46127,29.56092],[-94.45923,29.56071],[-94.45806,29.56096],[-94.45397,29.56275],[-94.45141,29.56295],[-94.44867,29.564],[-94.44662,29.56388],[-94.44469,29.56313],[-94.44356,29.56237],[-94.44306,29.5623],[-94.44266,29.56239],[-94.44181,29.56361],[-94.44058,29.56431],[-94.44002,29.56508],[-94.43926,29.56543],[-94.43811,29.56531],[-94.43757,29.56484],[-94.43624,29.56431],[-94.43423,29.56532],[-94.43237,29.56472],[-94.43124,29.56462],[-94.42873,29.56495],[-94.42781,29.56547],[-94.42767,29.56653],[-94.42702,29.56687],[-94.42264,29.56631],[-94.42211,29.56746],[-94.42167,29.56971],[-94.41984,29.56921],[-94.41782,29.56928],[-94.41715,29.56991],[-94.41574,29.57285],[-94.41529,29.57293],[-94.41368,29.57237],[-94.41273,29.5727],[-94.41245,29.57337],[-94.41421,29.57762],[-94.416,29.57726],[-94.41716,29.57768],[-94.41734,29.57812],[-94.41734,29.57862],[-94.41677,29.57913],[-94.41329,29.58009],[-94.41276,29.58064],[-94.41277,29.58109],[-94.41328,29.58144],[-94.41551,29.58144],[-94.41577,29.58163],[-94.41546,29.58233],[-94.4143,29.58235],[-94.41417,29.58253],[-94.41526,29.58365],[-94.41566,29.58371],[-94.41692,29.58456],[-94.41658,29.58518],[-94.41551,29.58539],[-94.41431,29.58511],[-94.41377,29.58542],[-94.41379,29.58687],[-94.41461,29.58756],[-94.41465,29.58686],[-94.41506,29.58633],[-94.41555,29.58615],[-94.41752,29.58597],[-94.4191,29.58613],[-94.41918,29.58919],[-94.41905,29.58952],[-94.41826,29.59002],[-94.41849,29.59137],[-94.41813,29.59196],[-94.41731,29.59255],[-94.41681,29.59248],[-94.41506,29.59104],[-94.4143,29.59003],[-94.41381,29.59002],[-94.41339,29.59147],[-94.4135,29.59189],[-94.41318,29.59237],[-94.41202,29.59343],[-94.40977,29.59458],[-94.4094,29.59559],[-94.40982,29.59666],[-94.40899,29.59747],[-94.40851,29.59737],[-94.40805,29.59652],[-94.40734,29.59682],[-94.40739,29.59738],[-94.40701,29.59794],[-94.40648,29.59826],[-94.40596,29.59824],[-94.40426,29.59681],[-94.40383,29.59616],[-94.40301,29.59628],[-94.40089,29.59586],[-94.40005,29.59471],[-94.39883,29.59445],[-94.39848,29.59484],[-94.39905,29.59607],[-94.3987,29.59661],[-94.39806,29.5968],[-94.39428,29.5963],[-94.39394,29.59602],[-94.3936,29.59503],[-94.39227,29.59562],[-94.38994,29.59472],[-94.38935,29.59589],[-94.38866,29.59597],[-94.38841,29.59453],[-94.38715,29.59432],[-94.38691,29.59441],[-94.38655,29.5961],[-94.38475,29.59512],[-94.38016,29.59526],[-94.37942,29.59584],[-94.37876,29.59605],[-94.37833,29.59545],[-94.37814,29.59408],[-94.37714,29.5937],[-94.37682,29.59392],[-94.37675,29.59467],[-94.3765,29.5949],[-94.37535,29.5953],[-94.37555,29.5959],[-94.37532,29.59678],[-94.37467,29.59676],[-94.37297,29.5957],[-94.37332,29.59683],[-94.37332,29.59722],[-94.37303,29.59748],[-94.37228,29.59619]]]}},{"type":"Feature","properties":{"PRECINCT":"galveston:104","COUNTY":"Galveston"},"geometry":{"type":"Polygon","coordinates":[[[-94.77951,29.53025],[-94.77811,29.5298],[-94.77801,29.5295],[-94.77533,29.52819],[-94.7749,29.52813],[-94.7746,29.52842],[-94.77433,29.52781],[-94.77301,29.52748],[-94.7722,29.52693],[-94.77167,29.52684],[-94.77133,29.52644],[-94.7707,29.52669],[-94.77005,29.52656],[-94.76966,29.52642],[-94.76946,29.526],[-94.76805,29.52561],[-94.76752,29.52567],[-94.76672,29.52517],[-94.76427,29.52449],[-94.76241,29.52415],[-94.76132,29.52466],[-94.76061,29.52435],[-94.76022,29.52447],[-94.75983,29.52432],[-94.75786,29.52465],[-94.75732,29.5244],[-94.75699,29.52464],[-94.75577,29.52451],[-94.75502,29.52511],[-94.75517,29.52541],[-94.75493,29.52556],[-94.75388,29.52581],[-94.75374,29.5254],[-94.7533,29.52551],[-94.75297,29.52525],[-94.75253,29.52531],[-94.7522,29.52543],[-94.75194,29.5259],[-94.75085,29.52617],[-94.74991,29.52678],[-94.74785,29.5275],[-94.74747,29.52737],[-94.74698,29.52773],[-94.74637,29.52758],[-94.74451,29.5277],[-94.74369,29.52754],[-94.74343,29.52729],[-94.74356,29.52709],[-94.74323,29.52695],[-94.74215,29.52718],[-94.74092,29.52672],[-94.73958,29.52761],[-94.73746,29.52817],[-94.73475,29.52943],[-94.73294,29.52975],[-94.73225,29.52965],[-94.73107,29.53003],[-94.72007,29.53425],[-94.71845,29.53458],[-94.71792,29.53414],[-94.71669,29.53422],[-94.71573,29.53479],[-94.71513,29.53549],[-94.71377,29.53591],[-94.71345,29.53624],[-94.71246,29.53645],[-94.71251,29.53682],[-94.71219,29.5372],[-94.71181,29.53682],[-94.70902,29.53757],[-94.70871,29.53741],[-94.70785,29.53764],[-94.70631,29.53759],[-94.7052,29.53823],[-94.61303,29.40291],[-94.62519,29.39766],[-94.65031,29.38282],[-94.64698,29.38101],[-94.64356,29.37849],[-94.64082,29.37523],[-94.63605,29.37064],[-94.62859,29.35828],[-94.6262,29.35213],[-94.68465,29.35152],[-94.72943,29.35292],[-94.73153,29.35321],[-94.74322,29.35321],[-94.75019,29.34971],[-94.75019,29.34627],[-94.7635,29.34203],[-94.79495,29.35335],[-94.8008,29.36137],[-94.80418,29.36722],[-94.83176,29.42009],[-94.86622,29.49541],[-94.87878,29.51347],[-94.8752,29.51467],[-94.86795,29.51591],[-94.85794,29.51678],[-94.84845,29.51709],[-94.83338,29.51691],[-94.83033,29.5172],[-94.82812,29.51777],[-94.82522,29.51908],[-94.82294,29.5204],[-94.81874,29.52372],[-94.81666,29.52586],[-94.81236,29.53136],[-94.81004,29.53524],[-94.80618,29.54256],[-94.80425,29.54485],[-94.80299,29.54572],[-94.79815,29.54777],[-94.79382,29.55094],[-94.79317,29.55111],[-94.79161,29.55042],[-94.78991,29.54679],[-94.78838,29.54559],[-94.78807,29.54516],[-94.78811,29.54464],[-94.78664,29.54303],[-94.78673,29.54254],[-94.78625,29.5421],[-94.78666,29.54124],[-94.78488,29.54],[-94.78447,29.53947],[-94.78379,29.53725],[-94.78413,29.53612],[-94.78169,29.53401],[-94.78144,29.53267],[-94.77951,29.53025]]]}},{"type":"Feature","properties":{"PRECINCT":"harris:1007","COUNTY":"Harris"},"geometry":{"type":"Polygon","coordinates":[[[-95.30899,30.02376],[-95.30894,30.02102],[-95.3068,30.02104],[-95.30676,30.01627],[-95.3089,30.00634],[-95.30891,30.00437],[-95.31022,30.0044],[-95.31248,30.00482],[-95.31597,30.00619],[-95.31553,30.00706],[-95.3156,30.00777],[-95.31775,30.00837],[-95.31759,30.01005],[-95.31496,30.0104],[-95.31519,30.01119],[-95.31413,30.01142],[-95.31388,30.01064],[-95.31299,30.01078],[-95.313,30.01396],[-95.3148,30.01377],[-95.31493,30.0144],[-95.31465,30.01495],[-95.31556,30.0154],[-95.3165,30.01417],[-95.31735,30.01466],[-95.31695,30.01558],[-95.3185,30.01562],[-95.31859,30.02341],[-95.31806,30.02342],[-95.31788,30.02259],[-95.31603,30.02291],[-95.31593,30.02217],[-95.31487,30.02217],[-95.31485,30.02071],[-95.31212,30.02071],[-95.312,30.02102],[-95.31055,30.02102],[-95.31054,30.02376],[-95.30899,30.02376]]]}},{"type":"Feature","properties":{"PRECINCT":"harris:1008","COUNTY":"Harris"},"geometry":{"type":"Polygon","coordinates":[[[-95.09447,29.92557],[-95.09484,29.92356],[-95.09342,29.92292],[-95.09295,29.92385],[-95.0931,29.92525],[-95.0909,29.92463],[-95.09237,29.92245],[-95.09162,29.92221],[-95.09018,29.92263],[-95.08895,29.92251],[-95.08949,29.92076],[-95.09158,29.91751],[-95.09229,29.91266],[-95.09209,29.91063],[-95.09047,29.91098],[-95.09038,29.91071],[-95.09028,29.90991],[-95.09055,29.90926],[-95.09129,29.90912],[-95.0913,29.90856],[-95.09163,29.90854],[-95.09182,29.90809],[-95.09079,29.90665],[-95.09128,29.90654],[-95.09228,29.90703],[-95.09272,29.90579],[-95.09257,29.90559],[-95.09185,29.90578],[-95.09103,29.90491],[-95.0905,29.90476],[-95.08975,29.90533],[-95.08873,29.90512],[-95.08839,29.90533],[-95.08788,29.90505],[-95.0878,29.90464],[-95.08728,29.90444],[-95.08692,29.9036],[-95.08494,29.90342],[-95.08437,29.90305],[-95.08428,29.9027],[-95.08468,29.90248],[-95.08471,29.90205],[-95.08533,29.9017],[-95.08514,29.90125],[-95.08572,29.90083],[-95.08646,29.89951],[-95.08576,29.89857],[-95.08652,29.8965],[-95.08605,29.89555],[-95.08621,29.89474],[-95.08659,29.89458],[-95.08773,29.89523],[-95.08822,29.89511],[-95.09035,29.89271],[-95.0903,29.89105],[-95.09206,29.89066],[-95.09247,29.89034],[-95.0924,29.88977],[-95.09163,29.88912],[-95.09041,29.88902],[-95.08975,29.88857],[-95.08882,29.8858],[-95.09019,29.88193],[-95.09211,29.88091],[-95.09538,29.88023],[-95.09651,29.88167],[-95.09701,29.88768],[-95.0974,29.8885],[-95.09937,29.89065],[-95.10189,29.89259],[-95.10369,29.89337],[-95.10515,29.89337],[-95.10867,29.89231],[-95.11088,29.89103],[-95.11215,29.89086],[-95.11324,29.89098],[-95.11414,29.89179],[-95.116,29.89446],[-95.11712,29.89858],[-95.11753,29.89925],[-95.119,29.90045],[-95.12055,29.90127],[-95.12344,29.90384],[-95.12507,29.90596],[-95.1238,29.91226],[-95.12401,29.91328],[-95.12499,29.91499],[-95.12755,29.91672],[-95.12931,29.91733],[-95.1297,29.9177],[-95.13238,29.91883],[-95.1329,29.91945],[-95.13219,29.91993],[-95.13219,29.92012],[-95.12503,29.92352],[-95.12538,29.92409],[-95.12484,29.9243],[-95.12386,29.92322],[-95.12297,29.92267],[-95.12288,29.9213],[-95.12223,29.92017],[-95.12074,29.91982],[-95.11667,29.91729],[-95.11584,29.91715],[-95.11035,29.91878],[-95.10274,29.92067],[-95.09975,29.92414],[-95.09678,29.92595],[-95.09627,29.92606],[-95.09447,29.92557]]]}},{"type":"Feature","properties":{"PRECINCT":"harris:103","COUNTY":"Harris"},"geometry":{"type":"Polygon","coordinates":[[[-94.94556,29.84523],[-94.93589,29.83515],[-94.9346,29.83429],[-94.92673,29.83369],[-94.91778,29.83063],[-94.912,29.82911],[-94.91115,29.82811],[-94.90915,29.82691],[-94.90866,29.82607],[-94.90865,29.82518],[-94.90982,29.82122],[-94.91783,29.82137],[-94.9195,29.82106],[-94.93743,29.81314],[-94.93981,29.81216],[-94.94195,29.81159],[-94.96609,29.80792],[-94.97857,29.80528],[-94.99759,29.80228],[-94.99923,29.80848],[-94.99936,29.81985],[-94.99935,29.82007],[-94.99762,29.82009],[-95.00166,29.83843],[-95.00273,29.84053],[-95.00268,29.84294],[-94.98552,29.84329],[-94.94709,29.84951],[-94.94556,29.84523]]]}},{"type":"Feature","properties":{"PRECINCT":"harris:110","COUNTY":"Harris"},"geometry":{"type":"Polygon","coordinates":[[[-95.41598,30.08091],[-95.41136,30.07456],[-95.41168,30.07168],[-95.41105,30.0699],[-95.40682,30.06416],[-95.40604,30.06276],[-95.40359,30.05298],[-95.40382,30.05086],[-95.4077,30.04197],[-95.40863,30.0465],[-95.41594,30.04263],[-95.41692,30.04393],[-95.41899,30.04459],[-95.41921,30.04542],[-95.42078,30.0456],[-95.42049,30.04962],[-95.42168,30.05175],[-95.42356,30.05435],[-95.42816,30.05194],[-95.42949,30.0519],[-95.43189,30.05258],[-95.43556,30.0717],[-95.43613,30.07481],[-95.42486,30.07911],[-95.42391,30.07925],[-95.42158,30.07878],[-95.41887,30.07868],[-95.41746,30.07941],[-95.41767,30.07973],[-95.41741,30.07994],[-95.41755,30.08059],[-95.41598,30.08091]]]}},{"type":"Feature","properties":{"PRECINCT":"harris:199","COUNTY":"Harris"},"geometry":{"type":"Polygon","coordinates":[[[-95.22694,30.05106],[-95.22704,30.02801],[-95.22564,30.02814],[-95.21413,30.02784],[-95.21393,30.02409],[-95.21094,30.02409],[-95.2046,30.02608],[-95.20084,30.02604],[-95.19777,30.02462],[-95.19288,30.02317],[-95.1931,30.02305],[-95.19404,30.0205],[-95.19312,30.0191],[-95.19707,30.0151],[-95.19991,30.01385],[-95.20118,30.01279],[-95.20095,30.0115],[-95.19978,30.01023],[-95.19951,30.0096],[-95.19884,30.00887],[-95.1974,30.00795],[-95.19658,30.00714],[-95.19639,30.00659],[-95.19668,30.00514],[-95.19727,30.00439],[-95.19814,30.00404],[-95.19856,30.00209],[-95.19923,30.00096],[-95.2,30.00037],[-95.20098,30.00048],[-95.20189,30.00115],[-95.20248,30.00101],[-95.20341,29.99914],[-95.2105,29.99947],[-95.24211,29.99925],[-95.2451,29.99983],[-95.25201,30.0038],[-95.25494,30.0049],[-95.25687,30.00512],[-95.26824,30.00502],[-95.26312,30.01654],[-95.25704,30.03146],[-95.25325,30.03074],[-95.24985,30.04352],[-95.24192,30.04976],[-95.23914,30.04931],[-95.23296,30.04946],[-95.22862,30.05096],[-95.22694,30.05106]]]}},{"type":"Feature","properties":{"PRECINCT":"harris:246","COUNTY":"Harris"},"geometry":{"type":"Polygon","coordinates":[[[-95.44695,30.06324],[-95.45291,30.05986],[-95.4554,30.05711],[-95.45789,30.05567],[-95.46222,30.05257],[-95.46841,30.05132],[-95.47614,30.04716],[-95.47387,30.04848],[-95.47674,30.05297],[-95.4771,30.054],[-95.47798,30.05416],[-95.47844,30.05512],[-95.4791,30.05528],[-95.47976,30.05585],[-95.48045,30.05743],[-95.47735,30.05919],[-95.47738,30.06026],[-95.4764,30.06445],[-95.47649,30.0706],[-95.46028,30.07069],[-95.45219,30.07045],[-95.44695,30.06324]]]}},{"type":"Feature","properties":{"PRECINCT":"harris:340","COUNTY":"Harris"},"geometry":{"type":"Polygon","coordinates":[[[-95.21326,30.05506],[-95.21621,30.04894],[-95.21953,30.05023],[-95.22165,30.05067],[-95.22664,30.05107],[-95.22862,30.05096],[-95.23296,30.04946],[-95.23914,30.04931],[-95.24192,30.04976],[-95.21906,30.06848],[-95.21135,30.06847],[-95.21155,30.06226],[-95.21233,30.05791],[-95.21326,30.05506]]]}},{"type":"Feature","properties":{"PRECINCT":"harris:351","COUNTY":"Harris"},"geometry":{"type":"Polygon","coordinates":[[[-95.13291,30.01692],[-95.13172,30.01286],[-95.14391,30.00874],[-95.14623,30.00756],[-95.15951,29.99956],[-95.16227,29.99858],[-95.16443,30.00401],[-95.16523,30.00526],[-95.16626,30.00627],[-95.16872,30.00753],[-95.17464,30.00884],[-95.17596,30.00933],[-95.1783,30.01094],[-95.17832,30.01115],[-95.17482,30.01472],[-95.1737,30.01354],[-95.17238,30.01334],[-95.17227,30.01576],[-95.17244,30.01647],[-95.1705,30.01713],[-95.16727,30.01613],[-95.16702,30.01784],[-95.16781,30.0204],[-95.16861,30.03044],[-95.16584,30.03152],[-95.1562,30.03661],[-95.15208,30.03354],[-95.1519,30.03315],[-95.15011,30.03242],[-95.14941,30.03062],[-95.14231,30.02162],[-95.13291,30.01692]]]}},{"type":"Feature","properties":{"PRECINCT":"harris:357","COUNTY":"Harris"},"geometry":{"type":"Polygon","coordinates":[[[-95.19572,30.08732],[-95.17618,30.07548],[-95.17936,30.07193],[-95.18171,30.07015],[-95.18416,30.06905],[-95.18821,30.06799],[-95.18877,30.07151],[-95.19112,30.07529],[-95.19225,30.07491],[-95.19502,30.07455],[-95.1965,30.0785],[-95.19754,30.07837],[-95.19881,30.07868],[-95.20015,30.07999],[-95.20034,30.08345],[-95.19572,30.08732]]]}},{"type":"Feature","properties":{"PRECINCT":"harris:387","COUNTY":"Harris"},"geometry":{"type":"Polygon","coordinates":[[[-95.03495,29.85733],[-95.02818,29.8573],[-95.02789,29.84209],[-95.0028,29.84239],[-95.00273,29.84053],[-95.00166,29.83843],[-94.99762,29.82009],[-94.99935,29.82007],[-94.99936,29.81985],[-94.99923,29.80848],[-94.99759,29.80228],[-95.00476,29.80115],[-95.00764,29.80564],[-95.01063,29.80744],[-95.01123,29.80802],[-95.0185,29.80801],[-95.0205,29.80774],[-95.02348,29.80772],[-95.02865,29.81017],[-95.02965,29.80919],[-95.03099,29.80715],[-95.03289,29.80635],[-95.0413,29.79997],[-95.02318,29.80026],[-95.02049,29.79998],[-95.02452,29.79989],[-95.02672,29.7995],[-95.04527,29.79263],[-95.04613,29.79348],[-95.04793,29.79422],[-95.04887,29.79527],[-95.04918,29.79604],[-95.04927,29.79804],[-95.05041,29.79876],[-95.05086,29.79934],[-95.05269,29.80357],[-95.05399,29.80438],[-95.05466,29.80528],[-95.05473,29.80617],[-95.05437,29.80716],[-95.05637,29.80712],[-95.05704,29.81183],[-95.05752,29.83235],[-95.05789,29.83523],[-95.05771,29.84202],[-95.05969,29.86119],[-95.06038,29.86351],[-95.03521,29.86346],[-95.03495,29.85733]]]}},{"type":"Feature","properties":{"PRECINCT":"harris:399","COUNTY":"Harris"},"geometry":{"type":"Polygon","coordinates":[[[-95.38241,30.04036],[-95.38084,30.02982],[-95.38135,30.02513],[-95.3801,30.02037],[-95.38608,30.02152],[-95.39781,30.02648],[-95.40002,30.027],[-95.40122,30.02706],[-95.40252,30.02697],[-95.42178,30.02333],[-95.42898,30.02115],[-95.42928,30.02691],[-95.42937,30.03564],[-95.42914,30.03574],[-95.42651,30.03585],[-95.42535,30.03496],[-95.42358,30.03442],[-95.42319,30.03492],[-95.42239,30.03529],[-95.42118,30.03523],[-95.42063,30.03555],[-95.41943,30.0355],[-95.41865,30.03623],[-95.41733,30.0368],[-95.41662,30.03738],[-95.41477,30.03761],[-95.41333,30.03753],[-95.41164,30.03707],[-95.41031,30.03635],[-95.40828,30.03383],[-95.40807,30.03191],[-95.40633,30.03093],[-95.40452,30.03155],[-95.40426,30.03324],[-95.40235,30.03388],[-95.4011,30.03457],[-95.39999,30.03609],[-95.39907,30.03619],[-95.3987,30.03599],[-95.39864,30.03565],[-95.39812,30.03554],[-95.39688,30.03599],[-95.39548,30.03567],[-95.3944,30.03629],[-95.39283,30.03617],[-95.39073,30.03687],[-95.38884,30.03647],[-95.38706,30.03737],[-95.38413,30.03844],[-95.38309,30.03993],[-95.38241,30.04036]]]}},{"type":"Feature","properties":{"PRECINCT":"harris:41","COUNTY":"Harris"},"geometry":{"type":"Polygon","coordinates":[[[-95.43184,30.09837],[-95.43148,30.09791],[-95.43064,30.09828],[-95.42973,30.09619],[-95.42967,30.09502],[-95.42831,30.09508],[-95.42802,30.094],[-95.42682,30.09399],[-95.42656,30.09413],[-95.42656,30.09446],[-95.42567,30.09449],[-95.42559,30.09398],[-95.42279,30.09397],[-95.42223,30.09421],[-95.42183,30.09375],[-95.42174,30.08942],[-95.42176,30.08925],[-95.42216,30.08925],[-95.42214,30.08618],[-95.42361,30.08621],[-95.42301,30.08381],[-95.41868,30.08466],[-95.41872,30.08526],[-95.41716,30.08541],[-95.4128,30.08774],[-95.41337,30.08977],[-95.41219,30.09095],[-95.41084,30.09081],[-95.40984,30.08936],[-95.40706,30.09086],[-95.40544,30.09208],[-95.40224,30.09166],[-95.40026,30.09032],[-95.39987,30.0899],[-95.39902,30.08778],[-95.39849,30.08583],[-95.39806,30.08541],[-95.39695,30.08499],[-95.40282,30.08185],[-95.40251,30.08143],[-95.40304,30.08117],[-95.4033,30.08045],[-95.40583,30.0791],[-95.40633,30.07915],[-95.41141,30.07633],[-95.41239,30.076],[-95.41598,30.08091],[-95.41755,30.08059],[-95.41741,30.07994],[-95.41767,30.07973],[-95.41746,30.07941],[-95.41879,30.0787],[-95.42158,30.07878],[-95.4243,30.07925],[-95.43613,30.07481],[-95.43718,30.08113],[-95.43655,30.08448],[-95.43631,30.08443],[-95.43523,30.08909],[-95.43567,30.08569],[-95.43472,30.09015],[-95.43463,30.09308],[-95.43505,30.09762],[-95.43355,30.09754],[-95.43184,30.09837]]]}},{"type":"Feature","properties":{"PRECINCT":"harris:459","COUNTY":"Harris"},"geometry":{"type":"Polygon","coordinates":[[[-95.16343,30.06608],[-95.16193,30.06542],[-95.15994,30.06503],[-95.16127,30.06353],[-95.16321,30.06268],[-95.16558,30.06244],[-95.16756,30.0626],[-95.16746,30.06378],[-95.16901,30.06376],[-95.17159,30.06508],[-95.17342,30.0654],[-95.17497,30.06623],[-95.17643,30.06458],[-95.17764,30.0638],[-95.17927,30.06339],[-95.18064,30.06353],[-95.18081,30.06208],[-95.18024,30.06011],[-95.1818,30.05914],[-95.18077,30.05765],[-95.18024,30.05728],[-95.17782,30.05693],[-95.17447,30.05556],[-95.17479,30.0539],[-95.17377,30.05147],[-95.17599,30.0508],[-95.17777,30.0507],[-95.18124,30.05091],[-95.18421,30.05002],[-95.18635,30.05623],[-95.18716,30.06073],[-95.18746,30.0656],[-95.18821,30.06799],[-95.18416,30.06905],[-95.18171,30.07015],[-95.17936,30.07193],[-95.17618,30.07548],[-95.16557,30.06853],[-95.16473,30.06726],[-95.16343,30.06608]]]}},{"type":"Feature","properties":{"PRECINCT":"harris:465","COUNTY":"Harris"},"geometry":{"type":"Polygon","coordinates":[[[-95.46315,30.03174],[-95.45051,30.01428],[-95.46379,30.00703],[-95.47367,30.02092],[-95.47637,30.02437],[-95.47541,30.02476],[-95.47408,30.02625],[-95.47253,30.02738],[-95.47137,30.02735],[-95.47075,30.02689],[-95.46906,30.02632],[-95.46762,30.02642],[-95.46718,30.02728],[-95.46719,30.02848],[-95.46538,30.02998],[-95.46509,30.03141],[-95.46454,30.03253],[-95.46355,30.03297],[-95.46315,30.03174]]]}},{"type":"Feature","properties":{"PRECINCT":"harris:466","COUNTY":"Harris"},"geometry":{"type":"Polygon","coordinates":[[[-95.47637,30.02437],[-95.46379,30.00703],[-95.47168,30.00286],[-95.48649,29.99443],[-95.48728,29.99565],[-95.48769,29.99707],[-95.49648,30.00935],[-95.49621,30.01094],[-95.49529,30.01074],[-95.49482,30.01143],[-95.49326,30.01269],[-95.49375,30.01321],[-95.49414,30.013],[-95.49422,30.01438],[-95.49487,30.01548],[-95.49537,30.01581],[-95.49509,30.01607],[-95.49361,30.01583],[-95.4929,30.01509],[-95.49221,30.01522],[-95.49114,30.01656],[-95.49108,30.01772],[-95.49057,30.01866],[-95.49032,30.01993],[-95.48808,30.02049],[-95.4883,30.02112],[-95.48817,30.0215],[-95.48716,30.02207],[-95.48573,30.02451],[-95.48522,30.02448],[-95.48433,30.02382],[-95.48413,30.02335],[-95.48481,30.02134],[-95.48463,30.02091],[-95.48371,30.02015],[-95.48143,30.02012],[-95.48017,30.01983],[-95.47908,30.02098],[-95.47886,30.02176],[-95.47754,30.02262],[-95.47729,30.02397],[-95.47637,30.02437]]]}},{"type":"Feature","properties":{"PRECINCT":"harris:469","COUNTY":"Harris"},"geometry":{"type":"Polygon","coordinates":[[[-95.19926,30.04305],[-95.19707,30.04313],[-95.19301,30.04387],[-95.19227,30.04122],[-95.19441,30.04116],[-95.19529,30.04018],[-95.19766,30.03871],[-95.19785,30.03798],[-95.19904,30.0367],[-95.19853,30.03592],[-95.19918,30.03485],[-95.19917,30.03435],[-95.19873,30.03364],[-95.19904,30.03319],[-95.19984,30.03286],[-95.19981,30.03263],[-95.19819,30.0302],[-95.19781,30.02847],[-95.19712,30.02781],[-95.19761,30.02685],[-95.19891,30.0263],[-95.19873,30.02506],[-95.20084,30.02604],[-95.2046,30.02608],[-95.21094,30.02409],[-95.21393,30.02409],[-95.21413,30.02784],[-95.22564,30.02814],[-95.22704,30.02801],[-95.22694,30.05106],[-95.22311,30.0509],[-95.21953,30.05023],[-95.21384,30.04802],[-95.21102,30.04659],[-95.20753,30.04572],[-95.20099,30.04333],[-95.19926,30.04305]]]}},{"type":"Feature","properties":{"PRECINCT":"harris:500","COUNTY":"Harris"},"geometry":{"type":"Polygon","coordinates":[[[-95.43613,30.07481],[-95.42966,30.04005],[-95.42937,30.03564],[-95.4298,30.03546],[-95.4304,30.03468],[-95.43105,30.03456],[-95.43162,30.03564],[-95.43317,30.03581],[-95.43478,30.03403],[-95.43522,30.03408],[-95.43562,30.0345],[-95.43674,30.03425],[-95.43766,30.03468],[-95.43871,30.03406],[-95.43972,30.03441],[-95.44062,30.0341],[-95.44123,30.03417],[-95.44159,30.03535],[-95.44284,30.03631],[-95.44238,30.03732],[-95.44273,30.03809],[-95.44371,30.03886],[-95.44419,30.03897],[-95.44513,30.04167],[-95.44617,30.04323],[-95.44622,30.04417],[-95.44657,30.04486],[-95.44693,30.04523],[-95.44999,30.04639],[-95.44821,30.04736],[-95.44647,30.04728],[-95.44664,30.04867],[-95.44921,30.05218],[-95.44858,30.05256],[-95.44776,30.05235],[-95.44898,30.05394],[-95.44894,30.0555],[-95.44974,30.05652],[-95.44992,30.05848],[-95.44944,30.06029],[-95.45017,30.06154],[-95.44695,30.06324],[-95.45219,30.07045],[-95.4471,30.07031],[-95.44478,30.07063],[-95.44303,30.07124],[-95.43613,30.07481]]]}},{"type":"Feature","properties":{"PRECINCT":"harris:502","COUNTY":"Harris"},"geometry":{"type":"Polygon","coordinates":[[[-95.01847,29.99638],[-95.01706,29.9958],[-94.99985,29.99149],[-94.9994,29.98982],[-94.99527,29.97945],[-94.99551,29.9779],[-94.98784,29.97451],[-94.98591,29.97301],[-95.03179,29.93779],[-95.03165,29.93752],[-95.03423,29.9348],[-95.06315,29.88623],[-95.06347,29.89839],[-95.06407,29.89842],[-95.0641,29.8991],[-95.06387,29.89939],[-95.0635,29.89936],[-95.06353,29.9019],[-95.07643,29.9019],[-95.07689,29.90193],[-95.07761,29.90269],[-95.06836,29.90975],[-95.06922,29.9124],[-95.07568,29.94554],[-95.07598,29.94637],[-95.08519,29.96228],[-95.08669,29.96962],[-95.06167,29.96992],[-95.06182,29.98032],[-95.04864,29.9805],[-95.04909,29.98058],[-95.04972,29.98897],[-95.04178,29.98904],[-95.03897,29.98959],[-95.02181,29.98977],[-95.02189,29.99162],[-95.02573,29.99173],[-95.02677,29.99674],[-95.02473,29.99658],[-95.02191,29.99691],[-95.01847,29.99638]]]}},{"type":"Feature","properties":{"PRECINCT":"harris:531","COUNTY":"Harris"},"geometry":{"type":"Polygon","coordinates":[[[-94.99569,29.92384],[-94.99651,29.92377],[-94.99694,29.92342],[-94.99874,29.91986],[-94.99645,29.91811],[-94.99586,29.91734],[-94.99532,29.91607],[-94.99484,29.91559],[-94.9937,29.9124],[-94.99287,29.91187],[-94.99223,29.91105],[-94.98781,29.90451],[-94.98433,29.89374],[-94.98436,29.89324],[-94.98585,29.89153],[-94.98614,29.89079],[-94.98499,29.88966],[-94.9827,29.88636],[-94.97874,29.87977],[-94.97633,29.87699],[-94.97668,29.87518],[-94.97622,29.87443],[-94.97593,29.873],[-94.97714,29.86818],[-94.97615,29.86767],[-94.9756,29.8667],[-94.97386,29.86586],[-94.9736,29.86506],[-94.97268,29.8644],[-94.97261,29.86303],[-94.97146,29.86242],[-94.97091,29.8616],[-94.97022,29.86136],[-94.96891,29.86043],[-94.968,29.85915],[-94.96595,29.85808],[-94.96033,29.85658],[-94.95309,29.8553],[-94.94759,29.85082],[-94.94709,29.84951],[-94.98569,29.84327],[-95.00252,29.84296],[-95.00278,29.84283],[-95.0028,29.84239],[-95.02789,29.84209],[-95.02818,29.8573],[-95.03474,29.85731],[-95.03509,29.85746],[-95.03525,29.86536],[-95.03567,29.86712],[-95.03585,29.8884],[-95.05227,29.88892],[-95.05933,29.88883],[-95.0599,29.88872],[-95.06005,29.88822],[-95.06164,29.88873],[-95.03423,29.9348],[-95.03165,29.93752],[-95.03179,29.93779],[-94.98591,29.97301],[-94.98529,29.972],[-94.98527,29.97037],[-94.98476,29.96803],[-94.98349,29.96613],[-94.98215,29.96497],[-94.98069,29.9568],[-94.98117,29.95556],[-94.98763,29.95296],[-94.99197,29.94076],[-94.9949,29.93706],[-94.99614,29.93008],[-94.99513,29.92898],[-94.99371,29.92841],[-94.99288,29.92775],[-94.99268,29.92648],[-94.993,29.92603],[-94.99429,29.92563],[-94.99569,29.92384]]]}},{"type":"Feature","properties":{"PRECINCT":"harris:539","COUNTY":"Harris"},"geometry":{"type":"Polygon","coordinates":[[[-95.49091,30.08378],[-95.47641,30.08293],[-95.47649,30.0706],[-95.48192,30.07061],[-95.4847,30.071],[-95.4927,30.0734],[-95.49682,30.07405],[-95.49671,30.08347],[-95.4942,30.08376],[-95.49091,30.08378]]]}},{"type":"Feature","properties":{"PRECINCT":"harris:546","COUNTY":"Harris"},"geometry":{"type":"Polygon","coordinates":[[[-95.12291,30.04362],[-95.13022,30.0299],[-95.13111,30.03276],[-95.13413,30.03495],[-95.13392,30.03575],[-95.13403,30.03592],[-95.13416,30.03599],[-95.13473,30.03612],[-95.13494,30.03655],[-95.13469,30.03599],[-95.13404,30.03586],[-95.13459,30.03449],[-95.13617,30.03429],[-95.1378,30.03372],[-95.13847,30.03344],[-95.13952,30.03246],[-95.13995,30.03252],[-95.14141,30.03454],[-95.14343,30.03505],[-95.14243,30.03682],[-95.14231,30.03753],[-95.1432,30.039],[-95.14461,30.03954],[-95.14508,30.04011],[-95.14558,30.04019],[-95.14474,30.04578],[-95.145,30.04674],[-95.14644,30.04866],[-95.14767,30.0493],[-95.14816,30.05108],[-95.14919,30.05214],[-95.15134,30.05358],[-95.15163,30.05453],[-95.1532,30.05604],[-95.155,30.05665],[-95.15571,30.05777],[-95.15503,30.05904],[-95.15762,30.05981],[-95.15682,30.06127],[-95.1533,30.06537],[-95.15156,30.0664],[-95.14636,30.06846],[-95.14512,30.06857],[-95.14515,30.06878],[-95.14391,30.06582],[-95.14121,30.06142],[-95.13836,30.05945],[-95.13646,30.05775],[-95.13309,30.05615],[-95.13194,30.05497],[-95.13071,30.05117],[-95.12291,30.04362]]]}},{"type":"Feature","properties":{"PRECINCT":"harris:550","COUNTY":"Harris"},"geometry":{"type":"Polygon","coordinates":[[[-95.44828,30.03648],[-95.44755,30.03559],[-95.4472,30.03568],[-95.44623,30.03652],[-95.44397,30.0368],[-95.44273,30.03626],[-95.44159,30.03535],[-95.44123,30.03417],[-95.44062,30.0341],[-95.43972,30.03441],[-95.43871,30.03406],[-95.43766,30.03468],[-95.43674,30.03425],[-95.43562,30.0345],[-95.43501,30.03402],[-95.43449,30.03421],[-95.43317,30.03581],[-95.43162,30.03564],[-95.43105,30.03456],[-95.4304,30.03468],[-95.4298,30.03546],[-95.42937,30.03564],[-95.42901,30.02138],[-95.42932,30.0213],[-95.4296,30.02455],[-95.4296,30.03263],[-95.43072,30.03252],[-95.4318,30.03197],[-95.4349,30.03231],[-95.43566,30.03216],[-95.43579,30.03154],[-95.43646,30.03146],[-95.43805,30.03185],[-95.4386,30.03154],[-95.43984,30.03132],[-95.44126,30.03049],[-95.4416,30.03007],[-95.44177,30.02908],[-95.44142,30.02742],[-95.44027,30.025],[-95.43746,30.02131],[-95.43661,30.01892],[-95.44792,30.01558],[-95.45051,30.01428],[-95.46281,30.03125],[-95.46355,30.03297],[-95.46295,30.03262],[-95.46228,30.03293],[-95.46204,30.03382],[-95.46134,30.03495],[-95.45929,30.03559],[-95.45725,30.03566],[-95.45516,30.03612],[-95.45348,30.03601],[-95.45123,30.03775],[-95.4509,30.03763],[-95.45046,30.03698],[-95.44828,30.03648]]]}},{"type":"Feature","properties":{"PRECINCT":"harris:563","COUNTY":"Harris"},"geometry":{"type":"Polygon","coordinates":[[[-95.16059,30.05326],[-95.1621,30.04868],[-95.16187,30.048],[-95.16065,30.04789],[-95.15977,30.04684],[-95.15926,30.04683],[-95.15792,30.04568],[-95.15741,30.04496],[-95.15749,30.04413],[-95.15714,30.04354],[-95.15535,30.04206],[-95.15494,30.04085],[-95.15398,30.03496],[-95.1562,30.03661],[-95.16584,30.03152],[-95.16826,30.03053],[-95.17427,30.02892],[-95.17755,30.02661],[-95.17909,30.02315],[-95.1809,30.0218],[-95.1833,30.02162],[-95.18702,30.0221],[-95.19288,30.02317],[-95.19873,30.02506],[-95.19891,30.0263],[-95.19761,30.02685],[-95.19712,30.02781],[-95.19781,30.02847],[-95.19819,30.0302],[-95.19981,30.03263],[-95.19984,30.03286],[-95.19904,30.03319],[-95.19873,30.03364],[-95.19917,30.03435],[-95.19918,30.03485],[-95.19853,30.03592],[-95.19904,30.0367],[-95.19785,30.03798],[-95.19766,30.03871],[-95.19529,30.04018],[-95.19441,30.04116],[-95.19227,30.04122],[-95.1931,30.04419],[-95.19143,30.04513],[-95.18869,30.04819],[-95.18745,30.04894],[-95.18735,30.04875],[-95.18227,30.05073],[-95.17976,30.05095],[-95.17777,30.0507],[-95.17599,30.0508],[-95.17483,30.05106],[-95.16947,30.05327],[-95.168,30.05355],[-95.16304,30.05368],[-95.16092,30.05432],[-95.16059,30.05326]]]}},{"type":"Feature","properties":{"PRECINCT":"harris:586","COUNTY":"Harris"},"geometry":{"type":"Polygon","coordinates":[[[-95.34954,30.0764],[-95.34933,30.07609],[-95.34952,30.07394],[-95.34915,30.07334],[-95.34833,30.07293],[-95.34603,30.07257],[-95.34469,30.07175],[-95.34395,30.07067],[-95.34287,30.06797],[-95.34109,30.06694],[-95.33931,30.06662],[-95.33814,30.06608],[-95.33757,30.06382],[-95.33711,30.06315],[-95.3363,30.06281],[-95.33543,30.06282],[-95.33287,30.06342],[-95.32878,30.06222],[-95.32809,30.0613],[-95.328,30.05975],[-95.32703,30.05804],[-95.32374,30.05623],[-95.32295,30.0546],[-95.32182,30.05315],[-95.32117,30.05284],[-95.31977,30.05272],[-95.31783,30.05415],[-95.31657,30.05419],[-95.31595,30.05384],[-95.31498,30.05254],[-95.31391,30.0516],[-95.31311,30.05055],[-95.31234,30.04807],[-95.31139,30.04698],[-95.30975,30.04589],[-95.30924,30.04458],[-95.30941,30.04366],[-95.31034,30.0428],[-95.31105,30.04251],[-95.3115,30.04189],[-95.31202,30.04044],[-95.31277,30.03682],[-95.31256,30.0351],[-95.31099,30.03289],[-95.31129,30.03242],[-95.3122,30.03243],[-95.3129,30.03307],[-95.31338,30.03306],[-95.31492,30.03173],[-95.31591,30.0314],[-95.31656,30.03221],[-95.31654,30.0333],[-95.31732,30.03435],[-95.3178,30.03448],[-95.32208,30.03309],[-95.32245,30.03245],[-95.32246,30.03109],[-95.32149,30.03047],[-95.32146,30.03006],[-95.32281,30.02938],[-95.32314,30.0288],[-95.3244,30.02819],[-95.32507,30.02729],[-95.32654,30.02628],[-95.32702,30.02683],[-95.32718,30.02849],[-95.32837,30.02956],[-95.33053,30.0307],[-95.33092,30.03065],[-95.33205,30.02936],[-95.33325,30.02913],[-95.3346,30.02942],[-95.33526,30.03028],[-95.33598,30.03046],[-95.33633,30.03013],[-95.33681,30.02882],[-95.33896,30.02804],[-95.34437,30.02849],[-95.3455,30.02814],[-95.34663,30.0283],[-95.34767,30.02813],[-95.35001,30.02943],[-95.3503,30.03008],[-95.35033,30.03107],[-95.35067,30.03154],[-95.35236,30.03195],[-95.35419,30.03366],[-95.35459,30.03371],[-95.35486,30.03326],[-95.35524,30.0333],[-95.35763,30.03577],[-95.35875,30.03609],[-95.35961,30.03604],[-95.36091,30.03534],[-95.36315,30.03311],[-95.36497,30.03224],[-95.36573,30.03155],[-95.36624,30.0316],[-95.36745,30.03374],[-95.34639,30.04528],[-95.34823,30.04791],[-95.35234,30.05267],[-95.35398,30.05587],[-95.35542,30.05748],[-95.35975,30.06118],[-95.36155,30.06191],[-95.36439,30.06259],[-95.36541,30.0631],[-95.36995,30.06734],[-95.35363,30.07634],[-95.35264,30.07629],[-95.35053,30.07665],[-95.34954,30.0764]]]}},{"type":"Feature","properties":{"PRECINCT":"harris:587","COUNTY":"Harris"},"geometry":{"type":"Polygon","coordinates":[[[-95.37997,30.0394],[-95.37931,30.03922],[-95.37769,30.03937],[-95.37398,30.03734],[-95.36925,30.03643],[-95.3679,30.03487],[-95.36734,30.03345],[-95.36604,30.03147],[-95.36497,30.03224],[-95.36315,30.03311],[-95.36091,30.03534],[-95.35961,30.03604],[-95.35875,30.03609],[-95.35763,30.03577],[-95.35524,30.0333],[-95.35486,30.03326],[-95.35459,30.03371],[-95.35419,30.03366],[-95.35236,30.03195],[-95.35067,30.03154],[-95.35033,30.03107],[-95.3503,30.03008],[-95.35001,30.02943],[-95.34767,30.02813],[-95.34663,30.0283],[-95.3455,30.02814],[-95.34437,30.02849],[-95.33896,30.02804],[-95.33681,30.02882],[-95.33633,30.03013],[-95.33598,30.03046],[-95.33526,30.03028],[-95.3346,30.02942],[-95.33325,30.02913],[-95.33205,30.02936],[-95.33092,30.03065],[-95.33053,30.0307],[-95.32837,30.02956],[-95.32718,30.02849],[-95.32702,30.02683],[-95.32654,30.02628],[-95.32507,30.02729],[-95.3244,30.02819],[-95.32314,30.0288],[-95.32281,30.02938],[-95.32146,30.03006],[-95.32149,30.03047],[-95.32246,30.03109],[-95.32227,30.03296],[-95.31817,30.03446],[-95.31874,30.0332],[-95.3185,30.01562],[-95.31695,30.01558],[-95.31735,30.01466],[-95.3165,30.01417],[-95.31556,30.0154],[-95.31465,30.01495],[-95.31493,30.0144],[-95.3148,30.01377],[-95.313,30.01396],[-95.31299,30.01078],[-95.31388,30.01064],[-95.31413,30.01142],[-95.31519,30.01119],[-95.31496,30.0104],[-95.31759,30.01005],[-95.31775,30.00837],[-95.31597,30.00802],[-95.31555,30.00768],[-95.31553,30.00706],[-95.31597,30.00619],[-95.33012,30.01154],[-95.3801,30.02037],[-95.38135,30.02513],[-95.38135,30.02623],[-95.38085,30.02844],[-95.38086,30.03021],[-95.38241,30.04036],[-95.38131,30.04044],[-95.38054,30.0401],[-95.37997,30.0394]]]}},{"type":"Feature","properties":{"PRECINCT":"harris:588","COUNTY":"Harris"},"geometry":{"type":"Polygon","coordinates":[[[-95.38222,30.08722],[-95.37923,30.08748],[-95.3784,30.08716],[-95.37685,30.08602],[-95.37586,30.08603],[-95.37497,30.08637],[-95.37457,30.0862],[-95.37423,30.08563],[-95.37413,30.08474],[-95.37437,30.0835],[-95.37416,30.08158],[-95.37374,30.0803],[-95.37261,30.07917],[-95.37102,30.07833],[-95.36986,30.078],[-95.37528,30.07508],[-95.37573,30.07549],[-95.37694,30.07418],[-95.40131,30.0608],[-95.41239,30.076],[-95.41141,30.07633],[-95.40633,30.07915],[-95.40583,30.0791],[-95.4033,30.08045],[-95.40304,30.08117],[-95.40251,30.08143],[-95.40282,30.08185],[-95.39695,30.08499],[-95.39562,30.08403],[-95.39264,30.08322],[-95.39174,30.08273],[-95.39128,30.08274],[-95.39045,30.08323],[-95.39011,30.08463],[-95.38972,30.08516],[-95.38891,30.08516],[-95.3874,30.08467],[-95.38654,30.08475],[-95.38515,30.08553],[-95.38469,30.0864],[-95.38498,30.08732],[-95.38476,30.08777],[-95.3836,30.08794],[-95.38222,30.08722]]]}},{"type":"Feature","properties":{"PRECINCT":"harris:590","COUNTY":"Harris"},"geometry":{"type":"Polygon","coordinates":[[[-95.20472,30.06154],[-95.2029,30.0615],[-95.20185,30.06077],[-95.20159,30.05941],[-95.20111,30.05854],[-95.20144,30.05739],[-95.2005,30.05609],[-95.19993,30.0541],[-95.19912,30.05329],[-95.19781,30.05315],[-95.19675,30.05271],[-95.19545,30.05182],[-95.1945,30.05031],[-95.19297,30.04947],[-95.19166,30.0492],[-95.18888,30.04999],[-95.1878,30.04964],[-95.18745,30.04894],[-95.18909,30.04788],[-95.19143,30.04513],[-95.1931,30.04419],[-95.19301,30.04387],[-95.19442,30.04351],[-95.19848,30.04301],[-95.20099,30.04333],[-95.20753,30.04572],[-95.21102,30.04659],[-95.21621,30.04894],[-95.21326,30.05506],[-95.21233,30.05791],[-95.21155,30.06226],[-95.2114,30.06705],[-95.21038,30.06703],[-95.20927,30.06651],[-95.20713,30.06386],[-95.20649,30.06273],[-95.20562,30.06191],[-95.20472,30.06154]]]}},{"type":"Feature","properties":{"PRECINCT":"harris:596","COUNTY":"Harris"},"geometry":{"type":"Polygon","coordinates":[[[-95.37957,30.05742],[-95.37632,30.05295],[-95.37608,30.05308],[-95.37211,30.04733],[-95.37087,30.04797],[-95.36743,30.04861],[-95.36383,30.04402],[-95.36321,30.04404],[-95.3606,30.04565],[-95.3601,30.04568],[-95.35887,30.04522],[-95.35861,30.04571],[-95.35755,30.04513],[-95.35613,30.0433],[-95.35462,30.04341],[-95.35317,30.04152],[-95.36745,30.03374],[-95.3679,30.03487],[-95.36925,30.03643],[-95.37398,30.03734],[-95.37769,30.03937],[-95.37931,30.03922],[-95.38017,30.03952],[-95.38054,30.0401],[-95.38131,30.04044],[-95.38241,30.04036],[-95.38304,30.04203],[-95.39018,30.0541],[-95.3915,30.05522],[-95.38145,30.0608],[-95.37914,30.05766],[-95.37957,30.05742]]]}},{"type":"Feature","properties":{"PRECINCT":"harris:599","COUNTY":"Harris"},"geometry":{"type":"Polygon","coordinates":[[[-95.24985,30.04352],[-95.25325,30.03074],[-95.25704,30.03146],[-95.26312,30.01654],[-95.26824,30.00502],[-95.29699,30.00494],[-95.29664,30.00687],[-95.29523,30.00928],[-95.29473,30.01103],[-95.29475,30.016],[-95.29422,30.01857],[-95.29443,30.02275],[-95.29433,30.02994],[-95.29371,30.02949],[-95.29291,30.02775],[-95.29268,30.02776],[-95.28706,30.0289],[-95.28303,30.03061],[-95.27818,30.03097],[-95.27691,30.03147],[-95.27691,30.03111],[-95.27246,30.03236],[-95.27099,30.0324],[-95.26829,30.03168],[-95.2651,30.03217],[-95.26414,30.03207],[-95.24985,30.04352]]]}},{"type":"Feature","properties":{"PRECINCT":"harris:6","COUNTY":"Harris"},"geometry":{"type":"Polygon","coordinates":[[[-95.39922,30.059],[-95.39129,30.0551],[-95.39018,30.0541],[-95.38304,30.04203],[-95.38241,30.04036],[-95.38309,30.03993],[-95.38413,30.03844],[-95.38706,30.03737],[-95.38884,30.03647],[-95.39073,30.03687],[-95.39283,30.03617],[-95.3944,30.03629],[-95.39548,30.03567],[-95.39688,30.03599],[-95.39812,30.03554],[-95.39864,30.03565],[-95.3987,30.03599],[-95.39907,30.03619],[-95.39999,30.03609],[-95.4011,30.03457],[-95.40235,30.03388],[-95.40426,30.03324],[-95.40452,30.03155],[-95.40543,30.03112],[-95.4077,30.04016],[-95.40777,30.04152],[-95.40745,30.04287],[-95.40382,30.05086],[-95.40359,30.05298],[-95.40621,30.06316],[-95.41136,30.07052],[-95.4117,30.07211],[-95.41136,30.07456],[-95.4006,30.05997],[-95.39922,30.059]]]}},{"type":"Feature","properties":{"PRECINCT":"harris:604","COUNTY":"Harris"},"geometry":{"type":"Polygon","coordinates":[[[-95.09114,29.98843],[-95.08669,29.96962],[-95.08519,29.96228],[-95.08082,29.95474],[-95.08514,29.95455],[-95.08427,29.95361],[-95.08361,29.95185],[-95.08305,29.95154],[-95.08257,29.95089],[-95.08283,29.95028],[-95.08269,29.94987],[-95.08295,29.94834],[-95.08346,29.94771],[-95.08316,29.9476],[-95.08319,29.94721],[-95.08385,29.94651],[-95.08365,29.94637],[-95.08347,29.94662],[-95.08317,29.94654],[-95.08296,29.9461],[-95.08303,29.94539],[-95.08254,29.94535],[-95.08195,29.94498],[-95.08233,29.94479],[-95.08195,29.94452],[-95.08137,29.94278],[-95.08173,29.94254],[-95.08191,29.94141],[-95.08253,29.94104],[-95.08255,29.94064],[-95.08303,29.94036],[-95.0833,29.93983],[-95.0828,29.93883],[-95.08519,29.93816],[-95.08833,29.93825],[-95.08854,29.93668],[-95.09008,29.93329],[-95.09051,29.93117],[-95.0903,29.92914],[-95.08883,29.92486],[-95.08895,29.92251],[-95.09018,29.92263],[-95.09162,29.92221],[-95.09237,29.92245],[-95.0909,29.92463],[-95.0931,29.92525],[-95.09295,29.92385],[-95.09342,29.92292],[-95.09484,29.92356],[-95.09447,29.92557],[-95.09647,29.92605],[-95.09975,29.92414],[-95.10274,29.92067],[-95.11035,29.91878],[-95.11563,29.91718],[-95.11639,29.91715],[-95.12074,29.91982],[-95.12223,29.92017],[-95.12288,29.9213],[-95.12297,29.92267],[-95.12386,29.92322],[-95.12484,29.9243],[-95.12538,29.92409],[-95.12503,29.92352],[-95.13219,29.92012],[-95.13219,29.91993],[-95.1329,29.91945],[-95.14044,29.92672],[-95.1543,29.95115],[-95.12928,29.97787],[-95.13154,29.98767],[-95.11527,29.98812],[-95.11493,29.98843],[-95.11427,29.98851],[-95.11344,29.98819],[-95.09114,29.98843]]]}},{"type":"Feature","properties":{"PRECINCT":"harris:612","COUNTY":"Harris"},"geometry":{"type":"Polygon","coordinates":[[[-95.19713,30.06844],[-95.1922,30.06745],[-95.18818,30.0678],[-95.18746,30.0656],[-95.18716,30.06073],[-95.18635,30.05623],[-95.18421,30.05002],[-95.18735,30.04875],[-95.1878,30.04964],[-95.18866,30.04999],[-95.19166,30.0492],[-95.19297,30.04947],[-95.1945,30.05031],[-95.19545,30.05182],[-95.19675,30.05271],[-95.19781,30.05315],[-95.19912,30.05329],[-95.19993,30.0541],[-95.2005,30.05609],[-95.20144,30.05739],[-95.20111,30.05854],[-95.20201,30.06098],[-95.2029,30.0615],[-95.2045,30.0615],[-95.20562,30.06191],[-95.20649,30.06273],[-95.20882,30.06612],[-95.21019,30.06697],[-95.2114,30.06705],[-95.21135,30.06847],[-95.20705,30.06823],[-95.20468,30.06852],[-95.19856,30.06855],[-95.19713,30.06844]]]}},{"type":"Feature","properties":{"PRECINCT":"harris:615","COUNTY":"Harris"},"geometry":{"type":"Polygon","coordinates":[[[-95.49422,30.01438],[-95.49414,30.013],[-95.49375,30.01321],[-95.49326,30.01269],[-95.49482,30.01143],[-95.49529,30.01074],[-95.49621,30.01094],[-95.49648,30.00935],[-95.48769,29.99707],[-95.48728,29.99565],[-95.48649,29.99443],[-95.49834,29.98786],[-95.51203,30.0067],[-95.51091,30.00927],[-95.51052,30.00954],[-95.50915,30.00904],[-95.50762,30.00957],[-95.505,30.00927],[-95.50377,30.00944],[-95.50245,30.00842],[-95.50169,30.00851],[-95.50143,30.00903],[-95.50172,30.00965],[-95.50107,30.01035],[-95.50123,30.0116],[-95.50053,30.01194],[-95.4996,30.01183],[-95.49885,30.01145],[-95.49731,30.01246],[-95.49636,30.01363],[-95.4959,30.01504],[-95.49537,30.01581],[-95.49487,30.01548],[-95.49422,30.01438]]]}},{"type":"Feature","properties":{"PRECINCT":"harris:63","COUNTY":"Harris"},"geometry":{"type":"Polygon","coordinates":[[[-95.06038,29.86345],[-95.05969,29.86119],[-95.05771,29.84202],[-95.05789,29.83523],[-95.05752,29.83235],[-95.05704,29.81183],[-95.05637,29.80712],[-95.05437,29.80716],[-95.05473,29.80617],[-95.05466,29.80528],[-95.05399,29.80438],[-95.05269,29.80357],[-95.05086,29.79934],[-95.05041,29.79876],[-95.04927,29.79804],[-95.04918,29.79604],[-95.04887,29.79527],[-95.04793,29.79422],[-95.04613,29.79348],[-95.04527,29.79263],[-95.0498,29.79098],[-95.05295,29.79047],[-95.05491,29.79048],[-95.0566,29.79078],[-95.06082,29.79251],[-95.05813,29.79424],[-95.05732,29.79528],[-95.05671,29.79669],[-95.05687,29.79826],[-95.05748,29.79933],[-95.0589,29.80033],[-95.06228,29.80184],[-95.06541,29.80286],[-95.07013,29.80333],[-95.07344,29.8026],[-95.07612,29.80158],[-95.07927,29.79976],[-95.08322,29.79871],[-95.08596,29.79824],[-95.08754,29.79837],[-95.08863,29.7988],[-95.08921,29.79925],[-95.08981,29.80021],[-95.08992,29.80571],[-95.09022,29.80786],[-95.08967,29.81396],[-95.08856,29.81547],[-95.08703,29.81666],[-95.08531,29.81734],[-95.08349,29.81754],[-95.08102,29.81747],[-95.0796,29.81795],[-95.07914,29.81845],[-95.07902,29.81911],[-95.07949,29.82155],[-95.07924,29.82398],[-95.07838,29.82541],[-95.07771,29.82582],[-95.07589,29.82609],[-95.07432,29.82585],[-95.06927,29.82429],[-95.06761,29.82398],[-95.06629,29.82395],[-95.06366,29.82496],[-95.06209,29.82643],[-95.06121,29.82837],[-95.06145,29.82993],[-95.06234,29.83126],[-95.06391,29.83243],[-95.06593,29.83299],[-95.06765,29.83263],[-95.06953,29.83172],[-95.07298,29.83049],[-95.07708,29.82961],[-95.08138,29.82928],[-95.08562,29.8299],[-95.0919,29.83157],[-95.09351,29.83223],[-95.09631,29.83384],[-95.09994,29.83622],[-95.10296,29.83863],[-95.10549,29.84251],[-95.10644,29.84442],[-95.10609,29.84568],[-95.10497,29.84563],[-95.10331,29.84501],[-95.10256,29.84396],[-95.10098,29.84311],[-95.09689,29.84567],[-95.09363,29.84606],[-95.09216,29.84668],[-95.09031,29.84864],[-95.08956,29.85019],[-95.08928,29.8515],[-95.0924,29.85821],[-95.09396,29.86093],[-95.09395,29.86197],[-95.09337,29.86288],[-95.09385,29.86394],[-95.09387,29.86481],[-95.07359,29.86383],[-95.06038,29.86345]]]}},{"type":"Feature","properties":{"PRECINCT":"harris:633","COUNTY":"Harris"},"geometry":{"type":"Polygon","coordinates":[[[-95.45011,30.06147],[-95.44944,30.06029],[-95.44992,30.05848],[-95.44974,30.05652],[-95.44894,30.0555],[-95.44898,30.05394],[-95.44776,30.05235],[-95.44858,30.05256],[-95.44921,30.05218],[-95.44664,30.04867],[-95.44647,30.04728],[-95.44821,30.04736],[-95.44999,30.04639],[-95.44673,30.04505],[-95.44622,30.04417],[-95.44617,30.04323],[-95.44513,30.04167],[-95.44419,30.03897],[-95.4429,30.03826],[-95.44238,30.03732],[-95.44284,30.03631],[-95.44434,30.03684],[-95.44623,30.03652],[-95.44755,30.03559],[-95.44828,30.03648],[-95.45046,30.03698],[-95.4509,30.03763],[-95.45123,30.03775],[-95.45348,30.03601],[-95.45516,30.03612],[-95.45725,30.03566],[-95.4588,30.03562],[-95.46192,30.04003],[-95.46096,30.04058],[-95.46223,30.04237],[-95.4634,30.0417],[-95.4698,30.0506],[-95.46773,30.05155],[-95.46336,30.0522],[-95.46222,30.05257],[-95.45789,30.05567],[-95.45512,30.05733],[-95.45242,30.06025],[-95.45011,30.06147]]]}},{"type":"Feature","properties":{"PRECINCT":"harris:634","COUNTY":"Harris"},"geometry":{"type":"Polygon","coordinates":[[[-95.35994,30.07686],[-95.35867,30.07653],[-95.356,30.07732],[-95.35363,30.07634],[-95.36995,30.06734],[-95.37233,30.06961],[-95.37404,30.07049],[-95.37666,30.07088],[-95.37905,30.07037],[-95.37895,30.06992],[-95.37553,30.06514],[-95.37534,30.06466],[-95.37551,30.06428],[-95.37679,30.06335],[-95.39161,30.05517],[-95.39956,30.05919],[-95.40131,30.0608],[-95.37694,30.07418],[-95.37573,30.07549],[-95.37528,30.07508],[-95.36986,30.078],[-95.36757,30.07802],[-95.3669,30.07784],[-95.36554,30.07659],[-95.36468,30.07682],[-95.36326,30.07796],[-95.36214,30.07839],[-95.3611,30.07815],[-95.35994,30.07686]]]}},{"type":"Feature","properties":{"PRECINCT":"harris:635","COUNTY":"Harris"},"geometry":{"type":"Polygon","coordinates":[[[-95.19828,30.07849],[-95.1965,30.0785],[-95.19502,30.07455],[-95.19225,30.07491],[-95.19112,30.07529],[-95.18877,30.07151],[-95.18818,30.0678],[-95.1922,30.06745],[-95.19395,30.06765],[-95.19713,30.06844],[-95.19856,30.06855],[-95.20468,30.06852],[-95.20705,30.06823],[-95.20977,30.06849],[-95.21906,30.06848],[-95.204,30.08022],[-95.20034,30.08345],[-95.20015,30.07999],[-95.19934,30.079],[-95.19828,30.07849]]]}},{"type":"Feature","properties":{"PRECINCT":"harris:636","COUNTY":"Harris"},"geometry":{"type":"Polygon","coordinates":[[[-95.0726,30.10305],[-95.06254,30.07665],[-95.05684,30.06098],[-95.06342,30.06084],[-95.06336,30.05776],[-95.09549,30.05729],[-95.09571,30.05731],[-95.09668,30.0612],[-95.09717,30.06037],[-95.1003,30.06031],[-95.10075,30.06061],[-95.10081,30.06305],[-95.10061,30.06362],[-95.10089,30.06426],[-95.10086,30.06648],[-95.10184,30.06657],[-95.10184,30.06677],[-95.1046,30.06661],[-95.11028,30.06675],[-95.10723,30.0601],[-95.10946,30.06009],[-95.10945,30.06028],[-95.11061,30.06112],[-95.11286,30.06234],[-95.13661,30.06792],[-95.13808,30.06991],[-95.13849,30.07005],[-95.13912,30.07083],[-95.13899,30.07114],[-95.15016,30.08602],[-95.15231,30.08942],[-95.15378,30.09092],[-95.15471,30.09267],[-95.16655,30.10928],[-95.16656,30.11073],[-95.13157,30.13864],[-95.1305,30.13983],[-95.12832,30.14136],[-95.11908,30.14912],[-95.09671,30.16721],[-95.08459,30.1355],[-95.07328,30.10371],[-95.0726,30.10305]]]}},{"type":"Feature","properties":{"PRECINCT":"harris:658","COUNTY":"Harris"},"geometry":{"type":"Polygon","coordinates":[[[-95.19221,30.0159],[-95.18955,30.01609],[-95.18908,30.0157],[-95.18904,30.01472],[-95.1882,30.01476],[-95.18806,30.0118],[-95.18888,30.01171],[-95.18846,30.00726],[-95.18379,30.00755],[-95.18114,30.00855],[-95.17952,30.00653],[-95.18282,30.00483],[-95.18496,30.00458],[-95.18472,30.00378],[-95.1856,30.00339],[-95.189,30.00345],[-95.18951,30.00218],[-95.18954,30.00115],[-95.18646,30.00113],[-95.18647,30.00047],[-95.18953,30.00033],[-95.18953,29.99873],[-95.20341,29.99914],[-95.20257,30.0009],[-95.20222,30.00112],[-95.20177,30.00109],[-95.20098,30.00048],[-95.2,30.00037],[-95.19937,30.00081],[-95.19856,30.00209],[-95.19814,30.00404],[-95.19711,30.00456],[-95.19641,30.00606],[-95.19658,30.00714],[-95.19821,30.00863],[-95.19884,30.00887],[-95.20095,30.0115],[-95.20118,30.01279],[-95.19991,30.01385],[-95.19707,30.0151],[-95.19327,30.01896],[-95.19221,30.0159]]]}},{"type":"Feature","properties":{"PRECINCT":"harris:659","COUNTY":"Harris"},"geometry":{"type":"Polygon","coordinates":[[[-95.13172,30.01286],[-95.12951,29.99393],[-95.1313,29.98779],[-95.13694,29.98516],[-95.14028,29.98431],[-95.1404,29.98499],[-95.13803,29.98552],[-95.13638,29.98615],[-95.13637,29.98641],[-95.13712,29.98699],[-95.14019,29.98796],[-95.14216,29.98979],[-95.14404,29.98976],[-95.1447,29.98899],[-95.14485,29.98766],[-95.14599,29.98754],[-95.14752,29.98613],[-95.14967,29.9853],[-95.15041,29.98522],[-95.15018,29.98399],[-95.15243,29.98331],[-95.15562,29.98192],[-95.15753,29.9803],[-95.15807,29.98025],[-95.15854,29.98045],[-95.16048,29.98371],[-95.16082,29.98478],[-95.16093,29.98674],[-95.16066,29.98829],[-95.15903,29.99004],[-95.15872,29.99174],[-95.15788,29.99241],[-95.15565,29.99298],[-95.15597,29.99393],[-95.15564,29.994],[-95.15403,29.99397],[-95.15309,29.9936],[-95.15222,29.99262],[-95.15166,29.99248],[-95.15263,29.99412],[-95.15375,29.99453],[-95.15504,29.99466],[-95.15622,29.99443],[-95.1566,29.99517],[-95.15832,29.99437],[-95.15916,29.99463],[-95.15956,29.9944],[-95.16181,29.99436],[-95.16185,29.99701],[-95.16227,29.99858],[-95.15951,29.99956],[-95.14623,30.00756],[-95.14391,30.00874],[-95.13172,30.01286]]]}},{"type":"Feature","properties":{"PRECINCT":"harris:670","COUNTY":"Harris"},"geometry":{"type":"Polygon","coordinates":[[[-95.16875,30.06372],[-95.16746,30.06378],[-95.16756,30.0626],[-95.16558,30.06244],[-95.16321,30.06268],[-95.16127,30.06353],[-95.15994,30.06503],[-95.15768,30.06419],[-95.15561,30.06269],[-95.15727,30.06064],[-95.15844,30.05674],[-95.1595,30.05527],[-95.16025,30.0547],[-95.16119,30.05417],[-95.16304,30.05368],[-95.168,30.05355],[-95.16947,30.05327],[-95.17377,30.05147],[-95.17479,30.0539],[-95.17447,30.05556],[-95.17782,30.05693],[-95.18024,30.05728],[-95.18077,30.05765],[-95.1818,30.05914],[-95.18024,30.06011],[-95.18081,30.06208],[-95.18064,30.06353],[-95.17927,30.06339],[-95.17764,30.0638],[-95.17643,30.06458],[-95.17497,30.06623],[-95.17342,30.0654],[-95.17159,30.06508],[-95.16875,30.06372]]]}},{"type":"Feature","properties":{"PRECINCT":"harris:674","COUNTY":"Harris"},"geometry":{"type":"Polygon","coordinates":[[[-95.16861,30.03044],[-95.16775,30.02005],[-95.16702,30.01784],[-95.16733,30.01601],[-95.1705,30.01713],[-95.17244,30.01647],[-95.17227,30.01576],[-95.17238,30.01334],[-95.1737,30.01354],[-95.17482,30.01472],[-95.17832,30.01115],[-95.1783,30.01094],[-95.17596,30.00933],[-95.17464,30.00884],[-95.16872,30.00753],[-95.16626,30.00627],[-95.16523,30.00526],[-95.16443,30.00401],[-95.16227,29.99858],[-95.16413,29.99823],[-95.16777,29.99823],[-95.18953,29.99873],[-95.18953,30.00033],[-95.18647,30.00047],[-95.18646,30.00113],[-95.18954,30.00115],[-95.18951,30.00218],[-95.189,30.00345],[-95.1856,30.00339],[-95.18472,30.00378],[-95.18496,30.00458],[-95.18282,30.00483],[-95.17952,30.00653],[-95.18114,30.00855],[-95.18379,30.00755],[-95.18846,30.00726],[-95.18888,30.01171],[-95.18806,30.0118],[-95.1882,30.01476],[-95.18904,30.01472],[-95.18908,30.0157],[-95.18955,30.01609],[-95.19218,30.01581],[-95.19327,30.01896],[-95.19312,30.0191],[-95.19404,30.0205],[-95.1931,30.02305],[-95.19288,30.02317],[-95.1833,30.02162],[-95.1809,30.0218],[-95.17909,30.02315],[-95.17755,30.02661],[-95.17427,30.02892],[-95.16861,30.03044]]]}},{"type":"Feature","properties":{"PRECINCT":"harris:700","COUNTY":"Harris"},"geometry":{"type":"Polygon","coordinates":[[[-95.05684,30.06098],[-95.04982,30.04204],[-95.04622,30.03318],[-95.04513,30.02921],[-95.03118,29.99332],[-95.0308,29.9938],[-95.02896,29.99438],[-95.0275,29.99642],[-95.02677,29.99674],[-95.02573,29.99173],[-95.02189,29.99162],[-95.02181,29.98977],[-95.03897,29.98959],[-95.04178,29.98904],[-95.04972,29.98897],[-95.04909,29.98058],[-95.04864,29.9805],[-95.06182,29.98032],[-95.06167,29.96992],[-95.08669,29.96962],[-95.09114,29.98843],[-95.1099,29.9882],[-95.10294,30.01931],[-95.09938,30.01937],[-95.09946,30.02423],[-95.10175,30.02419],[-95.10194,30.02825],[-95.10091,30.02826],[-95.09855,30.03825],[-95.0976,30.03823],[-95.09744,30.04368],[-95.09863,30.04428],[-95.09914,30.04512],[-95.09914,30.04601],[-95.09812,30.04601],[-95.09814,30.04782],[-95.09336,30.04786],[-95.09571,30.05731],[-95.06336,30.05776],[-95.06342,30.06084],[-95.05684,30.06098]]]}},{"type":"Feature","properties":{"PRECINCT":"harris:747","COUNTY":"Harris"},"geometry":{"type":"Polygon","coordinates":[[[-95.35229,30.0526],[-95.34823,30.04791],[-95.34639,30.04528],[-95.35317,30.04152],[-95.35462,30.04341],[-95.35613,30.0433],[-95.35755,30.04513],[-95.35861,30.04571],[-95.35887,30.04522],[-95.3601,30.04568],[-95.3606,30.04565],[-95.36361,30.04395],[-95.36409,30.04421],[-95.36743,30.04861],[-95.37087,30.04797],[-95.37211,30.04733],[-95.37608,30.05308],[-95.37632,30.05295],[-95.37957,30.05742],[-95.37914,30.05766],[-95.38145,30.0608],[-95.36995,30.06734],[-95.36541,30.0631],[-95.36388,30.06242],[-95.36076,30.06166],[-95.35885,30.06052],[-95.35427,30.05629],[-95.35229,30.0526]]]}},{"type":"Feature","properties":{"PRECINCT":"harris:753","COUNTY":"Harris"},"geometry":{"type":"Polygon","coordinates":[[[-95.36995,30.06734],[-95.37551,30.06428],[-95.37534,30.06466],[-95.37553,30.06514],[-95.37895,30.06992],[-95.37905,30.07037],[-95.37666,30.07088],[-95.37404,30.07049],[-95.37233,30.06961],[-95.36995,30.06734]]]}},{"type":"Feature","properties":{"PRECINCT":"harris:756","COUNTY":"Harris"},"geometry":{"type":"Polygon","coordinates":[[[-95.29699,30.00494],[-95.30891,30.00437],[-95.3089,30.00634],[-95.30676,30.0163],[-95.2947,30.01633],[-95.29484,30.01039],[-95.29523,30.00928],[-95.29664,30.00687],[-95.29699,30.00494]]]}},{"type":"Feature","properties":{"PRECINCT":"harris:758","COUNTY":"Harris"},"geometry":{"type":"Polygon","coordinates":[[[-95.15356,30.09066],[-95.15231,30.08942],[-95.1502,30.08624],[-95.15298,30.08541],[-95.15515,30.08317],[-95.15372,30.08021],[-95.15211,30.0795],[-95.15061,30.07676],[-95.14868,30.07576],[-95.14853,30.07526],[-95.14931,30.07392],[-95.14651,30.07202],[-95.14512,30.06857],[-95.14636,30.06846],[-95.15212,30.06612],[-95.1533,30.06537],[-95.15561,30.06269],[-95.15768,30.06419],[-95.15888,30.06474],[-95.16292,30.06574],[-95.16473,30.06726],[-95.16557,30.06853],[-95.17159,30.07262],[-95.19572,30.08732],[-95.16656,30.11073],[-95.16655,30.10928],[-95.15471,30.09267],[-95.15356,30.09066]]]}},{"type":"Feature","properties":{"PRECINCT":"harris:760","COUNTY":"Harris"},"geometry":{"type":"Polygon","coordinates":[[[-95.14644,30.04866],[-95.145,30.04674],[-95.14474,30.04578],[-95.14558,30.04019],[-95.14508,30.04011],[-95.14461,30.03954],[-95.1432,30.039],[-95.14233,30.03769],[-95.14243,30.03682],[-95.14343,30.03505],[-95.14141,30.03454],[-95.13995,30.03252],[-95.13952,30.03246],[-95.13847,30.03344],[-95.1378,30.03372],[-95.13617,30.03429],[-95.13459,30.03449],[-95.13404,30.03586],[-95.13469,30.03599],[-95.13495,30.03627],[-95.135,30.03652],[-95.13494,30.03655],[-95.13473,30.03612],[-95.13416,30.03599],[-95.13392,30.03575],[-95.13413,30.03495],[-95.13111,30.03276],[-95.13022,30.0299],[-95.13291,30.01692],[-95.14231,30.02162],[-95.14941,30.03062],[-95.15011,30.03242],[-95.1519,30.03315],[-95.15208,30.03354],[-95.15398,30.03496],[-95.15494,30.04085],[-95.15535,30.04206],[-95.15714,30.04354],[-95.15749,30.04413],[-95.15741,30.04496],[-95.15792,30.04568],[-95.15926,30.04683],[-95.15977,30.04684],[-95.16065,30.04789],[-95.16187,30.048],[-95.1621,30.04868],[-95.16059,30.05326],[-95.16092,30.05432],[-95.1595,30.05527],[-95.15844,30.05674],[-95.15762,30.05981],[-95.15503,30.05904],[-95.15571,30.05777],[-95.155,30.05665],[-95.1532,30.05604],[-95.15163,30.05453],[-95.15134,30.05358],[-95.14919,30.05214],[-95.14816,30.05108],[-95.14767,30.0493],[-95.14644,30.04866]]]}},{"type":"Feature","properties":{"PRECINCT":"harris:841","COUNTY":"Harris"},"geometry":{"type":"Polygon","coordinates":[[[-95.31654,30.0333],[-95.31656,30.03221],[-95.31591,30.0314],[-95.31492,30.03173],[-95.31338,30.03306],[-95.3129,30.03307],[-95.31247,30.0326],[-95.3118,30.03233],[-95.31129,30.03242],[-95.31099,30.03289],[-95.31076,30.03289],[-95.308,30.03191],[-95.30727,30.03144],[-95.30591,30.02995],[-95.30514,30.02962],[-95.30435,30.0298],[-95.30293,30.03202],[-95.30238,30.03229],[-95.29993,30.03219],[-95.29722,30.03137],[-95.29433,30.02994],[-95.29443,30.02275],[-95.29422,30.01857],[-95.2947,30.01633],[-95.30676,30.0163],[-95.3068,30.02104],[-95.30894,30.02102],[-95.30899,30.02376],[-95.31054,30.02376],[-95.31055,30.02102],[-95.312,30.02102],[-95.31212,30.02071],[-95.31485,30.02071],[-95.31487,30.02217],[-95.31593,30.02217],[-95.31603,30.02291],[-95.31788,30.02259],[-95.31806,30.02342],[-95.31859,30.02341],[-95.31874,30.0332],[-95.31817,30.03446],[-95.3178,30.03448],[-95.31732,30.03435],[-95.31654,30.0333]]]}},{"type":"Feature","properties":{"PRECINCT":"harris:851","COUNTY":"Harris"},"geometry":{"type":"Polygon","coordinates":[[[-95.43688,30.08308],[-95.43715,30.08161],[-95.4371,30.08014],[-95.43613,30.07481],[-95.44303,30.07124],[-95.44433,30.07075],[-95.4471,30.07031],[-95.46028,30.07069],[-95.47649,30.0706],[-95.47641,30.08293],[-95.47155,30.08266],[-95.43688,30.08308]]]}},{"type":"Feature","properties":{"PRECINCT":"harris:897","COUNTY":"Harris"},"geometry":{"type":"Polygon","coordinates":[[[-95.42357,30.11453],[-95.42347,30.11332],[-95.42291,30.1121],[-95.423,30.11086],[-95.42245,30.10983],[-95.42118,30.10943],[-95.42046,30.1087],[-95.41884,30.10872],[-95.41894,30.10478],[-95.41799,30.10393],[-95.41639,30.10314],[-95.41385,30.10134],[-95.41174,30.10085],[-95.4116,30.10031],[-95.41221,30.09939],[-95.41102,30.0995],[-95.41061,30.09924],[-95.41054,30.09806],[-95.41285,30.0957],[-95.4127,30.09504],[-95.41091,30.09467],[-95.40987,30.09272],[-95.40809,30.09275],[-95.40729,30.093],[-95.40544,30.09208],[-95.40706,30.09086],[-95.40984,30.08936],[-95.41084,30.09081],[-95.41219,30.09095],[-95.41337,30.08977],[-95.4128,30.08774],[-95.41716,30.08541],[-95.41872,30.08526],[-95.41868,30.08466],[-95.42301,30.08381],[-95.42361,30.08621],[-95.42214,30.08618],[-95.42216,30.08925],[-95.42176,30.08925],[-95.42174,30.08942],[-95.42199,30.09395],[-95.42223,30.09421],[-95.42279,30.09397],[-95.42559,30.09398],[-95.42567,30.09449],[-95.42656,30.09446],[-95.42656,30.09413],[-95.42682,30.09399],[-95.42802,30.094],[-95.42831,30.09508],[-95.42967,30.09502],[-95.42973,30.09619],[-95.43064,30.09828],[-95.43148,30.09791],[-95.43184,30.09837],[-95.4338,30.09748],[-95.43505,30.09762],[-95.43463,30.09095],[-95.43567,30.08569],[-95.43523,30.08909],[-95.43631,30.08443],[-95.43655,30.08448],[-95.43533,30.0904],[-95.43579,30.10757],[-95.43664,30.11037],[-95.43606,30.11118],[-95.43586,30.11219],[-95.43513,30.11298],[-95.43284,30.11363],[-95.43062,30.11391],[-95.42968,30.11359],[-95.4291,30.1141],[-95.42651,30.11545],[-95.4256,30.11561],[-95.42422,30.11549],[-95.42357,30.11453]]]}},{"type":"Feature","properties":{"PRECINCT":"harris:912","COUNTY":"Harris"},"geometry":{"type":"Polygon","coordinates":[[[-95.42168,30.05175],[-95.42049,30.04962],[-95.42078,30.0456],[-95.41921,30.04542],[-95.41899,30.04459],[-95.41692,30.04393],[-95.41594,30.04263],[-95.40863,30.0465],[-95.4077,30.04197],[-95.4077,30.04016],[-95.40543,30.03112],[-95.40633,30.03093],[-95.40794,30.03178],[-95.40818,30.03211],[-95.40828,30.03383],[-95.40996,30.036],[-95.41164,30.03707],[-95.41333,30.03753],[-95.41477,30.03761],[-95.41662,30.03738],[-95.41733,30.0368],[-95.41865,30.03623],[-95.41943,30.0355],[-95.42063,30.03555],[-95.42118,30.03523],[-95.42239,30.03529],[-95.42319,30.03492],[-95.42358,30.03442],[-95.42535,30.03496],[-95.42651,30.03585],[-95.42937,30.03564],[-95.42966,30.04005],[-95.43189,30.05258],[-95.42949,30.0519],[-95.42816,30.05194],[-95.42356,30.05435],[-95.42168,30.05175]]]}},{"type":"Feature","properties":{"PRECINCT":"harris:97","COUNTY":"Harris"},"geometry":{"type":"Polygon","coordinates":[[[-95.08082,29.95474],[-95.07568,29.94554],[-95.0751,29.943],[-95.06922,29.9124],[-95.06836,29.90975],[-95.08366,29.89787],[-95.08452,29.89586],[-95.08813,29.88422],[-95.08867,29.88339],[-95.09019,29.88193],[-95.08882,29.8858],[-95.08975,29.88857],[-95.09041,29.88902],[-95.09163,29.88912],[-95.0924,29.88977],[-95.09247,29.89034],[-95.09206,29.89066],[-95.0903,29.89105],[-95.09035,29.89271],[-95.08822,29.89511],[-95.08773,29.89523],[-95.08659,29.89458],[-95.08621,29.89474],[-95.08605,29.89555],[-95.08652,29.8965],[-95.08576,29.89857],[-95.08646,29.89951],[-95.08572,29.90083],[-95.08514,29.90125],[-95.08533,29.9017],[-95.08471,29.90205],[-95.08468,29.90248],[-95.08428,29.90283],[-95.08494,29.90342],[-95.08692,29.9036],[-95.08728,29.90444],[-95.0878,29.90464],[-95.08788,29.90505],[-95.08839,29.90533],[-95.08873,29.90512],[-95.08975,29.90533],[-95.0905,29.90476],[-95.09103,29.90491],[-95.09185,29.90578],[-95.09257,29.90559],[-95.09276,29.90588],[-95.09228,29.90703],[-95.09128,29.90654],[-95.09079,29.90665],[-95.09182,29.90809],[-95.09163,29.90854],[-95.0913,29.90856],[-95.09129,29.90912],[-95.09055,29.90926],[-95.09028,29.90991],[-95.09038,29.91071],[-95.09047,29.91098],[-95.09209,29.91063],[-95.09229,29.91266],[-95.09158,29.91751],[-95.08949,29.92076],[-95.08878,29.92334],[-95.08892,29.92527],[-95.09035,29.9294],[-95.09045,29.9318],[-95.08993,29.93366],[-95.08858,29.93654],[-95.08833,29.93825],[-95.08519,29.93816],[-95.0828,29.93883],[-95.0833,29.93983],[-95.08303,29.94036],[-95.08255,29.94064],[-95.08253,29.94104],[-95.08191,29.94141],[-95.08173,29.94254],[-95.08137,29.94278],[-95.08195,29.94452],[-95.08233,29.94479],[-95.08195,29.94498],[-95.08254,29.94535],[-95.08303,29.94539],[-95.08296,29.9461],[-95.08317,29.94654],[-95.08347,29.94662],[-95.08365,29.94637],[-95.08385,29.94651],[-95.08319,29.94721],[-95.08316,29.9476],[-95.08346,29.94771],[-95.08295,29.94834],[-95.08269,29.94987],[-95.08283,29.95028],[-95.08257,29.95089],[-95.08305,29.95154],[-95.08361,29.95185],[-95.08427,29.95361],[-95.08512,29.95465],[-95.08082,29.95474]]]}},{"type":"Feature","properties":{"PRECINCT":"harris:98","COUNTY":"Harris"},"geometry":{"type":"Polygon","coordinates":[[[-95.11061,30.06112],[-95.10946,30.06009],[-95.10723,30.0601],[-95.11028,30.06675],[-95.1046,30.06661],[-95.10184,30.06677],[-95.10184,30.06657],[-95.10086,30.06648],[-95.10089,30.06426],[-95.10061,30.06362],[-95.10081,30.06305],[-95.10075,30.06061],[-95.1003,30.06031],[-95.09717,30.06037],[-95.09668,30.0612],[-95.09654,30.0609],[-95.09336,30.04786],[-95.09814,30.04782],[-95.09812,30.04601],[-95.09914,30.04601],[-95.09914,30.04512],[-95.09863,30.04428],[-95.09744,30.04368],[-95.0976,30.03823],[-95.09855,30.03825],[-95.10091,30.02826],[-95.10194,30.02825],[-95.10175,30.02419],[-95.09946,30.02423],[-95.09938,30.01937],[-95.10294,30.01931],[-95.1099,29.9882],[-95.11344,29.98819],[-95.11427,29.98851],[-95.11493,29.98843],[-95.11527,29.98812],[-95.1313,29.98779],[-95.12951,29.99393],[-95.13172,30.01286],[-95.13291,30.01692],[-95.13031,30.02972],[-95.12901,30.03252],[-95.12291,30.04362],[-95.13071,30.05117],[-95.13194,30.05497],[-95.13309,30.05615],[-95.13646,30.05775],[-95.13836,30.05945],[-95.14121,30.06142],[-95.14391,30.06582],[-95.14651,30.07202],[-95.14931,30.07392],[-95.14853,30.07526],[-95.14868,30.07576],[-95.15061,30.07676],[-95.15211,30.0795],[-95.15372,30.08021],[-95.15515,30.08317],[-95.15298,30.08541],[-95.1502,30.08624],[-95.13899,30.07114],[-95.13912,30.07083],[-95.13849,30.07005],[-95.13808,30.06991],[-95.13661,30.06792],[-95.11298,30.06237],[-95.11061,30.06112]]]}},{"type":"Feature","properties":{"PRECINCT":"harris:988","COUNTY":"Harris"},"geometry":{"type":"Polygon","coordinates":[[[-95.07689,29.90193],[-95.06353,29.9019],[-95.0635,29.89936],[-95.06387,29.89939],[-95.0641,29.8991],[-95.06407,29.89842],[-95.06347,29.89839],[-95.06315,29.88623],[-95.06339,29.88571],[-95.06452,29.88456],[-95.06594,29.88396],[-95.08213,29.87961],[-95.08835,29.87757],[-95.09424,29.87619],[-95.09366,29.87818],[-95.09423,29.87938],[-95.09538,29.88023],[-95.09211,29.88091],[-95.09019,29.88193],[-95.08867,29.88339],[-95.08813,29.88422],[-95.08452,29.89586],[-95.08366,29.89787],[-95.07761,29.90269],[-95.07689,29.90193]]]}},{"type":"Feature","properties":{"PRECINCT":"harris:997","COUNTY":"Harris"},"geometry":{"type":"Polygon","coordinates":[[[-95.4296,30.03263],[-95.4296,30.02455],[-95.42932,30.0213],[-95.42901,30.02138],[-95.42898,30.02115],[-95.43661,30.01892],[-95.43691,30.02015],[-95.43759,30.02154],[-95.44066,30.02571],[-95.44173,30.02878],[-95.4416,30.03007],[-95.44126,30.03049],[-95.43984,30.03132],[-95.4386,30.03154],[-95.43805,30.03185],[-95.43646,30.03146],[-95.43579,30.03154],[-95.43578,30.03204],[-95.4353,30.03224],[-95.43418,30.03229],[-95.4318,30.03197],[-95.43072,30.03252],[-95.4296,30.03263]]]}},{"type":"Feature","properties":{"PRECINCT":"jefferson:101","COUNTY":"Jefferson"},"geometry":{"type":"Polygon","coordinates":[[[-94.04727,29.88061],[-94.04377,29.87962],[-94.03366,29.88117],[-94.03366,29.88081],[-94.03426,29.88075],[-94.03503,29.88001],[-94.03411,29.87896],[-94.03437,29.87779],[-94.03357,29.87726],[-94.03358,29.87622],[-94.03325,29.87605],[-94.03331,29.87578],[-94.03527,29.87359],[-94.03568,29.87206],[-94.03512,29.87098],[-94.03379,29.87062],[-94.03339,29.87028],[-94.03453,29.86935],[-94.03536,29.86904],[-94.03577,29.86833],[-94.03421,29.86768],[-94.03469,29.8665],[-94.03425,29.86558],[-94.03338,29.86476],[-94.03325,29.86386],[-94.03516,29.86204],[-94.03536,29.86141],[-94.03441,29.86051],[-94.03428,29.85891],[-94.03325,29.8572],[-94.03312,29.85479],[-94.03178,29.85342],[-94.03273,29.85153],[-94.03786,29.8496],[-94.03988,29.84999],[-94.04149,29.84965],[-94.04121,29.82441],[-94.04111,29.82406],[-94.04029,29.82347],[-94.04478,29.81929],[-94.04355,29.81916],[-94.04202,29.8204],[-94.04232,29.81967],[-94.04024,29.81801],[-94.04102,29.81788],[-94.04127,29.81804],[-94.04161,29.8178],[-94.04162,29.81752],[-94.04119,29.81725],[-94.04021,29.81728],[-94.04008,29.81674],[-94.04107,29.81669],[-94.04241,29.81615],[-94.04361,29.81699],[-94.04334,29.81711],[-94.04365,29.81722],[-94.04341,29.81792],[-94.04391,29.81819],[-94.04385,29.8188],[-94.04408,29.81822],[-94.0435,29.81793],[-94.04378,29.81747],[-94.04427,29.81741],[-94.04423,29.81715],[-94.04446,29.8171],[-94.04415,29.81665],[-94.04431,29.81638],[-94.044,29.81648],[-94.04388,29.81591],[-94.04343,29.81556],[-94.04312,29.81553],[-94.04283,29.81583],[-94.04252,29.8154],[-94.0415,29.81566],[-94.04227,29.81487],[-94.04322,29.81482],[-94.044,29.81419],[-94.04382,29.81396],[-94.0425,29.81388],[-94.04169,29.81469],[-94.04146,29.81452],[-94.0417,29.81382],[-94.04139,29.81377],[-94.04162,29.81321],[-94.04045,29.81332],[-94.04036,29.81309],[-94.04086,29.81289],[-94.0409,29.8126],[-94.04262,29.81177],[-94.04161,29.81114],[-94.04091,29.81133],[-94.04088,29.81067],[-94.04132,29.81075],[-94.04131,29.81036],[-94.04035,29.81049],[-94.04039,29.80989],[-94.03961,29.80884],[-94.03979,29.80866],[-94.04004,29.809],[-94.04069,29.80902],[-94.04113,29.80871],[-94.04124,29.80842],[-94.04057,29.80817],[-94.04098,29.80776],[-94.04085,29.8073],[-94.03993,29.80651],[-94.03875,29.80633],[-94.03789,29.80571],[-94.03758,29.80498],[-94.03819,29.80479],[-94.03884,29.8055],[-94.0402,29.80441],[-94.04102,29.80441],[-94.0415,29.80388],[-94.0413,29.80372],[-94.04184,29.80201],[-94.04263,29.80249],[-94.04386,29.80262],[-94.04385,29.80197],[-94.04435,29.80145],[-94.04427,29.80089],[-94.04527,29.80074],[-94.04589,29.80116],[-94.04722,29.79961],[-94.0495,29.79839],[-94.04984,29.79841],[-94.05105,29.79689],[-94.05267,29.79581],[-94.05328,29.79571],[-94.05406,29.79417],[-94.05387,29.79275],[-94.0557,29.79234],[-94.05737,29.79154],[-94.05616,29.79144],[-94.05586,29.791],[-94.05494,29.79067],[-94.05462,29.79074],[-94.05472,29.79106],[-94.05549,29.79188],[-94.05372,29.79223],[-94.05043,29.78997],[-94.0498,29.78929],[-94.04934,29.78914],[-94.05034,29.78828],[-94.05132,29.78797],[-94.0522,29.78735],[-94.05249,29.78691],[-94.05215,29.78602],[-94.05316,29.78566],[-94.05305,29.78521],[-94.05854,29.78239],[-94.06116,29.77594],[-94.05164,29.76685],[-94.04971,29.76528],[-94.06816,29.75218],[-94.07644,29.74706],[-94.08004,29.74396],[-94.08534,29.7402],[-94.1054,29.72707],[-94.1104,29.72335],[-94.12024,29.71665],[-94.13581,29.70504],[-94.1519,29.69391],[-94.15649,29.69171],[-94.15828,29.69029],[-94.16141,29.6895],[-94.1697,29.68826],[-94.17032,29.72895],[-94.17054,29.72951],[-94.17131,29.73014],[-94.17168,29.73097],[-94.17123,29.7317],[-94.17036,29.73146],[-94.1702,29.73177],[-94.17036,29.74059],[-94.18388,29.74058],[-94.18371,29.75077],[-94.18598,29.75134],[-94.18827,29.75144],[-94.18888,29.75131],[-94.19039,29.75041],[-94.19411,29.75036],[-94.19429,29.76591],[-94.19462,29.77351],[-94.19495,29.77575],[-94.19499,29.79532],[-94.19538,29.80483],[-94.19545,29.82158],[-94.19559,29.82195],[-94.19645,29.8221],[-94.19657,29.83499],[-94.08506,29.85945],[-94.0825,29.86041],[-94.07977,29.86195],[-94.05087,29.88215],[-94.04727,29.88061]]]}},{"type":"Feature","properties":{"PRECINCT":"jefferson:104","COUNTY":"Jefferson"},"geometry":{"type":"Polygon","coordinates":[[[-93.84455,29.89884],[-93.85125,29.87522],[-93.85441,29.86505],[-93.85514,29.8641],[-93.8599,29.85992],[-93.86641,29.85526],[-93.87245,29.85165],[-93.881,29.84821],[-93.88622,29.84572],[-93.89068,29.84316],[-93.90073,29.83697],[-93.91127,29.82912],[-93.93199,29.84402],[-93.9446,29.85359],[-93.93434,29.86447],[-93.93129,29.86964],[-93.93141,29.86973],[-93.92767,29.87431],[-93.91055,29.89257],[-93.90637,29.89661],[-93.90626,29.89645],[-93.90041,29.9016],[-93.89311,29.90987],[-93.8846,29.91873],[-93.86843,29.93658],[-93.86623,29.93994],[-93.86506,29.94778],[-93.86427,29.94881],[-93.86339,29.95938],[-93.86281,29.96119],[-93.86171,29.96354],[-93.86009,29.9659],[-93.85598,29.96872],[-93.85563,29.96783],[-93.85079,29.96389],[-93.8486,29.96151],[-93.8439,29.95481],[-93.84142,29.9493],[-93.84055,29.94674],[-93.83911,29.9398],[-93.83882,29.93693],[-93.83877,29.92953],[-93.83953,29.92197],[-93.84109,29.91287],[-93.84455,29.89884]]]}},{"type":"Feature","properties":{"PRECINCT":"jefferson:108","COUNTY":"Jefferson"},"geometry":{"type":"Polygon","coordinates":[[[-94.23154,29.93317],[-94.22927,29.93103],[-94.22693,29.92773],[-94.22649,29.9275],[-94.2261,29.92656],[-94.22407,29.92445],[-94.2228,29.92405],[-94.21939,29.92205],[-94.21725,29.91875],[-94.21687,29.91709],[-94.22828,29.91696],[-94.23545,29.91787],[-94.23773,29.91879],[-94.24591,29.92386],[-94.2508,29.926],[-94.2461,29.93257],[-94.24516,29.93215],[-94.24371,29.93197],[-94.24317,29.93147],[-94.24035,29.93194],[-94.2374,29.93176],[-94.23636,29.93219],[-94.23325,29.93468],[-94.23209,29.93499],[-94.23154,29.93317]]]}},{"type":"Feature","properties":{"PRECINCT":"jefferson:24","COUNTY":"Jefferson"},"geometry":{"type":"Polygon","coordinates":[[[-94.43896,30.11583],[-94.43806,30.11558],[-94.43804,30.11511],[-94.43715,30.11474],[-94.43664,30.11418],[-94.43619,30.11415],[-94.43574,30.11482],[-94.43503,30.11492],[-94.43388,30.1143],[-94.43347,30.11433],[-94.43291,30.11366],[-94.43171,30.11384],[-94.43106,30.1136],[-94.43152,30.11291],[-94.43117,30.11218],[-94.43198,30.11207],[-94.43247,30.11128],[-94.43366,30.11115],[-94.4337,30.11052],[-94.43122,30.10854],[-94.43029,30.10823],[-94.42978,30.10836],[-94.42937,30.10799],[-94.42932,30.10746],[-94.42984,30.10657],[-94.42937,30.10631],[-94.4283,30.10631],[-94.42827,30.10543],[-94.42739,30.1058],[-94.42699,30.10558],[-94.42661,30.10588],[-94.42605,30.10594],[-94.42634,30.10647],[-94.42609,30.1069],[-94.42579,30.10695],[-94.42535,30.10677],[-94.42473,30.106],[-94.42353,30.10533],[-94.42178,30.10496],[-94.42063,30.10506],[-94.42078,30.10428],[-94.42051,30.10411],[-94.41952,30.10445],[-94.41918,30.10399],[-94.41966,30.10319],[-94.41961,30.1021],[-94.41916,30.10197],[-94.41821,30.10232],[-94.41792,30.10209],[-94.41772,30.10134],[-94.41677,30.10103],[-94.41679,30.10074],[-94.41844,30.10055],[-94.41832,30.10017],[-94.41779,30.10004],[-94.41613,30.10031],[-94.41558,30.1001],[-94.41512,30.09928],[-94.41429,30.09903],[-94.41317,30.09964],[-94.41249,30.09964],[-94.41264,30.09824],[-94.41197,30.09833],[-94.41126,30.09914],[-94.4105,30.09804],[-94.41006,30.09819],[-94.4098,30.09911],[-94.40921,30.09918],[-94.40851,30.0998],[-94.40772,30.09905],[-94.40629,30.09851],[-94.40619,30.09973],[-94.4057,30.09991],[-94.40449,30.08026],[-94.40794,30.05285],[-94.40792,30.01494],[-94.40761,29.9838],[-94.40912,29.98355],[-94.41241,29.98414],[-94.4175,29.9824],[-94.42186,29.9821],[-94.42269,29.98172],[-94.42551,29.98113],[-94.42589,29.98077],[-94.42665,29.98094],[-94.42697,29.98124],[-94.42759,29.98093],[-94.4289,29.98105],[-94.43013,29.98077],[-94.43089,29.98041],[-94.43118,29.9799],[-94.43204,29.97955],[-94.43394,29.9801],[-94.43457,29.98079],[-94.43679,29.98205],[-94.43926,29.9823],[-94.44108,29.98192],[-94.44181,29.98157],[-94.44381,29.98179],[-94.44511,30.11202],[-94.44457,30.11373],[-94.44371,30.1136],[-94.44326,30.11374],[-94.44316,30.11293],[-94.44286,30.11259],[-94.44253,30.11259],[-94.44197,30.11298],[-94.44177,30.11391],[-94.44209,30.11448],[-94.44113,30.11481],[-94.44057,30.11577],[-94.43896,30.11583]]]}},{"type":"Feature","properties":{"PRECINCT":"jefferson:25","COUNTY":"Jefferson"},"geometry":{"type":"Polygon","coordinates":[[[-94.25901,30.1284],[-94.25866,30.12761],[-94.25846,30.12537],[-94.25816,30.12459],[-94.25353,30.12488],[-94.25298,30.11063],[-94.24345,30.11076],[-94.24269,30.109],[-94.24399,30.10656],[-94.24294,30.10582],[-94.24155,30.10429],[-94.23989,30.10529],[-94.23853,30.10546],[-94.23852,30.1049],[-94.244,30.10122],[-94.24487,30.09992],[-94.25885,30.09167],[-94.26304,30.08698],[-94.26372,30.08592],[-94.26398,30.08451],[-94.26052,30.08358],[-94.26088,30.08299],[-94.26218,30.08282],[-94.26333,30.0812],[-94.26304,30.05766],[-94.25523,30.05872],[-94.25519,30.05842],[-94.25735,30.05813],[-94.25721,30.05784],[-94.25628,30.05729],[-94.25614,30.05694],[-94.25592,30.02382],[-94.25585,30.02359],[-94.25542,30.02347],[-94.25552,30.01944],[-94.25527,30.01803],[-94.25641,30.01848],[-94.25679,30.01834],[-94.2573,30.01742],[-94.25736,30.01649],[-94.25617,30.01584],[-94.25178,30.01503],[-94.25196,30.01398],[-94.25283,30.01378],[-94.25309,30.01116],[-94.28564,30.01217],[-94.28931,30.01087],[-94.29206,30.00868],[-94.29657,30.00438],[-94.29945,30.0043],[-94.29976,30.00026],[-94.3036,30.0012],[-94.30555,30.00134],[-94.37096,30.00074],[-94.37091,29.98698],[-94.37076,29.98658],[-94.36991,29.98622],[-94.36986,29.98554],[-94.37301,29.98723],[-94.37582,29.98726],[-94.37934,29.98791],[-94.38074,29.98752],[-94.38425,29.98581],[-94.38579,29.9865],[-94.38782,29.9866],[-94.39112,29.98637],[-94.39295,29.98565],[-94.39487,29.98565],[-94.39775,29.98504],[-94.39987,29.98484],[-94.40116,29.98405],[-94.40239,29.98447],[-94.40393,29.98456],[-94.40614,29.98375],[-94.40761,29.9838],[-94.40792,30.01494],[-94.40794,30.05285],[-94.40449,30.08026],[-94.4057,30.09991],[-94.40517,30.09974],[-94.40414,30.09867],[-94.40356,30.09876],[-94.40278,30.09851],[-94.40156,30.09722],[-94.39998,30.09752],[-94.39932,30.09737],[-94.39884,30.09845],[-94.39794,30.09898],[-94.39805,30.10001],[-94.39625,30.10154],[-94.39526,30.1027],[-94.39432,30.10235],[-94.39337,30.10273],[-94.39272,30.10215],[-94.39217,30.10223],[-94.39213,30.10294],[-94.39304,30.10403],[-94.39201,30.10465],[-94.39207,30.10577],[-94.39187,30.10595],[-94.39124,30.10583],[-94.39032,30.10487],[-94.3891,30.10479],[-94.38876,30.10386],[-94.38848,30.10384],[-94.38805,30.104],[-94.38672,30.1053],[-94.38686,30.1056],[-94.38779,30.10588],[-94.38743,30.10644],[-94.3871,30.1065],[-94.38591,30.10599],[-94.38466,30.10598],[-94.38397,30.10628],[-94.38323,30.10564],[-94.38295,30.10564],[-94.3823,30.10607],[-94.38249,30.10685],[-94.38231,30.10707],[-94.38073,30.10702],[-94.38089,30.10747],[-94.38139,30.10769],[-94.38142,30.10832],[-94.37942,30.10851],[-94.37762,30.10786],[-94.37668,30.10818],[-94.37589,30.10922],[-94.37409,30.10823],[-94.37352,30.10744],[-94.37255,30.10727],[-94.37257,30.10705],[-94.37341,30.10668],[-94.37347,30.10631],[-94.3732,30.10598],[-94.37048,30.10685],[-94.37018,30.10661],[-94.37028,30.10594],[-94.36969,30.10562],[-94.36873,30.10579],[-94.36812,30.10532],[-94.36663,30.10499],[-94.36636,30.10427],[-94.36686,30.10297],[-94.36638,30.10258],[-94.36573,30.10271],[-94.3652,30.10165],[-94.36461,30.10136],[-94.36406,30.10158],[-94.36387,30.10263],[-94.36346,30.10305],[-94.36251,30.10268],[-94.36097,30.10295],[-94.36093,30.10416],[-94.35956,30.10586],[-94.35878,30.10584],[-94.35837,30.10545],[-94.3594,30.10428],[-94.35927,30.10367],[-94.35857,30.10375],[-94.35747,30.10453],[-94.35626,30.10394],[-94.35502,30.10422],[-94.35471,30.10484],[-94.35535,30.10571],[-94.35531,30.10621],[-94.35313,30.10722],[-94.35211,30.10712],[-94.35189,30.10788],[-94.3511,30.10848],[-94.35066,30.10917],[-94.3503,30.10896],[-94.35015,30.10815],[-94.34936,30.10743],[-94.34913,30.10647],[-94.34968,30.10554],[-94.3496,30.10467],[-94.35076,30.10427],[-94.35075,30.1038],[-94.34906,30.1037],[-94.3484,30.10485],[-94.34693,30.10468],[-94.34666,30.10505],[-94.34671,30.10552],[-94.34627,30.10588],[-94.34431,30.10493],[-94.34435,30.10437],[-94.34516,30.10361],[-94.34476,30.10312],[-94.34352,30.10339],[-94.34213,30.10312],[-94.34102,30.10363],[-94.34128,30.10456],[-94.34116,30.10535],[-94.34248,30.10581],[-94.34276,30.10618],[-94.34266,30.10663],[-94.34228,30.10678],[-94.34025,30.10655],[-94.33984,30.10627],[-94.33974,30.10491],[-94.33894,30.10431],[-94.3384,30.10437],[-94.33816,30.10475],[-94.33825,30.10553],[-94.33779,30.10728],[-94.33708,30.10714],[-94.33615,30.10612],[-94.33572,30.10621],[-94.33548,30.10663],[-94.33608,30.10859],[-94.33708,30.1091],[-94.33731,30.10952],[-94.33426,30.10951],[-94.33392,30.10927],[-94.33396,30.10827],[-94.33362,30.10815],[-94.33317,30.10835],[-94.33283,30.10889],[-94.33282,30.11002],[-94.33175,30.1104],[-94.33268,30.11206],[-94.3324,30.11226],[-94.33053,30.11216],[-94.33021,30.11237],[-94.33037,30.11276],[-94.33121,30.11323],[-94.33168,30.11384],[-94.33041,30.11481],[-94.32822,30.11461],[-94.32798,30.11409],[-94.32805,30.11314],[-94.32625,30.11264],[-94.32608,30.11211],[-94.32657,30.1117],[-94.32576,30.1113],[-94.32467,30.11227],[-94.32364,30.11276],[-94.32334,30.11406],[-94.32312,30.11423],[-94.3222,30.11419],[-94.32133,30.11329],[-94.32097,30.11329],[-94.32042,30.11373],[-94.31971,30.11341],[-94.31915,30.11353],[-94.31876,30.11448],[-94.31785,30.11439],[-94.31713,30.11531],[-94.3171,30.11579],[-94.31791,30.11616],[-94.3182,30.11658],[-94.31589,30.11769],[-94.31508,30.11767],[-94.31379,30.11706],[-94.31351,30.11628],[-94.31266,30.1161],[-94.31187,30.11623],[-94.31103,30.11526],[-94.31031,30.11515],[-94.30919,30.1152],[-94.3089,30.11544],[-94.30914,30.11697],[-94.30879,30.11729],[-94.30614,30.11663],[-94.30536,30.117],[-94.30438,30.11621],[-94.30361,30.11609],[-94.30335,30.1149],[-94.30294,30.11489],[-94.30208,30.11554],[-94.30161,30.11543],[-94.30135,30.11426],[-94.30096,30.11402],[-94.29831,30.1154],[-94.29903,30.11612],[-94.29883,30.11651],[-94.29716,30.11661],[-94.29556,30.11752],[-94.29379,30.11724],[-94.29286,30.11747],[-94.29226,30.1183],[-94.29102,30.12137],[-94.29104,30.12182],[-94.29165,30.12241],[-94.29141,30.12397],[-94.29102,30.12397],[-94.28963,30.12301],[-94.28917,30.12318],[-94.28894,30.12358],[-94.28904,30.12554],[-94.28878,30.12674],[-94.28778,30.12783],[-94.28755,30.12886],[-94.28684,30.12918],[-94.28464,30.12925],[-94.28378,30.12965],[-94.2827,30.12971],[-94.28247,30.13068],[-94.26345,30.13075],[-94.26214,30.12993],[-94.26073,30.12955],[-94.25901,30.1284]]]}},{"type":"Feature","properties":{"PRECINCT":"jefferson:26","COUNTY":"Jefferson"},"geometry":{"type":"Polygon","coordinates":[[[-94.2288,30.12273],[-94.22872,30.12057],[-94.22124,30.12078],[-94.22122,30.11459],[-94.2254,30.11442],[-94.22533,30.10406],[-94.22192,30.10335],[-94.21247,30.10468],[-94.21197,30.10492],[-94.21201,30.11356],[-94.2123,30.11472],[-94.19021,30.11489],[-94.18982,30.0957],[-94.18997,30.09122],[-94.18979,30.07662],[-94.21163,30.07648],[-94.21164,30.0751],[-94.20939,30.0653],[-94.20915,30.06532],[-94.20896,30.06498],[-94.2081,30.06084],[-94.20565,30.05737],[-94.20831,30.05738],[-94.20812,30.05404],[-94.20625,30.05399],[-94.20607,30.05008],[-94.20063,30.05018],[-94.1992,30.04808],[-94.19701,30.03838],[-94.18935,30.03845],[-94.18923,30.02381],[-94.19605,30.02376],[-94.19716,30.0247],[-94.19868,30.02538],[-94.20255,30.02633],[-94.20399,30.0276],[-94.20473,30.02902],[-94.20505,30.03206],[-94.20626,30.03426],[-94.20579,30.03585],[-94.20456,30.03734],[-94.20459,30.03834],[-94.2226,30.03825],[-94.22257,30.03388],[-94.22462,30.03384],[-94.22591,30.03346],[-94.22661,30.03189],[-94.22737,30.03128],[-94.22871,30.02954],[-94.23013,30.03042],[-94.23146,30.03163],[-94.23296,30.03372],[-94.23312,30.03817],[-94.23307,30.03375],[-94.23387,30.02357],[-94.25481,30.02346],[-94.25588,30.02365],[-94.25614,30.05694],[-94.25628,30.05729],[-94.25721,30.05784],[-94.25735,30.05813],[-94.25519,30.05842],[-94.25523,30.05872],[-94.26306,30.05775],[-94.26333,30.0812],[-94.26218,30.08282],[-94.26088,30.08299],[-94.26052,30.08358],[-94.26398,30.08451],[-94.26372,30.08592],[-94.26162,30.08867],[-94.25885,30.09167],[-94.24528,30.09965],[-94.244,30.10122],[-94.23852,30.1049],[-94.23853,30.10546],[-94.23948,30.10541],[-94.24155,30.10429],[-94.24294,30.10582],[-94.24399,30.10656],[-94.24269,30.109],[-94.24345,30.11076],[-94.25298,30.11063],[-94.25313,30.11435],[-94.23507,30.11434],[-94.23336,30.11951],[-94.2288,30.12273]]]}},{"type":"Feature","properties":{"PRECINCT":"jefferson:28","COUNTY":"Jefferson"},"geometry":{"type":"Polygon","coordinates":[[[-94.22229,30.02365],[-94.22206,30.00918],[-94.21903,30.00573],[-94.21606,30.00174],[-94.21678,29.99462],[-94.21669,29.99206],[-94.20364,29.98264],[-94.22277,29.96368],[-94.22847,29.95706],[-94.2508,29.926],[-94.26173,29.93048],[-94.26629,29.93154],[-94.27029,29.93168],[-94.28328,29.93143],[-94.28451,29.9311],[-94.2912,29.92782],[-94.29331,29.9275],[-94.3059,29.92823],[-94.31332,29.93008],[-94.31523,29.93109],[-94.31651,29.93253],[-94.32105,29.93981],[-94.30471,29.93972],[-94.30437,29.94009],[-94.30402,29.93971],[-94.30258,29.9397],[-94.3026,29.98312],[-94.2975,29.98319],[-94.29748,29.98484],[-94.2783,29.98509],[-94.27857,30.00072],[-94.29585,30.00058],[-94.29976,30.00026],[-94.29945,30.0043],[-94.29657,30.00438],[-94.29206,30.00868],[-94.28931,30.01087],[-94.28564,30.01217],[-94.25309,30.01116],[-94.25283,30.01378],[-94.25196,30.01398],[-94.25178,30.01503],[-94.25617,30.01584],[-94.25736,30.01649],[-94.2573,30.01742],[-94.25679,30.01834],[-94.25641,30.01848],[-94.25527,30.01803],[-94.25552,30.01944],[-94.25542,30.02347],[-94.22229,30.02365]]]}},{"type":"Feature","properties":{"PRECINCT":"jefferson:29","COUNTY":"Jefferson"},"geometry":{"type":"Polygon","coordinates":[[[-94.29662,29.89001],[-94.28907,29.88267],[-94.28887,29.87736],[-94.2863,29.87616],[-94.28973,29.87127],[-94.29109,29.86974],[-94.29229,29.86885],[-94.29122,29.8686],[-94.28858,29.86877],[-94.28517,29.86981],[-94.282,29.86952],[-94.27957,29.8682],[-94.27682,29.86729],[-94.27185,29.86406],[-94.27016,29.86341],[-94.2682,29.86337],[-94.26733,29.86203],[-94.26475,29.86181],[-94.25957,29.86055],[-94.258,29.86044],[-94.2575,29.86018],[-94.25621,29.86034],[-94.25573,29.85964],[-94.25498,29.85946],[-94.25397,29.85733],[-94.24955,29.85283],[-94.24804,29.85198],[-94.24667,29.85164],[-94.2452,29.85026],[-94.24482,29.84855],[-94.24526,29.84777],[-94.24531,29.84632],[-94.24469,29.84523],[-94.2447,29.84466],[-94.24376,29.8441],[-94.24318,29.84456],[-94.24276,29.84461],[-94.24222,29.84395],[-94.24248,29.84244],[-94.24157,29.8427],[-94.24068,29.84393],[-94.24004,29.84414],[-94.23905,29.84427],[-94.23667,29.84368],[-94.23583,29.84381],[-94.23547,29.84428],[-94.23509,29.84573],[-94.23423,29.84664],[-94.23285,29.84645],[-94.23004,29.84556],[-94.22779,29.84556],[-94.22623,29.84646],[-94.22517,29.8468],[-94.22335,29.84805],[-94.22155,29.84813],[-94.21992,29.8491],[-94.21828,29.84903],[-94.21748,29.84921],[-94.21676,29.84896],[-94.21585,29.84819],[-94.21385,29.8474],[-94.20966,29.84649],[-94.20762,29.84654],[-94.20634,29.84604],[-94.20575,29.84567],[-94.20572,29.84523],[-94.20627,29.84446],[-94.20646,29.84299],[-94.20539,29.84303],[-94.20486,29.84234],[-94.20354,29.84169],[-94.20305,29.84108],[-94.20204,29.84085],[-94.20188,29.84011],[-94.20118,29.83977],[-94.19978,29.8383],[-94.19861,29.83803],[-94.1967,29.83832],[-94.19645,29.8221],[-94.19559,29.82195],[-94.19545,29.82158],[-94.19538,29.80483],[-94.19499,29.79532],[-94.19495,29.77575],[-94.19462,29.77351],[-94.19429,29.76591],[-94.19411,29.75036],[-94.19039,29.75041],[-94.18888,29.75131],[-94.18827,29.75144],[-94.18598,29.75134],[-94.18371,29.75077],[-94.18388,29.74058],[-94.17036,29.74059],[-94.1702,29.73177],[-94.17036,29.73146],[-94.17123,29.7317],[-94.17168,29.73097],[-94.17131,29.73014],[-94.17054,29.72951],[-94.17032,29.72895],[-94.1697,29.68826],[-94.18191,29.6863],[-94.18603,29.6859],[-94.18947,29.68513],[-94.19139,29.68436],[-94.24099,29.6623],[-94.34232,29.61641],[-94.35395,29.61145],[-94.35546,29.72926],[-94.35785,29.87529],[-94.35785,29.88988],[-94.356,29.89062],[-94.35204,29.88998],[-94.34608,29.89109],[-94.34294,29.89144],[-94.34053,29.89233],[-94.33545,29.89001],[-94.32907,29.88932],[-94.32292,29.88757],[-94.30686,29.90066],[-94.30131,29.90124],[-94.3003,29.89949],[-94.30009,29.89682],[-94.2974,29.89392],[-94.29662,29.89001]]]}},{"type":"Feature","properties":{"PRECINCT":"jefferson:30","COUNTY":"Jefferson"},"geometry":{"type":"Polygon","coordinates":[[[-94.22892,29.917],[-94.18915,29.91737],[-94.18906,29.91243],[-94.18703,29.91201],[-94.18443,29.91283],[-94.18391,29.91156],[-94.18327,29.91129],[-94.18284,29.90956],[-94.19371,29.9041],[-94.1889,29.90382],[-94.18891,29.88349],[-94.19623,29.88232],[-94.19589,29.88055],[-94.19439,29.87823],[-94.19301,29.872],[-94.19138,29.86939],[-94.18811,29.86603],[-94.18746,29.86335],[-94.18968,29.86123],[-94.19088,29.86052],[-94.19126,29.85992],[-94.19139,29.85888],[-94.19032,29.85572],[-94.19104,29.85537],[-94.19023,29.85272],[-94.19038,29.85199],[-94.19116,29.85146],[-94.19384,29.85147],[-94.19479,29.85108],[-94.19586,29.85015],[-94.19606,29.84813],[-94.20152,29.84552],[-94.20314,29.84518],[-94.20485,29.84546],[-94.20762,29.84654],[-94.20966,29.84649],[-94.21385,29.8474],[-94.21585,29.84819],[-94.21676,29.84896],[-94.21748,29.84921],[-94.21828,29.84903],[-94.21963,29.84915],[-94.22155,29.84813],[-94.22335,29.84805],[-94.22517,29.8468],[-94.22623,29.84646],[-94.22779,29.84556],[-94.23004,29.84556],[-94.23285,29.84645],[-94.23423,29.84664],[-94.23509,29.84573],[-94.23547,29.84428],[-94.23583,29.84381],[-94.23667,29.84368],[-94.23905,29.84427],[-94.24004,29.84414],[-94.24068,29.84393],[-94.24157,29.8427],[-94.24248,29.84244],[-94.24222,29.84395],[-94.24276,29.84461],[-94.24318,29.84456],[-94.24376,29.8441],[-94.2447,29.84466],[-94.24469,29.84523],[-94.24531,29.84632],[-94.24526,29.84777],[-94.24482,29.84855],[-94.2452,29.85026],[-94.24667,29.85164],[-94.24804,29.85198],[-94.24955,29.85283],[-94.25397,29.85733],[-94.25498,29.85946],[-94.25573,29.85964],[-94.25621,29.86034],[-94.2575,29.86018],[-94.258,29.86044],[-94.25957,29.86055],[-94.26475,29.86181],[-94.26733,29.86203],[-94.2682,29.86337],[-94.27016,29.86341],[-94.27185,29.86406],[-94.27682,29.86729],[-94.27957,29.8682],[-94.282,29.86952],[-94.28517,29.86981],[-94.28858,29.86877],[-94.29122,29.8686],[-94.29229,29.86885],[-94.29109,29.86974],[-94.28973,29.87127],[-94.2863,29.87616],[-94.28887,29.87736],[-94.28907,29.88267],[-94.29662,29.89001],[-94.2974,29.89392],[-94.30009,29.89682],[-94.3003,29.89949],[-94.30131,29.90124],[-94.30686,29.90066],[-94.26884,29.93164],[-94.26585,29.93148],[-94.26284,29.93083],[-94.25267,29.92681],[-94.24591,29.92386],[-94.23773,29.91879],[-94.2363,29.91814],[-94.23445,29.91767],[-94.22892,29.917]]]}},{"type":"Feature","properties":{"PRECINCT":"jefferson:31","COUNTY":"Jefferson"},"geometry":{"type":"Polygon","coordinates":[[[-94.07045,29.95739],[-94.07039,29.95465],[-94.06342,29.95506],[-94.05588,29.95622],[-94.05328,29.95247],[-94.05343,29.95187],[-94.05233,29.95004],[-94.0506,29.94469],[-94.05059,29.94378],[-94.04916,29.94337],[-94.04888,29.91405],[-94.14006,29.91251],[-94.13959,29.88446],[-94.13921,29.88232],[-94.13812,29.88192],[-94.13591,29.87996],[-94.13618,29.87933],[-94.13745,29.87799],[-94.14435,29.87745],[-94.14635,29.87751],[-94.14666,29.87652],[-94.14374,29.87701],[-94.14212,29.87698],[-94.14138,29.87645],[-94.14112,29.87651],[-94.14082,29.87705],[-94.13641,29.87746],[-94.13658,29.87699],[-94.1361,29.8761],[-94.13471,29.87662],[-94.13293,29.87608],[-94.13235,29.87555],[-94.1323,29.87485],[-94.13093,29.87373],[-94.13107,29.87164],[-94.13163,29.8706],[-94.13268,29.86992],[-94.1355,29.86979],[-94.13505,29.84846],[-94.19657,29.83499],[-94.1967,29.83832],[-94.19861,29.83803],[-94.19978,29.8383],[-94.20118,29.83977],[-94.20188,29.84011],[-94.20204,29.84085],[-94.20305,29.84108],[-94.20354,29.84169],[-94.20486,29.84234],[-94.20539,29.84303],[-94.20646,29.84299],[-94.20656,29.84339],[-94.20627,29.84446],[-94.20572,29.84523],[-94.20575,29.84567],[-94.20314,29.84518],[-94.20152,29.84552],[-94.19606,29.84813],[-94.19586,29.85015],[-94.19479,29.85108],[-94.19384,29.85147],[-94.19116,29.85146],[-94.19038,29.85199],[-94.19023,29.85272],[-94.19104,29.85537],[-94.19032,29.85572],[-94.19139,29.85888],[-94.19126,29.85992],[-94.19088,29.86052],[-94.18968,29.86123],[-94.18746,29.86335],[-94.18811,29.86603],[-94.19138,29.86939],[-94.19301,29.872],[-94.19439,29.87823],[-94.19589,29.88055],[-94.19623,29.88232],[-94.18891,29.88349],[-94.1889,29.90382],[-94.19371,29.9041],[-94.18284,29.90956],[-94.18327,29.91129],[-94.18391,29.91156],[-94.18443,29.91283],[-94.18717,29.91201],[-94.18879,29.9123],[-94.18919,29.91265],[-94.18945,29.93267],[-94.18805,29.9342],[-94.18722,29.93346],[-94.18559,29.93275],[-94.18369,29.93272],[-94.18163,29.93219],[-94.18038,29.93216],[-94.16316,29.93572],[-94.16142,29.9378],[-94.15974,29.93924],[-94.1593,29.94013],[-94.1568,29.94176],[-94.15506,29.94459],[-94.15013,29.94825],[-94.14953,29.94957],[-94.14851,29.95031],[-94.14712,29.95056],[-94.14209,29.94685],[-94.14034,29.94505],[-94.13672,29.94368],[-94.13618,29.94382],[-94.13609,29.94154],[-94.13557,29.93989],[-94.13449,29.93836],[-94.13132,29.93689],[-94.12634,29.93575],[-94.125,29.93562],[-94.12289,29.93469],[-94.12202,29.93297],[-94.12193,29.92984],[-94.12174,29.92925],[-94.12121,29.92898],[-94.12028,29.92892],[-94.11562,29.92992],[-94.10997,29.929],[-94.10976,29.92929],[-94.10917,29.92928],[-94.10796,29.93255],[-94.10708,29.93298],[-94.10437,29.93361],[-94.10345,29.93331],[-94.10286,29.93208],[-94.10237,29.93213],[-94.10203,29.93264],[-94.10189,29.93221],[-94.10218,29.93177],[-94.1014,29.93136],[-94.09918,29.93154],[-94.09894,29.93179],[-94.09901,29.9322],[-94.09871,29.93226],[-94.09859,29.93149],[-94.09768,29.93144],[-94.09745,29.9307],[-94.09598,29.93355],[-94.09631,29.93516],[-94.09532,29.93608],[-94.09619,29.93829],[-94.0967,29.94247],[-94.09624,29.94375],[-94.09621,29.94748],[-94.09594,29.94809],[-94.09483,29.94922],[-94.095,29.95042],[-94.09388,29.95091],[-94.09254,29.95206],[-94.09207,29.95282],[-94.09208,29.95389],[-94.09078,29.95537],[-94.08922,29.95564],[-94.08745,29.95678],[-94.07413,29.95683],[-94.07303,29.95714],[-94.07118,29.95718],[-94.07045,29.95739]]]}},{"type":"Feature","properties":{"PRECINCT":"jefferson:32","COUNTY":"Jefferson"},"geometry":{"type":"Polygon","coordinates":[[[-93.98662,29.88303],[-93.96509,29.86785],[-93.96369,29.86706],[-93.96268,29.86608],[-93.95596,29.86129],[-93.94482,29.85374],[-93.94943,29.8485],[-93.95226,29.84281],[-93.95343,29.83509],[-93.95464,29.8308],[-93.95584,29.82902],[-93.95975,29.82457],[-93.96005,29.82102],[-93.95928,29.81742],[-93.9572,29.81157],[-93.95577,29.80842],[-93.95455,29.80638],[-93.95233,29.80347],[-93.94882,29.79201],[-93.94551,29.78363],[-93.94421,29.78111],[-93.94162,29.77799],[-93.93878,29.77503],[-93.93548,29.7724],[-93.93199,29.77056],[-93.92265,29.76696],[-93.89282,29.75687],[-93.89383,29.75303],[-93.8928,29.74713],[-93.89248,29.74612],[-93.8914,29.74431],[-93.88882,29.74223],[-93.88756,29.74209],[-93.88602,29.7414],[-93.87394,29.73777],[-93.87191,29.73692],[-93.87002,29.73548],[-93.86884,29.7338],[-93.86823,29.73215],[-93.8632,29.72406],[-93.8445,29.69964],[-93.83741,29.68989],[-93.83554,29.68566],[-93.8342,29.68107],[-93.83157,29.6699],[-93.83108,29.66688],[-93.82871,29.65954],[-93.81435,29.59658],[-93.82579,29.59583],[-93.83649,29.59684],[-93.84859,29.60026],[-93.85798,29.60509],[-93.86653,29.61183],[-93.87501,29.62143],[-93.90604,29.625],[-94.03356,29.625],[-94.12518,29.59556],[-94.25018,29.54676],[-94.25018,29.5476],[-94.35488,29.50633],[-94.35419,29.56107],[-94.35338,29.57484],[-94.35395,29.61145],[-94.34232,29.61641],[-94.24099,29.6623],[-94.19139,29.68436],[-94.18947,29.68513],[-94.18603,29.6859],[-94.18191,29.6863],[-94.16798,29.68843],[-94.16141,29.6895],[-94.15828,29.69029],[-94.15649,29.69171],[-94.1519,29.69391],[-94.14098,29.70144],[-94.13044,29.70888],[-94.12024,29.71665],[-94.1104,29.72335],[-94.1054,29.72707],[-94.08534,29.7402],[-94.08004,29.74396],[-94.07644,29.74706],[-94.06816,29.75218],[-94.04971,29.76528],[-94.05164,29.76685],[-94.06116,29.77594],[-94.05854,29.78239],[-94.05305,29.78521],[-94.05316,29.78566],[-94.05215,29.78602],[-94.05249,29.78691],[-94.0522,29.78735],[-94.05132,29.78797],[-94.05034,29.78828],[-94.04934,29.78914],[-94.0498,29.78929],[-94.05043,29.78997],[-94.05372,29.79223],[-94.05549,29.79188],[-94.05472,29.79106],[-94.05462,29.79074],[-94.05494,29.79067],[-94.05586,29.791],[-94.05616,29.79144],[-94.05737,29.79154],[-94.0557,29.79234],[-94.05387,29.79275],[-94.05406,29.79417],[-94.05328,29.79571],[-94.05267,29.79581],[-94.05105,29.79689],[-94.04984,29.79841],[-94.0495,29.79839],[-94.04722,29.79961],[-94.04589,29.80116],[-94.04527,29.80074],[-94.04427,29.80089],[-94.04435,29.80145],[-94.04385,29.80197],[-94.04386,29.80262],[-94.04263,29.80249],[-94.04184,29.80201],[-94.0413,29.80372],[-94.0415,29.80388],[-94.04102,29.80441],[-94.0402,29.80441],[-94.03884,29.8055],[-94.03819,29.80479],[-94.03758,29.80498],[-94.03789,29.80571],[-94.03875,29.80633],[-94.03993,29.80651],[-94.04085,29.8073],[-94.04098,29.80776],[-94.04057,29.80817],[-94.04124,29.80842],[-94.04113,29.80871],[-94.04069,29.80902],[-94.04004,29.809],[-94.03979,29.80866],[-94.03961,29.80884],[-94.04039,29.80989],[-94.04035,29.81049],[-94.04131,29.81036],[-94.04132,29.81075],[-94.04088,29.81067],[-94.04091,29.81133],[-94.04161,29.81114],[-94.04262,29.81177],[-94.0409,29.8126],[-94.04086,29.81289],[-94.04036,29.81309],[-94.04045,29.81332],[-94.04162,29.81321],[-94.04139,29.81377],[-94.0417,29.81382],[-94.04146,29.81452],[-94.04169,29.81469],[-94.0425,29.81388],[-94.04382,29.81396],[-94.044,29.81419],[-94.04322,29.81482],[-94.04227,29.81487],[-94.0415,29.81566],[-94.04252,29.8154],[-94.04283,29.81583],[-94.04312,29.81553],[-94.04343,29.81556],[-94.04388,29.81591],[-94.044,29.81648],[-94.04431,29.81638],[-94.04415,29.81665],[-94.04446,29.8171],[-94.04423,29.81715],[-94.04427,29.81741],[-94.04378,29.81747],[-94.0435,29.81793],[-94.04408,29.81822],[-94.04385,29.8188],[-94.04391,29.81819],[-94.04341,29.81792],[-94.04365,29.81722],[-94.04334,29.81711],[-94.04361,29.81699],[-94.04241,29.81615],[-94.04107,29.81669],[-94.04008,29.81674],[-94.04021,29.81728],[-94.04119,29.81725],[-94.04162,29.81752],[-94.04161,29.8178],[-94.04127,29.81804],[-94.04102,29.81788],[-94.04024,29.81801],[-94.04232,29.81967],[-94.04202,29.8204],[-94.04355,29.81916],[-94.04478,29.81929],[-94.04029,29.82347],[-94.04111,29.82406],[-94.04121,29.82441],[-94.04149,29.84965],[-94.03988,29.84999],[-94.03786,29.8496],[-94.03273,29.85153],[-94.03178,29.85342],[-94.03312,29.85479],[-94.03325,29.8572],[-94.03428,29.85891],[-94.03441,29.86051],[-94.03536,29.86141],[-94.03516,29.86204],[-94.03325,29.86386],[-94.03338,29.86476],[-94.03425,29.86558],[-94.03469,29.8665],[-94.03421,29.86768],[-94.03577,29.86833],[-94.03536,29.86904],[-94.03453,29.86935],[-94.03339,29.87028],[-94.03379,29.87062],[-94.03494,29.87087],[-94.03561,29.87165],[-94.03548,29.87324],[-94.03496,29.87407],[-94.03356,29.87532],[-94.03325,29.87605],[-94.03358,29.87622],[-94.03357,29.87726],[-94.03437,29.87779],[-94.03411,29.87896],[-94.03503,29.88007],[-94.03426,29.88075],[-94.03366,29.88081],[-94.03367,29.88211],[-94.03226,29.88142],[-94.02894,29.88243],[-94.02702,29.88424],[-94.0243,29.88356],[-94.01996,29.88338],[-94.01955,29.88327],[-94.01815,29.88186],[-94.01655,29.87974],[-94.01482,29.87834],[-94.01334,29.87639],[-94.01185,29.87871],[-94.00987,29.87982],[-94.00839,29.88006],[-94.00266,29.88027],[-93.99967,29.87986],[-93.99772,29.88142],[-93.99951,29.88344],[-93.99938,29.88428],[-93.99962,29.88523],[-93.98853,29.88383],[-93.98662,29.88303]]]}},{"type":"Feature","properties":{"PRECINCT":"jefferson:33","COUNTY":"Jefferson"},"geometry":{"type":"Polygon","coordinates":[[[-94.07551,29.96186],[-94.07205,29.96008],[-94.0706,29.9611],[-94.07049,29.9598],[-94.05169,29.9602],[-94.04997,29.96076],[-94.04719,29.96254],[-94.04854,29.96468],[-94.04819,29.96483],[-94.03891,29.94975],[-94.03419,29.94975],[-94.0301,29.954],[-94.03024,29.95377],[-94.02935,29.95441],[-94.03218,29.94852],[-94.02843,29.94393],[-94.03112,29.94133],[-94.03267,29.94055],[-94.02677,29.93119],[-94.02641,29.93099],[-94.02431,29.93104],[-94.02179,29.92317],[-94.01942,29.9194],[-94.01974,29.91906],[-94.00443,29.89464],[-94.00882,29.89246],[-94.01116,29.89425],[-94.01199,29.89343],[-94.01633,29.89654],[-94.01677,29.89662],[-94.01665,29.89111],[-94.02477,29.89091],[-94.02467,29.88775],[-94.03176,29.88853],[-94.03165,29.88627],[-94.02851,29.88562],[-94.02701,29.88561],[-94.02547,29.88482],[-94.01812,29.88334],[-94.01395,29.87865],[-94.0135,29.87893],[-94.0124,29.87764],[-94.01334,29.87639],[-94.01482,29.87834],[-94.01655,29.87974],[-94.01815,29.88186],[-94.01955,29.88327],[-94.02075,29.88348],[-94.0243,29.88356],[-94.02702,29.88424],[-94.02894,29.88243],[-94.03226,29.88142],[-94.03367,29.88211],[-94.03366,29.88117],[-94.03507,29.88085],[-94.04377,29.87962],[-94.04727,29.88061],[-94.05087,29.88215],[-94.05197,29.88302],[-94.05191,29.88686],[-94.05677,29.88604],[-94.05791,29.88889],[-94.06024,29.88943],[-94.06065,29.88994],[-94.06145,29.89178],[-94.06126,29.89353],[-94.06203,29.89425],[-94.06213,29.8947],[-94.06102,29.89498],[-94.06024,29.89569],[-94.06015,29.8964],[-94.05939,29.89619],[-94.05927,29.8969],[-94.05769,29.8976],[-94.05759,29.89681],[-94.05506,29.89729],[-94.05416,29.89871],[-94.05396,29.8997],[-94.05517,29.90191],[-94.05607,29.90199],[-94.05673,29.90163],[-94.05756,29.90189],[-94.05957,29.90398],[-94.05885,29.90649],[-94.0537,29.90908],[-94.0529,29.90855],[-94.05187,29.90857],[-94.04879,29.9078],[-94.04743,29.90853],[-94.04587,29.90827],[-94.04532,29.9086],[-94.04472,29.90938],[-94.04413,29.91069],[-94.04177,29.91419],[-94.04888,29.91405],[-94.04916,29.94337],[-94.05059,29.94378],[-94.0506,29.94469],[-94.05233,29.95004],[-94.05343,29.95187],[-94.05328,29.95247],[-94.05588,29.95622],[-94.06342,29.95506],[-94.07039,29.95465],[-94.07045,29.95739],[-94.07118,29.95718],[-94.07303,29.95714],[-94.07413,29.95683],[-94.08745,29.95678],[-94.08673,29.95751],[-94.08587,29.95949],[-94.08255,29.96122],[-94.08196,29.96223],[-94.08191,29.96299],[-94.08077,29.9639],[-94.08015,29.96484],[-94.07962,29.96631],[-94.07842,29.96619],[-94.07762,29.9656],[-94.07737,29.96463],[-94.07787,29.96359],[-94.07551,29.96186]]]}},{"type":"Feature","properties":{"PRECINCT":"jefferson:34","COUNTY":"Jefferson"},"geometry":{"type":"Polygon","coordinates":[[[-94.00701,29.93884],[-94.00771,29.93573],[-94.00621,29.93347],[-94.00605,29.93352],[-94.00402,29.92992],[-93.9854,29.91643],[-93.98481,29.91608],[-93.96627,29.91448],[-93.96239,29.91171],[-93.96212,29.91194],[-93.9618,29.91174],[-93.98804,29.88369],[-93.99962,29.88523],[-93.99938,29.88428],[-93.99951,29.88344],[-93.99772,29.88142],[-93.99967,29.87986],[-94.00266,29.88027],[-94.0091,29.88],[-94.01023,29.87967],[-94.01185,29.87871],[-94.0124,29.87764],[-94.0135,29.87893],[-94.01395,29.87865],[-94.01812,29.88334],[-94.02547,29.88482],[-94.02701,29.88561],[-94.02851,29.88562],[-94.03165,29.88627],[-94.03176,29.88853],[-94.02467,29.88775],[-94.02477,29.89091],[-94.01665,29.89111],[-94.01677,29.89662],[-94.01633,29.89654],[-94.01199,29.89343],[-94.01116,29.89425],[-94.00882,29.89246],[-94.00443,29.89464],[-94.01974,29.91906],[-94.01942,29.9194],[-94.02179,29.92317],[-94.02431,29.93104],[-94.02641,29.93099],[-94.02677,29.93119],[-94.03267,29.94055],[-94.03112,29.94133],[-94.02843,29.94393],[-94.02768,29.94301],[-94.02208,29.93948],[-94.01389,29.94368],[-94.00701,29.93884]]]}},{"type":"Feature","properties":{"PRECINCT":"jefferson:44","COUNTY":"Jefferson"},"geometry":{"type":"Polygon","coordinates":[[[-93.91767,29.92475],[-93.92655,29.91523],[-93.92781,29.91739],[-93.93144,29.92152],[-93.92413,29.92931],[-93.91767,29.92475]]]}},{"type":"Feature","properties":{"PRECINCT":"jefferson:45","COUNTY":"Jefferson"},"geometry":{"type":"Polygon","coordinates":[[[-93.93956,29.93063],[-93.93663,29.92745],[-93.93521,29.92897],[-93.93477,29.92865],[-93.93513,29.92821],[-93.93277,29.92653],[-93.93276,29.92597],[-93.93339,29.92525],[-93.93011,29.92294],[-93.93144,29.92152],[-93.92781,29.91739],[-93.92655,29.91523],[-93.92824,29.91341],[-93.93214,29.91644],[-93.93496,29.91343],[-93.9438,29.91976],[-93.94326,29.92032],[-93.94582,29.92215],[-93.94513,29.9229],[-93.94586,29.92341],[-93.94446,29.92494],[-93.94574,29.92606],[-93.93956,29.93063]]]}},{"type":"Feature","properties":{"PRECINCT":"jefferson:46","COUNTY":"Jefferson"},"geometry":{"type":"Polygon","coordinates":[[[-93.9438,29.91976],[-93.93496,29.91343],[-93.93214,29.91644],[-93.92824,29.91341],[-93.92954,29.91202],[-93.92869,29.91142],[-93.93573,29.90382],[-93.94676,29.91166],[-93.95534,29.91847],[-93.95332,29.92036],[-93.94574,29.92606],[-93.94446,29.92494],[-93.94586,29.92341],[-93.94513,29.9229],[-93.94582,29.92215],[-93.94326,29.92032],[-93.9438,29.91976]]]}},{"type":"Feature","properties":{"PRECINCT":"jefferson:47","COUNTY":"Jefferson"},"geometry":{"type":"Polygon","coordinates":[[[-93.90581,29.92597],[-93.92177,29.90885],[-93.92616,29.91193],[-93.92654,29.90972],[-93.92809,29.90596],[-93.93208,29.90123],[-93.93573,29.90382],[-93.92869,29.91142],[-93.92954,29.91202],[-93.91241,29.93038],[-93.90634,29.92614],[-93.90581,29.92597]]]}},{"type":"Feature","properties":{"PRECINCT":"jefferson:48","COUNTY":"Jefferson"},"geometry":{"type":"Polygon","coordinates":[[[-93.89001,29.91457],[-93.89549,29.90895],[-93.89828,29.9109],[-93.90059,29.90844],[-93.90303,29.91017],[-93.90368,29.90947],[-93.90774,29.91235],[-93.89931,29.92139],[-93.89758,29.92012],[-93.89667,29.9191],[-93.89001,29.91457]]]}},{"type":"Feature","properties":{"PRECINCT":"jefferson:49","COUNTY":"Jefferson"},"geometry":{"type":"Polygon","coordinates":[[[-93.90774,29.91235],[-93.90368,29.90947],[-93.90303,29.91017],[-93.90141,29.90902],[-93.90401,29.90624],[-93.90563,29.90738],[-93.91125,29.90137],[-93.91529,29.90425],[-93.90774,29.91235]]]}},{"type":"Feature","properties":{"PRECINCT":"jefferson:50","COUNTY":"Jefferson"},"geometry":{"type":"Polygon","coordinates":[[[-93.89828,29.9109],[-93.89529,29.909],[-93.89897,29.90499],[-93.90038,29.90297],[-93.91098,29.89359],[-93.9131,29.89135],[-93.91511,29.8928],[-93.915,29.89291],[-93.92575,29.90053],[-93.91948,29.90723],[-93.91125,29.90137],[-93.90563,29.90738],[-93.90401,29.90624],[-93.90141,29.90902],[-93.90059,29.90844],[-93.89828,29.9109]]]}},{"type":"Feature","properties":{"PRECINCT":"jefferson:51","COUNTY":"Jefferson"},"geometry":{"type":"Polygon","coordinates":[[[-93.92616,29.91193],[-93.92177,29.90885],[-93.92032,29.91039],[-93.91388,29.90578],[-93.91529,29.90425],[-93.91948,29.90723],[-93.92867,29.89741],[-93.93296,29.90043],[-93.92996,29.90356],[-93.92809,29.90596],[-93.92654,29.90972],[-93.92616,29.91193]]]}},{"type":"Feature","properties":{"PRECINCT":"jefferson:52","COUNTY":"Jefferson"},"geometry":{"type":"Polygon","coordinates":[[[-93.92515,29.89492],[-93.93252,29.88703],[-93.93603,29.88952],[-93.92867,29.89741],[-93.92515,29.89492]]]}},{"type":"Feature","properties":{"PRECINCT":"jefferson:53","COUNTY":"Jefferson"},"geometry":{"type":"Polygon","coordinates":[[[-93.91427,29.88871],[-93.92167,29.88071],[-93.92452,29.88267],[-93.92525,29.8819],[-93.93252,29.88703],[-93.92515,29.89492],[-93.92867,29.89741],[-93.92575,29.90053],[-93.915,29.89291],[-93.91511,29.8928],[-93.9131,29.89135],[-93.91508,29.88915],[-93.91427,29.88871]]]}},{"type":"Feature","properties":{"PRECINCT":"jefferson:54","COUNTY":"Jefferson"},"geometry":{"type":"Polygon","coordinates":[[[-93.93252,29.88703],[-93.92525,29.8819],[-93.92452,29.88267],[-93.92167,29.88071],[-93.92991,29.87168],[-93.93141,29.86973],[-93.93129,29.86964],[-93.93377,29.86546],[-93.93553,29.86663],[-93.93405,29.86818],[-93.93325,29.86975],[-93.93189,29.87054],[-93.93325,29.87162],[-93.93177,29.87321],[-93.93982,29.87891],[-93.93528,29.88377],[-93.93416,29.88328],[-93.9333,29.88366],[-93.93322,29.88454],[-93.9341,29.88533],[-93.93252,29.88703]]]}},{"type":"Feature","properties":{"PRECINCT":"jefferson:55","COUNTY":"Jefferson"},"geometry":{"type":"Polygon","coordinates":[[[-93.93315,29.8842],[-93.9333,29.88366],[-93.93398,29.88331],[-93.93445,29.88331],[-93.93528,29.88377],[-93.94203,29.87654],[-93.94482,29.87852],[-93.93589,29.8881],[-93.93677,29.88873],[-93.93603,29.88952],[-93.93252,29.88703],[-93.9341,29.88533],[-93.93341,29.88482],[-93.93315,29.8842]]]}},{"type":"Feature","properties":{"PRECINCT":"jefferson:57","COUNTY":"Jefferson"},"geometry":{"type":"Polygon","coordinates":[[[-93.93434,29.86447],[-93.9446,29.85359],[-93.95596,29.86129],[-93.94509,29.87341],[-93.93982,29.87891],[-93.93177,29.87321],[-93.93325,29.87162],[-93.93189,29.87054],[-93.93325,29.86975],[-93.93405,29.86818],[-93.93553,29.86663],[-93.93377,29.86546],[-93.93434,29.86447]]]}},{"type":"Feature","properties":{"PRECINCT":"jefferson:58","COUNTY":"Jefferson"},"geometry":{"type":"Polygon","coordinates":[[[-93.89079,29.76087],[-93.89282,29.75687],[-93.89891,29.75883],[-93.92265,29.76696],[-93.93199,29.77056],[-93.93548,29.7724],[-93.93878,29.77503],[-93.94162,29.77799],[-93.94421,29.78111],[-93.94551,29.78363],[-93.94882,29.79201],[-93.95233,29.80347],[-93.95455,29.80638],[-93.95577,29.80842],[-93.9572,29.81157],[-93.95928,29.81742],[-93.96005,29.82102],[-93.95975,29.82457],[-93.95584,29.82902],[-93.95464,29.8308],[-93.95343,29.83509],[-93.95226,29.84281],[-93.94943,29.8485],[-93.94482,29.85374],[-93.93199,29.84402],[-93.91127,29.82912],[-93.91636,29.82497],[-93.92274,29.81881],[-93.92572,29.81474],[-93.92799,29.80964],[-93.92921,29.80295],[-93.92881,29.79708],[-93.9265,29.78956],[-93.92241,29.78505],[-93.89847,29.77158],[-93.89386,29.76729],[-93.89225,29.76524],[-93.89082,29.76167],[-93.89079,29.76087]]]}},{"type":"Feature","properties":{"PRECINCT":"jefferson:59","COUNTY":"Jefferson"},"geometry":{"type":"Polygon","coordinates":[[[-93.93967,29.88405],[-93.94482,29.87852],[-93.94203,29.87654],[-93.95003,29.86798],[-93.95182,29.8695],[-93.95531,29.86576],[-93.95713,29.86697],[-93.95777,29.87378],[-93.95738,29.87428],[-93.95659,29.87375],[-93.95522,29.87522],[-93.95616,29.87584],[-93.95509,29.87713],[-93.95677,29.87851],[-93.95647,29.87891],[-93.95919,29.88058],[-93.95756,29.88228],[-93.95507,29.88049],[-93.95481,29.88069],[-93.95282,29.87938],[-93.94497,29.88782],[-93.93967,29.88405]]]}},{"type":"Feature","properties":{"PRECINCT":"jefferson:66","COUNTY":"Jefferson"},"geometry":{"type":"Polygon","coordinates":[[[-94.21316,30.18207],[-94.21318,30.16655],[-94.21295,30.16384],[-94.21256,30.11581],[-94.21201,30.11356],[-94.21197,30.10492],[-94.21247,30.10468],[-94.22192,30.10335],[-94.22533,30.10406],[-94.2254,30.11442],[-94.22122,30.11459],[-94.22124,30.12078],[-94.22872,30.12057],[-94.2288,30.12273],[-94.23336,30.11951],[-94.23507,30.11434],[-94.25313,30.11435],[-94.25353,30.12488],[-94.25816,30.12459],[-94.25846,30.12537],[-94.25866,30.12761],[-94.25901,30.1284],[-94.26073,30.12955],[-94.26214,30.12993],[-94.26345,30.13075],[-94.28256,30.13064],[-94.28211,30.13139],[-94.28247,30.13217],[-94.28178,30.13253],[-94.28117,30.13252],[-94.28042,30.13134],[-94.27989,30.13133],[-94.27934,30.13167],[-94.27919,30.13226],[-94.27997,30.13303],[-94.28005,30.13347],[-94.27945,30.13415],[-94.27952,30.13478],[-94.27863,30.13541],[-94.27838,30.13705],[-94.27936,30.13748],[-94.27926,30.13883],[-94.27892,30.13909],[-94.27814,30.13907],[-94.27767,30.13971],[-94.27696,30.13978],[-94.27652,30.14009],[-94.27757,30.14185],[-94.27871,30.1417],[-94.27907,30.14193],[-94.27923,30.14328],[-94.27903,30.14351],[-94.27741,30.14371],[-94.27732,30.14541],[-94.2779,30.14557],[-94.27811,30.14591],[-94.27727,30.14589],[-94.27652,30.14656],[-94.27645,30.14695],[-94.27725,30.14753],[-94.27829,30.1492],[-94.27888,30.14895],[-94.27907,30.14906],[-94.27881,30.15053],[-94.27966,30.15097],[-94.27993,30.15142],[-94.27959,30.15208],[-94.27877,30.15278],[-94.27934,30.15367],[-94.27933,30.15401],[-94.27849,30.15584],[-94.27882,30.15737],[-94.27922,30.15778],[-94.27923,30.15815],[-94.27813,30.15846],[-94.27939,30.16022],[-94.27869,30.16022],[-94.27794,30.16055],[-94.27773,30.16148],[-94.27831,30.1625],[-94.27882,30.16266],[-94.27889,30.16294],[-94.2779,30.16351],[-94.27813,30.164],[-94.27743,30.16481],[-94.27792,30.16589],[-94.27751,30.16669],[-94.2776,30.16728],[-94.27778,30.1673],[-94.27683,30.1675],[-94.27712,30.16814],[-94.27601,30.16887],[-94.27596,30.16971],[-94.27545,30.17027],[-94.27417,30.17055],[-94.27184,30.16981],[-94.27159,30.16993],[-94.27119,30.17095],[-94.27089,30.17103],[-94.27051,30.17078],[-94.27009,30.16952],[-94.26784,30.16806],[-94.26756,30.16803],[-94.26632,30.16917],[-94.26578,30.16932],[-94.2653,30.16897],[-94.2658,30.16834],[-94.26643,30.16808],[-94.26631,30.16758],[-94.26578,30.16754],[-94.26503,30.16818],[-94.26447,30.16809],[-94.26391,30.16861],[-94.26359,30.16839],[-94.26392,30.16774],[-94.26326,30.1678],[-94.26238,30.16846],[-94.26105,30.16743],[-94.26055,30.16731],[-94.26021,30.16754],[-94.26025,30.16809],[-94.25991,30.16888],[-94.25851,30.1699],[-94.25854,30.17125],[-94.25818,30.17162],[-94.25483,30.17263],[-94.25442,30.17238],[-94.25431,30.17154],[-94.25502,30.17104],[-94.25496,30.17069],[-94.2536,30.17014],[-94.25309,30.17018],[-94.25264,30.17052],[-94.25221,30.17044],[-94.25252,30.16975],[-94.25398,30.16911],[-94.2539,30.1686],[-94.2534,30.16817],[-94.25272,30.16804],[-94.25184,30.16823],[-94.25154,30.16753],[-94.251,30.16728],[-94.25009,30.16817],[-94.24955,30.16827],[-94.24975,30.16684],[-94.24845,30.16656],[-94.24775,30.16719],[-94.24677,30.16758],[-94.24655,30.16797],[-94.24571,30.16763],[-94.2456,30.1681],[-94.24595,30.16885],[-94.24488,30.16911],[-94.24408,30.16877],[-94.24402,30.16792],[-94.24279,30.16777],[-94.24226,30.16734],[-94.2418,30.16618],[-94.24127,30.16559],[-94.24033,30.16557],[-94.23804,30.16629],[-94.2379,30.16488],[-94.23717,30.16466],[-94.23493,30.16594],[-94.23486,30.16626],[-94.23547,30.16648],[-94.23558,30.16691],[-94.23506,30.1682],[-94.23549,30.16871],[-94.23492,30.16967],[-94.23415,30.16935],[-94.23139,30.16887],[-94.23104,30.16896],[-94.23077,30.16934],[-94.23119,30.16996],[-94.23126,30.17053],[-94.23048,30.17056],[-94.23011,30.17035],[-94.22978,30.17052],[-94.22985,30.17088],[-94.23023,30.17113],[-94.23205,30.17138],[-94.23127,30.17255],[-94.22936,30.17229],[-94.22844,30.17267],[-94.22753,30.1727],[-94.22719,30.17338],[-94.22647,30.17371],[-94.22655,30.17358],[-94.22559,30.17324],[-94.22523,30.17285],[-94.22397,30.1736],[-94.22345,30.17366],[-94.22358,30.17268],[-94.22316,30.17201],[-94.22274,30.17162],[-94.22141,30.17122],[-94.22093,30.17067],[-94.2202,30.17159],[-94.21942,30.17339],[-94.21914,30.17346],[-94.2185,30.1731],[-94.21808,30.17337],[-94.21856,30.17448],[-94.22054,30.17663],[-94.22044,30.17721],[-94.21882,30.17735],[-94.21873,30.17656],[-94.21931,30.17627],[-94.2194,30.1759],[-94.21932,30.17567],[-94.21872,30.17569],[-94.21818,30.17626],[-94.21742,30.17839],[-94.21757,30.17894],[-94.21864,30.17853],[-94.21871,30.17938],[-94.21848,30.18006],[-94.21783,30.1804],[-94.21604,30.18037],[-94.21572,30.18065],[-94.21616,30.18148],[-94.21583,30.18192],[-94.21549,30.18193],[-94.21519,30.18146],[-94.21445,30.18129],[-94.21388,30.18144],[-94.21361,30.1819],[-94.21316,30.18207]]]}},{"type":"Feature","properties":{"PRECINCT":"jefferson:80","COUNTY":"Jefferson"},"geometry":{"type":"Polygon","coordinates":[[[-94.04501,29.90906],[-94.04587,29.90827],[-94.04743,29.90853],[-94.04869,29.90779],[-94.05187,29.90857],[-94.0529,29.90855],[-94.0537,29.90908],[-94.05885,29.90649],[-94.05957,29.90398],[-94.05756,29.90189],[-94.05673,29.90163],[-94.05607,29.90199],[-94.05517,29.90191],[-94.05396,29.8997],[-94.05416,29.89871],[-94.05506,29.89729],[-94.05759,29.89681],[-94.05769,29.8976],[-94.05927,29.8969],[-94.05939,29.89619],[-94.06015,29.8964],[-94.06024,29.89569],[-94.06102,29.89498],[-94.06217,29.8946],[-94.06126,29.89353],[-94.06145,29.89178],[-94.06065,29.88994],[-94.06024,29.88943],[-94.05791,29.88889],[-94.05677,29.88604],[-94.05191,29.88686],[-94.05197,29.88302],[-94.05087,29.88215],[-94.07977,29.86195],[-94.0825,29.86041],[-94.08608,29.85918],[-94.13505,29.84846],[-94.1355,29.86979],[-94.13268,29.86992],[-94.13163,29.8706],[-94.13107,29.87164],[-94.13093,29.87373],[-94.1323,29.87485],[-94.13235,29.87555],[-94.13293,29.87608],[-94.13471,29.87662],[-94.1361,29.8761],[-94.13658,29.87699],[-94.13641,29.87746],[-94.14082,29.87705],[-94.14112,29.87651],[-94.14138,29.87645],[-94.14212,29.87698],[-94.14374,29.87701],[-94.14666,29.87652],[-94.14635,29.87751],[-94.14435,29.87745],[-94.13745,29.87799],[-94.13618,29.87933],[-94.13591,29.87996],[-94.13812,29.88192],[-94.13921,29.88232],[-94.13959,29.88446],[-94.14006,29.91251],[-94.04177,29.91419],[-94.04501,29.90906]]]}},{"type":"Feature","properties":{"PRECINCT":"jefferson:81","COUNTY":"Jefferson"},"geometry":{"type":"Polygon","coordinates":[[[-93.93589,29.8881],[-93.93967,29.88405],[-93.94497,29.88782],[-93.93296,29.90043],[-93.92867,29.89741],[-93.93677,29.88873],[-93.93589,29.8881]]]}},{"type":"Feature","properties":{"PRECINCT":"jefferson:90","COUNTY":"Jefferson"},"geometry":{"type":"Polygon","coordinates":[[[-94.20473,30.02902],[-94.2041,30.02773],[-94.20255,30.02633],[-94.19868,30.02538],[-94.19716,30.0247],[-94.19605,30.02376],[-94.23387,30.02357],[-94.23307,30.03375],[-94.23312,30.03817],[-94.23296,30.03372],[-94.23146,30.03163],[-94.23013,30.03042],[-94.22871,30.02954],[-94.22737,30.03128],[-94.22661,30.03189],[-94.22591,30.03346],[-94.22462,30.03384],[-94.22257,30.03388],[-94.2226,30.03825],[-94.20459,30.03834],[-94.20456,30.03734],[-94.20579,30.03585],[-94.20626,30.03426],[-94.20505,30.03206],[-94.20473,30.02902]]]}},{"type":"Feature","properties":{"PRECINCT":"jefferson:91","COUNTY":"Jefferson"},"geometry":{"type":"Polygon","coordinates":[[[-94.27857,30.00072],[-94.2783,29.98509],[-94.29748,29.98484],[-94.2975,29.98319],[-94.3026,29.98312],[-94.30258,29.9397],[-94.30402,29.93971],[-94.30437,29.94009],[-94.30471,29.93972],[-94.32105,29.93981],[-94.31651,29.93253],[-94.31523,29.93109],[-94.31332,29.93008],[-94.3059,29.92823],[-94.2926,29.92754],[-94.29059,29.92806],[-94.28451,29.9311],[-94.28328,29.93143],[-94.26884,29.93164],[-94.32292,29.88757],[-94.32907,29.88932],[-94.33545,29.89001],[-94.34053,29.89233],[-94.34294,29.89144],[-94.34608,29.89109],[-94.35204,29.88998],[-94.35578,29.89062],[-94.35664,29.89049],[-94.35785,29.88988],[-94.35798,29.88746],[-94.39193,29.88744],[-94.4422,29.88705],[-94.44381,29.98179],[-94.44181,29.98157],[-94.44108,29.98192],[-94.43926,29.9823],[-94.43679,29.98205],[-94.43457,29.98079],[-94.43394,29.9801],[-94.43204,29.97955],[-94.43118,29.9799],[-94.43089,29.98041],[-94.43013,29.98077],[-94.4289,29.98105],[-94.42759,29.98093],[-94.42697,29.98124],[-94.42665,29.98094],[-94.42589,29.98077],[-94.42551,29.98113],[-94.42269,29.98172],[-94.42186,29.9821],[-94.4175,29.9824],[-94.41241,29.98414],[-94.40872,29.98353],[-94.40744,29.98382],[-94.40614,29.98375],[-94.40393,29.98456],[-94.40239,29.98447],[-94.40116,29.98405],[-94.39987,29.98484],[-94.39775,29.98504],[-94.39487,29.98565],[-94.39295,29.98565],[-94.39145,29.98633],[-94.38939,29.98651],[-94.3857,29.98649],[-94.38425,29.98581],[-94.38074,29.98752],[-94.37934,29.98791],[-94.37582,29.98726],[-94.37301,29.98723],[-94.36986,29.98554],[-94.36991,29.98622],[-94.37076,29.98658],[-94.37091,29.98698],[-94.37096,30.00074],[-94.30555,30.00134],[-94.3036,30.0012],[-94.30041,30.00033],[-94.29905,30.00023],[-94.29585,30.00058],[-94.27857,30.00072]]]}},{"type":"Feature","properties":{"PRECINCT":"jefferson:92","COUNTY":"Jefferson"},"geometry":{"type":"Polygon","coordinates":[[[-94.16859,30.01722],[-94.1839,30.00211],[-94.15567,30.00213],[-94.15507,30.00232],[-94.15359,30.00195],[-94.15239,30.00036],[-94.14994,29.99875],[-94.14719,29.99838],[-94.14639,29.99753],[-94.14422,29.99708],[-94.13968,29.99507],[-94.1381,29.99423],[-94.13294,29.99052],[-94.1289,29.99102],[-94.12581,29.99103],[-94.125,29.99046],[-94.12386,29.98803],[-94.1242,29.97729],[-94.12315,29.97522],[-94.1227,29.97377],[-94.1229,29.97044],[-94.12406,29.96707],[-94.12408,29.96545],[-94.12453,29.96439],[-94.12564,29.963],[-94.12541,29.9615],[-94.12586,29.96041],[-94.12676,29.95939],[-94.12782,29.95737],[-94.12942,29.95594],[-94.13064,29.95199],[-94.13197,29.94871],[-94.13359,29.94664],[-94.13495,29.94559],[-94.13618,29.94382],[-94.13672,29.94368],[-94.14034,29.94505],[-94.14209,29.94685],[-94.14712,29.95056],[-94.14851,29.95031],[-94.14953,29.94957],[-94.15013,29.94825],[-94.15506,29.94459],[-94.1568,29.94176],[-94.1593,29.94013],[-94.15974,29.93924],[-94.16142,29.9378],[-94.16316,29.93572],[-94.18038,29.93216],[-94.18163,29.93219],[-94.18369,29.93272],[-94.18559,29.93275],[-94.18722,29.93346],[-94.18805,29.9342],[-94.18945,29.93267],[-94.18915,29.91737],[-94.21687,29.91709],[-94.21725,29.91875],[-94.21939,29.92205],[-94.2228,29.92405],[-94.22407,29.92445],[-94.22471,29.92507],[-94.2261,29.92656],[-94.22649,29.9275],[-94.22693,29.92773],[-94.22927,29.93103],[-94.23149,29.93306],[-94.23209,29.93499],[-94.23325,29.93468],[-94.23636,29.93219],[-94.2374,29.93176],[-94.24035,29.93194],[-94.24317,29.93147],[-94.24371,29.93197],[-94.24516,29.93215],[-94.2461,29.93257],[-94.22947,29.9558],[-94.22508,29.96108],[-94.22277,29.96368],[-94.20364,29.98264],[-94.21669,29.99206],[-94.21678,29.99457],[-94.21609,30.00185],[-94.22209,30.0093],[-94.22229,30.02365],[-94.18923,30.02381],[-94.16859,30.01722]]]}},{"type":"Feature","properties":{"PRECINCT":"jefferson:93","COUNTY":"Jefferson"},"geometry":{"type":"Polygon","coordinates":[[[-93.90478,29.91552],[-93.91388,29.90578],[-93.92032,29.91039],[-93.91125,29.9201],[-93.90478,29.91552]]]}},{"type":"Feature","properties":{"PRECINCT":"jefferson:96","COUNTY":"Jefferson"},"geometry":{"type":"Polygon","coordinates":[[[-93.95271,29.91637],[-93.94676,29.91166],[-93.93208,29.90123],[-93.94497,29.88782],[-93.96849,29.90459],[-93.95828,29.91554],[-93.95667,29.91648],[-93.95564,29.9163],[-93.95271,29.91637]]]}},{"type":"Feature","properties":{"PRECINCT":"jefferson:97","COUNTY":"Jefferson"},"geometry":{"type":"Polygon","coordinates":[[[-93.94497,29.88782],[-93.95282,29.87938],[-93.95481,29.88069],[-93.95507,29.88049],[-93.95756,29.88228],[-93.95919,29.88058],[-93.95647,29.87891],[-93.95677,29.87851],[-93.95509,29.87713],[-93.95616,29.87584],[-93.95522,29.87522],[-93.95659,29.87375],[-93.95738,29.87428],[-93.95777,29.87378],[-93.95713,29.86697],[-93.95531,29.86576],[-93.95182,29.8695],[-93.95003,29.86798],[-93.95596,29.86129],[-93.96268,29.86608],[-93.96369,29.86706],[-93.96509,29.86785],[-93.98547,29.88229],[-93.98804,29.88369],[-93.96849,29.90459],[-93.94497,29.88782]]]}},{"type":"Feature","properties":{"PRECINCT":"montgomery:1","COUNTY":"Montgomery"},"geometry":{"type":"Polygon","coordinates":[[[-95.45848,30.42934],[-95.45671,30.42918],[-95.45505,30.4287],[-95.45246,30.42939],[-95.45148,30.42939],[-95.44794,30.42825],[-95.44759,30.42806],[-95.44749,30.42768],[-95.47182,30.42204],[-95.47102,30.42192],[-95.47087,30.42157],[-95.47124,30.4214],[-95.47049,30.41899],[-95.46823,30.41783],[-95.46802,30.41754],[-95.46718,30.41398],[-95.46645,30.41275],[-95.46465,30.41126],[-95.46383,30.4109],[-95.46217,30.41092],[-95.46164,30.41117],[-95.45765,30.4117],[-95.45646,30.41081],[-95.45511,30.41092],[-95.4545,30.4107],[-95.45371,30.40971],[-95.45365,30.40799],[-95.45104,30.40582],[-95.45146,30.40429],[-95.45254,30.40357],[-95.45219,30.3998],[-95.4528,30.39817],[-95.45272,30.39679],[-95.45238,30.39636],[-95.4524,30.39526],[-95.45227,30.39483],[-95.45121,30.39389],[-95.45018,30.39393],[-95.44986,30.39368],[-95.4502,30.39183],[-95.44986,30.39148],[-95.44986,30.39061],[-95.44938,30.39029],[-95.44812,30.39004],[-95.44761,30.3884],[-95.46227,30.37263],[-95.46235,30.3729],[-95.4701,30.37891],[-95.47544,30.37051],[-95.47714,30.36897],[-95.47777,30.36901],[-95.47641,30.36492],[-95.48529,30.36688],[-95.48623,30.37813],[-95.48722,30.40404],[-95.48799,30.40799],[-95.49196,30.42106],[-95.47973,30.42401],[-95.48005,30.42498],[-95.47846,30.4254],[-95.47654,30.42674],[-95.47236,30.42789],[-95.46235,30.4322],[-95.46177,30.43038],[-95.45848,30.42934]]]}},{"type":"Feature","properties":{"PRECINCT":"montgomery:10","COUNTY":"Montgomery"},"geometry":{"type":"Polygon","coordinates":[[[-95.43934,30.29404],[-95.45592,30.28976],[-95.45582,30.31217],[-95.45496,30.31224],[-95.44952,30.31452],[-95.44285,30.31527],[-95.43719,30.31742],[-95.43506,30.31129],[-95.4327,30.30621],[-95.42992,30.296],[-95.43934,30.29404]]]}},{"type":"Feature","properties":{"PRECINCT":"montgomery:100","COUNTY":"Montgomery"},"geometry":{"type":"Polygon","coordinates":[[[-95.36375,30.13598],[-95.36264,30.13609],[-95.3609,30.13758],[-95.35866,30.13714],[-95.35666,30.13801],[-95.35555,30.13808],[-95.35508,30.13831],[-95.3531,30.13822],[-95.35144,30.13875],[-95.35004,30.13776],[-95.34918,30.13682],[-95.34725,30.13595],[-95.34588,30.13451],[-95.34575,30.13403],[-95.34528,30.13373],[-95.34425,30.13391],[-95.34172,30.13377],[-95.3399,30.13327],[-95.33845,30.13348],[-95.33787,30.13281],[-95.33624,30.1324],[-95.33307,30.13272],[-95.3322,30.13235],[-95.33099,30.13123],[-95.32954,30.12871],[-95.32897,30.12523],[-95.32794,30.12252],[-95.32857,30.11936],[-95.32818,30.11835],[-95.32707,30.11751],[-95.32491,30.11712],[-95.32306,30.11863],[-95.32238,30.11888],[-95.32133,30.11879],[-95.32022,30.11794],[-95.31983,30.1153],[-95.3193,30.11386],[-95.31811,30.11306],[-95.31482,30.11216],[-95.31429,30.11164],[-95.31411,30.11102],[-95.31467,30.10784],[-95.31475,30.10153],[-95.31409,30.09979],[-95.31338,30.09908],[-95.31156,30.09798],[-95.31104,30.09677],[-95.31117,30.09576],[-95.31172,30.09448],[-95.31407,30.09273],[-95.31474,30.0918],[-95.31475,30.09118],[-95.31315,30.08993],[-95.31022,30.08978],[-95.30806,30.08919],[-95.30743,30.08846],[-95.30722,30.08778],[-95.3074,30.08675],[-95.30714,30.08599],[-95.30641,30.08536],[-95.30404,30.08514],[-95.30033,30.08583],[-95.29928,30.08575],[-95.29745,30.08475],[-95.29483,30.08185],[-95.29384,30.08146],[-95.28833,30.08033],[-95.28505,30.07856],[-95.28198,30.07794],[-95.28052,30.07699],[-95.28027,30.0748],[-95.28181,30.07196],[-95.28196,30.07112],[-95.2818,30.07051],[-95.28104,30.06961],[-95.27791,30.06729],[-95.27648,30.06343],[-95.27447,30.06012],[-95.27295,30.0567],[-95.27067,30.04933],[-95.26938,30.04778],[-95.26896,30.04646],[-95.26898,30.04494],[-95.27103,30.04294],[-95.27132,30.04244],[-95.27133,30.04168],[-95.27105,30.04117],[-95.26975,30.04016],[-95.2667,30.03976],[-95.26554,30.03887],[-95.26383,30.0352],[-95.26368,30.03252],[-95.26401,30.03222],[-95.26461,30.03232],[-95.26823,30.03193],[-95.2713,30.03251],[-95.27277,30.03253],[-95.27844,30.03101],[-95.28295,30.03059],[-95.28706,30.0289],[-95.29268,30.02776],[-95.29291,30.02775],[-95.29371,30.02949],[-95.29412,30.02983],[-95.29722,30.03137],[-95.29993,30.03219],[-95.30274,30.03215],[-95.30435,30.0298],[-95.30472,30.02963],[-95.3056,30.02977],[-95.308,30.03191],[-95.31099,30.03289],[-95.31256,30.0351],[-95.31277,30.03682],[-95.31202,30.04044],[-95.31128,30.04231],[-95.30976,30.04326],[-95.30941,30.04366],[-95.30924,30.04458],[-95.30975,30.04589],[-95.31139,30.04698],[-95.31234,30.04807],[-95.31324,30.05078],[-95.31595,30.05384],[-95.31657,30.05419],[-95.31783,30.05415],[-95.31977,30.05272],[-95.32117,30.05284],[-95.32182,30.05315],[-95.32295,30.0546],[-95.32374,30.05623],[-95.32703,30.05804],[-95.328,30.05975],[-95.32809,30.0613],[-95.32878,30.06222],[-95.33287,30.06342],[-95.33543,30.06282],[-95.3363,30.06281],[-95.33711,30.06315],[-95.33757,30.06382],[-95.33814,30.06608],[-95.33931,30.06662],[-95.34109,30.06694],[-95.34287,30.06797],[-95.34395,30.07067],[-95.34469,30.07175],[-95.34603,30.07257],[-95.34833,30.07293],[-95.34915,30.07334],[-95.34952,30.07394],[-95.34933,30.07609],[-95.34954,30.0764],[-95.35053,30.07665],[-95.35264,30.07629],[-95.35363,30.07634],[-95.3627,30.08599],[-95.35024,30.09396],[-95.3517,30.09495],[-95.35328,30.09668],[-95.35403,30.09717],[-95.3533,30.09862],[-95.35338,30.09957],[-95.35384,30.10061],[-95.35599,30.10327],[-95.35864,30.10564],[-95.36026,30.10678],[-95.36093,30.10868],[-95.36343,30.11123],[-95.36119,30.11212],[-95.35792,30.11227],[-95.35831,30.11407],[-95.35911,30.11472],[-95.36171,30.11536],[-95.36314,30.11611],[-95.36384,30.11742],[-95.36398,30.1191],[-95.36493,30.1205],[-95.36551,30.1208],[-95.36872,30.12116],[-95.36958,30.12158],[-95.371,30.1231],[-95.37207,30.12233],[-95.37224,30.12254],[-95.37178,30.12287],[-95.37282,30.12407],[-95.37375,30.12448],[-95.37441,30.12449],[-95.37488,30.12563],[-95.37445,30.12577],[-95.37477,30.1269],[-95.37535,30.12751],[-95.37604,30.12789],[-95.37894,30.1282],[-95.37969,30.12855],[-95.38119,30.12986],[-95.38009,30.13062],[-95.37174,30.13496],[-95.36549,30.1393],[-95.36483,30.13882],[-95.36465,30.13664],[-95.36375,30.13598]]]}},{"type":"Feature","properties":{"PRECINCT":"montgomery:11","COUNTY":"Montgomery"},"geometry":{"type":"Polygon","coordinates":[[[-95.59475,30.35801],[-95.59336,30.32989],[-95.60216,30.32966],[-95.60512,30.3292],[-95.60539,30.33017],[-95.60512,30.33381],[-95.60537,30.33455],[-95.61131,30.33989],[-95.61256,30.34045],[-95.62948,30.34406],[-95.62891,30.34606],[-95.62905,30.34919],[-95.62931,30.3494],[-95.63133,30.34939],[-95.63171,30.34958],[-95.63363,30.35633],[-95.63335,30.35788],[-95.6315,30.35834],[-95.63121,30.3587],[-95.63135,30.36422],[-95.63336,30.36985],[-95.63388,30.37279],[-95.62156,30.36752],[-95.59475,30.35801]]]}},{"type":"Feature","properties":{"PRECINCT":"montgomery:12","COUNTY":"Montgomery"},"geometry":{"type":"Polygon","coordinates":[[[-95.31959,30.33242],[-95.26708,30.32903],[-95.25407,30.32895],[-95.2267,30.32702],[-95.22747,30.32629],[-95.22759,30.32575],[-95.22668,30.32508],[-95.227,30.32464],[-95.2262,30.32389],[-95.22642,30.3234],[-95.22558,30.323],[-95.22528,30.32125],[-95.22649,30.32012],[-95.22649,30.31987],[-95.22508,30.31915],[-95.22513,30.3188],[-95.22576,30.31859],[-95.22592,30.31811],[-95.22505,30.3177],[-95.2251,30.31697],[-95.22473,30.3163],[-95.22431,30.31621],[-95.22436,30.31564],[-95.22367,30.3155],[-95.22393,30.31495],[-95.22372,30.31477],[-95.22383,30.31418],[-95.22306,30.31399],[-95.22306,30.31365],[-95.22251,30.31344],[-95.2223,30.31312],[-95.22228,30.31269],[-95.22888,30.31234],[-95.22841,30.30952],[-95.22783,30.30048],[-95.22735,30.29763],[-95.22722,30.28543],[-95.23685,30.26556],[-95.23895,30.25966],[-95.24061,30.2597],[-95.24542,30.25897],[-95.24916,30.25764],[-95.25403,30.25737],[-95.25536,30.25694],[-95.25758,30.25564],[-95.25902,30.25505],[-95.26287,30.25405],[-95.26569,30.25387],[-95.26809,30.25417],[-95.29163,30.25981],[-95.29927,30.26025],[-95.30156,30.26],[-95.30272,30.26317],[-95.30511,30.26835],[-95.30631,30.27293],[-95.30661,30.27721],[-95.30568,30.28507],[-95.30577,30.28598],[-95.31775,30.30564],[-95.31831,30.30667],[-95.31911,30.30919],[-95.32048,30.3264],[-95.31959,30.33242]]]}},{"type":"Feature","properties":{"PRECINCT":"montgomery:14","COUNTY":"Montgomery"},"geometry":{"type":"Polygon","coordinates":[[[-95.31354,30.16238],[-95.27212,30.11801],[-95.26982,30.11577],[-95.26463,30.1119],[-95.26995,30.105],[-95.27173,30.10134],[-95.27325,30.09941],[-95.27482,30.09688],[-95.27517,30.09599],[-95.27521,30.09478],[-95.28917,30.09443],[-95.2923,30.0933],[-95.29425,30.09403],[-95.31184,30.09438],[-95.31117,30.09576],[-95.31114,30.09725],[-95.31156,30.09798],[-95.31338,30.09908],[-95.31409,30.09979],[-95.31475,30.10153],[-95.31467,30.10784],[-95.31411,30.11102],[-95.31429,30.11164],[-95.31482,30.11216],[-95.31811,30.11306],[-95.3193,30.11386],[-95.31983,30.1153],[-95.32022,30.11794],[-95.32133,30.11879],[-95.32238,30.11888],[-95.32306,30.11863],[-95.32491,30.11712],[-95.32707,30.11751],[-95.32818,30.11835],[-95.32857,30.11936],[-95.32794,30.12252],[-95.32897,30.12523],[-95.32983,30.12949],[-95.33099,30.13123],[-95.3322,30.13235],[-95.33307,30.13272],[-95.335,30.13242],[-95.33708,30.13251],[-95.33787,30.13281],[-95.33861,30.13348],[-95.33874,30.13499],[-95.33721,30.13971],[-95.33716,30.14115],[-95.33737,30.14165],[-95.339,30.14273],[-95.33987,30.14367],[-95.34053,30.14482],[-95.34079,30.14585],[-95.34129,30.14642],[-95.3419,30.1466],[-95.34324,30.14628],[-95.34336,30.14685],[-95.3421,30.14738],[-95.34129,30.14849],[-95.33988,30.14969],[-95.33825,30.14951],[-95.33753,30.15054],[-95.33476,30.15097],[-95.33324,30.15443],[-95.33286,30.15703],[-95.33249,30.15774],[-95.32688,30.16253],[-95.32381,30.16619],[-95.32195,30.16757],[-95.32075,30.16993],[-95.31954,30.17066],[-95.31354,30.16238]]]}},{"type":"Feature","properties":{"PRECINCT":"montgomery:15","COUNTY":"Montgomery"},"geometry":{"type":"Polygon","coordinates":[[[-95.50945,30.30219],[-95.50856,30.29941],[-95.50791,30.29816],[-95.50585,30.29605],[-95.49896,30.29263],[-95.49435,30.29102],[-95.49293,30.29006],[-95.48953,30.28691],[-95.48774,30.28574],[-95.4856,30.28498],[-95.48312,30.28464],[-95.48347,30.2831],[-95.48064,30.28385],[-95.47184,30.28094],[-95.47156,30.2804],[-95.4659,30.27844],[-95.46391,30.27811],[-95.46078,30.27828],[-95.46085,30.26309],[-95.4572,30.26275],[-95.45719,30.26537],[-95.45244,30.26537],[-95.45056,30.26568],[-95.44979,30.26555],[-95.44965,30.26573],[-95.4484,30.26538],[-95.44419,30.26683],[-95.44026,30.26931],[-95.43175,30.27174],[-95.42512,30.25104],[-95.42356,30.25129],[-95.41761,30.25048],[-95.41621,30.24968],[-95.41476,30.24781],[-95.4136,30.24732],[-95.41054,30.2476],[-95.40045,30.24999],[-95.39914,30.24671],[-95.40179,30.24594],[-95.40415,30.24573],[-95.40558,30.24489],[-95.40729,30.24495],[-95.40758,30.24539],[-95.41497,30.24369],[-95.42531,30.24109],[-95.42654,30.24039],[-95.42945,30.2397],[-95.42925,30.23895],[-95.42833,30.2383],[-95.42802,30.23768],[-95.42812,30.23705],[-95.42902,30.23502],[-95.42937,30.23484],[-95.42944,30.23425],[-95.43021,30.23402],[-95.43005,30.23345],[-95.42944,30.23317],[-95.4297,30.23233],[-95.42946,30.23164],[-95.43094,30.23104],[-95.43226,30.23116],[-95.43273,30.23152],[-95.43289,30.23237],[-95.43208,30.2329],[-95.43216,30.23363],[-95.43374,30.23462],[-95.43445,30.23544],[-95.43401,30.23828],[-95.43417,30.23908],[-95.43451,30.2394],[-95.43512,30.2397],[-95.43567,30.23959],[-95.43641,30.23787],[-95.43738,30.2378],[-95.43936,30.23997],[-95.44071,30.24052],[-95.44229,30.24038],[-95.44271,30.24052],[-95.44322,30.2416],[-95.44417,30.24231],[-95.44572,30.24205],[-95.4482,30.24217],[-95.44863,30.24274],[-95.44807,30.24411],[-95.44828,30.24542],[-95.45021,30.247],[-95.45124,30.24851],[-95.45314,30.24853],[-95.45388,30.2478],[-95.45369,30.24596],[-95.45391,30.24546],[-95.45433,30.24507],[-95.45575,30.24507],[-95.45675,30.24463],[-95.45781,30.24505],[-95.461,30.24759],[-95.46251,30.2477],[-95.46536,30.24882],[-95.46662,30.2487],[-95.46752,30.24742],[-95.46858,30.2471],[-95.46939,30.24728],[-95.47003,30.24794],[-95.47127,30.24854],[-95.47317,30.24893],[-95.4737,30.24941],[-95.47386,30.25078],[-95.47431,30.25126],[-95.47563,30.25153],[-95.47705,30.25268],[-95.47837,30.2533],[-95.48093,30.25366],[-95.48133,30.25396],[-95.48162,30.25529],[-95.48191,30.25565],[-95.48379,30.25606],[-95.48487,30.25675],[-95.4849,30.25748],[-95.48424,30.25897],[-95.48435,30.26039],[-95.48474,30.26076],[-95.48667,30.26135],[-95.48717,30.26181],[-95.48772,30.26263],[-95.48796,30.2641],[-95.489,30.26506],[-95.48963,30.26604],[-95.49121,30.2671],[-95.49219,30.26723],[-95.49304,30.26787],[-95.49364,30.2679],[-95.4951,30.27058],[-95.49592,30.27128],[-95.49769,30.27195],[-95.49827,30.27247],[-95.49843,30.27357],[-95.49967,30.27479],[-95.50198,30.27499],[-95.50253,30.27542],[-95.50285,30.27712],[-95.50192,30.2784],[-95.50189,30.27879],[-95.50305,30.27966],[-95.50361,30.28062],[-95.50363,30.28181],[-95.50305,30.28417],[-95.50321,30.28516],[-95.50305,30.28736],[-95.50339,30.28766],[-95.5046,30.2875],[-95.50518,30.28777],[-95.50595,30.28896],[-95.50684,30.28963],[-95.50681,30.29153],[-95.50729,30.29215],[-95.50927,30.29291],[-95.51022,30.2938],[-95.51288,30.29506],[-95.51362,30.29506],[-95.51507,30.29449],[-95.51568,30.29449],[-95.52,30.29832],[-95.51937,30.30075],[-95.5195,30.30192],[-95.51871,30.30301],[-95.51776,30.30297],[-95.51744,30.30201],[-95.51712,30.30171],[-95.5166,30.30173],[-95.51525,30.30267],[-95.5144,30.30267],[-95.51385,30.30342],[-95.51277,30.30402],[-95.51234,30.3045],[-95.5125,30.30516],[-95.5134,30.30622],[-95.5134,30.30677],[-95.51207,30.30784],[-95.51176,30.30846],[-95.51181,30.30972],[-95.51112,30.31171],[-95.5117,30.31334],[-95.51166,30.31462],[-95.50858,30.31416],[-95.50557,30.31287],[-95.509,30.30655],[-95.50954,30.30463],[-95.50945,30.30219]]]}},{"type":"Feature","properties":{"PRECINCT":"montgomery:16","COUNTY":"Montgomery"},"geometry":{"type":"Polygon","coordinates":[[[-95.12708,30.24564],[-95.1056,30.19064],[-95.17075,30.18985],[-95.17377,30.18952],[-95.1784,30.18962],[-95.17875,30.18943],[-95.1797,30.18949],[-95.17987,30.18913],[-95.18173,30.18932],[-95.18199,30.18966],[-95.18194,30.19241],[-95.18316,30.19298],[-95.18316,30.19358],[-95.18355,30.19445],[-95.18445,30.19559],[-95.18464,30.198],[-95.18398,30.1985],[-95.18432,30.20015],[-95.18329,30.20182],[-95.18345,30.20253],[-95.16955,30.22309],[-95.16653,30.22877],[-95.16424,30.23253],[-95.16119,30.23934],[-95.15885,30.24227],[-95.15304,30.24738],[-95.13706,30.27098],[-95.12945,30.2505],[-95.12895,30.25021],[-95.12708,30.24564]]]}},{"type":"Feature","properties":{"PRECINCT":"montgomery:17","COUNTY":"Montgomery"},"geometry":{"type":"Polygon","coordinates":[[[-95.33734,30.39716],[-95.33304,30.39444],[-95.33051,30.39676],[-95.32813,30.39487],[-95.32935,30.37176],[-95.3297,30.37087],[-95.33135,30.36879],[-95.32395,30.37224],[-95.31822,30.37575],[-95.31444,30.37557],[-95.31433,30.36442],[-95.31691,30.36419],[-95.31697,30.3573],[-95.31673,30.35713],[-95.3053,30.35696],[-95.30508,30.35476],[-95.30582,30.34908],[-95.30525,30.33539],[-95.30569,30.33335],[-95.30702,30.33345],[-95.30699,30.33261],[-95.31119,30.33289],[-95.31126,30.33188],[-95.3281,30.333],[-95.35086,30.33309],[-95.35542,30.33288],[-95.36151,30.33177],[-95.36153,30.33289],[-95.36211,30.33388],[-95.36322,30.33431],[-95.36621,30.33395],[-95.36771,30.33459],[-95.36874,30.33585],[-95.36983,30.3358],[-95.37025,30.33667],[-95.37101,30.33628],[-95.37136,30.33637],[-95.37146,30.33729],[-95.37252,30.33805],[-95.37257,30.33899],[-95.37405,30.33905],[-95.37582,30.33864],[-95.37656,30.33921],[-95.37711,30.33887],[-95.37738,30.33896],[-95.37748,30.33958],[-95.37978,30.34022],[-95.38134,30.33917],[-95.38129,30.33818],[-95.38168,30.33754],[-95.38306,30.33754],[-95.38332,30.33772],[-95.38324,30.33878],[-95.38406,30.33875],[-95.3844,30.33937],[-95.38604,30.33942],[-95.38781,30.34002],[-95.38974,30.33992],[-95.39079,30.3396],[-95.39119,30.33981],[-95.39151,30.34059],[-95.39436,30.34244],[-95.39436,30.34315],[-95.39523,30.34391],[-95.39513,30.34487],[-95.39592,30.3456],[-95.39576,30.34872],[-95.39626,30.34982],[-95.39782,30.35103],[-95.39862,30.35268],[-95.39999,30.35419],[-95.40099,30.35414],[-95.40303,30.35467],[-95.40461,30.35428],[-95.40564,30.35437],[-95.40702,30.35499],[-95.409,30.35492],[-95.41042,30.35526],[-95.4109,30.35616],[-95.4109,30.35813],[-95.41341,30.35968],[-95.41388,30.36062],[-95.4142,30.3622],[-95.41534,30.36307],[-95.41665,30.36467],[-95.41545,30.3678],[-95.41396,30.37032],[-95.41243,30.37826],[-95.41015,30.38272],[-95.40826,30.38475],[-95.40601,30.38822],[-95.40192,30.38421],[-95.39633,30.38315],[-95.39431,30.38256],[-95.38863,30.37978],[-95.38373,30.3769],[-95.37935,30.37492],[-95.37702,30.37299],[-95.37234,30.36832],[-95.36958,30.37085],[-95.36877,30.37381],[-95.36729,30.37618],[-95.36731,30.37661],[-95.3788,30.3864],[-95.37913,30.38636],[-95.38286,30.38305],[-95.38532,30.38516],[-95.3852,30.38572],[-95.38569,30.38607],[-95.38586,30.38694],[-95.38571,30.38737],[-95.38644,30.38797],[-95.3864,30.38953],[-95.38562,30.38959],[-95.38498,30.38874],[-95.38375,30.38936],[-95.38294,30.39011],[-95.38109,30.39065],[-95.38034,30.39011],[-95.37979,30.39034],[-95.37921,30.38984],[-95.37844,30.38984],[-95.37783,30.38954],[-95.37678,30.38963],[-95.37575,30.38903],[-95.37564,30.38828],[-95.37456,30.38764],[-95.37374,30.38649],[-95.37273,30.38617],[-95.37247,30.3856],[-95.3717,30.38569],[-95.37165,30.38457],[-95.37123,30.38386],[-95.3693,30.38205],[-95.36888,30.38209],[-95.36869,30.38262],[-95.36824,30.38265],[-95.36745,30.38168],[-95.36684,30.3815],[-95.36676,30.381],[-95.36631,30.3809],[-95.36589,30.38148],[-95.36555,30.3815],[-95.3651,30.38054],[-95.36428,30.37976],[-95.36343,30.38015],[-95.36277,30.37946],[-95.36209,30.37942],[-95.36148,30.38017],[-95.36074,30.3804],[-95.35992,30.37994],[-95.35931,30.37919],[-95.35849,30.3788],[-95.35828,30.37786],[-95.35891,30.37719],[-95.35889,30.37692],[-95.35757,30.37563],[-95.35672,30.37403],[-95.35773,30.37344],[-95.35775,30.37302],[-95.35728,30.37229],[-95.35791,30.37188],[-95.35804,30.3714],[-95.35754,30.37034],[-95.3577,30.37007],[-95.35878,30.36966],[-95.35913,30.36918],[-95.35915,30.36883],[-95.35871,30.3684],[-95.35884,30.36746],[-95.35791,30.36615],[-95.35794,30.36556],[-95.35831,30.36521],[-95.35831,30.36345],[-95.35762,30.36315],[-95.35715,30.36363],[-95.35609,30.36391],[-95.35543,30.36375],[-95.35479,30.36418],[-95.35387,30.36427],[-95.35374,30.364],[-95.35395,30.36343],[-95.35268,30.36164],[-95.35142,30.36072],[-95.35155,30.35978],[-95.35073,30.35914],[-95.34946,30.35894],[-95.34893,30.35731],[-95.34724,30.35596],[-95.34698,30.35468],[-95.34595,30.353],[-95.34566,30.35289],[-95.34542,30.35307],[-95.34505,30.35392],[-95.34415,30.35442],[-95.34355,30.35422],[-95.34302,30.35341],[-95.34238,30.35335],[-95.34154,30.35499],[-95.34159,30.35564],[-95.34225,30.35664],[-95.3422,30.35744],[-95.34169,30.3607],[-95.34098,30.36278],[-95.34101,30.36326],[-95.3418,30.36352],[-95.34209,30.36427],[-95.34193,30.36466],[-95.34114,30.36528],[-95.34066,30.36649],[-95.34003,30.36707],[-95.34045,30.36812],[-95.33966,30.36858],[-95.33947,30.36915],[-95.33879,30.36963],[-95.33857,30.37167],[-95.33797,30.37178],[-95.33789,30.37236],[-95.33929,30.37408],[-95.34,30.3755],[-95.33952,30.37685],[-95.33979,30.38081],[-95.33955,30.38175],[-95.3382,30.38397],[-95.3386,30.38401],[-95.34195,30.38893],[-95.33985,30.39094],[-95.34066,30.39213],[-95.3405,30.39465],[-95.34145,30.39626],[-95.33871,30.39726],[-95.33734,30.39716]]]}},{"type":"Feature","properties":{"PRECINCT":"montgomery:19","COUNTY":"Montgomery"},"geometry":{"type":"Polygon","coordinates":[[[-95.66975,30.53041],[-95.64727,30.52677],[-95.63927,30.52634],[-95.63677,30.52599],[-95.63105,30.52596],[-95.61101,30.51533],[-95.60518,30.51264],[-95.59888,30.50898],[-95.59916,30.50655],[-95.59905,30.50504],[-95.59827,30.50331],[-95.59477,30.50021],[-95.57923,30.48168],[-95.58005,30.47941],[-95.58052,30.47714],[-95.58326,30.47314],[-95.58157,30.47125],[-95.58394,30.4708],[-95.58302,30.46554],[-95.58388,30.45921],[-95.58597,30.45894],[-95.58503,30.45786],[-95.58517,30.45701],[-95.58649,30.45652],[-95.58797,30.45653],[-95.59442,30.45063],[-95.59457,30.45],[-95.59516,30.44937],[-95.59531,30.44811],[-95.59575,30.44773],[-95.59577,30.44496],[-95.59694,30.44371],[-95.59709,30.44308],[-95.59856,30.44132],[-95.59856,30.44006],[-95.59886,30.4398],[-95.59887,30.43716],[-95.64702,30.43687],[-95.648,30.43653],[-95.64925,30.43487],[-95.65026,30.4344],[-95.66143,30.43438],[-95.66229,30.43417],[-95.6629,30.43377],[-95.66357,30.43268],[-95.66603,30.43029],[-95.67177,30.42313],[-95.6725,30.4217],[-95.67414,30.41663],[-95.67517,30.41529],[-95.68171,30.41101],[-95.68273,30.40977],[-95.68537,30.40803],[-95.68872,30.40447],[-95.69193,30.40411],[-95.69812,30.4041],[-95.69952,30.40238],[-95.69964,30.40189],[-95.69933,30.39948],[-95.6974,30.39274],[-95.69662,30.39141],[-95.69672,30.38346],[-95.69791,30.38041],[-95.69824,30.37768],[-95.69737,30.33375],[-95.70846,30.33353],[-95.70911,30.33285],[-95.71147,30.32852],[-95.71209,30.32817],[-95.71452,30.32779],[-95.72814,30.32779],[-95.72997,30.32856],[-95.73247,30.33004],[-95.733,30.33064],[-95.73367,30.36883],[-95.73425,30.38043],[-95.7325,30.3808],[-95.73183,30.38181],[-95.72689,30.38198],[-95.72143,30.38433],[-95.72645,30.3884],[-95.7281,30.38952],[-95.7299,30.39032],[-95.73222,30.39098],[-95.734,30.39092],[-95.73384,30.39133],[-95.73673,30.39091],[-95.73897,30.38994],[-95.74671,30.38463],[-95.75535,30.38199],[-95.75745,30.38101],[-95.76912,30.37151],[-95.76927,30.37283],[-95.76905,30.37301],[-95.76911,30.37342],[-95.76868,30.37377],[-95.76897,30.37404],[-95.7689,30.37425],[-95.76844,30.3747],[-95.76723,30.37461],[-95.76702,30.3756],[-95.76657,30.37567],[-95.76649,30.37606],[-95.76659,30.37621],[-95.76723,30.37617],[-95.7676,30.37702],[-95.76818,30.3772],[-95.76839,30.3777],[-95.76887,30.37796],[-95.76887,30.37816],[-95.76717,30.37851],[-95.76696,30.37926],[-95.76765,30.37981],[-95.76865,30.37988],[-95.76913,30.38041],[-95.76918,30.38084],[-95.76971,30.38116],[-95.76952,30.3818],[-95.76881,30.38231],[-95.76928,30.38286],[-95.76902,30.38373],[-95.76968,30.38375],[-95.77089,30.38435],[-95.77092,30.38547],[-95.7701,30.38623],[-95.76973,30.38769],[-95.76938,30.38817],[-95.76986,30.38836],[-95.76983,30.38886],[-95.77031,30.38927],[-95.77017,30.39126],[-95.77173,30.39154],[-95.7717,30.39193],[-95.77035,30.39367],[-95.77022,30.39507],[-95.76956,30.39589],[-95.76972,30.39752],[-95.76908,30.39806],[-95.76898,30.39861],[-95.76964,30.39939],[-95.7695,30.40024],[-95.76905,30.40102],[-95.76918,30.40168],[-95.77016,30.40336],[-95.77016,30.40391],[-95.76931,30.40558],[-95.76937,30.4061],[-95.77021,30.40663],[-95.77011,30.40736],[-95.77037,30.4078],[-95.77031,30.40883],[-95.76973,30.40913],[-95.76968,30.4099],[-95.76905,30.41089],[-95.76859,30.41323],[-95.76878,30.41361],[-95.7701,30.4141],[-95.77012,30.41492],[-95.76941,30.41581],[-95.7693,30.41639],[-95.76851,30.41671],[-95.76819,30.41778],[-95.76745,30.41874],[-95.76748,30.41902],[-95.76819,30.41948],[-95.76811,30.42051],[-95.76925,30.42078],[-95.77017,30.42161],[-95.7698,30.42342],[-95.76863,30.42593],[-95.76869,30.42697],[-95.76911,30.42813],[-95.76966,30.42811],[-95.77136,30.42621],[-95.77268,30.42587],[-95.77302,30.42589],[-95.77479,30.42713],[-95.77452,30.42825],[-95.77312,30.42949],[-95.77296,30.43001],[-95.77384,30.43123],[-95.77426,30.43141],[-95.77558,30.4329],[-95.77553,30.43324],[-95.77481,30.43336],[-95.77463,30.43372],[-95.77402,30.43393],[-95.77402,30.4343],[-95.77433,30.43473],[-95.77484,30.43487],[-95.77584,30.43583],[-95.77687,30.43632],[-95.77758,30.437],[-95.77734,30.43828],[-95.777,30.43867],[-95.77766,30.44018],[-95.77858,30.44106],[-95.78067,30.4422],[-95.78157,30.44326],[-95.78133,30.44543],[-95.78157,30.44594],[-95.78217,30.44639],[-95.78209,30.44731],[-95.78119,30.44839],[-95.7809,30.45056],[-95.78146,30.45157],[-95.78122,30.45375],[-95.78233,30.45549],[-95.78415,30.45753],[-95.78504,30.46011],[-95.78544,30.46046],[-95.78563,30.46151],[-95.78637,30.46195],[-95.78663,30.46268],[-95.78769,30.46355],[-95.787,30.4657],[-95.78676,30.46817],[-95.78583,30.46916],[-95.78668,30.47072],[-95.78668,30.47177],[-95.78826,30.47317],[-95.78763,30.47427],[-95.78789,30.47491],[-95.78765,30.47688],[-95.7881,30.47768],[-95.78786,30.47921],[-95.78826,30.48025],[-95.78923,30.48061],[-95.78939,30.48116],[-95.78987,30.48146],[-95.79148,30.48157],[-95.79172,30.4819],[-95.79193,30.48371],[-95.79262,30.48492],[-95.79428,30.48606],[-95.79492,30.48678],[-95.79605,30.48737],[-95.79695,30.48829],[-95.79766,30.48849],[-95.79922,30.48948],[-95.80012,30.49083],[-95.80113,30.49081],[-95.80196,30.49031],[-95.80227,30.49046],[-95.80546,30.49308],[-95.80796,30.49375],[-95.80907,30.49433],[-95.8103,30.49582],[-95.81072,30.49706],[-95.81074,30.4981],[-95.81165,30.49835],[-95.81252,30.49915],[-95.81387,30.49864],[-95.81429,30.49874],[-95.81408,30.49958],[-95.81347,30.49984],[-95.81342,30.50022],[-95.81429,30.50051],[-95.81551,30.50207],[-95.81614,30.50189],[-95.81659,30.50216],[-95.81603,30.50303],[-95.81625,30.50363],[-95.81611,30.50596],[-95.81683,30.50677],[-95.81683,30.50716],[-95.81632,30.50736],[-95.81611,30.50786],[-95.81556,30.5083],[-95.81561,30.50883],[-95.81516,30.50933],[-95.8154,30.51018],[-95.81494,30.51068],[-95.81461,30.50933],[-95.81474,30.50823],[-95.8139,30.50669],[-95.81382,30.50499],[-95.8131,30.50419],[-95.81273,30.50112],[-95.81195,30.50058],[-95.81024,30.50022],[-95.81028,30.50138],[-95.80997,30.5022],[-95.80791,30.50476],[-95.80523,30.50934],[-95.80148,30.50981],[-95.794,30.51991],[-95.79334,30.52053],[-95.78857,30.52316],[-95.78861,30.52582],[-95.76736,30.52594],[-95.76732,30.5276],[-95.74867,30.52756],[-95.74879,30.53028],[-95.7397,30.53035],[-95.73986,30.52915],[-95.73384,30.52924],[-95.73358,30.52908],[-95.73153,30.52728],[-95.72974,30.52425],[-95.72236,30.5247],[-95.71085,30.52384],[-95.69913,30.52477],[-95.68462,30.52701],[-95.6819,30.5276],[-95.673,30.53023],[-95.66975,30.53041]]]}},{"type":"Feature","properties":{"PRECINCT":"montgomery:2","COUNTY":"Montgomery"},"geometry":{"type":"Polygon","coordinates":[[[-95.41929,30.32012],[-95.4192,30.31983],[-95.4171,30.31985],[-95.39884,30.31761],[-95.39759,30.31281],[-95.39737,30.31286],[-95.39595,30.308],[-95.39195,30.30926],[-95.39038,30.30444],[-95.39543,30.30357],[-95.3921,30.30076],[-95.39287,30.30038],[-95.39787,30.29919],[-95.39636,30.29402],[-95.40372,30.29239],[-95.40268,30.28862],[-95.40561,30.28788],[-95.40537,30.28716],[-95.40843,30.28642],[-95.40825,30.28586],[-95.4089,30.28567],[-95.4092,30.28515],[-95.41796,30.28307],[-95.41769,30.282],[-95.4211,30.28093],[-95.41672,30.27499],[-95.42325,30.28383],[-95.42931,30.29462],[-95.42992,30.296],[-95.43284,30.30664],[-95.43506,30.31129],[-95.43719,30.31742],[-95.43243,30.31915],[-95.41929,30.32012]]]}},{"type":"Feature","properties":{"PRECINCT":"montgomery:20","COUNTY":"Montgomery"},"geometry":{"type":"Polygon","coordinates":[[[-95.45572,30.32794],[-95.45573,30.32647],[-95.45027,30.32777],[-95.44946,30.32531],[-95.44972,30.32438],[-95.44929,30.32287],[-95.44726,30.32343],[-95.4477,30.32498],[-95.44753,30.32539],[-95.44655,30.32566],[-95.44621,30.32547],[-95.44558,30.3238],[-95.44466,30.32405],[-95.44481,30.32559],[-95.44532,30.32678],[-95.44466,30.32666],[-95.44183,30.32847],[-95.4386,30.32886],[-95.43911,30.33057],[-95.43459,30.33172],[-95.43638,30.32897],[-95.44281,30.32212],[-95.44423,30.32108],[-95.44681,30.31983],[-95.44514,30.31497],[-95.44952,30.31452],[-95.4552,30.31219],[-95.46176,30.31222],[-95.46431,30.31983],[-95.46506,30.32681],[-95.46765,30.33608],[-95.45957,30.33791],[-95.45713,30.33825],[-95.45572,30.32794]]]}},{"type":"Feature","properties":{"PRECINCT":"montgomery:21","COUNTY":"Montgomery"},"geometry":{"type":"Polygon","coordinates":[[[-95.52308,30.34088],[-95.52,30.33919],[-95.51514,30.33576],[-95.50662,30.33024],[-95.49663,30.32583],[-95.495,30.32827],[-95.49268,30.32983],[-95.47826,30.33351],[-95.47413,30.32252],[-95.46437,30.29307],[-95.47115,30.29133],[-95.47166,30.29174],[-95.47186,30.29115],[-95.48143,30.28877],[-95.4802,30.29108],[-95.47898,30.29215],[-95.47697,30.29453],[-95.47582,30.29642],[-95.47821,30.29588],[-95.4785,30.29798],[-95.47814,30.29848],[-95.47466,30.29935],[-95.4743,30.29999],[-95.47592,30.30006],[-95.47642,30.30156],[-95.47813,30.30096],[-95.47865,30.3016],[-95.47853,30.30258],[-95.47756,30.30289],[-95.4764,30.30262],[-95.47561,30.30214],[-95.47436,30.30394],[-95.47473,30.30629],[-95.47244,30.30821],[-95.49805,30.3102],[-95.50153,30.31111],[-95.50858,30.31416],[-95.51166,30.31462],[-95.51201,30.31776],[-95.51299,30.31916],[-95.51391,30.31987],[-95.5128,30.32074],[-95.51293,30.32129],[-95.51372,30.32108],[-95.51417,30.32138],[-95.51372,30.32193],[-95.5128,30.32246],[-95.51364,30.32498],[-95.51551,30.32507],[-95.51581,30.32486],[-95.51583,30.32447],[-95.51528,30.32365],[-95.51546,30.32331],[-95.51581,30.32331],[-95.51633,30.32386],[-95.51839,30.32397],[-95.51916,30.32368],[-95.52038,30.32301],[-95.52059,30.32184],[-95.52088,30.32187],[-95.5217,30.32271],[-95.52241,30.3226],[-95.52362,30.3234],[-95.52542,30.3232],[-95.526,30.32398],[-95.52655,30.32421],[-95.52724,30.32508],[-95.52898,30.32638],[-95.52943,30.32728],[-95.53098,30.32875],[-95.53125,30.32957],[-95.53262,30.3312],[-95.53365,30.3315],[-95.53352,30.33237],[-95.53431,30.33285],[-95.53468,30.33372],[-95.53446,30.33402],[-95.53362,30.33399],[-95.53349,30.33445],[-95.53399,30.33472],[-95.53423,30.33534],[-95.53496,30.33546],[-95.53544,30.33605],[-95.5361,30.33637],[-95.5362,30.3369],[-95.53721,30.3377],[-95.53739,30.33819],[-95.53863,30.33846],[-95.53813,30.34018],[-95.53974,30.34139],[-95.54154,30.34105],[-95.5427,30.34192],[-95.54257,30.3424],[-95.53089,30.34259],[-95.527,30.34214],[-95.52308,30.34088]]]}},{"type":"Feature","properties":{"PRECINCT":"montgomery:22","COUNTY":"Montgomery"},"geometry":{"type":"Polygon","coordinates":[[[-95.55231,30.45659],[-95.54999,30.4565],[-95.54853,30.45725],[-95.54721,30.45712],[-95.54634,30.45636],[-95.54587,30.45551],[-95.54642,30.45574],[-95.54576,30.45458],[-95.54571,30.44775],[-95.51036,30.43965],[-95.50606,30.43897],[-95.49544,30.43603],[-95.49515,30.43266],[-95.4946,30.42971],[-95.49196,30.42106],[-95.49501,30.42053],[-95.50097,30.41903],[-95.5061,30.41872],[-95.50761,30.41882],[-95.5271,30.42313],[-95.5417,30.42666],[-95.5435,30.42085],[-95.54793,30.41746],[-95.55379,30.41874],[-95.55427,30.41983],[-95.55513,30.4201],[-95.56046,30.42131],[-95.5607,30.42046],[-95.56335,30.42124],[-95.56349,30.42157],[-95.5622,30.42223],[-95.56354,30.42333],[-95.56352,30.42363],[-95.56206,30.42505],[-95.56122,30.4253],[-95.56111,30.42619],[-95.5604,30.42723],[-95.55963,30.42732],[-95.55781,30.42657],[-95.55657,30.4262],[-95.55592,30.42628],[-95.55704,30.42635],[-95.55712,30.42665],[-95.55818,30.42718],[-95.55987,30.42848],[-95.55897,30.43032],[-95.56196,30.43124],[-95.56197,30.4292],[-95.56226,30.42883],[-95.56549,30.42594],[-95.56667,30.42405],[-95.56696,30.42317],[-95.57166,30.41928],[-95.57195,30.41853],[-95.5743,30.41652],[-95.57532,30.4164],[-95.57781,30.41464],[-95.58059,30.41377],[-95.58176,30.41315],[-95.58308,30.4129],[-95.58747,30.40913],[-95.58765,30.40283],[-95.59158,30.4065],[-95.59143,30.40688],[-95.59157,30.40739],[-95.59215,30.40789],[-95.59215,30.4089],[-95.59258,30.4094],[-95.59258,30.41029],[-95.59592,30.41333],[-95.59592,30.4137],[-95.59621,30.41396],[-95.5962,30.41534],[-95.59649,30.41572],[-95.59649,30.41698],[-95.59707,30.41812],[-95.59716,30.42909],[-95.59832,30.43073],[-95.59831,30.43136],[-95.5989,30.43199],[-95.59886,30.4398],[-95.59856,30.44006],[-95.59856,30.44132],[-95.59709,30.44308],[-95.59694,30.44371],[-95.59577,30.44496],[-95.59575,30.44773],[-95.59531,30.44811],[-95.59516,30.44937],[-95.59457,30.45],[-95.59442,30.45063],[-95.58797,30.45653],[-95.57993,30.4565],[-95.5776,30.45598],[-95.57,30.45608],[-95.56942,30.4557],[-95.56796,30.45544],[-95.56256,30.45542],[-95.5605,30.45718],[-95.55831,30.45767],[-95.5551,30.45766],[-95.55231,30.45659]]]}},{"type":"Feature","properties":{"PRECINCT":"montgomery:23","COUNTY":"Montgomery"},"geometry":{"type":"Polygon","coordinates":[[[-95.4264,30.50824],[-95.42627,30.50724],[-95.42664,30.50682],[-95.42598,30.50651],[-95.42653,30.50605],[-95.42677,30.5054],[-95.42621,30.50405],[-95.42645,30.50252],[-95.426,30.50236],[-95.42433,30.50087],[-95.42431,30.50064],[-95.42494,30.50022],[-95.42436,30.4992],[-95.42457,30.49826],[-95.42414,30.49776],[-95.42478,30.49714],[-95.42485,30.49668],[-95.42533,30.4964],[-95.42533,30.49604],[-95.42488,30.49544],[-95.42538,30.49407],[-95.42578,30.4937],[-95.42607,30.49255],[-95.4257,30.49214],[-95.42583,30.49171],[-95.4249,30.49175],[-95.42477,30.49157],[-95.42525,30.49077],[-95.42488,30.49079],[-95.42477,30.49054],[-95.42535,30.48997],[-95.42591,30.48983],[-95.42612,30.48852],[-95.42588,30.48772],[-95.42554,30.48754],[-95.42585,30.48685],[-95.42519,30.48628],[-95.42442,30.48639],[-95.42464,30.48591],[-95.42397,30.48555],[-95.42397,30.48523],[-95.42495,30.48479],[-95.42453,30.48429],[-95.42463,30.48392],[-95.42559,30.4836],[-95.42561,30.48287],[-95.4259,30.48254],[-95.42675,30.48248],[-95.42667,30.482],[-95.42709,30.48149],[-95.42707,30.48101],[-95.42778,30.48108],[-95.42897,30.48051],[-95.42886,30.48021],[-95.42812,30.48023],[-95.42812,30.47998],[-95.42905,30.47975],[-95.42937,30.47947],[-95.42945,30.47897],[-95.42995,30.47879],[-95.43003,30.47709],[-95.43058,30.47688],[-95.43066,30.47649],[-95.43166,30.47581],[-95.43153,30.47487],[-95.43254,30.4742],[-95.43293,30.47246],[-95.43261,30.47189],[-95.43187,30.47205],[-95.43182,30.47175],[-95.43248,30.4709],[-95.43174,30.47063],[-95.43148,30.471],[-95.43105,30.47107],[-95.43063,30.47068],[-95.43139,30.46974],[-95.43139,30.46919],[-95.43057,30.46841],[-95.43052,30.46779],[-95.43002,30.46738],[-95.43026,30.46628],[-95.4301,30.46573],[-95.43041,30.46523],[-95.42949,30.46497],[-95.42954,30.4639],[-95.42779,30.46358],[-95.42719,30.46379],[-95.4269,30.4633],[-95.42597,30.46312],[-95.42618,30.46236],[-95.42692,30.46179],[-95.42695,30.46122],[-95.42634,30.46035],[-95.42562,30.4603],[-95.42531,30.46007],[-95.42557,30.45888],[-95.42435,30.45838],[-95.42449,30.4571],[-95.42361,30.45691],[-95.42366,30.45657],[-95.42422,30.45611],[-95.42425,30.45545],[-95.42411,30.4552],[-95.4234,30.455],[-95.42829,30.45182],[-95.43447,30.44657],[-95.43939,30.4432],[-95.44984,30.43762],[-95.47236,30.42789],[-95.47654,30.42674],[-95.47846,30.4254],[-95.48005,30.42498],[-95.47973,30.42401],[-95.49196,30.42106],[-95.4946,30.42971],[-95.49527,30.43365],[-95.49608,30.4632],[-95.49659,30.4685],[-95.49634,30.47324],[-95.49196,30.50162],[-95.49145,30.50883],[-95.42608,30.50882],[-95.4264,30.50824]]]}},{"type":"Feature","properties":{"PRECINCT":"montgomery:24","COUNTY":"Montgomery"},"geometry":{"type":"Polygon","coordinates":[[[-95.44657,30.19805],[-95.44529,30.19292],[-95.43241,30.19307],[-95.43238,30.19049],[-95.41846,30.19059],[-95.41849,30.19425],[-95.40366,30.19435],[-95.40364,30.1932],[-95.40316,30.1932],[-95.40317,30.19436],[-95.38747,30.1945],[-95.38561,30.19338],[-95.38461,30.19233],[-95.38437,30.18983],[-95.38384,30.18891],[-95.38247,30.18765],[-95.38184,30.18649],[-95.38184,30.18552],[-95.38218,30.18477],[-95.38395,30.18222],[-95.383,30.17966],[-95.38221,30.17874],[-95.37904,30.17721],[-95.37859,30.17668],[-95.37859,30.17613],[-95.38044,30.17189],[-95.38181,30.17036],[-95.38192,30.16951],[-95.38123,30.16885],[-95.3768,30.16596],[-95.37556,30.16427],[-95.37538,30.16365],[-95.37577,30.16282],[-95.37574,30.16223],[-95.37522,30.16163],[-95.37155,30.16143],[-95.37079,30.16108],[-95.37029,30.15995],[-95.37644,30.16023],[-95.38949,30.16004],[-95.38949,30.15986],[-95.40928,30.15973],[-95.40912,30.15426],[-95.40633,30.15429],[-95.40634,30.15358],[-95.40754,30.15355],[-95.4075,30.15251],[-95.41004,30.15245],[-95.41004,30.15336],[-95.41281,30.1534],[-95.41272,30.15533],[-95.41408,30.15538],[-95.41411,30.15653],[-95.43346,30.15637],[-95.43446,30.16056],[-95.43752,30.16064],[-95.4388,30.16581],[-95.44121,30.1655],[-95.44134,30.16949],[-95.45116,30.16944],[-95.45306,30.18877],[-95.4548,30.19786],[-95.44657,30.19805]]]}},{"type":"Feature","properties":{"PRECINCT":"montgomery:25","COUNTY":"Montgomery"},"geometry":{"type":"Polygon","coordinates":[[[-95.38479,30.31911],[-95.37674,30.31896],[-95.37606,30.31866],[-95.37416,30.31705],[-95.37097,30.31602],[-95.36577,30.31388],[-95.36365,30.31349],[-95.36335,30.3124],[-95.36129,30.3087],[-95.35827,30.30462],[-95.35815,30.30053],[-95.35769,30.29965],[-95.35529,30.29787],[-95.35244,30.29486],[-95.35133,30.294],[-95.34633,30.29261],[-95.34395,30.29164],[-95.33907,30.29017],[-95.33718,30.28924],[-95.33375,30.28658],[-95.33324,30.28465],[-95.33177,30.283],[-95.32723,30.27893],[-95.32412,30.27714],[-95.32307,30.27629],[-95.32162,30.27394],[-95.32058,30.27144],[-95.31988,30.26498],[-95.31814,30.26308],[-95.31559,30.26165],[-95.31412,30.25942],[-95.31293,30.25816],[-95.30944,30.25349],[-95.30804,30.25127],[-95.30607,30.24923],[-95.30492,30.24711],[-95.30084,30.24297],[-95.30061,30.2414],[-95.30067,30.23848],[-95.29852,30.23705],[-95.29888,30.23639],[-95.29886,30.23211],[-95.30067,30.23212],[-95.30121,30.2323],[-95.30287,30.23016],[-95.31926,30.23011],[-95.31972,30.2309],[-95.31988,30.23195],[-95.32067,30.23333],[-95.32086,30.23399],[-95.32072,30.23532],[-95.32152,30.23656],[-95.32223,30.23711],[-95.32231,30.23789],[-95.32278,30.23889],[-95.32357,30.23942],[-95.32502,30.2394],[-95.32568,30.24029],[-95.32671,30.24061],[-95.32798,30.24235],[-95.32883,30.24284],[-95.32893,30.24125],[-95.32998,30.23987],[-95.33043,30.23666],[-95.33015,30.23445],[-95.32909,30.23173],[-95.32879,30.22896],[-95.33314,30.2291],[-95.36116,30.22888],[-95.36202,30.22866],[-95.36449,30.22734],[-95.36191,30.22528],[-95.36086,30.22378],[-95.35784,30.21296],[-95.36021,30.21223],[-95.3619,30.21197],[-95.36473,30.21214],[-95.37869,30.21586],[-95.38161,30.21611],[-95.384,30.2157],[-95.39823,30.21032],[-95.39746,30.21193],[-95.39704,30.21468],[-95.39706,30.21564],[-95.39783,30.21679],[-95.4002,30.21695],[-95.40157,30.21665],[-95.40376,30.21674],[-95.40532,30.21569],[-95.40616,30.21541],[-95.40682,30.21546],[-95.40825,30.21623],[-95.40859,30.21704],[-95.40941,30.21791],[-95.41112,30.21896],[-95.41213,30.22036],[-95.41258,30.22155],[-95.41324,30.22212],[-95.41358,30.22336],[-95.41479,30.22443],[-95.41614,30.22487],[-95.41762,30.22471],[-95.41883,30.22516],[-95.42068,30.22438],[-95.42281,30.22386],[-95.42381,30.22386],[-95.42611,30.22505],[-95.4264,30.22589],[-95.42608,30.22674],[-95.42651,30.22963],[-95.42741,30.23045],[-95.42743,30.23134],[-95.42772,30.2318],[-95.42844,30.23208],[-95.42938,30.23187],[-95.4297,30.23233],[-95.42952,30.23336],[-95.43005,30.23345],[-95.4302,30.23368],[-95.43013,30.23414],[-95.42944,30.23425],[-95.42937,30.23484],[-95.42902,30.23502],[-95.42862,30.23574],[-95.42802,30.23768],[-95.42833,30.2383],[-95.42925,30.23895],[-95.42945,30.2397],[-95.42654,30.24039],[-95.42531,30.24109],[-95.41497,30.24369],[-95.40758,30.24539],[-95.40729,30.24495],[-95.40558,30.24489],[-95.40415,30.24573],[-95.40179,30.24594],[-95.39914,30.24671],[-95.40045,30.24999],[-95.41054,30.2476],[-95.4136,30.24732],[-95.41476,30.24781],[-95.41621,30.24968],[-95.41761,30.25048],[-95.42356,30.25129],[-95.42512,30.25104],[-95.42967,30.26529],[-95.41067,30.26963],[-95.41672,30.27499],[-95.4211,30.28093],[-95.41769,30.282],[-95.41796,30.28307],[-95.4092,30.28515],[-95.4089,30.28567],[-95.40825,30.28586],[-95.40843,30.28642],[-95.40537,30.28716],[-95.40561,30.28788],[-95.40268,30.28862],[-95.40372,30.29239],[-95.39636,30.29402],[-95.39787,30.29919],[-95.39287,30.30038],[-95.3921,30.30076],[-95.39543,30.30357],[-95.39038,30.30444],[-95.39195,30.30926],[-95.39595,30.308],[-95.39737,30.31286],[-95.39759,30.31281],[-95.39892,30.31784],[-95.39904,30.32357],[-95.39733,30.3239],[-95.39423,30.32214],[-95.39075,30.32061],[-95.38901,30.32003],[-95.38479,30.31911]]]}},{"type":"Feature","properties":{"PRECINCT":"montgomery:26","COUNTY":"Montgomery"},"geometry":{"type":"Polygon","coordinates":[[[-95.27446,30.18603],[-95.27445,30.18387],[-95.26799,30.1838],[-95.26801,30.18219],[-95.26279,30.18224],[-95.26279,30.18457],[-95.26178,30.18439],[-95.26139,30.18411],[-95.26084,30.1842],[-95.26012,30.18363],[-95.25931,30.18372],[-95.25857,30.1829],[-95.25614,30.18278],[-95.25575,30.18232],[-95.25556,30.18159],[-95.25583,30.18076],[-95.25649,30.17998],[-95.25609,30.17875],[-95.25504,30.17849],[-95.25443,30.17762],[-95.25227,30.17735],[-95.25148,30.17673],[-95.25074,30.17668],[-95.24975,30.17602],[-95.24869,30.17644],[-95.24738,30.17598],[-95.24738,30.17692],[-95.24661,30.17765],[-95.24561,30.17779],[-95.24453,30.17763],[-95.24381,30.17792],[-95.24051,30.17347],[-95.2255,30.15617],[-95.22433,30.15552],[-95.22294,30.15518],[-95.21554,30.15505],[-95.22558,30.14013],[-95.22634,30.13837],[-95.22874,30.13013],[-95.24076,30.13012],[-95.24152,30.1304],[-95.24149,30.13104],[-95.24202,30.13166],[-95.24202,30.13214],[-95.24278,30.13214],[-95.24329,30.13294],[-95.24413,30.13301],[-95.24444,30.13337],[-95.24579,30.13374],[-95.2475,30.13374],[-95.24898,30.13419],[-95.24961,30.13405],[-95.25111,30.13485],[-95.25185,30.1349],[-95.25219,30.13561],[-95.2529,30.136],[-95.25308,30.13639],[-95.25432,30.13694],[-95.25429,30.13751],[-95.25458,30.1379],[-95.25445,30.13859],[-95.2549,30.13916],[-95.2549,30.13969],[-95.25587,30.14031],[-95.256,30.14086],[-95.25785,30.14203],[-95.25793,30.14232],[-95.25758,30.1428],[-95.25771,30.14301],[-95.2584,30.14299],[-95.25871,30.14342],[-95.2603,30.14439],[-95.26101,30.14528],[-95.26219,30.14599],[-95.26285,30.14558],[-95.26369,30.14604],[-95.26435,30.14554],[-95.26464,30.14554],[-95.26501,30.14595],[-95.26554,30.1456],[-95.26681,30.14579],[-95.26736,30.14623],[-95.2677,30.14723],[-95.26838,30.14739],[-95.26873,30.14785],[-95.26923,30.14794],[-95.26993,30.1488],[-95.2699,30.14587],[-95.27141,30.14585],[-95.27143,30.14645],[-95.27744,30.1492],[-95.29902,30.14914],[-95.29899,30.14679],[-95.31354,30.16238],[-95.31954,30.17066],[-95.31833,30.17236],[-95.31825,30.17621],[-95.31557,30.18252],[-95.30954,30.18117],[-95.30475,30.18113],[-95.30211,30.18014],[-95.30083,30.17996],[-95.29971,30.18064],[-95.2988,30.18299],[-95.2895,30.18314],[-95.28966,30.18603],[-95.2887,30.18557],[-95.28792,30.18442],[-95.28731,30.18396],[-95.28498,30.1849],[-95.28403,30.18631],[-95.27446,30.18603]]]}},{"type":"Feature","properties":{"PRECINCT":"montgomery:27","COUNTY":"Montgomery"},"geometry":{"type":"Polygon","coordinates":[[[-95.42992,30.296],[-95.42302,30.28347],[-95.41699,30.27531],[-95.41067,30.26963],[-95.42955,30.26532],[-95.43175,30.27174],[-95.44026,30.26931],[-95.44419,30.26683],[-95.4484,30.26538],[-95.44965,30.26573],[-95.44979,30.26555],[-95.45056,30.26568],[-95.45244,30.26537],[-95.45719,30.26537],[-95.4572,30.26275],[-95.46085,30.26309],[-95.46078,30.27828],[-95.46391,30.27811],[-95.4659,30.27844],[-95.47156,30.2804],[-95.47184,30.28094],[-95.48064,30.28385],[-95.48347,30.2831],[-95.48293,30.28567],[-95.48143,30.28877],[-95.47186,30.29115],[-95.47166,30.29174],[-95.47115,30.29133],[-95.46437,30.29307],[-95.46328,30.28981],[-95.46189,30.28687],[-95.46169,30.28733],[-95.45919,30.28803],[-95.45592,30.2905],[-95.45592,30.28976],[-95.43825,30.2943],[-95.42992,30.296]]]}},{"type":"Feature","properties":{"PRECINCT":"montgomery:31","COUNTY":"Montgomery"},"geometry":{"type":"Polygon","coordinates":[[[-95.45562,30.20183],[-95.45306,30.18877],[-95.45197,30.17826],[-95.45548,30.17801],[-95.45927,30.1771],[-95.47135,30.17674],[-95.47108,30.17705],[-95.47124,30.17774],[-95.47064,30.17806],[-95.4718,30.17835],[-95.47306,30.17952],[-95.47267,30.18067],[-95.47314,30.18211],[-95.47272,30.18243],[-95.47272,30.18445],[-95.47188,30.18488],[-95.47196,30.18605],[-95.47331,30.18754],[-95.47444,30.18806],[-95.47545,30.18967],[-95.47669,30.19042],[-95.47914,30.19099],[-95.48146,30.19184],[-95.48254,30.19184],[-95.48502,30.19261],[-95.48782,30.19289],[-95.48845,30.19359],[-95.48895,30.19492],[-95.48898,30.19529],[-95.48801,30.19616],[-95.48814,30.19685],[-95.48856,30.19731],[-95.48861,30.19818],[-95.4903,30.19851],[-95.49077,30.19881],[-95.49194,30.20169],[-95.49135,30.20368],[-95.48822,30.20256],[-95.48558,30.20261],[-95.48384,30.20327],[-95.47966,30.20573],[-95.47771,30.20638],[-95.45635,30.20759],[-95.45562,30.20183]]]}},{"type":"Feature","properties":{"PRECINCT":"montgomery:32","COUNTY":"Montgomery"},"geometry":{"type":"Polygon","coordinates":[[[-95.47326,30.1549],[-95.47359,30.15238],[-95.47313,30.15047],[-95.46916,30.14397],[-95.46664,30.13854],[-95.4659,30.13743],[-95.45737,30.12929],[-95.45732,30.13002],[-95.45666,30.12974],[-95.45639,30.12838],[-95.45615,30.12818],[-95.45489,30.12739],[-95.453,30.12674],[-95.4583,30.1266],[-95.46101,30.12687],[-95.4661,30.12628],[-95.47201,30.12627],[-95.47215,30.13313],[-95.47284,30.13383],[-95.47563,30.13468],[-95.47683,30.13458],[-95.47979,30.13321],[-95.48122,30.13281],[-95.48888,30.13269],[-95.48909,30.14831],[-95.48833,30.14839],[-95.48809,30.14789],[-95.48622,30.14792],[-95.48568,30.1484],[-95.4856,30.14987],[-95.48516,30.15122],[-95.48431,30.15182],[-95.48278,30.15232],[-95.48263,30.15258],[-95.48257,30.15377],[-95.48283,30.15437],[-95.47326,30.1549]]]}},{"type":"Feature","properties":{"PRECINCT":"montgomery:33","COUNTY":"Montgomery"},"geometry":{"type":"Polygon","coordinates":[[[-95.45197,30.17826],[-95.4504,30.16209],[-95.44949,30.15689],[-95.46189,30.15597],[-95.46159,30.15393],[-95.4605,30.15173],[-95.45856,30.15211],[-95.45855,30.15109],[-95.45932,30.14937],[-95.45949,30.14822],[-95.45918,30.14705],[-95.45818,30.14523],[-95.45802,30.14317],[-95.46157,30.14307],[-95.46329,30.14325],[-95.46526,30.14276],[-95.46675,30.14158],[-95.46788,30.14117],[-95.46916,30.14397],[-95.47313,30.15047],[-95.47361,30.15276],[-95.47326,30.1549],[-95.48283,30.15437],[-95.4832,30.15716],[-95.4828,30.15943],[-95.48161,30.16096],[-95.47888,30.16288],[-95.47826,30.1636],[-95.47741,30.16549],[-95.47467,30.16936],[-95.47407,30.17071],[-95.47411,30.17112],[-95.47311,30.17196],[-95.47176,30.17174],[-95.4709,30.17274],[-95.47113,30.17371],[-95.47076,30.17503],[-95.47127,30.17552],[-95.47135,30.17674],[-95.45927,30.1771],[-95.45548,30.17801],[-95.45197,30.17826]]]}},{"type":"Feature","properties":{"PRECINCT":"montgomery:34","COUNTY":"Montgomery"},"geometry":{"type":"Polygon","coordinates":[[[-95.50433,30.27231],[-95.50393,30.27139],[-95.50267,30.27098],[-95.50182,30.26993],[-95.50122,30.26974],[-95.49802,30.26746],[-95.49752,30.26741],[-95.49589,30.26805],[-95.49304,30.26787],[-95.49219,30.26723],[-95.49121,30.2671],[-95.49008,30.2665],[-95.48796,30.2641],[-95.48772,30.26263],[-95.48717,30.26181],[-95.48667,30.26135],[-95.48474,30.26076],[-95.48435,30.26039],[-95.48424,30.25897],[-95.4849,30.25748],[-95.48487,30.25675],[-95.48379,30.25606],[-95.48191,30.25565],[-95.48162,30.25529],[-95.48133,30.25396],[-95.48093,30.25366],[-95.47837,30.2533],[-95.47705,30.25268],[-95.47563,30.25153],[-95.47431,30.25126],[-95.47386,30.25078],[-95.4737,30.24941],[-95.47341,30.24909],[-95.47127,30.24854],[-95.47003,30.24794],[-95.46939,30.24728],[-95.48068,30.24647],[-95.48068,30.24784],[-95.4901,30.24765],[-95.49122,30.24946],[-95.49311,30.2474],[-95.50154,30.24716],[-95.50154,30.24381],[-95.50046,30.24046],[-95.50046,30.23755],[-95.50007,30.23561],[-95.50035,30.23455],[-95.50156,30.23375],[-95.50187,30.23322],[-95.50139,30.23113],[-95.5117,30.22962],[-95.52737,30.22667],[-95.54155,30.22446],[-95.53482,30.23838],[-95.53033,30.2417],[-95.5144,30.25431],[-95.51455,30.27008],[-95.51475,30.27185],[-95.51354,30.2717],[-95.51254,30.27126],[-95.51198,30.27074],[-95.51135,30.27076],[-95.5094,30.27257],[-95.50887,30.27275],[-95.50707,30.27229],[-95.50634,30.27236],[-95.50586,30.27284],[-95.50557,30.27284],[-95.50433,30.27231]]]}},{"type":"Feature","properties":{"PRECINCT":"montgomery:35","COUNTY":"Montgomery"},"geometry":{"type":"Polygon","coordinates":[[[-95.44134,30.16949],[-95.44121,30.1655],[-95.4388,30.16581],[-95.43752,30.16064],[-95.43446,30.16056],[-95.43346,30.15637],[-95.43618,30.1562],[-95.42606,30.11553],[-95.42673,30.11537],[-95.4291,30.1141],[-95.42968,30.11359],[-95.43062,30.11391],[-95.43284,30.11363],[-95.43513,30.11298],[-95.43586,30.11219],[-95.43606,30.11118],[-95.4366,30.11042],[-95.43806,30.11411],[-95.44121,30.11838],[-95.44218,30.12091],[-95.44973,30.15809],[-95.4504,30.16209],[-95.45116,30.16944],[-95.44134,30.16949]]]}},{"type":"Feature","properties":{"PRECINCT":"montgomery:36","COUNTY":"Montgomery"},"geometry":{"type":"Polygon","coordinates":[[[-95.32502,30.2394],[-95.32357,30.23942],[-95.32278,30.23889],[-95.32231,30.23789],[-95.32223,30.23711],[-95.32152,30.23656],[-95.32072,30.23532],[-95.32086,30.23399],[-95.32067,30.23333],[-95.31988,30.23195],[-95.31972,30.2309],[-95.31926,30.23011],[-95.30287,30.23016],[-95.30327,30.22879],[-95.3031,30.22644],[-95.30425,30.22211],[-95.30416,30.21949],[-95.3046,30.21626],[-95.30395,30.2128],[-95.30411,30.21072],[-95.30482,30.20887],[-95.30792,30.20452],[-95.31414,30.19096],[-95.31475,30.18876],[-95.31533,30.18327],[-95.31825,30.17621],[-95.31845,30.17358],[-95.31829,30.17256],[-95.31848,30.17209],[-95.31954,30.17066],[-95.32075,30.16993],[-95.32209,30.16741],[-95.32381,30.16619],[-95.32709,30.16232],[-95.33249,30.15774],[-95.33286,30.15703],[-95.33324,30.15443],[-95.33476,30.15097],[-95.33753,30.15054],[-95.33825,30.14951],[-95.33946,30.14976],[-95.33999,30.14964],[-95.34129,30.14849],[-95.3421,30.14738],[-95.34336,30.14685],[-95.34324,30.14628],[-95.34535,30.14516],[-95.34691,30.14493],[-95.34794,30.14507],[-95.35086,30.14674],[-95.35181,30.14699],[-95.35418,30.14699],[-95.35508,30.14731],[-95.35597,30.14837],[-95.35648,30.15043],[-95.35713,30.15096],[-95.35792,30.15112],[-95.36183,30.15077],[-95.36488,30.15293],[-95.36562,30.15462],[-95.36596,30.15492],[-95.36968,30.15549],[-95.37047,30.15591],[-95.37111,30.15666],[-95.37103,30.15769],[-95.37042,30.15875],[-95.37029,30.15952],[-95.37029,30.16024],[-95.37079,30.16108],[-95.37155,30.16143],[-95.37522,30.16163],[-95.37574,30.16223],[-95.37577,30.16282],[-95.37538,30.16365],[-95.37556,30.16427],[-95.3768,30.16596],[-95.3817,30.16924],[-95.38192,30.16951],[-95.38181,30.17036],[-95.38044,30.17189],[-95.37859,30.17613],[-95.37859,30.17668],[-95.37904,30.17721],[-95.38221,30.17874],[-95.383,30.17966],[-95.38389,30.18165],[-95.38395,30.18222],[-95.38366,30.18289],[-95.38184,30.18552],[-95.38205,30.18701],[-95.38384,30.18891],[-95.38437,30.18983],[-95.3845,30.19196],[-95.38495,30.19278],[-95.38793,30.19489],[-95.38886,30.19661],[-95.3897,30.1973],[-95.39168,30.19791],[-95.39234,30.19844],[-95.39305,30.19986],[-95.3945,30.20114],[-95.39453,30.20183],[-95.3941,30.20279],[-95.39258,30.20474],[-95.3925,30.20556],[-95.39281,30.20643],[-95.39374,30.20719],[-95.39719,30.20811],[-95.39775,30.20849],[-95.39809,30.20916],[-95.39827,30.21024],[-95.384,30.2157],[-95.38161,30.21611],[-95.37869,30.21586],[-95.364,30.21202],[-95.36133,30.21203],[-95.35784,30.21296],[-95.36086,30.22378],[-95.36191,30.22528],[-95.36449,30.22734],[-95.36202,30.22866],[-95.36116,30.22888],[-95.33314,30.2291],[-95.32879,30.22896],[-95.32909,30.23173],[-95.33015,30.23445],[-95.33043,30.23666],[-95.32998,30.23987],[-95.32893,30.24125],[-95.32883,30.24284],[-95.32798,30.24235],[-95.32671,30.24061],[-95.32568,30.24029],[-95.32502,30.2394]]]}},{"type":"Feature","properties":{"PRECINCT":"montgomery:37","COUNTY":"Montgomery"},"geometry":{"type":"Polygon","coordinates":[[[-95.23127,30.09799],[-95.22585,30.09708],[-95.2238,30.09621],[-95.22328,30.09617],[-95.19579,30.09643],[-95.19541,30.09576],[-95.19544,30.08894],[-95.19572,30.08732],[-95.204,30.08022],[-95.21827,30.06906],[-95.22143,30.06855],[-95.24095,30.06844],[-95.24691,30.06982],[-95.23654,30.10442],[-95.23473,30.10406],[-95.22974,30.10233],[-95.23127,30.09799]]]}},{"type":"Feature","properties":{"PRECINCT":"montgomery:38","COUNTY":"Montgomery"},"geometry":{"type":"Polygon","coordinates":[[[-95.66575,30.42067],[-95.66397,30.42079],[-95.66155,30.41968],[-95.66103,30.41869],[-95.66071,30.41859],[-95.65948,30.41888],[-95.65735,30.41821],[-95.65588,30.41836],[-95.65563,30.41808],[-95.65598,30.41781],[-95.6559,30.41762],[-95.65474,30.41757],[-95.65253,30.4165],[-95.65231,30.4159],[-95.65352,30.41433],[-95.6535,30.41399],[-95.65304,30.41401],[-95.65158,30.415],[-95.65089,30.41504],[-95.65033,30.4144],[-95.65022,30.41335],[-95.64933,30.41234],[-95.64866,30.41216],[-95.64866,30.41143],[-95.64785,30.41118],[-95.64713,30.41047],[-95.64656,30.41043],[-95.64654,30.40417],[-95.63375,30.40425],[-95.63123,30.4036],[-95.62735,30.40196],[-95.62623,30.40113],[-95.62677,30.40063],[-95.62751,30.39903],[-95.62712,30.39712],[-95.62751,30.39564],[-95.62796,30.39527],[-95.62882,30.39539],[-95.62908,30.39511],[-95.62959,30.39335],[-95.63056,30.39308],[-95.63052,30.39168],[-95.6308,30.39151],[-95.63127,30.3918],[-95.63122,30.39297],[-95.6309,30.39318],[-95.63093,30.39343],[-95.6325,30.39446],[-95.63278,30.39426],[-95.63251,30.39402],[-95.63262,30.39365],[-95.63317,30.39417],[-95.63269,30.39454],[-95.63329,30.39474],[-95.63329,30.39508],[-95.63393,30.39545],[-95.63402,30.39514],[-95.63536,30.39554],[-95.63574,30.3953],[-95.63571,30.39444],[-95.63519,30.39364],[-95.63606,30.39352],[-95.63619,30.39327],[-95.63585,30.39293],[-95.63525,30.39286],[-95.63351,30.39385],[-95.63307,30.39336],[-95.63365,30.39357],[-95.63529,30.39268],[-95.6371,30.39282],[-95.63816,30.39388],[-95.63901,30.39397],[-95.63941,30.39442],[-95.63923,30.39549],[-95.63863,30.39629],[-95.63931,30.39624],[-95.64044,30.39535],[-95.64119,30.39538],[-95.64157,30.39658],[-95.64279,30.3967],[-95.6434,30.3978],[-95.64419,30.39812],[-95.64451,30.39849],[-95.64419,30.39945],[-95.64435,30.39966],[-95.64739,30.40011],[-95.64843,30.40172],[-95.64887,30.40194],[-95.64909,30.40181],[-95.65008,30.40234],[-95.65054,30.40298],[-95.65219,30.40323],[-95.65262,30.40348],[-95.65297,30.4028],[-95.65287,30.40185],[-95.65318,30.40181],[-95.65334,30.40275],[-95.65292,30.40372],[-95.65356,30.40411],[-95.65335,30.40462],[-95.6538,30.40489],[-95.65455,30.40492],[-95.65733,30.40371],[-95.65722,30.40327],[-95.65453,30.40323],[-95.65442,30.40256],[-95.65503,30.40178],[-95.6568,30.40151],[-95.65688,30.40123],[-95.65534,30.4008],[-95.65274,30.39948],[-95.65317,30.40155],[-95.65284,30.40161],[-95.65233,30.39892],[-95.65168,30.39842],[-95.65075,30.39681],[-95.64992,30.39649],[-95.64857,30.39713],[-95.64736,30.39682],[-95.64633,30.3959],[-95.64549,30.39409],[-95.64546,30.3935],[-95.64572,30.39306],[-95.64689,30.39232],[-95.64732,30.39161],[-95.64924,30.39206],[-95.64957,30.39235],[-95.65122,30.39263],[-95.65202,30.39331],[-95.65287,30.39347],[-95.65335,30.3933],[-95.65332,30.39209],[-95.65521,30.3923],[-95.65283,30.39139],[-95.65196,30.39079],[-95.65091,30.3905],[-95.64943,30.38938],[-95.64799,30.38906],[-95.64721,30.38802],[-95.64676,30.38788],[-95.6449,30.38818],[-95.64336,30.38791],[-95.64302,30.3876],[-95.64303,30.38662],[-95.64197,30.38706],[-95.64068,30.38702],[-95.63959,30.38658],[-95.63859,30.38651],[-95.63764,30.38692],[-95.63711,30.38628],[-95.63782,30.38484],[-95.63753,30.38484],[-95.63642,30.38594],[-95.63574,30.38608],[-95.63497,30.38576],[-95.63259,30.38564],[-95.63008,30.38415],[-95.63008,30.38376],[-95.63082,30.38335],[-95.63095,30.38305],[-95.62802,30.38284],[-95.62588,30.38143],[-95.62564,30.38056],[-95.62601,30.38026],[-95.6286,30.37955],[-95.62786,30.37836],[-95.62805,30.37724],[-95.62897,30.37751],[-95.62889,30.37811],[-95.62913,30.37824],[-95.62942,30.37827],[-95.62969,30.37779],[-95.63087,30.37813],[-95.63256,30.37808],[-95.63267,30.37763],[-95.63304,30.37735],[-95.63423,30.37696],[-95.63399,30.37655],[-95.63264,30.37614],[-95.63272,30.37559],[-95.63322,30.37547],[-95.63518,30.37591],[-95.63629,30.37522],[-95.63708,30.37508],[-95.63721,30.37485],[-95.63618,30.37401],[-95.63589,30.37408],[-95.63373,30.37311],[-95.63371,30.37353],[-95.63283,30.37392],[-95.63236,30.37324],[-95.63149,30.37347],[-95.63132,30.37333],[-95.63005,30.37376],[-95.62858,30.37344],[-95.62866,30.37211],[-95.62937,30.37086],[-95.63527,30.37345],[-95.64975,30.38155],[-95.6536,30.38297],[-95.67715,30.38745],[-95.68831,30.38915],[-95.69395,30.38921],[-95.69657,30.38851],[-95.69664,30.39155],[-95.6974,30.39274],[-95.69933,30.39948],[-95.69964,30.40189],[-95.69952,30.40238],[-95.69812,30.4041],[-95.69193,30.40411],[-95.68947,30.40426],[-95.68852,30.4046],[-95.68537,30.40803],[-95.68273,30.40977],[-95.68171,30.41101],[-95.67477,30.41566],[-95.67405,30.41686],[-95.67221,30.42237],[-95.67003,30.42533],[-95.66997,30.42501],[-95.67044,30.42425],[-95.66998,30.42395],[-95.66995,30.42315],[-95.66863,30.42254],[-95.66713,30.42242],[-95.66597,30.42172],[-95.66575,30.42067]]]}},{"type":"Feature","properties":{"PRECINCT":"montgomery:4","COUNTY":"Montgomery"},"geometry":{"type":"Polygon","coordinates":[[[-95.50673,30.16846],[-95.50402,30.16532],[-95.50124,30.1674],[-95.49953,30.166],[-95.49635,30.16537],[-95.49515,30.16489],[-95.49417,30.16404],[-95.49303,30.16226],[-95.49228,30.16178],[-95.49123,30.16155],[-95.49146,30.15957],[-95.4937,30.1557],[-95.49475,30.1553],[-95.50009,30.15542],[-95.50305,30.15736],[-95.50719,30.16203],[-95.5091,30.16173],[-95.5095,30.16352],[-95.50947,30.16479],[-95.50903,30.16608],[-95.50825,30.16726],[-95.50673,30.16846]]]}},{"type":"Feature","properties":{"PRECINCT":"montgomery:40","COUNTY":"Montgomery"},"geometry":{"type":"Polygon","coordinates":[[[-95.50354,30.36545],[-95.49014,30.36259],[-95.48968,30.36416],[-95.48495,30.36311],[-95.48399,30.35084],[-95.48337,30.34707],[-95.47826,30.33351],[-95.49268,30.32983],[-95.495,30.32827],[-95.49663,30.32583],[-95.50662,30.33024],[-95.51514,30.33576],[-95.52,30.33919],[-95.52209,30.34042],[-95.52469,30.34151],[-95.52791,30.34231],[-95.53089,30.34259],[-95.54629,30.34232],[-95.54908,30.34245],[-95.55185,30.34295],[-95.59585,30.35841],[-95.59572,30.35866],[-95.59643,30.359],[-95.59617,30.36033],[-95.59648,30.36063],[-95.59728,30.36033],[-95.59812,30.35932],[-95.59896,30.35959],[-95.59923,30.36004],[-95.59918,30.3604],[-95.59839,30.36136],[-95.59728,30.36239],[-95.59717,30.36326],[-95.59669,30.3634],[-95.59474,30.36299],[-95.59445,30.36253],[-95.59353,30.36198],[-95.59268,30.36212],[-95.59252,30.36267],[-95.5921,30.36294],[-95.59139,30.36276],[-95.59054,30.36217],[-95.58999,30.36217],[-95.58663,30.36308],[-95.58481,30.36306],[-95.58481,30.36363],[-95.58605,30.36452],[-95.586,30.3653],[-95.58766,30.36585],[-95.58766,30.36613],[-95.58713,30.36658],[-95.58719,30.36695],[-95.58808,30.36745],[-95.58824,30.36775],[-95.58808,30.3681],[-95.58708,30.36784],[-95.58608,30.36718],[-95.58568,30.36656],[-95.58455,30.36601],[-95.5841,30.36539],[-95.58299,30.36489],[-95.58127,30.36492],[-95.58096,30.36532],[-95.58039,30.36545],[-95.58046,30.36575],[-95.56873,30.36561],[-95.56875,30.36204],[-95.56817,30.36066],[-95.56526,30.358],[-95.56509,30.36291],[-95.56397,30.36388],[-95.52963,30.35629],[-95.52251,30.35806],[-95.52305,30.35891],[-95.51738,30.36041],[-95.51688,30.36215],[-95.51482,30.36177],[-95.51476,30.36197],[-95.51445,30.36189],[-95.51445,30.36241],[-95.51291,30.36254],[-95.5117,30.3619],[-95.51137,30.36192],[-95.51049,30.36289],[-95.51027,30.3639],[-95.50991,30.36398],[-95.5096,30.36471],[-95.50919,30.36452],[-95.50892,30.36481],[-95.50404,30.36376],[-95.50354,30.36545]]]}},{"type":"Feature","properties":{"PRECINCT":"montgomery:41","COUNTY":"Montgomery"},"geometry":{"type":"Polygon","coordinates":[[[-95.1659,30.34498],[-95.13706,30.27098],[-95.15304,30.24738],[-95.15885,30.24227],[-95.16085,30.23987],[-95.16254,30.23669],[-95.16424,30.23253],[-95.16653,30.22877],[-95.16955,30.22309],[-95.1922,30.18956],[-95.1929,30.18955],[-95.19208,30.19104],[-95.19236,30.1911],[-95.19215,30.19162],[-95.19128,30.19309],[-95.19391,30.19404],[-95.19537,30.19412],[-95.19666,30.19393],[-95.20049,30.19225],[-95.20338,30.19155],[-95.20949,30.19156],[-95.21389,30.19239],[-95.21665,30.19353],[-95.21925,30.19519],[-95.22158,30.19742],[-95.22257,30.19873],[-95.23081,30.21476],[-95.2322,30.21652],[-95.23404,30.21798],[-95.23726,30.21931],[-95.23937,30.21963],[-95.24326,30.21955],[-95.24283,30.24006],[-95.26924,30.24006],[-95.27071,30.25012],[-95.27075,30.25482],[-95.26678,30.25393],[-95.26287,30.25405],[-95.25851,30.25522],[-95.25565,30.2568],[-95.25403,30.25737],[-95.24916,30.25764],[-95.24542,30.25897],[-95.24061,30.2597],[-95.23895,30.25966],[-95.23685,30.26556],[-95.22722,30.28543],[-95.22735,30.29763],[-95.22783,30.30048],[-95.22841,30.30952],[-95.22888,30.31234],[-95.22228,30.31269],[-95.2223,30.31312],[-95.22251,30.31344],[-95.22306,30.31365],[-95.22306,30.31399],[-95.22383,30.31418],[-95.22372,30.31477],[-95.22393,30.31495],[-95.22367,30.3155],[-95.22436,30.31564],[-95.22431,30.31621],[-95.22473,30.3163],[-95.2251,30.31697],[-95.22505,30.3177],[-95.22592,30.31811],[-95.22576,30.31859],[-95.22505,30.31894],[-95.22558,30.31953],[-95.2199,30.32202],[-95.19324,30.3327],[-95.18317,30.33763],[-95.16902,30.34337],[-95.1659,30.34498]]]}},{"type":"Feature","properties":{"PRECINCT":"montgomery:42","COUNTY":"Montgomery"},"geometry":{"type":"Polygon","coordinates":[[[-95.2645,30.22149],[-95.25942,30.22137],[-95.25904,30.22118],[-95.25896,30.21366],[-95.25641,30.21043],[-95.25613,30.20972],[-95.25609,30.20841],[-95.2548,30.20576],[-95.25499,30.20513],[-95.25656,30.20298],[-95.26647,30.20536],[-95.26677,30.20516],[-95.26855,30.20525],[-95.26932,30.20601],[-95.27168,30.20701],[-95.27343,30.20837],[-95.28437,30.21947],[-95.29221,30.23188],[-95.2993,30.23768],[-95.30067,30.23848],[-95.30061,30.2414],[-95.30092,30.2431],[-95.30492,30.24711],[-95.30607,30.24923],[-95.30804,30.25127],[-95.30886,30.25269],[-95.31221,30.2571],[-95.30058,30.26019],[-95.29404,30.26008],[-95.29135,30.25976],[-95.27075,30.25482],[-95.27047,30.22476],[-95.27002,30.22377],[-95.26939,30.2233],[-95.2645,30.22149]]]}},{"type":"Feature","properties":{"PRECINCT":"montgomery:43","COUNTY":"Montgomery"},"geometry":{"type":"Polygon","coordinates":[[[-95.48633,30.38051],[-95.48495,30.36311],[-95.48968,30.36416],[-95.49014,30.36259],[-95.50354,30.36545],[-95.50404,30.36376],[-95.50892,30.36481],[-95.50919,30.36452],[-95.5096,30.36471],[-95.50991,30.36398],[-95.51027,30.3639],[-95.51049,30.36289],[-95.51137,30.36192],[-95.5117,30.3619],[-95.51291,30.36254],[-95.51445,30.36241],[-95.51445,30.36189],[-95.51476,30.36197],[-95.51482,30.36177],[-95.51688,30.36215],[-95.51738,30.36041],[-95.52305,30.35891],[-95.52251,30.35806],[-95.52963,30.35629],[-95.56397,30.36388],[-95.5604,30.36693],[-95.55938,30.36718],[-95.55498,30.37094],[-95.55424,30.37295],[-95.55409,30.37447],[-95.55276,30.3766],[-95.55144,30.37786],[-95.5507,30.3805],[-95.54908,30.38302],[-95.54892,30.38491],[-95.54715,30.38969],[-95.54564,30.39194],[-95.54285,30.39016],[-95.54109,30.38996],[-95.53388,30.38815],[-95.52896,30.38197],[-95.52876,30.3811],[-95.52899,30.38019],[-95.52672,30.37982],[-95.52635,30.38093],[-95.52567,30.38081],[-95.52359,30.38217],[-95.52201,30.38284],[-95.52105,30.38382],[-95.51987,30.38625],[-95.51865,30.39043],[-95.51774,30.39474],[-95.5162,30.39772],[-95.51563,30.39838],[-95.51361,30.39948],[-95.49229,30.42004],[-95.49262,30.42087],[-95.49196,30.42106],[-95.48799,30.40799],[-95.48722,30.40404],[-95.48633,30.38051]]]}},{"type":"Feature","properties":{"PRECINCT":"montgomery:44","COUNTY":"Montgomery"},"geometry":{"type":"Polygon","coordinates":[[[-95.44536,30.38702],[-95.44452,30.38674],[-95.44251,30.38665],[-95.44172,30.38627],[-95.44011,30.38457],[-95.43926,30.38423],[-95.43638,30.38391],[-95.43596,30.3837],[-95.43416,30.38199],[-95.43442,30.381],[-95.43418,30.38045],[-95.4335,30.38034],[-95.43302,30.37999],[-95.43162,30.37995],[-95.43075,30.37958],[-95.42948,30.37848],[-95.42863,30.37725],[-95.42768,30.37667],[-95.42676,30.37555],[-95.42636,30.37457],[-95.42639,30.37383],[-95.42562,30.37335],[-95.42504,30.37264],[-95.42414,30.37228],[-95.42303,30.37095],[-95.42324,30.3701],[-95.4239,30.36932],[-95.42379,30.36834],[-95.42482,30.36751],[-95.42472,30.36644],[-95.42495,30.36575],[-95.42411,30.36554],[-95.42221,30.36632],[-95.42118,30.36543],[-95.42078,30.36534],[-95.42044,30.36477],[-95.41912,30.36447],[-95.41711,30.36532],[-95.41665,30.36467],[-95.41806,30.36249],[-95.42327,30.35614],[-95.42697,30.35076],[-95.42875,30.34299],[-95.42974,30.34064],[-95.44022,30.33982],[-95.44566,30.34022],[-95.44777,30.34011],[-95.45432,30.33863],[-95.45957,30.33791],[-95.47826,30.33351],[-95.48296,30.34591],[-95.4836,30.34817],[-95.48529,30.36688],[-95.47641,30.36492],[-95.47777,30.36901],[-95.47714,30.36897],[-95.47544,30.37051],[-95.4701,30.37891],[-95.46235,30.3729],[-95.46227,30.37263],[-95.44761,30.3884],[-95.44629,30.38784],[-95.44536,30.38702]]]}},{"type":"Feature","properties":{"PRECINCT":"montgomery:45","COUNTY":"Montgomery"},"geometry":{"type":"Polygon","coordinates":[[[-95.50082,30.14797],[-95.50029,30.14756],[-95.49943,30.14757],[-95.49941,30.14673],[-95.48909,30.14684],[-95.48888,30.13269],[-95.48122,30.13281],[-95.48003,30.13311],[-95.47774,30.13417],[-95.47728,30.13357],[-95.47723,30.13293],[-95.47662,30.13252],[-95.47665,30.13194],[-95.47746,30.13095],[-95.47783,30.1297],[-95.47675,30.12883],[-95.47696,30.12759],[-95.47669,30.12725],[-95.47648,30.12486],[-95.47693,30.12315],[-95.47759,30.12267],[-95.47769,30.1217],[-95.47637,30.12072],[-95.47458,30.12003],[-95.47402,30.12003],[-95.47292,30.12047],[-95.47136,30.11992],[-95.47102,30.11935],[-95.47078,30.11795],[-95.46923,30.11708],[-95.46875,30.11651],[-95.46867,30.1153],[-95.46843,30.11509],[-95.46709,30.11472],[-95.4649,30.11477],[-95.4639,30.11443],[-95.46264,30.11482],[-95.46121,30.11462],[-95.45968,30.11281],[-95.4598,30.1119],[-95.45904,30.11155],[-95.45866,30.11082],[-95.45813,30.11051],[-95.45728,30.11048],[-95.45608,30.1099],[-95.45574,30.10935],[-95.45491,30.10931],[-95.45459,30.10906],[-95.45453,30.10847],[-95.45398,30.1083],[-95.45376,30.10799],[-95.45212,30.10765],[-95.45203,30.1072],[-95.45238,30.10672],[-95.45337,30.10648],[-95.45358,30.10623],[-95.45335,30.10499],[-95.45351,30.10475],[-95.45533,30.10429],[-95.45571,30.10497],[-95.4567,30.10523],[-95.45724,30.1047],[-95.4586,30.1046],[-95.45879,30.10526],[-95.45965,30.10518],[-95.46073,30.10562],[-95.46188,30.10517],[-95.46292,30.1053],[-95.4636,30.10444],[-95.46405,30.10422],[-95.46446,30.10439],[-95.46477,30.10532],[-95.46559,30.10501],[-95.46636,30.10504],[-95.46651,30.10479],[-95.4661,30.10401],[-95.46646,30.10366],[-95.46731,30.10346],[-95.46796,30.1037],[-95.4682,30.10426],[-95.46898,30.10419],[-95.46937,30.10463],[-95.47015,30.10397],[-95.47062,30.10404],[-95.47213,30.10338],[-95.47239,30.104],[-95.47309,30.10462],[-95.47349,30.10367],[-95.47384,30.10349],[-95.47431,30.10388],[-95.47448,30.10329],[-95.47475,30.10323],[-95.4754,30.10354],[-95.47576,30.104],[-95.47746,30.10441],[-95.47792,30.10507],[-95.47921,30.10474],[-95.47957,30.10642],[-95.47986,30.10638],[-95.47993,30.10587],[-95.48028,30.10566],[-95.48065,30.10606],[-95.48185,30.10651],[-95.48228,30.10733],[-95.48307,30.10707],[-95.48343,30.10757],[-95.48462,30.10793],[-95.48539,30.10778],[-95.4883,30.10793],[-95.48858,30.10847],[-95.4894,30.10872],[-95.4904,30.10964],[-95.49128,30.10992],[-95.49115,30.1105],[-95.49225,30.11273],[-95.4919,30.1131],[-95.49246,30.11386],[-95.4921,30.11403],[-95.4918,30.11511],[-95.49264,30.11548],[-95.49253,30.11633],[-95.49336,30.11768],[-95.49426,30.11802],[-95.49524,30.11901],[-95.49628,30.11962],[-95.49637,30.12003],[-95.49591,30.12023],[-95.49617,30.12153],[-95.49724,30.12181],[-95.49726,30.12235],[-95.49761,30.12271],[-95.49749,30.12314],[-95.49787,30.12359],[-95.49716,30.12367],[-95.49704,30.12386],[-95.49732,30.12454],[-95.49717,30.12518],[-95.49772,30.12598],[-95.49691,30.12663],[-95.49607,30.12605],[-95.49581,30.12616],[-95.49607,30.12689],[-95.49568,30.12742],[-95.49587,30.12795],[-95.49619,30.12827],[-95.49697,30.12845],[-95.49708,30.12872],[-95.496,30.12978],[-95.49656,30.13013],[-95.49577,30.13186],[-95.49694,30.13244],[-95.49698,30.13317],[-95.49663,30.13386],[-95.49801,30.13528],[-95.49738,30.13557],[-95.49725,30.1359],[-95.49794,30.13667],[-95.49784,30.13702],[-95.49861,30.13743],[-95.4985,30.13908],[-95.49894,30.13912],[-95.49938,30.13966],[-95.4999,30.14259],[-95.50055,30.14283],[-95.50051,30.14319],[-95.50086,30.14333],[-95.50096,30.14369],[-95.50212,30.14421],[-95.50168,30.14671],[-95.5018,30.14797],[-95.50082,30.14797]]]}},{"type":"Feature","properties":{"PRECINCT":"montgomery:46","COUNTY":"Montgomery"},"geometry":{"type":"Polygon","coordinates":[[[-95.3729,30.09787],[-95.37107,30.09796],[-95.36844,30.09895],[-95.36624,30.09918],[-95.3666,30.09627],[-95.36775,30.09364],[-95.36803,30.0921],[-95.36807,30.08756],[-95.36757,30.08754],[-95.36757,30.08803],[-95.36445,30.08722],[-95.36284,30.08515],[-95.36226,30.08552],[-95.35363,30.07634],[-95.356,30.07732],[-95.35867,30.07653],[-95.35941,30.07658],[-95.35994,30.07686],[-95.3611,30.07815],[-95.36214,30.07839],[-95.36326,30.07796],[-95.36468,30.07682],[-95.36554,30.07659],[-95.3669,30.07784],[-95.36757,30.07802],[-95.36956,30.07796],[-95.37102,30.07833],[-95.37261,30.07917],[-95.37374,30.0803],[-95.37416,30.08158],[-95.37437,30.0835],[-95.37413,30.08474],[-95.37423,30.08563],[-95.37457,30.0862],[-95.37497,30.08637],[-95.37586,30.08603],[-95.37685,30.08602],[-95.3784,30.08716],[-95.37923,30.08748],[-95.38178,30.08714],[-95.3836,30.08794],[-95.38476,30.08777],[-95.38498,30.08732],[-95.38469,30.0864],[-95.38494,30.08575],[-95.38561,30.08519],[-95.38654,30.08475],[-95.3874,30.08467],[-95.38891,30.08516],[-95.38972,30.08516],[-95.39011,30.08463],[-95.39045,30.08323],[-95.3909,30.08286],[-95.39174,30.08273],[-95.39264,30.08322],[-95.39562,30.08403],[-95.3975,30.08531],[-95.39829,30.08556],[-95.39987,30.0899],[-95.40136,30.09113],[-95.40256,30.09174],[-95.4055,30.09209],[-95.40386,30.09375],[-95.40291,30.09611],[-95.40152,30.09714],[-95.38769,30.11057],[-95.38598,30.10821],[-95.38301,30.1052],[-95.37936,30.10276],[-95.37688,30.09944],[-95.37516,30.09839],[-95.3729,30.09787]]]}},{"type":"Feature","properties":{"PRECINCT":"montgomery:47","COUNTY":"Montgomery"},"geometry":{"type":"Polygon","coordinates":[[[-95.38554,30.12007],[-95.38456,30.11802],[-95.38359,30.11846],[-95.38236,30.11734],[-95.38363,30.11706],[-95.38179,30.11567],[-95.38482,30.1133],[-95.40152,30.09714],[-95.40291,30.09611],[-95.40376,30.09391],[-95.40487,30.09259],[-95.4055,30.09209],[-95.40729,30.093],[-95.4094,30.09264],[-95.41003,30.09283],[-95.41091,30.09467],[-95.41256,30.09497],[-95.41292,30.09546],[-95.41064,30.09794],[-95.40716,30.09602],[-95.4065,30.09581],[-95.40619,30.09629],[-95.40582,30.09792],[-95.40596,30.10044],[-95.40514,30.11311],[-95.40377,30.11467],[-95.40327,30.11574],[-95.40359,30.12293],[-95.40179,30.12223],[-95.39912,30.12067],[-95.39756,30.11911],[-95.39369,30.12118],[-95.38391,30.12797],[-95.38377,30.12686],[-95.38396,30.1256],[-95.38527,30.12297],[-95.3856,30.12172],[-95.38554,30.12007]]]}},{"type":"Feature","properties":{"PRECINCT":"montgomery:48","COUNTY":"Montgomery"},"geometry":{"type":"Polygon","coordinates":[[[-95.4929,30.173],[-95.49214,30.17207],[-95.49084,30.17108],[-95.48658,30.16874],[-95.48508,30.16829],[-95.48273,30.16819],[-95.47905,30.16947],[-95.47763,30.16975],[-95.47653,30.16976],[-95.47467,30.16935],[-95.47741,30.16549],[-95.47826,30.1636],[-95.47888,30.16288],[-95.48161,30.16096],[-95.4828,30.15943],[-95.4832,30.15716],[-95.48283,30.15437],[-95.48614,30.15502],[-95.49247,30.15779],[-95.49132,30.15995],[-95.49123,30.16155],[-95.49228,30.16178],[-95.49303,30.16226],[-95.49417,30.16404],[-95.49515,30.16489],[-95.49635,30.16537],[-95.49953,30.166],[-95.50124,30.1674],[-95.50402,30.16532],[-95.50673,30.16846],[-95.50417,30.17021],[-95.50253,30.17277],[-95.50178,30.17244],[-95.50127,30.17331],[-95.50042,30.17358],[-95.49839,30.17308],[-95.49705,30.17542],[-95.49551,30.17714],[-95.49447,30.17589],[-95.4929,30.173]]]}},{"type":"Feature","properties":{"PRECINCT":"montgomery:49","COUNTY":"Montgomery"},"geometry":{"type":"Polygon","coordinates":[[[-95.51199,30.17811],[-95.50937,30.17836],[-95.50544,30.18031],[-95.50315,30.18083],[-95.50049,30.18051],[-95.49917,30.17994],[-95.49809,30.17919],[-95.50012,30.17679],[-95.50417,30.17021],[-95.50673,30.16846],[-95.50815,30.17032],[-95.50912,30.17119],[-95.51503,30.17429],[-95.52002,30.17603],[-95.52676,30.17728],[-95.52599,30.18021],[-95.52452,30.18254],[-95.52191,30.18138],[-95.51777,30.18052],[-95.51416,30.17863],[-95.51199,30.17811]]]}},{"type":"Feature","properties":{"PRECINCT":"montgomery:5","COUNTY":"Montgomery"},"geometry":{"type":"Polygon","coordinates":[[[-95.83024,30.63028],[-95.76154,30.59482],[-95.69918,30.56172],[-95.63105,30.52596],[-95.63677,30.52599],[-95.63927,30.52634],[-95.64727,30.52677],[-95.67078,30.53047],[-95.673,30.53023],[-95.6819,30.5276],[-95.68462,30.52701],[-95.69913,30.52477],[-95.71051,30.52386],[-95.71317,30.52389],[-95.7166,30.52437],[-95.72236,30.5247],[-95.72974,30.52425],[-95.73153,30.52728],[-95.73358,30.52908],[-95.73384,30.52924],[-95.73986,30.52915],[-95.7397,30.53035],[-95.74879,30.53028],[-95.74867,30.52756],[-95.76732,30.5276],[-95.76736,30.52594],[-95.78861,30.52582],[-95.78857,30.52316],[-95.79334,30.52053],[-95.794,30.51991],[-95.80148,30.50981],[-95.80523,30.50934],[-95.80791,30.50476],[-95.80997,30.5022],[-95.81028,30.50138],[-95.81024,30.50022],[-95.81195,30.50058],[-95.81273,30.50112],[-95.8131,30.50419],[-95.81382,30.50499],[-95.81377,30.50621],[-95.81474,30.50823],[-95.81461,30.50933],[-95.81505,30.51064],[-95.8154,30.51018],[-95.81516,30.50933],[-95.81561,30.50883],[-95.81556,30.5083],[-95.81611,30.50786],[-95.81632,30.50736],[-95.81683,30.50716],[-95.81683,30.50677],[-95.81611,30.50596],[-95.81625,30.50363],[-95.81603,30.50303],[-95.81659,30.50216],[-95.81614,30.50189],[-95.81551,30.50207],[-95.81429,30.50051],[-95.81342,30.50022],[-95.81748,30.50022],[-95.81798,30.50308],[-95.81895,30.51292],[-95.83024,30.63028]]]}},{"type":"Feature","properties":{"PRECINCT":"montgomery:50","COUNTY":"Montgomery"},"geometry":{"type":"Polygon","coordinates":[[[-95.55987,30.42848],[-95.55818,30.42718],[-95.55712,30.42665],[-95.55704,30.42635],[-95.55592,30.42628],[-95.55657,30.4262],[-95.55781,30.42657],[-95.55963,30.42732],[-95.5604,30.42723],[-95.56111,30.42619],[-95.56122,30.4253],[-95.56206,30.42505],[-95.56352,30.42363],[-95.56354,30.42333],[-95.5622,30.42223],[-95.56349,30.42157],[-95.56335,30.42124],[-95.5607,30.42046],[-95.56046,30.42131],[-95.55513,30.4201],[-95.55427,30.41983],[-95.55379,30.41874],[-95.54793,30.41746],[-95.5435,30.42085],[-95.5417,30.42666],[-95.5271,30.42313],[-95.50761,30.41882],[-95.5061,30.41872],[-95.50097,30.41903],[-95.49501,30.42053],[-95.49262,30.42087],[-95.49229,30.42004],[-95.51361,30.39948],[-95.51587,30.39812],[-95.51754,30.39531],[-95.51965,30.38691],[-95.52105,30.38382],[-95.52201,30.38284],[-95.52359,30.38217],[-95.52549,30.38088],[-95.52635,30.38093],[-95.52672,30.37982],[-95.52899,30.38019],[-95.52876,30.3811],[-95.52896,30.38197],[-95.53388,30.38815],[-95.54109,30.38996],[-95.54285,30.39016],[-95.54564,30.39194],[-95.54715,30.38969],[-95.54892,30.38491],[-95.54908,30.38302],[-95.5507,30.3805],[-95.55144,30.37786],[-95.55276,30.3766],[-95.55409,30.37447],[-95.55424,30.37295],[-95.55498,30.37094],[-95.55938,30.36718],[-95.5604,30.36693],[-95.56509,30.36291],[-95.56526,30.358],[-95.56817,30.36066],[-95.56875,30.36204],[-95.56871,30.36873],[-95.57001,30.37213],[-95.57044,30.37277],[-95.5764,30.37808],[-95.57625,30.37833],[-95.57683,30.37922],[-95.57661,30.39321],[-95.58765,30.40283],[-95.58747,30.40913],[-95.58308,30.4129],[-95.58176,30.41315],[-95.58059,30.41377],[-95.57781,30.41464],[-95.57532,30.4164],[-95.5743,30.41652],[-95.57195,30.41853],[-95.57166,30.41928],[-95.56696,30.42317],[-95.56667,30.42405],[-95.56549,30.42594],[-95.56226,30.42883],[-95.56197,30.4292],[-95.56196,30.43124],[-95.55897,30.43032],[-95.55987,30.42848]]]}},{"type":"Feature","properties":{"PRECINCT":"montgomery:51","COUNTY":"Montgomery"},"geometry":{"type":"Polygon","coordinates":[[[-95.46431,30.31983],[-95.46176,30.31222],[-95.45582,30.31217],[-95.45592,30.2905],[-95.45919,30.28803],[-95.46169,30.28733],[-95.46189,30.28687],[-95.46328,30.28981],[-95.47413,30.32252],[-95.47826,30.33351],[-95.46765,30.33608],[-95.46506,30.32681],[-95.46431,30.31983]]]}},{"type":"Feature","properties":{"PRECINCT":"montgomery:52","COUNTY":"Montgomery"},"geometry":{"type":"Polygon","coordinates":[[[-95.21325,30.15014],[-95.1967,30.15035],[-95.19511,30.15001],[-95.19217,30.14895],[-95.19161,30.14782],[-95.19087,30.14732],[-95.19053,30.14677],[-95.19092,30.14496],[-95.18979,30.14393],[-95.18987,30.14182],[-95.18889,30.14102],[-95.18868,30.14049],[-95.18865,30.13987],[-95.18921,30.1388],[-95.18928,30.13802],[-95.18789,30.13724],[-95.18768,30.1369],[-95.18783,30.13612],[-95.18928,30.13387],[-95.18944,30.13298],[-95.18896,30.13222],[-95.1877,30.13197],[-95.18728,30.13165],[-95.18773,30.13021],[-95.18712,30.12902],[-95.18583,30.12817],[-95.18522,30.127],[-95.18253,30.12496],[-95.18219,30.12494],[-95.18121,30.12565],[-95.1805,30.12558],[-95.18021,30.12428],[-95.17934,30.12373],[-95.17786,30.12054],[-95.17739,30.12018],[-95.17654,30.12009],[-95.17615,30.11983],[-95.17546,30.11885],[-95.17483,30.11844],[-95.17406,30.11826],[-95.17254,30.1183],[-95.17201,30.11807],[-95.17161,30.11732],[-95.17235,30.11447],[-95.17225,30.11172],[-95.17402,30.10835],[-95.17403,30.10721],[-95.17346,30.1062],[-95.17285,30.10567],[-95.19572,30.08732],[-95.19544,30.08894],[-95.19541,30.09576],[-95.19579,30.09643],[-95.2238,30.09621],[-95.226,30.09711],[-95.2278,30.09726],[-95.23127,30.09799],[-95.22974,30.10233],[-95.23473,30.10406],[-95.23654,30.10442],[-95.22634,30.13837],[-95.22558,30.14013],[-95.21554,30.15505],[-95.21426,30.15499],[-95.21175,30.15446],[-95.21325,30.15014]]]}},{"type":"Feature","properties":{"PRECINCT":"montgomery:53","COUNTY":"Montgomery"},"geometry":{"type":"Polygon","coordinates":[[[-95.18173,30.18932],[-95.17987,30.18913],[-95.1797,30.18949],[-95.17875,30.18943],[-95.1784,30.18962],[-95.17377,30.18952],[-95.17075,30.18985],[-95.1056,30.19064],[-95.09772,30.1704],[-95.09671,30.16721],[-95.11908,30.14912],[-95.12447,30.1445],[-95.12474,30.14562],[-95.12402,30.1464],[-95.12408,30.1467],[-95.1251,30.14732],[-95.1251,30.14812],[-95.12435,30.1487],[-95.12557,30.14924],[-95.12618,30.1508],[-95.12592,30.15169],[-95.12695,30.15241],[-95.12669,30.15286],[-95.12684,30.15369],[-95.12745,30.15445],[-95.12756,30.155],[-95.12847,30.15561],[-95.12817,30.1566],[-95.12872,30.15716],[-95.12944,30.15737],[-95.1299,30.15843],[-95.13061,30.15869],[-95.13111,30.15924],[-95.13125,30.15996],[-95.1318,30.16049],[-95.13227,30.16158],[-95.13208,30.16205],[-95.13241,30.16289],[-95.1334,30.16389],[-95.13353,30.16447],[-95.13426,30.16538],[-95.13507,30.16567],[-95.1455,30.16737],[-95.14758,30.16734],[-95.15052,30.16793],[-95.16771,30.1677],[-95.16947,30.16737],[-95.17629,30.16732],[-95.17637,30.16916],[-95.17851,30.16912],[-95.1785,30.16756],[-95.17723,30.16499],[-95.17607,30.16437],[-95.17404,30.16261],[-95.17288,30.16007],[-95.17277,30.15913],[-95.17153,30.15775],[-95.17124,30.15711],[-95.17127,30.155],[-95.17203,30.15395],[-95.17203,30.15283],[-95.17335,30.15069],[-95.17258,30.14877],[-95.17147,30.14779],[-95.17145,30.1471],[-95.17513,30.14689],[-95.17515,30.14975],[-95.17801,30.14976],[-95.17797,30.14693],[-95.1785,30.14693],[-95.18034,30.14707],[-95.18765,30.1484],[-95.19063,30.14844],[-95.19511,30.15001],[-95.1967,30.15035],[-95.21325,30.15014],[-95.21175,30.15446],[-95.21426,30.15499],[-95.21554,30.15505],[-95.21027,30.16327],[-95.20981,30.16313],[-95.20868,30.16504],[-95.20801,30.16508],[-95.20691,30.16773],[-95.18345,30.20253],[-95.18329,30.20182],[-95.18432,30.20015],[-95.18398,30.1985],[-95.18464,30.198],[-95.18445,30.19559],[-95.18355,30.19445],[-95.18316,30.19358],[-95.18316,30.19298],[-95.18194,30.19241],[-95.18181,30.19168],[-95.18207,30.18994],[-95.18173,30.18932]]]}},{"type":"Feature","properties":{"PRECINCT":"montgomery:54","COUNTY":"Montgomery"},"geometry":{"type":"Polygon","coordinates":[[[-95.17637,30.16916],[-95.17629,30.16732],[-95.16947,30.16737],[-95.16771,30.1677],[-95.15052,30.16793],[-95.14758,30.16734],[-95.1455,30.16737],[-95.13437,30.16547],[-95.13353,30.16447],[-95.1334,30.16389],[-95.13241,30.16289],[-95.13208,30.16205],[-95.13227,30.16158],[-95.1318,30.16049],[-95.13125,30.15996],[-95.13111,30.15924],[-95.13061,30.15869],[-95.1299,30.15843],[-95.12944,30.15737],[-95.12872,30.15716],[-95.12817,30.1566],[-95.12847,30.15561],[-95.12756,30.155],[-95.12745,30.15445],[-95.12684,30.15369],[-95.12669,30.15286],[-95.12695,30.15241],[-95.12592,30.15169],[-95.12618,30.1508],[-95.12598,30.15003],[-95.12547,30.14912],[-95.12435,30.1487],[-95.1251,30.14812],[-95.1251,30.14732],[-95.12408,30.1467],[-95.12402,30.1464],[-95.12474,30.14562],[-95.12447,30.1445],[-95.17285,30.10567],[-95.17346,30.1062],[-95.17403,30.10721],[-95.17402,30.10835],[-95.17225,30.11172],[-95.17235,30.11447],[-95.17161,30.11732],[-95.17201,30.11807],[-95.17254,30.1183],[-95.17406,30.11826],[-95.17483,30.11844],[-95.17546,30.11885],[-95.17615,30.11983],[-95.17654,30.12009],[-95.17739,30.12018],[-95.17786,30.12054],[-95.17934,30.12373],[-95.18021,30.12428],[-95.1805,30.12558],[-95.18121,30.12565],[-95.18219,30.12494],[-95.18253,30.12496],[-95.18522,30.127],[-95.18583,30.12817],[-95.18712,30.12902],[-95.18773,30.13021],[-95.18728,30.13165],[-95.1877,30.13197],[-95.18896,30.13222],[-95.18944,30.13298],[-95.18928,30.13387],[-95.18783,30.13612],[-95.18768,30.1369],[-95.18789,30.13724],[-95.18928,30.13802],[-95.18921,30.1388],[-95.18865,30.13987],[-95.18868,30.14049],[-95.18889,30.14102],[-95.18987,30.14182],[-95.18979,30.14393],[-95.19092,30.14496],[-95.19053,30.14677],[-95.19087,30.14732],[-95.19161,30.14782],[-95.19217,30.14895],[-95.19034,30.14839],[-95.18765,30.1484],[-95.18034,30.14707],[-95.17797,30.14693],[-95.17801,30.14976],[-95.17515,30.14975],[-95.17513,30.14689],[-95.17145,30.1471],[-95.17147,30.14779],[-95.17258,30.14877],[-95.17335,30.15069],[-95.17203,30.15283],[-95.17203,30.15395],[-95.17127,30.155],[-95.17124,30.15711],[-95.17153,30.15775],[-95.17277,30.15913],[-95.17288,30.16007],[-95.17404,30.16261],[-95.17607,30.16437],[-95.17723,30.16499],[-95.1785,30.16756],[-95.17851,30.16912],[-95.17637,30.16916]]]}},{"type":"Feature","properties":{"PRECINCT":"montgomery:55","COUNTY":"Montgomery"},"geometry":{"type":"Polygon","coordinates":[[[-95.37738,30.33896],[-95.37711,30.33887],[-95.37656,30.33921],[-95.37582,30.33864],[-95.37405,30.33905],[-95.37257,30.33899],[-95.37252,30.33805],[-95.37146,30.33729],[-95.37136,30.33637],[-95.37101,30.33628],[-95.37025,30.33667],[-95.36983,30.3358],[-95.36874,30.33585],[-95.36771,30.33459],[-95.36621,30.33395],[-95.36322,30.33431],[-95.36211,30.33388],[-95.36153,30.33289],[-95.36151,30.33177],[-95.35542,30.33288],[-95.35086,30.33309],[-95.3281,30.333],[-95.31959,30.33242],[-95.32048,30.3264],[-95.31911,30.30919],[-95.31831,30.30667],[-95.31775,30.30564],[-95.30577,30.28598],[-95.30568,30.28507],[-95.30661,30.27721],[-95.30631,30.27293],[-95.30511,30.26835],[-95.30272,30.26317],[-95.30156,30.26],[-95.31221,30.2571],[-95.31412,30.25942],[-95.31559,30.26165],[-95.31814,30.26308],[-95.31997,30.26512],[-95.32058,30.27144],[-95.32269,30.27583],[-95.32412,30.27714],[-95.32723,30.27893],[-95.33177,30.283],[-95.33324,30.28465],[-95.33355,30.28618],[-95.33397,30.28684],[-95.33718,30.28924],[-95.33878,30.29006],[-95.34395,30.29164],[-95.34633,30.29261],[-95.35133,30.294],[-95.35244,30.29486],[-95.35529,30.29787],[-95.35781,30.29978],[-95.35815,30.30053],[-95.35827,30.30462],[-95.36129,30.3087],[-95.36335,30.3124],[-95.36365,30.31349],[-95.36577,30.31388],[-95.37097,30.31602],[-95.37416,30.31705],[-95.37606,30.31866],[-95.37674,30.31896],[-95.384,30.31902],[-95.38786,30.31979],[-95.38786,30.32472],[-95.38835,30.3263],[-95.39581,30.32477],[-95.38408,30.32976],[-95.38524,30.33394],[-95.38598,30.33458],[-95.38853,30.33562],[-95.38897,30.33603],[-95.38963,30.3381],[-95.38947,30.33867],[-95.38879,30.33943],[-95.38879,30.33996],[-95.38781,30.34002],[-95.38604,30.33942],[-95.3844,30.33937],[-95.38406,30.33875],[-95.38324,30.33878],[-95.38332,30.33772],[-95.38306,30.33754],[-95.38168,30.33754],[-95.38129,30.33818],[-95.38134,30.33917],[-95.37978,30.34022],[-95.37748,30.33958],[-95.37738,30.33896]]]}},{"type":"Feature","properties":{"PRECINCT":"montgomery:56","COUNTY":"Montgomery"},"geometry":{"type":"Polygon","coordinates":[[[-95.44807,30.24496],[-95.44807,30.24411],[-95.44863,30.24274],[-95.4482,30.24217],[-95.44572,30.24205],[-95.44417,30.24231],[-95.44322,30.2416],[-95.44271,30.24052],[-95.44229,30.24038],[-95.44071,30.24052],[-95.43936,30.23997],[-95.43738,30.2378],[-95.43641,30.23787],[-95.43567,30.23959],[-95.43512,30.2397],[-95.43451,30.2394],[-95.43417,30.23908],[-95.43401,30.23828],[-95.43445,30.23544],[-95.43421,30.23501],[-95.43263,30.23402],[-95.43208,30.23343],[-95.43208,30.2329],[-95.43289,30.23237],[-95.43273,30.23152],[-95.43226,30.23116],[-95.43094,30.23104],[-95.42996,30.23132],[-95.42938,30.23187],[-95.42844,30.23208],[-95.42772,30.2318],[-95.42743,30.23134],[-95.42741,30.23045],[-95.42651,30.22963],[-95.42609,30.22681],[-95.43299,30.22676],[-95.43297,30.22411],[-95.4344,30.22409],[-95.4342,30.20847],[-95.4468,30.20837],[-95.45617,30.20735],[-95.45874,30.2353],[-95.45836,30.2409],[-95.45788,30.2433],[-95.45747,30.24491],[-95.45675,30.24463],[-95.45575,30.24507],[-95.45433,30.24507],[-95.45391,30.24546],[-95.45369,30.24596],[-95.45388,30.2478],[-95.45314,30.24853],[-95.45124,30.24851],[-95.45021,30.247],[-95.44863,30.24576],[-95.44807,30.24496]]]}},{"type":"Feature","properties":{"PRECINCT":"montgomery:57","COUNTY":"Montgomery"},"geometry":{"type":"Polygon","coordinates":[[[-95.49145,30.50883],[-95.49196,30.50162],[-95.4965,30.47212],[-95.49659,30.4685],[-95.49608,30.4632],[-95.49544,30.43603],[-95.50606,30.43897],[-95.51036,30.43965],[-95.54571,30.44775],[-95.54576,30.45458],[-95.54642,30.45574],[-95.54587,30.45551],[-95.54634,30.45636],[-95.54721,30.45712],[-95.54853,30.45725],[-95.54999,30.4565],[-95.55204,30.45651],[-95.55349,30.4569],[-95.5551,30.45766],[-95.55831,30.45767],[-95.5605,30.45718],[-95.56256,30.45542],[-95.56796,30.45544],[-95.56942,30.4557],[-95.57,30.45608],[-95.5776,30.45598],[-95.57993,30.4565],[-95.58649,30.45652],[-95.58517,30.45701],[-95.58503,30.45786],[-95.58597,30.45894],[-95.58388,30.45921],[-95.58302,30.46554],[-95.58394,30.4708],[-95.58157,30.47125],[-95.58326,30.47314],[-95.58052,30.47714],[-95.58005,30.47941],[-95.57923,30.48168],[-95.59477,30.50021],[-95.59827,30.50331],[-95.59905,30.50504],[-95.59916,30.50655],[-95.59888,30.50898],[-95.49145,30.50883]]]}},{"type":"Feature","properties":{"PRECINCT":"montgomery:58","COUNTY":"Montgomery"},"geometry":{"type":"Polygon","coordinates":[[[-95.48299,30.19195],[-95.48146,30.19184],[-95.48116,30.19164],[-95.48291,30.18911],[-95.48766,30.18482],[-95.48887,30.18588],[-95.48977,30.18737],[-95.49079,30.18697],[-95.49297,30.18552],[-95.49711,30.18467],[-95.49603,30.18214],[-95.4982,30.18041],[-95.50142,30.18152],[-95.50157,30.18077],[-95.50315,30.18083],[-95.50451,30.18062],[-95.50894,30.17849],[-95.51032,30.17817],[-95.51199,30.17811],[-95.51416,30.17863],[-95.51777,30.18052],[-95.52191,30.18138],[-95.52452,30.18254],[-95.52371,30.1842],[-95.52355,30.18639],[-95.52469,30.1897],[-95.52522,30.19206],[-95.52402,30.19162],[-95.5238,30.19132],[-95.52158,30.19111],[-95.51991,30.19043],[-95.51753,30.19112],[-95.51709,30.19135],[-95.51693,30.19172],[-95.51596,30.19195],[-95.51529,30.19171],[-95.51487,30.19121],[-95.51478,30.19068],[-95.51243,30.18785],[-95.51113,30.18767],[-95.50895,30.18844],[-95.50708,30.19079],[-95.50533,30.19065],[-95.50486,30.19029],[-95.50306,30.19033],[-95.50039,30.19095],[-95.49889,30.19085],[-95.49768,30.19038],[-95.49685,30.1907],[-95.49567,30.19041],[-95.49416,30.18883],[-95.49266,30.18872],[-95.4922,30.189],[-95.49145,30.19009],[-95.4895,30.19091],[-95.48874,30.19174],[-95.48771,30.19211],[-95.48713,30.1927],[-95.48639,30.19282],[-95.48502,30.19261],[-95.48299,30.19195]]]}},{"type":"Feature","properties":{"PRECINCT":"montgomery:59","COUNTY":"Montgomery"},"geometry":{"type":"Polygon","coordinates":[[[-95.5156,30.19826],[-95.51351,30.19861],[-95.51034,30.20087],[-95.50704,30.1977],[-95.50602,30.19692],[-95.50454,30.19621],[-95.5022,30.19582],[-95.49863,30.19629],[-95.49709,30.19626],[-95.49572,30.19593],[-95.4945,30.19535],[-95.49265,30.19354],[-95.4911,30.19029],[-95.49235,30.18887],[-95.49341,30.18874],[-95.49416,30.18883],[-95.49567,30.19041],[-95.49685,30.1907],[-95.49768,30.19038],[-95.49889,30.19085],[-95.50039,30.19095],[-95.50306,30.19033],[-95.50486,30.19029],[-95.50533,30.19065],[-95.50708,30.19079],[-95.50895,30.18844],[-95.51113,30.18767],[-95.51243,30.18785],[-95.51478,30.19068],[-95.51487,30.19121],[-95.51529,30.19171],[-95.51596,30.19195],[-95.51693,30.19172],[-95.51709,30.19135],[-95.51753,30.19112],[-95.51991,30.19043],[-95.52158,30.19111],[-95.5238,30.19132],[-95.52402,30.19162],[-95.52522,30.19206],[-95.52587,30.19503],[-95.52777,30.19865],[-95.52851,30.20067],[-95.52848,30.20209],[-95.52779,30.20295],[-95.52526,30.20463],[-95.52387,30.20488],[-95.52274,30.2047],[-95.52168,30.20418],[-95.52068,30.20309],[-95.51999,30.20093],[-95.51913,30.19974],[-95.51794,30.19903],[-95.5156,30.19826]]]}},{"type":"Feature","properties":{"PRECINCT":"montgomery:6","COUNTY":"Montgomery"},"geometry":{"type":"Polygon","coordinates":[[[-95.56194,30.2072],[-95.5611,30.20731],[-95.5602,30.20704],[-95.55978,30.20729],[-95.55672,30.2063],[-95.55559,30.20626],[-95.55347,30.20512],[-95.55451,30.20367],[-95.55532,30.20177],[-95.5566,30.19965],[-95.55963,30.19747],[-95.56133,30.19487],[-95.56338,30.19309],[-95.56412,30.19162],[-95.56428,30.1881],[-95.56534,30.18649],[-95.56638,30.18724],[-95.56812,30.188],[-95.57073,30.18823],[-95.57286,30.18772],[-95.57582,30.18631],[-95.5776,30.18606],[-95.57959,30.18623],[-95.58087,30.18662],[-95.58201,30.18726],[-95.58588,30.19079],[-95.59018,30.1928],[-95.58883,30.1949],[-95.57976,30.20475],[-95.5784,30.2059],[-95.57697,30.20512],[-95.57545,30.20537],[-95.57476,30.20596],[-95.57394,30.20631],[-95.57352,30.20702],[-95.57318,30.20709],[-95.57223,30.20677],[-95.57078,30.20688],[-95.57004,30.20642],[-95.56877,30.20624],[-95.56822,30.20665],[-95.56767,30.20669],[-95.56666,30.20635],[-95.56474,30.20727],[-95.56384,30.2074],[-95.56313,30.2072],[-95.56231,30.2074],[-95.56194,30.2072]]]}},{"type":"Feature","properties":{"PRECINCT":"montgomery:60","COUNTY":"Montgomery"},"geometry":{"type":"Polygon","coordinates":[[[-95.40973,30.35499],[-95.40702,30.35499],[-95.40564,30.35437],[-95.40461,30.35428],[-95.40303,30.35467],[-95.40099,30.35414],[-95.39999,30.35419],[-95.39862,30.35268],[-95.39782,30.35103],[-95.39626,30.34982],[-95.39576,30.34872],[-95.39592,30.3456],[-95.39513,30.34487],[-95.39523,30.34391],[-95.39436,30.34315],[-95.39436,30.34244],[-95.39151,30.34059],[-95.39119,30.33981],[-95.39079,30.3396],[-95.38879,30.33996],[-95.38879,30.33943],[-95.38947,30.33867],[-95.38963,30.3381],[-95.38897,30.33603],[-95.38853,30.33562],[-95.38598,30.33458],[-95.38524,30.33394],[-95.38408,30.32976],[-95.39581,30.32477],[-95.38835,30.3263],[-95.38786,30.32472],[-95.38786,30.31979],[-95.38991,30.32029],[-95.39323,30.32166],[-95.39733,30.3239],[-95.39904,30.32357],[-95.39884,30.31761],[-95.4171,30.31985],[-95.4192,30.31983],[-95.41929,30.32012],[-95.43243,30.31915],[-95.43425,30.31862],[-95.44171,30.31559],[-95.44514,30.31497],[-95.44681,30.31983],[-95.44423,30.32108],[-95.44281,30.32212],[-95.43638,30.32897],[-95.43459,30.33172],[-95.43911,30.33057],[-95.4386,30.32886],[-95.44183,30.32847],[-95.44466,30.32666],[-95.44532,30.32678],[-95.44481,30.32559],[-95.44466,30.32405],[-95.44558,30.3238],[-95.44621,30.32547],[-95.44655,30.32566],[-95.44753,30.32539],[-95.4477,30.32498],[-95.44726,30.32343],[-95.44929,30.32287],[-95.44972,30.32438],[-95.44946,30.32531],[-95.45027,30.32777],[-95.45573,30.32647],[-95.45583,30.32951],[-95.45713,30.33825],[-95.45432,30.33863],[-95.44739,30.34017],[-95.44566,30.34022],[-95.44022,30.33982],[-95.42974,30.34064],[-95.42875,30.34299],[-95.42697,30.35076],[-95.42327,30.35614],[-95.41806,30.36249],[-95.41665,30.36467],[-95.41534,30.36307],[-95.4142,30.3622],[-95.41388,30.36062],[-95.41341,30.35968],[-95.4109,30.35813],[-95.41079,30.35572],[-95.41042,30.35526],[-95.40973,30.35499]]]}},{"type":"Feature","properties":{"PRECINCT":"montgomery:61","COUNTY":"Montgomery"},"geometry":{"type":"Polygon","coordinates":[[[-95.55194,30.18108],[-95.5486,30.18111],[-95.54157,30.18187],[-95.53914,30.18164],[-95.53701,30.18091],[-95.53144,30.1781],[-95.52156,30.1764],[-95.51707,30.17512],[-95.5118,30.17272],[-95.50912,30.17119],[-95.50815,30.17032],[-95.50673,30.16846],[-95.50869,30.16669],[-95.5092,30.16573],[-95.50953,30.16432],[-95.50899,30.16009],[-95.50962,30.15717],[-95.50958,30.15549],[-95.50903,30.15382],[-95.50684,30.15],[-95.50778,30.1493],[-95.50832,30.14785],[-95.50884,30.14726],[-95.50894,30.14782],[-95.50948,30.14835],[-95.51113,30.14883],[-95.51255,30.14957],[-95.51315,30.15044],[-95.5146,30.15119],[-95.51529,30.15123],[-95.51533,30.1518],[-95.51611,30.15214],[-95.51608,30.15263],[-95.51682,30.15311],[-95.51684,30.15374],[-95.51726,30.15423],[-95.51792,30.1541],[-95.51853,30.1534],[-95.51824,30.15297],[-95.51868,30.15218],[-95.52,30.15281],[-95.51951,30.15305],[-95.51939,30.15342],[-95.52091,30.1542],[-95.52109,30.15509],[-95.52237,30.15508],[-95.52198,30.15555],[-95.52227,30.15637],[-95.52351,30.15741],[-95.5235,30.15802],[-95.52301,30.15852],[-95.52333,30.15868],[-95.5239,30.15844],[-95.52436,30.15874],[-95.52386,30.1612],[-95.52452,30.16204],[-95.52456,30.16278],[-95.52498,30.16335],[-95.52632,30.16348],[-95.52708,30.16391],[-95.52753,30.16469],[-95.52806,30.16495],[-95.5292,30.16486],[-95.5292,30.16555],[-95.52953,30.16582],[-95.53045,30.16577],[-95.53109,30.16506],[-95.53101,30.16467],[-95.53155,30.16445],[-95.53168,30.16511],[-95.53268,30.1659],[-95.53405,30.1664],[-95.53377,30.16701],[-95.5339,30.16717],[-95.53509,30.1675],[-95.53467,30.16803],[-95.53614,30.16847],[-95.53679,30.16822],[-95.53712,30.1693],[-95.53753,30.16929],[-95.53886,30.16854],[-95.53972,30.16954],[-95.54203,30.17053],[-95.54246,30.17034],[-95.54304,30.17045],[-95.54284,30.16979],[-95.5433,30.17017],[-95.54361,30.17014],[-95.54468,30.1694],[-95.54489,30.16901],[-95.54562,30.16953],[-95.54712,30.16904],[-95.54826,30.17011],[-95.54862,30.16996],[-95.54835,30.16935],[-95.54883,30.16925],[-95.54921,30.16944],[-95.54966,30.17015],[-95.5505,30.17005],[-95.5509,30.17047],[-95.55183,30.17059],[-95.5525,30.17035],[-95.55295,30.1699],[-95.55282,30.16918],[-95.5533,30.16847],[-95.5542,30.16807],[-95.5548,30.16752],[-95.55541,30.1673],[-95.55598,30.16737],[-95.55603,30.16708],[-95.55661,30.16669],[-95.55657,30.16621],[-95.5568,30.16591],[-95.55736,30.16671],[-95.55832,30.16702],[-95.55832,30.1807],[-95.56119,30.18067],[-95.56184,30.18145],[-95.56134,30.18276],[-95.56124,30.18419],[-95.55605,30.18191],[-95.55194,30.18108]]]}},{"type":"Feature","properties":{"PRECINCT":"montgomery:62","COUNTY":"Montgomery"},"geometry":{"type":"Polygon","coordinates":[[[-95.47272,30.18445],[-95.47272,30.18243],[-95.47314,30.18211],[-95.47267,30.18067],[-95.47306,30.17952],[-95.4718,30.17835],[-95.47064,30.17806],[-95.47124,30.17774],[-95.47108,30.17705],[-95.4714,30.17668],[-95.47127,30.17552],[-95.47076,30.17503],[-95.47113,30.17371],[-95.4709,30.17274],[-95.47176,30.17174],[-95.47338,30.17187],[-95.47411,30.17112],[-95.47407,30.17071],[-95.47467,30.16935],[-95.47653,30.16976],[-95.47798,30.16971],[-95.48155,30.16848],[-95.48316,30.16815],[-95.48478,30.16824],[-95.48619,30.16859],[-95.49084,30.17108],[-95.49214,30.17207],[-95.49277,30.17279],[-95.49447,30.17589],[-95.49551,30.17714],[-95.49705,30.17542],[-95.49839,30.17308],[-95.50042,30.17358],[-95.50127,30.17331],[-95.50178,30.17244],[-95.50253,30.17277],[-95.50012,30.17679],[-95.49809,30.17919],[-95.49954,30.18015],[-95.50157,30.18077],[-95.50142,30.18152],[-95.4982,30.18041],[-95.49603,30.18214],[-95.49711,30.18467],[-95.49297,30.18552],[-95.49079,30.18697],[-95.48977,30.18737],[-95.48887,30.18588],[-95.48766,30.18482],[-95.48291,30.18911],[-95.48116,30.19164],[-95.47714,30.19061],[-95.47545,30.18967],[-95.47444,30.18806],[-95.47331,30.18754],[-95.47196,30.18605],[-95.47188,30.18488],[-95.47272,30.18445]]]}},{"type":"Feature","properties":{"PRECINCT":"montgomery:63","COUNTY":"Montgomery"},"geometry":{"type":"Polygon","coordinates":[[[-95.62701,30.40919],[-95.61669,30.40644],[-95.59158,30.4065],[-95.57661,30.39321],[-95.57683,30.37922],[-95.57625,30.37833],[-95.5764,30.37808],[-95.57828,30.37973],[-95.57901,30.38011],[-95.6025,30.38045],[-95.60382,30.37995],[-95.61243,30.37998],[-95.61389,30.38049],[-95.61622,30.38088],[-95.62001,30.38102],[-95.62422,30.37862],[-95.62587,30.37726],[-95.62631,30.3765],[-95.62763,30.37537],[-95.62735,30.37222],[-95.62903,30.37077],[-95.62932,30.37094],[-95.62866,30.37211],[-95.62858,30.37344],[-95.63005,30.37376],[-95.63132,30.37333],[-95.63149,30.37347],[-95.63236,30.37324],[-95.63283,30.37392],[-95.63371,30.37353],[-95.63373,30.37311],[-95.63589,30.37408],[-95.63618,30.37401],[-95.63721,30.37485],[-95.63708,30.37508],[-95.63629,30.37522],[-95.63518,30.37591],[-95.63322,30.37547],[-95.63272,30.37559],[-95.63264,30.37614],[-95.63399,30.37655],[-95.63423,30.37696],[-95.63304,30.37735],[-95.63267,30.37763],[-95.63256,30.37808],[-95.63087,30.37813],[-95.62969,30.37779],[-95.62942,30.37827],[-95.62913,30.37824],[-95.62889,30.37811],[-95.62897,30.37751],[-95.62805,30.37724],[-95.62786,30.37836],[-95.6286,30.37955],[-95.62601,30.38026],[-95.62564,30.38056],[-95.62564,30.38113],[-95.62699,30.3823],[-95.62802,30.38284],[-95.63095,30.38305],[-95.63082,30.38335],[-95.63008,30.38376],[-95.63008,30.38415],[-95.63259,30.38564],[-95.63497,30.38576],[-95.63574,30.38608],[-95.63642,30.38594],[-95.63753,30.38484],[-95.63782,30.38484],[-95.63711,30.38628],[-95.63764,30.38692],[-95.63859,30.38651],[-95.63959,30.38658],[-95.64068,30.38702],[-95.64197,30.38706],[-95.64303,30.38662],[-95.64302,30.3876],[-95.64336,30.38791],[-95.6449,30.38818],[-95.64676,30.38788],[-95.64721,30.38802],[-95.64799,30.38906],[-95.64943,30.38938],[-95.65091,30.3905],[-95.65196,30.39079],[-95.65283,30.39139],[-95.65521,30.3923],[-95.65332,30.39209],[-95.65335,30.3933],[-95.65287,30.39347],[-95.65202,30.39331],[-95.65122,30.39263],[-95.64957,30.39235],[-95.64924,30.39206],[-95.64732,30.39161],[-95.64689,30.39232],[-95.64572,30.39306],[-95.64546,30.3935],[-95.64549,30.39409],[-95.64633,30.3959],[-95.64736,30.39682],[-95.64857,30.39713],[-95.64992,30.39649],[-95.65075,30.39681],[-95.65168,30.39842],[-95.65233,30.39892],[-95.65284,30.40161],[-95.65317,30.40155],[-95.65274,30.39948],[-95.65534,30.4008],[-95.65688,30.40123],[-95.6568,30.40151],[-95.65503,30.40178],[-95.65442,30.40256],[-95.65453,30.40323],[-95.65722,30.40327],[-95.65733,30.40371],[-95.65455,30.40492],[-95.6538,30.40489],[-95.65335,30.40462],[-95.65356,30.40411],[-95.65292,30.40372],[-95.65334,30.40275],[-95.65318,30.40181],[-95.65287,30.40185],[-95.65297,30.4028],[-95.65262,30.40348],[-95.65219,30.40323],[-95.65054,30.40298],[-95.65008,30.40234],[-95.64909,30.40181],[-95.64887,30.40194],[-95.64843,30.40172],[-95.64739,30.40011],[-95.64435,30.39966],[-95.64419,30.39945],[-95.64451,30.39849],[-95.64419,30.39812],[-95.6434,30.3978],[-95.64279,30.3967],[-95.64157,30.39658],[-95.64119,30.39538],[-95.64044,30.39535],[-95.63931,30.39624],[-95.63863,30.39629],[-95.63923,30.39549],[-95.63941,30.39442],[-95.63901,30.39397],[-95.63816,30.39388],[-95.6371,30.39282],[-95.63529,30.39268],[-95.63365,30.39357],[-95.63307,30.39336],[-95.63351,30.39385],[-95.63525,30.39286],[-95.63585,30.39293],[-95.63619,30.39327],[-95.63606,30.39352],[-95.63519,30.39364],[-95.63571,30.39444],[-95.63574,30.3953],[-95.63536,30.39554],[-95.63402,30.39514],[-95.63393,30.39545],[-95.63329,30.39508],[-95.63329,30.39474],[-95.63269,30.39454],[-95.63317,30.39417],[-95.63262,30.39365],[-95.63251,30.39402],[-95.63278,30.39426],[-95.6325,30.39446],[-95.63093,30.39343],[-95.6309,30.39318],[-95.63122,30.39297],[-95.63127,30.3918],[-95.63063,30.39153],[-95.63045,30.39228],[-95.63063,30.39293],[-95.62959,30.39335],[-95.62908,30.39511],[-95.62882,30.39539],[-95.62796,30.39527],[-95.62751,30.39564],[-95.62712,30.39712],[-95.62751,30.39903],[-95.62677,30.40063],[-95.62623,30.40113],[-95.62735,30.40196],[-95.63123,30.4036],[-95.63375,30.40425],[-95.64654,30.40417],[-95.64656,30.41043],[-95.64713,30.41047],[-95.64785,30.41118],[-95.64866,30.41143],[-95.64866,30.41216],[-95.64933,30.41234],[-95.65022,30.41335],[-95.65033,30.4144],[-95.65089,30.41504],[-95.64513,30.41307],[-95.62701,30.40919]]]}},{"type":"Feature","properties":{"PRECINCT":"montgomery:64","COUNTY":"Montgomery"},"geometry":{"type":"Polygon","coordinates":[[[-95.29221,30.23188],[-95.28437,30.21947],[-95.27279,30.20779],[-95.27094,30.20661],[-95.26932,30.20601],[-95.26855,30.20525],[-95.26677,30.20516],[-95.26647,30.20536],[-95.25751,30.2033],[-95.256,30.20269],[-95.25493,30.20182],[-95.25423,30.20059],[-95.25339,30.19687],[-95.24976,30.18683],[-95.24381,30.17792],[-95.24453,30.17763],[-95.24561,30.17779],[-95.24661,30.17765],[-95.24738,30.17692],[-95.24738,30.17598],[-95.24869,30.17644],[-95.24975,30.17602],[-95.25074,30.17668],[-95.25148,30.17673],[-95.25227,30.17735],[-95.25443,30.17762],[-95.25504,30.17849],[-95.25609,30.17875],[-95.25649,30.17998],[-95.25583,30.18076],[-95.25556,30.18159],[-95.25575,30.18232],[-95.25614,30.18278],[-95.25857,30.1829],[-95.25931,30.18372],[-95.26012,30.18363],[-95.26084,30.1842],[-95.26139,30.18411],[-95.26178,30.18439],[-95.26279,30.18457],[-95.26279,30.18224],[-95.26801,30.18219],[-95.26799,30.1838],[-95.27445,30.18387],[-95.27446,30.18613],[-95.28403,30.18631],[-95.28498,30.1849],[-95.28731,30.18396],[-95.28792,30.18442],[-95.2887,30.18557],[-95.28966,30.18603],[-95.2895,30.18314],[-95.2988,30.18299],[-95.29971,30.18064],[-95.30083,30.17996],[-95.30211,30.18014],[-95.30475,30.18113],[-95.30954,30.18117],[-95.31557,30.18252],[-95.31509,30.18445],[-95.31475,30.18876],[-95.31414,30.19096],[-95.30792,30.20452],[-95.30482,30.20887],[-95.30411,30.21072],[-95.30395,30.2128],[-95.3046,30.21626],[-95.30416,30.21949],[-95.30425,30.22211],[-95.3031,30.22644],[-95.30327,30.22879],[-95.30287,30.23016],[-95.30121,30.2323],[-95.30067,30.23212],[-95.29886,30.23211],[-95.29888,30.23639],[-95.29852,30.23705],[-95.29221,30.23188]]]}},{"type":"Feature","properties":{"PRECINCT":"montgomery:67","COUNTY":"Montgomery"},"geometry":{"type":"Polygon","coordinates":[[[-95.44949,30.15689],[-95.44769,30.14841],[-95.44806,30.1484],[-95.44824,30.14922],[-95.44922,30.149],[-95.44893,30.14519],[-95.44812,30.14067],[-95.45369,30.14064],[-95.45391,30.13863],[-95.4568,30.13459],[-95.45789,30.13415],[-95.45803,30.13358],[-95.45682,30.13327],[-95.45728,30.13241],[-95.45737,30.12929],[-95.46531,30.13673],[-95.46664,30.13854],[-95.46788,30.14117],[-95.46675,30.14158],[-95.46526,30.14276],[-95.46329,30.14325],[-95.46157,30.14307],[-95.45802,30.14317],[-95.45818,30.14523],[-95.45918,30.14705],[-95.45949,30.14822],[-95.45932,30.14937],[-95.45855,30.15109],[-95.45856,30.15211],[-95.4605,30.15173],[-95.46159,30.15393],[-95.46189,30.15597],[-95.44949,30.15689]]]}},{"type":"Feature","properties":{"PRECINCT":"montgomery:68","COUNTY":"Montgomery"},"geometry":{"type":"Polygon","coordinates":[[[-95.41376,30.13929],[-95.41353,30.13791],[-95.41,30.13781],[-95.40956,30.13763],[-95.40587,30.13339],[-95.40554,30.12664],[-95.40587,30.12637],[-95.40584,30.12553],[-95.40359,30.12465],[-95.40327,30.11574],[-95.40377,30.11467],[-95.40514,30.11311],[-95.40596,30.10044],[-95.40582,30.09792],[-95.4065,30.09581],[-95.41064,30.09794],[-95.41054,30.09851],[-95.41079,30.09943],[-95.41221,30.09939],[-95.4116,30.10031],[-95.41174,30.10085],[-95.41385,30.10134],[-95.41639,30.10314],[-95.41799,30.10393],[-95.41894,30.10478],[-95.41884,30.10872],[-95.42046,30.1087],[-95.42118,30.10943],[-95.42245,30.10983],[-95.423,30.11086],[-95.42291,30.1121],[-95.42347,30.11332],[-95.42357,30.11453],[-95.42387,30.11514],[-95.42422,30.11549],[-95.42473,30.1156],[-95.42606,30.11553],[-95.43103,30.13528],[-95.42815,30.13493],[-95.42239,30.13526],[-95.42226,30.13827],[-95.4206,30.13825],[-95.42068,30.1395],[-95.41785,30.13954],[-95.41515,30.1411],[-95.41376,30.13929]]]}},{"type":"Feature","properties":{"PRECINCT":"montgomery:69","COUNTY":"Montgomery"},"geometry":{"type":"Polygon","coordinates":[[[-95.50987,30.22613],[-95.50032,30.21016],[-95.50716,30.20719],[-95.51381,30.20601],[-95.51437,30.20562],[-95.51486,30.20482],[-95.51644,30.20523],[-95.51978,30.20541],[-95.52181,30.20578],[-95.52604,30.20758],[-95.52188,30.21428],[-95.52064,30.21738],[-95.52051,30.22359],[-95.52121,30.22783],[-95.51159,30.22964],[-95.50987,30.22613]]]}},{"type":"Feature","properties":{"PRECINCT":"montgomery:7","COUNTY":"Montgomery"},"geometry":{"type":"Polygon","coordinates":[[[-95.26926,30.24009],[-95.24283,30.24006],[-95.24326,30.21955],[-95.23937,30.21963],[-95.23726,30.21931],[-95.23404,30.21798],[-95.2322,30.21652],[-95.23081,30.21476],[-95.22332,30.19992],[-95.22158,30.19742],[-95.22037,30.19615],[-95.21783,30.19422],[-95.21564,30.19305],[-95.21389,30.19239],[-95.21086,30.19169],[-95.20858,30.19151],[-95.20245,30.19166],[-95.20049,30.19225],[-95.19724,30.19374],[-95.19537,30.19412],[-95.19315,30.19387],[-95.19128,30.19309],[-95.19236,30.1911],[-95.19208,30.19104],[-95.1929,30.18955],[-95.1922,30.18956],[-95.193,30.18824],[-95.20691,30.16773],[-95.20801,30.16508],[-95.20868,30.16504],[-95.20981,30.16313],[-95.21027,30.16327],[-95.21554,30.15505],[-95.22326,30.15522],[-95.22486,30.15575],[-95.22586,30.15649],[-95.24051,30.17347],[-95.2429,30.17658],[-95.24905,30.18564],[-95.25014,30.18773],[-95.25339,30.19687],[-95.2543,30.20081],[-95.25512,30.20201],[-95.25656,30.20298],[-95.25499,30.20513],[-95.2548,30.20576],[-95.25609,30.20841],[-95.25613,30.20972],[-95.25641,30.21043],[-95.25896,30.21366],[-95.25904,30.22118],[-95.25942,30.22137],[-95.2645,30.22149],[-95.26939,30.2233],[-95.27002,30.22377],[-95.27042,30.22453],[-95.27067,30.23209],[-95.27044,30.23554],[-95.27071,30.25012],[-95.26926,30.24009]]]}},{"type":"Feature","properties":{"PRECINCT":"montgomery:70","COUNTY":"Montgomery"},"geometry":{"type":"Polygon","coordinates":[[[-95.50509,30.2065],[-95.50387,30.20629],[-95.503,30.20523],[-95.50182,30.20483],[-95.49763,30.20465],[-95.49688,30.20397],[-95.49529,30.20148],[-95.49465,30.20126],[-95.49334,30.20126],[-95.49297,30.2008],[-95.49297,30.19948],[-95.49231,30.19874],[-95.49154,30.19838],[-95.49091,30.19831],[-95.49004,30.19859],[-95.4888,30.19834],[-95.48801,30.19616],[-95.48898,30.19529],[-95.48895,30.19492],[-95.48819,30.19321],[-95.48713,30.1927],[-95.48716,30.1925],[-95.48874,30.19174],[-95.4895,30.19091],[-95.4911,30.19029],[-95.49265,30.19354],[-95.4945,30.19535],[-95.49572,30.19593],[-95.49709,30.19626],[-95.49863,30.19629],[-95.5022,30.19582],[-95.50454,30.19621],[-95.50602,30.19692],[-95.50704,30.1977],[-95.51034,30.20087],[-95.5137,30.19852],[-95.5152,30.19825],[-95.51659,30.19846],[-95.51864,30.19938],[-95.51956,30.20019],[-95.52049,30.20274],[-95.52111,30.20363],[-95.52051,30.20425],[-95.52025,30.20547],[-95.51644,30.20523],[-95.51486,30.20482],[-95.51437,30.20562],[-95.51365,30.20606],[-95.50778,30.20703],[-95.50568,30.20782],[-95.50509,30.2065]]]}},{"type":"Feature","properties":{"PRECINCT":"montgomery:71","COUNTY":"Montgomery"},"geometry":{"type":"Polygon","coordinates":[[[-95.54588,30.21596],[-95.5438,30.21557],[-95.53731,30.2135],[-95.53811,30.21185],[-95.54032,30.20923],[-95.54039,30.20807],[-95.53963,30.20595],[-95.53966,30.20516],[-95.53624,30.20491],[-95.53456,30.20529],[-95.53331,30.20629],[-95.53229,30.20825],[-95.53078,30.20744],[-95.52807,30.20475],[-95.53198,30.20161],[-95.53517,30.19662],[-95.53776,30.19817],[-95.53946,30.19896],[-95.53951,30.19878],[-95.53982,30.19912],[-95.5409,30.19919],[-95.54217,30.2],[-95.54407,30.19954],[-95.54438,30.19972],[-95.54478,30.20062],[-95.54657,30.20064],[-95.54902,30.20153],[-95.54992,30.20321],[-95.55158,30.20476],[-95.55374,30.20518],[-95.55472,30.20591],[-95.55559,30.20626],[-95.55672,30.2063],[-95.55978,30.20729],[-95.56065,30.20704],[-95.5611,30.20731],[-95.56194,30.2072],[-95.56231,30.2074],[-95.56313,30.2072],[-95.56384,30.2074],[-95.56474,30.20727],[-95.56666,30.20635],[-95.56767,30.20669],[-95.56822,30.20665],[-95.56877,30.20624],[-95.57004,30.20642],[-95.57078,30.20688],[-95.57223,30.20677],[-95.57318,30.20709],[-95.57352,30.20702],[-95.57394,30.20631],[-95.57476,30.20596],[-95.57545,30.20537],[-95.57697,30.20512],[-95.5784,30.2059],[-95.57088,30.21037],[-95.56969,30.21137],[-95.56942,30.21123],[-95.5691,30.21135],[-95.56457,30.21422],[-95.56274,30.21567],[-95.54887,30.2161],[-95.54588,30.21596]]]}},{"type":"Feature","properties":{"PRECINCT":"montgomery:72","COUNTY":"Montgomery"},"geometry":{"type":"Polygon","coordinates":[[[-95.59887,30.43716],[-95.5989,30.43199],[-95.59831,30.43136],[-95.59832,30.43073],[-95.59716,30.42909],[-95.59707,30.41812],[-95.59649,30.41698],[-95.59621,30.41396],[-95.59592,30.4137],[-95.59592,30.41333],[-95.59258,30.41029],[-95.59258,30.4094],[-95.59215,30.4089],[-95.59215,30.40789],[-95.59157,30.40739],[-95.59143,30.40688],[-95.59158,30.4065],[-95.61669,30.40644],[-95.62701,30.40919],[-95.64513,30.41307],[-95.65113,30.41512],[-95.65339,30.41392],[-95.65352,30.41433],[-95.65231,30.4159],[-95.65253,30.4165],[-95.65474,30.41757],[-95.6559,30.41762],[-95.65598,30.41781],[-95.65563,30.41808],[-95.65588,30.41836],[-95.65735,30.41821],[-95.65948,30.41888],[-95.66071,30.41859],[-95.66103,30.41869],[-95.66155,30.41968],[-95.66397,30.42079],[-95.66497,30.4208],[-95.66553,30.42055],[-95.66575,30.42067],[-95.66597,30.42172],[-95.66713,30.42242],[-95.66863,30.42254],[-95.66974,30.42301],[-95.66995,30.42315],[-95.66998,30.42395],[-95.67044,30.42425],[-95.66997,30.42501],[-95.67003,30.42533],[-95.66581,30.43053],[-95.66357,30.43268],[-95.6629,30.43377],[-95.66143,30.43438],[-95.65026,30.4344],[-95.64925,30.43487],[-95.648,30.43653],[-95.64702,30.43687],[-95.59887,30.43716]]]}},{"type":"Feature","properties":{"PRECINCT":"montgomery:73","COUNTY":"Montgomery"},"geometry":{"type":"Polygon","coordinates":[[[-95.47436,30.30394],[-95.47561,30.30214],[-95.4764,30.30262],[-95.47756,30.30289],[-95.47853,30.30258],[-95.47865,30.3016],[-95.47813,30.30096],[-95.47642,30.30156],[-95.47592,30.30006],[-95.4743,30.29999],[-95.47466,30.29935],[-95.47814,30.29848],[-95.4785,30.29798],[-95.47821,30.29588],[-95.47582,30.29642],[-95.47697,30.29453],[-95.47898,30.29215],[-95.4802,30.29108],[-95.48216,30.28743],[-95.48312,30.28464],[-95.4856,30.28498],[-95.48774,30.28574],[-95.48953,30.28691],[-95.49293,30.29006],[-95.49435,30.29102],[-95.49896,30.29263],[-95.50585,30.29605],[-95.50714,30.29719],[-95.50823,30.29874],[-95.50945,30.30219],[-95.50962,30.30371],[-95.509,30.30655],[-95.50557,30.31287],[-95.50153,30.31111],[-95.49805,30.3102],[-95.47244,30.30821],[-95.47473,30.30629],[-95.47436,30.30394]]]}},{"type":"Feature","properties":{"PRECINCT":"montgomery:75","COUNTY":"Montgomery"},"geometry":{"type":"Polygon","coordinates":[[[-95.4562,30.2076],[-95.47743,30.20642],[-95.47883,30.20609],[-95.48384,30.20327],[-95.48578,30.20258],[-95.48822,30.20256],[-95.49135,30.20368],[-95.49194,30.20169],[-95.49104,30.19934],[-95.49077,30.19881],[-95.4903,30.19851],[-95.49091,30.19831],[-95.49231,30.19874],[-95.49283,30.19925],[-95.49297,30.2008],[-95.49334,30.20126],[-95.49465,30.20126],[-95.49552,30.20166],[-95.49688,30.20397],[-95.49763,30.20465],[-95.50182,30.20483],[-95.503,30.20523],[-95.50387,30.20629],[-95.50509,30.2065],[-95.50568,30.20782],[-95.50019,30.21022],[-95.49813,30.20744],[-95.4805,30.20768],[-95.48081,30.23504],[-95.46996,30.23663],[-95.45869,30.23674],[-95.45862,30.23379],[-95.4562,30.2076]]]}},{"type":"Feature","properties":{"PRECINCT":"montgomery:77","COUNTY":"Montgomery"},"geometry":{"type":"Polygon","coordinates":[[[-95.57901,30.38011],[-95.57828,30.37973],[-95.57044,30.37277],[-95.56871,30.36873],[-95.56873,30.36561],[-95.58046,30.36575],[-95.58039,30.36545],[-95.58096,30.36532],[-95.58127,30.36492],[-95.58299,30.36489],[-95.5841,30.36539],[-95.58455,30.36601],[-95.58568,30.36656],[-95.58608,30.36718],[-95.58708,30.36784],[-95.58808,30.3681],[-95.58824,30.36775],[-95.58808,30.36745],[-95.58719,30.36695],[-95.58713,30.36658],[-95.58766,30.36613],[-95.58766,30.36585],[-95.586,30.3653],[-95.58605,30.36452],[-95.58481,30.36363],[-95.58481,30.36306],[-95.58663,30.36308],[-95.58999,30.36217],[-95.59054,30.36217],[-95.59139,30.36276],[-95.5921,30.36294],[-95.59252,30.36267],[-95.59268,30.36212],[-95.59353,30.36198],[-95.59445,30.36253],[-95.59474,30.36299],[-95.59669,30.3634],[-95.59717,30.36326],[-95.59728,30.36239],[-95.59839,30.36136],[-95.59918,30.3604],[-95.59923,30.36004],[-95.59896,30.35959],[-95.59812,30.35932],[-95.59728,30.36033],[-95.59648,30.36063],[-95.59617,30.36033],[-95.59643,30.359],[-95.59572,30.35866],[-95.59585,30.35841],[-95.62156,30.36752],[-95.62937,30.37086],[-95.62903,30.37077],[-95.62735,30.37222],[-95.62763,30.37537],[-95.62631,30.3765],[-95.62587,30.37726],[-95.62422,30.37862],[-95.62001,30.38102],[-95.61622,30.38088],[-95.61389,30.38049],[-95.61243,30.37998],[-95.60382,30.37995],[-95.6025,30.38045],[-95.57901,30.38011]]]}},{"type":"Feature","properties":{"PRECINCT":"montgomery:78","COUNTY":"Montgomery"},"geometry":{"type":"Polygon","coordinates":[[[-95.52025,30.20547],[-95.52051,30.20425],[-95.52111,30.20363],[-95.52184,30.20429],[-95.52274,30.2047],[-95.52358,30.20487],[-95.5248,30.20478],[-95.52572,30.20439],[-95.52779,30.20295],[-95.52855,30.20183],[-95.52857,30.20085],[-95.52788,30.19892],[-95.52587,30.19503],[-95.52487,30.19028],[-95.52355,30.18639],[-95.52378,30.18398],[-95.52599,30.18021],[-95.52676,30.17728],[-95.53187,30.17825],[-95.53701,30.18091],[-95.53964,30.18174],[-95.54157,30.18187],[-95.55028,30.18102],[-95.55402,30.18137],[-95.55797,30.18268],[-95.56296,30.18501],[-95.56534,30.18649],[-95.56428,30.1881],[-95.56412,30.19162],[-95.56338,30.19309],[-95.56133,30.19487],[-95.55963,30.19747],[-95.5566,30.19965],[-95.55532,30.20177],[-95.55451,30.20367],[-95.55347,30.20512],[-95.55126,30.20458],[-95.54992,30.20321],[-95.54902,30.20153],[-95.54657,30.20064],[-95.54478,30.20062],[-95.54438,30.19972],[-95.54407,30.19954],[-95.54217,30.2],[-95.5409,30.19919],[-95.53982,30.19912],[-95.53951,30.19878],[-95.53946,30.19896],[-95.53776,30.19817],[-95.53517,30.19662],[-95.53198,30.20161],[-95.52807,30.20475],[-95.52604,30.20758],[-95.52287,30.20612],[-95.52025,30.20547]]]}},{"type":"Feature","properties":{"PRECINCT":"montgomery:79","COUNTY":"Montgomery"},"geometry":{"type":"Polygon","coordinates":[[[-95.49959,30.15531],[-95.49421,30.15538],[-95.4936,30.15583],[-95.49247,30.15779],[-95.48614,30.15502],[-95.48283,30.15437],[-95.48257,30.15377],[-95.48263,30.15258],[-95.48278,30.15232],[-95.48431,30.15182],[-95.48516,30.15122],[-95.4856,30.14987],[-95.48568,30.1484],[-95.48622,30.14792],[-95.48809,30.14789],[-95.48833,30.14839],[-95.48909,30.14831],[-95.48909,30.14684],[-95.49941,30.14673],[-95.49943,30.14757],[-95.50029,30.14756],[-95.50082,30.14797],[-95.5018,30.14797],[-95.50168,30.14671],[-95.50212,30.14421],[-95.5027,30.14402],[-95.50316,30.14478],[-95.50352,30.14448],[-95.50379,30.14454],[-95.50353,30.14527],[-95.50499,30.14513],[-95.50684,30.14562],[-95.50699,30.14631],[-95.50884,30.14726],[-95.50832,30.14785],[-95.50778,30.1493],[-95.50684,30.15],[-95.50903,30.15382],[-95.50958,30.15549],[-95.50962,30.15717],[-95.50899,30.16009],[-95.5091,30.16173],[-95.50719,30.16203],[-95.50281,30.15714],[-95.50071,30.15574],[-95.49959,30.15531]]]}},{"type":"Feature","properties":{"PRECINCT":"montgomery:8","COUNTY":"Montgomery"},"geometry":{"type":"Polygon","coordinates":[[[-95.36205,30.50866],[-95.36162,30.50876],[-95.36171,30.50838],[-95.36141,30.50821],[-95.36181,30.50782],[-95.36102,30.50727],[-95.36098,30.50706],[-95.36122,30.50711],[-95.36128,30.5069],[-95.36082,30.50652],[-95.36069,30.5054],[-95.3597,30.50493],[-95.35954,30.50454],[-95.35894,30.50425],[-95.3573,30.5019],[-95.35696,30.50187],[-95.35681,30.5],[-95.35491,30.49831],[-95.35471,30.49739],[-95.35333,30.49507],[-95.35288,30.49332],[-95.35311,30.49317],[-95.35356,30.4904],[-95.35336,30.48755],[-95.35242,30.48401],[-95.35168,30.48233],[-95.35158,30.48125],[-95.35116,30.48116],[-95.35068,30.47996],[-95.35022,30.47991],[-95.35054,30.47961],[-95.35014,30.47943],[-95.35045,30.4791],[-95.3506,30.4771],[-95.35031,30.47672],[-95.35071,30.47606],[-95.35018,30.47523],[-95.34953,30.47532],[-95.34825,30.47416],[-95.34781,30.47174],[-95.34747,30.47154],[-95.34713,30.47058],[-95.34572,30.46877],[-95.34561,30.46831],[-95.34519,30.46821],[-95.34364,30.46696],[-95.3414,30.46451],[-95.34046,30.46228],[-95.34058,30.46109],[-95.34006,30.45889],[-95.33917,30.45734],[-95.33903,30.45659],[-95.33851,30.45599],[-95.33851,30.45529],[-95.33701,30.45147],[-95.33704,30.45089],[-95.33665,30.45074],[-95.33598,30.44946],[-95.33434,30.44733],[-95.33356,30.44702],[-95.33308,30.44639],[-95.33236,30.44613],[-95.33218,30.44542],[-95.33116,30.44462],[-95.33028,30.4431],[-95.33053,30.44024],[-95.33091,30.439],[-95.33083,30.43561],[-95.33017,30.43485],[-95.32953,30.43319],[-95.32873,30.43253],[-95.32827,30.43171],[-95.32605,30.42981],[-95.32526,30.42852],[-95.32375,30.42687],[-95.32292,30.42547],[-95.32222,30.42534],[-95.32171,30.42495],[-95.32149,30.42424],[-95.31906,30.42185],[-95.3187,30.42099],[-95.31706,30.41956],[-95.3163,30.41749],[-95.31412,30.41399],[-95.31427,30.41336],[-95.3141,30.41237],[-95.3138,30.41217],[-95.31323,30.41227],[-95.31271,30.41145],[-95.31185,30.41119],[-95.3119,30.41082],[-95.31089,30.41049],[-95.31088,30.40989],[-95.30986,30.40894],[-95.30883,30.40744],[-95.30907,30.40677],[-95.3084,30.40575],[-95.30724,30.40531],[-95.30527,30.4041],[-95.30331,30.40237],[-95.2998,30.40237],[-95.29943,30.40188],[-95.29871,30.4018],[-95.29827,30.40131],[-95.29646,30.40047],[-95.29569,30.3995],[-95.29447,30.39901],[-95.29309,30.39807],[-95.29127,30.39735],[-95.29006,30.39635],[-95.2884,30.39547],[-95.28676,30.39526],[-95.28193,30.39523],[-95.28068,30.39494],[-95.2792,30.39406],[-95.27737,30.39375],[-95.27703,30.39353],[-95.27604,30.39189],[-95.27494,30.39086],[-95.27203,30.38955],[-95.27118,30.38948],[-95.27087,30.38902],[-95.26946,30.38816],[-95.26863,30.38643],[-95.26779,30.38633],[-95.26728,30.38596],[-95.26591,30.3855],[-95.2654,30.38556],[-95.26456,30.38457],[-95.26334,30.38426],[-95.26442,30.38298],[-95.26491,30.38271],[-95.26703,30.38229],[-95.2701,30.3809],[-95.27708,30.3761],[-95.28579,30.37067],[-95.28592,30.37015],[-95.2852,30.36724],[-95.28645,30.36611],[-95.28663,30.36413],[-95.28945,30.36415],[-95.2891,30.36576],[-95.28931,30.36908],[-95.28872,30.37064],[-95.28875,30.37172],[-95.29028,30.37477],[-95.29032,30.37582],[-95.29995,30.3763],[-95.30157,30.37481],[-95.30687,30.37494],[-95.31158,30.37521],[-95.31388,30.37558],[-95.31822,30.37575],[-95.32395,30.37224],[-95.33135,30.36879],[-95.3297,30.37087],[-95.32935,30.37176],[-95.32813,30.39487],[-95.33051,30.39676],[-95.33304,30.39444],[-95.3366,30.39686],[-95.33734,30.39716],[-95.33871,30.39726],[-95.34145,30.39626],[-95.3405,30.39465],[-95.34066,30.39213],[-95.33985,30.39094],[-95.34195,30.38893],[-95.3386,30.38401],[-95.3382,30.38397],[-95.33955,30.38175],[-95.33979,30.38081],[-95.33952,30.37685],[-95.34,30.3755],[-95.33929,30.37408],[-95.33802,30.37272],[-95.33797,30.37178],[-95.33857,30.37167],[-95.33879,30.36963],[-95.33947,30.36915],[-95.33966,30.36858],[-95.34045,30.36812],[-95.34003,30.36707],[-95.34066,30.36649],[-95.34114,30.36528],[-95.34193,30.36466],[-95.34209,30.36427],[-95.3418,30.36352],[-95.34101,30.36326],[-95.34098,30.36278],[-95.34169,30.3607],[-95.3422,30.35744],[-95.34225,30.35664],[-95.34159,30.35564],[-95.34164,30.35467],[-95.34238,30.35335],[-95.34302,30.35341],[-95.34355,30.35422],[-95.34415,30.35442],[-95.34505,30.35392],[-95.34542,30.35307],[-95.34566,30.35289],[-95.34595,30.353],[-95.34698,30.35468],[-95.34724,30.35596],[-95.34893,30.35731],[-95.34946,30.35894],[-95.35073,30.35914],[-95.35155,30.35978],[-95.35142,30.36072],[-95.35268,30.36164],[-95.35395,30.36343],[-95.35376,30.3642],[-95.35479,30.36418],[-95.35543,30.36375],[-95.35609,30.36391],[-95.35715,30.36363],[-95.35762,30.36315],[-95.35831,30.36345],[-95.35831,30.36521],[-95.35794,30.36556],[-95.35791,30.36615],[-95.35884,30.36746],[-95.35871,30.3684],[-95.35915,30.36883],[-95.35913,30.36918],[-95.35878,30.36966],[-95.3577,30.37007],[-95.35754,30.37034],[-95.35804,30.3714],[-95.35791,30.37188],[-95.35728,30.37229],[-95.35775,30.37302],[-95.35773,30.37344],[-95.35672,30.37403],[-95.35757,30.37563],[-95.35889,30.37692],[-95.35891,30.37719],[-95.35828,30.37786],[-95.35849,30.3788],[-95.35931,30.37919],[-95.35992,30.37994],[-95.36074,30.3804],[-95.36148,30.38017],[-95.36209,30.37942],[-95.36277,30.37946],[-95.36343,30.38015],[-95.36428,30.37976],[-95.3651,30.38054],[-95.36555,30.3815],[-95.36589,30.38148],[-95.36631,30.3809],[-95.36676,30.381],[-95.36684,30.3815],[-95.36745,30.38168],[-95.36824,30.38265],[-95.36869,30.38262],[-95.36888,30.38209],[-95.3693,30.38205],[-95.37123,30.38386],[-95.37165,30.38457],[-95.3717,30.38569],[-95.37247,30.3856],[-95.37273,30.38617],[-95.37374,30.38649],[-95.37456,30.38764],[-95.37564,30.38828],[-95.37575,30.38903],[-95.3754,30.3894],[-95.37535,30.38988],[-95.37625,30.39059],[-95.3763,30.39112],[-95.37556,30.39229],[-95.3767,30.39256],[-95.37741,30.39387],[-95.37823,30.39428],[-95.37887,30.39494],[-95.37931,30.39497],[-95.37968,30.39437],[-95.38024,30.39481],[-95.38098,30.39492],[-95.38106,30.3952],[-95.38045,30.39549],[-95.3805,30.39579],[-95.38138,30.39581],[-95.38193,30.39673],[-95.38225,30.39687],[-95.38338,30.39646],[-95.38367,30.39655],[-95.3837,30.3971],[-95.38404,30.39751],[-95.38521,30.39705],[-95.38566,30.39712],[-95.38605,30.39785],[-95.38693,30.39849],[-95.38711,30.3992],[-95.38782,30.39893],[-95.38854,30.39934],[-95.38859,30.40078],[-95.38798,30.4012],[-95.38804,30.40152],[-95.38846,30.40166],[-95.38854,30.40218],[-95.38936,30.40259],[-95.38938,30.40294],[-95.38859,30.40342],[-95.38883,30.40408],[-95.38846,30.40459],[-95.38886,30.40489],[-95.38864,30.40543],[-95.38883,30.4061],[-95.38946,30.40658],[-95.38954,30.40692],[-95.3902,30.40715],[-95.39005,30.40777],[-95.39031,30.40841],[-95.39076,30.40869],[-95.39087,30.40944],[-95.39121,30.40944],[-95.39147,30.40905],[-95.39174,30.4091],[-95.39174,30.4107],[-95.39235,30.41079],[-95.39298,30.41045],[-95.39417,30.41109],[-95.39409,30.41132],[-95.39351,30.4115],[-95.39351,30.41173],[-95.39438,30.41171],[-95.39573,30.4124],[-95.39552,30.41338],[-95.3957,30.41359],[-95.3965,30.4134],[-95.39639,30.41423],[-95.39742,30.41444],[-95.39742,30.41501],[-95.39798,30.4151],[-95.39816,30.41597],[-95.39909,30.41585],[-95.4003,30.41663],[-95.40065,30.41711],[-95.40051,30.41762],[-95.40083,30.41789],[-95.40051,30.41844],[-95.4007,30.41943],[-95.40215,30.4203],[-95.40176,30.42078],[-95.40221,30.42147],[-95.40229,30.42229],[-95.4044,30.42375],[-95.4044,30.42479],[-95.40554,30.42593],[-95.40557,30.42616],[-95.40493,30.42666],[-95.40491,30.42712],[-95.40549,30.42737],[-95.4057,30.42786],[-95.40618,30.42797],[-95.40641,30.42863],[-95.40694,30.42882],[-95.40673,30.4312],[-95.40631,30.43239],[-95.40568,30.4328],[-95.40644,30.43351],[-95.40647,30.43383],[-95.40583,30.43457],[-95.40692,30.43679],[-95.40642,30.43786],[-95.40673,30.43814],[-95.40673,30.43878],[-95.40721,30.43922],[-95.40732,30.43979],[-95.40787,30.44018],[-95.40801,30.44089],[-95.40896,30.44148],[-95.40912,30.44226],[-95.40964,30.44281],[-95.41044,30.44256],[-95.41068,30.44308],[-95.41118,30.44313],[-95.41147,30.44357],[-95.41232,30.44286],[-95.41266,30.44292],[-95.41353,30.44359],[-95.41393,30.44446],[-95.41499,30.44551],[-95.41475,30.44689],[-95.41612,30.4478],[-95.41602,30.44833],[-95.41668,30.44856],[-95.4171,30.44934],[-95.41771,30.44936],[-95.41803,30.44961],[-95.41938,30.44961],[-95.41991,30.45014],[-95.42049,30.45018],[-95.42078,30.4505],[-95.42102,30.45165],[-95.42245,30.45222],[-95.42261,30.45266],[-95.4234,30.45332],[-95.4234,30.45389],[-95.42295,30.45474],[-95.42411,30.4552],[-95.42425,30.45545],[-95.42422,30.45611],[-95.42366,30.45657],[-95.42361,30.45691],[-95.42449,30.4571],[-95.42435,30.45838],[-95.42557,30.45888],[-95.42531,30.46007],[-95.42562,30.4603],[-95.42634,30.46035],[-95.42695,30.46122],[-95.42692,30.46179],[-95.42618,30.46236],[-95.42597,30.46312],[-95.4269,30.4633],[-95.42719,30.46379],[-95.42779,30.46358],[-95.42928,30.46372],[-95.42954,30.4639],[-95.42949,30.46497],[-95.43041,30.46523],[-95.4301,30.46573],[-95.43026,30.46628],[-95.43002,30.46738],[-95.43052,30.46779],[-95.43057,30.46841],[-95.43139,30.46919],[-95.43139,30.46974],[-95.43063,30.47068],[-95.43105,30.47107],[-95.43148,30.471],[-95.43174,30.47063],[-95.43253,30.471],[-95.43182,30.47175],[-95.43187,30.47205],[-95.43261,30.47189],[-95.43293,30.47246],[-95.43254,30.4742],[-95.43164,30.47466],[-95.43166,30.47581],[-95.43066,30.47649],[-95.43058,30.47688],[-95.43003,30.47709],[-95.42995,30.47879],[-95.42945,30.47897],[-95.42937,30.47947],[-95.42905,30.47975],[-95.42812,30.47998],[-95.42812,30.48023],[-95.42886,30.48021],[-95.42897,30.48051],[-95.42778,30.48108],[-95.42707,30.48101],[-95.42709,30.48149],[-95.42667,30.482],[-95.42675,30.48248],[-95.4259,30.48254],[-95.42561,30.48287],[-95.42559,30.4836],[-95.42463,30.48392],[-95.42453,30.48429],[-95.42495,30.48479],[-95.42397,30.48523],[-95.42397,30.48555],[-95.42464,30.48591],[-95.42442,30.48639],[-95.42519,30.48628],[-95.42585,30.48685],[-95.42554,30.48754],[-95.42588,30.48772],[-95.42612,30.48852],[-95.42591,30.48983],[-95.42535,30.48997],[-95.42477,30.49054],[-95.42488,30.49079],[-95.42525,30.49077],[-95.42477,30.49157],[-95.4249,30.49175],[-95.42583,30.49171],[-95.4257,30.49214],[-95.42607,30.49255],[-95.42578,30.4937],[-95.42538,30.49407],[-95.42488,30.49544],[-95.42533,30.49604],[-95.42533,30.4964],[-95.42414,30.49757],[-95.42457,30.49826],[-95.42436,30.4992],[-95.42494,30.50022],[-95.42431,30.50064],[-95.42433,30.50087],[-95.426,30.50236],[-95.42645,30.50252],[-95.42621,30.50405],[-95.42677,30.5054],[-95.42653,30.50605],[-95.426,30.50634],[-95.42666,30.50701],[-95.42627,30.50724],[-95.4264,30.50824],[-95.42608,30.50882],[-95.36187,30.50892],[-95.36205,30.50866]]]}},{"type":"Feature","properties":{"PRECINCT":"montgomery:80","COUNTY":"Montgomery"},"geometry":{"type":"Polygon","coordinates":[[[-95.38957,30.15376],[-95.3961,30.14901],[-95.39758,30.14886],[-95.39821,30.14997],[-95.40206,30.14759],[-95.40049,30.14532],[-95.40016,30.14408],[-95.40011,30.14295],[-95.40098,30.13856],[-95.4009,30.13683],[-95.40032,30.13502],[-95.39778,30.12967],[-95.39817,30.12711],[-95.39902,30.12571],[-95.40182,30.12224],[-95.40359,30.12293],[-95.40359,30.12465],[-95.40584,30.12553],[-95.40587,30.12637],[-95.40554,30.12664],[-95.40587,30.13339],[-95.40956,30.13763],[-95.41,30.13781],[-95.41353,30.13791],[-95.41376,30.13929],[-95.41515,30.1411],[-95.41785,30.13954],[-95.42068,30.1395],[-95.4206,30.13825],[-95.42226,30.13827],[-95.42239,30.13526],[-95.42815,30.13493],[-95.43103,30.13528],[-95.43618,30.1562],[-95.43469,30.15638],[-95.41411,30.15653],[-95.41408,30.15538],[-95.41272,30.15533],[-95.41281,30.1534],[-95.41004,30.15336],[-95.41004,30.15245],[-95.4075,30.15251],[-95.40754,30.15355],[-95.40634,30.15358],[-95.40633,30.15429],[-95.40912,30.15426],[-95.40928,30.15973],[-95.38087,30.1601],[-95.38834,30.15466],[-95.38958,30.15465],[-95.38957,30.15376]]]}},{"type":"Feature","properties":{"PRECINCT":"montgomery:81","COUNTY":"Montgomery"},"geometry":{"type":"Polygon","coordinates":[[[-95.52051,30.22359],[-95.52064,30.21738],[-95.52188,30.21428],[-95.52698,30.20604],[-95.52807,30.20475],[-95.53078,30.20744],[-95.53229,30.20825],[-95.53331,30.20629],[-95.53456,30.20529],[-95.53624,30.20491],[-95.53966,30.20516],[-95.53963,30.20595],[-95.54039,30.20807],[-95.54032,30.20923],[-95.53811,30.21185],[-95.53731,30.2135],[-95.54507,30.21587],[-95.54887,30.2161],[-95.56274,30.21567],[-95.56457,30.21422],[-95.5691,30.21135],[-95.56942,30.21123],[-95.56969,30.21137],[-95.56873,30.2127],[-95.56816,30.21433],[-95.56819,30.22091],[-95.56057,30.22373],[-95.55894,30.22413],[-95.54155,30.22446],[-95.52121,30.22783],[-95.52051,30.22359]]]}},{"type":"Feature","properties":{"PRECINCT":"montgomery:82","COUNTY":"Montgomery"},"geometry":{"type":"Polygon","coordinates":[[[-95.2525,30.10462],[-95.23654,30.10442],[-95.24691,30.06981],[-95.25018,30.07061],[-95.25332,30.07056],[-95.25476,30.07],[-95.25616,30.06873],[-95.25776,30.06803],[-95.25953,30.06774],[-95.26277,30.06802],[-95.2631,30.06966],[-95.26852,30.07625],[-95.26998,30.07917],[-95.25581,30.07896],[-95.27435,30.09472],[-95.2752,30.09472],[-95.27513,30.09618],[-95.27398,30.09833],[-95.27173,30.10134],[-95.26995,30.105],[-95.26463,30.1119],[-95.25575,30.10575],[-95.25418,30.10498],[-95.2525,30.10462]]]}},{"type":"Feature","properties":{"PRECINCT":"montgomery:83","COUNTY":"Montgomery"},"geometry":{"type":"Polygon","coordinates":[[[-95.26334,30.38426],[-95.26071,30.38345],[-95.2602,30.38366],[-95.25957,30.38359],[-95.25911,30.38386],[-95.25756,30.3837],[-95.25409,30.38278],[-95.25327,30.38302],[-95.25261,30.38292],[-95.25037,30.38367],[-95.24956,30.38252],[-95.24734,30.38252],[-95.24554,30.38214],[-95.24156,30.38022],[-95.23988,30.37982],[-95.23869,30.37995],[-95.23663,30.37952],[-95.23555,30.37863],[-95.23462,30.3762],[-95.23401,30.37538],[-95.23399,30.37436],[-95.23365,30.37376],[-95.23317,30.37362],[-95.23341,30.37316],[-95.23336,30.3721],[-95.23226,30.37196],[-95.231,30.37148],[-95.22952,30.36978],[-95.22888,30.36969],[-95.22853,30.36929],[-95.22805,30.36763],[-95.2273,30.36751],[-95.22726,30.36688],[-95.22745,30.36672],[-95.22695,30.36665],[-95.22715,30.36526],[-95.22704,30.36495],[-95.22675,30.36517],[-95.22646,30.36447],[-95.22707,30.36381],[-95.2263,30.36347],[-95.22599,30.3629],[-95.22533,30.36298],[-95.22482,30.36268],[-95.22427,30.36268],[-95.2239,30.36222],[-95.22326,30.36253],[-95.2228,30.3621],[-95.22178,30.36204],[-95.22159,30.36135],[-95.22072,30.3616],[-95.22041,30.36096],[-95.21972,30.36071],[-95.21908,30.36007],[-95.21834,30.3589],[-95.21868,30.35824],[-95.21847,30.35759],[-95.21793,30.35747],[-95.21802,30.35631],[-95.21636,30.35459],[-95.21537,30.35468],[-95.21493,30.35441],[-95.21426,30.35446],[-95.21404,30.35426],[-95.21424,30.35353],[-95.21284,30.35317],[-95.21265,30.35361],[-95.21082,30.35436],[-95.20957,30.35405],[-95.20874,30.35317],[-95.20839,30.35371],[-95.20775,30.35359],[-95.20706,30.35296],[-95.20636,30.35311],[-95.20498,30.35215],[-95.20381,30.35209],[-95.20379,30.35134],[-95.20334,30.35122],[-95.20344,30.35082],[-95.20291,30.35053],[-95.20326,30.35],[-95.20291,30.34918],[-95.2032,30.34861],[-95.20309,30.34801],[-95.20396,30.34714],[-95.20525,30.34708],[-95.20631,30.34634],[-95.20655,30.34544],[-95.20724,30.34599],[-95.20702,30.34506],[-95.20732,30.34373],[-95.20775,30.34314],[-95.20829,30.34352],[-95.20858,30.34331],[-95.20892,30.34355],[-95.20921,30.34342],[-95.20943,30.34238],[-95.20998,30.34208],[-95.21004,30.34008],[-95.21052,30.33945],[-95.21109,30.33935],[-95.21116,30.33873],[-95.2122,30.33854],[-95.21237,30.33918],[-95.21267,30.33859],[-95.21446,30.33805],[-95.2159,30.33829],[-95.21599,30.33808],[-95.21781,30.33744],[-95.21824,30.3371],[-95.21887,30.33749],[-95.21952,30.33753],[-95.21992,30.33721],[-95.22061,30.33739],[-95.22075,30.33707],[-95.22025,30.33667],[-95.22071,30.33653],[-95.22049,30.33578],[-95.22134,30.33563],[-95.22151,30.33535],[-95.22113,30.33511],[-95.22178,30.33489],[-95.2217,30.33444],[-95.22231,30.33436],[-95.22186,30.33336],[-95.22197,30.33233],[-95.22297,30.33195],[-95.22317,30.33159],[-95.22293,30.33095],[-95.22358,30.33071],[-95.22403,30.32996],[-95.22479,30.32983],[-95.22546,30.3285],[-95.2267,30.32702],[-95.25407,30.32895],[-95.26708,30.32903],[-95.31126,30.33188],[-95.31119,30.33289],[-95.30699,30.33261],[-95.30702,30.33345],[-95.30569,30.33335],[-95.30525,30.33539],[-95.30582,30.34908],[-95.30508,30.35476],[-95.30514,30.35648],[-95.3053,30.35696],[-95.31673,30.35713],[-95.31697,30.3573],[-95.31691,30.36419],[-95.31433,30.36442],[-95.31444,30.37557],[-95.31158,30.37521],[-95.30157,30.37481],[-95.29995,30.3763],[-95.29032,30.37582],[-95.29028,30.37477],[-95.28875,30.37172],[-95.28872,30.37064],[-95.28931,30.36908],[-95.2891,30.36576],[-95.28945,30.36415],[-95.28663,30.36413],[-95.28645,30.36611],[-95.2852,30.36724],[-95.28592,30.37015],[-95.28579,30.37067],[-95.27708,30.3761],[-95.2701,30.3809],[-95.26703,30.38229],[-95.26491,30.38271],[-95.26442,30.38298],[-95.26334,30.38426]]]}},{"type":"Feature","properties":{"PRECINCT":"montgomery:84","COUNTY":"Montgomery"},"geometry":{"type":"Polygon","coordinates":[[[-95.44824,30.14922],[-95.44806,30.1484],[-95.44769,30.14841],[-95.44764,30.14817],[-95.442,30.12024],[-95.44078,30.1177],[-95.43806,30.11411],[-95.4366,30.11042],[-95.43737,30.10993],[-95.4389,30.11053],[-95.43927,30.1097],[-95.44032,30.10962],[-95.44189,30.10902],[-95.44352,30.10969],[-95.44522,30.10972],[-95.44655,30.10943],[-95.44721,30.10975],[-95.45174,30.10828],[-95.45212,30.10765],[-95.45376,30.10799],[-95.45398,30.1083],[-95.45453,30.10847],[-95.45459,30.10906],[-95.45491,30.10931],[-95.45574,30.10935],[-95.45608,30.1099],[-95.45728,30.11048],[-95.45813,30.11051],[-95.45866,30.11082],[-95.45904,30.11155],[-95.4598,30.1119],[-95.45968,30.11281],[-95.46121,30.11462],[-95.46264,30.11482],[-95.4639,30.11443],[-95.4649,30.11477],[-95.46709,30.11472],[-95.46843,30.11509],[-95.46867,30.1153],[-95.46875,30.11651],[-95.46923,30.11708],[-95.47078,30.11795],[-95.47102,30.11935],[-95.47136,30.11992],[-95.47292,30.12047],[-95.47402,30.12003],[-95.47458,30.12003],[-95.47637,30.12072],[-95.47769,30.1217],[-95.47759,30.12267],[-95.47693,30.12315],[-95.47648,30.12486],[-95.47669,30.12725],[-95.47696,30.12759],[-95.47675,30.12883],[-95.47783,30.1297],[-95.47746,30.13095],[-95.47665,30.13194],[-95.47662,30.13252],[-95.47723,30.13293],[-95.47728,30.13357],[-95.47774,30.13417],[-95.47664,30.13463],[-95.47563,30.13468],[-95.47307,30.13392],[-95.47234,30.13346],[-95.47198,30.13219],[-95.47219,30.1295],[-95.47201,30.12627],[-95.4661,30.12628],[-95.46101,30.12687],[-95.4583,30.1266],[-95.453,30.12674],[-95.45489,30.12739],[-95.45639,30.12838],[-95.4565,30.12953],[-95.45732,30.13002],[-95.45728,30.13241],[-95.45682,30.13327],[-95.45803,30.13358],[-95.45789,30.13415],[-95.4568,30.13459],[-95.45388,30.13868],[-95.45369,30.14064],[-95.44812,30.14067],[-95.44893,30.14519],[-95.44922,30.149],[-95.44824,30.14922]]]}},{"type":"Feature","properties":{"PRECINCT":"montgomery:85","COUNTY":"Montgomery"},"geometry":{"type":"Polygon","coordinates":[[[-95.41967,30.44972],[-95.4171,30.44934],[-95.41668,30.44856],[-95.41602,30.44833],[-95.41612,30.4478],[-95.41475,30.44689],[-95.41499,30.44551],[-95.41393,30.44446],[-95.41353,30.44359],[-95.41266,30.44292],[-95.41232,30.44286],[-95.41147,30.44357],[-95.41118,30.44313],[-95.41068,30.44308],[-95.41044,30.44256],[-95.40964,30.44281],[-95.40912,30.44226],[-95.40896,30.44148],[-95.40832,30.44123],[-95.40801,30.44089],[-95.40787,30.44018],[-95.40732,30.43979],[-95.40721,30.43922],[-95.40673,30.43878],[-95.40673,30.43814],[-95.40642,30.43786],[-95.40692,30.43679],[-95.40583,30.43457],[-95.40647,30.43383],[-95.40644,30.43351],[-95.40568,30.4328],[-95.40631,30.43239],[-95.40673,30.4312],[-95.40694,30.42882],[-95.40641,30.42863],[-95.40618,30.42797],[-95.4057,30.42786],[-95.40549,30.42737],[-95.40491,30.42712],[-95.40493,30.42666],[-95.40557,30.42616],[-95.40554,30.42593],[-95.4044,30.42479],[-95.4044,30.42375],[-95.40229,30.42229],[-95.40221,30.42147],[-95.40176,30.42078],[-95.40215,30.4203],[-95.4007,30.41943],[-95.40051,30.41844],[-95.40083,30.41789],[-95.40051,30.41762],[-95.40065,30.41711],[-95.4003,30.41663],[-95.39909,30.41585],[-95.39816,30.41597],[-95.39798,30.4151],[-95.39742,30.41501],[-95.39742,30.41444],[-95.39639,30.41423],[-95.3965,30.4134],[-95.3957,30.41359],[-95.39552,30.41338],[-95.39573,30.4124],[-95.39438,30.41171],[-95.39351,30.41173],[-95.39351,30.4115],[-95.39409,30.41132],[-95.39417,30.41109],[-95.39298,30.41045],[-95.39235,30.41079],[-95.39174,30.4107],[-95.39174,30.4091],[-95.39147,30.40905],[-95.39121,30.40944],[-95.39087,30.40944],[-95.39076,30.40869],[-95.39031,30.40841],[-95.39005,30.40777],[-95.3902,30.40715],[-95.38954,30.40692],[-95.38946,30.40658],[-95.38883,30.4061],[-95.38864,30.40543],[-95.38886,30.40489],[-95.38846,30.40459],[-95.38883,30.40408],[-95.38859,30.40342],[-95.38938,30.40294],[-95.38936,30.40259],[-95.38854,30.40218],[-95.38846,30.40166],[-95.38804,30.40152],[-95.38798,30.4012],[-95.38859,30.40078],[-95.38854,30.39934],[-95.38782,30.39893],[-95.38711,30.3992],[-95.38693,30.39849],[-95.38605,30.39785],[-95.38566,30.39712],[-95.38521,30.39705],[-95.38404,30.39751],[-95.3837,30.3971],[-95.38367,30.39655],[-95.38338,30.39646],[-95.38225,30.39687],[-95.38193,30.39673],[-95.38138,30.39581],[-95.3805,30.39579],[-95.38045,30.39549],[-95.38106,30.3952],[-95.38098,30.39492],[-95.38024,30.39481],[-95.37968,30.39437],[-95.37931,30.39497],[-95.37887,30.39494],[-95.37823,30.39428],[-95.37741,30.39387],[-95.3767,30.39256],[-95.37556,30.39229],[-95.3763,30.39112],[-95.37625,30.39059],[-95.37535,30.38988],[-95.3754,30.3894],[-95.37575,30.38903],[-95.37678,30.38963],[-95.37783,30.38954],[-95.37844,30.38984],[-95.37921,30.38984],[-95.37979,30.39034],[-95.38034,30.39011],[-95.38109,30.39065],[-95.38294,30.39011],[-95.38375,30.38936],[-95.38498,30.38874],[-95.38562,30.38959],[-95.3864,30.38953],[-95.38644,30.38797],[-95.38571,30.38737],[-95.38586,30.38694],[-95.38569,30.38607],[-95.3852,30.38572],[-95.38532,30.38516],[-95.38286,30.38305],[-95.37913,30.38636],[-95.3788,30.3864],[-95.36731,30.37661],[-95.36729,30.37618],[-95.36877,30.37381],[-95.36958,30.37085],[-95.37234,30.36832],[-95.37702,30.37299],[-95.37935,30.37492],[-95.38373,30.3769],[-95.38863,30.37978],[-95.39431,30.38256],[-95.39633,30.38315],[-95.40192,30.38421],[-95.40601,30.38822],[-95.40826,30.38475],[-95.41015,30.38272],[-95.41243,30.37826],[-95.41396,30.37032],[-95.41545,30.3678],[-95.41665,30.36467],[-95.41711,30.36532],[-95.41912,30.36447],[-95.42044,30.36477],[-95.42078,30.36534],[-95.42118,30.36543],[-95.42221,30.36632],[-95.42371,30.36564],[-95.42469,30.36559],[-95.42495,30.36575],[-95.42472,30.36644],[-95.42482,30.36751],[-95.42379,30.36834],[-95.4239,30.36932],[-95.42324,30.3701],[-95.42303,30.37095],[-95.42414,30.37228],[-95.42504,30.37264],[-95.42562,30.37335],[-95.42639,30.37383],[-95.42636,30.37457],[-95.42676,30.37555],[-95.42768,30.37667],[-95.42906,30.37766],[-95.4298,30.37883],[-95.43075,30.37958],[-95.43162,30.37995],[-95.43302,30.37999],[-95.4335,30.38034],[-95.43418,30.38045],[-95.43442,30.381],[-95.43416,30.38199],[-95.43596,30.3837],[-95.43638,30.38391],[-95.43926,30.38423],[-95.44011,30.38457],[-95.44172,30.38627],[-95.44251,30.38665],[-95.44452,30.38674],[-95.44536,30.38702],[-95.44629,30.38784],[-95.44772,30.38844],[-95.44812,30.39004],[-95.44938,30.39029],[-95.44986,30.39061],[-95.44986,30.39148],[-95.4502,30.39183],[-95.44986,30.39368],[-95.45018,30.39393],[-95.45121,30.39389],[-95.45227,30.39483],[-95.45238,30.39636],[-95.45272,30.39679],[-95.4528,30.39817],[-95.45219,30.3998],[-95.45254,30.40357],[-95.45146,30.40429],[-95.45104,30.40582],[-95.45365,30.40799],[-95.45371,30.40971],[-95.4545,30.4107],[-95.45511,30.41092],[-95.45646,30.41081],[-95.45765,30.4117],[-95.46164,30.41117],[-95.46217,30.41092],[-95.46383,30.4109],[-95.46465,30.41126],[-95.46645,30.41275],[-95.46706,30.41376],[-95.46823,30.41783],[-95.47049,30.41899],[-95.47124,30.4214],[-95.47087,30.42157],[-95.47102,30.42192],[-95.47182,30.42204],[-95.44749,30.42768],[-95.44759,30.42806],[-95.44794,30.42825],[-95.45148,30.42939],[-95.45246,30.42939],[-95.45505,30.4287],[-95.45928,30.42957],[-95.46177,30.43038],[-95.46235,30.4322],[-95.44984,30.43762],[-95.43939,30.4432],[-95.43447,30.44657],[-95.42829,30.45182],[-95.4234,30.455],[-95.42295,30.45474],[-95.4234,30.45389],[-95.42327,30.45311],[-95.42261,30.45266],[-95.42221,30.45201],[-95.42102,30.45165],[-95.42078,30.4505],[-95.42049,30.45018],[-95.41991,30.45014],[-95.41967,30.44972]]]}},{"type":"Feature","properties":{"PRECINCT":"montgomery:86","COUNTY":"Montgomery"},"geometry":{"type":"Polygon","coordinates":[[[-95.54908,30.34245],[-95.54257,30.3424],[-95.5427,30.34192],[-95.54154,30.34105],[-95.53974,30.34139],[-95.53842,30.34048],[-95.5381,30.33979],[-95.53863,30.33846],[-95.53739,30.33819],[-95.53721,30.3377],[-95.5362,30.3369],[-95.5361,30.33637],[-95.53544,30.33605],[-95.53496,30.33546],[-95.53423,30.33534],[-95.53399,30.33472],[-95.53349,30.33445],[-95.53362,30.33399],[-95.53446,30.33402],[-95.53468,30.33372],[-95.53431,30.33285],[-95.53352,30.33237],[-95.53365,30.3315],[-95.53262,30.3312],[-95.53125,30.32957],[-95.53098,30.32875],[-95.52943,30.32728],[-95.52898,30.32638],[-95.52724,30.32508],[-95.52655,30.32421],[-95.526,30.32398],[-95.52542,30.3232],[-95.52362,30.3234],[-95.52241,30.3226],[-95.5217,30.32271],[-95.52088,30.32187],[-95.52059,30.32184],[-95.52038,30.32301],[-95.51916,30.32368],[-95.51839,30.32397],[-95.51633,30.32386],[-95.51581,30.32331],[-95.51546,30.32331],[-95.51528,30.32365],[-95.51583,30.32447],[-95.51581,30.32486],[-95.51551,30.32507],[-95.51364,30.32498],[-95.5128,30.32246],[-95.51372,30.32193],[-95.51417,30.32138],[-95.51372,30.32108],[-95.51293,30.32129],[-95.5128,30.32074],[-95.51391,30.31987],[-95.51299,30.31916],[-95.51201,30.31776],[-95.51166,30.31462],[-95.57729,30.31988],[-95.58019,30.31995],[-95.5881,30.31952],[-95.58814,30.32997],[-95.59336,30.32989],[-95.59475,30.35801],[-95.55378,30.34351],[-95.54908,30.34245]]]}},{"type":"Feature","properties":{"PRECINCT":"montgomery:87","COUNTY":"Montgomery"},"geometry":{"type":"Polygon","coordinates":[[[-95.36488,30.15293],[-95.36183,30.15077],[-95.35792,30.15112],[-95.35713,30.15096],[-95.35648,30.15043],[-95.35597,30.14837],[-95.35508,30.14731],[-95.35418,30.14699],[-95.35181,30.14699],[-95.35086,30.14674],[-95.34794,30.14507],[-95.34598,30.14498],[-95.34285,30.14644],[-95.3419,30.1466],[-95.34129,30.14642],[-95.34079,30.14585],[-95.34053,30.14482],[-95.33987,30.14367],[-95.339,30.14273],[-95.33737,30.14165],[-95.33716,30.14115],[-95.33721,30.13971],[-95.33874,30.13499],[-95.33861,30.13348],[-95.3399,30.13327],[-95.34172,30.13377],[-95.34425,30.13391],[-95.34528,30.13373],[-95.34575,30.13403],[-95.34588,30.13451],[-95.34725,30.13595],[-95.34918,30.13682],[-95.35004,30.13776],[-95.35144,30.13875],[-95.3531,30.13822],[-95.35508,30.13831],[-95.35555,30.13808],[-95.35666,30.13801],[-95.35866,30.13714],[-95.3609,30.13758],[-95.36264,30.13609],[-95.36343,30.13588],[-95.36465,30.13664],[-95.36483,30.13882],[-95.36549,30.1393],[-95.37174,30.13496],[-95.38009,30.13062],[-95.3808,30.13146],[-95.38085,30.13284],[-95.38151,30.13375],[-95.38199,30.13394],[-95.38307,30.13366],[-95.38394,30.13517],[-95.38692,30.13696],[-95.38781,30.13788],[-95.3886,30.1381],[-95.38974,30.13907],[-95.39063,30.14039],[-95.39105,30.1425],[-95.39219,30.14349],[-95.39298,30.14374],[-95.39427,30.14532],[-95.39427,30.14619],[-95.39459,30.14672],[-95.3943,30.14859],[-95.39448,30.14882],[-95.39591,30.14914],[-95.38957,30.15376],[-95.38958,30.15465],[-95.38834,30.15466],[-95.38084,30.16012],[-95.37644,30.16023],[-95.37029,30.15995],[-95.37042,30.15875],[-95.37103,30.15769],[-95.37111,30.15666],[-95.37087,30.15627],[-95.36968,30.15549],[-95.36596,30.15492],[-95.36562,30.15462],[-95.36488,30.15293]]]}},{"type":"Feature","properties":{"PRECINCT":"montgomery:88","COUNTY":"Montgomery"},"geometry":{"type":"Polygon","coordinates":[[[-95.37853,30.12811],[-95.37604,30.12789],[-95.37504,30.12724],[-95.37446,30.12591],[-95.37488,30.12563],[-95.37441,30.12449],[-95.37375,30.12448],[-95.37282,30.12407],[-95.37178,30.12287],[-95.37224,30.12254],[-95.37207,30.12233],[-95.371,30.1231],[-95.36958,30.12158],[-95.36872,30.12116],[-95.36551,30.1208],[-95.36493,30.1205],[-95.36398,30.1191],[-95.36384,30.11742],[-95.36314,30.11611],[-95.36171,30.11536],[-95.35911,30.11472],[-95.35831,30.11407],[-95.35792,30.11227],[-95.36119,30.11212],[-95.36343,30.11123],[-95.36093,30.10868],[-95.36026,30.10678],[-95.35864,30.10564],[-95.35599,30.10327],[-95.35384,30.10061],[-95.35338,30.09957],[-95.3533,30.09862],[-95.35403,30.09717],[-95.35328,30.09668],[-95.3517,30.09495],[-95.35024,30.09396],[-95.3627,30.08599],[-95.36226,30.08552],[-95.36284,30.08515],[-95.36445,30.08722],[-95.36757,30.08803],[-95.36757,30.08754],[-95.36807,30.08756],[-95.36803,30.0921],[-95.36775,30.09364],[-95.3666,30.09627],[-95.36624,30.09918],[-95.36844,30.09895],[-95.37021,30.09823],[-95.37191,30.09786],[-95.37388,30.098],[-95.37578,30.09869],[-95.37739,30.09994],[-95.37959,30.10298],[-95.38313,30.10531],[-95.38598,30.10821],[-95.38769,30.11057],[-95.3842,30.11385],[-95.38179,30.11567],[-95.38363,30.11706],[-95.38236,30.11734],[-95.38359,30.11846],[-95.38456,30.11802],[-95.38525,30.11918],[-95.38558,30.12026],[-95.38546,30.12243],[-95.38388,30.12592],[-95.38391,30.12797],[-95.38119,30.12986],[-95.37969,30.12855],[-95.37853,30.12811]]]}},{"type":"Feature","properties":{"PRECINCT":"montgomery:90","COUNTY":"Montgomery"},"geometry":{"type":"Polygon","coordinates":[[[-95.53827,30.31667],[-95.51166,30.31462],[-95.5117,30.31334],[-95.51112,30.31171],[-95.51181,30.30972],[-95.51176,30.30846],[-95.51207,30.30784],[-95.5134,30.30677],[-95.5134,30.30622],[-95.5125,30.30516],[-95.51234,30.3045],[-95.51277,30.30402],[-95.51385,30.30342],[-95.5144,30.30267],[-95.51525,30.30267],[-95.5166,30.30173],[-95.51712,30.30171],[-95.51744,30.30201],[-95.51776,30.30297],[-95.51871,30.30301],[-95.5195,30.30192],[-95.51937,30.30075],[-95.52,30.29832],[-95.51568,30.29449],[-95.51507,30.29449],[-95.51362,30.29506],[-95.51288,30.29506],[-95.51022,30.2938],[-95.50927,30.29291],[-95.50729,30.29215],[-95.50681,30.29153],[-95.50697,30.28979],[-95.50595,30.28896],[-95.50518,30.28777],[-95.5046,30.2875],[-95.50318,30.28759],[-95.50305,30.28417],[-95.50363,30.28181],[-95.50361,30.28062],[-95.50305,30.27966],[-95.50189,30.27879],[-95.50192,30.2784],[-95.50285,30.27712],[-95.50274,30.27584],[-95.50198,30.27499],[-95.49967,30.27479],[-95.49843,30.27357],[-95.49827,30.27247],[-95.49769,30.27195],[-95.49592,30.27128],[-95.4951,30.27058],[-95.49364,30.2679],[-95.49589,30.26805],[-95.49752,30.26741],[-95.49802,30.26746],[-95.50122,30.26974],[-95.50182,30.26993],[-95.50267,30.27098],[-95.50393,30.27139],[-95.50451,30.27247],[-95.50557,30.27284],[-95.50586,30.27284],[-95.50634,30.27236],[-95.50707,30.27229],[-95.50887,30.27275],[-95.5094,30.27257],[-95.51135,30.27076],[-95.51198,30.27074],[-95.51285,30.27145],[-95.5151,30.272],[-95.51583,30.27289],[-95.51623,30.27413],[-95.51684,30.27477],[-95.51742,30.27486],[-95.518,30.27459],[-95.51858,30.27477],[-95.51892,30.27441],[-95.51921,30.27342],[-95.52003,30.27322],[-95.52053,30.27246],[-95.52038,30.27111],[-95.52093,30.27033],[-95.51953,30.2701],[-95.51961,30.26971],[-95.52017,30.26941],[-95.52038,30.26875],[-95.52067,30.26857],[-95.52317,30.26845],[-95.52357,30.26889],[-95.52346,30.26997],[-95.52423,30.2699],[-95.52597,30.26807],[-95.5264,30.26674],[-95.52766,30.26578],[-95.52964,30.26489],[-95.53015,30.26431],[-95.53205,30.26347],[-95.53342,30.26255],[-95.534,30.26248],[-95.5349,30.26292],[-95.53529,30.2629],[-95.5359,30.26219],[-95.53664,30.26216],[-95.53711,30.26301],[-95.53782,30.26347],[-95.53735,30.26407],[-95.53954,30.26476],[-95.5407,30.26466],[-95.54236,30.26407],[-95.54281,30.26379],[-95.54289,30.26267],[-95.54445,30.26206],[-95.54445,30.26176],[-95.54405,30.2615],[-95.54411,30.26041],[-95.54477,30.25997],[-95.54451,30.25857],[-95.54466,30.25812],[-95.5454,30.25814],[-95.54614,30.25874],[-95.54651,30.25869],[-95.54741,30.25814],[-95.5486,30.25789],[-95.54928,30.25736],[-95.55063,30.25764],[-95.55113,30.25668],[-95.55242,30.25624],[-95.55253,30.25677],[-95.55398,30.25643],[-95.55543,30.25659],[-95.5554,30.25597],[-95.55575,30.25544],[-95.55651,30.25542],[-95.55667,30.25496],[-95.55833,30.25448],[-95.55934,30.25505],[-95.55923,30.25533],[-95.55854,30.25542],[-95.55857,30.25565],[-95.55949,30.25602],[-95.55965,30.2565],[-95.55994,30.25643],[-95.56034,30.25574],[-95.56065,30.25567],[-95.56073,30.2565],[-95.5605,30.257],[-95.56213,30.25645],[-95.56282,30.25762],[-95.56403,30.25778],[-95.56506,30.2576],[-95.56543,30.25794],[-95.56643,30.25804],[-95.56696,30.25643],[-95.56838,30.25657],[-95.56878,30.25618],[-95.56923,30.25611],[-95.57013,30.25687],[-95.57039,30.25687],[-95.57063,30.25653],[-95.5711,30.25657],[-95.57184,30.2573],[-95.57226,30.25662],[-95.57345,30.25625],[-95.57377,30.25673],[-95.57429,30.25694],[-95.57501,30.25563],[-95.57609,30.25573],[-95.57651,30.2555],[-95.57699,30.25472],[-95.57699,30.25362],[-95.57743,30.25355],[-95.57825,30.25394],[-95.57947,30.25357],[-95.58,30.25499],[-95.58025,30.25502],[-95.58099,30.25414],[-95.58118,30.25282],[-95.582,30.25241],[-95.58224,30.25165],[-95.58295,30.25108],[-95.58366,30.25106],[-95.58617,30.25186],[-95.58738,30.25152],[-95.58907,30.24978],[-95.58957,30.24978],[-95.59005,30.2501],[-95.59092,30.25004],[-95.59115,30.24946],[-95.59142,30.24942],[-95.59179,30.24829],[-95.59221,30.24804],[-95.59274,30.24715],[-95.59305,30.24685],[-95.59403,30.24692],[-95.59411,30.24607],[-95.59538,30.24552],[-95.59632,30.24424],[-95.59693,30.24417],[-95.59796,30.24447],[-95.59923,30.24392],[-95.60208,30.24468],[-95.60226,30.24504],[-95.60313,30.24527],[-95.60411,30.24504],[-95.60461,30.24525],[-95.60458,30.24562],[-95.60498,30.24566],[-95.60611,30.24481],[-95.60622,30.24543],[-95.60698,30.24562],[-95.60698,30.246],[-95.60799,30.24642],[-95.60841,30.24548],[-95.60909,30.24509],[-95.60901,30.24465],[-95.60957,30.24456],[-95.60996,30.24408],[-95.61047,30.24413],[-95.61052,30.24484],[-95.61089,30.245],[-95.61123,30.24488],[-95.61152,30.24399],[-95.61081,30.24376],[-95.61073,30.24342],[-95.61173,30.24326],[-95.61199,30.24241],[-95.61337,30.24243],[-95.61384,30.24289],[-95.61432,30.24296],[-95.6149,30.2422],[-95.61556,30.24291],[-95.61587,30.24284],[-95.61672,30.24197],[-95.61888,30.24156],[-95.6192,30.24062],[-95.61972,30.24026],[-95.62099,30.24044],[-95.62152,30.2403],[-95.62165,30.24069],[-95.62215,30.24094],[-95.62205,30.24186],[-95.62255,30.24275],[-95.62463,30.243],[-95.62497,30.24369],[-95.62574,30.24374],[-95.62547,30.24433],[-95.62614,30.24461],[-95.62674,30.24422],[-95.62727,30.24429],[-95.6278,30.24474],[-95.62811,30.24387],[-95.62867,30.24346],[-95.62914,30.2436],[-95.62935,30.24399],[-95.62977,30.24396],[-95.63123,30.24309],[-95.63165,30.24314],[-95.63231,30.24367],[-95.63284,30.24451],[-95.63405,30.24447],[-95.63479,30.24525],[-95.63579,30.24506],[-95.635,30.24602],[-95.63518,30.24635],[-95.63598,30.24669],[-95.63621,30.24751],[-95.63671,30.24744],[-95.63642,30.24696],[-95.63661,30.2466],[-95.63795,30.24676],[-95.6389,30.24717],[-95.64083,30.24602],[-95.64283,30.24692],[-95.64344,30.24744],[-95.64458,30.24652],[-95.64534,30.24714],[-95.64595,30.24707],[-95.64695,30.24652],[-95.64761,30.24655],[-95.64803,30.2468],[-95.64761,30.24728],[-95.64774,30.2476],[-95.65006,30.24799],[-95.65104,30.24849],[-95.65099,30.2495],[-95.65217,30.24955],[-95.65265,30.25051],[-95.65352,30.25065],[-95.65439,30.25108],[-95.65466,30.25097],[-95.65529,30.24975],[-95.65698,30.2512],[-95.65782,30.25117],[-95.65843,30.25154],[-95.6593,30.25149],[-95.66001,30.25216],[-95.66082,30.25199],[-95.66071,30.27578],[-95.64851,30.27571],[-95.64846,30.27741],[-95.64737,30.27736],[-95.64704,30.27795],[-95.64757,30.2826],[-95.64421,30.28325],[-95.643,30.28183],[-95.64202,30.2811],[-95.64183,30.28019],[-95.63655,30.28048],[-95.63608,30.28017],[-95.63572,30.27923],[-95.63513,30.27894],[-95.63219,30.27888],[-95.63187,30.28018],[-95.63228,30.28066],[-95.63192,30.28105],[-95.63121,30.28104],[-95.63122,30.28017],[-95.61984,30.27983],[-95.61986,30.27862],[-95.61937,30.27861],[-95.61934,30.27981],[-95.61272,30.2797],[-95.61275,30.27847],[-95.6123,30.27846],[-95.61227,30.27969],[-95.60731,30.27961],[-95.60734,30.27836],[-95.60716,30.27835],[-95.60713,30.27961],[-95.58636,30.27991],[-95.58494,30.27971],[-95.58428,30.27992],[-95.58394,30.2798],[-95.58334,30.27893],[-95.58273,30.27863],[-95.58207,30.27788],[-95.58046,30.27751],[-95.58009,30.27721],[-95.57861,30.27719],[-95.57785,30.27678],[-95.57774,30.27547],[-95.57819,30.2743],[-95.57753,30.27421],[-95.57719,30.27361],[-95.57741,30.2723],[-95.57451,30.27227],[-95.57476,30.2799],[-95.55691,30.27986],[-95.55647,30.28238],[-95.55665,30.28352],[-95.55805,30.28584],[-95.55879,30.2862],[-95.559,30.28675],[-95.55879,30.28797],[-95.5591,30.2882],[-95.5596,30.28806],[-95.56034,30.28717],[-95.56135,30.28705],[-95.56201,30.28641],[-95.56385,30.28699],[-95.56399,30.28721],[-95.56451,30.28717],[-95.56446,30.2877],[-95.56702,30.29022],[-95.5691,30.29116],[-95.56984,30.29205],[-95.57045,30.29397],[-95.57253,30.29624],[-95.57232,30.29716],[-95.5724,30.29778],[-95.57282,30.29805],[-95.57273,30.29857],[-95.57129,30.29888],[-95.56769,30.29852],[-95.56566,30.29899],[-95.56488,30.29948],[-95.54404,30.29587],[-95.54392,30.29801],[-95.5404,30.29799],[-95.53928,30.29888],[-95.53946,30.30691],[-95.5405,30.30725],[-95.54049,30.3104],[-95.53971,30.31069],[-95.53827,30.31667]]]}},{"type":"Feature","properties":{"PRECINCT":"montgomery:92","COUNTY":"Montgomery"},"geometry":{"type":"Polygon","coordinates":[[[-95.39821,30.14997],[-95.39758,30.14886],[-95.39592,30.14914],[-95.39448,30.14882],[-95.39422,30.1483],[-95.39459,30.14672],[-95.39427,30.14619],[-95.39427,30.14532],[-95.39298,30.14374],[-95.39219,30.14349],[-95.39105,30.1425],[-95.39063,30.14039],[-95.38974,30.13907],[-95.3886,30.1381],[-95.38781,30.13788],[-95.38692,30.13696],[-95.38394,30.13517],[-95.38307,30.13366],[-95.38199,30.13394],[-95.38151,30.13375],[-95.38085,30.13284],[-95.3808,30.13146],[-95.38009,30.13062],[-95.39296,30.12167],[-95.39756,30.11911],[-95.39878,30.12043],[-95.40182,30.12224],[-95.39902,30.12571],[-95.39817,30.12711],[-95.39778,30.12967],[-95.40032,30.13502],[-95.4009,30.13683],[-95.40098,30.13856],[-95.40011,30.14295],[-95.40016,30.14408],[-95.40049,30.14532],[-95.40206,30.14759],[-95.39821,30.14997]]]}},{"type":"Feature","properties":{"PRECINCT":"montgomery:93","COUNTY":"Montgomery"},"geometry":{"type":"Polygon","coordinates":[[[-95.27744,30.1492],[-95.27143,30.14645],[-95.27141,30.14585],[-95.2699,30.14587],[-95.26993,30.1488],[-95.26923,30.14794],[-95.26873,30.14785],[-95.26838,30.14739],[-95.2677,30.14723],[-95.26736,30.14623],[-95.26681,30.14579],[-95.26554,30.1456],[-95.26501,30.14595],[-95.26464,30.14554],[-95.26435,30.14554],[-95.26369,30.14604],[-95.26285,30.14558],[-95.26219,30.14599],[-95.2619,30.1459],[-95.2584,30.14299],[-95.25771,30.14301],[-95.25758,30.1428],[-95.25793,30.14232],[-95.25785,30.14203],[-95.256,30.14086],[-95.25587,30.14031],[-95.2549,30.13969],[-95.2549,30.13916],[-95.25445,30.13859],[-95.25458,30.1379],[-95.25429,30.13751],[-95.25432,30.13694],[-95.25308,30.13639],[-95.2529,30.136],[-95.25219,30.13561],[-95.25185,30.1349],[-95.25111,30.13485],[-95.24961,30.13405],[-95.24898,30.13419],[-95.2475,30.13374],[-95.24579,30.13374],[-95.24444,30.13337],[-95.24413,30.13301],[-95.24329,30.13294],[-95.24278,30.13214],[-95.24202,30.13214],[-95.24202,30.13166],[-95.24149,30.13104],[-95.24145,30.13033],[-95.23991,30.13],[-95.22874,30.13013],[-95.23654,30.10442],[-95.25314,30.10471],[-95.25519,30.10542],[-95.261,30.10925],[-95.27076,30.11662],[-95.29899,30.14679],[-95.29902,30.14914],[-95.2841,30.14924],[-95.27744,30.1492]]]}},{"type":"Feature","properties":{"PRECINCT":"montgomery:94","COUNTY":"Montgomery"},"geometry":{"type":"Polygon","coordinates":[[[-95.28917,30.09443],[-95.27435,30.09472],[-95.25581,30.07896],[-95.26998,30.07917],[-95.26852,30.07625],[-95.2631,30.06966],[-95.26277,30.06802],[-95.25953,30.06774],[-95.25776,30.06803],[-95.25616,30.06873],[-95.25476,30.07],[-95.25332,30.07056],[-95.25018,30.07061],[-95.24691,30.06981],[-95.251,30.05617],[-95.25483,30.0396],[-95.26368,30.03252],[-95.26383,30.0352],[-95.26554,30.03887],[-95.2667,30.03976],[-95.26975,30.04016],[-95.27105,30.04117],[-95.27133,30.04168],[-95.27132,30.04244],[-95.27103,30.04294],[-95.26898,30.04494],[-95.26896,30.04646],[-95.26938,30.04778],[-95.27067,30.04933],[-95.27295,30.0567],[-95.27447,30.06012],[-95.27648,30.06343],[-95.27791,30.06729],[-95.28104,30.06961],[-95.2818,30.07051],[-95.28196,30.07112],[-95.28181,30.07196],[-95.28027,30.0748],[-95.28052,30.07699],[-95.28198,30.07794],[-95.28505,30.07856],[-95.28833,30.08033],[-95.29384,30.08146],[-95.29483,30.08185],[-95.29745,30.08475],[-95.29928,30.08575],[-95.30033,30.08583],[-95.30404,30.08514],[-95.30641,30.08536],[-95.30714,30.08599],[-95.3074,30.08675],[-95.30722,30.08778],[-95.30743,30.08846],[-95.30806,30.08919],[-95.31022,30.08978],[-95.31315,30.08993],[-95.31475,30.09118],[-95.31474,30.0918],[-95.31407,30.09273],[-95.31184,30.09438],[-95.31125,30.09444],[-95.29425,30.09403],[-95.2923,30.0933],[-95.28917,30.09443]]]}},{"type":"Feature","properties":{"PRECINCT":"montgomery:95","COUNTY":"Montgomery"},"geometry":{"type":"Polygon","coordinates":[[[-95.21827,30.06906],[-95.23964,30.05155],[-95.25483,30.0396],[-95.251,30.05617],[-95.24691,30.06982],[-95.24095,30.06844],[-95.22143,30.06855],[-95.21827,30.06906]]]}},{"type":"Feature","properties":{"PRECINCT":"montgomery:96","COUNTY":"Montgomery"},"geometry":{"type":"Polygon","coordinates":[[[-95.42418,30.2239],[-95.42281,30.22386],[-95.42068,30.22438],[-95.41883,30.22516],[-95.41762,30.22471],[-95.41614,30.22487],[-95.41479,30.22443],[-95.41358,30.22336],[-95.41324,30.22212],[-95.41258,30.22155],[-95.41213,30.22036],[-95.41112,30.21896],[-95.40941,30.21791],[-95.40859,30.21704],[-95.40825,30.21623],[-95.40682,30.21546],[-95.40616,30.21541],[-95.40532,30.21569],[-95.40376,30.21674],[-95.40157,30.21665],[-95.4002,30.21695],[-95.39783,30.21679],[-95.39706,30.21564],[-95.39704,30.21468],[-95.39746,30.21193],[-95.39827,30.21024],[-95.39809,30.20916],[-95.39775,30.20849],[-95.39719,30.20811],[-95.39374,30.20719],[-95.39321,30.20687],[-95.3925,30.20556],[-95.39274,30.20437],[-95.3941,30.20279],[-95.39453,30.20183],[-95.3945,30.20114],[-95.39305,30.19986],[-95.39234,30.19844],[-95.39168,30.19791],[-95.3897,30.1973],[-95.38886,30.19661],[-95.38793,30.19489],[-95.38747,30.1945],[-95.40317,30.19436],[-95.40316,30.1932],[-95.40364,30.1932],[-95.40366,30.19435],[-95.41849,30.19425],[-95.41846,30.19059],[-95.43238,30.19049],[-95.43241,30.19307],[-95.44529,30.19292],[-95.44657,30.19805],[-95.4548,30.19786],[-95.45586,30.20302],[-95.45635,30.20759],[-95.45617,30.20735],[-95.4468,30.20837],[-95.4342,30.20847],[-95.4344,30.22409],[-95.43297,30.22411],[-95.43299,30.22676],[-95.42609,30.22681],[-95.4264,30.22589],[-95.42611,30.22505],[-95.42418,30.2239]]]}},{"type":"Feature","properties":{"PRECINCT":"montgomery:98","COUNTY":"Montgomery"},"geometry":{"type":"Polygon","coordinates":[[[-95.46058,30.24738],[-95.45892,30.24585],[-95.45747,30.24491],[-95.45831,30.24123],[-95.45869,30.23674],[-95.46996,30.23663],[-95.48081,30.23504],[-95.4805,30.20768],[-95.49813,30.20744],[-95.50032,30.21016],[-95.50987,30.22613],[-95.51159,30.22964],[-95.50139,30.23113],[-95.50187,30.23322],[-95.50156,30.23375],[-95.50035,30.23455],[-95.50007,30.23561],[-95.50046,30.23755],[-95.50046,30.24046],[-95.50154,30.24381],[-95.50154,30.24716],[-95.49311,30.2474],[-95.49122,30.24946],[-95.4901,30.24765],[-95.48068,30.24784],[-95.48068,30.24647],[-95.46939,30.24728],[-95.46794,30.24717],[-95.46718,30.24776],[-95.46662,30.2487],[-95.46536,30.24882],[-95.46251,30.2477],[-95.46058,30.24738]]]}}]}