{"type":"FeatureCollection","features":[{"type":"Feature","properties":{"PRECINCT":"7","VTD":"0007"},"geometry":{"type":"Polygon","coordinates":[[[-94.109358,33.434243],[-94.104994,33.434224],[-94.10502,33.432941],[-94.097487,33.430656],[-94.097585,33.429609],[-94.098457,33.429594],[-94.099496,33.430296],[-94.10001,33.430202],[-94.099893,33.426459],[-94.096139,33.426457],[-94.096439,33.420383],[-94.100095,33.420217],[-94.10002,33.418195],[-94.135931,33.413325],[-94.143588,33.411786],[-94.151498,33.409737],[-94.160844,33.404801],[-94.162709,33.407531],[-94.163387,33.408974],[-94.163594,33.414482],[-94.155428,33.414443],[-94.155444,33.411625],[-94.147235,33.411944],[-94.14484,33.412866],[-94.142346,33.41341],[-94.140037,33.414434],[-94.137201,33.415104],[-94.130646,33.418205],[-94.130868,33.418531],[-94.131663,33.418531],[-94.13171,33.423521],[-94.13014,33.423558],[-94.129282,33.425416],[-94.12715,33.4255],[-94.130047,33.431424],[-94.126191,33.431424],[-94.126189,33.431185],[-94.125911,33.431134],[-94.125691,33.432124],[-94.118757,33.432272],[-94.118688,33.434942],[-94.118899,33.43627],[-94.118589,33.436816],[-94.123297,33.438235],[-94.123221,33.438355],[-94.109358,33.434243]]]}},{"type":"Feature","properties":{"PRECINCT":"9","VTD":"0009"},"geometry":{"type":"Polygon","coordinates":[[[-94.171248,33.459055],[-94.170879,33.459065],[-94.17091,33.460762],[-94.163232,33.458454],[-94.158566,33.457431],[-94.11274,33.452109],[-94.11019,33.448327],[-94.110291,33.447336],[-94.107923,33.443469],[-94.104669,33.443554],[-94.10429,33.434224],[-94.109358,33.434243],[-94.123221,33.438355],[-94.123297,33.438235],[-94.118589,33.436816],[-94.118899,33.43627],[-94.118688,33.434942],[-94.118757,33.432272],[-94.125691,33.432124],[-94.125911,33.431134],[-94.126189,33.431185],[-94.126191,33.431424],[-94.130047,33.431424],[-94.12715,33.4255],[-94.129282,33.425416],[-94.13014,33.423558],[-94.13171,33.423521],[-94.131663,33.418531],[-94.130868,33.418531],[-94.130646,33.418205],[-94.137201,33.415104],[-94.140037,33.414434],[-94.142346,33.41341],[-94.14484,33.412866],[-94.147235,33.411944],[-94.155444,33.411625],[-94.155428,33.414443],[-94.163594,33.414482],[-94.163777,33.434415],[-94.171068,33.434354],[-94.171145,33.432876],[-94.17654,33.432875],[-94.176937,33.441564],[-94.176917,33.451268],[-94.185401,33.453851],[-94.185352,33.461478],[-94.184934,33.462957],[-94.184196,33.463932],[-94.181005,33.463346],[-94.173076,33.460957],[-94.172034,33.460267],[-94.171248,33.459055]]]}},{"type":"Feature","properties":{"PRECINCT":"10","VTD":"0010"},"geometry":{"type":"Polygon","coordinates":[[[-94.161326,33.579259],[-94.156983,33.575802],[-94.155594,33.575518],[-94.154124,33.575623],[-94.152979,33.57592],[-94.151491,33.576829],[-94.15013,33.578117],[-94.148628,33.580274],[-94.146925,33.581582],[-94.146048,33.581975],[-94.143997,33.582122],[-94.142028,33.581128],[-94.141679,33.580694],[-94.141764,33.5797],[-94.143044,33.57751],[-94.145131,33.575907],[-94.149667,33.573229],[-94.151017,33.572052],[-94.151718,33.570165],[-94.151448,33.568466],[-94.150224,33.566948],[-94.148401,33.565693],[-94.146902,33.565173],[-94.1449,33.56521],[-94.143374,33.565593],[-94.141847,33.566577],[-94.13701,33.57104],[-94.136106,33.571344],[-94.135144,33.571033],[-94.134595,33.570432],[-94.134244,33.569446],[-94.133196,33.559052],[-94.131546,33.553141],[-94.130831,33.552047],[-94.129795,33.551366],[-94.127856,33.550706],[-94.126753,33.550644],[-94.125878,33.5509],[-94.123934,33.552061],[-94.122533,33.553516],[-94.121563,33.556525],[-94.120525,33.561828],[-94.120263,33.564991],[-94.120669,33.566986],[-94.112832,33.566921],[-94.111717,33.567156],[-94.101557,33.570926],[-94.099934,33.572457],[-94.096253,33.573984],[-94.091852,33.575102],[-94.086137,33.575515],[-94.081811,33.575329],[-94.079487,33.574673],[-94.073909,33.572463],[-94.072615,33.57225],[-94.072085,33.572942],[-94.07178,33.574074],[-94.071896,33.576963],[-94.074155,33.580641],[-94.07512,33.582683],[-94.074968,33.583707],[-94.074448,33.58449],[-94.073454,33.58475],[-94.07231,33.584236],[-94.070671,33.582658],[-94.069809,33.580697],[-94.069784,33.579838],[-94.070448,33.577432],[-94.068977,33.572262],[-94.068187,33.570735],[-94.066993,33.569269],[-94.066396,33.568917],[-94.059764,33.568613],[-94.057086,33.568003],[-94.056318,33.567491],[-94.056025,33.567075],[-94.055615,33.561577],[-94.059848,33.559347],[-94.060657,33.559178],[-94.062783,33.55958],[-94.066208,33.560776],[-94.06729,33.560956],[-94.071927,33.559808],[-94.072958,33.559255],[-94.073769,33.558136],[-94.073909,33.556464],[-94.073418,33.554916],[-94.072134,33.553923],[-94.065363,33.550487],[-94.061767,33.549482],[-94.06097,33.549464],[-94.05611,33.550891],[-94.05184,33.552707],[-94.050595,33.551417],[-94.049864,33.551166],[-94.045401,33.551165],[-94.043313,33.551584],[-94.043034,33.494927],[-94.04329,33.494053],[-94.043396,33.49562],[-94.046983,33.495721],[-94.046959,33.497182],[-94.05104,33.497435],[-94.055222,33.497151],[-94.055563,33.495563],[-94.055622,33.488353],[-94.066479,33.488326],[-94.066472,33.489212],[-94.068496,33.489226],[-94.068484,33.490294],[-94.069684,33.490284],[-94.069697,33.489235],[-94.072028,33.489418],[-94.072019,33.490186],[-94.072737,33.490189],[-94.072861,33.487202],[-94.074761,33.487136],[-94.074327,33.498318],[-94.075136,33.500838],[-94.076141,33.502059],[-94.079878,33.503984],[-94.07985,33.501699],[-94.084067,33.501799],[-94.084153,33.501513],[-94.085374,33.501589],[-94.085343,33.502008],[-94.087454,33.502016],[-94.087348,33.502776],[-94.089241,33.502813],[-94.090496,33.503192],[-94.092164,33.501983],[-94.094453,33.502007],[-94.09438,33.501022],[-94.0977,33.501986],[-94.097552,33.511956],[-94.104011,33.510082],[-94.10656,33.511029],[-94.106906,33.510402],[-94.107312,33.510341],[-94.110012,33.511074],[-94.110157,33.510854],[-94.109301,33.509133],[-94.108897,33.509157],[-94.108427,33.509591],[-94.10818,33.509131],[-94.106887,33.508891],[-94.106742,33.508292],[-94.106949,33.507736],[-94.108257,33.504888],[-94.109472,33.504818],[-94.112022,33.505847],[-94.111267,33.504806],[-94.108954,33.503523],[-94.109132,33.502819],[-94.110166,33.501686],[-94.11004,33.501532],[-94.109036,33.501872],[-94.108831,33.502391],[-94.108187,33.502707],[-94.107424,33.501816],[-94.107526,33.500693],[-94.106701,33.500138],[-94.107212,33.499779],[-94.107339,33.499032],[-94.108373,33.499107],[-94.108761,33.498921],[-94.108761,33.498134],[-94.108248,33.498128],[-94.109002,33.497175],[-94.111297,33.496878],[-94.110004,33.49597],[-94.109547,33.496142],[-94.109485,33.496478],[-94.108863,33.496343],[-94.109028,33.495748],[-94.108582,33.495694],[-94.108705,33.495022],[-94.108019,33.494397],[-94.107923,33.49631],[-94.10708,33.497032],[-94.10623,33.497002],[-94.106321,33.497869],[-94.105899,33.49823],[-94.105916,33.498795],[-94.104752,33.498754],[-94.102405,33.498145],[-94.101973,33.497557],[-94.104854,33.494931],[-94.110187,33.488631],[-94.111576,33.484126],[-94.11312,33.484594],[-94.113216,33.484279],[-94.114056,33.4845],[-94.114118,33.490503],[-94.117735,33.492062],[-94.117736,33.49094],[-94.118119,33.49099],[-94.118242,33.488519],[-94.118539,33.488565],[-94.118563,33.486778],[-94.119996,33.486782],[-94.120309,33.487407],[-94.120304,33.485516],[-94.121019,33.485527],[-94.120998,33.48663],[-94.12346,33.486667],[-94.123455,33.486886],[-94.123673,33.48689],[-94.123649,33.488054],[-94.120255,33.487981],[-94.120266,33.488848],[-94.125172,33.488993],[-94.125219,33.486696],[-94.12918,33.486762],[-94.12923,33.483225],[-94.128185,33.483394],[-94.128339,33.481958],[-94.126117,33.482396],[-94.12613,33.483355],[-94.124781,33.48333],[-94.124785,33.48263],[-94.124588,33.482633],[-94.124584,33.48335],[-94.122445,33.483326],[-94.122396,33.484328],[-94.120208,33.48425],[-94.120205,33.482655],[-94.120573,33.482657],[-94.120573,33.483179],[-94.120993,33.483179],[-94.121003,33.482647],[-94.121298,33.482646],[-94.121312,33.47365],[-94.116697,33.473658],[-94.116715,33.475608],[-94.112376,33.475654],[-94.112365,33.477635],[-94.111193,33.477638],[-94.111198,33.476929],[-94.109241,33.476916],[-94.109301,33.476218],[-94.108753,33.47621],[-94.108755,33.476915],[-94.10768,33.476917],[-94.107657,33.477377],[-94.107582,33.476914],[-94.108239,33.4752],[-94.106578,33.47476],[-94.106595,33.474213],[-94.103863,33.474167],[-94.103823,33.473777],[-94.100431,33.473881],[-94.099995,33.473025],[-94.100766,33.473067],[-94.099826,33.471241],[-94.10016,33.471247],[-94.100238,33.46796],[-94.102859,33.467933],[-94.10285,33.466314],[-94.104004,33.466364],[-94.104173,33.466929],[-94.106901,33.466925],[-94.107144,33.466538],[-94.107254,33.469087],[-94.109874,33.469164],[-94.11009,33.473694],[-94.111724,33.473689],[-94.115119,33.47334],[-94.115172,33.4666],[-94.132121,33.466624],[-94.132058,33.468363],[-94.130324,33.468355],[-94.130373,33.473749],[-94.136258,33.473781],[-94.13521,33.47684],[-94.136403,33.476986],[-94.134523,33.480614],[-94.134695,33.481493],[-94.134401,33.4815],[-94.133664,33.482478],[-94.13472,33.483139],[-94.134782,33.484876],[-94.135801,33.484849],[-94.135742,33.483314],[-94.136766,33.483485],[-94.136774,33.483732],[-94.137792,33.483699],[-94.137755,33.485672],[-94.13839,33.485804],[-94.138403,33.485546],[-94.138777,33.485541],[-94.138716,33.481542],[-94.140336,33.481765],[-94.140385,33.492238],[-94.16784,33.499097],[-94.169129,33.49817],[-94.16928,33.497098],[-94.170395,33.49629],[-94.171006,33.495367],[-94.171491,33.495823],[-94.172049,33.495873],[-94.172279,33.496367],[-94.173637,33.496692],[-94.173807,33.497121],[-94.174135,33.496923],[-94.174241,33.496361],[-94.174687,33.496257],[-94.175205,33.495762],[-94.175953,33.496406],[-94.176662,33.495818],[-94.17695,33.495873],[-94.177679,33.49635],[-94.178046,33.497093],[-94.178453,33.497379],[-94.178486,33.497819],[-94.179864,33.499243],[-94.18054,33.498941],[-94.182239,33.499238],[-94.182994,33.498298],[-94.182882,33.497577],[-94.183282,33.497264],[-94.183204,33.497022],[-94.183788,33.496702],[-94.183906,33.496],[-94.184792,33.496324],[-94.185723,33.497313],[-94.187213,33.496516],[-94.188125,33.497082],[-94.187292,33.49777],[-94.187535,33.498472],[-94.188493,33.49799],[-94.188945,33.497462],[-94.189949,33.497709],[-94.190691,33.49718],[-94.190973,33.497428],[-94.190507,33.498044],[-94.191518,33.498754],[-94.191577,33.499446],[-94.193421,33.499319],[-94.194523,33.499017],[-94.19533,33.498472],[-94.196511,33.498334],[-94.196524,33.498016],[-94.197535,33.498462],[-94.198486,33.498016],[-94.201229,33.498967],[-94.203526,33.498285],[-94.20451,33.498417],[-94.206196,33.497922],[-94.208467,33.497987],[-94.210422,33.497508],[-94.213709,33.497821],[-94.214562,33.497155],[-94.215943,33.497304],[-94.216164,33.55055],[-94.21585,33.552244],[-94.216042,33.555311],[-94.215235,33.556097],[-94.214546,33.557373],[-94.214061,33.558555],[-94.214507,33.558604],[-94.214547,33.558813],[-94.213916,33.559374],[-94.213398,33.560506],[-94.212867,33.562194],[-94.212972,33.562524],[-94.212447,33.563731],[-94.207859,33.566861],[-94.205124,33.56704],[-94.203428,33.56611],[-94.202886,33.564732],[-94.201658,33.559045],[-94.201166,33.557897],[-94.199449,33.555959],[-94.197954,33.555057],[-94.195447,33.555162],[-94.192716,33.55638],[-94.191866,33.556974],[-94.190526,33.559215],[-94.189808,33.561829],[-94.190081,33.563567],[-94.190955,33.564589],[-94.192083,33.566777],[-94.192411,33.569874],[-94.192852,33.57112],[-94.194478,33.573669],[-94.196325,33.575362],[-94.198827,33.576678],[-94.201162,33.577409],[-94.202061,33.577486],[-94.203814,33.576868],[-94.206664,33.574625],[-94.208664,33.57373],[-94.210101,33.573507],[-94.211717,33.573774],[-94.215181,33.575719],[-94.216613,33.576967],[-94.217131,33.578172],[-94.217333,33.579716],[-94.216955,33.581035],[-94.215176,33.582865],[-94.212938,33.583441],[-94.211515,33.583198],[-94.210087,33.582609],[-94.205315,33.580134],[-94.204172,33.579782],[-94.201696,33.579849],[-94.199765,33.580148],[-94.196692,33.581223],[-94.194957,33.58225],[-94.192995,33.585237],[-94.184411,33.594386],[-94.183774,33.594666],[-94.183354,33.594533],[-94.181024,33.592595],[-94.179774,33.592005],[-94.175774,33.590982],[-94.168538,33.58965],[-94.164196,33.589228],[-94.161817,33.588694],[-94.161184,33.588114],[-94.160951,33.587512],[-94.161097,33.585156],[-94.161889,33.582253],[-94.162006,33.580884],[-94.161326,33.579259]]]}},{"type":"Feature","properties":{"PRECINCT":"11","VTD":"0011"},"geometry":{"type":"Polygon","coordinates":[[[-94.247102,33.555396],[-94.241607,33.554297],[-94.238554,33.55281],[-94.23669,33.552339],[-94.228911,33.552236],[-94.22642,33.552979],[-94.223992,33.553393],[-94.221037,33.554932],[-94.218221,33.556903],[-94.214924,33.561493],[-94.212447,33.563731],[-94.212972,33.562524],[-94.212867,33.562194],[-94.213398,33.560506],[-94.213916,33.559374],[-94.214547,33.558813],[-94.214507,33.558604],[-94.214067,33.5585],[-94.215235,33.556097],[-94.216042,33.555311],[-94.216082,33.554639],[-94.21585,33.552244],[-94.216164,33.55055],[-94.215943,33.497304],[-94.214562,33.497155],[-94.213709,33.497821],[-94.210422,33.497508],[-94.208467,33.497987],[-94.206196,33.497922],[-94.20451,33.498417],[-94.203526,33.498285],[-94.201229,33.498967],[-94.198401,33.497999],[-94.197535,33.498462],[-94.196524,33.498016],[-94.196511,33.498334],[-94.195956,33.498462],[-94.195962,33.493358],[-94.195566,33.493371],[-94.194641,33.494295],[-94.193876,33.494293],[-94.194664,33.490927],[-94.195945,33.488557],[-94.196287,33.48737],[-94.196366,33.483962],[-94.195944,33.483963],[-94.196123,33.480806],[-94.197438,33.480967],[-94.198647,33.480274],[-94.199905,33.478862],[-94.200637,33.47723],[-94.200842,33.469381],[-94.201433,33.467892],[-94.201408,33.466886],[-94.20241,33.466845],[-94.202628,33.46624],[-94.202358,33.465532],[-94.203389,33.465564],[-94.203438,33.459304],[-94.208781,33.460218],[-94.259054,33.465521],[-94.258842,33.529572],[-94.258498,33.548959],[-94.258962,33.55077],[-94.25956,33.559158],[-94.258545,33.562415],[-94.258335,33.567353],[-94.258439,33.574009],[-94.257367,33.578136],[-94.256915,33.581607],[-94.256749,33.581961],[-94.256086,33.582284],[-94.257546,33.582642],[-94.253858,33.585484],[-94.248711,33.588052],[-94.244471,33.589494],[-94.241985,33.589762],[-94.240151,33.589472],[-94.237564,33.587914],[-94.236718,33.587091],[-94.236447,33.586518],[-94.236396,33.584289],[-94.237117,33.579489],[-94.238214,33.577161],[-94.238896,33.576575],[-94.241119,33.575689],[-94.2438,33.57407],[-94.247025,33.570593],[-94.251094,33.565097],[-94.25183,33.563257],[-94.252182,33.561441],[-94.252115,33.560007],[-94.251697,33.558475],[-94.250695,33.557108],[-94.249322,33.556235],[-94.247102,33.555396]]]}},{"type":"Feature","properties":{"PRECINCT":"12","VTD":"0012"},"geometry":{"type":"Polygon","coordinates":[[[-94.176754,33.438015],[-94.17654,33.432875],[-94.171145,33.432876],[-94.171068,33.434354],[-94.163777,33.434415],[-94.163458,33.409342],[-94.163008,33.408046],[-94.160844,33.404801],[-94.165292,33.402439],[-94.164227,33.399803],[-94.165376,33.39802],[-94.165643,33.396178],[-94.164363,33.393604],[-94.162445,33.392901],[-94.161781,33.390102],[-94.160796,33.3875],[-94.160413,33.387507],[-94.160602,33.386828],[-94.160284,33.38662],[-94.160137,33.385534],[-94.159466,33.384565],[-94.158871,33.384207],[-94.158182,33.382789],[-94.158339,33.382109],[-94.164639,33.38053],[-94.168496,33.378588],[-94.166819,33.376289],[-94.166571,33.37536],[-94.172611,33.375464],[-94.172637,33.358463],[-94.160268,33.358623],[-94.156852,33.355186],[-94.157222,33.354886],[-94.156856,33.337465],[-94.161806,33.322567],[-94.161713,33.320819],[-94.161019,33.319571],[-94.158953,33.308033],[-94.161417,33.309029],[-94.161971,33.313782],[-94.163178,33.320161],[-94.163669,33.320616],[-94.163623,33.321764],[-94.16443,33.321907],[-94.164317,33.321512],[-94.164627,33.321064],[-94.165004,33.321218],[-94.165527,33.321071],[-94.165583,33.321613],[-94.165892,33.32095],[-94.166095,33.32153],[-94.166713,33.322052],[-94.167964,33.322226],[-94.16917,33.321914],[-94.1701,33.322525],[-94.168697,33.323105],[-94.168071,33.32283],[-94.167811,33.322922],[-94.167903,33.323227],[-94.167445,33.32354],[-94.166148,33.323501],[-94.166606,33.324249],[-94.166545,33.32553],[-94.16714,33.326012],[-94.16714,33.326363],[-94.16682,33.326667],[-94.165919,33.326622],[-94.165553,33.326355],[-94.165156,33.326622],[-94.164531,33.32653],[-94.164683,33.327148],[-94.163936,33.327728],[-94.164104,33.327857],[-94.164424,33.327637],[-94.164989,33.327681],[-94.165416,33.327148],[-94.165782,33.327109],[-94.167232,33.327765],[-94.1674,33.328162],[-94.166911,33.328353],[-94.166972,33.328742],[-94.165416,33.328772],[-94.164821,33.329123],[-94.164622,33.330443],[-94.165355,33.331107],[-94.166087,33.332419],[-94.164729,33.332526],[-94.164455,33.332923],[-94.164455,33.333098],[-94.165721,33.333709],[-94.165431,33.334449],[-94.16624,33.334685],[-94.166438,33.334502],[-94.166377,33.333503],[-94.166667,33.33296],[-94.167766,33.332465],[-94.168162,33.331992],[-94.168269,33.330672],[-94.167903,33.330146],[-94.168529,33.329482],[-94.169322,33.329307],[-94.169734,33.32891],[-94.169994,33.328955],[-94.170116,33.329436],[-94.170207,33.331504],[-94.17068,33.332129],[-94.170573,33.332923],[-94.169398,33.333335],[-94.168956,33.333228],[-94.168758,33.334097],[-94.16801,33.334327],[-94.167201,33.335151],[-94.166072,33.335082],[-94.164409,33.336257],[-94.163585,33.336394],[-94.161906,33.338202],[-94.16212,33.338828],[-94.163936,33.337455],[-94.164577,33.337446],[-94.164836,33.337812],[-94.164516,33.338546],[-94.164775,33.340918],[-94.165248,33.34133],[-94.166392,33.341765],[-94.166652,33.341468],[-94.167537,33.341819],[-94.167796,33.342498],[-94.168376,33.342559],[-94.169261,33.343261],[-94.169688,33.344138],[-94.169414,33.344504],[-94.170207,33.344527],[-94.170512,33.344802],[-94.170314,33.345756],[-94.170467,33.346075],[-94.17094,33.345244],[-94.171504,33.345336],[-94.172298,33.346961],[-94.171977,33.347884],[-94.172557,33.347487],[-94.172755,33.346877],[-94.17329,33.347457],[-94.174221,33.347709],[-94.174908,33.348326],[-94.174801,33.348639],[-94.174221,33.348723],[-94.173489,33.349348],[-94.17239,33.350904],[-94.171719,33.351134],[-94.171826,33.351729],[-94.172085,33.351706],[-94.172238,33.351317],[-94.173229,33.350913],[-94.173916,33.350043],[-94.174999,33.349547],[-94.175945,33.349395],[-94.176571,33.350088],[-94.175839,33.351142],[-94.175793,33.351706],[-94.176312,33.35105],[-94.176617,33.351011],[-94.176983,33.350188],[-94.177715,33.350425],[-94.178555,33.352157],[-94.177776,33.353171],[-94.178188,33.353423],[-94.179135,33.352378],[-94.17918,33.350737],[-94.179333,33.350608],[-94.17976,33.350837],[-94.179852,33.351539],[-94.181637,33.353811],[-94.182263,33.355628],[-94.182568,33.355635],[-94.182781,33.35617],[-94.182308,33.358069],[-94.182629,33.358755],[-94.182308,33.359158],[-94.181637,33.3594],[-94.181422,33.35985],[-94.182628,33.359189],[-94.184032,33.359492],[-94.184031,33.359001],[-94.183359,33.358787],[-94.183359,33.358603],[-94.184351,33.35778],[-94.18461,33.355576],[-94.183924,33.354537],[-94.185083,33.353997],[-94.185083,33.353592],[-94.186747,33.353457],[-94.188686,33.354166],[-94.189204,33.353816],[-94.189769,33.353856],[-94.190303,33.353543],[-94.191859,33.353551],[-94.193065,33.352933],[-94.19337,33.352994],[-94.193477,33.352583],[-94.194728,33.352995],[-94.195094,33.353415],[-94.195674,33.353454],[-94.197291,33.354394],[-94.197613,33.356203],[-94.198177,33.35698],[-94.198025,33.357875],[-94.196973,33.358279],[-94.196149,33.358317],[-94.19563,33.358761],[-94.195523,33.35902],[-94.195783,33.358707],[-94.196973,33.358455],[-94.197965,33.358479],[-94.198865,33.359014],[-94.199903,33.358938],[-94.200422,33.359243],[-94.20094,33.360351],[-94.201154,33.360357],[-94.200788,33.35945],[-94.202466,33.359717],[-94.203916,33.361296],[-94.205014,33.361562],[-94.206174,33.361387],[-94.206632,33.360684],[-94.207792,33.360639],[-94.208524,33.360838],[-94.209348,33.361753],[-94.209928,33.362059],[-94.212125,33.362271],[-94.215772,33.3635],[-94.216352,33.363996],[-94.215985,33.364645],[-94.216352,33.36527],[-94.216916,33.365178],[-94.217237,33.365758],[-94.220473,33.367514],[-94.223295,33.368344],[-94.223033,33.370576],[-94.223291,33.371704],[-94.223763,33.372397],[-94.224327,33.372739],[-94.226263,33.372683],[-94.228475,33.3752],[-94.229163,33.375324],[-94.229105,33.376303],[-94.228435,33.377062],[-94.229582,33.380789],[-94.230467,33.381552],[-94.231306,33.382742],[-94.232924,33.38384],[-94.234434,33.384542],[-94.236526,33.386518],[-94.236785,33.387358],[-94.236266,33.388243],[-94.237991,33.390005],[-94.237884,33.390226],[-94.236739,33.390562],[-94.237472,33.391546],[-94.237426,33.391889],[-94.237838,33.392018],[-94.237563,33.392598],[-94.237731,33.392721],[-94.238357,33.392195],[-94.238418,33.392828],[-94.239028,33.393079],[-94.239176,33.393731],[-94.237695,33.394348],[-94.230377,33.399546],[-94.229433,33.399962],[-94.221578,33.401833],[-94.217615,33.402518],[-94.205766,33.40386],[-94.205824,33.414431],[-94.201727,33.414582],[-94.201668,33.419274],[-94.193562,33.41938],[-94.193325,33.423383],[-94.190961,33.42333],[-94.190798,33.423547],[-94.189671,33.423727],[-94.183709,33.423738],[-94.183867,33.437275],[-94.176754,33.438015]]]}},{"type":"Feature","properties":{"PRECINCT":"13","VTD":"0013"},"geometry":{"type":"Polygon","coordinates":[[[-94.190816,33.455286],[-94.190611,33.45168],[-94.190695,33.423575],[-94.190961,33.42333],[-94.193325,33.423383],[-94.193426,33.423238],[-94.193562,33.41938],[-94.201668,33.419274],[-94.201727,33.414582],[-94.205824,33.414431],[-94.205766,33.40386],[-94.217615,33.402518],[-94.221578,33.401833],[-94.229433,33.399962],[-94.230377,33.399546],[-94.237512,33.394472],[-94.258456,33.394454],[-94.258296,33.385383],[-94.259095,33.385148],[-94.261966,33.380226],[-94.261528,33.379904],[-94.263283,33.377057],[-94.273193,33.377646],[-94.28615,33.37736],[-94.286104,33.388567],[-94.290229,33.388686],[-94.29025,33.397965],[-94.288982,33.397979],[-94.28938,33.399197],[-94.296401,33.399154],[-94.296399,33.398387],[-94.303528,33.397589],[-94.314528,33.39739],[-94.323398,33.397509],[-94.324023,33.397713],[-94.325865,33.399952],[-94.326853,33.400709],[-94.3413,33.400688],[-94.341703,33.400402],[-94.341745,33.400982],[-94.343137,33.400962],[-94.345574,33.403128],[-94.345756,33.407092],[-94.345578,33.407808],[-94.363515,33.407947],[-94.376813,33.407682],[-94.3898,33.407873],[-94.389738,33.407628],[-94.398786,33.407666],[-94.405956,33.406157],[-94.406289,33.421187],[-94.407511,33.42217],[-94.40762,33.422865],[-94.407608,33.429696],[-94.40774,33.431109],[-94.408246,33.432572],[-94.408248,33.435678],[-94.408623,33.437784],[-94.410884,33.437866],[-94.41109,33.44155],[-94.411035,33.441938],[-94.41057,33.442121],[-94.410624,33.445375],[-94.406795,33.45646],[-94.406603,33.458956],[-94.406696,33.459187],[-94.408093,33.459086],[-94.40814,33.459829],[-94.357196,33.462612],[-94.35713,33.461557],[-94.359308,33.461505],[-94.360252,33.460946],[-94.362949,33.460836],[-94.36279,33.459775],[-94.361888,33.45886],[-94.361095,33.458425],[-94.358772,33.457876],[-94.341255,33.457583],[-94.33743,33.460355],[-94.335735,33.460493],[-94.335927,33.462784],[-94.335545,33.462808],[-94.33559,33.463793],[-94.278285,33.466807],[-94.273255,33.466892],[-94.207793,33.460102],[-94.203438,33.459304],[-94.190816,33.455286]]]}},{"type":"Feature","properties":{"PRECINCT":"14","VTD":"0014"},"geometry":{"type":"Polygon","coordinates":[[[-94.450376,33.591073],[-94.446341,33.590999],[-94.441749,33.591511],[-94.441058,33.591897],[-94.439469,33.594211],[-94.437405,33.59378],[-94.43303,33.591903],[-94.43065,33.591574],[-94.428034,33.590038],[-94.425309,33.585799],[-94.418196,33.576528],[-94.416197,33.573568],[-94.414846,33.572268],[-94.413259,33.569692],[-94.412451,33.569019],[-94.409586,33.568278],[-94.406027,33.568048],[-94.403786,33.568382],[-94.39737,33.57155],[-94.394332,33.573804],[-94.393213,33.575166],[-94.389014,33.579038],[-94.387079,33.58117],[-94.385759,33.582037],[-94.382994,33.583291],[-94.382712,33.583329],[-94.380649,33.581864],[-94.379486,33.580397],[-94.378594,33.578955],[-94.377779,33.575161],[-94.377918,33.573341],[-94.378675,33.570675],[-94.380147,33.568825],[-94.381393,33.567789],[-94.382645,33.567191],[-94.386184,33.56587],[-94.387432,33.565602],[-94.391564,33.565282],[-94.392636,33.565423],[-94.394411,33.56666],[-94.395551,33.566543],[-94.400709,33.562324],[-94.401388,33.56101],[-94.401412,33.558855],[-94.400594,33.556797],[-94.399372,33.555885],[-94.397685,33.554143],[-94.393114,33.551568],[-94.391339,33.549858],[-94.389294,33.546737],[-94.386786,33.545123],[-94.385335,33.544849],[-94.384194,33.544905],[-94.381664,33.544035],[-94.375212,33.544336],[-94.372482,33.544698],[-94.370617,33.545745],[-94.370141,33.545782],[-94.366689,33.545073],[-94.362033,33.544841],[-94.359272,33.543256],[-94.356519,33.542981],[-94.355411,33.543122],[-94.35597,33.508643],[-94.355949,33.462681],[-94.398998,33.460321],[-94.39897,33.465172],[-94.401232,33.46551],[-94.405182,33.465723],[-94.405173,33.46621],[-94.40185,33.46624],[-94.40186,33.46812],[-94.40064,33.46813],[-94.400633,33.467285],[-94.399061,33.467307],[-94.399197,33.473402],[-94.409015,33.47426],[-94.409042,33.47449],[-94.381958,33.47213],[-94.381885,33.479066],[-94.409443,33.479062],[-94.409514,33.482216],[-94.41321,33.481844],[-94.415082,33.481631],[-94.415079,33.479759],[-94.41388,33.479772],[-94.413844,33.479179],[-94.424918,33.479077],[-94.425104,33.479543],[-94.426209,33.479565],[-94.426348,33.476509],[-94.426777,33.476339],[-94.429781,33.476484],[-94.430129,33.476098],[-94.438012,33.476622],[-94.442112,33.476263],[-94.446819,33.475105],[-94.456487,33.470903],[-94.468448,33.472467],[-94.484798,33.477261],[-94.484982,33.478737],[-94.48467,33.480409],[-94.484622,33.48458],[-94.491895,33.484896],[-94.491917,33.502105],[-94.492107,33.502437],[-94.495149,33.502364],[-94.494883,33.502595],[-94.494762,33.503632],[-94.493409,33.503662],[-94.493619,33.533544],[-94.496841,33.533518],[-94.496856,33.545478],[-94.493001,33.545479],[-94.492901,33.549508],[-94.493002,33.549705],[-94.493724,33.549815],[-94.493935,33.550781],[-94.493383,33.550776],[-94.493422,33.550348],[-94.493068,33.550513],[-94.493121,33.551349],[-94.492379,33.551085],[-94.49249,33.550431],[-94.491847,33.550821],[-94.491367,33.550179],[-94.490914,33.550196],[-94.490612,33.550597],[-94.490159,33.550486],[-94.489116,33.550708],[-94.488499,33.551108],[-94.488255,33.550461],[-94.487697,33.550384],[-94.486818,33.550736],[-94.487041,33.551302],[-94.486096,33.551862],[-94.486411,33.550918],[-94.486089,33.550396],[-94.485669,33.55028],[-94.484986,33.551412],[-94.483969,33.551809],[-94.484258,33.552352],[-94.484068,33.552605],[-94.483359,33.552431],[-94.482795,33.553206],[-94.482354,33.552612],[-94.481796,33.552739],[-94.481915,33.553843],[-94.480714,33.554966],[-94.479683,33.554416],[-94.479808,33.554043],[-94.480117,33.55424],[-94.479998,33.553718],[-94.478974,33.55408],[-94.478961,33.554543],[-94.478502,33.554714],[-94.478285,33.554598],[-94.478304,33.553928],[-94.477648,33.554125],[-94.477122,33.553637],[-94.47577,33.553824],[-94.475114,33.554665],[-94.474122,33.554655],[-94.473978,33.555226],[-94.472475,33.555425],[-94.472133,33.555777],[-94.469809,33.555436],[-94.469441,33.555607],[-94.469448,33.555986],[-94.470341,33.556118],[-94.470624,33.556426],[-94.470084,33.556529],[-94.470061,33.562259],[-94.469584,33.566092],[-94.47007,33.566868],[-94.469538,33.567464],[-94.469637,33.567733],[-94.470064,33.567816],[-94.470069,33.569817],[-94.45781,33.569787],[-94.457648,33.585158],[-94.459234,33.585519],[-94.459884,33.58542],[-94.461769,33.586184],[-94.462367,33.587321],[-94.4624,33.588063],[-94.461961,33.589025],[-94.462336,33.589525],[-94.462659,33.59089],[-94.46256,33.593416],[-94.462192,33.59441],[-94.46124,33.596232],[-94.459225,33.597788],[-94.459122,33.598436],[-94.458432,33.599302],[-94.457831,33.599628],[-94.458232,33.59827],[-94.456861,33.597176],[-94.455949,33.594795],[-94.454592,33.592982],[-94.453166,33.591812],[-94.450376,33.591073]]]}},{"type":"Feature","properties":{"PRECINCT":"15","VTD":"0015"},"geometry":{"type":"Polygon","coordinates":[[[-94.458573,33.6452],[-94.454795,33.644852],[-94.448735,33.642715],[-94.447347,33.6414],[-94.446779,33.640258],[-94.447163,33.639723],[-94.446894,33.638175],[-94.447238,33.636642],[-94.448059,33.635677],[-94.448165,33.634756],[-94.448501,33.634435],[-94.451869,33.633522],[-94.460331,33.631961],[-94.46275,33.630793],[-94.461802,33.630242],[-94.461141,33.629263],[-94.46121,33.626199],[-94.460598,33.624654],[-94.45737,33.623255],[-94.452699,33.622507],[-94.45249,33.620604],[-94.452608,33.618098],[-94.453977,33.615764],[-94.455027,33.615001],[-94.462335,33.610567],[-94.469666,33.607294],[-94.471434,33.605579],[-94.47214,33.603956],[-94.472113,33.603483],[-94.471246,33.601893],[-94.469843,33.600566],[-94.46854,33.59964],[-94.46781,33.599386],[-94.46496,33.598809],[-94.461851,33.598709],[-94.459272,33.600258],[-94.458268,33.600509],[-94.457456,33.600442],[-94.457831,33.599628],[-94.458889,33.598831],[-94.459225,33.597788],[-94.46124,33.596232],[-94.46256,33.593416],[-94.462659,33.59089],[-94.462336,33.589525],[-94.461961,33.589025],[-94.4624,33.588063],[-94.462367,33.587321],[-94.461769,33.586184],[-94.459884,33.58542],[-94.459234,33.585519],[-94.457648,33.585158],[-94.45781,33.569787],[-94.470069,33.569817],[-94.470064,33.567816],[-94.469637,33.567733],[-94.469538,33.567464],[-94.47007,33.566868],[-94.469584,33.566092],[-94.470061,33.562259],[-94.470084,33.556529],[-94.470624,33.556426],[-94.470341,33.556118],[-94.469448,33.555986],[-94.469441,33.555607],[-94.469809,33.555436],[-94.472133,33.555777],[-94.472475,33.555425],[-94.473978,33.555226],[-94.474122,33.554655],[-94.475114,33.554665],[-94.47577,33.553824],[-94.477122,33.553637],[-94.477648,33.554125],[-94.478304,33.553928],[-94.478285,33.554598],[-94.478502,33.554714],[-94.478961,33.554543],[-94.478974,33.55408],[-94.479998,33.553718],[-94.480117,33.55424],[-94.479808,33.554043],[-94.479683,33.554416],[-94.480714,33.554966],[-94.481915,33.553843],[-94.481796,33.552739],[-94.482354,33.552612],[-94.482795,33.553206],[-94.483359,33.552431],[-94.484068,33.552605],[-94.484258,33.552352],[-94.483969,33.551809],[-94.484986,33.551412],[-94.485669,33.55028],[-94.486089,33.550396],[-94.486411,33.550918],[-94.486096,33.551862],[-94.487041,33.551302],[-94.486818,33.550736],[-94.487697,33.550384],[-94.488255,33.550461],[-94.488499,33.551108],[-94.489116,33.550708],[-94.490159,33.550486],[-94.490612,33.550597],[-94.490914,33.550196],[-94.491367,33.550179],[-94.491847,33.550821],[-94.49249,33.550431],[-94.492379,33.551085],[-94.493121,33.551349],[-94.493068,33.550513],[-94.493422,33.550348],[-94.493383,33.550776],[-94.493935,33.550781],[-94.493724,33.549815],[-94.493002,33.549705],[-94.492901,33.549508],[-94.493001,33.545479],[-94.496856,33.545478],[-94.496841,33.533518],[-94.493619,33.533544],[-94.493409,33.503662],[-94.494762,33.503632],[-94.494883,33.502595],[-94.495149,33.502364],[-94.492107,33.502437],[-94.491917,33.502105],[-94.491895,33.484896],[-94.484622,33.48458],[-94.48467,33.480409],[-94.484982,33.478737],[-94.484798,33.477261],[-94.568771,33.501801],[-94.572867,33.50293],[-94.576965,33.503662],[-94.576948,33.516146],[-94.576571,33.516837],[-94.575985,33.517235],[-94.572503,33.517215],[-94.572481,33.522805],[-94.57316,33.527475],[-94.572826,33.529466],[-94.572738,33.533185],[-94.57026,33.53511],[-94.565603,33.539557],[-94.564816,33.540574],[-94.562198,33.547351],[-94.560056,33.555246],[-94.555965,33.560834],[-94.554826,33.562893],[-94.554554,33.564031],[-94.55492,33.566356],[-94.554718,33.567011],[-94.550389,33.57055],[-94.546229,33.571712],[-94.542498,33.571864],[-94.541263,33.572324],[-94.54054,33.572891],[-94.538067,33.575763],[-94.537188,33.579997],[-94.53609,33.58242],[-94.535397,33.584723],[-94.534964,33.585417],[-94.533719,33.586265],[-94.533355,33.606909],[-94.534827,33.608791],[-94.533736,33.611947],[-94.533608,33.614199],[-94.535125,33.61534],[-94.538603,33.620452],[-94.539619,33.621393],[-94.539352,33.631004],[-94.539049,33.631124],[-94.539573,33.633174],[-94.538954,33.634699],[-94.540109,33.635458],[-94.541099,33.635588],[-94.536282,33.638778],[-94.528126,33.641248],[-94.523253,33.641149],[-94.521837,33.640728],[-94.519942,33.639275],[-94.518529,33.63757],[-94.520554,33.635351],[-94.527579,33.630818],[-94.530434,33.628624],[-94.532859,33.62743],[-94.534814,33.625521],[-94.535425,33.624217],[-94.535084,33.621737],[-94.532601,33.619126],[-94.52795,33.615964],[-94.523949,33.615831],[-94.522221,33.61636],[-94.520359,33.617458],[-94.519674,33.618535],[-94.519591,33.619795],[-94.519098,33.62023],[-94.518961,33.620985],[-94.518441,33.621352],[-94.518495,33.622222],[-94.51792,33.623734],[-94.518686,33.624558],[-94.520245,33.629805],[-94.517468,33.633056],[-94.515956,33.63109],[-94.512749,33.624815],[-94.51095,33.622599],[-94.509498,33.621708],[-94.507514,33.621031],[-94.505655,33.620668],[-94.503808,33.620848],[-94.501764,33.621716],[-94.500699,33.622974],[-94.498911,33.623924],[-94.493019,33.624544],[-94.490684,33.625586],[-94.488363,33.627406],[-94.487514,33.628939],[-94.487737,33.630634],[-94.489095,33.633438],[-94.49167,33.636454],[-94.490234,33.636662],[-94.482804,33.638633],[-94.478067,33.639007],[-94.475389,33.638565],[-94.47231,33.637531],[-94.468336,33.637507],[-94.466033,33.636189],[-94.464778,33.637112],[-94.464152,33.637883],[-94.463342,33.639425],[-94.462634,33.64162],[-94.461429,33.643518],[-94.460276,33.644489],[-94.459186,33.644992],[-94.458573,33.6452]]]}},{"type":"Feature","properties":{"PRECINCT":"16","VTD":"0016"},"geometry":{"type":"Polygon","coordinates":[[[-94.296403,33.397692],[-94.296472,33.390673],[-94.294942,33.388651],[-94.294572,33.386989],[-94.297022,33.380273],[-94.297228,33.377791],[-94.289061,33.377353],[-94.273193,33.377646],[-94.263283,33.377057],[-94.261528,33.379904],[-94.261966,33.380226],[-94.259095,33.385148],[-94.258296,33.385383],[-94.258456,33.394454],[-94.237512,33.394472],[-94.239176,33.393731],[-94.239028,33.393079],[-94.238418,33.392828],[-94.238357,33.392195],[-94.237731,33.392721],[-94.237563,33.392598],[-94.237838,33.392018],[-94.237426,33.391889],[-94.237472,33.391546],[-94.236739,33.390562],[-94.237884,33.390226],[-94.237991,33.390005],[-94.236266,33.388243],[-94.236785,33.387045],[-94.235853,33.385733],[-94.233977,33.38423],[-94.231886,33.383184],[-94.230467,33.381552],[-94.229796,33.381155],[-94.228435,33.377062],[-94.229105,33.376303],[-94.229163,33.375324],[-94.228475,33.3752],[-94.226263,33.372683],[-94.224327,33.372739],[-94.223763,33.372397],[-94.223291,33.371704],[-94.223033,33.370576],[-94.223295,33.368344],[-94.220473,33.367514],[-94.217237,33.365758],[-94.216916,33.365178],[-94.216352,33.36527],[-94.215985,33.364645],[-94.216291,33.363829],[-94.215299,33.363256],[-94.214826,33.363256],[-94.214566,33.362982],[-94.212125,33.362271],[-94.209928,33.362059],[-94.208783,33.36125],[-94.208463,33.36038],[-94.207425,33.359327],[-94.208097,33.358489],[-94.20799,33.356948],[-94.206113,33.355178],[-94.20445,33.354498],[-94.20387,33.354041],[-94.204023,33.352561],[-94.204496,33.352674],[-94.205274,33.352286],[-94.20596,33.352286],[-94.205487,33.352157],[-94.204496,33.352424],[-94.203916,33.351851],[-94.20355,33.352378],[-94.203611,33.352804],[-94.202985,33.353446],[-94.20178,33.352736],[-94.201307,33.352027],[-94.200528,33.351943],[-94.200116,33.351667],[-94.199949,33.351011],[-94.199276,33.35076],[-94.19891,33.35105],[-94.199277,33.353446],[-94.199063,33.353704],[-94.198865,33.353254],[-94.197811,33.352728],[-94.197186,33.352072],[-94.197445,33.351408],[-94.197033,33.350921],[-94.197247,33.349776],[-94.196301,33.347976],[-94.195721,33.348554],[-94.194363,33.348731],[-94.193432,33.347762],[-94.193218,33.346969],[-94.1927,33.346488],[-94.192486,33.345458],[-94.192013,33.345022],[-94.192333,33.344329],[-94.191601,33.344451],[-94.190716,33.345641],[-94.189617,33.345992],[-94.189053,33.345435],[-94.187374,33.345191],[-94.187374,33.345458],[-94.188519,33.345504],[-94.188519,33.345678],[-94.189099,33.345869],[-94.188778,33.346206],[-94.187847,33.346427],[-94.187634,33.346823],[-94.188061,33.347709],[-94.187527,33.347976],[-94.187008,33.3478],[-94.186642,33.347006],[-94.18565,33.346792],[-94.185131,33.346167],[-94.184612,33.345244],[-94.184612,33.344808],[-94.184979,33.344771],[-94.185024,33.344535],[-94.183254,33.343778],[-94.182369,33.343673],[-94.182308,33.343482],[-94.182888,33.342879],[-94.1833,33.34265],[-94.184033,33.342635],[-94.184719,33.341712],[-94.184765,33.341468],[-94.183926,33.340536],[-94.184872,33.340528],[-94.184506,33.340094],[-94.18388,33.340003],[-94.184506,33.338599],[-94.18388,33.337752],[-94.183926,33.337409],[-94.18478,33.33692],[-94.185497,33.335997],[-94.185909,33.336402],[-94.185284,33.33473],[-94.185909,33.334936],[-94.186855,33.334815],[-94.187847,33.335279],[-94.188778,33.334998],[-94.189053,33.335158],[-94.189144,33.333762],[-94.189678,33.333793],[-94.190197,33.33354],[-94.190609,33.333785],[-94.191662,33.333136],[-94.191967,33.33332],[-94.192593,33.332701],[-94.193112,33.332793],[-94.193844,33.33393],[-94.193951,33.332999],[-94.193646,33.33155],[-94.19537,33.331077],[-94.196728,33.331695],[-94.195934,33.332991],[-94.196453,33.334463],[-94.196087,33.335158],[-94.196087,33.335859],[-94.196362,33.335074],[-94.196758,33.334722],[-94.196453,33.332969],[-94.197033,33.332465],[-94.197659,33.332427],[-94.197491,33.331556],[-94.197857,33.331198],[-94.199474,33.330893],[-94.201,33.331473],[-94.200314,33.332206],[-94.200527,33.332923],[-94.200314,33.333486],[-94.199276,33.334151],[-94.200268,33.334235],[-94.200634,33.336615],[-94.201199,33.337409],[-94.200939,33.33692],[-94.201046,33.335074],[-94.200787,33.334197],[-94.201199,33.332869],[-94.201885,33.33222],[-94.202557,33.333182],[-94.202709,33.332259],[-94.203442,33.331687],[-94.204373,33.33164],[-94.204495,33.331107],[-94.204754,33.331114],[-94.204754,33.330146],[-94.206326,33.330573],[-94.206051,33.33142],[-94.206631,33.331473],[-94.207043,33.332259],[-94.206799,33.333556],[-94.207882,33.332396],[-94.207882,33.331336],[-94.208569,33.331069],[-94.208508,33.331595],[-94.208813,33.332122],[-94.209606,33.332389],[-94.209271,33.333747],[-94.209637,33.33409],[-94.210675,33.334075],[-94.21005,33.335547],[-94.211118,33.334722],[-94.211744,33.334594],[-94.212766,33.334746],[-94.213178,33.334426],[-94.213498,33.334418],[-94.213483,33.334884],[-94.214307,33.334753],[-94.214643,33.335012],[-94.215299,33.335074],[-94.215192,33.335647],[-94.215711,33.337172],[-94.214978,33.337935],[-94.214566,33.33789],[-94.214307,33.338988],[-94.21446,33.339208],[-94.213727,33.33966],[-94.213575,33.3404],[-94.21478,33.339911],[-94.215299,33.340483],[-94.215345,33.341544],[-94.215604,33.34075],[-94.215299,33.339446],[-94.216596,33.337935],[-94.216962,33.338096],[-94.217847,33.341552],[-94.218213,33.342032],[-94.218641,33.342115],[-94.218106,33.340224],[-94.21832,33.339782],[-94.218106,33.339208],[-94.218473,33.338828],[-94.218106,33.338102],[-94.218213,33.337226],[-94.217038,33.335906],[-94.217435,33.335692],[-94.217649,33.334936],[-94.218061,33.334983],[-94.219159,33.336447],[-94.218839,33.335639],[-94.219159,33.335203],[-94.219571,33.334845],[-94.220594,33.334823],[-94.221021,33.334539],[-94.222425,33.334639],[-94.222516,33.334922],[-94.22302,33.334989],[-94.223386,33.335326],[-94.223432,33.335723],[-94.223905,33.33538],[-94.224164,33.334586],[-94.225721,33.33451],[-94.226255,33.334708],[-94.226468,33.335906],[-94.225568,33.336135],[-94.22511,33.336486],[-94.226041,33.33634],[-94.225995,33.336608],[-94.226209,33.33634],[-94.226667,33.336516],[-94.227353,33.337843],[-94.226773,33.338645],[-94.226926,33.338729],[-94.227658,33.337705],[-94.227185,33.336837],[-94.227658,33.336562],[-94.227613,33.33583],[-94.227185,33.335143],[-94.227353,33.334014],[-94.227918,33.334411],[-94.228757,33.335914],[-94.229123,33.337356],[-94.22981,33.338102],[-94.231,33.338637],[-94.231427,33.33943],[-94.232465,33.339606],[-94.232724,33.339522],[-94.231626,33.337874],[-94.230848,33.337705],[-94.229596,33.336615],[-94.229444,33.33605],[-94.229856,33.335723],[-94.229856,33.33541],[-94.22949,33.335074],[-94.22981,33.334685],[-94.230741,33.334677],[-94.231931,33.334249],[-94.232145,33.334342],[-94.231794,33.335143],[-94.232145,33.335174],[-94.232679,33.33406],[-94.233335,33.33393],[-94.233197,33.333259],[-94.231473,33.334006],[-94.231046,33.333816],[-94.230436,33.334159],[-94.228498,33.333326],[-94.228177,33.332732],[-94.226575,33.332549],[-94.2263,33.332746],[-94.225217,33.332793],[-94.224332,33.332518],[-94.224897,33.331687],[-94.22688,33.331817],[-94.227338,33.331504],[-94.228437,33.33129],[-94.229795,33.330443],[-94.230283,33.330802],[-94.230313,33.330131],[-94.231733,33.329833],[-94.231305,33.329177],[-94.231733,33.328818],[-94.231931,33.328772],[-94.233136,33.329703],[-94.234815,33.328733],[-94.235227,33.329901],[-94.236173,33.330489],[-94.237058,33.330314],[-94.23631,33.330893],[-94.236539,33.331457],[-94.237302,33.331632],[-94.238095,33.33216],[-94.238202,33.332991],[-94.239148,33.333486],[-94.239255,33.3337],[-94.238309,33.334539],[-94.239668,33.333892],[-94.240401,33.334426],[-94.240294,33.333854],[-94.241225,33.333983],[-94.241484,33.333816],[-94.240706,33.333548],[-94.240294,33.3329],[-94.240446,33.332456],[-94.24211,33.332206],[-94.242323,33.332015],[-94.242171,33.331016],[-94.243422,33.330748],[-94.244047,33.330931],[-94.245558,33.330359],[-94.247862,33.330748],[-94.248518,33.331908],[-94.248976,33.331839],[-94.249617,33.332206],[-94.249815,33.332582],[-94.253694,33.323765],[-94.253913,33.32436],[-94.254969,33.323929],[-94.255935,33.324637],[-94.257685,33.324284],[-94.259617,33.322466],[-94.260347,33.321072],[-94.261334,33.320219],[-94.262273,33.319961],[-94.261317,33.321588],[-94.261371,33.322688],[-94.260797,33.323512],[-94.260823,33.325757],[-94.259404,33.326099],[-94.259022,33.326558],[-94.259158,33.327291],[-94.260304,33.32775],[-94.260876,33.328437],[-94.261258,33.328437],[-94.264397,33.326994],[-94.266307,33.326492],[-94.269091,33.326286],[-94.27111,33.326721],[-94.272911,33.32647],[-94.273729,33.326653],[-94.274221,33.328189],[-94.275557,33.329151],[-94.279923,33.328052],[-94.281724,33.327824],[-94.283634,33.327848],[-94.287591,33.328513],[-94.289037,33.32904],[-94.290374,33.330575],[-94.291192,33.330872],[-94.293374,33.330925],[-94.293374,33.337211],[-94.319819,33.337148],[-94.320356,33.337401],[-94.320631,33.34646],[-94.323644,33.346491],[-94.32365,33.346766],[-94.326079,33.345875],[-94.329918,33.34505],[-94.332964,33.343995],[-94.335706,33.344064],[-94.339136,33.343124],[-94.34037,33.343086],[-94.340205,33.348166],[-94.340465,33.368569],[-94.342176,33.36864],[-94.342472,33.36885],[-94.342608,33.373374],[-94.342949,33.373631],[-94.342527,33.373635],[-94.342598,33.378566],[-94.331707,33.378692],[-94.332841,33.380411],[-94.335668,33.383006],[-94.330149,33.383044],[-94.330143,33.393771],[-94.325244,33.393803],[-94.325373,33.399302],[-94.324023,33.397713],[-94.322989,33.397472],[-94.304045,33.397286],[-94.296611,33.398072],[-94.296403,33.397692]]]}},{"type":"Feature","properties":{"PRECINCT":"17","VTD":"0017"},"geometry":{"type":"Polygon","coordinates":[[[-94.345574,33.403128],[-94.343137,33.400962],[-94.341745,33.400982],[-94.341703,33.400402],[-94.3413,33.400688],[-94.326853,33.400709],[-94.326218,33.400311],[-94.325361,33.399195],[-94.325244,33.393803],[-94.330143,33.393771],[-94.330149,33.383044],[-94.335668,33.383006],[-94.332841,33.380411],[-94.331707,33.378692],[-94.342598,33.378566],[-94.342527,33.373635],[-94.342949,33.373631],[-94.342608,33.373374],[-94.342472,33.36885],[-94.342176,33.36864],[-94.340465,33.368569],[-94.340205,33.348166],[-94.34037,33.343086],[-94.339136,33.343124],[-94.335706,33.344064],[-94.332964,33.343995],[-94.329918,33.34505],[-94.326079,33.345875],[-94.32365,33.346766],[-94.323644,33.346491],[-94.320631,33.34646],[-94.320356,33.337401],[-94.319819,33.337148],[-94.293374,33.337211],[-94.293374,33.330925],[-94.291192,33.330872],[-94.290374,33.330575],[-94.289037,33.32904],[-94.287591,33.328513],[-94.283634,33.327848],[-94.281724,33.327824],[-94.279923,33.328052],[-94.275557,33.329151],[-94.274221,33.328189],[-94.273729,33.326653],[-94.272911,33.32647],[-94.27111,33.326721],[-94.269091,33.326286],[-94.266307,33.326492],[-94.264397,33.326994],[-94.261258,33.328437],[-94.260876,33.328437],[-94.260304,33.32775],[-94.259158,33.327291],[-94.259022,33.326558],[-94.259404,33.326099],[-94.260823,33.325757],[-94.260797,33.323512],[-94.261371,33.322688],[-94.261317,33.321588],[-94.262273,33.319961],[-94.261334,33.320219],[-94.260347,33.321072],[-94.259617,33.322466],[-94.257685,33.324284],[-94.255935,33.324637],[-94.254969,33.323929],[-94.253913,33.32436],[-94.253694,33.323765],[-94.249815,33.332582],[-94.249617,33.332206],[-94.248976,33.331839],[-94.248518,33.331908],[-94.247862,33.330748],[-94.245558,33.330359],[-94.244047,33.330931],[-94.243422,33.330748],[-94.242171,33.331016],[-94.242323,33.332015],[-94.24211,33.332206],[-94.240446,33.332456],[-94.240294,33.3329],[-94.240706,33.333548],[-94.241484,33.333816],[-94.241225,33.333983],[-94.240294,33.333854],[-94.240401,33.334426],[-94.239668,33.333892],[-94.238309,33.334539],[-94.239255,33.3337],[-94.239148,33.333486],[-94.238202,33.332991],[-94.238095,33.33216],[-94.237302,33.331632],[-94.236539,33.331457],[-94.23631,33.330893],[-94.237058,33.330314],[-94.236173,33.330489],[-94.235227,33.329901],[-94.234815,33.328733],[-94.233136,33.329703],[-94.231931,33.328772],[-94.231733,33.328818],[-94.231305,33.329177],[-94.231733,33.329833],[-94.230313,33.330131],[-94.230283,33.330802],[-94.229795,33.330443],[-94.228437,33.33129],[-94.227338,33.331504],[-94.22688,33.331817],[-94.224897,33.331687],[-94.224332,33.332518],[-94.225217,33.332793],[-94.2263,33.332746],[-94.226575,33.332549],[-94.228177,33.332732],[-94.228498,33.333326],[-94.230436,33.334159],[-94.231046,33.333816],[-94.231473,33.334006],[-94.233197,33.333259],[-94.233335,33.33393],[-94.232679,33.33406],[-94.232145,33.335174],[-94.231794,33.335143],[-94.232145,33.334342],[-94.231931,33.334249],[-94.230741,33.334677],[-94.22981,33.334685],[-94.22949,33.335074],[-94.229856,33.33541],[-94.229856,33.335723],[-94.229444,33.33605],[-94.229596,33.336615],[-94.230848,33.337705],[-94.231626,33.337874],[-94.232724,33.339522],[-94.232465,33.339606],[-94.231427,33.33943],[-94.231,33.338637],[-94.22981,33.338102],[-94.229123,33.337356],[-94.228757,33.335914],[-94.227918,33.334411],[-94.227353,33.334014],[-94.227185,33.335143],[-94.227613,33.33583],[-94.227658,33.336562],[-94.227185,33.336837],[-94.227658,33.337705],[-94.226926,33.338729],[-94.226773,33.338645],[-94.227353,33.337843],[-94.226667,33.336516],[-94.226209,33.33634],[-94.225995,33.336608],[-94.226041,33.33634],[-94.22511,33.336486],[-94.225568,33.336135],[-94.226468,33.335906],[-94.226255,33.334708],[-94.225721,33.33451],[-94.224164,33.334586],[-94.223905,33.33538],[-94.223432,33.335723],[-94.223386,33.335326],[-94.22302,33.334989],[-94.222516,33.334922],[-94.222425,33.334639],[-94.221021,33.334539],[-94.220594,33.334823],[-94.219571,33.334845],[-94.219159,33.335203],[-94.218839,33.335639],[-94.219159,33.336447],[-94.218061,33.334983],[-94.217649,33.334936],[-94.217435,33.335692],[-94.217038,33.335906],[-94.218213,33.337226],[-94.218106,33.338102],[-94.218473,33.338828],[-94.218106,33.339208],[-94.21832,33.339782],[-94.218106,33.340224],[-94.218641,33.342115],[-94.218213,33.342032],[-94.217847,33.341552],[-94.216962,33.338096],[-94.216596,33.337935],[-94.215299,33.339446],[-94.215604,33.34075],[-94.215345,33.341544],[-94.215299,33.340483],[-94.21478,33.339911],[-94.213575,33.3404],[-94.213727,33.33966],[-94.21446,33.339208],[-94.214307,33.338988],[-94.214566,33.33789],[-94.214978,33.337935],[-94.215711,33.337172],[-94.215192,33.335647],[-94.215299,33.335074],[-94.214643,33.335012],[-94.214307,33.334753],[-94.213483,33.334884],[-94.213498,33.334418],[-94.213178,33.334426],[-94.212766,33.334746],[-94.211744,33.334594],[-94.211118,33.334722],[-94.21005,33.335547],[-94.210675,33.334075],[-94.209637,33.33409],[-94.209271,33.333747],[-94.209606,33.332389],[-94.208813,33.332122],[-94.208508,33.331595],[-94.208569,33.331069],[-94.207882,33.331336],[-94.207882,33.332396],[-94.206799,33.333556],[-94.207043,33.332259],[-94.206631,33.331473],[-94.206051,33.33142],[-94.206326,33.330573],[-94.204754,33.330146],[-94.204754,33.331114],[-94.204495,33.331107],[-94.204373,33.33164],[-94.203442,33.331687],[-94.202709,33.332259],[-94.202557,33.333182],[-94.201885,33.33222],[-94.201199,33.332869],[-94.200787,33.334197],[-94.201046,33.335074],[-94.200939,33.33692],[-94.201199,33.337409],[-94.200634,33.336615],[-94.200268,33.334235],[-94.199276,33.334151],[-94.200314,33.333486],[-94.200527,33.332923],[-94.200314,33.332206],[-94.201,33.331473],[-94.199474,33.330893],[-94.197857,33.331198],[-94.197491,33.331556],[-94.197659,33.332427],[-94.197033,33.332465],[-94.196453,33.332969],[-94.196758,33.334722],[-94.196362,33.335074],[-94.196087,33.335859],[-94.196087,33.335158],[-94.196453,33.334463],[-94.195934,33.332991],[-94.196728,33.331695],[-94.19537,33.331077],[-94.193646,33.33155],[-94.193951,33.332999],[-94.193844,33.33393],[-94.193112,33.332793],[-94.192593,33.332701],[-94.191967,33.33332],[-94.191662,33.333136],[-94.190609,33.333785],[-94.190197,33.33354],[-94.189678,33.333793],[-94.189144,33.333762],[-94.189053,33.335158],[-94.188778,33.334998],[-94.187847,33.335279],[-94.186855,33.334815],[-94.185909,33.334936],[-94.185284,33.33473],[-94.185909,33.336402],[-94.185497,33.335997],[-94.18478,33.33692],[-94.183926,33.337409],[-94.18388,33.337752],[-94.184506,33.338599],[-94.18388,33.340003],[-94.184506,33.340094],[-94.184872,33.340528],[-94.183926,33.340536],[-94.184765,33.341468],[-94.184719,33.341712],[-94.184033,33.342635],[-94.1833,33.34265],[-94.182888,33.342879],[-94.182308,33.343482],[-94.182369,33.343673],[-94.183254,33.343778],[-94.185024,33.344535],[-94.184979,33.344771],[-94.184612,33.344808],[-94.184612,33.345244],[-94.185131,33.346167],[-94.18565,33.346792],[-94.186642,33.347006],[-94.187008,33.3478],[-94.187527,33.347976],[-94.188061,33.347709],[-94.187634,33.346823],[-94.187847,33.346427],[-94.188778,33.346206],[-94.189099,33.345869],[-94.188519,33.345678],[-94.188519,33.345504],[-94.187374,33.345458],[-94.187374,33.345191],[-94.189053,33.345435],[-94.189617,33.345992],[-94.190716,33.345641],[-94.191601,33.344451],[-94.192333,33.344329],[-94.192013,33.345022],[-94.192486,33.345458],[-94.1927,33.346488],[-94.193218,33.346969],[-94.193432,33.347762],[-94.194363,33.348731],[-94.195721,33.348554],[-94.196301,33.347976],[-94.197247,33.349776],[-94.197033,33.350921],[-94.197445,33.351408],[-94.197186,33.352072],[-94.197811,33.352728],[-94.198865,33.353254],[-94.199063,33.353704],[-94.199277,33.353446],[-94.19891,33.35105],[-94.199276,33.35076],[-94.199949,33.351011],[-94.200116,33.351667],[-94.200528,33.351943],[-94.201307,33.352027],[-94.20178,33.352736],[-94.202985,33.353446],[-94.203611,33.352804],[-94.20355,33.352378],[-94.203916,33.351851],[-94.204496,33.352424],[-94.205487,33.352157],[-94.20596,33.352286],[-94.205274,33.352286],[-94.204496,33.352674],[-94.204023,33.352561],[-94.20387,33.354041],[-94.20445,33.354498],[-94.206113,33.355178],[-94.20799,33.356948],[-94.208097,33.358489],[-94.207425,33.359327],[-94.208616,33.360746],[-94.20831,33.360875],[-94.207319,33.360556],[-94.206632,33.360684],[-94.206174,33.361387],[-94.205014,33.361562],[-94.203916,33.361296],[-94.202466,33.359717],[-94.200788,33.35945],[-94.201154,33.360357],[-94.20094,33.360351],[-94.200422,33.359243],[-94.199903,33.358938],[-94.198865,33.359014],[-94.197965,33.358479],[-94.196973,33.358455],[-94.195783,33.358707],[-94.195523,33.35902],[-94.19563,33.358761],[-94.196149,33.358317],[-94.196973,33.358279],[-94.198025,33.357875],[-94.198177,33.35698],[-94.197613,33.356203],[-94.197291,33.354394],[-94.195674,33.353454],[-94.195094,33.353415],[-94.194728,33.352995],[-94.193477,33.352583],[-94.19337,33.352994],[-94.193065,33.352933],[-94.191859,33.353551],[-94.190303,33.353543],[-94.189769,33.353856],[-94.189204,33.353816],[-94.188686,33.354166],[-94.186747,33.353457],[-94.185083,33.353592],[-94.185083,33.353997],[-94.183924,33.354537],[-94.18461,33.355576],[-94.184351,33.35778],[-94.183359,33.358603],[-94.183359,33.358787],[-94.184031,33.359001],[-94.184032,33.359492],[-94.182628,33.359189],[-94.181422,33.35985],[-94.181637,33.3594],[-94.182308,33.359158],[-94.182629,33.358755],[-94.182308,33.358069],[-94.182781,33.35617],[-94.182568,33.355635],[-94.182263,33.355628],[-94.181637,33.353811],[-94.179852,33.351539],[-94.17976,33.350837],[-94.179333,33.350608],[-94.17918,33.350737],[-94.179135,33.352378],[-94.178188,33.353423],[-94.177776,33.353171],[-94.178555,33.352157],[-94.177715,33.350425],[-94.176983,33.350188],[-94.176617,33.351011],[-94.176312,33.35105],[-94.175793,33.351706],[-94.175839,33.351142],[-94.176571,33.350088],[-94.175945,33.349395],[-94.174999,33.349547],[-94.173916,33.350043],[-94.173229,33.350913],[-94.172238,33.351317],[-94.172085,33.351706],[-94.171826,33.351729],[-94.171719,33.351134],[-94.17239,33.350904],[-94.173489,33.349348],[-94.174221,33.348723],[-94.174801,33.348639],[-94.174908,33.348326],[-94.174221,33.347709],[-94.17329,33.347457],[-94.172755,33.346877],[-94.172557,33.347487],[-94.171977,33.347884],[-94.172298,33.346961],[-94.171504,33.345336],[-94.17094,33.345244],[-94.170467,33.346075],[-94.170314,33.345756],[-94.170512,33.344802],[-94.170207,33.344527],[-94.169414,33.344504],[-94.169688,33.344138],[-94.169261,33.343261],[-94.168376,33.342559],[-94.167796,33.342498],[-94.167537,33.341819],[-94.166652,33.341468],[-94.166392,33.341765],[-94.165248,33.34133],[-94.164775,33.340918],[-94.164516,33.338546],[-94.164836,33.337812],[-94.164577,33.337446],[-94.163936,33.337455],[-94.16212,33.338828],[-94.162013,33.337974],[-94.163585,33.336394],[-94.164409,33.336257],[-94.166072,33.335082],[-94.167201,33.335151],[-94.16801,33.334327],[-94.168758,33.334097],[-94.168956,33.333228],[-94.169398,33.333335],[-94.17036,33.333136],[-94.17068,33.332656],[-94.17068,33.332129],[-94.170207,33.331504],[-94.170116,33.329436],[-94.169994,33.328955],[-94.169734,33.32891],[-94.169322,33.329307],[-94.168529,33.329482],[-94.167903,33.330146],[-94.168269,33.330672],[-94.168162,33.331992],[-94.167766,33.332465],[-94.166667,33.33296],[-94.16624,33.334685],[-94.165431,33.334449],[-94.165721,33.333709],[-94.164455,33.333098],[-94.164729,33.332526],[-94.166087,33.332419],[-94.165355,33.331107],[-94.164622,33.330443],[-94.164821,33.329123],[-94.165416,33.328772],[-94.166972,33.328742],[-94.166911,33.328353],[-94.1674,33.328162],[-94.167232,33.327765],[-94.165782,33.327109],[-94.165416,33.327148],[-94.164989,33.327681],[-94.164424,33.327637],[-94.164104,33.327857],[-94.163936,33.327728],[-94.164683,33.327148],[-94.164531,33.32653],[-94.165156,33.326622],[-94.165553,33.326355],[-94.165919,33.326622],[-94.16682,33.326667],[-94.16714,33.326363],[-94.16714,33.326012],[-94.166545,33.32553],[-94.166606,33.324249],[-94.166148,33.323501],[-94.167445,33.32354],[-94.167903,33.323227],[-94.167811,33.322922],[-94.168071,33.32283],[-94.168697,33.323105],[-94.1701,33.322525],[-94.16917,33.321914],[-94.167964,33.322226],[-94.166713,33.322052],[-94.166095,33.32153],[-94.165892,33.32095],[-94.165583,33.321613],[-94.165527,33.321071],[-94.165004,33.321218],[-94.164627,33.321064],[-94.164317,33.321512],[-94.16443,33.321907],[-94.163623,33.321764],[-94.163669,33.320616],[-94.163178,33.320161],[-94.161971,33.313782],[-94.161417,33.309029],[-94.161951,33.309578],[-94.163065,33.311836],[-94.164377,33.312057],[-94.165492,33.311798],[-94.166347,33.311241],[-94.167262,33.310195],[-94.16917,33.306389],[-94.171733,33.303841],[-94.172588,33.301811],[-94.172908,33.301475],[-94.173625,33.301254],[-94.174678,33.301529],[-94.175136,33.302193],[-94.174739,33.304031],[-94.175532,33.304619],[-94.177562,33.305099],[-94.178157,33.305069],[-94.17921,33.304459],[-94.179729,33.304451],[-94.180659,33.305549],[-94.181773,33.305672],[-94.18249,33.305168],[-94.182628,33.303848],[-94.182948,33.30368],[-94.184001,33.304298],[-94.184398,33.305061],[-94.184856,33.305343],[-94.186427,33.305594],[-94.186946,33.305495],[-94.187282,33.305008],[-94.186885,33.304176],[-94.185512,33.302956],[-94.185573,33.302422],[-94.187877,33.301537],[-94.189571,33.302467],[-94.190425,33.303795],[-94.19128,33.304062],[-94.191676,33.303856],[-94.191218,33.302788],[-94.191478,33.302352],[-94.193446,33.301422],[-94.193446,33.300528],[-94.191081,33.298706],[-94.190883,33.298042],[-94.191615,33.297683],[-94.192531,33.297722],[-94.19601,33.298561],[-94.198833,33.298423],[-94.199351,33.299103],[-94.198573,33.300766],[-94.199031,33.301079],[-94.20277,33.300659],[-94.203365,33.300323],[-94.203701,33.299492],[-94.203289,33.298882],[-94.203228,33.298102],[-94.203625,33.297553],[-94.2048,33.296883],[-94.205792,33.296883],[-94.20657,33.297728],[-94.207104,33.297783],[-94.208477,33.297119],[-94.21162,33.296936],[-94.213665,33.296059],[-94.214642,33.296188],[-94.216091,33.296844],[-94.217861,33.297066],[-94.218517,33.296936],[-94.218777,33.296402],[-94.217983,33.29486],[-94.217404,33.292648],[-94.218578,33.291702],[-94.21864,33.290985],[-94.217861,33.290152],[-94.218578,33.288444],[-94.218319,33.287804],[-94.217724,33.287415],[-94.215237,33.287079],[-94.215099,33.286803],[-94.215756,33.284805],[-94.216274,33.284531],[-94.217724,33.284636],[-94.218899,33.285645],[-94.219235,33.287292],[-94.220486,33.287567],[-94.220745,33.287415],[-94.22041,33.285697],[-94.220669,33.28508],[-94.222515,33.284309],[-94.22369,33.28315],[-94.224743,33.282532],[-94.225201,33.281837],[-94.224087,33.279083],[-94.223232,33.278412],[-94.223095,33.27803],[-94.223293,33.27758],[-94.224606,33.277191],[-94.227108,33.277092],[-94.228283,33.277572],[-94.22842,33.278503],[-94.229138,33.279297],[-94.230312,33.279525],[-94.232357,33.278084],[-94.232479,33.277565],[-94.232159,33.276749],[-94.232739,33.276314],[-94.238247,33.276199],[-94.239697,33.274658],[-94.240215,33.274428],[-94.240353,33.27404],[-94.240017,33.273384],[-94.238125,33.273331],[-94.237179,33.273086],[-94.234997,33.273338],[-94.234631,33.273148],[-94.234387,33.272881],[-94.235043,33.271628],[-94.234966,33.271186],[-94.234509,33.270851],[-94.233135,33.270683],[-94.232739,33.269913],[-94.234646,33.266098],[-94.23666,33.263618],[-94.236996,33.261856],[-94.239086,33.259574],[-94.239422,33.25853],[-94.239163,33.25827],[-94.237454,33.258713],[-94.235943,33.258438],[-94.234768,33.258536],[-94.234112,33.258148],[-94.233593,33.25811],[-94.233196,33.25772],[-94.233196,33.257225],[-94.234173,33.256659],[-94.234707,33.256667],[-94.237072,33.257942],[-94.237393,33.25772],[-94.237652,33.256957],[-94.236279,33.256614],[-94.236019,33.256225],[-94.236065,33.255958],[-94.237255,33.255074],[-94.237255,33.254623],[-94.236996,33.254181],[-94.235546,33.253304],[-94.234509,33.253242],[-94.233654,33.254021],[-94.232662,33.254416],[-94.232006,33.254021],[-94.231747,33.253532],[-94.231884,33.253135],[-94.23338,33.251877],[-94.231945,33.251266],[-94.231337,33.249429],[-94.229519,33.247842],[-94.229987,33.247028],[-94.230969,33.246957],[-94.23156,33.247135],[-94.232712,33.248207],[-94.232838,33.246991],[-94.233134,33.246654],[-94.234527,33.246662],[-94.234986,33.245995],[-94.23495,33.244819],[-94.234492,33.244594],[-94.232528,33.244737],[-94.231356,33.244036],[-94.230184,33.24393],[-94.229422,33.243623],[-94.229365,33.243028],[-94.231743,33.240857],[-94.233316,33.240858],[-94.234383,33.241422],[-94.235156,33.241311],[-94.236368,33.24053],[-94.237141,33.240475],[-94.237789,33.240645],[-94.238883,33.242328],[-94.240598,33.24299],[-94.243659,33.24263],[-94.246757,33.24268],[-94.250191,33.241785],[-94.250702,33.242085],[-94.250653,33.243302],[-94.252546,33.243294],[-94.253971,33.242956],[-94.256306,33.241844],[-94.257512,33.239908],[-94.257955,33.237682],[-94.2585,33.237167],[-94.259313,33.237046],[-94.259628,33.237127],[-94.25981,33.237755],[-94.258872,33.238433],[-94.258948,33.238802],[-94.260516,33.239191],[-94.260907,33.240046],[-94.260839,33.240513],[-94.259557,33.241691],[-94.259356,33.242303],[-94.262445,33.241909],[-94.264311,33.240313],[-94.265066,33.240378],[-94.265563,33.240709],[-94.265428,33.24154],[-94.264051,33.241951],[-94.263658,33.242491],[-94.263771,33.24483],[-94.264355,33.245347],[-94.265741,33.245444],[-94.266747,33.243862],[-94.267531,33.24371],[-94.267951,33.244315],[-94.267558,33.245258],[-94.267663,33.245856],[-94.269288,33.246977],[-94.270349,33.247268],[-94.270607,33.247131],[-94.270665,33.246679],[-94.269308,33.245671],[-94.269174,33.245323],[-94.269778,33.244453],[-94.270351,33.244324],[-94.271623,33.244678],[-94.272819,33.243589],[-94.273383,33.243518],[-94.274435,33.244146],[-94.275563,33.244438],[-94.275792,33.244712],[-94.275791,33.245631],[-94.274308,33.246906],[-94.274231,33.247349],[-94.274556,33.248244],[-94.276172,33.248544],[-94.277377,33.248132],[-94.276594,33.246018],[-94.277733,33.24451],[-94.278326,33.24447],[-94.279512,33.245261],[-94.280687,33.245632],[-94.28084,33.245914],[-94.280428,33.247165],[-94.278324,33.248002],[-94.277941,33.248342],[-94.277825,33.249229],[-94.278208,33.249536],[-94.28264,33.250712],[-94.283234,33.250543],[-94.284137,33.249561],[-94.284835,33.249392],[-94.285934,33.249843],[-94.286647,33.250954],[-94.287135,33.251132],[-94.287971,33.250126],[-94.289214,33.249819],[-94.289865,33.248997],[-94.290898,33.248932],[-94.294557,33.251261],[-94.294815,33.251922],[-94.294247,33.253059],[-94.29438,33.253808],[-94.297685,33.255631],[-94.299038,33.25517],[-94.299249,33.254776],[-94.298992,33.253977],[-94.2972,33.252969],[-94.297211,33.252042],[-94.298296,33.25105],[-94.301087,33.250622],[-94.307002,33.250371],[-94.309164,33.249906],[-94.312033,33.248793],[-94.314031,33.249809],[-94.317261,33.250124],[-94.319072,33.250625],[-94.320682,33.252294],[-94.321918,33.252988],[-94.32397,33.252874],[-94.32465,33.253059],[-94.325186,33.253453],[-94.325339,33.253985],[-94.32458,33.255381],[-94.325145,33.25638],[-94.325624,33.256712],[-94.326391,33.256276],[-94.326642,33.255284],[-94.327045,33.254986],[-94.330018,33.253694],[-94.330737,33.253888],[-94.33155,33.255806],[-94.33223,33.256185],[-94.332633,33.255806],[-94.332827,33.254145],[-94.333297,33.253861],[-94.333632,33.25404],[-94.334273,33.255249],[-94.335175,33.25528],[-94.336748,33.254861],[-94.339567,33.253673],[-94.339989,33.25369],[-94.340497,33.254174],[-94.340908,33.255398],[-94.341195,33.255575],[-94.342193,33.255479],[-94.342749,33.254955],[-94.343308,33.252737],[-94.344186,33.252602],[-94.344673,33.252723],[-94.345662,33.253605],[-94.34656,33.255561],[-94.347952,33.255902],[-94.349597,33.254869],[-94.350433,33.255103],[-94.351896,33.256137],[-94.352244,33.257011],[-94.351983,33.257447],[-94.350973,33.258161],[-94.35099,33.258467],[-94.353306,33.259632],[-94.353237,33.261293],[-94.353881,33.261977],[-94.354447,33.261705],[-94.354761,33.260544],[-94.3552,33.260185],[-94.356744,33.259632],[-94.357502,33.259043],[-94.358145,33.258865],[-94.358547,33.258986],[-94.359534,33.25996],[-94.359428,33.260629],[-94.358996,33.261186],[-94.35703,33.262147],[-94.357096,33.263154],[-94.360901,33.264918],[-94.36186,33.264853],[-94.363376,33.263965],[-94.363531,33.262352],[-94.36242,33.260353],[-94.363082,33.259724],[-94.364194,33.259796],[-94.364136,33.261054],[-94.366349,33.262866],[-94.366666,33.262818],[-94.367184,33.26256],[-94.368643,33.260269],[-94.368673,33.258011],[-94.369316,33.257164],[-94.370476,33.25705],[-94.370714,33.259718],[-94.37173,33.260452],[-94.372334,33.26041],[-94.372794,33.260177],[-94.374023,33.258781],[-94.375196,33.25853],[-94.377312,33.258483],[-94.378623,33.257962],[-94.379063,33.257598],[-94.37915,33.255805],[-94.379658,33.255698],[-94.396077,33.262078],[-94.396434,33.262497],[-94.395801,33.264316],[-94.395889,33.264663],[-94.399249,33.265103],[-94.400587,33.265583],[-94.400984,33.266446],[-94.399931,33.268637],[-94.399673,33.268977],[-94.399251,33.269035],[-94.397543,33.26896],[-94.397136,33.2701],[-94.39731,33.270406],[-94.398741,33.270643],[-94.402045,33.269323],[-94.402314,33.269347],[-94.403233,33.270797],[-94.404262,33.271181],[-94.410861,33.270681],[-94.411294,33.27084],[-94.411441,33.271478],[-94.411099,33.272132],[-94.410019,33.272985],[-94.409973,33.273348],[-94.410388,33.273783],[-94.412928,33.273201],[-94.413533,33.273304],[-94.41389,33.273632],[-94.413643,33.274248],[-94.412651,33.275252],[-94.413219,33.275581],[-94.413953,33.276515],[-94.412943,33.278011],[-94.412842,33.278715],[-94.414698,33.283172],[-94.415739,33.284017],[-94.420885,33.284264],[-94.428915,33.285471],[-94.430374,33.283759],[-94.430446,33.284477],[-94.430143,33.28522],[-94.428916,33.286983],[-94.428943,33.288564],[-94.428588,33.289549],[-94.428015,33.289412],[-94.427306,33.288381],[-94.426734,33.288334],[-94.425724,33.289389],[-94.424442,33.289549],[-94.423951,33.290763],[-94.424197,33.291175],[-94.426597,33.291266],[-94.427224,33.292321],[-94.426978,33.293419],[-94.426187,33.294817],[-94.426187,33.297291],[-94.425969,33.298139],[-94.425069,33.299307],[-94.425041,33.29988],[-94.426896,33.301206],[-94.42766,33.301505],[-94.428451,33.301527],[-94.429296,33.30249],[-94.429432,33.303544],[-94.42916,33.303635],[-94.428751,33.302948],[-94.428287,33.302971],[-94.427441,33.304986],[-94.426214,33.304139],[-94.425777,33.304208],[-94.425368,33.305376],[-94.425777,33.30565],[-94.427005,33.305766],[-94.42725,33.306361],[-94.426786,33.306613],[-94.424931,33.306544],[-94.422722,33.307552],[-94.422394,33.308079],[-94.422694,33.30856],[-94.423594,33.307781],[-94.424577,33.307484],[-94.425613,33.307713],[-94.42564,33.308148],[-94.423731,33.30856],[-94.423594,33.309041],[-94.424604,33.309202],[-94.42504,33.30966],[-94.422339,33.310736],[-94.422148,33.310965],[-94.42253,33.311469],[-94.422475,33.311859],[-94.421111,33.311973],[-94.421017,33.312246],[-94.421355,33.312697],[-94.421384,33.314538],[-94.422108,33.315261],[-94.42314,33.317866],[-94.422965,33.319166],[-94.423792,33.32181],[-94.424199,33.324382],[-94.425038,33.326701],[-94.428968,33.32897],[-94.429676,33.330734],[-94.429784,33.33195],[-94.43022,33.332546],[-94.43052,33.332729],[-94.431638,33.332203],[-94.432893,33.332296],[-94.432236,33.333626],[-94.432236,33.334153],[-94.432781,33.334933],[-94.432835,33.335734],[-94.432617,33.336008],[-94.433162,33.33704],[-94.433243,33.338461],[-94.434115,33.339562],[-94.434414,33.340936],[-94.43324,33.34158],[-94.432966,33.342291],[-94.434329,33.342543],[-94.434193,33.343207],[-94.435556,33.344056],[-94.435091,33.345134],[-94.436299,33.346123],[-94.43504,33.349812],[-94.434905,33.351981],[-94.413816,33.352083],[-94.41353,33.351649],[-94.4132,33.347012],[-94.409413,33.346821],[-94.407351,33.344262],[-94.404607,33.341465],[-94.40108,33.338842],[-94.400223,33.338608],[-94.395504,33.33851],[-94.395596,33.3395],[-94.394877,33.345488],[-94.395036,33.357028],[-94.397168,33.36061],[-94.403134,33.383799],[-94.399723,33.383609],[-94.399137,33.384289],[-94.398747,33.384354],[-94.381178,33.384521],[-94.381588,33.385033],[-94.381588,33.385444],[-94.380988,33.38572],[-94.381018,33.385952],[-94.381969,33.38753],[-94.382376,33.388812],[-94.38145,33.388973],[-94.379973,33.389865],[-94.379841,33.390486],[-94.380818,33.391333],[-94.380931,33.392089],[-94.382484,33.393648],[-94.382891,33.395296],[-94.383138,33.3955],[-94.385107,33.395733],[-94.385539,33.396167],[-94.38606,33.397562],[-94.385679,33.399783],[-94.386117,33.400675],[-94.386118,33.401705],[-94.387183,33.402392],[-94.389151,33.402597],[-94.389506,33.402804],[-94.389699,33.404519],[-94.389453,33.405412],[-94.3898,33.407873],[-94.376813,33.407682],[-94.363515,33.407947],[-94.345578,33.407808],[-94.345756,33.407092],[-94.345574,33.403128]]]}},{"type":"Feature","properties":{"PRECINCT":"18","VTD":"0018"},"geometry":{"type":"Polygon","coordinates":[[[-94.470329,33.472487],[-94.445008,33.465083],[-94.444608,33.464971],[-94.4445,33.465131],[-94.428968,33.460588],[-94.426596,33.460082],[-94.422823,33.459459],[-94.418372,33.459148],[-94.408121,33.459533],[-94.408176,33.455827],[-94.415294,33.435875],[-94.418487,33.422514],[-94.418576,33.410137],[-94.416894,33.404639],[-94.416247,33.403734],[-94.399445,33.407603],[-94.389738,33.407628],[-94.389453,33.405412],[-94.389699,33.404519],[-94.389506,33.402804],[-94.389151,33.402597],[-94.387183,33.402392],[-94.386118,33.401705],[-94.386117,33.400675],[-94.385679,33.399783],[-94.38606,33.397562],[-94.385539,33.396167],[-94.385107,33.395733],[-94.383138,33.3955],[-94.382891,33.395296],[-94.382484,33.393648],[-94.380931,33.392089],[-94.380818,33.391333],[-94.379841,33.390486],[-94.379973,33.389865],[-94.38145,33.388973],[-94.382376,33.388812],[-94.381969,33.38753],[-94.381018,33.385952],[-94.380988,33.38572],[-94.381588,33.385444],[-94.381588,33.385033],[-94.381178,33.384521],[-94.398747,33.384354],[-94.399137,33.384289],[-94.399723,33.383609],[-94.403134,33.383799],[-94.397168,33.36061],[-94.395036,33.357028],[-94.394877,33.345488],[-94.395596,33.3395],[-94.395504,33.33851],[-94.400223,33.338608],[-94.40108,33.338842],[-94.404607,33.341465],[-94.407351,33.344262],[-94.409413,33.346821],[-94.4132,33.347012],[-94.41353,33.351649],[-94.41401,33.352128],[-94.434905,33.351981],[-94.43504,33.349812],[-94.436299,33.346123],[-94.437474,33.345492],[-94.437995,33.345535],[-94.438244,33.345899],[-94.438409,33.347408],[-94.439335,33.348781],[-94.439197,33.349811],[-94.439905,33.350817],[-94.440014,33.351526],[-94.441268,33.352303],[-94.441376,33.353197],[-94.443066,33.353974],[-94.444921,33.354111],[-94.445521,33.354407],[-94.446094,33.35539],[-94.447483,33.356856],[-94.4477,33.357771],[-94.448437,33.357861],[-94.450236,33.359715],[-94.450508,33.360402],[-94.451981,33.360926],[-94.452663,33.361454],[-94.452662,33.362459],[-94.454707,33.364334],[-94.456343,33.364815],[-94.45817,33.365935],[-94.463352,33.367717],[-94.465397,33.368699],[-94.465369,33.368882],[-94.464386,33.36927],[-94.464576,33.370095],[-94.467796,33.371214],[-94.469269,33.371419],[-94.469704,33.372563],[-94.471405,33.373782],[-94.474005,33.373967],[-94.476305,33.374685],[-94.477012,33.375738],[-94.47895,33.376745],[-94.479551,33.377615],[-94.480561,33.377592],[-94.481326,33.378233],[-94.482664,33.378805],[-94.485369,33.381689],[-94.487088,33.381483],[-94.487553,33.381666],[-94.488072,33.382421],[-94.488755,33.382672],[-94.489519,33.382696],[-94.49072,33.382351],[-94.49143,33.382579],[-94.492032,33.383679],[-94.492852,33.384504],[-94.493098,33.385374],[-94.493727,33.385992],[-94.49501,33.386541],[-94.495502,33.386541],[-94.495938,33.386128],[-94.496046,33.385601],[-94.496974,33.385165],[-94.49771,33.384478],[-94.498372,33.384476],[-94.494142,33.393801],[-94.492878,33.395394],[-94.487975,33.399869],[-94.486465,33.40231],[-94.470962,33.44193],[-94.470506,33.445245],[-94.470329,33.472487]]]}},{"type":"Feature","properties":{"PRECINCT":"19","VTD":"0019"},"geometry":{"type":"Polygon","coordinates":[[[-94.550366,33.496433],[-94.470324,33.472989],[-94.470506,33.445245],[-94.470962,33.44193],[-94.486465,33.40231],[-94.487975,33.399869],[-94.492878,33.395394],[-94.494142,33.393801],[-94.498372,33.384476],[-94.500202,33.38449],[-94.501189,33.384801],[-94.500618,33.385671],[-94.502308,33.38597],[-94.502663,33.386221],[-94.50228,33.386978],[-94.502498,33.3881],[-94.502961,33.388742],[-94.504054,33.388284],[-94.504954,33.388903],[-94.505365,33.387872],[-94.505938,33.3873],[-94.506184,33.387346],[-94.506511,33.388194],[-94.507385,33.388354],[-94.508122,33.389156],[-94.508859,33.389339],[-94.509431,33.39021],[-94.510469,33.390028],[-94.509923,33.390805],[-94.50995,33.39115],[-94.51025,33.391447],[-94.511315,33.391357],[-94.512079,33.391745],[-94.51186,33.392181],[-94.51115,33.39241],[-94.511613,33.394197],[-94.512241,33.394151],[-94.513826,33.393144],[-94.514071,33.393419],[-94.513388,33.393946],[-94.513579,33.394381],[-94.514207,33.394221],[-94.515026,33.394771],[-94.516037,33.394267],[-94.516938,33.394817],[-94.516937,33.395297],[-94.517839,33.396077],[-94.518877,33.395985],[-94.518904,33.396672],[-94.520051,33.396329],[-94.520487,33.397039],[-94.521525,33.397544],[-94.522397,33.399926],[-94.524118,33.40027],[-94.523899,33.401415],[-94.524062,33.401598],[-94.524827,33.401691],[-94.525509,33.40247],[-94.525892,33.402583],[-94.527039,33.402012],[-94.527721,33.402104],[-94.527287,33.402976],[-94.528045,33.403914],[-94.52889,33.40341],[-94.529086,33.403481],[-94.52903,33.404331],[-94.529709,33.405385],[-94.530527,33.405385],[-94.530806,33.405104],[-94.530425,33.403851],[-94.530606,33.403388],[-94.53181,33.403015],[-94.532062,33.403183],[-94.531406,33.404394],[-94.532549,33.404006],[-94.532685,33.404311],[-94.532443,33.404987],[-94.533232,33.405104],[-94.533485,33.404306],[-94.534986,33.404034],[-94.535499,33.404628],[-94.535401,33.405019],[-94.535876,33.40536],[-94.536649,33.405476],[-94.536876,33.405707],[-94.53668,33.406546],[-94.537196,33.40694],[-94.53668,33.407483],[-94.538336,33.407493],[-94.538781,33.40706],[-94.539,33.4071],[-94.539086,33.407767],[-94.539958,33.40806],[-94.540248,33.40871],[-94.540165,33.409442],[-94.539739,33.409808],[-94.539973,33.410373],[-94.540361,33.410282],[-94.540414,33.409812],[-94.540772,33.409641],[-94.540957,33.409782],[-94.540727,33.411206],[-94.54178,33.412156],[-94.541285,33.412601],[-94.541749,33.413333],[-94.541534,33.413648],[-94.541749,33.414425],[-94.542572,33.415021],[-94.54273,33.415737],[-94.5435,33.415232],[-94.544017,33.415393],[-94.543862,33.416507],[-94.544122,33.416739],[-94.545556,33.416655],[-94.545906,33.417279],[-94.545469,33.418277],[-94.545661,33.418624],[-94.544893,33.419141],[-94.544978,33.41935],[-94.545578,33.419286],[-94.546125,33.420153],[-94.545254,33.420842],[-94.545416,33.421672],[-94.54479,33.422553],[-94.544918,33.42307],[-94.544653,33.423448],[-94.544646,33.424138],[-94.545764,33.425308],[-94.546661,33.425444],[-94.547128,33.425787],[-94.546965,33.426566],[-94.548515,33.427982],[-94.548076,33.429108],[-94.548136,33.429568],[-94.548442,33.42982],[-94.549674,33.429592],[-94.550138,33.429822],[-94.551531,33.429479],[-94.55175,33.429592],[-94.551586,33.430647],[-94.552651,33.431403],[-94.552678,33.4317],[-94.551722,33.432181],[-94.551722,33.432639],[-94.552689,33.433884],[-94.552744,33.438341],[-94.553252,33.438526],[-94.55276,33.438938],[-94.552678,33.439419],[-94.55377,33.439832],[-94.55276,33.439991],[-94.552787,33.440267],[-94.554044,33.440472],[-94.553825,33.44077],[-94.553989,33.441366],[-94.553224,33.441893],[-94.552486,33.441845],[-94.552295,33.441567],[-94.551885,33.441906],[-94.551394,33.441972],[-94.551039,33.442833],[-94.55011,33.442849],[-94.550302,33.443506],[-94.548826,33.442968],[-94.54899,33.443785],[-94.548116,33.443801],[-94.547406,33.444343],[-94.54675,33.44759],[-94.547079,33.449519],[-94.547762,33.450539],[-94.547645,33.451431],[-94.546853,33.452101],[-94.546868,33.452536],[-94.54723,33.452908],[-94.546612,33.455111],[-94.548106,33.455546],[-94.548702,33.455956],[-94.548362,33.456277],[-94.548687,33.45682],[-94.548453,33.4574],[-94.547932,33.457383],[-94.547895,33.457878],[-94.548195,33.458528],[-94.549343,33.45962],[-94.549152,33.460514],[-94.548442,33.461154],[-94.548004,33.462139],[-94.548305,33.462483],[-94.548305,33.462987],[-94.547731,33.463285],[-94.547485,33.464064],[-94.547512,33.464545],[-94.548714,33.466377],[-94.549015,33.467453],[-94.548556,33.468455],[-94.548883,33.46994],[-94.548467,33.494937],[-94.548579,33.49512],[-94.550229,33.49523],[-94.550598,33.495767],[-94.550366,33.496433]]]}},{"type":"Feature","properties":{"PRECINCT":"1A","VTD":"001A"},"geometry":{"type":"Polygon","coordinates":[[[-94.056717,33.448365],[-94.0574,33.437206],[-94.05722,33.433965],[-94.055908,33.428508],[-94.053071,33.423302],[-94.069141,33.423088],[-94.069079,33.430977],[-94.069779,33.430973],[-94.069767,33.432235],[-94.069275,33.432236],[-94.069227,33.434865],[-94.06883,33.434859],[-94.068922,33.4419],[-94.068228,33.443237],[-94.067617,33.443758],[-94.069252,33.445359],[-94.071647,33.447082],[-94.072011,33.446889],[-94.074938,33.446914],[-94.074879,33.448755],[-94.074553,33.449351],[-94.073171,33.448678],[-94.072737,33.44889],[-94.071029,33.448936],[-94.062809,33.448917],[-94.058396,33.448801],[-94.056717,33.448365]]]}},{"type":"Feature","properties":{"PRECINCT":"1B","VTD":"001B"},"geometry":{"type":"Polygon","coordinates":[[[-94.052589,33.413877],[-94.053477,33.410812],[-94.056982,33.404857],[-94.060588,33.404825],[-94.060688,33.398525],[-94.062356,33.394986],[-94.062588,33.393524],[-94.062366,33.390712],[-94.06358,33.390864],[-94.065569,33.390725],[-94.065925,33.38809],[-94.067537,33.383297],[-94.067692,33.381759],[-94.082288,33.381725],[-94.082293,33.382482],[-94.091021,33.382511],[-94.091141,33.385647],[-94.092037,33.385635],[-94.09205,33.386426],[-94.089562,33.385914],[-94.080697,33.385877],[-94.083288,33.386625],[-94.083758,33.386953],[-94.085726,33.386999],[-94.087296,33.388121],[-94.087303,33.389062],[-94.085609,33.388993],[-94.085545,33.389273],[-94.085524,33.395432],[-94.086435,33.398755],[-94.078144,33.40193],[-94.073575,33.402696],[-94.073503,33.405617],[-94.0745,33.405574],[-94.07515,33.408634],[-94.072087,33.40927],[-94.067784,33.410998],[-94.066087,33.410981],[-94.065795,33.411717],[-94.065287,33.411921],[-94.065287,33.412228],[-94.066415,33.413702],[-94.064676,33.413725],[-94.066472,33.413871],[-94.067388,33.417325],[-94.069888,33.417524],[-94.070488,33.418024],[-94.071988,33.418624],[-94.072588,33.420223],[-94.072378,33.420509],[-94.072685,33.421822],[-94.069938,33.423029],[-94.053071,33.423302],[-94.052493,33.420901],[-94.052589,33.413877]]]}},{"type":"Feature","properties":{"PRECINCT":"20","VTD":"0020"},"geometry":{"type":"Polygon","coordinates":[[[-94.580784,33.666392],[-94.577876,33.665682],[-94.575593,33.66627],[-94.572568,33.6677],[-94.570458,33.668305],[-94.563668,33.669272],[-94.562166,33.668965],[-94.561203,33.668504],[-94.560338,33.666922],[-94.560484,33.666106],[-94.56114,33.664911],[-94.562538,33.663297],[-94.56406,33.662167],[-94.565765,33.661522],[-94.568433,33.660941],[-94.569993,33.660877],[-94.57557,33.659409],[-94.577371,33.658319],[-94.579568,33.656228],[-94.583338,33.653359],[-94.586986,33.65018],[-94.59083,33.645563],[-94.590478,33.645075],[-94.588632,33.644183],[-94.583273,33.643793],[-94.580047,33.6445],[-94.576243,33.646546],[-94.573988,33.649517],[-94.570566,33.652226],[-94.565105,33.654386],[-94.560198,33.656967],[-94.549636,33.660676],[-94.548111,33.66033],[-94.546732,33.659566],[-94.545437,33.657635],[-94.543527,33.656005],[-94.543022,33.655182],[-94.542627,33.653992],[-94.542593,33.651411],[-94.542901,33.649661],[-94.545436,33.646228],[-94.546006,33.645908],[-94.550814,33.644929],[-94.551738,33.644368],[-94.555995,33.642811],[-94.559042,33.641971],[-94.563334,33.640065],[-94.568386,33.637203],[-94.570447,33.629947],[-94.569975,33.62847],[-94.568965,33.627453],[-94.564731,33.626321],[-94.560217,33.626746],[-94.558012,33.626691],[-94.553372,33.627584],[-94.551869,33.628185],[-94.549712,33.6297],[-94.546437,33.631504],[-94.54472,33.63303],[-94.544199,33.634128],[-94.541858,33.636299],[-94.53951,33.637006],[-94.538106,33.638085],[-94.536282,33.638778],[-94.541099,33.635588],[-94.540109,33.635458],[-94.538954,33.634699],[-94.539573,33.633174],[-94.539049,33.631124],[-94.539352,33.631004],[-94.539619,33.621393],[-94.538603,33.620452],[-94.535125,33.61534],[-94.533608,33.614199],[-94.533736,33.611947],[-94.534827,33.608791],[-94.533355,33.606909],[-94.533719,33.586265],[-94.534964,33.585417],[-94.535397,33.584723],[-94.53609,33.58242],[-94.537188,33.579997],[-94.538067,33.575763],[-94.54054,33.572891],[-94.541263,33.572324],[-94.542498,33.571864],[-94.546229,33.571712],[-94.550389,33.57055],[-94.554718,33.567011],[-94.55492,33.566356],[-94.554554,33.564031],[-94.554826,33.562893],[-94.555965,33.560834],[-94.560056,33.555246],[-94.562198,33.547351],[-94.564816,33.540574],[-94.565603,33.539557],[-94.57026,33.53511],[-94.572738,33.533185],[-94.572826,33.529466],[-94.57316,33.527475],[-94.572481,33.522805],[-94.572503,33.517215],[-94.575985,33.517235],[-94.576571,33.516837],[-94.576948,33.516146],[-94.576965,33.503662],[-94.581187,33.504026],[-94.599774,33.503866],[-94.599608,33.50723],[-94.601906,33.507449],[-94.601936,33.504416],[-94.60293,33.504358],[-94.60294,33.505347],[-94.604387,33.505842],[-94.604646,33.508663],[-94.60613,33.508639],[-94.606227,33.506614],[-94.610011,33.507137],[-94.609698,33.515306],[-94.612844,33.515312],[-94.612822,33.516002],[-94.613837,33.516067],[-94.63476,33.516368],[-94.63688,33.516892],[-94.635495,33.521358],[-94.635461,33.52422],[-94.639626,33.539211],[-94.637081,33.53906],[-94.634893,33.537332],[-94.629921,33.532413],[-94.629108,33.532142],[-94.626324,33.531802],[-94.623571,33.531906],[-94.621505,33.532097],[-94.618994,33.532696],[-94.619099,33.587177],[-94.613471,33.667549],[-94.613461,33.667946],[-94.613768,33.668065],[-94.613223,33.670152],[-94.613279,33.671338],[-94.612806,33.672442],[-94.613025,33.674086],[-94.612707,33.673765],[-94.611891,33.67004],[-94.609106,33.6673],[-94.607683,33.665569],[-94.605823,33.664189],[-94.603705,33.663197],[-94.601163,33.662761],[-94.599054,33.663027],[-94.59517,33.664202],[-94.593294,33.665258],[-94.59205,33.667039],[-94.591401,33.669413],[-94.591953,33.672863],[-94.591415,33.673686],[-94.590298,33.674405],[-94.590027,33.67585],[-94.590335,33.67769],[-94.591383,33.679991],[-94.592829,33.6823],[-94.59303,33.684019],[-94.59275,33.684714],[-94.591585,33.685867],[-94.589658,33.686368],[-94.58793,33.686255],[-94.586242,33.685131],[-94.58574,33.683938],[-94.584837,33.682824],[-94.584403,33.682363],[-94.583765,33.682123],[-94.582997,33.681167],[-94.580335,33.67888],[-94.57962,33.677623],[-94.579554,33.675822],[-94.581251,33.673618],[-94.580259,33.672892],[-94.579269,33.670817],[-94.579376,33.669307],[-94.580784,33.666392]]]}},{"type":"Feature","properties":{"PRECINCT":"21","VTD":"0021"},"geometry":{"type":"Polygon","coordinates":[[[-94.727863,33.715528],[-94.721508,33.713088],[-94.712719,33.708962],[-94.706024,33.706293],[-94.702601,33.704038],[-94.701125,33.702071],[-94.700844,33.700675],[-94.701544,33.699148],[-94.702746,33.698016],[-94.7044,33.697141],[-94.706336,33.696726],[-94.709321,33.697174],[-94.710841,33.696743],[-94.713201,33.69774],[-94.714432,33.697189],[-94.715123,33.695961],[-94.715112,33.694108],[-94.718338,33.688664],[-94.716188,33.687902],[-94.713619,33.688101],[-94.712067,33.687935],[-94.709101,33.688311],[-94.704114,33.687945],[-94.70175,33.687621],[-94.697246,33.686203],[-94.691756,33.685474],[-94.68822,33.68444],[-94.684796,33.684353],[-94.677383,33.688342],[-94.673933,33.691844],[-94.671773,33.693307],[-94.668891,33.694392],[-94.666885,33.694583],[-94.664914,33.694255],[-94.659167,33.692138],[-94.658618,33.691759],[-94.657529,33.690194],[-94.654861,33.688568],[-94.651402,33.685843],[-94.648804,33.686573],[-94.647093,33.690346],[-94.647241,33.692654],[-94.648621,33.697011],[-94.648392,33.69949],[-94.647902,33.700516],[-94.646556,33.701575],[-94.645882,33.701778],[-94.644322,33.701666],[-94.643244,33.701312],[-94.641223,33.69995],[-94.63945,33.698259],[-94.638731,33.69711],[-94.638646,33.695804],[-94.639072,33.694965],[-94.643132,33.690323],[-94.645492,33.685932],[-94.650373,33.684438],[-94.649821,33.683407],[-94.648055,33.681527],[-94.645579,33.6755],[-94.645251,33.674363],[-94.645337,33.673644],[-94.650685,33.670604],[-94.65185,33.670453],[-94.653332,33.670769],[-94.653996,33.671147],[-94.657916,33.674186],[-94.659525,33.675129],[-94.661806,33.675133],[-94.66754,33.6728],[-94.668848,33.671878],[-94.670184,33.670343],[-94.67076,33.6693],[-94.671048,33.668388],[-94.670564,33.665934],[-94.669311,33.664362],[-94.665892,33.662349],[-94.663955,33.661994],[-94.662598,33.660682],[-94.660964,33.660322],[-94.657219,33.660592],[-94.656286,33.660424],[-94.655534,33.659956],[-94.653379,33.660137],[-94.651734,33.660704],[-94.649234,33.662604],[-94.647059,33.661993],[-94.645923,33.661945],[-94.644692,33.66231],[-94.643143,33.663612],[-94.642451,33.663887],[-94.640054,33.663672],[-94.638679,33.663988],[-94.637563,33.665281],[-94.636939,33.667469],[-94.634938,33.667649],[-94.630919,33.673442],[-94.630554,33.674459],[-94.63045,33.677123],[-94.629922,33.679094],[-94.627239,33.681954],[-94.625208,33.682046],[-94.624298,33.682336],[-94.623214,33.682068],[-94.621936,33.682533],[-94.621129,33.682402],[-94.620571,33.682029],[-94.618518,33.681684],[-94.617336,33.681051],[-94.616418,33.680103],[-94.614303,33.677109],[-94.61283,33.674001],[-94.613025,33.674086],[-94.612806,33.672442],[-94.613279,33.671338],[-94.613223,33.670152],[-94.613768,33.668065],[-94.613461,33.667946],[-94.613471,33.667549],[-94.619099,33.587177],[-94.619118,33.532643],[-94.621505,33.532097],[-94.626324,33.531802],[-94.628555,33.531982],[-94.629921,33.532413],[-94.634893,33.537332],[-94.637081,33.53906],[-94.639626,33.539211],[-94.641374,33.545405],[-94.643131,33.545389],[-94.64461,33.545707],[-94.644774,33.550199],[-94.646113,33.552255],[-94.647492,33.553119],[-94.650378,33.554361],[-94.650463,33.550615],[-94.655259,33.550745],[-94.655848,33.550569],[-94.655996,33.545313],[-94.656435,33.54486],[-94.658796,33.544793],[-94.659599,33.544528],[-94.659765,33.544029],[-94.663613,33.545046],[-94.664766,33.545107],[-94.665884,33.544772],[-94.668078,33.544686],[-94.668471,33.544859],[-94.668709,33.545406],[-94.670499,33.545977],[-94.671403,33.546594],[-94.675091,33.546704],[-94.676427,33.547414],[-94.677325,33.547556],[-94.677555,33.559981],[-94.678277,33.56129],[-94.680104,33.561466],[-94.69212,33.561359],[-94.693685,33.564137],[-94.707487,33.564063],[-94.707678,33.557319],[-94.7154,33.557095],[-94.71538,33.548101],[-94.728391,33.553825],[-94.732432,33.555003],[-94.737389,33.55537],[-94.74631,33.554315],[-94.746096,33.703016],[-94.743091,33.701988],[-94.740922,33.700555],[-94.739413,33.69699],[-94.737179,33.692928],[-94.736814,33.692332],[-94.735856,33.691625],[-94.734366,33.691144],[-94.730387,33.691254],[-94.729465,33.691014],[-94.726123,33.690899],[-94.725243,33.690098],[-94.724076,33.689667],[-94.719531,33.688857],[-94.715943,33.694913],[-94.717019,33.700777],[-94.718147,33.702051],[-94.718872,33.703349],[-94.719633,33.703921],[-94.722821,33.704811],[-94.725414,33.705278],[-94.727199,33.705314],[-94.728484,33.705791],[-94.730691,33.707355],[-94.732524,33.709211],[-94.73309,33.710147],[-94.734918,33.714765],[-94.734731,33.715437],[-94.733965,33.715687],[-94.73233,33.71565],[-94.73028,33.71606],[-94.727863,33.715528]]]}},{"type":"Feature","properties":{"PRECINCT":"22","VTD":"0022"},"geometry":{"type":"Polygon","coordinates":[[[-94.656141,33.516289],[-94.656153,33.49725],[-94.655652,33.496985],[-94.655234,33.49579],[-94.654798,33.495469],[-94.65398,33.495382],[-94.653963,33.495164],[-94.653196,33.495368],[-94.652292,33.495164],[-94.651734,33.494777],[-94.651803,33.493688],[-94.652163,33.493322],[-94.651442,33.492702],[-94.651049,33.492894],[-94.65052,33.492458],[-94.650933,33.492193],[-94.650979,33.491404],[-94.651602,33.491656],[-94.65193,33.491565],[-94.652149,33.491176],[-94.652039,33.490626],[-94.652994,33.490533],[-94.653838,33.490122],[-94.653918,33.48955],[-94.655061,33.48845],[-94.655361,33.488495],[-94.655467,33.489365],[-94.656255,33.490029],[-94.657072,33.489686],[-94.657504,33.490266],[-94.657922,33.490259],[-94.658061,33.489749],[-94.65868,33.489581],[-94.658688,33.489261],[-94.658958,33.489115],[-94.659411,33.4895],[-94.659777,33.489399],[-94.660647,33.488619],[-94.66076,33.487965],[-94.661849,33.487586],[-94.662127,33.486973],[-94.662389,33.486894],[-94.663686,33.487257],[-94.664652,33.488278],[-94.665845,33.488081],[-94.66588,33.488795],[-94.666716,33.488562],[-94.667316,33.488692],[-94.667847,33.488365],[-94.669005,33.488881],[-94.66958,33.488678],[-94.670259,33.488743],[-94.670816,33.488321],[-94.671678,33.488292],[-94.67241,33.489035],[-94.672993,33.489072],[-94.673489,33.488766],[-94.673933,33.487994],[-94.674377,33.487803],[-94.675065,33.487965],[-94.675509,33.488416],[-94.676014,33.488329],[-94.676737,33.487637],[-94.677485,33.487695],[-94.678007,33.487477],[-94.678529,33.487622],[-94.679418,33.487215],[-94.679783,33.487506],[-94.681177,33.487775],[-94.681716,33.487448],[-94.681908,33.486894],[-94.682465,33.487025],[-94.683161,33.486238],[-94.682952,33.485642],[-94.683266,33.484752],[-94.684241,33.485176],[-94.684781,33.484665],[-94.685042,33.485248],[-94.685477,33.485248],[-94.685843,33.484549],[-94.686455,33.484377],[-94.687326,33.484834],[-94.68812,33.484927],[-94.688152,33.485518],[-94.688803,33.485385],[-94.689188,33.485844],[-94.691045,33.485453],[-94.693014,33.486024],[-94.693258,33.486576],[-94.692986,33.487032],[-94.693918,33.487654],[-94.693888,33.488247],[-94.69438,33.488543],[-94.694788,33.488473],[-94.695083,33.488013],[-94.695461,33.48792],[-94.6954,33.488512],[-94.696293,33.488348],[-94.696427,33.48869],[-94.696908,33.488509],[-94.697776,33.489278],[-94.698632,33.489202],[-94.69911,33.489376],[-94.698693,33.490287],[-94.699817,33.491072],[-94.70046,33.49119],[-94.701618,33.490935],[-94.702341,33.491642],[-94.703403,33.491394],[-94.703995,33.490943],[-94.705118,33.491241],[-94.706093,33.492216],[-94.706102,33.492967],[-94.706942,33.49356],[-94.708459,33.493488],[-94.709307,33.494084],[-94.709553,33.494863],[-94.710237,33.495412],[-94.710346,33.495779],[-94.711139,33.495595],[-94.711166,33.496282],[-94.711822,33.496695],[-94.714611,33.496625],[-94.715973,33.496076],[-94.716215,33.49626],[-94.716705,33.495554],[-94.717105,33.496122],[-94.717717,33.495914],[-94.717659,33.496601],[-94.718373,33.496215],[-94.718905,33.496598],[-94.718998,33.495638],[-94.720264,33.495658],[-94.720738,33.496009],[-94.721166,33.495739],[-94.72145,33.49617],[-94.722908,33.496294],[-94.723268,33.49671],[-94.724164,33.496274],[-94.724076,33.496872],[-94.725336,33.497223],[-94.726554,33.49722],[-94.727068,33.498416],[-94.726895,33.499844],[-94.728605,33.500112],[-94.72918,33.501559],[-94.729754,33.501858],[-94.7306,33.501787],[-94.730928,33.502657],[-94.731475,33.503023],[-94.732349,33.502861],[-94.733113,33.503546],[-94.733222,33.504576],[-94.734151,33.505124],[-94.734451,33.50565],[-94.735025,33.505741],[-94.735106,33.506107],[-94.735653,33.50629],[-94.737432,33.506222],[-94.738362,33.505673],[-94.73943,33.50595],[-94.739787,33.506638],[-94.740799,33.506386],[-94.741839,33.506729],[-94.742742,33.506616],[-94.744246,33.507601],[-94.745095,33.508791],[-94.746188,33.508859],[-94.74631,33.554315],[-94.736778,33.555383],[-94.733006,33.5551],[-94.729355,33.554191],[-94.655329,33.521576],[-94.652068,33.520401],[-94.647358,33.519288],[-94.648225,33.518647],[-94.652407,33.517711],[-94.654002,33.516295],[-94.656141,33.516289]]]}},{"type":"Feature","properties":{"PRECINCT":"24","VTD":"0024"},"geometry":{"type":"Polygon","coordinates":[[[-94.743098,33.506731],[-94.741839,33.506729],[-94.740799,33.506386],[-94.739787,33.506638],[-94.73943,33.50595],[-94.738362,33.505673],[-94.737432,33.506222],[-94.735653,33.50629],[-94.735106,33.506107],[-94.735025,33.505741],[-94.734451,33.50565],[-94.734151,33.505124],[-94.733222,33.504576],[-94.733113,33.503546],[-94.732349,33.502861],[-94.731475,33.503023],[-94.730928,33.502657],[-94.7306,33.501787],[-94.729754,33.501858],[-94.72918,33.501559],[-94.728605,33.500112],[-94.726895,33.499844],[-94.727068,33.498416],[-94.726554,33.49722],[-94.725336,33.497223],[-94.724076,33.496872],[-94.724164,33.496274],[-94.723268,33.49671],[-94.722908,33.496294],[-94.72145,33.49617],[-94.721166,33.495739],[-94.720738,33.496009],[-94.720264,33.495658],[-94.718998,33.495638],[-94.718905,33.496598],[-94.718373,33.496215],[-94.717659,33.496601],[-94.717717,33.495914],[-94.717105,33.496122],[-94.716705,33.495554],[-94.716215,33.49626],[-94.715973,33.496076],[-94.714611,33.496625],[-94.711822,33.496695],[-94.711166,33.496282],[-94.711139,33.495595],[-94.710346,33.495779],[-94.710237,33.495412],[-94.709553,33.494863],[-94.709307,33.494084],[-94.708459,33.493488],[-94.706942,33.49356],[-94.706102,33.492967],[-94.706093,33.492216],[-94.705118,33.491241],[-94.703995,33.490943],[-94.703403,33.491394],[-94.702341,33.491642],[-94.701618,33.490935],[-94.70046,33.49119],[-94.699817,33.491072],[-94.698693,33.490287],[-94.69911,33.489376],[-94.698632,33.489202],[-94.697776,33.489278],[-94.696908,33.488509],[-94.696427,33.48869],[-94.696293,33.488348],[-94.6954,33.488512],[-94.695461,33.48792],[-94.695083,33.488013],[-94.694788,33.488473],[-94.69438,33.488543],[-94.693888,33.488247],[-94.693918,33.487654],[-94.692986,33.487032],[-94.693258,33.486576],[-94.693014,33.486024],[-94.691045,33.485453],[-94.689188,33.485844],[-94.688803,33.485385],[-94.688152,33.485518],[-94.68812,33.484927],[-94.687326,33.484834],[-94.686455,33.484377],[-94.685843,33.484549],[-94.685477,33.485248],[-94.685042,33.485248],[-94.684781,33.484665],[-94.684241,33.485176],[-94.683266,33.484752],[-94.682952,33.485642],[-94.683161,33.486238],[-94.682465,33.487025],[-94.681908,33.486894],[-94.681716,33.487448],[-94.681177,33.487775],[-94.679783,33.487506],[-94.679418,33.487215],[-94.678529,33.487622],[-94.678007,33.487477],[-94.677485,33.487695],[-94.676737,33.487637],[-94.676014,33.488329],[-94.675509,33.488416],[-94.675065,33.487965],[-94.674377,33.487803],[-94.673933,33.487994],[-94.673489,33.488766],[-94.672993,33.489072],[-94.67241,33.489035],[-94.671678,33.488292],[-94.670816,33.488321],[-94.670259,33.488743],[-94.66958,33.488678],[-94.669005,33.488881],[-94.667847,33.488365],[-94.667316,33.488692],[-94.666716,33.488562],[-94.66588,33.488795],[-94.665845,33.488081],[-94.664652,33.488278],[-94.663686,33.487257],[-94.662389,33.486894],[-94.662127,33.486973],[-94.661849,33.487586],[-94.66076,33.487965],[-94.660647,33.488619],[-94.659777,33.489399],[-94.659411,33.4895],[-94.658958,33.489115],[-94.658688,33.489261],[-94.65868,33.489581],[-94.658061,33.489749],[-94.657922,33.490259],[-94.657504,33.490266],[-94.657072,33.489686],[-94.656255,33.490029],[-94.655467,33.489365],[-94.655361,33.488495],[-94.655061,33.48845],[-94.653918,33.48955],[-94.653838,33.490122],[-94.652994,33.490533],[-94.652039,33.490626],[-94.652149,33.491176],[-94.65193,33.491565],[-94.651602,33.491656],[-94.650673,33.491199],[-94.649881,33.490121],[-94.648568,33.49154],[-94.647311,33.491976],[-94.646736,33.491563],[-94.646736,33.491242],[-94.647666,33.490212],[-94.646573,33.489433],[-94.646491,33.488746],[-94.645863,33.488494],[-94.644824,33.48847],[-94.642392,33.487439],[-94.637473,33.486431],[-94.636515,33.485811],[-94.635478,33.485925],[-94.63455,33.486474],[-94.633919,33.48652],[-94.632907,33.485923],[-94.631597,33.48558],[-94.630747,33.486702],[-94.629942,33.486747],[-94.626675,33.48576],[-94.625938,33.484913],[-94.624881,33.48475],[-94.624671,33.484017],[-94.623879,33.484499],[-94.622977,33.483742],[-94.622949,33.483376],[-94.62325,33.483262],[-94.62407,33.483399],[-94.623276,33.48214],[-94.622511,33.482391],[-94.621937,33.482073],[-94.621445,33.482118],[-94.620679,33.481249],[-94.619996,33.481271],[-94.618847,33.480196],[-94.618847,33.479944],[-94.619393,33.479898],[-94.620213,33.479211],[-94.620213,33.478776],[-94.61931,33.477516],[-94.6195,33.476486],[-94.618925,33.476278],[-94.618242,33.476622],[-94.617256,33.476714],[-94.616847,33.476255],[-94.617118,33.475015],[-94.616707,33.474604],[-94.616133,33.474626],[-94.615831,33.474351],[-94.615829,33.473686],[-94.615283,33.47412],[-94.614544,33.473571],[-94.614461,33.472837],[-94.613914,33.472517],[-94.613011,33.472698],[-94.611998,33.471826],[-94.611369,33.471918],[-94.610086,33.470777],[-94.609767,33.469962],[-94.609958,33.469161],[-94.609717,33.454203],[-94.609808,33.438648],[-94.611947,33.438626],[-94.613077,33.438133],[-94.614219,33.438091],[-94.651568,33.438201],[-94.660464,33.421562],[-94.663013,33.423751],[-94.668478,33.425449],[-94.675871,33.426223],[-94.680421,33.426049],[-94.685389,33.427128],[-94.692718,33.427351],[-94.693304,33.427753],[-94.69398,33.427833],[-94.697372,33.427756],[-94.697597,33.427985],[-94.697704,33.43045],[-94.697922,33.430653],[-94.70309,33.430639],[-94.705516,33.429094],[-94.709519,33.427332],[-94.71245,33.429221],[-94.720345,33.431337],[-94.724836,33.433717],[-94.729715,33.437087],[-94.730742,33.437579],[-94.734624,33.438538],[-94.743004,33.441865],[-94.74663,33.441922],[-94.746892,33.456486],[-94.746188,33.508859],[-94.745095,33.508791],[-94.744246,33.507601],[-94.743098,33.506731]]]}},{"type":"Feature","properties":{"PRECINCT":"25","VTD":"0025"},"geometry":{"type":"Polygon","coordinates":[[[-94.602052,33.503935],[-94.581187,33.504026],[-94.575031,33.503379],[-94.568771,33.501801],[-94.550366,33.496433],[-94.550606,33.495635],[-94.55041,33.495323],[-94.548496,33.495052],[-94.548883,33.46994],[-94.548556,33.468455],[-94.549015,33.467453],[-94.548714,33.466377],[-94.547512,33.464545],[-94.547485,33.464064],[-94.547731,33.463285],[-94.548305,33.462987],[-94.548305,33.462483],[-94.548004,33.462139],[-94.548442,33.461154],[-94.549152,33.460514],[-94.549343,33.45962],[-94.548195,33.458528],[-94.547895,33.457878],[-94.547932,33.457383],[-94.548453,33.4574],[-94.548687,33.45682],[-94.548362,33.456277],[-94.548702,33.455956],[-94.548106,33.455546],[-94.546612,33.455111],[-94.54723,33.452908],[-94.546868,33.452536],[-94.546853,33.452101],[-94.547645,33.451431],[-94.547762,33.450539],[-94.547079,33.449519],[-94.54675,33.44759],[-94.547406,33.444343],[-94.548116,33.443801],[-94.54899,33.443785],[-94.548826,33.442968],[-94.550302,33.443506],[-94.55011,33.442849],[-94.551039,33.442833],[-94.551394,33.441972],[-94.551885,33.441906],[-94.552295,33.441567],[-94.552486,33.441845],[-94.553224,33.441893],[-94.553688,33.44164],[-94.553989,33.441366],[-94.553825,33.44077],[-94.554044,33.440472],[-94.552787,33.440267],[-94.55276,33.439991],[-94.55377,33.439832],[-94.552678,33.439419],[-94.55276,33.438938],[-94.553252,33.438526],[-94.552744,33.438341],[-94.552689,33.433884],[-94.551722,33.432639],[-94.551722,33.432181],[-94.552678,33.4317],[-94.552651,33.431403],[-94.551586,33.430647],[-94.55175,33.429592],[-94.551531,33.429479],[-94.550138,33.429822],[-94.549674,33.429592],[-94.548442,33.42982],[-94.548136,33.429568],[-94.548246,33.428783],[-94.549489,33.428587],[-94.561328,33.428241],[-94.563172,33.428706],[-94.563596,33.428486],[-94.565361,33.429164],[-94.566655,33.429274],[-94.566616,33.433701],[-94.566838,33.4339],[-94.586319,33.433934],[-94.586742,33.434086],[-94.586792,33.435038],[-94.5876,33.4358],[-94.589735,33.436753],[-94.591973,33.436776],[-94.592791,33.436982],[-94.594911,33.438147],[-94.599404,33.438167],[-94.60058,33.438602],[-94.609808,33.438648],[-94.609717,33.454203],[-94.609958,33.469161],[-94.609767,33.469962],[-94.610086,33.470777],[-94.611369,33.471918],[-94.611998,33.471826],[-94.613011,33.472698],[-94.613914,33.472517],[-94.614461,33.472837],[-94.614544,33.473571],[-94.615283,33.47412],[-94.615829,33.473686],[-94.615831,33.474351],[-94.616133,33.474626],[-94.616707,33.474604],[-94.617118,33.475015],[-94.616847,33.476255],[-94.617256,33.476714],[-94.618242,33.476622],[-94.618925,33.476278],[-94.6195,33.476486],[-94.61931,33.477516],[-94.620213,33.478776],[-94.620213,33.479211],[-94.619393,33.479898],[-94.618847,33.479944],[-94.618847,33.480196],[-94.619996,33.481271],[-94.620679,33.481249],[-94.621445,33.482118],[-94.621937,33.482073],[-94.622511,33.482391],[-94.623276,33.48214],[-94.62407,33.483399],[-94.62325,33.483262],[-94.622949,33.483376],[-94.622977,33.483742],[-94.623879,33.484499],[-94.624671,33.484017],[-94.624881,33.48475],[-94.625938,33.484913],[-94.626675,33.48576],[-94.629942,33.486747],[-94.630747,33.486702],[-94.631597,33.48558],[-94.632907,33.485923],[-94.633919,33.48652],[-94.63455,33.486474],[-94.635478,33.485925],[-94.636515,33.485811],[-94.637473,33.486431],[-94.642392,33.487439],[-94.644824,33.48847],[-94.645863,33.488494],[-94.646491,33.488746],[-94.646573,33.489433],[-94.647666,33.490212],[-94.646736,33.491242],[-94.646736,33.491563],[-94.647311,33.491976],[-94.648568,33.49154],[-94.649881,33.490121],[-94.650182,33.490282],[-94.650979,33.491404],[-94.650933,33.492193],[-94.65052,33.492458],[-94.651049,33.492894],[-94.651442,33.492702],[-94.652163,33.493322],[-94.651803,33.493688],[-94.651734,33.494777],[-94.652292,33.495164],[-94.653196,33.495368],[-94.653963,33.495164],[-94.65398,33.495382],[-94.654798,33.495469],[-94.655234,33.49579],[-94.655652,33.496985],[-94.656153,33.49725],[-94.656141,33.516289],[-94.654002,33.516295],[-94.652407,33.517711],[-94.648225,33.518647],[-94.647358,33.519288],[-94.642429,33.518197],[-94.634404,33.516258],[-94.624426,33.512093],[-94.620349,33.510935],[-94.618966,33.50978],[-94.609054,33.505572],[-94.605544,33.504474],[-94.602052,33.503935]]]}},{"type":"Feature","properties":{"PRECINCT":"27","VTD":"0027"},"geometry":{"type":"Polygon","coordinates":[[[-94.49102,33.382396],[-94.488755,33.382672],[-94.488072,33.382421],[-94.487553,33.381666],[-94.487088,33.381483],[-94.485369,33.381689],[-94.482664,33.378805],[-94.481326,33.378233],[-94.480561,33.377592],[-94.479551,33.377615],[-94.47895,33.376745],[-94.477012,33.375738],[-94.476305,33.374685],[-94.474005,33.373967],[-94.471405,33.373782],[-94.469704,33.372563],[-94.469269,33.371419],[-94.467796,33.371214],[-94.464576,33.370095],[-94.464386,33.36927],[-94.465369,33.368882],[-94.465397,33.368699],[-94.463352,33.367717],[-94.45817,33.365935],[-94.456343,33.364815],[-94.455252,33.364562],[-94.454215,33.364015],[-94.452662,33.362459],[-94.452663,33.361454],[-94.451981,33.360926],[-94.450508,33.360402],[-94.450236,33.359715],[-94.448437,33.357861],[-94.4477,33.357771],[-94.447483,33.356856],[-94.446094,33.35539],[-94.445521,33.354407],[-94.444921,33.354111],[-94.443066,33.353974],[-94.441376,33.353197],[-94.441268,33.352303],[-94.440014,33.351526],[-94.439905,33.350817],[-94.439197,33.349811],[-94.439335,33.348781],[-94.438409,33.347408],[-94.438244,33.345899],[-94.437995,33.345535],[-94.437474,33.345492],[-94.436299,33.346123],[-94.435091,33.345134],[-94.435556,33.344056],[-94.434193,33.343207],[-94.434329,33.342543],[-94.432966,33.342291],[-94.43324,33.34158],[-94.434414,33.340936],[-94.434115,33.339562],[-94.433243,33.338461],[-94.433162,33.33704],[-94.432617,33.336008],[-94.432835,33.335734],[-94.432781,33.334933],[-94.432236,33.334153],[-94.432236,33.333626],[-94.432893,33.332296],[-94.431638,33.332203],[-94.43052,33.332729],[-94.43022,33.332546],[-94.429784,33.33195],[-94.429676,33.330734],[-94.428968,33.32897],[-94.425038,33.326701],[-94.424199,33.324382],[-94.423792,33.32181],[-94.422965,33.319166],[-94.42314,33.317866],[-94.422108,33.315261],[-94.421384,33.314538],[-94.421355,33.312697],[-94.421017,33.312246],[-94.421111,33.311973],[-94.422475,33.311859],[-94.42253,33.311469],[-94.422148,33.310965],[-94.422339,33.310736],[-94.42504,33.30966],[-94.424604,33.309202],[-94.423594,33.309041],[-94.423731,33.30856],[-94.42564,33.308148],[-94.425613,33.307713],[-94.424577,33.307484],[-94.423594,33.307781],[-94.422694,33.30856],[-94.422394,33.308079],[-94.422531,33.307735],[-94.424931,33.306544],[-94.426786,33.306613],[-94.42725,33.306361],[-94.427005,33.305766],[-94.425777,33.30565],[-94.425368,33.305376],[-94.425777,33.304208],[-94.426214,33.304139],[-94.427441,33.304986],[-94.428287,33.302971],[-94.428751,33.302948],[-94.42916,33.303635],[-94.429432,33.303544],[-94.429296,33.30249],[-94.428451,33.301527],[-94.42766,33.301505],[-94.426896,33.301206],[-94.425041,33.29988],[-94.425069,33.299307],[-94.425969,33.298139],[-94.426187,33.297291],[-94.426187,33.294817],[-94.426978,33.293419],[-94.427224,33.292321],[-94.426597,33.291266],[-94.423979,33.291038],[-94.424442,33.289549],[-94.425724,33.289389],[-94.426379,33.288564],[-94.427143,33.288289],[-94.428015,33.289412],[-94.428588,33.289549],[-94.428943,33.288564],[-94.428916,33.286983],[-94.430143,33.28522],[-94.430446,33.284477],[-94.430374,33.283759],[-94.431886,33.282868],[-94.433612,33.28266],[-94.433945,33.283895],[-94.433843,33.284517],[-94.432414,33.286355],[-94.432369,33.286935],[-94.432995,33.28745],[-94.434291,33.287509],[-94.435891,33.286996],[-94.43722,33.286054],[-94.437791,33.285083],[-94.437825,33.284348],[-94.436295,33.281858],[-94.436513,33.281342],[-94.437153,33.280952],[-94.438478,33.281052],[-94.439515,33.282808],[-94.440286,33.283411],[-94.440956,33.283085],[-94.440875,33.282269],[-94.441322,33.281492],[-94.443824,33.281169],[-94.449098,33.283586],[-94.451986,33.283493],[-94.452948,33.283814],[-94.453604,33.284376],[-94.453789,33.284844],[-94.453576,33.286152],[-94.453984,33.287095],[-94.455299,33.287123],[-94.456026,33.286611],[-94.457198,33.285162],[-94.45759,33.285007],[-94.458715,33.28539],[-94.458957,33.285623],[-94.459082,33.289118],[-94.459306,33.289586],[-94.459777,33.289729],[-94.460774,33.289523],[-94.462009,33.287363],[-94.462565,33.287183],[-94.463592,33.287276],[-94.46395,33.287719],[-94.463927,33.288767],[-94.46325,33.289448],[-94.462833,33.290331],[-94.463067,33.290951],[-94.463855,33.291223],[-94.465615,33.293501],[-94.46628,33.293892],[-94.468442,33.294313],[-94.469735,33.293864],[-94.470906,33.292195],[-94.47133,33.290951],[-94.471325,33.290038],[-94.472247,33.288541],[-94.472734,33.288144],[-94.473464,33.288238],[-94.474086,33.289503],[-94.474587,33.289879],[-94.476869,33.289394],[-94.479896,33.289931],[-94.480182,33.289704],[-94.480303,33.28905],[-94.480109,33.288614],[-94.478846,33.287731],[-94.478575,33.28728],[-94.478754,33.286844],[-94.482279,33.284157],[-94.483056,33.284025],[-94.483682,33.28441],[-94.483849,33.284958],[-94.482752,33.286116],[-94.482719,33.287013],[-94.484308,33.287943],[-94.48523,33.287939],[-94.48892,33.284065],[-94.489014,33.283701],[-94.488814,33.282427],[-94.488524,33.282128],[-94.486303,33.281331],[-94.486297,33.280475],[-94.486661,33.280296],[-94.491811,33.27979],[-94.492206,33.279974],[-94.492902,33.280779],[-94.49366,33.282325],[-94.4957,33.284747],[-94.496671,33.284985],[-94.496917,33.284508],[-94.49639,33.283057],[-94.496457,33.281563],[-94.497519,33.280921],[-94.498328,33.281466],[-94.498874,33.28282],[-94.499385,33.283222],[-94.5002,33.283336],[-94.503971,33.282781],[-94.504177,33.283946],[-94.505376,33.284405],[-94.50614,33.284338],[-94.507067,33.283903],[-94.506959,33.28333],[-94.506114,33.282482],[-94.506141,33.28191],[-94.507014,33.281314],[-94.508731,33.282873],[-94.50925,33.282826],[-94.509714,33.281934],[-94.510068,33.281774],[-94.513478,33.282691],[-94.515168,33.282623],[-94.515578,33.281753],[-94.515469,33.281385],[-94.513697,33.280149],[-94.513643,33.279277],[-94.513943,33.279072],[-94.514516,33.279027],[-94.51577,33.279714],[-94.516288,33.280172],[-94.51656,33.281433],[-94.517105,33.281936],[-94.517868,33.282096],[-94.518687,33.281684],[-94.519369,33.279944],[-94.519288,33.279006],[-94.518824,33.278616],[-94.517543,33.278225],[-94.516998,33.277608],[-94.516971,33.277012],[-94.518254,33.274447],[-94.518499,33.274241],[-94.519427,33.274217],[-94.520271,33.274952],[-94.520299,33.275387],[-94.519289,33.276691],[-94.51918,33.277172],[-94.520107,33.27731],[-94.52128,33.276853],[-94.522207,33.276853],[-94.522616,33.276578],[-94.523653,33.274403],[-94.525317,33.272892],[-94.526626,33.270968],[-94.528863,33.26909],[-94.530172,33.267235],[-94.530636,33.267167],[-94.531372,33.267442],[-94.532681,33.266548],[-94.534154,33.266205],[-94.535108,33.266755],[-94.535298,33.267466],[-94.534589,33.269183],[-94.534698,33.269664],[-94.537534,33.269184],[-94.540233,33.269619],[-94.540833,33.269367],[-94.54146,33.268634],[-94.541187,33.26813],[-94.540015,33.26829],[-94.539279,33.267626],[-94.539443,33.266481],[-94.539198,33.265703],[-94.539552,33.264924],[-94.540016,33.264649],[-94.541188,33.264741],[-94.541679,33.265152],[-94.542442,33.266596],[-94.543233,33.26623],[-94.543206,33.265405],[-94.54356,33.265154],[-94.54506,33.265543],[-94.545659,33.266573],[-94.54555,33.267947],[-94.545877,33.26836],[-94.548767,33.267535],[-94.549313,33.267192],[-94.549258,33.265566],[-94.549558,33.265245],[-94.54994,33.265245],[-94.55114,33.26568],[-94.552558,33.266574],[-94.553131,33.267192],[-94.55384,33.268704],[-94.554221,33.269092],[-94.554957,33.269115],[-94.555421,33.268338],[-94.556866,33.26749],[-94.556893,33.267215],[-94.555776,33.266322],[-94.555912,33.26552],[-94.557984,33.263299],[-94.558311,33.261466],[-94.55853,33.26119],[-94.559347,33.261054],[-94.562919,33.262358],[-94.565018,33.265177],[-94.565373,33.265337],[-94.565645,33.265177],[-94.565918,33.263573],[-94.566381,33.263253],[-94.567363,33.263275],[-94.568235,33.264192],[-94.568972,33.264328],[-94.570962,33.260893],[-94.570989,33.260137],[-94.569762,33.258671],[-94.569843,33.257778],[-94.570689,33.257595],[-94.571779,33.257686],[-94.573306,33.257022],[-94.573442,33.256724],[-94.571724,33.256037],[-94.569789,33.254593],[-94.569816,33.253472],[-94.57077,33.253174],[-94.571751,33.253425],[-94.572406,33.253334],[-94.573005,33.252693],[-94.573005,33.252074],[-94.572106,33.251181],[-94.571969,33.250653],[-94.572463,33.249826],[-94.573854,33.249769],[-94.574711,33.250121],[-94.575595,33.251547],[-94.57693,33.250929],[-94.577857,33.251455],[-94.578866,33.251364],[-94.579438,33.251066],[-94.579629,33.2505],[-94.578569,33.249206],[-94.578188,33.248175],[-94.578406,33.247717],[-94.583967,33.249342],[-94.586039,33.249722],[-94.586419,33.250121],[-94.586444,33.250743],[-94.584782,33.252325],[-94.584755,33.252875],[-94.585245,33.253332],[-94.585981,33.253424],[-94.58748,33.251523],[-94.587862,33.251339],[-94.588571,33.251407],[-94.588653,33.252094],[-94.58789,33.253194],[-94.587862,33.253676],[-94.588299,33.254294],[-94.589827,33.255302],[-94.591817,33.254911],[-94.593043,33.255118],[-94.59318,33.255713],[-94.59179,33.256034],[-94.591354,33.256332],[-94.589773,33.258737],[-94.589937,33.259241],[-94.590455,33.259424],[-94.591682,33.259355],[-94.598143,33.258392],[-94.598661,33.258964],[-94.599261,33.26059],[-94.600979,33.261505],[-94.601661,33.262994],[-94.603134,33.264048],[-94.604388,33.263727],[-94.605697,33.26439],[-94.607632,33.263405],[-94.609541,33.263672],[-94.607276,33.268568],[-94.602149,33.282097],[-94.601359,33.283696],[-94.600201,33.285218],[-94.580022,33.301985],[-94.565317,33.315154],[-94.562965,33.316321],[-94.560927,33.31665],[-94.561073,33.320712],[-94.559803,33.326714],[-94.558042,33.328923],[-94.556618,33.332019],[-94.555304,33.33373],[-94.55512,33.35062],[-94.528964,33.35055],[-94.528919,33.359706],[-94.520228,33.359644],[-94.520414,33.372449],[-94.515543,33.373247],[-94.507616,33.375068],[-94.506471,33.375047],[-94.50396,33.373851],[-94.502672,33.373576],[-94.502427,33.375155],[-94.498372,33.384476],[-94.49771,33.384478],[-94.496974,33.385165],[-94.496046,33.385601],[-94.495938,33.386128],[-94.495502,33.386541],[-94.49501,33.386541],[-94.493727,33.385992],[-94.493098,33.385374],[-94.492852,33.384504],[-94.492032,33.383679],[-94.491649,33.382832],[-94.49102,33.382396]]]}},{"type":"Feature","properties":{"PRECINCT":"28","VTD":"0028"},"geometry":{"type":"Polygon","coordinates":[[[-94.599653,33.438204],[-94.594911,33.438147],[-94.592791,33.436982],[-94.591973,33.436776],[-94.589735,33.436753],[-94.5876,33.4358],[-94.586792,33.435038],[-94.586742,33.434086],[-94.586319,33.433934],[-94.566716,33.43387],[-94.566655,33.429274],[-94.565361,33.429164],[-94.563596,33.428486],[-94.563172,33.428706],[-94.561328,33.428241],[-94.549489,33.428587],[-94.548311,33.428825],[-94.548515,33.427982],[-94.546965,33.426566],[-94.547128,33.425787],[-94.546661,33.425444],[-94.545764,33.425308],[-94.544646,33.424138],[-94.544653,33.423448],[-94.544918,33.42307],[-94.54479,33.422553],[-94.545416,33.421672],[-94.545254,33.420842],[-94.546125,33.420153],[-94.545578,33.419286],[-94.544978,33.41935],[-94.544893,33.419141],[-94.545661,33.418624],[-94.545469,33.418277],[-94.545906,33.417279],[-94.545556,33.416655],[-94.544122,33.416739],[-94.543862,33.416507],[-94.544017,33.415393],[-94.5435,33.415232],[-94.54273,33.415737],[-94.542572,33.415021],[-94.541749,33.414425],[-94.541534,33.413648],[-94.541749,33.413333],[-94.541285,33.412601],[-94.54178,33.412156],[-94.540727,33.411206],[-94.540957,33.409782],[-94.540772,33.409641],[-94.540414,33.409812],[-94.540361,33.410282],[-94.539973,33.410373],[-94.539739,33.409808],[-94.540165,33.409442],[-94.540248,33.40871],[-94.539958,33.40806],[-94.539086,33.407767],[-94.539,33.4071],[-94.538781,33.40706],[-94.538336,33.407493],[-94.53668,33.407483],[-94.537196,33.40694],[-94.53668,33.406546],[-94.536876,33.405707],[-94.536649,33.405476],[-94.535876,33.40536],[-94.535401,33.405019],[-94.535499,33.404628],[-94.534986,33.404034],[-94.533485,33.404306],[-94.533232,33.405104],[-94.532443,33.404987],[-94.532685,33.404311],[-94.532549,33.404006],[-94.531406,33.404394],[-94.532062,33.403183],[-94.53181,33.403015],[-94.530606,33.403388],[-94.530425,33.403851],[-94.530806,33.405104],[-94.530527,33.405385],[-94.529709,33.405385],[-94.52903,33.404331],[-94.529086,33.403481],[-94.52889,33.40341],[-94.528045,33.403914],[-94.527287,33.402976],[-94.527721,33.402104],[-94.527039,33.402012],[-94.525892,33.402583],[-94.525509,33.40247],[-94.524827,33.401691],[-94.524062,33.401598],[-94.523899,33.401415],[-94.524118,33.40027],[-94.522397,33.399926],[-94.521525,33.397544],[-94.520487,33.397039],[-94.520051,33.396329],[-94.518904,33.396672],[-94.518877,33.395985],[-94.517839,33.396077],[-94.516937,33.395297],[-94.516938,33.394817],[-94.516037,33.394267],[-94.515026,33.394771],[-94.514207,33.394221],[-94.513579,33.394381],[-94.513388,33.393946],[-94.514071,33.393419],[-94.513826,33.393144],[-94.512241,33.394151],[-94.511613,33.394197],[-94.51115,33.39241],[-94.51186,33.392181],[-94.512079,33.391745],[-94.511315,33.391357],[-94.51025,33.391447],[-94.50995,33.39115],[-94.509923,33.390805],[-94.510469,33.390028],[-94.509431,33.39021],[-94.508859,33.389339],[-94.508122,33.389156],[-94.507385,33.388354],[-94.506511,33.388194],[-94.506184,33.387346],[-94.505938,33.3873],[-94.505365,33.387872],[-94.504954,33.388903],[-94.504054,33.388284],[-94.502961,33.388742],[-94.502498,33.3881],[-94.50228,33.386978],[-94.502663,33.386221],[-94.502308,33.38597],[-94.500618,33.385671],[-94.501189,33.384801],[-94.500202,33.38449],[-94.498372,33.384476],[-94.502427,33.375155],[-94.502672,33.373576],[-94.50396,33.373851],[-94.506471,33.375047],[-94.507616,33.375068],[-94.515543,33.373247],[-94.520414,33.372449],[-94.520228,33.359644],[-94.528919,33.359706],[-94.528964,33.35055],[-94.55512,33.35062],[-94.555304,33.33373],[-94.556618,33.332019],[-94.558042,33.328923],[-94.559803,33.326714],[-94.561073,33.320712],[-94.560927,33.31665],[-94.562965,33.316321],[-94.565317,33.315154],[-94.580022,33.301985],[-94.591365,33.292642],[-94.602751,33.298687],[-94.604624,33.300055],[-94.608959,33.309185],[-94.611929,33.317796],[-94.612451,33.323591],[-94.602272,33.323661],[-94.597921,33.324052],[-94.597676,33.32394],[-94.597664,33.323439],[-94.595634,33.323739],[-94.593833,33.323372],[-94.592688,33.323877],[-94.590287,33.323946],[-94.589496,33.324359],[-94.588022,33.324039],[-94.587259,33.324955],[-94.58745,33.325825],[-94.588705,33.326397],[-94.588651,33.32697],[-94.590179,33.327314],[-94.590943,33.326672],[-94.591215,33.326786],[-94.591379,33.327451],[-94.592662,33.328457],[-94.592635,33.328687],[-94.591762,33.328619],[-94.591735,33.328961],[-94.592035,33.329191],[-94.59269,33.329168],[-94.593317,33.328618],[-94.593617,33.329282],[-94.594109,33.32951],[-94.594518,33.330084],[-94.594982,33.329808],[-94.595582,33.330152],[-94.595964,33.329648],[-94.596373,33.330174],[-94.596946,33.330244],[-94.597192,33.330862],[-94.597874,33.330587],[-94.598529,33.330861],[-94.599266,33.330838],[-94.599812,33.331228],[-94.599867,33.331777],[-94.600631,33.332281],[-94.601722,33.331592],[-94.602022,33.331615],[-94.602431,33.331913],[-94.603032,33.333081],[-94.603005,33.333357],[-94.602514,33.333357],[-94.602132,33.332968],[-94.601777,33.333357],[-94.601095,33.333495],[-94.600413,33.334411],[-94.600414,33.334617],[-94.601232,33.334823],[-94.601205,33.335121],[-94.602215,33.33567],[-94.60197,33.337411],[-94.601179,33.337732],[-94.600825,33.338465],[-94.600061,33.339176],[-94.59766,33.34012],[-94.598343,33.341337],[-94.597744,33.341752],[-94.597007,33.341614],[-94.596134,33.342443],[-94.595424,33.344034],[-94.594783,33.344414],[-94.594141,33.345562],[-94.593447,33.34613],[-94.593281,33.346919],[-94.592452,33.348156],[-94.592452,33.348363],[-94.592987,33.34854],[-94.593025,33.34897],[-94.592157,33.351311],[-94.591358,33.352441],[-94.59012,33.353254],[-94.59,33.354081],[-94.590535,33.354807],[-94.591833,33.354656],[-94.592067,33.354864],[-94.592037,33.356056],[-94.59301,33.356738],[-94.592957,33.35711],[-94.591403,33.358271],[-94.591312,33.359533],[-94.59055,33.359659],[-94.590354,33.359912],[-94.590724,33.360138],[-94.590656,33.36048],[-94.591207,33.361016],[-94.590988,33.362689],[-94.591524,33.362954],[-94.591252,33.363799],[-94.591492,33.36468],[-94.596591,33.363757],[-94.597133,33.366737],[-94.599234,33.37292],[-94.599771,33.381293],[-94.603702,33.386834],[-94.604734,33.393161],[-94.606357,33.395294],[-94.610353,33.407491],[-94.627641,33.407457],[-94.627954,33.407179],[-94.627987,33.407455],[-94.632957,33.407441],[-94.632572,33.399242],[-94.657766,33.399184],[-94.657786,33.407338],[-94.678645,33.413233],[-94.67871,33.426068],[-94.675871,33.426223],[-94.668173,33.425382],[-94.663013,33.423751],[-94.660464,33.421562],[-94.651568,33.438201],[-94.614219,33.438091],[-94.613077,33.438133],[-94.611947,33.438626],[-94.608149,33.438648],[-94.60058,33.438602],[-94.599653,33.438204]]]}},{"type":"Feature","properties":{"PRECINCT":"29","VTD":"0029"},"geometry":{"type":"Polygon","coordinates":[[[-94.71245,33.429221],[-94.709519,33.427332],[-94.705516,33.429094],[-94.703008,33.430659],[-94.697922,33.430653],[-94.697704,33.43045],[-94.697597,33.427985],[-94.697372,33.427756],[-94.69398,33.427833],[-94.693304,33.427753],[-94.692718,33.427351],[-94.685389,33.427128],[-94.680817,33.42611],[-94.67871,33.426068],[-94.678645,33.413233],[-94.657786,33.407338],[-94.657766,33.399184],[-94.632572,33.399242],[-94.632957,33.407441],[-94.627987,33.407455],[-94.627954,33.407179],[-94.627641,33.407457],[-94.610353,33.407491],[-94.606357,33.395294],[-94.604734,33.393161],[-94.603702,33.386834],[-94.599771,33.381293],[-94.599234,33.37292],[-94.597133,33.366737],[-94.596591,33.363757],[-94.591492,33.36468],[-94.591252,33.363799],[-94.591524,33.362954],[-94.590988,33.362689],[-94.591207,33.361016],[-94.590656,33.36048],[-94.590724,33.360138],[-94.590354,33.359912],[-94.59055,33.359659],[-94.591312,33.359533],[-94.591403,33.358271],[-94.592957,33.35711],[-94.59301,33.356738],[-94.592037,33.356056],[-94.592067,33.354864],[-94.591833,33.354656],[-94.590535,33.354807],[-94.59,33.354081],[-94.59012,33.353254],[-94.591358,33.352441],[-94.592157,33.351311],[-94.593025,33.34897],[-94.592987,33.34854],[-94.592452,33.348363],[-94.592452,33.348156],[-94.593281,33.346919],[-94.593447,33.34613],[-94.594141,33.345562],[-94.594783,33.344414],[-94.595424,33.344034],[-94.596134,33.342443],[-94.597007,33.341614],[-94.597744,33.341752],[-94.598343,33.341337],[-94.59766,33.34012],[-94.600061,33.339176],[-94.600825,33.338465],[-94.601179,33.337732],[-94.60197,33.337411],[-94.602215,33.33567],[-94.601205,33.335121],[-94.601232,33.334823],[-94.600414,33.334617],[-94.600413,33.334411],[-94.601095,33.333495],[-94.601777,33.333357],[-94.602132,33.332968],[-94.602514,33.333357],[-94.603005,33.333357],[-94.603032,33.333081],[-94.602431,33.331913],[-94.602022,33.331615],[-94.601722,33.331592],[-94.600631,33.332281],[-94.599867,33.331777],[-94.599812,33.331228],[-94.599266,33.330838],[-94.598529,33.330861],[-94.597874,33.330587],[-94.597192,33.330862],[-94.596946,33.330244],[-94.596373,33.330174],[-94.595964,33.329648],[-94.595582,33.330152],[-94.594982,33.329808],[-94.594518,33.330084],[-94.594109,33.32951],[-94.593617,33.329282],[-94.593317,33.328618],[-94.59269,33.329168],[-94.592035,33.329191],[-94.591735,33.328961],[-94.591762,33.328619],[-94.592635,33.328687],[-94.592662,33.328457],[-94.591379,33.327451],[-94.591215,33.326786],[-94.590943,33.326672],[-94.590179,33.327314],[-94.588651,33.32697],[-94.588705,33.326397],[-94.58745,33.325825],[-94.587259,33.324955],[-94.588022,33.324039],[-94.589496,33.324359],[-94.590287,33.323946],[-94.592688,33.323877],[-94.593833,33.323372],[-94.595634,33.323739],[-94.597664,33.323439],[-94.597676,33.32394],[-94.597921,33.324052],[-94.602272,33.323661],[-94.612451,33.323591],[-94.612225,33.319592],[-94.611479,33.316059],[-94.608959,33.309185],[-94.604624,33.300055],[-94.602751,33.298687],[-94.591365,33.292642],[-94.599115,33.286191],[-94.600762,33.284596],[-94.601359,33.283696],[-94.607276,33.268568],[-94.609541,33.263672],[-94.607632,33.263405],[-94.605697,33.26439],[-94.604388,33.263727],[-94.603134,33.264048],[-94.601661,33.262994],[-94.600979,33.261505],[-94.599261,33.26059],[-94.598252,33.258437],[-94.604658,33.257015],[-94.605121,33.256603],[-94.605147,33.253923],[-94.605392,33.253442],[-94.606509,33.253211],[-94.608009,33.254174],[-94.608936,33.254036],[-94.609508,33.253601],[-94.609453,33.252936],[-94.608826,33.25179],[-94.608253,33.251264],[-94.607108,33.250599],[-94.605418,33.250473],[-94.604767,33.249673],[-94.605012,33.249176],[-94.60662,33.248624],[-94.608009,33.247479],[-94.610626,33.248027],[-94.61319,33.249218],[-94.61428,33.249149],[-94.617168,33.247086],[-94.617767,33.246811],[-94.61864,33.246833],[-94.619022,33.247337],[-94.618968,33.24862],[-94.619568,33.249513],[-94.623164,33.251717],[-94.624203,33.252082],[-94.624794,33.252012],[-94.626725,33.250638],[-94.627216,33.250546],[-94.62847,33.250593],[-94.629288,33.251874],[-94.629778,33.25217],[-94.630296,33.252194],[-94.631005,33.251894],[-94.632587,33.251894],[-94.633514,33.251413],[-94.634839,33.251351],[-94.635963,33.252401],[-94.638552,33.253158],[-94.640789,33.253436],[-94.641714,33.253872],[-94.641523,33.256737],[-94.642067,33.257813],[-94.642585,33.258134],[-94.643212,33.258043],[-94.644329,33.257333],[-94.644985,33.257333],[-94.649101,33.25871],[-94.6497,33.259238],[-94.649726,33.259604],[-94.6488,33.260061],[-94.648555,33.26043],[-94.649617,33.261507],[-94.650162,33.262905],[-94.649561,33.265149],[-94.649998,33.265562],[-94.651525,33.26547],[-94.650134,33.267577],[-94.650215,33.267989],[-94.650706,33.268653],[-94.651605,33.269021],[-94.65226,33.268861],[-94.652751,33.268265],[-94.653214,33.270029],[-94.654031,33.271289],[-94.65354,33.272526],[-94.654685,33.273739],[-94.654766,33.274427],[-94.654521,33.274701],[-94.653621,33.274496],[-94.65253,33.274701],[-94.652448,33.275709],[-94.654847,33.276328],[-94.656865,33.276259],[-94.657983,33.276488],[-94.658337,33.276397],[-94.659047,33.275343],[-94.659428,33.275388],[-94.661255,33.276671],[-94.6624,33.277932],[-94.662209,33.278413],[-94.661063,33.278803],[-94.660627,33.279696],[-94.659809,33.280589],[-94.660054,33.280887],[-94.661036,33.280566],[-94.661063,33.280864],[-94.660381,33.281872],[-94.660463,33.282444],[-94.661117,33.282994],[-94.663707,33.283796],[-94.666598,33.283247],[-94.667634,33.28343],[-94.668779,33.284141],[-94.669652,33.285171],[-94.670142,33.285057],[-94.670688,33.284529],[-94.67137,33.284506],[-94.675134,33.286248],[-94.675324,33.287027],[-94.675052,33.287325],[-94.673143,33.287416],[-94.672761,33.287599],[-94.672461,33.288081],[-94.672352,33.28973],[-94.672542,33.289982],[-94.672815,33.289959],[-94.674261,33.289066],[-94.67497,33.28918],[-94.675324,33.289478],[-94.675869,33.290715],[-94.675842,33.291265],[-94.67456,33.291448],[-94.673797,33.292112],[-94.673633,33.292616],[-94.674151,33.29328],[-94.675733,33.293418],[-94.675978,33.293647],[-94.676033,33.294311],[-94.676496,33.294769],[-94.678105,33.294632],[-94.678651,33.294265],[-94.67876,33.293624],[-94.677778,33.291677],[-94.677778,33.291105],[-94.678297,33.290577],[-94.679169,33.291218],[-94.68056,33.292845],[-94.68206,33.293692],[-94.684514,33.293762],[-94.685687,33.293326],[-94.686314,33.292777],[-94.68686,33.292983],[-94.687214,33.293464],[-94.687951,33.296028],[-94.690542,33.300311],[-94.690406,33.302945],[-94.691415,33.305144],[-94.691306,33.307823],[-94.690351,33.308625],[-94.690051,33.309496],[-94.690571,33.310847],[-94.691826,33.312405],[-94.692862,33.312221],[-94.693571,33.311649],[-94.693708,33.310229],[-94.694771,33.309381],[-94.694607,33.307595],[-94.694989,33.307228],[-94.69578,33.307205],[-94.697035,33.307915],[-94.697744,33.308853],[-94.699,33.31174],[-94.701045,33.311373],[-94.702082,33.311396],[-94.702409,33.311717],[-94.702191,33.312358],[-94.701318,33.313114],[-94.701046,33.314442],[-94.701483,33.31545],[-94.702792,33.315815],[-94.704019,33.315267],[-94.704047,33.314923],[-94.702874,33.313983],[-94.702873,33.313526],[-94.703501,33.313114],[-94.705465,33.312655],[-94.706501,33.311991],[-94.70882,33.312128],[-94.710593,33.311715],[-94.710865,33.311463],[-94.710756,33.310958],[-94.709801,33.31057],[-94.709747,33.310271],[-94.710455,33.308577],[-94.710783,33.308531],[-94.712147,33.31002],[-94.714111,33.311646],[-94.714793,33.311897],[-94.717385,33.311667],[-94.717985,33.311141],[-94.718011,33.310248],[-94.71662,33.308072],[-94.716919,33.307339],[-94.717247,33.307133],[-94.717656,33.307156],[-94.718911,33.308093],[-94.719184,33.30798],[-94.719429,33.306949],[-94.719729,33.306651],[-94.720465,33.306582],[-94.720902,33.30704],[-94.721175,33.308529],[-94.721448,33.308781],[-94.722648,33.309078],[-94.723084,33.308826],[-94.722675,33.307612],[-94.722865,33.307085],[-94.724175,33.307336],[-94.725921,33.307107],[-94.726221,33.30729],[-94.72644,33.308321],[-94.72682,33.308573],[-94.728566,33.308978],[-94.73031,33.308814],[-94.731045,33.310353],[-94.732055,33.311475],[-94.732174,33.312033],[-94.73187,33.312691],[-94.731892,33.313499],[-94.732168,33.314397],[-94.732011,33.315337],[-94.731295,33.316304],[-94.731322,33.316749],[-94.731653,33.317103],[-94.732722,33.317543],[-94.733324,33.317411],[-94.734822,33.316513],[-94.736466,33.316374],[-94.737708,33.316926],[-94.737746,33.31747],[-94.737464,33.317706],[-94.735896,33.31777],[-94.735245,33.318047],[-94.735012,33.318437],[-94.735326,33.318827],[-94.736746,33.31917],[-94.737156,33.319536],[-94.736478,33.321415],[-94.737296,33.321782],[-94.737598,33.322491],[-94.736644,33.323087],[-94.736373,33.323844],[-94.736892,33.324119],[-94.738148,33.323659],[-94.738775,33.323659],[-94.739704,33.323957],[-94.740032,33.324233],[-94.740033,33.324989],[-94.739325,33.325584],[-94.739763,33.327119],[-94.740963,33.327348],[-94.741837,33.327966],[-94.742573,33.327965],[-94.745195,33.329819],[-94.746013,33.329842],[-94.746925,33.328938],[-94.746894,33.428351],[-94.74663,33.441922],[-94.743004,33.441865],[-94.734624,33.438538],[-94.730742,33.437579],[-94.729715,33.437087],[-94.724836,33.433717],[-94.720345,33.431337],[-94.71245,33.429221]]]}},{"type":"Feature","properties":{"PRECINCT":"2A","VTD":"002A"},"geometry":{"type":"Polygon","coordinates":[[[-94.067388,33.417325],[-94.066472,33.413871],[-94.064676,33.413725],[-94.066415,33.413702],[-94.065287,33.412228],[-94.065287,33.411921],[-94.065795,33.411717],[-94.066087,33.410981],[-94.067784,33.410998],[-94.072087,33.40927],[-94.07515,33.408634],[-94.0745,33.405574],[-94.073503,33.405617],[-94.073575,33.402696],[-94.078144,33.40193],[-94.086435,33.398755],[-94.085524,33.395432],[-94.085545,33.389273],[-94.085609,33.388993],[-94.087303,33.389062],[-94.087296,33.388121],[-94.085726,33.386999],[-94.083758,33.386953],[-94.083288,33.386625],[-94.080697,33.385877],[-94.089562,33.385914],[-94.09205,33.386426],[-94.092007,33.383729],[-94.092528,33.383685],[-94.092505,33.38143],[-94.094691,33.381398],[-94.094934,33.383115],[-94.095343,33.383928],[-94.095242,33.386429],[-94.096293,33.386484],[-94.097855,33.387974],[-94.098698,33.389383],[-94.098918,33.390383],[-94.098304,33.411271],[-94.101813,33.411264],[-94.101818,33.413674],[-94.10397,33.413624],[-94.103962,33.414788],[-94.105015,33.414804],[-94.105022,33.413929],[-94.106335,33.413933],[-94.106325,33.417324],[-94.10002,33.418195],[-94.099946,33.414717],[-94.091293,33.414861],[-94.091283,33.413125],[-94.088412,33.413176],[-94.088113,33.413594],[-94.088179,33.416462],[-94.080311,33.416506],[-94.080371,33.425629],[-94.070857,33.422725],[-94.071853,33.422038],[-94.072685,33.421822],[-94.072378,33.420509],[-94.072588,33.420223],[-94.071988,33.418624],[-94.070488,33.418024],[-94.069888,33.417524],[-94.067388,33.417325]]]}},{"type":"Feature","properties":{"PRECINCT":"2B","VTD":"002B"},"geometry":{"type":"Polygon","coordinates":[[[-94.080311,33.440854],[-94.080311,33.416506],[-94.088179,33.416462],[-94.088113,33.413594],[-94.088412,33.413176],[-94.091283,33.413125],[-94.091293,33.414861],[-94.099946,33.414717],[-94.100095,33.420217],[-94.096861,33.420367],[-94.097164,33.418599],[-94.095827,33.418778],[-94.095266,33.424842],[-94.095608,33.426582],[-94.095741,33.430189],[-94.095534,33.430132],[-94.095538,33.43029],[-94.095835,33.432205],[-94.089573,33.435131],[-94.089637,33.441111],[-94.082478,33.43687],[-94.082587,33.440823],[-94.080311,33.440854]]]}},{"type":"Feature","properties":{"PRECINCT":"2C","VTD":"002C"},"geometry":{"type":"Polygon","coordinates":[[[-94.069767,33.432235],[-94.069779,33.430973],[-94.069079,33.430977],[-94.069141,33.423088],[-94.070857,33.422725],[-94.080371,33.425629],[-94.080314,33.441493],[-94.072893,33.441516],[-94.072882,33.446912],[-94.072011,33.446889],[-94.071647,33.447082],[-94.069252,33.445359],[-94.067617,33.443758],[-94.068228,33.443237],[-94.068922,33.4419],[-94.06883,33.434859],[-94.069227,33.434865],[-94.069275,33.432236],[-94.069767,33.432235]]]}},{"type":"Feature","properties":{"PRECINCT":"2D","VTD":"002D"},"geometry":{"type":"Polygon","coordinates":[[[-94.080311,33.440854],[-94.082466,33.440824],[-94.082546,33.446254],[-94.080427,33.446309],[-94.080311,33.440854]]]}},{"type":"Feature","properties":{"PRECINCT":"30","VTD":"0030"},"geometry":{"type":"Polygon","coordinates":[[[-94.258439,33.574009],[-94.258545,33.562415],[-94.25956,33.559158],[-94.258962,33.55077],[-94.258498,33.548959],[-94.258842,33.529572],[-94.259054,33.465521],[-94.270577,33.466724],[-94.275149,33.46692],[-94.33559,33.463793],[-94.335545,33.462808],[-94.335927,33.462784],[-94.335735,33.460493],[-94.33743,33.460355],[-94.341255,33.457583],[-94.358772,33.457876],[-94.361095,33.458425],[-94.361888,33.45886],[-94.36279,33.459775],[-94.362949,33.460836],[-94.360252,33.460946],[-94.359308,33.461505],[-94.35713,33.461557],[-94.357196,33.462612],[-94.355949,33.462681],[-94.35597,33.508643],[-94.355411,33.543122],[-94.353541,33.543743],[-94.352126,33.544726],[-94.35058,33.546822],[-94.348945,33.548358],[-94.347373,33.551242],[-94.347455,33.552257],[-94.347947,33.553427],[-94.352774,33.560893],[-94.352629,33.561867],[-94.352207,33.562637],[-94.346549,33.566751],[-94.345074,33.567586],[-94.343238,33.567982],[-94.339724,33.567744],[-94.338498,33.567271],[-94.337514,33.566576],[-94.33568,33.564905],[-94.334658,33.563302],[-94.334351,33.562527],[-94.333775,33.556849],[-94.333214,33.555413],[-94.331809,33.553272],[-94.330756,33.552746],[-94.327865,33.55187],[-94.325298,33.550433],[-94.320662,33.549039],[-94.318791,33.549003],[-94.313381,33.55024],[-94.3093,33.55175],[-94.308715,33.55258],[-94.307556,33.55357],[-94.30733,33.554636],[-94.306386,33.555707],[-94.306116,33.556665],[-94.306266,33.55791],[-94.306899,33.559483],[-94.306821,33.560238],[-94.305058,33.56387],[-94.304655,33.565638],[-94.303263,33.568823],[-94.301607,33.572107],[-94.299827,33.574689],[-94.298238,33.576416],[-94.292707,33.580792],[-94.29008,33.58197],[-94.287425,33.582562],[-94.284503,33.582259],[-94.282741,33.581281],[-94.281868,33.580001],[-94.280727,33.577128],[-94.280689,33.575546],[-94.281015,33.57442],[-94.282071,33.573225],[-94.287154,33.570049],[-94.290164,33.567851],[-94.290509,33.567293],[-94.290593,33.565791],[-94.291286,33.564461],[-94.291534,33.563095],[-94.291362,33.561004],[-94.290663,33.558651],[-94.289669,33.557797],[-94.286601,33.557102],[-94.28451,33.557391],[-94.278943,33.557083],[-94.277324,33.557329],[-94.274241,33.558759],[-94.271327,33.562453],[-94.270813,33.563677],[-94.270758,33.564914],[-94.270254,33.564688],[-94.269968,33.564955],[-94.270355,33.564964],[-94.270373,33.565184],[-94.266073,33.573015],[-94.263445,33.576629],[-94.259984,33.580448],[-94.257546,33.582642],[-94.256086,33.582284],[-94.256749,33.581961],[-94.256915,33.581607],[-94.257367,33.578136],[-94.258439,33.574009]]]}},{"type":"Feature","properties":{"PRECINCT":"3A","VTD":"003A"},"geometry":{"type":"Polygon","coordinates":[[[-94.043117,33.467058],[-94.043109,33.441563],[-94.045314,33.441569],[-94.045311,33.439804],[-94.050891,33.439996],[-94.050888,33.441324],[-94.052514,33.441328],[-94.052508,33.442386],[-94.0531,33.442384],[-94.053074,33.444305],[-94.051793,33.444442],[-94.051782,33.447401],[-94.05064,33.447408],[-94.05064,33.448379],[-94.053021,33.448349],[-94.053015,33.451701],[-94.048593,33.451703],[-94.048593,33.452647],[-94.047517,33.452657],[-94.047509,33.454451],[-94.049681,33.454436],[-94.049698,33.456232],[-94.050799,33.45621],[-94.050765,33.457558],[-94.048575,33.457555],[-94.048596,33.460561],[-94.046424,33.460582],[-94.046403,33.462924],[-94.046925,33.462993],[-94.046967,33.463715],[-94.049562,33.463879],[-94.049474,33.468767],[-94.044046,33.46863],[-94.043662,33.468162],[-94.043663,33.467227],[-94.043117,33.467058]]]}},{"type":"Feature","properties":{"PRECINCT":"3B","VTD":"003B"},"geometry":{"type":"Polygon","coordinates":[[[-94.049562,33.463879],[-94.046967,33.463715],[-94.046925,33.462993],[-94.046403,33.462924],[-94.046424,33.460582],[-94.048596,33.460561],[-94.048575,33.457555],[-94.050765,33.457558],[-94.050799,33.45621],[-94.049698,33.456232],[-94.049681,33.454436],[-94.047509,33.454451],[-94.047517,33.452657],[-94.048593,33.452647],[-94.048593,33.451703],[-94.053015,33.451701],[-94.053021,33.448349],[-94.05064,33.448379],[-94.05064,33.447408],[-94.051782,33.447401],[-94.051793,33.444442],[-94.053074,33.444305],[-94.0531,33.442384],[-94.052508,33.442386],[-94.052514,33.441328],[-94.050888,33.441324],[-94.050891,33.439996],[-94.04944,33.439989],[-94.049446,33.439815],[-94.045311,33.439804],[-94.045314,33.441569],[-94.043109,33.441563],[-94.043132,33.39964],[-94.047916,33.399642],[-94.047936,33.405566],[-94.047031,33.405583],[-94.047035,33.409011],[-94.05438,33.409222],[-94.053477,33.410812],[-94.052589,33.413877],[-94.052525,33.421466],[-94.053336,33.423882],[-94.054862,33.426284],[-94.055908,33.428508],[-94.057331,33.435046],[-94.0574,33.437206],[-94.056685,33.448929],[-94.056267,33.452039],[-94.055217,33.455665],[-94.053022,33.455641],[-94.052924,33.460539],[-94.0496,33.460676],[-94.049562,33.463879]]]}},{"type":"Feature","properties":{"PRECINCT":"4A","VTD":"004A"},"geometry":{"type":"Polygon","coordinates":[[[-94.085795,33.455395],[-94.082544,33.453418],[-94.082237,33.45376],[-94.080061,33.453803],[-94.080427,33.446309],[-94.082546,33.446254],[-94.082466,33.440824],[-94.087893,33.440747],[-94.090592,33.442852],[-94.091499,33.443205],[-94.093195,33.443284],[-94.093511,33.442937],[-94.094927,33.443317],[-94.09667,33.443395],[-94.096959,33.451182],[-94.096626,33.451968],[-94.095915,33.452639],[-94.091436,33.454223],[-94.086669,33.456273],[-94.085795,33.455395]]]}},{"type":"Feature","properties":{"PRECINCT":"4B","VTD":"004B"},"geometry":{"type":"Polygon","coordinates":[[[-94.043113,33.470373],[-94.043117,33.467058],[-94.043561,33.467085],[-94.043788,33.46844],[-94.044356,33.468715],[-94.049474,33.468767],[-94.0496,33.460676],[-94.052924,33.460539],[-94.053022,33.455641],[-94.055217,33.455665],[-94.056267,33.452039],[-94.056717,33.448365],[-94.058396,33.448801],[-94.065498,33.448907],[-94.065103,33.451451],[-94.065099,33.453848],[-94.065946,33.463229],[-94.066505,33.465572],[-94.062509,33.467363],[-94.058719,33.468763],[-94.05343,33.469941],[-94.048524,33.470357],[-94.043113,33.470373]]]}},{"type":"Feature","properties":{"PRECINCT":"4C","VTD":"004C"},"geometry":{"type":"Polygon","coordinates":[[[-94.065099,33.453848],[-94.065103,33.451451],[-94.065498,33.448907],[-94.072737,33.44889],[-94.073171,33.448678],[-94.074553,33.449351],[-94.074995,33.448374],[-94.074938,33.446914],[-94.072882,33.446912],[-94.072893,33.441516],[-94.080314,33.441493],[-94.08042,33.447484],[-94.080103,33.449652],[-94.080061,33.453803],[-94.082237,33.45376],[-94.082544,33.453418],[-94.085511,33.455193],[-94.086827,33.456435],[-94.066505,33.465572],[-94.065946,33.463229],[-94.065099,33.453848]]]}},{"type":"Feature","properties":{"PRECINCT":"4D","VTD":"004D"},"geometry":{"type":"Polygon","coordinates":[[[-94.088181,33.440842],[-94.082587,33.440823],[-94.082478,33.43687],[-94.089637,33.441111],[-94.093511,33.442937],[-94.092987,33.443309],[-94.091004,33.443047],[-94.088181,33.440842]]]}},{"type":"Feature","properties":{"PRECINCT":"5A","VTD":"005A"},"geometry":{"type":"Polygon","coordinates":[[[-94.095835,33.432205],[-94.095534,33.430132],[-94.095741,33.430189],[-94.095608,33.426582],[-94.095266,33.424842],[-94.095827,33.418778],[-94.097164,33.418599],[-94.096861,33.420367],[-94.096439,33.420383],[-94.096139,33.426457],[-94.099893,33.426459],[-94.10001,33.430202],[-94.099496,33.430296],[-94.098457,33.429594],[-94.097585,33.429609],[-94.097487,33.430656],[-94.10502,33.432941],[-94.104994,33.434224],[-94.10429,33.434224],[-94.104669,33.443554],[-94.094927,33.443317],[-94.093511,33.442937],[-94.089637,33.441111],[-94.089573,33.435131],[-94.095835,33.432205]]]}},{"type":"Feature","properties":{"PRECINCT":"5B","VTD":"005B"},"geometry":{"type":"Polygon","coordinates":[[[-94.096812,33.451627],[-94.096987,33.450293],[-94.096745,33.448749],[-94.09667,33.443395],[-94.107923,33.443469],[-94.110291,33.447336],[-94.11019,33.448327],[-94.11274,33.452109],[-94.105803,33.451732],[-94.100283,33.452194],[-94.094457,33.453429],[-94.091088,33.454582],[-94.086827,33.456435],[-94.086669,33.456273],[-94.091436,33.454223],[-94.095446,33.452864],[-94.096328,33.452308],[-94.096812,33.451627]]]}},{"type":"Feature","properties":{"PRECINCT":"5C","VTD":"005C"},"geometry":{"type":"Polygon","coordinates":[[[-94.097552,33.511956],[-94.0977,33.501986],[-94.09438,33.501022],[-94.094453,33.502007],[-94.092164,33.501983],[-94.090496,33.503192],[-94.089241,33.502813],[-94.087348,33.502776],[-94.087454,33.502016],[-94.085343,33.502008],[-94.085374,33.501589],[-94.084153,33.501513],[-94.084067,33.501799],[-94.07985,33.501699],[-94.079878,33.503984],[-94.076141,33.502059],[-94.075136,33.500838],[-94.074396,33.498743],[-94.074681,33.489221],[-94.076586,33.489618],[-94.078084,33.489227],[-94.078985,33.489323],[-94.078783,33.490795],[-94.078146,33.491719],[-94.078658,33.492005],[-94.080159,33.49216],[-94.081346,33.492675],[-94.085213,33.492565],[-94.085186,33.48317],[-94.084751,33.482435],[-94.083558,33.481872],[-94.083588,33.481661],[-94.084499,33.481143],[-94.091936,33.480187],[-94.091912,33.476751],[-94.091593,33.476315],[-94.091627,33.471178],[-94.097034,33.471254],[-94.093768,33.463631],[-94.086827,33.456435],[-94.091088,33.454582],[-94.097339,33.452706],[-94.101269,33.452052],[-94.105803,33.451732],[-94.110828,33.451909],[-94.14159,33.45546],[-94.141538,33.461069],[-94.140414,33.461075],[-94.140447,33.462154],[-94.139733,33.462166],[-94.139733,33.466451],[-94.140949,33.467067],[-94.141574,33.467762],[-94.144612,33.474818],[-94.144822,33.479622],[-94.144114,33.480952],[-94.142725,33.481684],[-94.139552,33.481751],[-94.138716,33.481542],[-94.138777,33.485541],[-94.138403,33.485546],[-94.13839,33.485804],[-94.137755,33.485672],[-94.137792,33.483699],[-94.136774,33.483732],[-94.136766,33.483485],[-94.135742,33.483314],[-94.135801,33.484849],[-94.134782,33.484876],[-94.13472,33.483139],[-94.133664,33.482478],[-94.134401,33.4815],[-94.134695,33.481493],[-94.134523,33.480614],[-94.136403,33.476986],[-94.13521,33.47684],[-94.136258,33.473781],[-94.130373,33.473749],[-94.130324,33.468355],[-94.132058,33.468363],[-94.132121,33.466624],[-94.115172,33.4666],[-94.115119,33.47334],[-94.111724,33.473689],[-94.11009,33.473694],[-94.109874,33.469164],[-94.107254,33.469087],[-94.107144,33.466538],[-94.106901,33.466925],[-94.104173,33.466929],[-94.104004,33.466364],[-94.10285,33.466314],[-94.102859,33.467933],[-94.100238,33.46796],[-94.10016,33.471247],[-94.099826,33.471241],[-94.100766,33.473067],[-94.099995,33.473025],[-94.100431,33.473881],[-94.103823,33.473777],[-94.103863,33.474167],[-94.106595,33.474213],[-94.106578,33.47476],[-94.108239,33.4752],[-94.107582,33.476914],[-94.107657,33.477377],[-94.10768,33.476917],[-94.108755,33.476915],[-94.108753,33.47621],[-94.109301,33.476218],[-94.109241,33.476916],[-94.111198,33.476929],[-94.111193,33.477638],[-94.112365,33.477635],[-94.112376,33.475654],[-94.116715,33.475608],[-94.116697,33.473658],[-94.121312,33.47365],[-94.121298,33.482646],[-94.121003,33.482647],[-94.120993,33.483179],[-94.120573,33.483179],[-94.120573,33.482657],[-94.120205,33.482655],[-94.120208,33.48425],[-94.122396,33.484328],[-94.122445,33.483326],[-94.124584,33.48335],[-94.124588,33.482633],[-94.124785,33.48263],[-94.124781,33.48333],[-94.12613,33.483355],[-94.126117,33.482396],[-94.128339,33.481958],[-94.128185,33.483394],[-94.12923,33.483225],[-94.12918,33.486762],[-94.125219,33.486696],[-94.125172,33.488993],[-94.120266,33.488848],[-94.120255,33.487981],[-94.123649,33.488054],[-94.123673,33.48689],[-94.123455,33.486886],[-94.12346,33.486667],[-94.120998,33.48663],[-94.121019,33.485527],[-94.120304,33.485516],[-94.120309,33.487407],[-94.119996,33.486782],[-94.118563,33.486778],[-94.118539,33.488565],[-94.118242,33.488519],[-94.118119,33.49099],[-94.117736,33.49094],[-94.117735,33.492062],[-94.114118,33.490503],[-94.114056,33.4845],[-94.113216,33.484279],[-94.11312,33.484594],[-94.111576,33.484126],[-94.110187,33.488631],[-94.104854,33.494931],[-94.101973,33.497557],[-94.102405,33.498145],[-94.104752,33.498754],[-94.105916,33.498795],[-94.105899,33.49823],[-94.106321,33.497869],[-94.10623,33.497002],[-94.10708,33.497032],[-94.107923,33.49631],[-94.108019,33.494397],[-94.108705,33.495022],[-94.108582,33.495694],[-94.109028,33.495748],[-94.108863,33.496343],[-94.109485,33.496478],[-94.109547,33.496142],[-94.110004,33.49597],[-94.111297,33.496878],[-94.109002,33.497175],[-94.108248,33.498128],[-94.108761,33.498134],[-94.108761,33.498921],[-94.108373,33.499107],[-94.107339,33.499032],[-94.107212,33.499779],[-94.106701,33.500138],[-94.107526,33.500693],[-94.107424,33.501816],[-94.108187,33.502707],[-94.108831,33.502391],[-94.109036,33.501872],[-94.11004,33.501532],[-94.110166,33.501686],[-94.109132,33.502819],[-94.108954,33.503523],[-94.111267,33.504806],[-94.112022,33.505847],[-94.109472,33.504818],[-94.108257,33.504888],[-94.106949,33.507736],[-94.106742,33.508292],[-94.106887,33.508891],[-94.10818,33.509131],[-94.108427,33.509591],[-94.108897,33.509157],[-94.109301,33.509133],[-94.110157,33.510854],[-94.110012,33.511074],[-94.109521,33.51102],[-94.107312,33.510341],[-94.106906,33.510402],[-94.10656,33.511029],[-94.104011,33.510082],[-94.097552,33.511956]]]}},{"type":"Feature","properties":{"PRECINCT":"6B","VTD":"006B"},"geometry":{"type":"Polygon","coordinates":[[[-94.080159,33.49216],[-94.078658,33.492005],[-94.078146,33.491719],[-94.078783,33.490795],[-94.078985,33.489323],[-94.078084,33.489227],[-94.076586,33.489618],[-94.074681,33.489221],[-94.074697,33.486292],[-94.073897,33.48334],[-94.07109,33.478623],[-94.06885,33.470072],[-94.071549,33.469957],[-94.073212,33.470156],[-94.073191,33.472268],[-94.082175,33.472206],[-94.087176,33.471156],[-94.091627,33.471178],[-94.091593,33.476315],[-94.091912,33.476751],[-94.091936,33.480187],[-94.084499,33.481143],[-94.083588,33.481661],[-94.083558,33.481872],[-94.084751,33.482435],[-94.085186,33.48317],[-94.085213,33.492565],[-94.081346,33.492675],[-94.080159,33.49216]]]}},{"type":"Feature","properties":{"PRECINCT":"8B","VTD":"008B"},"geometry":{"type":"Polygon","coordinates":[[[-94.098698,33.402217],[-94.098918,33.390383],[-94.098698,33.389383],[-94.097855,33.387974],[-94.096293,33.386484],[-94.095242,33.386429],[-94.095343,33.383928],[-94.094934,33.383115],[-94.094691,33.381398],[-94.092505,33.38143],[-94.092528,33.383685],[-94.092007,33.383729],[-94.092109,33.370773],[-94.091881,33.366891],[-94.089643,33.366844],[-94.089608,33.364942],[-94.086791,33.364831],[-94.086922,33.363647],[-94.089598,33.363645],[-94.089753,33.362974],[-94.092578,33.362938],[-94.08601,33.350721],[-94.08634,33.349753],[-94.086583,33.34478],[-94.086887,33.34375],[-94.088146,33.342407],[-94.090034,33.341687],[-94.10196,33.341597],[-94.1019,33.340491],[-94.100603,33.336526],[-94.100267,33.333528],[-94.09972,33.331294],[-94.099916,33.330489],[-94.09917,33.328787],[-94.099961,33.327536],[-94.101938,33.325524],[-94.10307,33.322971],[-94.103771,33.3221],[-94.104634,33.319772],[-94.105551,33.319035],[-94.108768,33.318391],[-94.111528,33.31817],[-94.113685,33.316021],[-94.116286,33.310283],[-94.117471,33.308411],[-94.117201,33.307395],[-94.117338,33.306638],[-94.117931,33.305912],[-94.117854,33.305545],[-94.117281,33.304918],[-94.116433,33.304648],[-94.115975,33.302933],[-94.114984,33.301155],[-94.114663,33.29969],[-94.112893,33.29898],[-94.112358,33.298485],[-94.113472,33.296388],[-94.113472,33.294564],[-94.113731,33.294289],[-94.114525,33.294052],[-94.115639,33.294061],[-94.116235,33.294457],[-94.11741,33.296104],[-94.117547,33.296937],[-94.115701,33.299728],[-94.115899,33.300171],[-94.116815,33.300452],[-94.122384,33.298851],[-94.123773,33.298698],[-94.124612,33.29818],[-94.124291,33.29676],[-94.122125,33.295273],[-94.120492,33.294969],[-94.119119,33.295105],[-94.118463,33.294679],[-94.118264,33.294128],[-94.118585,33.293633],[-94.120492,33.292465],[-94.12507,33.292909],[-94.127749,33.292945],[-94.130474,33.292608],[-94.134482,33.293525],[-94.139314,33.293773],[-94.140176,33.294049],[-94.141717,33.296751],[-94.143763,33.298564],[-94.144869,33.30096],[-94.146001,33.301536],[-94.147193,33.301403],[-94.148639,33.301754],[-94.151129,33.304296],[-94.153166,33.304885],[-94.1542,33.305435],[-94.154795,33.306824],[-94.155314,33.307364],[-94.158953,33.308033],[-94.161019,33.319571],[-94.161713,33.320819],[-94.161806,33.322567],[-94.156856,33.337465],[-94.157222,33.354886],[-94.156852,33.355186],[-94.160268,33.358623],[-94.172637,33.358463],[-94.172611,33.375464],[-94.166571,33.37536],[-94.166819,33.376289],[-94.168496,33.378588],[-94.165077,33.380358],[-94.14651,33.385039],[-94.134337,33.390849],[-94.118233,33.396019],[-94.118245,33.396199],[-94.113605,33.397717],[-94.098698,33.402217]]]}},{"type":"Feature","properties":{"PRECINCT":"8C","VTD":"008C"},"geometry":{"type":"Polygon","coordinates":[[[-94.047035,33.409011],[-94.047031,33.405583],[-94.047936,33.405566],[-94.047916,33.399642],[-94.043132,33.39964],[-94.04297,33.271241],[-94.04653,33.272654],[-94.04685,33.274248],[-94.047903,33.275118],[-94.050329,33.276283],[-94.050711,33.276719],[-94.050588,33.277291],[-94.049017,33.278276],[-94.04888,33.278985],[-94.049017,33.27987],[-94.050192,33.281509],[-94.050787,33.284042],[-94.051565,33.284829],[-94.054586,33.285103],[-94.055624,33.285531],[-94.055563,33.286355],[-94.054846,33.286973],[-94.053991,33.287087],[-94.051962,33.286698],[-94.051107,33.286904],[-94.050848,33.287354],[-94.051046,33.287965],[-94.054113,33.291215],[-94.054968,33.291719],[-94.05596,33.291596],[-94.057334,33.292108],[-94.058646,33.292924],[-94.059363,33.294137],[-94.059028,33.294686],[-94.058188,33.294854],[-94.055349,33.293259],[-94.054449,33.293298],[-94.054052,33.294023],[-94.054388,33.295243],[-94.055503,33.296501],[-94.056144,33.298036],[-94.056739,33.298318],[-94.057395,33.298318],[-94.059028,33.297058],[-94.059623,33.297058],[-94.060477,33.297784],[-94.061072,33.299432],[-94.061591,33.299867],[-94.062507,33.299478],[-94.063559,33.297845],[-94.064216,33.297607],[-94.065192,33.297829],[-94.067023,33.298707],[-94.067939,33.299751],[-94.06919,33.300255],[-94.070365,33.300697],[-94.071418,33.300385],[-94.071677,33.299706],[-94.07154,33.299087],[-94.067283,33.296388],[-94.066703,33.29551],[-94.0671,33.294694],[-94.067817,33.294412],[-94.068854,33.294739],[-94.070563,33.296128],[-94.072074,33.29622],[-94.072928,33.295899],[-94.072333,33.293199],[-94.072593,33.292436],[-94.07331,33.292046],[-94.074225,33.292541],[-94.075873,33.294587],[-94.076926,33.296716],[-94.077903,33.297776],[-94.079993,33.299042],[-94.080848,33.299264],[-94.081641,33.298814],[-94.081702,33.29815],[-94.080649,33.296777],[-94.081565,33.294038],[-94.082297,33.293244],[-94.083274,33.292916],[-94.083732,33.293084],[-94.084189,33.294007],[-94.084983,33.294632],[-94.087929,33.29551],[-94.088982,33.296128],[-94.089104,33.297058],[-94.088646,33.297387],[-94.086937,33.297326],[-94.086021,33.297448],[-94.085442,33.297784],[-94.084389,33.301476],[-94.082756,33.302056],[-94.082161,33.302735],[-94.082161,33.303834],[-94.082619,33.304558],[-94.083336,33.304665],[-94.084129,33.304322],[-94.084328,33.302835],[-94.084785,33.302003],[-94.085899,33.301888],[-94.087074,33.302346],[-94.08773,33.303376],[-94.088127,33.304605],[-94.088646,33.305085],[-94.08976,33.305366],[-94.090752,33.305267],[-94.091209,33.304665],[-94.09127,33.303903],[-94.089958,33.30124],[-94.089958,33.300523],[-94.090553,33.299591],[-94.091667,33.298707],[-94.092903,33.298364],[-94.093758,33.298592],[-94.09481,33.299706],[-94.097237,33.304208],[-94.097359,33.305039],[-94.098015,33.306046],[-94.098869,33.306198],[-94.099525,33.305748],[-94.099983,33.30471],[-94.100121,33.303178],[-94.099525,33.30211],[-94.098015,33.301178],[-94.097694,33.300683],[-94.097816,33.299974],[-94.098412,33.298585],[-94.09919,33.297981],[-94.10038,33.297891],[-94.102531,33.301965],[-94.103783,33.303589],[-94.103844,33.304198],[-94.103325,33.305084],[-94.103325,33.305861],[-94.104576,33.306632],[-94.106071,33.306862],[-94.107201,33.307297],[-94.109936,33.309396],[-94.111199,33.30912],[-94.111459,33.308403],[-94.111383,33.307564],[-94.109032,33.304871],[-94.108116,33.304146],[-94.107841,33.303558],[-94.108101,33.302872],[-94.108696,33.302276],[-94.109413,33.302269],[-94.111062,33.304367],[-94.112039,33.304871],[-94.11506,33.305298],[-94.115914,33.305145],[-94.116097,33.304642],[-94.115899,33.303168],[-94.115292,33.301808],[-94.115975,33.302933],[-94.116433,33.304648],[-94.117281,33.304918],[-94.117931,33.305912],[-94.117338,33.306638],[-94.117335,33.308909],[-94.116286,33.310283],[-94.113685,33.316021],[-94.111528,33.31817],[-94.108768,33.318391],[-94.105551,33.319035],[-94.104634,33.319772],[-94.103771,33.3221],[-94.10307,33.322971],[-94.101938,33.325524],[-94.099961,33.327536],[-94.09917,33.328787],[-94.099916,33.330489],[-94.09972,33.331294],[-94.100267,33.333528],[-94.100603,33.336526],[-94.1019,33.340491],[-94.10196,33.341597],[-94.090034,33.341687],[-94.089128,33.341904],[-94.087844,33.342618],[-94.086887,33.34375],[-94.086636,33.34442],[-94.08634,33.349753],[-94.08601,33.350721],[-94.092578,33.362938],[-94.089753,33.362974],[-94.089598,33.363645],[-94.08679,33.363778],[-94.08693,33.364891],[-94.089608,33.364942],[-94.089643,33.366844],[-94.091881,33.366891],[-94.092109,33.370773],[-94.092037,33.385635],[-94.091141,33.385647],[-94.091021,33.382511],[-94.082293,33.382482],[-94.082288,33.381725],[-94.067692,33.381759],[-94.067537,33.383297],[-94.065925,33.38809],[-94.065569,33.390725],[-94.06358,33.390864],[-94.062366,33.390712],[-94.062588,33.393524],[-94.062356,33.394986],[-94.060688,33.398525],[-94.060588,33.404825],[-94.056982,33.404857],[-94.05438,33.409222],[-94.047035,33.409011]]]}},{"type":"Feature","properties":{"PRECINCT":"9A","VTD":"009A"},"geometry":{"type":"Polygon","coordinates":[[[-94.202358,33.465532],[-94.202272,33.46531],[-94.191654,33.464958],[-94.185558,33.464453],[-94.180352,33.463351],[-94.170903,33.460521],[-94.170879,33.459065],[-94.171056,33.458962],[-94.172034,33.460267],[-94.172738,33.460818],[-94.181005,33.463346],[-94.184047,33.463974],[-94.185053,33.462688],[-94.185408,33.460749],[-94.185401,33.453851],[-94.176917,33.451268],[-94.176754,33.438015],[-94.190672,33.436771],[-94.190611,33.45168],[-94.190816,33.455286],[-94.195308,33.456676],[-94.195303,33.456857],[-94.203387,33.459241],[-94.203389,33.465564],[-94.202358,33.465532]]]}},{"type":"Feature","properties":{"PRECINCT":"11A","VTD":"011A"},"geometry":{"type":"Polygon","coordinates":[[[-94.16784,33.499097],[-94.140385,33.492238],[-94.140336,33.481765],[-94.142725,33.481684],[-94.14359,33.481333],[-94.144561,33.480388],[-94.144822,33.479622],[-94.144612,33.474818],[-94.141574,33.467762],[-94.140949,33.467067],[-94.139733,33.466451],[-94.139733,33.462166],[-94.140447,33.462154],[-94.140414,33.461075],[-94.141538,33.461069],[-94.14159,33.45546],[-94.157266,33.457244],[-94.16073,33.457836],[-94.17091,33.460762],[-94.170903,33.460521],[-94.180352,33.463351],[-94.185558,33.464453],[-94.191654,33.464958],[-94.202272,33.46531],[-94.202628,33.46624],[-94.202325,33.466934],[-94.201408,33.466886],[-94.201433,33.467892],[-94.200842,33.469381],[-94.20079,33.476084],[-94.200317,33.47806],[-94.199275,33.479664],[-94.197866,33.4808],[-94.197438,33.480967],[-94.196123,33.480806],[-94.195944,33.483963],[-94.196366,33.483962],[-94.196287,33.48737],[-94.195945,33.488557],[-94.194664,33.490927],[-94.193876,33.494293],[-94.194641,33.494295],[-94.195566,33.493371],[-94.195962,33.493358],[-94.195956,33.498462],[-94.19533,33.498472],[-94.194523,33.499017],[-94.193421,33.499319],[-94.191491,33.499435],[-94.191518,33.498754],[-94.190507,33.498044],[-94.190973,33.497428],[-94.190691,33.49718],[-94.189949,33.497709],[-94.188945,33.497462],[-94.188493,33.49799],[-94.187535,33.498472],[-94.187292,33.49777],[-94.188125,33.497082],[-94.187213,33.496516],[-94.185723,33.497313],[-94.184792,33.496324],[-94.183906,33.496],[-94.183788,33.496702],[-94.183204,33.497022],[-94.183282,33.497264],[-94.182882,33.497577],[-94.182994,33.498298],[-94.182239,33.499238],[-94.18054,33.498941],[-94.179864,33.499243],[-94.178486,33.497819],[-94.178453,33.497379],[-94.178046,33.497093],[-94.177679,33.49635],[-94.17695,33.495873],[-94.176662,33.495818],[-94.175953,33.496406],[-94.175205,33.495762],[-94.174687,33.496257],[-94.174241,33.496361],[-94.174135,33.496923],[-94.173807,33.497121],[-94.173637,33.496692],[-94.172279,33.496367],[-94.172049,33.495873],[-94.171491,33.495823],[-94.171006,33.495367],[-94.170395,33.49629],[-94.16928,33.497098],[-94.169129,33.49817],[-94.16784,33.499097]]]}},{"type":"Feature","properties":{"PRECINCT":"12A","VTD":"012A"},"geometry":{"type":"Polygon","coordinates":[[[-94.183817,33.437329],[-94.183709,33.423738],[-94.190695,33.423575],[-94.190672,33.436771],[-94.183817,33.437329]]]}},{"type":"Feature","properties":{"PRECINCT":"14A","VTD":"014A"},"geometry":{"type":"Polygon","coordinates":[[[-94.409514,33.482216],[-94.409443,33.479062],[-94.381885,33.479066],[-94.381958,33.47213],[-94.409042,33.47449],[-94.409015,33.47426],[-94.399197,33.473402],[-94.399061,33.467307],[-94.400633,33.467285],[-94.40064,33.46813],[-94.40186,33.46812],[-94.40185,33.46624],[-94.405173,33.46621],[-94.405182,33.465723],[-94.401232,33.46551],[-94.39897,33.465172],[-94.398998,33.460321],[-94.40814,33.459829],[-94.408121,33.459533],[-94.418372,33.459148],[-94.422823,33.459459],[-94.428418,33.460442],[-94.470329,33.472487],[-94.470324,33.472989],[-94.467801,33.472352],[-94.456487,33.470903],[-94.446819,33.475105],[-94.442112,33.476263],[-94.438012,33.476622],[-94.430129,33.476098],[-94.429781,33.476484],[-94.426777,33.476339],[-94.426348,33.476509],[-94.426209,33.479565],[-94.425104,33.479543],[-94.424918,33.479077],[-94.413844,33.479179],[-94.41388,33.479772],[-94.415079,33.479759],[-94.415082,33.481631],[-94.409514,33.482216]]]}},{"type":"Feature","properties":{"PRECINCT":"16A","VTD":"016A"},"geometry":{"type":"Polygon","coordinates":[[[-94.29025,33.397965],[-94.290229,33.388686],[-94.286438,33.388666],[-94.286081,33.388495],[-94.28615,33.37736],[-94.297228,33.377791],[-94.297022,33.380273],[-94.294572,33.386989],[-94.294942,33.388651],[-94.296472,33.390673],[-94.296506,33.398018],[-94.304045,33.397286],[-94.314478,33.39746],[-94.303528,33.397589],[-94.296399,33.398387],[-94.296401,33.399154],[-94.28938,33.399197],[-94.288982,33.397979],[-94.29025,33.397965]]]}},{"type":"Feature","properties":{"PRECINCT":"18A","VTD":"018A"},"geometry":{"type":"Polygon","coordinates":[[[-94.406696,33.459187],[-94.406987,33.455567],[-94.410624,33.445375],[-94.41057,33.442121],[-94.411035,33.441938],[-94.41109,33.44155],[-94.410884,33.437866],[-94.408623,33.437784],[-94.408248,33.435678],[-94.408246,33.432572],[-94.40774,33.431109],[-94.407608,33.429696],[-94.40762,33.422865],[-94.407511,33.42217],[-94.406289,33.421187],[-94.405956,33.406157],[-94.413607,33.404204],[-94.416247,33.403734],[-94.416894,33.404639],[-94.418526,33.409664],[-94.418487,33.422514],[-94.415294,33.435875],[-94.408176,33.455827],[-94.408093,33.459086],[-94.406696,33.459187]]]}},{"type":"Feature","properties":{"PRECINCT":"20A","VTD":"020A"},"geometry":{"type":"Polygon","coordinates":[[[-94.63476,33.516368],[-94.612822,33.516002],[-94.612844,33.515312],[-94.609698,33.515306],[-94.610011,33.507137],[-94.606227,33.506614],[-94.60613,33.508639],[-94.604646,33.508663],[-94.604387,33.505842],[-94.60294,33.505347],[-94.60293,33.504358],[-94.601936,33.504416],[-94.601906,33.507449],[-94.599608,33.50723],[-94.599774,33.503866],[-94.604192,33.504196],[-94.609054,33.505572],[-94.618966,33.50978],[-94.620349,33.510935],[-94.624426,33.512093],[-94.63476,33.516368]]]}},{"type":"Feature","properties":{"PRECINCT":"6A","VTD":"006A"},"geometry":{"type":"Polygon","coordinates":[[[-94.05104,33.497435],[-94.046959,33.497182],[-94.046983,33.495721],[-94.043396,33.49562],[-94.043026,33.484928],[-94.043113,33.470373],[-94.048524,33.470357],[-94.052208,33.470092],[-94.054843,33.469707],[-94.058719,33.468763],[-94.062509,33.467363],[-94.086827,33.456435],[-94.093768,33.463631],[-94.097034,33.471254],[-94.087764,33.471117],[-94.082175,33.472206],[-94.073191,33.472268],[-94.073212,33.470156],[-94.071549,33.469957],[-94.06885,33.470072],[-94.07109,33.478623],[-94.073636,33.482649],[-94.074761,33.487136],[-94.072861,33.487202],[-94.072737,33.490189],[-94.072019,33.490186],[-94.072028,33.489418],[-94.069697,33.489235],[-94.069684,33.490284],[-94.068484,33.490294],[-94.068496,33.489226],[-94.066472,33.489212],[-94.066479,33.488326],[-94.055622,33.488353],[-94.055563,33.495563],[-94.055222,33.497151],[-94.05104,33.497435]]]}},{"type":"Feature","properties":{"PRECINCT":"8A","VTD":"008A"},"geometry":{"type":"Polygon","coordinates":[[[-94.106325,33.417324],[-94.106335,33.413933],[-94.105022,33.413929],[-94.105015,33.414804],[-94.103962,33.414788],[-94.10397,33.413624],[-94.101818,33.413674],[-94.101813,33.411264],[-94.098304,33.411271],[-94.098698,33.402217],[-94.113605,33.397717],[-94.118245,33.396199],[-94.118233,33.396019],[-94.134337,33.390849],[-94.14651,33.385039],[-94.158339,33.382109],[-94.158182,33.382789],[-94.158718,33.383932],[-94.160137,33.385534],[-94.160284,33.38662],[-94.160602,33.386828],[-94.160413,33.387507],[-94.160796,33.3875],[-94.161781,33.390102],[-94.162445,33.392901],[-94.164363,33.393604],[-94.165643,33.396178],[-94.165376,33.39802],[-94.164227,33.399803],[-94.165292,33.402439],[-94.151044,33.409911],[-94.143588,33.411786],[-94.137144,33.413125],[-94.106325,33.417324]]]}},{"type":"Feature","properties":{"PRECINCT":"22A","VTD":"022A"},"geometry":{"type":"Polygon","coordinates":[[[-94.693685,33.564137],[-94.69212,33.561359],[-94.678359,33.561361],[-94.677555,33.559981],[-94.677325,33.547556],[-94.676427,33.547414],[-94.675091,33.546704],[-94.671403,33.546594],[-94.670499,33.545977],[-94.668709,33.545406],[-94.668314,33.544725],[-94.665884,33.544772],[-94.664766,33.545107],[-94.663613,33.545046],[-94.659765,33.544029],[-94.659599,33.544528],[-94.658796,33.544793],[-94.65625,33.54491],[-94.655996,33.545313],[-94.655848,33.550569],[-94.655259,33.550745],[-94.650463,33.550615],[-94.650378,33.554361],[-94.646282,33.552431],[-94.644774,33.550199],[-94.64461,33.545707],[-94.643131,33.545389],[-94.641374,33.545405],[-94.635625,33.525021],[-94.635396,33.523456],[-94.635495,33.521358],[-94.63688,33.516892],[-94.651499,33.520257],[-94.653954,33.521011],[-94.71538,33.548101],[-94.7154,33.557095],[-94.707678,33.557319],[-94.707487,33.564063],[-94.693685,33.564137]]]}}]}