{"type":"FeatureCollection","features":[{"type":"Feature","properties":{"PRECINCT":"1006","VTD":"1006"},"geometry":{"type":"Polygon","coordinates":[[[-96.745761,32.9005],[-96.738351,32.900415],[-96.739457,32.896186],[-96.741703,32.891177],[-96.745074,32.891632],[-96.746732,32.891632],[-96.747254,32.893949],[-96.751517,32.893307],[-96.753412,32.893662],[-96.751335,32.896534],[-96.750914,32.900419],[-96.74952,32.902693],[-96.748986,32.902549],[-96.746896,32.900864],[-96.745761,32.9005]]]}},{"type":"Feature","properties":{"PRECINCT":"1007","VTD":"1007"},"geometry":{"type":"Polygon","coordinates":[[[-96.747254,32.893949],[-96.746732,32.891632],[-96.745074,32.891632],[-96.741703,32.891177],[-96.741661,32.886094],[-96.743012,32.885236],[-96.748962,32.880411],[-96.749555,32.88073],[-96.750783,32.880618],[-96.751179,32.881299],[-96.751906,32.881473],[-96.752944,32.882227],[-96.752987,32.883027],[-96.754007,32.88317],[-96.75441,32.883495],[-96.754074,32.88431],[-96.752937,32.884195],[-96.75238,32.884745],[-96.752055,32.886806],[-96.752711,32.887712],[-96.752635,32.888589],[-96.75343,32.889066],[-96.754183,32.889012],[-96.754985,32.890245],[-96.755484,32.889991],[-96.755437,32.88948],[-96.755762,32.889183],[-96.756255,32.888958],[-96.756688,32.889043],[-96.754711,32.891177],[-96.753412,32.893662],[-96.751517,32.893307],[-96.747254,32.893949]]]}},{"type":"Feature","properties":{"PRECINCT":"1039","VTD":"1039"},"geometry":{"type":"Polygon","coordinates":[[[-96.717761,32.894561],[-96.717887,32.896138],[-96.713715,32.897427],[-96.71159,32.894615],[-96.717761,32.894561]]]}},{"type":"Feature","properties":{"PRECINCT":"1040","VTD":"1040"},"geometry":{"type":"Polygon","coordinates":[[[-96.725862,32.900854],[-96.724661,32.899941],[-96.722444,32.899884],[-96.720414,32.899557],[-96.719803,32.89931],[-96.719108,32.898622],[-96.718532,32.899164],[-96.717717,32.900582],[-96.716267,32.899664],[-96.713715,32.897427],[-96.717887,32.896138],[-96.717888,32.894561],[-96.715126,32.894548],[-96.715193,32.893058],[-96.71791,32.893017],[-96.717922,32.892528],[-96.720351,32.892549],[-96.721214,32.892221],[-96.724318,32.892179],[-96.726008,32.890832],[-96.729667,32.888826],[-96.730629,32.887333],[-96.730599,32.886066],[-96.733541,32.885932],[-96.733013,32.887369],[-96.731918,32.888786],[-96.732025,32.889151],[-96.731444,32.88973],[-96.730808,32.891191],[-96.731054,32.891872],[-96.730878,32.892648],[-96.731301,32.893163],[-96.729929,32.894782],[-96.729365,32.894903],[-96.72899,32.895263],[-96.729017,32.896393],[-96.729691,32.896711],[-96.729865,32.897041],[-96.729106,32.897475],[-96.729128,32.898344],[-96.728463,32.89953],[-96.727557,32.90025],[-96.726387,32.900163],[-96.725862,32.900854]]]}},{"type":"Feature","properties":{"PRECINCT":"1041","VTD":"1041"},"geometry":{"type":"Polygon","coordinates":[[[-96.72685,32.906033],[-96.717717,32.900582],[-96.718532,32.899164],[-96.719108,32.898622],[-96.719803,32.89931],[-96.720414,32.899557],[-96.722444,32.899884],[-96.724661,32.899941],[-96.725862,32.900854],[-96.726387,32.900163],[-96.727163,32.900298],[-96.727974,32.901606],[-96.72735,32.902043],[-96.727331,32.902293],[-96.72832,32.902793],[-96.728108,32.903198],[-96.728243,32.903776],[-96.727654,32.904449],[-96.727677,32.904801],[-96.726868,32.905369],[-96.72685,32.906033]]]}},{"type":"Feature","properties":{"PRECINCT":"1043","VTD":"1043"},"geometry":{"type":"Polygon","coordinates":[[[-96.729865,32.897041],[-96.728995,32.896333],[-96.72899,32.895263],[-96.73012,32.8945],[-96.7339,32.894447],[-96.736763,32.892992],[-96.737909,32.89268],[-96.73919,32.892703],[-96.740882,32.893166],[-96.739457,32.896186],[-96.738048,32.90153],[-96.737861,32.906188],[-96.737359,32.906852],[-96.736003,32.90759],[-96.735596,32.90824],[-96.735529,32.911544],[-96.72685,32.906033],[-96.726868,32.905369],[-96.727677,32.904801],[-96.727654,32.904449],[-96.728243,32.903776],[-96.728108,32.903198],[-96.72832,32.902793],[-96.727331,32.902293],[-96.72735,32.902043],[-96.727974,32.901606],[-96.727163,32.900298],[-96.727612,32.90023],[-96.728433,32.89958],[-96.729128,32.898344],[-96.729106,32.897475],[-96.729865,32.897041]]]}},{"type":"Feature","properties":{"PRECINCT":"1044","VTD":"1044"},"geometry":{"type":"Polygon","coordinates":[[[-96.734092,32.894401],[-96.73012,32.8945],[-96.731317,32.893122],[-96.730878,32.892648],[-96.731054,32.891872],[-96.730808,32.891191],[-96.731444,32.88973],[-96.732025,32.889151],[-96.731918,32.888786],[-96.733013,32.887369],[-96.733541,32.885932],[-96.731089,32.886032],[-96.730005,32.88196],[-96.730676,32.878725],[-96.736619,32.878715],[-96.737524,32.879053],[-96.739256,32.880265],[-96.742987,32.880434],[-96.744198,32.880951],[-96.746143,32.882677],[-96.741661,32.886094],[-96.741749,32.890935],[-96.740882,32.893166],[-96.73919,32.892703],[-96.737909,32.89268],[-96.736763,32.892992],[-96.734092,32.894401]]]}},{"type":"Feature","properties":{"PRECINCT":"1045","VTD":"1045"},"geometry":{"type":"Polygon","coordinates":[[[-96.677359,32.870813],[-96.678785,32.867036],[-96.678918,32.864145],[-96.683219,32.864142],[-96.683212,32.868561],[-96.685904,32.868581],[-96.685913,32.867745],[-96.688104,32.867742],[-96.688698,32.867516],[-96.688887,32.867953],[-96.688943,32.87183],[-96.68955,32.872629],[-96.689502,32.873125],[-96.690057,32.873731],[-96.69144,32.874463],[-96.691135,32.875329],[-96.691686,32.875444],[-96.691664,32.878811],[-96.689591,32.878814],[-96.687091,32.87738],[-96.682242,32.873188],[-96.679401,32.871603],[-96.677359,32.870813]]]}},{"type":"Feature","properties":{"PRECINCT":"1046","VTD":"1046"},"geometry":{"type":"Polygon","coordinates":[[[-96.683212,32.868561],[-96.683219,32.864142],[-96.68893,32.86417],[-96.688942,32.864381],[-96.690918,32.864402],[-96.690897,32.86857],[-96.688882,32.868594],[-96.688698,32.867516],[-96.688104,32.867742],[-96.685913,32.867745],[-96.685904,32.868581],[-96.683212,32.868561]]]}},{"type":"Feature","properties":{"PRECINCT":"1047","VTD":"1047"},"geometry":{"type":"Polygon","coordinates":[[[-96.676894,32.855687],[-96.676568,32.855643],[-96.676939,32.854971],[-96.679986,32.850693],[-96.680806,32.851121],[-96.685813,32.84702],[-96.6916,32.852064],[-96.690744,32.852549],[-96.688623,32.852566],[-96.689713,32.8555],[-96.688551,32.855833],[-96.683161,32.855686],[-96.683219,32.864142],[-96.678918,32.864145],[-96.678785,32.867036],[-96.677534,32.869867],[-96.677359,32.870813],[-96.670957,32.869027],[-96.669683,32.867725],[-96.669187,32.866544],[-96.673486,32.860199],[-96.676894,32.855687]]]}},{"type":"Feature","properties":{"PRECINCT":"1048","VTD":"1048"},"geometry":{"type":"Polygon","coordinates":[[[-96.683219,32.864142],[-96.683161,32.855686],[-96.688551,32.855833],[-96.689713,32.8555],[-96.688623,32.852566],[-96.690744,32.852549],[-96.693488,32.851079],[-96.694279,32.851084],[-96.696384,32.851712],[-96.699598,32.851145],[-96.701206,32.852538],[-96.701251,32.853353],[-96.700657,32.854332],[-96.700929,32.85603],[-96.700258,32.858446],[-96.700408,32.859264],[-96.701057,32.860477],[-96.700916,32.861776],[-96.699545,32.863304],[-96.699109,32.864164],[-96.683219,32.864142]]]}},{"type":"Feature","properties":{"PRECINCT":"1049","VTD":"1049"},"geometry":{"type":"Polygon","coordinates":[[[-96.742692,32.880394],[-96.739256,32.880265],[-96.737524,32.879053],[-96.736619,32.878715],[-96.730676,32.878725],[-96.73091,32.873858],[-96.733338,32.868437],[-96.733953,32.863231],[-96.73448,32.863278],[-96.735403,32.863976],[-96.736882,32.864655],[-96.737001,32.865122],[-96.737745,32.865653],[-96.738464,32.86665],[-96.738469,32.867137],[-96.739577,32.867562],[-96.743693,32.865133],[-96.741382,32.872393],[-96.74174,32.872148],[-96.742043,32.872312],[-96.742249,32.873168],[-96.742693,32.873464],[-96.741982,32.873858],[-96.742787,32.874136],[-96.742946,32.874876],[-96.743796,32.875227],[-96.744737,32.875084],[-96.745614,32.875597],[-96.745628,32.876112],[-96.746241,32.87652],[-96.746,32.877071],[-96.747245,32.877989],[-96.748962,32.880411],[-96.746143,32.882677],[-96.743994,32.880809],[-96.742692,32.880394]]]}},{"type":"Feature","properties":{"PRECINCT":"1050","VTD":"1050"},"geometry":{"type":"Polygon","coordinates":[[[-96.74003,32.815594],[-96.740707,32.813257],[-96.743691,32.813743],[-96.743968,32.811804],[-96.749293,32.812697],[-96.75114,32.812721],[-96.751096,32.812251],[-96.751383,32.812717],[-96.751694,32.812711],[-96.751766,32.813899],[-96.752192,32.81443],[-96.751151,32.81602],[-96.750254,32.816443],[-96.743854,32.816218],[-96.74003,32.815594]]]}},{"type":"Feature","properties":{"PRECINCT":"1051","VTD":"1051"},"geometry":{"type":"Polygon","coordinates":[[[-96.707773,32.83531],[-96.709836,32.833641],[-96.711046,32.83394],[-96.711614,32.833838],[-96.712328,32.832867],[-96.713282,32.832403],[-96.712563,32.83048],[-96.712003,32.829997],[-96.710714,32.829468],[-96.710354,32.828048],[-96.7098,32.827506],[-96.706568,32.830047],[-96.714845,32.823123],[-96.720107,32.816647],[-96.721745,32.815472],[-96.723844,32.81467],[-96.726213,32.813063],[-96.72631,32.81373],[-96.72355,32.815102],[-96.723363,32.815372],[-96.72243,32.815559],[-96.722177,32.823827],[-96.719777,32.834428],[-96.715452,32.834266],[-96.713055,32.834587],[-96.70712,32.837774],[-96.707153,32.836483],[-96.707773,32.83531]]]}},{"type":"Feature","properties":{"PRECINCT":"1052","VTD":"1052"},"geometry":{"type":"Polygon","coordinates":[[[-96.701206,32.852538],[-96.699598,32.851145],[-96.696384,32.851712],[-96.693936,32.851035],[-96.693251,32.851146],[-96.6916,32.852064],[-96.685813,32.84702],[-96.696591,32.838408],[-96.699813,32.835617],[-96.699501,32.835293],[-96.700028,32.83547],[-96.7098,32.827506],[-96.710354,32.828048],[-96.710714,32.829468],[-96.712003,32.829997],[-96.712563,32.83048],[-96.713282,32.832403],[-96.712328,32.832867],[-96.711614,32.833838],[-96.711046,32.83394],[-96.709836,32.833641],[-96.709298,32.834265],[-96.708528,32.834667],[-96.707773,32.83531],[-96.707261,32.836196],[-96.70712,32.837774],[-96.705021,32.839346],[-96.704815,32.839848],[-96.705066,32.840671],[-96.704372,32.841121],[-96.704086,32.841853],[-96.704758,32.843227],[-96.704931,32.844271],[-96.704793,32.844627],[-96.704181,32.845039],[-96.704272,32.845623],[-96.702824,32.848647],[-96.702582,32.850741],[-96.702,32.851083],[-96.701206,32.852538]]]}},{"type":"Feature","properties":{"PRECINCT":"1054","VTD":"1054"},"geometry":{"type":"Polygon","coordinates":[[[-96.66553,32.843062],[-96.66763,32.842782],[-96.67307,32.843063],[-96.683154,32.843175],[-96.685113,32.843001],[-96.684485,32.844237],[-96.679986,32.850693],[-96.666481,32.850673],[-96.665948,32.850648],[-96.665945,32.844013],[-96.66553,32.843062]]]}},{"type":"Feature","properties":{"PRECINCT":"1055","VTD":"1055"},"geometry":{"type":"Polygon","coordinates":[[[-96.665708,32.865777],[-96.665948,32.850648],[-96.679986,32.850693],[-96.676568,32.855643],[-96.676935,32.855638],[-96.673486,32.860199],[-96.668545,32.867417],[-96.665708,32.865777]]]}},{"type":"Feature","properties":{"PRECINCT":"1056","VTD":"1056"},"geometry":{"type":"Polygon","coordinates":[[[-96.649484,32.838762],[-96.651529,32.837032],[-96.652271,32.836728],[-96.653299,32.836865],[-96.655028,32.838313],[-96.659346,32.834941],[-96.661129,32.838075],[-96.664759,32.842472],[-96.659251,32.847157],[-96.649484,32.838762]]]}},{"type":"Feature","properties":{"PRECINCT":"1058","VTD":"1058"},"geometry":{"type":"Polygon","coordinates":[[[-96.677923,32.834809],[-96.673348,32.834749],[-96.674345,32.833066],[-96.678725,32.821503],[-96.679651,32.820487],[-96.680936,32.819696],[-96.684465,32.818835],[-96.684482,32.821285],[-96.684015,32.822384],[-96.683919,32.827347],[-96.684224,32.827823],[-96.690533,32.833269],[-96.686703,32.840163],[-96.682089,32.83831],[-96.677923,32.834809]]]}},{"type":"Feature","properties":{"PRECINCT":"1059","VTD":"1059"},"geometry":{"type":"Polygon","coordinates":[[[-96.684485,32.844237],[-96.697027,32.821483],[-96.698707,32.81956],[-96.701191,32.821669],[-96.700849,32.822401],[-96.701975,32.823884],[-96.701852,32.824509],[-96.702408,32.824523],[-96.702592,32.824798],[-96.703433,32.824126],[-96.705969,32.826261],[-96.704885,32.827198],[-96.703287,32.829161],[-96.704261,32.829681],[-96.70519,32.828896],[-96.706568,32.830047],[-96.700028,32.83547],[-96.699501,32.835293],[-96.699813,32.835617],[-96.696591,32.838408],[-96.680806,32.851121],[-96.679986,32.850693],[-96.684485,32.844237]]]}},{"type":"Feature","properties":{"PRECINCT":"1060","VTD":"1060"},"geometry":{"type":"Polygon","coordinates":[[[-96.706568,32.830047],[-96.70519,32.828896],[-96.704261,32.829681],[-96.703287,32.829161],[-96.704885,32.827198],[-96.705969,32.826261],[-96.703433,32.824126],[-96.702592,32.824798],[-96.702408,32.824523],[-96.701852,32.824509],[-96.701975,32.823884],[-96.700849,32.822401],[-96.701191,32.821669],[-96.698707,32.81956],[-96.697027,32.821483],[-96.69578,32.823859],[-96.692418,32.820839],[-96.689698,32.817411],[-96.697651,32.813345],[-96.701401,32.811954],[-96.705108,32.815219],[-96.718848,32.80601],[-96.720914,32.805049],[-96.723451,32.804472],[-96.725816,32.804378],[-96.726356,32.807564],[-96.725335,32.809928],[-96.72514,32.810955],[-96.726213,32.813063],[-96.723844,32.81467],[-96.721745,32.815472],[-96.720107,32.816647],[-96.714695,32.823262],[-96.706568,32.830047]]]}},{"type":"Feature","properties":{"PRECINCT":"1061","VTD":"1061"},"geometry":{"type":"Polygon","coordinates":[[[-96.688341,32.817976],[-96.689698,32.817411],[-96.692418,32.820839],[-96.69578,32.823859],[-96.690533,32.833269],[-96.684224,32.827823],[-96.683858,32.827063],[-96.684031,32.822229],[-96.684482,32.821285],[-96.684465,32.818835],[-96.688341,32.817976]]]}},{"type":"Feature","properties":{"PRECINCT":"1062","VTD":"1062"},"geometry":{"type":"Polygon","coordinates":[[[-96.658051,32.821533],[-96.65859,32.821506],[-96.658864,32.82778],[-96.658223,32.82782],[-96.658051,32.821533]]]}},{"type":"Feature","properties":{"PRECINCT":"1063","VTD":"1063"},"geometry":{"type":"Polygon","coordinates":[[[-96.662325,32.821396],[-96.662264,32.815541],[-96.665255,32.815398],[-96.665257,32.810951],[-96.665443,32.810978],[-96.665388,32.814168],[-96.677792,32.814244],[-96.679687,32.814953],[-96.684394,32.814999],[-96.684466,32.818702],[-96.686163,32.81836],[-96.686199,32.818505],[-96.680936,32.819696],[-96.679651,32.820487],[-96.678725,32.821503],[-96.662325,32.821396]]]}},{"type":"Feature","properties":{"PRECINCT":"1064","VTD":"1064"},"geometry":{"type":"Polygon","coordinates":[[[-96.68587,32.815765],[-96.685046,32.815813],[-96.685045,32.814988],[-96.686173,32.814759],[-96.687064,32.815533],[-96.687974,32.815098],[-96.689625,32.817313],[-96.687655,32.818082],[-96.686163,32.81836],[-96.68587,32.815765]]]}},{"type":"Feature","properties":{"PRECINCT":"1065","VTD":"1065"},"geometry":{"type":"Polygon","coordinates":[[[-96.686173,32.814759],[-96.685045,32.814988],[-96.68071,32.815021],[-96.679687,32.814953],[-96.677792,32.814244],[-96.665388,32.814168],[-96.665443,32.810978],[-96.665257,32.810951],[-96.665699,32.810003],[-96.665357,32.809693],[-96.665424,32.807143],[-96.668291,32.80687],[-96.673605,32.806879],[-96.673844,32.801525],[-96.674557,32.800362],[-96.674393,32.799735],[-96.674018,32.799473],[-96.674294,32.798506],[-96.680898,32.797604],[-96.682269,32.796135],[-96.681933,32.795951],[-96.682405,32.795982],[-96.683158,32.795099],[-96.683515,32.792503],[-96.680366,32.792462],[-96.680312,32.792322],[-96.685016,32.792372],[-96.684645,32.794101],[-96.682847,32.796374],[-96.682575,32.798201],[-96.681941,32.798354],[-96.68217,32.799191],[-96.682537,32.798896],[-96.68245,32.805484],[-96.682889,32.807573],[-96.683609,32.808949],[-96.687974,32.815098],[-96.686987,32.81553],[-96.686173,32.814759]]]}},{"type":"Feature","properties":{"PRECINCT":"1067","VTD":"1067"},"geometry":{"type":"Polygon","coordinates":[[[-96.662174,32.819032],[-96.662325,32.821519],[-96.661686,32.821513],[-96.661622,32.819063],[-96.662174,32.819032]]]}},{"type":"Feature","properties":{"PRECINCT":"1068","VTD":"1068"},"geometry":{"type":"Polygon","coordinates":[[[-96.648996,32.838334],[-96.652556,32.835316],[-96.655263,32.837638],[-96.658996,32.834383],[-96.659346,32.834941],[-96.655028,32.838313],[-96.653299,32.836865],[-96.652558,32.836712],[-96.651729,32.836892],[-96.649484,32.838762],[-96.648996,32.838334]]]}},{"type":"Feature","properties":{"PRECINCT":"1076","VTD":"1076"},"geometry":{"type":"Polygon","coordinates":[[[-96.667576,32.753268],[-96.667551,32.751502],[-96.66496,32.75152],[-96.665641,32.748753],[-96.669817,32.748739],[-96.669784,32.752038],[-96.670145,32.752798],[-96.667576,32.753268]]]}},{"type":"Feature","properties":{"PRECINCT":"1078","VTD":"1078"},"geometry":{"type":"Polygon","coordinates":[[[-96.7179,32.805264],[-96.713967,32.801886],[-96.711481,32.803908],[-96.709778,32.802335],[-96.709849,32.80043],[-96.710312,32.799673],[-96.710949,32.799235],[-96.71011,32.798496],[-96.710928,32.798135],[-96.710825,32.797345],[-96.711634,32.796262],[-96.711641,32.795868],[-96.71082,32.795603],[-96.711884,32.794559],[-96.716029,32.795109],[-96.722719,32.79478],[-96.724208,32.794582],[-96.725728,32.794038],[-96.729178,32.792111],[-96.729142,32.792958],[-96.731474,32.792949],[-96.729091,32.801662],[-96.728879,32.804288],[-96.725816,32.804378],[-96.725736,32.804053],[-96.724771,32.803367],[-96.724945,32.803082],[-96.725945,32.803174],[-96.726179,32.802943],[-96.725718,32.802272],[-96.725858,32.801724],[-96.725211,32.801088],[-96.720699,32.803322],[-96.7179,32.805264]]]}},{"type":"Feature","properties":{"PRECINCT":"1079","VTD":"1079"},"geometry":{"type":"Polygon","coordinates":[[[-96.697202,32.813469],[-96.696592,32.812493],[-96.695328,32.813031],[-96.693189,32.813432],[-96.691101,32.812286],[-96.690999,32.811526],[-96.693861,32.811485],[-96.693782,32.810528],[-96.689382,32.810639],[-96.689377,32.807966],[-96.688875,32.807105],[-96.694914,32.807155],[-96.695608,32.807344],[-96.697616,32.808742],[-96.698514,32.808035],[-96.699382,32.807682],[-96.700502,32.807591],[-96.700755,32.806752],[-96.701861,32.80585],[-96.704105,32.805253],[-96.704857,32.804848],[-96.705592,32.805459],[-96.706319,32.804833],[-96.708436,32.806397],[-96.713967,32.801886],[-96.7179,32.805264],[-96.716791,32.806207],[-96.714875,32.806398],[-96.712202,32.807295],[-96.710827,32.808741],[-96.710265,32.810219],[-96.708884,32.811066],[-96.708496,32.810565],[-96.705723,32.808541],[-96.701401,32.811954],[-96.697202,32.813469]]]}},{"type":"Feature","properties":{"PRECINCT":"1080","VTD":"1080"},"geometry":{"type":"Polygon","coordinates":[[[-96.689698,32.817411],[-96.683609,32.808949],[-96.682749,32.807137],[-96.688875,32.807105],[-96.689377,32.807966],[-96.689382,32.810639],[-96.693782,32.810528],[-96.693861,32.811485],[-96.690999,32.811526],[-96.691101,32.812286],[-96.693189,32.813432],[-96.695328,32.813031],[-96.696592,32.812493],[-96.697257,32.813552],[-96.689698,32.817411]]]}},{"type":"Feature","properties":{"PRECINCT":"1081","VTD":"1081"},"geometry":{"type":"Polygon","coordinates":[[[-96.697616,32.808742],[-96.695608,32.807344],[-96.693902,32.807143],[-96.693905,32.806487],[-96.691433,32.806447],[-96.691594,32.800941],[-96.692209,32.800756],[-96.694526,32.798979],[-96.694861,32.799014],[-96.69533,32.799529],[-96.696361,32.798775],[-96.697687,32.798436],[-96.697599,32.79804],[-96.697177,32.79776],[-96.695627,32.79807],[-96.695258,32.79794],[-96.694332,32.795834],[-96.693824,32.795821],[-96.696325,32.794785],[-96.698897,32.794137],[-96.70885,32.794091],[-96.711884,32.794559],[-96.71082,32.795603],[-96.711641,32.795868],[-96.711634,32.796262],[-96.710825,32.797345],[-96.710928,32.798135],[-96.71011,32.798496],[-96.710949,32.799235],[-96.710312,32.799673],[-96.709804,32.800613],[-96.709842,32.802491],[-96.711481,32.803908],[-96.708436,32.806397],[-96.706319,32.804833],[-96.705592,32.805459],[-96.704857,32.804848],[-96.704105,32.805253],[-96.701861,32.80585],[-96.700755,32.806752],[-96.700502,32.807591],[-96.699382,32.807682],[-96.698514,32.808035],[-96.697616,32.808742]]]}},{"type":"Feature","properties":{"PRECINCT":"1082","VTD":"1082"},"geometry":{"type":"Polygon","coordinates":[[[-96.716467,32.782912],[-96.720918,32.779013],[-96.721407,32.779094],[-96.720994,32.778815],[-96.721019,32.778555],[-96.728461,32.777797],[-96.729094,32.783364],[-96.729178,32.792111],[-96.724441,32.794291],[-96.717983,32.794857],[-96.717508,32.794098],[-96.717469,32.793564],[-96.717192,32.793544],[-96.717161,32.783845],[-96.717076,32.783367],[-96.716467,32.782912]]]}},{"type":"Feature","properties":{"PRECINCT":"1083","VTD":"1083"},"geometry":{"type":"Polygon","coordinates":[[[-96.712876,32.779818],[-96.70898,32.779331],[-96.705962,32.778337],[-96.706009,32.778165],[-96.708186,32.778927],[-96.711528,32.771656],[-96.710065,32.771178],[-96.709071,32.770496],[-96.708562,32.769475],[-96.709285,32.763445],[-96.711468,32.763611],[-96.714832,32.765283],[-96.714931,32.765158],[-96.71637,32.765548],[-96.72166,32.766077],[-96.730932,32.766393],[-96.729467,32.769166],[-96.728917,32.775548],[-96.728755,32.776316],[-96.728133,32.777101],[-96.728169,32.777768],[-96.728461,32.777797],[-96.721019,32.778555],[-96.720994,32.778815],[-96.721407,32.779094],[-96.720786,32.779058],[-96.716467,32.782912],[-96.712876,32.779818]]]}},{"type":"Feature","properties":{"PRECINCT":"1084","VTD":"1084"},"geometry":{"type":"Polygon","coordinates":[[[-96.716029,32.795109],[-96.70885,32.794091],[-96.700019,32.794083],[-96.700251,32.784153],[-96.700053,32.778036],[-96.70511,32.778066],[-96.70898,32.779331],[-96.712449,32.779636],[-96.717076,32.783367],[-96.717192,32.793544],[-96.717469,32.793564],[-96.717508,32.794098],[-96.717983,32.794857],[-96.723852,32.794433],[-96.727486,32.792982],[-96.725728,32.794038],[-96.723508,32.794694],[-96.716029,32.795109]]]}},{"type":"Feature","properties":{"PRECINCT":"1085","VTD":"1085"},"geometry":{"type":"Polygon","coordinates":[[[-96.708186,32.778927],[-96.704936,32.77805],[-96.700053,32.778036],[-96.700073,32.768183],[-96.700705,32.766416],[-96.70081,32.763511],[-96.705518,32.763308],[-96.709285,32.763445],[-96.708562,32.769475],[-96.709071,32.770496],[-96.710065,32.771178],[-96.711528,32.771656],[-96.708186,32.778927]]]}},{"type":"Feature","properties":{"PRECINCT":"1086","VTD":"1086"},"geometry":{"type":"Polygon","coordinates":[[[-96.688875,32.807105],[-96.688953,32.804648],[-96.68825,32.803209],[-96.688214,32.800154],[-96.689941,32.80016],[-96.690944,32.799442],[-96.692712,32.799442],[-96.692712,32.797823],[-96.692011,32.795758],[-96.697862,32.794289],[-96.693824,32.795821],[-96.694332,32.795834],[-96.695258,32.79794],[-96.695627,32.79807],[-96.697177,32.79776],[-96.697599,32.79804],[-96.697687,32.798436],[-96.696361,32.798775],[-96.69533,32.799529],[-96.694861,32.799014],[-96.694526,32.798979],[-96.692209,32.800756],[-96.691594,32.800941],[-96.691433,32.806447],[-96.693905,32.806487],[-96.693902,32.807143],[-96.688875,32.807105]]]}},{"type":"Feature","properties":{"PRECINCT":"1087","VTD":"1087"},"geometry":{"type":"Polygon","coordinates":[[[-96.677149,32.792271],[-96.677139,32.791773],[-96.673371,32.791728],[-96.673373,32.787577],[-96.671568,32.786445],[-96.669895,32.784565],[-96.671065,32.784379],[-96.670762,32.783096],[-96.668554,32.783319],[-96.668539,32.782862],[-96.667792,32.783051],[-96.666003,32.781236],[-96.665372,32.779581],[-96.663177,32.779522],[-96.662034,32.778388],[-96.663196,32.777891],[-96.665257,32.777859],[-96.700053,32.778036],[-96.700251,32.784153],[-96.700078,32.791972],[-96.694258,32.792569],[-96.677149,32.792271]]]}},{"type":"Feature","properties":{"PRECINCT":"1088","VTD":"1088"},"geometry":{"type":"Polygon","coordinates":[[[-96.682582,32.777997],[-96.682689,32.772938],[-96.688258,32.773168],[-96.68908,32.772405],[-96.689364,32.770903],[-96.679744,32.769161],[-96.669784,32.768458],[-96.669051,32.766743],[-96.669016,32.765649],[-96.6683,32.765427],[-96.668668,32.764643],[-96.668507,32.763685],[-96.669122,32.763471],[-96.67562,32.763504],[-96.676394,32.76332],[-96.687978,32.763399],[-96.690013,32.763013],[-96.689984,32.76316],[-96.69111,32.763103],[-96.693282,32.763429],[-96.70058,32.763511],[-96.700705,32.766416],[-96.700332,32.767234],[-96.700025,32.767208],[-96.700053,32.778036],[-96.682582,32.777997]]]}},{"type":"Feature","properties":{"PRECINCT":"1089","VTD":"1089"},"geometry":{"type":"Polygon","coordinates":[[[-96.662034,32.778388],[-96.644377,32.76341],[-96.644006,32.762375],[-96.649163,32.762186],[-96.654931,32.762264],[-96.656543,32.762714],[-96.656805,32.76285],[-96.656829,32.7683],[-96.669726,32.768316],[-96.67023,32.769504],[-96.669933,32.769952],[-96.669188,32.770284],[-96.669166,32.770554],[-96.669424,32.770754],[-96.671202,32.770601],[-96.672332,32.771554],[-96.672332,32.773218],[-96.672752,32.773364],[-96.672931,32.773755],[-96.672965,32.774099],[-96.672673,32.774411],[-96.673171,32.775278],[-96.673123,32.776061],[-96.673786,32.776275],[-96.674493,32.777879],[-96.663196,32.777891],[-96.662034,32.778388]]]}},{"type":"Feature","properties":{"PRECINCT":"1090","VTD":"1090"},"geometry":{"type":"Polygon","coordinates":[[[-96.679964,32.763382],[-96.680034,32.760224],[-96.682862,32.760203],[-96.682952,32.748891],[-96.700284,32.749007],[-96.701435,32.750793],[-96.701815,32.755361],[-96.70169,32.759799],[-96.700604,32.761803],[-96.70058,32.763511],[-96.693282,32.763429],[-96.69111,32.763103],[-96.689984,32.76316],[-96.690013,32.763013],[-96.687978,32.763399],[-96.679964,32.763382]]]}},{"type":"Feature","properties":{"PRECINCT":"1091","VTD":"1091"},"geometry":{"type":"Polygon","coordinates":[[[-96.669181,32.763403],[-96.669092,32.762807],[-96.668196,32.762786],[-96.668216,32.762123],[-96.667604,32.761767],[-96.668644,32.760776],[-96.668542,32.760289],[-96.667904,32.759872],[-96.667865,32.758796],[-96.668307,32.757703],[-96.667524,32.757456],[-96.667307,32.7559],[-96.665987,32.754119],[-96.665631,32.753048],[-96.6642,32.752999],[-96.66399,32.75244],[-96.663032,32.751523],[-96.662791,32.751669],[-96.662531,32.752819],[-96.661487,32.75278],[-96.660844,32.752401],[-96.661934,32.750058],[-96.661823,32.748773],[-96.665641,32.748753],[-96.66496,32.75152],[-96.667551,32.751502],[-96.667576,32.753268],[-96.670145,32.752798],[-96.669784,32.752038],[-96.669817,32.748739],[-96.680063,32.748858],[-96.680089,32.749997],[-96.682961,32.750054],[-96.682862,32.760203],[-96.680034,32.760224],[-96.679964,32.763382],[-96.669181,32.763403]]]}},{"type":"Feature","properties":{"PRECINCT":"1092","VTD":"1092"},"geometry":{"type":"Polygon","coordinates":[[[-96.656805,32.76285],[-96.654931,32.762264],[-96.648205,32.7622],[-96.648399,32.748842],[-96.661823,32.748773],[-96.661934,32.750058],[-96.660981,32.75175],[-96.660908,32.752509],[-96.661742,32.75283],[-96.662531,32.752819],[-96.662973,32.751516],[-96.66399,32.75244],[-96.6642,32.752999],[-96.665586,32.752999],[-96.666064,32.754249],[-96.667307,32.7559],[-96.667524,32.757456],[-96.668307,32.757703],[-96.667865,32.758796],[-96.667904,32.759872],[-96.668542,32.760289],[-96.668644,32.760776],[-96.667604,32.761767],[-96.668216,32.762123],[-96.668196,32.762786],[-96.668853,32.762708],[-96.669141,32.762884],[-96.669153,32.763451],[-96.66848,32.763744],[-96.668668,32.764643],[-96.668293,32.76538],[-96.669016,32.765649],[-96.669051,32.766743],[-96.669726,32.768316],[-96.656829,32.7683],[-96.656805,32.76285]]]}},{"type":"Feature","properties":{"PRECINCT":"1093","VTD":"1093"},"geometry":{"type":"Polygon","coordinates":[[[-96.639274,32.755732],[-96.639273,32.748752],[-96.648399,32.748842],[-96.648205,32.7622],[-96.644006,32.762375],[-96.64315,32.75911],[-96.639274,32.755732]]]}},{"type":"Feature","properties":{"PRECINCT":"1094","VTD":"1094"},"geometry":{"type":"Polygon","coordinates":[[[-96.704211,32.749152],[-96.700284,32.749007],[-96.700101,32.748625],[-96.700076,32.734423],[-96.710333,32.734433],[-96.710551,32.73785],[-96.710155,32.739404],[-96.706506,32.744934],[-96.704211,32.749152]]]}},{"type":"Feature","properties":{"PRECINCT":"1095","VTD":"1095"},"geometry":{"type":"Polygon","coordinates":[[[-96.682793,32.74882],[-96.682831,32.742702],[-96.690554,32.742719],[-96.69388,32.741518],[-96.700076,32.741486],[-96.700042,32.748354],[-96.700284,32.749007],[-96.682793,32.74882]]]}},{"type":"Feature","properties":{"PRECINCT":"1096","VTD":"1096"},"geometry":{"type":"Polygon","coordinates":[[[-96.682831,32.742702],[-96.682807,32.73435],[-96.700076,32.734423],[-96.700076,32.741486],[-96.69388,32.741518],[-96.690554,32.742719],[-96.682831,32.742702]]]}},{"type":"Feature","properties":{"PRECINCT":"1097","VTD":"1097"},"geometry":{"type":"Polygon","coordinates":[[[-96.661823,32.748773],[-96.660804,32.747912],[-96.66042,32.747265],[-96.66073,32.746844],[-96.660261,32.74668],[-96.660863,32.746328],[-96.660897,32.745793],[-96.661466,32.745227],[-96.661004,32.744896],[-96.661075,32.744657],[-96.661568,32.745036],[-96.661867,32.744917],[-96.662316,32.74435],[-96.662199,32.744163],[-96.662757,32.74388],[-96.662507,32.742855],[-96.662075,32.743426],[-96.661829,32.742808],[-96.662241,32.742604],[-96.662246,32.741925],[-96.662836,32.742089],[-96.663175,32.741966],[-96.66297,32.741594],[-96.662366,32.741437],[-96.661678,32.74046],[-96.661975,32.740147],[-96.662769,32.740012],[-96.66345,32.739547],[-96.663216,32.738027],[-96.662268,32.73602],[-96.663437,32.73512],[-96.663468,32.734246],[-96.682807,32.73435],[-96.682793,32.748887],[-96.661823,32.748773]]]}},{"type":"Feature","properties":{"PRECINCT":"1098","VTD":"1098"},"geometry":{"type":"Polygon","coordinates":[[[-96.648399,32.748842],[-96.648468,32.734171],[-96.663468,32.734246],[-96.663437,32.73512],[-96.662268,32.73602],[-96.663216,32.738027],[-96.66345,32.739547],[-96.662769,32.740012],[-96.661975,32.740147],[-96.661678,32.74046],[-96.662366,32.741437],[-96.66297,32.741594],[-96.663175,32.741966],[-96.662836,32.742089],[-96.662246,32.741925],[-96.662241,32.742604],[-96.661829,32.742808],[-96.662075,32.743426],[-96.662507,32.742855],[-96.662757,32.74388],[-96.662199,32.744163],[-96.662316,32.74435],[-96.661867,32.744917],[-96.661568,32.745036],[-96.661075,32.744657],[-96.661004,32.744896],[-96.661466,32.745227],[-96.660897,32.745793],[-96.660863,32.746328],[-96.660261,32.74668],[-96.66073,32.746844],[-96.66042,32.747265],[-96.660804,32.747912],[-96.661802,32.748556],[-96.661823,32.748773],[-96.648399,32.748842]]]}},{"type":"Feature","properties":{"PRECINCT":"1099","VTD":"1099"},"geometry":{"type":"Polygon","coordinates":[[[-96.639739,32.74877],[-96.639106,32.748586],[-96.638876,32.73424],[-96.639745,32.73424],[-96.639739,32.74877]]]}},{"type":"Feature","properties":{"PRECINCT":"1100","VTD":"1100"},"geometry":{"type":"Polygon","coordinates":[[[-96.713417,32.732411],[-96.712245,32.732286],[-96.705952,32.727915],[-96.706098,32.724443],[-96.70496,32.724438],[-96.704965,32.722268],[-96.700313,32.722335],[-96.70019,32.713199],[-96.707187,32.712767],[-96.717334,32.712696],[-96.71727,32.717842],[-96.717733,32.719251],[-96.717775,32.720429],[-96.717588,32.733567],[-96.715261,32.735659],[-96.717499,32.737893],[-96.717294,32.738023],[-96.712935,32.733888],[-96.714245,32.733083],[-96.713417,32.732411]]]}},{"type":"Feature","properties":{"PRECINCT":"1101","VTD":"1101"},"geometry":{"type":"Polygon","coordinates":[[[-96.712202,32.734445],[-96.684702,32.734368],[-96.684722,32.73247],[-96.682994,32.732464],[-96.682887,32.714598],[-96.683013,32.713648],[-96.683474,32.712898],[-96.684088,32.712552],[-96.683615,32.712995],[-96.693135,32.719065],[-96.700312,32.723965],[-96.700313,32.722335],[-96.704965,32.722268],[-96.70496,32.724438],[-96.706098,32.724443],[-96.705952,32.727915],[-96.712245,32.732286],[-96.713779,32.732543],[-96.714245,32.733083],[-96.712935,32.733888],[-96.715149,32.736089],[-96.713114,32.734699],[-96.712202,32.734445]]]}},{"type":"Feature","properties":{"PRECINCT":"1102","VTD":"1102"},"geometry":{"type":"Polygon","coordinates":[[[-96.663468,32.734246],[-96.662877,32.732526],[-96.662957,32.732196],[-96.663497,32.732049],[-96.663468,32.731623],[-96.663165,32.731093],[-96.662611,32.730778],[-96.662324,32.730075],[-96.663165,32.72859],[-96.663057,32.72787],[-96.664218,32.726071],[-96.665593,32.725666],[-96.66564,32.724583],[-96.666674,32.723892],[-96.666993,32.720005],[-96.668182,32.719664],[-96.683074,32.719703],[-96.682994,32.732464],[-96.684722,32.73247],[-96.684702,32.734368],[-96.663468,32.734246]]]}},{"type":"Feature","properties":{"PRECINCT":"1103","VTD":"1103"},"geometry":{"type":"Polygon","coordinates":[[[-96.659437,32.731107],[-96.656937,32.7311],[-96.657037,32.719623],[-96.668114,32.719667],[-96.666908,32.72008],[-96.666674,32.723892],[-96.66564,32.724583],[-96.665593,32.725666],[-96.664218,32.726071],[-96.663057,32.72787],[-96.663165,32.72859],[-96.662324,32.730075],[-96.662611,32.730778],[-96.663165,32.731093],[-96.663468,32.731623],[-96.663497,32.732049],[-96.662957,32.732196],[-96.662877,32.732526],[-96.663468,32.734246],[-96.658827,32.734209],[-96.6589,32.733305],[-96.659568,32.732706],[-96.659437,32.731107]]]}},{"type":"Feature","properties":{"PRECINCT":"1104","VTD":"1104"},"geometry":{"type":"Polygon","coordinates":[[[-96.641366,32.734242],[-96.641371,32.732948],[-96.63906,32.73297],[-96.639211,32.719512],[-96.657037,32.719623],[-96.656937,32.7311],[-96.659576,32.731194],[-96.659568,32.732706],[-96.6589,32.733305],[-96.658827,32.734209],[-96.641366,32.734242]]]}},{"type":"Feature","properties":{"PRECINCT":"1105","VTD":"1105"},"geometry":{"type":"Polygon","coordinates":[[[-96.639088,32.73424],[-96.638387,32.734127],[-96.638523,32.719509],[-96.638785,32.719501],[-96.639211,32.719512],[-96.639088,32.73424]]]}},{"type":"Feature","properties":{"PRECINCT":"1106","VTD":"1106"},"geometry":{"type":"Polygon","coordinates":[[[-96.638523,32.719509],[-96.638397,32.712086],[-96.640529,32.712085],[-96.640522,32.716088],[-96.641803,32.716154],[-96.641932,32.717011],[-96.642584,32.718317],[-96.642635,32.719523],[-96.638523,32.719509]]]}},{"type":"Feature","properties":{"PRECINCT":"1107","VTD":"1107"},"geometry":{"type":"Polygon","coordinates":[[[-96.648486,32.71956],[-96.642635,32.719523],[-96.642584,32.718317],[-96.641932,32.717011],[-96.641803,32.716154],[-96.640522,32.716088],[-96.64064,32.712156],[-96.638397,32.712086],[-96.638687,32.708559],[-96.638633,32.705033],[-96.635689,32.705032],[-96.635627,32.703522],[-96.637701,32.703536],[-96.637744,32.70151],[-96.637266,32.701395],[-96.637305,32.699548],[-96.636842,32.699526],[-96.637504,32.694308],[-96.646267,32.698945],[-96.648747,32.69999],[-96.648486,32.71956]]]}},{"type":"Feature","properties":{"PRECINCT":"1108","VTD":"1108"},"geometry":{"type":"Polygon","coordinates":[[[-96.648486,32.71956],[-96.648723,32.699472],[-96.650777,32.700196],[-96.657068,32.700151],[-96.657068,32.698618],[-96.659941,32.699421],[-96.66148,32.700148],[-96.668563,32.706327],[-96.682907,32.716872],[-96.682916,32.719704],[-96.648486,32.71956]]]}},{"type":"Feature","properties":{"PRECINCT":"1109","VTD":"1109"},"geometry":{"type":"Polygon","coordinates":[[[-96.662786,32.69938],[-96.662548,32.697936],[-96.679978,32.698015],[-96.679978,32.69977],[-96.681477,32.699775],[-96.681477,32.698012],[-96.683003,32.698005],[-96.683105,32.71111],[-96.683437,32.711891],[-96.684263,32.712484],[-96.683474,32.712898],[-96.683013,32.713648],[-96.682907,32.716872],[-96.670853,32.708104],[-96.666373,32.704456],[-96.663122,32.701552],[-96.663374,32.700029],[-96.662786,32.69938]]]}},{"type":"Feature","properties":{"PRECINCT":"1110","VTD":"1110"},"geometry":{"type":"Polygon","coordinates":[[[-96.635673,32.699529],[-96.637305,32.699548],[-96.637266,32.701395],[-96.637744,32.70151],[-96.637701,32.703536],[-96.635627,32.703522],[-96.635673,32.699529]]]}},{"type":"Feature","properties":{"PRECINCT":"1111","VTD":"1111"},"geometry":{"type":"Polygon","coordinates":[[[-96.659941,32.699421],[-96.657068,32.698618],[-96.657068,32.700151],[-96.650777,32.700196],[-96.648723,32.699472],[-96.648747,32.69999],[-96.647638,32.69956],[-96.637504,32.694308],[-96.637594,32.693427],[-96.637976,32.692693],[-96.637704,32.692504],[-96.637865,32.690987],[-96.637116,32.690478],[-96.634342,32.690481],[-96.634413,32.68987],[-96.63484,32.689261],[-96.634461,32.68886],[-96.635735,32.687981],[-96.63774,32.687244],[-96.671955,32.67991],[-96.676714,32.679387],[-96.677605,32.680717],[-96.677742,32.689217],[-96.677277,32.690706],[-96.678434,32.690697],[-96.678447,32.698017],[-96.662548,32.697936],[-96.662795,32.699404],[-96.663374,32.700029],[-96.663122,32.701552],[-96.66148,32.700148],[-96.659941,32.699421]]]}},{"type":"Feature","properties":{"PRECINCT":"1113","VTD":"1113"},"geometry":{"type":"Polygon","coordinates":[[[-96.730955,32.76634],[-96.72166,32.766077],[-96.71637,32.765548],[-96.714931,32.765158],[-96.714832,32.765283],[-96.71225,32.763886],[-96.710515,32.763464],[-96.705518,32.763308],[-96.70081,32.763511],[-96.700831,32.765399],[-96.700592,32.765334],[-96.700556,32.762036],[-96.70169,32.759799],[-96.701815,32.755361],[-96.701435,32.750793],[-96.700284,32.749007],[-96.704211,32.749152],[-96.704878,32.747644],[-96.710452,32.738719],[-96.710333,32.734433],[-96.712712,32.73453],[-96.715149,32.736089],[-96.738078,32.755437],[-96.736414,32.755433],[-96.736708,32.756134],[-96.735806,32.756018],[-96.735992,32.756623],[-96.735527,32.756819],[-96.735475,32.757231],[-96.735035,32.757048],[-96.734645,32.757204],[-96.734446,32.756893],[-96.733988,32.75687],[-96.733793,32.757195],[-96.734306,32.757428],[-96.734354,32.757795],[-96.733533,32.757721],[-96.732146,32.75861],[-96.73208,32.759561],[-96.732784,32.760362],[-96.732405,32.7609],[-96.731809,32.761074],[-96.731761,32.761578],[-96.729687,32.763917],[-96.729778,32.765127],[-96.730859,32.765877],[-96.730955,32.76634]]]}},{"type":"Feature","properties":{"PRECINCT":"1114","VTD":"1114"},"geometry":{"type":"Polygon","coordinates":[[[-96.68245,32.805484],[-96.682537,32.798896],[-96.68217,32.799191],[-96.681941,32.798354],[-96.682575,32.798201],[-96.682847,32.796374],[-96.684645,32.794101],[-96.685016,32.792372],[-96.694744,32.792558],[-96.700078,32.791972],[-96.700019,32.794083],[-96.697415,32.79438],[-96.692011,32.795758],[-96.692712,32.797823],[-96.692712,32.799442],[-96.690944,32.799442],[-96.689941,32.80016],[-96.688214,32.800154],[-96.68825,32.803209],[-96.688953,32.804648],[-96.688875,32.807105],[-96.682749,32.807137],[-96.68245,32.805484]]]}},{"type":"Feature","properties":{"PRECINCT":"1115","VTD":"1115"},"geometry":{"type":"Polygon","coordinates":[[[-96.665367,32.843183],[-96.664601,32.842593],[-96.671584,32.836665],[-96.673348,32.834749],[-96.677923,32.834809],[-96.682089,32.83831],[-96.686703,32.840163],[-96.685113,32.843001],[-96.680114,32.843151],[-96.666298,32.842792],[-96.665367,32.843183]]]}},{"type":"Feature","properties":{"PRECINCT":"1116","VTD":"1116"},"geometry":{"type":"Polygon","coordinates":[[[-96.664845,32.828713],[-96.658143,32.828674],[-96.658164,32.827824],[-96.658864,32.82778],[-96.658604,32.821392],[-96.678725,32.821503],[-96.677078,32.82562],[-96.674514,32.82517],[-96.674478,32.826035],[-96.676766,32.826503],[-96.676205,32.828062],[-96.675065,32.827762],[-96.673613,32.827744],[-96.670869,32.828537],[-96.666363,32.828582],[-96.665209,32.828985],[-96.664845,32.828713]]]}},{"type":"Feature","properties":{"PRECINCT":"1121","VTD":"1121"},"geometry":{"type":"Polygon","coordinates":[[[-96.648839,32.855953],[-96.664601,32.842593],[-96.665367,32.843183],[-96.66553,32.843062],[-96.66589,32.843725],[-96.665708,32.865777],[-96.668545,32.867417],[-96.668053,32.868126],[-96.648839,32.855953]]]}},{"type":"Feature","properties":{"PRECINCT":"1124","VTD":"1124"},"geometry":{"type":"Polygon","coordinates":[[[-96.679978,32.69977],[-96.679978,32.698015],[-96.678447,32.698017],[-96.678441,32.694953],[-96.679668,32.695929],[-96.681732,32.696496],[-96.682805,32.697651],[-96.682853,32.698011],[-96.681477,32.698012],[-96.681477,32.699775],[-96.679978,32.69977]]]}},{"type":"Feature","properties":{"PRECINCT":"1125","VTD":"1125"},"geometry":{"type":"Polygon","coordinates":[[[-96.634854,32.843785],[-96.639674,32.839652],[-96.64116,32.839777],[-96.642307,32.839593],[-96.64718,32.837667],[-96.648446,32.838785],[-96.648996,32.838334],[-96.659251,32.847157],[-96.648839,32.855953],[-96.645719,32.853855],[-96.637192,32.846483],[-96.634854,32.843785]]]}},{"type":"Feature","properties":{"PRECINCT":"1128","VTD":"1128"},"geometry":{"type":"Polygon","coordinates":[[[-96.717922,32.892528],[-96.717936,32.886007],[-96.722379,32.886417],[-96.730599,32.886066],[-96.730629,32.887333],[-96.729667,32.888826],[-96.726008,32.890832],[-96.724318,32.892179],[-96.721214,32.892221],[-96.720351,32.892549],[-96.717922,32.892528]]]}},{"type":"Feature","properties":{"PRECINCT":"1129","VTD":"1129"},"geometry":{"type":"Polygon","coordinates":[[[-96.691664,32.878811],[-96.691686,32.875444],[-96.692765,32.875459],[-96.693453,32.876489],[-96.694276,32.876661],[-96.69428,32.878824],[-96.691664,32.878811]]]}},{"type":"Feature","properties":{"PRECINCT":"1133","VTD":"1133"},"geometry":{"type":"Polygon","coordinates":[[[-96.701401,32.811954],[-96.705723,32.808541],[-96.708496,32.810565],[-96.708884,32.811066],[-96.710265,32.810219],[-96.710827,32.808741],[-96.712405,32.807182],[-96.714875,32.806398],[-96.716791,32.806207],[-96.7179,32.805264],[-96.718848,32.80601],[-96.705108,32.815219],[-96.701401,32.811954]]]}},{"type":"Feature","properties":{"PRECINCT":"1134","VTD":"1134"},"geometry":{"type":"Polygon","coordinates":[[[-96.672752,32.773364],[-96.672348,32.773302],[-96.672332,32.771554],[-96.671284,32.770659],[-96.669224,32.770652],[-96.669188,32.770284],[-96.669933,32.769952],[-96.67023,32.769504],[-96.669784,32.768458],[-96.679744,32.769161],[-96.689364,32.770903],[-96.68908,32.772405],[-96.688258,32.773168],[-96.682689,32.772938],[-96.682582,32.777997],[-96.674493,32.777879],[-96.673786,32.776275],[-96.673153,32.776147],[-96.673171,32.775278],[-96.672673,32.774411],[-96.672965,32.774099],[-96.672752,32.773364]]]}},{"type":"Feature","properties":{"PRECINCT":"1135","VTD":"1135"},"geometry":{"type":"Polygon","coordinates":[[[-96.639739,32.74877],[-96.639745,32.73424],[-96.639088,32.73424],[-96.63906,32.73297],[-96.641371,32.732948],[-96.641366,32.734242],[-96.648468,32.734171],[-96.648399,32.748842],[-96.639739,32.74877]]]}},{"type":"Feature","properties":{"PRECINCT":"1136","VTD":"1136"},"geometry":{"type":"Polygon","coordinates":[[[-96.63253,32.691321],[-96.634461,32.68886],[-96.63484,32.689261],[-96.634413,32.68987],[-96.634342,32.690481],[-96.637116,32.690478],[-96.637865,32.690987],[-96.637704,32.692504],[-96.637976,32.692693],[-96.637531,32.694094],[-96.63253,32.691321]]]}},{"type":"Feature","properties":{"PRECINCT":"1137","VTD":"1137"},"geometry":{"type":"Polygon","coordinates":[[[-96.674478,32.826035],[-96.674514,32.82517],[-96.677078,32.82562],[-96.676766,32.826503],[-96.674478,32.826035]]]}},{"type":"Feature","properties":{"PRECINCT":"1139","VTD":"1139"},"geometry":{"type":"Polygon","coordinates":[[[-96.625552,32.846857],[-96.624436,32.845578],[-96.625686,32.846703],[-96.625552,32.846857]]]}},{"type":"Feature","properties":{"PRECINCT":"1140","VTD":"1140"},"geometry":{"type":"Polygon","coordinates":[[[-96.677277,32.690706],[-96.677667,32.689453],[-96.678434,32.690697],[-96.677277,32.690706]]]}},{"type":"Feature","properties":{"PRECINCT":"1141","VTD":"1141"},"geometry":{"type":"Polygon","coordinates":[[[-96.710861,32.893099],[-96.708197,32.890107],[-96.703691,32.886968],[-96.703331,32.886243],[-96.717936,32.886007],[-96.71791,32.893017],[-96.715211,32.893037],[-96.715155,32.894447],[-96.71172,32.894423],[-96.710861,32.893099]]]}},{"type":"Feature","properties":{"PRECINCT":"1142","VTD":"1142"},"geometry":{"type":"Polygon","coordinates":[[[-96.717936,32.886007],[-96.717951,32.868719],[-96.71928,32.868833],[-96.720637,32.870348],[-96.723184,32.871916],[-96.725374,32.873832],[-96.726819,32.87258],[-96.727144,32.871285],[-96.728598,32.870381],[-96.729291,32.87887],[-96.730676,32.878725],[-96.730005,32.88196],[-96.731089,32.886032],[-96.722379,32.886417],[-96.717936,32.886007]]]}},{"type":"Feature","properties":{"PRECINCT":"1143","VTD":"1143"},"geometry":{"type":"Polygon","coordinates":[[[-96.729291,32.87887],[-96.728598,32.870381],[-96.728342,32.870417],[-96.727144,32.871285],[-96.726819,32.87258],[-96.725374,32.873832],[-96.723184,32.871916],[-96.720637,32.870348],[-96.71928,32.868833],[-96.717951,32.868719],[-96.717951,32.866937],[-96.718044,32.861808],[-96.728654,32.856951],[-96.729192,32.858812],[-96.728946,32.859723],[-96.729779,32.860045],[-96.730647,32.860002],[-96.729689,32.860785],[-96.729789,32.861175],[-96.731005,32.861579],[-96.731095,32.862423],[-96.731395,32.862684],[-96.731767,32.862752],[-96.732148,32.862394],[-96.732592,32.862378],[-96.733028,32.8626],[-96.7333,32.863141],[-96.733953,32.863231],[-96.733338,32.868437],[-96.73091,32.873858],[-96.730676,32.878725],[-96.729291,32.87887]]]}},{"type":"Feature","properties":{"PRECINCT":"1144","VTD":"1144"},"geometry":{"type":"Polygon","coordinates":[[[-96.709163,32.886142],[-96.709174,32.880665],[-96.708468,32.879269],[-96.70851,32.872732],[-96.710588,32.869235],[-96.710769,32.864207],[-96.712242,32.864128],[-96.713579,32.863777],[-96.718055,32.861618],[-96.717936,32.886007],[-96.709163,32.886142]]]}},{"type":"Feature","properties":{"PRECINCT":"1146","VTD":"1146"},"geometry":{"type":"Polygon","coordinates":[[[-96.709177,32.88124],[-96.704704,32.88113],[-96.704357,32.87905],[-96.700552,32.878957],[-96.700138,32.875203],[-96.700108,32.872255],[-96.700519,32.87058],[-96.700553,32.864172],[-96.710769,32.864207],[-96.710588,32.869235],[-96.70851,32.872732],[-96.708468,32.879269],[-96.709116,32.880407],[-96.709177,32.88124]]]}},{"type":"Feature","properties":{"PRECINCT":"1147","VTD":"1147"},"geometry":{"type":"Polygon","coordinates":[[[-96.702573,32.881148],[-96.702582,32.879041],[-96.704357,32.87905],[-96.704704,32.88113],[-96.709177,32.88124],[-96.709163,32.886142],[-96.703331,32.886243],[-96.703333,32.885799],[-96.7014,32.884694],[-96.700461,32.884529],[-96.700556,32.881155],[-96.702573,32.881148]]]}},{"type":"Feature","properties":{"PRECINCT":"1148","VTD":"1148"},"geometry":{"type":"Polygon","coordinates":[[[-96.700073,32.768183],[-96.700025,32.767208],[-96.700332,32.767234],[-96.700073,32.768183]]]}},{"type":"Feature","properties":{"PRECINCT":"1151","VTD":"1151"},"geometry":{"type":"Polygon","coordinates":[[[-96.684466,32.818702],[-96.684394,32.814999],[-96.685045,32.814988],[-96.685046,32.815813],[-96.685764,32.815741],[-96.686013,32.815957],[-96.686163,32.81836],[-96.684466,32.818702]]]}},{"type":"Feature","properties":{"PRECINCT":"1153","VTD":"1153"},"geometry":{"type":"Polygon","coordinates":[[[-96.682793,32.748887],[-96.682961,32.750054],[-96.680089,32.749997],[-96.680063,32.748858],[-96.682793,32.748887]]]}},{"type":"Feature","properties":{"PRECINCT":"1159","VTD":"1159"},"geometry":{"type":"Polygon","coordinates":[[[-96.665645,32.7806],[-96.664508,32.779972],[-96.663645,32.780079],[-96.663177,32.779522],[-96.665372,32.779581],[-96.665645,32.7806]]]}},{"type":"Feature","properties":{"PRECINCT":"1162","VTD":"1162"},"geometry":{"type":"Polygon","coordinates":[[[-96.71159,32.894615],[-96.709075,32.891278],[-96.706933,32.88938],[-96.705312,32.888328],[-96.705454,32.888135],[-96.708761,32.890625],[-96.709858,32.891786],[-96.71172,32.894423],[-96.715155,32.894447],[-96.71159,32.894615]]]}},{"type":"Feature","properties":{"PRECINCT":"1163","VTD":"1163"},"geometry":{"type":"Polygon","coordinates":[[[-96.749308,32.842264],[-96.749383,32.840927],[-96.748579,32.840228],[-96.74705,32.839435],[-96.746568,32.839415],[-96.746276,32.838828],[-96.744411,32.837972],[-96.744377,32.837399],[-96.743892,32.837018],[-96.741994,32.836235],[-96.740993,32.836691],[-96.739987,32.836081],[-96.739784,32.835791],[-96.739804,32.834498],[-96.739347,32.833979],[-96.738622,32.833696],[-96.738506,32.833373],[-96.744459,32.831247],[-96.752898,32.831884],[-96.752944,32.842466],[-96.752274,32.842754],[-96.751943,32.842323],[-96.7516,32.842267],[-96.751281,32.842688],[-96.750168,32.843006],[-96.749699,32.842834],[-96.749308,32.842264]]]}},{"type":"Feature","properties":{"PRECINCT":"1164","VTD":"1164"},"geometry":{"type":"Polygon","coordinates":[[[-96.752983,32.836421],[-96.761473,32.836436],[-96.761399,32.846536],[-96.760916,32.849981],[-96.760045,32.852303],[-96.758713,32.854576],[-96.757057,32.856532],[-96.753803,32.859626],[-96.751555,32.857914],[-96.749607,32.856904],[-96.752521,32.854476],[-96.752876,32.853788],[-96.752983,32.836421]]]}},{"type":"Feature","properties":{"PRECINCT":"1165","VTD":"1165"},"geometry":{"type":"Polygon","coordinates":[[[-96.743783,32.819571],[-96.743854,32.816218],[-96.750254,32.816443],[-96.751151,32.81602],[-96.752192,32.81443],[-96.752888,32.815055],[-96.752898,32.831884],[-96.745736,32.831283],[-96.745832,32.829338],[-96.744971,32.829161],[-96.743429,32.828159],[-96.744016,32.82736],[-96.741247,32.824734],[-96.741699,32.822429],[-96.741392,32.821039],[-96.74093,32.820827],[-96.741785,32.819965],[-96.743783,32.819571]]]}},{"type":"Feature","properties":{"PRECINCT":"1168","VTD":"1168"},"geometry":{"type":"Polygon","coordinates":[[[-96.72778,32.846183],[-96.728539,32.845022],[-96.730319,32.843849],[-96.729858,32.84012],[-96.729238,32.839316],[-96.727061,32.837972],[-96.726577,32.837874],[-96.72419,32.83829],[-96.72379,32.838122],[-96.723664,32.837707],[-96.724983,32.835659],[-96.727765,32.834082],[-96.728904,32.833933],[-96.731229,32.834657],[-96.730834,32.833815],[-96.731131,32.833651],[-96.731264,32.833833],[-96.731374,32.832952],[-96.731986,32.831805],[-96.731807,32.831628],[-96.730624,32.83162],[-96.73145,32.831348],[-96.731781,32.830914],[-96.733267,32.831314],[-96.735585,32.831262],[-96.737656,32.832811],[-96.737991,32.833497],[-96.739638,32.834232],[-96.739987,32.836081],[-96.740993,32.836691],[-96.741994,32.836235],[-96.743769,32.836956],[-96.744377,32.837399],[-96.744411,32.837972],[-96.746276,32.838828],[-96.746619,32.839446],[-96.74705,32.839435],[-96.748732,32.840339],[-96.749441,32.840995],[-96.749196,32.841834],[-96.749762,32.842883],[-96.750247,32.843],[-96.751214,32.84272],[-96.7516,32.842267],[-96.751943,32.842323],[-96.752274,32.842754],[-96.752944,32.842466],[-96.752952,32.844417],[-96.745833,32.846035],[-96.743364,32.847952],[-96.741643,32.84651],[-96.740628,32.847042],[-96.733554,32.851945],[-96.732672,32.853474],[-96.732654,32.854996],[-96.731408,32.855446],[-96.729505,32.853725],[-96.729244,32.853235],[-96.729406,32.851663],[-96.73044,32.850493],[-96.730574,32.84943],[-96.729517,32.84752],[-96.72778,32.846183]]]}},{"type":"Feature","properties":{"PRECINCT":"1169","VTD":"1169"},"geometry":{"type":"Polygon","coordinates":[[[-96.724336,32.846916],[-96.719893,32.838096],[-96.719777,32.834428],[-96.722177,32.823827],[-96.72243,32.815559],[-96.723363,32.815372],[-96.72355,32.815102],[-96.72631,32.81373],[-96.726271,32.813189],[-96.72949,32.8111],[-96.732296,32.81295],[-96.73531,32.814445],[-96.738299,32.815255],[-96.743854,32.816218],[-96.743783,32.819571],[-96.741785,32.819965],[-96.74093,32.820827],[-96.741392,32.821039],[-96.741699,32.822429],[-96.741193,32.82462],[-96.744016,32.82736],[-96.743429,32.828159],[-96.744971,32.829161],[-96.745832,32.829338],[-96.745736,32.831283],[-96.74351,32.83144],[-96.738621,32.833304],[-96.738433,32.833437],[-96.738712,32.83377],[-96.737991,32.833497],[-96.737656,32.832811],[-96.735585,32.831262],[-96.733267,32.831314],[-96.731781,32.830914],[-96.73145,32.831348],[-96.730624,32.83162],[-96.731807,32.831628],[-96.731986,32.831805],[-96.731374,32.832952],[-96.731264,32.833833],[-96.731131,32.833651],[-96.730834,32.833815],[-96.731229,32.834657],[-96.729197,32.833986],[-96.728413,32.833933],[-96.727765,32.834082],[-96.725193,32.835476],[-96.724214,32.836668],[-96.723664,32.837707],[-96.72379,32.838122],[-96.72419,32.83829],[-96.726577,32.837874],[-96.727061,32.837972],[-96.729448,32.839493],[-96.729974,32.84043],[-96.730269,32.843984],[-96.728741,32.844837],[-96.727772,32.846077],[-96.727923,32.846401],[-96.729517,32.84752],[-96.730616,32.849551],[-96.73044,32.850493],[-96.729489,32.851481],[-96.729303,32.852209],[-96.727264,32.852728],[-96.723206,32.852755],[-96.724156,32.85138],[-96.724336,32.846916]]]}},{"type":"Feature","properties":{"PRECINCT":"1170","VTD":"1170"},"geometry":{"type":"Polygon","coordinates":[[[-96.739577,32.867562],[-96.738469,32.867137],[-96.738464,32.86665],[-96.737745,32.865653],[-96.737001,32.865122],[-96.736882,32.864655],[-96.735403,32.863976],[-96.73448,32.863278],[-96.7333,32.863141],[-96.732783,32.862432],[-96.732148,32.862394],[-96.731712,32.86276],[-96.731186,32.862554],[-96.731005,32.861579],[-96.729952,32.861297],[-96.729689,32.860992],[-96.73063,32.859962],[-96.729779,32.860045],[-96.728946,32.859723],[-96.729192,32.858812],[-96.728654,32.856951],[-96.732683,32.855181],[-96.735639,32.85426],[-96.744477,32.855756],[-96.746224,32.859737],[-96.745239,32.860762],[-96.743693,32.865133],[-96.739577,32.867562]]]}},{"type":"Feature","properties":{"PRECINCT":"1171","VTD":"1171"},"geometry":{"type":"Polygon","coordinates":[[[-96.736381,32.854285],[-96.735045,32.854346],[-96.732654,32.854996],[-96.732607,32.85378],[-96.733066,32.852559],[-96.734042,32.851545],[-96.740628,32.847042],[-96.741643,32.84651],[-96.743364,32.847952],[-96.745833,32.846035],[-96.752952,32.844417],[-96.752808,32.85405],[-96.746224,32.859737],[-96.744477,32.855756],[-96.736381,32.854285]]]}},{"type":"Feature","properties":{"PRECINCT":"1172","VTD":"1172"},"geometry":{"type":"Polygon","coordinates":[[[-96.6881,32.878805],[-96.694285,32.878763],[-96.694276,32.876661],[-96.693343,32.876399],[-96.692867,32.8755],[-96.691135,32.875329],[-96.69144,32.874463],[-96.690057,32.873731],[-96.689502,32.873125],[-96.68955,32.872629],[-96.688943,32.87183],[-96.688882,32.868594],[-96.690897,32.86857],[-96.690918,32.864402],[-96.688942,32.864381],[-96.68893,32.86417],[-96.700553,32.864172],[-96.700519,32.87058],[-96.700108,32.872255],[-96.700138,32.875203],[-96.700552,32.878957],[-96.702582,32.879041],[-96.702573,32.881148],[-96.700556,32.881155],[-96.700461,32.884529],[-96.7014,32.884694],[-96.703333,32.885799],[-96.70357,32.886834],[-96.705193,32.887901],[-96.705454,32.888135],[-96.705312,32.888328],[-96.696982,32.884124],[-96.6881,32.878805]]]}},{"type":"Feature","properties":{"PRECINCT":"1173","VTD":"1173"},"geometry":{"type":"Polygon","coordinates":[[[-96.704092,32.841731],[-96.704372,32.841121],[-96.705066,32.840671],[-96.704815,32.839848],[-96.705389,32.838915],[-96.708924,32.836678],[-96.713055,32.834587],[-96.715452,32.834266],[-96.719777,32.834428],[-96.719893,32.838096],[-96.724336,32.846916],[-96.724156,32.85138],[-96.723263,32.852666],[-96.721895,32.852652],[-96.722428,32.851596],[-96.722018,32.850886],[-96.720877,32.850569],[-96.718642,32.850414],[-96.716779,32.849218],[-96.716558,32.847713],[-96.717118,32.845889],[-96.718486,32.843077],[-96.718213,32.842567],[-96.716852,32.841898],[-96.715651,32.841866],[-96.715532,32.842683],[-96.714563,32.844095],[-96.702362,32.854318],[-96.701257,32.852424],[-96.702,32.851083],[-96.702582,32.850741],[-96.702824,32.848647],[-96.704272,32.845623],[-96.704181,32.845039],[-96.704898,32.844398],[-96.704807,32.843379],[-96.704218,32.842433],[-96.704092,32.841731]]]}},{"type":"Feature","properties":{"PRECINCT":"1174","VTD":"1174"},"geometry":{"type":"Polygon","coordinates":[[[-96.699109,32.864164],[-96.699545,32.863304],[-96.70095,32.861649],[-96.701057,32.860477],[-96.700408,32.859264],[-96.700258,32.858446],[-96.700929,32.85603],[-96.700657,32.854332],[-96.701251,32.853353],[-96.70107,32.852677],[-96.701257,32.852424],[-96.702362,32.854318],[-96.714563,32.844095],[-96.715532,32.842683],[-96.715651,32.841866],[-96.716852,32.841898],[-96.718213,32.842567],[-96.718486,32.843077],[-96.717118,32.845889],[-96.716558,32.847713],[-96.716525,32.848384],[-96.71689,32.849352],[-96.718642,32.850414],[-96.720877,32.850569],[-96.722018,32.850886],[-96.722428,32.851596],[-96.721895,32.852652],[-96.726172,32.852809],[-96.728001,32.85261],[-96.729303,32.852209],[-96.729339,32.853535],[-96.731408,32.855446],[-96.733095,32.854829],[-96.733163,32.854999],[-96.71309,32.863939],[-96.711476,32.864197],[-96.699109,32.864164]]]}},{"type":"Feature","properties":{"PRECINCT":"1176","VTD":"1176"},"geometry":{"type":"Polygon","coordinates":[[[-96.686163,32.81836],[-96.689698,32.817411],[-96.687845,32.818151],[-96.686199,32.818505],[-96.686163,32.81836]]]}},{"type":"Feature","properties":{"PRECINCT":"1300","VTD":"1300"},"geometry":{"type":"Polygon","coordinates":[[[-96.641377,32.837573],[-96.638617,32.835149],[-96.639925,32.833868],[-96.637038,32.831348],[-96.636758,32.83141],[-96.645859,32.823869],[-96.648791,32.821918],[-96.649287,32.822497],[-96.649527,32.823901],[-96.650098,32.82455],[-96.650826,32.823968],[-96.652034,32.824852],[-96.658138,32.824818],[-96.658165,32.830382],[-96.656228,32.830336],[-96.655212,32.829424],[-96.654226,32.830248],[-96.658996,32.834383],[-96.655263,32.837638],[-96.652556,32.835316],[-96.648446,32.838785],[-96.64718,32.837667],[-96.642307,32.839593],[-96.64116,32.839777],[-96.639674,32.839652],[-96.640375,32.839261],[-96.639938,32.838774],[-96.641377,32.837573]]]}},{"type":"Feature","properties":{"PRECINCT":"1301","VTD":"1301"},"geometry":{"type":"Polygon","coordinates":[[[-96.633704,32.840944],[-96.629821,32.823126],[-96.639152,32.817642],[-96.646201,32.823656],[-96.636758,32.83141],[-96.637038,32.831348],[-96.639925,32.833868],[-96.638617,32.835149],[-96.641377,32.837573],[-96.639938,32.838774],[-96.640375,32.839261],[-96.639849,32.839502],[-96.634854,32.843785],[-96.633704,32.840944]]]}},{"type":"Feature","properties":{"PRECINCT":"1302","VTD":"1302"},"geometry":{"type":"Polygon","coordinates":[[[-96.628685,32.848958],[-96.625843,32.846503],[-96.625686,32.846703],[-96.624436,32.845578],[-96.624573,32.845458],[-96.616616,32.839056],[-96.615561,32.839746],[-96.606411,32.839828],[-96.605581,32.841432],[-96.606471,32.843328],[-96.605884,32.843905],[-96.605274,32.843395],[-96.6053,32.843141],[-96.604464,32.842951],[-96.60401,32.842185],[-96.603962,32.841277],[-96.602511,32.840686],[-96.601892,32.839942],[-96.60233,32.839355],[-96.603164,32.839334],[-96.603701,32.838859],[-96.602341,32.83745],[-96.610516,32.834159],[-96.613361,32.832788],[-96.629821,32.823126],[-96.633704,32.840944],[-96.634854,32.843785],[-96.628685,32.848958]]]}},{"type":"Feature","properties":{"PRECINCT":"1303","VTD":"1303"},"geometry":{"type":"Polygon","coordinates":[[[-96.674037,32.80095],[-96.673605,32.806879],[-96.668291,32.80687],[-96.668474,32.804963],[-96.668195,32.803697],[-96.674037,32.80095]]]}},{"type":"Feature","properties":{"PRECINCT":"1304","VTD":"1304"},"geometry":{"type":"Polygon","coordinates":[[[-96.643804,32.803434],[-96.645629,32.802149],[-96.654987,32.810052],[-96.639152,32.817642],[-96.635148,32.814165],[-96.634496,32.811189],[-96.635188,32.810845],[-96.643804,32.803434]]]}},{"type":"Feature","properties":{"PRECINCT":"1305","VTD":"1305"},"geometry":{"type":"Polygon","coordinates":[[[-96.658138,32.824818],[-96.651865,32.824819],[-96.650826,32.823968],[-96.650098,32.82455],[-96.649527,32.823901],[-96.649287,32.822497],[-96.648791,32.821918],[-96.646201,32.823656],[-96.639152,32.817642],[-96.640935,32.816639],[-96.668245,32.803867],[-96.668474,32.804963],[-96.668296,32.806959],[-96.66566,32.807026],[-96.665383,32.807209],[-96.665357,32.809693],[-96.665699,32.810003],[-96.665233,32.811073],[-96.665255,32.815398],[-96.662264,32.815541],[-96.662321,32.819025],[-96.661622,32.819063],[-96.661683,32.821391],[-96.658051,32.821533],[-96.658138,32.824818]]]}},{"type":"Feature","properties":{"PRECINCT":"1307","VTD":"1307"},"geometry":{"type":"Polygon","coordinates":[[[-96.668296,32.797221],[-96.668587,32.784998],[-96.668361,32.784025],[-96.667792,32.783051],[-96.668539,32.782862],[-96.668554,32.783319],[-96.670762,32.783096],[-96.671065,32.784379],[-96.669895,32.784565],[-96.671568,32.786445],[-96.673373,32.787577],[-96.673371,32.791728],[-96.677139,32.791773],[-96.677149,32.792271],[-96.683515,32.792503],[-96.683158,32.795099],[-96.682405,32.795982],[-96.681933,32.795951],[-96.682269,32.796135],[-96.680898,32.797604],[-96.674294,32.798506],[-96.674152,32.798997],[-96.668296,32.797221]]]}},{"type":"Feature","properties":{"PRECINCT":"1308","VTD":"1308"},"geometry":{"type":"Polygon","coordinates":[[[-96.652251,32.794652],[-96.652341,32.793726],[-96.651252,32.793575],[-96.651014,32.792792],[-96.651198,32.792665],[-96.649581,32.792434],[-96.652516,32.79257],[-96.655678,32.793461],[-96.655796,32.793195],[-96.668296,32.797221],[-96.66829,32.801702],[-96.667979,32.802783],[-96.668245,32.803867],[-96.654987,32.810052],[-96.645629,32.802149],[-96.652922,32.796056],[-96.651599,32.795328],[-96.652251,32.794652]]]}},{"type":"Feature","properties":{"PRECINCT":"1309","VTD":"1309"},"geometry":{"type":"Polygon","coordinates":[[[-96.668281,32.792232],[-96.668296,32.797221],[-96.655796,32.793195],[-96.655853,32.792182],[-96.668281,32.792232]]]}},{"type":"Feature","properties":{"PRECINCT":"1310","VTD":"1310"},"geometry":{"type":"Polygon","coordinates":[[[-96.627843,32.810378],[-96.625313,32.792645],[-96.627337,32.79253],[-96.63683,32.792511],[-96.636844,32.792318],[-96.648363,32.79229],[-96.651864,32.792096],[-96.65579,32.792235],[-96.655905,32.792875],[-96.655678,32.793461],[-96.652516,32.79257],[-96.649581,32.792434],[-96.651198,32.792665],[-96.651014,32.792792],[-96.651252,32.793575],[-96.652341,32.793726],[-96.65224,32.794708],[-96.651599,32.795328],[-96.652922,32.796056],[-96.646348,32.801581],[-96.642604,32.804304],[-96.641401,32.805598],[-96.635188,32.810845],[-96.634521,32.811324],[-96.632122,32.811642],[-96.630318,32.811371],[-96.627843,32.810378]]]}},{"type":"Feature","properties":{"PRECINCT":"1311","VTD":"1311"},"geometry":{"type":"Polygon","coordinates":[[[-96.625313,32.792645],[-96.624627,32.787231],[-96.624287,32.775841],[-96.623418,32.771918],[-96.627761,32.773457],[-96.632469,32.774651],[-96.646612,32.777051],[-96.645832,32.780445],[-96.646063,32.781383],[-96.655361,32.789464],[-96.65589,32.790506],[-96.655922,32.792182],[-96.636844,32.792318],[-96.63683,32.792511],[-96.625313,32.792645]]]}},{"type":"Feature","properties":{"PRECINCT":"1312","VTD":"1312"},"geometry":{"type":"Polygon","coordinates":[[[-96.628791,32.771165],[-96.629878,32.768059],[-96.634414,32.768278],[-96.646717,32.76831],[-96.646612,32.777051],[-96.632469,32.774651],[-96.628725,32.773703],[-96.629051,32.772688],[-96.628791,32.771165]]]}},{"type":"Feature","properties":{"PRECINCT":"1313","VTD":"1313"},"geometry":{"type":"Polygon","coordinates":[[[-96.640648,32.767484],[-96.642834,32.765653],[-96.644444,32.767021],[-96.644863,32.76641],[-96.643403,32.765179],[-96.644565,32.764197],[-96.64568,32.765197],[-96.646085,32.764875],[-96.650101,32.768282],[-96.640627,32.768298],[-96.640648,32.767484]]]}},{"type":"Feature","properties":{"PRECINCT":"1314","VTD":"1314"},"geometry":{"type":"Polygon","coordinates":[[[-96.62618,32.767893],[-96.628442,32.767088],[-96.624621,32.767854],[-96.622997,32.767761],[-96.622503,32.76609],[-96.622561,32.748568],[-96.63927,32.748586],[-96.639274,32.755732],[-96.64315,32.75911],[-96.64421,32.763208],[-96.646085,32.764875],[-96.64568,32.765197],[-96.644565,32.764197],[-96.643403,32.765179],[-96.644863,32.76641],[-96.644444,32.767021],[-96.642834,32.765653],[-96.640648,32.767484],[-96.640627,32.768298],[-96.634414,32.768278],[-96.62618,32.767893]]]}},{"type":"Feature","properties":{"PRECINCT":"1315","VTD":"1315"},"geometry":{"type":"Polygon","coordinates":[[[-96.658996,32.834383],[-96.654226,32.830248],[-96.655212,32.829424],[-96.656228,32.830336],[-96.658165,32.830382],[-96.65819,32.830853],[-96.66054,32.830817],[-96.660478,32.834754],[-96.659562,32.834707],[-96.658996,32.834383]]]}},{"type":"Feature","properties":{"PRECINCT":"1316","VTD":"1316"},"geometry":{"type":"Polygon","coordinates":[[[-96.629821,32.823126],[-96.627843,32.810378],[-96.631159,32.811568],[-96.632122,32.811642],[-96.634521,32.811324],[-96.635148,32.814165],[-96.639152,32.817642],[-96.629821,32.823126]]]}},{"type":"Feature","properties":{"PRECINCT":"1323","VTD":"1323"},"geometry":{"type":"Polygon","coordinates":[[[-96.66829,32.801702],[-96.668296,32.797221],[-96.674152,32.798997],[-96.674018,32.799473],[-96.674566,32.800052],[-96.674166,32.800877],[-96.668195,32.803697],[-96.667979,32.802783],[-96.66829,32.801702]]]}},{"type":"Feature","properties":{"PRECINCT":"1324","VTD":"1324"},"geometry":{"type":"Polygon","coordinates":[[[-96.596761,32.834636],[-96.596748,32.834136],[-96.595802,32.834128],[-96.596061,32.826117],[-96.5959,32.822913],[-96.596859,32.823152],[-96.599053,32.824497],[-96.600823,32.824636],[-96.617432,32.824551],[-96.621047,32.824232],[-96.622072,32.823763],[-96.62485,32.826088],[-96.614204,32.832333],[-96.610587,32.834121],[-96.610328,32.833955],[-96.609272,32.83408],[-96.607997,32.83317],[-96.600375,32.836438],[-96.599889,32.836402],[-96.598652,32.835106],[-96.596761,32.834636]]]}},{"type":"Feature","properties":{"PRECINCT":"1325","VTD":"1325"},"geometry":{"type":"Polygon","coordinates":[[[-96.599661,32.824593],[-96.598753,32.824364],[-96.596859,32.823152],[-96.5959,32.822913],[-96.595932,32.817515],[-96.597035,32.817577],[-96.597324,32.814071],[-96.605397,32.814008],[-96.607277,32.81339],[-96.607393,32.815314],[-96.609213,32.815247],[-96.611994,32.814521],[-96.613324,32.816246],[-96.622072,32.823763],[-96.621047,32.824232],[-96.617432,32.824551],[-96.599661,32.824593]]]}},{"type":"Feature","properties":{"PRECINCT":"1326","VTD":"1326"},"geometry":{"type":"Polygon","coordinates":[[[-96.613459,32.810837],[-96.622364,32.810854],[-96.627843,32.810378],[-96.629821,32.823126],[-96.62485,32.826088],[-96.613324,32.816246],[-96.612472,32.815264],[-96.611469,32.813195],[-96.611268,32.8112],[-96.613459,32.810837]]]}},{"type":"Feature","properties":{"PRECINCT":"1327","VTD":"1327"},"geometry":{"type":"Polygon","coordinates":[[[-96.611255,32.811076],[-96.611299,32.800863],[-96.611822,32.798591],[-96.612238,32.792701],[-96.625313,32.792645],[-96.627843,32.810378],[-96.622364,32.810854],[-96.612919,32.810844],[-96.611255,32.811076]]]}},{"type":"Feature","properties":{"PRECINCT":"1328","VTD":"1328"},"geometry":{"type":"Polygon","coordinates":[[[-96.645847,32.780748],[-96.646707,32.776631],[-96.646717,32.76831],[-96.650101,32.768282],[-96.661869,32.778241],[-96.663645,32.780079],[-96.664508,32.779972],[-96.665645,32.7806],[-96.666197,32.7815],[-96.667768,32.783014],[-96.668361,32.784025],[-96.668587,32.784998],[-96.668432,32.792232],[-96.655922,32.792182],[-96.65589,32.790506],[-96.655361,32.789464],[-96.6462,32.781562],[-96.645847,32.780748]]]}},{"type":"Feature","properties":{"PRECINCT":"1329","VTD":"1329"},"geometry":{"type":"Polygon","coordinates":[[[-96.623418,32.771918],[-96.622224,32.767719],[-96.624621,32.767854],[-96.628442,32.767088],[-96.62618,32.767893],[-96.629878,32.768059],[-96.628791,32.771165],[-96.629051,32.772688],[-96.628725,32.773703],[-96.623418,32.771918]]]}},{"type":"Feature","properties":{"PRECINCT":"1401","VTD":"1401"},"geometry":{"type":"Polygon","coordinates":[[[-96.631173,32.748593],[-96.63122,32.734153],[-96.638876,32.73424],[-96.639106,32.748586],[-96.631173,32.748593]]]}},{"type":"Feature","properties":{"PRECINCT":"1402","VTD":"1402"},"geometry":{"type":"Polygon","coordinates":[[[-96.622561,32.748568],[-96.622598,32.734138],[-96.613872,32.734125],[-96.61273,32.734668],[-96.610607,32.736317],[-96.61071,32.733007],[-96.607438,32.73028],[-96.602561,32.726886],[-96.603228,32.725783],[-96.603463,32.723388],[-96.605251,32.720988],[-96.605541,32.719344],[-96.613651,32.719478],[-96.622625,32.719262],[-96.626798,32.719577],[-96.631181,32.719478],[-96.631173,32.748593],[-96.622561,32.748568]]]}},{"type":"Feature","properties":{"PRECINCT":"1403","VTD":"1403"},"geometry":{"type":"Polygon","coordinates":[[[-96.621802,32.740163],[-96.620665,32.740136],[-96.620684,32.734702],[-96.614361,32.73463],[-96.614373,32.734105],[-96.622598,32.734138],[-96.622578,32.742584],[-96.621814,32.742554],[-96.621802,32.740163]]]}},{"type":"Feature","properties":{"PRECINCT":"1404","VTD":"1404"},"geometry":{"type":"Polygon","coordinates":[[[-96.601907,32.746688],[-96.59881,32.743946],[-96.601352,32.741883],[-96.602211,32.740608],[-96.602263,32.739753],[-96.601484,32.735484],[-96.602561,32.726886],[-96.607438,32.73028],[-96.61071,32.733007],[-96.610607,32.736317],[-96.613525,32.734212],[-96.614373,32.734105],[-96.614361,32.73463],[-96.613429,32.734786],[-96.612854,32.735465],[-96.612542,32.738459],[-96.612568,32.742212],[-96.611551,32.743061],[-96.612037,32.745991],[-96.608033,32.746023],[-96.606446,32.746755],[-96.605508,32.746289],[-96.604529,32.746132],[-96.601907,32.746688]]]}},{"type":"Feature","properties":{"PRECINCT":"1405","VTD":"1405"},"geometry":{"type":"Polygon","coordinates":[[[-96.63122,32.734153],[-96.631181,32.719478],[-96.637627,32.719488],[-96.638189,32.727783],[-96.63809,32.734214],[-96.63122,32.734153]]]}},{"type":"Feature","properties":{"PRECINCT":"1406","VTD":"1406"},"geometry":{"type":"Polygon","coordinates":[[[-96.590057,32.724096],[-96.588969,32.724207],[-96.588332,32.723999],[-96.58544,32.721555],[-96.583419,32.720659],[-96.579927,32.717731],[-96.580243,32.717504],[-96.584081,32.720467],[-96.585309,32.720836],[-96.586999,32.719403],[-96.588965,32.720931],[-96.592335,32.718124],[-96.602561,32.726886],[-96.601493,32.735314],[-96.599315,32.735276],[-96.599163,32.729702],[-96.596542,32.727347],[-96.594638,32.725969],[-96.591793,32.72455],[-96.590057,32.724096]]]}},{"type":"Feature","properties":{"PRECINCT":"1407","VTD":"1407"},"geometry":{"type":"Polygon","coordinates":[[[-96.63809,32.734214],[-96.638189,32.727783],[-96.637627,32.719488],[-96.638523,32.719509],[-96.638387,32.734127],[-96.638876,32.73424],[-96.63809,32.734214]]]}},{"type":"Feature","properties":{"PRECINCT":"1408","VTD":"1408"},"geometry":{"type":"Polygon","coordinates":[[[-96.63842,32.719512],[-96.637627,32.719488],[-96.638213,32.712086],[-96.638397,32.712086],[-96.63842,32.719512]]]}},{"type":"Feature","properties":{"PRECINCT":"1409","VTD":"1409"},"geometry":{"type":"Polygon","coordinates":[[[-96.631181,32.719478],[-96.631412,32.695106],[-96.630851,32.694134],[-96.63253,32.691321],[-96.637531,32.694094],[-96.636842,32.699526],[-96.635673,32.699529],[-96.635627,32.703522],[-96.635689,32.705032],[-96.638633,32.705033],[-96.638578,32.710307],[-96.638416,32.710305],[-96.638397,32.712086],[-96.638213,32.712086],[-96.637627,32.719488],[-96.631181,32.719478]]]}},{"type":"Feature","properties":{"PRECINCT":"1410","VTD":"1410"},"geometry":{"type":"Polygon","coordinates":[[[-96.605541,32.719344],[-96.60555,32.704811],[-96.631298,32.705],[-96.631181,32.719478],[-96.626798,32.719577],[-96.622625,32.719262],[-96.613651,32.719478],[-96.605541,32.719344]]]}},{"type":"Feature","properties":{"PRECINCT":"1411","VTD":"1411"},"geometry":{"type":"Polygon","coordinates":[[[-96.602677,32.726833],[-96.592335,32.718124],[-96.588965,32.720931],[-96.586999,32.719403],[-96.585309,32.720836],[-96.584081,32.720467],[-96.580243,32.717504],[-96.579815,32.717783],[-96.578339,32.71649],[-96.580655,32.714585],[-96.579944,32.713963],[-96.582651,32.711717],[-96.58379,32.712695],[-96.584931,32.71176],[-96.575115,32.703314],[-96.581797,32.703722],[-96.585377,32.703644],[-96.60767,32.701585],[-96.607695,32.702127],[-96.605178,32.702375],[-96.60551,32.703529],[-96.605523,32.720092],[-96.605144,32.721175],[-96.603463,32.723388],[-96.603278,32.725572],[-96.602677,32.726833]]]}},{"type":"Feature","properties":{"PRECINCT":"1412","VTD":"1412"},"geometry":{"type":"Polygon","coordinates":[[[-96.605491,32.719347],[-96.605494,32.703248],[-96.605178,32.702375],[-96.607695,32.702127],[-96.607698,32.701802],[-96.614176,32.701266],[-96.614336,32.696312],[-96.617477,32.696333],[-96.617561,32.695194],[-96.622372,32.695332],[-96.622371,32.694933],[-96.622857,32.694867],[-96.622935,32.690437],[-96.630463,32.69043],[-96.632414,32.691513],[-96.630851,32.694134],[-96.631412,32.695106],[-96.631298,32.705],[-96.60555,32.704811],[-96.605491,32.719347]]]}},{"type":"Feature","properties":{"PRECINCT":"1700","VTD":"1700"},"geometry":{"type":"Polygon","coordinates":[[[-96.615979,32.930923],[-96.614522,32.929989],[-96.613789,32.928866],[-96.613729,32.914447],[-96.613598,32.9133],[-96.613094,32.912534],[-96.613723,32.91222],[-96.613755,32.91078],[-96.615077,32.910442],[-96.61625,32.90962],[-96.627272,32.915982],[-96.628441,32.916444],[-96.628028,32.92364],[-96.625747,32.931098],[-96.615979,32.930923]]]}},{"type":"Feature","properties":{"PRECINCT":"1701","VTD":"1701"},"geometry":{"type":"Polygon","coordinates":[[[-96.625747,32.931098],[-96.628028,32.92364],[-96.628436,32.916616],[-96.630887,32.916994],[-96.633576,32.916825],[-96.638173,32.916159],[-96.648297,32.91624],[-96.648372,32.918931],[-96.651972,32.918944],[-96.65197,32.919905],[-96.648364,32.919902],[-96.648319,32.931171],[-96.633665,32.930915],[-96.625747,32.931098]]]}},{"type":"Feature","properties":{"PRECINCT":"1702","VTD":"1702"},"geometry":{"type":"Polygon","coordinates":[[[-96.648319,32.931171],[-96.648364,32.919902],[-96.65197,32.919905],[-96.651972,32.918944],[-96.648372,32.918931],[-96.648297,32.91624],[-96.65398,32.916291],[-96.653095,32.915535],[-96.652741,32.914344],[-96.651969,32.913686],[-96.652249,32.912708],[-96.652153,32.911634],[-96.651747,32.910778],[-96.65117,32.910592],[-96.65021,32.90966],[-96.652309,32.909149],[-96.655257,32.909395],[-96.656395,32.909114],[-96.665359,32.909139],[-96.665482,32.908965],[-96.665322,32.926876],[-96.664876,32.928868],[-96.664883,32.930881],[-96.662541,32.930539],[-96.658941,32.93049],[-96.657,32.930799],[-96.650092,32.930788],[-96.648851,32.93112],[-96.648319,32.931171]]]}},{"type":"Feature","properties":{"PRECINCT":"1703","VTD":"1703"},"geometry":{"type":"Polygon","coordinates":[[[-96.667802,32.931229],[-96.664883,32.930881],[-96.664876,32.928868],[-96.665322,32.926876],[-96.665328,32.916365],[-96.678697,32.916552],[-96.683081,32.917262],[-96.68322,32.930341],[-96.683007,32.931278],[-96.667802,32.931229]]]}},{"type":"Feature","properties":{"PRECINCT":"1704","VTD":"1704"},"geometry":{"type":"Polygon","coordinates":[[[-96.683035,32.931178],[-96.68322,32.930341],[-96.683179,32.923887],[-96.700099,32.924011],[-96.700033,32.927967],[-96.69732,32.927937],[-96.697389,32.927006],[-96.692163,32.927048],[-96.692056,32.931389],[-96.683035,32.931178]]]}},{"type":"Feature","properties":{"PRECINCT":"1705","VTD":"1705"},"geometry":{"type":"Polygon","coordinates":[[[-96.692056,32.931389],[-96.692163,32.927048],[-96.697389,32.927006],[-96.69732,32.927937],[-96.700033,32.927967],[-96.700248,32.91664],[-96.705879,32.916708],[-96.705912,32.931331],[-96.705735,32.93149],[-96.703154,32.931306],[-96.692056,32.931389]]]}},{"type":"Feature","properties":{"PRECINCT":"1706","VTD":"1706"},"geometry":{"type":"Polygon","coordinates":[[[-96.683179,32.923887],[-96.683041,32.909305],[-96.700542,32.909165],[-96.700099,32.924011],[-96.683179,32.923887]]]}},{"type":"Feature","properties":{"PRECINCT":"1707","VTD":"1707"},"geometry":{"type":"Polygon","coordinates":[[[-96.67934,32.916646],[-96.665328,32.916365],[-96.665691,32.897779],[-96.665536,32.87155],[-96.667925,32.868293],[-96.671191,32.869953],[-96.67716,32.871388],[-96.679562,32.872324],[-96.681315,32.873407],[-96.686314,32.87766],[-96.687922,32.878689],[-96.68318,32.878801],[-96.683157,32.885936],[-96.690703,32.885956],[-96.69078,32.889947],[-96.693675,32.889986],[-96.693673,32.894571],[-96.69188,32.894571],[-96.691972,32.904055],[-96.697977,32.902268],[-96.69784,32.908886],[-96.700545,32.908946],[-96.700542,32.909165],[-96.683041,32.909305],[-96.683081,32.917262],[-96.67934,32.916646]]]}},{"type":"Feature","properties":{"PRECINCT":"1708","VTD":"1708"},"geometry":{"type":"Polygon","coordinates":[[[-96.630845,32.912072],[-96.630853,32.908865],[-96.648156,32.909039],[-96.648163,32.909734],[-96.65021,32.90966],[-96.65117,32.910592],[-96.651747,32.910778],[-96.652153,32.911634],[-96.652249,32.912708],[-96.651969,32.913686],[-96.652741,32.914344],[-96.653095,32.915535],[-96.65398,32.916291],[-96.638317,32.916154],[-96.633008,32.916885],[-96.630887,32.916994],[-96.629097,32.91679],[-96.628436,32.916616],[-96.628659,32.913658],[-96.629256,32.912869],[-96.630845,32.912072]]]}},{"type":"Feature","properties":{"PRECINCT":"1709","VTD":"1709"},"geometry":{"type":"Polygon","coordinates":[[[-96.593432,32.908274],[-96.592589,32.905934],[-96.592367,32.894002],[-96.622196,32.894273],[-96.622228,32.901645],[-96.620998,32.908114],[-96.619122,32.90809],[-96.618016,32.908321],[-96.616931,32.90892],[-96.615569,32.910185],[-96.614046,32.910757],[-96.605213,32.910681],[-96.602037,32.910549],[-96.591957,32.909339],[-96.593134,32.908878],[-96.593432,32.908274]]]}},{"type":"Feature","properties":{"PRECINCT":"1710","VTD":"1710"},"geometry":{"type":"Polygon","coordinates":[[[-96.618466,32.908171],[-96.620998,32.908114],[-96.621299,32.906742],[-96.622228,32.901645],[-96.622196,32.894273],[-96.631032,32.894355],[-96.630845,32.912072],[-96.629435,32.912747],[-96.628742,32.913459],[-96.628441,32.916444],[-96.627272,32.915982],[-96.61625,32.90962],[-96.617496,32.908551],[-96.618466,32.908171]]]}},{"type":"Feature","properties":{"PRECINCT":"1711","VTD":"1711"},"geometry":{"type":"Polygon","coordinates":[[[-96.648156,32.909039],[-96.630853,32.908865],[-96.631032,32.894355],[-96.649102,32.894472],[-96.648824,32.895516],[-96.648803,32.905958],[-96.648156,32.909039]]]}},{"type":"Feature","properties":{"PRECINCT":"1712","VTD":"1712"},"geometry":{"type":"Polygon","coordinates":[[[-96.648163,32.909734],[-96.648236,32.908277],[-96.648803,32.905958],[-96.648824,32.895516],[-96.649143,32.89438],[-96.665665,32.894381],[-96.665359,32.909139],[-96.656395,32.909114],[-96.655257,32.909395],[-96.652309,32.909149],[-96.649882,32.909714],[-96.648163,32.909734]]]}},{"type":"Feature","properties":{"PRECINCT":"1713","VTD":"1713"},"geometry":{"type":"Polygon","coordinates":[[[-96.640271,32.887703],[-96.63804,32.885531],[-96.637297,32.883763],[-96.637967,32.881718],[-96.637444,32.880046],[-96.637565,32.878888],[-96.658177,32.878898],[-96.65799,32.881358],[-96.656521,32.883408],[-96.655902,32.882962],[-96.654797,32.883815],[-96.654534,32.88439],[-96.653863,32.884991],[-96.649267,32.885005],[-96.649212,32.886682],[-96.647551,32.887189],[-96.646987,32.886788],[-96.645119,32.886639],[-96.643615,32.886052],[-96.641341,32.8864],[-96.641538,32.88689],[-96.640882,32.887037],[-96.640926,32.887481],[-96.640271,32.887703]]]}},{"type":"Feature","properties":{"PRECINCT":"1714","VTD":"1714"},"geometry":{"type":"Polygon","coordinates":[[[-96.631031,32.894294],[-96.631038,32.888779],[-96.630747,32.887368],[-96.631001,32.871681],[-96.630747,32.871223],[-96.631683,32.8704],[-96.633188,32.871946],[-96.634449,32.872467],[-96.634742,32.873905],[-96.635701,32.874451],[-96.637529,32.876737],[-96.637444,32.880046],[-96.637967,32.881718],[-96.637343,32.883194],[-96.63732,32.883892],[-96.638182,32.885741],[-96.640271,32.887703],[-96.640926,32.887481],[-96.640882,32.887037],[-96.641538,32.88689],[-96.641341,32.8864],[-96.643615,32.886052],[-96.645119,32.886639],[-96.646987,32.886788],[-96.647551,32.887189],[-96.648666,32.886941],[-96.649245,32.886612],[-96.649267,32.885005],[-96.653863,32.884991],[-96.654534,32.88439],[-96.654797,32.883815],[-96.655902,32.882962],[-96.656742,32.883557],[-96.649102,32.894472],[-96.631031,32.894294]]]}},{"type":"Feature","properties":{"PRECINCT":"1715","VTD":"1715"},"geometry":{"type":"Polygon","coordinates":[[[-96.622196,32.894273],[-96.622215,32.881511],[-96.622507,32.880778],[-96.623011,32.880342],[-96.621434,32.878945],[-96.630747,32.871223],[-96.631001,32.871681],[-96.630747,32.887368],[-96.631038,32.888779],[-96.631032,32.894355],[-96.622196,32.894273]]]}},{"type":"Feature","properties":{"PRECINCT":"1716","VTD":"1716"},"geometry":{"type":"Polygon","coordinates":[[[-96.604685,32.879854],[-96.605825,32.876227],[-96.605698,32.874936],[-96.59992,32.869605],[-96.605461,32.864993],[-96.618851,32.876738],[-96.621321,32.878846],[-96.621562,32.878839],[-96.611592,32.886853],[-96.604943,32.880752],[-96.604685,32.879854]]]}},{"type":"Feature","properties":{"PRECINCT":"1717","VTD":"1717"},"geometry":{"type":"Polygon","coordinates":[[[-96.621321,32.878846],[-96.605461,32.864993],[-96.616307,32.856442],[-96.616971,32.855697],[-96.617558,32.855815],[-96.618376,32.856491],[-96.619163,32.85754],[-96.61915,32.858357],[-96.619846,32.858747],[-96.619686,32.859058],[-96.619038,32.859142],[-96.619176,32.859906],[-96.619812,32.859973],[-96.62012,32.859318],[-96.620501,32.859274],[-96.620995,32.860016],[-96.621682,32.860425],[-96.621842,32.860975],[-96.622397,32.860995],[-96.622835,32.861319],[-96.623264,32.862476],[-96.624711,32.862753],[-96.62491,32.863261],[-96.624427,32.863788],[-96.624565,32.864103],[-96.625754,32.864475],[-96.626752,32.864507],[-96.627096,32.865428],[-96.627564,32.865735],[-96.627879,32.867061],[-96.629004,32.867545],[-96.629315,32.86816],[-96.63097,32.869508],[-96.631683,32.8704],[-96.62174,32.878694],[-96.621321,32.878846]]]}},{"type":"Feature","properties":{"PRECINCT":"1718","VTD":"1718"},"geometry":{"type":"Polygon","coordinates":[[[-96.635617,32.874384],[-96.634742,32.873905],[-96.634659,32.872923],[-96.635255,32.872898],[-96.63664,32.874333],[-96.638397,32.873393],[-96.640159,32.873033],[-96.642331,32.873269],[-96.643416,32.874066],[-96.644333,32.873754],[-96.643394,32.872611],[-96.64342,32.870832],[-96.643682,32.870393],[-96.643078,32.869864],[-96.643025,32.86819],[-96.636657,32.868236],[-96.63534,32.867345],[-96.642631,32.861213],[-96.64583,32.863816],[-96.64651,32.864016],[-96.648344,32.864047],[-96.648095,32.878858],[-96.637565,32.878888],[-96.637529,32.876737],[-96.635617,32.874384]]]}},{"type":"Feature","properties":{"PRECINCT":"1719","VTD":"1719"},"geometry":{"type":"Polygon","coordinates":[[[-96.633566,32.862399],[-96.638632,32.857901],[-96.634452,32.854234],[-96.633355,32.850012],[-96.630404,32.847532],[-96.634854,32.843785],[-96.637192,32.846483],[-96.646062,32.854125],[-96.668053,32.868126],[-96.667925,32.868293],[-96.648697,32.856071],[-96.645224,32.859009],[-96.646017,32.859437],[-96.648368,32.859459],[-96.648344,32.864047],[-96.64651,32.864016],[-96.64583,32.863816],[-96.642631,32.861213],[-96.633958,32.868487],[-96.631999,32.86676],[-96.633961,32.865112],[-96.634168,32.864706],[-96.633566,32.862399]]]}},{"type":"Feature","properties":{"PRECINCT":"1720","VTD":"1720"},"geometry":{"type":"Polygon","coordinates":[[[-96.62851,32.867264],[-96.627879,32.867061],[-96.627564,32.865735],[-96.627096,32.865428],[-96.626829,32.864582],[-96.624565,32.864103],[-96.624427,32.863788],[-96.62491,32.863261],[-96.624789,32.86282],[-96.623264,32.862476],[-96.622835,32.861319],[-96.622397,32.860995],[-96.621842,32.860975],[-96.621682,32.860425],[-96.620995,32.860016],[-96.620564,32.859312],[-96.620177,32.859267],[-96.619812,32.859973],[-96.619176,32.859906],[-96.619038,32.859142],[-96.619686,32.859058],[-96.619865,32.858809],[-96.61915,32.858357],[-96.619107,32.857445],[-96.618277,32.856392],[-96.617337,32.855742],[-96.616971,32.855697],[-96.616019,32.856566],[-96.616307,32.855424],[-96.615765,32.854871],[-96.616019,32.854443],[-96.616898,32.854185],[-96.61721,32.853524],[-96.61898,32.853394],[-96.619984,32.854055],[-96.621518,32.854255],[-96.622621,32.854014],[-96.630404,32.847532],[-96.633355,32.850012],[-96.634452,32.854234],[-96.638632,32.857901],[-96.633592,32.862296],[-96.634168,32.864706],[-96.633961,32.865112],[-96.631999,32.86676],[-96.633958,32.868487],[-96.631683,32.8704],[-96.62851,32.867264]]]}},{"type":"Feature","properties":{"PRECINCT":"1721","VTD":"1721"},"geometry":{"type":"Polygon","coordinates":[[[-96.615765,32.854871],[-96.615277,32.854775],[-96.614903,32.854011],[-96.614268,32.853839],[-96.614141,32.853195],[-96.613266,32.85227],[-96.612849,32.852115],[-96.612822,32.851685],[-96.611823,32.850378],[-96.612873,32.84953],[-96.612154,32.849137],[-96.612364,32.84771],[-96.611909,32.847636],[-96.611248,32.848007],[-96.610403,32.847029],[-96.609965,32.847198],[-96.60955,32.846814],[-96.609112,32.84706],[-96.608237,32.846328],[-96.607779,32.846572],[-96.607295,32.846292],[-96.604973,32.846501],[-96.604685,32.845926],[-96.60496,32.845087],[-96.604697,32.844642],[-96.604931,32.844258],[-96.605382,32.844135],[-96.605173,32.843459],[-96.605884,32.843905],[-96.606471,32.843328],[-96.605581,32.841432],[-96.606411,32.839828],[-96.615561,32.839746],[-96.616616,32.839056],[-96.624573,32.845458],[-96.624229,32.845756],[-96.625552,32.846857],[-96.625843,32.846503],[-96.628685,32.848958],[-96.622621,32.854014],[-96.621518,32.854255],[-96.619984,32.854055],[-96.61898,32.853394],[-96.61721,32.853524],[-96.616898,32.854185],[-96.616019,32.854443],[-96.615765,32.854871]]]}},{"type":"Feature","properties":{"PRECINCT":"1722","VTD":"1722"},"geometry":{"type":"Polygon","coordinates":[[[-96.603581,32.863205],[-96.603803,32.863126],[-96.60272,32.858078],[-96.595879,32.84653],[-96.595546,32.8453],[-96.595646,32.840181],[-96.602341,32.83745],[-96.603701,32.838859],[-96.603164,32.839334],[-96.602688,32.839232],[-96.602168,32.839452],[-96.601928,32.840101],[-96.602511,32.840686],[-96.603962,32.841277],[-96.60401,32.842185],[-96.604464,32.842951],[-96.605411,32.843252],[-96.60516,32.843508],[-96.605382,32.844135],[-96.604931,32.844258],[-96.604697,32.844642],[-96.60496,32.845087],[-96.604685,32.845926],[-96.604973,32.846501],[-96.607295,32.846292],[-96.607779,32.846572],[-96.608237,32.846328],[-96.609112,32.84706],[-96.60955,32.846814],[-96.609965,32.847198],[-96.610403,32.847029],[-96.611248,32.848007],[-96.611909,32.847636],[-96.612364,32.84771],[-96.612154,32.849137],[-96.612873,32.84953],[-96.611823,32.850378],[-96.612822,32.851685],[-96.612849,32.852115],[-96.613266,32.85227],[-96.614141,32.853195],[-96.614268,32.853839],[-96.615028,32.854105],[-96.615277,32.854775],[-96.615765,32.854871],[-96.616314,32.855488],[-96.615836,32.856747],[-96.607518,32.863234],[-96.605631,32.864997],[-96.603581,32.863205]]]}},{"type":"Feature","properties":{"PRECINCT":"1723","VTD":"1723"},"geometry":{"type":"Polygon","coordinates":[[[-96.593695,32.853736],[-96.590053,32.850484],[-96.595033,32.846643],[-96.595781,32.846319],[-96.598542,32.850983],[-96.595281,32.85333],[-96.594771,32.852958],[-96.593695,32.853736]]]}},{"type":"Feature","properties":{"PRECINCT":"1724","VTD":"1724"},"geometry":{"type":"Polygon","coordinates":[[[-96.595646,32.840181],[-96.595802,32.834128],[-96.596748,32.834136],[-96.596761,32.834636],[-96.598652,32.835106],[-96.599889,32.836402],[-96.600375,32.836438],[-96.607997,32.83317],[-96.609272,32.83408],[-96.610328,32.833955],[-96.610587,32.834121],[-96.595646,32.840181]]]}},{"type":"Feature","properties":{"PRECINCT":"1725","VTD":"1725"},"geometry":{"type":"Polygon","coordinates":[[[-96.635291,32.872945],[-96.634659,32.872923],[-96.634287,32.872355],[-96.633188,32.871946],[-96.631683,32.8704],[-96.63534,32.867345],[-96.636657,32.868236],[-96.643025,32.86819],[-96.643078,32.869864],[-96.643682,32.870393],[-96.64342,32.870832],[-96.643394,32.872611],[-96.644333,32.873754],[-96.643416,32.874066],[-96.642331,32.873269],[-96.640159,32.873033],[-96.638397,32.873393],[-96.63664,32.874333],[-96.635291,32.872945]]]}},{"type":"Feature","properties":{"PRECINCT":"1726","VTD":"1726"},"geometry":{"type":"Polygon","coordinates":[[[-96.648095,32.878858],[-96.648368,32.859459],[-96.646017,32.859437],[-96.645224,32.859009],[-96.648697,32.856071],[-96.667925,32.868293],[-96.660254,32.878906],[-96.649288,32.878885],[-96.648095,32.878858]]]}},{"type":"Feature","properties":{"PRECINCT":"1727","VTD":"1727"},"geometry":{"type":"Polygon","coordinates":[[[-96.649143,32.89438],[-96.653376,32.888533],[-96.653873,32.888927],[-96.65628,32.889589],[-96.65628,32.889954],[-96.655591,32.890653],[-96.656744,32.89042],[-96.658359,32.890672],[-96.659787,32.891537],[-96.659755,32.89175],[-96.659466,32.891759],[-96.657749,32.891238],[-96.657471,32.891348],[-96.657465,32.894348],[-96.649143,32.89438]]]}},{"type":"Feature","properties":{"PRECINCT":"1728","VTD":"1728"},"geometry":{"type":"Polygon","coordinates":[[[-96.657465,32.894348],[-96.657471,32.891348],[-96.657749,32.891238],[-96.659466,32.891759],[-96.659755,32.89175],[-96.659787,32.891537],[-96.658359,32.890672],[-96.656744,32.89042],[-96.655591,32.890653],[-96.65628,32.889954],[-96.65628,32.889589],[-96.653873,32.888927],[-96.653376,32.888533],[-96.656764,32.883766],[-96.656521,32.883408],[-96.65799,32.881358],[-96.658177,32.878898],[-96.660254,32.878906],[-96.665575,32.87155],[-96.665665,32.894381],[-96.657465,32.894348]]]}},{"type":"Feature","properties":{"PRECINCT":"1729","VTD":"1729"},"geometry":{"type":"Polygon","coordinates":[[[-96.60482,32.892274],[-96.621434,32.878945],[-96.623011,32.880342],[-96.622507,32.880778],[-96.622215,32.881511],[-96.622196,32.894273],[-96.602214,32.894013],[-96.60482,32.892274]]]}},{"type":"Feature","properties":{"PRECINCT":"1730","VTD":"1730"},"geometry":{"type":"Polygon","coordinates":[[[-96.6881,32.878805],[-96.686314,32.87766],[-96.680454,32.872822],[-96.67803,32.871658],[-96.676115,32.871157],[-96.676717,32.870712],[-96.677359,32.870813],[-96.679401,32.871603],[-96.682242,32.873188],[-96.687091,32.87738],[-96.689591,32.878814],[-96.6881,32.878805]]]}},{"type":"Feature","properties":{"PRECINCT":"1731","VTD":"1731"},"geometry":{"type":"Polygon","coordinates":[[[-96.676115,32.871157],[-96.670954,32.869866],[-96.667925,32.868293],[-96.669187,32.866544],[-96.669683,32.867725],[-96.670957,32.869027],[-96.677084,32.870678],[-96.677359,32.870813],[-96.676717,32.870712],[-96.676115,32.871157]]]}},{"type":"Feature","properties":{"PRECINCT":"1732","VTD":"1732"},"geometry":{"type":"Polygon","coordinates":[[[-96.653462,32.951593],[-96.648727,32.947564],[-96.648307,32.946852],[-96.647964,32.945183],[-96.661984,32.945335],[-96.665306,32.94471],[-96.665491,32.9515],[-96.653869,32.951385],[-96.653462,32.951593]]]}},{"type":"Feature","properties":{"PRECINCT":"1733","VTD":"1733"},"geometry":{"type":"Polygon","coordinates":[[[-96.648157,32.945183],[-96.648319,32.931171],[-96.649686,32.930812],[-96.657,32.930799],[-96.658941,32.93049],[-96.662541,32.930539],[-96.664883,32.930881],[-96.665236,32.932437],[-96.665306,32.94471],[-96.661984,32.945335],[-96.648157,32.945183]]]}},{"type":"Feature","properties":{"PRECINCT":"1734","VTD":"1734"},"geometry":{"type":"Polygon","coordinates":[[[-96.623919,32.934221],[-96.624734,32.931635],[-96.624096,32.931552],[-96.624111,32.931085],[-96.633665,32.930915],[-96.648319,32.931171],[-96.648363,32.934579],[-96.643918,32.935332],[-96.641343,32.937239],[-96.639426,32.937666],[-96.63735,32.937835],[-96.635515,32.939359],[-96.631221,32.935305],[-96.630863,32.934553],[-96.630783,32.93345],[-96.630411,32.933535],[-96.623094,32.939439],[-96.624698,32.934426],[-96.623919,32.934221]]]}},{"type":"Feature","properties":{"PRECINCT":"1735","VTD":"1735"},"geometry":{"type":"Polygon","coordinates":[[[-96.635655,32.969234],[-96.633798,32.96893],[-96.632535,32.969279],[-96.631629,32.966113],[-96.636048,32.961904],[-96.633412,32.960003],[-96.628002,32.956754],[-96.625428,32.954607],[-96.618907,32.950651],[-96.620434,32.947494],[-96.626615,32.952833],[-96.632567,32.947933],[-96.632775,32.942158],[-96.634948,32.940373],[-96.635303,32.93957],[-96.636073,32.938873],[-96.63735,32.937835],[-96.639426,32.937666],[-96.641343,32.937239],[-96.643918,32.935332],[-96.648363,32.934579],[-96.648157,32.945183],[-96.647964,32.945183],[-96.648307,32.946852],[-96.649416,32.948239],[-96.656239,32.953871],[-96.642573,32.965334],[-96.641624,32.967177],[-96.641142,32.968964],[-96.641057,32.970413],[-96.637935,32.970426],[-96.635655,32.969234]]]}},{"type":"Feature","properties":{"PRECINCT":"1736","VTD":"1736"},"geometry":{"type":"Polygon","coordinates":[[[-96.592367,32.894002],[-96.590859,32.890628],[-96.589171,32.885525],[-96.58507,32.882123],[-96.59992,32.869605],[-96.605698,32.874936],[-96.605825,32.876227],[-96.604698,32.879514],[-96.604943,32.880752],[-96.611592,32.886853],[-96.60482,32.892274],[-96.602214,32.894013],[-96.592367,32.894002]]]}},{"type":"Feature","properties":{"PRECINCT":"1737","VTD":"1737"},"geometry":{"type":"Polygon","coordinates":[[[-96.613371,32.984206],[-96.613387,32.974659],[-96.612662,32.97348],[-96.607231,32.968815],[-96.608512,32.967855],[-96.610768,32.96552],[-96.617261,32.956228],[-96.618024,32.954659],[-96.618232,32.952309],[-96.618907,32.950651],[-96.625428,32.954607],[-96.628002,32.956754],[-96.633412,32.960003],[-96.636048,32.961904],[-96.631755,32.965828],[-96.631659,32.966386],[-96.632535,32.969279],[-96.633798,32.96893],[-96.635864,32.969299],[-96.637935,32.970426],[-96.641057,32.970413],[-96.640872,32.984699],[-96.613371,32.984206]]]}},{"type":"Feature","properties":{"PRECINCT":"1739","VTD":"1739"},"geometry":{"type":"Polygon","coordinates":[[[-96.620434,32.947494],[-96.623094,32.939439],[-96.630663,32.933453],[-96.631221,32.935305],[-96.635515,32.939359],[-96.635063,32.940258],[-96.632708,32.942334],[-96.632567,32.947933],[-96.626615,32.952833],[-96.620434,32.947494]]]}},{"type":"Feature","properties":{"PRECINCT":"1740","VTD":"1740"},"geometry":{"type":"Polygon","coordinates":[[[-96.583796,32.941511],[-96.582618,32.941825],[-96.579809,32.939472],[-96.578414,32.939791],[-96.577913,32.939704],[-96.576715,32.938609],[-96.575249,32.936573],[-96.581366,32.931587],[-96.586195,32.928544],[-96.590725,32.921129],[-96.591779,32.920066],[-96.595889,32.920054],[-96.599676,32.919599],[-96.605118,32.919325],[-96.605941,32.919625],[-96.608911,32.921941],[-96.613736,32.922106],[-96.613752,32.928624],[-96.61445,32.929782],[-96.614363,32.929994],[-96.608327,32.935053],[-96.607179,32.93553],[-96.605558,32.935837],[-96.603169,32.937561],[-96.601174,32.938178],[-96.59359,32.944556],[-96.58959,32.947082],[-96.588457,32.946073],[-96.588078,32.945061],[-96.583796,32.941511]]]}},{"type":"Feature","properties":{"PRECINCT":"1741","VTD":"1741"},"geometry":{"type":"Polygon","coordinates":[[[-96.574015,32.863881],[-96.576879,32.861438],[-96.578949,32.859236],[-96.583685,32.855798],[-96.590053,32.850484],[-96.593695,32.853736],[-96.594771,32.852958],[-96.595281,32.85333],[-96.598542,32.850983],[-96.602959,32.858654],[-96.603803,32.863126],[-96.603563,32.863138],[-96.603668,32.863422],[-96.605461,32.864993],[-96.58507,32.882123],[-96.571433,32.869104],[-96.572398,32.865884],[-96.574015,32.863881]]]}},{"type":"Feature","properties":{"PRECINCT":"1742","VTD":"1742"},"geometry":{"type":"Polygon","coordinates":[[[-96.539455,32.867176],[-96.544984,32.864193],[-96.550998,32.859253],[-96.553036,32.857884],[-96.5564,32.856069],[-96.595646,32.840181],[-96.595546,32.8453],[-96.595781,32.846319],[-96.595033,32.846643],[-96.591033,32.849584],[-96.583685,32.855798],[-96.578949,32.859236],[-96.576879,32.861438],[-96.574698,32.863202],[-96.572398,32.865884],[-96.571433,32.869104],[-96.569826,32.867827],[-96.540754,32.872498],[-96.533715,32.869756],[-96.539455,32.867176]]]}},{"type":"Feature","properties":{"PRECINCT":"1743","VTD":"1743"},"geometry":{"type":"Polygon","coordinates":[[[-96.569479,32.848993],[-96.569542,32.843683],[-96.567808,32.843677],[-96.567765,32.846547],[-96.566471,32.847205],[-96.566329,32.84852],[-96.562003,32.848419],[-96.561309,32.848118],[-96.560741,32.847552],[-96.560557,32.846853],[-96.560569,32.836205],[-96.559977,32.834139],[-96.560794,32.833737],[-96.564587,32.830275],[-96.566407,32.834331],[-96.571481,32.834077],[-96.571414,32.834228],[-96.571993,32.834529],[-96.572323,32.838243],[-96.571795,32.83952],[-96.573128,32.838327],[-96.574005,32.837972],[-96.575106,32.838012],[-96.578208,32.839278],[-96.579367,32.839072],[-96.58031,32.838448],[-96.57905,32.837187],[-96.579422,32.836802],[-96.579203,32.836621],[-96.579316,32.836385],[-96.578777,32.836005],[-96.579153,32.835136],[-96.578602,32.834727],[-96.578926,32.833995],[-96.594271,32.834126],[-96.595826,32.833374],[-96.595646,32.840181],[-96.569853,32.850544],[-96.569479,32.848993]]]}},{"type":"Feature","properties":{"PRECINCT":"1744","VTD":"1744"},"geometry":{"type":"Polygon","coordinates":[[[-96.572323,32.838243],[-96.571993,32.834529],[-96.571414,32.834228],[-96.571481,32.834077],[-96.566407,32.834331],[-96.564587,32.830275],[-96.56065,32.833855],[-96.559977,32.834139],[-96.559939,32.833683],[-96.560696,32.833615],[-96.564535,32.829922],[-96.566785,32.829228],[-96.568249,32.830772],[-96.568975,32.830821],[-96.56945,32.831117],[-96.569582,32.832338],[-96.571629,32.832416],[-96.571685,32.832875],[-96.571953,32.833059],[-96.572601,32.832596],[-96.573002,32.8328],[-96.574317,32.832683],[-96.574768,32.832299],[-96.575358,32.832188],[-96.576017,32.832966],[-96.576468,32.832532],[-96.576885,32.832521],[-96.577802,32.833362],[-96.578985,32.833486],[-96.579101,32.832912],[-96.57982,32.83299],[-96.580469,32.832608],[-96.58078,32.833142],[-96.581352,32.833043],[-96.581657,32.832766],[-96.581611,32.832039],[-96.582074,32.831781],[-96.583336,32.831701],[-96.583738,32.832029],[-96.584129,32.831756],[-96.584567,32.832354],[-96.585401,32.832704],[-96.58562,32.832614],[-96.585594,32.832149],[-96.586428,32.83214],[-96.586618,32.831639],[-96.587002,32.831486],[-96.587247,32.831964],[-96.587798,32.831981],[-96.587926,32.83243],[-96.589112,32.832302],[-96.589623,32.832864],[-96.589945,32.832698],[-96.591353,32.832787],[-96.591481,32.833196],[-96.591862,32.833274],[-96.59495,32.83309],[-96.59583,32.833246],[-96.594271,32.834126],[-96.578926,32.833995],[-96.578602,32.834727],[-96.579153,32.835136],[-96.578777,32.836005],[-96.579338,32.836446],[-96.579203,32.836621],[-96.579422,32.836875],[-96.579072,32.837031],[-96.57909,32.837255],[-96.58031,32.838448],[-96.579893,32.838763],[-96.578987,32.839219],[-96.578002,32.839259],[-96.575106,32.838012],[-96.574274,32.837941],[-96.573128,32.838327],[-96.571795,32.83952],[-96.572323,32.838243]]]}},{"type":"Feature","properties":{"PRECINCT":"1745","VTD":"1745"},"geometry":{"type":"Polygon","coordinates":[[[-96.608327,32.935053],[-96.61445,32.929782],[-96.615398,32.930684],[-96.616242,32.930978],[-96.624111,32.931085],[-96.624096,32.931552],[-96.624734,32.931635],[-96.623919,32.934221],[-96.624698,32.934426],[-96.620434,32.947494],[-96.606961,32.935917],[-96.60684,32.935569],[-96.608327,32.935053]]]}},{"type":"Feature","properties":{"PRECINCT":"1746","VTD":"1746"},"geometry":{"type":"Polygon","coordinates":[[[-96.605295,32.919354],[-96.599676,32.919599],[-96.595889,32.920054],[-96.593097,32.920028],[-96.593059,32.909419],[-96.602656,32.910598],[-96.613755,32.91078],[-96.613723,32.91222],[-96.613094,32.912534],[-96.613598,32.9133],[-96.613729,32.914447],[-96.613736,32.922106],[-96.608911,32.921941],[-96.606129,32.919755],[-96.605295,32.919354]]]}},{"type":"Feature","properties":{"PRECINCT":"1747","VTD":"1747"},"geometry":{"type":"Polygon","coordinates":[[[-96.602838,32.937693],[-96.605558,32.935837],[-96.60684,32.935569],[-96.607225,32.936231],[-96.620434,32.947494],[-96.618397,32.9518],[-96.618024,32.954659],[-96.617261,32.956228],[-96.610768,32.96552],[-96.608512,32.967855],[-96.607231,32.968815],[-96.60653,32.969025],[-96.606243,32.968139],[-96.604945,32.967607],[-96.587111,32.952281],[-96.588881,32.950803],[-96.58914,32.950308],[-96.589009,32.947465],[-96.59359,32.944556],[-96.601174,32.938178],[-96.602838,32.937693]]]}},{"type":"Feature","properties":{"PRECINCT":"1748","VTD":"1748"},"geometry":{"type":"Polygon","coordinates":[[[-96.682766,32.960684],[-96.673863,32.960704],[-96.67388,32.951464],[-96.673564,32.951479],[-96.673576,32.94587],[-96.673189,32.944871],[-96.682905,32.945316],[-96.682766,32.960684]]]}},{"type":"Feature","properties":{"PRECINCT":"1749","VTD":"1749"},"geometry":{"type":"Polygon","coordinates":[[[-96.642892,32.965002],[-96.656239,32.953871],[-96.653462,32.951593],[-96.65361,32.951437],[-96.665491,32.9515],[-96.665306,32.94471],[-96.673189,32.944871],[-96.673576,32.94587],[-96.673564,32.951479],[-96.67388,32.951464],[-96.673863,32.960704],[-96.669651,32.960763],[-96.667504,32.959553],[-96.66409,32.959563],[-96.662409,32.958899],[-96.648665,32.970389],[-96.641992,32.96625],[-96.642892,32.965002]]]}},{"type":"Feature","properties":{"PRECINCT":"1750","VTD":"1750"},"geometry":{"type":"Polygon","coordinates":[[[-96.682905,32.945316],[-96.665306,32.94471],[-96.665236,32.932437],[-96.664883,32.930881],[-96.667802,32.931229],[-96.683007,32.931278],[-96.682905,32.945316]]]}},{"type":"Feature","properties":{"PRECINCT":"1751","VTD":"1751"},"geometry":{"type":"Polygon","coordinates":[[[-96.640872,32.984699],[-96.64108,32.969381],[-96.641992,32.96625],[-96.648665,32.970389],[-96.662409,32.958899],[-96.663684,32.959502],[-96.665449,32.959591],[-96.66566,32.961342],[-96.665466,32.966817],[-96.664739,32.968562],[-96.66523,32.968881],[-96.665158,32.969673],[-96.666201,32.96943],[-96.666701,32.969743],[-96.666567,32.970143],[-96.665761,32.970337],[-96.66594,32.971625],[-96.666574,32.97168],[-96.666857,32.971975],[-96.667424,32.971819],[-96.667856,32.972386],[-96.668654,32.972188],[-96.669586,32.972406],[-96.66963,32.972712],[-96.668959,32.973531],[-96.668967,32.973988],[-96.669414,32.974556],[-96.670375,32.974026],[-96.670225,32.972233],[-96.672662,32.972401],[-96.672954,32.9728],[-96.674537,32.972668],[-96.676399,32.973254],[-96.682673,32.973253],[-96.682586,32.978215],[-96.681905,32.978158],[-96.681439,32.978596],[-96.682391,32.97898],[-96.682469,32.985286],[-96.640872,32.984699]]]}},{"type":"Feature","properties":{"PRECINCT":"1752","VTD":"1752"},"geometry":{"type":"Polygon","coordinates":[[[-96.669392,32.972299],[-96.668602,32.972188],[-96.667856,32.972386],[-96.667424,32.971819],[-96.666857,32.971975],[-96.666574,32.97168],[-96.66594,32.971625],[-96.665761,32.970337],[-96.666567,32.970143],[-96.666701,32.969743],[-96.666201,32.96943],[-96.665158,32.969673],[-96.66523,32.968881],[-96.664739,32.968562],[-96.665466,32.966817],[-96.66566,32.961342],[-96.665449,32.959428],[-96.667504,32.959553],[-96.668482,32.960017],[-96.668342,32.960161],[-96.668933,32.960518],[-96.669873,32.960794],[-96.682766,32.960684],[-96.682673,32.973253],[-96.676399,32.973254],[-96.674537,32.972668],[-96.672954,32.9728],[-96.672662,32.972401],[-96.670225,32.972233],[-96.670375,32.974026],[-96.669414,32.974556],[-96.668945,32.973906],[-96.668989,32.97343],[-96.669645,32.972662],[-96.669392,32.972299]]]}},{"type":"Feature","properties":{"PRECINCT":"2000","VTD":"2000"},"geometry":{"type":"Polygon","coordinates":[[[-96.899463,32.892947],[-96.907458,32.893099],[-96.907486,32.89509],[-96.907713,32.895688],[-96.901259,32.895712],[-96.898154,32.896059],[-96.898155,32.895857],[-96.899317,32.895736],[-96.899463,32.892947]]]}},{"type":"Feature","properties":{"PRECINCT":"2001","VTD":"2001"},"geometry":{"type":"Polygon","coordinates":[[[-96.856049,32.918138],[-96.856051,32.915723],[-96.857699,32.915703],[-96.857699,32.916168],[-96.858796,32.916617],[-96.860574,32.916194],[-96.861278,32.916273],[-96.864735,32.915316],[-96.864776,32.915497],[-96.861966,32.91635],[-96.858975,32.91695],[-96.856049,32.918138]]]}},{"type":"Feature","properties":{"PRECINCT":"2002","VTD":"2002"},"geometry":{"type":"Polygon","coordinates":[[[-96.846645,32.918882],[-96.846601,32.91634],[-96.843269,32.916027],[-96.843359,32.90963],[-96.85616,32.909652],[-96.856049,32.918138],[-96.848127,32.921473],[-96.846645,32.918882]]]}},{"type":"Feature","properties":{"PRECINCT":"2003","VTD":"2003"},"geometry":{"type":"Polygon","coordinates":[[[-96.828808,32.924173],[-96.829512,32.922715],[-96.829632,32.909627],[-96.830852,32.909636],[-96.830853,32.910117],[-96.834266,32.910147],[-96.838342,32.910126],[-96.838331,32.909621],[-96.843359,32.90963],[-96.843269,32.916027],[-96.846601,32.91634],[-96.846645,32.918882],[-96.848127,32.921473],[-96.841345,32.924453],[-96.835884,32.925874],[-96.833455,32.926094],[-96.828681,32.926105],[-96.828808,32.924173]]]}},{"type":"Feature","properties":{"PRECINCT":"2004","VTD":"2004"},"geometry":{"type":"Polygon","coordinates":[[[-96.820753,32.926067],[-96.818662,32.921602],[-96.814485,32.90958],[-96.82015,32.909467],[-96.820391,32.908414],[-96.821409,32.907245],[-96.82157,32.906356],[-96.822196,32.90567],[-96.821851,32.904823],[-96.822482,32.903959],[-96.822294,32.902244],[-96.824593,32.902257],[-96.824419,32.903588],[-96.822759,32.904701],[-96.822827,32.905413],[-96.829646,32.905417],[-96.829512,32.922715],[-96.828725,32.924453],[-96.828681,32.926105],[-96.820753,32.926067]]]}},{"type":"Feature","properties":{"PRECINCT":"2005","VTD":"2005"},"geometry":{"type":"Polygon","coordinates":[[[-96.85616,32.909652],[-96.856243,32.89518],[-96.862278,32.895238],[-96.862308,32.900056],[-96.864005,32.902758],[-96.864003,32.909723],[-96.85616,32.909652]]]}},{"type":"Feature","properties":{"PRECINCT":"2006","VTD":"2006"},"geometry":{"type":"Polygon","coordinates":[[[-96.843359,32.90963],[-96.843416,32.905122],[-96.847099,32.905248],[-96.847665,32.904308],[-96.844877,32.904215],[-96.844894,32.902265],[-96.845869,32.90227],[-96.845933,32.896124],[-96.84392,32.896113],[-96.84401,32.8951],[-96.856243,32.89518],[-96.85616,32.909652],[-96.843359,32.90963]]]}},{"type":"Feature","properties":{"PRECINCT":"2007","VTD":"2007"},"geometry":{"type":"Polygon","coordinates":[[[-96.830843,32.90972],[-96.829632,32.909627],[-96.829646,32.905417],[-96.822827,32.905413],[-96.822759,32.904701],[-96.824419,32.903588],[-96.824593,32.902257],[-96.822294,32.902244],[-96.822482,32.903959],[-96.821851,32.904823],[-96.822196,32.90567],[-96.82157,32.906356],[-96.821409,32.907245],[-96.820391,32.908414],[-96.82015,32.909467],[-96.818365,32.909615],[-96.8185,32.900291],[-96.819678,32.896741],[-96.819817,32.894948],[-96.84401,32.8951],[-96.84392,32.896113],[-96.845933,32.896124],[-96.845869,32.90227],[-96.844894,32.902265],[-96.844877,32.904215],[-96.847665,32.904308],[-96.847648,32.90448],[-96.847099,32.905248],[-96.843416,32.905122],[-96.843359,32.90963],[-96.838331,32.909621],[-96.838342,32.910126],[-96.830912,32.910122],[-96.830843,32.90972]]]}},{"type":"Feature","properties":{"PRECINCT":"2008","VTD":"2008"},"geometry":{"type":"Polygon","coordinates":[[[-96.808614,32.890948],[-96.809561,32.880177],[-96.821126,32.880245],[-96.821035,32.887555],[-96.819967,32.889342],[-96.819786,32.896172],[-96.8185,32.900291],[-96.818365,32.909615],[-96.814644,32.909585],[-96.809059,32.893833],[-96.808614,32.890948]]]}},{"type":"Feature","properties":{"PRECINCT":"2009","VTD":"2009"},"geometry":{"type":"Polygon","coordinates":[[[-96.856241,32.895113],[-96.856222,32.883699],[-96.860825,32.883768],[-96.860795,32.883194],[-96.86113,32.882764],[-96.860578,32.882216],[-96.860473,32.881386],[-96.861041,32.880785],[-96.861922,32.880808],[-96.86188,32.882306],[-96.862438,32.883189],[-96.862003,32.884649],[-96.86209,32.885153],[-96.862907,32.885046],[-96.863735,32.883847],[-96.865719,32.883836],[-96.865852,32.884883],[-96.866546,32.885651],[-96.867245,32.885908],[-96.86929,32.886086],[-96.870179,32.886802],[-96.87037,32.887644],[-96.870345,32.895256],[-96.856241,32.895113]]]}},{"type":"Feature","properties":{"PRECINCT":"2010","VTD":"2010"},"geometry":{"type":"Polygon","coordinates":[[[-96.845027,32.891086],[-96.845591,32.890909],[-96.846799,32.891084],[-96.846806,32.887878],[-96.84669,32.887721],[-96.84333,32.887712],[-96.843303,32.883462],[-96.838503,32.883643],[-96.838533,32.880322],[-96.856275,32.880428],[-96.856243,32.89518],[-96.8448,32.8951],[-96.84483,32.891399],[-96.845027,32.891086]]]}},{"type":"Feature","properties":{"PRECINCT":"2011","VTD":"2011"},"geometry":{"type":"Polygon","coordinates":[[[-96.819817,32.894948],[-96.819896,32.889702],[-96.821035,32.887555],[-96.821126,32.880245],[-96.838533,32.880322],[-96.838503,32.883643],[-96.843303,32.883462],[-96.84333,32.887712],[-96.84669,32.887721],[-96.846806,32.887878],[-96.846799,32.891084],[-96.845447,32.890912],[-96.84483,32.891399],[-96.8448,32.8951],[-96.819817,32.894948]]]}},{"type":"Feature","properties":{"PRECINCT":"2015","VTD":"2015"},"geometry":{"type":"Polygon","coordinates":[[[-96.820802,32.92622],[-96.811125,32.926049],[-96.811265,32.920159],[-96.811621,32.918771],[-96.81174,32.912191],[-96.811651,32.91131],[-96.811182,32.910714],[-96.81348,32.910663],[-96.813691,32.910576],[-96.813378,32.909578],[-96.814485,32.90958],[-96.818662,32.921602],[-96.820802,32.92622]]]}},{"type":"Feature","properties":{"PRECINCT":"2016","VTD":"2016"},"geometry":{"type":"Polygon","coordinates":[[[-96.799181,32.925147],[-96.788006,32.925072],[-96.780209,32.924327],[-96.769301,32.924423],[-96.769313,32.923978],[-96.780848,32.924073],[-96.779884,32.922547],[-96.77936,32.922199],[-96.777738,32.92174],[-96.777121,32.921016],[-96.777138,32.918883],[-96.775666,32.916998],[-96.77597,32.91225],[-96.775283,32.91095],[-96.774147,32.910311],[-96.773748,32.909714],[-96.786375,32.909878],[-96.791476,32.90975],[-96.794684,32.909441],[-96.803972,32.909529],[-96.803525,32.913292],[-96.803568,32.92564],[-96.799181,32.925147]]]}},{"type":"Feature","properties":{"PRECINCT":"2017","VTD":"2017"},"geometry":{"type":"Polygon","coordinates":[[[-96.769214,32.921222],[-96.769385,32.909352],[-96.771796,32.909402],[-96.773748,32.909714],[-96.774147,32.910311],[-96.775283,32.91095],[-96.77597,32.91225],[-96.775666,32.916998],[-96.776042,32.917704],[-96.776997,32.918557],[-96.777174,32.919164],[-96.777015,32.920068],[-96.774884,32.919943],[-96.773952,32.920605],[-96.772482,32.921222],[-96.769214,32.921222]]]}},{"type":"Feature","properties":{"PRECINCT":"2018","VTD":"2018"},"geometry":{"type":"Polygon","coordinates":[[[-96.803987,32.909408],[-96.804157,32.907233],[-96.80391,32.894917],[-96.809402,32.894928],[-96.814644,32.909585],[-96.803987,32.909408]]]}},{"type":"Feature","properties":{"PRECINCT":"2019","VTD":"2019"},"geometry":{"type":"Polygon","coordinates":[[[-96.786532,32.909864],[-96.786631,32.906275],[-96.788374,32.903225],[-96.78841,32.900805],[-96.787861,32.894824],[-96.80391,32.894917],[-96.804157,32.907233],[-96.803972,32.909529],[-96.795125,32.909436],[-96.79024,32.909792],[-96.786532,32.909864]]]}},{"type":"Feature","properties":{"PRECINCT":"2020","VTD":"2020"},"geometry":{"type":"Polygon","coordinates":[[[-96.774213,32.909753],[-96.771343,32.909373],[-96.767049,32.909338],[-96.767117,32.906877],[-96.768543,32.906895],[-96.768668,32.898704],[-96.769464,32.898724],[-96.769489,32.896372],[-96.77229,32.895943],[-96.773842,32.895341],[-96.774469,32.894821],[-96.775068,32.89318],[-96.775075,32.890019],[-96.777023,32.889952],[-96.777354,32.891137],[-96.778629,32.892746],[-96.781731,32.890754],[-96.781867,32.891264],[-96.782569,32.891872],[-96.779547,32.893866],[-96.779621,32.895443],[-96.779396,32.896062],[-96.779732,32.896737],[-96.774439,32.898556],[-96.774825,32.901076],[-96.788324,32.89961],[-96.788374,32.903225],[-96.786631,32.906275],[-96.786532,32.909864],[-96.774213,32.909753]]]}},{"type":"Feature","properties":{"PRECINCT":"2021","VTD":"2021"},"geometry":{"type":"Polygon","coordinates":[[[-96.787861,32.894824],[-96.786928,32.892592],[-96.786662,32.880032],[-96.793218,32.879867],[-96.795169,32.880087],[-96.809561,32.880177],[-96.808768,32.886586],[-96.80861,32.890132],[-96.808798,32.892659],[-96.809402,32.894928],[-96.787861,32.894824]]]}},{"type":"Feature","properties":{"PRECINCT":"2022","VTD":"2022"},"geometry":{"type":"Polygon","coordinates":[[[-96.779547,32.893866],[-96.784916,32.890029],[-96.785839,32.890025],[-96.786879,32.890363],[-96.786995,32.893028],[-96.787861,32.894824],[-96.788324,32.89961],[-96.774825,32.901076],[-96.774439,32.898556],[-96.779732,32.896737],[-96.779396,32.896062],[-96.779621,32.895443],[-96.779547,32.893866]]]}},{"type":"Feature","properties":{"PRECINCT":"2023","VTD":"2023"},"geometry":{"type":"Polygon","coordinates":[[[-96.777156,32.890653],[-96.777023,32.889952],[-96.776604,32.88993],[-96.773435,32.890015],[-96.773136,32.889846],[-96.772759,32.890289],[-96.769912,32.890306],[-96.770285,32.887769],[-96.7711,32.887726],[-96.776031,32.886322],[-96.776885,32.886394],[-96.779453,32.887208],[-96.783693,32.887226],[-96.786135,32.886241],[-96.786846,32.886201],[-96.786879,32.890363],[-96.785839,32.890025],[-96.784682,32.890084],[-96.782569,32.891872],[-96.781867,32.891264],[-96.781731,32.890754],[-96.778629,32.892746],[-96.777156,32.890653]]]}},{"type":"Feature","properties":{"PRECINCT":"2024","VTD":"2024"},"geometry":{"type":"Polygon","coordinates":[[[-96.770045,32.887735],[-96.770249,32.88015],[-96.786662,32.880032],[-96.786685,32.886194],[-96.785798,32.886352],[-96.784464,32.887062],[-96.783693,32.887226],[-96.779453,32.887208],[-96.776885,32.886394],[-96.776031,32.886322],[-96.77068,32.887783],[-96.770045,32.887735]]]}},{"type":"Feature","properties":{"PRECINCT":"2025","VTD":"2025"},"geometry":{"type":"Polygon","coordinates":[[[-96.796481,32.879967],[-96.796356,32.879271],[-96.795356,32.8781],[-96.795456,32.865482],[-96.811347,32.865498],[-96.809561,32.880177],[-96.796481,32.879967]]]}},{"type":"Feature","properties":{"PRECINCT":"2026","VTD":"2026"},"geometry":{"type":"Polygon","coordinates":[[[-96.786662,32.879902],[-96.786727,32.873466],[-96.782212,32.873348],[-96.778555,32.871923],[-96.770667,32.871847],[-96.770605,32.865603],[-96.77413,32.865575],[-96.774326,32.865402],[-96.798545,32.865408],[-96.795456,32.865482],[-96.795356,32.8781],[-96.796356,32.879271],[-96.79647,32.880099],[-96.793765,32.879871],[-96.786662,32.879902]]]}},{"type":"Feature","properties":{"PRECINCT":"2027","VTD":"2027"},"geometry":{"type":"Polygon","coordinates":[[[-96.770713,32.88015],[-96.770667,32.871847],[-96.778555,32.871923],[-96.782212,32.873348],[-96.786727,32.873466],[-96.786662,32.880032],[-96.770713,32.88015]]]}},{"type":"Feature","properties":{"PRECINCT":"2028","VTD":"2028"},"geometry":{"type":"Polygon","coordinates":[[[-96.891398,32.915553],[-96.891566,32.909565],[-96.890856,32.909095],[-96.899243,32.908078],[-96.909018,32.907916],[-96.908243,32.911788],[-96.904674,32.911719],[-96.904988,32.913265],[-96.901748,32.913861],[-96.898602,32.913865],[-96.898593,32.914397],[-96.894274,32.914365],[-96.89463,32.915319],[-96.891398,32.915553]]]}},{"type":"Feature","properties":{"PRECINCT":"2030","VTD":"2030"},"geometry":{"type":"Polygon","coordinates":[[[-96.770373,32.865603],[-96.77047,32.855895],[-96.771571,32.850997],[-96.777006,32.85109],[-96.776999,32.851655],[-96.77343,32.851607],[-96.773104,32.855514],[-96.776974,32.85549],[-96.77669,32.856374],[-96.776693,32.857577],[-96.780267,32.857608],[-96.780298,32.859896],[-96.782991,32.859912],[-96.783069,32.865436],[-96.774326,32.865402],[-96.77413,32.865575],[-96.770373,32.865603]]]}},{"type":"Feature","properties":{"PRECINCT":"2031","VTD":"2031"},"geometry":{"type":"Polygon","coordinates":[[[-96.762783,32.865434],[-96.761329,32.865046],[-96.760072,32.864389],[-96.753803,32.859626],[-96.756517,32.857045],[-96.758259,32.858333],[-96.760217,32.859211],[-96.762123,32.861338],[-96.763213,32.861531],[-96.764029,32.861292],[-96.764823,32.860475],[-96.765399,32.858102],[-96.76597,32.857393],[-96.765439,32.856648],[-96.76531,32.855307],[-96.764387,32.853487],[-96.764447,32.850912],[-96.771571,32.850997],[-96.77047,32.855895],[-96.770373,32.865603],[-96.762783,32.865434]]]}},{"type":"Feature","properties":{"PRECINCT":"2032","VTD":"2032"},"geometry":{"type":"Polygon","coordinates":[[[-96.760597,32.850988],[-96.764442,32.851067],[-96.764387,32.853487],[-96.76531,32.855307],[-96.765439,32.856648],[-96.76597,32.857393],[-96.765399,32.858102],[-96.764685,32.860734],[-96.763844,32.861381],[-96.762763,32.861519],[-96.76169,32.861022],[-96.760217,32.859211],[-96.758259,32.858333],[-96.756517,32.857045],[-96.758713,32.854576],[-96.760597,32.850988]]]}},{"type":"Feature","properties":{"PRECINCT":"2033","VTD":"2033"},"geometry":{"type":"Polygon","coordinates":[[[-96.760643,32.850859],[-96.761226,32.84855],[-96.761399,32.846536],[-96.763855,32.846379],[-96.765002,32.845777],[-96.765891,32.845578],[-96.773814,32.845573],[-96.771776,32.851007],[-96.764447,32.850912],[-96.764161,32.851067],[-96.760643,32.850859]]]}},{"type":"Feature","properties":{"PRECINCT":"2035","VTD":"2035"},"geometry":{"type":"Polygon","coordinates":[[[-96.761399,32.846536],[-96.76136,32.841787],[-96.772193,32.83927],[-96.774649,32.838109],[-96.776459,32.836588],[-96.779207,32.836593],[-96.777521,32.838687],[-96.77608,32.841695],[-96.774763,32.843778],[-96.771052,32.843749],[-96.771037,32.844771],[-96.771485,32.84477],[-96.77149,32.845461],[-96.772086,32.845568],[-96.765891,32.845578],[-96.765002,32.845777],[-96.763855,32.846379],[-96.761399,32.846536]]]}},{"type":"Feature","properties":{"PRECINCT":"2037","VTD":"2037"},"geometry":{"type":"Polygon","coordinates":[[[-96.783266,32.827889],[-96.78609,32.822077],[-96.79117,32.824084],[-96.780385,32.833208],[-96.781114,32.831193],[-96.783266,32.827889]]]}},{"type":"Feature","properties":{"PRECINCT":"2038","VTD":"2038"},"geometry":{"type":"Polygon","coordinates":[[[-96.770083,32.839785],[-96.770154,32.823484],[-96.784731,32.823513],[-96.78599,32.822262],[-96.783266,32.827889],[-96.78082,32.831848],[-96.780385,32.833208],[-96.780948,32.832754],[-96.781068,32.836582],[-96.776459,32.836588],[-96.774874,32.837953],[-96.773304,32.838827],[-96.770083,32.839785]]]}},{"type":"Feature","properties":{"PRECINCT":"2039","VTD":"2039"},"geometry":{"type":"Polygon","coordinates":[[[-96.761508,32.822916],[-96.770155,32.822943],[-96.770083,32.839785],[-96.76136,32.841787],[-96.761508,32.822916]]]}},{"type":"Feature","properties":{"PRECINCT":"2040","VTD":"2040"},"geometry":{"type":"Polygon","coordinates":[[[-96.752983,32.836421],[-96.752902,32.822963],[-96.760114,32.823092],[-96.760134,32.822018],[-96.761549,32.822001],[-96.761473,32.836436],[-96.752983,32.836421]]]}},{"type":"Feature","properties":{"PRECINCT":"2041","VTD":"2041"},"geometry":{"type":"Polygon","coordinates":[[[-96.803455,32.986873],[-96.804101,32.985248],[-96.804433,32.983193],[-96.804488,32.974933],[-96.804114,32.970715],[-96.806083,32.96864],[-96.812416,32.964787],[-96.821601,32.961356],[-96.822191,32.964588],[-96.821712,32.968589],[-96.821843,32.973156],[-96.822766,32.974565],[-96.827725,32.978434],[-96.828548,32.979546],[-96.829012,32.981098],[-96.828717,32.987202],[-96.830012,32.987255],[-96.803455,32.986873]]]}},{"type":"Feature","properties":{"PRECINCT":"2042","VTD":"2042"},"geometry":{"type":"Polygon","coordinates":[[[-96.795833,32.979],[-96.796618,32.976126],[-96.795086,32.976078],[-96.794468,32.97585],[-96.793432,32.975],[-96.791664,32.974856],[-96.791828,32.971387],[-96.793421,32.970349],[-96.793751,32.969825],[-96.794963,32.970064],[-96.796541,32.966521],[-96.798335,32.963431],[-96.79817,32.962336],[-96.804585,32.962372],[-96.804492,32.967074],[-96.804104,32.971213],[-96.804488,32.974933],[-96.804433,32.983193],[-96.804101,32.985248],[-96.80343,32.986914],[-96.793816,32.986791],[-96.794095,32.980838],[-96.794523,32.980148],[-96.795833,32.979]]]}},{"type":"Feature","properties":{"PRECINCT":"2043","VTD":"2043"},"geometry":{"type":"Polygon","coordinates":[[[-96.778675,32.986588],[-96.778728,32.978333],[-96.779886,32.978431],[-96.782644,32.97923],[-96.785752,32.979279],[-96.785715,32.977815],[-96.784056,32.974877],[-96.792957,32.974885],[-96.79364,32.975091],[-96.794771,32.97599],[-96.796618,32.976126],[-96.795934,32.978824],[-96.794423,32.980261],[-96.793994,32.981212],[-96.793816,32.986791],[-96.778675,32.986588]]]}},{"type":"Feature","properties":{"PRECINCT":"2044","VTD":"2044"},"geometry":{"type":"Polygon","coordinates":[[[-96.768214,32.978351],[-96.778728,32.978333],[-96.778675,32.986588],[-96.768247,32.986454],[-96.768214,32.978351]]]}},{"type":"Feature","properties":{"PRECINCT":"2045","VTD":"2045"},"geometry":{"type":"Polygon","coordinates":[[[-96.784089,32.971117],[-96.786329,32.967683],[-96.786473,32.962172],[-96.790116,32.96219],[-96.792415,32.96268],[-96.794847,32.962819],[-96.79817,32.962336],[-96.798335,32.963431],[-96.796541,32.966521],[-96.794963,32.970064],[-96.793751,32.969825],[-96.793421,32.970349],[-96.791828,32.971387],[-96.791664,32.974856],[-96.784056,32.974877],[-96.784089,32.971117]]]}},{"type":"Feature","properties":{"PRECINCT":"2046","VTD":"2046"},"geometry":{"type":"Polygon","coordinates":[[[-96.779469,32.978368],[-96.768214,32.978351],[-96.768249,32.976688],[-96.768867,32.974815],[-96.76892,32.970694],[-96.77027,32.970391],[-96.778729,32.970396],[-96.783009,32.970481],[-96.784204,32.970779],[-96.784026,32.974719],[-96.785715,32.977815],[-96.785752,32.979279],[-96.782644,32.97923],[-96.779469,32.978368]]]}},{"type":"Feature","properties":{"PRECINCT":"2047","VTD":"2047"},"geometry":{"type":"Polygon","coordinates":[[[-96.76892,32.970694],[-96.768942,32.962237],[-96.770492,32.962027],[-96.786473,32.962172],[-96.786329,32.967683],[-96.784204,32.970779],[-96.783009,32.970481],[-96.778729,32.970396],[-96.77027,32.970391],[-96.76892,32.970694]]]}},{"type":"Feature","properties":{"PRECINCT":"2048","VTD":"2048"},"geometry":{"type":"Polygon","coordinates":[[[-96.804652,32.956931],[-96.803647,32.951408],[-96.80364,32.946091],[-96.805325,32.946733],[-96.806394,32.946664],[-96.807843,32.947262],[-96.809073,32.947229],[-96.809471,32.947432],[-96.809479,32.947947],[-96.808665,32.948554],[-96.808454,32.949488],[-96.807776,32.950429],[-96.808423,32.951848],[-96.808109,32.953944],[-96.822287,32.954022],[-96.821347,32.959708],[-96.821601,32.961356],[-96.812416,32.964787],[-96.806083,32.96864],[-96.804114,32.970715],[-96.804492,32.967074],[-96.804652,32.956931]]]}},{"type":"Feature","properties":{"PRECINCT":"2049","VTD":"2049"},"geometry":{"type":"Polygon","coordinates":[[[-96.791897,32.961694],[-96.791897,32.957476],[-96.7969,32.957475],[-96.796102,32.958971],[-96.796127,32.959625],[-96.796385,32.959628],[-96.796373,32.958969],[-96.797245,32.957805],[-96.79712,32.956176],[-96.797817,32.95481],[-96.797494,32.954051],[-96.799298,32.952596],[-96.798912,32.951189],[-96.799052,32.950224],[-96.79995,32.950957],[-96.801782,32.953297],[-96.802918,32.953893],[-96.804204,32.954084],[-96.804651,32.956525],[-96.804585,32.962372],[-96.797699,32.962342],[-96.794847,32.962819],[-96.791997,32.962609],[-96.791638,32.962516],[-96.791897,32.961694]]]}},{"type":"Feature","properties":{"PRECINCT":"2050","VTD":"2050"},"geometry":{"type":"Polygon","coordinates":[[[-96.790414,32.962215],[-96.786473,32.962172],[-96.786841,32.954175],[-96.786505,32.95327],[-96.784914,32.951072],[-96.784739,32.950094],[-96.79244,32.950135],[-96.795553,32.949944],[-96.795605,32.949775],[-96.795646,32.949941],[-96.797725,32.949942],[-96.798769,32.950245],[-96.799017,32.950372],[-96.798945,32.951487],[-96.799298,32.952596],[-96.797494,32.954051],[-96.797817,32.95481],[-96.79712,32.956176],[-96.797245,32.957805],[-96.796373,32.958969],[-96.796385,32.959628],[-96.796127,32.959625],[-96.796102,32.958971],[-96.7969,32.957475],[-96.791897,32.957476],[-96.791827,32.961996],[-96.791638,32.962516],[-96.790414,32.962215]]]}},{"type":"Feature","properties":{"PRECINCT":"2051","VTD":"2051"},"geometry":{"type":"Polygon","coordinates":[[[-96.768938,32.962114],[-96.768983,32.950985],[-96.770757,32.950761],[-96.776407,32.950784],[-96.780617,32.950153],[-96.784739,32.950094],[-96.784914,32.951072],[-96.786505,32.95327],[-96.786841,32.954175],[-96.786473,32.962172],[-96.768938,32.962114]]]}},{"type":"Feature","properties":{"PRECINCT":"2052","VTD":"2052"},"geometry":{"type":"Polygon","coordinates":[[[-96.799228,32.950332],[-96.797725,32.949942],[-96.795646,32.949941],[-96.795605,32.949775],[-96.795553,32.949944],[-96.79244,32.950135],[-96.780617,32.950153],[-96.77659,32.950772],[-96.770757,32.950761],[-96.768983,32.950985],[-96.770192,32.950664],[-96.77634,32.950664],[-96.778614,32.95035],[-96.778589,32.946672],[-96.778073,32.945439],[-96.778053,32.943087],[-96.780619,32.942898],[-96.780788,32.942194],[-96.781086,32.942008],[-96.784453,32.94202],[-96.786279,32.942389],[-96.786253,32.93996],[-96.793843,32.940089],[-96.7956,32.939808],[-96.796298,32.94182],[-96.796476,32.943157],[-96.797382,32.943823],[-96.797867,32.944647],[-96.798839,32.945501],[-96.799412,32.945681],[-96.800335,32.94557],[-96.801039,32.945946],[-96.80364,32.946091],[-96.803647,32.951408],[-96.804204,32.954084],[-96.802918,32.953893],[-96.801782,32.953297],[-96.799228,32.950332]]]}},{"type":"Feature","properties":{"PRECINCT":"2053","VTD":"2053"},"geometry":{"type":"Polygon","coordinates":[[[-96.816704,32.943105],[-96.81443,32.943094],[-96.813356,32.932794],[-96.813029,32.932139],[-96.811797,32.93146],[-96.811359,32.930774],[-96.811322,32.926054],[-96.820802,32.92622],[-96.821217,32.927525],[-96.821544,32.927485],[-96.821606,32.929369],[-96.822509,32.932923],[-96.82211,32.932907],[-96.822085,32.939642],[-96.82176,32.939635],[-96.821835,32.942767],[-96.8181,32.943041],[-96.818145,32.943325],[-96.817916,32.943362],[-96.816704,32.943105]]]}},{"type":"Feature","properties":{"PRECINCT":"2054","VTD":"2054"},"geometry":{"type":"Polygon","coordinates":[[[-96.806247,32.946644],[-96.805325,32.946733],[-96.80364,32.946091],[-96.803739,32.938632],[-96.809407,32.938668],[-96.811447,32.939372],[-96.814031,32.939414],[-96.81455,32.944228],[-96.815287,32.945442],[-96.814985,32.945372],[-96.813884,32.945999],[-96.812556,32.945653],[-96.812292,32.945822],[-96.810611,32.945684],[-96.809843,32.94603],[-96.809322,32.947049],[-96.808756,32.947299],[-96.807843,32.947262],[-96.806247,32.946644]]]}},{"type":"Feature","properties":{"PRECINCT":"2055","VTD":"2055"},"geometry":{"type":"Polygon","coordinates":[[[-96.811605,32.939391],[-96.809407,32.938668],[-96.803739,32.938632],[-96.80396,32.935839],[-96.803566,32.931791],[-96.80358,32.92542],[-96.806732,32.925762],[-96.811132,32.925795],[-96.811125,32.926049],[-96.811322,32.926054],[-96.811359,32.930774],[-96.811646,32.931327],[-96.812938,32.93206],[-96.813292,32.932581],[-96.814031,32.939414],[-96.811605,32.939391]]]}},{"type":"Feature","properties":{"PRECINCT":"2056","VTD":"2056"},"geometry":{"type":"Polygon","coordinates":[[[-96.80364,32.946091],[-96.801039,32.945946],[-96.800335,32.94557],[-96.799412,32.945681],[-96.798839,32.945501],[-96.797867,32.944647],[-96.797382,32.943823],[-96.796476,32.943157],[-96.796298,32.94182],[-96.7956,32.939808],[-96.793843,32.940089],[-96.786253,32.93996],[-96.786314,32.924869],[-96.788006,32.925072],[-96.799733,32.925165],[-96.803568,32.92564],[-96.803566,32.931791],[-96.80396,32.935839],[-96.803655,32.939219],[-96.80364,32.946091]]]}},{"type":"Feature","properties":{"PRECINCT":"2057","VTD":"2057"},"geometry":{"type":"Polygon","coordinates":[[[-96.777989,32.94213],[-96.779214,32.936656],[-96.779067,32.936152],[-96.777966,32.934824],[-96.782517,32.932218],[-96.783783,32.9332],[-96.786266,32.933236],[-96.786279,32.942389],[-96.784453,32.94202],[-96.781086,32.942008],[-96.780788,32.942194],[-96.780619,32.942898],[-96.778053,32.943087],[-96.777989,32.94213]]]}},{"type":"Feature","properties":{"PRECINCT":"2058","VTD":"2058"},"geometry":{"type":"Polygon","coordinates":[[[-96.777966,32.934824],[-96.774193,32.930185],[-96.77457,32.929032],[-96.769126,32.926932],[-96.769301,32.924423],[-96.780677,32.924339],[-96.786314,32.924869],[-96.786266,32.933236],[-96.783783,32.9332],[-96.782517,32.932218],[-96.777966,32.934824]]]}},{"type":"Feature","properties":{"PRECINCT":"2074","VTD":"2074"},"geometry":{"type":"Polygon","coordinates":[[[-96.970057,32.949522],[-96.968291,32.949407],[-96.968323,32.9475],[-96.967569,32.947477],[-96.967707,32.925344],[-96.99145,32.92572],[-96.991391,32.931226],[-96.99352,32.931249],[-96.99344,32.944294],[-96.991714,32.944443],[-96.991662,32.947708],[-96.988741,32.947683],[-96.987163,32.94803],[-96.985554,32.949064],[-96.983775,32.951481],[-96.982172,32.952749],[-96.976345,32.954887],[-96.973863,32.955336],[-96.970618,32.955075],[-96.969215,32.954679],[-96.968297,32.953966],[-96.968253,32.951741],[-96.970022,32.951633],[-96.970057,32.949522]]]}},{"type":"Feature","properties":{"PRECINCT":"2076","VTD":"2076"},"geometry":{"type":"Polygon","coordinates":[[[-96.898114,32.908161],[-96.898154,32.896059],[-96.901259,32.895712],[-96.911491,32.895688],[-96.910874,32.89586],[-96.910656,32.896254],[-96.910022,32.899737],[-96.910693,32.899741],[-96.909018,32.907916],[-96.898114,32.908161]]]}},{"type":"Feature","properties":{"PRECINCT":"2077","VTD":"2077"},"geometry":{"type":"Polygon","coordinates":[[[-96.803972,32.909529],[-96.813378,32.909578],[-96.813691,32.910576],[-96.811182,32.910714],[-96.811651,32.91131],[-96.81174,32.912191],[-96.811635,32.91849],[-96.811265,32.920159],[-96.811145,32.925503],[-96.807403,32.925511],[-96.803578,32.924999],[-96.803525,32.913292],[-96.803972,32.909529]]]}},{"type":"Feature","properties":{"PRECINCT":"2079","VTD":"2079"},"geometry":{"type":"Polygon","coordinates":[[[-96.81783,32.950127],[-96.816335,32.947172],[-96.815074,32.945449],[-96.815287,32.945442],[-96.814586,32.944358],[-96.81443,32.943094],[-96.816581,32.943095],[-96.817916,32.943362],[-96.818145,32.943325],[-96.8181,32.943041],[-96.821835,32.942767],[-96.823063,32.946447],[-96.823033,32.950184],[-96.82031,32.949958],[-96.81783,32.950127]]]}},{"type":"Feature","properties":{"PRECINCT":"2080","VTD":"2080"},"geometry":{"type":"Polygon","coordinates":[[[-96.769037,32.932876],[-96.769126,32.926932],[-96.77457,32.929032],[-96.774158,32.9299],[-96.774419,32.930587],[-96.771145,32.932609],[-96.769037,32.932876]]]}},{"type":"Feature","properties":{"PRECINCT":"2081","VTD":"2081"},"geometry":{"type":"Polygon","coordinates":[[[-96.729142,32.792958],[-96.729087,32.783693],[-96.73749,32.78377],[-96.73742,32.785524],[-96.743127,32.78548],[-96.743048,32.790926],[-96.746477,32.791003],[-96.746472,32.791497],[-96.737389,32.791776],[-96.737384,32.792969],[-96.729142,32.792958]]]}},{"type":"Feature","properties":{"PRECINCT":"2082","VTD":"2082"},"geometry":{"type":"Polygon","coordinates":[[[-96.760713,32.804954],[-96.75478,32.799622],[-96.754312,32.799242],[-96.753876,32.799413],[-96.747373,32.793729],[-96.74999,32.791348],[-96.756186,32.791084],[-96.755943,32.790885],[-96.7563,32.79086],[-96.75879,32.790969],[-96.769311,32.800134],[-96.764506,32.804116],[-96.763263,32.802988],[-96.760713,32.804954]]]}},{"type":"Feature","properties":{"PRECINCT":"2083","VTD":"2083"},"geometry":{"type":"Polygon","coordinates":[[[-96.774721,32.82023],[-96.774706,32.817239],[-96.770189,32.817366],[-96.770192,32.807609],[-96.784665,32.820211],[-96.774721,32.82023]]]}},{"type":"Feature","properties":{"PRECINCT":"2084","VTD":"2084"},"geometry":{"type":"Polygon","coordinates":[[[-96.776519,32.796436],[-96.778176,32.795068],[-96.781069,32.797561],[-96.776285,32.801533],[-96.775109,32.800472],[-96.778178,32.797874],[-96.776519,32.796436]]]}},{"type":"Feature","properties":{"PRECINCT":"2085","VTD":"2085"},"geometry":{"type":"Polygon","coordinates":[[[-96.766871,32.812674],[-96.76849,32.81271],[-96.768554,32.811137],[-96.770186,32.811135],[-96.770205,32.813876],[-96.766569,32.813848],[-96.766871,32.812674]]]}},{"type":"Feature","properties":{"PRECINCT":"2086","VTD":"2086"},"geometry":{"type":"Polygon","coordinates":[[[-96.761565,32.813857],[-96.761893,32.811849],[-96.761145,32.810998],[-96.764793,32.807974],[-96.770196,32.807943],[-96.770186,32.811135],[-96.768554,32.811137],[-96.76849,32.81271],[-96.766871,32.812674],[-96.766871,32.813267],[-96.766569,32.813363],[-96.766569,32.813848],[-96.770205,32.813876],[-96.770155,32.822943],[-96.761508,32.822916],[-96.761565,32.813857]]]}},{"type":"Feature","properties":{"PRECINCT":"2087","VTD":"2087"},"geometry":{"type":"Polygon","coordinates":[[[-96.751383,32.812717],[-96.750807,32.812026],[-96.749358,32.811639],[-96.745049,32.807996],[-96.747389,32.805816],[-96.749156,32.803531],[-96.750703,32.802171],[-96.751011,32.802205],[-96.7517,32.80285],[-96.751989,32.802802],[-96.753524,32.801496],[-96.753851,32.801789],[-96.755611,32.800351],[-96.764497,32.808225],[-96.759127,32.812707],[-96.755183,32.812691],[-96.754673,32.812314],[-96.754228,32.812692],[-96.751383,32.812717]]]}},{"type":"Feature","properties":{"PRECINCT":"2090","VTD":"2090"},"geometry":{"type":"Polygon","coordinates":[[[-96.776587,32.946654],[-96.776804,32.946119],[-96.778383,32.946106],[-96.778589,32.946672],[-96.778614,32.95035],[-96.774964,32.950668],[-96.774972,32.949804],[-96.776856,32.949724],[-96.776587,32.946654]]]}},{"type":"Feature","properties":{"PRECINCT":"2091","VTD":"2091"},"geometry":{"type":"Polygon","coordinates":[[[-96.774156,32.937764],[-96.773539,32.936959],[-96.771531,32.937527],[-96.770364,32.938479],[-96.769005,32.938587],[-96.769037,32.932876],[-96.771145,32.932609],[-96.774419,32.930587],[-96.779174,32.936394],[-96.779174,32.937154],[-96.777991,32.94153],[-96.778053,32.943087],[-96.773044,32.943061],[-96.773047,32.9399],[-96.774164,32.939892],[-96.774156,32.937764]]]}},{"type":"Feature","properties":{"PRECINCT":"2092","VTD":"2092"},"geometry":{"type":"Polygon","coordinates":[[[-96.761167,32.897933],[-96.753482,32.893521],[-96.754711,32.891177],[-96.756688,32.889043],[-96.757432,32.889679],[-96.759116,32.890535],[-96.759174,32.891486],[-96.759835,32.892085],[-96.760496,32.893284],[-96.760287,32.894613],[-96.761701,32.895325],[-96.761884,32.895834],[-96.761488,32.896659],[-96.762176,32.897455],[-96.762862,32.897581],[-96.763326,32.898511],[-96.761167,32.897933]]]}},{"type":"Feature","properties":{"PRECINCT":"2094","VTD":"2094"},"geometry":{"type":"Polygon","coordinates":[[[-96.762706,32.897506],[-96.762176,32.897455],[-96.761461,32.896602],[-96.761884,32.895834],[-96.761701,32.895325],[-96.760287,32.894613],[-96.760496,32.893284],[-96.759835,32.892085],[-96.759174,32.891486],[-96.759069,32.890478],[-96.756395,32.888958],[-96.755565,32.889339],[-96.755484,32.889991],[-96.754898,32.89023],[-96.754288,32.889087],[-96.753378,32.889051],[-96.752635,32.888589],[-96.752711,32.887712],[-96.752055,32.886806],[-96.75238,32.884745],[-96.752937,32.884195],[-96.754074,32.88431],[-96.754448,32.883727],[-96.759271,32.883367],[-96.759893,32.881535],[-96.760132,32.879185],[-96.76313,32.873376],[-96.764882,32.871736],[-96.766534,32.871937],[-96.770667,32.871847],[-96.770713,32.88015],[-96.770249,32.88015],[-96.770045,32.887735],[-96.767118,32.887448],[-96.763905,32.887726],[-96.758375,32.885596],[-96.758116,32.886248],[-96.765518,32.896189],[-96.766061,32.898536],[-96.763326,32.898511],[-96.762706,32.897506]]]}},{"type":"Feature","properties":{"PRECINCT":"2095","VTD":"2095"},"geometry":{"type":"Polygon","coordinates":[[[-96.771776,32.851007],[-96.771998,32.850467],[-96.772774,32.850484],[-96.772777,32.851024],[-96.771776,32.851007]]]}},{"type":"Feature","properties":{"PRECINCT":"2096","VTD":"2096"},"geometry":{"type":"Polygon","coordinates":[[[-96.806732,32.925762],[-96.80358,32.92542],[-96.803578,32.924999],[-96.807403,32.925511],[-96.811145,32.925503],[-96.811132,32.925795],[-96.806732,32.925762]]]}},{"type":"Feature","properties":{"PRECINCT":"2097","VTD":"2097"},"geometry":{"type":"Polygon","coordinates":[[[-96.7718,32.781112],[-96.772031,32.781204],[-96.771803,32.78167],[-96.771103,32.78147],[-96.7718,32.781112]]]}},{"type":"Feature","properties":{"PRECINCT":"2098","VTD":"2098"},"geometry":{"type":"Polygon","coordinates":[[[-96.804513,32.823175],[-96.804509,32.822688],[-96.802347,32.822671],[-96.802333,32.816229],[-96.804193,32.816218],[-96.804519,32.816422],[-96.804941,32.816064],[-96.811946,32.822057],[-96.811769,32.822209],[-96.812457,32.822804],[-96.812034,32.823195],[-96.804513,32.823175]]]}},{"type":"Feature","properties":{"PRECINCT":"2099","VTD":"2099"},"geometry":{"type":"Polygon","coordinates":[[[-96.811946,32.822057],[-96.804941,32.816064],[-96.804519,32.816422],[-96.804193,32.816218],[-96.802333,32.816229],[-96.802431,32.814501],[-96.80825,32.809844],[-96.808628,32.809036],[-96.817391,32.815931],[-96.816765,32.821592],[-96.814666,32.819834],[-96.813746,32.820541],[-96.813956,32.820707],[-96.812816,32.822063],[-96.812876,32.82242],[-96.812521,32.822856],[-96.811769,32.822209],[-96.811946,32.822057]]]}},{"type":"Feature","properties":{"PRECINCT":"20A8","VTD":"20A8"},"geometry":{"type":"Polygon","coordinates":[[[-96.82176,32.939635],[-96.822255,32.939492],[-96.822285,32.942538],[-96.823616,32.94588],[-96.82366,32.950234],[-96.823033,32.950184],[-96.823063,32.946447],[-96.821835,32.942767],[-96.82176,32.939635]]]}},{"type":"Feature","properties":{"PRECINCT":"2100","VTD":"2100"},"geometry":{"type":"Polygon","coordinates":[[[-96.816986,32.814234],[-96.815707,32.813207],[-96.814878,32.813896],[-96.812185,32.811804],[-96.813317,32.810893],[-96.812332,32.810132],[-96.811175,32.811008],[-96.80679,32.807533],[-96.811848,32.803286],[-96.813607,32.804744],[-96.813239,32.805056],[-96.814136,32.805856],[-96.815046,32.805097],[-96.816763,32.806538],[-96.815851,32.807305],[-96.816846,32.808062],[-96.817825,32.807277],[-96.818107,32.810947],[-96.817391,32.815931],[-96.816145,32.814933],[-96.816986,32.814234]]]}},{"type":"Feature","properties":{"PRECINCT":"2101","VTD":"2101"},"geometry":{"type":"Polygon","coordinates":[[[-96.78609,32.822077],[-96.78961,32.81559],[-96.791027,32.816042],[-96.795399,32.817678],[-96.79269,32.82266],[-96.79117,32.824084],[-96.78609,32.822077]]]}},{"type":"Feature","properties":{"PRECINCT":"2102","VTD":"2102"},"geometry":{"type":"Polygon","coordinates":[[[-96.793339,32.807423],[-96.793256,32.803436],[-96.794452,32.803908],[-96.796297,32.804125],[-96.801418,32.808472],[-96.800259,32.810657],[-96.797552,32.813513],[-96.795399,32.817678],[-96.78961,32.81559],[-96.79302,32.808666],[-96.793339,32.807423]]]}},{"type":"Feature","properties":{"PRECINCT":"2103","VTD":"2103"},"geometry":{"type":"Polygon","coordinates":[[[-96.768292,32.799241],[-96.75879,32.790969],[-96.75735,32.791036],[-96.757598,32.790818],[-96.760588,32.790435],[-96.762686,32.78962],[-96.766787,32.786434],[-96.76842,32.784518],[-96.768806,32.784487],[-96.769887,32.784782],[-96.768468,32.786718],[-96.77327,32.790768],[-96.772385,32.79148],[-96.773981,32.79281],[-96.773119,32.793511],[-96.774146,32.794421],[-96.768292,32.799241]]]}},{"type":"Feature","properties":{"PRECINCT":"2104","VTD":"2104"},"geometry":{"type":"Polygon","coordinates":[[[-96.773803,32.79123],[-96.776165,32.789271],[-96.78344,32.795592],[-96.781069,32.797561],[-96.773803,32.79123]]]}},{"type":"Feature","properties":{"PRECINCT":"2105","VTD":"2105"},"geometry":{"type":"Polygon","coordinates":[[[-96.790897,32.784098],[-96.791837,32.78497],[-96.792208,32.785831],[-96.792756,32.79238],[-96.783802,32.799889],[-96.781069,32.797561],[-96.78344,32.795592],[-96.779232,32.791936],[-96.784277,32.787761],[-96.787485,32.785595],[-96.790897,32.784098]]]}},{"type":"Feature","properties":{"PRECINCT":"2106","VTD":"2106"},"geometry":{"type":"Polygon","coordinates":[[[-96.779232,32.791936],[-96.776165,32.789271],[-96.773803,32.79123],[-96.768468,32.786718],[-96.769887,32.784782],[-96.768806,32.784487],[-96.769636,32.783059],[-96.771103,32.78147],[-96.771803,32.78167],[-96.77197,32.781055],[-96.775106,32.780544],[-96.775998,32.781191],[-96.77673,32.780398],[-96.779631,32.780115],[-96.781096,32.779597],[-96.783495,32.777867],[-96.785035,32.77969],[-96.785738,32.779846],[-96.785356,32.780054],[-96.78627,32.781104],[-96.786556,32.782082],[-96.790999,32.784067],[-96.787485,32.785595],[-96.784277,32.787761],[-96.779232,32.791936]]]}},{"type":"Feature","properties":{"PRECINCT":"2107","VTD":"2107"},"geometry":{"type":"Polygon","coordinates":[[[-96.772385,32.79148],[-96.77327,32.790768],[-96.775844,32.793008],[-96.774146,32.794421],[-96.773119,32.793511],[-96.773981,32.79281],[-96.772385,32.79148]]]}},{"type":"Feature","properties":{"PRECINCT":"2108","VTD":"2108"},"geometry":{"type":"Polygon","coordinates":[[[-96.768988,32.950845],[-96.769025,32.945847],[-96.773466,32.94598],[-96.773044,32.943061],[-96.778053,32.943087],[-96.778073,32.945439],[-96.778311,32.945988],[-96.776804,32.946119],[-96.776542,32.946803],[-96.776856,32.949724],[-96.774972,32.949804],[-96.774964,32.950668],[-96.770728,32.950629],[-96.768988,32.950845]]]}},{"type":"Feature","properties":{"PRECINCT":"2109","VTD":"2109"},"geometry":{"type":"Polygon","coordinates":[[[-96.799987,32.81897],[-96.799744,32.818944],[-96.799431,32.818944],[-96.799598,32.81868],[-96.799987,32.81897]]]}},{"type":"Feature","properties":{"PRECINCT":"2110","VTD":"2110"},"geometry":{"type":"Polygon","coordinates":[[[-96.757942,32.784103],[-96.76426,32.783738],[-96.765198,32.783935],[-96.765309,32.783723],[-96.76842,32.784518],[-96.766787,32.786434],[-96.762686,32.78962],[-96.760315,32.790504],[-96.757598,32.790818],[-96.758118,32.79038],[-96.754508,32.787266],[-96.757942,32.784103]]]}},{"type":"Feature","properties":{"PRECINCT":"2111","VTD":"2111"},"geometry":{"type":"Polygon","coordinates":[[[-96.815851,32.807305],[-96.816763,32.806538],[-96.817656,32.807383],[-96.816846,32.808062],[-96.815851,32.807305]]]}},{"type":"Feature","properties":{"PRECINCT":"2112","VTD":"2112"},"geometry":{"type":"Polygon","coordinates":[[[-96.814878,32.813896],[-96.815707,32.813207],[-96.816986,32.814234],[-96.816145,32.814933],[-96.814878,32.813896]]]}},{"type":"Feature","properties":{"PRECINCT":"2113","VTD":"2113"},"geometry":{"type":"Polygon","coordinates":[[[-96.811175,32.811008],[-96.812332,32.810132],[-96.813317,32.810893],[-96.812185,32.811804],[-96.811175,32.811008]]]}},{"type":"Feature","properties":{"PRECINCT":"2114","VTD":"2114"},"geometry":{"type":"Polygon","coordinates":[[[-96.798209,32.823208],[-96.795694,32.823189],[-96.792992,32.822173],[-96.797552,32.813513],[-96.800358,32.810519],[-96.802237,32.806645],[-96.804492,32.807755],[-96.80574,32.80672],[-96.808628,32.809036],[-96.80849,32.809555],[-96.802431,32.814501],[-96.802381,32.819679],[-96.800209,32.819693],[-96.799965,32.818816],[-96.799598,32.81868],[-96.797312,32.820843],[-96.798209,32.823208]]]}},{"type":"Feature","properties":{"PRECINCT":"2115","VTD":"2115"},"geometry":{"type":"Polygon","coordinates":[[[-96.817675,32.807373],[-96.815046,32.805097],[-96.814136,32.805856],[-96.813239,32.805056],[-96.813607,32.804744],[-96.811848,32.803286],[-96.810086,32.804783],[-96.808966,32.803782],[-96.810696,32.802318],[-96.808677,32.800642],[-96.812451,32.798319],[-96.813248,32.797379],[-96.815612,32.798788],[-96.817825,32.807277],[-96.817675,32.807373]]]}},{"type":"Feature","properties":{"PRECINCT":"2116","VTD":"2116"},"geometry":{"type":"Polygon","coordinates":[[[-96.80574,32.80672],[-96.80762,32.805185],[-96.808566,32.80603],[-96.80679,32.807533],[-96.80574,32.80672]]]}},{"type":"Feature","properties":{"PRECINCT":"2117","VTD":"2117"},"geometry":{"type":"Polygon","coordinates":[[[-96.788087,32.803615],[-96.783802,32.799889],[-96.792756,32.79238],[-96.793174,32.798872],[-96.792704,32.798487],[-96.792762,32.800542],[-96.791042,32.801805],[-96.791518,32.802263],[-96.792681,32.802352],[-96.792721,32.803181],[-96.791178,32.80258],[-96.791126,32.802121],[-96.790631,32.801665],[-96.789761,32.802538],[-96.788821,32.802922],[-96.788087,32.803615]]]}},{"type":"Feature","properties":{"PRECINCT":"2118","VTD":"2118"},"geometry":{"type":"Polygon","coordinates":[[[-96.746472,32.791497],[-96.746477,32.791003],[-96.743048,32.790926],[-96.743127,32.78548],[-96.73742,32.785524],[-96.73749,32.78377],[-96.729087,32.783693],[-96.728461,32.777797],[-96.731238,32.777558],[-96.73489,32.777794],[-96.754615,32.781126],[-96.754889,32.78118],[-96.754818,32.781485],[-96.756521,32.781691],[-96.758512,32.783396],[-96.758926,32.783476],[-96.758709,32.784079],[-96.757967,32.783999],[-96.754508,32.787266],[-96.758118,32.79038],[-96.757598,32.790818],[-96.755943,32.790885],[-96.756186,32.791084],[-96.746472,32.791497]]]}},{"type":"Feature","properties":{"PRECINCT":"2119","VTD":"2119"},"geometry":{"type":"Polygon","coordinates":[[[-96.773466,32.94598],[-96.769025,32.945847],[-96.769005,32.938587],[-96.770536,32.938421],[-96.771457,32.937562],[-96.773539,32.936959],[-96.774156,32.937764],[-96.774175,32.939338],[-96.774164,32.939892],[-96.773047,32.9399],[-96.773049,32.943982],[-96.773466,32.94598]]]}},{"type":"Feature","properties":{"PRECINCT":"2120","VTD":"2120"},"geometry":{"type":"Polygon","coordinates":[[[-96.718147,32.925403],[-96.718089,32.923052],[-96.717636,32.920678],[-96.717628,32.913758],[-96.718072,32.911046],[-96.717723,32.909546],[-96.725822,32.90966],[-96.728146,32.909246],[-96.728464,32.909961],[-96.728219,32.91051],[-96.728339,32.911065],[-96.727799,32.91201],[-96.728811,32.912883],[-96.728996,32.913472],[-96.728628,32.914417],[-96.729317,32.914655],[-96.72989,32.91564],[-96.730752,32.916117],[-96.730244,32.91686],[-96.730617,32.918446],[-96.730126,32.919151],[-96.730501,32.919418],[-96.730361,32.920113],[-96.729626,32.92138],[-96.730485,32.922578],[-96.730478,32.923395],[-96.729774,32.923954],[-96.729382,32.925561],[-96.718147,32.925403]]]}},{"type":"Feature","properties":{"PRECINCT":"2121","VTD":"2121"},"geometry":{"type":"Polygon","coordinates":[[[-96.72149,32.904032],[-96.722365,32.903365],[-96.732106,32.909232],[-96.728012,32.909246],[-96.725822,32.90966],[-96.717888,32.909548],[-96.717814,32.90862],[-96.719963,32.907877],[-96.720282,32.906422],[-96.721012,32.905946],[-96.720638,32.9054],[-96.72149,32.904032]]]}},{"type":"Feature","properties":{"PRECINCT":"2122","VTD":"2122"},"geometry":{"type":"Polygon","coordinates":[[[-96.708857,32.910316],[-96.708704,32.909146],[-96.714793,32.909194],[-96.715974,32.909515],[-96.717723,32.909546],[-96.718072,32.911046],[-96.717628,32.913758],[-96.717636,32.920678],[-96.717959,32.922978],[-96.715207,32.921697],[-96.71153,32.9195],[-96.708857,32.910316]]]}},{"type":"Feature","properties":{"PRECINCT":"2123","VTD":"2123"},"geometry":{"type":"Polygon","coordinates":[[[-96.748384,32.934137],[-96.744121,32.933979],[-96.743186,32.934888],[-96.741229,32.934732],[-96.740427,32.935964],[-96.738252,32.936042],[-96.735372,32.935108],[-96.740406,32.923074],[-96.738795,32.923107],[-96.738811,32.921999],[-96.739244,32.920498],[-96.739017,32.919911],[-96.737917,32.918992],[-96.737808,32.918534],[-96.738069,32.917968],[-96.738818,32.917678],[-96.738803,32.916848],[-96.735527,32.916767],[-96.735519,32.923023],[-96.735939,32.92387],[-96.733994,32.924929],[-96.732498,32.92533],[-96.73256,32.925513],[-96.729382,32.925561],[-96.729774,32.923954],[-96.730478,32.923395],[-96.730485,32.922578],[-96.729626,32.92138],[-96.730361,32.920113],[-96.730501,32.919418],[-96.730126,32.919151],[-96.730617,32.918446],[-96.730244,32.91686],[-96.730752,32.916117],[-96.72989,32.91564],[-96.729317,32.914655],[-96.728628,32.914417],[-96.728996,32.913472],[-96.728811,32.912883],[-96.727799,32.91201],[-96.728339,32.911065],[-96.728219,32.91051],[-96.728464,32.909961],[-96.728146,32.909246],[-96.732106,32.909232],[-96.743392,32.916918],[-96.743713,32.916344],[-96.748069,32.919011],[-96.74534,32.917913],[-96.753701,32.922241],[-96.757179,32.923415],[-96.758861,32.923719],[-96.76131,32.923941],[-96.764269,32.923874],[-96.761846,32.926914],[-96.759964,32.928759],[-96.748076,32.938314],[-96.748384,32.934137]]]}},{"type":"Feature","properties":{"PRECINCT":"2124","VTD":"2124"},"geometry":{"type":"Polygon","coordinates":[[[-96.70041,32.908935],[-96.69784,32.908886],[-96.697977,32.902268],[-96.691972,32.904055],[-96.69188,32.894571],[-96.693673,32.894571],[-96.693675,32.889986],[-96.69078,32.889947],[-96.690703,32.885956],[-96.683157,32.885936],[-96.68318,32.878801],[-96.687922,32.878689],[-96.696982,32.884124],[-96.706114,32.888812],[-96.709545,32.891782],[-96.71293,32.896576],[-96.714584,32.898302],[-96.716559,32.899869],[-96.722365,32.903365],[-96.72149,32.904032],[-96.720638,32.9054],[-96.721012,32.905946],[-96.720282,32.906422],[-96.719963,32.907877],[-96.717814,32.90862],[-96.717888,32.909548],[-96.715974,32.909515],[-96.714793,32.909194],[-96.706851,32.909139],[-96.705847,32.908882],[-96.704151,32.909128],[-96.700542,32.909165],[-96.70041,32.908935]]]}},{"type":"Feature","properties":{"PRECINCT":"2125","VTD":"2125"},"geometry":{"type":"Polygon","coordinates":[[[-96.759998,32.92385],[-96.757179,32.923415],[-96.75275,32.921828],[-96.74534,32.917913],[-96.748069,32.919011],[-96.743713,32.916344],[-96.745882,32.912036],[-96.746977,32.909245],[-96.769385,32.909352],[-96.769313,32.923978],[-96.759998,32.92385]]]}},{"type":"Feature","properties":{"PRECINCT":"2126","VTD":"2126"},"geometry":{"type":"Polygon","coordinates":[[[-96.735539,32.923164],[-96.735527,32.916767],[-96.73874,32.916792],[-96.738818,32.917678],[-96.738069,32.917968],[-96.737808,32.918534],[-96.737917,32.918992],[-96.739017,32.919911],[-96.739244,32.920498],[-96.738811,32.921999],[-96.738795,32.923107],[-96.740406,32.923074],[-96.740312,32.923283],[-96.73836,32.923334],[-96.73704,32.923613],[-96.736229,32.925463],[-96.73256,32.925513],[-96.732498,32.92533],[-96.733994,32.924929],[-96.735939,32.92387],[-96.735539,32.923164]]]}},{"type":"Feature","properties":{"PRECINCT":"2127","VTD":"2127"},"geometry":{"type":"Polygon","coordinates":[[[-96.705904,32.931232],[-96.705879,32.916708],[-96.700248,32.91664],[-96.700542,32.909165],[-96.704151,32.909128],[-96.705847,32.908882],[-96.70642,32.909112],[-96.708704,32.909146],[-96.708857,32.910316],[-96.71153,32.9195],[-96.715207,32.921697],[-96.718089,32.923052],[-96.718125,32.931291],[-96.705904,32.931232]]]}},{"type":"Feature","properties":{"PRECINCT":"2128","VTD":"2128"},"geometry":{"type":"Polygon","coordinates":[[[-96.746977,32.909245],[-96.749247,32.903101],[-96.750914,32.900419],[-96.751335,32.896534],[-96.753482,32.893521],[-96.761167,32.897933],[-96.763326,32.898511],[-96.764459,32.900779],[-96.765874,32.901448],[-96.766527,32.902548],[-96.766551,32.903327],[-96.767385,32.904582],[-96.767818,32.905063],[-96.768543,32.905347],[-96.768543,32.906895],[-96.767117,32.906877],[-96.767049,32.909338],[-96.746977,32.909245]]]}},{"type":"Feature","properties":{"PRECINCT":"2129","VTD":"2129"},"geometry":{"type":"Polygon","coordinates":[[[-96.761202,32.930681],[-96.761191,32.928513],[-96.760947,32.928418],[-96.760006,32.929221],[-96.759964,32.928759],[-96.761846,32.926914],[-96.764269,32.923874],[-96.769313,32.923978],[-96.769084,32.930264],[-96.767088,32.930162],[-96.765908,32.929848],[-96.765676,32.93052],[-96.76534,32.930681],[-96.761202,32.930681]]]}},{"type":"Feature","properties":{"PRECINCT":"2130","VTD":"2130"},"geometry":{"type":"Polygon","coordinates":[[[-96.748136,32.939974],[-96.748076,32.938314],[-96.759964,32.928759],[-96.760006,32.929221],[-96.761111,32.928417],[-96.761187,32.932713],[-96.762937,32.932765],[-96.76472,32.933718],[-96.764715,32.934438],[-96.764054,32.936451],[-96.763978,32.939835],[-96.748136,32.939974]]]}},{"type":"Feature","properties":{"PRECINCT":"2131","VTD":"2131"},"geometry":{"type":"Polygon","coordinates":[[[-96.769412,32.891617],[-96.770045,32.887735],[-96.770285,32.887769],[-96.769912,32.890306],[-96.772759,32.890289],[-96.773136,32.889846],[-96.773389,32.890011],[-96.775075,32.890019],[-96.775068,32.89318],[-96.774561,32.894706],[-96.773842,32.895341],[-96.77229,32.895943],[-96.769489,32.896372],[-96.769458,32.89786],[-96.769412,32.891617]]]}},{"type":"Feature","properties":{"PRECINCT":"2132","VTD":"2132"},"geometry":{"type":"Polygon","coordinates":[[[-96.763978,32.939835],[-96.764054,32.936451],[-96.764715,32.934438],[-96.76472,32.933718],[-96.762937,32.932765],[-96.761187,32.932713],[-96.761202,32.930681],[-96.76534,32.930681],[-96.765676,32.93052],[-96.765908,32.929848],[-96.767088,32.930162],[-96.769084,32.930264],[-96.768987,32.939867],[-96.763978,32.939835]]]}},{"type":"Feature","properties":{"PRECINCT":"2133","VTD":"2133"},"geometry":{"type":"Polygon","coordinates":[[[-96.769313,32.923978],[-96.769214,32.921222],[-96.772482,32.921222],[-96.775131,32.919911],[-96.777015,32.920068],[-96.777015,32.920734],[-96.777509,32.921593],[-96.77966,32.922378],[-96.780848,32.924073],[-96.769313,32.923978]]]}},{"type":"Feature","properties":{"PRECINCT":"2134","VTD":"2134"},"geometry":{"type":"Polygon","coordinates":[[[-96.76339,32.898631],[-96.766061,32.898536],[-96.765613,32.896424],[-96.758116,32.886248],[-96.758375,32.885596],[-96.763748,32.887698],[-96.767118,32.887448],[-96.770045,32.887735],[-96.769314,32.892637],[-96.769464,32.898724],[-96.768668,32.898704],[-96.768543,32.905347],[-96.767646,32.904933],[-96.766551,32.903327],[-96.766527,32.902548],[-96.765971,32.901566],[-96.765556,32.901204],[-96.764532,32.900864],[-96.76339,32.898631]]]}},{"type":"Feature","properties":{"PRECINCT":"2137","VTD":"2137"},"geometry":{"type":"Polygon","coordinates":[[[-96.76085,32.871052],[-96.760155,32.871203],[-96.75477,32.870179],[-96.7556,32.867494],[-96.754534,32.866727],[-96.75512,32.86467],[-96.75681,32.865112],[-96.760503,32.867928],[-96.762851,32.870047],[-96.762572,32.87133],[-96.76085,32.871052]]]}},{"type":"Feature","properties":{"PRECINCT":"2138","VTD":"2138"},"geometry":{"type":"Polygon","coordinates":[[[-96.744737,32.875084],[-96.743796,32.875227],[-96.742946,32.874876],[-96.742787,32.874136],[-96.741982,32.873858],[-96.742693,32.873464],[-96.742249,32.873168],[-96.742043,32.872312],[-96.74174,32.872148],[-96.741382,32.872393],[-96.742677,32.868073],[-96.760155,32.871203],[-96.748962,32.880411],[-96.747245,32.877989],[-96.746,32.877071],[-96.746241,32.87652],[-96.745628,32.876112],[-96.745614,32.875597],[-96.744737,32.875084]]]}},{"type":"Feature","properties":{"PRECINCT":"2139","VTD":"2139"},"geometry":{"type":"Polygon","coordinates":[[[-96.745297,32.860639],[-96.749607,32.856904],[-96.750649,32.857386],[-96.753803,32.859626],[-96.750982,32.862084],[-96.747852,32.863428],[-96.750542,32.869537],[-96.742677,32.868073],[-96.745297,32.860639]]]}},{"type":"Feature","properties":{"PRECINCT":"2140","VTD":"2140"},"geometry":{"type":"Polygon","coordinates":[[[-96.75477,32.870179],[-96.750542,32.869537],[-96.747852,32.863428],[-96.749116,32.863014],[-96.749436,32.863781],[-96.750812,32.863819],[-96.75512,32.86467],[-96.754534,32.866727],[-96.7556,32.867494],[-96.75477,32.870179]]]}},{"type":"Feature","properties":{"PRECINCT":"2141","VTD":"2141"},"geometry":{"type":"Polygon","coordinates":[[[-96.750392,32.863763],[-96.749436,32.863781],[-96.749116,32.863014],[-96.751479,32.861745],[-96.753803,32.859626],[-96.760525,32.864662],[-96.762234,32.865325],[-96.763851,32.865519],[-96.763596,32.866571],[-96.765657,32.866916],[-96.764624,32.871673],[-96.762572,32.87133],[-96.762851,32.870047],[-96.760503,32.867928],[-96.756698,32.865043],[-96.750392,32.863763]]]}},{"type":"Feature","properties":{"PRECINCT":"2142","VTD":"2142"},"geometry":{"type":"Polygon","coordinates":[[[-96.75419,32.883246],[-96.752987,32.883027],[-96.752944,32.882227],[-96.751906,32.881473],[-96.751179,32.881299],[-96.75095,32.880674],[-96.749555,32.88073],[-96.748962,32.880411],[-96.760155,32.871203],[-96.76085,32.871052],[-96.764882,32.871736],[-96.76313,32.873376],[-96.760132,32.879185],[-96.759893,32.881535],[-96.759271,32.883367],[-96.754448,32.883727],[-96.75419,32.883246]]]}},{"type":"Feature","properties":{"PRECINCT":"2143","VTD":"2143"},"geometry":{"type":"Polygon","coordinates":[[[-96.764624,32.871673],[-96.765657,32.866916],[-96.763596,32.866571],[-96.763851,32.865519],[-96.770605,32.865603],[-96.770667,32.871847],[-96.766534,32.871937],[-96.764624,32.871673]]]}},{"type":"Feature","properties":{"PRECINCT":"2144","VTD":"2144"},"geometry":{"type":"Polygon","coordinates":[[[-96.770154,32.823484],[-96.770189,32.817366],[-96.774706,32.817239],[-96.774721,32.82023],[-96.784665,32.820211],[-96.78563,32.821736],[-96.78609,32.822077],[-96.784731,32.823513],[-96.770154,32.823484]]]}},{"type":"Feature","properties":{"PRECINCT":"2145","VTD":"2145"},"geometry":{"type":"Polygon","coordinates":[[[-96.783316,32.819046],[-96.772303,32.809469],[-96.7763,32.806176],[-96.78683,32.815143],[-96.786326,32.815282],[-96.783316,32.819046]]]}},{"type":"Feature","properties":{"PRECINCT":"2146","VTD":"2146"},"geometry":{"type":"Polygon","coordinates":[[[-96.78961,32.81559],[-96.786457,32.814977],[-96.778471,32.808072],[-96.779252,32.807391],[-96.779572,32.807612],[-96.781901,32.805616],[-96.78252,32.806202],[-96.78228,32.806755],[-96.782693,32.807098],[-96.784088,32.805985],[-96.784916,32.806696],[-96.785791,32.805978],[-96.78497,32.805284],[-96.787434,32.803292],[-96.787613,32.803187],[-96.788087,32.803615],[-96.788821,32.802922],[-96.789761,32.802538],[-96.790631,32.801665],[-96.791126,32.802121],[-96.791178,32.80258],[-96.793256,32.803436],[-96.793464,32.805554],[-96.793314,32.807544],[-96.792529,32.809849],[-96.78961,32.81559]]]}},{"type":"Feature","properties":{"PRECINCT":"2147","VTD":"2147"},"geometry":{"type":"Polygon","coordinates":[[[-96.760114,32.823092],[-96.752902,32.822963],[-96.752995,32.815443],[-96.752716,32.814819],[-96.7518,32.813988],[-96.751694,32.812711],[-96.754228,32.812692],[-96.754673,32.812314],[-96.755183,32.812691],[-96.759127,32.812707],[-96.761145,32.810998],[-96.761878,32.811754],[-96.761903,32.812112],[-96.761547,32.814351],[-96.761549,32.822001],[-96.760134,32.822018],[-96.760114,32.823092]]]}},{"type":"Feature","properties":{"PRECINCT":"2148","VTD":"2148"},"geometry":{"type":"Polygon","coordinates":[[[-96.768292,32.799241],[-96.774146,32.794421],[-96.777326,32.797131],[-96.771472,32.802016],[-96.768292,32.799241]]]}},{"type":"Feature","properties":{"PRECINCT":"2149","VTD":"2149"},"geometry":{"type":"Polygon","coordinates":[[[-96.725816,32.804378],[-96.728879,32.804288],[-96.729091,32.801662],[-96.731474,32.792949],[-96.735127,32.792972],[-96.735325,32.793881],[-96.73704,32.795088],[-96.737666,32.796595],[-96.738421,32.797508],[-96.739731,32.798583],[-96.740919,32.798882],[-96.747764,32.804902],[-96.747038,32.805538],[-96.747155,32.806053],[-96.745049,32.807996],[-96.744644,32.807512],[-96.745513,32.806797],[-96.741549,32.803384],[-96.739254,32.802705],[-96.738348,32.80202],[-96.734503,32.805757],[-96.730149,32.810544],[-96.726271,32.813189],[-96.72514,32.810955],[-96.725335,32.809928],[-96.726356,32.807564],[-96.725816,32.804378]]]}},{"type":"Feature","properties":{"PRECINCT":"2150","VTD":"2150"},"geometry":{"type":"Polygon","coordinates":[[[-96.747764,32.804902],[-96.740919,32.798882],[-96.739731,32.798583],[-96.738421,32.797508],[-96.737666,32.796595],[-96.73704,32.795088],[-96.735325,32.793881],[-96.735127,32.792972],[-96.737384,32.792969],[-96.737389,32.791776],[-96.74999,32.791348],[-96.747373,32.793729],[-96.753876,32.799413],[-96.754312,32.799242],[-96.755611,32.800351],[-96.753851,32.801789],[-96.753524,32.801496],[-96.751989,32.802802],[-96.7517,32.80285],[-96.751011,32.802205],[-96.750703,32.802171],[-96.749156,32.803531],[-96.747155,32.806053],[-96.747038,32.805538],[-96.747764,32.804902]]]}},{"type":"Feature","properties":{"PRECINCT":"2152","VTD":"2152"},"geometry":{"type":"Polygon","coordinates":[[[-96.778471,32.808072],[-96.771472,32.802016],[-96.777326,32.797131],[-96.778178,32.797874],[-96.775109,32.800472],[-96.776285,32.801533],[-96.781069,32.797561],[-96.787613,32.803187],[-96.78497,32.805284],[-96.785791,32.805978],[-96.784916,32.806696],[-96.784088,32.805985],[-96.782693,32.807098],[-96.78228,32.806755],[-96.78252,32.806202],[-96.781901,32.805616],[-96.779572,32.807612],[-96.779252,32.807391],[-96.778471,32.808072]]]}},{"type":"Feature","properties":{"PRECINCT":"2153","VTD":"2153"},"geometry":{"type":"Polygon","coordinates":[[[-96.772303,32.809469],[-96.770192,32.807609],[-96.770196,32.807943],[-96.764856,32.807943],[-96.764497,32.808225],[-96.760713,32.804954],[-96.763263,32.802988],[-96.764506,32.804116],[-96.769311,32.800134],[-96.7763,32.806176],[-96.772303,32.809469]]]}},{"type":"Feature","properties":{"PRECINCT":"2154","VTD":"2154"},"geometry":{"type":"Polygon","coordinates":[[[-96.774146,32.794421],[-96.775844,32.793008],[-96.778176,32.795068],[-96.776519,32.796436],[-96.774146,32.794421]]]}},{"type":"Feature","properties":{"PRECINCT":"2155","VTD":"2155"},"geometry":{"type":"Polygon","coordinates":[[[-96.732739,32.813197],[-96.72949,32.8111],[-96.738348,32.80202],[-96.739254,32.802705],[-96.741267,32.803244],[-96.741828,32.803604],[-96.745513,32.806797],[-96.744644,32.807512],[-96.744874,32.807827],[-96.749358,32.811639],[-96.751096,32.812251],[-96.75114,32.812721],[-96.748903,32.812651],[-96.743968,32.811804],[-96.743691,32.813743],[-96.740707,32.813257],[-96.74003,32.815594],[-96.736053,32.814695],[-96.732739,32.813197]]]}},{"type":"Feature","properties":{"PRECINCT":"2200","VTD":"2200"},"geometry":{"type":"Polygon","coordinates":[[[-96.810411,32.836609],[-96.810418,32.835765],[-96.806964,32.835839],[-96.806976,32.829122],[-96.809993,32.829087],[-96.81361,32.828436],[-96.81576,32.828501],[-96.815971,32.826754],[-96.816246,32.826775],[-96.816889,32.821696],[-96.818457,32.823135],[-96.81761,32.824684],[-96.818438,32.825405],[-96.817242,32.826504],[-96.819145,32.827916],[-96.819237,32.836655],[-96.810411,32.836609]]]}},{"type":"Feature","properties":{"PRECINCT":"2201","VTD":"2201"},"geometry":{"type":"Polygon","coordinates":[[[-96.804361,32.838208],[-96.80439,32.836589],[-96.800641,32.836577],[-96.800942,32.834435],[-96.802329,32.8337],[-96.802412,32.831896],[-96.802899,32.831009],[-96.802349,32.82947],[-96.802226,32.828265],[-96.801222,32.826346],[-96.80057,32.822544],[-96.799698,32.819758],[-96.799205,32.818945],[-96.799987,32.81897],[-96.800209,32.819693],[-96.802381,32.819679],[-96.802347,32.822671],[-96.804509,32.822688],[-96.804513,32.823175],[-96.812034,32.823195],[-96.812876,32.82242],[-96.812816,32.822063],[-96.813956,32.820707],[-96.813746,32.820541],[-96.814666,32.819834],[-96.816889,32.821696],[-96.816246,32.826775],[-96.815971,32.826754],[-96.81576,32.828501],[-96.81361,32.828436],[-96.809993,32.829087],[-96.806976,32.829122],[-96.806964,32.835839],[-96.810418,32.835765],[-96.810411,32.836609],[-96.808859,32.836599],[-96.808675,32.837934],[-96.804361,32.838208]]]}},{"type":"Feature","properties":{"PRECINCT":"2202","VTD":"2202"},"geometry":{"type":"Polygon","coordinates":[[[-96.795545,32.843877],[-96.795548,32.840632],[-96.789966,32.840722],[-96.789959,32.837617],[-96.787094,32.837683],[-96.787088,32.837412],[-96.785094,32.837426],[-96.785134,32.836543],[-96.781068,32.836582],[-96.780948,32.832754],[-96.786143,32.828333],[-96.786901,32.828941],[-96.785439,32.830264],[-96.785135,32.831147],[-96.783333,32.831164],[-96.783307,32.832341],[-96.802322,32.832357],[-96.802329,32.8337],[-96.800942,32.834435],[-96.800641,32.836577],[-96.80439,32.836589],[-96.804361,32.838208],[-96.80244,32.838189],[-96.801391,32.839269],[-96.801607,32.840228],[-96.801938,32.840511],[-96.801946,32.841918],[-96.79914,32.841819],[-96.798738,32.842863],[-96.797953,32.842762],[-96.79737,32.843952],[-96.795545,32.843877]]]}},{"type":"Feature","properties":{"PRECINCT":"2203","VTD":"2203"},"geometry":{"type":"Polygon","coordinates":[[[-96.783307,32.832341],[-96.783333,32.831164],[-96.785135,32.831147],[-96.785439,32.830264],[-96.786901,32.828941],[-96.786143,32.828333],[-96.79117,32.824084],[-96.792992,32.822173],[-96.795694,32.823189],[-96.798209,32.823208],[-96.797312,32.820843],[-96.798861,32.819265],[-96.799111,32.819312],[-96.799205,32.818945],[-96.799698,32.819758],[-96.80057,32.822544],[-96.801222,32.826346],[-96.802226,32.828265],[-96.802349,32.82947],[-96.802876,32.830869],[-96.802322,32.832357],[-96.783307,32.832341]]]}},{"type":"Feature","properties":{"PRECINCT":"2220","VTD":"2220"},"geometry":{"type":"Polygon","coordinates":[[[-96.786747,32.865389],[-96.786887,32.860365],[-96.78865,32.860365],[-96.788856,32.859424],[-96.789587,32.858874],[-96.789655,32.858106],[-96.799556,32.85799],[-96.799516,32.859136],[-96.801847,32.858911],[-96.801853,32.857934],[-96.804285,32.857869],[-96.804172,32.865495],[-96.786747,32.865389]]]}},{"type":"Feature","properties":{"PRECINCT":"2221","VTD":"2221"},"geometry":{"type":"Polygon","coordinates":[[[-96.806372,32.860394],[-96.806387,32.859842],[-96.804258,32.859817],[-96.804285,32.857869],[-96.801853,32.857934],[-96.801847,32.858911],[-96.799516,32.859136],[-96.799556,32.85799],[-96.789655,32.858106],[-96.789142,32.85669],[-96.789282,32.855674],[-96.789829,32.85483],[-96.790956,32.854118],[-96.793562,32.853262],[-96.794201,32.852832],[-96.794786,32.852058],[-96.79495,32.851073],[-96.813168,32.851174],[-96.812324,32.857922],[-96.808618,32.857912],[-96.808584,32.860422],[-96.806372,32.860394]]]}},{"type":"Feature","properties":{"PRECINCT":"2222","VTD":"2222"},"geometry":{"type":"Polygon","coordinates":[[[-96.783068,32.865375],[-96.782991,32.859912],[-96.780298,32.859896],[-96.780267,32.857608],[-96.776693,32.857577],[-96.77669,32.856374],[-96.776974,32.85549],[-96.773104,32.855514],[-96.77343,32.851607],[-96.776999,32.851655],[-96.777006,32.85109],[-96.79495,32.851073],[-96.794706,32.852229],[-96.793999,32.852995],[-96.790956,32.854118],[-96.789829,32.85483],[-96.789374,32.855468],[-96.789142,32.85669],[-96.789692,32.858252],[-96.789587,32.858874],[-96.788856,32.859424],[-96.78865,32.860365],[-96.786887,32.860365],[-96.786747,32.865389],[-96.783068,32.865375]]]}},{"type":"Feature","properties":{"PRECINCT":"2223","VTD":"2223"},"geometry":{"type":"Polygon","coordinates":[[[-96.772777,32.851024],[-96.772774,32.850484],[-96.771998,32.850467],[-96.773814,32.845573],[-96.77149,32.845461],[-96.771485,32.84477],[-96.771037,32.844771],[-96.771052,32.843749],[-96.774763,32.843778],[-96.77608,32.841695],[-96.777521,32.838687],[-96.779384,32.83659],[-96.779372,32.843164],[-96.777225,32.843151],[-96.777206,32.84377],[-96.779015,32.843792],[-96.778921,32.847841],[-96.782822,32.847881],[-96.782824,32.847582],[-96.786867,32.847605],[-96.786915,32.851143],[-96.772777,32.851024]]]}},{"type":"Feature","properties":{"PRECINCT":"2224","VTD":"2224"},"geometry":{"type":"Polygon","coordinates":[[[-96.778921,32.847841],[-96.779015,32.843792],[-96.777206,32.84377],[-96.777225,32.843151],[-96.779372,32.843164],[-96.779384,32.83659],[-96.785134,32.836543],[-96.785094,32.837426],[-96.787088,32.837412],[-96.787094,32.837683],[-96.789959,32.837617],[-96.789966,32.840722],[-96.795548,32.840632],[-96.795545,32.843877],[-96.787016,32.843801],[-96.786867,32.847605],[-96.782824,32.847582],[-96.782822,32.847881],[-96.778921,32.847841]]]}},{"type":"Feature","properties":{"PRECINCT":"2225","VTD":"2225"},"geometry":{"type":"Polygon","coordinates":[[[-96.804211,32.851134],[-96.786915,32.851143],[-96.787016,32.843801],[-96.79737,32.843952],[-96.797953,32.842762],[-96.798738,32.842863],[-96.79914,32.841819],[-96.801946,32.841918],[-96.801938,32.840511],[-96.801607,32.840228],[-96.801391,32.839269],[-96.80244,32.838189],[-96.804361,32.838208],[-96.804211,32.851134]]]}},{"type":"Feature","properties":{"PRECINCT":"2226","VTD":"2226"},"geometry":{"type":"Polygon","coordinates":[[[-96.808859,32.836599],[-96.814879,32.836627],[-96.813667,32.846884],[-96.813012,32.846883],[-96.81301,32.847327],[-96.812125,32.847327],[-96.812086,32.851177],[-96.804211,32.851134],[-96.804361,32.838208],[-96.808675,32.837934],[-96.808859,32.836599]]]}},{"type":"Feature","properties":{"PRECINCT":"2300","VTD":"2300"},"geometry":{"type":"Polygon","coordinates":[[[-96.871899,32.94635],[-96.872642,32.945132],[-96.873106,32.943711],[-96.873193,32.938906],[-96.882266,32.939002],[-96.884111,32.938377],[-96.884914,32.938322],[-96.884699,32.939245],[-96.883368,32.940711],[-96.883328,32.943092],[-96.885547,32.943177],[-96.885292,32.944074],[-96.887547,32.944073],[-96.887548,32.946393],[-96.871899,32.94635]]]}},{"type":"Feature","properties":{"PRECINCT":"2301","VTD":"2301"},"geometry":{"type":"Polygon","coordinates":[[[-96.855801,32.953083],[-96.855937,32.933678],[-96.859067,32.933844],[-96.862671,32.932169],[-96.862962,32.932159],[-96.862973,32.932758],[-96.863689,32.933647],[-96.865312,32.934219],[-96.867432,32.933557],[-96.868956,32.93231],[-96.869628,32.9321],[-96.871461,32.932124],[-96.872741,32.932917],[-96.873245,32.93301],[-96.873139,32.943491],[-96.872642,32.945132],[-96.870966,32.948513],[-96.870721,32.953381],[-96.855801,32.953083]]]}},{"type":"Feature","properties":{"PRECINCT":"2302","VTD":"2302"},"geometry":{"type":"Polygon","coordinates":[[[-96.890901,32.923961],[-96.889358,32.923934],[-96.889779,32.922998],[-96.890976,32.92252],[-96.89187,32.921023],[-96.891853,32.920157],[-96.892348,32.919886],[-96.894256,32.91987],[-96.894944,32.919224],[-96.895176,32.918433],[-96.895016,32.917912],[-96.891457,32.917845],[-96.891398,32.915553],[-96.89463,32.915319],[-96.894274,32.914365],[-96.897857,32.914391],[-96.898185,32.91725],[-96.899876,32.922905],[-96.899641,32.922973],[-96.900657,32.927202],[-96.902219,32.939168],[-96.890569,32.939084],[-96.890531,32.935722],[-96.890039,32.934978],[-96.888184,32.93361],[-96.88957,32.93219],[-96.890437,32.93041],[-96.890901,32.923961]]]}},{"type":"Feature","properties":{"PRECINCT":"2303","VTD":"2303"},"geometry":{"type":"Polygon","coordinates":[[[-96.873193,32.938906],[-96.873311,32.924418],[-96.886266,32.924563],[-96.888309,32.924107],[-96.890901,32.924025],[-96.890437,32.93041],[-96.88957,32.93219],[-96.888184,32.93361],[-96.889979,32.934925],[-96.890439,32.935533],[-96.890605,32.938359],[-96.884303,32.938343],[-96.882266,32.939002],[-96.873193,32.938906]]]}},{"type":"Feature","properties":{"PRECINCT":"2305","VTD":"2305"},"geometry":{"type":"Polygon","coordinates":[[[-96.835804,32.939779],[-96.835065,32.939532],[-96.833803,32.939494],[-96.822086,32.939495],[-96.82211,32.932907],[-96.822509,32.932923],[-96.821606,32.929369],[-96.821573,32.927587],[-96.821217,32.927525],[-96.820753,32.926067],[-96.833455,32.926094],[-96.835884,32.925874],[-96.838707,32.925258],[-96.846171,32.925359],[-96.846967,32.925719],[-96.847997,32.925392],[-96.851593,32.92531],[-96.854075,32.924324],[-96.855989,32.924231],[-96.855914,32.933293],[-96.847031,32.933154],[-96.846934,32.939873],[-96.835804,32.939779]]]}},{"type":"Feature","properties":{"PRECINCT":"2306","VTD":"2306"},"geometry":{"type":"Polygon","coordinates":[[[-96.855994,32.924124],[-96.856049,32.918138],[-96.858975,32.91695],[-96.867356,32.914889],[-96.870968,32.913657],[-96.871376,32.913856],[-96.873302,32.913536],[-96.873311,32.924418],[-96.855994,32.924124]]]}},{"type":"Feature","properties":{"PRECINCT":"2307","VTD":"2307"},"geometry":{"type":"Polygon","coordinates":[[[-96.846269,32.925376],[-96.838707,32.925258],[-96.841345,32.924453],[-96.856049,32.918138],[-96.855989,32.924231],[-96.854075,32.924324],[-96.851593,32.92531],[-96.847997,32.925392],[-96.846967,32.925719],[-96.846269,32.925376]]]}},{"type":"Feature","properties":{"PRECINCT":"2308","VTD":"2308"},"geometry":{"type":"Polygon","coordinates":[[[-96.899876,32.922905],[-96.898185,32.91725],[-96.897857,32.914391],[-96.898593,32.914397],[-96.898602,32.913865],[-96.901748,32.913861],[-96.904988,32.913265],[-96.904674,32.911719],[-96.908243,32.911788],[-96.909018,32.907916],[-96.921205,32.907774],[-96.925302,32.908123],[-96.931075,32.90943],[-96.931649,32.910773],[-96.932863,32.911867],[-96.933893,32.912241],[-96.936829,32.912593],[-96.938291,32.913473],[-96.93297,32.917475],[-96.931653,32.918094],[-96.923772,32.918168],[-96.92241,32.918616],[-96.921214,32.919304],[-96.921104,32.919192],[-96.919974,32.920201],[-96.918749,32.920807],[-96.91255,32.922416],[-96.907766,32.922448],[-96.904307,32.922077],[-96.904233,32.923886],[-96.903044,32.924031],[-96.903923,32.92555],[-96.903977,32.926146],[-96.901293,32.926173],[-96.902913,32.938474],[-96.902636,32.938509],[-96.902727,32.939173],[-96.902219,32.939168],[-96.902158,32.938831],[-96.900657,32.927202],[-96.899641,32.922973],[-96.899876,32.922905]]]}},{"type":"Feature","properties":{"PRECINCT":"2309","VTD":"2309"},"geometry":{"type":"Polygon","coordinates":[[[-96.922724,32.907812],[-96.909018,32.907916],[-96.910693,32.899741],[-96.910022,32.899737],[-96.910874,32.89586],[-96.911491,32.895688],[-96.914656,32.895649],[-96.928376,32.895688],[-96.928623,32.896495],[-96.928109,32.898289],[-96.928068,32.899545],[-96.927822,32.89998],[-96.927307,32.900104],[-96.9275,32.901477],[-96.926787,32.902591],[-96.929257,32.90433],[-96.929928,32.905071],[-96.929544,32.90505],[-96.929762,32.905427],[-96.930523,32.905887],[-96.931682,32.907093],[-96.931853,32.907561],[-96.931243,32.908454],[-96.931153,32.909384],[-96.925302,32.908123],[-96.922724,32.907812]]]}},{"type":"Feature","properties":{"PRECINCT":"2310","VTD":"2310"},"geometry":{"type":"Polygon","coordinates":[[[-96.873305,32.924355],[-96.873302,32.913536],[-96.871376,32.913856],[-96.870968,32.913657],[-96.881765,32.911158],[-96.881858,32.913683],[-96.882016,32.912976],[-96.884897,32.912985],[-96.884928,32.91376],[-96.884817,32.913951],[-96.884415,32.913841],[-96.884347,32.914041],[-96.886008,32.913822],[-96.886105,32.914423],[-96.88995,32.914431],[-96.891402,32.914648],[-96.891457,32.917845],[-96.895016,32.917912],[-96.895176,32.918433],[-96.894982,32.919142],[-96.894424,32.919767],[-96.891991,32.920034],[-96.89187,32.921023],[-96.890976,32.92252],[-96.889669,32.923119],[-96.889358,32.923934],[-96.890901,32.924025],[-96.888309,32.924107],[-96.886266,32.924563],[-96.873305,32.924355]]]}},{"type":"Feature","properties":{"PRECINCT":"2311","VTD":"2311"},"geometry":{"type":"Polygon","coordinates":[[[-96.887548,32.946393],[-96.887547,32.944073],[-96.885292,32.944074],[-96.885547,32.943177],[-96.883328,32.943092],[-96.883436,32.940544],[-96.884699,32.939245],[-96.884914,32.938322],[-96.890605,32.938359],[-96.890418,32.946374],[-96.887548,32.946393]]]}},{"type":"Feature","properties":{"PRECINCT":"2312","VTD":"2312"},"geometry":{"type":"Polygon","coordinates":[[[-96.891402,32.914648],[-96.886105,32.914423],[-96.886104,32.913879],[-96.885886,32.913813],[-96.884347,32.914041],[-96.884415,32.913841],[-96.884817,32.913951],[-96.884928,32.91376],[-96.884897,32.912985],[-96.882016,32.912976],[-96.881858,32.913683],[-96.881765,32.911158],[-96.890856,32.909095],[-96.891566,32.909565],[-96.891402,32.914648]]]}},{"type":"Feature","properties":{"PRECINCT":"2313","VTD":"2313"},"geometry":{"type":"Polygon","coordinates":[[[-96.902724,32.939152],[-96.902636,32.938509],[-96.902913,32.938474],[-96.901293,32.926173],[-96.903977,32.926146],[-96.903923,32.92555],[-96.903044,32.924031],[-96.904233,32.923886],[-96.904307,32.922077],[-96.907766,32.922448],[-96.91255,32.922416],[-96.918603,32.920861],[-96.919974,32.920201],[-96.921104,32.919192],[-96.921214,32.919304],[-96.92241,32.918616],[-96.923772,32.918168],[-96.925229,32.918028],[-96.925294,32.92075],[-96.924569,32.920789],[-96.924658,32.923955],[-96.919537,32.923834],[-96.91952,32.924473],[-96.920128,32.924422],[-96.920033,32.925128],[-96.920508,32.925188],[-96.920507,32.930639],[-96.911077,32.930656],[-96.911101,32.939168],[-96.902724,32.939152]]]}},{"type":"Feature","properties":{"PRECINCT":"2315","VTD":"2315"},"geometry":{"type":"Polygon","coordinates":[[[-96.838801,32.951993],[-96.8388,32.951238],[-96.831309,32.951177],[-96.831324,32.94684],[-96.825842,32.946821],[-96.825901,32.942072],[-96.822239,32.942074],[-96.822255,32.939492],[-96.834932,32.939518],[-96.836274,32.939844],[-96.839023,32.939859],[-96.838973,32.951993],[-96.838801,32.951993]]]}},{"type":"Feature","properties":{"PRECINCT":"2316","VTD":"2316"},"geometry":{"type":"Polygon","coordinates":[[[-96.862956,32.932642],[-96.862962,32.932159],[-96.862162,32.932262],[-96.858915,32.933874],[-96.855937,32.933678],[-96.855989,32.924231],[-96.873311,32.924418],[-96.873245,32.93301],[-96.872741,32.932917],[-96.871461,32.932124],[-96.869628,32.9321],[-96.868956,32.93231],[-96.867432,32.933557],[-96.865312,32.934219],[-96.863689,32.933647],[-96.862956,32.932642]]]}},{"type":"Feature","properties":{"PRECINCT":"2400","VTD":"2400"},"geometry":{"type":"Polygon","coordinates":[[[-96.932717,32.984185],[-96.923624,32.974885],[-96.923041,32.97498],[-96.921554,32.972979],[-96.919886,32.969974],[-96.922034,32.972693],[-96.914222,32.958745],[-96.908396,32.950425],[-96.904327,32.944102],[-96.903553,32.942466],[-96.902727,32.939173],[-96.911101,32.939168],[-96.911077,32.930656],[-96.920507,32.930639],[-96.920508,32.925188],[-96.920033,32.925128],[-96.920128,32.924422],[-96.91952,32.924473],[-96.919537,32.923834],[-96.924658,32.923955],[-96.924569,32.920789],[-96.925294,32.92075],[-96.925229,32.918028],[-96.930393,32.918219],[-96.931899,32.918018],[-96.93297,32.917475],[-96.938291,32.913473],[-96.938503,32.914434],[-96.937727,32.916114],[-96.938694,32.918504],[-96.938119,32.920918],[-96.938413,32.922556],[-96.938008,32.92325],[-96.936462,32.924103],[-96.935859,32.924919],[-96.936114,32.925576],[-96.937157,32.926735],[-96.937452,32.927735],[-96.936905,32.928084],[-96.935872,32.927374],[-96.935093,32.927323],[-96.933639,32.927853],[-96.932954,32.928722],[-96.933237,32.929432],[-96.933651,32.929743],[-96.936316,32.930031],[-96.939437,32.931545],[-96.940214,32.932116],[-96.940329,32.932868],[-96.939444,32.934666],[-96.938551,32.935353],[-96.937801,32.935435],[-96.935793,32.934713],[-96.935272,32.934883],[-96.935245,32.937044],[-96.934954,32.938102],[-96.932812,32.940942],[-96.932809,32.941719],[-96.933661,32.942821],[-96.934038,32.944783],[-96.935342,32.947273],[-96.937456,32.947426],[-96.938535,32.947971],[-96.93941,32.948887],[-96.939592,32.949913],[-96.938907,32.951141],[-96.938864,32.952373],[-96.942112,32.955865],[-96.94339,32.957952],[-96.94382,32.963322],[-96.944445,32.966049],[-96.944248,32.966538],[-96.941896,32.968348],[-96.943363,32.971804],[-96.944365,32.972017],[-96.945476,32.971644],[-96.946061,32.970355],[-96.946023,32.969473],[-96.946386,32.969155],[-96.947496,32.969191],[-96.946873,32.967778],[-96.946999,32.96739],[-96.947689,32.967275],[-96.950317,32.967742],[-96.95245,32.967656],[-96.953033,32.968756],[-96.952969,32.969219],[-96.952194,32.969743],[-96.951796,32.96964],[-96.951253,32.968936],[-96.950827,32.969036],[-96.950511,32.970005],[-96.95107,32.970847],[-96.950586,32.971381],[-96.951042,32.971698],[-96.951409,32.971274],[-96.952145,32.971093],[-96.953143,32.971679],[-96.954314,32.972017],[-96.953978,32.972734],[-96.954646,32.973413],[-96.954017,32.973967],[-96.953647,32.975193],[-96.953084,32.975905],[-96.953173,32.976573],[-96.95367,32.976782],[-96.954471,32.976737],[-96.954275,32.978048],[-96.954855,32.978762],[-96.955753,32.977981],[-96.956832,32.978033],[-96.95805,32.9777],[-96.958746,32.97787],[-96.957,32.979436],[-96.956752,32.980133],[-96.95808,32.98026],[-96.957331,32.981234],[-96.95731,32.981718],[-96.957725,32.982053],[-96.958527,32.982048],[-96.958918,32.981682],[-96.959041,32.980488],[-96.96022,32.980808],[-96.960715,32.981763],[-96.960488,32.982106],[-96.959068,32.982545],[-96.959831,32.983288],[-96.959867,32.983685],[-96.959207,32.984329],[-96.959834,32.984713],[-96.959395,32.985098],[-96.959531,32.98572],[-96.958661,32.985702],[-96.958665,32.989013],[-96.939882,32.988822],[-96.93487,32.986021],[-96.932717,32.984185]]]}},{"type":"Feature","properties":{"PRECINCT":"2401","VTD":"2401"},"geometry":{"type":"Polygon","coordinates":[[[-96.88864,32.973171],[-96.886298,32.971514],[-96.884958,32.9712],[-96.872454,32.971226],[-96.869243,32.970269],[-96.856275,32.970137],[-96.855499,32.97034],[-96.853714,32.969017],[-96.853794,32.960486],[-96.85558,32.960728],[-96.856392,32.960354],[-96.85596,32.959502],[-96.856017,32.957917],[-96.864058,32.959443],[-96.864197,32.953232],[-96.886446,32.953606],[-96.886289,32.960918],[-96.890167,32.960946],[-96.889995,32.973467],[-96.88864,32.973171]]]}},{"type":"Feature","properties":{"PRECINCT":"2402","VTD":"2402"},"geometry":{"type":"Polygon","coordinates":[[[-96.890641,32.987961],[-96.890887,32.986239],[-96.890163,32.983704],[-96.890177,32.978088],[-96.889922,32.975575],[-96.921554,32.975752],[-96.922241,32.975619],[-96.923624,32.974885],[-96.933927,32.985267],[-96.936299,32.986919],[-96.939882,32.988822],[-96.890641,32.987961]]]}},{"type":"Feature","properties":{"PRECINCT":"2403","VTD":"2403"},"geometry":{"type":"Polygon","coordinates":[[[-96.838596,32.96023],[-96.838869,32.958928],[-96.845964,32.959034],[-96.845968,32.958328],[-96.846847,32.958267],[-96.846835,32.956634],[-96.848086,32.956645],[-96.848049,32.968926],[-96.841936,32.968902],[-96.83865,32.964457],[-96.838596,32.96023]]]}},{"type":"Feature","properties":{"PRECINCT":"2404","VTD":"2404"},"geometry":{"type":"Polygon","coordinates":[[[-96.875295,32.98783],[-96.877142,32.981247],[-96.877848,32.979678],[-96.879057,32.978144],[-96.88722,32.972051],[-96.88864,32.973171],[-96.889995,32.973467],[-96.890163,32.983704],[-96.890887,32.986239],[-96.890617,32.988023],[-96.875295,32.98783]]]}},{"type":"Feature","properties":{"PRECINCT":"2405","VTD":"2405"},"geometry":{"type":"Polygon","coordinates":[[[-96.864219,32.983541],[-96.864326,32.970266],[-96.869243,32.970269],[-96.872454,32.971226],[-96.885232,32.971224],[-96.886298,32.971514],[-96.887112,32.972136],[-96.878695,32.978509],[-96.877848,32.979678],[-96.877142,32.981247],[-96.876069,32.985149],[-96.864562,32.985221],[-96.864219,32.983541]]]}},{"type":"Feature","properties":{"PRECINCT":"2406","VTD":"2406"},"geometry":{"type":"Polygon","coordinates":[[[-96.84275,32.970233],[-96.841936,32.968902],[-96.847769,32.968927],[-96.847769,32.969074],[-96.849248,32.969121],[-96.850094,32.969391],[-96.850446,32.969082],[-96.853714,32.969017],[-96.855499,32.97034],[-96.856275,32.970137],[-96.864326,32.970266],[-96.864219,32.983541],[-96.864562,32.985221],[-96.860721,32.986106],[-96.861291,32.987652],[-96.838955,32.98737],[-96.838867,32.981198],[-96.843037,32.980853],[-96.84314,32.971895],[-96.84275,32.970233]]]}},{"type":"Feature","properties":{"PRECINCT":"2407","VTD":"2407"},"geometry":{"type":"Polygon","coordinates":[[[-96.889922,32.975575],[-96.890162,32.963886],[-96.891529,32.96349],[-96.898412,32.960226],[-96.90445,32.957794],[-96.910761,32.953789],[-96.914826,32.959764],[-96.922034,32.972693],[-96.919886,32.969974],[-96.921554,32.972979],[-96.923152,32.975088],[-96.922241,32.975619],[-96.921554,32.975752],[-96.889922,32.975575]]]}},{"type":"Feature","properties":{"PRECINCT":"2408","VTD":"2408"},"geometry":{"type":"Polygon","coordinates":[[[-96.890162,32.963886],[-96.890167,32.960946],[-96.886289,32.960918],[-96.886446,32.953606],[-96.894579,32.953715],[-96.894545,32.949153],[-96.898563,32.949205],[-96.901306,32.948994],[-96.902979,32.948523],[-96.906159,32.946953],[-96.910761,32.953789],[-96.90445,32.957794],[-96.898412,32.960226],[-96.891529,32.96349],[-96.890162,32.963886]]]}},{"type":"Feature","properties":{"PRECINCT":"2409","VTD":"2409"},"geometry":{"type":"Polygon","coordinates":[[[-96.870721,32.953381],[-96.870915,32.948805],[-96.871899,32.94635],[-96.890418,32.946374],[-96.890438,32.944135],[-96.897563,32.944139],[-96.897534,32.949201],[-96.894545,32.949153],[-96.894579,32.953715],[-96.870721,32.953381]]]}},{"type":"Feature","properties":{"PRECINCT":"2410","VTD":"2410"},"geometry":{"type":"Polygon","coordinates":[[[-96.848964,32.96909],[-96.847769,32.969074],[-96.848049,32.968926],[-96.848086,32.956645],[-96.849877,32.95677],[-96.856017,32.957917],[-96.85596,32.959502],[-96.856392,32.960354],[-96.85558,32.960728],[-96.853794,32.960486],[-96.853619,32.968038],[-96.85387,32.969017],[-96.850446,32.969082],[-96.850094,32.969391],[-96.848964,32.96909]]]}},{"type":"Feature","properties":{"PRECINCT":"2411","VTD":"2411"},"geometry":{"type":"Polygon","coordinates":[[[-96.897534,32.949201],[-96.897563,32.944139],[-96.890438,32.944135],[-96.890569,32.939084],[-96.902727,32.939173],[-96.903553,32.942466],[-96.904559,32.944516],[-96.906159,32.946953],[-96.903915,32.948113],[-96.901737,32.948898],[-96.90012,32.949153],[-96.897534,32.949201]]]}},{"type":"Feature","properties":{"PRECINCT":"2412","VTD":"2412"},"geometry":{"type":"Polygon","coordinates":[[[-96.855754,32.954904],[-96.855929,32.95309],[-96.864197,32.953232],[-96.864058,32.959443],[-96.854155,32.957564],[-96.855754,32.954904]]]}},{"type":"Feature","properties":{"PRECINCT":"2417","VTD":"2417"},"geometry":{"type":"Polygon","coordinates":[[[-96.865484,32.985121],[-96.876069,32.985149],[-96.875295,32.98783],[-96.861291,32.987652],[-96.860721,32.986106],[-96.86347,32.985374],[-96.865484,32.985121]]]}},{"type":"Feature","properties":{"PRECINCT":"2500","VTD":"2500"},"geometry":{"type":"Polygon","coordinates":[[[-96.748057,32.978319],[-96.748226,32.963036],[-96.749571,32.96256],[-96.757495,32.962435],[-96.756995,32.962727],[-96.757239,32.963504],[-96.756435,32.964416],[-96.756934,32.965599],[-96.756074,32.966172],[-96.756077,32.966833],[-96.755778,32.967066],[-96.756099,32.967747],[-96.755582,32.9684],[-96.756009,32.9687],[-96.756161,32.969414],[-96.755488,32.969608],[-96.755363,32.96992],[-96.755435,32.971137],[-96.756036,32.971719],[-96.756123,32.972192],[-96.756014,32.972559],[-96.755477,32.972936],[-96.756203,32.974145],[-96.756184,32.977239],[-96.756554,32.978313],[-96.751189,32.978109],[-96.75088,32.978279],[-96.748057,32.978319]]]}},{"type":"Feature","properties":{"PRECINCT":"2501","VTD":"2501"},"geometry":{"type":"Polygon","coordinates":[[[-96.73798,32.986045],[-96.729385,32.975533],[-96.732929,32.975554],[-96.735534,32.975827],[-96.738717,32.977837],[-96.739716,32.97818],[-96.748287,32.978321],[-96.747969,32.98212],[-96.748436,32.984721],[-96.748426,32.986189],[-96.73798,32.986045]]]}},{"type":"Feature","properties":{"PRECINCT":"2502","VTD":"2502"},"geometry":{"type":"Polygon","coordinates":[[[-96.711854,32.985585],[-96.712665,32.983835],[-96.717055,32.983936],[-96.71718,32.979549],[-96.717701,32.978583],[-96.71874,32.977704],[-96.719901,32.977238],[-96.722604,32.976961],[-96.723373,32.976354],[-96.723698,32.975555],[-96.729385,32.975533],[-96.73798,32.986045],[-96.711854,32.985585]]]}},{"type":"Feature","properties":{"PRECINCT":"2503","VTD":"2503"},"geometry":{"type":"Polygon","coordinates":[[[-96.756554,32.978313],[-96.756184,32.977239],[-96.756203,32.974145],[-96.755477,32.972936],[-96.756014,32.972559],[-96.756123,32.972192],[-96.756036,32.971719],[-96.755435,32.971137],[-96.755363,32.96992],[-96.755488,32.969608],[-96.756161,32.969414],[-96.756009,32.9687],[-96.755582,32.9684],[-96.756099,32.967747],[-96.755774,32.967123],[-96.756077,32.966833],[-96.756074,32.966172],[-96.756934,32.965599],[-96.756422,32.964563],[-96.757239,32.963504],[-96.757027,32.962683],[-96.757495,32.962435],[-96.768942,32.962237],[-96.768923,32.973847],[-96.768867,32.974815],[-96.768249,32.976688],[-96.768214,32.978351],[-96.756554,32.978313]]]}},{"type":"Feature","properties":{"PRECINCT":"2504","VTD":"2504"},"geometry":{"type":"Polygon","coordinates":[[[-96.740435,32.978254],[-96.740469,32.976141],[-96.740032,32.975599],[-96.740039,32.97381],[-96.740481,32.97381],[-96.740602,32.972118],[-96.74136,32.969333],[-96.741152,32.967684],[-96.741901,32.963164],[-96.748226,32.963036],[-96.748166,32.978108],[-96.748057,32.978319],[-96.740435,32.978254]]]}},{"type":"Feature","properties":{"PRECINCT":"2505","VTD":"2505"},"geometry":{"type":"Polygon","coordinates":[[[-96.73421,32.975667],[-96.729385,32.975533],[-96.727096,32.972855],[-96.72787,32.972236],[-96.727995,32.971532],[-96.725841,32.97142],[-96.721844,32.967108],[-96.724004,32.964593],[-96.726387,32.966492],[-96.727333,32.966724],[-96.727477,32.966168],[-96.728411,32.964911],[-96.728493,32.961623],[-96.729164,32.960848],[-96.734686,32.960887],[-96.735248,32.961177],[-96.736233,32.962713],[-96.736702,32.96306],[-96.741901,32.963164],[-96.741217,32.96823],[-96.740764,32.968217],[-96.740812,32.967399],[-96.73826,32.967331],[-96.736549,32.966313],[-96.734303,32.966262],[-96.734281,32.975515],[-96.73421,32.975667]]]}},{"type":"Feature","properties":{"PRECINCT":"2506","VTD":"2506"},"geometry":{"type":"Polygon","coordinates":[[[-96.747272,32.961542],[-96.746625,32.961655],[-96.746523,32.960742],[-96.747362,32.958807],[-96.747391,32.95754],[-96.748456,32.95704],[-96.749099,32.957183],[-96.751124,32.955719],[-96.751339,32.955354],[-96.75198,32.955154],[-96.752084,32.953708],[-96.752367,32.953411],[-96.753368,32.953075],[-96.753651,32.952424],[-96.753153,32.95122],[-96.76603,32.951281],[-96.768983,32.950985],[-96.768942,32.962237],[-96.749571,32.96256],[-96.747505,32.963171],[-96.747195,32.962733],[-96.747433,32.961968],[-96.747272,32.961542]]]}},{"type":"Feature","properties":{"PRECINCT":"2507","VTD":"2507"},"geometry":{"type":"Polygon","coordinates":[[[-96.736538,32.962985],[-96.735305,32.961239],[-96.734686,32.960887],[-96.727759,32.960862],[-96.729872,32.958339],[-96.734744,32.950787],[-96.734841,32.951089],[-96.735062,32.950757],[-96.753153,32.95122],[-96.753651,32.952424],[-96.753368,32.953075],[-96.752367,32.953411],[-96.752084,32.953708],[-96.75198,32.955154],[-96.751339,32.955354],[-96.751124,32.955719],[-96.749099,32.957183],[-96.748456,32.95704],[-96.747371,32.957577],[-96.747362,32.958807],[-96.746523,32.960742],[-96.746625,32.961655],[-96.747217,32.961534],[-96.747416,32.961709],[-96.747191,32.96269],[-96.747505,32.963171],[-96.737037,32.963139],[-96.736538,32.962985]]]}},{"type":"Feature","properties":{"PRECINCT":"2508","VTD":"2508"},"geometry":{"type":"Polygon","coordinates":[[[-96.711799,32.985692],[-96.699773,32.985377],[-96.699933,32.967863],[-96.706308,32.967937],[-96.705056,32.966959],[-96.702148,32.966818],[-96.70172,32.966624],[-96.70147,32.962967],[-96.701382,32.962808],[-96.700348,32.962803],[-96.70031,32.960588],[-96.699965,32.960579],[-96.699948,32.945321],[-96.708618,32.94536],[-96.712528,32.948048],[-96.713637,32.948347],[-96.729822,32.948324],[-96.73482,32.950657],[-96.729872,32.958339],[-96.727759,32.960862],[-96.729164,32.960848],[-96.728493,32.961623],[-96.728411,32.964911],[-96.727477,32.966168],[-96.727333,32.966724],[-96.726387,32.966492],[-96.724004,32.964593],[-96.721844,32.967108],[-96.725841,32.97142],[-96.727995,32.971532],[-96.72787,32.972236],[-96.727096,32.972855],[-96.729385,32.975533],[-96.723698,32.975555],[-96.723373,32.976354],[-96.722604,32.976961],[-96.719901,32.977238],[-96.718379,32.977933],[-96.717701,32.978583],[-96.71718,32.979549],[-96.717055,32.983936],[-96.712665,32.983835],[-96.711799,32.985692]]]}},{"type":"Feature","properties":{"PRECINCT":"2509","VTD":"2509"},"geometry":{"type":"Polygon","coordinates":[[[-96.682391,32.97898],[-96.681439,32.978596],[-96.681905,32.978158],[-96.682586,32.978215],[-96.682757,32.967796],[-96.699933,32.967863],[-96.699773,32.985377],[-96.682469,32.985286],[-96.682533,32.980204],[-96.682366,32.980169],[-96.682391,32.97898]]]}},{"type":"Feature","properties":{"PRECINCT":"2510","VTD":"2510"},"geometry":{"type":"Polygon","coordinates":[[[-96.682757,32.967796],[-96.682766,32.960684],[-96.695338,32.960547],[-96.70031,32.960588],[-96.700348,32.962803],[-96.701382,32.962808],[-96.701518,32.963161],[-96.701649,32.966548],[-96.702148,32.966818],[-96.705227,32.967008],[-96.706308,32.967937],[-96.682757,32.967796]]]}},{"type":"Feature","properties":{"PRECINCT":"2511","VTD":"2511"},"geometry":{"type":"Polygon","coordinates":[[[-96.699876,32.953089],[-96.699965,32.960579],[-96.687542,32.960515],[-96.687542,32.960656],[-96.682766,32.960684],[-96.682846,32.953083],[-96.699876,32.953089]]]}},{"type":"Feature","properties":{"PRECINCT":"2512","VTD":"2512"},"geometry":{"type":"Polygon","coordinates":[[[-96.682905,32.945316],[-96.699948,32.945321],[-96.699976,32.953086],[-96.682846,32.953083],[-96.682905,32.945316]]]}},{"type":"Feature","properties":{"PRECINCT":"2513","VTD":"2513"},"geometry":{"type":"Polygon","coordinates":[[[-96.682904,32.945157],[-96.683019,32.931235],[-96.700005,32.931413],[-96.699948,32.945321],[-96.682904,32.945157]]]}},{"type":"Feature","properties":{"PRECINCT":"2514","VTD":"2514"},"geometry":{"type":"Polygon","coordinates":[[[-96.708618,32.94536],[-96.699948,32.945321],[-96.700005,32.931413],[-96.703154,32.931306],[-96.705735,32.93149],[-96.705904,32.931232],[-96.712999,32.931355],[-96.715102,32.948357],[-96.712739,32.94815],[-96.708618,32.94536]]]}},{"type":"Feature","properties":{"PRECINCT":"2515","VTD":"2515"},"geometry":{"type":"Polygon","coordinates":[[[-96.73421,32.975667],[-96.734303,32.966262],[-96.736549,32.966313],[-96.73826,32.967331],[-96.740812,32.967399],[-96.740764,32.968217],[-96.741217,32.96823],[-96.74136,32.969333],[-96.740602,32.972118],[-96.740481,32.97381],[-96.740039,32.97381],[-96.740032,32.975599],[-96.740469,32.976141],[-96.740435,32.978254],[-96.738717,32.977837],[-96.735774,32.975914],[-96.73421,32.975667]]]}},{"type":"Feature","properties":{"PRECINCT":"2517","VTD":"2517"},"geometry":{"type":"Polygon","coordinates":[[[-96.730952,32.938896],[-96.728517,32.938398],[-96.71962,32.93838],[-96.718431,32.937994],[-96.718559,32.937843],[-96.718321,32.937935],[-96.717797,32.937683],[-96.713518,32.935414],[-96.712999,32.931355],[-96.712188,32.931251],[-96.718125,32.931291],[-96.718138,32.929332],[-96.718755,32.929332],[-96.718845,32.930191],[-96.721213,32.930207],[-96.721127,32.930819],[-96.720412,32.931763],[-96.723035,32.933106],[-96.732806,32.933197],[-96.734544,32.929281],[-96.733172,32.929173],[-96.7333,32.92718],[-96.73546,32.927183],[-96.73704,32.923613],[-96.73836,32.923334],[-96.740312,32.923283],[-96.733693,32.938955],[-96.730952,32.938896]]]}},{"type":"Feature","properties":{"PRECINCT":"2518","VTD":"2518"},"geometry":{"type":"Polygon","coordinates":[[[-96.721193,32.930684],[-96.721213,32.930207],[-96.718845,32.930191],[-96.718755,32.929332],[-96.718138,32.929332],[-96.718147,32.925432],[-96.736229,32.925463],[-96.73546,32.927183],[-96.7333,32.92718],[-96.733172,32.929173],[-96.734544,32.929281],[-96.732806,32.933197],[-96.723035,32.933106],[-96.720412,32.931763],[-96.721193,32.930684]]]}},{"type":"Feature","properties":{"PRECINCT":"2519","VTD":"2519"},"geometry":{"type":"Polygon","coordinates":[[[-96.753153,32.95122],[-96.753081,32.949759],[-96.752297,32.948898],[-96.753059,32.948164],[-96.754452,32.947803],[-96.754426,32.94717],[-96.75495,32.945752],[-96.754987,32.943879],[-96.756134,32.942462],[-96.756442,32.941608],[-96.756558,32.939972],[-96.768987,32.939867],[-96.768983,32.950985],[-96.76603,32.951281],[-96.753153,32.95122]]]}},{"type":"Feature","properties":{"PRECINCT":"2520","VTD":"2520"},"geometry":{"type":"Polygon","coordinates":[[[-96.729822,32.948324],[-96.715102,32.948357],[-96.713518,32.935414],[-96.717797,32.937683],[-96.718321,32.937935],[-96.718559,32.937843],[-96.718431,32.937994],[-96.71962,32.93838],[-96.728517,32.938398],[-96.731192,32.938937],[-96.733693,32.938955],[-96.735372,32.935108],[-96.738686,32.936095],[-96.740427,32.935964],[-96.741229,32.934732],[-96.743186,32.934888],[-96.743644,32.934255],[-96.744333,32.933917],[-96.748384,32.934137],[-96.748131,32.937607],[-96.745599,32.939464],[-96.745509,32.939763],[-96.745941,32.939999],[-96.737719,32.946685],[-96.73647,32.948113],[-96.73482,32.950657],[-96.729822,32.948324]]]}},{"type":"Feature","properties":{"PRECINCT":"2521","VTD":"2521"},"geometry":{"type":"Polygon","coordinates":[[[-96.734744,32.950787],[-96.73647,32.948113],[-96.737719,32.946685],[-96.745941,32.939999],[-96.745509,32.939763],[-96.745599,32.939464],[-96.748131,32.937607],[-96.748136,32.939974],[-96.756558,32.939972],[-96.756442,32.941608],[-96.756134,32.942462],[-96.754987,32.943879],[-96.75495,32.945752],[-96.754426,32.94717],[-96.754452,32.947803],[-96.753059,32.948164],[-96.752297,32.948898],[-96.753081,32.949759],[-96.753153,32.95122],[-96.735062,32.950757],[-96.734841,32.951089],[-96.734744,32.950787]]]}},{"type":"Feature","properties":{"PRECINCT":"2523","VTD":"2523"},"geometry":{"type":"Polygon","coordinates":[[[-96.75088,32.978279],[-96.751189,32.978109],[-96.768214,32.978351],[-96.768247,32.986454],[-96.748426,32.986189],[-96.748436,32.984721],[-96.747969,32.98212],[-96.748287,32.978321],[-96.75088,32.978279]]]}},{"type":"Feature","properties":{"PRECINCT":"2601","VTD":"2601"},"geometry":{"type":"Polygon","coordinates":[[[-96.958014,32.950241],[-96.957662,32.949143],[-96.95711,32.948425],[-96.952978,32.945583],[-96.952339,32.944822],[-96.952122,32.943753],[-96.952193,32.93585],[-96.962636,32.935927],[-96.962546,32.937482],[-96.961316,32.938609],[-96.962289,32.940314],[-96.962564,32.94162],[-96.960806,32.941992],[-96.959398,32.942024],[-96.959645,32.943272],[-96.960297,32.943838],[-96.960036,32.944111],[-96.96008,32.944493],[-96.960644,32.945222],[-96.960058,32.945641],[-96.960267,32.946216],[-96.959377,32.946958],[-96.959348,32.95029],[-96.958014,32.950241]]]}},{"type":"Feature","properties":{"PRECINCT":"2602","VTD":"2602"},"geometry":{"type":"Polygon","coordinates":[[[-96.943473,32.913458],[-96.941126,32.912882],[-96.942182,32.912477],[-96.943594,32.912344],[-96.943324,32.912209],[-96.958718,32.915705],[-96.958685,32.920344],[-96.958427,32.921317],[-96.957648,32.922258],[-96.95306,32.925359],[-96.952365,32.926327],[-96.952211,32.932952],[-96.946572,32.932907],[-96.945539,32.93264],[-96.944681,32.932087],[-96.945487,32.931188],[-96.945779,32.930399],[-96.945809,32.926668],[-96.944267,32.924189],[-96.944204,32.920681],[-96.94343,32.919258],[-96.943289,32.918393],[-96.944059,32.916561],[-96.944156,32.915622],[-96.943473,32.913458]]]}},{"type":"Feature","properties":{"PRECINCT":"2603","VTD":"2603"},"geometry":{"type":"Polygon","coordinates":[[[-96.952193,32.93585],[-96.952365,32.926327],[-96.95306,32.925359],[-96.957648,32.922258],[-96.958427,32.921317],[-96.958685,32.920344],[-96.958718,32.915705],[-96.972585,32.918871],[-96.975296,32.918956],[-96.993774,32.923184],[-96.993703,32.925714],[-96.967892,32.925331],[-96.967707,32.925344],[-96.967656,32.927149],[-96.963651,32.927017],[-96.962216,32.927263],[-96.957948,32.927312],[-96.958109,32.928466],[-96.959116,32.929619],[-96.958658,32.930033],[-96.960377,32.93164],[-96.960562,32.932876],[-96.961267,32.932982],[-96.961407,32.933915],[-96.962636,32.935927],[-96.952193,32.93585]]]}},{"type":"Feature","properties":{"PRECINCT":"2604","VTD":"2604"},"geometry":{"type":"Polygon","coordinates":[[[-96.954073,32.950164],[-96.95232,32.949123],[-96.949295,32.948071],[-96.945084,32.947966],[-96.94356,32.947276],[-96.942527,32.946157],[-96.941675,32.939134],[-96.941345,32.938572],[-96.940066,32.938184],[-96.939551,32.937624],[-96.938274,32.93768],[-96.938301,32.937188],[-96.937944,32.937238],[-96.937584,32.9381],[-96.937506,32.937508],[-96.93683,32.937334],[-96.93617,32.936743],[-96.935755,32.936721],[-96.935576,32.937053],[-96.935245,32.937044],[-96.935321,32.934832],[-96.935793,32.934713],[-96.937801,32.935435],[-96.938551,32.935353],[-96.939444,32.934666],[-96.940302,32.933],[-96.940214,32.932116],[-96.939437,32.931545],[-96.936316,32.930031],[-96.933651,32.929743],[-96.933237,32.929432],[-96.932954,32.928722],[-96.933639,32.927853],[-96.935093,32.927323],[-96.935872,32.927374],[-96.936905,32.928084],[-96.937416,32.927832],[-96.937157,32.926735],[-96.936114,32.925576],[-96.935859,32.924919],[-96.936462,32.924103],[-96.938008,32.92325],[-96.938413,32.922556],[-96.938119,32.920918],[-96.938694,32.918504],[-96.937733,32.916328],[-96.937783,32.915678],[-96.938503,32.914434],[-96.938146,32.913328],[-96.940806,32.91162],[-96.943594,32.912344],[-96.942182,32.912477],[-96.941126,32.912882],[-96.942289,32.913338],[-96.943473,32.913458],[-96.944156,32.915622],[-96.944059,32.916561],[-96.943326,32.918107],[-96.943347,32.918979],[-96.944204,32.920681],[-96.944267,32.924189],[-96.945668,32.926243],[-96.945836,32.927083],[-96.945742,32.930567],[-96.944681,32.932087],[-96.945539,32.93264],[-96.946572,32.932907],[-96.952211,32.932952],[-96.952174,32.944338],[-96.952978,32.945583],[-96.95711,32.948425],[-96.957662,32.949143],[-96.958014,32.950241],[-96.956001,32.950502],[-96.954073,32.950164]]]}},{"type":"Feature","properties":{"PRECINCT":"2605","VTD":"2605"},"geometry":{"type":"Polygon","coordinates":[[[-96.962222,32.949772],[-96.961774,32.949122],[-96.961309,32.94923],[-96.960206,32.949691],[-96.959832,32.95033],[-96.959348,32.95029],[-96.959377,32.946958],[-96.960267,32.946216],[-96.960058,32.945641],[-96.960644,32.945222],[-96.96008,32.944493],[-96.960036,32.944111],[-96.960297,32.943838],[-96.959645,32.943272],[-96.959398,32.942024],[-96.960806,32.941992],[-96.962564,32.94162],[-96.962289,32.940314],[-96.961316,32.938609],[-96.962457,32.937634],[-96.962716,32.93627],[-96.961407,32.933915],[-96.961267,32.932982],[-96.960562,32.932876],[-96.960377,32.93164],[-96.958658,32.930033],[-96.959116,32.929619],[-96.958109,32.928466],[-96.957948,32.927312],[-96.962216,32.927263],[-96.963651,32.927017],[-96.967656,32.927149],[-96.967569,32.947477],[-96.968323,32.9475],[-96.968291,32.949407],[-96.970065,32.949425],[-96.970022,32.951633],[-96.968253,32.951741],[-96.968297,32.953966],[-96.967886,32.953865],[-96.963089,32.950125],[-96.962222,32.949772]]]}},{"type":"Feature","properties":{"PRECINCT":"2606","VTD":"2606"},"geometry":{"type":"Polygon","coordinates":[[[-96.958923,32.895955],[-96.928376,32.895688],[-96.928195,32.894816],[-96.927135,32.893411],[-96.926923,32.892482],[-96.927158,32.89173],[-96.927653,32.891215],[-96.93041,32.890918],[-96.930999,32.890245],[-96.929962,32.88787],[-96.929962,32.887258],[-96.931776,32.885477],[-96.932083,32.884625],[-96.931941,32.883974],[-96.931281,32.883071],[-96.928612,32.88353],[-96.928029,32.8832],[-96.927777,32.882596],[-96.928073,32.881804],[-96.928829,32.881245],[-96.92941,32.880215],[-96.929287,32.877797],[-96.929512,32.876067],[-96.931073,32.873728],[-96.932964,32.87429],[-96.939103,32.877937],[-96.948325,32.882255],[-96.951446,32.884318],[-96.962607,32.890462],[-96.95909,32.894973],[-96.958923,32.895955]]]}},{"type":"Feature","properties":{"PRECINCT":"2607","VTD":"2607"},"geometry":{"type":"Polygon","coordinates":[[[-97.031906,32.943867],[-97.017831,32.943627],[-97.015397,32.942189],[-97.012981,32.940109],[-97.008284,32.93455],[-97.009416,32.929647],[-97.009937,32.928821],[-97.0107,32.928272],[-97.008281,32.925385],[-97.007897,32.924599],[-97.007951,32.91527],[-97.023064,32.922857],[-97.032147,32.930409],[-97.031906,32.943867]]]}},{"type":"Feature","properties":{"PRECINCT":"2608","VTD":"2608"},"geometry":{"type":"Polygon","coordinates":[[[-96.972397,32.918829],[-96.958718,32.915705],[-96.958831,32.907017],[-96.961259,32.907079],[-96.962445,32.907482],[-96.96405,32.905146],[-96.96488,32.904338],[-96.965909,32.903675],[-96.970567,32.901594],[-96.971372,32.900838],[-96.972519,32.901401],[-96.973957,32.901741],[-96.978816,32.901578],[-96.978861,32.901434],[-96.979397,32.901553],[-96.980734,32.902236],[-96.981736,32.903492],[-96.982054,32.905281],[-96.981858,32.908406],[-96.983216,32.910776],[-96.983901,32.911259],[-96.984758,32.911498],[-96.984382,32.913389],[-96.983655,32.914357],[-96.983565,32.914222],[-96.98308,32.9146],[-96.983454,32.914513],[-96.98142,32.915821],[-96.981448,32.917394],[-96.980698,32.917394],[-96.980227,32.917693],[-96.976622,32.917679],[-96.975296,32.918956],[-96.972397,32.918829]]]}},{"type":"Feature","properties":{"PRECINCT":"2609","VTD":"2609"},"geometry":{"type":"Polygon","coordinates":[[[-96.997191,32.923688],[-96.993782,32.922607],[-96.993774,32.923184],[-96.975296,32.918956],[-96.976622,32.917679],[-96.980227,32.917693],[-96.980698,32.917394],[-96.981448,32.917394],[-96.98142,32.915821],[-96.984039,32.913981],[-96.984456,32.913175],[-96.984758,32.911498],[-96.985859,32.91133],[-96.987508,32.910645],[-96.98879,32.910476],[-96.989852,32.910655],[-96.992444,32.911655],[-96.995057,32.911724],[-96.996769,32.912125],[-96.998222,32.913134],[-96.998869,32.914237],[-96.998894,32.918743],[-96.999733,32.920005],[-97.00115,32.920561],[-97.00792,32.92076],[-97.008014,32.924999],[-97.0107,32.928272],[-97.009937,32.928821],[-97.009416,32.929647],[-97.008284,32.93455],[-97.003081,32.928461],[-97.001206,32.926748],[-96.997191,32.923688]]]}},{"type":"Feature","properties":{"PRECINCT":"2610","VTD":"2610"},"geometry":{"type":"Polygon","coordinates":[[[-96.931875,32.911078],[-96.931075,32.90943],[-96.940806,32.91162],[-96.938146,32.913328],[-96.936829,32.912593],[-96.933893,32.912241],[-96.932863,32.911867],[-96.931875,32.911078]]]}},{"type":"Feature","properties":{"PRECINCT":"2611","VTD":"2611"},"geometry":{"type":"Polygon","coordinates":[[[-96.992776,32.911687],[-96.98879,32.910476],[-96.987508,32.910645],[-96.985066,32.911513],[-96.984136,32.911358],[-96.983454,32.910981],[-96.982837,32.910299],[-96.981858,32.908406],[-96.982054,32.905281],[-96.981736,32.903492],[-96.980734,32.902236],[-96.978861,32.901434],[-96.978816,32.901578],[-96.973957,32.901741],[-96.972519,32.901401],[-96.971372,32.900838],[-96.970567,32.901594],[-96.965909,32.903675],[-96.964635,32.904564],[-96.964024,32.904127],[-96.962621,32.903647],[-96.961808,32.902997],[-96.958858,32.905012],[-96.958978,32.89524],[-96.962607,32.890462],[-96.981756,32.900939],[-96.989177,32.903844],[-96.99273,32.905816],[-96.993711,32.908659],[-96.993882,32.910353],[-96.993877,32.911687],[-96.992776,32.911687]]]}},{"type":"Feature","properties":{"PRECINCT":"2612","VTD":"2612"},"geometry":{"type":"Polygon","coordinates":[[[-96.960988,32.907047],[-96.958831,32.907017],[-96.958858,32.905012],[-96.961808,32.902997],[-96.962621,32.903647],[-96.964024,32.904127],[-96.964635,32.904564],[-96.962445,32.907482],[-96.960988,32.907047]]]}},{"type":"Feature","properties":{"PRECINCT":"2613","VTD":"2613"},"geometry":{"type":"Polygon","coordinates":[[[-96.930523,32.905887],[-96.929574,32.90502],[-96.929928,32.905071],[-96.929257,32.90433],[-96.926787,32.902591],[-96.9275,32.901477],[-96.927307,32.900104],[-96.927822,32.89998],[-96.928068,32.899545],[-96.928109,32.898289],[-96.928623,32.896495],[-96.928376,32.895688],[-96.958923,32.895955],[-96.958718,32.915705],[-96.931075,32.90943],[-96.931243,32.908454],[-96.931831,32.907382],[-96.930523,32.905887]]]}},{"type":"Feature","properties":{"PRECINCT":"2614","VTD":"2614"},"geometry":{"type":"Polygon","coordinates":[[[-97.00792,32.92076],[-97.000972,32.920532],[-96.999912,32.92014],[-96.999178,32.919427],[-96.998894,32.918743],[-96.998931,32.91474],[-96.998647,32.913682],[-96.997898,32.912823],[-96.996769,32.912125],[-96.995584,32.911791],[-96.993877,32.911687],[-96.993811,32.909162],[-96.99273,32.905816],[-97.003974,32.912988],[-97.007951,32.91527],[-97.00792,32.92076]]]}},{"type":"Feature","properties":{"PRECINCT":"2800","VTD":"2800"},"geometry":{"type":"Polygon","coordinates":[[[-96.993617,32.948314],[-96.993615,32.947716],[-96.991662,32.947708],[-96.991714,32.944443],[-96.99344,32.944294],[-96.99352,32.931249],[-96.991391,32.931226],[-96.99145,32.92572],[-96.993703,32.925714],[-96.993782,32.922607],[-96.997191,32.923688],[-97.001206,32.926748],[-97.003081,32.928461],[-97.007852,32.933993],[-97.008284,32.93455],[-97.007517,32.938096],[-97.007555,32.938924],[-97.007852,32.939587],[-97.01032,32.942419],[-97.007542,32.945649],[-97.006561,32.946374],[-97.002174,32.946519],[-97.001015,32.94721],[-97.00051,32.947733],[-97.000505,32.948205],[-96.995394,32.947989],[-96.993617,32.948314]]]}},{"type":"Feature","properties":{"PRECINCT":"2801","VTD":"2801"},"geometry":{"type":"Polygon","coordinates":[[[-96.976622,32.969436],[-96.976677,32.954782],[-96.98257,32.952522],[-96.983775,32.951481],[-96.985554,32.949064],[-96.986532,32.948333],[-96.987756,32.947847],[-96.988741,32.947683],[-96.993615,32.947716],[-96.993617,32.948314],[-96.995394,32.947989],[-97.000505,32.948205],[-97.000628,32.94885],[-97.000401,32.949223],[-96.999496,32.949692],[-96.999624,32.95008],[-96.997094,32.950274],[-96.993601,32.951006],[-96.993745,32.96935],[-96.976622,32.969436]]]}},{"type":"Feature","properties":{"PRECINCT":"2802","VTD":"2802"},"geometry":{"type":"Polygon","coordinates":[[[-97.011477,32.973139],[-97.009634,32.97202],[-97.00642,32.969496],[-97.005925,32.969642],[-96.998771,32.969596],[-96.993745,32.96935],[-96.993658,32.967911],[-96.993601,32.951006],[-96.997094,32.950274],[-96.999624,32.95008],[-96.999496,32.949692],[-97.000401,32.949223],[-97.000628,32.94885],[-97.00051,32.947733],[-97.001391,32.946869],[-97.002174,32.946519],[-97.006561,32.946374],[-97.007542,32.945649],[-97.01032,32.942419],[-97.011098,32.943424],[-97.010861,32.954713],[-97.006734,32.954706],[-97.006636,32.96208],[-97.014974,32.962194],[-97.01493,32.973126],[-97.011477,32.973139]]]}},{"type":"Feature","properties":{"PRECINCT":"2803","VTD":"2803"},"geometry":{"type":"Polygon","coordinates":[[[-96.967353,32.956125],[-96.968081,32.954726],[-96.967212,32.954079],[-96.970618,32.955075],[-96.972547,32.955351],[-96.974822,32.955233],[-96.976677,32.954782],[-96.976622,32.969436],[-96.970184,32.969453],[-96.970223,32.963352],[-96.97045,32.961725],[-96.97009,32.960972],[-96.967428,32.95799],[-96.967353,32.956125]]]}},{"type":"Feature","properties":{"PRECINCT":"2804","VTD":"2804"},"geometry":{"type":"Polygon","coordinates":[[[-96.95798,32.954115],[-96.958014,32.950241],[-96.959748,32.950356],[-96.960206,32.949691],[-96.961774,32.949122],[-96.962222,32.949772],[-96.963146,32.950167],[-96.967231,32.953522],[-96.968413,32.953995],[-96.969215,32.954679],[-96.967212,32.954079],[-96.968081,32.954726],[-96.967353,32.956125],[-96.967428,32.95799],[-96.97009,32.960972],[-96.97045,32.961725],[-96.970223,32.963352],[-96.970184,32.969453],[-96.959882,32.969395],[-96.959776,32.968389],[-96.958902,32.966462],[-96.95865,32.965308],[-96.958803,32.964439],[-96.959796,32.962493],[-96.959836,32.960237],[-96.95915,32.959145],[-96.957378,32.957853],[-96.956895,32.956728],[-96.957059,32.955858],[-96.95798,32.954115]]]}},{"type":"Feature","properties":{"PRECINCT":"2805","VTD":"2805"},"geometry":{"type":"Polygon","coordinates":[[[-96.973793,32.989148],[-96.97364,32.987018],[-96.97247,32.984598],[-96.97241,32.98341],[-96.975274,32.98344],[-96.976282,32.982339],[-96.974962,32.977173],[-96.97529,32.976517],[-96.97583,32.976777],[-96.976936,32.976863],[-96.97646,32.974975],[-96.976622,32.969436],[-96.993651,32.969277],[-96.993745,32.974231],[-96.993402,32.985798],[-96.990706,32.985194],[-96.988385,32.985152],[-96.986677,32.985462],[-96.985049,32.986081],[-96.980069,32.989203],[-96.973793,32.989148]]]}},{"type":"Feature","properties":{"PRECINCT":"2806","VTD":"2806"},"geometry":{"type":"Polygon","coordinates":[[[-96.96237,32.977068],[-96.960535,32.974469],[-96.96014,32.973174],[-96.959882,32.969395],[-96.976622,32.969436],[-96.97646,32.974975],[-96.976936,32.976863],[-96.97583,32.976777],[-96.97529,32.976517],[-96.975001,32.976948],[-96.97497,32.977549],[-96.97631,32.982124],[-96.97538,32.983393],[-96.97241,32.98341],[-96.972135,32.982301],[-96.971388,32.981537],[-96.964099,32.978296],[-96.96237,32.977068]]]}},{"type":"Feature","properties":{"PRECINCT":"2807","VTD":"2807"},"geometry":{"type":"Polygon","coordinates":[[[-96.960376,32.980964],[-96.959041,32.980488],[-96.958918,32.981682],[-96.958527,32.982048],[-96.957548,32.981979],[-96.957281,32.981378],[-96.95808,32.98026],[-96.956752,32.980133],[-96.957,32.979436],[-96.958746,32.97787],[-96.95805,32.9777],[-96.956832,32.978033],[-96.955753,32.977981],[-96.954855,32.978762],[-96.954275,32.978048],[-96.954471,32.976737],[-96.95367,32.976782],[-96.953173,32.976573],[-96.953084,32.975905],[-96.953647,32.975193],[-96.954017,32.973967],[-96.954646,32.973413],[-96.953978,32.972734],[-96.954314,32.972017],[-96.953143,32.971679],[-96.952145,32.971093],[-96.951409,32.971274],[-96.951042,32.971698],[-96.950586,32.971381],[-96.95107,32.970847],[-96.950511,32.970005],[-96.950827,32.969036],[-96.951253,32.968936],[-96.951796,32.96964],[-96.952194,32.969743],[-96.952969,32.969219],[-96.953033,32.968756],[-96.95245,32.967656],[-96.950317,32.967742],[-96.947689,32.967275],[-96.946999,32.96739],[-96.946873,32.967778],[-96.947496,32.969191],[-96.946238,32.969264],[-96.945981,32.969651],[-96.946061,32.970355],[-96.945476,32.971644],[-96.944365,32.972017],[-96.943363,32.971804],[-96.942036,32.96894],[-96.941989,32.968183],[-96.944248,32.966538],[-96.944445,32.966049],[-96.950154,32.966063],[-96.951003,32.966318],[-96.955853,32.969338],[-96.959882,32.969395],[-96.960075,32.972693],[-96.96038,32.974017],[-96.961152,32.975617],[-96.96237,32.977068],[-96.964099,32.978296],[-96.971026,32.981332],[-96.972046,32.982171],[-96.972389,32.982996],[-96.97247,32.984598],[-96.97364,32.987018],[-96.973793,32.989148],[-96.958665,32.989013],[-96.958661,32.985702],[-96.959531,32.98572],[-96.959395,32.985098],[-96.959834,32.984713],[-96.959207,32.984329],[-96.959867,32.983685],[-96.959831,32.983288],[-96.959068,32.982545],[-96.960488,32.982106],[-96.960715,32.981763],[-96.960376,32.980964]]]}},{"type":"Feature","properties":{"PRECINCT":"2808","VTD":"2808"},"geometry":{"type":"Polygon","coordinates":[[[-96.990214,32.989287],[-96.99024,32.986397],[-96.993423,32.987169],[-96.993745,32.96935],[-96.998771,32.969596],[-97.005925,32.969642],[-97.00642,32.969496],[-97.011254,32.973141],[-97.01124,32.984342],[-97.011543,32.984516],[-97.015235,32.984603],[-97.016064,32.985515],[-97.016367,32.987946],[-97.015701,32.98798],[-97.01365,32.987422],[-97.011035,32.989322],[-97.010582,32.989426],[-96.990214,32.989287]]]}},{"type":"Feature","properties":{"PRECINCT":"2809","VTD":"2809"},"geometry":{"type":"Polygon","coordinates":[[[-96.956033,32.969375],[-96.950547,32.966121],[-96.944445,32.966049],[-96.94382,32.963322],[-96.943633,32.959202],[-96.943317,32.957759],[-96.942112,32.955865],[-96.93882,32.952267],[-96.93895,32.951009],[-96.939592,32.949913],[-96.939492,32.949058],[-96.938803,32.948175],[-96.937815,32.947578],[-96.937118,32.947346],[-96.935888,32.94744],[-96.935342,32.947273],[-96.934038,32.944783],[-96.933661,32.942821],[-96.932809,32.941719],[-96.932812,32.940942],[-96.934812,32.938395],[-96.935245,32.937044],[-96.935576,32.937053],[-96.935755,32.936721],[-96.93617,32.936743],[-96.93683,32.937334],[-96.937506,32.937508],[-96.937522,32.93809],[-96.937944,32.937238],[-96.938204,32.93717],[-96.938274,32.93768],[-96.939551,32.937624],[-96.940066,32.938184],[-96.941345,32.938572],[-96.941675,32.939134],[-96.942527,32.946157],[-96.943858,32.947459],[-96.945084,32.947966],[-96.949295,32.948071],[-96.95232,32.949123],[-96.953654,32.950062],[-96.955643,32.950477],[-96.958014,32.950241],[-96.95798,32.954115],[-96.957059,32.955858],[-96.956895,32.956728],[-96.957378,32.957853],[-96.95915,32.959145],[-96.959836,32.960237],[-96.959796,32.962493],[-96.958803,32.964439],[-96.95865,32.965308],[-96.958902,32.966462],[-96.959776,32.968389],[-96.959882,32.969395],[-96.956033,32.969375]]]}},{"type":"Feature","properties":{"PRECINCT":"2810","VTD":"2810"},"geometry":{"type":"Polygon","coordinates":[[[-97.019567,32.989524],[-97.01939,32.987265],[-97.01844,32.986218],[-97.017876,32.986128],[-97.017285,32.986404],[-97.016961,32.987752],[-97.016367,32.987946],[-97.016064,32.985515],[-97.015235,32.984603],[-97.011543,32.984516],[-97.011216,32.984297],[-97.011167,32.973059],[-97.01493,32.973126],[-97.014974,32.962194],[-97.006636,32.96208],[-97.006734,32.954706],[-97.010861,32.954713],[-97.011098,32.943424],[-97.007597,32.939065],[-97.007498,32.938212],[-97.008284,32.93455],[-97.013424,32.940569],[-97.015397,32.942189],[-97.017831,32.943627],[-97.031906,32.943867],[-97.031007,32.989691],[-97.019567,32.989524]]]}},{"type":"Feature","properties":{"PRECINCT":"2900","VTD":"2900"},"geometry":{"type":"Polygon","coordinates":[[[-96.829837,32.957791],[-96.829907,32.954014],[-96.838967,32.954265],[-96.839023,32.939859],[-96.855895,32.940004],[-96.85585,32.954493],[-96.854155,32.957564],[-96.848259,32.956646],[-96.837707,32.956422],[-96.834784,32.956544],[-96.830693,32.957839],[-96.829837,32.957791]]]}},{"type":"Feature","properties":{"PRECINCT":"2901","VTD":"2901"},"geometry":{"type":"Polygon","coordinates":[[[-96.847569,32.933377],[-96.855758,32.933457],[-96.855745,32.940004],[-96.84697,32.939883],[-96.847518,32.939885],[-96.847569,32.933377]]]}},{"type":"Feature","properties":{"PRECINCT":"2902","VTD":"2902"},"geometry":{"type":"Polygon","coordinates":[[[-96.827725,32.978434],[-96.822766,32.974565],[-96.821937,32.973411],[-96.821712,32.968589],[-96.830043,32.96857],[-96.83036,32.969516],[-96.830331,32.975805],[-96.837559,32.975861],[-96.838258,32.976322],[-96.838903,32.977815],[-96.838955,32.98737],[-96.828717,32.987202],[-96.829015,32.981377],[-96.828775,32.980069],[-96.827725,32.978434]]]}},{"type":"Feature","properties":{"PRECINCT":"2903","VTD":"2903"},"geometry":{"type":"Polygon","coordinates":[[[-96.822287,32.954022],[-96.829907,32.954014],[-96.829848,32.96739],[-96.830043,32.96857],[-96.821712,32.968589],[-96.822185,32.964415],[-96.821347,32.959708],[-96.822287,32.954022]]]}},{"type":"Feature","properties":{"PRECINCT":"2904","VTD":"2904"},"geometry":{"type":"Polygon","coordinates":[[[-96.818521,32.953989],[-96.818458,32.953135],[-96.818809,32.951921],[-96.818022,32.950114],[-96.82031,32.949958],[-96.82366,32.950234],[-96.823616,32.94588],[-96.822239,32.942074],[-96.825901,32.942072],[-96.825842,32.946821],[-96.831324,32.94684],[-96.831309,32.951177],[-96.8388,32.951238],[-96.838801,32.951993],[-96.838973,32.951993],[-96.838967,32.954265],[-96.830627,32.954015],[-96.818521,32.953989]]]}},{"type":"Feature","properties":{"PRECINCT":"2905","VTD":"2905"},"geometry":{"type":"Polygon","coordinates":[[[-96.807791,32.950659],[-96.808454,32.949488],[-96.808665,32.948554],[-96.809479,32.947947],[-96.809471,32.947432],[-96.809073,32.947229],[-96.809988,32.945914],[-96.811074,32.945587],[-96.811756,32.945802],[-96.812556,32.945653],[-96.813884,32.945999],[-96.814985,32.945372],[-96.816335,32.947172],[-96.818745,32.951633],[-96.818521,32.953989],[-96.808109,32.953944],[-96.808423,32.951848],[-96.807791,32.950659]]]}},{"type":"Feature","properties":{"PRECINCT":"2910","VTD":"2910"},"geometry":{"type":"Polygon","coordinates":[[[-97.010582,32.989426],[-97.01365,32.987422],[-97.015701,32.98798],[-97.016799,32.987848],[-97.017195,32.9865],[-97.018182,32.986119],[-97.01939,32.987265],[-97.019567,32.989524],[-97.010582,32.989426]]]}},{"type":"Feature","properties":{"PRECINCT":"2911","VTD":"2911"},"geometry":{"type":"Polygon","coordinates":[[[-96.980069,32.989203],[-96.98423,32.986531],[-96.986677,32.985462],[-96.988385,32.985152],[-96.990706,32.985194],[-96.993402,32.985798],[-96.993423,32.987169],[-96.99024,32.986397],[-96.990214,32.989287],[-96.980069,32.989203]]]}},{"type":"Feature","properties":{"PRECINCT":"2913","VTD":"2913"},"geometry":{"type":"Polygon","coordinates":[[[-96.837559,32.975861],[-96.830331,32.975805],[-96.830354,32.969406],[-96.829848,32.96739],[-96.829837,32.957791],[-96.830523,32.957879],[-96.83345,32.956836],[-96.835718,32.956461],[-96.846835,32.956634],[-96.846847,32.958267],[-96.845968,32.958328],[-96.845964,32.959034],[-96.838869,32.958928],[-96.838793,32.959593],[-96.838623,32.95959],[-96.83865,32.964457],[-96.842232,32.969279],[-96.843084,32.97103],[-96.843037,32.980853],[-96.838867,32.981198],[-96.838885,32.977707],[-96.838206,32.976233],[-96.837559,32.975861]]]}},{"type":"Feature","properties":{"PRECINCT":"29A1","VTD":"29A1"},"geometry":{"type":"Polygon","coordinates":[[[-96.846934,32.939873],[-96.847031,32.933154],[-96.855914,32.933293],[-96.855895,32.940004],[-96.855758,32.933457],[-96.847569,32.933377],[-96.847518,32.939885],[-96.846934,32.939873]]]}},{"type":"Feature","properties":{"PRECINCT":"3000","VTD":"3000"},"geometry":{"type":"Polygon","coordinates":[[[-96.796169,32.804071],[-96.794253,32.803846],[-96.792721,32.803181],[-96.792681,32.802352],[-96.791518,32.802263],[-96.791042,32.801805],[-96.792762,32.800542],[-96.792704,32.798487],[-96.793174,32.798872],[-96.793098,32.795493],[-96.798344,32.792058],[-96.798681,32.792341],[-96.799172,32.791936],[-96.802271,32.794592],[-96.800919,32.799494],[-96.800825,32.800798],[-96.796979,32.804655],[-96.796169,32.804071]]]}},{"type":"Feature","properties":{"PRECINCT":"3001","VTD":"3001"},"geometry":{"type":"Polygon","coordinates":[[[-96.89432,32.695253],[-96.89633,32.694223],[-96.898669,32.694051],[-96.898655,32.692709],[-96.900233,32.692825],[-96.901226,32.69484],[-96.902328,32.694799],[-96.902006,32.693711],[-96.902325,32.691921],[-96.902987,32.691218],[-96.903964,32.69126],[-96.903645,32.692593],[-96.903913,32.694815],[-96.903042,32.705123],[-96.89432,32.695253]]]}},{"type":"Feature","properties":{"PRECINCT":"3002","VTD":"3002"},"geometry":{"type":"Polygon","coordinates":[[[-96.891324,32.711135],[-96.891324,32.705833],[-96.882847,32.705817],[-96.882809,32.700243],[-96.891301,32.700181],[-96.891078,32.699102],[-96.891469,32.697256],[-96.891469,32.695543],[-96.893574,32.695535],[-96.89432,32.695253],[-96.903042,32.705123],[-96.902488,32.706299],[-96.901015,32.707465],[-96.895136,32.709857],[-96.891324,32.711135]]]}},{"type":"Feature","properties":{"PRECINCT":"3003","VTD":"3003"},"geometry":{"type":"Polygon","coordinates":[[[-96.874011,32.691268],[-96.887377,32.691189],[-96.890438,32.691287],[-96.891544,32.69165],[-96.891469,32.697256],[-96.891078,32.699102],[-96.891301,32.700181],[-96.882809,32.700243],[-96.882847,32.705817],[-96.876076,32.705849],[-96.874362,32.705472],[-96.874189,32.70537],[-96.874369,32.692189],[-96.874011,32.691268]]]}},{"type":"Feature","properties":{"PRECINCT":"3004","VTD":"3004"},"geometry":{"type":"Polygon","coordinates":[[[-96.857179,32.705685],[-96.857138,32.691234],[-96.874011,32.691268],[-96.874369,32.692189],[-96.874237,32.704382],[-96.873411,32.704347],[-96.873008,32.703876],[-96.872997,32.702632],[-96.872537,32.702824],[-96.870184,32.702832],[-96.870196,32.704937],[-96.860931,32.704811],[-96.858608,32.705799],[-96.857179,32.705685]]]}},{"type":"Feature","properties":{"PRECINCT":"3005","VTD":"3005"},"geometry":{"type":"Polygon","coordinates":[[[-96.810274,32.791574],[-96.810632,32.791362],[-96.812766,32.793928],[-96.814072,32.794883],[-96.815024,32.797107],[-96.814858,32.7984],[-96.813248,32.797379],[-96.809796,32.794243],[-96.810748,32.793532],[-96.809543,32.7924],[-96.810505,32.791833],[-96.810274,32.791574]]]}},{"type":"Feature","properties":{"PRECINCT":"3007","VTD":"3007"},"geometry":{"type":"Polygon","coordinates":[[[-96.80532,32.799419],[-96.803712,32.798034],[-96.803488,32.798194],[-96.801386,32.797648],[-96.802271,32.794592],[-96.799172,32.791936],[-96.798681,32.792341],[-96.798344,32.792058],[-96.801181,32.789624],[-96.800966,32.789431],[-96.801552,32.788919],[-96.801794,32.789122],[-96.803275,32.787886],[-96.802383,32.786835],[-96.803957,32.785522],[-96.803614,32.785206],[-96.804019,32.784564],[-96.806977,32.782295],[-96.805636,32.777699],[-96.806468,32.777524],[-96.808175,32.783087],[-96.808021,32.784208],[-96.805115,32.786641],[-96.805313,32.786817],[-96.804601,32.787415],[-96.80283,32.792989],[-96.803843,32.793197],[-96.805091,32.793041],[-96.805257,32.795206],[-96.806137,32.795184],[-96.808317,32.797114],[-96.807317,32.797962],[-96.809692,32.800018],[-96.805989,32.801983],[-96.80532,32.799419]]]}},{"type":"Feature","properties":{"PRECINCT":"3008","VTD":"3008"},"geometry":{"type":"Polygon","coordinates":[[[-96.789676,32.780226],[-96.787938,32.778238],[-96.786422,32.775836],[-96.788141,32.775216],[-96.791484,32.774599],[-96.798012,32.772901],[-96.799069,32.772427],[-96.802378,32.769838],[-96.80469,32.769079],[-96.805701,32.769092],[-96.806627,32.769393],[-96.81043,32.771637],[-96.810873,32.772705],[-96.811315,32.777649],[-96.810214,32.778433],[-96.809382,32.778506],[-96.808583,32.77727],[-96.80785,32.774676],[-96.806732,32.775867],[-96.803408,32.776597],[-96.799988,32.77694],[-96.797075,32.777645],[-96.793384,32.778613],[-96.792127,32.779761],[-96.789676,32.780226]]]}},{"type":"Feature","properties":{"PRECINCT":"3009","VTD":"3009"},"geometry":{"type":"Polygon","coordinates":[[[-96.741227,32.758158],[-96.728751,32.747445],[-96.728553,32.747509],[-96.724724,32.744231],[-96.726077,32.744929],[-96.728104,32.745466],[-96.742213,32.747233],[-96.746171,32.74732],[-96.749518,32.747712],[-96.747464,32.750341],[-96.747584,32.750542],[-96.741227,32.758158]]]}},{"type":"Feature","properties":{"PRECINCT":"3010","VTD":"3010"},"geometry":{"type":"Polygon","coordinates":[[[-96.880885,32.705821],[-96.891324,32.705833],[-96.891324,32.711135],[-96.88738,32.712685],[-96.881364,32.715818],[-96.881188,32.714717],[-96.881901,32.713487],[-96.882026,32.712622],[-96.881289,32.710442],[-96.881441,32.709043],[-96.880864,32.708199],[-96.881044,32.706024],[-96.880885,32.705821]]]}},{"type":"Feature","properties":{"PRECINCT":"3011","VTD":"3011"},"geometry":{"type":"Polygon","coordinates":[[[-96.808742,32.787202],[-96.808883,32.783307],[-96.81024,32.782648],[-96.814072,32.794883],[-96.812766,32.793928],[-96.810632,32.791362],[-96.808742,32.787202]]]}},{"type":"Feature","properties":{"PRECINCT":"3012","VTD":"3012"},"geometry":{"type":"Polygon","coordinates":[[[-96.717499,32.737893],[-96.715261,32.735659],[-96.717588,32.733567],[-96.717775,32.720429],[-96.717733,32.719251],[-96.71727,32.717842],[-96.717334,32.712696],[-96.720754,32.712657],[-96.723278,32.712134],[-96.73568,32.707498],[-96.736077,32.708654],[-96.736104,32.709711],[-96.735566,32.711135],[-96.733262,32.714851],[-96.732384,32.716724],[-96.731869,32.718713],[-96.732071,32.721325],[-96.732648,32.722524],[-96.733918,32.723574],[-96.735471,32.724037],[-96.739548,32.723702],[-96.743657,32.724005],[-96.745663,32.723506],[-96.746616,32.723717],[-96.747294,32.724206],[-96.748365,32.725603],[-96.750983,32.726402],[-96.753462,32.728225],[-96.754993,32.728364],[-96.75617,32.735081],[-96.753552,32.735124],[-96.753452,32.738369],[-96.753142,32.738215],[-96.747385,32.738447],[-96.746801,32.738647],[-96.745702,32.739547],[-96.745288,32.740167],[-96.745188,32.741227],[-96.745725,32.746802],[-96.745257,32.747157],[-96.743903,32.747315],[-96.728104,32.745466],[-96.726077,32.744929],[-96.724141,32.743809],[-96.717294,32.738023],[-96.717499,32.737893]]]}},{"type":"Feature","properties":{"PRECINCT":"3013","VTD":"3013"},"geometry":{"type":"Polygon","coordinates":[[[-96.592495,32.659855],[-96.590223,32.659518],[-96.582137,32.652357],[-96.584786,32.648479],[-96.58588,32.647351],[-96.595715,32.63951],[-96.595944,32.639159],[-96.595799,32.638064],[-96.596016,32.63752],[-96.602239,32.63235],[-96.610508,32.635115],[-96.611626,32.63612],[-96.614332,32.642173],[-96.614248,32.643251],[-96.613721,32.643769],[-96.611668,32.64928],[-96.614025,32.65072],[-96.61568,32.649213],[-96.617721,32.650005],[-96.61782,32.649884],[-96.617213,32.652532],[-96.618358,32.656053],[-96.617713,32.661082],[-96.61719,32.661816],[-96.614177,32.664561],[-96.612737,32.667427],[-96.602337,32.676346],[-96.595371,32.673065],[-96.59797,32.670924],[-96.592172,32.667703],[-96.591162,32.667417],[-96.59378,32.665214],[-96.591666,32.663338],[-96.59459,32.660955],[-96.592495,32.659855]]]}},{"type":"Feature","properties":{"PRECINCT":"3014","VTD":"3014"},"geometry":{"type":"Polygon","coordinates":[[[-96.56342,32.701229],[-96.562622,32.698153],[-96.555516,32.691876],[-96.558512,32.689058],[-96.556618,32.687452],[-96.56315,32.681703],[-96.562594,32.68128],[-96.563091,32.681053],[-96.571678,32.680321],[-96.571929,32.681756],[-96.572777,32.682504],[-96.584838,32.672624],[-96.58529,32.671942],[-96.588365,32.669781],[-96.595371,32.673065],[-96.588428,32.678873],[-96.588855,32.679878],[-96.588555,32.680191],[-96.588654,32.681751],[-96.58819,32.682702],[-96.588834,32.683131],[-96.590251,32.686306],[-96.588607,32.687701],[-96.598008,32.695876],[-96.590944,32.70161],[-96.586428,32.697879],[-96.586071,32.697915],[-96.58491,32.698895],[-96.582736,32.694423],[-96.582626,32.693599],[-96.582859,32.692703],[-96.582596,32.692628],[-96.572623,32.700699],[-96.572439,32.700873],[-96.573008,32.701403],[-96.56342,32.701229]]]}},{"type":"Feature","properties":{"PRECINCT":"3015","VTD":"3015"},"geometry":{"type":"Polygon","coordinates":[[[-96.607614,32.696657],[-96.604896,32.690405],[-96.612865,32.683797],[-96.609974,32.681241],[-96.609745,32.68021],[-96.610557,32.680422],[-96.608335,32.679437],[-96.608543,32.679268],[-96.619971,32.684607],[-96.628416,32.689283],[-96.628421,32.690447],[-96.622935,32.690437],[-96.622857,32.694867],[-96.622371,32.694933],[-96.622372,32.695332],[-96.617561,32.695194],[-96.617477,32.696333],[-96.614336,32.696312],[-96.614176,32.701266],[-96.607698,32.701802],[-96.607614,32.696657]]]}},{"type":"Feature","properties":{"PRECINCT":"3016","VTD":"3016"},"geometry":{"type":"Polygon","coordinates":[[[-96.772691,32.780853],[-96.784597,32.763865],[-96.788218,32.759105],[-96.791856,32.752786],[-96.793063,32.751424],[-96.794837,32.74997],[-96.797524,32.74851],[-96.797695,32.748593],[-96.795957,32.749426],[-96.795371,32.749938],[-96.797883,32.75164],[-96.79587,32.755871],[-96.799747,32.758082],[-96.804033,32.761587],[-96.806479,32.762944],[-96.804258,32.765662],[-96.803975,32.766587],[-96.804252,32.766768],[-96.80409,32.76784],[-96.804455,32.76864],[-96.805889,32.768789],[-96.807692,32.769683],[-96.807563,32.769846],[-96.805701,32.769092],[-96.804456,32.769128],[-96.802378,32.769838],[-96.799069,32.772427],[-96.797727,32.773004],[-96.791484,32.774599],[-96.788141,32.775216],[-96.786625,32.775743],[-96.785912,32.775286],[-96.785358,32.775427],[-96.784304,32.776258],[-96.782984,32.774763],[-96.780123,32.776273],[-96.780892,32.777077],[-96.778656,32.778442],[-96.778231,32.77816],[-96.777234,32.779105],[-96.778587,32.779967],[-96.776419,32.780174],[-96.77673,32.780398],[-96.772691,32.780853]]]}},{"type":"Feature","properties":{"PRECINCT":"3017","VTD":"3017"},"geometry":{"type":"Polygon","coordinates":[[[-96.773771,32.756777],[-96.774778,32.755921],[-96.775791,32.756773],[-96.777981,32.75493],[-96.787714,32.759826],[-96.784597,32.763865],[-96.780293,32.770181],[-96.778196,32.767665],[-96.776735,32.766816],[-96.775527,32.765788],[-96.77052,32.760402],[-96.774382,32.757129],[-96.773771,32.756777]]]}},{"type":"Feature","properties":{"PRECINCT":"3018","VTD":"3018"},"geometry":{"type":"Polygon","coordinates":[[[-96.774785,32.774459],[-96.771553,32.7717],[-96.770453,32.772697],[-96.769401,32.77189],[-96.770566,32.770862],[-96.760678,32.762613],[-96.763704,32.760044],[-96.761221,32.75796],[-96.761983,32.757295],[-96.762321,32.757576],[-96.765514,32.754931],[-96.765095,32.754319],[-96.766208,32.755139],[-96.771248,32.761296],[-96.774695,32.764964],[-96.776318,32.766514],[-96.777918,32.767404],[-96.780293,32.770181],[-96.776032,32.776075],[-96.774785,32.774459]]]}},{"type":"Feature","properties":{"PRECINCT":"3019","VTD":"3019"},"geometry":{"type":"Polygon","coordinates":[[[-96.763795,32.773159],[-96.761132,32.771136],[-96.76232,32.770077],[-96.761644,32.769489],[-96.765236,32.766351],[-96.770566,32.770862],[-96.769401,32.77189],[-96.770453,32.772697],[-96.771553,32.7717],[-96.774785,32.774459],[-96.776032,32.776075],[-96.772691,32.780853],[-96.763795,32.773159]]]}},{"type":"Feature","properties":{"PRECINCT":"3020","VTD":"3020"},"geometry":{"type":"Polygon","coordinates":[[[-96.765357,32.783735],[-96.765198,32.783935],[-96.76426,32.783738],[-96.758709,32.784079],[-96.759428,32.782138],[-96.748515,32.780028],[-96.748583,32.779708],[-96.749909,32.778241],[-96.752271,32.776739],[-96.757353,32.772157],[-96.759957,32.770248],[-96.766047,32.774926],[-96.772691,32.780853],[-96.771674,32.781166],[-96.770507,32.781936],[-96.76873,32.784604],[-96.765357,32.783735]]]}},{"type":"Feature","properties":{"PRECINCT":"3021","VTD":"3021"},"geometry":{"type":"Polygon","coordinates":[[[-96.752271,32.776739],[-96.740699,32.767187],[-96.740989,32.766267],[-96.750931,32.766478],[-96.752651,32.766946],[-96.755065,32.767266],[-96.757548,32.768421],[-96.759957,32.770248],[-96.757353,32.772157],[-96.752271,32.776739]]]}},{"type":"Feature","properties":{"PRECINCT":"3022","VTD":"3022"},"geometry":{"type":"Polygon","coordinates":[[[-96.748515,32.780028],[-96.733168,32.777614],[-96.728169,32.777768],[-96.728169,32.776957],[-96.728755,32.776316],[-96.728917,32.775548],[-96.729467,32.769166],[-96.730908,32.766542],[-96.73096,32.76601],[-96.740989,32.766267],[-96.740699,32.767187],[-96.746071,32.771427],[-96.752271,32.776739],[-96.749909,32.778241],[-96.748815,32.779289],[-96.748515,32.780028]]]}},{"type":"Feature","properties":{"PRECINCT":"3023","VTD":"3023"},"geometry":{"type":"Polygon","coordinates":[[[-96.752811,32.763584],[-96.757038,32.759476],[-96.758237,32.760493],[-96.761221,32.75796],[-96.763704,32.760044],[-96.760678,32.762613],[-96.765236,32.766351],[-96.761644,32.769489],[-96.76232,32.770077],[-96.761132,32.771136],[-96.756774,32.767994],[-96.755065,32.767266],[-96.752651,32.766946],[-96.750931,32.766478],[-96.750161,32.765824],[-96.752811,32.763584]]]}},{"type":"Feature","properties":{"PRECINCT":"3024","VTD":"3024"},"geometry":{"type":"Polygon","coordinates":[[[-96.750931,32.766478],[-96.733178,32.76608],[-96.733997,32.765315],[-96.732952,32.764142],[-96.734065,32.763019],[-96.732904,32.762099],[-96.734286,32.760866],[-96.736686,32.76287],[-96.740026,32.759824],[-96.740326,32.758344],[-96.740758,32.757737],[-96.7421,32.758868],[-96.746311,32.755359],[-96.749948,32.758415],[-96.749414,32.758881],[-96.752222,32.761228],[-96.751552,32.761788],[-96.753269,32.763129],[-96.750161,32.765824],[-96.750931,32.766478]]]}},{"type":"Feature","properties":{"PRECINCT":"3025","VTD":"3025"},"geometry":{"type":"Polygon","coordinates":[[[-96.733178,32.76608],[-96.73096,32.76601],[-96.729855,32.765236],[-96.729668,32.764569],[-96.729792,32.763599],[-96.731761,32.761578],[-96.731809,32.761074],[-96.732405,32.7609],[-96.732784,32.760362],[-96.732106,32.759621],[-96.732047,32.758775],[-96.732721,32.758095],[-96.733227,32.758041],[-96.733533,32.757721],[-96.734354,32.757795],[-96.734306,32.757428],[-96.733793,32.757195],[-96.733988,32.75687],[-96.734446,32.756893],[-96.734645,32.757204],[-96.735035,32.757048],[-96.735475,32.757231],[-96.735527,32.756819],[-96.735992,32.756623],[-96.735806,32.756018],[-96.736708,32.756134],[-96.736414,32.755433],[-96.738078,32.755437],[-96.740758,32.757737],[-96.740326,32.758344],[-96.740128,32.759667],[-96.736686,32.76287],[-96.734286,32.760866],[-96.73414,32.760973],[-96.732904,32.762099],[-96.734065,32.763019],[-96.732952,32.764142],[-96.733997,32.765315],[-96.733178,32.76608]]]}},{"type":"Feature","properties":{"PRECINCT":"3026","VTD":"3026"},"geometry":{"type":"Polygon","coordinates":[[[-96.77052,32.760402],[-96.759665,32.747659],[-96.758254,32.745598],[-96.757733,32.74412],[-96.757589,32.742724],[-96.757793,32.736225],[-96.775224,32.752726],[-96.777981,32.75493],[-96.775791,32.756773],[-96.774778,32.755921],[-96.773771,32.756777],[-96.774382,32.757129],[-96.77052,32.760402]]]}},{"type":"Feature","properties":{"PRECINCT":"3027","VTD":"3027"},"geometry":{"type":"Polygon","coordinates":[[[-96.752222,32.761228],[-96.749414,32.758881],[-96.749948,32.758415],[-96.746311,32.755359],[-96.7421,32.758868],[-96.741227,32.758158],[-96.747584,32.750542],[-96.750631,32.750656],[-96.750626,32.751465],[-96.747684,32.751511],[-96.752962,32.756016],[-96.761216,32.749435],[-96.766208,32.755139],[-96.765095,32.754319],[-96.765514,32.754931],[-96.762321,32.757576],[-96.761983,32.757295],[-96.758237,32.760493],[-96.757038,32.759476],[-96.753664,32.762527],[-96.753269,32.763129],[-96.751552,32.761788],[-96.752222,32.761228]]]}},{"type":"Feature","properties":{"PRECINCT":"3028","VTD":"3028"},"geometry":{"type":"Polygon","coordinates":[[[-96.750626,32.751465],[-96.750631,32.750656],[-96.74785,32.750645],[-96.747464,32.750341],[-96.75003,32.747334],[-96.750419,32.747179],[-96.755016,32.746899],[-96.758324,32.745743],[-96.761216,32.749435],[-96.752962,32.756016],[-96.747684,32.751511],[-96.750626,32.751465]]]}},{"type":"Feature","properties":{"PRECINCT":"3029","VTD":"3029"},"geometry":{"type":"Polygon","coordinates":[[[-96.749396,32.747632],[-96.743903,32.747315],[-96.745257,32.747157],[-96.745725,32.746802],[-96.745198,32.7416],[-96.745198,32.740608],[-96.74551,32.739742],[-96.746517,32.738839],[-96.747385,32.738447],[-96.753142,32.738215],[-96.753452,32.738369],[-96.753552,32.735124],[-96.75617,32.735081],[-96.75582,32.733026],[-96.756582,32.734837],[-96.757793,32.736225],[-96.757589,32.742724],[-96.757733,32.74412],[-96.758324,32.745743],[-96.755016,32.746899],[-96.750419,32.747179],[-96.74958,32.74783],[-96.749396,32.747632]]]}},{"type":"Feature","properties":{"PRECINCT":"3030","VTD":"3030"},"geometry":{"type":"Polygon","coordinates":[[[-96.611668,32.64928],[-96.613721,32.643769],[-96.614248,32.643251],[-96.614342,32.642485],[-96.61416,32.641512],[-96.611626,32.63612],[-96.610425,32.635077],[-96.602239,32.63235],[-96.608231,32.627457],[-96.608867,32.627211],[-96.611159,32.627513],[-96.613405,32.627166],[-96.613215,32.629151],[-96.613554,32.631256],[-96.618841,32.643365],[-96.619249,32.64488],[-96.619083,32.646417],[-96.617721,32.650005],[-96.61568,32.649213],[-96.614025,32.65072],[-96.611668,32.64928]]]}},{"type":"Feature","properties":{"PRECINCT":"3031","VTD":"3031"},"geometry":{"type":"Polygon","coordinates":[[[-96.61719,32.661816],[-96.617864,32.660725],[-96.61875,32.660822],[-96.619212,32.661113],[-96.621214,32.663382],[-96.622599,32.664549],[-96.621117,32.665959],[-96.627947,32.67135],[-96.620288,32.677622],[-96.628388,32.687808],[-96.628416,32.689283],[-96.61908,32.68416],[-96.602337,32.676346],[-96.612737,32.667427],[-96.614177,32.664561],[-96.61719,32.661816]]]}},{"type":"Feature","properties":{"PRECINCT":"3032","VTD":"3032"},"geometry":{"type":"Polygon","coordinates":[[[-96.810255,32.758777],[-96.810375,32.757841],[-96.809824,32.754728],[-96.809883,32.751213],[-96.816614,32.751177],[-96.820208,32.749429],[-96.822882,32.749415],[-96.822924,32.758893],[-96.819367,32.758454],[-96.816767,32.758763],[-96.810255,32.758777]]]}},{"type":"Feature","properties":{"PRECINCT":"3033","VTD":"3033"},"geometry":{"type":"Polygon","coordinates":[[[-96.804033,32.761587],[-96.799747,32.758082],[-96.79587,32.755871],[-96.797883,32.75164],[-96.795402,32.749858],[-96.797695,32.748593],[-96.79766,32.748443],[-96.810303,32.742577],[-96.812478,32.741093],[-96.812691,32.741745],[-96.812711,32.745789],[-96.810843,32.747394],[-96.809885,32.749864],[-96.809824,32.754728],[-96.810375,32.757841],[-96.810255,32.758777],[-96.809695,32.758768],[-96.806479,32.762944],[-96.804033,32.761587]]]}},{"type":"Feature","properties":{"PRECINCT":"3034","VTD":"3034"},"geometry":{"type":"Polygon","coordinates":[[[-96.798488,32.741055],[-96.798622,32.739061],[-96.798996,32.7391],[-96.799244,32.738359],[-96.800861,32.736395],[-96.802357,32.735464],[-96.809197,32.735417],[-96.8092,32.735666],[-96.811448,32.735644],[-96.811694,32.7385],[-96.812282,32.739772],[-96.812478,32.741093],[-96.810303,32.742577],[-96.799498,32.74756],[-96.79925,32.744785],[-96.798488,32.741055]]]}},{"type":"Feature","properties":{"PRECINCT":"3035","VTD":"3035"},"geometry":{"type":"Polygon","coordinates":[[[-96.78676,32.751233],[-96.785453,32.75126],[-96.783596,32.752086],[-96.782755,32.752223],[-96.786646,32.746328],[-96.788641,32.741354],[-96.786016,32.741265],[-96.785529,32.740552],[-96.786046,32.74037],[-96.789031,32.740327],[-96.79029,32.737657],[-96.794767,32.73095],[-96.798975,32.728771],[-96.799828,32.730745],[-96.800148,32.732601],[-96.798462,32.740001],[-96.799498,32.74756],[-96.794837,32.74997],[-96.793063,32.751424],[-96.791491,32.753273],[-96.788078,32.751551],[-96.78676,32.751233]]]}},{"type":"Feature","properties":{"PRECINCT":"3036","VTD":"3036"},"geometry":{"type":"Polygon","coordinates":[[[-96.776955,32.75235],[-96.777293,32.75045],[-96.781,32.742086],[-96.781065,32.740105],[-96.780644,32.738144],[-96.780896,32.738262],[-96.781314,32.740068],[-96.782514,32.739485],[-96.782079,32.738784],[-96.784345,32.737681],[-96.785501,32.739381],[-96.78788,32.739297],[-96.788281,32.738463],[-96.789218,32.739367],[-96.789031,32.740327],[-96.786046,32.74037],[-96.785529,32.740552],[-96.786016,32.741265],[-96.788641,32.741354],[-96.786646,32.746328],[-96.782755,32.752223],[-96.783596,32.752086],[-96.785453,32.75126],[-96.787214,32.751278],[-96.791491,32.753273],[-96.787714,32.759826],[-96.777981,32.75493],[-96.778245,32.754686],[-96.777285,32.753501],[-96.776955,32.75235]]]}},{"type":"Feature","properties":{"PRECINCT":"3037","VTD":"3037"},"geometry":{"type":"Polygon","coordinates":[[[-96.799265,32.726612],[-96.802266,32.72381],[-96.803418,32.721458],[-96.80376,32.720042],[-96.805059,32.720036],[-96.805377,32.721601],[-96.805124,32.723656],[-96.803472,32.723681],[-96.803471,32.726692],[-96.804619,32.72674],[-96.803252,32.735405],[-96.802247,32.735505],[-96.801038,32.736235],[-96.799244,32.738359],[-96.798996,32.7391],[-96.798622,32.739061],[-96.800148,32.732914],[-96.799828,32.730745],[-96.798888,32.728444],[-96.799265,32.726612]]]}},{"type":"Feature","properties":{"PRECINCT":"3038","VTD":"3038"},"geometry":{"type":"Polygon","coordinates":[[[-96.78077,32.738143],[-96.778256,32.732853],[-96.79934,32.722788],[-96.801079,32.721245],[-96.802668,32.720424],[-96.802774,32.720143],[-96.803727,32.720159],[-96.803418,32.721458],[-96.802266,32.72381],[-96.799265,32.726612],[-96.798884,32.72777],[-96.798975,32.728771],[-96.794767,32.73095],[-96.790618,32.73713],[-96.789281,32.73966],[-96.789022,32.739072],[-96.788281,32.738463],[-96.78788,32.739297],[-96.785501,32.739381],[-96.784345,32.737681],[-96.782079,32.738784],[-96.782514,32.739485],[-96.781314,32.740068],[-96.78077,32.738143]]]}},{"type":"Feature","properties":{"PRECINCT":"3039","VTD":"3039"},"geometry":{"type":"Polygon","coordinates":[[[-96.780029,32.719695],[-96.778237,32.718716],[-96.776956,32.716518],[-96.782867,32.716983],[-96.785589,32.717609],[-96.792147,32.714461],[-96.793274,32.7134],[-96.794619,32.712697],[-96.797414,32.712532],[-96.798754,32.712049],[-96.800065,32.711022],[-96.800998,32.709353],[-96.801987,32.70863],[-96.80415,32.711745],[-96.804382,32.713164],[-96.80373,32.71318],[-96.803687,32.714753],[-96.80328,32.715266],[-96.803674,32.715493],[-96.803171,32.716453],[-96.80317,32.720039],[-96.803727,32.720159],[-96.802774,32.720143],[-96.802668,32.720424],[-96.801079,32.721245],[-96.79934,32.722788],[-96.785392,32.729428],[-96.785968,32.727336],[-96.785939,32.725907],[-96.785375,32.72459],[-96.784304,32.723199],[-96.783715,32.720841],[-96.780029,32.719695]]]}},{"type":"Feature","properties":{"PRECINCT":"3040","VTD":"3040"},"geometry":{"type":"Polygon","coordinates":[[[-96.761963,32.724305],[-96.756261,32.712918],[-96.764704,32.715097],[-96.774227,32.710602],[-96.774441,32.711559],[-96.778237,32.718716],[-96.779555,32.71952],[-96.783715,32.720841],[-96.784304,32.723199],[-96.785375,32.72459],[-96.785939,32.725907],[-96.785968,32.727336],[-96.785392,32.729428],[-96.778256,32.732853],[-96.780644,32.738144],[-96.781109,32.741225],[-96.780717,32.743003],[-96.777001,32.751433],[-96.777017,32.752817],[-96.777577,32.753981],[-96.778245,32.754686],[-96.777981,32.75493],[-96.775224,32.752726],[-96.768797,32.746678],[-96.761963,32.724305]]]}},{"type":"Feature","properties":{"PRECINCT":"3041","VTD":"3041"},"geometry":{"type":"Polygon","coordinates":[[[-96.834419,32.705063],[-96.832217,32.705029],[-96.835755,32.70133],[-96.840148,32.698389],[-96.840172,32.705893],[-96.837414,32.705835],[-96.834419,32.705063]]]}},{"type":"Feature","properties":{"PRECINCT":"3042","VTD":"3042"},"geometry":{"type":"Polygon","coordinates":[[[-96.793166,32.713323],[-96.792111,32.711712],[-96.791658,32.709097],[-96.788046,32.703809],[-96.795215,32.700364],[-96.796019,32.699758],[-96.801987,32.70863],[-96.800998,32.709353],[-96.800065,32.711022],[-96.798754,32.712049],[-96.797414,32.712532],[-96.795074,32.712563],[-96.793166,32.713323]]]}},{"type":"Feature","properties":{"PRECINCT":"3043","VTD":"3043"},"geometry":{"type":"Polygon","coordinates":[[[-96.774282,32.71049],[-96.788046,32.703809],[-96.791364,32.708579],[-96.791704,32.709234],[-96.792111,32.711712],[-96.793264,32.71342],[-96.792147,32.714461],[-96.785589,32.717609],[-96.782867,32.716983],[-96.776956,32.716518],[-96.774253,32.711166],[-96.774282,32.71049]]]}},{"type":"Feature","properties":{"PRECINCT":"3044","VTD":"3044"},"geometry":{"type":"Polygon","coordinates":[[[-96.766992,32.706019],[-96.765398,32.703736],[-96.767215,32.702888],[-96.767464,32.703234],[-96.771125,32.701546],[-96.771773,32.702585],[-96.771773,32.703569],[-96.772067,32.704276],[-96.786409,32.697293],[-96.788151,32.697926],[-96.792781,32.697184],[-96.795,32.700471],[-96.764704,32.715097],[-96.760621,32.714049],[-96.758023,32.70767],[-96.766992,32.706019]]]}},{"type":"Feature","properties":{"PRECINCT":"3045","VTD":"3045"},"geometry":{"type":"Polygon","coordinates":[[[-96.756137,32.73399],[-96.754993,32.728364],[-96.753462,32.728225],[-96.750983,32.726402],[-96.748365,32.725603],[-96.747294,32.724206],[-96.746237,32.723538],[-96.743657,32.724005],[-96.739548,32.723702],[-96.735471,32.724037],[-96.733918,32.723574],[-96.732648,32.722524],[-96.732071,32.721325],[-96.731869,32.718713],[-96.732384,32.716724],[-96.733262,32.714851],[-96.735566,32.711135],[-96.736104,32.709711],[-96.736077,32.708654],[-96.73568,32.707498],[-96.738894,32.70637],[-96.739242,32.706477],[-96.739405,32.706179],[-96.747295,32.703231],[-96.753079,32.712266],[-96.753326,32.712521],[-96.754007,32.712292],[-96.75621,32.712778],[-96.761963,32.724305],[-96.768797,32.746678],[-96.757089,32.735522],[-96.756137,32.73399]]]}},{"type":"Feature","properties":{"PRECINCT":"3046","VTD":"3046"},"geometry":{"type":"Polygon","coordinates":[[[-96.840179,32.705783],[-96.84016,32.693222],[-96.839921,32.69321],[-96.839968,32.691212],[-96.846221,32.691358],[-96.857138,32.691234],[-96.857183,32.70581],[-96.840179,32.705783]]]}},{"type":"Feature","properties":{"PRECINCT":"3047","VTD":"3047"},"geometry":{"type":"Polygon","coordinates":[[[-96.8245,32.701285],[-96.823526,32.698948],[-96.823104,32.696457],[-96.823126,32.687101],[-96.827078,32.688167],[-96.83411,32.691109],[-96.839968,32.691212],[-96.840148,32.698389],[-96.835755,32.70133],[-96.83212,32.70513],[-96.829271,32.705218],[-96.827546,32.70566],[-96.82611,32.703918],[-96.8245,32.701285]]]}},{"type":"Feature","properties":{"PRECINCT":"3048","VTD":"3048"},"geometry":{"type":"Polygon","coordinates":[[[-96.812204,32.702993],[-96.812233,32.698343],[-96.811804,32.697674],[-96.81178,32.696855],[-96.811934,32.687253],[-96.814487,32.68768],[-96.814534,32.683874],[-96.81642,32.683912],[-96.817509,32.684247],[-96.821175,32.686523],[-96.823126,32.687101],[-96.823276,32.691308],[-96.82307,32.691316],[-96.823069,32.695749],[-96.823304,32.698973],[-96.822941,32.700501],[-96.822972,32.703023],[-96.812204,32.702993]]]}},{"type":"Feature","properties":{"PRECINCT":"3049","VTD":"3049"},"geometry":{"type":"Polygon","coordinates":[[[-96.808402,32.698448],[-96.808416,32.696669],[-96.805604,32.696708],[-96.803607,32.696972],[-96.803603,32.694871],[-96.800495,32.690367],[-96.804171,32.688589],[-96.801593,32.684969],[-96.803081,32.684427],[-96.803481,32.683816],[-96.806567,32.685395],[-96.808969,32.685758],[-96.809806,32.686681],[-96.810791,32.687187],[-96.811934,32.687253],[-96.81178,32.696855],[-96.811804,32.697674],[-96.812233,32.698343],[-96.812204,32.702993],[-96.808852,32.702823],[-96.808811,32.698521],[-96.808402,32.698448]]]}},{"type":"Feature","properties":{"PRECINCT":"3050","VTD":"3050"},"geometry":{"type":"Polygon","coordinates":[[[-96.80068,32.706608],[-96.796019,32.699758],[-96.795,32.700471],[-96.792869,32.697364],[-96.792781,32.697184],[-96.79422,32.696914],[-96.790939,32.688803],[-96.797155,32.687109],[-96.801593,32.684969],[-96.804171,32.688589],[-96.800495,32.690367],[-96.803603,32.694871],[-96.803607,32.696972],[-96.805604,32.696708],[-96.808416,32.696669],[-96.808402,32.698448],[-96.808811,32.698521],[-96.808826,32.702602],[-96.807036,32.703541],[-96.80673,32.702396],[-96.805052,32.703189],[-96.805565,32.704199],[-96.80068,32.706608]]]}},{"type":"Feature","properties":{"PRECINCT":"3051","VTD":"3051"},"geometry":{"type":"Polygon","coordinates":[[[-96.781891,32.699483],[-96.776938,32.692218],[-96.787943,32.686944],[-96.789726,32.686365],[-96.79422,32.696914],[-96.788151,32.697926],[-96.786409,32.697293],[-96.781891,32.699483]]]}},{"type":"Feature","properties":{"PRECINCT":"3052","VTD":"3052"},"geometry":{"type":"Polygon","coordinates":[[[-96.758023,32.70767],[-96.755057,32.700328],[-96.764306,32.696933],[-96.770057,32.695539],[-96.776938,32.692218],[-96.781891,32.699483],[-96.772067,32.704276],[-96.771773,32.703569],[-96.771773,32.702585],[-96.771125,32.701546],[-96.770841,32.701591],[-96.767464,32.703234],[-96.767215,32.702888],[-96.765398,32.703736],[-96.766992,32.706019],[-96.758023,32.70767]]]}},{"type":"Feature","properties":{"PRECINCT":"3053","VTD":"3053"},"geometry":{"type":"Polygon","coordinates":[[[-96.879267,32.676447],[-96.878111,32.675904],[-96.872397,32.672055],[-96.870975,32.671402],[-96.869581,32.671169],[-96.862036,32.671179],[-96.873625,32.658217],[-96.877765,32.654271],[-96.891285,32.660133],[-96.891354,32.672998],[-96.892807,32.672936],[-96.892848,32.676495],[-96.892537,32.676492],[-96.892515,32.676668],[-96.880929,32.676716],[-96.879267,32.676447]]]}},{"type":"Feature","properties":{"PRECINCT":"3054","VTD":"3054"},"geometry":{"type":"Polygon","coordinates":[[[-96.839962,32.691164],[-96.840094,32.679861],[-96.844268,32.679837],[-96.8443,32.676701],[-96.850118,32.676643],[-96.852191,32.675432],[-96.855848,32.675221],[-96.857184,32.675413],[-96.857158,32.676549],[-96.848742,32.686143],[-96.846221,32.691358],[-96.839962,32.691164]]]}},{"type":"Feature","properties":{"PRECINCT":"3055","VTD":"3055"},"geometry":{"type":"Polygon","coordinates":[[[-96.840094,32.679861],[-96.83999,32.662204],[-96.857188,32.662214],[-96.857184,32.675413],[-96.855848,32.675221],[-96.852191,32.675432],[-96.850118,32.676643],[-96.8443,32.676701],[-96.844268,32.679837],[-96.840094,32.679861]]]}},{"type":"Feature","properties":{"PRECINCT":"3056","VTD":"3056"},"geometry":{"type":"Polygon","coordinates":[[[-96.824698,32.682164],[-96.824996,32.681762],[-96.825514,32.682012],[-96.825993,32.681827],[-96.826427,32.682149],[-96.826926,32.681778],[-96.827845,32.681854],[-96.828766,32.681447],[-96.82909,32.68107],[-96.830248,32.680875],[-96.829889,32.68029],[-96.831,32.679783],[-96.830799,32.679228],[-96.831813,32.678418],[-96.832004,32.678002],[-96.833134,32.677698],[-96.833433,32.677332],[-96.834414,32.676999],[-96.834572,32.676571],[-96.835194,32.67606],[-96.835329,32.674836],[-96.836595,32.674349],[-96.836623,32.673552],[-96.837473,32.673237],[-96.837725,32.672666],[-96.838399,32.672238],[-96.838542,32.671678],[-96.840082,32.670183],[-96.839968,32.691212],[-96.83411,32.691109],[-96.827078,32.688167],[-96.823126,32.687101],[-96.823208,32.682916],[-96.824698,32.682164]]]}},{"type":"Feature","properties":{"PRECINCT":"3057","VTD":"3057"},"geometry":{"type":"Polygon","coordinates":[[[-96.823208,32.682916],[-96.822692,32.678372],[-96.822609,32.674838],[-96.823122,32.662327],[-96.83999,32.662204],[-96.840082,32.670183],[-96.838542,32.671678],[-96.838399,32.672238],[-96.837725,32.672666],[-96.837473,32.673237],[-96.836623,32.673552],[-96.836595,32.674349],[-96.835329,32.674836],[-96.835194,32.67606],[-96.834572,32.676571],[-96.834414,32.676999],[-96.833433,32.677332],[-96.833134,32.677698],[-96.831939,32.678053],[-96.831813,32.678418],[-96.830762,32.679282],[-96.830944,32.679848],[-96.829889,32.68029],[-96.830281,32.68075],[-96.830029,32.680985],[-96.829232,32.681016],[-96.827845,32.681854],[-96.826926,32.681778],[-96.826498,32.682138],[-96.825993,32.681827],[-96.825514,32.682012],[-96.824886,32.681789],[-96.824634,32.682214],[-96.823208,32.682916]]]}},{"type":"Feature","properties":{"PRECINCT":"3058","VTD":"3058"},"geometry":{"type":"Polygon","coordinates":[[[-96.816207,32.683897],[-96.810586,32.683827],[-96.809345,32.683532],[-96.80681,32.682387],[-96.805209,32.682288],[-96.805196,32.681554],[-96.805893,32.680667],[-96.805799,32.662351],[-96.823122,32.662327],[-96.822609,32.674838],[-96.822692,32.678372],[-96.823208,32.682916],[-96.823126,32.687101],[-96.821175,32.686523],[-96.817509,32.684247],[-96.816207,32.683897]]]}},{"type":"Feature","properties":{"PRECINCT":"3059","VTD":"3059"},"geometry":{"type":"Polygon","coordinates":[[[-96.789726,32.686365],[-96.786431,32.680383],[-96.787034,32.679554],[-96.788478,32.679946],[-96.793701,32.678679],[-96.793401,32.675831],[-96.795369,32.675845],[-96.797311,32.675375],[-96.797516,32.676246],[-96.799004,32.675857],[-96.801008,32.675809],[-96.800993,32.674929],[-96.805918,32.674985],[-96.805888,32.680722],[-96.805196,32.681554],[-96.805209,32.682288],[-96.789726,32.686365]]]}},{"type":"Feature","properties":{"PRECINCT":"3060","VTD":"3060"},"geometry":{"type":"Polygon","coordinates":[[[-96.787405,32.678334],[-96.788107,32.678295],[-96.788311,32.67808],[-96.788816,32.678309],[-96.789003,32.677934],[-96.789721,32.677809],[-96.789891,32.676602],[-96.790452,32.676752],[-96.790962,32.676166],[-96.790809,32.675736],[-96.791318,32.6757],[-96.792022,32.674746],[-96.791854,32.674228],[-96.792007,32.673209],[-96.793191,32.672189],[-96.793718,32.67134],[-96.796157,32.670271],[-96.79694,32.670293],[-96.798331,32.66955],[-96.802272,32.668681],[-96.802983,32.667724],[-96.804157,32.666823],[-96.80581,32.665036],[-96.805918,32.674985],[-96.800993,32.674929],[-96.801008,32.675809],[-96.799004,32.675857],[-96.797516,32.676246],[-96.797311,32.675375],[-96.795369,32.675845],[-96.793401,32.675831],[-96.793701,32.678679],[-96.788478,32.679946],[-96.787034,32.679554],[-96.787405,32.678334]]]}},{"type":"Feature","properties":{"PRECINCT":"3061","VTD":"3061"},"geometry":{"type":"Polygon","coordinates":[[[-96.766347,32.686628],[-96.76974,32.686709],[-96.77095,32.686259],[-96.771696,32.684961],[-96.77273,32.683964],[-96.775447,32.682862],[-96.776747,32.683253],[-96.777442,32.681917],[-96.778338,32.682045],[-96.779882,32.681322],[-96.780134,32.680899],[-96.779955,32.680249],[-96.781467,32.68019],[-96.783997,32.680218],[-96.785745,32.680522],[-96.786431,32.680383],[-96.789726,32.686365],[-96.787943,32.686944],[-96.770057,32.695539],[-96.764306,32.696933],[-96.755057,32.700328],[-96.752741,32.69455],[-96.753725,32.694541],[-96.758041,32.691951],[-96.759632,32.689262],[-96.764158,32.687207],[-96.766347,32.686628]]]}},{"type":"Feature","properties":{"PRECINCT":"3062","VTD":"3062"},"geometry":{"type":"Polygon","coordinates":[[[-96.752741,32.69455],[-96.747064,32.680531],[-96.784031,32.662667],[-96.783838,32.66659],[-96.783191,32.668514],[-96.782971,32.670257],[-96.783227,32.671171],[-96.784112,32.67241],[-96.784866,32.674099],[-96.785519,32.67857],[-96.786431,32.680383],[-96.785745,32.680522],[-96.783997,32.680218],[-96.779955,32.680249],[-96.780134,32.680899],[-96.779882,32.681322],[-96.778338,32.682045],[-96.777442,32.681917],[-96.776747,32.683253],[-96.775447,32.682862],[-96.77273,32.683964],[-96.771696,32.684961],[-96.77095,32.686259],[-96.76974,32.686709],[-96.766347,32.686628],[-96.764158,32.687207],[-96.759632,32.689262],[-96.758041,32.691951],[-96.753725,32.694541],[-96.752741,32.69455]]]}},{"type":"Feature","properties":{"PRECINCT":"3063","VTD":"3063"},"geometry":{"type":"Polygon","coordinates":[[[-96.857158,32.676549],[-96.857129,32.645956],[-96.86034,32.646736],[-96.877765,32.654271],[-96.873625,32.658217],[-96.857158,32.676549]]]}},{"type":"Feature","properties":{"PRECINCT":"3064","VTD":"3064"},"geometry":{"type":"Polygon","coordinates":[[[-96.83999,32.662204],[-96.840122,32.642966],[-96.857129,32.645956],[-96.857188,32.662214],[-96.83999,32.662204]]]}},{"type":"Feature","properties":{"PRECINCT":"3065","VTD":"3065"},"geometry":{"type":"Polygon","coordinates":[[[-96.830862,32.662273],[-96.830845,32.654241],[-96.831567,32.652262],[-96.831096,32.649323],[-96.831726,32.647686],[-96.833629,32.647844],[-96.84009,32.647716],[-96.83999,32.662204],[-96.830862,32.662273]]]}},{"type":"Feature","properties":{"PRECINCT":"3066","VTD":"3066"},"geometry":{"type":"Polygon","coordinates":[[[-96.823122,32.662327],[-96.823324,32.642285],[-96.835025,32.642294],[-96.840122,32.642966],[-96.84009,32.647716],[-96.833629,32.647844],[-96.831726,32.647686],[-96.831096,32.649323],[-96.831567,32.652262],[-96.830845,32.654241],[-96.830862,32.662273],[-96.823122,32.662327]]]}},{"type":"Feature","properties":{"PRECINCT":"3067","VTD":"3067"},"geometry":{"type":"Polygon","coordinates":[[[-96.861193,32.647112],[-96.858056,32.646081],[-96.840122,32.642966],[-96.840063,32.63315],[-96.865684,32.633083],[-96.865569,32.63597],[-96.87441,32.636035],[-96.874241,32.642893],[-96.878458,32.642901],[-96.878437,32.646502],[-96.879911,32.64652],[-96.879912,32.647483],[-96.891269,32.647376],[-96.891285,32.660133],[-96.861193,32.647112]]]}},{"type":"Feature","properties":{"PRECINCT":"3068","VTD":"3068"},"geometry":{"type":"Polygon","coordinates":[[[-96.785455,32.678286],[-96.784866,32.674099],[-96.784112,32.67241],[-96.783227,32.671171],[-96.782971,32.670257],[-96.783191,32.668514],[-96.783838,32.66659],[-96.784031,32.662667],[-96.78252,32.651383],[-96.781199,32.647461],[-96.788503,32.645431],[-96.788495,32.645773],[-96.787743,32.646046],[-96.78768,32.647491],[-96.802544,32.649311],[-96.80561,32.64774],[-96.814281,32.647718],[-96.814278,32.642363],[-96.823324,32.642285],[-96.823374,32.654047],[-96.823106,32.657114],[-96.823122,32.662327],[-96.805799,32.662351],[-96.80581,32.665036],[-96.804157,32.666823],[-96.802983,32.667724],[-96.802272,32.668681],[-96.798331,32.66955],[-96.79694,32.670293],[-96.796157,32.670271],[-96.793718,32.67134],[-96.793191,32.672189],[-96.792007,32.673209],[-96.791854,32.674228],[-96.792022,32.674746],[-96.791318,32.6757],[-96.790809,32.675736],[-96.790962,32.676166],[-96.790452,32.676752],[-96.789891,32.676602],[-96.789721,32.677809],[-96.789003,32.677934],[-96.788816,32.678309],[-96.788311,32.67808],[-96.787911,32.678341],[-96.787466,32.678218],[-96.78742,32.678825],[-96.786569,32.680402],[-96.785455,32.678286]]]}},{"type":"Feature","properties":{"PRECINCT":"3069","VTD":"3069"},"geometry":{"type":"Polygon","coordinates":[[[-96.760688,32.669201],[-96.767052,32.666148],[-96.768055,32.667902],[-96.769158,32.668005],[-96.767862,32.664842],[-96.770786,32.663506],[-96.767419,32.658524],[-96.770317,32.657355],[-96.767857,32.653877],[-96.768061,32.653367],[-96.772185,32.651324],[-96.772996,32.652692],[-96.774242,32.652075],[-96.777184,32.656081],[-96.782845,32.653439],[-96.784031,32.662667],[-96.762962,32.672741],[-96.760688,32.669201]]]}},{"type":"Feature","properties":{"PRECINCT":"3070","VTD":"3070"},"geometry":{"type":"Polygon","coordinates":[[[-96.760688,32.669201],[-96.756667,32.663454],[-96.754498,32.662698],[-96.753852,32.66212],[-96.750709,32.657517],[-96.750485,32.656697],[-96.750575,32.655225],[-96.755706,32.654276],[-96.751316,32.655546],[-96.753717,32.65515],[-96.764253,32.652396],[-96.765312,32.653992],[-96.764633,32.654314],[-96.765709,32.655932],[-96.767,32.655648],[-96.768565,32.654888],[-96.770317,32.657355],[-96.767419,32.658524],[-96.770786,32.663506],[-96.767862,32.664842],[-96.769158,32.668005],[-96.768055,32.667902],[-96.767052,32.666148],[-96.760688,32.669201]]]}},{"type":"Feature","properties":{"PRECINCT":"3071","VTD":"3071"},"geometry":{"type":"Polygon","coordinates":[[[-96.744459,32.681601],[-96.73491,32.670598],[-96.726779,32.661859],[-96.732407,32.659052],[-96.735087,32.658161],[-96.750575,32.655225],[-96.750485,32.656697],[-96.750709,32.657517],[-96.753852,32.66212],[-96.754498,32.662698],[-96.75626,32.663186],[-96.756829,32.663595],[-96.762962,32.672741],[-96.747064,32.680531],[-96.744459,32.681601]]]}},{"type":"Feature","properties":{"PRECINCT":"3072","VTD":"3072"},"geometry":{"type":"Polygon","coordinates":[[[-96.760621,32.714049],[-96.754007,32.712292],[-96.753326,32.712521],[-96.753079,32.712266],[-96.747295,32.703231],[-96.739405,32.706179],[-96.739242,32.706477],[-96.738894,32.70637],[-96.73568,32.707498],[-96.734278,32.704179],[-96.734552,32.700659],[-96.733634,32.69953],[-96.732187,32.699417],[-96.728624,32.698385],[-96.727379,32.698689],[-96.725635,32.698754],[-96.723524,32.697205],[-96.721019,32.696513],[-96.714802,32.696288],[-96.713051,32.696408],[-96.713058,32.696099],[-96.714555,32.694648],[-96.720437,32.693334],[-96.733955,32.68686],[-96.725173,32.671739],[-96.725487,32.670969],[-96.725997,32.670782],[-96.724396,32.667932],[-96.722678,32.663932],[-96.726779,32.661859],[-96.73491,32.670598],[-96.744459,32.681601],[-96.747011,32.680428],[-96.760621,32.714049]]]}},{"type":"Feature","properties":{"PRECINCT":"3073","VTD":"3073"},"geometry":{"type":"Polygon","coordinates":[[[-96.765709,32.655932],[-96.764633,32.654314],[-96.765312,32.653992],[-96.764253,32.652396],[-96.774356,32.649687],[-96.774637,32.650106],[-96.767912,32.653495],[-96.767857,32.653877],[-96.768565,32.654888],[-96.767,32.655648],[-96.765709,32.655932]]]}},{"type":"Feature","properties":{"PRECINCT":"3074","VTD":"3074"},"geometry":{"type":"Polygon","coordinates":[[[-96.835646,32.642334],[-96.823324,32.642285],[-96.823303,32.633231],[-96.831588,32.633195],[-96.831504,32.632678],[-96.840079,32.632613],[-96.840122,32.642966],[-96.835646,32.642334]]]}},{"type":"Feature","properties":{"PRECINCT":"3075","VTD":"3075"},"geometry":{"type":"Polygon","coordinates":[[[-96.72219,32.662613],[-96.72562,32.660809],[-96.725793,32.660957],[-96.726986,32.660346],[-96.728981,32.659753],[-96.729795,32.659224],[-96.726283,32.654092],[-96.727116,32.65363],[-96.726679,32.652973],[-96.731277,32.65079],[-96.729457,32.648125],[-96.733021,32.646421],[-96.73018,32.642262],[-96.733454,32.640779],[-96.729768,32.635496],[-96.731839,32.629604],[-96.744648,32.623461],[-96.745437,32.618574],[-96.765656,32.618582],[-96.768657,32.62402],[-96.773213,32.634328],[-96.777351,32.641495],[-96.783933,32.638306],[-96.788516,32.644852],[-96.788503,32.645431],[-96.781199,32.647461],[-96.781342,32.647906],[-96.775345,32.64935],[-96.757798,32.654192],[-96.751316,32.655546],[-96.755706,32.654276],[-96.734478,32.658335],[-96.732047,32.659219],[-96.722678,32.663932],[-96.72219,32.662613]]]}},{"type":"Feature","properties":{"PRECINCT":"3076","VTD":"3076"},"geometry":{"type":"Polygon","coordinates":[[[-96.99001,32.6433],[-96.984827,32.642449],[-96.984876,32.643017],[-96.976862,32.641782],[-96.979495,32.641343],[-96.976548,32.639317],[-96.977469,32.639038],[-96.977794,32.639404],[-96.977872,32.638958],[-96.97829,32.638767],[-96.979504,32.639042],[-96.980114,32.638928],[-96.980834,32.638427],[-96.980507,32.638351],[-96.979584,32.637333],[-96.980909,32.636939],[-96.981496,32.6362],[-96.980172,32.634296],[-96.98077,32.633601],[-96.980691,32.631996],[-96.981724,32.632157],[-96.982695,32.633234],[-96.982952,32.632666],[-96.984111,32.632134],[-96.983718,32.631728],[-96.982468,32.63172],[-96.982226,32.631422],[-96.982382,32.631045],[-96.984312,32.630299],[-96.98474,32.629886],[-96.983944,32.628631],[-96.983279,32.628346],[-96.983465,32.62805],[-96.982401,32.627435],[-96.981978,32.625618],[-96.982321,32.625506],[-96.982231,32.625059],[-96.982568,32.624619],[-96.982299,32.624437],[-96.982815,32.624094],[-96.983998,32.625484],[-96.98555,32.626496],[-96.986405,32.626799],[-96.986991,32.626284],[-96.987552,32.62652],[-96.988256,32.626488],[-96.990047,32.625888],[-96.991098,32.62527],[-96.991892,32.625321],[-96.992746,32.624733],[-96.992584,32.624149],[-96.991149,32.623482],[-96.992081,32.622942],[-96.991957,32.621882],[-96.991016,32.621505],[-96.99201,32.620578],[-96.991608,32.619115],[-96.989001,32.61909],[-96.988761,32.618797],[-96.991601,32.616934],[-96.993044,32.617159],[-96.993828,32.617016],[-96.993884,32.616473],[-96.993012,32.615726],[-96.993102,32.615062],[-96.992585,32.61455],[-96.992503,32.613951],[-96.992752,32.613458],[-96.993488,32.613222],[-96.994174,32.613641],[-96.994173,32.614013],[-96.994864,32.614134],[-96.994972,32.614421],[-96.995543,32.6147],[-97.000482,32.622213],[-96.999372,32.623252],[-96.998501,32.627088],[-96.997743,32.628275],[-96.996137,32.62996],[-96.996382,32.631937],[-96.996263,32.634922],[-96.995451,32.639723],[-96.991896,32.642799],[-96.990313,32.642532],[-96.99001,32.6433]]]}},{"type":"Feature","properties":{"PRECINCT":"3077","VTD":"3077"},"geometry":{"type":"Polygon","coordinates":[[[-96.943237,32.659233],[-96.942935,32.642122],[-96.943728,32.642117],[-96.943723,32.64009],[-96.945576,32.639763],[-96.948095,32.639985],[-96.953597,32.634798],[-96.95382,32.63424],[-96.953738,32.632685],[-96.957627,32.632675],[-96.956839,32.631498],[-96.971722,32.624275],[-96.97584,32.622069],[-96.975642,32.624741],[-96.974407,32.630226],[-96.972371,32.635558],[-96.972022,32.637165],[-96.972546,32.637378],[-96.972615,32.640371],[-96.973033,32.641609],[-96.977494,32.651238],[-96.977242,32.651314],[-96.975925,32.648659],[-96.975149,32.648926],[-96.974129,32.646839],[-96.973113,32.647044],[-96.971984,32.64698],[-96.970656,32.646483],[-96.971818,32.645128],[-96.97183,32.643811],[-96.970189,32.643706],[-96.970246,32.645142],[-96.969261,32.645325],[-96.968662,32.646149],[-96.967205,32.64613],[-96.966633,32.647512],[-96.967153,32.647829],[-96.968607,32.647782],[-96.969741,32.64848],[-96.969707,32.648823],[-96.969119,32.648936],[-96.967631,32.650339],[-96.964603,32.649313],[-96.961277,32.646042],[-96.959345,32.645137],[-96.959379,32.646093],[-96.959105,32.64654],[-96.959809,32.647855],[-96.959909,32.648721],[-96.957581,32.647633],[-96.955469,32.647579],[-96.955294,32.648418],[-96.953983,32.648365],[-96.952902,32.648854],[-96.952007,32.648781],[-96.951704,32.64932],[-96.950738,32.649],[-96.949512,32.650245],[-96.949755,32.65068],[-96.944581,32.652276],[-96.944399,32.653033],[-96.945342,32.653852],[-96.945659,32.654704],[-96.945379,32.656021],[-96.944693,32.656166],[-96.944819,32.656913],[-96.945989,32.657933],[-96.94537,32.659492],[-96.943237,32.659233]]]}},{"type":"Feature","properties":{"PRECINCT":"3078","VTD":"3078"},"geometry":{"type":"Polygon","coordinates":[[[-96.942935,32.642122],[-96.942871,32.634272],[-96.943314,32.631886],[-96.943239,32.626115],[-96.942808,32.624634],[-96.944574,32.622196],[-96.945732,32.62115],[-96.946571,32.620809],[-96.946699,32.621004],[-96.947867,32.620787],[-96.948734,32.621029],[-96.949238,32.620814],[-96.953256,32.626668],[-96.953249,32.632728],[-96.953738,32.632685],[-96.953788,32.634408],[-96.953486,32.634921],[-96.948095,32.639985],[-96.945576,32.639763],[-96.943723,32.64009],[-96.943728,32.642117],[-96.942935,32.642122]]]}},{"type":"Feature","properties":{"PRECINCT":"3079","VTD":"3079"},"geometry":{"type":"Polygon","coordinates":[[[-96.578622,32.703573],[-96.575287,32.70332],[-96.572439,32.700873],[-96.582596,32.692628],[-96.582859,32.692703],[-96.582626,32.693599],[-96.582736,32.694423],[-96.58491,32.698895],[-96.586071,32.697915],[-96.586428,32.697879],[-96.590944,32.70161],[-96.598142,32.69581],[-96.605023,32.701873],[-96.585377,32.703644],[-96.578622,32.703573]]]}},{"type":"Feature","properties":{"PRECINCT":"3080","VTD":"3080"},"geometry":{"type":"Polygon","coordinates":[[[-96.605023,32.701873],[-96.588607,32.687701],[-96.590251,32.686306],[-96.588834,32.683131],[-96.58819,32.682702],[-96.588654,32.681751],[-96.588555,32.680191],[-96.588855,32.679878],[-96.588428,32.678873],[-96.595371,32.673065],[-96.607974,32.678992],[-96.608543,32.679268],[-96.608335,32.679437],[-96.610557,32.680422],[-96.609745,32.68021],[-96.609974,32.681241],[-96.612865,32.683797],[-96.604896,32.690405],[-96.607558,32.696308],[-96.60767,32.701585],[-96.605023,32.701873]]]}},{"type":"Feature","properties":{"PRECINCT":"3081","VTD":"3081"},"geometry":{"type":"Polygon","coordinates":[[[-96.802237,32.806645],[-96.803876,32.803514],[-96.805428,32.802221],[-96.808677,32.800642],[-96.810696,32.802318],[-96.808985,32.8037],[-96.810086,32.804783],[-96.808566,32.80603],[-96.80762,32.805185],[-96.804492,32.807755],[-96.802237,32.806645]]]}},{"type":"Feature","properties":{"PRECINCT":"3082","VTD":"3082"},"geometry":{"type":"Polygon","coordinates":[[[-96.683105,32.71111],[-96.683003,32.698005],[-96.682186,32.6968],[-96.681414,32.696367],[-96.679668,32.695929],[-96.678441,32.694953],[-96.6786,32.69071],[-96.677667,32.689453],[-96.677595,32.688493],[-96.677605,32.680717],[-96.677281,32.679966],[-96.67628,32.678973],[-96.689314,32.677774],[-96.695154,32.67671],[-96.695244,32.678044],[-96.694386,32.679034],[-96.693689,32.680645],[-96.696654,32.680305],[-96.697355,32.679659],[-96.698099,32.679542],[-96.698844,32.679737],[-96.698782,32.680364],[-96.699134,32.680513],[-96.700313,32.679628],[-96.702349,32.679027],[-96.704,32.676734],[-96.710696,32.673575],[-96.714145,32.671549],[-96.718816,32.669371],[-96.720379,32.669071],[-96.721886,32.669153],[-96.724196,32.670079],[-96.733955,32.68686],[-96.720437,32.693334],[-96.714555,32.694648],[-96.713058,32.696099],[-96.713051,32.696408],[-96.714802,32.696288],[-96.721019,32.696513],[-96.723524,32.697205],[-96.725635,32.698754],[-96.727379,32.698689],[-96.728624,32.698385],[-96.732187,32.699417],[-96.733634,32.69953],[-96.734552,32.700659],[-96.734278,32.704179],[-96.73568,32.707498],[-96.723278,32.712134],[-96.721495,32.712553],[-96.707187,32.712767],[-96.70019,32.713199],[-96.700312,32.723965],[-96.693135,32.719065],[-96.683615,32.712995],[-96.684263,32.712484],[-96.683437,32.711891],[-96.683105,32.71111]]]}},{"type":"Feature","properties":{"PRECINCT":"3083","VTD":"3083"},"geometry":{"type":"Polygon","coordinates":[[[-96.657164,32.683074],[-96.657211,32.681354],[-96.651377,32.681303],[-96.649636,32.68092],[-96.6401,32.680774],[-96.640186,32.678269],[-96.641105,32.675962],[-96.641114,32.667875],[-96.645195,32.66443],[-96.640861,32.660877],[-96.650441,32.653001],[-96.649665,32.652369],[-96.649956,32.652095],[-96.650918,32.652124],[-96.651398,32.651826],[-96.653057,32.650402],[-96.653286,32.64956],[-96.65658,32.64691],[-96.656256,32.644405],[-96.65714,32.644171],[-96.657829,32.643108],[-96.657352,32.642933],[-96.656807,32.643069],[-96.656278,32.643931],[-96.656095,32.643773],[-96.655367,32.644134],[-96.654844,32.644119],[-96.654722,32.643731],[-96.653713,32.64414],[-96.653069,32.643956],[-96.652795,32.64329],[-96.651954,32.642468],[-96.65258,32.64172],[-96.652587,32.640107],[-96.651298,32.639226],[-96.65248,32.638551],[-96.654495,32.636566],[-96.656379,32.637096],[-96.660959,32.639605],[-96.664024,32.64047],[-96.666201,32.64023],[-96.668957,32.640889],[-96.671339,32.642452],[-96.673517,32.644846],[-96.677039,32.647458],[-96.678034,32.647782],[-96.680528,32.647604],[-96.683026,32.649203],[-96.68321,32.650036],[-96.682713,32.651389],[-96.680042,32.653956],[-96.679046,32.655338],[-96.677773,32.659889],[-96.676765,32.660961],[-96.676863,32.661983],[-96.67788,32.662675],[-96.678228,32.663204],[-96.67802,32.663894],[-96.677139,32.664524],[-96.674937,32.665322],[-96.674603,32.665749],[-96.674656,32.66621],[-96.67499,32.666525],[-96.677032,32.667053],[-96.677913,32.667581],[-96.678956,32.668822],[-96.679338,32.669866],[-96.679247,32.670755],[-96.678792,32.671722],[-96.676641,32.674208],[-96.676549,32.675097],[-96.676931,32.675773],[-96.677989,32.676356],[-96.679684,32.676218],[-96.685008,32.673227],[-96.68948,32.671836],[-96.690898,32.671861],[-96.691873,32.672028],[-96.693206,32.674778],[-96.694601,32.675906],[-96.695154,32.67671],[-96.689314,32.677774],[-96.67628,32.678973],[-96.676714,32.679387],[-96.671955,32.67991],[-96.657164,32.683074]]]}},{"type":"Feature","properties":{"PRECINCT":"3084","VTD":"3084"},"geometry":{"type":"Polygon","coordinates":[[[-96.809838,32.758768],[-96.816767,32.758763],[-96.819367,32.758454],[-96.822924,32.758893],[-96.822845,32.769205],[-96.817685,32.770207],[-96.816033,32.767606],[-96.814604,32.766362],[-96.809528,32.763985],[-96.806479,32.762944],[-96.809838,32.758768]]]}},{"type":"Feature","properties":{"PRECINCT":"3085","VTD":"3085"},"geometry":{"type":"Polygon","coordinates":[[[-96.623213,32.681033],[-96.620439,32.677495],[-96.627947,32.67135],[-96.621117,32.665959],[-96.622599,32.664549],[-96.621214,32.663382],[-96.619212,32.661113],[-96.61875,32.660822],[-96.617864,32.660725],[-96.618358,32.656053],[-96.617312,32.65316],[-96.61722,32.652067],[-96.619176,32.646077],[-96.619185,32.644424],[-96.613789,32.631861],[-96.613215,32.629151],[-96.613562,32.625988],[-96.61401,32.625166],[-96.617768,32.62127],[-96.622198,32.617727],[-96.623791,32.618917],[-96.629954,32.62026],[-96.63054,32.620692],[-96.630579,32.621028],[-96.629118,32.622753],[-96.627969,32.625143],[-96.627965,32.625659],[-96.628773,32.627169],[-96.628159,32.62875],[-96.628617,32.629561],[-96.632661,32.631376],[-96.643529,32.635478],[-96.649047,32.638578],[-96.651298,32.639226],[-96.652227,32.639705],[-96.652587,32.640107],[-96.65267,32.641379],[-96.651954,32.642468],[-96.652795,32.64329],[-96.653069,32.643956],[-96.653713,32.64414],[-96.654722,32.643731],[-96.654844,32.644119],[-96.655367,32.644134],[-96.656095,32.643773],[-96.656278,32.643931],[-96.656807,32.643069],[-96.657352,32.642933],[-96.657861,32.643208],[-96.65714,32.644171],[-96.656256,32.644405],[-96.656533,32.646971],[-96.653286,32.64956],[-96.653057,32.650402],[-96.651398,32.651826],[-96.650918,32.652124],[-96.649956,32.652095],[-96.649665,32.652369],[-96.650441,32.653001],[-96.640861,32.660877],[-96.645195,32.66443],[-96.641114,32.667875],[-96.641105,32.675962],[-96.640186,32.678269],[-96.640109,32.679105],[-96.6401,32.680774],[-96.649636,32.68092],[-96.651377,32.681303],[-96.657211,32.681354],[-96.657164,32.683074],[-96.63774,32.687244],[-96.635735,32.687981],[-96.63468,32.688663],[-96.625553,32.682873],[-96.623213,32.681033]]]}},{"type":"Feature","properties":{"PRECINCT":"3086","VTD":"3086"},"geometry":{"type":"Polygon","coordinates":[[[-96.800825,32.800798],[-96.801386,32.797648],[-96.803488,32.798194],[-96.803712,32.798034],[-96.80532,32.799419],[-96.805989,32.801983],[-96.804699,32.802684],[-96.803813,32.803603],[-96.801418,32.808472],[-96.796979,32.804655],[-96.800825,32.800798]]]}},{"type":"Feature","properties":{"PRECINCT":"3087","VTD":"3087"},"geometry":{"type":"Polygon","coordinates":[[[-96.678464,32.69387],[-96.678464,32.691102],[-96.678434,32.690697],[-96.678639,32.691116],[-96.678638,32.693871],[-96.678464,32.69387]]]}},{"type":"Feature","properties":{"PRECINCT":"3088","VTD":"3088"},"geometry":{"type":"Polygon","coordinates":[[[-96.873216,32.704963],[-96.870196,32.704937],[-96.870184,32.702832],[-96.872537,32.702824],[-96.872997,32.702632],[-96.873008,32.703876],[-96.873411,32.704347],[-96.874237,32.704382],[-96.874189,32.70537],[-96.873216,32.704963]]]}},{"type":"Feature","properties":{"PRECINCT":"3089","VTD":"3089"},"geometry":{"type":"Polygon","coordinates":[[[-96.807017,32.792873],[-96.807608,32.792299],[-96.813248,32.797379],[-96.812642,32.798172],[-96.810893,32.797471],[-96.807516,32.794494],[-96.808195,32.793932],[-96.807017,32.792873]]]}},{"type":"Feature","properties":{"PRECINCT":"3090","VTD":"3090"},"geometry":{"type":"Polygon","coordinates":[[[-96.787232,32.781722],[-96.786499,32.781692],[-96.786205,32.781001],[-96.785356,32.780054],[-96.785738,32.779846],[-96.785035,32.77969],[-96.783495,32.777867],[-96.786422,32.775836],[-96.787938,32.778238],[-96.789739,32.780298],[-96.787232,32.781722]]]}},{"type":"Feature","properties":{"PRECINCT":"3091","VTD":"3091"},"geometry":{"type":"Polygon","coordinates":[[[-96.775106,32.780544],[-96.776783,32.780436],[-96.775998,32.781191],[-96.775106,32.780544]]]}},{"type":"Feature","properties":{"PRECINCT":"3092","VTD":"3092"},"geometry":{"type":"Polygon","coordinates":[[[-96.846221,32.691358],[-96.848288,32.686847],[-96.849611,32.685017],[-96.862036,32.671179],[-96.869581,32.671169],[-96.870975,32.671402],[-96.872397,32.672055],[-96.878111,32.675904],[-96.879821,32.676603],[-96.891468,32.676629],[-96.89154,32.689552],[-96.891364,32.691561],[-96.890438,32.691287],[-96.887377,32.691189],[-96.852218,32.691187],[-96.846221,32.691358]]]}},{"type":"Feature","properties":{"PRECINCT":"3093","VTD":"3093"},"geometry":{"type":"Polygon","coordinates":[[[-96.63072,32.690557],[-96.628421,32.690447],[-96.628388,32.687808],[-96.620381,32.677526],[-96.62377,32.681551],[-96.63468,32.688663],[-96.633569,32.689714],[-96.632414,32.691513],[-96.63072,32.690557]]]}},{"type":"Feature","properties":{"PRECINCT":"3094","VTD":"3094"},"geometry":{"type":"Polygon","coordinates":[[[-96.805889,32.768789],[-96.804455,32.76864],[-96.804205,32.768246],[-96.804081,32.766156],[-96.804467,32.765311],[-96.806479,32.762944],[-96.809528,32.763985],[-96.814604,32.766362],[-96.816033,32.767606],[-96.817685,32.770207],[-96.811945,32.771356],[-96.810763,32.771354],[-96.80893,32.770598],[-96.807563,32.769846],[-96.807692,32.769683],[-96.805889,32.768789]]]}},{"type":"Feature","properties":{"PRECINCT":"3095","VTD":"3095"},"geometry":{"type":"Polygon","coordinates":[[[-96.793098,32.795493],[-96.792283,32.786197],[-96.791965,32.785203],[-96.790999,32.784067],[-96.789745,32.783427],[-96.806257,32.779958],[-96.806977,32.782295],[-96.804019,32.784564],[-96.803614,32.785206],[-96.803957,32.785522],[-96.802383,32.786835],[-96.803275,32.787886],[-96.801794,32.789122],[-96.801552,32.788919],[-96.800966,32.789431],[-96.801181,32.789624],[-96.797427,32.792766],[-96.793098,32.795493]]]}},{"type":"Feature","properties":{"PRECINCT":"3096","VTD":"3096"},"geometry":{"type":"Polygon","coordinates":[[[-96.808218,32.7833],[-96.806468,32.777524],[-96.805636,32.777699],[-96.806278,32.779953],[-96.789745,32.783427],[-96.786556,32.782082],[-96.786499,32.781692],[-96.787409,32.78169],[-96.789908,32.780196],[-96.792278,32.779698],[-96.793384,32.778613],[-96.799988,32.77694],[-96.803408,32.776597],[-96.806732,32.775867],[-96.80785,32.774676],[-96.808583,32.77727],[-96.809382,32.778506],[-96.810214,32.778433],[-96.811315,32.777649],[-96.811653,32.781157],[-96.811424,32.782411],[-96.809519,32.782866],[-96.808021,32.784208],[-96.808218,32.7833]]]}},{"type":"Feature","properties":{"PRECINCT":"3097","VTD":"3097"},"geometry":{"type":"Polygon","coordinates":[[[-96.814487,32.68768],[-96.810791,32.687187],[-96.809806,32.686681],[-96.808969,32.685758],[-96.806567,32.685395],[-96.803481,32.683816],[-96.803081,32.684427],[-96.801593,32.684969],[-96.800619,32.683453],[-96.80469,32.682372],[-96.806085,32.682274],[-96.807116,32.68248],[-96.810133,32.683751],[-96.814534,32.683874],[-96.814487,32.68768]]]}},{"type":"Feature","properties":{"PRECINCT":"3098","VTD":"3098"},"geometry":{"type":"Polygon","coordinates":[[[-96.789726,32.686365],[-96.800619,32.683453],[-96.801593,32.684969],[-96.797155,32.687109],[-96.790939,32.688803],[-96.792217,32.691744],[-96.792014,32.691794],[-96.789726,32.686365]]]}},{"type":"Feature","properties":{"PRECINCT":"3099","VTD":"3099"},"geometry":{"type":"Polygon","coordinates":[[[-96.777184,32.656081],[-96.774242,32.652075],[-96.772996,32.652692],[-96.772185,32.651324],[-96.774637,32.650106],[-96.774356,32.649687],[-96.781342,32.647906],[-96.781526,32.648043],[-96.782456,32.651082],[-96.782845,32.653439],[-96.777184,32.656081]]]}},{"type":"Feature","properties":{"PRECINCT":"30A4","VTD":"30A4"},"geometry":{"type":"Polygon","coordinates":[[[-96.571846,32.681553],[-96.571678,32.680321],[-96.573666,32.68018],[-96.57469,32.680943],[-96.572777,32.682504],[-96.571846,32.681553]]]}},{"type":"Feature","properties":{"PRECINCT":"30A6","VTD":"30A6"},"geometry":{"type":"Polygon","coordinates":[[[-96.840179,32.705783],[-96.857017,32.70575],[-96.840172,32.705893],[-96.840179,32.705783]]]}},{"type":"Feature","properties":{"PRECINCT":"30C4","VTD":"30C4"},"geometry":{"type":"Polygon","coordinates":[[[-96.81043,32.771637],[-96.80893,32.770598],[-96.811152,32.771456],[-96.810605,32.772079],[-96.81043,32.771637]]]}},{"type":"Feature","properties":{"PRECINCT":"30T4","VTD":"30T4"},"geometry":{"type":"Polygon","coordinates":[[[-96.574625,32.678683],[-96.578959,32.675172],[-96.580721,32.67596],[-96.57594,32.679938],[-96.574625,32.678683]]]}},{"type":"Feature","properties":{"PRECINCT":"30T6","VTD":"30T6"},"geometry":{"type":"Polygon","coordinates":[[[-96.812478,32.741093],[-96.813633,32.740122],[-96.815243,32.741582],[-96.815604,32.742694],[-96.815627,32.74423],[-96.812711,32.745789],[-96.812691,32.741745],[-96.812478,32.741093]]]}},{"type":"Feature","properties":{"PRECINCT":"3100","VTD":"3100"},"geometry":{"type":"Polygon","coordinates":[[[-96.908251,32.575356],[-96.908171,32.547607],[-96.928339,32.547678],[-96.929611,32.548088],[-96.92985,32.548392],[-96.929882,32.549484],[-96.930445,32.549653],[-96.93103,32.550511],[-96.932043,32.551212],[-96.932235,32.552247],[-96.933132,32.553043],[-96.933337,32.553542],[-96.93409,32.554009],[-96.934923,32.553631],[-96.936718,32.554023],[-96.938255,32.555712],[-96.938763,32.555909],[-96.938659,32.556309],[-96.939116,32.55641],[-96.939013,32.556708],[-96.939564,32.556694],[-96.939659,32.557086],[-96.940115,32.557302],[-96.940046,32.557578],[-96.940848,32.557833],[-96.941563,32.558487],[-96.941623,32.558951],[-96.941998,32.558985],[-96.942045,32.559292],[-96.942527,32.559039],[-96.942549,32.575377],[-96.935654,32.575333],[-96.933495,32.575062],[-96.925533,32.575392],[-96.908251,32.575356]]]}},{"type":"Feature","properties":{"PRECINCT":"3101","VTD":"3101"},"geometry":{"type":"Polygon","coordinates":[[[-96.899695,32.575367],[-96.899694,32.56817],[-96.891055,32.568092],[-96.891039,32.559258],[-96.890554,32.559185],[-96.88965,32.558009],[-96.889955,32.556872],[-96.889815,32.556581],[-96.888307,32.555684],[-96.887294,32.554763],[-96.882695,32.554685],[-96.882459,32.551417],[-96.882067,32.551175],[-96.881533,32.550199],[-96.879421,32.550851],[-96.87661,32.549799],[-96.873987,32.55034],[-96.873964,32.549411],[-96.870894,32.548679],[-96.870928,32.547442],[-96.908171,32.547607],[-96.908251,32.575356],[-96.899695,32.575367]]]}},{"type":"Feature","properties":{"PRECINCT":"3102","VTD":"3102"},"geometry":{"type":"Polygon","coordinates":[[[-96.935001,32.590088],[-96.933479,32.58991],[-96.933378,32.588412],[-96.932395,32.586193],[-96.932488,32.583557],[-96.931306,32.581552],[-96.929724,32.581519],[-96.930673,32.575063],[-96.939245,32.575421],[-96.959442,32.575449],[-96.959475,32.576497],[-96.959729,32.576773],[-96.95231,32.583583],[-96.946403,32.589932],[-96.935001,32.590088]]]}},{"type":"Feature","properties":{"PRECINCT":"3103","VTD":"3103"},"geometry":{"type":"Polygon","coordinates":[[[-96.908399,32.618789],[-96.90833,32.600391],[-96.909078,32.600965],[-96.909419,32.600914],[-96.910881,32.601581],[-96.911855,32.601269],[-96.914478,32.601089],[-96.916666,32.600212],[-96.917573,32.601049],[-96.92532,32.601197],[-96.925325,32.597668],[-96.929105,32.597672],[-96.929116,32.596807],[-96.930587,32.596711],[-96.930688,32.595557],[-96.932135,32.592726],[-96.933385,32.591136],[-96.933479,32.58991],[-96.935373,32.590165],[-96.936964,32.58995],[-96.946403,32.589932],[-96.922553,32.612795],[-96.915137,32.618868],[-96.908399,32.618789]]]}},{"type":"Feature","properties":{"PRECINCT":"3104","VTD":"3104"},"geometry":{"type":"Polygon","coordinates":[[[-96.94254,32.617607],[-96.942723,32.608676],[-96.943272,32.607633],[-96.945907,32.604432],[-96.945608,32.604431],[-96.947277,32.602566],[-96.952098,32.605921],[-96.955405,32.609095],[-96.95733,32.610489],[-96.956192,32.611973],[-96.957312,32.61281],[-96.956861,32.613793],[-96.956873,32.616728],[-96.957971,32.616965],[-96.957496,32.617705],[-96.952558,32.617562],[-96.952556,32.619853],[-96.949322,32.619825],[-96.947366,32.61954],[-96.94254,32.617607]]]}},{"type":"Feature","properties":{"PRECINCT":"3105","VTD":"3105"},"geometry":{"type":"Polygon","coordinates":[[[-96.940952,32.625774],[-96.940519,32.625033],[-96.939266,32.624524],[-96.939358,32.624271],[-96.938758,32.62371],[-96.938393,32.623919],[-96.937651,32.623441],[-96.936919,32.624053],[-96.935144,32.624084],[-96.933344,32.622363],[-96.931791,32.624511],[-96.931234,32.624513],[-96.93066,32.625221],[-96.93002,32.624684],[-96.927007,32.624531],[-96.926356,32.624028],[-96.925801,32.624536],[-96.925455,32.623251],[-96.916623,32.623106],[-96.911039,32.623302],[-96.915595,32.618886],[-96.915137,32.618868],[-96.915256,32.618752],[-96.922553,32.612795],[-96.940116,32.595824],[-96.942937,32.599406],[-96.947277,32.602566],[-96.945608,32.604431],[-96.945907,32.604432],[-96.943272,32.607633],[-96.942723,32.608676],[-96.94254,32.617607],[-96.943672,32.618153],[-96.942909,32.619526],[-96.942666,32.621082],[-96.942661,32.62413],[-96.943239,32.626115],[-96.941502,32.626179],[-96.940952,32.625774]]]}},{"type":"Feature","properties":{"PRECINCT":"3106","VTD":"3106"},"geometry":{"type":"Polygon","coordinates":[[[-96.959431,32.575497],[-96.942549,32.575377],[-96.942527,32.559039],[-96.942045,32.559292],[-96.941998,32.558985],[-96.941623,32.558951],[-96.941563,32.558487],[-96.940848,32.557833],[-96.940046,32.557578],[-96.940115,32.557302],[-96.939659,32.557086],[-96.939564,32.556694],[-96.939013,32.556708],[-96.939116,32.55641],[-96.938659,32.556309],[-96.938763,32.555909],[-96.938255,32.555712],[-96.936718,32.554023],[-96.934923,32.553631],[-96.93409,32.554009],[-96.933337,32.553542],[-96.933132,32.553043],[-96.932235,32.552247],[-96.932043,32.551212],[-96.93103,32.550511],[-96.930445,32.549653],[-96.929882,32.549484],[-96.929746,32.548175],[-96.928339,32.547678],[-96.976487,32.548014],[-96.975574,32.551445],[-96.970178,32.561268],[-96.968204,32.566411],[-96.965595,32.571106],[-96.963605,32.573579],[-96.959729,32.576773],[-96.959475,32.576497],[-96.959431,32.575497]]]}},{"type":"Feature","properties":{"PRECINCT":"3107","VTD":"3107"},"geometry":{"type":"Polygon","coordinates":[[[-96.908251,32.589815],[-96.908251,32.575356],[-96.925533,32.575392],[-96.930673,32.575063],[-96.929724,32.581519],[-96.931306,32.581552],[-96.932374,32.583303],[-96.932561,32.584646],[-96.932395,32.586193],[-96.933378,32.588412],[-96.933478,32.589858],[-96.908251,32.589815]]]}},{"type":"Feature","properties":{"PRECINCT":"3108","VTD":"3108"},"geometry":{"type":"Polygon","coordinates":[[[-96.98555,32.626496],[-96.983998,32.625484],[-96.982815,32.624094],[-96.982258,32.624487],[-96.982568,32.624619],[-96.982231,32.625059],[-96.982321,32.625506],[-96.981848,32.62491],[-96.980321,32.624536],[-96.979253,32.623859],[-96.978913,32.622802],[-96.976885,32.620882],[-96.976065,32.619711],[-96.975781,32.619532],[-96.975285,32.619697],[-96.97393,32.617613],[-96.970248,32.614897],[-96.966853,32.613339],[-96.958993,32.611195],[-96.957141,32.610382],[-96.955405,32.609095],[-96.951633,32.605556],[-96.943193,32.599635],[-96.940116,32.595824],[-96.946403,32.589932],[-96.96186,32.589892],[-96.969179,32.590494],[-96.971087,32.591223],[-96.973654,32.591413],[-96.976902,32.591077],[-96.980429,32.590319],[-96.98344,32.590691],[-96.985245,32.590085],[-96.988076,32.589682],[-96.991769,32.588755],[-96.995508,32.587209],[-96.998147,32.586691],[-97.006593,32.582797],[-97.008613,32.582135],[-97.016877,32.58055],[-97.018337,32.580725],[-97.01938,32.581136],[-97.020146,32.581626],[-97.019585,32.582908],[-97.01688,32.583082],[-97.015757,32.58494],[-97.015839,32.586597],[-97.016486,32.586934],[-97.016855,32.587508],[-97.014514,32.588121],[-97.013166,32.587587],[-97.012868,32.587626],[-97.012797,32.587932],[-97.012882,32.588201],[-97.013156,32.588199],[-97.01329,32.588849],[-97.012397,32.591673],[-97.012395,32.593307],[-97.012826,32.595666],[-97.015593,32.596875],[-97.016686,32.598056],[-97.015177,32.599075],[-97.013108,32.598426],[-97.012802,32.599716],[-97.01137,32.600151],[-97.010119,32.59985],[-97.009662,32.599537],[-97.00819,32.597781],[-97.007271,32.59774],[-97.007401,32.598083],[-97.006772,32.598099],[-97.006286,32.598692],[-97.006177,32.597796],[-97.005887,32.598375],[-97.004925,32.598433],[-97.005338,32.599676],[-97.004655,32.599664],[-97.005351,32.60016],[-97.005527,32.600983],[-97.00503,32.602055],[-97.004171,32.602269],[-97.004165,32.602702],[-97.0038,32.602729],[-97.00385,32.603243],[-97.004318,32.603408],[-97.004144,32.606598],[-97.003124,32.606932],[-97.002612,32.607443],[-97.001516,32.607987],[-97.000803,32.608682],[-96.999837,32.610276],[-96.998759,32.610698],[-96.998348,32.611595],[-96.998319,32.612532],[-96.997892,32.613038],[-96.997365,32.614524],[-96.996357,32.614787],[-96.995543,32.6147],[-96.994972,32.614421],[-96.994864,32.614134],[-96.994173,32.614013],[-96.994174,32.613641],[-96.993651,32.613287],[-96.992812,32.613425],[-96.992503,32.613951],[-96.992585,32.61455],[-96.993102,32.615062],[-96.993012,32.615726],[-96.993884,32.616473],[-96.993828,32.617016],[-96.993044,32.617159],[-96.991601,32.616934],[-96.988761,32.618797],[-96.989001,32.61909],[-96.991608,32.619115],[-96.99201,32.620578],[-96.991016,32.621505],[-96.991957,32.621882],[-96.992081,32.622942],[-96.991149,32.623482],[-96.992584,32.624149],[-96.992746,32.624733],[-96.991892,32.625321],[-96.991098,32.62527],[-96.990047,32.625888],[-96.988256,32.626488],[-96.987552,32.62652],[-96.987083,32.626267],[-96.986405,32.626799],[-96.98555,32.626496]]]}},{"type":"Feature","properties":{"PRECINCT":"3109","VTD":"3109"},"geometry":{"type":"Polygon","coordinates":[[[-96.962732,32.589954],[-96.946403,32.589932],[-96.95231,32.583583],[-96.958468,32.577787],[-96.96305,32.57411],[-96.965141,32.571813],[-96.968204,32.566411],[-96.970178,32.561268],[-96.975574,32.551445],[-96.976487,32.548014],[-97.012356,32.548463],[-97.012108,32.562072],[-97.011304,32.562053],[-97.011289,32.562692],[-97.01073,32.562855],[-97.010683,32.563468],[-97.010991,32.563458],[-97.010988,32.563639],[-97.010715,32.563644],[-97.010596,32.569371],[-97.013074,32.569384],[-97.012803,32.570568],[-97.014726,32.570972],[-97.013602,32.572655],[-97.013828,32.572922],[-97.014583,32.572217],[-97.014846,32.572537],[-97.014044,32.573178],[-97.014793,32.574064],[-97.015328,32.575561],[-97.017154,32.57809],[-97.016044,32.578195],[-97.015756,32.577646],[-97.013879,32.577674],[-97.014981,32.578991],[-97.013943,32.579928],[-97.012842,32.579956],[-97.012821,32.581165],[-97.007039,32.582622],[-96.998147,32.586691],[-96.995508,32.587209],[-96.991769,32.588755],[-96.988076,32.589682],[-96.985245,32.590085],[-96.984073,32.590576],[-96.983303,32.590691],[-96.980429,32.590319],[-96.976902,32.591077],[-96.973042,32.591397],[-96.971087,32.591223],[-96.969179,32.590494],[-96.962732,32.589954]]]}},{"type":"Feature","properties":{"PRECINCT":"3110","VTD":"3110"},"geometry":{"type":"Polygon","coordinates":[[[-96.910881,32.601581],[-96.909419,32.600914],[-96.909078,32.600965],[-96.90833,32.600391],[-96.908251,32.589815],[-96.933478,32.589858],[-96.933385,32.591136],[-96.932135,32.592726],[-96.930688,32.595557],[-96.930587,32.596711],[-96.929116,32.596807],[-96.929105,32.597672],[-96.925325,32.597668],[-96.92532,32.601197],[-96.917573,32.601049],[-96.916666,32.600212],[-96.914478,32.601089],[-96.911855,32.601269],[-96.910881,32.601581]]]}},{"type":"Feature","properties":{"PRECINCT":"3111","VTD":"3111"},"geometry":{"type":"Polygon","coordinates":[[[-96.973605,32.640333],[-96.972615,32.640371],[-96.972546,32.637378],[-96.972022,32.637165],[-96.972371,32.635558],[-96.974407,32.630226],[-96.97512,32.627267],[-96.975642,32.624741],[-96.97584,32.622069],[-96.976153,32.621827],[-96.975604,32.619557],[-96.975781,32.619532],[-96.978913,32.622802],[-96.979253,32.623859],[-96.980321,32.624536],[-96.98152,32.624746],[-96.982038,32.625057],[-96.982321,32.625506],[-96.981978,32.625618],[-96.982401,32.627435],[-96.983465,32.62805],[-96.983279,32.628346],[-96.983944,32.628631],[-96.984735,32.629998],[-96.982241,32.631155],[-96.982468,32.63172],[-96.983718,32.631728],[-96.984116,32.632055],[-96.98395,32.632331],[-96.982952,32.632666],[-96.982774,32.633225],[-96.981724,32.632157],[-96.980691,32.631996],[-96.98077,32.633601],[-96.980172,32.634296],[-96.981496,32.6362],[-96.980909,32.636939],[-96.979584,32.637333],[-96.980507,32.638351],[-96.980834,32.638427],[-96.980114,32.638928],[-96.979504,32.639042],[-96.97829,32.638767],[-96.977872,32.638958],[-96.977794,32.639404],[-96.977469,32.639038],[-96.976548,32.639317],[-96.979495,32.641343],[-96.976862,32.641782],[-96.975502,32.64156],[-96.974957,32.641384],[-96.973605,32.640333]]]}},{"type":"Feature","properties":{"PRECINCT":"3112","VTD":"3112"},"geometry":{"type":"Polygon","coordinates":[[[-97.011292,32.56257],[-97.011304,32.562053],[-97.012108,32.562072],[-97.012356,32.548463],[-97.013679,32.548475],[-97.013341,32.562131],[-97.012558,32.562111],[-97.012558,32.562692],[-97.011292,32.56257]]]}},{"type":"Feature","properties":{"PRECINCT":"3113","VTD":"3113"},"geometry":{"type":"Polygon","coordinates":[[[-97.012803,32.570568],[-97.013074,32.569384],[-97.010596,32.569371],[-97.010604,32.568936],[-97.013693,32.569014],[-97.013514,32.57067],[-97.012803,32.570568]]]}},{"type":"Feature","properties":{"PRECINCT":"3114","VTD":"3114"},"geometry":{"type":"Polygon","coordinates":[[[-97.011816,32.581381],[-97.012823,32.581279],[-97.011663,32.581479],[-97.011816,32.581381]]]}},{"type":"Feature","properties":{"PRECINCT":"3115","VTD":"3115"},"geometry":{"type":"Polygon","coordinates":[[[-96.949039,32.62051],[-96.945465,32.620124],[-96.942661,32.62413],[-96.942812,32.61984],[-96.943672,32.618153],[-96.946152,32.619174],[-96.94805,32.619681],[-96.952556,32.619853],[-96.952558,32.617562],[-96.957496,32.617705],[-96.957971,32.616965],[-96.956873,32.616728],[-96.956861,32.613793],[-96.957312,32.61281],[-96.956192,32.611973],[-96.95733,32.610489],[-96.958993,32.611195],[-96.966853,32.613339],[-96.970248,32.614897],[-96.973519,32.617223],[-96.974567,32.618377],[-96.975285,32.619697],[-96.975604,32.619557],[-96.976153,32.621827],[-96.971722,32.624275],[-96.956839,32.631498],[-96.957627,32.632675],[-96.953249,32.632728],[-96.953256,32.626668],[-96.949039,32.62051]]]}},{"type":"Feature","properties":{"PRECINCT":"3116","VTD":"3116"},"geometry":{"type":"Polygon","coordinates":[[[-96.754886,32.7812],[-96.759428,32.782138],[-96.758926,32.783476],[-96.758512,32.783396],[-96.756521,32.781691],[-96.754818,32.781485],[-96.754886,32.7812]]]}},{"type":"Feature","properties":{"PRECINCT":"3117","VTD":"3117"},"geometry":{"type":"Polygon","coordinates":[[[-96.777234,32.779105],[-96.778231,32.77816],[-96.778656,32.778442],[-96.780892,32.777077],[-96.780123,32.776273],[-96.782984,32.774763],[-96.784304,32.776258],[-96.785358,32.775427],[-96.785912,32.775286],[-96.786625,32.775743],[-96.781759,32.779227],[-96.780017,32.780018],[-96.77673,32.780398],[-96.776419,32.780174],[-96.778587,32.779967],[-96.777234,32.779105]]]}},{"type":"Feature","properties":{"PRECINCT":"3119","VTD":"3119"},"geometry":{"type":"Polygon","coordinates":[[[-96.910718,32.623013],[-96.915137,32.618868],[-96.915595,32.618886],[-96.911039,32.623302],[-96.910718,32.623013]]]}},{"type":"Feature","properties":{"PRECINCT":"31A4","VTD":"31A4"},"geometry":{"type":"Polygon","coordinates":[[[-96.942767,32.62382],[-96.945465,32.620124],[-96.949039,32.62051],[-96.949238,32.620814],[-96.948734,32.621029],[-96.947867,32.620787],[-96.946699,32.621004],[-96.946571,32.620809],[-96.945732,32.62115],[-96.944574,32.622196],[-96.942808,32.624634],[-96.942767,32.62382]]]}},{"type":"Feature","properties":{"PRECINCT":"31A5","VTD":"31A5"},"geometry":{"type":"Polygon","coordinates":[[[-96.928733,32.624671],[-96.93002,32.624684],[-96.93066,32.625221],[-96.9303,32.625664],[-96.928733,32.624671]]]}},{"type":"Feature","properties":{"PRECINCT":"3200","VTD":"3200"},"geometry":{"type":"Polygon","coordinates":[[[-96.925405,32.632765],[-96.933344,32.622363],[-96.936138,32.624868],[-96.936591,32.624515],[-96.938559,32.623977],[-96.939449,32.624674],[-96.94039,32.624981],[-96.940652,32.625917],[-96.941138,32.626303],[-96.942038,32.62676],[-96.94324,32.626674],[-96.943305,32.632075],[-96.942871,32.634272],[-96.942935,32.642122],[-96.925448,32.642097],[-96.925379,32.641225],[-96.924468,32.639702],[-96.924267,32.637301],[-96.923386,32.636438],[-96.925405,32.632765]]]}},{"type":"Feature","properties":{"PRECINCT":"3201","VTD":"3201"},"geometry":{"type":"Polygon","coordinates":[[[-96.906246,32.632933],[-96.900259,32.63291],[-96.910718,32.623013],[-96.911039,32.623302],[-96.916623,32.623106],[-96.925455,32.623251],[-96.925476,32.624847],[-96.926356,32.624028],[-96.927001,32.624653],[-96.928733,32.624671],[-96.9303,32.625664],[-96.93066,32.625221],[-96.930875,32.625401],[-96.931633,32.624704],[-96.925405,32.632765],[-96.916558,32.632705],[-96.910697,32.633891],[-96.907782,32.633829],[-96.906246,32.632933]]]}},{"type":"Feature","properties":{"PRECINCT":"3202","VTD":"3202"},"geometry":{"type":"Polygon","coordinates":[[[-96.8836,32.633041],[-96.883162,32.62515],[-96.882581,32.625135],[-96.884146,32.624048],[-96.882982,32.622476],[-96.882983,32.61898],[-96.883402,32.619405],[-96.883986,32.619557],[-96.886601,32.61924],[-96.888938,32.619281],[-96.890266,32.618825],[-96.891305,32.618761],[-96.895072,32.618915],[-96.905604,32.618718],[-96.915137,32.618868],[-96.900259,32.63291],[-96.893264,32.632967],[-96.892749,32.632826],[-96.891033,32.631408],[-96.891267,32.632185],[-96.891837,32.632705],[-96.891343,32.63306],[-96.8836,32.633041]]]}},{"type":"Feature","properties":{"PRECINCT":"3203","VTD":"3203"},"geometry":{"type":"Polygon","coordinates":[[[-96.909282,32.651745],[-96.908437,32.651725],[-96.908358,32.633879],[-96.911043,32.633862],[-96.916558,32.632705],[-96.925405,32.632765],[-96.923386,32.636438],[-96.924267,32.637301],[-96.924468,32.639702],[-96.925407,32.641332],[-96.925541,32.64747],[-96.920644,32.647472],[-96.917553,32.646088],[-96.915236,32.646012],[-96.909282,32.651745]]]}},{"type":"Feature","properties":{"PRECINCT":"3204","VTD":"3204"},"geometry":{"type":"Polygon","coordinates":[[[-96.897934,32.653326],[-96.891256,32.653207],[-96.891502,32.641205],[-96.900259,32.63291],[-96.905968,32.632894],[-96.90746,32.633725],[-96.908358,32.633879],[-96.908441,32.649805],[-96.907207,32.649814],[-96.907242,32.650956],[-96.900793,32.65092],[-96.902336,32.651718],[-96.902358,32.652579],[-96.899869,32.652561],[-96.897934,32.653326]]]}},{"type":"Feature","properties":{"PRECINCT":"3205","VTD":"3205"},"geometry":{"type":"Polygon","coordinates":[[[-96.883976,32.647509],[-96.885802,32.645811],[-96.884116,32.644075],[-96.883654,32.643879],[-96.883798,32.636692],[-96.8836,32.633041],[-96.891343,32.63306],[-96.891837,32.632705],[-96.891267,32.632185],[-96.891033,32.631408],[-96.892749,32.632826],[-96.893264,32.632967],[-96.900259,32.63291],[-96.891502,32.641205],[-96.891392,32.647499],[-96.883976,32.647509]]]}},{"type":"Feature","properties":{"PRECINCT":"3206","VTD":"3206"},"geometry":{"type":"Polygon","coordinates":[[[-96.939529,32.662346],[-96.93909,32.660806],[-96.937013,32.660756],[-96.936349,32.660314],[-96.935574,32.657842],[-96.935384,32.656055],[-96.925784,32.654907],[-96.925448,32.642097],[-96.942935,32.642122],[-96.943226,32.662227],[-96.939529,32.662346]]]}},{"type":"Feature","properties":{"PRECINCT":"3207","VTD":"3207"},"geometry":{"type":"Polygon","coordinates":[[[-96.906988,32.661845],[-96.909073,32.652144],[-96.915236,32.646012],[-96.917553,32.646088],[-96.920644,32.647472],[-96.925541,32.64747],[-96.925819,32.661782],[-96.924209,32.661771],[-96.923927,32.661938],[-96.922487,32.661664],[-96.906988,32.661845]]]}},{"type":"Feature","properties":{"PRECINCT":"3208","VTD":"3208"},"geometry":{"type":"Polygon","coordinates":[[[-96.891268,32.661913],[-96.891256,32.653207],[-96.897934,32.653326],[-96.899869,32.652561],[-96.902358,32.652579],[-96.902336,32.651718],[-96.900793,32.65092],[-96.907242,32.650956],[-96.907207,32.649814],[-96.908441,32.649805],[-96.908437,32.651725],[-96.909282,32.651745],[-96.908843,32.65289],[-96.906988,32.661845],[-96.891268,32.661913]]]}},{"type":"Feature","properties":{"PRECINCT":"3209","VTD":"3209"},"geometry":{"type":"Polygon","coordinates":[[[-96.925824,32.66234],[-96.925784,32.654907],[-96.935384,32.656055],[-96.935574,32.657842],[-96.936349,32.660314],[-96.937013,32.660756],[-96.93909,32.660806],[-96.939554,32.661668],[-96.939529,32.662346],[-96.925824,32.66234]]]}},{"type":"Feature","properties":{"PRECINCT":"3210","VTD":"3210"},"geometry":{"type":"Polygon","coordinates":[[[-96.905637,32.676379],[-96.904953,32.670814],[-96.906988,32.661845],[-96.922487,32.661664],[-96.923927,32.661938],[-96.924209,32.661771],[-96.925819,32.661782],[-96.92576,32.676475],[-96.90862,32.676445],[-96.90863,32.675606],[-96.905667,32.67558],[-96.905637,32.676379]]]}},{"type":"Feature","properties":{"PRECINCT":"3211","VTD":"3211"},"geometry":{"type":"Polygon","coordinates":[[[-96.892848,32.676495],[-96.892807,32.672936],[-96.891354,32.672998],[-96.891268,32.661913],[-96.906988,32.661845],[-96.904953,32.670814],[-96.905637,32.676379],[-96.892848,32.676495]]]}},{"type":"Feature","properties":{"PRECINCT":"32A0","VTD":"32A0"},"geometry":{"type":"Polygon","coordinates":[[[-96.942038,32.62676],[-96.940652,32.625917],[-96.940423,32.625064],[-96.941419,32.626161],[-96.943239,32.626115],[-96.94324,32.626674],[-96.942038,32.62676]]]}},{"type":"Feature","properties":{"PRECINCT":"32A1","VTD":"32A1"},"geometry":{"type":"Polygon","coordinates":[[[-96.93066,32.625221],[-96.931234,32.624513],[-96.931791,32.624511],[-96.930875,32.625401],[-96.93066,32.625221]]]}},{"type":"Feature","properties":{"PRECINCT":"32C1","VTD":"32C1"},"geometry":{"type":"Polygon","coordinates":[[[-96.927001,32.624653],[-96.926356,32.624028],[-96.927007,32.624531],[-96.928733,32.624671],[-96.927001,32.624653]]]}},{"type":"Feature","properties":{"PRECINCT":"32T0","VTD":"32T0"},"geometry":{"type":"Polygon","coordinates":[[[-96.936138,32.624868],[-96.935144,32.624084],[-96.936919,32.624053],[-96.937651,32.623441],[-96.938393,32.623919],[-96.938758,32.62371],[-96.939358,32.624271],[-96.939296,32.624441],[-96.938559,32.623977],[-96.936591,32.624515],[-96.936138,32.624868]]]}},{"type":"Feature","properties":{"PRECINCT":"32T1","VTD":"32T1"},"geometry":{"type":"Polygon","coordinates":[[[-96.925476,32.624847],[-96.925479,32.623869],[-96.925801,32.624536],[-96.925476,32.624847]]]}},{"type":"Feature","properties":{"PRECINCT":"3304","VTD":"3304"},"geometry":{"type":"Polygon","coordinates":[[[-96.607302,32.813426],[-96.605773,32.813943],[-96.604393,32.813964],[-96.604503,32.806709],[-96.599223,32.806741],[-96.599071,32.804527],[-96.597871,32.804527],[-96.598077,32.797857],[-96.594145,32.797562],[-96.592939,32.796368],[-96.592444,32.796183],[-96.579606,32.796035],[-96.579769,32.787802],[-96.597612,32.790708],[-96.60567,32.792325],[-96.612085,32.792524],[-96.612258,32.793518],[-96.611857,32.795888],[-96.611822,32.798591],[-96.611299,32.800863],[-96.61124,32.81166],[-96.611469,32.813195],[-96.611994,32.814521],[-96.609213,32.815247],[-96.607393,32.815314],[-96.607302,32.813426]]]}},{"type":"Feature","properties":{"PRECINCT":"3305","VTD":"3305"},"geometry":{"type":"Polygon","coordinates":[[[-96.579769,32.787802],[-96.579894,32.779405],[-96.57031,32.779683],[-96.570349,32.764744],[-96.597203,32.767315],[-96.597136,32.778429],[-96.596908,32.779758],[-96.595904,32.782589],[-96.595897,32.790419],[-96.579769,32.787802]]]}},{"type":"Feature","properties":{"PRECINCT":"3306","VTD":"3306"},"geometry":{"type":"Polygon","coordinates":[[[-96.595992,32.781968],[-96.596908,32.779758],[-96.597136,32.778429],[-96.597203,32.767315],[-96.61273,32.768895],[-96.612844,32.771159],[-96.61381,32.77211],[-96.610863,32.773446],[-96.611315,32.774378],[-96.611335,32.775925],[-96.611094,32.776582],[-96.610453,32.777181],[-96.611138,32.777761],[-96.604479,32.783347],[-96.603084,32.782146],[-96.601202,32.782553],[-96.602191,32.783487],[-96.596429,32.788245],[-96.595884,32.788337],[-96.595992,32.781968]]]}},{"type":"Feature","properties":{"PRECINCT":"3307","VTD":"3307"},"geometry":{"type":"Polygon","coordinates":[[[-96.612085,32.79262],[-96.611927,32.791963],[-96.607265,32.787998],[-96.615273,32.781298],[-96.610453,32.777181],[-96.611094,32.776582],[-96.611335,32.775925],[-96.611315,32.774378],[-96.610863,32.773446],[-96.61381,32.77211],[-96.612844,32.771159],[-96.61273,32.768895],[-96.619249,32.770361],[-96.623418,32.771918],[-96.624287,32.775841],[-96.624627,32.787231],[-96.625313,32.792645],[-96.620839,32.792789],[-96.612085,32.79262]]]}},{"type":"Feature","properties":{"PRECINCT":"3308","VTD":"3308"},"geometry":{"type":"Polygon","coordinates":[[[-96.604211,32.767707],[-96.604425,32.761575],[-96.605001,32.761578],[-96.605193,32.761256],[-96.605167,32.755927],[-96.617418,32.755926],[-96.613043,32.746529],[-96.612502,32.744777],[-96.612195,32.742537],[-96.612568,32.742212],[-96.612542,32.738459],[-96.612907,32.735351],[-96.613879,32.734617],[-96.620684,32.734702],[-96.620665,32.740136],[-96.621802,32.740163],[-96.621814,32.742554],[-96.622578,32.742584],[-96.622503,32.76609],[-96.622997,32.767761],[-96.622224,32.767719],[-96.623418,32.771918],[-96.619249,32.770361],[-96.61273,32.768895],[-96.605619,32.768104],[-96.605648,32.767801],[-96.604211,32.767707]]]}},{"type":"Feature","properties":{"PRECINCT":"3309","VTD":"3309"},"geometry":{"type":"Polygon","coordinates":[[[-96.600571,32.766363],[-96.600584,32.765305],[-96.59965,32.765306],[-96.599645,32.764113],[-96.598729,32.764122],[-96.598714,32.758671],[-96.596606,32.755032],[-96.596592,32.748645],[-96.596988,32.745778],[-96.597698,32.744822],[-96.59881,32.743946],[-96.601907,32.746688],[-96.604142,32.746147],[-96.605508,32.746289],[-96.606446,32.746755],[-96.608033,32.746023],[-96.612037,32.745991],[-96.611551,32.743061],[-96.612195,32.742537],[-96.612502,32.744777],[-96.613043,32.746529],[-96.617418,32.755926],[-96.605167,32.755927],[-96.605152,32.761376],[-96.605001,32.761578],[-96.604425,32.761575],[-96.604404,32.762635],[-96.602417,32.762662],[-96.602431,32.765307],[-96.604374,32.765324],[-96.604329,32.766719],[-96.600571,32.766363]]]}},{"type":"Feature","properties":{"PRECINCT":"3310","VTD":"3310"},"geometry":{"type":"Polygon","coordinates":[[[-96.587538,32.760626],[-96.583602,32.760582],[-96.583501,32.744753],[-96.585685,32.74476],[-96.586098,32.745009],[-96.587254,32.744811],[-96.593055,32.744853],[-96.593776,32.745041],[-96.594107,32.744726],[-96.59692,32.744962],[-96.597338,32.745184],[-96.596782,32.746468],[-96.596592,32.748645],[-96.596576,32.754835],[-96.5986,32.758232],[-96.598816,32.759237],[-96.598729,32.764122],[-96.597244,32.764108],[-96.597203,32.767315],[-96.588188,32.766467],[-96.588294,32.761085],[-96.587538,32.760626]]]}},{"type":"Feature","properties":{"PRECINCT":"3311","VTD":"3311"},"geometry":{"type":"Polygon","coordinates":[[[-96.574534,32.760607],[-96.571707,32.760543],[-96.571718,32.758995],[-96.571264,32.757893],[-96.571457,32.756072],[-96.573923,32.754108],[-96.577805,32.753968],[-96.577955,32.74745],[-96.577788,32.747138],[-96.580475,32.744993],[-96.581465,32.745511],[-96.583508,32.745559],[-96.583602,32.760582],[-96.587337,32.760592],[-96.588294,32.761085],[-96.588188,32.766467],[-96.580317,32.765706],[-96.58157,32.764999],[-96.58214,32.764061],[-96.577594,32.762802],[-96.574303,32.762193],[-96.574534,32.760607]]]}},{"type":"Feature","properties":{"PRECINCT":"3312","VTD":"3312"},"geometry":{"type":"Polygon","coordinates":[[[-96.55368,32.742794],[-96.559288,32.747425],[-96.560418,32.748719],[-96.561131,32.750002],[-96.561635,32.751931],[-96.561833,32.756656],[-96.561543,32.763748],[-96.545989,32.76213],[-96.546051,32.752465],[-96.546369,32.748966],[-96.55368,32.742794]]]}},{"type":"Feature","properties":{"PRECINCT":"3313","VTD":"3313"},"geometry":{"type":"Polygon","coordinates":[[[-96.540568,32.735187],[-96.538077,32.732931],[-96.538931,32.732188],[-96.537621,32.730858],[-96.538346,32.730251],[-96.539665,32.731589],[-96.541496,32.730158],[-96.542864,32.731848],[-96.545507,32.734161],[-96.547987,32.732293],[-96.550903,32.73181],[-96.553663,32.730247],[-96.559162,32.734893],[-96.55549,32.73818],[-96.554673,32.74152],[-96.554079,32.74245],[-96.547544,32.747797],[-96.546348,32.749034],[-96.545564,32.74863],[-96.539857,32.743738],[-96.541723,32.742153],[-96.537987,32.738888],[-96.539992,32.73717],[-96.539293,32.736294],[-96.540568,32.735187]]]}},{"type":"Feature","properties":{"PRECINCT":"3314","VTD":"3314"},"geometry":{"type":"Polygon","coordinates":[[[-96.58103,32.745386],[-96.57271,32.738443],[-96.57118,32.737489],[-96.569431,32.737128],[-96.566084,32.73758],[-96.566084,32.738296],[-96.564912,32.739305],[-96.56443,32.739359],[-96.563044,32.738234],[-96.563005,32.737586],[-96.561457,32.736871],[-96.559162,32.734893],[-96.57991,32.717717],[-96.583419,32.720659],[-96.58544,32.721555],[-96.588332,32.723999],[-96.588969,32.724207],[-96.590057,32.724096],[-96.591793,32.72455],[-96.594037,32.725619],[-96.596542,32.727347],[-96.599163,32.729702],[-96.599315,32.735276],[-96.601493,32.735314],[-96.602287,32.740063],[-96.601614,32.741622],[-96.597338,32.745184],[-96.595848,32.744768],[-96.594107,32.744726],[-96.593776,32.745041],[-96.593055,32.744853],[-96.587254,32.744811],[-96.586098,32.745009],[-96.585685,32.74476],[-96.583501,32.744753],[-96.583508,32.745559],[-96.581802,32.745544],[-96.58103,32.745386]]]}},{"type":"Feature","properties":{"PRECINCT":"3315","VTD":"3315"},"geometry":{"type":"Polygon","coordinates":[[[-96.602191,32.783487],[-96.601202,32.782553],[-96.603084,32.782146],[-96.604479,32.783347],[-96.611138,32.777761],[-96.615273,32.781298],[-96.607265,32.787998],[-96.611927,32.791963],[-96.612085,32.792524],[-96.605969,32.792366],[-96.595897,32.790419],[-96.595884,32.788337],[-96.596429,32.788245],[-96.602191,32.783487]]]}},{"type":"Feature","properties":{"PRECINCT":"3316","VTD":"3316"},"geometry":{"type":"Polygon","coordinates":[[[-96.561809,32.760378],[-96.561487,32.751036],[-96.560418,32.748719],[-96.558484,32.746738],[-96.559207,32.746294],[-96.559912,32.746311],[-96.562755,32.748708],[-96.564124,32.748559],[-96.565587,32.747965],[-96.567389,32.746592],[-96.570133,32.746094],[-96.573083,32.743714],[-96.573702,32.743714],[-96.577883,32.747051],[-96.577838,32.753844],[-96.577624,32.75405],[-96.573923,32.754108],[-96.571539,32.755976],[-96.571264,32.757893],[-96.571718,32.758995],[-96.571707,32.760543],[-96.574521,32.760545],[-96.574303,32.762193],[-96.577594,32.762802],[-96.58214,32.764061],[-96.581903,32.764619],[-96.580317,32.765706],[-96.561543,32.763748],[-96.561809,32.760378]]]}},{"type":"Feature","properties":{"PRECINCT":"3317","VTD":"3317"},"geometry":{"type":"Polygon","coordinates":[[[-96.559162,32.734893],[-96.542825,32.72076],[-96.539556,32.723345],[-96.538948,32.723056],[-96.538436,32.723532],[-96.537619,32.723764],[-96.537313,32.722658],[-96.535962,32.721944],[-96.535241,32.721289],[-96.531738,32.720518],[-96.531015,32.719833],[-96.52709,32.717323],[-96.527241,32.714185],[-96.526913,32.713619],[-96.526331,32.713552],[-96.525757,32.714007],[-96.524738,32.714064],[-96.524365,32.713974],[-96.523528,32.713161],[-96.523527,32.712769],[-96.524597,32.711774],[-96.525008,32.711],[-96.526074,32.710836],[-96.526858,32.709567],[-96.527522,32.709296],[-96.520665,32.709878],[-96.520969,32.693765],[-96.532486,32.693953],[-96.535152,32.691511],[-96.534439,32.690925],[-96.539153,32.68698],[-96.537139,32.68542],[-96.537253,32.684097],[-96.539876,32.686093],[-96.540208,32.685775],[-96.541624,32.686705],[-96.542014,32.686331],[-96.542765,32.686813],[-96.543193,32.68649],[-96.543943,32.687255],[-96.54472,32.687146],[-96.54477,32.688228],[-96.547629,32.690645],[-96.546818,32.691456],[-96.551328,32.695223],[-96.555516,32.691876],[-96.562622,32.698153],[-96.56342,32.701229],[-96.565667,32.701211],[-96.565705,32.70155],[-96.565958,32.701382],[-96.566912,32.702087],[-96.567449,32.701676],[-96.567013,32.701263],[-96.573008,32.701403],[-96.578878,32.706742],[-96.584931,32.71176],[-96.58379,32.712695],[-96.582651,32.711717],[-96.579944,32.713963],[-96.580655,32.714585],[-96.578339,32.71649],[-96.579815,32.717783],[-96.559162,32.734893]]]}},{"type":"Feature","properties":{"PRECINCT":"3318","VTD":"3318"},"geometry":{"type":"Polygon","coordinates":[[[-96.559738,32.746271],[-96.558996,32.746364],[-96.558484,32.746738],[-96.553761,32.74273],[-96.554673,32.74152],[-96.55549,32.73818],[-96.559162,32.734893],[-96.561457,32.736871],[-96.563005,32.737586],[-96.563044,32.738234],[-96.56443,32.739359],[-96.564912,32.739305],[-96.566084,32.738296],[-96.566084,32.73758],[-96.569431,32.737128],[-96.57118,32.737489],[-96.57271,32.738443],[-96.580475,32.744993],[-96.577883,32.747051],[-96.573702,32.743714],[-96.573346,32.743632],[-96.570133,32.746094],[-96.567573,32.746522],[-96.565341,32.748109],[-96.564124,32.748559],[-96.562755,32.748708],[-96.560259,32.746479],[-96.559738,32.746271]]]}},{"type":"Feature","properties":{"PRECINCT":"3319","VTD":"3319"},"geometry":{"type":"Polygon","coordinates":[[[-96.544646,32.687264],[-96.545068,32.687105],[-96.545072,32.687936],[-96.546812,32.68949],[-96.54764,32.690618],[-96.552145,32.694533],[-96.551328,32.695223],[-96.546818,32.691456],[-96.547629,32.690645],[-96.54477,32.688228],[-96.544646,32.687264]]]}},{"type":"Feature","properties":{"PRECINCT":"3321","VTD":"3321"},"geometry":{"type":"Polygon","coordinates":[[[-96.566912,32.702087],[-96.565958,32.701382],[-96.565705,32.70155],[-96.565667,32.701211],[-96.567013,32.701263],[-96.567449,32.701676],[-96.566912,32.702087]]]}},{"type":"Feature","properties":{"PRECINCT":"3325","VTD":"3325"},"geometry":{"type":"Polygon","coordinates":[[[-96.519793,32.754388],[-96.520665,32.709878],[-96.527522,32.709296],[-96.526858,32.709567],[-96.526074,32.710836],[-96.525008,32.711],[-96.524597,32.711774],[-96.523454,32.712947],[-96.524515,32.714031],[-96.525757,32.714007],[-96.526468,32.713531],[-96.527031,32.713724],[-96.527241,32.714185],[-96.52709,32.717323],[-96.531015,32.719833],[-96.531738,32.720518],[-96.535241,32.721289],[-96.535962,32.721944],[-96.537313,32.722658],[-96.537378,32.723439],[-96.537659,32.723782],[-96.538436,32.723532],[-96.538948,32.723056],[-96.539556,32.723345],[-96.542825,32.72076],[-96.553663,32.730247],[-96.550903,32.73181],[-96.547987,32.732293],[-96.545507,32.734161],[-96.542864,32.731848],[-96.541496,32.730158],[-96.539665,32.731589],[-96.538346,32.730251],[-96.537621,32.730858],[-96.538931,32.732188],[-96.538077,32.732931],[-96.540568,32.735187],[-96.539293,32.736294],[-96.539992,32.73717],[-96.53798,32.738804],[-96.541723,32.742153],[-96.539857,32.743738],[-96.545564,32.74863],[-96.546348,32.749034],[-96.546051,32.752465],[-96.545989,32.76213],[-96.519793,32.754388]]]}},{"type":"Feature","properties":{"PRECINCT":"3327","VTD":"3327"},"geometry":{"type":"Polygon","coordinates":[[[-96.597203,32.767315],[-96.597244,32.764108],[-96.599645,32.764113],[-96.59965,32.765306],[-96.600584,32.765305],[-96.600571,32.766363],[-96.604329,32.766719],[-96.604211,32.767707],[-96.605648,32.767801],[-96.605619,32.768104],[-96.597203,32.767315]]]}},{"type":"Feature","properties":{"PRECINCT":"3328","VTD":"3328"},"geometry":{"type":"Polygon","coordinates":[[[-96.602417,32.762662],[-96.604404,32.762635],[-96.604374,32.765324],[-96.602431,32.765307],[-96.602417,32.762662]]]}},{"type":"Feature","properties":{"PRECINCT":"3500","VTD":"3500"},"geometry":{"type":"Polygon","coordinates":[[[-96.559939,32.833683],[-96.560024,32.826051],[-96.559635,32.824491],[-96.559544,32.82197],[-96.559615,32.814147],[-96.560693,32.811982],[-96.560894,32.810982],[-96.561234,32.793532],[-96.566198,32.793611],[-96.569389,32.795813],[-96.570076,32.796053],[-96.592444,32.796183],[-96.592939,32.796368],[-96.594145,32.797562],[-96.598077,32.797857],[-96.597871,32.804527],[-96.599071,32.804527],[-96.599223,32.806741],[-96.604503,32.806709],[-96.604393,32.813964],[-96.597324,32.814071],[-96.597035,32.817577],[-96.595932,32.817515],[-96.596061,32.826117],[-96.59583,32.833246],[-96.59495,32.83309],[-96.591862,32.833274],[-96.591481,32.833196],[-96.591353,32.832787],[-96.589945,32.832698],[-96.589623,32.832864],[-96.589112,32.832302],[-96.587926,32.83243],[-96.587798,32.831981],[-96.587247,32.831964],[-96.587002,32.831486],[-96.586618,32.831639],[-96.586428,32.83214],[-96.585594,32.832149],[-96.58562,32.832614],[-96.585401,32.832704],[-96.584567,32.832354],[-96.584129,32.831756],[-96.583738,32.832029],[-96.583336,32.831701],[-96.582074,32.831781],[-96.581611,32.832039],[-96.581657,32.832766],[-96.581352,32.833043],[-96.58078,32.833142],[-96.580469,32.832608],[-96.57982,32.83299],[-96.579101,32.832912],[-96.578985,32.833486],[-96.577802,32.833362],[-96.576885,32.832521],[-96.576468,32.832532],[-96.576017,32.832966],[-96.575358,32.832188],[-96.574768,32.832299],[-96.574317,32.832683],[-96.573002,32.8328],[-96.572601,32.832596],[-96.571953,32.833059],[-96.571685,32.832875],[-96.571629,32.832416],[-96.569582,32.832338],[-96.56945,32.831117],[-96.568975,32.830821],[-96.568249,32.830772],[-96.566785,32.829228],[-96.564535,32.829922],[-96.560696,32.833615],[-96.559939,32.833683]]]}},{"type":"Feature","properties":{"PRECINCT":"3501","VTD":"3501"},"geometry":{"type":"Polygon","coordinates":[[[-96.518869,32.832728],[-96.519261,32.796028],[-96.525733,32.795814],[-96.5293,32.796868],[-96.532151,32.79815],[-96.534865,32.803778],[-96.534911,32.80812],[-96.535154,32.808753],[-96.534276,32.810831],[-96.535053,32.810792],[-96.534974,32.814703],[-96.540874,32.81814],[-96.542557,32.820332],[-96.542349,32.82182],[-96.543472,32.822519],[-96.543572,32.823726],[-96.541866,32.823546],[-96.538898,32.828038],[-96.541373,32.827956],[-96.542181,32.828629],[-96.543448,32.829243],[-96.543356,32.833616],[-96.541935,32.834654],[-96.53959,32.834702],[-96.518869,32.832728]]]}},{"type":"Feature","properties":{"PRECINCT":"3503","VTD":"3503"},"geometry":{"type":"Polygon","coordinates":[[[-96.566032,32.793577],[-96.561234,32.793532],[-96.561161,32.794522],[-96.557093,32.79448],[-96.555935,32.794408],[-96.554558,32.793791],[-96.551796,32.793334],[-96.549462,32.792611],[-96.539638,32.792406],[-96.538195,32.792744],[-96.519304,32.792648],[-96.519793,32.754388],[-96.546273,32.762214],[-96.570349,32.764594],[-96.57031,32.779683],[-96.579894,32.779405],[-96.579606,32.796035],[-96.570076,32.796053],[-96.569389,32.795813],[-96.566997,32.794024],[-96.566032,32.793577]]]}},{"type":"Feature","properties":{"PRECINCT":"3504","VTD":"3504"},"geometry":{"type":"Polygon","coordinates":[[[-96.542181,32.828629],[-96.541373,32.827956],[-96.538898,32.828038],[-96.541866,32.823546],[-96.543572,32.823726],[-96.543472,32.822519],[-96.542349,32.82182],[-96.542557,32.820332],[-96.540874,32.81814],[-96.534974,32.814703],[-96.535053,32.810792],[-96.534276,32.810831],[-96.535154,32.808753],[-96.534911,32.80812],[-96.534865,32.803778],[-96.532151,32.79815],[-96.5293,32.796868],[-96.525896,32.79584],[-96.519261,32.796028],[-96.519304,32.792648],[-96.538195,32.792744],[-96.539638,32.792406],[-96.549462,32.792611],[-96.551796,32.793334],[-96.554558,32.793791],[-96.555935,32.794408],[-96.561161,32.794522],[-96.560894,32.810982],[-96.560693,32.811982],[-96.559615,32.814147],[-96.559617,32.824162],[-96.560024,32.826051],[-96.559939,32.833683],[-96.543356,32.833616],[-96.543448,32.829243],[-96.542181,32.828629]]]}},{"type":"Feature","properties":{"PRECINCT":"3600","VTD":"3600"},"geometry":{"type":"Polygon","coordinates":[[[-96.879912,32.647483],[-96.879911,32.64652],[-96.878437,32.646502],[-96.878458,32.642901],[-96.874241,32.642893],[-96.87441,32.636035],[-96.865569,32.63597],[-96.865684,32.633083],[-96.840063,32.63315],[-96.840079,32.632613],[-96.831504,32.632678],[-96.831588,32.633195],[-96.823617,32.633229],[-96.823495,32.621812],[-96.831201,32.6218],[-96.831401,32.621457],[-96.831381,32.61882],[-96.859634,32.618552],[-96.878163,32.618634],[-96.883066,32.618919],[-96.884238,32.619535],[-96.883402,32.619405],[-96.882983,32.61898],[-96.882982,32.622476],[-96.884146,32.624048],[-96.882581,32.625135],[-96.883162,32.62515],[-96.8832,32.625731],[-96.883798,32.636692],[-96.883654,32.643879],[-96.884116,32.644075],[-96.885802,32.645811],[-96.883976,32.647509],[-96.879912,32.647483]]]}},{"type":"Feature","properties":{"PRECINCT":"3601","VTD":"3601"},"geometry":{"type":"Polygon","coordinates":[[[-96.891304,32.618667],[-96.891268,32.604297],[-96.894674,32.604363],[-96.894878,32.603966],[-96.894789,32.603301],[-96.895648,32.60286],[-96.897665,32.602869],[-96.898841,32.603152],[-96.899126,32.602924],[-96.900776,32.60261],[-96.901352,32.602007],[-96.902715,32.601979],[-96.903653,32.601626],[-96.905023,32.602468],[-96.905593,32.602542],[-96.906468,32.601717],[-96.906898,32.600555],[-96.907734,32.600308],[-96.90833,32.600391],[-96.908399,32.618789],[-96.895072,32.618915],[-96.891304,32.618667]]]}},{"type":"Feature","properties":{"PRECINCT":"3602","VTD":"3602"},"geometry":{"type":"Polygon","coordinates":[[[-96.876661,32.61632],[-96.875528,32.616796],[-96.874152,32.61645],[-96.874816,32.615133],[-96.874845,32.608356],[-96.874192,32.605486],[-96.874151,32.604211],[-96.891268,32.604297],[-96.891288,32.610028],[-96.88881,32.611772],[-96.888759,32.612235],[-96.888136,32.612549],[-96.887248,32.613627],[-96.885772,32.613875],[-96.884604,32.614437],[-96.882848,32.613982],[-96.88271,32.613425],[-96.881948,32.613456],[-96.881347,32.614055],[-96.880345,32.614094],[-96.880128,32.61462],[-96.879661,32.614717],[-96.879112,32.615378],[-96.878599,32.615319],[-96.878192,32.615915],[-96.878603,32.616346],[-96.878344,32.616973],[-96.87742,32.616892],[-96.876661,32.61632]]]}},{"type":"Feature","properties":{"PRECINCT":"3603","VTD":"3603"},"geometry":{"type":"Polygon","coordinates":[[[-96.884522,32.619532],[-96.882959,32.618886],[-96.881436,32.618792],[-96.874186,32.618615],[-96.87404,32.61665],[-96.874152,32.61645],[-96.875019,32.61678],[-96.875681,32.61678],[-96.876607,32.616312],[-96.87742,32.616892],[-96.878344,32.616973],[-96.878603,32.616346],[-96.878192,32.615915],[-96.878599,32.615319],[-96.879112,32.615378],[-96.879661,32.614717],[-96.880128,32.61462],[-96.880345,32.614094],[-96.881347,32.614055],[-96.881948,32.613456],[-96.88271,32.613425],[-96.882848,32.613982],[-96.884604,32.614437],[-96.885772,32.613875],[-96.887114,32.613712],[-96.888136,32.612549],[-96.888759,32.612235],[-96.888882,32.611708],[-96.891288,32.610028],[-96.891305,32.618761],[-96.890266,32.618825],[-96.888938,32.619281],[-96.886601,32.61924],[-96.884522,32.619532]]]}},{"type":"Feature","properties":{"PRECINCT":"3604","VTD":"3604"},"geometry":{"type":"Polygon","coordinates":[[[-96.857162,32.618523],[-96.857212,32.604228],[-96.859396,32.604293],[-96.859373,32.605489],[-96.858877,32.605961],[-96.859775,32.606339],[-96.860292,32.605893],[-96.860295,32.604298],[-96.874151,32.604211],[-96.874192,32.605486],[-96.874845,32.608356],[-96.874816,32.615133],[-96.873983,32.616839],[-96.874186,32.618615],[-96.857631,32.61867],[-96.857162,32.618523]]]}},{"type":"Feature","properties":{"PRECINCT":"3605","VTD":"3605"},"geometry":{"type":"Polygon","coordinates":[[[-96.857168,32.618667],[-96.839869,32.618639],[-96.839784,32.612194],[-96.839995,32.610377],[-96.840582,32.609028],[-96.840603,32.604263],[-96.857212,32.604228],[-96.857168,32.618667]]]}},{"type":"Feature","properties":{"PRECINCT":"3606","VTD":"3606"},"geometry":{"type":"Polygon","coordinates":[[[-96.823105,32.633232],[-96.822646,32.6043],[-96.834577,32.604368],[-96.834632,32.605375],[-96.83528,32.606259],[-96.833718,32.607405],[-96.8312,32.607621],[-96.831205,32.610128],[-96.835171,32.610112],[-96.835135,32.610939],[-96.83995,32.610901],[-96.839784,32.612194],[-96.839869,32.618639],[-96.840051,32.618803],[-96.831381,32.61882],[-96.831401,32.621457],[-96.831201,32.6218],[-96.823495,32.621812],[-96.823617,32.633229],[-96.823105,32.633232]]]}},{"type":"Feature","properties":{"PRECINCT":"3607","VTD":"3607"},"geometry":{"type":"Polygon","coordinates":[[[-96.891268,32.604297],[-96.891448,32.596665],[-96.891408,32.594977],[-96.891175,32.594906],[-96.891143,32.575339],[-96.908251,32.575356],[-96.90833,32.600391],[-96.907734,32.600308],[-96.906898,32.600555],[-96.906468,32.601717],[-96.905593,32.602542],[-96.905023,32.602468],[-96.903653,32.601626],[-96.902715,32.601979],[-96.901352,32.602007],[-96.900776,32.60261],[-96.899126,32.602924],[-96.898841,32.603152],[-96.897665,32.602869],[-96.895648,32.60286],[-96.894789,32.603301],[-96.894878,32.603966],[-96.894674,32.604363],[-96.891268,32.604297]]]}},{"type":"Feature","properties":{"PRECINCT":"3608","VTD":"3608"},"geometry":{"type":"Polygon","coordinates":[[[-96.874056,32.575305],[-96.891143,32.575339],[-96.89119,32.589782],[-96.87412,32.589785],[-96.874056,32.575305]]]}},{"type":"Feature","properties":{"PRECINCT":"3609","VTD":"3609"},"geometry":{"type":"Polygon","coordinates":[[[-96.859373,32.605489],[-96.859396,32.604293],[-96.857212,32.604228],[-96.857066,32.589716],[-96.866232,32.589764],[-96.866241,32.582438],[-96.861631,32.58251],[-96.861614,32.579952],[-96.85852,32.579974],[-96.858563,32.582521],[-96.85702,32.582782],[-96.856929,32.575238],[-96.874056,32.575305],[-96.874151,32.604211],[-96.860295,32.604298],[-96.860292,32.605893],[-96.859775,32.606339],[-96.858877,32.605961],[-96.859373,32.605489]]]}},{"type":"Feature","properties":{"PRECINCT":"3610","VTD":"3610"},"geometry":{"type":"Polygon","coordinates":[[[-96.857066,32.589716],[-96.85702,32.582782],[-96.858563,32.582521],[-96.85852,32.579974],[-96.861614,32.579952],[-96.861631,32.58251],[-96.866241,32.582438],[-96.866232,32.589764],[-96.857066,32.589716]]]}},{"type":"Feature","properties":{"PRECINCT":"3611","VTD":"3611"},"geometry":{"type":"Polygon","coordinates":[[[-96.843309,32.604367],[-96.843087,32.602859],[-96.843779,32.602863],[-96.84361,32.603309],[-96.844164,32.603098],[-96.844117,32.602758],[-96.844404,32.602665],[-96.844535,32.602086],[-96.845095,32.601427],[-96.845063,32.599787],[-96.845226,32.59952],[-96.845732,32.599382],[-96.846499,32.598481],[-96.846817,32.59657],[-96.847249,32.596499],[-96.847313,32.596241],[-96.846976,32.59535],[-96.847021,32.594732],[-96.847545,32.594101],[-96.848007,32.594125],[-96.848709,32.593454],[-96.848302,32.592847],[-96.848364,32.59151],[-96.848183,32.591351],[-96.849132,32.589713],[-96.857066,32.589716],[-96.857212,32.604228],[-96.843309,32.604367]]]}},{"type":"Feature","properties":{"PRECINCT":"3612","VTD":"3612"},"geometry":{"type":"Polygon","coordinates":[[[-96.843309,32.604367],[-96.822646,32.6043],[-96.822424,32.602212],[-96.822278,32.589312],[-96.822548,32.589823],[-96.822491,32.589078],[-96.822698,32.589053],[-96.822882,32.590021],[-96.824826,32.589787],[-96.829848,32.589726],[-96.829782,32.586596],[-96.830861,32.58652],[-96.830957,32.589726],[-96.836414,32.589734],[-96.836397,32.589208],[-96.83541,32.589152],[-96.835446,32.588128],[-96.835673,32.587795],[-96.835411,32.587407],[-96.835382,32.585677],[-96.839883,32.585656],[-96.839841,32.586984],[-96.83902,32.588431],[-96.838671,32.589714],[-96.849132,32.589713],[-96.848183,32.591351],[-96.848364,32.59151],[-96.848302,32.592847],[-96.848709,32.593454],[-96.848007,32.594125],[-96.847545,32.594101],[-96.847021,32.594732],[-96.847284,32.596449],[-96.846817,32.59657],[-96.846431,32.598616],[-96.845063,32.599787],[-96.845095,32.601427],[-96.844535,32.602086],[-96.844404,32.602665],[-96.844117,32.602758],[-96.844164,32.603098],[-96.84361,32.603309],[-96.843779,32.602863],[-96.843087,32.602859],[-96.843309,32.604367]]]}},{"type":"Feature","properties":{"PRECINCT":"3613","VTD":"3613"},"geometry":{"type":"Polygon","coordinates":[[[-96.850833,32.581362],[-96.850581,32.580953],[-96.850936,32.580705],[-96.850794,32.57999],[-96.851566,32.579084],[-96.851478,32.578773],[-96.851026,32.578513],[-96.851478,32.577914],[-96.851426,32.577255],[-96.852365,32.577833],[-96.851869,32.579878],[-96.853499,32.579866],[-96.856033,32.578946],[-96.85701,32.57884],[-96.857066,32.589716],[-96.849132,32.589713],[-96.849055,32.589148],[-96.849468,32.587601],[-96.848887,32.586227],[-96.849264,32.585095],[-96.849098,32.584924],[-96.849742,32.584279],[-96.85023,32.582832],[-96.849922,32.582354],[-96.850062,32.581778],[-96.850833,32.581362]]]}},{"type":"Feature","properties":{"PRECINCT":"3614","VTD":"3614"},"geometry":{"type":"Polygon","coordinates":[[[-96.846074,32.589715],[-96.846274,32.575204],[-96.847668,32.575201],[-96.84763,32.572694],[-96.847067,32.570549],[-96.847332,32.569779],[-96.848539,32.568683],[-96.849937,32.56986],[-96.850325,32.570611],[-96.850345,32.572861],[-96.850061,32.573717],[-96.850023,32.575204],[-96.852003,32.57522],[-96.852183,32.575598],[-96.851589,32.575877],[-96.851915,32.576726],[-96.851763,32.577146],[-96.851394,32.577298],[-96.85146,32.577953],[-96.851035,32.57833],[-96.851566,32.579084],[-96.850745,32.580131],[-96.850936,32.580705],[-96.850581,32.580953],[-96.85086,32.581283],[-96.850062,32.581778],[-96.849922,32.582354],[-96.85023,32.582832],[-96.849742,32.584279],[-96.849098,32.584924],[-96.849264,32.585095],[-96.848887,32.586227],[-96.849468,32.587601],[-96.849055,32.589148],[-96.849132,32.589713],[-96.846074,32.589715]]]}},{"type":"Feature","properties":{"PRECINCT":"3615","VTD":"3615"},"geometry":{"type":"Polygon","coordinates":[[[-96.822882,32.590021],[-96.822698,32.589053],[-96.822491,32.589078],[-96.822548,32.589823],[-96.822278,32.589312],[-96.82229,32.575232],[-96.846274,32.575204],[-96.846074,32.589715],[-96.838671,32.589714],[-96.83902,32.588431],[-96.839841,32.586984],[-96.839739,32.585656],[-96.835382,32.585677],[-96.835411,32.587407],[-96.835673,32.587795],[-96.835446,32.588128],[-96.83541,32.589152],[-96.836397,32.589208],[-96.836414,32.589734],[-96.830957,32.589726],[-96.830861,32.58652],[-96.829782,32.586596],[-96.829848,32.589726],[-96.824826,32.589787],[-96.822882,32.590021]]]}},{"type":"Feature","properties":{"PRECINCT":"3616","VTD":"3616"},"geometry":{"type":"Polygon","coordinates":[[[-96.856929,32.575238],[-96.856878,32.565962],[-96.860754,32.565914],[-96.86137,32.565688],[-96.862607,32.566164],[-96.863531,32.567985],[-96.868263,32.569587],[-96.870169,32.569568],[-96.870665,32.568978],[-96.871008,32.568904],[-96.871033,32.569147],[-96.871593,32.569155],[-96.871897,32.568781],[-96.874046,32.568785],[-96.874056,32.575305],[-96.856929,32.575238]]]}},{"type":"Feature","properties":{"PRECINCT":"3617","VTD":"3617"},"geometry":{"type":"Polygon","coordinates":[[[-96.851684,32.575809],[-96.852174,32.575665],[-96.852003,32.57522],[-96.850023,32.575204],[-96.850061,32.573717],[-96.850345,32.572861],[-96.850325,32.570611],[-96.849937,32.56986],[-96.848539,32.568683],[-96.847332,32.569779],[-96.847067,32.570549],[-96.84763,32.572694],[-96.847668,32.575201],[-96.839773,32.575178],[-96.839665,32.565054],[-96.856878,32.565013],[-96.85701,32.57884],[-96.856033,32.578946],[-96.853499,32.579866],[-96.851869,32.579878],[-96.852365,32.577833],[-96.851939,32.5777],[-96.851608,32.577213],[-96.851915,32.576726],[-96.851684,32.575809]]]}},{"type":"Feature","properties":{"PRECINCT":"3618","VTD":"3618"},"geometry":{"type":"Polygon","coordinates":[[[-96.877034,32.568959],[-96.879986,32.567161],[-96.882853,32.566185],[-96.882936,32.56807],[-96.899694,32.56817],[-96.899695,32.575367],[-96.874056,32.575305],[-96.874045,32.569028],[-96.877034,32.568959]]]}},{"type":"Feature","properties":{"PRECINCT":"3619","VTD":"3619"},"geometry":{"type":"Polygon","coordinates":[[[-96.82229,32.575232],[-96.822359,32.56711],[-96.824449,32.567283],[-96.839683,32.567148],[-96.839773,32.575178],[-96.82229,32.575232]]]}},{"type":"Feature","properties":{"PRECINCT":"3620","VTD":"3620"},"geometry":{"type":"Polygon","coordinates":[[[-96.87412,32.589785],[-96.89119,32.589782],[-96.891175,32.594906],[-96.891408,32.594977],[-96.891448,32.596665],[-96.891268,32.604297],[-96.874151,32.604211],[-96.87412,32.589785]]]}},{"type":"Feature","properties":{"PRECINCT":"3621","VTD":"3621"},"geometry":{"type":"Polygon","coordinates":[[[-96.835135,32.610939],[-96.835171,32.610112],[-96.831205,32.610128],[-96.8312,32.607621],[-96.833718,32.607405],[-96.83528,32.606259],[-96.834632,32.605375],[-96.834577,32.604368],[-96.840603,32.604263],[-96.840582,32.609028],[-96.83995,32.610901],[-96.835135,32.610939]]]}},{"type":"Feature","properties":{"PRECINCT":"3701","VTD":"3701"},"geometry":{"type":"Polygon","coordinates":[[[-96.530502,32.965871],[-96.5288,32.964474],[-96.530937,32.962676],[-96.532477,32.961399],[-96.533395,32.962194],[-96.539622,32.957087],[-96.539849,32.957275],[-96.548268,32.950333],[-96.548672,32.950734],[-96.550087,32.949429],[-96.545863,32.946057],[-96.55012,32.942818],[-96.550383,32.943835],[-96.549738,32.944133],[-96.550107,32.944544],[-96.549624,32.94728],[-96.550823,32.947341],[-96.551051,32.948113],[-96.551333,32.948279],[-96.553886,32.948117],[-96.554042,32.947046],[-96.555174,32.946316],[-96.556194,32.946804],[-96.559067,32.947138],[-96.560473,32.947724],[-96.574791,32.94771],[-96.582364,32.941634],[-96.582958,32.941828],[-96.575108,32.948124],[-96.570731,32.947986],[-96.559804,32.948233],[-96.558408,32.947379],[-96.555936,32.94705],[-96.555136,32.947949],[-96.555843,32.9491],[-96.551548,32.950245],[-96.550727,32.95118],[-96.551051,32.952092],[-96.551708,32.952303],[-96.551928,32.952961],[-96.552722,32.953224],[-96.552701,32.953487],[-96.552147,32.953679],[-96.552648,32.95494],[-96.55175,32.955212],[-96.551761,32.956167],[-96.551416,32.956474],[-96.55152,32.958647],[-96.55222,32.959304],[-96.552283,32.959663],[-96.552168,32.959987],[-96.551635,32.960241],[-96.551428,32.960929],[-96.547694,32.963214],[-96.544419,32.960473],[-96.537552,32.965894],[-96.535844,32.964518],[-96.533371,32.966555],[-96.531945,32.965296],[-96.525431,32.970495],[-96.525767,32.9698],[-96.530502,32.965871]]]}},{"type":"Feature","properties":{"PRECINCT":"3702","VTD":"3702"},"geometry":{"type":"Polygon","coordinates":[[[-96.518402,32.876468],[-96.518869,32.832728],[-96.53959,32.834702],[-96.541935,32.834654],[-96.543643,32.833577],[-96.559939,32.833683],[-96.559977,32.834139],[-96.559648,32.834123],[-96.560046,32.835448],[-96.560234,32.840915],[-96.556289,32.840848],[-96.556278,32.84664],[-96.55586,32.846641],[-96.555869,32.846842],[-96.553171,32.846623],[-96.553125,32.847067],[-96.55194,32.847099],[-96.551631,32.847507],[-96.551029,32.847501],[-96.551013,32.848042],[-96.549872,32.848146],[-96.549376,32.848597],[-96.548865,32.847971],[-96.548056,32.847755],[-96.547827,32.847158],[-96.547443,32.847226],[-96.546073,32.846379],[-96.545475,32.846407],[-96.544969,32.846935],[-96.54501,32.848017],[-96.546314,32.849407],[-96.546716,32.850656],[-96.547428,32.851295],[-96.547751,32.852052],[-96.54768,32.853175],[-96.546974,32.854075],[-96.546216,32.854581],[-96.546066,32.855224],[-96.547279,32.856363],[-96.547343,32.857428],[-96.547576,32.857505],[-96.54743,32.857633],[-96.547642,32.857897],[-96.547117,32.858102],[-96.546136,32.857518],[-96.545154,32.857531],[-96.544884,32.85633],[-96.544981,32.857363],[-96.544752,32.857602],[-96.540152,32.857732],[-96.539036,32.858521],[-96.538668,32.85951],[-96.538061,32.859319],[-96.538436,32.860024],[-96.538498,32.86225],[-96.539972,32.863888],[-96.53958,32.864108],[-96.538969,32.863917],[-96.538101,32.864009],[-96.537131,32.864938],[-96.537346,32.865208],[-96.53713,32.865825],[-96.537325,32.866509],[-96.537126,32.866705],[-96.53785,32.867272],[-96.537492,32.867652],[-96.537668,32.867998],[-96.518402,32.876468]]]}},{"type":"Feature","properties":{"PRECINCT":"3800","VTD":"3800"},"geometry":{"type":"Polygon","coordinates":[[[-96.805696,32.642331],[-96.805779,32.630136],[-96.800552,32.630229],[-96.786737,32.637009],[-96.783878,32.632779],[-96.783328,32.633211],[-96.782918,32.63317],[-96.782443,32.633617],[-96.781537,32.633606],[-96.781575,32.633918],[-96.780633,32.634386],[-96.779214,32.635644],[-96.779616,32.636214],[-96.778401,32.636833],[-96.777702,32.637818],[-96.775795,32.63877],[-96.773213,32.634328],[-96.7704,32.627947],[-96.783463,32.621571],[-96.783496,32.617282],[-96.78653,32.617292],[-96.786531,32.611632],[-96.787998,32.611382],[-96.787733,32.611964],[-96.787816,32.612502],[-96.788184,32.613281],[-96.789335,32.614161],[-96.789094,32.615179],[-96.789802,32.615787],[-96.789523,32.616724],[-96.79048,32.618216],[-96.793328,32.616836],[-96.7946,32.615575],[-96.795235,32.615268],[-96.805628,32.615181],[-96.805629,32.618696],[-96.822923,32.618757],[-96.823324,32.642285],[-96.805696,32.642331]]]}},{"type":"Feature","properties":{"PRECINCT":"3801","VTD":"3801"},"geometry":{"type":"Polygon","coordinates":[[[-96.802544,32.649311],[-96.78768,32.647491],[-96.787743,32.646046],[-96.788495,32.645773],[-96.788516,32.644852],[-96.783933,32.638306],[-96.777351,32.641495],[-96.775795,32.63877],[-96.777702,32.637818],[-96.778401,32.636833],[-96.779616,32.636214],[-96.779214,32.635644],[-96.780633,32.634386],[-96.781575,32.633918],[-96.781537,32.633606],[-96.782443,32.633617],[-96.782918,32.63317],[-96.783328,32.633211],[-96.783878,32.632779],[-96.786737,32.637009],[-96.800552,32.630229],[-96.805779,32.630136],[-96.805696,32.642331],[-96.814278,32.642363],[-96.814281,32.647718],[-96.80561,32.64774],[-96.802544,32.649311]]]}},{"type":"Feature","properties":{"PRECINCT":"3802","VTD":"3802"},"geometry":{"type":"Polygon","coordinates":[[[-96.763515,32.611083],[-96.764374,32.610809],[-96.76434,32.607453],[-96.762713,32.607443],[-96.762734,32.605092],[-96.777514,32.605244],[-96.782538,32.604672],[-96.782798,32.605278],[-96.785376,32.606997],[-96.785746,32.607653],[-96.785931,32.609096],[-96.786894,32.610194],[-96.78713,32.61081],[-96.78688,32.611469],[-96.786531,32.611632],[-96.78653,32.617292],[-96.783496,32.617282],[-96.783463,32.621571],[-96.7704,32.627947],[-96.768657,32.62402],[-96.767244,32.621487],[-96.768325,32.620454],[-96.76496,32.613039],[-96.763515,32.611083]]]}},{"type":"Feature","properties":{"PRECINCT":"3803","VTD":"3803"},"geometry":{"type":"Polygon","coordinates":[[[-96.805629,32.618696],[-96.805628,32.615181],[-96.795235,32.615268],[-96.7946,32.615575],[-96.793328,32.616836],[-96.79048,32.618216],[-96.789523,32.616724],[-96.789802,32.615787],[-96.789094,32.615179],[-96.789335,32.614161],[-96.788184,32.613281],[-96.787816,32.612502],[-96.787733,32.611964],[-96.787998,32.611382],[-96.786531,32.611632],[-96.78688,32.611469],[-96.78713,32.61081],[-96.786894,32.610194],[-96.785931,32.609096],[-96.785474,32.607146],[-96.782798,32.605278],[-96.782538,32.604672],[-96.789711,32.604287],[-96.822646,32.6043],[-96.822923,32.618757],[-96.805629,32.618696]]]}},{"type":"Feature","properties":{"PRECINCT":"3805","VTD":"3805"},"geometry":{"type":"Polygon","coordinates":[[[-96.776724,32.605244],[-96.776854,32.601033],[-96.776368,32.600752],[-96.776839,32.599494],[-96.776881,32.598593],[-96.77782,32.598537],[-96.777989,32.598791],[-96.777832,32.59959],[-96.777384,32.599998],[-96.778252,32.602122],[-96.780057,32.603051],[-96.780003,32.601965],[-96.779001,32.601621],[-96.778649,32.601062],[-96.779308,32.599328],[-96.778893,32.597955],[-96.783022,32.596781],[-96.783343,32.597603],[-96.784854,32.59732],[-96.78834,32.597312],[-96.788327,32.593623],[-96.787555,32.592208],[-96.798055,32.59212],[-96.800901,32.592633],[-96.805569,32.592602],[-96.805576,32.587753],[-96.806115,32.586733],[-96.807983,32.589267],[-96.809555,32.590058],[-96.813183,32.589838],[-96.815363,32.590491],[-96.816575,32.590581],[-96.818076,32.590364],[-96.819836,32.590405],[-96.822022,32.589962],[-96.822293,32.590655],[-96.822414,32.601866],[-96.822646,32.6043],[-96.788367,32.604306],[-96.783627,32.604534],[-96.776724,32.605244]]]}},{"type":"Feature","properties":{"PRECINCT":"3806","VTD":"3806"},"geometry":{"type":"Polygon","coordinates":[[[-96.780057,32.603051],[-96.778289,32.602158],[-96.777762,32.601148],[-96.777762,32.600612],[-96.777384,32.599998],[-96.777832,32.59959],[-96.777995,32.59883],[-96.777639,32.59778],[-96.776855,32.597498],[-96.775406,32.597724],[-96.7748,32.59709],[-96.774607,32.596368],[-96.775038,32.596069],[-96.775204,32.595402],[-96.774721,32.594828],[-96.77516,32.592975],[-96.774791,32.592608],[-96.774775,32.591903],[-96.776438,32.592177],[-96.787555,32.592208],[-96.788327,32.593623],[-96.78834,32.597312],[-96.784854,32.59732],[-96.783343,32.597603],[-96.783022,32.596781],[-96.778893,32.597955],[-96.779308,32.599328],[-96.778649,32.601062],[-96.779001,32.601621],[-96.780003,32.601965],[-96.780057,32.603051]]]}},{"type":"Feature","properties":{"PRECINCT":"3807","VTD":"3807"},"geometry":{"type":"Polygon","coordinates":[[[-96.768372,32.605018],[-96.767469,32.59555],[-96.767126,32.595111],[-96.767091,32.591566],[-96.773732,32.589571],[-96.775756,32.588605],[-96.777563,32.588109],[-96.787966,32.58314],[-96.791665,32.582789],[-96.797894,32.58101],[-96.801565,32.581674],[-96.803179,32.582635],[-96.806115,32.586733],[-96.805576,32.587753],[-96.805569,32.592602],[-96.800901,32.592633],[-96.798055,32.59212],[-96.77774,32.592197],[-96.774775,32.591903],[-96.774791,32.592608],[-96.77516,32.592975],[-96.774721,32.594828],[-96.775204,32.595402],[-96.775038,32.596069],[-96.774607,32.596368],[-96.7748,32.59709],[-96.775406,32.597724],[-96.776724,32.597499],[-96.777548,32.597704],[-96.77782,32.598537],[-96.776881,32.598593],[-96.776839,32.599494],[-96.776367,32.600465],[-96.776368,32.600752],[-96.776741,32.600856],[-96.776871,32.601162],[-96.776724,32.605244],[-96.768372,32.605018]]]}},{"type":"Feature","properties":{"PRECINCT":"3808","VTD":"3808"},"geometry":{"type":"Polygon","coordinates":[[[-96.725728,32.61095],[-96.725785,32.603855],[-96.726647,32.603864],[-96.726494,32.593259],[-96.72025,32.593259],[-96.72024,32.595766],[-96.712563,32.595847],[-96.712562,32.595663],[-96.712038,32.59566],[-96.712062,32.586759],[-96.715694,32.586906],[-96.715663,32.582352],[-96.712255,32.574773],[-96.715493,32.572495],[-96.712834,32.568665],[-96.711391,32.567911],[-96.71323,32.567582],[-96.72319,32.5627],[-96.725358,32.562045],[-96.726871,32.561329],[-96.728816,32.55558],[-96.722616,32.546557],[-96.82213,32.54715],[-96.822369,32.563366],[-96.822293,32.590655],[-96.822022,32.589962],[-96.819836,32.590405],[-96.818076,32.590364],[-96.816575,32.590581],[-96.815363,32.590491],[-96.813183,32.589838],[-96.810372,32.590128],[-96.809012,32.589896],[-96.807788,32.589059],[-96.802925,32.582379],[-96.801364,32.581621],[-96.79851,32.581038],[-96.797359,32.581059],[-96.791665,32.582789],[-96.787786,32.583199],[-96.777563,32.588109],[-96.775756,32.588605],[-96.773732,32.589571],[-96.767091,32.591566],[-96.767126,32.595111],[-96.767469,32.59555],[-96.768385,32.605086],[-96.763914,32.605032],[-96.76105,32.603915],[-96.753208,32.603928],[-96.753355,32.602629],[-96.752862,32.602868],[-96.752274,32.602189],[-96.752934,32.601815],[-96.752429,32.601681],[-96.752545,32.600881],[-96.752939,32.600254],[-96.752644,32.598505],[-96.752009,32.598211],[-96.751615,32.597366],[-96.753246,32.592205],[-96.748138,32.59225],[-96.747864,32.595148],[-96.737264,32.595148],[-96.737165,32.603946],[-96.736017,32.603928],[-96.736048,32.61103],[-96.725728,32.61095]]]}},{"type":"Feature","properties":{"PRECINCT":"3809","VTD":"3809"},"geometry":{"type":"Polygon","coordinates":[[[-96.767244,32.621487],[-96.765656,32.618582],[-96.746369,32.618564],[-96.745437,32.618574],[-96.745404,32.618763],[-96.740006,32.618806],[-96.739983,32.618582],[-96.735705,32.618567],[-96.736082,32.617609],[-96.736017,32.603928],[-96.737165,32.603946],[-96.737264,32.595148],[-96.747864,32.595148],[-96.748138,32.59225],[-96.753246,32.592205],[-96.751615,32.597366],[-96.752009,32.598211],[-96.752626,32.598467],[-96.752868,32.599621],[-96.752921,32.600353],[-96.752545,32.600881],[-96.752429,32.601681],[-96.752934,32.601815],[-96.752274,32.602189],[-96.752862,32.602868],[-96.753355,32.602629],[-96.753208,32.603928],[-96.76105,32.603915],[-96.763563,32.60497],[-96.762734,32.605092],[-96.762713,32.607443],[-96.76434,32.607453],[-96.764374,32.610809],[-96.763515,32.611083],[-96.76496,32.613039],[-96.768325,32.620454],[-96.767244,32.621487]]]}},{"type":"Feature","properties":{"PRECINCT":"3900","VTD":"3900"},"geometry":{"type":"Polygon","coordinates":[[[-96.824449,32.567283],[-96.822359,32.56711],[-96.82213,32.54715],[-96.856752,32.547344],[-96.856878,32.565013],[-96.839665,32.565054],[-96.839683,32.567148],[-96.824449,32.567283]]]}},{"type":"Feature","properties":{"PRECINCT":"3920","VTD":"3920"},"geometry":{"type":"Polygon","coordinates":[[[-96.577477,32.664513],[-96.574957,32.662788],[-96.56972,32.660249],[-96.557077,32.654732],[-96.553206,32.653454],[-96.543289,32.649169],[-96.540527,32.648407],[-96.521631,32.645052],[-96.523118,32.545214],[-96.529412,32.545277],[-96.529986,32.545753],[-96.530957,32.545986],[-96.53571,32.545906],[-96.538578,32.546129],[-96.540257,32.545662],[-96.541441,32.54589],[-96.543937,32.547573],[-96.547107,32.550666],[-96.547903,32.551189],[-96.549395,32.553168],[-96.549354,32.553634],[-96.550291,32.554341],[-96.551208,32.55436],[-96.55296,32.55284],[-96.554599,32.551892],[-96.55645,32.551778],[-96.558162,32.552915],[-96.561808,32.55588],[-96.562818,32.559044],[-96.564677,32.56168],[-96.565495,32.564344],[-96.566701,32.566381],[-96.56801,32.56738],[-96.569478,32.568009],[-96.570679,32.567929],[-96.571718,32.568149],[-96.574202,32.568785],[-96.57514,32.569362],[-96.575674,32.570856],[-96.575201,32.572266],[-96.574568,32.572712],[-96.574521,32.573321],[-96.573514,32.575048],[-96.572884,32.577247],[-96.573123,32.577596],[-96.573884,32.578058],[-96.57504,32.577956],[-96.575868,32.577568],[-96.576995,32.576498],[-96.577693,32.576425],[-96.580515,32.577105],[-96.581447,32.577616],[-96.581889,32.578225],[-96.581982,32.578958],[-96.580859,32.579848],[-96.580613,32.580634],[-96.580915,32.581091],[-96.581816,32.581553],[-96.583286,32.581626],[-96.584036,32.582459],[-96.584001,32.583325],[-96.582821,32.584791],[-96.584385,32.586942],[-96.586932,32.594346],[-96.586906,32.594851],[-96.58771,32.596406],[-96.58807,32.596654],[-96.587793,32.598287],[-96.586324,32.600459],[-96.588187,32.605125],[-96.588806,32.606045],[-96.589519,32.606347],[-96.591209,32.606173],[-96.595161,32.606368],[-96.596131,32.605863],[-96.596673,32.605137],[-96.597679,32.604802],[-96.598274,32.604884],[-96.598746,32.605244],[-96.599415,32.606465],[-96.599385,32.607861],[-96.598683,32.608625],[-96.597658,32.609153],[-96.595652,32.609105],[-96.594446,32.609566],[-96.594305,32.610138],[-96.595307,32.611314],[-96.597127,32.611551],[-96.598487,32.611373],[-96.599573,32.610575],[-96.601371,32.608697],[-96.601963,32.608493],[-96.602652,32.60856],[-96.605924,32.61004],[-96.606326,32.610679],[-96.606644,32.612062],[-96.607501,32.612778],[-96.609618,32.61231],[-96.611834,32.612544],[-96.615157,32.612037],[-96.617194,32.612239],[-96.619254,32.614027],[-96.622198,32.617727],[-96.617768,32.62127],[-96.61401,32.625166],[-96.613562,32.625988],[-96.613405,32.627166],[-96.611159,32.627513],[-96.609194,32.627195],[-96.608385,32.627361],[-96.59635,32.637231],[-96.595831,32.637866],[-96.595944,32.639159],[-96.595715,32.63951],[-96.585419,32.647777],[-96.582137,32.652357],[-96.590223,32.659518],[-96.592258,32.659762],[-96.59459,32.660955],[-96.590424,32.664351],[-96.591173,32.664838],[-96.590732,32.66525],[-96.589883,32.664776],[-96.588346,32.666112],[-96.591348,32.667523],[-96.592172,32.667703],[-96.59797,32.670924],[-96.595371,32.673065],[-96.577477,32.664513]]]}},{"type":"Feature","properties":{"PRECINCT":"3921","VTD":"3921"},"geometry":{"type":"Polygon","coordinates":[[[-96.520969,32.693765],[-96.520816,32.673015],[-96.520951,32.667815],[-96.521067,32.667126],[-96.521271,32.667148],[-96.521631,32.645052],[-96.540527,32.648407],[-96.543289,32.649169],[-96.553206,32.653454],[-96.557077,32.654732],[-96.57132,32.660972],[-96.575128,32.662882],[-96.577984,32.664803],[-96.588365,32.669781],[-96.58529,32.671942],[-96.585172,32.672342],[-96.580721,32.67596],[-96.578959,32.675172],[-96.574625,32.678683],[-96.57594,32.679938],[-96.57469,32.680943],[-96.573488,32.680162],[-96.562714,32.681186],[-96.562594,32.68128],[-96.56315,32.681703],[-96.556618,32.687452],[-96.558512,32.689058],[-96.555516,32.691876],[-96.552145,32.694533],[-96.54764,32.690618],[-96.546812,32.68949],[-96.545072,32.687936],[-96.545068,32.687105],[-96.543943,32.687255],[-96.543193,32.68649],[-96.542765,32.686813],[-96.542014,32.686331],[-96.541624,32.686705],[-96.540208,32.685775],[-96.539876,32.686093],[-96.537253,32.684097],[-96.537139,32.68542],[-96.539153,32.68698],[-96.534439,32.690925],[-96.535152,32.691511],[-96.532486,32.693953],[-96.520969,32.693765]]]}},{"type":"Feature","properties":{"PRECINCT":"3922","VTD":"3922"},"geometry":{"type":"Polygon","coordinates":[[[-96.588346,32.666112],[-96.589883,32.664776],[-96.590732,32.66525],[-96.591173,32.664838],[-96.590424,32.664351],[-96.591666,32.663338],[-96.59378,32.665214],[-96.591162,32.667417],[-96.588346,32.666112]]]}},{"type":"Feature","properties":{"PRECINCT":"3940","VTD":"3940"},"geometry":{"type":"Polygon","coordinates":[[[-96.666667,32.640272],[-96.664323,32.640518],[-96.660959,32.639605],[-96.656379,32.637096],[-96.654576,32.63657],[-96.65226,32.638714],[-96.651298,32.639226],[-96.650614,32.639141],[-96.64895,32.63853],[-96.643529,32.635478],[-96.632661,32.631376],[-96.62875,32.629647],[-96.628265,32.629226],[-96.628159,32.62875],[-96.628773,32.627169],[-96.627965,32.625659],[-96.627969,32.625143],[-96.629118,32.622753],[-96.630579,32.621028],[-96.63054,32.620692],[-96.629954,32.62026],[-96.623461,32.618785],[-96.622089,32.61762],[-96.619094,32.613853],[-96.617048,32.612175],[-96.615157,32.612037],[-96.611834,32.612544],[-96.609618,32.61231],[-96.607501,32.612778],[-96.606644,32.612062],[-96.606326,32.610679],[-96.605924,32.61004],[-96.603023,32.608681],[-96.602157,32.608475],[-96.601154,32.608846],[-96.599573,32.610575],[-96.598487,32.611373],[-96.597127,32.611551],[-96.595307,32.611314],[-96.594305,32.610138],[-96.594446,32.609566],[-96.595652,32.609105],[-96.597658,32.609153],[-96.598683,32.608625],[-96.599385,32.607861],[-96.599415,32.606465],[-96.598746,32.605244],[-96.597967,32.604799],[-96.597395,32.60488],[-96.596673,32.605137],[-96.596131,32.605863],[-96.595161,32.606368],[-96.591209,32.606173],[-96.589519,32.606347],[-96.589053,32.606242],[-96.588537,32.605728],[-96.586324,32.600459],[-96.587793,32.598287],[-96.58807,32.596654],[-96.58771,32.596406],[-96.586906,32.594851],[-96.586932,32.594346],[-96.584385,32.586942],[-96.582821,32.584791],[-96.584001,32.583325],[-96.584036,32.582459],[-96.583286,32.581626],[-96.581816,32.581553],[-96.580915,32.581091],[-96.580613,32.580634],[-96.580737,32.580015],[-96.581942,32.579009],[-96.582062,32.578528],[-96.581447,32.577616],[-96.580655,32.577171],[-96.577852,32.576437],[-96.576995,32.576498],[-96.575868,32.577568],[-96.57504,32.577956],[-96.573884,32.578058],[-96.573051,32.577517],[-96.572928,32.576971],[-96.573514,32.575048],[-96.574521,32.573321],[-96.574543,32.572754],[-96.575201,32.572266],[-96.575571,32.571246],[-96.575366,32.56978],[-96.574974,32.569187],[-96.574202,32.568785],[-96.57077,32.56794],[-96.569531,32.568025],[-96.568392,32.5676],[-96.566701,32.566381],[-96.565495,32.564344],[-96.564677,32.56168],[-96.562818,32.559044],[-96.562162,32.556522],[-96.561564,32.555571],[-96.559507,32.554195],[-96.558162,32.552915],[-96.556105,32.551721],[-96.554439,32.551941],[-96.55296,32.55284],[-96.551097,32.55442],[-96.549977,32.554195],[-96.549354,32.553634],[-96.549395,32.553168],[-96.547956,32.55124],[-96.547107,32.550666],[-96.543937,32.547573],[-96.541544,32.545913],[-96.540257,32.545662],[-96.538578,32.546129],[-96.53571,32.545906],[-96.530957,32.545986],[-96.529986,32.545753],[-96.529412,32.545277],[-96.722616,32.546557],[-96.728816,32.55558],[-96.726871,32.561329],[-96.725358,32.562045],[-96.72319,32.5627],[-96.71323,32.567582],[-96.711391,32.567911],[-96.712834,32.568665],[-96.715493,32.572495],[-96.712255,32.574773],[-96.715663,32.582352],[-96.715694,32.586906],[-96.712062,32.586759],[-96.712038,32.59566],[-96.712562,32.595663],[-96.712563,32.595847],[-96.72024,32.595766],[-96.72025,32.593259],[-96.726494,32.593259],[-96.726647,32.603864],[-96.725785,32.603855],[-96.725728,32.61095],[-96.736048,32.61103],[-96.736082,32.617609],[-96.735705,32.618567],[-96.720633,32.618402],[-96.718712,32.617731],[-96.71863,32.618479],[-96.715988,32.618143],[-96.706161,32.62289],[-96.702394,32.624879],[-96.702523,32.625182],[-96.702262,32.625213],[-96.699916,32.619385],[-96.694742,32.622064],[-96.692409,32.622969],[-96.668409,32.63452],[-96.671838,32.639401],[-96.668913,32.640873],[-96.666667,32.640272]]]}},{"type":"Feature","properties":{"PRECINCT":"3950","VTD":"3950"},"geometry":{"type":"Polygon","coordinates":[[[-96.694165,32.679488],[-96.695244,32.678044],[-96.695154,32.67671],[-96.694601,32.675906],[-96.693206,32.674778],[-96.692288,32.672596],[-96.691873,32.672028],[-96.691457,32.671921],[-96.68948,32.671836],[-96.685008,32.673227],[-96.679684,32.676218],[-96.677989,32.676356],[-96.677327,32.676082],[-96.676668,32.675462],[-96.676526,32.674642],[-96.676841,32.673775],[-96.678792,32.671722],[-96.679247,32.670755],[-96.679338,32.669866],[-96.678956,32.668822],[-96.677913,32.667581],[-96.677032,32.667053],[-96.67499,32.666525],[-96.674656,32.66621],[-96.674603,32.665749],[-96.674937,32.665322],[-96.677139,32.664524],[-96.67802,32.663894],[-96.678228,32.663204],[-96.67788,32.662675],[-96.676863,32.661983],[-96.676765,32.660961],[-96.677773,32.659889],[-96.679046,32.655338],[-96.680042,32.653956],[-96.682496,32.651724],[-96.6832,32.649608],[-96.682691,32.648918],[-96.680593,32.647624],[-96.67956,32.647546],[-96.677947,32.647776],[-96.676546,32.64716],[-96.673517,32.644846],[-96.671339,32.642452],[-96.668913,32.640873],[-96.671838,32.639401],[-96.668409,32.63452],[-96.692409,32.622969],[-96.694742,32.622064],[-96.699916,32.619385],[-96.702262,32.625213],[-96.702523,32.625182],[-96.702394,32.624879],[-96.706161,32.62289],[-96.715928,32.618156],[-96.71863,32.618479],[-96.718712,32.617731],[-96.720633,32.618402],[-96.745404,32.618763],[-96.744648,32.623461],[-96.731839,32.629604],[-96.729768,32.635496],[-96.733454,32.640779],[-96.73018,32.642262],[-96.733021,32.646421],[-96.729457,32.648125],[-96.731277,32.65079],[-96.726679,32.652973],[-96.727116,32.65363],[-96.726283,32.654092],[-96.729795,32.659224],[-96.728981,32.659753],[-96.726986,32.660346],[-96.725793,32.660957],[-96.72562,32.660809],[-96.72219,32.662613],[-96.723933,32.66697],[-96.725997,32.670782],[-96.725487,32.670969],[-96.725173,32.671739],[-96.724196,32.670079],[-96.723223,32.669546],[-96.721325,32.66908],[-96.719083,32.66929],[-96.714145,32.671549],[-96.710696,32.673575],[-96.704,32.676734],[-96.702349,32.679027],[-96.700313,32.679628],[-96.699134,32.680513],[-96.698782,32.680364],[-96.698844,32.679737],[-96.698099,32.679542],[-96.697355,32.679659],[-96.696654,32.680305],[-96.693689,32.680645],[-96.694165,32.679488]]]}},{"type":"Feature","properties":{"PRECINCT":"3951","VTD":"3951"},"geometry":{"type":"Polygon","coordinates":[[[-96.882936,32.56807],[-96.882841,32.565904],[-96.874026,32.565879],[-96.874027,32.565285],[-96.865662,32.565289],[-96.865625,32.56512],[-96.861212,32.565084],[-96.861135,32.565832],[-96.860754,32.565914],[-96.856878,32.565962],[-96.856752,32.547344],[-96.870928,32.547442],[-96.870894,32.548679],[-96.873964,32.549411],[-96.873987,32.55034],[-96.87661,32.549799],[-96.879421,32.550851],[-96.881533,32.550199],[-96.882067,32.551175],[-96.882459,32.551417],[-96.882695,32.554685],[-96.887294,32.554763],[-96.888307,32.555684],[-96.889815,32.556581],[-96.889955,32.556872],[-96.88965,32.558009],[-96.890554,32.559185],[-96.891039,32.559258],[-96.891055,32.568092],[-96.882936,32.56807]]]}},{"type":"Feature","properties":{"PRECINCT":"3952","VTD":"3952"},"geometry":{"type":"Polygon","coordinates":[[[-96.868085,32.56955],[-96.863531,32.567985],[-96.862607,32.566164],[-96.86137,32.565688],[-96.861135,32.565832],[-96.861212,32.565084],[-96.874027,32.565285],[-96.874026,32.565879],[-96.882841,32.565904],[-96.882853,32.566185],[-96.879986,32.567161],[-96.877034,32.568959],[-96.874045,32.569028],[-96.874046,32.568785],[-96.871897,32.568781],[-96.871593,32.569155],[-96.871033,32.569147],[-96.871008,32.568904],[-96.870665,32.568978],[-96.870169,32.569568],[-96.868085,32.56955]]]}},{"type":"Feature","properties":{"PRECINCT":"3960","VTD":"3960"},"geometry":{"type":"Polygon","coordinates":[[[-96.516999,32.973669],[-96.517174,32.953754],[-96.52547,32.946866],[-96.528456,32.945299],[-96.53233,32.942608],[-96.533271,32.941297],[-96.533346,32.938798],[-96.53383,32.937759],[-96.534685,32.936898],[-96.535967,32.936497],[-96.536525,32.936093],[-96.53787,32.937532],[-96.535892,32.939546],[-96.541588,32.944477],[-96.542249,32.945279],[-96.548925,32.950525],[-96.548672,32.950734],[-96.548268,32.950333],[-96.539849,32.957275],[-96.539622,32.957087],[-96.533395,32.962194],[-96.532477,32.961399],[-96.530937,32.962676],[-96.5288,32.964474],[-96.530502,32.965871],[-96.525548,32.969974],[-96.523054,32.969944],[-96.525429,32.974764],[-96.518958,32.975361],[-96.516999,32.973669]]]}},{"type":"Feature","properties":{"PRECINCT":"3961","VTD":"3961"},"geometry":{"type":"Polygon","coordinates":[[[-96.543086,32.945894],[-96.535892,32.939546],[-96.53787,32.937532],[-96.536525,32.936093],[-96.538344,32.934587],[-96.536449,32.931582],[-96.536402,32.926084],[-96.535321,32.924622],[-96.535208,32.923989],[-96.531622,32.924005],[-96.531649,32.921494],[-96.52422,32.921415],[-96.52368,32.920957],[-96.522618,32.918488],[-96.52154,32.917254],[-96.520799,32.915789],[-96.535446,32.908413],[-96.537624,32.907833],[-96.539997,32.907794],[-96.539823,32.908058],[-96.538319,32.908053],[-96.538315,32.908406],[-96.537999,32.908603],[-96.53808,32.908966],[-96.538466,32.909183],[-96.538938,32.91077],[-96.538369,32.911884],[-96.539779,32.912019],[-96.540489,32.913828],[-96.539169,32.915092],[-96.539457,32.916524],[-96.539047,32.91675],[-96.539354,32.916762],[-96.539384,32.91742],[-96.539984,32.917655],[-96.540031,32.918166],[-96.539891,32.919253],[-96.539288,32.919945],[-96.539769,32.920152],[-96.539582,32.920554],[-96.53989,32.920857],[-96.540224,32.920892],[-96.540285,32.920521],[-96.540951,32.920215],[-96.541155,32.920628],[-96.541896,32.92074],[-96.541744,32.921343],[-96.541149,32.921325],[-96.5406,32.922048],[-96.542045,32.922427],[-96.542069,32.923504],[-96.54262,32.923792],[-96.542657,32.924147],[-96.543122,32.924465],[-96.542559,32.925028],[-96.542681,32.925212],[-96.543196,32.924927],[-96.543709,32.925359],[-96.543979,32.92602],[-96.543428,32.926326],[-96.543489,32.926583],[-96.544456,32.92662],[-96.544211,32.927415],[-96.544517,32.927856],[-96.544028,32.928419],[-96.545537,32.930276],[-96.546109,32.9326],[-96.546761,32.933242],[-96.546564,32.933912],[-96.547735,32.934334],[-96.54845,32.935671],[-96.549315,32.939064],[-96.54885,32.939574],[-96.548914,32.939978],[-96.550202,32.942445],[-96.55012,32.942818],[-96.545863,32.946057],[-96.550087,32.949429],[-96.548925,32.950525],[-96.543086,32.945894]]]}},{"type":"Feature","properties":{"PRECINCT":"3962","VTD":"3962"},"geometry":{"type":"Polygon","coordinates":[[[-96.550731,32.94729],[-96.549829,32.947418],[-96.549624,32.94728],[-96.550107,32.944544],[-96.549738,32.944133],[-96.550359,32.943928],[-96.55018,32.943444],[-96.550335,32.943252],[-96.550175,32.942354],[-96.548914,32.939978],[-96.54885,32.939574],[-96.549315,32.939064],[-96.5485,32.935802],[-96.547859,32.93445],[-96.546564,32.933912],[-96.546744,32.933183],[-96.546218,32.932839],[-96.545537,32.930276],[-96.544777,32.929347],[-96.549959,32.925086],[-96.554541,32.924419],[-96.555223,32.924143],[-96.555798,32.923457],[-96.555665,32.915514],[-96.556197,32.912537],[-96.556328,32.907702],[-96.569431,32.907479],[-96.569679,32.913024],[-96.570351,32.914613],[-96.571369,32.91584],[-96.586069,32.928607],[-96.581366,32.931587],[-96.575249,32.936573],[-96.576715,32.938609],[-96.577913,32.939704],[-96.578414,32.939791],[-96.579809,32.939472],[-96.582364,32.941634],[-96.574791,32.94771],[-96.560473,32.947724],[-96.559067,32.947138],[-96.556194,32.946804],[-96.555174,32.946316],[-96.554042,32.947046],[-96.553886,32.948117],[-96.551187,32.948245],[-96.550731,32.94729]]]}},{"type":"Feature","properties":{"PRECINCT":"3963","VTD":"3963"},"geometry":{"type":"Polygon","coordinates":[[[-96.517174,32.953754],[-96.517639,32.929462],[-96.522756,32.933605],[-96.523145,32.933259],[-96.523509,32.933548],[-96.5239,32.933197],[-96.526508,32.935339],[-96.529666,32.932823],[-96.531669,32.93455],[-96.536584,32.931974],[-96.538344,32.934587],[-96.536391,32.936283],[-96.534685,32.936898],[-96.53383,32.937759],[-96.533346,32.938798],[-96.533271,32.941297],[-96.53233,32.942608],[-96.528456,32.945299],[-96.52547,32.946866],[-96.517174,32.953754]]]}},{"type":"Feature","properties":{"PRECINCT":"3964","VTD":"3964"},"geometry":{"type":"Polygon","coordinates":[[[-96.544456,32.92662],[-96.543489,32.926583],[-96.543428,32.926326],[-96.543979,32.92602],[-96.543709,32.925359],[-96.543196,32.924927],[-96.542681,32.925212],[-96.542559,32.925028],[-96.543122,32.924465],[-96.542657,32.924147],[-96.54262,32.923792],[-96.542069,32.923504],[-96.542045,32.922427],[-96.5406,32.922048],[-96.541149,32.921325],[-96.541744,32.921343],[-96.541896,32.92074],[-96.541155,32.920628],[-96.540951,32.920215],[-96.540285,32.920521],[-96.540224,32.920892],[-96.53989,32.920857],[-96.539582,32.920554],[-96.539769,32.920152],[-96.539288,32.919945],[-96.539891,32.919253],[-96.540031,32.918166],[-96.539984,32.917655],[-96.539384,32.91742],[-96.539354,32.916762],[-96.539047,32.91675],[-96.539457,32.916524],[-96.539169,32.915092],[-96.540489,32.913828],[-96.539779,32.912019],[-96.538369,32.911884],[-96.538938,32.91077],[-96.538466,32.909183],[-96.53808,32.908966],[-96.537999,32.908603],[-96.538315,32.908406],[-96.538319,32.908053],[-96.539823,32.908058],[-96.539986,32.907707],[-96.538707,32.907597],[-96.538431,32.907383],[-96.538791,32.90681],[-96.538068,32.906326],[-96.537952,32.905532],[-96.538431,32.90498],[-96.538205,32.90474],[-96.53789,32.904728],[-96.537395,32.905338],[-96.535786,32.905276],[-96.535427,32.90503],[-96.534805,32.903755],[-96.534253,32.903401],[-96.534271,32.90312],[-96.534889,32.902994],[-96.534675,32.902796],[-96.534967,32.901695],[-96.534837,32.901176],[-96.535468,32.900393],[-96.534849,32.900082],[-96.53487,32.898148],[-96.535898,32.895933],[-96.536303,32.8938],[-96.536659,32.893245],[-96.537612,32.894089],[-96.537893,32.893867],[-96.536747,32.892646],[-96.536914,32.891657],[-96.55599,32.891773],[-96.557623,32.89208],[-96.56119,32.89369],[-96.569437,32.893857],[-96.569255,32.907479],[-96.556328,32.907702],[-96.556197,32.912537],[-96.555665,32.915514],[-96.555647,32.921362],[-96.555915,32.9229],[-96.555675,32.923674],[-96.555223,32.924143],[-96.554541,32.924419],[-96.549959,32.925086],[-96.544777,32.929347],[-96.544028,32.928419],[-96.544517,32.927856],[-96.544211,32.927415],[-96.544456,32.92662]]]}},{"type":"Feature","properties":{"PRECINCT":"3965","VTD":"3965"},"geometry":{"type":"Polygon","coordinates":[[[-96.526508,32.935339],[-96.5239,32.933197],[-96.523509,32.933548],[-96.523145,32.933259],[-96.522756,32.933605],[-96.517639,32.929462],[-96.517912,32.91723],[-96.520799,32.915789],[-96.52154,32.917254],[-96.522618,32.918488],[-96.523896,32.921213],[-96.52457,32.921483],[-96.531649,32.921494],[-96.531622,32.924005],[-96.535208,32.923989],[-96.535321,32.924622],[-96.536366,32.925938],[-96.536392,32.931154],[-96.536584,32.931974],[-96.531669,32.93455],[-96.529666,32.932823],[-96.526508,32.935339]]]}},{"type":"Feature","properties":{"PRECINCT":"3966","VTD":"3966"},"geometry":{"type":"Polygon","coordinates":[[[-96.569431,32.907479],[-96.577279,32.907618],[-96.593059,32.909419],[-96.593097,32.920028],[-96.591779,32.920066],[-96.591094,32.920594],[-96.586069,32.928607],[-96.571369,32.91584],[-96.570074,32.91417],[-96.569679,32.913024],[-96.569431,32.907479]]]}},{"type":"Feature","properties":{"PRECINCT":"3967","VTD":"3967"},"geometry":{"type":"Polygon","coordinates":[[[-96.576917,32.907593],[-96.569255,32.907479],[-96.569437,32.893857],[-96.592367,32.894002],[-96.592589,32.905934],[-96.592706,32.9069],[-96.593432,32.908274],[-96.592938,32.909062],[-96.591957,32.909339],[-96.576917,32.907593]]]}},{"type":"Feature","properties":{"PRECINCT":"3968","VTD":"3968"},"geometry":{"type":"Polygon","coordinates":[[[-96.517912,32.91723],[-96.518273,32.891534],[-96.536914,32.891657],[-96.536747,32.892646],[-96.537893,32.893867],[-96.537612,32.894089],[-96.536659,32.893245],[-96.536303,32.8938],[-96.535898,32.895933],[-96.53487,32.898148],[-96.534849,32.900082],[-96.535468,32.900393],[-96.534837,32.901176],[-96.534967,32.901695],[-96.534675,32.902796],[-96.534889,32.902994],[-96.534271,32.90312],[-96.534253,32.903401],[-96.534805,32.903755],[-96.535427,32.90503],[-96.535786,32.905276],[-96.537395,32.905338],[-96.53789,32.904728],[-96.538205,32.90474],[-96.538431,32.90498],[-96.537952,32.905532],[-96.538068,32.906326],[-96.538791,32.90681],[-96.538431,32.907383],[-96.539997,32.907794],[-96.537624,32.907833],[-96.535446,32.908413],[-96.517912,32.91723]]]}},{"type":"Feature","properties":{"PRECINCT":"3969","VTD":"3969"},"geometry":{"type":"Polygon","coordinates":[[[-96.569597,32.893859],[-96.56961,32.875664],[-96.571433,32.869104],[-96.58507,32.882123],[-96.589171,32.885525],[-96.590859,32.890628],[-96.592367,32.894002],[-96.569597,32.893859]]]}},{"type":"Feature","properties":{"PRECINCT":"3970","VTD":"3970"},"geometry":{"type":"Polygon","coordinates":[[[-96.561836,32.893738],[-96.560549,32.893518],[-96.557835,32.892159],[-96.556451,32.891807],[-96.536914,32.891657],[-96.53685,32.891349],[-96.537232,32.891263],[-96.538338,32.890051],[-96.540447,32.889296],[-96.540755,32.888956],[-96.541205,32.888931],[-96.541159,32.888229],[-96.540457,32.886771],[-96.541048,32.884295],[-96.54051,32.882725],[-96.539776,32.882036],[-96.539698,32.881486],[-96.539176,32.88119],[-96.538926,32.880627],[-96.537669,32.880905],[-96.537192,32.880562],[-96.536842,32.881103],[-96.53585,32.881252],[-96.534664,32.880876],[-96.53453,32.880578],[-96.531154,32.880358],[-96.529703,32.879201],[-96.52889,32.879118],[-96.528166,32.878358],[-96.528851,32.879303],[-96.52842,32.880031],[-96.528392,32.880936],[-96.528053,32.881174],[-96.527302,32.879416],[-96.526578,32.878785],[-96.525365,32.878435],[-96.524791,32.878039],[-96.522661,32.874512],[-96.533715,32.869756],[-96.540754,32.872498],[-96.569826,32.867827],[-96.571433,32.869104],[-96.56961,32.875664],[-96.569597,32.893859],[-96.561836,32.893738]]]}},{"type":"Feature","properties":{"PRECINCT":"3971","VTD":"3971"},"geometry":{"type":"Polygon","coordinates":[[[-96.518273,32.891534],[-96.518402,32.876468],[-96.522439,32.874592],[-96.522661,32.874512],[-96.522932,32.874904],[-96.524791,32.878039],[-96.525365,32.878435],[-96.526578,32.878785],[-96.527302,32.879416],[-96.528053,32.881174],[-96.528392,32.880936],[-96.52842,32.880031],[-96.528851,32.879303],[-96.528166,32.878358],[-96.52889,32.879118],[-96.529703,32.879201],[-96.531289,32.880391],[-96.53453,32.880578],[-96.534664,32.880876],[-96.53585,32.881252],[-96.536842,32.881103],[-96.537192,32.880562],[-96.537669,32.880905],[-96.538926,32.880627],[-96.539176,32.88119],[-96.539698,32.881486],[-96.539776,32.882036],[-96.54051,32.882725],[-96.541065,32.884635],[-96.540457,32.886771],[-96.541159,32.888229],[-96.541205,32.888931],[-96.540755,32.888956],[-96.540447,32.889296],[-96.538338,32.890051],[-96.537232,32.891263],[-96.53685,32.891349],[-96.536914,32.891657],[-96.518273,32.891534]]]}},{"type":"Feature","properties":{"PRECINCT":"3980","VTD":"3980"},"geometry":{"type":"Polygon","coordinates":[[[-96.592878,32.973346],[-96.58331,32.973256],[-96.583489,32.955081],[-96.584126,32.954956],[-96.585581,32.953432],[-96.587111,32.952281],[-96.604945,32.967607],[-96.606243,32.968139],[-96.60653,32.969025],[-96.607231,32.968815],[-96.595767,32.976211],[-96.593402,32.973647],[-96.592878,32.973346]]]}},{"type":"Feature","properties":{"PRECINCT":"3981","VTD":"3981"},"geometry":{"type":"Polygon","coordinates":[[[-96.583796,32.983867],[-96.607231,32.968815],[-96.613154,32.974099],[-96.61353,32.975569],[-96.613367,32.984309],[-96.583796,32.983867]]]}},{"type":"Feature","properties":{"PRECINCT":"3982","VTD":"3982"},"geometry":{"type":"Polygon","coordinates":[[[-96.517011,32.982862],[-96.516999,32.973669],[-96.518958,32.975361],[-96.525429,32.974764],[-96.523054,32.969944],[-96.525548,32.969974],[-96.525767,32.9698],[-96.525431,32.970495],[-96.531945,32.965296],[-96.533371,32.966555],[-96.535844,32.964518],[-96.537552,32.965894],[-96.544419,32.960473],[-96.547694,32.963214],[-96.551428,32.960929],[-96.551635,32.960241],[-96.552168,32.959987],[-96.552283,32.959663],[-96.55222,32.959304],[-96.55152,32.958647],[-96.551416,32.956474],[-96.551761,32.956167],[-96.55175,32.955212],[-96.552648,32.95494],[-96.552147,32.953679],[-96.552701,32.953487],[-96.552722,32.953224],[-96.551928,32.952961],[-96.551708,32.952303],[-96.551051,32.952092],[-96.550727,32.95118],[-96.551548,32.950245],[-96.555843,32.9491],[-96.555136,32.947949],[-96.555936,32.94705],[-96.558408,32.947379],[-96.559804,32.948233],[-96.570731,32.947986],[-96.575108,32.948124],[-96.582958,32.941828],[-96.583671,32.941501],[-96.584164,32.941678],[-96.588078,32.945061],[-96.588457,32.946073],[-96.58959,32.947082],[-96.589009,32.947465],[-96.589192,32.949803],[-96.588881,32.950803],[-96.585581,32.953432],[-96.584126,32.954956],[-96.583489,32.955081],[-96.58331,32.973256],[-96.576267,32.973219],[-96.575592,32.973433],[-96.574649,32.974389],[-96.574095,32.97455],[-96.571261,32.973869],[-96.562065,32.973695],[-96.561157,32.974226],[-96.549829,32.983368],[-96.517011,32.982862]]]}},{"type":"Feature","properties":{"PRECINCT":"3983","VTD":"3983"},"geometry":{"type":"Polygon","coordinates":[[[-96.549829,32.983368],[-96.561157,32.974226],[-96.562065,32.973695],[-96.571261,32.973869],[-96.573834,32.974538],[-96.574649,32.974389],[-96.575395,32.975427],[-96.575049,32.983744],[-96.549829,32.983368]]]}},{"type":"Feature","properties":{"PRECINCT":"3984","VTD":"3984"},"geometry":{"type":"Polygon","coordinates":[[[-96.591644,32.973295],[-96.593286,32.973536],[-96.595767,32.976211],[-96.583796,32.983867],[-96.575049,32.983744],[-96.575448,32.975782],[-96.574649,32.974389],[-96.575592,32.973433],[-96.577132,32.973204],[-96.591644,32.973295]]]}},{"type":"Feature","properties":{"PRECINCT":"4000","VTD":"4000"},"geometry":{"type":"Polygon","coordinates":[[[-96.898155,32.895857],[-96.898115,32.875189],[-96.898259,32.873894],[-96.900149,32.873894],[-96.900195,32.869068],[-96.900592,32.866608],[-96.899701,32.866605],[-96.900535,32.864776],[-96.890551,32.861434],[-96.890536,32.861841],[-96.889722,32.861606],[-96.880893,32.861545],[-96.880632,32.861561],[-96.881065,32.863777],[-96.880007,32.864815],[-96.879156,32.865085],[-96.877747,32.858268],[-96.88092,32.858005],[-96.880784,32.857698],[-96.882248,32.857115],[-96.887882,32.851694],[-96.893201,32.847803],[-96.893855,32.848657],[-96.893723,32.84996],[-96.894479,32.850766],[-96.895293,32.850935],[-96.897666,32.850353],[-96.898746,32.850716],[-96.89879,32.851073],[-96.897878,32.852064],[-96.898153,32.852908],[-96.899102,32.853589],[-96.900214,32.853558],[-96.901094,32.852352],[-96.901894,32.852185],[-96.903374,32.852829],[-96.903711,32.854141],[-96.905633,32.853856],[-96.906536,32.854139],[-96.907004,32.854577],[-96.907429,32.855623],[-96.908145,32.856056],[-96.909023,32.855966],[-96.910525,32.855288],[-96.911413,32.85546],[-96.911946,32.856115],[-96.912366,32.857765],[-96.912845,32.858141],[-96.913717,32.857942],[-96.914099,32.856403],[-96.915488,32.855952],[-96.916743,32.856318],[-96.916727,32.858096],[-96.917147,32.858556],[-96.917587,32.858444],[-96.918416,32.857643],[-96.919342,32.857413],[-96.925049,32.858655],[-96.925295,32.859147],[-96.92509,32.859569],[-96.92239,32.86074],[-96.922122,32.861596],[-96.922332,32.862085],[-96.922991,32.862524],[-96.924755,32.862813],[-96.925264,32.863273],[-96.92416,32.865329],[-96.924244,32.865736],[-96.924722,32.865828],[-96.926291,32.86535],[-96.926834,32.865814],[-96.92702,32.866656],[-96.926661,32.867261],[-96.923692,32.868904],[-96.923461,32.869662],[-96.923782,32.870542],[-96.924442,32.870949],[-96.925265,32.870844],[-96.926882,32.869403],[-96.928006,32.869335],[-96.931044,32.870601],[-96.931625,32.871588],[-96.931073,32.873728],[-96.929512,32.876067],[-96.929287,32.877797],[-96.92941,32.880215],[-96.928829,32.881245],[-96.928073,32.881804],[-96.927788,32.882465],[-96.927921,32.883063],[-96.928612,32.88353],[-96.931443,32.883144],[-96.932083,32.884625],[-96.931776,32.885477],[-96.929962,32.887258],[-96.929962,32.88787],[-96.930999,32.890087],[-96.93081,32.890681],[-96.93008,32.890998],[-96.927818,32.891136],[-96.92704,32.892007],[-96.927017,32.893095],[-96.928195,32.894816],[-96.928376,32.895688],[-96.907713,32.895688],[-96.907341,32.892991],[-96.899463,32.892947],[-96.899317,32.895736],[-96.898155,32.895857]]]}},{"type":"Feature","properties":{"PRECINCT":"4001","VTD":"4001"},"geometry":{"type":"Polygon","coordinates":[[[-96.888021,32.895305],[-96.875221,32.895245],[-96.875301,32.894772],[-96.875795,32.894349],[-96.875517,32.89417],[-96.872936,32.894125],[-96.872989,32.891315],[-96.875734,32.891309],[-96.87636,32.890476],[-96.87561,32.889873],[-96.875988,32.889364],[-96.876023,32.884347],[-96.874982,32.884293],[-96.874752,32.882644],[-96.874996,32.882455],[-96.874978,32.881059],[-96.883566,32.880934],[-96.880307,32.870427],[-96.879289,32.8664],[-96.879561,32.866405],[-96.879156,32.865085],[-96.880007,32.864815],[-96.881065,32.863777],[-96.880632,32.861561],[-96.889722,32.861606],[-96.890536,32.861841],[-96.890551,32.861434],[-96.900535,32.864776],[-96.899701,32.866605],[-96.900592,32.866608],[-96.900195,32.869068],[-96.900149,32.873894],[-96.898259,32.873894],[-96.898115,32.875189],[-96.898114,32.908161],[-96.892207,32.908842],[-96.888021,32.895305]]]}},{"type":"Feature","properties":{"PRECINCT":"4002","VTD":"4002"},"geometry":{"type":"Polygon","coordinates":[[[-96.870331,32.895108],[-96.870434,32.886981],[-96.869926,32.886296],[-96.86937,32.885981],[-96.867245,32.885908],[-96.866056,32.885236],[-96.865735,32.884484],[-96.865706,32.880893],[-96.874978,32.881059],[-96.874996,32.882455],[-96.874752,32.882644],[-96.874982,32.884293],[-96.876023,32.884347],[-96.875988,32.889364],[-96.87561,32.889873],[-96.87636,32.890476],[-96.875734,32.891309],[-96.872989,32.891315],[-96.872936,32.894125],[-96.875517,32.89417],[-96.875795,32.894349],[-96.875301,32.894772],[-96.875221,32.895245],[-96.870491,32.895248],[-96.870909,32.896917],[-96.872222,32.899406],[-96.87239,32.9007],[-96.872034,32.899358],[-96.870665,32.89674],[-96.870331,32.895108]]]}},{"type":"Feature","properties":{"PRECINCT":"4003","VTD":"4003"},"geometry":{"type":"Polygon","coordinates":[[[-96.885358,32.910156],[-96.881668,32.910635],[-96.881603,32.909336],[-96.880741,32.908081],[-96.880828,32.903863],[-96.881366,32.903829],[-96.881406,32.895271],[-96.888021,32.895305],[-96.892207,32.908842],[-96.881765,32.911158],[-96.881777,32.910953],[-96.885358,32.910156]]]}},{"type":"Feature","properties":{"PRECINCT":"4004","VTD":"4004"},"geometry":{"type":"Polygon","coordinates":[[[-96.872452,32.904794],[-96.872301,32.899693],[-96.870909,32.896917],[-96.870491,32.895248],[-96.881406,32.895271],[-96.881366,32.903829],[-96.880828,32.903863],[-96.880721,32.90793],[-96.88162,32.909436],[-96.872483,32.909782],[-96.87223,32.90802],[-96.872452,32.904794]]]}},{"type":"Feature","properties":{"PRECINCT":"4005","VTD":"4005"},"geometry":{"type":"Polygon","coordinates":[[[-96.857699,32.916168],[-96.857699,32.915703],[-96.856051,32.915723],[-96.85616,32.909652],[-96.864003,32.909723],[-96.863966,32.91339],[-96.864735,32.915316],[-96.861278,32.916273],[-96.860574,32.916194],[-96.858796,32.916617],[-96.857699,32.916168]]]}},{"type":"Feature","properties":{"PRECINCT":"4006","VTD":"4006"},"geometry":{"type":"Polygon","coordinates":[[[-96.863999,32.907674],[-96.864005,32.902758],[-96.862308,32.900056],[-96.862278,32.895238],[-96.870345,32.895256],[-96.870875,32.897261],[-96.872166,32.899699],[-96.872226,32.900699],[-96.870178,32.901601],[-96.869975,32.901899],[-96.87065,32.902372],[-96.8712,32.90367],[-96.872468,32.903928],[-96.872421,32.906826],[-96.870542,32.906725],[-96.870332,32.907334],[-96.869676,32.907635],[-96.866665,32.907494],[-96.866214,32.907696],[-96.863999,32.907674]]]}},{"type":"Feature","properties":{"PRECINCT":"4007","VTD":"4007"},"geometry":{"type":"Polygon","coordinates":[[[-96.861922,32.880808],[-96.865706,32.880893],[-96.865719,32.883836],[-96.863735,32.883847],[-96.862907,32.885046],[-96.86209,32.885153],[-96.862003,32.884649],[-96.862438,32.883189],[-96.86188,32.882306],[-96.861922,32.880808]]]}},{"type":"Feature","properties":{"PRECINCT":"4008","VTD":"4008"},"geometry":{"type":"Polygon","coordinates":[[[-96.877116,32.880816],[-96.876697,32.880032],[-96.876683,32.877333],[-96.876173,32.875867],[-96.867961,32.875721],[-96.864744,32.875102],[-96.864828,32.86647],[-96.879289,32.8664],[-96.880307,32.870427],[-96.883566,32.880934],[-96.877116,32.880816]]]}},{"type":"Feature","properties":{"PRECINCT":"4009","VTD":"4009"},"geometry":{"type":"Polygon","coordinates":[[[-96.859322,32.880763],[-96.856278,32.880615],[-96.856209,32.866402],[-96.861746,32.866393],[-96.86201,32.865239],[-96.862361,32.864939],[-96.863859,32.866258],[-96.864828,32.86647],[-96.864743,32.876044],[-96.862838,32.876023],[-96.862814,32.877912],[-96.861801,32.878042],[-96.859544,32.879973],[-96.859322,32.880763]]]}},{"type":"Feature","properties":{"PRECINCT":"4010","VTD":"4010"},"geometry":{"type":"Polygon","coordinates":[[[-96.846327,32.880299],[-96.846301,32.878825],[-96.846508,32.87857],[-96.846504,32.877682],[-96.846266,32.877294],[-96.846314,32.875312],[-96.847376,32.873784],[-96.847681,32.872248],[-96.848726,32.87127],[-96.848858,32.869757],[-96.852942,32.869765],[-96.852944,32.870626],[-96.856236,32.870649],[-96.856275,32.880428],[-96.846327,32.880299]]]}},{"type":"Feature","properties":{"PRECINCT":"4011","VTD":"4011"},"geometry":{"type":"Polygon","coordinates":[[[-96.852944,32.870626],[-96.852942,32.869765],[-96.848858,32.869757],[-96.848901,32.86535],[-96.850054,32.865355],[-96.850126,32.864362],[-96.850784,32.863883],[-96.850227,32.862445],[-96.855192,32.860971],[-96.856174,32.862931],[-96.856236,32.870649],[-96.852944,32.870626]]]}},{"type":"Feature","properties":{"PRECINCT":"4012","VTD":"4012"},"geometry":{"type":"Polygon","coordinates":[[[-96.847931,32.863059],[-96.850227,32.862445],[-96.850784,32.863883],[-96.850126,32.864362],[-96.850054,32.865355],[-96.848901,32.86535],[-96.848882,32.86623],[-96.847861,32.866222],[-96.847931,32.863059]]]}},{"type":"Feature","properties":{"PRECINCT":"4013","VTD":"4013"},"geometry":{"type":"Polygon","coordinates":[[[-96.846365,32.872469],[-96.84573,32.871744],[-96.84494,32.871851],[-96.844971,32.866061],[-96.848882,32.86623],[-96.848726,32.87127],[-96.847545,32.87248],[-96.846365,32.872469]]]}},{"type":"Feature","properties":{"PRECINCT":"4014","VTD":"4014"},"geometry":{"type":"Polygon","coordinates":[[[-96.822612,32.863827],[-96.821163,32.861055],[-96.821311,32.851174],[-96.838577,32.85116],[-96.840495,32.851061],[-96.841151,32.850735],[-96.846883,32.855691],[-96.840095,32.856122],[-96.835908,32.85724],[-96.83558,32.857549],[-96.835457,32.858387],[-96.836136,32.859232],[-96.836099,32.859686],[-96.835262,32.860205],[-96.834161,32.861367],[-96.833554,32.861269],[-96.832398,32.860214],[-96.831884,32.860225],[-96.831624,32.859745],[-96.830508,32.859246],[-96.829504,32.858424],[-96.828706,32.860259],[-96.827201,32.85907],[-96.825742,32.860144],[-96.829069,32.863848],[-96.830576,32.863358],[-96.831759,32.863293],[-96.836234,32.86381],[-96.836441,32.863957],[-96.832115,32.863456],[-96.830442,32.863513],[-96.828556,32.864306],[-96.825899,32.866498],[-96.823685,32.866901],[-96.822183,32.866562],[-96.822612,32.863827]]]}},{"type":"Feature","properties":{"PRECINCT":"4015","VTD":"4015"},"geometry":{"type":"Polygon","coordinates":[[[-96.834749,32.844852],[-96.837231,32.847109],[-96.837099,32.847243],[-96.841151,32.850735],[-96.840495,32.851061],[-96.838577,32.85116],[-96.821311,32.851174],[-96.821419,32.844929],[-96.834749,32.844852]]]}},{"type":"Feature","properties":{"PRECINCT":"4016","VTD":"4016"},"geometry":{"type":"Polygon","coordinates":[[[-96.821419,32.844929],[-96.821753,32.837885],[-96.822085,32.83668],[-96.830221,32.836688],[-96.833875,32.836579],[-96.834558,32.836393],[-96.834471,32.842486],[-96.834687,32.842486],[-96.834914,32.844817],[-96.821419,32.844929]]]}},{"type":"Feature","properties":{"PRECINCT":"4017","VTD":"4017"},"geometry":{"type":"Polygon","coordinates":[[[-96.822085,32.83668],[-96.823208,32.833838],[-96.824826,32.832279],[-96.82554,32.830807],[-96.826506,32.829884],[-96.827531,32.830928],[-96.831803,32.836627],[-96.822085,32.83668]]]}},{"type":"Feature","properties":{"PRECINCT":"4018","VTD":"4018"},"geometry":{"type":"Polygon","coordinates":[[[-96.819237,32.836655],[-96.819145,32.827916],[-96.817242,32.826504],[-96.818438,32.825405],[-96.81761,32.824684],[-96.818457,32.823135],[-96.818122,32.822749],[-96.821754,32.825738],[-96.820758,32.826583],[-96.820003,32.825951],[-96.819098,32.82668],[-96.820646,32.828065],[-96.821212,32.828535],[-96.823006,32.82703],[-96.822906,32.826762],[-96.826506,32.829884],[-96.82554,32.830807],[-96.824826,32.832279],[-96.823208,32.833838],[-96.822085,32.83668],[-96.819237,32.836655]]]}},{"type":"Feature","properties":{"PRECINCT":"4019","VTD":"4019"},"geometry":{"type":"Polygon","coordinates":[[[-96.826506,32.829884],[-96.842505,32.815984],[-96.84267,32.81611],[-96.843751,32.81529],[-96.847903,32.813448],[-96.84966,32.81113],[-96.853033,32.811842],[-96.861499,32.812162],[-96.861717,32.811982],[-96.863501,32.812417],[-96.865365,32.813347],[-96.868085,32.815511],[-96.871016,32.817445],[-96.869958,32.818443],[-96.865179,32.821675],[-96.864184,32.822108],[-96.862365,32.82228],[-96.852487,32.82217],[-96.850868,32.822699],[-96.83656,32.834443],[-96.834634,32.836347],[-96.833875,32.836579],[-96.831803,32.836627],[-96.827531,32.830928],[-96.826506,32.829884]]]}},{"type":"Feature","properties":{"PRECINCT":"4020","VTD":"4020"},"geometry":{"type":"Polygon","coordinates":[[[-96.826506,32.829884],[-96.822906,32.826762],[-96.823006,32.82703],[-96.821212,32.828535],[-96.819098,32.82668],[-96.820003,32.825951],[-96.820758,32.826583],[-96.826351,32.8221],[-96.827399,32.822896],[-96.825869,32.824238],[-96.827089,32.825252],[-96.83157,32.821536],[-96.833691,32.823579],[-96.826506,32.829884]]]}},{"type":"Feature","properties":{"PRECINCT":"4021","VTD":"4021"},"geometry":{"type":"Polygon","coordinates":[[[-96.821754,32.825738],[-96.816765,32.821592],[-96.818088,32.811253],[-96.817545,32.816057],[-96.820855,32.819018],[-96.822253,32.818084],[-96.823091,32.818492],[-96.824287,32.817943],[-96.824784,32.81839],[-96.825529,32.817808],[-96.827192,32.817242],[-96.827609,32.816851],[-96.831083,32.819786],[-96.83027,32.820449],[-96.83157,32.821536],[-96.827089,32.825252],[-96.825869,32.824238],[-96.827399,32.822896],[-96.826351,32.8221],[-96.821754,32.825738]]]}},{"type":"Feature","properties":{"PRECINCT":"4022","VTD":"4022"},"geometry":{"type":"Polygon","coordinates":[[[-96.830116,32.813949],[-96.834841,32.809961],[-96.842505,32.815984],[-96.833691,32.823579],[-96.83027,32.820449],[-96.831083,32.819786],[-96.827609,32.816851],[-96.827765,32.816404],[-96.828879,32.815472],[-96.830116,32.813949]]]}},{"type":"Feature","properties":{"PRECINCT":"4023","VTD":"4023"},"geometry":{"type":"Polygon","coordinates":[[[-96.818476,32.798789],[-96.816161,32.79704],[-96.821908,32.800433],[-96.823892,32.80126],[-96.829786,32.802186],[-96.832527,32.802985],[-96.84966,32.81113],[-96.849527,32.811366],[-96.847903,32.813448],[-96.843751,32.81529],[-96.84267,32.81611],[-96.830752,32.806536],[-96.828352,32.805666],[-96.822139,32.804642],[-96.820042,32.803666],[-96.817233,32.800528],[-96.818476,32.798789]]]}},{"type":"Feature","properties":{"PRECINCT":"4024","VTD":"4024"},"geometry":{"type":"Polygon","coordinates":[[[-96.854805,32.798026],[-96.856419,32.791882],[-96.856561,32.775202],[-96.85753,32.775362],[-96.8575,32.778717],[-96.873834,32.778762],[-96.873789,32.786329],[-96.872494,32.785981],[-96.871958,32.786296],[-96.871581,32.786254],[-96.871125,32.786696],[-96.871164,32.787635],[-96.872233,32.788148],[-96.872498,32.788517],[-96.871883,32.789116],[-96.870381,32.789074],[-96.870891,32.790695],[-96.870443,32.791226],[-96.869329,32.790991],[-96.86836,32.789899],[-96.867727,32.788198],[-96.86714,32.788142],[-96.866703,32.789375],[-96.866576,32.792037],[-96.866721,32.792641],[-96.873751,32.792651],[-96.873922,32.797969],[-96.854805,32.798026]]]}},{"type":"Feature","properties":{"PRECINCT":"4025","VTD":"4025"},"geometry":{"type":"Polygon","coordinates":[[[-96.873922,32.797969],[-96.873781,32.786884],[-96.876107,32.786613],[-96.876837,32.78687],[-96.87726,32.787374],[-96.877464,32.788854],[-96.878062,32.789895],[-96.879026,32.790146],[-96.880237,32.789731],[-96.880233,32.792712],[-96.882544,32.792737],[-96.883922,32.798118],[-96.873922,32.797969]]]}},{"type":"Feature","properties":{"PRECINCT":"4026","VTD":"4026"},"geometry":{"type":"Polygon","coordinates":[[[-96.886594,32.792744],[-96.886577,32.791567],[-96.885484,32.79151],[-96.883676,32.791038],[-96.882238,32.789838],[-96.882579,32.788871],[-96.882559,32.778911],[-96.873834,32.778762],[-96.87384,32.76755],[-96.887145,32.767952],[-96.889436,32.767798],[-96.896129,32.766758],[-96.90233,32.766614],[-96.902617,32.768607],[-96.90561,32.778621],[-96.89493,32.778454],[-96.891854,32.778774],[-96.891886,32.783442],[-96.893883,32.783442],[-96.893273,32.784405],[-96.894559,32.786164],[-96.895294,32.787672],[-96.894031,32.788373],[-96.892275,32.790208],[-96.891084,32.790566],[-96.891098,32.792747],[-96.886594,32.792744]]]}},{"type":"Feature","properties":{"PRECINCT":"4027","VTD":"4027"},"geometry":{"type":"Polygon","coordinates":[[[-96.893899,32.783575],[-96.891886,32.783442],[-96.891854,32.778774],[-96.89493,32.778454],[-96.906873,32.778532],[-96.896564,32.78716],[-96.895294,32.787672],[-96.894559,32.786164],[-96.893273,32.784405],[-96.893899,32.783575]]]}},{"type":"Feature","properties":{"PRECINCT":"4028","VTD":"4028"},"geometry":{"type":"Polygon","coordinates":[[[-96.880233,32.792712],[-96.880237,32.789731],[-96.879026,32.790146],[-96.877936,32.789793],[-96.877464,32.788854],[-96.87726,32.787374],[-96.876655,32.78678],[-96.875334,32.786589],[-96.873781,32.786884],[-96.873834,32.778762],[-96.882559,32.778911],[-96.882579,32.788871],[-96.882238,32.789838],[-96.883676,32.791038],[-96.885484,32.79151],[-96.886577,32.791567],[-96.886594,32.792744],[-96.880233,32.792712]]]}},{"type":"Feature","properties":{"PRECINCT":"4029","VTD":"4029"},"geometry":{"type":"Polygon","coordinates":[[[-96.8575,32.778717],[-96.85753,32.775362],[-96.865181,32.776262],[-96.865183,32.778737],[-96.8575,32.778717]]]}},{"type":"Feature","properties":{"PRECINCT":"4030","VTD":"4030"},"geometry":{"type":"Polygon","coordinates":[[[-96.865181,32.776262],[-96.860808,32.775708],[-96.860793,32.775875],[-96.856561,32.775202],[-96.856677,32.766442],[-96.860377,32.767158],[-96.87384,32.76755],[-96.873834,32.778762],[-96.865183,32.778737],[-96.865181,32.776262]]]}},{"type":"Feature","properties":{"PRECINCT":"4031","VTD":"4031"},"geometry":{"type":"Polygon","coordinates":[[[-96.850506,32.793584],[-96.835697,32.786636],[-96.835819,32.785891],[-96.841315,32.788497],[-96.844067,32.788828],[-96.844065,32.786838],[-96.843276,32.786815],[-96.843281,32.785904],[-96.84561,32.785834],[-96.845615,32.784073],[-96.846373,32.784087],[-96.846396,32.778526],[-96.84996,32.778568],[-96.849979,32.777178],[-96.849173,32.777175],[-96.849183,32.776259],[-96.847925,32.776252],[-96.847934,32.773878],[-96.856567,32.775081],[-96.85645,32.791331],[-96.855821,32.794322],[-96.853283,32.794254],[-96.850506,32.793584]]]}},{"type":"Feature","properties":{"PRECINCT":"4033","VTD":"4033"},"geometry":{"type":"Polygon","coordinates":[[[-96.823078,32.800976],[-96.816161,32.79704],[-96.817137,32.797967],[-96.818476,32.798789],[-96.817233,32.800528],[-96.815612,32.798788],[-96.814858,32.7984],[-96.815024,32.797107],[-96.813696,32.793753],[-96.81024,32.782648],[-96.811913,32.782324],[-96.812167,32.776826],[-96.811489,32.772289],[-96.811107,32.771393],[-96.817685,32.770207],[-96.819293,32.773971],[-96.820806,32.776318],[-96.822847,32.780782],[-96.824711,32.783499],[-96.827092,32.785822],[-96.835093,32.78965],[-96.835697,32.786636],[-96.850506,32.793584],[-96.853283,32.794254],[-96.855821,32.794322],[-96.852374,32.806289],[-96.849496,32.811071],[-96.832527,32.802985],[-96.830531,32.802341],[-96.825303,32.801586],[-96.823078,32.800976]]]}},{"type":"Feature","properties":{"PRECINCT":"4036","VTD":"4036"},"geometry":{"type":"Polygon","coordinates":[[[-96.826898,32.723305],[-96.829782,32.713173],[-96.840128,32.713107],[-96.840133,32.713867],[-96.839436,32.714157],[-96.838647,32.715936],[-96.836174,32.718142],[-96.836561,32.718973],[-96.836701,32.720312],[-96.8284,32.720472],[-96.828384,32.721425],[-96.829034,32.721431],[-96.829093,32.721657],[-96.828815,32.722673],[-96.829023,32.723326],[-96.826898,32.723305]]]}},{"type":"Feature","properties":{"PRECINCT":"4037","VTD":"4037"},"geometry":{"type":"Polygon","coordinates":[[[-96.839992,32.713876],[-96.840025,32.720343],[-96.836701,32.720312],[-96.836561,32.718973],[-96.836174,32.718142],[-96.838647,32.715936],[-96.839436,32.714157],[-96.839992,32.713876]]]}},{"type":"Feature","properties":{"PRECINCT":"4038","VTD":"4038"},"geometry":{"type":"Polygon","coordinates":[[[-96.811671,32.738354],[-96.811432,32.729526],[-96.814446,32.729503],[-96.814548,32.721438],[-96.82464,32.721401],[-96.824627,32.722329],[-96.826417,32.722351],[-96.826135,32.723297],[-96.826898,32.723305],[-96.825654,32.727547],[-96.825454,32.730225],[-96.824611,32.732846],[-96.823329,32.732841],[-96.821952,32.733351],[-96.812478,32.741093],[-96.812282,32.739772],[-96.811671,32.738354]]]}},{"type":"Feature","properties":{"PRECINCT":"4039","VTD":"4039"},"geometry":{"type":"Polygon","coordinates":[[[-96.807529,32.720321],[-96.80317,32.720039],[-96.803184,32.716259],[-96.803674,32.715493],[-96.80328,32.715266],[-96.803687,32.714753],[-96.80373,32.71318],[-96.810977,32.713175],[-96.81094,32.714911],[-96.814573,32.714962],[-96.814521,32.719088],[-96.813267,32.719074],[-96.813241,32.720207],[-96.807529,32.720321]]]}},{"type":"Feature","properties":{"PRECINCT":"4040","VTD":"4040"},"geometry":{"type":"Polygon","coordinates":[[[-96.8092,32.735666],[-96.809197,32.735417],[-96.803252,32.735405],[-96.80449,32.727612],[-96.811437,32.727701],[-96.811448,32.735644],[-96.8092,32.735666]]]}},{"type":"Feature","properties":{"PRECINCT":"4041","VTD":"4041"},"geometry":{"type":"Polygon","coordinates":[[[-96.811432,32.729526],[-96.811437,32.727701],[-96.805492,32.72775],[-96.805494,32.727607],[-96.80449,32.727612],[-96.804619,32.72674],[-96.803471,32.726692],[-96.803472,32.723681],[-96.805124,32.723656],[-96.805361,32.721148],[-96.804954,32.720182],[-96.805742,32.720305],[-96.805558,32.724957],[-96.809336,32.725014],[-96.809634,32.725006],[-96.809696,32.720344],[-96.814551,32.720309],[-96.814446,32.729503],[-96.811432,32.729526]]]}},{"type":"Feature","properties":{"PRECINCT":"4043","VTD":"4043"},"geometry":{"type":"Polygon","coordinates":[[[-96.830826,32.706803],[-96.832217,32.705029],[-96.834065,32.705032],[-96.837414,32.705835],[-96.840172,32.705893],[-96.840128,32.713107],[-96.829782,32.713173],[-96.830183,32.711552],[-96.830444,32.707931],[-96.830826,32.706803]]]}},{"type":"Feature","properties":{"PRECINCT":"4044","VTD":"4044"},"geometry":{"type":"Polygon","coordinates":[[[-96.816937,32.720219],[-96.816947,32.719099],[-96.814521,32.719088],[-96.814566,32.713172],[-96.829782,32.713173],[-96.827742,32.72036],[-96.816937,32.720219]]]}},{"type":"Feature","properties":{"PRECINCT":"4046","VTD":"4046"},"geometry":{"type":"Polygon","coordinates":[[[-96.814568,32.711367],[-96.814581,32.707524],[-96.822971,32.70752],[-96.822985,32.705956],[-96.825901,32.705903],[-96.828067,32.705506],[-96.829768,32.707992],[-96.831367,32.705136],[-96.83212,32.70513],[-96.831207,32.706189],[-96.830556,32.707484],[-96.830183,32.711552],[-96.829782,32.713173],[-96.813314,32.7132],[-96.813327,32.71137],[-96.814568,32.711367]]]}},{"type":"Feature","properties":{"PRECINCT":"4047","VTD":"4047"},"geometry":{"type":"Polygon","coordinates":[[[-96.805565,32.704199],[-96.805052,32.703189],[-96.80673,32.702396],[-96.807036,32.703541],[-96.808826,32.702602],[-96.809009,32.702951],[-96.810859,32.70299],[-96.810807,32.711345],[-96.810468,32.71136],[-96.811505,32.713178],[-96.804382,32.713164],[-96.804055,32.711554],[-96.80068,32.706608],[-96.805565,32.704199]]]}},{"type":"Feature","properties":{"PRECINCT":"4048","VTD":"4048"},"geometry":{"type":"Polygon","coordinates":[[[-96.828067,32.705506],[-96.831367,32.705136],[-96.829768,32.707992],[-96.828067,32.705506]]]}},{"type":"Feature","properties":{"PRECINCT":"4049","VTD":"4049"},"geometry":{"type":"Polygon","coordinates":[[[-96.973791,32.643337],[-96.972615,32.640371],[-96.973778,32.640394],[-96.974957,32.641384],[-96.975502,32.64156],[-96.984876,32.643017],[-96.984827,32.642449],[-96.99001,32.6433],[-96.989602,32.644047],[-96.989517,32.64599],[-96.988123,32.646732],[-96.98811,32.647091],[-96.98868,32.647417],[-96.989031,32.650074],[-96.990249,32.651815],[-96.990102,32.65216],[-96.993188,32.658457],[-96.987349,32.660956],[-96.987375,32.661897],[-96.98782,32.662719],[-96.986557,32.664606],[-96.986405,32.665635],[-96.986633,32.666463],[-96.986082,32.666815],[-96.986955,32.668787],[-96.986287,32.669983],[-96.985241,32.670287],[-96.985115,32.66765],[-96.984521,32.665565],[-96.981441,32.659776],[-96.973791,32.643337]]]}},{"type":"Feature","properties":{"PRECINCT":"4050","VTD":"4050"},"geometry":{"type":"Polygon","coordinates":[[[-96.946817,32.668276],[-96.946185,32.66744],[-96.943887,32.665757],[-96.943229,32.664316],[-96.943237,32.659233],[-96.94537,32.659492],[-96.945989,32.657933],[-96.945444,32.657634],[-96.944718,32.656688],[-96.944693,32.656166],[-96.945379,32.656021],[-96.945677,32.654882],[-96.945342,32.653852],[-96.944399,32.653033],[-96.944581,32.652276],[-96.949755,32.65068],[-96.949512,32.650245],[-96.950738,32.649],[-96.951704,32.64932],[-96.952007,32.648781],[-96.952902,32.648854],[-96.953983,32.648365],[-96.955294,32.648418],[-96.955469,32.647579],[-96.957581,32.647633],[-96.959909,32.648721],[-96.959809,32.647855],[-96.959105,32.64654],[-96.959379,32.646093],[-96.959345,32.645137],[-96.961277,32.646042],[-96.964603,32.649313],[-96.967631,32.650339],[-96.969119,32.648936],[-96.969707,32.648823],[-96.969741,32.64848],[-96.968607,32.647782],[-96.967153,32.647829],[-96.966633,32.647512],[-96.967205,32.64613],[-96.968662,32.646149],[-96.969261,32.645325],[-96.970246,32.645142],[-96.970189,32.643706],[-96.97183,32.643811],[-96.971818,32.645128],[-96.970656,32.646483],[-96.971984,32.64698],[-96.973113,32.647044],[-96.974129,32.646839],[-96.975149,32.648926],[-96.975925,32.648659],[-96.977242,32.651314],[-96.977494,32.651238],[-96.982669,32.662115],[-96.981323,32.663587],[-96.98013,32.666632],[-96.977689,32.668632],[-96.975721,32.670929],[-96.966135,32.670206],[-96.960534,32.668691],[-96.958601,32.668521],[-96.953133,32.669358],[-96.950125,32.66957],[-96.948869,32.669877],[-96.9476,32.670537],[-96.947181,32.670507],[-96.947211,32.669393],[-96.946817,32.668276]]]}},{"type":"Feature","properties":{"PRECINCT":"4051","VTD":"4051"},"geometry":{"type":"Polygon","coordinates":[[[-96.978302,32.705731],[-96.978101,32.704662],[-96.977099,32.70304],[-96.976106,32.702346],[-96.975775,32.702362],[-96.974726,32.701517],[-96.975136,32.700989],[-96.976516,32.70094],[-96.976567,32.701309],[-96.976999,32.701563],[-96.978087,32.701233],[-96.977248,32.699849],[-96.974813,32.698717],[-96.975283,32.697831],[-96.976983,32.696648],[-96.978532,32.693956],[-96.977764,32.694222],[-96.977242,32.694727],[-96.976673,32.69466],[-96.975943,32.694988],[-96.976241,32.69558],[-96.976106,32.696002],[-96.975687,32.696104],[-96.974936,32.695839],[-96.97433,32.696019],[-96.973971,32.696787],[-96.973184,32.69733],[-96.973082,32.696168],[-96.973641,32.693346],[-96.973337,32.691405],[-96.971603,32.68988],[-96.971591,32.688989],[-96.970768,32.687146],[-96.971035,32.684398],[-96.971973,32.68291],[-96.971458,32.681429],[-96.972241,32.680006],[-96.972246,32.678948],[-96.972801,32.676884],[-96.973406,32.675891],[-96.974356,32.675075],[-96.974537,32.674273],[-96.97439,32.672683],[-96.975721,32.670929],[-96.982502,32.67185],[-96.982506,32.678238],[-96.98336,32.678251],[-96.983394,32.679272],[-96.985113,32.679235],[-96.985077,32.68828],[-96.985344,32.693047],[-96.985713,32.694091],[-96.985412,32.694401],[-96.985674,32.705677],[-96.983902,32.705517],[-96.978302,32.705731]]]}},{"type":"Feature","properties":{"PRECINCT":"4052","VTD":"4052"},"geometry":{"type":"Polygon","coordinates":[[[-96.950224,32.705862],[-96.934471,32.705538],[-96.928555,32.706196],[-96.924888,32.706128],[-96.922354,32.705779],[-96.908762,32.705736],[-96.90862,32.676445],[-96.92576,32.676475],[-96.925624,32.670932],[-96.925824,32.66234],[-96.939529,32.662346],[-96.94315,32.662166],[-96.943229,32.664316],[-96.943493,32.665148],[-96.944056,32.665933],[-96.946002,32.667287],[-96.946691,32.668052],[-96.947174,32.669186],[-96.947181,32.670507],[-96.9476,32.670537],[-96.948869,32.669877],[-96.950125,32.66957],[-96.953133,32.669358],[-96.958601,32.668521],[-96.960534,32.668691],[-96.966135,32.670206],[-96.975721,32.670929],[-96.97439,32.672683],[-96.974537,32.674273],[-96.974356,32.675075],[-96.973406,32.675891],[-96.972801,32.676884],[-96.972246,32.678948],[-96.972241,32.680006],[-96.971458,32.681429],[-96.971973,32.68291],[-96.971216,32.683875],[-96.970911,32.685037],[-96.970782,32.687302],[-96.971591,32.688989],[-96.971518,32.689701],[-96.973128,32.691091],[-96.973571,32.692405],[-96.973594,32.693797],[-96.973082,32.696168],[-96.973184,32.69733],[-96.971452,32.698476],[-96.971653,32.697708],[-96.970821,32.697654],[-96.970582,32.697372],[-96.971064,32.696438],[-96.970797,32.696396],[-96.970942,32.696223],[-96.970544,32.695286],[-96.970125,32.695199],[-96.969868,32.694522],[-96.96903,32.694502],[-96.96754,32.69556],[-96.966911,32.696382],[-96.965956,32.697011],[-96.965165,32.697167],[-96.963866,32.698251],[-96.963427,32.697795],[-96.963139,32.697834],[-96.963069,32.698636],[-96.961765,32.699773],[-96.96131,32.699903],[-96.960903,32.700499],[-96.959832,32.701047],[-96.95957,32.702],[-96.957428,32.704296],[-96.956993,32.705972],[-96.956729,32.705844],[-96.956088,32.70601],[-96.95539,32.706676],[-96.954977,32.708024],[-96.953111,32.707551],[-96.950969,32.706114],[-96.950224,32.705862]]]}},{"type":"Feature","properties":{"PRECINCT":"4053","VTD":"4053"},"geometry":{"type":"Polygon","coordinates":[[[-96.981479,32.730083],[-96.978421,32.72831],[-96.978309,32.728033],[-96.977863,32.728005],[-96.975683,32.726809],[-96.974039,32.725406],[-96.97273,32.724632],[-96.973277,32.722841],[-96.974257,32.721687],[-96.973981,32.720449],[-96.971195,32.720732],[-96.971184,32.720531],[-96.960084,32.713932],[-96.956148,32.718421],[-96.95342,32.716788],[-96.952544,32.716939],[-96.951858,32.716192],[-96.952498,32.715636],[-96.953674,32.715336],[-96.954464,32.714792],[-96.954704,32.713807],[-96.954017,32.712015],[-96.953773,32.71053],[-96.954797,32.708713],[-96.954962,32.707563],[-96.95539,32.706676],[-96.956088,32.70601],[-96.956729,32.705844],[-96.956993,32.705972],[-96.957428,32.704296],[-96.95957,32.702],[-96.959832,32.701047],[-96.960903,32.700499],[-96.96131,32.699903],[-96.961765,32.699773],[-96.963069,32.698636],[-96.963139,32.697834],[-96.963427,32.697795],[-96.963866,32.698251],[-96.965165,32.697167],[-96.965956,32.697011],[-96.966911,32.696382],[-96.96754,32.69556],[-96.96903,32.694502],[-96.969868,32.694522],[-96.970125,32.695199],[-96.970544,32.695286],[-96.970942,32.696223],[-96.970797,32.696396],[-96.971064,32.696438],[-96.970582,32.697372],[-96.970821,32.697654],[-96.971653,32.697708],[-96.971493,32.698489],[-96.973876,32.696889],[-96.97433,32.696019],[-96.974936,32.695839],[-96.975984,32.696081],[-96.976254,32.695684],[-96.975943,32.694988],[-96.976673,32.69466],[-96.977242,32.694727],[-96.977764,32.694222],[-96.978532,32.693956],[-96.976983,32.696648],[-96.975283,32.697831],[-96.974813,32.698717],[-96.977248,32.699849],[-96.978087,32.701233],[-96.976999,32.701563],[-96.976567,32.701309],[-96.976516,32.70094],[-96.975136,32.700989],[-96.974726,32.701517],[-96.975775,32.702362],[-96.976106,32.702346],[-96.977099,32.70304],[-96.978101,32.704662],[-96.978162,32.705497],[-96.978638,32.70612],[-96.978626,32.706408],[-96.977935,32.707061],[-96.977791,32.70828],[-96.977149,32.708635],[-96.976887,32.70919],[-96.976711,32.710271],[-96.981179,32.710428],[-96.980872,32.714182],[-96.980164,32.714928],[-96.977604,32.716189],[-96.977246,32.717225],[-96.977214,32.726259],[-96.981501,32.726278],[-96.981466,32.72915],[-96.98252,32.729151],[-96.981479,32.730083]]]}},{"type":"Feature","properties":{"PRECINCT":"4054","VTD":"4054"},"geometry":{"type":"Polygon","coordinates":[[[-96.90876,32.720537],[-96.908706,32.71711],[-96.908707,32.71115],[-96.911582,32.714447],[-96.915994,32.720523],[-96.90876,32.720537]]]}},{"type":"Feature","properties":{"PRECINCT":"4055","VTD":"4055"},"geometry":{"type":"Polygon","coordinates":[[[-96.869722,32.720391],[-96.878087,32.717429],[-96.88738,32.712685],[-96.891467,32.711075],[-96.89148,32.711641],[-96.891681,32.711633],[-96.894918,32.710642],[-96.895866,32.711086],[-96.896029,32.711681],[-96.897964,32.711975],[-96.900078,32.711993],[-96.90007,32.713799],[-96.908695,32.713744],[-96.90876,32.720537],[-96.869722,32.720391]]]}},{"type":"Feature","properties":{"PRECINCT":"4056","VTD":"4056"},"geometry":{"type":"Polygon","coordinates":[[[-96.858608,32.705799],[-96.860824,32.704828],[-96.863364,32.704799],[-96.873086,32.704948],[-96.875456,32.705821],[-96.880885,32.705821],[-96.881044,32.706024],[-96.880864,32.708199],[-96.881441,32.709043],[-96.881289,32.710442],[-96.882026,32.712622],[-96.881901,32.713487],[-96.881188,32.714717],[-96.881364,32.715818],[-96.877343,32.717714],[-96.861053,32.723402],[-96.857079,32.72533],[-96.857183,32.70581],[-96.858608,32.705799]]]}},{"type":"Feature","properties":{"PRECINCT":"4057","VTD":"4057"},"geometry":{"type":"Polygon","coordinates":[[[-96.840172,32.705893],[-96.857183,32.70581],[-96.857107,32.714196],[-96.854324,32.714185],[-96.854325,32.715141],[-96.852942,32.715274],[-96.851282,32.716611],[-96.844065,32.716712],[-96.842619,32.717104],[-96.840918,32.718271],[-96.840037,32.718445],[-96.83986,32.717548],[-96.840128,32.716722],[-96.840172,32.705893]]]}},{"type":"Feature","properties":{"PRECINCT":"4058","VTD":"4058"},"geometry":{"type":"Polygon","coordinates":[[[-96.840025,32.720343],[-96.840037,32.718445],[-96.840918,32.718271],[-96.842898,32.716994],[-96.844571,32.716669],[-96.851064,32.716665],[-96.85322,32.715142],[-96.854325,32.715141],[-96.854324,32.714185],[-96.857107,32.714196],[-96.857085,32.720221],[-96.840025,32.720343]]]}},{"type":"Feature","properties":{"PRECINCT":"4059","VTD":"4059"},"geometry":{"type":"Polygon","coordinates":[[[-96.985763,32.734917],[-96.98581,32.727269],[-96.987376,32.727371],[-96.987401,32.725518],[-96.989875,32.725541],[-96.989851,32.727168],[-96.989065,32.727608],[-96.989469,32.729001],[-96.991352,32.730582],[-96.9926,32.730393],[-96.993301,32.731352],[-96.993869,32.731259],[-96.994007,32.731599],[-96.993642,32.731597],[-96.994113,32.731639],[-96.994116,32.732284],[-96.993003,32.732299],[-96.993012,32.73493],[-96.985763,32.734917]]]}},{"type":"Feature","properties":{"PRECINCT":"4060","VTD":"4060"},"geometry":{"type":"Polygon","coordinates":[[[-96.903536,32.742831],[-96.898817,32.738384],[-96.897714,32.737603],[-96.898487,32.734164],[-96.898463,32.732827],[-96.897707,32.732819],[-96.897766,32.731471],[-96.897796,32.731254],[-96.898464,32.731247],[-96.898166,32.729202],[-96.897107,32.726746],[-96.897731,32.726241],[-96.898838,32.728834],[-96.900347,32.728904],[-96.900201,32.720489],[-96.919526,32.720522],[-96.921758,32.720863],[-96.923811,32.720529],[-96.938746,32.720557],[-96.938833,32.721088],[-96.93977,32.721337],[-96.93992,32.721871],[-96.941016,32.721853],[-96.941711,32.721601],[-96.94214,32.72117],[-96.94348,32.720843],[-96.947755,32.718688],[-96.95157,32.717104],[-96.951872,32.716757],[-96.951858,32.716192],[-96.952544,32.716939],[-96.95342,32.716788],[-96.956148,32.718421],[-96.942989,32.733632],[-96.941374,32.73397],[-96.939622,32.736376],[-96.938745,32.736961],[-96.937518,32.737282],[-96.937061,32.737675],[-96.936717,32.738249],[-96.936662,32.738968],[-96.936358,32.739252],[-96.932977,32.739804],[-96.932358,32.74194],[-96.931089,32.742589],[-96.929235,32.744532],[-96.927369,32.745737],[-96.927269,32.746372],[-96.926257,32.747824],[-96.921217,32.748061],[-96.916797,32.747672],[-96.904799,32.743597],[-96.903536,32.742831]]]}},{"type":"Feature","properties":{"PRECINCT":"4061","VTD":"4061"},"geometry":{"type":"Polygon","coordinates":[[[-96.878161,32.73493],[-96.878168,32.731124],[-96.877697,32.729241],[-96.877597,32.723442],[-96.878897,32.720425],[-96.88831,32.720433],[-96.8883,32.729207],[-96.888696,32.729207],[-96.888677,32.73164],[-96.887746,32.731724],[-96.887676,32.734985],[-96.878161,32.73493]]]}},{"type":"Feature","properties":{"PRECINCT":"4062","VTD":"4062"},"geometry":{"type":"Polygon","coordinates":[[[-96.874987,32.734887],[-96.874052,32.73434],[-96.86884,32.734386],[-96.868869,32.720945],[-96.868985,32.720656],[-96.869722,32.720391],[-96.878897,32.720425],[-96.877597,32.723442],[-96.877697,32.729241],[-96.878168,32.731124],[-96.878161,32.73493],[-96.874987,32.734887]]]}},{"type":"Feature","properties":{"PRECINCT":"4063","VTD":"4063"},"geometry":{"type":"Polygon","coordinates":[[[-96.834343,32.732745],[-96.834842,32.73214],[-96.837535,32.73266],[-96.8368,32.731223],[-96.836701,32.720312],[-96.857085,32.720221],[-96.857079,32.72533],[-96.852947,32.727787],[-96.842624,32.732269],[-96.834304,32.734009],[-96.834343,32.732745]]]}},{"type":"Feature","properties":{"PRECINCT":"4065","VTD":"4065"},"geometry":{"type":"Polygon","coordinates":[[[-96.90233,32.766614],[-96.902099,32.753549],[-96.902561,32.749626],[-96.926161,32.749636],[-96.926134,32.752442],[-96.925634,32.754354],[-96.925969,32.755232],[-96.925918,32.755831],[-96.925225,32.758749],[-96.92402,32.76113],[-96.924621,32.761743],[-96.92472,32.76225],[-96.925057,32.762413],[-96.925913,32.762154],[-96.926691,32.762464],[-96.927404,32.76341],[-96.928001,32.764508],[-96.927377,32.765629],[-96.919643,32.766357],[-96.90233,32.766614]]]}},{"type":"Feature","properties":{"PRECINCT":"4066","VTD":"4066"},"geometry":{"type":"Polygon","coordinates":[[[-96.880628,32.749569],[-96.880644,32.743468],[-96.881006,32.742286],[-96.89137,32.742324],[-96.891374,32.746543],[-96.895649,32.746429],[-96.89564,32.744839],[-96.893919,32.744895],[-96.894003,32.73686],[-96.893388,32.736967],[-96.89376,32.736514],[-96.893773,32.735017],[-96.897578,32.734931],[-96.898412,32.735173],[-96.897293,32.739072],[-96.897434,32.741191],[-96.89865,32.74315],[-96.903077,32.746896],[-96.903387,32.74796],[-96.903311,32.749626],[-96.880628,32.749569]]]}},{"type":"Feature","properties":{"PRECINCT":"4067","VTD":"4067"},"geometry":{"type":"Polygon","coordinates":[[[-96.869913,32.749546],[-96.869955,32.744875],[-96.870272,32.743235],[-96.869688,32.741241],[-96.870202,32.740425],[-96.870219,32.738491],[-96.868934,32.738509],[-96.86884,32.734386],[-96.874052,32.73434],[-96.874987,32.734887],[-96.879683,32.734952],[-96.87963,32.739266],[-96.878601,32.739264],[-96.878594,32.740543],[-96.880972,32.739921],[-96.880993,32.742438],[-96.880644,32.743468],[-96.880628,32.749569],[-96.869913,32.749546]]]}},{"type":"Feature","properties":{"PRECINCT":"4068","VTD":"4068"},"geometry":{"type":"Polygon","coordinates":[[[-96.856879,32.741259],[-96.857037,32.732053],[-96.864326,32.732052],[-96.868842,32.731808],[-96.868934,32.738509],[-96.870219,32.738491],[-96.870202,32.740425],[-96.869688,32.741241],[-96.856879,32.741259]]]}},{"type":"Feature","properties":{"PRECINCT":"4069","VTD":"4069"},"geometry":{"type":"Polygon","coordinates":[[[-96.837643,32.741335],[-96.837628,32.73328],[-96.843951,32.731842],[-96.849297,32.729266],[-96.852547,32.727998],[-96.857079,32.72533],[-96.856879,32.741259],[-96.837643,32.741335]]]}},{"type":"Feature","properties":{"PRECINCT":"4070","VTD":"4070"},"geometry":{"type":"Polygon","coordinates":[[[-96.824141,32.734453],[-96.824611,32.732846],[-96.828963,32.733212],[-96.832162,32.734313],[-96.837628,32.73328],[-96.837597,32.743161],[-96.824995,32.743111],[-96.823793,32.743192],[-96.82284,32.743505],[-96.822811,32.740104],[-96.823692,32.739048],[-96.823983,32.738238],[-96.824141,32.734453]]]}},{"type":"Feature","properties":{"PRECINCT":"4071","VTD":"4071"},"geometry":{"type":"Polygon","coordinates":[[[-96.809883,32.751213],[-96.809885,32.749864],[-96.810231,32.748646],[-96.810843,32.747394],[-96.811438,32.746751],[-96.812711,32.745789],[-96.815627,32.74423],[-96.815627,32.743936],[-96.822811,32.740104],[-96.822882,32.749415],[-96.820208,32.749429],[-96.816614,32.751177],[-96.809883,32.751213]]]}},{"type":"Feature","properties":{"PRECINCT":"4072","VTD":"4072"},"geometry":{"type":"Polygon","coordinates":[[[-96.823753,32.732791],[-96.824611,32.732846],[-96.823969,32.735353],[-96.823983,32.738238],[-96.823527,32.7393],[-96.82236,32.740426],[-96.815627,32.743936],[-96.815469,32.741933],[-96.813633,32.740122],[-96.82173,32.733503],[-96.822506,32.733075],[-96.823753,32.732791]]]}},{"type":"Feature","properties":{"PRECINCT":"4073","VTD":"4073"},"geometry":{"type":"Polygon","coordinates":[[[-96.856858,32.749613],[-96.856879,32.741259],[-96.869688,32.741241],[-96.870272,32.743235],[-96.869955,32.744875],[-96.869913,32.749546],[-96.856858,32.749613]]]}},{"type":"Feature","properties":{"PRECINCT":"4074","VTD":"4074"},"geometry":{"type":"Polygon","coordinates":[[[-96.837584,32.749488],[-96.837643,32.741335],[-96.856879,32.741259],[-96.856858,32.749613],[-96.837584,32.749488]]]}},{"type":"Feature","properties":{"PRECINCT":"4075","VTD":"4075"},"geometry":{"type":"Polygon","coordinates":[[[-96.824995,32.743111],[-96.837597,32.743161],[-96.837584,32.749488],[-96.822882,32.749415],[-96.82284,32.743505],[-96.823793,32.743192],[-96.824995,32.743111]]]}},{"type":"Feature","properties":{"PRECINCT":"4076","VTD":"4076"},"geometry":{"type":"Polygon","coordinates":[[[-96.888048,32.767919],[-96.860377,32.767158],[-96.856677,32.766442],[-96.856706,32.764077],[-96.859546,32.764062],[-96.858962,32.763564],[-96.860562,32.76356],[-96.861725,32.763121],[-96.862138,32.762819],[-96.862146,32.762355],[-96.862664,32.762358],[-96.862575,32.760472],[-96.864556,32.759743],[-96.864088,32.759493],[-96.86353,32.758667],[-96.864159,32.758353],[-96.863011,32.757224],[-96.862957,32.75602],[-96.86259,32.755509],[-96.859984,32.755421],[-96.859283,32.754523],[-96.858499,32.754137],[-96.857516,32.755355],[-96.856807,32.755685],[-96.856812,32.75536],[-96.857531,32.754697],[-96.857596,32.754215],[-96.858336,32.754128],[-96.858649,32.752968],[-96.859852,32.752304],[-96.860857,32.752291],[-96.861193,32.751551],[-96.863229,32.750373],[-96.863711,32.749684],[-96.864333,32.749529],[-96.902561,32.749626],[-96.902099,32.753549],[-96.90233,32.766614],[-96.895172,32.766845],[-96.888048,32.767919]]]}},{"type":"Feature","properties":{"PRECINCT":"4077","VTD":"4077"},"geometry":{"type":"Polygon","coordinates":[[[-96.846428,32.754742],[-96.841072,32.751282],[-96.840285,32.752378],[-96.837452,32.752377],[-96.837584,32.749488],[-96.852435,32.749572],[-96.852444,32.75163],[-96.850655,32.751848],[-96.848207,32.751792],[-96.848159,32.754756],[-96.846428,32.754742]]]}},{"type":"Feature","properties":{"PRECINCT":"4078","VTD":"4078"},"geometry":{"type":"Polygon","coordinates":[[[-96.822924,32.758893],[-96.822882,32.749415],[-96.837584,32.749488],[-96.837452,32.752377],[-96.83158,32.752237],[-96.831358,32.757682],[-96.826938,32.757666],[-96.826081,32.758912],[-96.825234,32.759191],[-96.822924,32.758893]]]}},{"type":"Feature","properties":{"PRECINCT":"4079","VTD":"4079"},"geometry":{"type":"Polygon","coordinates":[[[-96.835791,32.763817],[-96.835495,32.758627],[-96.836183,32.758632],[-96.837098,32.758004],[-96.837427,32.757494],[-96.837452,32.752377],[-96.840285,32.752378],[-96.841072,32.751282],[-96.846428,32.754742],[-96.848159,32.754756],[-96.848207,32.751792],[-96.850655,32.751848],[-96.852444,32.75163],[-96.852435,32.749572],[-96.856696,32.749613],[-96.856807,32.755685],[-96.857516,32.755355],[-96.858499,32.754137],[-96.859283,32.754523],[-96.859984,32.755421],[-96.862504,32.755473],[-96.862921,32.755882],[-96.863011,32.757224],[-96.864159,32.758353],[-96.860952,32.759779],[-96.862146,32.761533],[-96.862145,32.762275],[-96.860503,32.763036],[-96.857526,32.763105],[-96.857879,32.763536],[-96.858962,32.763564],[-96.859546,32.764062],[-96.851977,32.764096],[-96.850336,32.764634],[-96.8482,32.76413],[-96.845115,32.764109],[-96.842382,32.764901],[-96.838354,32.766918],[-96.835703,32.767512],[-96.835573,32.765055],[-96.835791,32.763817]]]}},{"type":"Feature","properties":{"PRECINCT":"4080","VTD":"4080"},"geometry":{"type":"Polygon","coordinates":[[[-96.822845,32.769205],[-96.822924,32.758893],[-96.825954,32.759349],[-96.829058,32.759366],[-96.829831,32.759261],[-96.830823,32.758629],[-96.835495,32.758627],[-96.835796,32.763566],[-96.835573,32.765055],[-96.835703,32.767512],[-96.826094,32.768617],[-96.822845,32.769205]]]}},{"type":"Feature","properties":{"PRECINCT":"4081","VTD":"4081"},"geometry":{"type":"Polygon","coordinates":[[[-96.883922,32.798118],[-96.882544,32.792737],[-96.891098,32.792747],[-96.891084,32.790566],[-96.892275,32.790208],[-96.894362,32.788123],[-96.896564,32.78716],[-96.906781,32.77874],[-96.906873,32.778532],[-96.90561,32.778621],[-96.902617,32.768607],[-96.90233,32.766614],[-96.919643,32.766357],[-96.927377,32.765629],[-96.926976,32.766728],[-96.927496,32.76731],[-96.926455,32.767939],[-96.926081,32.76887],[-96.926704,32.771206],[-96.926052,32.775007],[-96.926354,32.776204],[-96.926095,32.777524],[-96.926416,32.778694],[-96.926077,32.782076],[-96.921759,32.784427],[-96.918902,32.785719],[-96.918009,32.785595],[-96.915381,32.784255],[-96.914239,32.784357],[-96.913139,32.785055],[-96.9125,32.785705],[-96.911172,32.788113],[-96.910654,32.789654],[-96.910464,32.791947],[-96.910066,32.793007],[-96.90806,32.796433],[-96.907156,32.797262],[-96.904122,32.798195],[-96.900872,32.798025],[-96.898522,32.798192],[-96.883922,32.798118]]]}},{"type":"Feature","properties":{"PRECINCT":"4082","VTD":"4082"},"geometry":{"type":"Polygon","coordinates":[[[-96.825689,32.778756],[-96.823433,32.775765],[-96.823604,32.775421],[-96.823088,32.775354],[-96.822834,32.774866],[-96.823005,32.774016],[-96.824071,32.774424],[-96.824069,32.77268],[-96.825029,32.772675],[-96.825058,32.774405],[-96.826625,32.774077],[-96.826639,32.773173],[-96.829212,32.773141],[-96.829207,32.773536],[-96.831591,32.773019],[-96.838495,32.772998],[-96.841753,32.772661],[-96.847959,32.772664],[-96.847925,32.776252],[-96.849183,32.776259],[-96.849173,32.777175],[-96.849979,32.777178],[-96.84996,32.778568],[-96.828565,32.778564],[-96.825689,32.778756]]]}},{"type":"Feature","properties":{"PRECINCT":"4083","VTD":"4083"},"geometry":{"type":"Polygon","coordinates":[[[-96.823183,32.774006],[-96.822863,32.774192],[-96.82285,32.769606],[-96.823344,32.769495],[-96.823067,32.769163],[-96.826094,32.768617],[-96.837043,32.767285],[-96.838354,32.766918],[-96.842382,32.764901],[-96.845115,32.764109],[-96.8482,32.76413],[-96.850336,32.764634],[-96.847945,32.76543],[-96.847959,32.772664],[-96.841753,32.772661],[-96.838495,32.772998],[-96.831591,32.773019],[-96.829207,32.773536],[-96.829212,32.773141],[-96.826639,32.773173],[-96.826625,32.774077],[-96.825058,32.774405],[-96.825029,32.772675],[-96.824069,32.77268],[-96.824071,32.774424],[-96.823183,32.774006]]]}},{"type":"Feature","properties":{"PRECINCT":"4084","VTD":"4084"},"geometry":{"type":"Polygon","coordinates":[[[-96.841315,32.788497],[-96.835819,32.785891],[-96.83581,32.784673],[-96.836384,32.784666],[-96.836394,32.785444],[-96.841247,32.785516],[-96.84126,32.783252],[-96.842086,32.783262],[-96.842063,32.782306],[-96.842718,32.782308],[-96.842725,32.778534],[-96.846396,32.778526],[-96.846373,32.784087],[-96.845615,32.784073],[-96.84561,32.785834],[-96.843281,32.785904],[-96.843276,32.786815],[-96.844065,32.786838],[-96.844067,32.788828],[-96.841315,32.788497]]]}},{"type":"Feature","properties":{"PRECINCT":"4085","VTD":"4085"},"geometry":{"type":"Polygon","coordinates":[[[-96.835697,32.786636],[-96.829442,32.783739],[-96.827293,32.782328],[-96.825111,32.779643],[-96.826018,32.779159],[-96.825742,32.778821],[-96.828565,32.778564],[-96.842725,32.778534],[-96.842718,32.782308],[-96.842063,32.782306],[-96.842086,32.783262],[-96.84126,32.783252],[-96.841247,32.785516],[-96.836394,32.785444],[-96.836384,32.784666],[-96.83581,32.784673],[-96.835697,32.786636]]]}},{"type":"Feature","properties":{"PRECINCT":"4086","VTD":"4086"},"geometry":{"type":"Polygon","coordinates":[[[-96.879113,32.847919],[-96.875788,32.840352],[-96.87526,32.838127],[-96.87472,32.837854],[-96.874602,32.835687],[-96.873789,32.835977],[-96.8725,32.836934],[-96.865969,32.837],[-96.859771,32.84208],[-96.850457,32.837769],[-96.847864,32.835338],[-96.848033,32.835208],[-96.84483,32.832739],[-96.847291,32.829493],[-96.847041,32.827891],[-96.846169,32.826642],[-96.850868,32.822699],[-96.851831,32.822294],[-96.855555,32.822136],[-96.86306,32.82227],[-96.864574,32.821968],[-96.870283,32.818213],[-96.87211,32.816378],[-96.873291,32.815013],[-96.87361,32.813954],[-96.873922,32.797969],[-96.898522,32.798192],[-96.900006,32.799092],[-96.901537,32.800668],[-96.905721,32.807403],[-96.906158,32.809647],[-96.906129,32.814286],[-96.905907,32.815694],[-96.904643,32.817574],[-96.896964,32.825104],[-96.895311,32.825798],[-96.892205,32.828453],[-96.889744,32.831702],[-96.889392,32.834653],[-96.889916,32.836199],[-96.889616,32.838251],[-96.889803,32.839857],[-96.889666,32.844122],[-96.889867,32.845097],[-96.888991,32.846517],[-96.888789,32.847524],[-96.88907,32.848],[-96.889554,32.848166],[-96.891097,32.847251],[-96.891615,32.847164],[-96.893201,32.847803],[-96.887882,32.851694],[-96.885245,32.85409],[-96.880487,32.849634],[-96.879113,32.847919]]]}},{"type":"Feature","properties":{"PRECINCT":"4087","VTD":"4087"},"geometry":{"type":"Polygon","coordinates":[[[-96.874994,32.865361],[-96.865824,32.857312],[-96.86474,32.855808],[-96.860407,32.859115],[-96.858772,32.859961],[-96.855004,32.861026],[-96.854108,32.860089],[-96.85639,32.859592],[-96.85568,32.858997],[-96.85762,32.858182],[-96.859755,32.855477],[-96.858723,32.854996],[-96.859796,32.853476],[-96.860227,32.85304],[-96.861111,32.85378],[-96.864244,32.852005],[-96.864732,32.851363],[-96.865042,32.849874],[-96.865991,32.848574],[-96.868799,32.846263],[-96.86907,32.845761],[-96.864881,32.844412],[-96.859771,32.84208],[-96.865969,32.837],[-96.8725,32.836934],[-96.873789,32.835977],[-96.874602,32.835687],[-96.87472,32.837854],[-96.87526,32.838127],[-96.875788,32.840352],[-96.879113,32.847919],[-96.880487,32.849634],[-96.885245,32.85409],[-96.882248,32.857115],[-96.880784,32.857698],[-96.88092,32.858005],[-96.877747,32.858268],[-96.879561,32.866405],[-96.875377,32.866434],[-96.874994,32.865361]]]}},{"type":"Feature","properties":{"PRECINCT":"4088","VTD":"4088"},"geometry":{"type":"Polygon","coordinates":[[[-96.856209,32.866402],[-96.856174,32.862931],[-96.855192,32.860971],[-96.859658,32.859572],[-96.86474,32.855808],[-96.865705,32.857188],[-96.867942,32.859183],[-96.866218,32.860594],[-96.865495,32.861646],[-96.864828,32.86647],[-96.863859,32.866258],[-96.862361,32.864939],[-96.86201,32.865239],[-96.861746,32.866393],[-96.856209,32.866402]]]}},{"type":"Feature","properties":{"PRECINCT":"4090","VTD":"4090"},"geometry":{"type":"Polygon","coordinates":[[[-96.908541,32.711987],[-96.908725,32.711585],[-96.908695,32.713744],[-96.90007,32.713799],[-96.900078,32.711993],[-96.908541,32.711987]]]}},{"type":"Feature","properties":{"PRECINCT":"4091","VTD":"4091"},"geometry":{"type":"Polygon","coordinates":[[[-96.957964,32.746495],[-96.957979,32.738878],[-96.951435,32.738704],[-96.95141,32.737952],[-96.950358,32.737825],[-96.948664,32.73669],[-96.948642,32.738759],[-96.943073,32.738733],[-96.942898,32.742228],[-96.938274,32.742159],[-96.93703,32.743115],[-96.937056,32.744244],[-96.935323,32.744283],[-96.935669,32.743502],[-96.930432,32.743442],[-96.931089,32.742589],[-96.932358,32.74194],[-96.932977,32.739804],[-96.936358,32.739252],[-96.936662,32.738968],[-96.936717,32.738249],[-96.937061,32.737675],[-96.937518,32.737282],[-96.938745,32.736961],[-96.939622,32.736376],[-96.941374,32.73397],[-96.942989,32.733632],[-96.943787,32.732483],[-96.960084,32.713932],[-96.971184,32.720531],[-96.971195,32.720732],[-96.973981,32.720449],[-96.974257,32.721687],[-96.973277,32.722841],[-96.97285,32.723868],[-96.972853,32.724809],[-96.974039,32.725406],[-96.975683,32.726809],[-96.977863,32.728005],[-96.978309,32.728033],[-96.978645,32.728457],[-96.981479,32.730083],[-96.984738,32.727184],[-96.98581,32.727269],[-96.985763,32.734917],[-96.983894,32.734895],[-96.983891,32.738157],[-96.987716,32.738211],[-96.987648,32.744532],[-96.987445,32.74537],[-96.969426,32.746089],[-96.969062,32.74638],[-96.968464,32.746135],[-96.957964,32.746495]]]}},{"type":"Feature","properties":{"PRECINCT":"4092","VTD":"4092"},"geometry":{"type":"Polygon","coordinates":[[[-96.856222,32.883699],[-96.856278,32.880615],[-96.861041,32.880785],[-96.860734,32.880909],[-96.86045,32.881495],[-96.860578,32.882216],[-96.86113,32.882764],[-96.860795,32.883194],[-96.860825,32.883768],[-96.856222,32.883699]]]}},{"type":"Feature","properties":{"PRECINCT":"4093","VTD":"4093"},"geometry":{"type":"Polygon","coordinates":[[[-96.891469,32.695543],[-96.891539,32.691459],[-96.891905,32.691705],[-96.893707,32.693823],[-96.894647,32.695055],[-96.89432,32.695253],[-96.893574,32.695535],[-96.891469,32.695543]]]}},{"type":"Feature","properties":{"PRECINCT":"4094","VTD":"4094"},"geometry":{"type":"Polygon","coordinates":[[[-96.863983,32.913483],[-96.864003,32.909723],[-96.868222,32.909615],[-96.867117,32.908552],[-96.864006,32.909348],[-96.863999,32.907674],[-96.866214,32.907696],[-96.866665,32.907494],[-96.869676,32.907635],[-96.870332,32.907334],[-96.870542,32.906725],[-96.872261,32.906826],[-96.872255,32.909055],[-96.872483,32.909782],[-96.88162,32.909436],[-96.881668,32.910635],[-96.885506,32.910114],[-96.870968,32.913657],[-96.868291,32.914624],[-96.864776,32.915497],[-96.863983,32.913483]]]}},{"type":"Feature","properties":{"PRECINCT":"4095","VTD":"4095"},"geometry":{"type":"Polygon","coordinates":[[[-96.870178,32.901601],[-96.872226,32.900699],[-96.8723,32.90394],[-96.8712,32.90367],[-96.87065,32.902372],[-96.869975,32.901899],[-96.870178,32.901601]]]}},{"type":"Feature","properties":{"PRECINCT":"4096","VTD":"4096"},"geometry":{"type":"Polygon","coordinates":[[[-96.864003,32.909723],[-96.864006,32.909348],[-96.867117,32.908552],[-96.868222,32.909615],[-96.864003,32.909723]]]}},{"type":"Feature","properties":{"PRECINCT":"4097","VTD":"4097"},"geometry":{"type":"Polygon","coordinates":[[[-96.859322,32.880763],[-96.859544,32.879973],[-96.861801,32.878042],[-96.862814,32.877912],[-96.862838,32.876023],[-96.864743,32.876044],[-96.864744,32.875102],[-96.867961,32.875721],[-96.876173,32.875867],[-96.876618,32.876984],[-96.876697,32.880032],[-96.877113,32.880912],[-96.873964,32.881062],[-96.859322,32.880763]]]}},{"type":"Feature","properties":{"PRECINCT":"4099","VTD":"4099"},"geometry":{"type":"Polygon","coordinates":[[[-96.829069,32.863848],[-96.825742,32.860144],[-96.826929,32.859119],[-96.827436,32.859175],[-96.828706,32.860259],[-96.829504,32.858424],[-96.830508,32.859246],[-96.831624,32.859745],[-96.831884,32.860225],[-96.832398,32.860214],[-96.833554,32.861269],[-96.834161,32.861367],[-96.835262,32.860205],[-96.836099,32.859686],[-96.836136,32.859232],[-96.835457,32.858387],[-96.835757,32.857343],[-96.840166,32.856113],[-96.846883,32.855691],[-96.850604,32.858822],[-96.85157,32.859299],[-96.853769,32.859865],[-96.854803,32.861086],[-96.853011,32.861562],[-96.853014,32.861711],[-96.844427,32.863861],[-96.837445,32.864049],[-96.831759,32.863293],[-96.830576,32.863358],[-96.829069,32.863848]]]}},{"type":"Feature","properties":{"PRECINCT":"40A2","VTD":"40A2"},"geometry":{"type":"Polygon","coordinates":[[[-96.868789,32.885976],[-96.867724,32.88583],[-96.869107,32.885894],[-96.869926,32.886296],[-96.870434,32.886981],[-96.870488,32.887799],[-96.869969,32.886522],[-96.868789,32.885976]]]}},{"type":"Feature","properties":{"PRECINCT":"40A3","VTD":"40A3"},"geometry":{"type":"Polygon","coordinates":[[[-96.811087,32.771508],[-96.811489,32.772289],[-96.812167,32.776826],[-96.811913,32.782324],[-96.811424,32.782411],[-96.811605,32.779725],[-96.810873,32.772705],[-96.810605,32.772079],[-96.811087,32.771508]]]}},{"type":"Feature","properties":{"PRECINCT":"4100","VTD":"4100"},"geometry":{"type":"Polygon","coordinates":[[[-96.817504,32.806072],[-96.815682,32.798982],[-96.820253,32.803807],[-96.817504,32.806072]]]}},{"type":"Feature","properties":{"PRECINCT":"4101","VTD":"4101"},"geometry":{"type":"Polygon","coordinates":[[[-96.873751,32.792651],[-96.866721,32.792641],[-96.866576,32.792037],[-96.866703,32.789375],[-96.867027,32.788248],[-96.867294,32.788054],[-96.86768,32.788137],[-96.86836,32.789899],[-96.869329,32.790991],[-96.870443,32.791226],[-96.870891,32.790695],[-96.870381,32.789074],[-96.871883,32.789116],[-96.872498,32.788517],[-96.872233,32.788148],[-96.871164,32.787635],[-96.871125,32.786696],[-96.871581,32.786254],[-96.871958,32.786296],[-96.872494,32.785981],[-96.873789,32.786329],[-96.873751,32.792651]]]}},{"type":"Feature","properties":{"PRECINCT":"4107","VTD":"4107"},"geometry":{"type":"Polygon","coordinates":[[[-96.826419,32.722436],[-96.824627,32.722329],[-96.82464,32.721401],[-96.814548,32.721438],[-96.814495,32.720198],[-96.827742,32.72036],[-96.826898,32.723305],[-96.826135,32.723297],[-96.826419,32.722436]]]}},{"type":"Feature","properties":{"PRECINCT":"4108","VTD":"4108"},"geometry":{"type":"Polygon","coordinates":[[[-96.813267,32.719074],[-96.816947,32.719099],[-96.816937,32.720219],[-96.813241,32.720207],[-96.813267,32.719074]]]}},{"type":"Feature","properties":{"PRECINCT":"4109","VTD":"4109"},"geometry":{"type":"Polygon","coordinates":[[[-96.81094,32.714911],[-96.810977,32.713175],[-96.814566,32.713172],[-96.814573,32.714962],[-96.81094,32.714911]]]}},{"type":"Feature","properties":{"PRECINCT":"4110","VTD":"4110"},"geometry":{"type":"Polygon","coordinates":[[[-96.810807,32.711345],[-96.810859,32.70299],[-96.822972,32.703023],[-96.82325,32.697542],[-96.824225,32.700991],[-96.826668,32.70471],[-96.827546,32.70566],[-96.825901,32.705903],[-96.822985,32.705956],[-96.822971,32.70752],[-96.814581,32.707524],[-96.814568,32.711367],[-96.813327,32.71137],[-96.813314,32.7132],[-96.811505,32.713178],[-96.810468,32.71136],[-96.810807,32.711345]]]}},{"type":"Feature","properties":{"PRECINCT":"4111","VTD":"4111"},"geometry":{"type":"Polygon","coordinates":[[[-96.898213,32.711987],[-96.896029,32.711681],[-96.895866,32.711086],[-96.894918,32.710642],[-96.891681,32.711633],[-96.89148,32.711641],[-96.891467,32.711075],[-96.895136,32.709857],[-96.901015,32.707465],[-96.902488,32.706299],[-96.903042,32.705123],[-96.903558,32.705714],[-96.903835,32.705714],[-96.908721,32.711346],[-96.908541,32.711987],[-96.898213,32.711987]]]}},{"type":"Feature","properties":{"PRECINCT":"4112","VTD":"4112"},"geometry":{"type":"Polygon","coordinates":[[[-96.939897,32.72185],[-96.93977,32.721337],[-96.938833,32.721088],[-96.938746,32.720557],[-96.923811,32.720529],[-96.921758,32.720863],[-96.919749,32.720534],[-96.918111,32.720516],[-96.919268,32.718042],[-96.920401,32.716629],[-96.931607,32.707036],[-96.932783,32.705638],[-96.939554,32.705539],[-96.950224,32.705862],[-96.950969,32.706114],[-96.953111,32.707551],[-96.954977,32.708024],[-96.953755,32.71065],[-96.954704,32.713807],[-96.954338,32.71494],[-96.952159,32.715868],[-96.951757,32.716288],[-96.951872,32.716757],[-96.95157,32.717104],[-96.947755,32.718688],[-96.94348,32.720843],[-96.94214,32.72117],[-96.941248,32.721814],[-96.939897,32.72185]]]}},{"type":"Feature","properties":{"PRECINCT":"4113","VTD":"4113"},"geometry":{"type":"Polygon","coordinates":[[[-96.891449,32.732757],[-96.891458,32.731234],[-96.890092,32.731234],[-96.889983,32.731641],[-96.888677,32.73164],[-96.888696,32.729207],[-96.8883,32.729207],[-96.88831,32.720433],[-96.900201,32.720489],[-96.900382,32.728845],[-96.898838,32.728834],[-96.897731,32.726241],[-96.897107,32.726746],[-96.898166,32.729202],[-96.898464,32.731247],[-96.897796,32.731254],[-96.897707,32.732819],[-96.891449,32.732757]]]}},{"type":"Feature","properties":{"PRECINCT":"4114","VTD":"4114"},"geometry":{"type":"Polygon","coordinates":[[[-96.857037,32.732053],[-96.857079,32.72533],[-96.861053,32.723402],[-96.868985,32.720656],[-96.868842,32.731808],[-96.864326,32.732052],[-96.857037,32.732053]]]}},{"type":"Feature","properties":{"PRECINCT":"4115","VTD":"4115"},"geometry":{"type":"Polygon","coordinates":[[[-96.825954,32.759349],[-96.825309,32.759189],[-96.826278,32.758729],[-96.826938,32.757666],[-96.831358,32.757682],[-96.83158,32.752237],[-96.837452,32.752377],[-96.837479,32.754073],[-96.835461,32.754073],[-96.835537,32.758628],[-96.830823,32.758629],[-96.829519,32.759347],[-96.825954,32.759349]]]}},{"type":"Feature","properties":{"PRECINCT":"4116","VTD":"4116"},"geometry":{"type":"Polygon","coordinates":[[[-96.821077,32.776849],[-96.819293,32.773971],[-96.817685,32.770207],[-96.823067,32.769163],[-96.823344,32.769495],[-96.82285,32.769606],[-96.822834,32.774866],[-96.823088,32.775354],[-96.823604,32.775421],[-96.823433,32.775765],[-96.826018,32.779159],[-96.825111,32.779643],[-96.825297,32.779976],[-96.826311,32.781339],[-96.828347,32.783129],[-96.835697,32.786636],[-96.835093,32.78965],[-96.828679,32.786691],[-96.826212,32.785159],[-96.824711,32.783499],[-96.822847,32.780782],[-96.821077,32.776849]]]}},{"type":"Feature","properties":{"PRECINCT":"4117","VTD":"4117"},"geometry":{"type":"Polygon","coordinates":[[[-96.861825,32.811994],[-96.861499,32.812162],[-96.853033,32.811842],[-96.849496,32.811071],[-96.852374,32.806289],[-96.854805,32.798026],[-96.873922,32.797969],[-96.87361,32.813954],[-96.873108,32.815264],[-96.871016,32.817445],[-96.864987,32.813108],[-96.8637,32.812485],[-96.861825,32.811994]]]}},{"type":"Feature","properties":{"PRECINCT":"4118","VTD":"4118"},"geometry":{"type":"Polygon","coordinates":[[[-96.849808,32.837288],[-96.841619,32.830227],[-96.846169,32.826642],[-96.847041,32.827891],[-96.847291,32.829493],[-96.84483,32.832739],[-96.848033,32.835208],[-96.847864,32.835338],[-96.849955,32.83713],[-96.849808,32.837288]]]}},{"type":"Feature","properties":{"PRECINCT":"4119","VTD":"4119"},"geometry":{"type":"Polygon","coordinates":[[[-96.850976,32.859036],[-96.837099,32.847243],[-96.837231,32.847109],[-96.835323,32.845439],[-96.834755,32.844355],[-96.834687,32.842486],[-96.834471,32.842486],[-96.834558,32.836393],[-96.835976,32.834947],[-96.841619,32.830227],[-96.850457,32.837769],[-96.864368,32.844199],[-96.86907,32.845761],[-96.868799,32.846263],[-96.865991,32.848574],[-96.865042,32.849874],[-96.864732,32.851363],[-96.864244,32.852005],[-96.861111,32.85378],[-96.860227,32.85304],[-96.859796,32.853476],[-96.858723,32.854996],[-96.859755,32.855477],[-96.85762,32.858182],[-96.85568,32.858997],[-96.85639,32.859592],[-96.855696,32.859833],[-96.854108,32.860089],[-96.853423,32.859712],[-96.850976,32.859036]]]}},{"type":"Feature","properties":{"PRECINCT":"4120","VTD":"4120"},"geometry":{"type":"Polygon","coordinates":[[[-96.866218,32.860594],[-96.867942,32.859183],[-96.868576,32.859726],[-96.874994,32.865361],[-96.875377,32.866434],[-96.864828,32.86647],[-96.865495,32.861646],[-96.866218,32.860594]]]}},{"type":"Feature","properties":{"PRECINCT":"4122","VTD":"4122"},"geometry":{"type":"Polygon","coordinates":[[[-96.985314,32.6923],[-96.985071,32.687534],[-96.989156,32.687549],[-96.989372,32.688343],[-96.991224,32.687542],[-96.991104,32.693507],[-96.985713,32.694091],[-96.985314,32.6923]]]}},{"type":"Feature","properties":{"PRECINCT":"4125","VTD":"4125"},"geometry":{"type":"Polygon","coordinates":[[[-96.854144,32.860169],[-96.85448,32.860333],[-96.855004,32.861026],[-96.854803,32.861086],[-96.854144,32.860169]]]}},{"type":"Feature","properties":{"PRECINCT":"4126","VTD":"4126"},"geometry":{"type":"Polygon","coordinates":[[[-96.812086,32.851177],[-96.812125,32.847327],[-96.81301,32.847327],[-96.813012,32.846883],[-96.813667,32.846884],[-96.814879,32.836627],[-96.822085,32.83668],[-96.821728,32.838164],[-96.821311,32.851174],[-96.812086,32.851177]]]}},{"type":"Feature","properties":{"PRECINCT":"4127","VTD":"4127"},"geometry":{"type":"Polygon","coordinates":[[[-96.809576,32.880068],[-96.811347,32.865498],[-96.819816,32.865568],[-96.820904,32.865806],[-96.822103,32.866442],[-96.821215,32.87095],[-96.821126,32.880245],[-96.809576,32.880068]]]}},{"type":"Feature","properties":{"PRECINCT":"4128","VTD":"4128"},"geometry":{"type":"Polygon","coordinates":[[[-96.821126,32.880245],[-96.821215,32.87095],[-96.822084,32.866525],[-96.823685,32.866901],[-96.825465,32.866656],[-96.82646,32.866152],[-96.828843,32.864126],[-96.830831,32.86344],[-96.836441,32.863957],[-96.837428,32.865876],[-96.838596,32.870038],[-96.838533,32.880322],[-96.821126,32.880245]]]}},{"type":"Feature","properties":{"PRECINCT":"4129","VTD":"4129"},"geometry":{"type":"Polygon","coordinates":[[[-96.819816,32.865568],[-96.804172,32.865495],[-96.804258,32.859817],[-96.806387,32.859842],[-96.806372,32.860394],[-96.808584,32.860422],[-96.808618,32.857912],[-96.812324,32.857922],[-96.813168,32.851174],[-96.821311,32.851174],[-96.821163,32.861055],[-96.821491,32.861966],[-96.822488,32.863301],[-96.822629,32.864255],[-96.822183,32.866562],[-96.820904,32.865806],[-96.819816,32.865568]]]}},{"type":"Feature","properties":{"PRECINCT":"4130","VTD":"4130"},"geometry":{"type":"Polygon","coordinates":[[[-96.838533,32.880322],[-96.838596,32.870038],[-96.837428,32.865876],[-96.836441,32.863957],[-96.844248,32.863872],[-96.846753,32.86338],[-96.846701,32.86622],[-96.844971,32.866061],[-96.84494,32.871851],[-96.84573,32.871744],[-96.846197,32.87241],[-96.847545,32.87248],[-96.847376,32.873784],[-96.846314,32.875312],[-96.846266,32.877294],[-96.846504,32.877682],[-96.846508,32.87857],[-96.846301,32.878825],[-96.846327,32.880409],[-96.838533,32.880322]]]}},{"type":"Feature","properties":{"PRECINCT":"4131","VTD":"4131"},"geometry":{"type":"Polygon","coordinates":[[[-96.820855,32.819018],[-96.817545,32.816057],[-96.818088,32.811253],[-96.818473,32.810941],[-96.819342,32.81169],[-96.818339,32.812564],[-96.8182,32.814084],[-96.821971,32.81093],[-96.82266,32.811517],[-96.821572,32.812503],[-96.824159,32.814617],[-96.824547,32.814317],[-96.826091,32.815567],[-96.826069,32.816827],[-96.82659,32.817416],[-96.825529,32.817808],[-96.824784,32.81839],[-96.824287,32.817943],[-96.823091,32.818492],[-96.822192,32.818095],[-96.820855,32.819018]]]}},{"type":"Feature","properties":{"PRECINCT":"4135","VTD":"4135"},"geometry":{"type":"Polygon","coordinates":[[[-96.826176,32.815677],[-96.824547,32.814317],[-96.824159,32.814617],[-96.821572,32.812503],[-96.82266,32.811517],[-96.821971,32.81093],[-96.818121,32.813974],[-96.818339,32.812564],[-96.819342,32.81169],[-96.818473,32.810941],[-96.818088,32.811253],[-96.818041,32.80845],[-96.817504,32.806072],[-96.820253,32.803807],[-96.822496,32.804737],[-96.828352,32.805666],[-96.830233,32.806282],[-96.834841,32.809961],[-96.830116,32.813949],[-96.828879,32.815472],[-96.827765,32.816404],[-96.827275,32.817196],[-96.82659,32.817416],[-96.826201,32.817045],[-96.826176,32.815677]]]}},{"type":"Feature","properties":{"PRECINCT":"4141","VTD":"4141"},"geometry":{"type":"Polygon","coordinates":[[[-96.835461,32.754073],[-96.837479,32.754073],[-96.837475,32.757286],[-96.83693,32.758156],[-96.836183,32.758632],[-96.835537,32.758628],[-96.835461,32.754073]]]}},{"type":"Feature","properties":{"PRECINCT":"4143","VTD":"4143"},"geometry":{"type":"Polygon","coordinates":[[[-96.805558,32.724957],[-96.805742,32.720305],[-96.805059,32.720036],[-96.807529,32.720321],[-96.814495,32.720198],[-96.809696,32.720344],[-96.809634,32.725006],[-96.805558,32.724957]]]}},{"type":"Feature","properties":{"PRECINCT":"4145","VTD":"4145"},"geometry":{"type":"Polygon","coordinates":[[[-96.980988,32.664203],[-96.982669,32.662115],[-96.98479,32.666276],[-96.985282,32.669295],[-96.985037,32.670461],[-96.98247,32.671239],[-96.982502,32.67185],[-96.975721,32.670929],[-96.977689,32.668632],[-96.980255,32.666494],[-96.980988,32.664203]]]}},{"type":"Feature","properties":{"PRECINCT":"4147","VTD":"4147"},"geometry":{"type":"Polygon","coordinates":[[[-96.850248,32.76466],[-96.856677,32.766442],[-96.856567,32.775081],[-96.847934,32.773878],[-96.847945,32.76543],[-96.850248,32.76466]]]}},{"type":"Feature","properties":{"PRECINCT":"4149","VTD":"4149"},"geometry":{"type":"Polygon","coordinates":[[[-96.856655,32.755387],[-96.856696,32.749613],[-96.864333,32.749529],[-96.863711,32.749684],[-96.863229,32.750373],[-96.861193,32.751551],[-96.860857,32.752291],[-96.859852,32.752304],[-96.858725,32.752899],[-96.858336,32.754128],[-96.857596,32.754215],[-96.857531,32.754697],[-96.857017,32.755302],[-96.856655,32.755387]]]}},{"type":"Feature","properties":{"PRECINCT":"4152","VTD":"4152"},"geometry":{"type":"Polygon","coordinates":[[[-96.851977,32.764096],[-96.856706,32.764077],[-96.856677,32.766442],[-96.850336,32.764634],[-96.851977,32.764096]]]}},{"type":"Feature","properties":{"PRECINCT":"4153","VTD":"4153"},"geometry":{"type":"Polygon","coordinates":[[[-96.860952,32.759779],[-96.86353,32.758667],[-96.864088,32.759493],[-96.864556,32.759743],[-96.862575,32.760472],[-96.862664,32.762358],[-96.862146,32.762355],[-96.862029,32.762924],[-96.860562,32.76356],[-96.857812,32.763499],[-96.857526,32.763105],[-96.860503,32.763036],[-96.862145,32.762275],[-96.862146,32.761533],[-96.860952,32.759779]]]}},{"type":"Feature","properties":{"PRECINCT":"4157","VTD":"4157"},"geometry":{"type":"Polygon","coordinates":[[[-96.903311,32.749626],[-96.903387,32.74796],[-96.903077,32.746896],[-96.89865,32.74315],[-96.89759,32.74159],[-96.897223,32.739637],[-96.897714,32.737603],[-96.898636,32.738222],[-96.90382,32.743067],[-96.906254,32.744121],[-96.913992,32.746857],[-96.917376,32.74779],[-96.921217,32.748061],[-96.926257,32.747824],[-96.926161,32.749636],[-96.903311,32.749626]]]}},{"type":"Feature","properties":{"PRECINCT":"4161","VTD":"4161"},"geometry":{"type":"Polygon","coordinates":[[[-96.903933,32.705849],[-96.903042,32.705123],[-96.903913,32.694815],[-96.903645,32.692593],[-96.903964,32.69126],[-96.902987,32.691218],[-96.902325,32.691921],[-96.902006,32.693711],[-96.902328,32.694799],[-96.901226,32.69484],[-96.900233,32.692825],[-96.898655,32.692709],[-96.898669,32.694051],[-96.89633,32.694223],[-96.894647,32.695055],[-96.891905,32.691705],[-96.891539,32.691459],[-96.891544,32.69165],[-96.891364,32.691561],[-96.89154,32.689552],[-96.891468,32.676629],[-96.905788,32.676379],[-96.905667,32.67558],[-96.90863,32.675606],[-96.908707,32.71115],[-96.903933,32.705849]]]}},{"type":"Feature","properties":{"PRECINCT":"4166","VTD":"4166"},"geometry":{"type":"Polygon","coordinates":[[[-96.908707,32.71115],[-96.908762,32.705736],[-96.922354,32.705779],[-96.924888,32.706128],[-96.928555,32.706196],[-96.929937,32.706174],[-96.932783,32.705638],[-96.931607,32.707036],[-96.920401,32.716629],[-96.919268,32.718042],[-96.918111,32.720516],[-96.915994,32.720523],[-96.911582,32.714447],[-96.908707,32.71115]]]}},{"type":"Feature","properties":{"PRECINCT":"41A1","VTD":"41A1"},"geometry":{"type":"Polygon","coordinates":[[[-96.923692,32.868904],[-96.924975,32.868151],[-96.925019,32.870913],[-96.924692,32.870981],[-96.923913,32.870717],[-96.923461,32.869662],[-96.923692,32.868904]]]}},{"type":"Feature","properties":{"PRECINCT":"4300","VTD":"4300"},"geometry":{"type":"Polygon","coordinates":[[[-96.891374,32.746543],[-96.89137,32.742324],[-96.881006,32.742286],[-96.880972,32.739921],[-96.878594,32.740543],[-96.878601,32.739264],[-96.87963,32.739266],[-96.879683,32.734952],[-96.887676,32.734985],[-96.887746,32.731724],[-96.889983,32.731641],[-96.890092,32.731234],[-96.891458,32.731234],[-96.891449,32.732757],[-96.898463,32.732827],[-96.898412,32.735173],[-96.897578,32.734931],[-96.893773,32.735017],[-96.89376,32.736514],[-96.893388,32.736967],[-96.894003,32.73686],[-96.893919,32.744895],[-96.89564,32.744839],[-96.895649,32.746429],[-96.891374,32.746543]]]}},{"type":"Feature","properties":{"PRECINCT":"4500","VTD":"4500"},"geometry":{"type":"Polygon","coordinates":[[[-97.015402,32.673676],[-97.015349,32.658973],[-97.015069,32.655761],[-97.021022,32.655895],[-97.021259,32.656692],[-97.027823,32.655361],[-97.027689,32.664181],[-97.027935,32.664427],[-97.030181,32.664173],[-97.030613,32.664617],[-97.030312,32.666078],[-97.030956,32.66834],[-97.030776,32.675905],[-97.016314,32.675856],[-97.015402,32.673676]]]}},{"type":"Feature","properties":{"PRECINCT":"4501","VTD":"4501"},"geometry":{"type":"Polygon","coordinates":[[[-97.030181,32.664173],[-97.027935,32.664427],[-97.027689,32.664181],[-97.027886,32.661717],[-97.027946,32.645735],[-97.037063,32.645873],[-97.036574,32.676206],[-97.030774,32.676188],[-97.030956,32.66834],[-97.030312,32.666078],[-97.030613,32.664617],[-97.030181,32.664173]]]}},{"type":"Feature","properties":{"PRECINCT":"4502","VTD":"4502"},"geometry":{"type":"Polygon","coordinates":[[[-97.002384,32.66695],[-97.002195,32.664883],[-97.003038,32.660012],[-97.003902,32.658648],[-97.007142,32.655304],[-97.007502,32.654362],[-97.006987,32.64728],[-97.006683,32.646439],[-97.006397,32.64615],[-97.004406,32.647039],[-97.002236,32.647492],[-96.996799,32.650091],[-96.99025,32.652012],[-96.990249,32.64988],[-96.992973,32.648358],[-96.994091,32.648176],[-96.99693,32.64678],[-96.99824,32.64586],[-96.998951,32.64392],[-97.001706,32.643532],[-97.001952,32.641826],[-97.0018,32.641283],[-97.002027,32.640952],[-97.003509,32.641712],[-97.004119,32.641177],[-97.004432,32.64164],[-97.004376,32.642085],[-97.004678,32.6422],[-97.00492,32.641941],[-97.005041,32.6408],[-97.004447,32.640011],[-97.004921,32.639705],[-97.006574,32.640422],[-97.006942,32.640973],[-97.007421,32.6408],[-97.007814,32.640217],[-97.008459,32.639815],[-97.009155,32.640233],[-97.010136,32.639541],[-97.011259,32.639722],[-97.013521,32.641661],[-97.013987,32.642364],[-97.015308,32.65835],[-97.009911,32.658388],[-97.009601,32.660744],[-97.010177,32.661884],[-97.011119,32.661344],[-97.012083,32.661212],[-97.012166,32.665441],[-97.011026,32.665441],[-97.011004,32.666452],[-97.011897,32.666494],[-97.011874,32.666972],[-97.015378,32.66698],[-97.015402,32.673676],[-97.016447,32.676145],[-97.011373,32.676026],[-97.006986,32.675416],[-97.006959,32.673699],[-97.006491,32.672283],[-97.003011,32.668134],[-97.002384,32.66695]]]}},{"type":"Feature","properties":{"PRECINCT":"4503","VTD":"4503"},"geometry":{"type":"Polygon","coordinates":[[[-97.022353,32.709735],[-97.015439,32.709663],[-97.015607,32.698113],[-97.018259,32.698093],[-97.01823,32.687202],[-97.018362,32.686188],[-97.019143,32.684337],[-97.01913,32.681312],[-97.017016,32.681095],[-97.014303,32.68016],[-97.010155,32.680487],[-97.006983,32.680492],[-97.006986,32.675416],[-97.012821,32.676102],[-97.036574,32.676206],[-97.035996,32.711097],[-97.022353,32.709735]]]}},{"type":"Feature","properties":{"PRECINCT":"4504","VTD":"4504"},"geometry":{"type":"Polygon","coordinates":[[[-97.007418,32.682403],[-97.006983,32.680492],[-97.010155,32.680487],[-97.013887,32.680154],[-97.014668,32.680214],[-97.017016,32.681095],[-97.01913,32.681312],[-97.019143,32.684337],[-97.018362,32.686188],[-97.01823,32.687202],[-97.018259,32.698093],[-97.015607,32.698113],[-97.015595,32.690762],[-97.015064,32.688716],[-97.014266,32.687171],[-97.012836,32.685789],[-97.008224,32.683338],[-97.007418,32.682403]]]}},{"type":"Feature","properties":{"PRECINCT":"4505","VTD":"4505"},"geometry":{"type":"Polygon","coordinates":[[[-96.991104,32.693507],[-96.991224,32.687542],[-96.990369,32.68754],[-96.990641,32.686712],[-96.990577,32.685878],[-96.99148,32.685132],[-96.992479,32.684916],[-96.993694,32.685555],[-96.993574,32.686154],[-96.994446,32.686511],[-96.994422,32.687089],[-96.995707,32.687167],[-96.997591,32.688125],[-96.998272,32.688119],[-96.999083,32.687596],[-96.999664,32.687725],[-97.000873,32.688859],[-97.001104,32.689435],[-97.001817,32.689787],[-97.002146,32.69048],[-97.003109,32.690904],[-97.003101,32.698037],[-97.002477,32.698864],[-96.985473,32.698822],[-96.985518,32.69419],[-96.991104,32.693507]]]}},{"type":"Feature","properties":{"PRECINCT":"4506","VTD":"4506"},"geometry":{"type":"Polygon","coordinates":[[[-97.002453,32.713348],[-97.002453,32.707476],[-96.998835,32.707438],[-96.998794,32.704262],[-96.999952,32.704155],[-97.001591,32.703468],[-97.00246,32.70333],[-97.015549,32.703428],[-97.015439,32.709663],[-97.007426,32.709595],[-97.007357,32.713365],[-97.002453,32.713348]]]}},{"type":"Feature","properties":{"PRECINCT":"4507","VTD":"4507"},"geometry":{"type":"Polygon","coordinates":[[[-97.020499,32.740865],[-97.020131,32.737965],[-97.020055,32.729902],[-97.019542,32.729765],[-97.019143,32.72931],[-97.019937,32.72571],[-97.022056,32.721109],[-97.019634,32.721062],[-97.019632,32.71342],[-97.015374,32.71341],[-97.015439,32.709663],[-97.022353,32.709735],[-97.035996,32.711097],[-97.035522,32.739451],[-97.02304,32.741072],[-97.023037,32.740719],[-97.019968,32.741081],[-97.019937,32.740932],[-97.020499,32.740865]]]}},{"type":"Feature","properties":{"PRECINCT":"4508","VTD":"4508"},"geometry":{"type":"Polygon","coordinates":[[[-97.0192,32.728807],[-97.007158,32.728603],[-97.007293,32.717357],[-97.00825,32.717374],[-97.008182,32.720388],[-97.017569,32.720312],[-97.019291,32.721041],[-97.022056,32.721109],[-97.019937,32.72571],[-97.0192,32.728807]]]}},{"type":"Feature","properties":{"PRECINCT":"4509","VTD":"4509"},"geometry":{"type":"Polygon","coordinates":[[[-97.00136,32.724307],[-97.001455,32.723239],[-97.000551,32.723247],[-97.000442,32.722537],[-96.997447,32.722518],[-96.997444,32.722105],[-96.995948,32.722096],[-96.995948,32.720539],[-96.994104,32.720535],[-96.994128,32.717332],[-96.995357,32.717303],[-96.995918,32.716603],[-96.99713,32.716608],[-96.996958,32.717309],[-96.998682,32.717337],[-96.998683,32.715575],[-96.99414,32.715563],[-96.994176,32.710393],[-97.002446,32.710363],[-97.002453,32.713348],[-97.007357,32.713365],[-97.007114,32.722912],[-97.006441,32.722924],[-97.005417,32.723429],[-97.005391,32.724322],[-97.00136,32.724307]]]}},{"type":"Feature","properties":{"PRECINCT":"4510","VTD":"4510"},"geometry":{"type":"Polygon","coordinates":[[[-96.981466,32.72915],[-96.981501,32.726278],[-96.977214,32.726259],[-96.977297,32.716741],[-96.977918,32.715944],[-96.980164,32.714928],[-96.980872,32.714182],[-96.981179,32.710428],[-96.994176,32.710393],[-96.994104,32.720535],[-96.985841,32.720509],[-96.98581,32.727269],[-96.984738,32.727184],[-96.98252,32.729151],[-96.981466,32.72915]]]}},{"type":"Feature","properties":{"PRECINCT":"4511","VTD":"4511"},"geometry":{"type":"Polygon","coordinates":[[[-97.005646,32.740783],[-97.005926,32.72999],[-97.007158,32.728603],[-97.0192,32.728807],[-97.019143,32.72931],[-97.019542,32.729765],[-97.020055,32.729902],[-97.020131,32.737965],[-97.020499,32.740865],[-97.019937,32.740932],[-97.019968,32.741081],[-97.023037,32.740719],[-97.02304,32.741072],[-97.016639,32.741901],[-97.009396,32.74418],[-97.005058,32.744677],[-97.005047,32.744532],[-97.005854,32.744459],[-97.005646,32.740783]]]}},{"type":"Feature","properties":{"PRECINCT":"4512","VTD":"4512"},"geometry":{"type":"Polygon","coordinates":[[[-96.998145,32.744964],[-96.998137,32.742306],[-96.992667,32.742319],[-96.992376,32.740589],[-96.990259,32.738495],[-96.990273,32.737141],[-96.991251,32.735636],[-96.992757,32.735115],[-96.994371,32.735439],[-96.994263,32.734932],[-96.993012,32.73493],[-96.993003,32.732299],[-96.994116,32.732284],[-96.994113,32.731639],[-96.996017,32.731779],[-96.997085,32.732185],[-96.999263,32.735436],[-97.000102,32.735843],[-97.00011,32.735208],[-96.99897,32.734561],[-96.999022,32.732197],[-97.00015,32.732197],[-97.000154,32.731852],[-97.005878,32.7319],[-97.005631,32.739733],[-97.005854,32.744459],[-97.005047,32.744532],[-97.005058,32.744677],[-96.998145,32.744964]]]}},{"type":"Feature","properties":{"PRECINCT":"4513","VTD":"4513"},"geometry":{"type":"Polygon","coordinates":[[[-97.01576,32.742108],[-97.035522,32.739451],[-97.035171,32.759693],[-97.019906,32.75965],[-97.019816,32.75749],[-97.017049,32.752979],[-97.017435,32.748799],[-97.01692,32.747391],[-97.016813,32.744861],[-97.01576,32.742108]]]}},{"type":"Feature","properties":{"PRECINCT":"4514","VTD":"4514"},"geometry":{"type":"Polygon","coordinates":[[[-96.995031,32.758753],[-96.994875,32.754966],[-96.996833,32.755038],[-96.998076,32.755876],[-96.998145,32.744964],[-97.007083,32.74457],[-97.008764,32.744328],[-97.011141,32.743723],[-97.01576,32.742108],[-97.016813,32.744861],[-97.01692,32.747391],[-97.017435,32.748799],[-97.017049,32.752979],[-97.019816,32.75749],[-97.019906,32.75965],[-97.006854,32.759612],[-96.995031,32.758753]]]}},{"type":"Feature","properties":{"PRECINCT":"4515","VTD":"4515"},"geometry":{"type":"Polygon","coordinates":[[[-96.976958,32.758801],[-96.976958,32.758153],[-96.977352,32.758117],[-96.977389,32.757627],[-96.977955,32.757626],[-96.977966,32.756743],[-96.977993,32.748761],[-96.977084,32.748911],[-96.977064,32.746221],[-96.975324,32.746276],[-96.975329,32.745927],[-96.970753,32.746181],[-96.970753,32.746027],[-96.987445,32.74537],[-96.987648,32.744532],[-96.987716,32.738211],[-96.983891,32.738157],[-96.983857,32.735053],[-96.983894,32.734895],[-96.98877,32.734927],[-96.988782,32.735281],[-96.989733,32.736462],[-96.989871,32.736977],[-96.990273,32.737141],[-96.990142,32.738073],[-96.990349,32.738663],[-96.992376,32.740589],[-96.992667,32.742319],[-96.998137,32.742306],[-96.998076,32.755876],[-96.996833,32.755038],[-96.994875,32.754966],[-96.995031,32.758753],[-96.990104,32.758705],[-96.976845,32.759525],[-96.976336,32.759384],[-96.976958,32.758801]]]}},{"type":"Feature","properties":{"PRECINCT":"4516","VTD":"4516"},"geometry":{"type":"Polygon","coordinates":[[[-96.927317,32.745817],[-96.929235,32.744532],[-96.930225,32.74344],[-96.935669,32.743502],[-96.935323,32.744283],[-96.937056,32.744244],[-96.93703,32.743115],[-96.938274,32.742159],[-96.942898,32.742228],[-96.943073,32.738733],[-96.948642,32.738759],[-96.948664,32.73669],[-96.950358,32.737825],[-96.95141,32.737952],[-96.951435,32.738704],[-96.957979,32.738878],[-96.958143,32.742227],[-96.957964,32.746495],[-96.959609,32.746428],[-96.958127,32.747383],[-96.951618,32.748444],[-96.946981,32.750126],[-96.924263,32.76133],[-96.924065,32.760812],[-96.925225,32.758749],[-96.925918,32.755831],[-96.925969,32.755232],[-96.925634,32.754354],[-96.926242,32.751364],[-96.926257,32.747824],[-96.927269,32.746372],[-96.927317,32.745817]]]}},{"type":"Feature","properties":{"PRECINCT":"4517","VTD":"4517"},"geometry":{"type":"Polygon","coordinates":[[[-97.031795,32.788214],[-97.029414,32.788359],[-97.027209,32.788112],[-97.02645,32.787836],[-97.025206,32.78682],[-97.023882,32.786154],[-97.02062,32.785618],[-97.019432,32.784411],[-97.018956,32.782941],[-97.020043,32.778491],[-97.019095,32.777833],[-97.017023,32.776984],[-97.016053,32.776279],[-97.014905,32.774524],[-97.01098,32.771248],[-97.010213,32.769216],[-97.00739,32.76644],[-97.008092,32.76652],[-97.008307,32.766154],[-97.008886,32.766388],[-97.009612,32.764398],[-97.009352,32.763418],[-97.009939,32.762907],[-97.009967,32.76239],[-97.010723,32.761854],[-97.011223,32.760838],[-97.012339,32.75996],[-97.012336,32.759641],[-97.035171,32.759693],[-97.035134,32.773891],[-97.034711,32.788482],[-97.031795,32.788214]]]}},{"type":"Feature","properties":{"PRECINCT":"4518","VTD":"4518"},"geometry":{"type":"Polygon","coordinates":[[[-96.994569,32.815855],[-96.99495,32.815296],[-96.994948,32.814804],[-96.995452,32.81481],[-96.99546,32.813488],[-96.995161,32.81155],[-96.994749,32.811599],[-96.994538,32.811226],[-96.994494,32.809939],[-96.995057,32.807687],[-96.995315,32.804379],[-96.995294,32.790289],[-96.995565,32.781159],[-96.995501,32.777805],[-96.994513,32.777789],[-96.994975,32.766706],[-96.994847,32.758743],[-97.005286,32.759551],[-97.012336,32.759641],[-97.012339,32.75996],[-97.011223,32.760838],[-97.010723,32.761854],[-97.009967,32.76239],[-97.009939,32.762907],[-97.009352,32.763418],[-97.009612,32.764398],[-97.008886,32.766388],[-97.008307,32.766154],[-97.008092,32.76652],[-97.00739,32.76644],[-97.010213,32.769216],[-97.01098,32.771248],[-97.014905,32.774524],[-97.016053,32.776279],[-97.017023,32.776984],[-97.019095,32.777833],[-97.020043,32.778491],[-97.018956,32.782941],[-97.01974,32.784841],[-97.020964,32.785776],[-97.02332,32.786031],[-97.024777,32.786544],[-97.02645,32.787836],[-97.027209,32.788112],[-97.029414,32.788359],[-97.031584,32.788179],[-97.034711,32.788482],[-97.034233,32.816662],[-96.994569,32.815855]]]}},{"type":"Feature","properties":{"PRECINCT":"4519","VTD":"4519"},"geometry":{"type":"Polygon","coordinates":[[[-97.004406,32.647039],[-97.006397,32.64615],[-97.006987,32.64728],[-97.007502,32.654362],[-97.007142,32.655304],[-97.003902,32.658648],[-97.003181,32.659708],[-97.002156,32.665537],[-97.002763,32.667749],[-97.006491,32.672283],[-97.006959,32.673699],[-97.006987,32.675137],[-96.985144,32.672199],[-96.985241,32.670287],[-96.986287,32.669983],[-96.986955,32.668787],[-96.986082,32.666815],[-96.986633,32.666463],[-96.986405,32.665635],[-96.986557,32.664606],[-96.98782,32.662719],[-96.987375,32.661897],[-96.987349,32.660956],[-96.993188,32.658457],[-96.990085,32.652057],[-96.996799,32.650091],[-97.002236,32.647492],[-97.004406,32.647039]]]}},{"type":"Feature","properties":{"PRECINCT":"4520","VTD":"4520"},"geometry":{"type":"Polygon","coordinates":[[[-96.985473,32.698822],[-96.994206,32.698846],[-96.994232,32.700378],[-96.993925,32.700712],[-96.99419,32.701749],[-96.994177,32.709521],[-96.992268,32.709138],[-96.987806,32.706122],[-96.985674,32.705677],[-96.985473,32.698822]]]}},{"type":"Feature","properties":{"PRECINCT":"4521","VTD":"4521"},"geometry":{"type":"Polygon","coordinates":[[[-97.003101,32.698037],[-97.003109,32.690904],[-97.002146,32.69048],[-97.001817,32.689787],[-97.001104,32.689435],[-97.000873,32.688859],[-96.999664,32.687725],[-96.999083,32.687596],[-96.998272,32.688119],[-96.997591,32.688125],[-96.995707,32.687167],[-96.994422,32.687089],[-96.994446,32.686511],[-96.993574,32.686154],[-96.993694,32.685555],[-96.992384,32.68491],[-96.99148,32.685132],[-96.990681,32.685702],[-96.990369,32.68754],[-96.990994,32.687541],[-96.989372,32.688343],[-96.989156,32.687549],[-96.985071,32.687534],[-96.985116,32.678354],[-96.982506,32.678238],[-96.982502,32.67185],[-97.006987,32.675137],[-97.006983,32.681016],[-97.007418,32.682403],[-97.00867,32.6837],[-97.013353,32.686166],[-97.014266,32.687171],[-97.015064,32.688716],[-97.01567,32.691637],[-97.015607,32.698113],[-97.003101,32.698037]]]}},{"type":"Feature","properties":{"PRECINCT":"4522","VTD":"4522"},"geometry":{"type":"Polygon","coordinates":[[[-97.021259,32.656692],[-97.021022,32.655895],[-97.015069,32.655761],[-97.013987,32.642364],[-97.013521,32.641661],[-97.011259,32.639722],[-97.010136,32.639541],[-97.009155,32.640233],[-97.008459,32.639815],[-97.007814,32.640217],[-97.007421,32.6408],[-97.006942,32.640973],[-97.006574,32.640422],[-97.004921,32.639705],[-97.004447,32.640011],[-97.005041,32.6408],[-97.004789,32.642128],[-97.004376,32.642085],[-97.004432,32.64164],[-97.004119,32.641177],[-97.003509,32.641712],[-97.002078,32.640931],[-97.0018,32.641283],[-97.00179,32.643439],[-96.999901,32.643909],[-96.995096,32.644045],[-96.99001,32.6433],[-96.990313,32.642532],[-96.991896,32.642799],[-96.995451,32.639723],[-96.996263,32.634922],[-96.996382,32.631937],[-96.996137,32.62996],[-96.997743,32.628275],[-96.998501,32.627088],[-96.999372,32.623252],[-97.000482,32.622213],[-96.995543,32.6147],[-96.996357,32.614787],[-96.997365,32.614524],[-96.997892,32.613038],[-96.998319,32.612532],[-96.998348,32.611595],[-96.998759,32.610698],[-96.999837,32.610276],[-97.000803,32.608682],[-97.001516,32.607987],[-97.002612,32.607443],[-97.003124,32.606932],[-97.004164,32.60657],[-97.004314,32.603365],[-97.003861,32.603257],[-97.0038,32.602729],[-97.004165,32.602702],[-97.004171,32.602269],[-97.00503,32.602055],[-97.005527,32.600983],[-97.005351,32.60016],[-97.004655,32.599664],[-97.005338,32.599676],[-97.004925,32.598433],[-97.005887,32.598375],[-97.006177,32.597796],[-97.006286,32.598692],[-97.006772,32.598099],[-97.007401,32.598083],[-97.007271,32.59774],[-97.00819,32.597781],[-97.009662,32.599537],[-97.010119,32.59985],[-97.01137,32.600151],[-97.012802,32.599716],[-97.013108,32.598426],[-97.015177,32.599075],[-97.016686,32.598056],[-97.015593,32.596875],[-97.012851,32.595712],[-97.012348,32.592713],[-97.012446,32.591287],[-97.012849,32.590762],[-97.01329,32.588849],[-97.013156,32.588199],[-97.012829,32.58812],[-97.012868,32.587626],[-97.014514,32.588121],[-97.016855,32.587508],[-97.016486,32.586934],[-97.015839,32.586597],[-97.015736,32.585962],[-97.015757,32.58494],[-97.01677,32.583162],[-97.019487,32.582969],[-97.020147,32.581902],[-97.020925,32.582285],[-97.021229,32.582231],[-97.023092,32.583452],[-97.038291,32.573359],[-97.037063,32.645873],[-97.027946,32.645735],[-97.027823,32.655361],[-97.021259,32.656692]]]}},{"type":"Feature","properties":{"PRECINCT":"4523","VTD":"4523"},"geometry":{"type":"Polygon","coordinates":[[[-97.021511,32.58242],[-97.020027,32.58194],[-97.020146,32.581626],[-97.018897,32.580909],[-97.017429,32.580568],[-97.016371,32.580598],[-97.01282,32.581389],[-97.012842,32.579956],[-97.013943,32.579928],[-97.014981,32.578991],[-97.013879,32.577674],[-97.015756,32.577646],[-97.016044,32.578195],[-97.017154,32.57809],[-97.015328,32.575561],[-97.014793,32.574064],[-97.014044,32.573178],[-97.014846,32.572537],[-97.014648,32.572158],[-97.015404,32.571361],[-97.014556,32.571188],[-97.014726,32.570972],[-97.014259,32.570775],[-97.013514,32.57067],[-97.013693,32.569014],[-97.010604,32.568936],[-97.010715,32.563644],[-97.010988,32.563639],[-97.010991,32.563458],[-97.010683,32.563468],[-97.01073,32.562855],[-97.010956,32.562679],[-97.012558,32.562692],[-97.012558,32.562111],[-97.013341,32.562131],[-97.013679,32.548475],[-97.038685,32.548666],[-97.038291,32.573359],[-97.023092,32.583452],[-97.021511,32.58242]]]}},{"type":"Feature","properties":{"PRECINCT":"4525","VTD":"4525"},"geometry":{"type":"Polygon","coordinates":[[[-97.003101,32.698037],[-97.015607,32.698113],[-97.015549,32.703428],[-97.00246,32.70333],[-97.001591,32.703468],[-96.999952,32.704155],[-96.998794,32.704262],[-96.998874,32.698853],[-97.002477,32.698864],[-97.003101,32.698037]]]}},{"type":"Feature","properties":{"PRECINCT":"4527","VTD":"4527"},"geometry":{"type":"Polygon","coordinates":[[[-96.959909,32.782947],[-96.959967,32.780136],[-96.960497,32.780181],[-96.960525,32.778391],[-96.959976,32.77839],[-96.96002,32.773416],[-96.959442,32.773433],[-96.959019,32.773065],[-96.958632,32.772012],[-96.957939,32.771902],[-96.957152,32.772081],[-96.956322,32.772971],[-96.956243,32.773352],[-96.956867,32.77447],[-96.956181,32.77673],[-96.955036,32.778264],[-96.954269,32.778599],[-96.951513,32.779241],[-96.950568,32.778758],[-96.950484,32.778281],[-96.950938,32.777843],[-96.951761,32.777208],[-96.952797,32.776929],[-96.95355,32.776288],[-96.953529,32.775412],[-96.953082,32.774644],[-96.952117,32.774483],[-96.950939,32.774972],[-96.948764,32.775187],[-96.948142,32.775418],[-96.946769,32.776843],[-96.945652,32.776885],[-96.944523,32.776403],[-96.944067,32.775856],[-96.944354,32.773775],[-96.944065,32.773196],[-96.943121,32.773121],[-96.942266,32.773347],[-96.941999,32.773911],[-96.942314,32.774219],[-96.942643,32.77685],[-96.942016,32.777572],[-96.926092,32.782108],[-96.926416,32.778694],[-96.926095,32.777524],[-96.926354,32.776204],[-96.926052,32.775007],[-96.926704,32.771206],[-96.926081,32.76887],[-96.926455,32.767939],[-96.927496,32.76731],[-96.926992,32.766533],[-96.928001,32.764508],[-96.926691,32.762464],[-96.925913,32.762154],[-96.925057,32.762413],[-96.92472,32.76225],[-96.924263,32.76133],[-96.946981,32.750126],[-96.951618,32.748444],[-96.958127,32.747383],[-96.959609,32.746428],[-96.968464,32.746135],[-96.969062,32.74638],[-96.969426,32.746089],[-96.975329,32.745927],[-96.975324,32.746276],[-96.977064,32.746221],[-96.977084,32.748911],[-96.977993,32.748761],[-96.977955,32.757626],[-96.977389,32.757627],[-96.977352,32.758117],[-96.976958,32.758153],[-96.976958,32.758801],[-96.976336,32.759384],[-96.976845,32.759525],[-96.990104,32.758705],[-96.994847,32.758743],[-96.994975,32.766706],[-96.994513,32.777789],[-96.977451,32.777787],[-96.977259,32.781574],[-96.976156,32.782432],[-96.974471,32.78307],[-96.959909,32.782947]]]}},{"type":"Feature","properties":{"PRECINCT":"4528","VTD":"4528"},"geometry":{"type":"Polygon","coordinates":[[[-96.985037,32.670461],[-96.985248,32.670164],[-96.985144,32.672199],[-96.982502,32.67185],[-96.98247,32.671239],[-96.985037,32.670461]]]}},{"type":"Feature","properties":{"PRECINCT":"4529","VTD":"4529"},"geometry":{"type":"Polygon","coordinates":[[[-97.011874,32.666972],[-97.011897,32.666494],[-97.010987,32.666432],[-97.010979,32.665505],[-97.012166,32.665441],[-97.012083,32.661212],[-97.011119,32.661344],[-97.010177,32.661884],[-97.009932,32.661583],[-97.009569,32.660352],[-97.009911,32.658388],[-97.015308,32.65835],[-97.015378,32.66698],[-97.011874,32.666972]]]}},{"type":"Feature","properties":{"PRECINCT":"4530","VTD":"4530"},"geometry":{"type":"Polygon","coordinates":[[[-97.015381,32.709666],[-97.015374,32.71341],[-97.007357,32.713365],[-97.007426,32.709595],[-97.015381,32.709666]]]}},{"type":"Feature","properties":{"PRECINCT":"4531","VTD":"4531"},"geometry":{"type":"Polygon","coordinates":[[[-97.008182,32.720388],[-97.00825,32.717374],[-97.007293,32.717357],[-97.00733,32.714971],[-97.008576,32.714965],[-97.009405,32.714675],[-97.012577,32.714686],[-97.012471,32.715967],[-97.011348,32.71633],[-97.01047,32.71689],[-97.011124,32.717466],[-97.012604,32.716745],[-97.014849,32.716678],[-97.015189,32.714255],[-97.015274,32.714624],[-97.018013,32.714684],[-97.018858,32.71558],[-97.019006,32.719231],[-97.01806,32.720491],[-97.017251,32.720298],[-97.008182,32.720388]]]}},{"type":"Feature","properties":{"PRECINCT":"4532","VTD":"4532"},"geometry":{"type":"Polygon","coordinates":[[[-97.018013,32.714684],[-97.015274,32.714624],[-97.015189,32.714255],[-97.014849,32.716678],[-97.012604,32.716745],[-97.011124,32.717466],[-97.01047,32.71689],[-97.011348,32.71633],[-97.012471,32.715967],[-97.012577,32.714686],[-97.009405,32.714675],[-97.008576,32.714965],[-97.00733,32.714971],[-97.007357,32.713365],[-97.019632,32.71342],[-97.019634,32.721062],[-97.01806,32.720491],[-97.018981,32.719365],[-97.019008,32.718809],[-97.018948,32.715757],[-97.018013,32.714684]]]}},{"type":"Feature","properties":{"PRECINCT":"4533","VTD":"4533"},"geometry":{"type":"Polygon","coordinates":[[[-96.996017,32.731779],[-96.993642,32.731597],[-96.994007,32.731599],[-96.993869,32.731259],[-96.993301,32.731352],[-96.9926,32.730393],[-96.991352,32.730582],[-96.989469,32.729001],[-96.989065,32.727608],[-96.989851,32.727168],[-96.989875,32.725541],[-96.987401,32.725518],[-96.987376,32.727371],[-96.98581,32.727269],[-96.985841,32.720509],[-96.995948,32.720539],[-96.995948,32.722096],[-96.997444,32.722105],[-96.997447,32.722518],[-97.000442,32.722537],[-97.000551,32.723247],[-97.001455,32.723239],[-97.00136,32.724307],[-97.005391,32.724322],[-97.005417,32.723429],[-97.006441,32.722924],[-97.007114,32.722912],[-97.007166,32.726115],[-97.005302,32.726242],[-97.004404,32.726644],[-97.003767,32.727508],[-97.002181,32.728572],[-97.002365,32.729762],[-97.001466,32.729914],[-97.000513,32.730871],[-96.99958,32.731327],[-96.998707,32.731651],[-96.997933,32.731648],[-96.996918,32.732256],[-96.996017,32.731779]]]}},{"type":"Feature","properties":{"PRECINCT":"4534","VTD":"4534"},"geometry":{"type":"Polygon","coordinates":[[[-96.994128,32.717332],[-96.99414,32.715563],[-96.998683,32.715575],[-96.998682,32.717337],[-96.996958,32.717309],[-96.99713,32.716608],[-96.995918,32.716603],[-96.995357,32.717303],[-96.994128,32.717332]]]}},{"type":"Feature","properties":{"PRECINCT":"4535","VTD":"4535"},"geometry":{"type":"Polygon","coordinates":[[[-96.976711,32.710271],[-96.977149,32.708635],[-96.977791,32.70828],[-96.977935,32.707061],[-96.978626,32.706408],[-96.978302,32.705731],[-96.982027,32.70557],[-96.98154,32.706196],[-96.984411,32.706269],[-96.984489,32.707934],[-96.985629,32.707941],[-96.985674,32.705677],[-96.987806,32.706122],[-96.992268,32.709138],[-96.994177,32.709521],[-96.994176,32.710393],[-96.976711,32.710271]]]}},{"type":"Feature","properties":{"PRECINCT":"4536","VTD":"4536"},"geometry":{"type":"Polygon","coordinates":[[[-96.984501,32.706311],[-96.981919,32.706255],[-96.98154,32.706196],[-96.982027,32.70557],[-96.985674,32.705677],[-96.985629,32.707941],[-96.984489,32.707934],[-96.984501,32.706311]]]}},{"type":"Feature","properties":{"PRECINCT":"4537","VTD":"4537"},"geometry":{"type":"Polygon","coordinates":[[[-97.013602,32.572655],[-97.014556,32.571188],[-97.015404,32.571361],[-97.014648,32.572158],[-97.014762,32.572435],[-97.014583,32.572217],[-97.013828,32.572922],[-97.013602,32.572655]]]}},{"type":"Feature","properties":{"PRECINCT":"4538","VTD":"4538"},"geometry":{"type":"Polygon","coordinates":[[[-96.994176,32.710393],[-96.99419,32.701749],[-96.993925,32.700712],[-96.994232,32.700378],[-96.994206,32.698846],[-96.998874,32.698853],[-96.998795,32.707366],[-97.002453,32.707476],[-97.002446,32.710363],[-96.994176,32.710393]]]}},{"type":"Feature","properties":{"PRECINCT":"4539","VTD":"4539"},"geometry":{"type":"Polygon","coordinates":[[[-97.016314,32.675856],[-97.030776,32.675905],[-97.030774,32.676188],[-97.016447,32.676145],[-97.016314,32.675856]]]}},{"type":"Feature","properties":{"PRECINCT":"4541","VTD":"4541"},"geometry":{"type":"Polygon","coordinates":[[[-96.983394,32.679272],[-96.98336,32.678251],[-96.985116,32.678354],[-96.985113,32.679235],[-96.983394,32.679272]]]}},{"type":"Feature","properties":{"PRECINCT":"4542","VTD":"4542"},"geometry":{"type":"Polygon","coordinates":[[[-96.989602,32.644047],[-96.99001,32.6433],[-96.995096,32.644045],[-96.998951,32.64392],[-96.99824,32.64586],[-96.99693,32.64678],[-96.994091,32.648176],[-96.992973,32.648358],[-96.990249,32.64988],[-96.990249,32.651815],[-96.989031,32.650074],[-96.98868,32.647417],[-96.98811,32.647091],[-96.988123,32.646732],[-96.989517,32.64599],[-96.989602,32.644047]]]}},{"type":"Feature","properties":{"PRECINCT":"4554","VTD":"4554"},"geometry":{"type":"Polygon","coordinates":[[[-96.989871,32.736977],[-96.98877,32.734927],[-96.994263,32.734932],[-96.994371,32.735439],[-96.993202,32.735135],[-96.991876,32.735275],[-96.991022,32.735847],[-96.990273,32.737141],[-96.989871,32.736977]]]}},{"type":"Feature","properties":{"PRECINCT":"4555","VTD":"4555"},"geometry":{"type":"Polygon","coordinates":[[[-96.997735,32.731748],[-96.99958,32.731327],[-97.000513,32.730871],[-97.001466,32.729914],[-97.002365,32.729762],[-97.002181,32.728572],[-97.003767,32.727508],[-97.004535,32.726548],[-97.005302,32.726242],[-97.007166,32.726115],[-97.007158,32.728603],[-97.00599,32.729761],[-97.005878,32.7319],[-97.000154,32.731852],[-97.00015,32.732197],[-96.999022,32.732197],[-96.99897,32.734561],[-97.00011,32.735208],[-97.000102,32.735843],[-96.999263,32.735436],[-96.997085,32.732185],[-96.997735,32.731748]]]}},{"type":"Feature","properties":{"PRECINCT":"4557","VTD":"4557"},"geometry":{"type":"Polygon","coordinates":[[[-96.974471,32.78307],[-96.976156,32.782432],[-96.977259,32.781574],[-96.977156,32.783053],[-96.974471,32.78307]]]}},{"type":"Feature","properties":{"PRECINCT":"4558","VTD":"4558"},"geometry":{"type":"Polygon","coordinates":[[[-96.960073,32.77839],[-96.960525,32.778391],[-96.960497,32.780181],[-96.959967,32.780136],[-96.960073,32.77839]]]}},{"type":"Feature","properties":{"PRECINCT":"4559","VTD":"4559"},"geometry":{"type":"Polygon","coordinates":[[[-96.942643,32.77685],[-96.942314,32.774219],[-96.941999,32.773911],[-96.942266,32.773347],[-96.943121,32.773121],[-96.944065,32.773196],[-96.944354,32.773775],[-96.944067,32.775856],[-96.944523,32.776403],[-96.945343,32.776807],[-96.943916,32.776533],[-96.943076,32.776746],[-96.942151,32.777476],[-96.94199,32.777446],[-96.942643,32.77685]]]}},{"type":"Feature","properties":{"PRECINCT":"4600","VTD":"4600"},"geometry":{"type":"Polygon","coordinates":[[[-96.980302,32.800623],[-96.97698,32.800387],[-96.977171,32.786424],[-96.976651,32.785389],[-96.974805,32.783936],[-96.974471,32.78307],[-96.977156,32.783053],[-96.977258,32.781268],[-96.978516,32.779591],[-96.979861,32.778375],[-96.981382,32.777801],[-96.995501,32.777805],[-96.995276,32.805079],[-96.99334,32.804862],[-96.988404,32.802903],[-96.980302,32.800623]]]}},{"type":"Feature","properties":{"PRECINCT":"4601","VTD":"4601"},"geometry":{"type":"Polygon","coordinates":[[[-96.962319,32.801125],[-96.959192,32.80115],[-96.959276,32.796214],[-96.959705,32.794688],[-96.959906,32.783062],[-96.968764,32.783022],[-96.968861,32.784948],[-96.972601,32.784958],[-96.972967,32.784951],[-96.972884,32.78306],[-96.974471,32.78307],[-96.974805,32.783936],[-96.976651,32.785389],[-96.977171,32.786424],[-96.97698,32.800387],[-96.973239,32.800573],[-96.96863,32.801876],[-96.96393,32.801888],[-96.962319,32.801125]]]}},{"type":"Feature","properties":{"PRECINCT":"4602","VTD":"4602"},"geometry":{"type":"Polygon","coordinates":[[[-96.94032,32.808619],[-96.940348,32.804888],[-96.936966,32.804868],[-96.936976,32.803067],[-96.934605,32.803061],[-96.934618,32.800977],[-96.926556,32.800931],[-96.925694,32.801024],[-96.92569,32.801264],[-96.921824,32.801214],[-96.921599,32.798305],[-96.92066,32.793917],[-96.928588,32.79376],[-96.929443,32.793146],[-96.929309,32.792811],[-96.930053,32.792192],[-96.930057,32.793939],[-96.946852,32.793895],[-96.946958,32.808596],[-96.94032,32.808619]]]}},{"type":"Feature","properties":{"PRECINCT":"4603","VTD":"4603"},"geometry":{"type":"Polygon","coordinates":[[[-96.904124,32.80494],[-96.901537,32.800668],[-96.900006,32.799092],[-96.898522,32.798192],[-96.900872,32.798025],[-96.904122,32.798195],[-96.907028,32.797342],[-96.90806,32.796433],[-96.910066,32.793007],[-96.910464,32.791947],[-96.910654,32.789654],[-96.911172,32.788113],[-96.912842,32.785319],[-96.914032,32.784433],[-96.915381,32.784255],[-96.918009,32.785595],[-96.918902,32.785719],[-96.921599,32.798305],[-96.921824,32.801214],[-96.909039,32.801302],[-96.906504,32.802813],[-96.904124,32.80494]]]}},{"type":"Feature","properties":{"PRECINCT":"4604","VTD":"4604"},"geometry":{"type":"Polygon","coordinates":[[[-96.946958,32.808596],[-96.946852,32.793895],[-96.934616,32.793908],[-96.934118,32.786527],[-96.929467,32.783793],[-96.929359,32.783423],[-96.928785,32.783535],[-96.927834,32.783043],[-96.927169,32.783099],[-96.924481,32.784897],[-96.921326,32.785639],[-96.919826,32.78654],[-96.919102,32.786668],[-96.918902,32.785719],[-96.921759,32.784427],[-96.926077,32.782076],[-96.941195,32.777901],[-96.943505,32.776622],[-96.944238,32.776533],[-96.946474,32.776942],[-96.947204,32.776539],[-96.948142,32.775418],[-96.949541,32.775041],[-96.950939,32.774972],[-96.952117,32.774483],[-96.953082,32.774644],[-96.953529,32.775412],[-96.95355,32.776288],[-96.952797,32.776929],[-96.951761,32.777208],[-96.950938,32.777843],[-96.950484,32.778281],[-96.950568,32.778758],[-96.951513,32.779241],[-96.954269,32.778599],[-96.955036,32.778264],[-96.956181,32.77673],[-96.956867,32.77447],[-96.956243,32.773352],[-96.956322,32.772971],[-96.957283,32.772023],[-96.958632,32.772012],[-96.959019,32.773065],[-96.959442,32.773433],[-96.96002,32.773416],[-96.959705,32.794688],[-96.959276,32.796214],[-96.959192,32.80115],[-96.959511,32.807564],[-96.959993,32.808655],[-96.946958,32.808596]]]}},{"type":"Feature","properties":{"PRECINCT":"4605","VTD":"4605"},"geometry":{"type":"Polygon","coordinates":[[[-96.976448,32.815539],[-96.976583,32.805186],[-96.976975,32.803902],[-96.97698,32.800387],[-96.980538,32.80066],[-96.988404,32.802903],[-96.99334,32.804862],[-96.995276,32.805079],[-96.995057,32.807687],[-96.994494,32.809939],[-96.994538,32.811226],[-96.994749,32.811599],[-96.995161,32.81155],[-96.995452,32.81481],[-96.994948,32.814804],[-96.99495,32.815296],[-96.994651,32.815545],[-96.993892,32.815586],[-96.993885,32.815837],[-96.976448,32.815539]]]}},{"type":"Feature","properties":{"PRECINCT":"4606","VTD":"4606"},"geometry":{"type":"Polygon","coordinates":[[[-96.963461,32.81528],[-96.963275,32.808664],[-96.959993,32.808655],[-96.959511,32.807564],[-96.959192,32.80115],[-96.962319,32.801125],[-96.96393,32.801888],[-96.96863,32.801876],[-96.973239,32.800573],[-96.97698,32.800387],[-96.976975,32.803902],[-96.976583,32.805186],[-96.976448,32.815539],[-96.963461,32.81528]]]}},{"type":"Feature","properties":{"PRECINCT":"4607","VTD":"4607"},"geometry":{"type":"Polygon","coordinates":[[[-96.925642,32.820352],[-96.925607,32.809009],[-96.926017,32.808814],[-96.92758,32.808481],[-96.928372,32.808667],[-96.928502,32.8085],[-96.963275,32.808664],[-96.963461,32.81528],[-96.959842,32.81512],[-96.959734,32.815506],[-96.959476,32.815291],[-96.949793,32.814935],[-96.947358,32.815942],[-96.945932,32.817655],[-96.945766,32.816688],[-96.94493,32.815618],[-96.943265,32.814856],[-96.943374,32.814739],[-96.942429,32.81472],[-96.942441,32.819877],[-96.938374,32.819867],[-96.938393,32.81765],[-96.934299,32.817625],[-96.934274,32.820076],[-96.932085,32.820037],[-96.931546,32.819646],[-96.929945,32.819615],[-96.929945,32.820383],[-96.925642,32.820352]]]}},{"type":"Feature","properties":{"PRECINCT":"4608","VTD":"4608"},"geometry":{"type":"Polygon","coordinates":[[[-97.009553,32.837103],[-97.00956,32.833126],[-97.006389,32.832164],[-97.003452,32.830253],[-97.001437,32.82958],[-97.00147,32.828232],[-96.999856,32.828159],[-96.999934,32.827461],[-97.004385,32.82754],[-97.004351,32.822598],[-97.003955,32.821452],[-97.003843,32.817301],[-97.008157,32.817256],[-97.00797,32.816105],[-97.034233,32.816662],[-97.033862,32.836508],[-97.031121,32.836814],[-97.022116,32.836934],[-97.022115,32.836249],[-97.021924,32.836247],[-97.020034,32.83632],[-97.020018,32.837139],[-97.009553,32.837103]]]}},{"type":"Feature","properties":{"PRECINCT":"4609","VTD":"4609"},"geometry":{"type":"Polygon","coordinates":[[[-96.990063,32.837136],[-96.989168,32.836221],[-96.987984,32.833858],[-96.987016,32.832965],[-96.987289,32.832712],[-96.989968,32.834733],[-96.993662,32.834908],[-96.993892,32.815586],[-96.994651,32.815545],[-96.994569,32.815855],[-97.00797,32.816105],[-97.008157,32.817256],[-97.003843,32.817301],[-97.003955,32.821452],[-97.004351,32.822598],[-97.004385,32.82754],[-96.999934,32.827461],[-96.999841,32.828102],[-97.000039,32.828258],[-97.00147,32.828232],[-97.001437,32.82958],[-97.003452,32.830253],[-97.006389,32.832164],[-97.00956,32.833126],[-97.009553,32.837103],[-96.990063,32.837136]]]}},{"type":"Feature","properties":{"PRECINCT":"4610","VTD":"4610"},"geometry":{"type":"Polygon","coordinates":[[[-96.993867,32.828423],[-96.985634,32.828356],[-96.984562,32.828083],[-96.978532,32.823275],[-96.977157,32.822649],[-96.976447,32.822485],[-96.971563,32.82244],[-96.971577,32.820068],[-96.972663,32.820064],[-96.972691,32.816163],[-96.967817,32.816074],[-96.967837,32.81537],[-96.993885,32.815837],[-96.993867,32.828423]]]}},{"type":"Feature","properties":{"PRECINCT":"4611","VTD":"4611"},"geometry":{"type":"Polygon","coordinates":[[[-96.951159,32.829451],[-96.951092,32.824135],[-96.949924,32.82262],[-96.949613,32.82181],[-96.94954,32.816795],[-96.949933,32.814931],[-96.959476,32.815291],[-96.959734,32.815506],[-96.959944,32.815207],[-96.963481,32.817912],[-96.963454,32.817611],[-96.96515,32.819104],[-96.965781,32.819958],[-96.967456,32.823585],[-96.968588,32.824968],[-96.970237,32.825978],[-96.976437,32.828141],[-96.976449,32.828992],[-96.963991,32.82882],[-96.963994,32.822387],[-96.962379,32.822322],[-96.962344,32.825474],[-96.961082,32.825525],[-96.961124,32.822362],[-96.959076,32.822142],[-96.959267,32.829027],[-96.95837,32.829338],[-96.956211,32.829487],[-96.9559,32.828209],[-96.95591,32.826147],[-96.955106,32.826118],[-96.95494,32.828316],[-96.955261,32.829475],[-96.951159,32.829451]]]}},{"type":"Feature","properties":{"PRECINCT":"4612","VTD":"4612"},"geometry":{"type":"Polygon","coordinates":[[[-96.959267,32.829027],[-96.959076,32.822142],[-96.961124,32.822362],[-96.961082,32.825525],[-96.962344,32.825474],[-96.962379,32.822322],[-96.963994,32.822387],[-96.963991,32.82882],[-96.960505,32.828788],[-96.959267,32.829027]]]}},{"type":"Feature","properties":{"PRECINCT":"4613","VTD":"4613"},"geometry":{"type":"Polygon","coordinates":[[[-96.944418,32.837043],[-96.944496,32.831263],[-96.941584,32.831288],[-96.942267,32.829394],[-96.941567,32.829421],[-96.946201,32.817172],[-96.946873,32.816339],[-96.947891,32.815589],[-96.949933,32.814931],[-96.94954,32.816795],[-96.949613,32.82181],[-96.9512,32.82454],[-96.951159,32.829451],[-96.948011,32.82938],[-96.947993,32.833312],[-96.947191,32.833303],[-96.947185,32.837024],[-96.944418,32.837043]]]}},{"type":"Feature","properties":{"PRECINCT":"4614","VTD":"4614"},"geometry":{"type":"Polygon","coordinates":[[[-96.959145,32.829068],[-96.959139,32.83704],[-96.951285,32.837043],[-96.95122,32.836629],[-96.952153,32.83663],[-96.952161,32.829465],[-96.957589,32.829503],[-96.959145,32.829068]]]}},{"type":"Feature","properties":{"PRECINCT":"4615","VTD":"4615"},"geometry":{"type":"Polygon","coordinates":[[[-96.94999,32.836636],[-96.950014,32.83332],[-96.947993,32.833312],[-96.948011,32.82938],[-96.951159,32.829451],[-96.95122,32.836629],[-96.94999,32.836636]]]}},{"type":"Feature","properties":{"PRECINCT":"4616","VTD":"4616"},"geometry":{"type":"Polygon","coordinates":[[[-96.934225,32.825241],[-96.934242,32.823068],[-96.925852,32.823026],[-96.925609,32.822164],[-96.925642,32.820352],[-96.929945,32.820383],[-96.929945,32.819615],[-96.931546,32.819646],[-96.932085,32.820037],[-96.934274,32.820076],[-96.934299,32.817625],[-96.938393,32.81765],[-96.938374,32.819867],[-96.942441,32.819877],[-96.942429,32.81472],[-96.943374,32.814739],[-96.943265,32.814856],[-96.94493,32.815618],[-96.945766,32.816688],[-96.945932,32.817655],[-96.941567,32.829421],[-96.935437,32.829611],[-96.935381,32.826907],[-96.934433,32.825839],[-96.934225,32.825241]]]}},{"type":"Feature","properties":{"PRECINCT":"4617","VTD":"4617"},"geometry":{"type":"Polygon","coordinates":[[[-96.922042,32.817546],[-96.925656,32.817554],[-96.925609,32.822164],[-96.926121,32.823771],[-96.920376,32.823746],[-96.921456,32.820756],[-96.922042,32.817546]]]}},{"type":"Feature","properties":{"PRECINCT":"4618","VTD":"4618"},"geometry":{"type":"Polygon","coordinates":[[[-96.976469,32.8371],[-96.976378,32.834311],[-96.974767,32.834308],[-96.97476,32.833047],[-96.976412,32.833041],[-96.976437,32.828141],[-96.982025,32.830187],[-96.987289,32.832712],[-96.987016,32.832965],[-96.987984,32.833858],[-96.989168,32.836221],[-96.990063,32.837136],[-96.976469,32.8371]]]}},{"type":"Feature","properties":{"PRECINCT":"4619","VTD":"4619"},"geometry":{"type":"Polygon","coordinates":[[[-96.959139,32.83704],[-96.959267,32.829027],[-96.960876,32.828773],[-96.972683,32.828943],[-96.972662,32.831764],[-96.973614,32.831769],[-96.973648,32.828954],[-96.976449,32.828992],[-96.976412,32.833041],[-96.97476,32.833047],[-96.974767,32.834308],[-96.976378,32.834311],[-96.976469,32.8371],[-96.959139,32.83704]]]}},{"type":"Feature","properties":{"PRECINCT":"4620","VTD":"4620"},"geometry":{"type":"Polygon","coordinates":[[[-96.925852,32.823026],[-96.932515,32.823054],[-96.932559,32.826478],[-96.933208,32.827351],[-96.933605,32.829639],[-96.930306,32.829634],[-96.93028,32.836573],[-96.914935,32.836602],[-96.915227,32.835212],[-96.919922,32.823741],[-96.926121,32.823771],[-96.925852,32.823026]]]}},{"type":"Feature","properties":{"PRECINCT":"4621","VTD":"4621"},"geometry":{"type":"Polygon","coordinates":[[[-97.001607,32.856921],[-97.001583,32.855325],[-97.000541,32.853458],[-97.000407,32.851694],[-97.000711,32.848858],[-97.00127,32.847803],[-97.001322,32.845405],[-97.001775,32.844679],[-97.002722,32.843953],[-97.005297,32.842587],[-97.00608,32.841295],[-97.00651,32.839798],[-97.006486,32.837362],[-97.003377,32.837114],[-97.020018,32.837139],[-97.020034,32.83632],[-97.022115,32.836249],[-97.021829,32.842408],[-97.021891,32.848763],[-97.021289,32.856918],[-97.001607,32.856921]]]}},{"type":"Feature","properties":{"PRECINCT":"4622","VTD":"4622"},"geometry":{"type":"Polygon","coordinates":[[[-96.992078,32.856872],[-96.992398,32.843029],[-96.9935,32.840232],[-96.993606,32.837079],[-97.003377,32.837114],[-97.006486,32.837362],[-97.006459,32.840221],[-97.005627,32.842183],[-97.004973,32.842841],[-97.002254,32.844298],[-97.001322,32.845405],[-97.00127,32.847803],[-97.000711,32.848858],[-97.000407,32.851694],[-97.000541,32.853458],[-97.001583,32.855325],[-97.001607,32.856921],[-96.992078,32.856872]]]}},{"type":"Feature","properties":{"PRECINCT":"4623","VTD":"4623"},"geometry":{"type":"Polygon","coordinates":[[[-96.976431,32.85082],[-96.976469,32.8371],[-96.993606,32.837079],[-96.9935,32.840232],[-96.992398,32.843029],[-96.992199,32.850897],[-96.976431,32.85082]]]}},{"type":"Feature","properties":{"PRECINCT":"4624","VTD":"4624"},"geometry":{"type":"Polygon","coordinates":[[[-96.968163,32.847195],[-96.968179,32.843553],[-96.965516,32.84432],[-96.959085,32.844223],[-96.959139,32.83704],[-96.976469,32.8371],[-96.97644,32.847107],[-96.968163,32.847195]]]}},{"type":"Feature","properties":{"PRECINCT":"4625","VTD":"4625"},"geometry":{"type":"Polygon","coordinates":[[[-96.950258,32.858981],[-96.950414,32.846221],[-96.951295,32.844316],[-96.951306,32.841206],[-96.954945,32.841209],[-96.954928,32.844195],[-96.959085,32.844223],[-96.959064,32.859088],[-96.957783,32.859034],[-96.956851,32.858521],[-96.952513,32.861282],[-96.9511,32.861717],[-96.950421,32.860272],[-96.950258,32.858981]]]}},{"type":"Feature","properties":{"PRECINCT":"4626","VTD":"4626"},"geometry":{"type":"Polygon","coordinates":[[[-96.942432,32.85258],[-96.94238,32.851657],[-96.941029,32.851523],[-96.940292,32.85109],[-96.939262,32.849049],[-96.93854,32.848159],[-96.935175,32.845399],[-96.936193,32.843836],[-96.938597,32.837258],[-96.942737,32.837384],[-96.944427,32.837162],[-96.944395,32.840556],[-96.951302,32.840173],[-96.951295,32.844316],[-96.950467,32.845956],[-96.950387,32.846984],[-96.950258,32.859475],[-96.950995,32.861687],[-96.950889,32.862966],[-96.949771,32.864444],[-96.945732,32.866492],[-96.943396,32.86815],[-96.939107,32.863728],[-96.940893,32.86215],[-96.941898,32.859881],[-96.941467,32.857841],[-96.942276,32.856034],[-96.941561,32.854247],[-96.942432,32.85258]]]}},{"type":"Feature","properties":{"PRECINCT":"4627","VTD":"4627"},"geometry":{"type":"Polygon","coordinates":[[[-96.927532,32.869283],[-96.926882,32.869403],[-96.925568,32.870666],[-96.925019,32.870913],[-96.924975,32.868151],[-96.926863,32.867074],[-96.926958,32.866166],[-96.926685,32.865633],[-96.926201,32.865333],[-96.924722,32.865828],[-96.924192,32.865681],[-96.92416,32.865329],[-96.925264,32.863273],[-96.924755,32.862813],[-96.923185,32.862606],[-96.922423,32.862167],[-96.922122,32.861596],[-96.922235,32.860951],[-96.925222,32.859423],[-96.926138,32.859613],[-96.926782,32.85915],[-96.927377,32.859817],[-96.928734,32.859492],[-96.930763,32.859535],[-96.93223,32.858629],[-96.933355,32.857351],[-96.933856,32.856309],[-96.934039,32.854031],[-96.933504,32.851571],[-96.934949,32.850019],[-96.935722,32.846809],[-96.936204,32.846221],[-96.938972,32.848658],[-96.940292,32.85109],[-96.941196,32.851579],[-96.94238,32.851657],[-96.942432,32.85258],[-96.941561,32.854247],[-96.942276,32.856034],[-96.941467,32.857841],[-96.941898,32.859881],[-96.940893,32.86215],[-96.939107,32.863728],[-96.943396,32.86815],[-96.941893,32.86911],[-96.940068,32.869749],[-96.935345,32.870218],[-96.932867,32.870836],[-96.93333,32.872785],[-96.932729,32.874194],[-96.931073,32.873728],[-96.93165,32.87194],[-96.931125,32.870663],[-96.92897,32.869618],[-96.927532,32.869283]]]}},{"type":"Feature","properties":{"PRECINCT":"4628","VTD":"4628"},"geometry":{"type":"Polygon","coordinates":[[[-97.014435,32.866926],[-97.004092,32.866197],[-96.999083,32.865408],[-96.99971,32.864455],[-97.002214,32.863135],[-97.001962,32.862453],[-97.002018,32.859893],[-97.001597,32.858105],[-97.001607,32.856921],[-97.021289,32.856918],[-97.020797,32.859706],[-97.019555,32.86201],[-97.01523,32.867274],[-97.014435,32.866926]]]}},{"type":"Feature","properties":{"PRECINCT":"4629","VTD":"4629"},"geometry":{"type":"Polygon","coordinates":[[[-96.988149,32.85577],[-96.984378,32.856205],[-96.98128,32.856198],[-96.979298,32.855091],[-96.975213,32.855469],[-96.975185,32.851748],[-96.976431,32.85082],[-96.992199,32.850897],[-96.992071,32.857072],[-96.99037,32.856977],[-96.988955,32.856039],[-96.988149,32.85577]]]}},{"type":"Feature","properties":{"PRECINCT":"4630","VTD":"4630"},"geometry":{"type":"Polygon","coordinates":[[[-96.967655,32.858202],[-96.965568,32.858207],[-96.964071,32.858699],[-96.96497,32.860442],[-96.964246,32.861127],[-96.962286,32.861665],[-96.961335,32.861767],[-96.961138,32.860872],[-96.959774,32.861171],[-96.959125,32.859847],[-96.959064,32.859088],[-96.960608,32.858806],[-96.963376,32.856546],[-96.967438,32.856059],[-96.967672,32.854047],[-96.964697,32.854011],[-96.965162,32.851992],[-96.967693,32.851957],[-96.96795,32.851187],[-96.976005,32.851028],[-96.975153,32.851898],[-96.975193,32.858289],[-96.975413,32.859152],[-96.977125,32.862502],[-96.977297,32.863624],[-96.975162,32.863518],[-96.972972,32.862831],[-96.972999,32.860836],[-96.971676,32.859218],[-96.970832,32.858711],[-96.967655,32.858202]]]}},{"type":"Feature","properties":{"PRECINCT":"4631","VTD":"4631"},"geometry":{"type":"Polygon","coordinates":[[[-96.959064,32.859088],[-96.959072,32.846469],[-96.965303,32.846545],[-96.966043,32.846306],[-96.968163,32.846328],[-96.968162,32.85043],[-96.967693,32.851957],[-96.965162,32.851992],[-96.964697,32.854011],[-96.967672,32.854047],[-96.967438,32.856059],[-96.963549,32.856477],[-96.960608,32.858806],[-96.959064,32.859088]]]}},{"type":"Feature","properties":{"PRECINCT":"4632","VTD":"4632"},"geometry":{"type":"Polygon","coordinates":[[[-96.990092,32.903123],[-96.988929,32.902623],[-96.988866,32.902316],[-96.989227,32.901927],[-96.989089,32.901625],[-96.988701,32.901825],[-96.988027,32.901629],[-96.987851,32.902137],[-96.987373,32.902414],[-96.987018,32.902316],[-96.986771,32.901832],[-96.985289,32.902367],[-96.981756,32.900939],[-96.955948,32.886805],[-96.956977,32.885519],[-96.958041,32.885002],[-96.972129,32.885036],[-96.97352,32.884572],[-96.974308,32.883995],[-96.974913,32.883043],[-96.975042,32.881625],[-96.974494,32.880491],[-96.973344,32.879379],[-96.971029,32.876016],[-96.970913,32.870517],[-96.971358,32.869135],[-96.972669,32.867852],[-96.975582,32.866529],[-96.97719,32.866391],[-96.977417,32.867776],[-96.98719,32.867858],[-96.986576,32.86694],[-96.986547,32.866213],[-96.987771,32.866005],[-96.989401,32.865357],[-96.993065,32.865295],[-96.995445,32.865657],[-96.999083,32.865408],[-97.004092,32.866197],[-97.01483,32.867058],[-97.01523,32.867274],[-97.01345,32.868952],[-97.011765,32.869563],[-97.008311,32.870167],[-97.006716,32.870984],[-97.005912,32.871662],[-97.005142,32.872664],[-97.004583,32.873939],[-97.004429,32.877921],[-96.994297,32.877859],[-96.993277,32.878172],[-96.992612,32.877606],[-96.991497,32.878926],[-96.991498,32.880876],[-96.98722,32.876818],[-96.987426,32.874792],[-96.985121,32.874799],[-96.985055,32.875647],[-96.980659,32.871948],[-96.97362,32.877751],[-96.991141,32.892725],[-96.991142,32.901049],[-96.991515,32.902728],[-96.990618,32.903126],[-96.990092,32.903123]]]}},{"type":"Feature","properties":{"PRECINCT":"4633","VTD":"4633"},"geometry":{"type":"Polygon","coordinates":[[[-96.963184,32.87921],[-96.963191,32.877186],[-96.966344,32.877344],[-96.967166,32.877732],[-96.967608,32.878352],[-96.968113,32.878061],[-96.968365,32.877583],[-96.967918,32.876195],[-96.968422,32.874872],[-96.969225,32.874447],[-96.970928,32.874451],[-96.970963,32.875781],[-96.971345,32.876654],[-96.974923,32.881262],[-96.975072,32.882402],[-96.974703,32.88348],[-96.97378,32.884424],[-96.972129,32.885036],[-96.964206,32.88506],[-96.964153,32.882356],[-96.963184,32.87921]]]}},{"type":"Feature","properties":{"PRECINCT":"4639","VTD":"4639"},"geometry":{"type":"Polygon","coordinates":[[[-96.954928,32.844195],[-96.954945,32.841209],[-96.951306,32.841206],[-96.951302,32.840173],[-96.944395,32.840556],[-96.944427,32.837162],[-96.942737,32.837384],[-96.940497,32.83726],[-96.945808,32.837018],[-96.959139,32.83704],[-96.959085,32.844223],[-96.954928,32.844195]]]}},{"type":"Feature","properties":{"PRECINCT":"4640","VTD":"4640"},"geometry":{"type":"Polygon","coordinates":[[[-96.977356,32.867672],[-96.977262,32.863017],[-96.975293,32.858826],[-96.975213,32.855469],[-96.979298,32.855091],[-96.98128,32.856198],[-96.984378,32.856205],[-96.988149,32.85577],[-96.988955,32.856039],[-96.99037,32.856977],[-96.992071,32.857072],[-96.991691,32.865302],[-96.989401,32.865357],[-96.987771,32.866005],[-96.986547,32.866213],[-96.986576,32.86694],[-96.98719,32.867858],[-96.977356,32.867672]]]}},{"type":"Feature","properties":{"PRECINCT":"4641","VTD":"4641"},"geometry":{"type":"Polygon","coordinates":[[[-96.96795,32.851187],[-96.968162,32.85043],[-96.968163,32.847195],[-96.97644,32.847107],[-96.976431,32.85082],[-96.976005,32.851028],[-96.96795,32.851187]]]}},{"type":"Feature","properties":{"PRECINCT":"4642","VTD":"4642"},"geometry":{"type":"Polygon","coordinates":[[[-96.959072,32.846469],[-96.959085,32.844223],[-96.965516,32.84432],[-96.968179,32.843553],[-96.968163,32.846328],[-96.966043,32.846306],[-96.965303,32.846545],[-96.959072,32.846469]]]}},{"type":"Feature","properties":{"PRECINCT":"4644","VTD":"4644"},"geometry":{"type":"Polygon","coordinates":[[[-97.00803,32.90793],[-96.991259,32.901772],[-96.991141,32.892725],[-96.97362,32.877751],[-96.980659,32.871948],[-96.985055,32.875647],[-96.985121,32.874799],[-96.987426,32.874792],[-96.98722,32.876818],[-96.992959,32.8823],[-96.994767,32.882411],[-96.994865,32.884157],[-96.998209,32.887423],[-96.99977,32.886015],[-97.003813,32.881009],[-97.004176,32.879722],[-97.004264,32.87791],[-97.004429,32.877921],[-97.004583,32.873939],[-97.005142,32.872664],[-97.005912,32.871662],[-97.006716,32.870984],[-97.008311,32.870167],[-97.012361,32.869408],[-97.014195,32.868433],[-97.019913,32.861543],[-97.020797,32.859706],[-97.021289,32.856918],[-97.023637,32.856893],[-97.024556,32.856641],[-97.025471,32.856051],[-97.027372,32.853907],[-97.029298,32.852981],[-97.030471,32.852762],[-97.033577,32.852753],[-97.032147,32.930409],[-97.023064,32.922857],[-97.008093,32.915338],[-97.00803,32.90793]]]}},{"type":"Feature","properties":{"PRECINCT":"4646","VTD":"4646"},"geometry":{"type":"Polygon","coordinates":[[[-96.888782,32.847346],[-96.889072,32.846345],[-96.889867,32.845097],[-96.889666,32.844122],[-96.889803,32.839857],[-96.889616,32.838251],[-96.889916,32.836199],[-96.889392,32.834653],[-96.889684,32.831938],[-96.889968,32.831232],[-96.892305,32.82836],[-96.895311,32.825798],[-96.896906,32.825153],[-96.899114,32.823014],[-96.904643,32.817574],[-96.905907,32.815694],[-96.906129,32.814286],[-96.906112,32.80892],[-96.905721,32.807403],[-96.904124,32.80494],[-96.906504,32.802813],[-96.909039,32.801302],[-96.916982,32.80124],[-96.916862,32.814332],[-96.921616,32.814439],[-96.921633,32.814743],[-96.922237,32.814932],[-96.922246,32.816176],[-96.921752,32.819566],[-96.92104,32.822086],[-96.920376,32.823746],[-96.919922,32.823741],[-96.915227,32.835212],[-96.914912,32.836925],[-96.909776,32.83711],[-96.907718,32.837767],[-96.905322,32.839089],[-96.905054,32.838793],[-96.903888,32.839818],[-96.899834,32.842514],[-96.893201,32.847803],[-96.891615,32.847164],[-96.891097,32.847251],[-96.889554,32.848166],[-96.88907,32.848],[-96.888782,32.847346]]]}},{"type":"Feature","properties":{"PRECINCT":"4648","VTD":"4648"},"geometry":{"type":"Polygon","coordinates":[[[-96.995679,32.865661],[-96.991691,32.865302],[-96.992078,32.856872],[-97.001607,32.856921],[-97.001597,32.858105],[-97.002018,32.859893],[-97.001962,32.862453],[-97.002214,32.863135],[-96.99971,32.864455],[-96.999083,32.865408],[-96.995679,32.865661]]]}},{"type":"Feature","properties":{"PRECINCT":"4649","VTD":"4649"},"geometry":{"type":"Polygon","coordinates":[[[-96.968764,32.783022],[-96.972884,32.78306],[-96.972967,32.784951],[-96.968861,32.784948],[-96.968764,32.783022]]]}},{"type":"Feature","properties":{"PRECINCT":"4651","VTD":"4651"},"geometry":{"type":"Polygon","coordinates":[[[-96.92066,32.793917],[-96.919102,32.786668],[-96.920032,32.786475],[-96.921326,32.785639],[-96.924481,32.784897],[-96.927169,32.783099],[-96.927834,32.783043],[-96.928785,32.783535],[-96.929359,32.783423],[-96.929467,32.783793],[-96.934118,32.786527],[-96.934616,32.793908],[-96.930057,32.793939],[-96.930053,32.792192],[-96.929309,32.792811],[-96.929443,32.793146],[-96.928588,32.79376],[-96.92066,32.793917]]]}},{"type":"Feature","properties":{"PRECINCT":"4652","VTD":"4652"},"geometry":{"type":"Polygon","coordinates":[[[-96.925607,32.809009],[-96.925694,32.801024],[-96.934618,32.800977],[-96.934605,32.803061],[-96.936976,32.803067],[-96.936966,32.804868],[-96.940348,32.804888],[-96.94032,32.808619],[-96.928502,32.8085],[-96.928372,32.808667],[-96.92758,32.808481],[-96.925607,32.809009]]]}},{"type":"Feature","properties":{"PRECINCT":"4653","VTD":"4653"},"geometry":{"type":"Polygon","coordinates":[[[-96.99049,32.834848],[-96.989599,32.834581],[-96.988696,32.833893],[-96.98919,32.833412],[-96.988799,32.833018],[-96.98885,32.831476],[-96.989434,32.83144],[-96.989838,32.831096],[-96.993743,32.831193],[-96.993662,32.834908],[-96.99049,32.834848]]]}},{"type":"Feature","properties":{"PRECINCT":"4654","VTD":"4654"},"geometry":{"type":"Polygon","coordinates":[[[-96.968125,32.824527],[-96.96515,32.819104],[-96.963454,32.817611],[-96.963481,32.817912],[-96.959842,32.81512],[-96.967837,32.81537],[-96.967817,32.816074],[-96.972691,32.816163],[-96.972663,32.820064],[-96.971577,32.820068],[-96.971563,32.82244],[-96.976447,32.822485],[-96.977615,32.822812],[-96.978532,32.823275],[-96.983917,32.827731],[-96.985634,32.828356],[-96.984495,32.829023],[-96.979074,32.829071],[-96.969665,32.825711],[-96.968125,32.824527]]]}},{"type":"Feature","properties":{"PRECINCT":"4655","VTD":"4655"},"geometry":{"type":"Polygon","coordinates":[[[-96.95503,32.826137],[-96.95591,32.826147],[-96.9559,32.828209],[-96.956211,32.829487],[-96.955261,32.829475],[-96.95494,32.828316],[-96.95503,32.826137]]]}},{"type":"Feature","properties":{"PRECINCT":"4656","VTD":"4656"},"geometry":{"type":"Polygon","coordinates":[[[-96.938597,32.837258],[-96.941567,32.829421],[-96.942267,32.829394],[-96.941584,32.831288],[-96.944496,32.831263],[-96.944418,32.837043],[-96.938597,32.837258]]]}},{"type":"Feature","properties":{"PRECINCT":"4657","VTD":"4657"},"geometry":{"type":"Polygon","coordinates":[[[-96.947185,32.837024],[-96.947191,32.833303],[-96.950014,32.83332],[-96.94999,32.836636],[-96.95122,32.836629],[-96.951285,32.837043],[-96.947185,32.837024]]]}},{"type":"Feature","properties":{"PRECINCT":"4658","VTD":"4658"},"geometry":{"type":"Polygon","coordinates":[[[-96.951159,32.829451],[-96.952161,32.829465],[-96.952153,32.83663],[-96.95122,32.836629],[-96.951095,32.83596],[-96.951159,32.829451]]]}},{"type":"Feature","properties":{"PRECINCT":"4659","VTD":"4659"},"geometry":{"type":"Polygon","coordinates":[[[-96.98577,32.831865],[-96.979074,32.829071],[-96.984495,32.829023],[-96.985634,32.828356],[-96.993778,32.82855],[-96.993743,32.831193],[-96.989838,32.831096],[-96.989434,32.83144],[-96.98885,32.831476],[-96.988799,32.833018],[-96.98919,32.833412],[-96.988696,32.833893],[-96.987289,32.832712],[-96.98577,32.831865]]]}},{"type":"Feature","properties":{"PRECINCT":"4660","VTD":"4660"},"geometry":{"type":"Polygon","coordinates":[[[-96.972683,32.828943],[-96.973648,32.828954],[-96.973614,32.831769],[-96.972662,32.831764],[-96.972683,32.828943]]]}},{"type":"Feature","properties":{"PRECINCT":"4661","VTD":"4661"},"geometry":{"type":"Polygon","coordinates":[[[-96.938715,32.83694],[-96.93028,32.836573],[-96.930306,32.829634],[-96.933605,32.829639],[-96.933208,32.827351],[-96.932559,32.826478],[-96.932515,32.823054],[-96.934242,32.823068],[-96.934256,32.825469],[-96.935444,32.827165],[-96.935437,32.829611],[-96.941567,32.829421],[-96.938715,32.83694]]]}},{"type":"Feature","properties":{"PRECINCT":"4662","VTD":"4662"},"geometry":{"type":"Polygon","coordinates":[[[-96.921616,32.814439],[-96.916862,32.814332],[-96.916982,32.80124],[-96.921824,32.801214],[-96.921659,32.809733],[-96.923816,32.809646],[-96.925607,32.809009],[-96.925656,32.817554],[-96.922042,32.817546],[-96.922255,32.815055],[-96.922135,32.814805],[-96.921633,32.814743],[-96.921616,32.814439]]]}},{"type":"Feature","properties":{"PRECINCT":"4663","VTD":"4663"},"geometry":{"type":"Polygon","coordinates":[[[-96.903492,32.853825],[-96.903374,32.852829],[-96.901894,32.852185],[-96.901094,32.852352],[-96.900214,32.853558],[-96.899483,32.853668],[-96.89889,32.853501],[-96.898153,32.852908],[-96.897878,32.852064],[-96.89879,32.851073],[-96.898746,32.850716],[-96.897666,32.850353],[-96.895293,32.850935],[-96.894479,32.850766],[-96.893723,32.84996],[-96.893855,32.848657],[-96.893201,32.847803],[-96.899834,32.842514],[-96.903888,32.839818],[-96.905054,32.838793],[-96.905322,32.839089],[-96.907718,32.837767],[-96.909776,32.83711],[-96.914817,32.836926],[-96.91479,32.841329],[-96.91423,32.843185],[-96.913601,32.844273],[-96.909136,32.849483],[-96.906172,32.853995],[-96.905402,32.853873],[-96.903867,32.854193],[-96.903492,32.853825]]]}},{"type":"Feature","properties":{"PRECINCT":"4664","VTD":"4664"},"geometry":{"type":"Polygon","coordinates":[[[-96.927377,32.859817],[-96.926782,32.85915],[-96.926138,32.859613],[-96.925588,32.859581],[-96.925222,32.859423],[-96.925232,32.85882],[-96.924794,32.858539],[-96.919471,32.857416],[-96.918588,32.857562],[-96.917517,32.858494],[-96.917039,32.858525],[-96.916727,32.858096],[-96.916802,32.856413],[-96.916447,32.856091],[-96.915488,32.855952],[-96.914099,32.856403],[-96.913717,32.857942],[-96.912845,32.858141],[-96.912301,32.857639],[-96.911984,32.856219],[-96.911575,32.855555],[-96.910525,32.855288],[-96.909023,32.855966],[-96.908145,32.856056],[-96.907429,32.855623],[-96.906902,32.854438],[-96.906172,32.853995],[-96.909136,32.849483],[-96.912647,32.845538],[-96.914042,32.843562],[-96.914813,32.841167],[-96.914817,32.836926],[-96.933158,32.837],[-96.938597,32.837258],[-96.936193,32.843836],[-96.935175,32.845399],[-96.936204,32.846221],[-96.935722,32.846809],[-96.93506,32.849781],[-96.933504,32.851571],[-96.934039,32.854031],[-96.933647,32.856912],[-96.931927,32.858933],[-96.931209,32.859356],[-96.930763,32.859535],[-96.928396,32.85953],[-96.927377,32.859817]]]}},{"type":"Feature","properties":{"PRECINCT":"4665","VTD":"4665"},"geometry":{"type":"Polygon","coordinates":[[[-96.977451,32.777787],[-96.981716,32.777739],[-96.979545,32.778592],[-96.977258,32.781268],[-96.977297,32.778036],[-96.977451,32.777787]]]}},{"type":"Feature","properties":{"PRECINCT":"4667","VTD":"4667"},"geometry":{"type":"Polygon","coordinates":[[[-96.915113,32.836933],[-96.914935,32.836602],[-96.917407,32.836557],[-96.931868,32.836574],[-96.938715,32.83694],[-96.938597,32.837258],[-96.933158,32.837],[-96.915113,32.836933]]]}},{"type":"Feature","properties":{"PRECINCT":"4673","VTD":"4673"},"geometry":{"type":"Polygon","coordinates":[[[-97.022123,32.837136],[-97.033857,32.837134],[-97.033577,32.852753],[-97.030471,32.852762],[-97.029298,32.852981],[-97.027372,32.853907],[-97.025471,32.856051],[-97.024556,32.856641],[-97.023637,32.856893],[-97.021289,32.856918],[-97.021891,32.848763],[-97.021888,32.83915],[-97.022123,32.837136]]]}},{"type":"Feature","properties":{"PRECINCT":"4674","VTD":"4674"},"geometry":{"type":"Polygon","coordinates":[[[-97.022116,32.836934],[-97.031805,32.836787],[-97.033862,32.836508],[-97.033857,32.837134],[-97.022123,32.837136],[-97.022116,32.836934]]]}},{"type":"Feature","properties":{"PRECINCT":"4675","VTD":"4675"},"geometry":{"type":"Polygon","coordinates":[[[-96.921824,32.801214],[-96.92569,32.801264],[-96.925607,32.809009],[-96.923816,32.809646],[-96.921659,32.809733],[-96.921824,32.801214]]]}},{"type":"Feature","properties":{"PRECINCT":"4677","VTD":"4677"},"geometry":{"type":"Polygon","coordinates":[[[-96.992591,32.905723],[-96.989177,32.903844],[-96.985289,32.902367],[-96.986771,32.901832],[-96.987018,32.902316],[-96.987373,32.902414],[-96.987851,32.902137],[-96.988027,32.901629],[-96.988701,32.901825],[-96.989041,32.901615],[-96.989227,32.901927],[-96.988866,32.902316],[-96.988966,32.902668],[-96.990395,32.903163],[-96.991515,32.902728],[-96.991259,32.901772],[-96.991487,32.901816],[-97.007904,32.907798],[-97.008093,32.915338],[-97.003974,32.912988],[-96.992591,32.905723]]]}},{"type":"Feature","properties":{"PRECINCT":"4678","VTD":"4678"},"geometry":{"type":"Polygon","coordinates":[[[-96.991497,32.878926],[-96.992612,32.877606],[-96.993277,32.878172],[-96.994297,32.877859],[-97.004264,32.87791],[-97.004176,32.879722],[-97.003813,32.881009],[-96.99977,32.886015],[-96.998209,32.887423],[-96.994865,32.884157],[-96.994767,32.882411],[-96.992959,32.8823],[-96.991498,32.880876],[-96.991497,32.878926]]]}},{"type":"Feature","properties":{"PRECINCT":"1738","VTD":"1738"},"geometry":{"type":"Polygon","coordinates":[[[-96.537686,32.866994],[-96.537362,32.866987],[-96.537126,32.866705],[-96.537325,32.866509],[-96.53713,32.865825],[-96.537346,32.865113],[-96.537124,32.864973],[-96.537348,32.864556],[-96.538148,32.863993],[-96.538969,32.863917],[-96.53958,32.864108],[-96.539972,32.863888],[-96.538498,32.86225],[-96.538436,32.860024],[-96.538061,32.859319],[-96.538668,32.85951],[-96.539036,32.858521],[-96.540152,32.857732],[-96.544752,32.857602],[-96.544981,32.857363],[-96.544884,32.85633],[-96.545154,32.857531],[-96.546136,32.857518],[-96.547117,32.858102],[-96.547642,32.857897],[-96.54743,32.857633],[-96.547576,32.857505],[-96.547343,32.857428],[-96.547279,32.856363],[-96.546066,32.855224],[-96.546216,32.854581],[-96.546974,32.854075],[-96.54768,32.853175],[-96.547751,32.852052],[-96.547428,32.851295],[-96.546716,32.850656],[-96.546314,32.849407],[-96.54501,32.848017],[-96.544898,32.847183],[-96.545092,32.84675],[-96.545475,32.846407],[-96.546073,32.846379],[-96.547443,32.847226],[-96.547827,32.847158],[-96.548056,32.847755],[-96.548865,32.847971],[-96.549376,32.848597],[-96.549872,32.848146],[-96.551013,32.848042],[-96.551029,32.847501],[-96.551631,32.847507],[-96.55194,32.847099],[-96.553125,32.847067],[-96.553171,32.846623],[-96.555869,32.846842],[-96.55586,32.846641],[-96.556278,32.84664],[-96.556289,32.840848],[-96.560234,32.840915],[-96.560046,32.835448],[-96.559648,32.834123],[-96.559977,32.834139],[-96.560569,32.836205],[-96.560557,32.846853],[-96.560741,32.847552],[-96.561309,32.848118],[-96.562003,32.848419],[-96.566329,32.84852],[-96.566471,32.847205],[-96.567765,32.846547],[-96.567808,32.843677],[-96.569542,32.843683],[-96.569479,32.848993],[-96.569853,32.850544],[-96.555663,32.85644],[-96.550998,32.859253],[-96.546247,32.8633],[-96.543976,32.86482],[-96.537668,32.867998],[-96.537492,32.867652],[-96.537853,32.867355],[-96.537686,32.866994]]]}},{"type":"Feature","properties":{"PRECINCT":"3006","VTD":"3006"},"geometry":{"type":"Polygon","coordinates":[[[-96.806138,32.79528],[-96.805257,32.795206],[-96.805091,32.793041],[-96.803843,32.793197],[-96.80283,32.792989],[-96.804601,32.787415],[-96.805313,32.786817],[-96.805115,32.786641],[-96.808883,32.783307],[-96.808675,32.7872],[-96.810632,32.791362],[-96.810274,32.791574],[-96.810505,32.791833],[-96.809543,32.7924],[-96.810748,32.793532],[-96.809796,32.794243],[-96.807608,32.792299],[-96.807017,32.792873],[-96.808195,32.793932],[-96.807516,32.794494],[-96.810893,32.797471],[-96.812642,32.798172],[-96.809692,32.800018],[-96.807317,32.797962],[-96.808317,32.797114],[-96.806138,32.79528]]]}},{"type":"Feature","properties":{"PRECINCT":"4035","VTD":"4035"},"geometry":{"type":"Polygon","coordinates":[[[-96.824611,32.732846],[-96.825454,32.730225],[-96.825654,32.727547],[-96.826898,32.723305],[-96.829023,32.723326],[-96.828815,32.722673],[-96.829093,32.721657],[-96.829034,32.721431],[-96.828384,32.721425],[-96.8284,32.720472],[-96.836701,32.720312],[-96.8368,32.731223],[-96.837535,32.73266],[-96.834735,32.732145],[-96.834315,32.732854],[-96.834304,32.734009],[-96.832162,32.734313],[-96.828963,32.733212],[-96.824611,32.732846]]]}},{"type":"Feature","properties":{"PRECINCT":"4098","VTD":"4098"},"geometry":{"type":"Polygon","coordinates":[[[-96.846753,32.86338],[-96.847931,32.863059],[-96.847861,32.866222],[-96.846701,32.86622],[-96.846753,32.86338]]]}},{"type":"Feature","properties":{"PRECINCT":"1004","VTD":"1004"},"geometry":{"type":"Polygon","coordinates":[[[-96.737952,32.902478],[-96.738351,32.900415],[-96.74558,32.900484],[-96.746896,32.900864],[-96.748986,32.902549],[-96.74952,32.902693],[-96.745937,32.911913],[-96.743392,32.916918],[-96.735529,32.911544],[-96.735653,32.908084],[-96.736088,32.907525],[-96.737523,32.906722],[-96.737917,32.905999],[-96.737952,32.902478]]]}},{"type":"Feature","properties":{"PRECINCT":"1057","VTD":"1057"},"geometry":{"type":"Polygon","coordinates":[[[-96.661129,32.838075],[-96.658996,32.834383],[-96.659562,32.834707],[-96.660478,32.834754],[-96.66054,32.830817],[-96.65819,32.830853],[-96.658143,32.828674],[-96.664626,32.828671],[-96.665209,32.828985],[-96.666363,32.828582],[-96.670869,32.828537],[-96.673613,32.827744],[-96.675065,32.827762],[-96.676205,32.828062],[-96.674345,32.833066],[-96.673348,32.834749],[-96.671584,32.836665],[-96.664759,32.842472],[-96.661129,32.838075]]]}},{"type":"Feature","properties":{"PRECINCT":"1077","VTD":"1077"},"geometry":{"type":"Polygon","coordinates":[[[-96.721247,32.803019],[-96.725211,32.801088],[-96.725858,32.801724],[-96.725718,32.802272],[-96.726179,32.802943],[-96.725945,32.803174],[-96.725138,32.803051],[-96.724766,32.803297],[-96.725736,32.804053],[-96.725816,32.804378],[-96.723451,32.804472],[-96.720914,32.805049],[-96.718848,32.80601],[-96.7179,32.805264],[-96.721247,32.803019]]]}},{"type":"Feature","properties":{"PRECINCT":"2151","VTD":"2151"},"geometry":{"type":"Polygon","coordinates":[[[-96.786326,32.815282],[-96.787065,32.815118],[-96.78961,32.81559],[-96.78609,32.822077],[-96.78563,32.821736],[-96.784665,32.820211],[-96.783316,32.819046],[-96.786326,32.815282]]]}},{"type":"Feature","properties":{"PRECINCT":"4634","VTD":"4634"},"geometry":{"type":"Polygon","coordinates":[[[-96.955948,32.886805],[-96.951446,32.884318],[-96.948325,32.882255],[-96.939103,32.877937],[-96.932729,32.874194],[-96.93333,32.872785],[-96.932867,32.870836],[-96.935345,32.870218],[-96.939919,32.869784],[-96.941893,32.86911],[-96.945732,32.866492],[-96.949995,32.864263],[-96.950889,32.862966],[-96.950995,32.861687],[-96.952513,32.861282],[-96.956851,32.858521],[-96.957783,32.859034],[-96.959064,32.859088],[-96.959125,32.859847],[-96.959774,32.861171],[-96.961138,32.860872],[-96.961335,32.861767],[-96.962769,32.861556],[-96.964561,32.860886],[-96.964985,32.860273],[-96.964418,32.859667],[-96.964071,32.858699],[-96.965096,32.858303],[-96.968456,32.858249],[-96.971049,32.858792],[-96.971902,32.859417],[-96.972999,32.860836],[-96.972972,32.862831],[-96.975162,32.863518],[-96.977297,32.863624],[-96.977265,32.866318],[-96.975582,32.866529],[-96.973819,32.867182],[-96.972895,32.867669],[-96.97156,32.868868],[-96.970946,32.870102],[-96.970928,32.874451],[-96.969225,32.874447],[-96.968422,32.874872],[-96.967927,32.87599],[-96.968374,32.877437],[-96.968113,32.878061],[-96.967608,32.878352],[-96.967166,32.877732],[-96.966344,32.877344],[-96.963191,32.877186],[-96.963203,32.879579],[-96.964105,32.882087],[-96.964206,32.88506],[-96.958041,32.885002],[-96.956977,32.885519],[-96.955948,32.886805]]]}}]}