precinct,party,candidate,votes
harris:1,,Abram Loeb,0
harris:1,,Gloria La Riva,0
harris:1,,Jesse Cuellar,0
harris:1,,Kasey Wells,0
harris:1,,Over Votes,2
harris:1,,President R. Boddie,0
harris:1,,Robert Morrow,0
harris:1,,Tom Hoefling,0
harris:1,,Under Votes,24
harris:1,DEM,Joseph R. Biden,1897
harris:1,GRN,Howie Hawkins,9
harris:1,LIB,Jo Jorgensen,46
harris:1,REP,Donald J. Trump/Michael R. Pence,745
harris:10,,Abram Loeb,0
harris:10,,Gloria La Riva,0
harris:10,,Jesse Cuellar,0
harris:10,,Kasey Wells,0
harris:10,,Over Votes,0
harris:10,,President R. Boddie,0
harris:10,,Robert Morrow,0
harris:10,,Tom Hoefling,0
harris:10,,Under Votes,6
harris:10,DEM,Joseph R. Biden,792
harris:10,GRN,Howie Hawkins,6
harris:10,LIB,Jo Jorgensen,9
harris:10,REP,Donald J. Trump/Michael R. Pence,250
harris:100,,Abram Loeb,0
harris:100,,Gloria La Riva,0
harris:100,,Jesse Cuellar,0
harris:100,,Kasey Wells,0
harris:100,,Over Votes,0
harris:100,,President R. Boddie,0
harris:100,,Robert Morrow,0
harris:100,,Tom Hoefling,0
harris:100,,Under Votes,8
harris:100,DEM,Joseph R. Biden,483
harris:100,GRN,Howie Hawkins,6
harris:100,LIB,Jo Jorgensen,8
harris:100,REP,Donald J. Trump/Michael R. Pence,417
harris:101,,Abram Loeb,0
harris:101,,Gloria La Riva,0
harris:101,,Jesse Cuellar,0
harris:101,,Kasey Wells,0
harris:101,,Over Votes,0
harris:101,,President R. Boddie,0
harris:101,,Robert Morrow,0
harris:101,,Tom Hoefling,0
harris:101,,Under Votes,4
harris:101,DEM,Joseph R. Biden,269
harris:101,GRN,Howie Hawkins,0
harris:101,LIB,Jo Jorgensen,2
harris:101,REP,Donald J. Trump/Michael R. Pence,104
harris:102,,Abram Loeb,0
harris:102,,Gloria La Riva,0
harris:102,,Jesse Cuellar,0
harris:102,,Kasey Wells,0
harris:102,,Over Votes,0
harris:102,,President R. Boddie,0
harris:102,,Robert Morrow,0
harris:102,,Tom Hoefling,0
harris:102,,Under Votes,10
harris:102,DEM,Joseph R. Biden,571
harris:102,GRN,Howie Hawkins,6
harris:102,LIB,Jo Jorgensen,13
harris:102,REP,Donald J. Trump/Michael R. Pence,276
harris:105,,Abram Loeb,0
harris:105,,Gloria La Riva,0
harris:105,,Jesse Cuellar,0
harris:105,,Kasey Wells,0
harris:105,,Over Votes,0
harris:105,,President R. Boddie,0
harris:105,,Robert Morrow,0
harris:105,,Tom Hoefling,0
harris:105,,Under Votes,21
harris:105,DEM,Joseph R. Biden,875
harris:105,GRN,Howie Hawkins,6
harris:105,LIB,Jo Jorgensen,5
harris:105,REP,Donald J. Trump/Michael R. Pence,439
harris:106,,Abram Loeb,0
harris:106,,Gloria La Riva,0
harris:106,,Jesse Cuellar,0
harris:106,,Kasey Wells,0
harris:106,,Over Votes,0
harris:106,,President R. Boddie,0
harris:106,,Robert Morrow,0
harris:106,,Tom Hoefling,0
harris:106,,Under Votes,2
harris:106,DEM,Joseph R. Biden,78
harris:106,GRN,Howie Hawkins,1
harris:106,LIB,Jo Jorgensen,1
harris:106,REP,Donald J. Trump/Michael R. Pence,63
harris:107,,Abram Loeb,0
harris:107,,Gloria La Riva,0
harris:107,,Jesse Cuellar,0
harris:107,,Kasey Wells,0
harris:107,,Over Votes,1
harris:107,,President R. Boddie,0
harris:107,,Robert Morrow,0
harris:107,,Tom Hoefling,0
harris:107,,Under Votes,7
harris:107,DEM,Joseph R. Biden,841
harris:107,GRN,Howie Hawkins,2
harris:107,LIB,Jo Jorgensen,3
harris:107,REP,Donald J. Trump/Michael R. Pence,284
harris:11,,Abram Loeb,0
harris:11,,Gloria La Riva,0
harris:11,,Jesse Cuellar,0
harris:11,,Kasey Wells,0
harris:11,,Over Votes,1
harris:11,,President R. Boddie,0
harris:11,,Robert Morrow,0
harris:11,,Tom Hoefling,0
harris:11,,Under Votes,16
harris:11,DEM,Joseph R. Biden,817
harris:11,GRN,Howie Hawkins,6
harris:11,LIB,Jo Jorgensen,11
harris:11,REP,Donald J. Trump/Michael R. Pence,242
harris:115,,Abram Loeb,0
harris:115,,Gloria La Riva,0
harris:115,,Jesse Cuellar,0
harris:115,,Kasey Wells,0
harris:115,,Over Votes,0
harris:115,,President R. Boddie,0
harris:115,,Robert Morrow,0
harris:115,,Tom Hoefling,0
harris:115,,Under Votes,11
harris:115,DEM,Joseph R. Biden,776
harris:115,GRN,Howie Hawkins,6
harris:115,LIB,Jo Jorgensen,6
harris:115,REP,Donald J. Trump/Michael R. Pence,159
harris:118,,Abram Loeb,0
harris:118,,Gloria La Riva,0
harris:118,,Jesse Cuellar,0
harris:118,,Kasey Wells,0
harris:118,,Over Votes,0
harris:118,,President R. Boddie,0
harris:118,,Robert Morrow,0
harris:118,,Tom Hoefling,0
harris:118,,Under Votes,24
harris:118,DEM,Joseph R. Biden,1851
harris:118,GRN,Howie Hawkins,8
harris:118,LIB,Jo Jorgensen,40
harris:118,REP,Donald J. Trump/Michael R. Pence,1234
harris:12,,Abram Loeb,0
harris:12,,Gloria La Riva,0
harris:12,,Jesse Cuellar,0
harris:12,,Kasey Wells,0
harris:12,,Over Votes,1
harris:12,,President R. Boddie,0
harris:12,,Robert Morrow,0
harris:12,,Tom Hoefling,0
harris:12,,Under Votes,7
harris:12,DEM,Joseph R. Biden,219
harris:12,GRN,Howie Hawkins,0
harris:12,LIB,Jo Jorgensen,3
harris:12,REP,Donald J. Trump/Michael R. Pence,202
harris:13,,Abram Loeb,0
harris:13,,Gloria La Riva,0
harris:13,,Jesse Cuellar,0
harris:13,,Kasey Wells,1
harris:13,,Over Votes,2
harris:13,,President R. Boddie,0
harris:13,,Robert Morrow,0
harris:13,,Tom Hoefling,0
harris:13,,Under Votes,17
harris:13,DEM,Joseph R. Biden,684
harris:13,GRN,Howie Hawkins,6
harris:13,LIB,Jo Jorgensen,13
harris:13,REP,Donald J. Trump/Michael R. Pence,1128
harris:134,,Abram Loeb,0
harris:134,,Gloria La Riva,0
harris:134,,Jesse Cuellar,0
harris:134,,Kasey Wells,0
harris:134,,Over Votes,1
harris:134,,President R. Boddie,0
harris:134,,Robert Morrow,0
harris:134,,Tom Hoefling,0
harris:134,,Under Votes,8
harris:134,DEM,Joseph R. Biden,637
harris:134,GRN,Howie Hawkins,4
harris:134,LIB,Jo Jorgensen,6
harris:134,REP,Donald J. Trump/Michael R. Pence,444
harris:141,,Abram Loeb,0
harris:141,,Gloria La Riva,0
harris:141,,Jesse Cuellar,0
harris:141,,Kasey Wells,0
harris:141,,Over Votes,0
harris:141,,President R. Boddie,0
harris:141,,Robert Morrow,0
harris:141,,Tom Hoefling,2
harris:141,,Under Votes,3
harris:141,DEM,Joseph R. Biden,168
harris:141,GRN,Howie Hawkins,2
harris:141,LIB,Jo Jorgensen,4
harris:141,REP,Donald J. Trump/Michael R. Pence,279
harris:142,,Abram Loeb,0
harris:142,,Gloria La Riva,0
harris:142,,Jesse Cuellar,0
harris:142,,Kasey Wells,0
harris:142,,Over Votes,1
harris:142,,President R. Boddie,0
harris:142,,Robert Morrow,0
harris:142,,Tom Hoefling,0
harris:142,,Under Votes,11
harris:142,DEM,Joseph R. Biden,340
harris:142,GRN,Howie Hawkins,2
harris:142,LIB,Jo Jorgensen,0
harris:142,REP,Donald J. Trump/Michael R. Pence,157
harris:150,,Abram Loeb,0
harris:150,,Gloria La Riva,0
harris:150,,Jesse Cuellar,0
harris:150,,Kasey Wells,0
harris:150,,Over Votes,0
harris:150,,President R. Boddie,0
harris:150,,Robert Morrow,0
harris:150,,Tom Hoefling,0
harris:150,,Under Votes,17
harris:150,DEM,Joseph R. Biden,798
harris:150,GRN,Howie Hawkins,3
harris:150,LIB,Jo Jorgensen,4
harris:150,REP,Donald J. Trump/Michael R. Pence,58
harris:152,,Abram Loeb,0
harris:152,,Gloria La Riva,0
harris:152,,Jesse Cuellar,0
harris:152,,Kasey Wells,0
harris:152,,Over Votes,0
harris:152,,President R. Boddie,0
harris:152,,Robert Morrow,0
harris:152,,Tom Hoefling,0
harris:152,,Under Votes,20
harris:152,DEM,Joseph R. Biden,1062
harris:152,GRN,Howie Hawkins,10
harris:152,LIB,Jo Jorgensen,14
harris:152,REP,Donald J. Trump/Michael R. Pence,443
harris:153,,Abram Loeb,0
harris:153,,Gloria La Riva,0
harris:153,,Jesse Cuellar,0
harris:153,,Kasey Wells,0
harris:153,,Over Votes,0
harris:153,,President R. Boddie,0
harris:153,,Robert Morrow,0
harris:153,,Tom Hoefling,0
harris:153,,Under Votes,11
harris:153,DEM,Joseph R. Biden,692
harris:153,GRN,Howie Hawkins,2
harris:153,LIB,Jo Jorgensen,2
harris:153,REP,Donald J. Trump/Michael R. Pence,340
harris:154,,Abram Loeb,0
harris:154,,Gloria La Riva,0
harris:154,,Jesse Cuellar,0
harris:154,,Kasey Wells,0
harris:154,,Over Votes,1
harris:154,,President R. Boddie,0
harris:154,,Robert Morrow,0
harris:154,,Tom Hoefling,0
harris:154,,Under Votes,23
harris:154,DEM,Joseph R. Biden,938
harris:154,GRN,Howie Hawkins,5
harris:154,LIB,Jo Jorgensen,5
harris:154,REP,Donald J. Trump/Michael R. Pence,367
harris:162,,Abram Loeb,0
harris:162,,Gloria La Riva,0
harris:162,,Jesse Cuellar,0
harris:162,,Kasey Wells,0
harris:162,,Over Votes,0
harris:162,,President R. Boddie,0
harris:162,,Robert Morrow,0
harris:162,,Tom Hoefling,0
harris:162,,Under Votes,16
harris:162,DEM,Joseph R. Biden,447
harris:162,GRN,Howie Hawkins,2
harris:162,LIB,Jo Jorgensen,5
harris:162,REP,Donald J. Trump/Michael R. Pence,287
harris:163,,Abram Loeb,0
harris:163,,Gloria La Riva,0
harris:163,,Jesse Cuellar,0
harris:163,,Kasey Wells,0
harris:163,,Over Votes,2
harris:163,,President R. Boddie,0
harris:163,,Robert Morrow,0
harris:163,,Tom Hoefling,0
harris:163,,Under Votes,24
harris:163,DEM,Joseph R. Biden,1002
harris:163,GRN,Howie Hawkins,4
harris:163,LIB,Jo Jorgensen,13
harris:163,REP,Donald J. Trump/Michael R. Pence,705
harris:166,,Abram Loeb,0
harris:166,,Gloria La Riva,0
harris:166,,Jesse Cuellar,0
harris:166,,Kasey Wells,0
harris:166,,Over Votes,0
harris:166,,President R. Boddie,0
harris:166,,Robert Morrow,0
harris:166,,Tom Hoefling,0
harris:166,,Under Votes,7
harris:166,DEM,Joseph R. Biden,767
harris:166,GRN,Howie Hawkins,3
harris:166,LIB,Jo Jorgensen,17
harris:166,REP,Donald J. Trump/Michael R. Pence,301
harris:167,,Abram Loeb,0
harris:167,,Gloria La Riva,0
harris:167,,Jesse Cuellar,0
harris:167,,Kasey Wells,0
harris:167,,Over Votes,0
harris:167,,President R. Boddie,0
harris:167,,Robert Morrow,0
harris:167,,Tom Hoefling,0
harris:167,,Under Votes,0
harris:167,DEM,Joseph R. Biden,7
harris:167,GRN,Howie Hawkins,0
harris:167,LIB,Jo Jorgensen,0
harris:167,REP,Donald J. Trump/Michael R. Pence,2
harris:170,,Abram Loeb,0
harris:170,,Gloria La Riva,0
harris:170,,Jesse Cuellar,0
harris:170,,Kasey Wells,0
harris:170,,Over Votes,1
harris:170,,President R. Boddie,0
harris:170,,Robert Morrow,0
harris:170,,Tom Hoefling,0
harris:170,,Under Votes,11
harris:170,DEM,Joseph R. Biden,543
harris:170,GRN,Howie Hawkins,2
harris:170,LIB,Jo Jorgensen,15
harris:170,REP,Donald J. Trump/Michael R. Pence,558
harris:171,,Abram Loeb,0
harris:171,,Gloria La Riva,0
harris:171,,Jesse Cuellar,0
harris:171,,Kasey Wells,0
harris:171,,Over Votes,1
harris:171,,President R. Boddie,0
harris:171,,Robert Morrow,0
harris:171,,Tom Hoefling,0
harris:171,,Under Votes,9
harris:171,DEM,Joseph R. Biden,646
harris:171,GRN,Howie Hawkins,3
harris:171,LIB,Jo Jorgensen,3
harris:171,REP,Donald J. Trump/Michael R. Pence,85
harris:172,,Abram Loeb,0
harris:172,,Gloria La Riva,0
harris:172,,Jesse Cuellar,0
harris:172,,Kasey Wells,0
harris:172,,Over Votes,0
harris:172,,President R. Boddie,0
harris:172,,Robert Morrow,0
harris:172,,Tom Hoefling,0
harris:172,,Under Votes,4
harris:172,DEM,Joseph R. Biden,292
harris:172,GRN,Howie Hawkins,0
harris:172,LIB,Jo Jorgensen,1
harris:172,REP,Donald J. Trump/Michael R. Pence,128
harris:181,,Abram Loeb,0
harris:181,,Gloria La Riva,0
harris:181,,Jesse Cuellar,0
harris:181,,Kasey Wells,0
harris:181,,Over Votes,0
harris:181,,President R. Boddie,0
harris:181,,Robert Morrow,0
harris:181,,Tom Hoefling,0
harris:181,,Under Votes,15
harris:181,DEM,Joseph R. Biden,868
harris:181,GRN,Howie Hawkins,10
harris:181,LIB,Jo Jorgensen,8
harris:181,REP,Donald J. Trump/Michael R. Pence,393
harris:184,,Abram Loeb,0
harris:184,,Gloria La Riva,0
harris:184,,Jesse Cuellar,0
harris:184,,Kasey Wells,0
harris:184,,Over Votes,0
harris:184,,President R. Boddie,0
harris:184,,Robert Morrow,0
harris:184,,Tom Hoefling,0
harris:184,,Under Votes,8
harris:184,DEM,Joseph R. Biden,441
harris:184,GRN,Howie Hawkins,1
harris:184,LIB,Jo Jorgensen,7
harris:184,REP,Donald J. Trump/Michael R. Pence,180
harris:185,,Abram Loeb,0
harris:185,,Gloria La Riva,0
harris:185,,Jesse Cuellar,0
harris:185,,Kasey Wells,0
harris:185,,Over Votes,0
harris:185,,President R. Boddie,0
harris:185,,Robert Morrow,0
harris:185,,Tom Hoefling,0
harris:185,,Under Votes,12
harris:185,DEM,Joseph R. Biden,846
harris:185,GRN,Howie Hawkins,6
harris:185,LIB,Jo Jorgensen,5
harris:185,REP,Donald J. Trump/Michael R. Pence,404
harris:187,,Abram Loeb,0
harris:187,,Gloria La Riva,0
harris:187,,Jesse Cuellar,0
harris:187,,Kasey Wells,0
harris:187,,Over Votes,0
harris:187,,President R. Boddie,0
harris:187,,Robert Morrow,0
harris:187,,Tom Hoefling,0
harris:187,,Under Votes,1
harris:187,DEM,Joseph R. Biden,100
harris:187,GRN,Howie Hawkins,2
harris:187,LIB,Jo Jorgensen,1
harris:187,REP,Donald J. Trump/Michael R. Pence,43
harris:188,,Abram Loeb,0
harris:188,,Gloria La Riva,0
harris:188,,Jesse Cuellar,0
harris:188,,Kasey Wells,0
harris:188,,Over Votes,1
harris:188,,President R. Boddie,0
harris:188,,Robert Morrow,0
harris:188,,Tom Hoefling,0
harris:188,,Under Votes,8
harris:188,DEM,Joseph R. Biden,526
harris:188,GRN,Howie Hawkins,4
harris:188,LIB,Jo Jorgensen,9
harris:188,REP,Donald J. Trump/Michael R. Pence,357
harris:19,,Abram Loeb,0
harris:19,,Gloria La Riva,0
harris:19,,Jesse Cuellar,0
harris:19,,Kasey Wells,0
harris:19,,Over Votes,0
harris:19,,President R. Boddie,0
harris:19,,Robert Morrow,0
harris:19,,Tom Hoefling,0
harris:19,,Under Votes,8
harris:19,DEM,Joseph R. Biden,964
harris:19,GRN,Howie Hawkins,3
harris:19,LIB,Jo Jorgensen,35
harris:19,REP,Donald J. Trump/Michael R. Pence,292
harris:190,,Abram Loeb,0
harris:190,,Gloria La Riva,0
harris:190,,Jesse Cuellar,0
harris:190,,Kasey Wells,0
harris:190,,Over Votes,0
harris:190,,President R. Boddie,0
harris:190,,Robert Morrow,0
harris:190,,Tom Hoefling,0
harris:190,,Under Votes,12
harris:190,DEM,Joseph R. Biden,588
harris:190,GRN,Howie Hawkins,8
harris:190,LIB,Jo Jorgensen,10
harris:190,REP,Donald J. Trump/Michael R. Pence,374
harris:191,,Abram Loeb,0
harris:191,,Gloria La Riva,0
harris:191,,Jesse Cuellar,0
harris:191,,Kasey Wells,0
harris:191,,Over Votes,0
harris:191,,President R. Boddie,0
harris:191,,Robert Morrow,0
harris:191,,Tom Hoefling,0
harris:191,,Under Votes,9
harris:191,DEM,Joseph R. Biden,417
harris:191,GRN,Howie Hawkins,4
harris:191,LIB,Jo Jorgensen,3
harris:191,REP,Donald J. Trump/Michael R. Pence,263
harris:196,,Abram Loeb,0
harris:196,,Gloria La Riva,0
harris:196,,Jesse Cuellar,0
harris:196,,Kasey Wells,0
harris:196,,Over Votes,0
harris:196,,President R. Boddie,0
harris:196,,Robert Morrow,0
harris:196,,Tom Hoefling,0
harris:196,,Under Votes,3
harris:196,DEM,Joseph R. Biden,207
harris:196,GRN,Howie Hawkins,3
harris:196,LIB,Jo Jorgensen,3
harris:196,REP,Donald J. Trump/Michael R. Pence,40
harris:2,,Abram Loeb,0
harris:2,,Gloria La Riva,0
harris:2,,Jesse Cuellar,0
harris:2,,Kasey Wells,0
harris:2,,Over Votes,0
harris:2,,President R. Boddie,0
harris:2,,Robert Morrow,0
harris:2,,Tom Hoefling,0
harris:2,,Under Votes,11
harris:2,DEM,Joseph R. Biden,1093
harris:2,GRN,Howie Hawkins,3
harris:2,LIB,Jo Jorgensen,44
harris:2,REP,Donald J. Trump/Michael R. Pence,448
harris:203,,Abram Loeb,0
harris:203,,Gloria La Riva,0
harris:203,,Jesse Cuellar,0
harris:203,,Kasey Wells,0
harris:203,,Over Votes,0
harris:203,,President R. Boddie,0
harris:203,,Robert Morrow,0
harris:203,,Tom Hoefling,0
harris:203,,Under Votes,5
harris:203,DEM,Joseph R. Biden,380
harris:203,GRN,Howie Hawkins,3
harris:203,LIB,Jo Jorgensen,5
harris:203,REP,Donald J. Trump/Michael R. Pence,116
harris:206,,Abram Loeb,0
harris:206,,Gloria La Riva,0
harris:206,,Jesse Cuellar,0
harris:206,,Kasey Wells,0
harris:206,,Over Votes,0
harris:206,,President R. Boddie,0
harris:206,,Robert Morrow,0
harris:206,,Tom Hoefling,0
harris:206,,Under Votes,14
harris:206,DEM,Joseph R. Biden,1706
harris:206,GRN,Howie Hawkins,7
harris:206,LIB,Jo Jorgensen,40
harris:206,REP,Donald J. Trump/Michael R. Pence,629
harris:207,,Abram Loeb,0
harris:207,,Gloria La Riva,1
harris:207,,Jesse Cuellar,0
harris:207,,Kasey Wells,0
harris:207,,Over Votes,0
harris:207,,President R. Boddie,0
harris:207,,Robert Morrow,0
harris:207,,Tom Hoefling,0
harris:207,,Under Votes,8
harris:207,DEM,Joseph R. Biden,621
harris:207,GRN,Howie Hawkins,4
harris:207,LIB,Jo Jorgensen,10
harris:207,REP,Donald J. Trump/Michael R. Pence,247
harris:208,,Abram Loeb,0
harris:208,,Gloria La Riva,0
harris:208,,Jesse Cuellar,0
harris:208,,Kasey Wells,0
harris:208,,Over Votes,0
harris:208,,President R. Boddie,0
harris:208,,Robert Morrow,0
harris:208,,Tom Hoefling,0
harris:208,,Under Votes,49
harris:208,DEM,Joseph R. Biden,874
harris:208,GRN,Howie Hawkins,8
harris:208,LIB,Jo Jorgensen,7
harris:208,REP,Donald J. Trump/Michael R. Pence,495
harris:211,,Abram Loeb,0
harris:211,,Gloria La Riva,0
harris:211,,Jesse Cuellar,0
harris:211,,Kasey Wells,0
harris:211,,Over Votes,0
harris:211,,President R. Boddie,0
harris:211,,Robert Morrow,0
harris:211,,Tom Hoefling,0
harris:211,,Under Votes,22
harris:211,DEM,Joseph R. Biden,1087
harris:211,GRN,Howie Hawkins,17
harris:211,LIB,Jo Jorgensen,16
harris:211,REP,Donald J. Trump/Michael R. Pence,723
harris:212,,Abram Loeb,0
harris:212,,Gloria La Riva,0
harris:212,,Jesse Cuellar,0
harris:212,,Kasey Wells,0
harris:212,,Over Votes,0
harris:212,,President R. Boddie,0
harris:212,,Robert Morrow,0
harris:212,,Tom Hoefling,0
harris:212,,Under Votes,9
harris:212,DEM,Joseph R. Biden,488
harris:212,GRN,Howie Hawkins,4
harris:212,LIB,Jo Jorgensen,4
harris:212,REP,Donald J. Trump/Michael R. Pence,204
harris:218,,Abram Loeb,0
harris:218,,Gloria La Riva,0
harris:218,,Jesse Cuellar,0
harris:218,,Kasey Wells,0
harris:218,,Over Votes,0
harris:218,,President R. Boddie,0
harris:218,,Robert Morrow,0
harris:218,,Tom Hoefling,0
harris:218,,Under Votes,18
harris:218,DEM,Joseph R. Biden,1340
harris:218,GRN,Howie Hawkins,8
harris:218,LIB,Jo Jorgensen,15
harris:218,REP,Donald J. Trump/Michael R. Pence,476
harris:220,,Abram Loeb,0
harris:220,,Gloria La Riva,0
harris:220,,Jesse Cuellar,0
harris:220,,Kasey Wells,0
harris:220,,Over Votes,2
harris:220,,President R. Boddie,0
harris:220,,Robert Morrow,0
harris:220,,Tom Hoefling,0
harris:220,,Under Votes,16
harris:220,DEM,Joseph R. Biden,446
harris:220,GRN,Howie Hawkins,9
harris:220,LIB,Jo Jorgensen,5
harris:220,REP,Donald J. Trump/Michael R. Pence,817
harris:221,,Abram Loeb,0
harris:221,,Gloria La Riva,0
harris:221,,Jesse Cuellar,0
harris:221,,Kasey Wells,0
harris:221,,Over Votes,0
harris:221,,President R. Boddie,0
harris:221,,Robert Morrow,0
harris:221,,Tom Hoefling,0
harris:221,,Under Votes,18
harris:221,DEM,Joseph R. Biden,1029
harris:221,GRN,Howie Hawkins,7
harris:221,LIB,Jo Jorgensen,10
harris:221,REP,Donald J. Trump/Michael R. Pence,663
harris:226,,Abram Loeb,0
harris:226,,Gloria La Riva,0
harris:226,,Jesse Cuellar,0
harris:226,,Kasey Wells,0
harris:226,,Over Votes,0
harris:226,,President R. Boddie,0
harris:226,,Robert Morrow,0
harris:226,,Tom Hoefling,0
harris:226,,Under Votes,16
harris:226,DEM,Joseph R. Biden,975
harris:226,GRN,Howie Hawkins,7
harris:226,LIB,Jo Jorgensen,11
harris:226,REP,Donald J. Trump/Michael R. Pence,377
harris:229,,Abram Loeb,0
harris:229,,Gloria La Riva,0
harris:229,,Jesse Cuellar,0
harris:229,,Kasey Wells,0
harris:229,,Over Votes,0
harris:229,,President R. Boddie,0
harris:229,,Robert Morrow,0
harris:229,,Tom Hoefling,0
harris:229,,Under Votes,6
harris:229,DEM,Joseph R. Biden,271
harris:229,GRN,Howie Hawkins,2
harris:229,LIB,Jo Jorgensen,5
harris:229,REP,Donald J. Trump/Michael R. Pence,164
harris:23,,Abram Loeb,0
harris:23,,Gloria La Riva,0
harris:23,,Jesse Cuellar,0
harris:23,,Kasey Wells,0
harris:23,,Over Votes,1
harris:23,,President R. Boddie,0
harris:23,,Robert Morrow,0
harris:23,,Tom Hoefling,0
harris:23,,Under Votes,3
harris:23,DEM,Joseph R. Biden,206
harris:23,GRN,Howie Hawkins,2
harris:23,LIB,Jo Jorgensen,3
harris:23,REP,Donald J. Trump/Michael R. Pence,55
harris:231,,Abram Loeb,0
harris:231,,Gloria La Riva,0
harris:231,,Jesse Cuellar,0
harris:231,,Kasey Wells,0
harris:231,,Over Votes,0
harris:231,,President R. Boddie,0
harris:231,,Robert Morrow,0
harris:231,,Tom Hoefling,0
harris:231,,Under Votes,17
harris:231,DEM,Joseph R. Biden,916
harris:231,GRN,Howie Hawkins,7
harris:231,LIB,Jo Jorgensen,4
harris:231,REP,Donald J. Trump/Michael R. Pence,406
harris:241,,Abram Loeb,0
harris:241,,Gloria La Riva,0
harris:241,,Jesse Cuellar,0
harris:241,,Kasey Wells,0
harris:241,,Over Votes,0
harris:241,,President R. Boddie,0
harris:241,,Robert Morrow,0
harris:241,,Tom Hoefling,0
harris:241,,Under Votes,13
harris:241,DEM,Joseph R. Biden,784
harris:241,GRN,Howie Hawkins,3
harris:241,LIB,Jo Jorgensen,11
harris:241,REP,Donald J. Trump/Michael R. Pence,482
harris:242,,Abram Loeb,0
harris:242,,Gloria La Riva,0
harris:242,,Jesse Cuellar,0
harris:242,,Kasey Wells,0
harris:242,,Over Votes,0
harris:242,,President R. Boddie,0
harris:242,,Robert Morrow,0
harris:242,,Tom Hoefling,0
harris:242,,Under Votes,19
harris:242,DEM,Joseph R. Biden,501
harris:242,GRN,Howie Hawkins,7
harris:242,LIB,Jo Jorgensen,7
harris:242,REP,Donald J. Trump/Michael R. Pence,458
harris:248,,Abram Loeb,0
harris:248,,Gloria La Riva,0
harris:248,,Jesse Cuellar,0
harris:248,,Kasey Wells,0
harris:248,,Over Votes,1
harris:248,,President R. Boddie,0
harris:248,,Robert Morrow,0
harris:248,,Tom Hoefling,0
harris:248,,Under Votes,18
harris:248,DEM,Joseph R. Biden,604
harris:248,GRN,Howie Hawkins,5
harris:248,LIB,Jo Jorgensen,15
harris:248,REP,Donald J. Trump/Michael R. Pence,323
harris:250,,Abram Loeb,0
harris:250,,Gloria La Riva,0
harris:250,,Jesse Cuellar,0
harris:250,,Kasey Wells,0
harris:250,,Over Votes,0
harris:250,,President R. Boddie,0
harris:250,,Robert Morrow,0
harris:250,,Tom Hoefling,0
harris:250,,Under Votes,4
harris:250,DEM,Joseph R. Biden,487
harris:250,GRN,Howie Hawkins,1
harris:250,LIB,Jo Jorgensen,1
harris:250,REP,Donald J. Trump/Michael R. Pence,32
harris:251,,Abram Loeb,0
harris:251,,Gloria La Riva,0
harris:251,,Jesse Cuellar,0
harris:251,,Kasey Wells,0
harris:251,,Over Votes,0
harris:251,,President R. Boddie,0
harris:251,,Robert Morrow,0
harris:251,,Tom Hoefling,0
harris:251,,Under Votes,19
harris:251,DEM,Joseph R. Biden,1210
harris:251,GRN,Howie Hawkins,3
harris:251,LIB,Jo Jorgensen,17
harris:251,REP,Donald J. Trump/Michael R. Pence,217
harris:254,,Abram Loeb,0
harris:254,,Gloria La Riva,0
harris:254,,Jesse Cuellar,0
harris:254,,Kasey Wells,0
harris:254,,Over Votes,2
harris:254,,President R. Boddie,0
harris:254,,Robert Morrow,0
harris:254,,Tom Hoefling,0
harris:254,,Under Votes,8
harris:254,DEM,Joseph R. Biden,567
harris:254,GRN,Howie Hawkins,6
harris:254,LIB,Jo Jorgensen,6
harris:254,REP,Donald J. Trump/Michael R. Pence,258
harris:257,,Abram Loeb,0
harris:257,,Gloria La Riva,0
harris:257,,Jesse Cuellar,0
harris:257,,Kasey Wells,0
harris:257,,Over Votes,0
harris:257,,President R. Boddie,0
harris:257,,Robert Morrow,0
harris:257,,Tom Hoefling,0
harris:257,,Under Votes,23
harris:257,DEM,Joseph R. Biden,1412
harris:257,GRN,Howie Hawkins,8
harris:257,LIB,Jo Jorgensen,14
harris:257,REP,Donald J. Trump/Michael R. Pence,553
harris:26,,Abram Loeb,0
harris:26,,Gloria La Riva,0
harris:26,,Jesse Cuellar,0
harris:26,,Kasey Wells,0
harris:26,,Over Votes,0
harris:26,,President R. Boddie,0
harris:26,,Robert Morrow,0
harris:26,,Tom Hoefling,0
harris:26,,Under Votes,11
harris:26,DEM,Joseph R. Biden,1071
harris:26,GRN,Howie Hawkins,4
harris:26,LIB,Jo Jorgensen,17
harris:26,REP,Donald J. Trump/Michael R. Pence,310
harris:261,,Abram Loeb,0
harris:261,,Gloria La Riva,0
harris:261,,Jesse Cuellar,0
harris:261,,Kasey Wells,0
harris:261,,Over Votes,0
harris:261,,President R. Boddie,0
harris:261,,Robert Morrow,0
harris:261,,Tom Hoefling,0
harris:261,,Under Votes,8
harris:261,DEM,Joseph R. Biden,496
harris:261,GRN,Howie Hawkins,2
harris:261,LIB,Jo Jorgensen,4
harris:261,REP,Donald J. Trump/Michael R. Pence,279
harris:266,,Abram Loeb,0
harris:266,,Gloria La Riva,0
harris:266,,Jesse Cuellar,0
harris:266,,Kasey Wells,0
harris:266,,Over Votes,2
harris:266,,President R. Boddie,0
harris:266,,Robert Morrow,0
harris:266,,Tom Hoefling,0
harris:266,,Under Votes,9
harris:266,DEM,Joseph R. Biden,724
harris:266,GRN,Howie Hawkins,2
harris:266,LIB,Jo Jorgensen,15
harris:266,REP,Donald J. Trump/Michael R. Pence,523
harris:267,,Abram Loeb,0
harris:267,,Gloria La Riva,0
harris:267,,Jesse Cuellar,0
harris:267,,Kasey Wells,0
harris:267,,Over Votes,2
harris:267,,President R. Boddie,0
harris:267,,Robert Morrow,0
harris:267,,Tom Hoefling,0
harris:267,,Under Votes,6
harris:267,DEM,Joseph R. Biden,478
harris:267,GRN,Howie Hawkins,2
harris:267,LIB,Jo Jorgensen,7
harris:267,REP,Donald J. Trump/Michael R. Pence,344
harris:27,,Abram Loeb,0
harris:27,,Gloria La Riva,0
harris:27,,Jesse Cuellar,0
harris:27,,Kasey Wells,0
harris:27,,Over Votes,1
harris:27,,President R. Boddie,0
harris:27,,Robert Morrow,0
harris:27,,Tom Hoefling,0
harris:27,,Under Votes,25
harris:27,DEM,Joseph R. Biden,1690
harris:27,GRN,Howie Hawkins,15
harris:27,LIB,Jo Jorgensen,22
harris:27,REP,Donald J. Trump/Michael R. Pence,496
harris:275,,Abram Loeb,0
harris:275,,Gloria La Riva,0
harris:275,,Jesse Cuellar,0
harris:275,,Kasey Wells,0
harris:275,,Over Votes,0
harris:275,,President R. Boddie,0
harris:275,,Robert Morrow,0
harris:275,,Tom Hoefling,0
harris:275,,Under Votes,11
harris:275,DEM,Joseph R. Biden,718
harris:275,GRN,Howie Hawkins,9
harris:275,LIB,Jo Jorgensen,6
harris:275,REP,Donald J. Trump/Michael R. Pence,197
harris:277,,Abram Loeb,0
harris:277,,Gloria La Riva,0
harris:277,,Jesse Cuellar,0
harris:277,,Kasey Wells,0
harris:277,,Over Votes,0
harris:277,,President R. Boddie,0
harris:277,,Robert Morrow,0
harris:277,,Tom Hoefling,0
harris:277,,Under Votes,5
harris:277,DEM,Joseph R. Biden,616
harris:277,GRN,Howie Hawkins,7
harris:277,LIB,Jo Jorgensen,8
harris:277,REP,Donald J. Trump/Michael R. Pence,414
harris:278,,Abram Loeb,0
harris:278,,Gloria La Riva,0
harris:278,,Jesse Cuellar,0
harris:278,,Kasey Wells,0
harris:278,,Over Votes,0
harris:278,,President R. Boddie,0
harris:278,,Robert Morrow,0
harris:278,,Tom Hoefling,0
harris:278,,Under Votes,23
harris:278,DEM,Joseph R. Biden,922
harris:278,GRN,Howie Hawkins,9
harris:278,LIB,Jo Jorgensen,9
harris:278,REP,Donald J. Trump/Michael R. Pence,787
harris:280,,Abram Loeb,0
harris:280,,Gloria La Riva,0
harris:280,,Jesse Cuellar,0
harris:280,,Kasey Wells,0
harris:280,,Over Votes,0
harris:280,,President R. Boddie,0
harris:280,,Robert Morrow,0
harris:280,,Tom Hoefling,0
harris:280,,Under Votes,7
harris:280,DEM,Joseph R. Biden,591
harris:280,GRN,Howie Hawkins,3
harris:280,LIB,Jo Jorgensen,4
harris:280,REP,Donald J. Trump/Michael R. Pence,282
harris:285,,Abram Loeb,0
harris:285,,Gloria La Riva,0
harris:285,,Jesse Cuellar,0
harris:285,,Kasey Wells,0
harris:285,,Over Votes,2
harris:285,,President R. Boddie,0
harris:285,,Robert Morrow,0
harris:285,,Tom Hoefling,0
harris:285,,Under Votes,19
harris:285,DEM,Joseph R. Biden,1390
harris:285,GRN,Howie Hawkins,3
harris:285,LIB,Jo Jorgensen,5
harris:285,REP,Donald J. Trump/Michael R. Pence,208
harris:289,,Abram Loeb,0
harris:289,,Gloria La Riva,0
harris:289,,Jesse Cuellar,0
harris:289,,Kasey Wells,0
harris:289,,Over Votes,0
harris:289,,President R. Boddie,0
harris:289,,Robert Morrow,0
harris:289,,Tom Hoefling,0
harris:289,,Under Votes,10
harris:289,DEM,Joseph R. Biden,548
harris:289,GRN,Howie Hawkins,4
harris:289,LIB,Jo Jorgensen,11
harris:289,REP,Donald J. Trump/Michael R. Pence,389
harris:29,,Abram Loeb,0
harris:29,,Gloria La Riva,0
harris:29,,Jesse Cuellar,0
harris:29,,Kasey Wells,0
harris:29,,Over Votes,0
harris:29,,President R. Boddie,0
harris:29,,Robert Morrow,0
harris:29,,Tom Hoefling,0
harris:29,,Under Votes,20
harris:29,DEM,Joseph R. Biden,730
harris:29,GRN,Howie Hawkins,2
harris:29,LIB,Jo Jorgensen,13
harris:29,REP,Donald J. Trump/Michael R. Pence,571
harris:301,,Abram Loeb,0
harris:301,,Gloria La Riva,0
harris:301,,Jesse Cuellar,0
harris:301,,Kasey Wells,0
harris:301,,Over Votes,3
harris:301,,President R. Boddie,0
harris:301,,Robert Morrow,0
harris:301,,Tom Hoefling,0
harris:301,,Under Votes,10
harris:301,DEM,Joseph R. Biden,720
harris:301,GRN,Howie Hawkins,4
harris:301,LIB,Jo Jorgensen,7
harris:301,REP,Donald J. Trump/Michael R. Pence,564
harris:302,,Abram Loeb,0
harris:302,,Gloria La Riva,0
harris:302,,Jesse Cuellar,0
harris:302,,Kasey Wells,0
harris:302,,Over Votes,0
harris:302,,President R. Boddie,0
harris:302,,Robert Morrow,0
harris:302,,Tom Hoefling,0
harris:302,,Under Votes,22
harris:302,DEM,Joseph R. Biden,919
harris:302,GRN,Howie Hawkins,4
harris:302,LIB,Jo Jorgensen,15
harris:302,REP,Donald J. Trump/Michael R. Pence,1049
harris:308,,Abram Loeb,0
harris:308,,Gloria La Riva,0
harris:308,,Jesse Cuellar,0
harris:308,,Kasey Wells,0
harris:308,,Over Votes,1
harris:308,,President R. Boddie,0
harris:308,,Robert Morrow,0
harris:308,,Tom Hoefling,0
harris:308,,Under Votes,6
harris:308,DEM,Joseph R. Biden,649
harris:308,GRN,Howie Hawkins,1
harris:308,LIB,Jo Jorgensen,8
harris:308,REP,Donald J. Trump/Michael R. Pence,249
harris:320,,Abram Loeb,0
harris:320,,Gloria La Riva,0
harris:320,,Jesse Cuellar,0
harris:320,,Kasey Wells,0
harris:320,,Over Votes,1
harris:320,,President R. Boddie,0
harris:320,,Robert Morrow,0
harris:320,,Tom Hoefling,0
harris:320,,Under Votes,6
harris:320,DEM,Joseph R. Biden,525
harris:320,GRN,Howie Hawkins,4
harris:320,LIB,Jo Jorgensen,3
harris:320,REP,Donald J. Trump/Michael R. Pence,394
harris:321,,Abram Loeb,0
harris:321,,Gloria La Riva,0
harris:321,,Jesse Cuellar,0
harris:321,,Kasey Wells,0
harris:321,,Over Votes,0
harris:321,,President R. Boddie,0
harris:321,,Robert Morrow,0
harris:321,,Tom Hoefling,0
harris:321,,Under Votes,14
harris:321,DEM,Joseph R. Biden,888
harris:321,GRN,Howie Hawkins,3
harris:321,LIB,Jo Jorgensen,9
harris:321,REP,Donald J. Trump/Michael R. Pence,436
harris:325,,Abram Loeb,0
harris:325,,Gloria La Riva,0
harris:325,,Jesse Cuellar,0
harris:325,,Kasey Wells,0
harris:325,,Over Votes,0
harris:325,,President R. Boddie,0
harris:325,,Robert Morrow,0
harris:325,,Tom Hoefling,0
harris:325,,Under Votes,11
harris:325,DEM,Joseph R. Biden,956
harris:325,GRN,Howie Hawkins,6
harris:325,LIB,Jo Jorgensen,3
harris:325,REP,Donald J. Trump/Michael R. Pence,305
harris:326,,Abram Loeb,0
harris:326,,Gloria La Riva,0
harris:326,,Jesse Cuellar,0
harris:326,,Kasey Wells,0
harris:326,,Over Votes,0
harris:326,,President R. Boddie,0
harris:326,,Robert Morrow,0
harris:326,,Tom Hoefling,0
harris:326,,Under Votes,3
harris:326,DEM,Joseph R. Biden,284
harris:326,GRN,Howie Hawkins,5
harris:326,LIB,Jo Jorgensen,4
harris:326,REP,Donald J. Trump/Michael R. Pence,197
harris:328,,Abram Loeb,0
harris:328,,Gloria La Riva,0
harris:328,,Jesse Cuellar,0
harris:328,,Kasey Wells,0
harris:328,,Over Votes,0
harris:328,,President R. Boddie,0
harris:328,,Robert Morrow,0
harris:328,,Tom Hoefling,0
harris:328,,Under Votes,7
harris:328,DEM,Joseph R. Biden,527
harris:328,GRN,Howie Hawkins,5
harris:328,LIB,Jo Jorgensen,10
harris:328,REP,Donald J. Trump/Michael R. Pence,289
harris:329,,Abram Loeb,0
harris:329,,Gloria La Riva,0
harris:329,,Jesse Cuellar,0
harris:329,,Kasey Wells,0
harris:329,,Over Votes,0
harris:329,,President R. Boddie,0
harris:329,,Robert Morrow,0
harris:329,,Tom Hoefling,0
harris:329,,Under Votes,12
harris:329,DEM,Joseph R. Biden,657
harris:329,GRN,Howie Hawkins,9
harris:329,LIB,Jo Jorgensen,6
harris:329,REP,Donald J. Trump/Michael R. Pence,347
harris:339,,Abram Loeb,0
harris:339,,Gloria La Riva,0
harris:339,,Jesse Cuellar,0
harris:339,,Kasey Wells,0
harris:339,,Over Votes,1
harris:339,,President R. Boddie,0
harris:339,,Robert Morrow,0
harris:339,,Tom Hoefling,0
harris:339,,Under Votes,17
harris:339,DEM,Joseph R. Biden,910
harris:339,GRN,Howie Hawkins,5
harris:339,LIB,Jo Jorgensen,14
harris:339,REP,Donald J. Trump/Michael R. Pence,289
harris:341,,Abram Loeb,0
harris:341,,Gloria La Riva,0
harris:341,,Jesse Cuellar,0
harris:341,,Kasey Wells,0
harris:341,,Over Votes,0
harris:341,,President R. Boddie,0
harris:341,,Robert Morrow,0
harris:341,,Tom Hoefling,0
harris:341,,Under Votes,7
harris:341,DEM,Joseph R. Biden,545
harris:341,GRN,Howie Hawkins,1
harris:341,LIB,Jo Jorgensen,7
harris:341,REP,Donald J. Trump/Michael R. Pence,214
harris:343,,Abram Loeb,0
harris:343,,Gloria La Riva,0
harris:343,,Jesse Cuellar,0
harris:343,,Kasey Wells,0
harris:343,,Over Votes,0
harris:343,,President R. Boddie,0
harris:343,,Robert Morrow,0
harris:343,,Tom Hoefling,0
harris:343,,Under Votes,14
harris:343,DEM,Joseph R. Biden,925
harris:343,GRN,Howie Hawkins,5
harris:343,LIB,Jo Jorgensen,11
harris:343,REP,Donald J. Trump/Michael R. Pence,371
harris:344,,Abram Loeb,0
harris:344,,Gloria La Riva,0
harris:344,,Jesse Cuellar,0
harris:344,,Kasey Wells,0
harris:344,,Over Votes,1
harris:344,,President R. Boddie,0
harris:344,,Robert Morrow,0
harris:344,,Tom Hoefling,0
harris:344,,Under Votes,4
harris:344,DEM,Joseph R. Biden,586
harris:344,GRN,Howie Hawkins,2
harris:344,LIB,Jo Jorgensen,2
harris:344,REP,Donald J. Trump/Michael R. Pence,54
harris:347,,Abram Loeb,0
harris:347,,Gloria La Riva,0
harris:347,,Jesse Cuellar,0
harris:347,,Kasey Wells,0
harris:347,,Over Votes,3
harris:347,,President R. Boddie,0
harris:347,,Robert Morrow,0
harris:347,,Tom Hoefling,0
harris:347,,Under Votes,30
harris:347,DEM,Joseph R. Biden,1118
harris:347,GRN,Howie Hawkins,8
harris:347,LIB,Jo Jorgensen,20
harris:347,REP,Donald J. Trump/Michael R. Pence,1362
harris:353,,Abram Loeb,0
harris:353,,Gloria La Riva,0
harris:353,,Jesse Cuellar,0
harris:353,,Kasey Wells,0
harris:353,,Over Votes,0
harris:353,,President R. Boddie,0
harris:353,,Robert Morrow,0
harris:353,,Tom Hoefling,0
harris:353,,Under Votes,28
harris:353,DEM,Joseph R. Biden,2117
harris:353,GRN,Howie Hawkins,6
harris:353,LIB,Jo Jorgensen,24
harris:353,REP,Donald J. Trump/Michael R. Pence,645
harris:354,,Abram Loeb,0
harris:354,,Gloria La Riva,0
harris:354,,Jesse Cuellar,0
harris:354,,Kasey Wells,0
harris:354,,Over Votes,1
harris:354,,President R. Boddie,0
harris:354,,Robert Morrow,0
harris:354,,Tom Hoefling,0
harris:354,,Under Votes,14
harris:354,DEM,Joseph R. Biden,1666
harris:354,GRN,Howie Hawkins,10
harris:354,LIB,Jo Jorgensen,9
harris:354,REP,Donald J. Trump/Michael R. Pence,625
harris:358,,Abram Loeb,0
harris:358,,Gloria La Riva,0
harris:358,,Jesse Cuellar,0
harris:358,,Kasey Wells,0
harris:358,,Over Votes,1
harris:358,,President R. Boddie,0
harris:358,,Robert Morrow,0
harris:358,,Tom Hoefling,0
harris:358,,Under Votes,15
harris:358,DEM,Joseph R. Biden,1209
harris:358,GRN,Howie Hawkins,12
harris:358,LIB,Jo Jorgensen,7
harris:358,REP,Donald J. Trump/Michael R. Pence,208
harris:36,,Abram Loeb,0
harris:36,,Gloria La Riva,0
harris:36,,Jesse Cuellar,0
harris:36,,Kasey Wells,0
harris:36,,Over Votes,2
harris:36,,President R. Boddie,0
harris:36,,Robert Morrow,0
harris:36,,Tom Hoefling,0
harris:36,,Under Votes,18
harris:36,DEM,Joseph R. Biden,1152
harris:36,GRN,Howie Hawkins,4
harris:36,LIB,Jo Jorgensen,10
harris:36,REP,Donald J. Trump/Michael R. Pence,548
harris:368,,Abram Loeb,0
harris:368,,Gloria La Riva,0
harris:368,,Jesse Cuellar,0
harris:368,,Kasey Wells,0
harris:368,,Over Votes,0
harris:368,,President R. Boddie,0
harris:368,,Robert Morrow,0
harris:368,,Tom Hoefling,0
harris:368,,Under Votes,9
harris:368,DEM,Joseph R. Biden,456
harris:368,GRN,Howie Hawkins,1
harris:368,LIB,Jo Jorgensen,6
harris:368,REP,Donald J. Trump/Michael R. Pence,201
harris:371,,Abram Loeb,0
harris:371,,Gloria La Riva,0
harris:371,,Jesse Cuellar,0
harris:371,,Kasey Wells,0
harris:371,,Over Votes,0
harris:371,,President R. Boddie,0
harris:371,,Robert Morrow,0
harris:371,,Tom Hoefling,0
harris:371,,Under Votes,2
harris:371,DEM,Joseph R. Biden,261
harris:371,GRN,Howie Hawkins,0
harris:371,LIB,Jo Jorgensen,1
harris:371,REP,Donald J. Trump/Michael R. Pence,17
harris:373,,Abram Loeb,0
harris:373,,Gloria La Riva,0
harris:373,,Jesse Cuellar,0
harris:373,,Kasey Wells,0
harris:373,,Over Votes,2
harris:373,,President R. Boddie,0
harris:373,,Robert Morrow,0
harris:373,,Tom Hoefling,0
harris:373,,Under Votes,3
harris:373,DEM,Joseph R. Biden,64
harris:373,GRN,Howie Hawkins,0
harris:373,LIB,Jo Jorgensen,0
harris:373,REP,Donald J. Trump/Michael R. Pence,7
harris:374,,Abram Loeb,0
harris:374,,Gloria La Riva,0
harris:374,,Jesse Cuellar,0
harris:374,,Kasey Wells,0
harris:374,,Over Votes,0
harris:374,,President R. Boddie,0
harris:374,,Robert Morrow,0
harris:374,,Tom Hoefling,0
harris:374,,Under Votes,5
harris:374,DEM,Joseph R. Biden,248
harris:374,GRN,Howie Hawkins,1
harris:374,LIB,Jo Jorgensen,4
harris:374,REP,Donald J. Trump/Michael R. Pence,139
harris:375,,Abram Loeb,0
harris:375,,Gloria La Riva,0
harris:375,,Jesse Cuellar,0
harris:375,,Kasey Wells,0
harris:375,,Over Votes,0
harris:375,,President R. Boddie,0
harris:375,,Robert Morrow,0
harris:375,,Tom Hoefling,0
harris:375,,Under Votes,20
harris:375,DEM,Joseph R. Biden,812
harris:375,GRN,Howie Hawkins,7
harris:375,LIB,Jo Jorgensen,7
harris:375,REP,Donald J. Trump/Michael R. Pence,591
harris:379,,Abram Loeb,0
harris:379,,Gloria La Riva,0
harris:379,,Jesse Cuellar,0
harris:379,,Kasey Wells,0
harris:379,,Over Votes,2
harris:379,,President R. Boddie,0
harris:379,,Robert Morrow,0
harris:379,,Tom Hoefling,0
harris:379,,Under Votes,10
harris:379,DEM,Joseph R. Biden,1083
harris:379,GRN,Howie Hawkins,7
harris:379,LIB,Jo Jorgensen,10
harris:379,REP,Donald J. Trump/Michael R. Pence,156
harris:381,,Abram Loeb,0
harris:381,,Gloria La Riva,0
harris:381,,Jesse Cuellar,0
harris:381,,Kasey Wells,0
harris:381,,Over Votes,0
harris:381,,President R. Boddie,0
harris:381,,Robert Morrow,0
harris:381,,Tom Hoefling,0
harris:381,,Under Votes,35
harris:381,DEM,Joseph R. Biden,1468
harris:381,GRN,Howie Hawkins,12
harris:381,LIB,Jo Jorgensen,22
harris:381,REP,Donald J. Trump/Michael R. Pence,1010
harris:382,,Abram Loeb,0
harris:382,,Gloria La Riva,0
harris:382,,Jesse Cuellar,0
harris:382,,Kasey Wells,0
harris:382,,Over Votes,0
harris:382,,President R. Boddie,0
harris:382,,Robert Morrow,0
harris:382,,Tom Hoefling,0
harris:382,,Under Votes,6
harris:382,DEM,Joseph R. Biden,332
harris:382,GRN,Howie Hawkins,2
harris:382,LIB,Jo Jorgensen,6
harris:382,REP,Donald J. Trump/Michael R. Pence,501
harris:393,,Abram Loeb,0
harris:393,,Gloria La Riva,0
harris:393,,Jesse Cuellar,0
harris:393,,Kasey Wells,0
harris:393,,Over Votes,1
harris:393,,President R. Boddie,0
harris:393,,Robert Morrow,0
harris:393,,Tom Hoefling,0
harris:393,,Under Votes,9
harris:393,DEM,Joseph R. Biden,520
harris:393,GRN,Howie Hawkins,3
harris:393,LIB,Jo Jorgensen,23
harris:393,REP,Donald J. Trump/Michael R. Pence,379
harris:394,,Abram Loeb,0
harris:394,,Gloria La Riva,0
harris:394,,Jesse Cuellar,0
harris:394,,Kasey Wells,0
harris:394,,Over Votes,0
harris:394,,President R. Boddie,0
harris:394,,Robert Morrow,0
harris:394,,Tom Hoefling,0
harris:394,,Under Votes,6
harris:394,DEM,Joseph R. Biden,250
harris:394,GRN,Howie Hawkins,1
harris:394,LIB,Jo Jorgensen,7
harris:394,REP,Donald J. Trump/Michael R. Pence,203
harris:397,,Abram Loeb,0
harris:397,,Gloria La Riva,0
harris:397,,Jesse Cuellar,0
harris:397,,Kasey Wells,0
harris:397,,Over Votes,0
harris:397,,President R. Boddie,0
harris:397,,Robert Morrow,0
harris:397,,Tom Hoefling,0
harris:397,,Under Votes,9
harris:397,DEM,Joseph R. Biden,268
harris:397,GRN,Howie Hawkins,1
harris:397,LIB,Jo Jorgensen,2
harris:397,REP,Donald J. Trump/Michael R. Pence,153
harris:404,,Abram Loeb,0
harris:404,,Gloria La Riva,0
harris:404,,Jesse Cuellar,0
harris:404,,Kasey Wells,0
harris:404,,Over Votes,3
harris:404,,President R. Boddie,0
harris:404,,Robert Morrow,0
harris:404,,Tom Hoefling,0
harris:404,,Under Votes,15
harris:404,DEM,Joseph R. Biden,837
harris:404,GRN,Howie Hawkins,8
harris:404,LIB,Jo Jorgensen,10
harris:404,REP,Donald J. Trump/Michael R. Pence,807
harris:408,,Abram Loeb,0
harris:408,,Gloria La Riva,0
harris:408,,Jesse Cuellar,0
harris:408,,Kasey Wells,0
harris:408,,Over Votes,0
harris:408,,President R. Boddie,0
harris:408,,Robert Morrow,0
harris:408,,Tom Hoefling,0
harris:408,,Under Votes,6
harris:408,DEM,Joseph R. Biden,565
harris:408,GRN,Howie Hawkins,3
harris:408,LIB,Jo Jorgensen,5
harris:408,REP,Donald J. Trump/Michael R. Pence,330
harris:409,,Abram Loeb,0
harris:409,,Gloria La Riva,0
harris:409,,Jesse Cuellar,0
harris:409,,Kasey Wells,0
harris:409,,Over Votes,0
harris:409,,President R. Boddie,0
harris:409,,Robert Morrow,0
harris:409,,Tom Hoefling,0
harris:409,,Under Votes,11
harris:409,DEM,Joseph R. Biden,571
harris:409,GRN,Howie Hawkins,3
harris:409,LIB,Jo Jorgensen,6
harris:409,REP,Donald J. Trump/Michael R. Pence,328
harris:411,,Abram Loeb,0
harris:411,,Gloria La Riva,0
harris:411,,Jesse Cuellar,0
harris:411,,Kasey Wells,0
harris:411,,Over Votes,2
harris:411,,President R. Boddie,0
harris:411,,Robert Morrow,0
harris:411,,Tom Hoefling,0
harris:411,,Under Votes,11
harris:411,DEM,Joseph R. Biden,817
harris:411,GRN,Howie Hawkins,5
harris:411,LIB,Jo Jorgensen,6
harris:411,REP,Donald J. Trump/Michael R. Pence,416
harris:413,,Abram Loeb,0
harris:413,,Gloria La Riva,0
harris:413,,Jesse Cuellar,0
harris:413,,Kasey Wells,0
harris:413,,Over Votes,1
harris:413,,President R. Boddie,0
harris:413,,Robert Morrow,0
harris:413,,Tom Hoefling,0
harris:413,,Under Votes,26
harris:413,DEM,Joseph R. Biden,1357
harris:413,GRN,Howie Hawkins,5
harris:413,LIB,Jo Jorgensen,23
harris:413,REP,Donald J. Trump/Michael R. Pence,839
harris:416,,Abram Loeb,0
harris:416,,Gloria La Riva,0
harris:416,,Jesse Cuellar,0
harris:416,,Kasey Wells,0
harris:416,,Over Votes,0
harris:416,,President R. Boddie,0
harris:416,,Robert Morrow,0
harris:416,,Tom Hoefling,0
harris:416,,Under Votes,30
harris:416,DEM,Joseph R. Biden,1634
harris:416,GRN,Howie Hawkins,16
harris:416,LIB,Jo Jorgensen,51
harris:416,REP,Donald J. Trump/Michael R. Pence,1226
harris:417,,Abram Loeb,0
harris:417,,Gloria La Riva,0
harris:417,,Jesse Cuellar,0
harris:417,,Kasey Wells,0
harris:417,,Over Votes,0
harris:417,,President R. Boddie,0
harris:417,,Robert Morrow,0
harris:417,,Tom Hoefling,0
harris:417,,Under Votes,12
harris:417,DEM,Joseph R. Biden,976
harris:417,GRN,Howie Hawkins,4
harris:417,LIB,Jo Jorgensen,16
harris:417,REP,Donald J. Trump/Michael R. Pence,722
harris:418,,Abram Loeb,0
harris:418,,Gloria La Riva,0
harris:418,,Jesse Cuellar,0
harris:418,,Kasey Wells,0
harris:418,,Over Votes,4
harris:418,,President R. Boddie,0
harris:418,,Robert Morrow,0
harris:418,,Tom Hoefling,0
harris:418,,Under Votes,21
harris:418,DEM,Joseph R. Biden,1452
harris:418,GRN,Howie Hawkins,13
harris:418,LIB,Jo Jorgensen,17
harris:418,REP,Donald J. Trump/Michael R. Pence,875
harris:419,,Abram Loeb,0
harris:419,,Gloria La Riva,0
harris:419,,Jesse Cuellar,0
harris:419,,Kasey Wells,0
harris:419,,Over Votes,0
harris:419,,President R. Boddie,0
harris:419,,Robert Morrow,0
harris:419,,Tom Hoefling,0
harris:419,,Under Votes,10
harris:419,DEM,Joseph R. Biden,833
harris:419,GRN,Howie Hawkins,8
harris:419,LIB,Jo Jorgensen,20
harris:419,REP,Donald J. Trump/Michael R. Pence,989
harris:423,,Abram Loeb,0
harris:423,,Gloria La Riva,0
harris:423,,Jesse Cuellar,0
harris:423,,Kasey Wells,0
harris:423,,Over Votes,0
harris:423,,President R. Boddie,0
harris:423,,Robert Morrow,0
harris:423,,Tom Hoefling,0
harris:423,,Under Votes,8
harris:423,DEM,Joseph R. Biden,500
harris:423,GRN,Howie Hawkins,4
harris:423,LIB,Jo Jorgensen,5
harris:423,REP,Donald J. Trump/Michael R. Pence,206
harris:44,,Abram Loeb,0
harris:44,,Gloria La Riva,0
harris:44,,Jesse Cuellar,0
harris:44,,Kasey Wells,0
harris:44,,Over Votes,1
harris:44,,President R. Boddie,0
harris:44,,Robert Morrow,0
harris:44,,Tom Hoefling,0
harris:44,,Under Votes,14
harris:44,DEM,Joseph R. Biden,913
harris:44,GRN,Howie Hawkins,0
harris:44,LIB,Jo Jorgensen,15
harris:44,REP,Donald J. Trump/Michael R. Pence,286
harris:45,,Abram Loeb,0
harris:45,,Gloria La Riva,0
harris:45,,Jesse Cuellar,0
harris:45,,Kasey Wells,0
harris:45,,Over Votes,2
harris:45,,President R. Boddie,0
harris:45,,Robert Morrow,0
harris:45,,Tom Hoefling,0
harris:45,,Under Votes,40
harris:45,DEM,Joseph R. Biden,3775
harris:45,GRN,Howie Hawkins,18
harris:45,LIB,Jo Jorgensen,38
harris:45,REP,Donald J. Trump/Michael R. Pence,1125
harris:46,,Abram Loeb,0
harris:46,,Gloria La Riva,0
harris:46,,Jesse Cuellar,0
harris:46,,Kasey Wells,0
harris:46,,Over Votes,0
harris:46,,President R. Boddie,0
harris:46,,Robert Morrow,0
harris:46,,Tom Hoefling,0
harris:46,,Under Votes,22
harris:46,DEM,Joseph R. Biden,1081
harris:46,GRN,Howie Hawkins,11
harris:46,LIB,Jo Jorgensen,10
harris:46,REP,Donald J. Trump/Michael R. Pence,301
harris:460,,Abram Loeb,0
harris:460,,Gloria La Riva,0
harris:460,,Jesse Cuellar,0
harris:460,,Kasey Wells,0
harris:460,,Over Votes,1
harris:460,,President R. Boddie,0
harris:460,,Robert Morrow,0
harris:460,,Tom Hoefling,0
harris:460,,Under Votes,21
harris:460,DEM,Joseph R. Biden,1968
harris:460,GRN,Howie Hawkins,4
harris:460,LIB,Jo Jorgensen,20
harris:460,REP,Donald J. Trump/Michael R. Pence,759
harris:475,,Abram Loeb,0
harris:475,,Gloria La Riva,0
harris:475,,Jesse Cuellar,0
harris:475,,Kasey Wells,0
harris:475,,Over Votes,0
harris:475,,President R. Boddie,0
harris:475,,Robert Morrow,0
harris:475,,Tom Hoefling,0
harris:475,,Under Votes,18
harris:475,DEM,Joseph R. Biden,783
harris:475,GRN,Howie Hawkins,4
harris:475,LIB,Jo Jorgensen,13
harris:475,REP,Donald J. Trump/Michael R. Pence,659
harris:497,,Abram Loeb,0
harris:497,,Gloria La Riva,0
harris:497,,Jesse Cuellar,0
harris:497,,Kasey Wells,0
harris:497,,Over Votes,0
harris:497,,President R. Boddie,0
harris:497,,Robert Morrow,0
harris:497,,Tom Hoefling,0
harris:497,,Under Votes,11
harris:497,DEM,Joseph R. Biden,1155
harris:497,GRN,Howie Hawkins,7
harris:497,LIB,Jo Jorgensen,4
harris:497,REP,Donald J. Trump/Michael R. Pence,92
harris:526,,Abram Loeb,0
harris:526,,Gloria La Riva,0
harris:526,,Jesse Cuellar,0
harris:526,,Kasey Wells,0
harris:526,,Over Votes,0
harris:526,,President R. Boddie,0
harris:526,,Robert Morrow,0
harris:526,,Tom Hoefling,0
harris:526,,Under Votes,6
harris:526,DEM,Joseph R. Biden,329
harris:526,GRN,Howie Hawkins,2
harris:526,LIB,Jo Jorgensen,7
harris:526,REP,Donald J. Trump/Michael R. Pence,133
harris:527,,Abram Loeb,0
harris:527,,Gloria La Riva,0
harris:527,,Jesse Cuellar,0
harris:527,,Kasey Wells,0
harris:527,,Over Votes,0
harris:527,,President R. Boddie,0
harris:527,,Robert Morrow,0
harris:527,,Tom Hoefling,0
harris:527,,Under Votes,3
harris:527,DEM,Joseph R. Biden,138
harris:527,GRN,Howie Hawkins,1
harris:527,LIB,Jo Jorgensen,1
harris:527,REP,Donald J. Trump/Michael R. Pence,115
harris:530,,Abram Loeb,0
harris:530,,Gloria La Riva,0
harris:530,,Jesse Cuellar,0
harris:530,,Kasey Wells,0
harris:530,,Over Votes,0
harris:530,,President R. Boddie,0
harris:530,,Robert Morrow,0
harris:530,,Tom Hoefling,0
harris:530,,Under Votes,11
harris:530,DEM,Joseph R. Biden,417
harris:530,GRN,Howie Hawkins,1
harris:530,LIB,Jo Jorgensen,9
harris:530,REP,Donald J. Trump/Michael R. Pence,180
harris:533,,Abram Loeb,0
harris:533,,Gloria La Riva,0
harris:533,,Jesse Cuellar,0
harris:533,,Kasey Wells,0
harris:533,,Over Votes,0
harris:533,,President R. Boddie,0
harris:533,,Robert Morrow,0
harris:533,,Tom Hoefling,0
harris:533,,Under Votes,10
harris:533,DEM,Joseph R. Biden,291
harris:533,GRN,Howie Hawkins,2
harris:533,LIB,Jo Jorgensen,3
harris:533,REP,Donald J. Trump/Michael R. Pence,313
harris:535,,Abram Loeb,0
harris:535,,Gloria La Riva,0
harris:535,,Jesse Cuellar,0
harris:535,,Kasey Wells,0
harris:535,,Over Votes,0
harris:535,,President R. Boddie,0
harris:535,,Robert Morrow,0
harris:535,,Tom Hoefling,0
harris:535,,Under Votes,5
harris:535,DEM,Joseph R. Biden,114
harris:535,GRN,Howie Hawkins,2
harris:535,LIB,Jo Jorgensen,1
harris:535,REP,Donald J. Trump/Michael R. Pence,98
harris:536,,Abram Loeb,0
harris:536,,Gloria La Riva,0
harris:536,,Jesse Cuellar,0
harris:536,,Kasey Wells,0
harris:536,,Over Votes,1
harris:536,,President R. Boddie,0
harris:536,,Robert Morrow,0
harris:536,,Tom Hoefling,0
harris:536,,Under Votes,44
harris:536,DEM,Joseph R. Biden,2399
harris:536,GRN,Howie Hawkins,14
harris:536,LIB,Jo Jorgensen,21
harris:536,REP,Donald J. Trump/Michael R. Pence,1755
harris:543,,Abram Loeb,0
harris:543,,Gloria La Riva,0
harris:543,,Jesse Cuellar,0
harris:543,,Kasey Wells,0
harris:543,,Over Votes,0
harris:543,,President R. Boddie,0
harris:543,,Robert Morrow,0
harris:543,,Tom Hoefling,0
harris:543,,Under Votes,10
harris:543,DEM,Joseph R. Biden,645
harris:543,GRN,Howie Hawkins,7
harris:543,LIB,Jo Jorgensen,10
harris:543,REP,Donald J. Trump/Michael R. Pence,316
harris:544,,Abram Loeb,0
harris:544,,Gloria La Riva,0
harris:544,,Jesse Cuellar,0
harris:544,,Kasey Wells,0
harris:544,,Over Votes,0
harris:544,,President R. Boddie,0
harris:544,,Robert Morrow,0
harris:544,,Tom Hoefling,0
harris:544,,Under Votes,1
harris:544,DEM,Joseph R. Biden,121
harris:544,GRN,Howie Hawkins,1
harris:544,LIB,Jo Jorgensen,1
harris:544,REP,Donald J. Trump/Michael R. Pence,17
harris:560,,Abram Loeb,0
harris:560,,Gloria La Riva,0
harris:560,,Jesse Cuellar,0
harris:560,,Kasey Wells,0
harris:560,,Over Votes,0
harris:560,,President R. Boddie,0
harris:560,,Robert Morrow,0
harris:560,,Tom Hoefling,0
harris:560,,Under Votes,15
harris:560,DEM,Joseph R. Biden,402
harris:560,GRN,Howie Hawkins,0
harris:560,LIB,Jo Jorgensen,1
harris:560,REP,Donald J. Trump/Michael R. Pence,159
harris:571,,Abram Loeb,0
harris:571,,Gloria La Riva,0
harris:571,,Jesse Cuellar,0
harris:571,,Kasey Wells,0
harris:571,,Over Votes,4
harris:571,,President R. Boddie,0
harris:571,,Robert Morrow,0
harris:571,,Tom Hoefling,0
harris:571,,Under Votes,14
harris:571,DEM,Joseph R. Biden,585
harris:571,GRN,Howie Hawkins,7
harris:571,LIB,Jo Jorgensen,6
harris:571,REP,Donald J. Trump/Michael R. Pence,331
harris:579,,Abram Loeb,0
harris:579,,Gloria La Riva,0
harris:579,,Jesse Cuellar,0
harris:579,,Kasey Wells,0
harris:579,,Over Votes,1
harris:579,,President R. Boddie,0
harris:579,,Robert Morrow,0
harris:579,,Tom Hoefling,0
harris:579,,Under Votes,8
harris:579,DEM,Joseph R. Biden,458
harris:579,GRN,Howie Hawkins,1
harris:579,LIB,Jo Jorgensen,1
harris:579,REP,Donald J. Trump/Michael R. Pence,142
harris:591,,Abram Loeb,0
harris:591,,Gloria La Riva,0
harris:591,,Jesse Cuellar,0
harris:591,,Kasey Wells,0
harris:591,,Over Votes,0
harris:591,,President R. Boddie,0
harris:591,,Robert Morrow,0
harris:591,,Tom Hoefling,0
harris:591,,Under Votes,13
harris:591,DEM,Joseph R. Biden,795
harris:591,GRN,Howie Hawkins,7
harris:591,LIB,Jo Jorgensen,13
harris:591,REP,Donald J. Trump/Michael R. Pence,393
harris:595,,Abram Loeb,0
harris:595,,Gloria La Riva,0
harris:595,,Jesse Cuellar,0
harris:595,,Kasey Wells,0
harris:595,,Over Votes,2
harris:595,,President R. Boddie,0
harris:595,,Robert Morrow,0
harris:595,,Tom Hoefling,0
harris:595,,Under Votes,12
harris:595,DEM,Joseph R. Biden,882
harris:595,GRN,Howie Hawkins,5
harris:595,LIB,Jo Jorgensen,9
harris:595,REP,Donald J. Trump/Michael R. Pence,213
harris:605,,Abram Loeb,0
harris:605,,Gloria La Riva,0
harris:605,,Jesse Cuellar,0
harris:605,,Kasey Wells,0
harris:605,,Over Votes,0
harris:605,,President R. Boddie,0
harris:605,,Robert Morrow,0
harris:605,,Tom Hoefling,0
harris:605,,Under Votes,27
harris:605,DEM,Joseph R. Biden,1888
harris:605,GRN,Howie Hawkins,13
harris:605,LIB,Jo Jorgensen,21
harris:605,REP,Donald J. Trump/Michael R. Pence,783
harris:608,,Abram Loeb,0
harris:608,,Gloria La Riva,0
harris:608,,Jesse Cuellar,0
harris:608,,Kasey Wells,0
harris:608,,Over Votes,0
harris:608,,President R. Boddie,0
harris:608,,Robert Morrow,0
harris:608,,Tom Hoefling,0
harris:608,,Under Votes,3
harris:608,DEM,Joseph R. Biden,177
harris:608,GRN,Howie Hawkins,2
harris:608,LIB,Jo Jorgensen,4
harris:608,REP,Donald J. Trump/Michael R. Pence,127
harris:61,,Abram Loeb,0
harris:61,,Gloria La Riva,0
harris:61,,Jesse Cuellar,0
harris:61,,Kasey Wells,0
harris:61,,Over Votes,0
harris:61,,President R. Boddie,0
harris:61,,Robert Morrow,0
harris:61,,Tom Hoefling,0
harris:61,,Under Votes,16
harris:61,DEM,Joseph R. Biden,686
harris:61,GRN,Howie Hawkins,5
harris:61,LIB,Jo Jorgensen,6
harris:61,REP,Donald J. Trump/Michael R. Pence,378
harris:62,,Abram Loeb,0
harris:62,,Gloria La Riva,0
harris:62,,Jesse Cuellar,0
harris:62,,Kasey Wells,0
harris:62,,Over Votes,2
harris:62,,President R. Boddie,0
harris:62,,Robert Morrow,0
harris:62,,Tom Hoefling,0
harris:62,,Under Votes,9
harris:62,DEM,Joseph R. Biden,784
harris:62,GRN,Howie Hawkins,4
harris:62,LIB,Jo Jorgensen,12
harris:62,REP,Donald J. Trump/Michael R. Pence,352
harris:637,,Abram Loeb,0
harris:637,,Gloria La Riva,0
harris:637,,Jesse Cuellar,0
harris:637,,Kasey Wells,0
harris:637,,Over Votes,1
harris:637,,President R. Boddie,0
harris:637,,Robert Morrow,0
harris:637,,Tom Hoefling,0
harris:637,,Under Votes,19
harris:637,DEM,Joseph R. Biden,1298
harris:637,GRN,Howie Hawkins,7
harris:637,LIB,Jo Jorgensen,12
harris:637,REP,Donald J. Trump/Michael R. Pence,489
harris:64,,Abram Loeb,0
harris:64,,Gloria La Riva,0
harris:64,,Jesse Cuellar,0
harris:64,,Kasey Wells,0
harris:64,,Over Votes,3
harris:64,,President R. Boddie,0
harris:64,,Robert Morrow,0
harris:64,,Tom Hoefling,0
harris:64,,Under Votes,12
harris:64,DEM,Joseph R. Biden,871
harris:64,GRN,Howie Hawkins,3
harris:64,LIB,Jo Jorgensen,7
harris:64,REP,Donald J. Trump/Michael R. Pence,299
harris:65,,Abram Loeb,0
harris:65,,Gloria La Riva,0
harris:65,,Jesse Cuellar,0
harris:65,,Kasey Wells,0
harris:65,,Over Votes,0
harris:65,,President R. Boddie,0
harris:65,,Robert Morrow,0
harris:65,,Tom Hoefling,0
harris:65,,Under Votes,10
harris:65,DEM,Joseph R. Biden,750
harris:65,GRN,Howie Hawkins,4
harris:65,LIB,Jo Jorgensen,10
harris:65,REP,Donald J. Trump/Michael R. Pence,304
harris:653,,Abram Loeb,0
harris:653,,Gloria La Riva,0
harris:653,,Jesse Cuellar,0
harris:653,,Kasey Wells,0
harris:653,,Over Votes,1
harris:653,,President R. Boddie,0
harris:653,,Robert Morrow,0
harris:653,,Tom Hoefling,0
harris:653,,Under Votes,1
harris:653,DEM,Joseph R. Biden,265
harris:653,GRN,Howie Hawkins,0
harris:653,LIB,Jo Jorgensen,4
harris:653,REP,Donald J. Trump/Michael R. Pence,90
harris:66,,Abram Loeb,0
harris:66,,Gloria La Riva,0
harris:66,,Jesse Cuellar,0
harris:66,,Kasey Wells,0
harris:66,,Over Votes,1
harris:66,,President R. Boddie,0
harris:66,,Robert Morrow,0
harris:66,,Tom Hoefling,0
harris:66,,Under Votes,11
harris:66,DEM,Joseph R. Biden,412
harris:66,GRN,Howie Hawkins,4
harris:66,LIB,Jo Jorgensen,5
harris:66,REP,Donald J. Trump/Michael R. Pence,159
harris:664,,Abram Loeb,0
harris:664,,Gloria La Riva,0
harris:664,,Jesse Cuellar,0
harris:664,,Kasey Wells,0
harris:664,,Over Votes,0
harris:664,,President R. Boddie,0
harris:664,,Robert Morrow,0
harris:664,,Tom Hoefling,0
harris:664,,Under Votes,26
harris:664,DEM,Joseph R. Biden,1106
harris:664,GRN,Howie Hawkins,7
harris:664,LIB,Jo Jorgensen,16
harris:664,REP,Donald J. Trump/Michael R. Pence,422
harris:67,,Abram Loeb,0
harris:67,,Gloria La Riva,0
harris:67,,Jesse Cuellar,0
harris:67,,Kasey Wells,0
harris:67,,Over Votes,0
harris:67,,President R. Boddie,0
harris:67,,Robert Morrow,0
harris:67,,Tom Hoefling,0
harris:67,,Under Votes,27
harris:67,DEM,Joseph R. Biden,1211
harris:67,GRN,Howie Hawkins,6
harris:67,LIB,Jo Jorgensen,11
harris:67,REP,Donald J. Trump/Michael R. Pence,414
harris:677,,Abram Loeb,0
harris:677,,Gloria La Riva,0
harris:677,,Jesse Cuellar,0
harris:677,,Kasey Wells,0
harris:677,,Over Votes,0
harris:677,,President R. Boddie,0
harris:677,,Robert Morrow,0
harris:677,,Tom Hoefling,0
harris:677,,Under Votes,15
harris:677,DEM,Joseph R. Biden,524
harris:677,GRN,Howie Hawkins,4
harris:677,LIB,Jo Jorgensen,7
harris:677,REP,Donald J. Trump/Michael R. Pence,208
harris:681,,Abram Loeb,0
harris:681,,Gloria La Riva,0
harris:681,,Jesse Cuellar,0
harris:681,,Kasey Wells,0
harris:681,,Over Votes,0
harris:681,,President R. Boddie,0
harris:681,,Robert Morrow,0
harris:681,,Tom Hoefling,0
harris:681,,Under Votes,1
harris:681,DEM,Joseph R. Biden,71
harris:681,GRN,Howie Hawkins,1
harris:681,LIB,Jo Jorgensen,3
harris:681,REP,Donald J. Trump/Michael R. Pence,30
harris:683,,Abram Loeb,0
harris:683,,Gloria La Riva,0
harris:683,,Jesse Cuellar,0
harris:683,,Kasey Wells,0
harris:683,,Over Votes,0
harris:683,,President R. Boddie,0
harris:683,,Robert Morrow,0
harris:683,,Tom Hoefling,0
harris:683,,Under Votes,1
harris:683,DEM,Joseph R. Biden,110
harris:683,GRN,Howie Hawkins,0
harris:683,LIB,Jo Jorgensen,1
harris:683,REP,Donald J. Trump/Michael R. Pence,52
harris:69,,Abram Loeb,0
harris:69,,Gloria La Riva,0
harris:69,,Jesse Cuellar,0
harris:69,,Kasey Wells,0
harris:69,,Over Votes,0
harris:69,,President R. Boddie,0
harris:69,,Robert Morrow,0
harris:69,,Tom Hoefling,0
harris:69,,Under Votes,7
harris:69,DEM,Joseph R. Biden,498
harris:69,GRN,Howie Hawkins,3
harris:69,LIB,Jo Jorgensen,1
harris:69,REP,Donald J. Trump/Michael R. Pence,148
harris:702,,Abram Loeb,0
harris:702,,Gloria La Riva,0
harris:702,,Jesse Cuellar,0
harris:702,,Kasey Wells,0
harris:702,,Over Votes,0
harris:702,,President R. Boddie,0
harris:702,,Robert Morrow,0
harris:702,,Tom Hoefling,0
harris:702,,Under Votes,2
harris:702,DEM,Joseph R. Biden,236
harris:702,GRN,Howie Hawkins,0
harris:702,LIB,Jo Jorgensen,3
harris:702,REP,Donald J. Trump/Michael R. Pence,51
harris:705,,Abram Loeb,0
harris:705,,Gloria La Riva,0
harris:705,,Jesse Cuellar,0
harris:705,,Kasey Wells,0
harris:705,,Over Votes,3
harris:705,,President R. Boddie,0
harris:705,,Robert Morrow,0
harris:705,,Tom Hoefling,0
harris:705,,Under Votes,8
harris:705,DEM,Joseph R. Biden,519
harris:705,GRN,Howie Hawkins,2
harris:705,LIB,Jo Jorgensen,2
harris:705,REP,Donald J. Trump/Michael R. Pence,86
harris:708,,Abram Loeb,0
harris:708,,Gloria La Riva,0
harris:708,,Jesse Cuellar,0
harris:708,,Kasey Wells,0
harris:708,,Over Votes,0
harris:708,,President R. Boddie,0
harris:708,,Robert Morrow,0
harris:708,,Tom Hoefling,0
harris:708,,Under Votes,3
harris:708,DEM,Joseph R. Biden,189
harris:708,GRN,Howie Hawkins,2
harris:708,LIB,Jo Jorgensen,4
harris:708,REP,Donald J. Trump/Michael R. Pence,112
harris:714,,Abram Loeb,0
harris:714,,Gloria La Riva,0
harris:714,,Jesse Cuellar,0
harris:714,,Kasey Wells,0
harris:714,,Over Votes,0
harris:714,,President R. Boddie,0
harris:714,,Robert Morrow,0
harris:714,,Tom Hoefling,0
harris:714,,Under Votes,0
harris:714,DEM,Joseph R. Biden,89
harris:714,GRN,Howie Hawkins,0
harris:714,LIB,Jo Jorgensen,2
harris:714,REP,Donald J. Trump/Michael R. Pence,77
harris:719,,Abram Loeb,0
harris:719,,Gloria La Riva,0
harris:719,,Jesse Cuellar,0
harris:719,,Kasey Wells,0
harris:719,,Over Votes,0
harris:719,,President R. Boddie,0
harris:719,,Robert Morrow,0
harris:719,,Tom Hoefling,0
harris:719,,Under Votes,18
harris:719,DEM,Joseph R. Biden,454
harris:719,GRN,Howie Hawkins,3
harris:719,LIB,Jo Jorgensen,12
harris:719,REP,Donald J. Trump/Michael R. Pence,499
harris:72,,Abram Loeb,0
harris:72,,Gloria La Riva,0
harris:72,,Jesse Cuellar,0
harris:72,,Kasey Wells,0
harris:72,,Over Votes,0
harris:72,,President R. Boddie,0
harris:72,,Robert Morrow,0
harris:72,,Tom Hoefling,0
harris:72,,Under Votes,13
harris:72,DEM,Joseph R. Biden,911
harris:72,GRN,Howie Hawkins,7
harris:72,LIB,Jo Jorgensen,19
harris:72,REP,Donald J. Trump/Michael R. Pence,427
harris:725,,Abram Loeb,0
harris:725,,Gloria La Riva,0
harris:725,,Jesse Cuellar,0
harris:725,,Kasey Wells,0
harris:725,,Over Votes,2
harris:725,,President R. Boddie,0
harris:725,,Robert Morrow,0
harris:725,,Tom Hoefling,0
harris:725,,Under Votes,20
harris:725,DEM,Joseph R. Biden,843
harris:725,GRN,Howie Hawkins,3
harris:725,LIB,Jo Jorgensen,9
harris:725,REP,Donald J. Trump/Michael R. Pence,538
harris:733,,Abram Loeb,0
harris:733,,Gloria La Riva,0
harris:733,,Jesse Cuellar,0
harris:733,,Kasey Wells,0
harris:733,,Over Votes,0
harris:733,,President R. Boddie,0
harris:733,,Robert Morrow,0
harris:733,,Tom Hoefling,0
harris:733,,Under Votes,3
harris:733,DEM,Joseph R. Biden,110
harris:733,GRN,Howie Hawkins,0
harris:733,LIB,Jo Jorgensen,1
harris:733,REP,Donald J. Trump/Michael R. Pence,53
harris:736,,Abram Loeb,0
harris:736,,Gloria La Riva,0
harris:736,,Jesse Cuellar,0
harris:736,,Kasey Wells,0
harris:736,,Over Votes,0
harris:736,,President R. Boddie,0
harris:736,,Robert Morrow,0
harris:736,,Tom Hoefling,0
harris:736,,Under Votes,0
harris:736,DEM,Joseph R. Biden,13
harris:736,GRN,Howie Hawkins,0
harris:736,LIB,Jo Jorgensen,0
harris:736,REP,Donald J. Trump/Michael R. Pence,3
harris:737,,Abram Loeb,0
harris:737,,Gloria La Riva,0
harris:737,,Jesse Cuellar,0
harris:737,,Kasey Wells,0
harris:737,,Over Votes,0
harris:737,,President R. Boddie,0
harris:737,,Robert Morrow,0
harris:737,,Tom Hoefling,0
harris:737,,Under Votes,0
harris:737,DEM,Joseph R. Biden,9
harris:737,GRN,Howie Hawkins,0
harris:737,LIB,Jo Jorgensen,0
harris:737,REP,Donald J. Trump/Michael R. Pence,15
harris:738,,Abram Loeb,0
harris:738,,Gloria La Riva,0
harris:738,,Jesse Cuellar,0
harris:738,,Kasey Wells,0
harris:738,,Over Votes,0
harris:738,,President R. Boddie,0
harris:738,,Robert Morrow,0
harris:738,,Tom Hoefling,0
harris:738,,Under Votes,10
harris:738,DEM,Joseph R. Biden,619
harris:738,GRN,Howie Hawkins,3
harris:738,LIB,Jo Jorgensen,6
harris:738,REP,Donald J. Trump/Michael R. Pence,157
harris:739,,Abram Loeb,0
harris:739,,Gloria La Riva,0
harris:739,,Jesse Cuellar,0
harris:739,,Kasey Wells,0
harris:739,,Over Votes,0
harris:739,,President R. Boddie,0
harris:739,,Robert Morrow,0
harris:739,,Tom Hoefling,0
harris:739,,Under Votes,19
harris:739,DEM,Joseph R. Biden,938
harris:739,GRN,Howie Hawkins,10
harris:739,LIB,Jo Jorgensen,13
harris:739,REP,Donald J. Trump/Michael R. Pence,679
harris:740,,Abram Loeb,0
harris:740,,Gloria La Riva,0
harris:740,,Jesse Cuellar,0
harris:740,,Kasey Wells,0
harris:740,,Over Votes,0
harris:740,,President R. Boddie,0
harris:740,,Robert Morrow,0
harris:740,,Tom Hoefling,0
harris:740,,Under Votes,3
harris:740,DEM,Joseph R. Biden,269
harris:740,GRN,Howie Hawkins,2
harris:740,LIB,Jo Jorgensen,3
harris:740,REP,Donald J. Trump/Michael R. Pence,300
harris:741,,Abram Loeb,0
harris:741,,Gloria La Riva,0
harris:741,,Jesse Cuellar,0
harris:741,,Kasey Wells,0
harris:741,,Over Votes,0
harris:741,,President R. Boddie,0
harris:741,,Robert Morrow,0
harris:741,,Tom Hoefling,0
harris:741,,Under Votes,14
harris:741,DEM,Joseph R. Biden,947
harris:741,GRN,Howie Hawkins,4
harris:741,LIB,Jo Jorgensen,8
harris:741,REP,Donald J. Trump/Michael R. Pence,497
harris:743,,Abram Loeb,0
harris:743,,Gloria La Riva,0
harris:743,,Jesse Cuellar,0
harris:743,,Kasey Wells,0
harris:743,,Over Votes,1
harris:743,,President R. Boddie,0
harris:743,,Robert Morrow,0
harris:743,,Tom Hoefling,0
harris:743,,Under Votes,0
harris:743,DEM,Joseph R. Biden,74
harris:743,GRN,Howie Hawkins,1
harris:743,LIB,Jo Jorgensen,1
harris:743,REP,Donald J. Trump/Michael R. Pence,41
harris:749,,Abram Loeb,0
harris:749,,Gloria La Riva,0
harris:749,,Jesse Cuellar,0
harris:749,,Kasey Wells,0
harris:749,,Over Votes,0
harris:749,,President R. Boddie,0
harris:749,,Robert Morrow,0
harris:749,,Tom Hoefling,0
harris:749,,Under Votes,0
harris:749,DEM,Joseph R. Biden,140
harris:749,GRN,Howie Hawkins,1
harris:749,LIB,Jo Jorgensen,5
harris:749,REP,Donald J. Trump/Michael R. Pence,49
harris:755,,Abram Loeb,0
harris:755,,Gloria La Riva,0
harris:755,,Jesse Cuellar,0
harris:755,,Kasey Wells,0
harris:755,,Over Votes,0
harris:755,,President R. Boddie,0
harris:755,,Robert Morrow,0
harris:755,,Tom Hoefling,0
harris:755,,Under Votes,27
harris:755,DEM,Joseph R. Biden,2210
harris:755,GRN,Howie Hawkins,13
harris:755,LIB,Jo Jorgensen,32
harris:755,REP,Donald J. Trump/Michael R. Pence,1476
harris:763,,Abram Loeb,0
harris:763,,Gloria La Riva,0
harris:763,,Jesse Cuellar,0
harris:763,,Kasey Wells,0
harris:763,,Over Votes,1
harris:763,,President R. Boddie,0
harris:763,,Robert Morrow,0
harris:763,,Tom Hoefling,0
harris:763,,Under Votes,7
harris:763,DEM,Joseph R. Biden,421
harris:763,GRN,Howie Hawkins,7
harris:763,LIB,Jo Jorgensen,7
harris:763,REP,Donald J. Trump/Michael R. Pence,280
harris:766,,Abram Loeb,0
harris:766,,Gloria La Riva,0
harris:766,,Jesse Cuellar,0
harris:766,,Kasey Wells,0
harris:766,,Over Votes,0
harris:766,,President R. Boddie,0
harris:766,,Robert Morrow,0
harris:766,,Tom Hoefling,0
harris:766,,Under Votes,2
harris:766,DEM,Joseph R. Biden,177
harris:766,GRN,Howie Hawkins,0
harris:766,LIB,Jo Jorgensen,3
harris:766,REP,Donald J. Trump/Michael R. Pence,67
harris:767,,Abram Loeb,0
harris:767,,Gloria La Riva,0
harris:767,,Jesse Cuellar,0
harris:767,,Kasey Wells,0
harris:767,,Over Votes,0
harris:767,,President R. Boddie,0
harris:767,,Robert Morrow,0
harris:767,,Tom Hoefling,0
harris:767,,Under Votes,2
harris:767,DEM,Joseph R. Biden,25
harris:767,GRN,Howie Hawkins,0
harris:767,LIB,Jo Jorgensen,0
harris:767,REP,Donald J. Trump/Michael R. Pence,29
harris:769,,Abram Loeb,0
harris:769,,Gloria La Riva,0
harris:769,,Jesse Cuellar,0
harris:769,,Kasey Wells,0
harris:769,,Over Votes,1
harris:769,,President R. Boddie,0
harris:769,,Robert Morrow,0
harris:769,,Tom Hoefling,0
harris:769,,Under Votes,1
harris:769,DEM,Joseph R. Biden,97
harris:769,GRN,Howie Hawkins,0
harris:769,LIB,Jo Jorgensen,1
harris:769,REP,Donald J. Trump/Michael R. Pence,14
harris:77,,Abram Loeb,0
harris:77,,Gloria La Riva,0
harris:77,,Jesse Cuellar,0
harris:77,,Kasey Wells,0
harris:77,,Over Votes,0
harris:77,,President R. Boddie,0
harris:77,,Robert Morrow,0
harris:77,,Tom Hoefling,0
harris:77,,Under Votes,0
harris:77,DEM,Joseph R. Biden,5
harris:77,GRN,Howie Hawkins,0
harris:77,LIB,Jo Jorgensen,0
harris:77,REP,Donald J. Trump/Michael R. Pence,2
harris:770,,Abram Loeb,0
harris:770,,Gloria La Riva,0
harris:770,,Jesse Cuellar,0
harris:770,,Kasey Wells,0
harris:770,,Over Votes,0
harris:770,,President R. Boddie,0
harris:770,,Robert Morrow,0
harris:770,,Tom Hoefling,0
harris:770,,Under Votes,3
harris:770,DEM,Joseph R. Biden,139
harris:770,GRN,Howie Hawkins,0
harris:770,LIB,Jo Jorgensen,1
harris:770,REP,Donald J. Trump/Michael R. Pence,70
harris:774,,Abram Loeb,0
harris:774,,Gloria La Riva,0
harris:774,,Jesse Cuellar,0
harris:774,,Kasey Wells,0
harris:774,,Over Votes,0
harris:774,,President R. Boddie,0
harris:774,,Robert Morrow,0
harris:774,,Tom Hoefling,0
harris:774,,Under Votes,3
harris:774,DEM,Joseph R. Biden,278
harris:774,GRN,Howie Hawkins,2
harris:774,LIB,Jo Jorgensen,3
harris:774,REP,Donald J. Trump/Michael R. Pence,83
harris:775,,Abram Loeb,0
harris:775,,Gloria La Riva,0
harris:775,,Jesse Cuellar,0
harris:775,,Kasey Wells,0
harris:775,,Over Votes,0
harris:775,,President R. Boddie,0
harris:775,,Robert Morrow,0
harris:775,,Tom Hoefling,0
harris:775,,Under Votes,0
harris:775,DEM,Joseph R. Biden,57
harris:775,GRN,Howie Hawkins,0
harris:775,LIB,Jo Jorgensen,0
harris:775,REP,Donald J. Trump/Michael R. Pence,8
harris:777,,Abram Loeb,0
harris:777,,Gloria La Riva,0
harris:777,,Jesse Cuellar,0
harris:777,,Kasey Wells,0
harris:777,,Over Votes,0
harris:777,,President R. Boddie,0
harris:777,,Robert Morrow,0
harris:777,,Tom Hoefling,0
harris:777,,Under Votes,6
harris:777,DEM,Joseph R. Biden,192
harris:777,GRN,Howie Hawkins,2
harris:777,LIB,Jo Jorgensen,6
harris:777,REP,Donald J. Trump/Michael R. Pence,101
harris:778,,Abram Loeb,0
harris:778,,Gloria La Riva,0
harris:778,,Jesse Cuellar,0
harris:778,,Kasey Wells,0
harris:778,,Over Votes,0
harris:778,,President R. Boddie,0
harris:778,,Robert Morrow,0
harris:778,,Tom Hoefling,0
harris:778,,Under Votes,0
harris:778,DEM,Joseph R. Biden,0
harris:778,GRN,Howie Hawkins,0
harris:778,LIB,Jo Jorgensen,0
harris:778,REP,Donald J. Trump/Michael R. Pence,0
harris:779,,Abram Loeb,0
harris:779,,Gloria La Riva,0
harris:779,,Jesse Cuellar,0
harris:779,,Kasey Wells,0
harris:779,,Over Votes,0
harris:779,,President R. Boddie,0
harris:779,,Robert Morrow,0
harris:779,,Tom Hoefling,1
harris:779,,Under Votes,9
harris:779,DEM,Joseph R. Biden,298
harris:779,GRN,Howie Hawkins,2
harris:779,LIB,Jo Jorgensen,2
harris:779,REP,Donald J. Trump/Michael R. Pence,139
harris:78,,Abram Loeb,0
harris:78,,Gloria La Riva,0
harris:78,,Jesse Cuellar,0
harris:78,,Kasey Wells,0
harris:78,,Over Votes,1
harris:78,,President R. Boddie,0
harris:78,,Robert Morrow,0
harris:78,,Tom Hoefling,0
harris:78,,Under Votes,4
harris:78,DEM,Joseph R. Biden,661
harris:78,GRN,Howie Hawkins,4
harris:78,LIB,Jo Jorgensen,3
harris:78,REP,Donald J. Trump/Michael R. Pence,319
harris:780,,Abram Loeb,0
harris:780,,Gloria La Riva,0
harris:780,,Jesse Cuellar,0
harris:780,,Kasey Wells,0
harris:780,,Over Votes,0
harris:780,,President R. Boddie,0
harris:780,,Robert Morrow,0
harris:780,,Tom Hoefling,0
harris:780,,Under Votes,8
harris:780,DEM,Joseph R. Biden,214
harris:780,GRN,Howie Hawkins,1
harris:780,LIB,Jo Jorgensen,1
harris:780,REP,Donald J. Trump/Michael R. Pence,124
harris:786,,Abram Loeb,0
harris:786,,Gloria La Riva,0
harris:786,,Jesse Cuellar,0
harris:786,,Kasey Wells,0
harris:786,,Over Votes,1
harris:786,,President R. Boddie,0
harris:786,,Robert Morrow,0
harris:786,,Tom Hoefling,0
harris:786,,Under Votes,13
harris:786,DEM,Joseph R. Biden,413
harris:786,GRN,Howie Hawkins,2
harris:786,LIB,Jo Jorgensen,2
harris:786,REP,Donald J. Trump/Michael R. Pence,253
harris:787,,Abram Loeb,0
harris:787,,Gloria La Riva,0
harris:787,,Jesse Cuellar,0
harris:787,,Kasey Wells,0
harris:787,,Over Votes,1
harris:787,,President R. Boddie,0
harris:787,,Robert Morrow,0
harris:787,,Tom Hoefling,0
harris:787,,Under Votes,4
harris:787,DEM,Joseph R. Biden,208
harris:787,GRN,Howie Hawkins,1
harris:787,LIB,Jo Jorgensen,5
harris:787,REP,Donald J. Trump/Michael R. Pence,97
harris:79,,Abram Loeb,0
harris:79,,Gloria La Riva,0
harris:79,,Jesse Cuellar,0
harris:79,,Kasey Wells,0
harris:79,,Over Votes,3
harris:79,,President R. Boddie,0
harris:79,,Robert Morrow,0
harris:79,,Tom Hoefling,0
harris:79,,Under Votes,13
harris:79,DEM,Joseph R. Biden,1026
harris:79,GRN,Howie Hawkins,7
harris:79,LIB,Jo Jorgensen,11
harris:79,REP,Donald J. Trump/Michael R. Pence,445
harris:791,,Abram Loeb,0
harris:791,,Gloria La Riva,0
harris:791,,Jesse Cuellar,0
harris:791,,Kasey Wells,0
harris:791,,Over Votes,0
harris:791,,President R. Boddie,0
harris:791,,Robert Morrow,0
harris:791,,Tom Hoefling,0
harris:791,,Under Votes,0
harris:791,DEM,Joseph R. Biden,13
harris:791,GRN,Howie Hawkins,0
harris:791,LIB,Jo Jorgensen,0
harris:791,REP,Donald J. Trump/Michael R. Pence,2
harris:792,,Abram Loeb,0
harris:792,,Gloria La Riva,0
harris:792,,Jesse Cuellar,0
harris:792,,Kasey Wells,0
harris:792,,Over Votes,1
harris:792,,President R. Boddie,0
harris:792,,Robert Morrow,0
harris:792,,Tom Hoefling,0
harris:792,,Under Votes,14
harris:792,DEM,Joseph R. Biden,804
harris:792,GRN,Howie Hawkins,5
harris:792,LIB,Jo Jorgensen,11
harris:792,REP,Donald J. Trump/Michael R. Pence,327
harris:793,,Abram Loeb,0
harris:793,,Gloria La Riva,1
harris:793,,Jesse Cuellar,0
harris:793,,Kasey Wells,0
harris:793,,Over Votes,1
harris:793,,President R. Boddie,0
harris:793,,Robert Morrow,0
harris:793,,Tom Hoefling,0
harris:793,,Under Votes,14
harris:793,DEM,Joseph R. Biden,785
harris:793,GRN,Howie Hawkins,4
harris:793,LIB,Jo Jorgensen,15
harris:793,REP,Donald J. Trump/Michael R. Pence,806
harris:794,,Abram Loeb,0
harris:794,,Gloria La Riva,0
harris:794,,Jesse Cuellar,0
harris:794,,Kasey Wells,0
harris:794,,Over Votes,1
harris:794,,President R. Boddie,0
harris:794,,Robert Morrow,0
harris:794,,Tom Hoefling,0
harris:794,,Under Votes,15
harris:794,DEM,Joseph R. Biden,1001
harris:794,GRN,Howie Hawkins,5
harris:794,LIB,Jo Jorgensen,13
harris:794,REP,Donald J. Trump/Michael R. Pence,175
harris:795,,Abram Loeb,0
harris:795,,Gloria La Riva,0
harris:795,,Jesse Cuellar,0
harris:795,,Kasey Wells,0
harris:795,,Over Votes,0
harris:795,,President R. Boddie,0
harris:795,,Robert Morrow,0
harris:795,,Tom Hoefling,0
harris:795,,Under Votes,12
harris:795,DEM,Joseph R. Biden,433
harris:795,GRN,Howie Hawkins,4
harris:795,LIB,Jo Jorgensen,5
harris:795,REP,Donald J. Trump/Michael R. Pence,249
harris:797,,Abram Loeb,0
harris:797,,Gloria La Riva,0
harris:797,,Jesse Cuellar,0
harris:797,,Kasey Wells,0
harris:797,,Over Votes,0
harris:797,,President R. Boddie,0
harris:797,,Robert Morrow,0
harris:797,,Tom Hoefling,0
harris:797,,Under Votes,0
harris:797,DEM,Joseph R. Biden,0
harris:797,GRN,Howie Hawkins,0
harris:797,LIB,Jo Jorgensen,0
harris:797,REP,Donald J. Trump/Michael R. Pence,0
harris:798,,Abram Loeb,0
harris:798,,Gloria La Riva,0
harris:798,,Jesse Cuellar,0
harris:798,,Kasey Wells,0
harris:798,,Over Votes,0
harris:798,,President R. Boddie,0
harris:798,,Robert Morrow,0
harris:798,,Tom Hoefling,0
harris:798,,Under Votes,5
harris:798,DEM,Joseph R. Biden,268
harris:798,GRN,Howie Hawkins,2
harris:798,LIB,Jo Jorgensen,8
harris:798,REP,Donald J. Trump/Michael R. Pence,148
harris:799,,Abram Loeb,0
harris:799,,Gloria La Riva,0
harris:799,,Jesse Cuellar,0
harris:799,,Kasey Wells,0
harris:799,,Over Votes,0
harris:799,,President R. Boddie,0
harris:799,,Robert Morrow,0
harris:799,,Tom Hoefling,0
harris:799,,Under Votes,0
harris:799,DEM,Joseph R. Biden,85
harris:799,GRN,Howie Hawkins,0
harris:799,LIB,Jo Jorgensen,0
harris:799,REP,Donald J. Trump/Michael R. Pence,26
harris:801,,Abram Loeb,0
harris:801,,Gloria La Riva,0
harris:801,,Jesse Cuellar,0
harris:801,,Kasey Wells,0
harris:801,,Over Votes,0
harris:801,,President R. Boddie,0
harris:801,,Robert Morrow,0
harris:801,,Tom Hoefling,0
harris:801,,Under Votes,1
harris:801,DEM,Joseph R. Biden,120
harris:801,GRN,Howie Hawkins,2
harris:801,LIB,Jo Jorgensen,1
harris:801,REP,Donald J. Trump/Michael R. Pence,58
harris:81,,Abram Loeb,0
harris:81,,Gloria La Riva,0
harris:81,,Jesse Cuellar,0
harris:81,,Kasey Wells,0
harris:81,,Over Votes,0
harris:81,,President R. Boddie,0
harris:81,,Robert Morrow,0
harris:81,,Tom Hoefling,0
harris:81,,Under Votes,37
harris:81,DEM,Joseph R. Biden,740
harris:81,GRN,Howie Hawkins,1
harris:81,LIB,Jo Jorgensen,11
harris:81,REP,Donald J. Trump/Michael R. Pence,531
harris:810,,Abram Loeb,0
harris:810,,Gloria La Riva,0
harris:810,,Jesse Cuellar,0
harris:810,,Kasey Wells,0
harris:810,,Over Votes,0
harris:810,,President R. Boddie,0
harris:810,,Robert Morrow,0
harris:810,,Tom Hoefling,0
harris:810,,Under Votes,1
harris:810,DEM,Joseph R. Biden,52
harris:810,GRN,Howie Hawkins,0
harris:810,LIB,Jo Jorgensen,0
harris:810,REP,Donald J. Trump/Michael R. Pence,25
harris:811,,Abram Loeb,0
harris:811,,Gloria La Riva,0
harris:811,,Jesse Cuellar,0
harris:811,,Kasey Wells,0
harris:811,,Over Votes,0
harris:811,,President R. Boddie,0
harris:811,,Robert Morrow,0
harris:811,,Tom Hoefling,0
harris:811,,Under Votes,4
harris:811,DEM,Joseph R. Biden,104
harris:811,GRN,Howie Hawkins,0
harris:811,LIB,Jo Jorgensen,1
harris:811,REP,Donald J. Trump/Michael R. Pence,46
harris:812,,Abram Loeb,0
harris:812,,Gloria La Riva,0
harris:812,,Jesse Cuellar,0
harris:812,,Kasey Wells,0
harris:812,,Over Votes,0
harris:812,,President R. Boddie,0
harris:812,,Robert Morrow,0
harris:812,,Tom Hoefling,0
harris:812,,Under Votes,0
harris:812,DEM,Joseph R. Biden,1
harris:812,GRN,Howie Hawkins,0
harris:812,LIB,Jo Jorgensen,0
harris:812,REP,Donald J. Trump/Michael R. Pence,0
harris:816,,Abram Loeb,0
harris:816,,Gloria La Riva,0
harris:816,,Jesse Cuellar,0
harris:816,,Kasey Wells,0
harris:816,,Over Votes,0
harris:816,,President R. Boddie,0
harris:816,,Robert Morrow,0
harris:816,,Tom Hoefling,0
harris:816,,Under Votes,0
harris:816,DEM,Joseph R. Biden,14
harris:816,GRN,Howie Hawkins,1
harris:816,LIB,Jo Jorgensen,0
harris:816,REP,Donald J. Trump/Michael R. Pence,10
harris:821,,Abram Loeb,0
harris:821,,Gloria La Riva,0
harris:821,,Jesse Cuellar,0
harris:821,,Kasey Wells,0
harris:821,,Over Votes,0
harris:821,,President R. Boddie,0
harris:821,,Robert Morrow,0
harris:821,,Tom Hoefling,0
harris:821,,Under Votes,9
harris:821,DEM,Joseph R. Biden,466
harris:821,GRN,Howie Hawkins,2
harris:821,LIB,Jo Jorgensen,3
harris:821,REP,Donald J. Trump/Michael R. Pence,117
harris:824,,Abram Loeb,0
harris:824,,Gloria La Riva,0
harris:824,,Jesse Cuellar,0
harris:824,,Kasey Wells,0
harris:824,,Over Votes,0
harris:824,,President R. Boddie,0
harris:824,,Robert Morrow,0
harris:824,,Tom Hoefling,0
harris:824,,Under Votes,13
harris:824,DEM,Joseph R. Biden,1283
harris:824,GRN,Howie Hawkins,5
harris:824,LIB,Jo Jorgensen,11
harris:824,REP,Donald J. Trump/Michael R. Pence,428
harris:827,,Abram Loeb,0
harris:827,,Gloria La Riva,0
harris:827,,Jesse Cuellar,0
harris:827,,Kasey Wells,0
harris:827,,Over Votes,0
harris:827,,President R. Boddie,0
harris:827,,Robert Morrow,0
harris:827,,Tom Hoefling,0
harris:827,,Under Votes,7
harris:827,DEM,Joseph R. Biden,288
harris:827,GRN,Howie Hawkins,2
harris:827,LIB,Jo Jorgensen,4
harris:827,REP,Donald J. Trump/Michael R. Pence,194
harris:83,,Abram Loeb,0
harris:83,,Gloria La Riva,0
harris:83,,Jesse Cuellar,0
harris:83,,Kasey Wells,0
harris:83,,Over Votes,0
harris:83,,President R. Boddie,0
harris:83,,Robert Morrow,0
harris:83,,Tom Hoefling,0
harris:83,,Under Votes,11
harris:83,DEM,Joseph R. Biden,1878
harris:83,GRN,Howie Hawkins,10
harris:83,LIB,Jo Jorgensen,38
harris:83,REP,Donald J. Trump/Michael R. Pence,982
harris:831,,Abram Loeb,0
harris:831,,Gloria La Riva,0
harris:831,,Jesse Cuellar,0
harris:831,,Kasey Wells,0
harris:831,,Over Votes,0
harris:831,,President R. Boddie,0
harris:831,,Robert Morrow,0
harris:831,,Tom Hoefling,0
harris:831,,Under Votes,0
harris:831,DEM,Joseph R. Biden,9
harris:831,GRN,Howie Hawkins,0
harris:831,LIB,Jo Jorgensen,0
harris:831,REP,Donald J. Trump/Michael R. Pence,3
harris:832,,Abram Loeb,0
harris:832,,Gloria La Riva,0
harris:832,,Jesse Cuellar,0
harris:832,,Kasey Wells,0
harris:832,,Over Votes,0
harris:832,,President R. Boddie,0
harris:832,,Robert Morrow,0
harris:832,,Tom Hoefling,0
harris:832,,Under Votes,4
harris:832,DEM,Joseph R. Biden,149
harris:832,GRN,Howie Hawkins,1
harris:832,LIB,Jo Jorgensen,1
harris:832,REP,Donald J. Trump/Michael R. Pence,58
harris:833,,Abram Loeb,0
harris:833,,Gloria La Riva,0
harris:833,,Jesse Cuellar,0
harris:833,,Kasey Wells,0
harris:833,,Over Votes,0
harris:833,,President R. Boddie,0
harris:833,,Robert Morrow,0
harris:833,,Tom Hoefling,0
harris:833,,Under Votes,0
harris:833,DEM,Joseph R. Biden,11
harris:833,GRN,Howie Hawkins,0
harris:833,LIB,Jo Jorgensen,0
harris:833,REP,Donald J. Trump/Michael R. Pence,1
harris:834,,Abram Loeb,0
harris:834,,Gloria La Riva,0
harris:834,,Jesse Cuellar,0
harris:834,,Kasey Wells,0
harris:834,,Over Votes,0
harris:834,,President R. Boddie,0
harris:834,,Robert Morrow,0
harris:834,,Tom Hoefling,0
harris:834,,Under Votes,0
harris:834,DEM,Joseph R. Biden,221
harris:834,GRN,Howie Hawkins,1
harris:834,LIB,Jo Jorgensen,0
harris:834,REP,Donald J. Trump/Michael R. Pence,22
harris:835,,Abram Loeb,0
harris:835,,Gloria La Riva,0
harris:835,,Jesse Cuellar,0
harris:835,,Kasey Wells,0
harris:835,,Over Votes,1
harris:835,,President R. Boddie,0
harris:835,,Robert Morrow,0
harris:835,,Tom Hoefling,0
harris:835,,Under Votes,0
harris:835,DEM,Joseph R. Biden,112
harris:835,GRN,Howie Hawkins,0
harris:835,LIB,Jo Jorgensen,3
harris:835,REP,Donald J. Trump/Michael R. Pence,68
harris:838,,Abram Loeb,0
harris:838,,Gloria La Riva,0
harris:838,,Jesse Cuellar,0
harris:838,,Kasey Wells,0
harris:838,,Over Votes,0
harris:838,,President R. Boddie,0
harris:838,,Robert Morrow,0
harris:838,,Tom Hoefling,0
harris:838,,Under Votes,0
harris:838,DEM,Joseph R. Biden,0
harris:838,GRN,Howie Hawkins,0
harris:838,LIB,Jo Jorgensen,0
harris:838,REP,Donald J. Trump/Michael R. Pence,0
harris:842,,Abram Loeb,0
harris:842,,Gloria La Riva,0
harris:842,,Jesse Cuellar,0
harris:842,,Kasey Wells,0
harris:842,,Over Votes,1
harris:842,,President R. Boddie,0
harris:842,,Robert Morrow,0
harris:842,,Tom Hoefling,0
harris:842,,Under Votes,19
harris:842,DEM,Joseph R. Biden,1253
harris:842,GRN,Howie Hawkins,7
harris:842,LIB,Jo Jorgensen,17
harris:842,REP,Donald J. Trump/Michael R. Pence,820
harris:843,,Abram Loeb,0
harris:843,,Gloria La Riva,0
harris:843,,Jesse Cuellar,0
harris:843,,Kasey Wells,0
harris:843,,Over Votes,0
harris:843,,President R. Boddie,0
harris:843,,Robert Morrow,0
harris:843,,Tom Hoefling,0
harris:843,,Under Votes,13
harris:843,DEM,Joseph R. Biden,802
harris:843,GRN,Howie Hawkins,1
harris:843,LIB,Jo Jorgensen,10
harris:843,REP,Donald J. Trump/Michael R. Pence,214
harris:844,,Abram Loeb,0
harris:844,,Gloria La Riva,0
harris:844,,Jesse Cuellar,0
harris:844,,Kasey Wells,0
harris:844,,Over Votes,0
harris:844,,President R. Boddie,0
harris:844,,Robert Morrow,0
harris:844,,Tom Hoefling,0
harris:844,,Under Votes,0
harris:844,DEM,Joseph R. Biden,4
harris:844,GRN,Howie Hawkins,0
harris:844,LIB,Jo Jorgensen,0
harris:844,REP,Donald J. Trump/Michael R. Pence,0
harris:846,,Abram Loeb,0
harris:846,,Gloria La Riva,0
harris:846,,Jesse Cuellar,0
harris:846,,Kasey Wells,0
harris:846,,Over Votes,0
harris:846,,President R. Boddie,0
harris:846,,Robert Morrow,0
harris:846,,Tom Hoefling,0
harris:846,,Under Votes,1
harris:846,DEM,Joseph R. Biden,108
harris:846,GRN,Howie Hawkins,0
harris:846,LIB,Jo Jorgensen,1
harris:846,REP,Donald J. Trump/Michael R. Pence,24
harris:847,,Abram Loeb,0
harris:847,,Gloria La Riva,0
harris:847,,Jesse Cuellar,0
harris:847,,Kasey Wells,0
harris:847,,Over Votes,0
harris:847,,President R. Boddie,0
harris:847,,Robert Morrow,0
harris:847,,Tom Hoefling,0
harris:847,,Under Votes,14
harris:847,DEM,Joseph R. Biden,1288
harris:847,GRN,Howie Hawkins,8
harris:847,LIB,Jo Jorgensen,9
harris:847,REP,Donald J. Trump/Michael R. Pence,423
harris:849,,Abram Loeb,0
harris:849,,Gloria La Riva,0
harris:849,,Jesse Cuellar,0
harris:849,,Kasey Wells,0
harris:849,,Over Votes,0
harris:849,,President R. Boddie,0
harris:849,,Robert Morrow,0
harris:849,,Tom Hoefling,0
harris:849,,Under Votes,19
harris:849,DEM,Joseph R. Biden,963
harris:849,GRN,Howie Hawkins,4
harris:849,LIB,Jo Jorgensen,14
harris:849,REP,Donald J. Trump/Michael R. Pence,560
harris:850,,Abram Loeb,0
harris:850,,Gloria La Riva,0
harris:850,,Jesse Cuellar,0
harris:850,,Kasey Wells,0
harris:850,,Over Votes,0
harris:850,,President R. Boddie,0
harris:850,,Robert Morrow,0
harris:850,,Tom Hoefling,0
harris:850,,Under Votes,0
harris:850,DEM,Joseph R. Biden,108
harris:850,GRN,Howie Hawkins,0
harris:850,LIB,Jo Jorgensen,1
harris:850,REP,Donald J. Trump/Michael R. Pence,55
harris:852,,Abram Loeb,0
harris:852,,Gloria La Riva,0
harris:852,,Jesse Cuellar,0
harris:852,,Kasey Wells,0
harris:852,,Over Votes,0
harris:852,,President R. Boddie,0
harris:852,,Robert Morrow,0
harris:852,,Tom Hoefling,0
harris:852,,Under Votes,0
harris:852,DEM,Joseph R. Biden,0
harris:852,GRN,Howie Hawkins,0
harris:852,LIB,Jo Jorgensen,0
harris:852,REP,Donald J. Trump/Michael R. Pence,0
harris:857,,Abram Loeb,0
harris:857,,Gloria La Riva,0
harris:857,,Jesse Cuellar,0
harris:857,,Kasey Wells,0
harris:857,,Over Votes,0
harris:857,,President R. Boddie,0
harris:857,,Robert Morrow,0
harris:857,,Tom Hoefling,0
harris:857,,Under Votes,0
harris:857,DEM,Joseph R. Biden,0
harris:857,GRN,Howie Hawkins,0
harris:857,LIB,Jo Jorgensen,0
harris:857,REP,Donald J. Trump/Michael R. Pence,0
harris:860,,Abram Loeb,0
harris:860,,Gloria La Riva,0
harris:860,,Jesse Cuellar,0
harris:860,,Kasey Wells,0
harris:860,,Over Votes,0
harris:860,,President R. Boddie,0
harris:860,,Robert Morrow,0
harris:860,,Tom Hoefling,0
harris:860,,Under Votes,0
harris:860,DEM,Joseph R. Biden,1
harris:860,GRN,Howie Hawkins,0
harris:860,LIB,Jo Jorgensen,0
harris:860,REP,Donald J. Trump/Michael R. Pence,0
harris:864,,Abram Loeb,0
harris:864,,Gloria La Riva,0
harris:864,,Jesse Cuellar,0
harris:864,,Kasey Wells,0
harris:864,,Over Votes,1
harris:864,,President R. Boddie,0
harris:864,,Robert Morrow,0
harris:864,,Tom Hoefling,0
harris:864,,Under Votes,26
harris:864,DEM,Joseph R. Biden,1048
harris:864,GRN,Howie Hawkins,9
harris:864,LIB,Jo Jorgensen,12
harris:864,REP,Donald J. Trump/Michael R. Pence,425
harris:871,,Abram Loeb,0
harris:871,,Gloria La Riva,0
harris:871,,Jesse Cuellar,0
harris:871,,Kasey Wells,0
harris:871,,Over Votes,0
harris:871,,President R. Boddie,0
harris:871,,Robert Morrow,0
harris:871,,Tom Hoefling,0
harris:871,,Under Votes,0
harris:871,DEM,Joseph R. Biden,4
harris:871,GRN,Howie Hawkins,0
harris:871,LIB,Jo Jorgensen,0
harris:871,REP,Donald J. Trump/Michael R. Pence,1
harris:872,,Abram Loeb,0
harris:872,,Gloria La Riva,0
harris:872,,Jesse Cuellar,0
harris:872,,Kasey Wells,0
harris:872,,Over Votes,0
harris:872,,President R. Boddie,0
harris:872,,Robert Morrow,0
harris:872,,Tom Hoefling,0
harris:872,,Under Votes,0
harris:872,DEM,Joseph R. Biden,11
harris:872,GRN,Howie Hawkins,0
harris:872,LIB,Jo Jorgensen,0
harris:872,REP,Donald J. Trump/Michael R. Pence,14
harris:889,,Abram Loeb,0
harris:889,,Gloria La Riva,0
harris:889,,Jesse Cuellar,0
harris:889,,Kasey Wells,0
harris:889,,Over Votes,0
harris:889,,President R. Boddie,0
harris:889,,Robert Morrow,0
harris:889,,Tom Hoefling,0
harris:889,,Under Votes,1
harris:889,DEM,Joseph R. Biden,115
harris:889,GRN,Howie Hawkins,1
harris:889,LIB,Jo Jorgensen,3
harris:889,REP,Donald J. Trump/Michael R. Pence,26
harris:892,,Abram Loeb,0
harris:892,,Gloria La Riva,0
harris:892,,Jesse Cuellar,0
harris:892,,Kasey Wells,0
harris:892,,Over Votes,0
harris:892,,President R. Boddie,0
harris:892,,Robert Morrow,0
harris:892,,Tom Hoefling,0
harris:892,,Under Votes,7
harris:892,DEM,Joseph R. Biden,782
harris:892,GRN,Howie Hawkins,1
harris:892,LIB,Jo Jorgensen,16
harris:892,REP,Donald J. Trump/Michael R. Pence,223
harris:9,,Abram Loeb,0
harris:9,,Gloria La Riva,0
harris:9,,Jesse Cuellar,0
harris:9,,Kasey Wells,0
harris:9,,Over Votes,1
harris:9,,President R. Boddie,0
harris:9,,Robert Morrow,0
harris:9,,Tom Hoefling,0
harris:9,,Under Votes,16
harris:9,DEM,Joseph R. Biden,1169
harris:9,GRN,Howie Hawkins,9
harris:9,LIB,Jo Jorgensen,27
harris:9,REP,Donald J. Trump/Michael R. Pence,342
harris:908,,Abram Loeb,0
harris:908,,Gloria La Riva,0
harris:908,,Jesse Cuellar,0
harris:908,,Kasey Wells,0
harris:908,,Over Votes,0
harris:908,,President R. Boddie,0
harris:908,,Robert Morrow,0
harris:908,,Tom Hoefling,0
harris:908,,Under Votes,0
harris:908,DEM,Joseph R. Biden,1
harris:908,GRN,Howie Hawkins,0
harris:908,LIB,Jo Jorgensen,0
harris:908,REP,Donald J. Trump/Michael R. Pence,0
harris:909,,Abram Loeb,0
harris:909,,Gloria La Riva,0
harris:909,,Jesse Cuellar,0
harris:909,,Kasey Wells,0
harris:909,,Over Votes,0
harris:909,,President R. Boddie,0
harris:909,,Robert Morrow,0
harris:909,,Tom Hoefling,0
harris:909,,Under Votes,0
harris:909,DEM,Joseph R. Biden,14
harris:909,GRN,Howie Hawkins,0
harris:909,LIB,Jo Jorgensen,0
harris:909,REP,Donald J. Trump/Michael R. Pence,1
harris:910,,Abram Loeb,0
harris:910,,Gloria La Riva,0
harris:910,,Jesse Cuellar,0
harris:910,,Kasey Wells,0
harris:910,,Over Votes,0
harris:910,,President R. Boddie,0
harris:910,,Robert Morrow,0
harris:910,,Tom Hoefling,0
harris:910,,Under Votes,5
harris:910,DEM,Joseph R. Biden,69
harris:910,GRN,Howie Hawkins,0
harris:910,LIB,Jo Jorgensen,1
harris:910,REP,Donald J. Trump/Michael R. Pence,49
harris:914,,Abram Loeb,0
harris:914,,Gloria La Riva,0
harris:914,,Jesse Cuellar,0
harris:914,,Kasey Wells,0
harris:914,,Over Votes,0
harris:914,,President R. Boddie,0
harris:914,,Robert Morrow,0
harris:914,,Tom Hoefling,0
harris:914,,Under Votes,1
harris:914,DEM,Joseph R. Biden,43
harris:914,GRN,Howie Hawkins,0
harris:914,LIB,Jo Jorgensen,1
harris:914,REP,Donald J. Trump/Michael R. Pence,24
harris:917,,Abram Loeb,0
harris:917,,Gloria La Riva,0
harris:917,,Jesse Cuellar,0
harris:917,,Kasey Wells,0
harris:917,,Over Votes,0
harris:917,,President R. Boddie,0
harris:917,,Robert Morrow,0
harris:917,,Tom Hoefling,0
harris:917,,Under Votes,1
harris:917,DEM,Joseph R. Biden,25
harris:917,GRN,Howie Hawkins,0
harris:917,LIB,Jo Jorgensen,0
harris:917,REP,Donald J. Trump/Michael R. Pence,4
harris:921,,Abram Loeb,0
harris:921,,Gloria La Riva,0
harris:921,,Jesse Cuellar,0
harris:921,,Kasey Wells,0
harris:921,,Over Votes,0
harris:921,,President R. Boddie,0
harris:921,,Robert Morrow,0
harris:921,,Tom Hoefling,0
harris:921,,Under Votes,0
harris:921,DEM,Joseph R. Biden,41
harris:921,GRN,Howie Hawkins,0
harris:921,LIB,Jo Jorgensen,0
harris:921,REP,Donald J. Trump/Michael R. Pence,4
harris:925,,Abram Loeb,0
harris:925,,Gloria La Riva,0
harris:925,,Jesse Cuellar,0
harris:925,,Kasey Wells,0
harris:925,,Over Votes,0
harris:925,,President R. Boddie,0
harris:925,,Robert Morrow,0
harris:925,,Tom Hoefling,0
harris:925,,Under Votes,0
harris:925,DEM,Joseph R. Biden,0
harris:925,GRN,Howie Hawkins,0
harris:925,LIB,Jo Jorgensen,0
harris:925,REP,Donald J. Trump/Michael R. Pence,0
harris:928,,Abram Loeb,0
harris:928,,Gloria La Riva,0
harris:928,,Jesse Cuellar,0
harris:928,,Kasey Wells,0
harris:928,,Over Votes,0
harris:928,,President R. Boddie,0
harris:928,,Robert Morrow,0
harris:928,,Tom Hoefling,0
harris:928,,Under Votes,0
harris:928,DEM,Joseph R. Biden,6
harris:928,GRN,Howie Hawkins,0
harris:928,LIB,Jo Jorgensen,0
harris:928,REP,Donald J. Trump/Michael R. Pence,0
harris:93,,Abram Loeb,0
harris:93,,Gloria La Riva,0
harris:93,,Jesse Cuellar,0
harris:93,,Kasey Wells,0
harris:93,,Over Votes,0
harris:93,,President R. Boddie,0
harris:93,,Robert Morrow,0
harris:93,,Tom Hoefling,0
harris:93,,Under Votes,23
harris:93,DEM,Joseph R. Biden,1160
harris:93,GRN,Howie Hawkins,4
harris:93,LIB,Jo Jorgensen,20
harris:93,REP,Donald J. Trump/Michael R. Pence,704
harris:930,,Abram Loeb,0
harris:930,,Gloria La Riva,0
harris:930,,Jesse Cuellar,0
harris:930,,Kasey Wells,0
harris:930,,Over Votes,0
harris:930,,President R. Boddie,0
harris:930,,Robert Morrow,0
harris:930,,Tom Hoefling,0
harris:930,,Under Votes,6
harris:930,DEM,Joseph R. Biden,271
harris:930,GRN,Howie Hawkins,1
harris:930,LIB,Jo Jorgensen,2
harris:930,REP,Donald J. Trump/Michael R. Pence,57
harris:934,,Abram Loeb,0
harris:934,,Gloria La Riva,0
harris:934,,Jesse Cuellar,0
harris:934,,Kasey Wells,0
harris:934,,Over Votes,0
harris:934,,President R. Boddie,0
harris:934,,Robert Morrow,0
harris:934,,Tom Hoefling,0
harris:934,,Under Votes,1
harris:934,DEM,Joseph R. Biden,22
harris:934,GRN,Howie Hawkins,0
harris:934,LIB,Jo Jorgensen,0
harris:934,REP,Donald J. Trump/Michael R. Pence,3
harris:935,,Abram Loeb,0
harris:935,,Gloria La Riva,0
harris:935,,Jesse Cuellar,0
harris:935,,Kasey Wells,0
harris:935,,Over Votes,0
harris:935,,President R. Boddie,0
harris:935,,Robert Morrow,0
harris:935,,Tom Hoefling,0
harris:935,,Under Votes,0
harris:935,DEM,Joseph R. Biden,16
harris:935,GRN,Howie Hawkins,0
harris:935,LIB,Jo Jorgensen,0
harris:935,REP,Donald J. Trump/Michael R. Pence,11
harris:936,,Abram Loeb,0
harris:936,,Gloria La Riva,0
harris:936,,Jesse Cuellar,0
harris:936,,Kasey Wells,0
harris:936,,Over Votes,0
harris:936,,President R. Boddie,0
harris:936,,Robert Morrow,0
harris:936,,Tom Hoefling,0
harris:936,,Under Votes,2
harris:936,DEM,Joseph R. Biden,40
harris:936,GRN,Howie Hawkins,0
harris:936,LIB,Jo Jorgensen,0
harris:936,REP,Donald J. Trump/Michael R. Pence,16
harris:937,,Abram Loeb,0
harris:937,,Gloria La Riva,0
harris:937,,Jesse Cuellar,0
harris:937,,Kasey Wells,0
harris:937,,Over Votes,0
harris:937,,President R. Boddie,0
harris:937,,Robert Morrow,0
harris:937,,Tom Hoefling,0
harris:937,,Under Votes,0
harris:937,DEM,Joseph R. Biden,0
harris:937,GRN,Howie Hawkins,0
harris:937,LIB,Jo Jorgensen,0
harris:937,REP,Donald J. Trump/Michael R. Pence,0
harris:94,,Abram Loeb,0
harris:94,,Gloria La Riva,0
harris:94,,Jesse Cuellar,0
harris:94,,Kasey Wells,0
harris:94,,Over Votes,0
harris:94,,President R. Boddie,0
harris:94,,Robert Morrow,0
harris:94,,Tom Hoefling,0
harris:94,,Under Votes,4
harris:94,DEM,Joseph R. Biden,224
harris:94,GRN,Howie Hawkins,3
harris:94,LIB,Jo Jorgensen,3
harris:94,REP,Donald J. Trump/Michael R. Pence,77
harris:940,,Abram Loeb,0
harris:940,,Gloria La Riva,0
harris:940,,Jesse Cuellar,0
harris:940,,Kasey Wells,0
harris:940,,Over Votes,0
harris:940,,President R. Boddie,0
harris:940,,Robert Morrow,0
harris:940,,Tom Hoefling,0
harris:940,,Under Votes,0
harris:940,DEM,Joseph R. Biden,13
harris:940,GRN,Howie Hawkins,0
harris:940,LIB,Jo Jorgensen,0
harris:940,REP,Donald J. Trump/Michael R. Pence,0
harris:945,,Abram Loeb,0
harris:945,,Gloria La Riva,0
harris:945,,Jesse Cuellar,0
harris:945,,Kasey Wells,0
harris:945,,Over Votes,0
harris:945,,President R. Boddie,0
harris:945,,Robert Morrow,0
harris:945,,Tom Hoefling,0
harris:945,,Under Votes,0
harris:945,DEM,Joseph R. Biden,7
harris:945,GRN,Howie Hawkins,2
harris:945,LIB,Jo Jorgensen,1
harris:945,REP,Donald J. Trump/Michael R. Pence,3
harris:946,,Abram Loeb,0
harris:946,,Gloria La Riva,0
harris:946,,Jesse Cuellar,0
harris:946,,Kasey Wells,0
harris:946,,Over Votes,0
harris:946,,President R. Boddie,0
harris:946,,Robert Morrow,0
harris:946,,Tom Hoefling,0
harris:946,,Under Votes,0
harris:946,DEM,Joseph R. Biden,5
harris:946,GRN,Howie Hawkins,0
harris:946,LIB,Jo Jorgensen,0
harris:946,REP,Donald J. Trump/Michael R. Pence,5
harris:950,,Abram Loeb,0
harris:950,,Gloria La Riva,0
harris:950,,Jesse Cuellar,0
harris:950,,Kasey Wells,0
harris:950,,Over Votes,0
harris:950,,President R. Boddie,0
harris:950,,Robert Morrow,0
harris:950,,Tom Hoefling,0
harris:950,,Under Votes,0
harris:950,DEM,Joseph R. Biden,0
harris:950,GRN,Howie Hawkins,0
harris:950,LIB,Jo Jorgensen,0
harris:950,REP,Donald J. Trump/Michael R. Pence,0
harris:953,,Abram Loeb,0
harris:953,,Gloria La Riva,0
harris:953,,Jesse Cuellar,0
harris:953,,Kasey Wells,0
harris:953,,Over Votes,0
harris:953,,President R. Boddie,0
harris:953,,Robert Morrow,0
harris:953,,Tom Hoefling,0
harris:953,,Under Votes,0
harris:953,DEM,Joseph R. Biden,4
harris:953,GRN,Howie Hawkins,0
harris:953,LIB,Jo Jorgensen,0
harris:953,REP,Donald J. Trump/Michael R. Pence,1
harris:954,,Abram Loeb,0
harris:954,,Gloria La Riva,0
harris:954,,Jesse Cuellar,0
harris:954,,Kasey Wells,0
harris:954,,Over Votes,0
harris:954,,President R. Boddie,0
harris:954,,Robert Morrow,0
harris:954,,Tom Hoefling,0
harris:954,,Under Votes,0
harris:954,DEM,Joseph R. Biden,0
harris:954,GRN,Howie Hawkins,0
harris:954,LIB,Jo Jorgensen,0
harris:954,REP,Donald J. Trump/Michael R. Pence,0
harris:957,,Abram Loeb,0
harris:957,,Gloria La Riva,0
harris:957,,Jesse Cuellar,0
harris:957,,Kasey Wells,0
harris:957,,Over Votes,0
harris:957,,President R. Boddie,0
harris:957,,Robert Morrow,0
harris:957,,Tom Hoefling,0
harris:957,,Under Votes,9
harris:957,DEM,Joseph R. Biden,343
harris:957,GRN,Howie Hawkins,2
harris:957,LIB,Jo Jorgensen,2
harris:957,REP,Donald J. Trump/Michael R. Pence,61
harris:958,,Abram Loeb,0
harris:958,,Gloria La Riva,0
harris:958,,Jesse Cuellar,0
harris:958,,Kasey Wells,0
harris:958,,Over Votes,0
harris:958,,President R. Boddie,0
harris:958,,Robert Morrow,0
harris:958,,Tom Hoefling,0
harris:958,,Under Votes,5
harris:958,DEM,Joseph R. Biden,594
harris:958,GRN,Howie Hawkins,0
harris:958,LIB,Jo Jorgensen,5
harris:958,REP,Donald J. Trump/Michael R. Pence,173
harris:959,,Abram Loeb,0
harris:959,,Gloria La Riva,0
harris:959,,Jesse Cuellar,0
harris:959,,Kasey Wells,0
harris:959,,Over Votes,0
harris:959,,President R. Boddie,0
harris:959,,Robert Morrow,0
harris:959,,Tom Hoefling,0
harris:959,,Under Votes,0
harris:959,DEM,Joseph R. Biden,0
harris:959,GRN,Howie Hawkins,0
harris:959,LIB,Jo Jorgensen,0
harris:959,REP,Donald J. Trump/Michael R. Pence,0
harris:96,,Abram Loeb,0
harris:96,,Gloria La Riva,0
harris:96,,Jesse Cuellar,0
harris:96,,Kasey Wells,0
harris:96,,Over Votes,0
harris:96,,President R. Boddie,0
harris:96,,Robert Morrow,0
harris:96,,Tom Hoefling,0
harris:96,,Under Votes,15
harris:96,DEM,Joseph R. Biden,1235
harris:96,GRN,Howie Hawkins,12
harris:96,LIB,Jo Jorgensen,10
harris:96,REP,Donald J. Trump/Michael R. Pence,340
harris:960,,Abram Loeb,0
harris:960,,Gloria La Riva,0
harris:960,,Jesse Cuellar,0
harris:960,,Kasey Wells,0
harris:960,,Over Votes,0
harris:960,,President R. Boddie,0
harris:960,,Robert Morrow,0
harris:960,,Tom Hoefling,0
harris:960,,Under Votes,8
harris:960,DEM,Joseph R. Biden,1097
harris:960,GRN,Howie Hawkins,4
harris:960,LIB,Jo Jorgensen,10
harris:960,REP,Donald J. Trump/Michael R. Pence,269
harris:970,,Abram Loeb,0
harris:970,,Gloria La Riva,0
harris:970,,Jesse Cuellar,0
harris:970,,Kasey Wells,0
harris:970,,Over Votes,1
harris:970,,President R. Boddie,0
harris:970,,Robert Morrow,0
harris:970,,Tom Hoefling,0
harris:970,,Under Votes,2
harris:970,DEM,Joseph R. Biden,346
harris:970,GRN,Howie Hawkins,3
harris:970,LIB,Jo Jorgensen,3
harris:970,REP,Donald J. Trump/Michael R. Pence,47
harris:972,,Abram Loeb,0
harris:972,,Gloria La Riva,0
harris:972,,Jesse Cuellar,0
harris:972,,Kasey Wells,0
harris:972,,Over Votes,0
harris:972,,President R. Boddie,0
harris:972,,Robert Morrow,0
harris:972,,Tom Hoefling,0
harris:972,,Under Votes,0
harris:972,DEM,Joseph R. Biden,0
harris:972,GRN,Howie Hawkins,0
harris:972,LIB,Jo Jorgensen,0
harris:972,REP,Donald J. Trump/Michael R. Pence,0
harris:976,,Abram Loeb,0
harris:976,,Gloria La Riva,0
harris:976,,Jesse Cuellar,0
harris:976,,Kasey Wells,0
harris:976,,Over Votes,0
harris:976,,President R. Boddie,0
harris:976,,Robert Morrow,0
harris:976,,Tom Hoefling,0
harris:976,,Under Votes,1
harris:976,DEM,Joseph R. Biden,202
harris:976,GRN,Howie Hawkins,0
harris:976,LIB,Jo Jorgensen,6
harris:976,REP,Donald J. Trump/Michael R. Pence,200
harris:978,,Abram Loeb,0
harris:978,,Gloria La Riva,0
harris:978,,Jesse Cuellar,0
harris:978,,Kasey Wells,0
harris:978,,Over Votes,0
harris:978,,President R. Boddie,0
harris:978,,Robert Morrow,0
harris:978,,Tom Hoefling,0
harris:978,,Under Votes,0
harris:978,DEM,Joseph R. Biden,0
harris:978,GRN,Howie Hawkins,0
harris:978,LIB,Jo Jorgensen,0
harris:978,REP,Donald J. Trump/Michael R. Pence,0
harris:989,,Abram Loeb,0
harris:989,,Gloria La Riva,0
harris:989,,Jesse Cuellar,0
harris:989,,Kasey Wells,0
harris:989,,Over Votes,0
harris:989,,President R. Boddie,0
harris:989,,Robert Morrow,0
harris:989,,Tom Hoefling,0
harris:989,,Under Votes,0
harris:989,DEM,Joseph R. Biden,0
harris:989,GRN,Howie Hawkins,0
harris:989,LIB,Jo Jorgensen,0
harris:989,REP,Donald J. Trump/Michael R. Pence,0
harris:99,,Abram Loeb,0
harris:99,,Gloria La Riva,0
harris:99,,Jesse Cuellar,0
harris:99,,Kasey Wells,0
harris:99,,Over Votes,1
harris:99,,President R. Boddie,0
harris:99,,Robert Morrow,0
harris:99,,Tom Hoefling,0
harris:99,,Under Votes,19
harris:99,DEM,Joseph R. Biden,573
harris:99,GRN,Howie Hawkins,4
harris:99,LIB,Jo Jorgensen,12
harris:99,REP,Donald J. Trump/Michael R. Pence,502
harris:996,,Abram Loeb,0
harris:996,,Gloria La Riva,0
harris:996,,Jesse Cuellar,0
harris:996,,Kasey Wells,0
harris:996,,Over Votes,0
harris:996,,President R. Boddie,0
harris:996,,Robert Morrow,0
harris:996,,Tom Hoefling,0
harris:996,,Under Votes,7
harris:996,DEM,Joseph R. Biden,276
harris:996,GRN,Howie Hawkins,0
harris:996,LIB,Jo Jorgensen,7
harris:996,REP,Donald J. Trump/Michael R. Pence,261
harris:999,,Abram Loeb,0
harris:999,,Gloria La Riva,0
harris:999,,Jesse Cuellar,0
harris:999,,Kasey Wells,0
harris:999,,Over Votes,0
harris:999,,President R. Boddie,0
harris:999,,Robert Morrow,0
harris:999,,Tom Hoefling,0
harris:999,,Under Votes,0
harris:999,DEM,Joseph R. Biden,0
harris:999,GRN,Howie Hawkins,0
harris:999,LIB,Jo Jorgensen,0
harris:999,REP,Donald J. Trump/Michael R. Pence,0
