{"type":"FeatureCollection","features":[{"type":"Feature","properties":{"PRECINCT":"1","VTD":"0001"},"geometry":{"type":"Polygon","coordinates":[[[-95.055112,30.673101],[-95.055176,30.672247],[-95.054542,30.671433],[-95.053638,30.671241],[-95.04821,30.671336],[-95.046645,30.67154],[-95.043723,30.672559],[-95.042198,30.674141],[-95.040216,30.675345],[-95.038606,30.675766],[-95.037283,30.675631],[-95.035588,30.675044],[-95.034227,30.674207],[-95.033379,30.673224],[-95.032725,30.671798],[-95.034147,30.66991],[-95.035673,30.669206],[-95.037944,30.668599],[-95.040232,30.66679],[-95.041339,30.665434],[-95.041458,30.664378],[-95.041038,30.663766],[-95.03898,30.662882],[-95.035115,30.662491],[-95.029993,30.661022],[-95.024443,30.660503],[-95.023623,30.660246],[-95.022766,30.659779],[-95.02216,30.659087],[-95.021833,30.658047],[-95.021859,30.655773],[-95.021643,30.654902],[-95.020833,30.654371],[-95.019883,30.654485],[-95.013101,30.658176],[-95.012542,30.658298],[-95.011676,30.658137],[-95.01108,30.657743],[-95.009616,30.655591],[-95.009112,30.65456],[-95.009055,30.653528],[-95.009361,30.652334],[-95.011249,30.649954],[-95.013183,30.648541],[-95.014468,30.648177],[-95.016348,30.648433],[-95.019096,30.64943],[-95.021341,30.650855],[-95.022924,30.650958],[-95.023947,30.650627],[-95.024663,30.649779],[-95.024745,30.648473],[-95.024305,30.645958],[-95.022476,30.642526],[-95.021801,30.638309],[-95.021027,30.636472],[-95.02016,30.635723],[-95.018875,30.635095],[-95.016258,30.634299],[-95.015946,30.633985],[-95.015325,30.632075],[-95.016374,30.628953],[-95.015874,30.627077],[-95.014991,30.626874],[-95.013812,30.627077],[-95.010865,30.628159],[-95.008831,30.627599],[-95.009119,30.619976],[-95.008766,30.613938],[-95.008295,30.611204],[-95.006871,30.609051],[-95.00715,30.60705],[-95.007792,30.606436],[-95.008529,30.606106],[-95.011349,30.605669],[-95.012781,30.605322],[-95.013573,30.604886],[-95.01428,30.604248],[-95.015211,30.601859],[-95.015974,30.600987],[-95.017155,30.600503],[-95.018104,30.600381],[-95.020776,30.600678],[-95.022506,30.600314],[-95.023548,30.599434],[-95.024981,30.597279],[-95.025917,30.596772],[-95.026768,30.596705],[-95.02954,30.597906],[-95.03114,30.598091],[-95.031827,30.597112],[-95.031094,30.595066],[-95.029372,30.592533],[-95.028991,30.591638],[-95.02901,30.591057],[-95.029391,30.590661],[-95.035351,30.588301],[-95.035863,30.587261],[-95.035733,30.586341],[-95.03513,30.585147],[-95.030889,30.580259],[-95.029744,30.579138],[-95.028628,30.578485],[-95.02606,30.577752],[-95.02259,30.577286],[-95.015405,30.577487],[-95.012372,30.577955],[-95.008656,30.579455],[-95.006191,30.580061],[-95.004959,30.580123],[-95.004557,30.579313],[-95.004633,30.578573],[-95.005235,30.57856],[-95.005371,30.57837],[-95.004375,30.577991],[-95.004409,30.577612],[-95.005066,30.577422],[-95.005642,30.577842],[-95.006102,30.577598],[-95.006088,30.577374],[-95.00445,30.577016],[-95.004301,30.576745],[-95.005879,30.575539],[-95.00661,30.575756],[-95.007192,30.576907],[-95.007815,30.576819],[-95.00789,30.576663],[-95.007395,30.576298],[-95.007693,30.575316],[-95.009217,30.575356],[-95.009669,30.573684],[-95.010197,30.573487],[-95.011506,30.573636],[-95.012478,30.574318],[-95.012732,30.573988],[-95.011843,30.573025],[-95.012046,30.572745],[-95.012682,30.572877],[-95.013445,30.572207],[-95.014207,30.572867],[-95.015599,30.572334],[-95.015834,30.572004],[-95.015726,30.571669],[-95.014843,30.57097],[-95.015002,30.570717],[-95.01607,30.570459],[-95.015574,30.569821],[-95.016172,30.569145],[-95.016401,30.567479],[-95.018148,30.568453],[-95.018949,30.568283],[-95.020583,30.567172],[-95.020195,30.566672],[-95.018899,30.566441],[-95.017902,30.565374],[-95.017839,30.564279],[-95.019123,30.563219],[-95.018665,30.562867],[-95.018685,30.561437],[-95.018958,30.561272],[-95.019784,30.561553],[-95.020343,30.561042],[-95.020503,30.560415],[-95.02096,30.560168],[-95.022936,30.560658],[-95.023749,30.559937],[-95.024982,30.559663],[-95.025567,30.559003],[-95.025548,30.558118],[-95.026177,30.557486],[-95.026114,30.556634],[-95.027073,30.556424],[-95.040274,30.557128],[-95.043058,30.556871],[-95.045791,30.555675],[-95.055308,30.555783],[-95.05523,30.537503],[-95.056887,30.535852],[-95.057661,30.53562],[-95.058791,30.535626],[-95.072307,30.535762],[-95.072383,30.535942],[-95.078975,30.535596],[-95.082776,30.535952],[-95.10094,30.53585],[-95.101851,30.499367],[-95.109723,30.49959],[-95.108625,30.498525],[-95.108517,30.498118],[-95.107946,30.497937],[-95.107494,30.496579],[-95.106586,30.496338],[-95.105767,30.496624],[-95.105633,30.495904],[-95.106401,30.495464],[-95.107467,30.493913],[-95.10753,30.493198],[-95.107327,30.492863],[-95.134256,30.49219],[-95.137831,30.49206],[-95.139038,30.491805],[-95.142031,30.500699],[-95.143559,30.499772],[-95.147249,30.496003],[-95.148905,30.494951],[-95.150612,30.494679],[-95.153959,30.494609],[-95.156112,30.494164],[-95.158633,30.494542],[-95.158936,30.494311],[-95.159135,30.492715],[-95.162151,30.492898],[-95.162703,30.492766],[-95.163403,30.493512],[-95.16379,30.493309],[-95.163517,30.493072],[-95.163841,30.492577],[-95.164457,30.493226],[-95.164946,30.492737],[-95.165041,30.493397],[-95.165384,30.493347],[-95.165581,30.49365],[-95.166495,30.49382],[-95.166723,30.493754],[-95.166933,30.493111],[-95.167625,30.493364],[-95.167727,30.493595],[-95.167352,30.49382],[-95.167815,30.494244],[-95.168603,30.494508],[-95.168647,30.495195],[-95.169085,30.495552],[-95.16765,30.497147],[-95.167796,30.497339],[-95.168418,30.49729],[-95.167751,30.498043],[-95.167878,30.498604],[-95.168342,30.498637],[-95.168462,30.498835],[-95.167834,30.498923],[-95.167605,30.499533],[-95.166989,30.499544],[-95.166622,30.500271],[-95.167479,30.500255],[-95.167136,30.501327],[-95.167784,30.501778],[-95.167822,30.502031],[-95.167339,30.502042],[-95.167225,30.502278],[-95.167555,30.503196],[-95.167885,30.50318],[-95.168203,30.502685],[-95.168406,30.502778],[-95.168755,30.50484],[-95.16845,30.505269],[-95.167199,30.505555],[-95.167192,30.505813],[-95.167764,30.506303],[-95.167211,30.507078],[-95.167128,30.50793],[-95.166747,30.508155],[-95.166201,30.50788],[-95.165947,30.507974],[-95.166525,30.508331],[-95.165725,30.510255],[-95.166163,30.511146],[-95.165629,30.511707],[-95.165686,30.513048],[-95.166492,30.513065],[-95.166892,30.513576],[-95.167413,30.513774],[-95.167756,30.514528],[-95.168994,30.515144],[-95.169534,30.515056],[-95.169724,30.514204],[-95.17001,30.514193],[-95.170277,30.514726],[-95.170766,30.51505],[-95.17088,30.515655],[-95.172245,30.515562],[-95.173115,30.516046],[-95.173242,30.516469],[-95.172156,30.518047],[-95.172562,30.518195],[-95.172842,30.517976],[-95.173159,30.518036],[-95.173191,30.518954],[-95.172696,30.519125],[-95.172619,30.519438],[-95.171933,30.51985],[-95.171546,30.519559],[-95.171279,30.520274],[-95.170619,30.520774],[-95.169279,30.520482],[-95.170015,30.522418],[-95.170542,30.522011],[-95.170866,30.522187],[-95.170841,30.522445],[-95.17051,30.523012],[-95.170002,30.522753],[-95.169323,30.523187],[-95.170206,30.52338],[-95.16985,30.523798],[-95.169361,30.523644],[-95.169138,30.523814],[-95.169297,30.524128],[-95.170262,30.524578],[-95.169685,30.524688],[-95.169424,30.525002],[-95.170008,30.525288],[-95.169576,30.526266],[-95.168941,30.526613],[-95.168535,30.52581],[-95.168281,30.52576],[-95.167862,30.526299],[-95.167715,30.527234],[-95.167899,30.52736],[-95.168281,30.527151],[-95.168947,30.527987],[-95.168604,30.52968],[-95.168985,30.530384],[-95.169322,30.529961],[-95.169766,30.530104],[-95.169982,30.530412],[-95.169811,30.53089],[-95.170789,30.530907],[-95.170973,30.531138],[-95.170719,30.531358],[-95.170376,30.531204],[-95.170465,30.531676],[-95.171303,30.53183],[-95.171544,30.532166],[-95.171462,30.532996],[-95.170801,30.532809],[-95.170649,30.533392],[-95.170928,30.534519],[-95.17021,30.534717],[-95.170343,30.535646],[-95.170959,30.535965],[-95.17155,30.535696],[-95.173113,30.535762],[-95.173894,30.536762],[-95.173709,30.537087],[-95.172998,30.537235],[-95.172928,30.537576],[-95.174999,30.537758],[-95.175189,30.53806],[-95.174973,30.538632],[-95.17524,30.538912],[-95.176117,30.538357],[-95.176161,30.539143],[-95.175469,30.539374],[-95.176218,30.539819],[-95.175329,30.54038],[-95.175557,30.540545],[-95.176536,30.540512],[-95.177177,30.541398],[-95.178085,30.541392],[-95.177869,30.542063],[-95.177247,30.541876],[-95.177126,30.542167],[-95.177962,30.542835],[-95.179502,30.542663],[-95.1823,30.541613],[-95.185521,30.538586],[-95.187194,30.537644],[-95.208446,30.531693],[-95.21042,30.530967],[-95.212559,30.530531],[-95.213848,30.529916],[-95.214565,30.52991],[-95.217745,30.529094],[-95.220177,30.527841],[-95.224862,30.533341],[-95.226359,30.536099],[-95.229808,30.538383],[-95.235157,30.542865],[-95.235771,30.544603],[-95.239111,30.55091],[-95.238525,30.558508],[-95.238841,30.5611],[-95.234749,30.562203],[-95.224309,30.563498],[-95.206876,30.566498],[-95.20451,30.56665],[-95.198095,30.566366],[-95.191303,30.566989],[-95.192011,30.568162],[-95.192989,30.568458],[-95.19297,30.568739],[-95.192449,30.56886],[-95.192551,30.569201],[-95.193428,30.568953],[-95.193816,30.569739],[-95.194756,30.57008],[-95.194362,30.571603],[-95.195944,30.571927],[-95.196942,30.571542],[-95.197418,30.571575],[-95.198893,30.57273],[-95.199433,30.573681],[-95.200227,30.573527],[-95.199738,30.574247],[-95.200831,30.574335],[-95.200691,30.575258],[-95.201962,30.575456],[-95.202064,30.575978],[-95.201727,30.576303],[-95.201823,30.576528],[-95.202648,30.57638],[-95.202826,30.576539],[-95.202712,30.578441],[-95.203634,30.578898],[-95.202122,30.579041],[-95.202363,30.57942],[-95.202204,30.579898],[-95.202948,30.580509],[-95.202916,30.58124],[-95.204505,30.5818],[-95.205058,30.58224],[-95.204842,30.582999],[-95.205306,30.582988],[-95.205865,30.582548],[-95.207193,30.583152],[-95.20619,30.585159],[-95.204792,30.585984],[-95.204328,30.58743],[-95.202994,30.588415],[-95.202855,30.589195],[-95.202486,30.589184],[-95.200974,30.590438],[-95.200103,30.591417],[-95.199341,30.592863],[-95.198788,30.593061],[-95.198045,30.593754],[-95.199042,30.594276],[-95.198579,30.594864],[-95.198712,30.595255],[-95.199151,30.595529],[-95.199087,30.596953],[-95.1995,30.597725],[-95.194985,30.599251],[-95.193631,30.599401],[-95.191272,30.599504],[-95.184631,30.598749],[-95.180461,30.599309],[-95.173318,30.599042],[-95.163871,30.59979],[-95.151727,30.602783],[-95.150382,30.603958],[-95.152036,30.604615],[-95.155547,30.607153],[-95.149186,30.612809],[-95.138669,30.619728],[-95.137587,30.619786],[-95.134775,30.619064],[-95.134075,30.619425],[-95.131077,30.619938],[-95.128674,30.621698],[-95.121356,30.624478],[-95.120585,30.624972],[-95.120517,30.625408],[-95.119972,30.625845],[-95.119102,30.625677],[-95.117983,30.625855],[-95.116642,30.627902],[-95.116204,30.62816],[-95.117865,30.629751],[-95.118249,30.6315],[-95.118874,30.631034],[-95.120488,30.631754],[-95.121139,30.631099],[-95.121225,30.630507],[-95.122267,30.629675],[-95.123126,30.630291],[-95.123198,30.631006],[-95.123484,30.631339],[-95.12171,30.631638],[-95.121551,30.632165],[-95.121763,30.63292],[-95.121583,30.636214],[-95.120719,30.641889],[-95.105981,30.657844],[-95.104841,30.657878],[-95.101696,30.658657],[-95.098858,30.659831],[-95.095536,30.660683],[-95.093965,30.661556],[-95.092682,30.662614],[-95.091614,30.664188],[-95.090938,30.670752],[-95.08999,30.671834],[-95.088352,30.672062],[-95.084831,30.671487],[-95.083843,30.671191],[-95.080479,30.669478],[-95.079278,30.669415],[-95.07325,30.672932],[-95.070607,30.67358],[-95.067469,30.673512],[-95.065245,30.674378],[-95.063171,30.675824],[-95.062456,30.67697],[-95.060614,30.678367],[-95.05705,30.680065],[-95.055002,30.680334],[-95.053548,30.67907],[-95.053323,30.678369],[-95.053794,30.675998],[-95.055112,30.673101]]]}},{"type":"Feature","properties":{"PRECINCT":"2","VTD":"0002"},"geometry":{"type":"Polygon","coordinates":[[[-95.004959,30.580123],[-94.997029,30.579612],[-94.994409,30.579098],[-94.988178,30.576676],[-94.985391,30.576144],[-94.97032,30.576889],[-94.968405,30.576916],[-94.965729,30.576586],[-94.961449,30.574871],[-94.957878,30.572277],[-94.950993,30.571194],[-94.949359,30.570503],[-94.945247,30.56592],[-94.944072,30.563728],[-94.94174,30.560701],[-94.940266,30.55947],[-94.937278,30.557984],[-94.936201,30.557715],[-94.934296,30.557588],[-94.927342,30.557987],[-94.920162,30.559702],[-94.910452,30.561514],[-94.9054,30.56028],[-94.900995,30.557464],[-94.898813,30.556859],[-94.895227,30.556412],[-94.892902,30.556857],[-94.891554,30.556868],[-94.889567,30.556361],[-94.888445,30.555631],[-94.885556,30.552981],[-94.882503,30.551638],[-94.879134,30.550488],[-94.878013,30.549653],[-94.87609,30.546845],[-94.875209,30.546067],[-94.864376,30.546449],[-94.860013,30.546862],[-94.858583,30.546754],[-94.856187,30.546201],[-94.851946,30.544344],[-94.850674,30.544139],[-94.848862,30.544378],[-94.846956,30.545102],[-94.842876,30.546152],[-94.842021,30.546086],[-94.839867,30.545541],[-94.830429,30.541613],[-94.829984,30.541112],[-94.829719,30.539512],[-94.833374,30.530522],[-94.834815,30.529652],[-94.837855,30.528608],[-94.846221,30.526144],[-94.850078,30.525286],[-94.852581,30.524354],[-94.854655,30.522882],[-94.856604,30.51811],[-94.85735,30.517142],[-94.859926,30.515362],[-94.863792,30.513987],[-94.865978,30.512545],[-94.867085,30.511416],[-94.867393,30.510755],[-94.867648,30.508833],[-94.867145,30.505302],[-94.86638,30.502821],[-94.865917,30.495998],[-94.865509,30.495023],[-94.864368,30.494491],[-94.860731,30.494065],[-94.853539,30.494958],[-94.850514,30.494201],[-94.847722,30.492557],[-94.845255,30.490406],[-94.842621,30.487458],[-94.873158,30.473455],[-94.933653,30.446224],[-94.947403,30.440422],[-94.959003,30.43501],[-94.975105,30.428082],[-95.006763,30.414102],[-95.006645,30.413998],[-95.024589,30.406903],[-95.034227,30.403329],[-95.061519,30.390582],[-95.059919,30.393115],[-95.071844,30.41195],[-95.085285,30.434698],[-95.084822,30.435187],[-95.084074,30.435358],[-95.084309,30.435698],[-95.084201,30.436078],[-95.084804,30.436303],[-95.084766,30.43665],[-95.085172,30.436858],[-95.085127,30.437304],[-95.085394,30.437595],[-95.085337,30.438293],[-95.085077,30.438458],[-95.085496,30.438662],[-95.085331,30.439085],[-95.085744,30.439492],[-95.086181,30.439382],[-95.086822,30.439613],[-95.086461,30.439871],[-95.08674,30.440075],[-95.087876,30.43997],[-95.088961,30.440464],[-95.088936,30.441025],[-95.089253,30.4413],[-95.089127,30.442158],[-95.089457,30.442614],[-95.088994,30.444528],[-95.089204,30.444693],[-95.089724,30.444621],[-95.089597,30.444918],[-95.090073,30.445072],[-95.090048,30.445534],[-95.090886,30.445951],[-95.091184,30.44704],[-95.090874,30.447826],[-95.091096,30.447925],[-95.09121,30.448656],[-95.091604,30.448959],[-95.091413,30.44925],[-95.091794,30.449728],[-95.091331,30.449641],[-95.091306,30.450152],[-95.090798,30.450542],[-95.090602,30.451076],[-95.090151,30.451186],[-95.090183,30.451549],[-95.089783,30.45145],[-95.089041,30.451994],[-95.089003,30.452242],[-95.088324,30.452467],[-95.088116,30.453129],[-95.087622,30.452562],[-95.087568,30.451646],[-95.086907,30.451096],[-95.086167,30.450844],[-95.086008,30.450592],[-95.08458,30.450776],[-95.084316,30.451005],[-95.084395,30.451853],[-95.083893,30.452403],[-95.08302,30.452059],[-95.082492,30.452105],[-95.079821,30.45458],[-95.07924,30.455977],[-95.077759,30.456115],[-95.07731,30.456757],[-95.073488,30.457098],[-95.075715,30.459677],[-95.073928,30.460337],[-95.071369,30.460868],[-95.068665,30.463862],[-95.06065,30.46589],[-95.056546,30.469656],[-95.056353,30.47178],[-95.056691,30.472939],[-95.056401,30.475353],[-95.054397,30.476536],[-95.0383,30.48166],[-95.042718,30.488587],[-95.043107,30.490153],[-95.034711,30.490449],[-95.033024,30.490801],[-95.032644,30.490393],[-95.026698,30.490316],[-95.024845,30.490706],[-95.024608,30.491476],[-95.023954,30.491684],[-95.019085,30.492702],[-95.019079,30.497526],[-95.020695,30.497859],[-95.026105,30.500112],[-95.024813,30.523365],[-95.013906,30.53063],[-95.028343,30.543476],[-95.027986,30.544681],[-95.027566,30.545153],[-95.027801,30.545929],[-95.02857,30.546523],[-95.027896,30.54738],[-95.028766,30.548425],[-95.028073,30.548986],[-95.027781,30.54958],[-95.02813,30.551933],[-95.028078,30.55405],[-95.026985,30.555369],[-95.027201,30.556364],[-95.026063,30.556689],[-95.026177,30.557486],[-95.025548,30.558118],[-95.025567,30.559003],[-95.025198,30.559514],[-95.023749,30.559937],[-95.022936,30.560658],[-95.02096,30.560168],[-95.020503,30.560415],[-95.020343,30.561042],[-95.019784,30.561553],[-95.018958,30.561272],[-95.018685,30.561437],[-95.018665,30.562867],[-95.019123,30.563219],[-95.017839,30.564279],[-95.017902,30.565374],[-95.019032,30.566523],[-95.020278,30.566727],[-95.020583,30.567172],[-95.020436,30.56742],[-95.018949,30.568283],[-95.018148,30.568453],[-95.016452,30.567435],[-95.016172,30.569145],[-95.015574,30.569821],[-95.01607,30.570459],[-95.015002,30.570717],[-95.014843,30.57097],[-95.015726,30.571669],[-95.015834,30.572004],[-95.015599,30.572334],[-95.014207,30.572867],[-95.013445,30.572207],[-95.012682,30.572877],[-95.012046,30.572745],[-95.011843,30.573025],[-95.012732,30.573988],[-95.012478,30.574318],[-95.011506,30.573636],[-95.010197,30.573487],[-95.009669,30.573684],[-95.009217,30.575356],[-95.007693,30.575316],[-95.007409,30.576413],[-95.007903,30.576765],[-95.007619,30.576887],[-95.007016,30.576718],[-95.00661,30.575756],[-95.005716,30.575634],[-95.004301,30.576745],[-95.00445,30.577016],[-95.006088,30.577374],[-95.006102,30.577598],[-95.005642,30.577842],[-95.005066,30.577422],[-95.004409,30.577612],[-95.004375,30.577991],[-95.005371,30.57837],[-95.005235,30.57856],[-95.004633,30.578573],[-95.004557,30.579313],[-95.004959,30.580123]]]}},{"type":"Feature","properties":{"PRECINCT":"3","VTD":"0003"},"geometry":{"type":"Polygon","coordinates":[[[-95.345863,30.634842],[-95.240673,30.630513],[-95.240768,30.629925],[-95.240406,30.629557],[-95.24012,30.629859],[-95.239891,30.629761],[-95.23991,30.629079],[-95.239306,30.629194],[-95.238536,30.628881],[-95.237913,30.628898],[-95.237354,30.628398],[-95.237443,30.628162],[-95.236489,30.62753],[-95.236095,30.627717],[-95.235433,30.627475],[-95.234442,30.627761],[-95.234149,30.627382],[-95.23392,30.627459],[-95.233805,30.626931],[-95.233589,30.627217],[-95.233329,30.627185],[-95.233596,30.626651],[-95.233347,30.626431],[-95.232953,30.626629],[-95.233112,30.626107],[-95.232635,30.625695],[-95.232266,30.625783],[-95.232653,30.625],[-95.232208,30.624934],[-95.231828,30.625354],[-95.231432,30.625],[-95.231902,30.624775],[-95.232118,30.62417],[-95.232341,30.624241],[-95.232461,30.623933],[-95.232264,30.62368],[-95.232544,30.623257],[-95.231545,30.622889],[-95.231139,30.623241],[-95.230923,30.623208],[-95.230916,30.622873],[-95.23056,30.623043],[-95.230592,30.622548],[-95.230306,30.622598],[-95.229975,30.622043],[-95.230369,30.621773],[-95.229008,30.621274],[-95.229186,30.62041],[-95.22972,30.620069],[-95.228969,30.61952],[-95.228009,30.619427],[-95.227266,30.619614],[-95.226503,30.619427],[-95.226846,30.619026],[-95.226674,30.618542],[-95.22647,30.618449],[-95.226388,30.618817],[-95.226108,30.61885],[-95.225905,30.618399],[-95.225288,30.61824],[-95.224429,30.617388],[-95.2234,30.617482],[-95.223406,30.61801],[-95.222783,30.618291],[-95.222942,30.618813],[-95.222231,30.618989],[-95.221716,30.618786],[-95.221455,30.618164],[-95.220221,30.617978],[-95.219904,30.618225],[-95.218988,30.618248],[-95.218194,30.618012],[-95.218467,30.617632],[-95.218212,30.617374],[-95.217774,30.617462],[-95.217246,30.617154],[-95.216382,30.617297],[-95.216668,30.616764],[-95.215886,30.616737],[-95.215695,30.616286],[-95.21593,30.615819],[-95.214938,30.616061],[-95.21455,30.615434],[-95.2149,30.61489],[-95.214658,30.614433],[-95.214283,30.613955],[-95.212566,30.613703],[-95.211727,30.610954],[-95.211002,30.610635],[-95.211319,30.609904],[-95.211116,30.609519],[-95.211408,30.60909],[-95.21027,30.608662],[-95.209139,30.607672],[-95.208033,30.607431],[-95.207575,30.606892],[-95.206208,30.606892],[-95.205471,30.606519],[-95.204473,30.606596],[-95.20397,30.605628],[-95.20315,30.604798],[-95.202979,30.60415],[-95.202712,30.604177],[-95.202139,30.603352],[-95.202247,30.603089],[-95.201745,30.602671],[-95.202082,30.602599],[-95.201605,30.602429],[-95.201713,30.601967],[-95.201465,30.601175],[-95.2002,30.600417],[-95.20006,30.599922],[-95.198789,30.599422],[-95.198776,30.599109],[-95.199139,30.599213],[-95.199533,30.599026],[-95.199711,30.598394],[-95.199107,30.597063],[-95.199151,30.595529],[-95.198712,30.595255],[-95.198579,30.594864],[-95.199042,30.594276],[-95.198045,30.593754],[-95.198788,30.593061],[-95.199341,30.592863],[-95.200103,30.591417],[-95.200974,30.590438],[-95.202486,30.589184],[-95.202855,30.589195],[-95.202994,30.588415],[-95.204328,30.58743],[-95.204792,30.585984],[-95.20619,30.585159],[-95.207193,30.583152],[-95.205865,30.582548],[-95.205306,30.582988],[-95.204842,30.582999],[-95.205058,30.58224],[-95.204505,30.5818],[-95.202916,30.58124],[-95.202948,30.580509],[-95.202204,30.579898],[-95.202363,30.57942],[-95.202122,30.579041],[-95.203634,30.578898],[-95.202712,30.578441],[-95.202826,30.576539],[-95.202648,30.57638],[-95.201823,30.576528],[-95.201727,30.576303],[-95.202064,30.575978],[-95.201962,30.575456],[-95.200691,30.575258],[-95.200831,30.574335],[-95.199738,30.574247],[-95.200227,30.573527],[-95.199433,30.573681],[-95.198893,30.57273],[-95.197418,30.571575],[-95.196942,30.571542],[-95.195944,30.571927],[-95.194362,30.571603],[-95.194756,30.57008],[-95.193816,30.569739],[-95.193428,30.568953],[-95.192551,30.569201],[-95.192449,30.56886],[-95.19297,30.568739],[-95.192989,30.568458],[-95.192011,30.568162],[-95.191303,30.566989],[-95.198095,30.566366],[-95.20451,30.56665],[-95.206876,30.566498],[-95.224309,30.563498],[-95.234749,30.562203],[-95.238804,30.561113],[-95.238525,30.558508],[-95.239038,30.55072],[-95.235771,30.544603],[-95.235022,30.542664],[-95.229808,30.538383],[-95.226359,30.536099],[-95.224862,30.533341],[-95.220177,30.527841],[-95.217745,30.529094],[-95.214565,30.52991],[-95.213848,30.529916],[-95.212559,30.530531],[-95.21042,30.530967],[-95.208446,30.531693],[-95.187194,30.537644],[-95.185521,30.538586],[-95.1823,30.541613],[-95.179266,30.542732],[-95.177962,30.542835],[-95.177088,30.54198],[-95.177406,30.541876],[-95.177869,30.542063],[-95.178085,30.541392],[-95.177177,30.541398],[-95.176536,30.540512],[-95.175557,30.540545],[-95.175329,30.54038],[-95.176218,30.539819],[-95.175469,30.539374],[-95.176161,30.539143],[-95.176066,30.538308],[-95.17524,30.538912],[-95.174973,30.538632],[-95.175189,30.53806],[-95.174999,30.537758],[-95.172928,30.537576],[-95.172998,30.537235],[-95.173709,30.537087],[-95.173894,30.536762],[-95.173113,30.535762],[-95.17155,30.535696],[-95.170959,30.535965],[-95.170343,30.535646],[-95.17021,30.534717],[-95.170928,30.534519],[-95.170649,30.533392],[-95.170801,30.532809],[-95.171462,30.532996],[-95.171544,30.532166],[-95.171303,30.53183],[-95.170465,30.531676],[-95.170376,30.531204],[-95.170719,30.531358],[-95.170973,30.531138],[-95.170789,30.530907],[-95.169811,30.53089],[-95.169982,30.530412],[-95.169766,30.530104],[-95.169322,30.529961],[-95.168985,30.530384],[-95.168604,30.52968],[-95.168947,30.527987],[-95.168281,30.527151],[-95.167899,30.52736],[-95.167715,30.527234],[-95.167862,30.526299],[-95.168281,30.52576],[-95.168535,30.52581],[-95.168941,30.526613],[-95.169576,30.526266],[-95.170008,30.525288],[-95.169424,30.525002],[-95.169685,30.524688],[-95.170262,30.524578],[-95.169297,30.524128],[-95.169138,30.523814],[-95.169361,30.523644],[-95.16985,30.523798],[-95.170206,30.52338],[-95.169323,30.523187],[-95.170002,30.522753],[-95.17051,30.523012],[-95.170841,30.522445],[-95.170866,30.522187],[-95.170542,30.522011],[-95.170015,30.522418],[-95.169279,30.520482],[-95.170619,30.520774],[-95.171279,30.520274],[-95.171546,30.519559],[-95.171933,30.51985],[-95.172619,30.519438],[-95.172696,30.519125],[-95.173191,30.518954],[-95.173159,30.518036],[-95.172842,30.517976],[-95.172562,30.518195],[-95.172156,30.518047],[-95.173242,30.516469],[-95.173115,30.516046],[-95.172245,30.515562],[-95.17088,30.515655],[-95.170766,30.51505],[-95.170277,30.514726],[-95.17001,30.514193],[-95.169724,30.514204],[-95.169534,30.515056],[-95.168994,30.515144],[-95.167756,30.514528],[-95.167413,30.513774],[-95.166892,30.513576],[-95.166492,30.513065],[-95.165686,30.513048],[-95.165629,30.511707],[-95.166163,30.511146],[-95.165725,30.510255],[-95.166525,30.508331],[-95.165947,30.507974],[-95.166201,30.50788],[-95.166747,30.508155],[-95.167128,30.50793],[-95.167211,30.507078],[-95.167764,30.506303],[-95.167192,30.505813],[-95.167199,30.505555],[-95.16845,30.505269],[-95.168755,30.50484],[-95.168406,30.502778],[-95.168063,30.502789],[-95.167834,30.503213],[-95.167409,30.502938],[-95.16725,30.502135],[-95.167765,30.502102],[-95.167828,30.501866],[-95.167136,30.501327],[-95.167479,30.500255],[-95.166641,30.500337],[-95.166989,30.499544],[-95.167605,30.499533],[-95.167834,30.498923],[-95.168449,30.498707],[-95.228352,30.498259],[-95.228239,30.498485],[-95.227775,30.49843],[-95.227433,30.498975],[-95.228056,30.500239],[-95.22866,30.500057],[-95.228914,30.500189],[-95.228927,30.502124],[-95.229645,30.502399],[-95.230978,30.50346],[-95.231296,30.504334],[-95.232153,30.504152],[-95.232103,30.504982],[-95.234116,30.506158],[-95.236339,30.507064],[-95.237565,30.507229],[-95.238447,30.507047],[-95.238822,30.507305],[-95.239368,30.507261],[-95.239914,30.507646],[-95.24079,30.507805],[-95.241115,30.508239],[-95.241286,30.507486],[-95.242213,30.507557],[-95.242346,30.508063],[-95.242969,30.508051],[-95.243559,30.507633],[-95.243591,30.507919],[-95.244302,30.507902],[-95.244473,30.508232],[-95.244804,30.508144],[-95.245324,30.508375],[-95.245794,30.508336],[-95.246169,30.507984],[-95.246467,30.508369],[-95.24707,30.508291],[-95.247343,30.507835],[-95.247648,30.507829],[-95.247928,30.508522],[-95.248785,30.508549],[-95.248106,30.50966],[-95.248798,30.509555],[-95.248938,30.509044],[-95.249757,30.509445],[-95.249687,30.509703],[-95.249154,30.509863],[-95.249637,30.510319],[-95.250629,30.509779],[-95.250444,30.510532],[-95.251453,30.511863],[-95.251484,30.512259],[-95.250652,30.513462],[-95.251947,30.513194],[-95.252367,30.512671],[-95.252716,30.513353],[-95.252709,30.514046],[-95.253395,30.513733],[-95.254575,30.514926],[-95.255997,30.515334],[-95.256855,30.515268],[-95.258784,30.516396],[-95.259717,30.518332],[-95.259545,30.51903],[-95.259869,30.519332],[-95.259761,30.519624],[-95.260814,30.520273],[-95.261125,30.520993],[-95.260845,30.521862],[-95.261086,30.52228],[-95.261016,30.523198],[-95.261422,30.523638],[-95.262984,30.523825],[-95.263486,30.524914],[-95.264387,30.525574],[-95.266216,30.525652],[-95.266451,30.525366],[-95.266388,30.524712],[-95.267182,30.524371],[-95.268115,30.524811],[-95.268058,30.525779],[-95.268667,30.525724],[-95.269112,30.52629],[-95.269715,30.525922],[-95.270515,30.52733],[-95.270394,30.52794],[-95.271391,30.52816],[-95.27127,30.528551],[-95.271505,30.529035],[-95.271689,30.529035],[-95.271702,30.528595],[-95.27233,30.528848],[-95.272151,30.52977],[-95.273136,30.529953],[-95.273263,30.530327],[-95.272634,30.530475],[-95.272615,30.531091],[-95.273485,30.532526],[-95.274107,30.532559],[-95.274907,30.532999],[-95.275301,30.532433],[-95.27605,30.534149],[-95.276793,30.533951],[-95.276793,30.534413],[-95.276208,30.535111],[-95.277244,30.534847],[-95.277466,30.534232],[-95.277784,30.534627],[-95.27852,30.534661],[-95.278228,30.535447],[-95.279466,30.535442],[-95.280432,30.536459],[-95.281207,30.536074],[-95.281632,30.536707],[-95.28188,30.536778],[-95.28193,30.53652],[-95.282381,30.536652],[-95.282394,30.537009],[-95.282089,30.537097],[-95.282883,30.537586],[-95.284198,30.537559],[-95.284191,30.538246],[-95.284909,30.538406],[-95.285302,30.539165],[-95.285931,30.539363],[-95.286394,30.541067],[-95.287207,30.542651],[-95.28863,30.543036],[-95.288922,30.543734],[-95.289582,30.543685],[-95.291259,30.544504],[-95.291506,30.544856],[-95.291398,30.545708],[-95.291589,30.545983],[-95.291868,30.545779],[-95.292122,30.545862],[-95.292199,30.545472],[-95.292453,30.54551],[-95.292472,30.546104],[-95.292789,30.546489],[-95.294104,30.547022],[-95.293742,30.547671],[-95.294301,30.548094],[-95.294275,30.548413],[-95.295076,30.548298],[-95.295298,30.548446],[-95.294694,30.54893],[-95.294948,30.54921],[-95.295419,30.549469],[-95.295857,30.548837],[-95.296022,30.549419],[-95.296708,30.549189],[-95.296683,30.55003],[-95.296397,30.5502],[-95.296301,30.550744],[-95.296593,30.550876],[-95.296593,30.551294],[-95.296917,30.551344],[-95.296994,30.551025],[-95.297559,30.55119],[-95.297889,30.551036],[-95.297807,30.551932],[-95.298181,30.551646],[-95.298448,30.551756],[-95.298677,30.552333],[-95.298518,30.552966],[-95.298988,30.553092],[-95.299407,30.553653],[-95.299941,30.553708],[-95.300195,30.553395],[-95.300036,30.553092],[-95.300233,30.553032],[-95.300493,30.553136],[-95.300665,30.553714],[-95.301561,30.553703],[-95.301796,30.552944],[-95.302259,30.552768],[-95.302386,30.55296],[-95.302024,30.553461],[-95.302361,30.553653],[-95.302094,30.55412],[-95.30238,30.55434],[-95.302933,30.554016],[-95.303625,30.553972],[-95.303638,30.554307],[-95.303111,30.554538],[-95.302984,30.554885],[-95.303955,30.555247],[-95.304584,30.555176],[-95.306153,30.555528],[-95.305842,30.555726],[-95.305035,30.555632],[-95.306814,30.556039],[-95.306757,30.556732],[-95.307214,30.557172],[-95.30776,30.557128],[-95.308027,30.557546],[-95.308809,30.557689],[-95.309298,30.557452],[-95.309355,30.557864],[-95.309685,30.558024],[-95.310435,30.557705],[-95.310956,30.557903],[-95.311108,30.558425],[-95.311839,30.558436],[-95.312531,30.558969],[-95.313008,30.558733],[-95.312982,30.557936],[-95.31337,30.557914],[-95.313681,30.558354],[-95.314367,30.558656],[-95.314094,30.559046],[-95.314246,30.559745],[-95.315479,30.560564],[-95.31518,30.561201],[-95.315295,30.561449],[-95.31567,30.561449],[-95.31586,30.560761],[-95.31626,30.560459],[-95.316661,30.560481],[-95.316667,30.560959],[-95.317652,30.56091],[-95.318262,30.562801],[-95.319215,30.563592],[-95.3191,30.564478],[-95.319888,30.565247],[-95.320663,30.565066],[-95.321038,30.565703],[-95.320879,30.566314],[-95.321597,30.566303],[-95.321356,30.566599],[-95.321496,30.567391],[-95.322277,30.566984],[-95.32215,30.567419],[-95.322589,30.567265],[-95.322665,30.567842],[-95.32318,30.567847],[-95.323701,30.568221],[-95.323611,30.567726],[-95.324024,30.567314],[-95.324704,30.568809],[-95.325035,30.567924],[-95.325829,30.568748],[-95.325861,30.56921],[-95.326757,30.56937],[-95.327004,30.568913],[-95.328307,30.568281],[-95.328802,30.568907],[-95.329692,30.56888],[-95.329939,30.568759],[-95.330111,30.56805],[-95.330549,30.567984],[-95.330867,30.568231],[-95.33088,30.568797],[-95.331769,30.568786],[-95.33142,30.569237],[-95.331979,30.569627],[-95.333612,30.569682],[-95.333713,30.569132],[-95.334292,30.569484],[-95.335728,30.569846],[-95.336948,30.571748],[-95.336929,30.572034],[-95.337577,30.571946],[-95.33771,30.572254],[-95.338034,30.572182],[-95.33839,30.572853],[-95.33893,30.572193],[-95.339051,30.572407],[-95.338772,30.572759],[-95.339407,30.57255],[-95.339439,30.572836],[-95.340068,30.572566],[-95.340093,30.573281],[-95.34036,30.572858],[-95.340881,30.572786],[-95.340919,30.572286],[-95.341141,30.572352],[-95.341256,30.572929],[-95.3417,30.572429],[-95.342164,30.572302],[-95.342044,30.572659],[-95.342374,30.572863],[-95.342304,30.573325],[-95.343289,30.573423],[-95.343454,30.573687],[-95.34308,30.574149],[-95.343645,30.574105],[-95.343531,30.574677],[-95.343754,30.57521],[-95.343531,30.575479],[-95.344122,30.575875],[-95.343748,30.576458],[-95.343742,30.577013],[-95.344313,30.576798],[-95.344542,30.57693],[-95.345178,30.577551],[-95.344962,30.577903],[-95.34554,30.577881],[-95.345985,30.578178],[-95.346589,30.579338],[-95.347282,30.579431],[-95.347313,30.578958],[-95.346875,30.578573],[-95.347726,30.578408],[-95.348456,30.57788],[-95.34939,30.577841],[-95.350667,30.577407],[-95.351439,30.577643],[-95.34762,30.615878],[-95.34647,30.625197],[-95.345863,30.634842]]]}},{"type":"Feature","properties":{"PRECINCT":"4","VTD":"0004"},"geometry":{"type":"Polygon","coordinates":[[[-95.040274,30.557128],[-95.027073,30.556424],[-95.027283,30.556057],[-95.026985,30.555369],[-95.028078,30.55405],[-95.02813,30.551933],[-95.027844,30.551031],[-95.027825,30.549365],[-95.028766,30.548425],[-95.027896,30.54738],[-95.02857,30.546523],[-95.027801,30.545929],[-95.027566,30.545307],[-95.028343,30.543476],[-95.013906,30.53063],[-95.024813,30.523365],[-95.026105,30.500112],[-95.020695,30.497859],[-95.019079,30.497526],[-95.019085,30.492702],[-95.023954,30.491684],[-95.024608,30.491476],[-95.024845,30.490706],[-95.026698,30.490316],[-95.032644,30.490393],[-95.033024,30.490801],[-95.034711,30.490449],[-95.043107,30.490153],[-95.042718,30.488587],[-95.0383,30.48166],[-95.054397,30.476536],[-95.056401,30.475353],[-95.056691,30.472939],[-95.056353,30.47178],[-95.056546,30.469656],[-95.06065,30.46589],[-95.068665,30.463862],[-95.071369,30.460868],[-95.073928,30.460337],[-95.075715,30.459677],[-95.073488,30.457098],[-95.07731,30.456757],[-95.077759,30.456115],[-95.07924,30.455977],[-95.079821,30.45458],[-95.082492,30.452105],[-95.08302,30.452059],[-95.083893,30.452403],[-95.084395,30.451853],[-95.084316,30.451005],[-95.08458,30.450776],[-95.086008,30.450592],[-95.086167,30.450844],[-95.086907,30.451096],[-95.087568,30.451646],[-95.087622,30.452562],[-95.088116,30.453129],[-95.088324,30.452467],[-95.089003,30.452242],[-95.089041,30.451994],[-95.089783,30.45145],[-95.090183,30.451549],[-95.090151,30.451186],[-95.090602,30.451076],[-95.090798,30.450542],[-95.091306,30.450152],[-95.091331,30.449641],[-95.091794,30.449728],[-95.091413,30.44925],[-95.091604,30.448959],[-95.09121,30.448656],[-95.091096,30.447925],[-95.090874,30.447826],[-95.091184,30.44704],[-95.090886,30.445951],[-95.090048,30.445534],[-95.090073,30.445072],[-95.089597,30.444918],[-95.089724,30.444621],[-95.089204,30.444693],[-95.088994,30.444528],[-95.089457,30.442614],[-95.089127,30.442158],[-95.089253,30.4413],[-95.088936,30.441025],[-95.088961,30.440464],[-95.087876,30.43997],[-95.08674,30.440075],[-95.086461,30.439871],[-95.086822,30.439613],[-95.086181,30.439382],[-95.085744,30.439492],[-95.085331,30.439085],[-95.085496,30.438662],[-95.085077,30.438458],[-95.085337,30.438293],[-95.085394,30.437595],[-95.085127,30.437304],[-95.085172,30.436858],[-95.084766,30.43665],[-95.084804,30.436303],[-95.084201,30.436078],[-95.084309,30.435698],[-95.084074,30.435358],[-95.084822,30.435187],[-95.085285,30.434698],[-95.086092,30.435371],[-95.089356,30.440579],[-95.090946,30.443934],[-95.094379,30.449434],[-95.108147,30.469625],[-95.143916,30.443768],[-95.143982,30.444509],[-95.144356,30.444355],[-95.144565,30.444696],[-95.145016,30.444844],[-95.144971,30.44557],[-95.145377,30.445686],[-95.145624,30.446164],[-95.146253,30.446005],[-95.147655,30.447682],[-95.147572,30.447951],[-95.146823,30.44788],[-95.146703,30.448067],[-95.146988,30.448435],[-95.147559,30.448578],[-95.147388,30.449018],[-95.147565,30.449375],[-95.149405,30.450734],[-95.149087,30.451531],[-95.149055,30.453615],[-95.148388,30.454319],[-95.149137,30.4545],[-95.148648,30.45527],[-95.149175,30.456045],[-95.148293,30.456331],[-95.148178,30.457793],[-95.147524,30.457579],[-95.147587,30.458052],[-95.1472,30.457788],[-95.146965,30.457947],[-95.147022,30.458436],[-95.147498,30.458596],[-95.147708,30.459272],[-95.146686,30.459701],[-95.147422,30.46046],[-95.147072,30.461273],[-95.14758,30.461537],[-95.147789,30.461939],[-95.147179,30.463055],[-95.147909,30.463649],[-95.147617,30.464231],[-95.147833,30.464688],[-95.147261,30.465331],[-95.147597,30.46598],[-95.147,30.46664],[-95.147324,30.467019],[-95.146695,30.467442],[-95.146981,30.467624],[-95.14681,30.468069],[-95.147451,30.468218],[-95.147285,30.468872],[-95.147958,30.469999],[-95.148961,30.469878],[-95.149176,30.470533],[-95.149659,30.470318],[-95.15004,30.4705],[-95.150718,30.471567],[-95.151283,30.471122],[-95.151607,30.471562],[-95.152654,30.471336],[-95.152959,30.471672],[-95.155473,30.471755],[-95.155955,30.472503],[-95.157408,30.472899],[-95.158335,30.473823],[-95.158011,30.474735],[-95.157401,30.47435],[-95.157109,30.474499],[-95.157376,30.475125],[-95.157008,30.475417],[-95.157185,30.476016],[-95.156779,30.477149],[-95.15749,30.477314],[-95.157483,30.478045],[-95.157972,30.478474],[-95.157908,30.479376],[-95.158644,30.47964],[-95.159298,30.480607],[-95.159863,30.480327],[-95.159761,30.480904],[-95.159088,30.481284],[-95.159444,30.481366],[-95.159939,30.48113],[-95.160028,30.481267],[-95.159444,30.48196],[-95.159507,30.483164],[-95.160192,30.483923],[-95.16131,30.484049],[-95.161354,30.48433],[-95.160948,30.484616],[-95.161049,30.485407],[-95.161271,30.485627],[-95.161741,30.485413],[-95.162217,30.486953],[-95.162934,30.487398],[-95.162185,30.487579],[-95.163004,30.488679],[-95.162102,30.48902],[-95.162166,30.489482],[-95.162845,30.49018],[-95.162477,30.490746],[-95.163016,30.492022],[-95.162279,30.492418],[-95.162703,30.492766],[-95.162151,30.492898],[-95.159013,30.492734],[-95.158936,30.494311],[-95.158508,30.494567],[-95.156112,30.494164],[-95.153959,30.494609],[-95.150612,30.494679],[-95.148905,30.494951],[-95.147249,30.496003],[-95.143559,30.499772],[-95.142031,30.500699],[-95.139038,30.491805],[-95.137831,30.49206],[-95.134256,30.49219],[-95.107327,30.492863],[-95.10753,30.493198],[-95.107467,30.493913],[-95.106401,30.495464],[-95.105633,30.495904],[-95.105767,30.496624],[-95.106586,30.496338],[-95.107494,30.496579],[-95.107946,30.497937],[-95.108517,30.498118],[-95.108625,30.498525],[-95.109723,30.49959],[-95.101851,30.499367],[-95.10094,30.53585],[-95.082776,30.535952],[-95.078975,30.535596],[-95.072383,30.535942],[-95.072307,30.535762],[-95.057205,30.535722],[-95.056478,30.536074],[-95.05523,30.537503],[-95.055308,30.555783],[-95.045791,30.555675],[-95.043058,30.556871],[-95.040274,30.557128]]]}},{"type":"Feature","properties":{"PRECINCT":"5","VTD":"0005"},"geometry":{"type":"Polygon","coordinates":[[[-95.307463,30.502663],[-95.306797,30.502685],[-95.306397,30.502349],[-95.304626,30.501832],[-95.303838,30.502267],[-95.301756,30.50258],[-95.300397,30.502415],[-95.297401,30.500848],[-95.296575,30.499199],[-95.296359,30.497715],[-95.296086,30.497792],[-95.295496,30.497121],[-95.294956,30.497231],[-95.294334,30.496868],[-95.294448,30.496291],[-95.292417,30.493844],[-95.291738,30.493564],[-95.290379,30.491986],[-95.289681,30.491546],[-95.285422,30.485674],[-95.284407,30.48503],[-95.283188,30.484634],[-95.28263,30.484085],[-95.281983,30.482479],[-95.28065,30.480665],[-95.279762,30.480422],[-95.278511,30.479641],[-95.275726,30.476551],[-95.274094,30.476248],[-95.273803,30.475924],[-95.27226,30.475902],[-95.267024,30.474311],[-95.266466,30.474575],[-95.265037,30.47447],[-95.262682,30.475569],[-95.260296,30.474958],[-95.259325,30.474913],[-95.257071,30.475352],[-95.256532,30.474511],[-95.253899,30.473185],[-95.25268,30.473053],[-95.252122,30.472602],[-95.249279,30.471624],[-95.247679,30.471372],[-95.246708,30.470801],[-95.245382,30.471065],[-95.244056,30.472649],[-95.243053,30.472842],[-95.242793,30.473343],[-95.2416,30.473931],[-95.240826,30.473525],[-95.238497,30.474895],[-95.237748,30.474653],[-95.236225,30.475094],[-95.235184,30.475913],[-95.23335,30.476887],[-95.231422,30.478389],[-95.229727,30.478648],[-95.228324,30.478269],[-95.224014,30.478348],[-95.223322,30.478441],[-95.222586,30.478859],[-95.221888,30.478535],[-95.221691,30.478871],[-95.221291,30.478992],[-95.220961,30.478816],[-95.220662,30.478145],[-95.21957,30.477948],[-95.219138,30.476843],[-95.218319,30.476568],[-95.218408,30.476255],[-95.217881,30.475975],[-95.217735,30.475579],[-95.217189,30.475452],[-95.217183,30.475216],[-95.21804,30.475216],[-95.218033,30.474809],[-95.217043,30.474534],[-95.216275,30.474743],[-95.21543,30.472869],[-95.215715,30.472511],[-95.216065,30.472781],[-95.216687,30.472632],[-95.216477,30.472055],[-95.217245,30.471466],[-95.217708,30.471637],[-95.218215,30.469597],[-95.218869,30.46958],[-95.218729,30.468821],[-95.219179,30.468299],[-95.21824,30.466853],[-95.217383,30.466507],[-95.217401,30.465831],[-95.215129,30.46521],[-95.214329,30.465513],[-95.213218,30.464853],[-95.213104,30.46454],[-95.21351,30.463875],[-95.213447,30.463594],[-95.212609,30.463149],[-95.21264,30.462544],[-95.21179,30.462627],[-95.211599,30.462314],[-95.212291,30.46145],[-95.212018,30.461104],[-95.21151,30.461044],[-95.211618,30.460186],[-95.211389,30.459675],[-95.211852,30.459202],[-95.210982,30.458405],[-95.210766,30.457888],[-95.210589,30.457806],[-95.210386,30.458174],[-95.210126,30.458174],[-95.209681,30.457553],[-95.209218,30.457394],[-95.208583,30.456151],[-95.208069,30.456591],[-95.207923,30.455612],[-95.20744,30.45514],[-95.207047,30.455827],[-95.20645,30.455635],[-95.205937,30.456218],[-95.205537,30.456064],[-95.205549,30.455431],[-95.206285,30.454739],[-95.206792,30.452737],[-95.206615,30.45238],[-95.206177,30.452204],[-95.20539,30.452589],[-95.204984,30.451654],[-95.204,30.451468],[-95.203149,30.450951],[-95.202604,30.451138],[-95.202452,30.451737],[-95.202039,30.451523],[-95.201791,30.450588],[-95.20214,30.450352],[-95.201944,30.450006],[-95.202039,30.44945],[-95.203035,30.448603],[-95.202882,30.447977],[-95.203161,30.447289],[-95.203142,30.445403],[-95.203542,30.444942],[-95.203833,30.44492],[-95.2033,30.443694],[-95.203338,30.441819],[-95.203065,30.441555],[-95.202342,30.441495],[-95.202196,30.440752],[-95.20007,30.440703],[-95.199943,30.440351],[-95.200311,30.440071],[-95.199917,30.439856],[-95.19894,30.440511],[-95.196757,30.439873],[-95.196002,30.43901],[-95.195292,30.438625],[-95.195215,30.437922],[-95.194156,30.437284],[-95.194194,30.436855],[-95.193743,30.436476],[-95.193724,30.436151],[-95.194352,30.435822],[-95.194162,30.434991],[-95.194574,30.434205],[-95.193768,30.433798],[-95.194282,30.433117],[-95.193705,30.432297],[-95.193857,30.431967],[-95.194238,30.431896],[-95.194821,30.430945],[-95.194149,30.430291],[-95.194098,30.429823],[-95.194922,30.429449],[-95.194611,30.428921],[-95.194834,30.42824],[-95.193273,30.426733],[-95.191889,30.426349],[-95.191103,30.426503],[-95.190703,30.426288],[-95.190253,30.425749],[-95.190386,30.425233],[-95.190132,30.425062],[-95.190665,30.424386],[-95.190373,30.423688],[-95.189561,30.423407],[-95.189618,30.424051],[-95.189326,30.424166],[-95.188996,30.423578],[-95.188057,30.423028],[-95.187106,30.423187],[-95.186801,30.421901],[-95.185862,30.421159],[-95.18552,30.419861],[-95.184657,30.420218],[-95.184295,30.419652],[-95.18368,30.419751],[-95.183236,30.419432],[-95.182367,30.419894],[-95.181929,30.419317],[-95.180996,30.419267],[-95.181656,30.418827],[-95.181618,30.418355],[-95.181054,30.418564],[-95.18028,30.418289],[-95.179829,30.418712],[-95.179575,30.418596],[-95.179493,30.417953],[-95.179157,30.417805],[-95.178801,30.417838],[-95.178763,30.418256],[-95.178319,30.418431],[-95.178218,30.417772],[-95.178852,30.416815],[-95.178275,30.416513],[-95.177457,30.416985],[-95.177247,30.416809],[-95.177692,30.415682],[-95.176943,30.415358],[-95.177463,30.415155],[-95.177463,30.414946],[-95.176772,30.414918],[-95.177045,30.413071],[-95.175744,30.412394],[-95.176182,30.411053],[-95.175827,30.411025],[-95.175522,30.410602],[-95.174171,30.410354],[-95.173746,30.409942],[-95.173017,30.410338],[-95.172623,30.410294],[-95.172199,30.409497],[-95.172294,30.408556],[-95.171704,30.408188],[-95.169649,30.408798],[-95.169478,30.408144],[-95.170087,30.407819],[-95.170042,30.40761],[-95.169421,30.407011],[-95.169065,30.407352],[-95.168399,30.407044],[-95.168038,30.407214],[-95.167848,30.406654],[-95.167194,30.407687],[-95.16682,30.407649],[-95.166883,30.406983],[-95.166496,30.406791],[-95.166033,30.407187],[-95.165526,30.406752],[-95.165627,30.407373],[-95.165082,30.407445],[-95.164391,30.406911],[-95.163807,30.406851],[-95.163642,30.406263],[-95.164035,30.406136],[-95.163877,30.405955],[-95.163274,30.406026],[-95.162469,30.405333],[-95.162786,30.405097],[-95.162586,30.404703],[-95.161765,30.404855],[-95.161067,30.404145],[-95.160262,30.404024],[-95.160554,30.403557],[-95.160306,30.403238],[-95.15926,30.403562],[-95.158479,30.404282],[-95.157978,30.404106],[-95.157611,30.40338],[-95.157211,30.403859],[-95.156672,30.403787],[-95.157154,30.403309],[-95.15685,30.403006],[-95.156018,30.403842],[-95.155435,30.403517],[-95.154902,30.404106],[-95.154782,30.40333],[-95.154604,30.403171],[-95.154382,30.403314],[-95.154281,30.402742],[-95.153881,30.402703],[-95.153767,30.403292],[-95.153221,30.403374],[-95.152606,30.402565],[-95.152442,30.401686],[-95.152131,30.401367],[-95.152163,30.401086],[-95.152702,30.400817],[-95.151801,30.40058],[-95.151408,30.401053],[-95.150723,30.400663],[-95.151928,30.399943],[-95.150768,30.399283],[-95.151098,30.398573],[-95.15099,30.398337],[-95.149779,30.397743],[-95.149563,30.398062],[-95.15002,30.398381],[-95.149753,30.398628],[-95.147039,30.397879],[-95.147077,30.39706],[-95.147947,30.396098],[-95.147706,30.394795],[-95.148588,30.394784],[-95.148233,30.394125],[-95.148513,30.392486],[-95.148348,30.392349],[-95.147713,30.392612],[-95.147301,30.392222],[-95.146559,30.392051],[-95.146496,30.391468],[-95.147194,30.391012],[-95.146097,30.390666],[-95.145983,30.390044],[-95.14422,30.390401],[-95.142749,30.389713],[-95.142165,30.3899],[-95.141569,30.390615],[-95.140782,30.390169],[-95.140465,30.389591],[-95.139875,30.390433],[-95.139463,30.390592],[-95.137618,30.390261],[-95.136356,30.38948],[-95.135747,30.389661],[-95.135911,30.390354],[-95.135683,30.390464],[-95.135144,30.390134],[-95.134224,30.390315],[-95.133597,30.389853],[-95.133089,30.390095],[-95.132417,30.389863],[-95.132068,30.390666],[-95.132277,30.391139],[-95.131395,30.391204],[-95.131262,30.392156],[-95.130235,30.39149],[-95.129816,30.390621],[-95.128877,30.391005],[-95.127406,30.391148],[-95.127184,30.39151],[-95.126341,30.390916],[-95.126448,30.391703],[-95.125389,30.391895],[-95.125808,30.391328],[-95.125389,30.391301],[-95.123716,30.392727],[-95.122505,30.393178],[-95.122696,30.39369],[-95.122024,30.394333],[-95.120749,30.39391],[-95.121034,30.393476],[-95.120698,30.393113],[-95.120843,30.392695],[-95.120609,30.392613],[-95.120139,30.392839],[-95.120025,30.3933],[-95.118776,30.393444],[-95.118161,30.394351],[-95.117762,30.394434],[-95.117856,30.393296],[-95.116772,30.393099],[-95.117583,30.392301],[-95.116771,30.391894],[-95.116257,30.391323],[-95.116358,30.39074],[-95.116066,30.390058],[-95.114093,30.389988],[-95.11264,30.388647],[-95.112551,30.388262],[-95.113604,30.387684],[-95.11368,30.387283],[-95.112024,30.387102],[-95.111637,30.38631],[-95.11099,30.385964],[-95.110761,30.385183],[-95.111693,30.384419],[-95.111965,30.383374],[-95.111559,30.382995],[-95.110862,30.383154],[-95.11062,30.382291],[-95.109904,30.382506],[-95.110062,30.381654],[-95.10939,30.381198],[-95.109535,30.379916],[-95.110415,30.377645],[-95.109952,30.376238],[-95.110199,30.376089],[-95.110839,30.376232],[-95.111163,30.375858],[-95.111217,30.374136],[-95.110488,30.373432],[-95.109426,30.373206],[-95.109096,30.37288],[-95.10975,30.371993],[-95.110382,30.369139],[-95.130043,30.360724],[-95.138369,30.356589],[-95.165897,30.344976],[-95.169024,30.343374],[-95.183165,30.337631],[-95.193239,30.332695],[-95.219904,30.322023],[-95.225772,30.31945],[-95.226361,30.319656],[-95.226494,30.320123],[-95.225291,30.321146],[-95.225437,30.32262],[-95.225583,30.322999],[-95.22642,30.3234],[-95.226198,30.323889],[-95.227003,30.324637],[-95.22668,30.325082],[-95.227543,30.325659],[-95.227562,30.326116],[-95.225465,30.328502],[-95.224787,30.329833],[-95.224033,30.32996],[-95.223577,30.330713],[-95.222931,30.330955],[-95.223166,30.331587],[-95.222969,30.331945],[-95.221974,30.33233],[-95.221861,30.333364],[-95.222305,30.334364],[-95.221703,30.334436],[-95.221779,30.334887],[-95.221126,30.335112],[-95.221507,30.335354],[-95.221336,30.335629],[-95.220493,30.335783],[-95.220708,30.336531],[-95.220252,30.336674],[-95.220753,30.33707],[-95.220614,30.337394],[-95.219916,30.337207],[-95.219523,30.337527],[-95.218871,30.337488],[-95.218243,30.337098],[-95.217806,30.337445],[-95.215987,30.338083],[-95.215904,30.338286],[-95.214459,30.33805],[-95.212672,30.338589],[-95.212368,30.339183],[-95.212196,30.338535],[-95.211163,30.338727],[-95.211087,30.339354],[-95.210517,30.339448],[-95.210042,30.340085],[-95.209979,30.342076],[-95.209427,30.342384],[-95.209206,30.343417],[-95.208921,30.343555],[-95.208585,30.343313],[-95.208293,30.343517],[-95.207754,30.343137],[-95.207317,30.343731],[-95.207019,30.345062],[-95.207242,30.345986],[-95.20655,30.345436],[-95.20631,30.346338],[-95.205251,30.347075],[-95.203958,30.347135],[-95.20309,30.34801],[-95.203198,30.348609],[-95.202913,30.349181],[-95.203261,30.350005],[-95.202907,30.350528],[-95.203439,30.350819],[-95.203344,30.35122],[-95.203788,30.351341],[-95.203813,30.352095],[-95.20498,30.352149],[-95.206356,30.353106],[-95.20706,30.352957],[-95.207751,30.353589],[-95.208391,30.353705],[-95.20874,30.353166],[-95.20957,30.354051],[-95.210819,30.354358],[-95.212651,30.353605],[-95.212841,30.353165],[-95.214236,30.353533],[-95.21404,30.354259],[-95.214262,30.354456],[-95.214927,30.354407],[-95.215365,30.354676],[-95.21636,30.354588],[-95.218022,30.356308],[-95.217934,30.357468],[-95.218466,30.357589],[-95.218682,30.358243],[-95.21834,30.358898],[-95.219082,30.360069],[-95.219716,30.360712],[-95.220408,30.360964],[-95.220719,30.361602],[-95.221593,30.361354],[-95.221778,30.362042],[-95.222805,30.362096],[-95.223261,30.362525],[-95.223902,30.362217],[-95.224269,30.362679],[-95.224821,30.362684],[-95.225328,30.362981],[-95.225988,30.362903],[-95.226305,30.36347],[-95.227072,30.36381],[-95.226464,30.36447],[-95.22675,30.365174],[-95.227035,30.364948],[-95.227155,30.365256],[-95.226947,30.366647],[-95.227454,30.366718],[-95.227258,30.366878],[-95.227302,30.367505],[-95.228051,30.367631],[-95.228533,30.369291],[-95.228882,30.369687],[-95.229516,30.36978],[-95.231001,30.371478],[-95.232263,30.371962],[-95.23336,30.372104],[-95.233411,30.37316],[-95.233171,30.373622],[-95.233653,30.373764],[-95.233995,30.374358],[-95.23401,30.375379],[-95.234619,30.376198],[-95.235546,30.378628],[-95.236631,30.379523],[-95.238692,30.379946],[-95.239877,30.379819],[-95.241564,30.380225],[-95.245541,30.382137],[-95.247343,30.382521],[-95.249556,30.38252],[-95.250245,30.383645],[-95.252605,30.382915],[-95.253271,30.383025],[-95.254089,30.382778],[-95.257557,30.383703],[-95.258952,30.383858],[-95.260709,30.383446],[-95.261641,30.383584],[-95.264564,30.384569],[-95.2654,30.385559],[-95.265914,30.385504],[-95.267284,30.385956],[-95.267791,30.386335],[-95.268628,30.386434],[-95.269464,30.388161],[-95.270872,30.389019],[-95.271176,30.389481],[-95.272032,30.389547],[-95.274936,30.390857],[-95.276039,30.39189],[-95.277161,30.39365],[-95.279197,30.394063],[-95.280681,30.394937],[-95.28193,30.395229],[-95.286762,30.395258],[-95.288405,30.395467],[-95.29006,30.396352],[-95.291271,30.397348],[-95.293085,30.398068],[-95.294467,30.399008],[-95.295685,30.399503],[-95.296465,30.400471],[-95.298272,30.401312],[-95.29871,30.401802],[-95.299427,30.401884],[-95.299795,30.402373],[-95.303308,30.402368],[-95.305268,30.4041],[-95.30724,30.40531],[-95.308395,30.40575],[-95.309067,30.406772],[-95.308832,30.407443],[-95.30986,30.408938],[-95.310881,30.409889],[-95.310888,30.410494],[-95.311902,30.410824],[-95.311852,30.411192],[-95.312708,30.411445],[-95.313228,30.41227],[-95.313799,30.412165],[-95.314103,30.412369],[-95.314268,30.413358],[-95.314116,30.413991],[-95.316305,30.417493],[-95.31706,30.419565],[-95.318703,30.420989],[-95.319058,30.421847],[-95.321487,30.424237],[-95.32171,30.424952],[-95.322224,30.425337],[-95.322922,30.425469],[-95.323747,30.426871],[-95.325257,30.42852],[-95.326051,30.429806],[-95.328271,30.431714],[-95.328735,30.432533],[-95.329528,30.433193],[-95.330175,30.434853],[-95.330829,30.435606],[-95.330906,30.439003],[-95.330526,30.44024],[-95.330279,30.443099],[-95.331161,30.444622],[-95.332176,30.445424],[-95.332361,30.446128],[-95.333078,30.446392],[-95.33356,30.447018],[-95.334341,30.447332],[-95.335978,30.449464],[-95.336651,30.45074],[-95.337038,30.450888],[-95.337013,30.451471],[-95.338506,30.455291],[-95.338506,30.455989],[-95.339026,30.456589],[-95.339166,30.457342],[-95.340055,30.458886],[-95.340576,30.461091],[-95.340456,30.462284],[-95.341396,30.464515],[-95.343637,30.466961],[-95.345187,30.468209],[-95.345612,30.468308],[-95.34572,30.468769],[-95.34713,30.470578],[-95.347466,30.471545],[-95.347809,30.471743],[-95.348248,30.474156],[-95.349531,30.475316],[-95.350178,30.475228],[-95.350705,30.476057],[-95.350306,30.476717],[-95.350598,30.477097],[-95.350453,30.479098],[-95.350142,30.479433],[-95.350536,30.479614],[-95.350225,30.479911],[-95.350682,30.479961],[-95.351158,30.481159],[-95.351584,30.481252],[-95.351679,30.482335],[-95.352423,30.484006],[-95.353364,30.487552],[-95.353562,30.4904],[-95.353107,30.493171],[-95.352884,30.493319],[-95.353114,30.494358],[-95.353717,30.495858],[-95.354715,30.497392],[-95.354912,30.49831],[-95.356811,30.499997],[-95.356959,30.501874],[-95.357302,30.501902],[-95.358433,30.503749],[-95.359156,30.504369],[-95.310078,30.503954],[-95.309356,30.503366],[-95.307463,30.502663]]]}},{"type":"Feature","properties":{"PRECINCT":"6","VTD":"0006"},"geometry":{"type":"Polygon","coordinates":[[[-95.236027,30.748639],[-95.232926,30.748217],[-95.232799,30.74747],[-95.229832,30.746234],[-95.229214,30.745618],[-95.229685,30.745068],[-95.228857,30.744541],[-95.228736,30.743601],[-95.226692,30.742282],[-95.226189,30.741238],[-95.225285,30.741595],[-95.22496,30.740622],[-95.224247,30.740606],[-95.222885,30.739661],[-95.222095,30.738963],[-95.222165,30.738507],[-95.221821,30.738177],[-95.220822,30.738216],[-95.220427,30.737628],[-95.218645,30.737485],[-95.218498,30.737155],[-95.217779,30.736754],[-95.217613,30.736012],[-95.217129,30.73588],[-95.216862,30.734369],[-95.215404,30.733896],[-95.214568,30.732249],[-95.213548,30.732229],[-95.213217,30.731744],[-95.212004,30.731187],[-95.211673,30.73069],[-95.208395,30.729891],[-95.196806,30.729354],[-95.142234,30.729015],[-95.142673,30.727085],[-95.14346,30.72527],[-95.145563,30.723189],[-95.146751,30.72102],[-95.14707,30.719801],[-95.147073,30.71739],[-95.146441,30.715268],[-95.145426,30.713799],[-95.138584,30.707219],[-95.137374,30.705007],[-95.135013,30.698737],[-95.135052,30.697269],[-95.135399,30.696019],[-95.135384,30.693816],[-95.134899,30.693308],[-95.134209,30.693162],[-95.132669,30.693403],[-95.129009,30.694716],[-95.125215,30.695778],[-95.119291,30.696577],[-95.115937,30.696188],[-95.111912,30.695324],[-95.11071,30.694948],[-95.109861,30.694191],[-95.109375,30.693313],[-95.10955,30.692748],[-95.112257,30.691147],[-95.115026,30.68828],[-95.115999,30.686077],[-95.116589,30.683367],[-95.118361,30.680228],[-95.119528,30.677332],[-95.11947,30.676405],[-95.118919,30.675632],[-95.116543,30.674596],[-95.111885,30.673798],[-95.111279,30.673347],[-95.11069,30.671986],[-95.110855,30.670816],[-95.111347,30.669993],[-95.114515,30.6669],[-95.116038,30.664986],[-95.11625,30.66426],[-95.116024,30.662978],[-95.115005,30.661005],[-95.11384,30.660136],[-95.111081,30.658786],[-95.109013,30.658104],[-95.105981,30.657844],[-95.120821,30.641594],[-95.121583,30.636214],[-95.121763,30.63292],[-95.121551,30.632165],[-95.12171,30.631638],[-95.123484,30.631339],[-95.123198,30.631006],[-95.123126,30.630291],[-95.12222,30.629685],[-95.121168,30.630574],[-95.121139,30.631099],[-95.120488,30.631754],[-95.118874,30.631034],[-95.118249,30.6315],[-95.117865,30.629751],[-95.116204,30.62816],[-95.116642,30.627902],[-95.117983,30.625855],[-95.119102,30.625677],[-95.119972,30.625845],[-95.120517,30.625408],[-95.120585,30.624972],[-95.121356,30.624478],[-95.128674,30.621698],[-95.131077,30.619938],[-95.134075,30.619425],[-95.134775,30.619064],[-95.137587,30.619786],[-95.138669,30.619728],[-95.149186,30.612809],[-95.155547,30.607153],[-95.152036,30.604615],[-95.150382,30.603958],[-95.151727,30.602783],[-95.163871,30.59979],[-95.173318,30.599042],[-95.180461,30.599309],[-95.184631,30.598749],[-95.191272,30.599504],[-95.193631,30.599401],[-95.194985,30.599251],[-95.1995,30.597725],[-95.199634,30.598905],[-95.199234,30.599202],[-95.198776,30.599109],[-95.198821,30.599488],[-95.20006,30.599922],[-95.2002,30.600417],[-95.201465,30.601175],[-95.201713,30.601967],[-95.201605,30.602429],[-95.202082,30.602599],[-95.201745,30.602671],[-95.202082,30.602819],[-95.202139,30.603352],[-95.202712,30.604177],[-95.202979,30.60415],[-95.20315,30.604798],[-95.20397,30.605628],[-95.204384,30.606513],[-95.2046,30.606667],[-95.205471,30.606519],[-95.206208,30.606892],[-95.207575,30.606892],[-95.208033,30.607431],[-95.209139,30.607672],[-95.21027,30.608662],[-95.211319,30.609002],[-95.211434,30.609195],[-95.21111,30.609591],[-95.211319,30.609904],[-95.210983,30.610575],[-95.211727,30.610954],[-95.212566,30.613703],[-95.214283,30.613955],[-95.2149,30.61489],[-95.214544,30.615264],[-95.214786,30.615907],[-95.215053,30.616094],[-95.215962,30.615841],[-95.215695,30.616286],[-95.215886,30.616737],[-95.216668,30.616764],[-95.216382,30.617297],[-95.217246,30.617154],[-95.217774,30.617462],[-95.218212,30.617374],[-95.218467,30.617632],[-95.218194,30.618012],[-95.218988,30.618248],[-95.219904,30.618225],[-95.220221,30.617978],[-95.221455,30.618164],[-95.221665,30.618269],[-95.221627,30.618687],[-95.222148,30.618989],[-95.222942,30.618813],[-95.222783,30.618291],[-95.223406,30.61801],[-95.2234,30.617482],[-95.224429,30.617388],[-95.225288,30.61824],[-95.225905,30.618399],[-95.226108,30.61885],[-95.226388,30.618817],[-95.22647,30.618449],[-95.226674,30.618542],[-95.226846,30.619026],[-95.226503,30.619427],[-95.227266,30.619614],[-95.228009,30.619427],[-95.228969,30.61952],[-95.22972,30.620069],[-95.229186,30.62041],[-95.229008,30.621274],[-95.230369,30.621773],[-95.229975,30.622043],[-95.230306,30.622598],[-95.230592,30.622548],[-95.23056,30.623043],[-95.230916,30.622873],[-95.230923,30.623208],[-95.231139,30.623241],[-95.231545,30.622889],[-95.232544,30.623257],[-95.232264,30.62368],[-95.232461,30.623933],[-95.232341,30.624241],[-95.232118,30.62417],[-95.231902,30.624775],[-95.231432,30.625],[-95.231828,30.625354],[-95.232208,30.624934],[-95.232653,30.625],[-95.232266,30.625783],[-95.232635,30.625695],[-95.233112,30.626107],[-95.232953,30.626629],[-95.233347,30.626431],[-95.233596,30.626651],[-95.233329,30.627185],[-95.233589,30.627217],[-95.233805,30.626931],[-95.23392,30.627459],[-95.234149,30.627382],[-95.234442,30.627761],[-95.235433,30.627475],[-95.236095,30.627717],[-95.236489,30.62753],[-95.237443,30.628162],[-95.237354,30.628398],[-95.237913,30.628898],[-95.238536,30.628881],[-95.239306,30.629194],[-95.23991,30.629079],[-95.239891,30.629761],[-95.24012,30.629859],[-95.240368,30.629557],[-95.240571,30.629678],[-95.240782,30.630755],[-95.241131,30.630914],[-95.24129,30.630744],[-95.241494,30.631035],[-95.241106,30.631294],[-95.241392,30.631739],[-95.241583,30.631475],[-95.242124,30.632261],[-95.242594,30.632536],[-95.243192,30.632382],[-95.243027,30.633052],[-95.244604,30.632815],[-95.244839,30.633244],[-95.245303,30.633409],[-95.245596,30.633018],[-95.246371,30.632946],[-95.246162,30.633276],[-95.246696,30.633364],[-95.246448,30.633694],[-95.246671,30.633958],[-95.246366,30.634579],[-95.246487,30.634937],[-95.246951,30.634848],[-95.247956,30.635881],[-95.248516,30.635881],[-95.249272,30.636282],[-95.249858,30.636986],[-95.250224,30.636935],[-95.251356,30.635918],[-95.252081,30.635973],[-95.252316,30.63577],[-95.252405,30.635314],[-95.251643,30.634769],[-95.251745,30.634412],[-95.252679,30.634858],[-95.254179,30.63482],[-95.255095,30.635288],[-95.255177,30.635535],[-95.255908,30.63559],[-95.256086,30.635728],[-95.255482,30.635892],[-95.255914,30.636074],[-95.255793,30.636497],[-95.257039,30.636828],[-95.256378,30.637053],[-95.256931,30.637421],[-95.256753,30.637691],[-95.257058,30.637845],[-95.257096,30.638219],[-95.258342,30.638456],[-95.258729,30.639154],[-95.259988,30.639633],[-95.260058,30.63999],[-95.260535,30.639864],[-95.260159,30.640529],[-95.260267,30.640754],[-95.260998,30.640463],[-95.261952,30.64076],[-95.261825,30.641134],[-95.262396,30.641745],[-95.261601,30.64352],[-95.262331,30.644972],[-95.263024,30.64561],[-95.264798,30.645259],[-95.266381,30.645606],[-95.267361,30.645485],[-95.268454,30.646195],[-95.268727,30.64697],[-95.269401,30.647173],[-95.269667,30.648268],[-95.26933,30.648311],[-95.269502,30.648982],[-95.269375,30.649158],[-95.268961,30.648993],[-95.269501,30.65039],[-95.269164,30.651808],[-95.270219,30.652155],[-95.271071,30.651896],[-95.271967,30.653508],[-95.272209,30.653409],[-95.272158,30.652848],[-95.272495,30.653013],[-95.272806,30.653651],[-95.273112,30.652975],[-95.273405,30.652964],[-95.273315,30.653673],[-95.273932,30.653679],[-95.274517,30.654547],[-95.274936,30.654602],[-95.274892,30.654916],[-95.275534,30.655081],[-95.276691,30.655955],[-95.277136,30.655796],[-95.277791,30.656274],[-95.278332,30.656033],[-95.278439,30.656962],[-95.279037,30.656863],[-95.280315,30.657292],[-95.281269,30.656583],[-95.281969,30.656737],[-95.282846,30.656605],[-95.283431,30.656781],[-95.283597,30.657089],[-95.284055,30.657056],[-95.284525,30.656694],[-95.284849,30.657002],[-95.285924,30.657315],[-95.28628,30.656865],[-95.286713,30.657189],[-95.287171,30.656848],[-95.28773,30.65709],[-95.288595,30.656717],[-95.289402,30.656865],[-95.289873,30.656579],[-95.290579,30.657041],[-95.291018,30.656535],[-95.291895,30.657591],[-95.292563,30.657509],[-95.292862,30.658092],[-95.293275,30.658306],[-95.293478,30.660472],[-95.293764,30.660593],[-95.294254,30.661495],[-95.293173,30.662638],[-95.293681,30.662781],[-95.293026,30.663248],[-95.29314,30.66365],[-95.292485,30.663886],[-95.292676,30.664183],[-95.292383,30.665172],[-95.292689,30.66559],[-95.292313,30.665651],[-95.292268,30.667591],[-95.291938,30.667844],[-95.291639,30.668751],[-95.292243,30.669592],[-95.292134,30.670483],[-95.291072,30.67133],[-95.290773,30.672028],[-95.290938,30.672522],[-95.290461,30.673369],[-95.289952,30.673677],[-95.289081,30.675249],[-95.289195,30.67581],[-95.28889,30.676381],[-95.289411,30.676794],[-95.289487,30.677349],[-95.288915,30.677662],[-95.28873,30.678157],[-95.288571,30.679916],[-95.288933,30.680549],[-95.288234,30.681181],[-95.288246,30.681884],[-95.287839,30.682231],[-95.287972,30.682813],[-95.287368,30.683819],[-95.287387,30.684639],[-95.287997,30.685958],[-95.287596,30.686728],[-95.287545,30.687459],[-95.288035,30.688069],[-95.287469,30.688437],[-95.28729,30.688872],[-95.287615,30.689812],[-95.287366,30.690713],[-95.287659,30.691461],[-95.287398,30.692621],[-95.287881,30.692984],[-95.287811,30.693798],[-95.289152,30.698212],[-95.291696,30.701114],[-95.306645,30.708252],[-95.308614,30.710666],[-95.307665,30.713053],[-95.305464,30.717071],[-95.304923,30.719264],[-95.304312,30.720561],[-95.304134,30.722529],[-95.303281,30.723815],[-95.30281,30.723931],[-95.302225,30.724745],[-95.301047,30.724992],[-95.299966,30.7258],[-95.29987,30.727361],[-95.299062,30.728224],[-95.298718,30.729478],[-95.29882,30.729874],[-95.298323,30.730764],[-95.297693,30.730649],[-95.297967,30.731176],[-95.297782,30.731759],[-95.29721,30.731605],[-95.296497,30.732386],[-95.295224,30.732842],[-95.293735,30.732814],[-95.292678,30.734057],[-95.291902,30.734002],[-95.291265,30.734744],[-95.290533,30.734689],[-95.290712,30.734942],[-95.290552,30.735304],[-95.290177,30.734947],[-95.289432,30.734788],[-95.289318,30.734265],[-95.288624,30.733869],[-95.287555,30.73233],[-95.286658,30.731725],[-95.283719,30.730555],[-95.282102,30.728756],[-95.272295,30.729598],[-95.268292,30.730242],[-95.268012,30.730907],[-95.268387,30.731045],[-95.268209,30.732485],[-95.267687,30.732738],[-95.266865,30.734502],[-95.266572,30.73459],[-95.2664,30.734381],[-95.266018,30.73475],[-95.26549,30.734689],[-95.26528,30.735217],[-95.26351,30.736849],[-95.262886,30.736777],[-95.262517,30.737211],[-95.261849,30.737316],[-95.261129,30.73808],[-95.257361,30.737952],[-95.256795,30.737715],[-95.255096,30.737913],[-95.254694,30.738193],[-95.254605,30.738765],[-95.253236,30.739308],[-95.253211,30.739737],[-95.252613,30.739599],[-95.252472,30.739935],[-95.252027,30.73977],[-95.251798,30.739896],[-95.251556,30.739291],[-95.250264,30.739351],[-95.250003,30.739994],[-95.249394,30.740474],[-95.247688,30.740547],[-95.247772,30.741509],[-95.245818,30.742164],[-95.245608,30.742406],[-95.245889,30.742719],[-95.245704,30.742912],[-95.245449,30.742719],[-95.244476,30.742846],[-95.244164,30.743248],[-95.243496,30.743061],[-95.242757,30.743215],[-95.242962,30.744474],[-95.243261,30.744826],[-95.242912,30.745618],[-95.241449,30.746971],[-95.241379,30.747466],[-95.239349,30.74811],[-95.23889,30.747824],[-95.238318,30.747896],[-95.237974,30.748056],[-95.237764,30.748649],[-95.236917,30.748309],[-95.236027,30.748639]]]}},{"type":"Feature","properties":{"PRECINCT":"7","VTD":"0007"},"geometry":{"type":"Polygon","coordinates":[[[-95.239575,30.852399],[-95.23946,30.85174],[-95.238632,30.851454],[-95.238461,30.850833],[-95.236103,30.851365],[-95.234955,30.851324],[-95.233324,30.845709],[-95.232092,30.842816],[-95.230989,30.841149],[-95.222899,30.83632],[-95.216559,30.83372],[-95.213716,30.833208],[-95.209287,30.832809],[-95.207641,30.832379],[-95.204574,30.83017],[-95.203399,30.828898],[-95.201128,30.825378],[-95.20018,30.824566],[-95.198712,30.824241],[-95.193003,30.82384],[-95.191012,30.821789],[-95.189239,30.818808],[-95.188432,30.8181],[-95.187376,30.818039],[-95.1816,30.818922],[-95.180993,30.818819],[-95.180374,30.818426],[-95.179231,30.81396],[-95.17404,30.807583],[-95.170084,30.805132],[-95.167591,30.803044],[-95.161043,30.801278],[-95.156846,30.800427],[-95.15395,30.798353],[-95.148887,30.792524],[-95.140923,30.788948],[-95.137976,30.784193],[-95.136649,30.783866],[-95.133035,30.783756],[-95.13194,30.783162],[-95.131205,30.781703],[-95.131854,30.780982],[-95.13415,30.779046],[-95.135891,30.778015],[-95.13822,30.77712],[-95.139382,30.776197],[-95.139534,30.774873],[-95.139108,30.773712],[-95.13655,30.769989],[-95.134992,30.768299],[-95.131768,30.762027],[-95.131306,30.759421],[-95.131558,30.757531],[-95.132457,30.754452],[-95.134088,30.750191],[-95.135624,30.748154],[-95.136896,30.747041],[-95.139297,30.745784],[-95.144771,30.744036],[-95.146034,30.742367],[-95.146027,30.740561],[-95.142667,30.732039],[-95.142234,30.729015],[-95.196806,30.729354],[-95.208395,30.729891],[-95.211673,30.73069],[-95.212004,30.731187],[-95.213217,30.731744],[-95.213548,30.732229],[-95.214568,30.732249],[-95.215404,30.733896],[-95.216862,30.734369],[-95.217129,30.73588],[-95.217613,30.736012],[-95.217779,30.736754],[-95.218498,30.737155],[-95.218645,30.737485],[-95.220427,30.737628],[-95.220822,30.738216],[-95.221821,30.738177],[-95.222165,30.738507],[-95.222095,30.738963],[-95.222885,30.739661],[-95.224247,30.740606],[-95.22496,30.740622],[-95.225285,30.741595],[-95.226189,30.741238],[-95.226692,30.742282],[-95.228736,30.743601],[-95.228857,30.744541],[-95.229685,30.745068],[-95.229214,30.745618],[-95.229832,30.746234],[-95.232799,30.74747],[-95.232926,30.748217],[-95.236027,30.748639],[-95.236917,30.748309],[-95.237764,30.748649],[-95.237974,30.748056],[-95.238318,30.747896],[-95.23889,30.747824],[-95.239349,30.74811],[-95.241379,30.747466],[-95.241449,30.746971],[-95.242912,30.745618],[-95.243261,30.744826],[-95.242962,30.744474],[-95.242757,30.743215],[-95.243496,30.743061],[-95.244164,30.743248],[-95.244476,30.742846],[-95.245449,30.742719],[-95.245704,30.742912],[-95.245889,30.742719],[-95.245608,30.742406],[-95.245818,30.742164],[-95.247772,30.741509],[-95.247688,30.740547],[-95.249394,30.740474],[-95.250003,30.739994],[-95.250264,30.739351],[-95.251556,30.739291],[-95.251798,30.739896],[-95.252027,30.73977],[-95.252472,30.739935],[-95.252613,30.739599],[-95.253211,30.739737],[-95.253236,30.739308],[-95.254605,30.738765],[-95.254694,30.738193],[-95.255096,30.737913],[-95.256795,30.737715],[-95.257361,30.737952],[-95.261129,30.73808],[-95.261849,30.737316],[-95.262517,30.737211],[-95.262886,30.736777],[-95.26351,30.736849],[-95.26528,30.735217],[-95.26549,30.734689],[-95.266018,30.73475],[-95.2664,30.734381],[-95.266572,30.73459],[-95.266865,30.734502],[-95.267687,30.732738],[-95.268209,30.732485],[-95.268387,30.731045],[-95.268012,30.730907],[-95.268292,30.730242],[-95.272295,30.729598],[-95.282102,30.728756],[-95.283719,30.730555],[-95.286658,30.731725],[-95.287555,30.73233],[-95.288624,30.733869],[-95.289318,30.734265],[-95.289432,30.734788],[-95.290177,30.734947],[-95.290552,30.735304],[-95.290596,30.73618],[-95.29003,30.736228],[-95.289801,30.737201],[-95.288776,30.73747],[-95.289037,30.738157],[-95.288197,30.738416],[-95.288095,30.739279],[-95.287471,30.739801],[-95.287007,30.739625],[-95.286746,30.739746],[-95.286682,30.740593],[-95.285791,30.740961],[-95.285823,30.741478],[-95.284206,30.742302],[-95.284479,30.743522],[-95.283881,30.744693],[-95.282792,30.745298],[-95.283263,30.746469],[-95.282181,30.746953],[-95.2812,30.748013],[-95.281079,30.748541],[-95.280233,30.748728],[-95.279672,30.749102],[-95.279565,30.750253],[-95.280646,30.751968],[-95.282352,30.753178],[-95.288702,30.755411],[-95.290864,30.755902],[-95.29665,30.758717],[-95.298582,30.76009],[-95.29885,30.761108],[-95.298506,30.761163],[-95.298442,30.761438],[-95.297895,30.761499],[-95.297984,30.762499],[-95.297455,30.763769],[-95.297067,30.764066],[-95.296284,30.763895],[-95.29559,30.764725],[-95.295641,30.765775],[-95.2948,30.766034],[-95.294889,30.766803],[-95.293278,30.768155],[-95.292463,30.769629],[-95.291266,30.770211],[-95.29096,30.770673],[-95.289331,30.771069],[-95.288719,30.770733],[-95.287593,30.770848],[-95.287331,30.771206],[-95.287764,30.771272],[-95.287847,30.771508],[-95.286873,30.772223],[-95.286529,30.772299],[-95.285937,30.771893],[-95.285351,30.771969],[-95.285638,30.77247],[-95.284994,30.773267],[-95.283587,30.773019],[-95.282518,30.773415],[-95.282524,30.772661],[-95.281455,30.772513],[-95.281251,30.772793],[-95.281607,30.773321],[-95.280754,30.773238],[-95.279219,30.773975],[-95.278723,30.773854],[-95.278309,30.774282],[-95.277577,30.774447],[-95.277143,30.775013],[-95.276392,30.775409],[-95.275857,30.775596],[-95.275348,30.775474],[-95.274202,30.776145],[-95.272381,30.775452],[-95.270967,30.7756],[-95.27119,30.776688],[-95.270871,30.777056],[-95.269069,30.778084],[-95.268668,30.777743],[-95.268159,30.777825],[-95.267821,30.778424],[-95.268393,30.779134],[-95.267343,30.779364],[-95.266317,30.779963],[-95.264846,30.781326],[-95.263381,30.783162],[-95.261986,30.783914],[-95.261584,30.785574],[-95.259272,30.786816],[-95.258927,30.788806],[-95.259295,30.790653],[-95.258944,30.791588],[-95.258155,30.791186],[-95.257537,30.791191],[-95.255365,30.793181],[-95.254645,30.793576],[-95.251582,30.793751],[-95.250004,30.793378],[-95.248456,30.793296],[-95.248214,30.793709],[-95.24903,30.795033],[-95.248916,30.795456],[-95.248324,30.795908],[-95.247159,30.79621],[-95.245879,30.795705],[-95.244911,30.795645],[-95.244675,30.796096],[-95.244912,30.797806],[-95.243785,30.798444],[-95.243276,30.799208],[-95.243201,30.801056],[-95.242551,30.803152],[-95.244332,30.805031],[-95.245206,30.807072],[-95.24684,30.817711],[-95.251968,30.839404],[-95.252738,30.840983],[-95.262345,30.854413],[-95.261818,30.854739],[-95.261226,30.854613],[-95.261156,30.854206],[-95.260665,30.854057],[-95.259792,30.854491],[-95.259053,30.854474],[-95.257084,30.853286],[-95.256441,30.853379],[-95.254982,30.852411],[-95.254167,30.851141],[-95.252868,30.850327],[-95.252295,30.848771],[-95.253722,30.848541],[-95.254978,30.848074],[-95.254883,30.847925],[-95.253468,30.848452],[-95.252072,30.848375],[-95.251709,30.848248],[-95.251295,30.847544],[-95.25111,30.847929],[-95.251339,30.848825],[-95.250052,30.849792],[-95.250261,30.850606],[-95.250095,30.852244],[-95.250343,30.852783],[-95.25001,30.853129],[-95.249663,30.853087],[-95.248866,30.852076],[-95.247865,30.852214],[-95.247292,30.851791],[-95.245495,30.851578],[-95.245546,30.852248],[-95.243699,30.852744],[-95.243145,30.85408],[-95.242425,30.854542],[-95.241871,30.854339],[-95.240315,30.85307],[-95.239575,30.852399]]]}},{"type":"Feature","properties":{"PRECINCT":"8","VTD":"0008"},"geometry":{"type":"Polygon","coordinates":[[[-95.243323,30.900415],[-95.239562,30.895365],[-95.233892,30.890258],[-95.231282,30.88758],[-95.230693,30.886676],[-95.231076,30.885579],[-95.233769,30.881205],[-95.237739,30.873601],[-95.239506,30.870857],[-95.241373,30.86909],[-95.243097,30.866856],[-95.243054,30.866008],[-95.242101,30.864518],[-95.239088,30.862205],[-95.236026,30.858107],[-95.235911,30.854693],[-95.234955,30.851324],[-95.236103,30.851365],[-95.238461,30.850833],[-95.238632,30.851454],[-95.23946,30.85174],[-95.239575,30.852399],[-95.240315,30.85307],[-95.241871,30.854339],[-95.242706,30.854504],[-95.243145,30.85408],[-95.243495,30.852942],[-95.243979,30.852645],[-95.245425,30.852358],[-95.245495,30.851578],[-95.247292,30.851791],[-95.247865,30.852214],[-95.248866,30.852076],[-95.249663,30.853087],[-95.250139,30.853085],[-95.250343,30.852783],[-95.250095,30.852244],[-95.250261,30.850606],[-95.250052,30.849792],[-95.251339,30.848825],[-95.25111,30.847929],[-95.251295,30.847544],[-95.251709,30.848248],[-95.252072,30.848375],[-95.253468,30.848452],[-95.254883,30.847925],[-95.254978,30.848074],[-95.253722,30.848541],[-95.252295,30.848771],[-95.252868,30.850327],[-95.254167,30.851141],[-95.254982,30.852411],[-95.256441,30.853379],[-95.257084,30.853286],[-95.259053,30.854474],[-95.259792,30.854491],[-95.260665,30.854057],[-95.261156,30.854206],[-95.261226,30.854613],[-95.261818,30.854739],[-95.262345,30.854413],[-95.252738,30.840983],[-95.251968,30.839404],[-95.24684,30.817711],[-95.245206,30.807072],[-95.244332,30.805031],[-95.242551,30.803152],[-95.243201,30.801056],[-95.243276,30.799208],[-95.243785,30.798444],[-95.244912,30.797806],[-95.244675,30.796096],[-95.244911,30.795645],[-95.245879,30.795705],[-95.247159,30.79621],[-95.248324,30.795908],[-95.248916,30.795456],[-95.24903,30.795033],[-95.248214,30.793709],[-95.248456,30.793296],[-95.250004,30.793378],[-95.251582,30.793751],[-95.254645,30.793576],[-95.255365,30.793181],[-95.257537,30.791191],[-95.258155,30.791186],[-95.258944,30.791588],[-95.259295,30.790653],[-95.258927,30.788806],[-95.259272,30.786816],[-95.261584,30.785574],[-95.261986,30.783914],[-95.263381,30.783162],[-95.264846,30.781326],[-95.266317,30.779963],[-95.267343,30.779364],[-95.268393,30.779134],[-95.267821,30.778424],[-95.268159,30.777825],[-95.268668,30.777743],[-95.269069,30.778084],[-95.270871,30.777056],[-95.27119,30.776688],[-95.270967,30.7756],[-95.272381,30.775452],[-95.274202,30.776145],[-95.275348,30.775474],[-95.275857,30.775596],[-95.276392,30.775409],[-95.277143,30.775013],[-95.277577,30.774447],[-95.278309,30.774282],[-95.278723,30.773854],[-95.279219,30.773975],[-95.280754,30.773238],[-95.281607,30.773321],[-95.281251,30.772793],[-95.281455,30.772513],[-95.282524,30.772661],[-95.282518,30.773415],[-95.283587,30.773019],[-95.284994,30.773267],[-95.285638,30.77247],[-95.285351,30.771969],[-95.285937,30.771893],[-95.286529,30.772299],[-95.286873,30.772223],[-95.287847,30.771508],[-95.287764,30.771272],[-95.287331,30.771206],[-95.287593,30.770848],[-95.288719,30.770733],[-95.289331,30.771069],[-95.29096,30.770673],[-95.291266,30.770211],[-95.292463,30.769629],[-95.293278,30.768155],[-95.294889,30.766803],[-95.2948,30.766034],[-95.295641,30.765775],[-95.29559,30.764725],[-95.296284,30.763895],[-95.297067,30.764066],[-95.297455,30.763769],[-95.297984,30.762499],[-95.297895,30.761499],[-95.298442,30.761438],[-95.298506,30.761163],[-95.29885,30.761108],[-95.298582,30.76009],[-95.29665,30.758717],[-95.290864,30.755902],[-95.288702,30.755411],[-95.282352,30.753178],[-95.280443,30.751743],[-95.279565,30.750253],[-95.279519,30.749355],[-95.280035,30.748827],[-95.281079,30.748541],[-95.2812,30.748013],[-95.282181,30.746953],[-95.283263,30.746469],[-95.282792,30.745298],[-95.283881,30.744693],[-95.284479,30.743522],[-95.284206,30.742302],[-95.285746,30.741549],[-95.285931,30.741274],[-95.285791,30.740961],[-95.286682,30.740593],[-95.286746,30.739746],[-95.287007,30.739625],[-95.287471,30.739801],[-95.28814,30.739218],[-95.288197,30.738416],[-95.289037,30.738157],[-95.288776,30.73747],[-95.289801,30.737201],[-95.29003,30.736228],[-95.290596,30.73618],[-95.290712,30.734942],[-95.290533,30.734689],[-95.291265,30.734744],[-95.291902,30.734002],[-95.292678,30.734057],[-95.293735,30.732814],[-95.295224,30.732842],[-95.296497,30.732386],[-95.29721,30.731605],[-95.297814,30.731726],[-95.297967,30.731176],[-95.297693,30.730649],[-95.298323,30.730764],[-95.29882,30.729874],[-95.298718,30.729478],[-95.299062,30.728224],[-95.29987,30.727361],[-95.299966,30.7258],[-95.301047,30.724992],[-95.302225,30.724745],[-95.30281,30.723931],[-95.303281,30.723815],[-95.304134,30.722529],[-95.304312,30.720561],[-95.304923,30.719264],[-95.305464,30.717071],[-95.307665,30.713053],[-95.308614,30.710666],[-95.306645,30.708252],[-95.291696,30.701114],[-95.289152,30.698212],[-95.289044,30.697426],[-95.288504,30.696398],[-95.288466,30.69554],[-95.287811,30.693798],[-95.287881,30.692984],[-95.287398,30.692621],[-95.287659,30.691461],[-95.287366,30.690713],[-95.287615,30.689812],[-95.28729,30.688872],[-95.287469,30.688437],[-95.288035,30.688069],[-95.287545,30.687459],[-95.287596,30.686728],[-95.287997,30.685958],[-95.287387,30.684639],[-95.287368,30.683819],[-95.287972,30.682813],[-95.287839,30.682231],[-95.288246,30.681884],[-95.288234,30.681181],[-95.288933,30.680549],[-95.288571,30.679916],[-95.28873,30.678157],[-95.288915,30.677662],[-95.289487,30.677349],[-95.289411,30.676794],[-95.28889,30.676381],[-95.289195,30.67581],[-95.289081,30.675249],[-95.289952,30.673677],[-95.290461,30.673369],[-95.290938,30.672522],[-95.290773,30.672028],[-95.291072,30.67133],[-95.292134,30.670483],[-95.292243,30.669592],[-95.291639,30.668751],[-95.291938,30.667844],[-95.292268,30.667591],[-95.292313,30.665651],[-95.292689,30.66559],[-95.292383,30.665172],[-95.292676,30.664183],[-95.292485,30.663886],[-95.29314,30.66365],[-95.293026,30.663248],[-95.293681,30.662781],[-95.293173,30.662638],[-95.294254,30.661495],[-95.293764,30.660593],[-95.293478,30.660472],[-95.293275,30.658306],[-95.292862,30.658092],[-95.292563,30.657509],[-95.291895,30.657591],[-95.291018,30.656535],[-95.290579,30.657041],[-95.289873,30.656579],[-95.289402,30.656865],[-95.288595,30.656717],[-95.28773,30.65709],[-95.287171,30.656848],[-95.286713,30.657189],[-95.28628,30.656865],[-95.285924,30.657315],[-95.284849,30.657002],[-95.284525,30.656694],[-95.284055,30.657056],[-95.283597,30.657089],[-95.283431,30.656781],[-95.282846,30.656605],[-95.281969,30.656737],[-95.281269,30.656583],[-95.280315,30.657292],[-95.279037,30.656863],[-95.278376,30.656945],[-95.278332,30.656033],[-95.277791,30.656274],[-95.277136,30.655796],[-95.276691,30.655955],[-95.275534,30.655081],[-95.274892,30.654916],[-95.274936,30.654602],[-95.274517,30.654547],[-95.273932,30.653679],[-95.273315,30.653673],[-95.273405,30.652964],[-95.273112,30.652975],[-95.272806,30.653651],[-95.272495,30.653013],[-95.272158,30.652848],[-95.272209,30.653409],[-95.271967,30.653508],[-95.271071,30.651896],[-95.270219,30.652155],[-95.269164,30.651808],[-95.269501,30.65039],[-95.268961,30.648993],[-95.269375,30.649158],[-95.269502,30.648982],[-95.26933,30.648311],[-95.269667,30.648268],[-95.269401,30.647173],[-95.268727,30.64697],[-95.268454,30.646195],[-95.267361,30.645485],[-95.266381,30.645606],[-95.264798,30.645259],[-95.263024,30.64561],[-95.262331,30.644972],[-95.261601,30.64352],[-95.262396,30.641745],[-95.261825,30.641134],[-95.261952,30.64076],[-95.260998,30.640463],[-95.260267,30.640754],[-95.260159,30.640529],[-95.260535,30.639864],[-95.260058,30.63999],[-95.259988,30.639633],[-95.258729,30.639154],[-95.258342,30.638456],[-95.257096,30.638219],[-95.257058,30.637845],[-95.256753,30.637691],[-95.256931,30.637421],[-95.256378,30.637053],[-95.257039,30.636828],[-95.255793,30.636497],[-95.255914,30.636074],[-95.255482,30.635892],[-95.256086,30.635728],[-95.255908,30.63559],[-95.255177,30.635535],[-95.255095,30.635288],[-95.254179,30.63482],[-95.252679,30.634858],[-95.251745,30.634412],[-95.251643,30.634769],[-95.252405,30.635314],[-95.252316,30.63577],[-95.252081,30.635973],[-95.251356,30.635918],[-95.250224,30.636935],[-95.249858,30.636986],[-95.249272,30.636282],[-95.248516,30.635881],[-95.247956,30.635881],[-95.246951,30.634848],[-95.246487,30.634937],[-95.246366,30.634579],[-95.246671,30.633958],[-95.246448,30.633694],[-95.246696,30.633364],[-95.246162,30.633276],[-95.246371,30.632946],[-95.245596,30.633018],[-95.245303,30.633409],[-95.244839,30.633244],[-95.244604,30.632815],[-95.243027,30.633052],[-95.243192,30.632382],[-95.242594,30.632536],[-95.242124,30.632261],[-95.241583,30.631475],[-95.241392,30.631739],[-95.241106,30.631294],[-95.241494,30.631035],[-95.24129,30.630744],[-95.24089,30.630838],[-95.240673,30.630513],[-95.345863,30.634842],[-95.34135,30.701982],[-95.337919,30.746741],[-95.337332,30.750186],[-95.32748,30.859547],[-95.325307,30.860683],[-95.324104,30.861893],[-95.32322,30.865441],[-95.322401,30.866802],[-95.321411,30.8678],[-95.317242,30.869465],[-95.315793,30.870345],[-95.315044,30.871149],[-95.313903,30.873101],[-95.313911,30.874004],[-95.31442,30.875185],[-95.314804,30.875938],[-95.316036,30.877279],[-95.31666,30.878584],[-95.316779,30.87985],[-95.316299,30.880747],[-95.312386,30.883903],[-95.311626,30.884939],[-95.310731,30.88838],[-95.31071,30.889622],[-95.311207,30.891451],[-95.311734,30.892143],[-95.313217,30.893241],[-95.314046,30.894544],[-95.314322,30.89535],[-95.314001,30.896376],[-95.312898,30.897873],[-95.307383,30.900488],[-95.300826,30.902308],[-95.298445,30.902601],[-95.289242,30.902845],[-95.285593,30.901811],[-95.280181,30.901294],[-95.276563,30.902721],[-95.272299,30.903861],[-95.265037,30.905182],[-95.253805,30.906649],[-95.252385,30.906719],[-95.249611,30.906038],[-95.246739,30.904433],[-95.243323,30.900415]]]}},{"type":"Feature","properties":{"PRECINCT":"9","VTD":"0009"},"geometry":{"type":"Polygon","coordinates":[[[-95.228352,30.498259],[-95.167878,30.498604],[-95.167751,30.498043],[-95.168418,30.49729],[-95.167796,30.497339],[-95.16765,30.497147],[-95.169085,30.495552],[-95.168647,30.495195],[-95.168603,30.494508],[-95.167815,30.494244],[-95.167352,30.49382],[-95.167727,30.493419],[-95.166933,30.493111],[-95.166723,30.493754],[-95.165727,30.493688],[-95.165384,30.493347],[-95.165041,30.493397],[-95.164946,30.492737],[-95.164457,30.493226],[-95.163841,30.492577],[-95.163517,30.493072],[-95.16379,30.493309],[-95.163403,30.493512],[-95.162279,30.492418],[-95.163041,30.491923],[-95.162477,30.490746],[-95.162813,30.490015],[-95.162242,30.489597],[-95.162102,30.48902],[-95.163004,30.488679],[-95.162185,30.487579],[-95.162934,30.487398],[-95.162217,30.486953],[-95.161741,30.485413],[-95.161271,30.485627],[-95.161049,30.485407],[-95.160948,30.484616],[-95.161354,30.48433],[-95.16131,30.484049],[-95.160192,30.483923],[-95.159507,30.483164],[-95.159444,30.48196],[-95.160028,30.481267],[-95.159939,30.48113],[-95.159444,30.481366],[-95.159088,30.481284],[-95.159761,30.480904],[-95.159863,30.480327],[-95.159298,30.480607],[-95.158644,30.47964],[-95.157908,30.479376],[-95.157972,30.478474],[-95.157483,30.478045],[-95.15749,30.477314],[-95.156779,30.477149],[-95.157185,30.476016],[-95.157008,30.475417],[-95.157376,30.475125],[-95.157109,30.474499],[-95.157401,30.47435],[-95.158011,30.474735],[-95.158335,30.473823],[-95.157408,30.472899],[-95.155955,30.472503],[-95.155473,30.471755],[-95.152959,30.471672],[-95.152654,30.471336],[-95.151607,30.471562],[-95.151283,30.471122],[-95.150718,30.471567],[-95.15004,30.4705],[-95.149659,30.470318],[-95.149176,30.470533],[-95.148961,30.469878],[-95.147958,30.469999],[-95.147285,30.468872],[-95.147451,30.468218],[-95.14681,30.468069],[-95.146981,30.467624],[-95.146695,30.467442],[-95.147324,30.467019],[-95.147,30.46664],[-95.147597,30.46598],[-95.147261,30.465331],[-95.147833,30.464688],[-95.147617,30.464231],[-95.147909,30.463649],[-95.147179,30.463055],[-95.147789,30.461939],[-95.14758,30.461537],[-95.147072,30.461273],[-95.147422,30.46046],[-95.146686,30.459701],[-95.147708,30.459272],[-95.147498,30.458596],[-95.147022,30.458436],[-95.146965,30.457947],[-95.1472,30.457788],[-95.147587,30.458052],[-95.147524,30.457579],[-95.148178,30.457793],[-95.148293,30.456331],[-95.149175,30.456045],[-95.148648,30.45527],[-95.149137,30.4545],[-95.148388,30.454319],[-95.149055,30.453615],[-95.149087,30.451531],[-95.149405,30.450734],[-95.147565,30.449375],[-95.147388,30.449018],[-95.147559,30.448578],[-95.146988,30.448435],[-95.146703,30.448067],[-95.146823,30.44788],[-95.147572,30.447951],[-95.147655,30.447682],[-95.146253,30.446005],[-95.145624,30.446164],[-95.145377,30.445686],[-95.144971,30.44557],[-95.145016,30.444844],[-95.144565,30.444696],[-95.144356,30.444355],[-95.14395,30.444476],[-95.143804,30.443299],[-95.141279,30.442798],[-95.141222,30.44216],[-95.141502,30.441495],[-95.14114,30.440593],[-95.141946,30.440219],[-95.140449,30.439229],[-95.140849,30.438773],[-95.140494,30.438564],[-95.140329,30.437915],[-95.140945,30.436898],[-95.140508,30.436645],[-95.140584,30.436205],[-95.139949,30.435958],[-95.139994,30.43516],[-95.139652,30.434726],[-95.140242,30.434072],[-95.139823,30.433962],[-95.139728,30.433681],[-95.140528,30.433462],[-95.140744,30.433165],[-95.139602,30.432384],[-95.13912,30.432834],[-95.138796,30.432691],[-95.138492,30.431608],[-95.137363,30.431866],[-95.137191,30.431613],[-95.136195,30.431272],[-95.135751,30.431327],[-95.13565,30.431074],[-95.135986,30.43053],[-95.135136,30.430436],[-95.134819,30.430177],[-95.135333,30.429952],[-95.135333,30.429705],[-95.134312,30.429539],[-95.133544,30.429149],[-95.133481,30.428632],[-95.1322,30.428587],[-95.131958,30.429049],[-95.13112,30.429653],[-95.130067,30.429768],[-95.129719,30.428757],[-95.129103,30.428553],[-95.129725,30.428256],[-95.129002,30.428135],[-95.128514,30.427459],[-95.128044,30.427513],[-95.127772,30.427238],[-95.12729,30.427211],[-95.126808,30.426859],[-95.126643,30.426259],[-95.12585,30.426314],[-95.125577,30.426044],[-95.12592,30.425709],[-95.124898,30.425188],[-95.124651,30.424528],[-95.124156,30.424243],[-95.124948,30.423709],[-95.12516,30.422646],[-95.124179,30.421895],[-95.12435,30.421504],[-95.12475,30.421614],[-95.125231,30.421255],[-95.124693,30.421032],[-95.124007,30.420048],[-95.124267,30.419767],[-95.125245,30.419743],[-95.125778,30.419172],[-95.126451,30.419144],[-95.126482,30.418809],[-95.126007,30.418506],[-95.126267,30.418127],[-95.126603,30.418545],[-95.127244,30.418908],[-95.127485,30.41882],[-95.127003,30.41816],[-95.127257,30.417451],[-95.126604,30.417088],[-95.127416,30.416621],[-95.126579,30.416549],[-95.128178,30.415725],[-95.128781,30.415824],[-95.129885,30.41483],[-95.129999,30.414368],[-95.129714,30.413939],[-95.129086,30.413911],[-95.129461,30.413175],[-95.12981,30.413054],[-95.129354,30.412245],[-95.129455,30.411921],[-95.12903,30.411657],[-95.129576,30.411217],[-95.129748,30.410739],[-95.130166,30.410723],[-95.130243,30.410497],[-95.130091,30.409909],[-95.129774,30.409705],[-95.129012,30.410453],[-95.128581,30.410376],[-95.128346,30.410156],[-95.12855,30.40938],[-95.127643,30.408962],[-95.127123,30.408934],[-95.126996,30.409319],[-95.126317,30.408808],[-95.125733,30.409132],[-95.125639,30.408076],[-95.126032,30.40779],[-95.125005,30.406509],[-95.12429,30.406159],[-95.124873,30.405746],[-95.124359,30.404944],[-95.124891,30.404954],[-95.124675,30.404421],[-95.125229,30.404458],[-95.1254,30.404134],[-95.124439,30.402552],[-95.125186,30.402374],[-95.124451,30.40154],[-95.124419,30.401013],[-95.123645,30.400853],[-95.124178,30.400276],[-95.123689,30.400276],[-95.123384,30.398671],[-95.122591,30.398325],[-95.122597,30.398022],[-95.121905,30.397104],[-95.121962,30.396687],[-95.122476,30.396538],[-95.121771,30.396043],[-95.121765,30.395774],[-95.121987,30.395504],[-95.122437,30.39568],[-95.122596,30.395521],[-95.121974,30.395131],[-95.121587,30.395351],[-95.121257,30.395015],[-95.120705,30.395225],[-95.120172,30.395115],[-95.119696,30.394411],[-95.118967,30.394214],[-95.118916,30.393741],[-95.11863,30.39368],[-95.119157,30.39329],[-95.120025,30.3933],[-95.120139,30.392839],[-95.120609,30.392613],[-95.120843,30.392695],[-95.120698,30.393113],[-95.121034,30.393476],[-95.120749,30.39391],[-95.121961,30.394344],[-95.122696,30.39369],[-95.122505,30.393178],[-95.123716,30.392727],[-95.125389,30.391301],[-95.125808,30.391328],[-95.125389,30.391895],[-95.126448,30.391703],[-95.126341,30.390916],[-95.127184,30.39151],[-95.127406,30.391148],[-95.128877,30.391005],[-95.129816,30.390621],[-95.130235,30.39149],[-95.131262,30.392156],[-95.131395,30.391204],[-95.132277,30.391139],[-95.132068,30.390666],[-95.132417,30.389863],[-95.133089,30.390095],[-95.133597,30.389853],[-95.134224,30.390315],[-95.135144,30.390134],[-95.135683,30.390464],[-95.135911,30.390354],[-95.135747,30.389661],[-95.136356,30.38948],[-95.137618,30.390261],[-95.139463,30.390592],[-95.139875,30.390433],[-95.140465,30.389591],[-95.140782,30.390169],[-95.141569,30.390615],[-95.142165,30.3899],[-95.142749,30.389713],[-95.14422,30.390401],[-95.145983,30.390044],[-95.146097,30.390666],[-95.147194,30.391012],[-95.146496,30.391468],[-95.146559,30.392051],[-95.147301,30.392222],[-95.147713,30.392612],[-95.148348,30.392349],[-95.148513,30.392486],[-95.148233,30.394125],[-95.148588,30.394784],[-95.147706,30.394795],[-95.147947,30.396098],[-95.147077,30.39706],[-95.147039,30.397879],[-95.149753,30.398628],[-95.15002,30.398381],[-95.149563,30.398062],[-95.149779,30.397743],[-95.15099,30.398337],[-95.151098,30.398573],[-95.150768,30.399283],[-95.151928,30.399943],[-95.150723,30.400663],[-95.151408,30.401053],[-95.151801,30.40058],[-95.152702,30.400817],[-95.152163,30.401086],[-95.152131,30.401367],[-95.152442,30.401686],[-95.152606,30.402565],[-95.153221,30.403374],[-95.153767,30.403292],[-95.153881,30.402703],[-95.154281,30.402742],[-95.154382,30.403314],[-95.154604,30.403171],[-95.154782,30.40333],[-95.154902,30.404106],[-95.155435,30.403517],[-95.156018,30.403842],[-95.15685,30.403006],[-95.157154,30.403309],[-95.156672,30.403787],[-95.157211,30.403859],[-95.157611,30.40338],[-95.157978,30.404106],[-95.158479,30.404282],[-95.15926,30.403562],[-95.160306,30.403238],[-95.160554,30.403557],[-95.160262,30.404024],[-95.161067,30.404145],[-95.161765,30.404855],[-95.162507,30.404651],[-95.162786,30.405097],[-95.162469,30.405333],[-95.163274,30.406026],[-95.163921,30.405966],[-95.163991,30.406213],[-95.163636,30.406334],[-95.163858,30.406889],[-95.164391,30.406911],[-95.165082,30.407445],[-95.165627,30.407373],[-95.165526,30.406752],[-95.166033,30.407187],[-95.166649,30.406818],[-95.166883,30.406983],[-95.166953,30.407709],[-95.167359,30.407594],[-95.167848,30.406654],[-95.168038,30.407214],[-95.168399,30.407044],[-95.169065,30.407352],[-95.169421,30.407011],[-95.170118,30.407759],[-95.169478,30.408144],[-95.169649,30.408798],[-95.171704,30.408188],[-95.172294,30.408556],[-95.172199,30.409497],[-95.172623,30.410294],[-95.173017,30.410338],[-95.173746,30.409942],[-95.174171,30.410354],[-95.175522,30.410602],[-95.175827,30.411025],[-95.176182,30.411053],[-95.175744,30.412394],[-95.177045,30.413071],[-95.176772,30.414918],[-95.177463,30.414946],[-95.177463,30.415155],[-95.176943,30.415358],[-95.177692,30.415682],[-95.177247,30.416809],[-95.177457,30.416985],[-95.178275,30.416513],[-95.178852,30.416815],[-95.178218,30.417772],[-95.178319,30.418431],[-95.178763,30.418256],[-95.178801,30.417838],[-95.179157,30.417805],[-95.179493,30.417953],[-95.179575,30.418596],[-95.179829,30.418712],[-95.18028,30.418289],[-95.181054,30.418564],[-95.181618,30.418355],[-95.181656,30.418827],[-95.180996,30.419267],[-95.181929,30.419317],[-95.182367,30.419894],[-95.183236,30.419432],[-95.18368,30.419751],[-95.184295,30.419652],[-95.184657,30.420218],[-95.185621,30.419911],[-95.185862,30.421159],[-95.186712,30.421741],[-95.187106,30.423187],[-95.188057,30.423028],[-95.188996,30.423578],[-95.189326,30.424166],[-95.189618,30.424051],[-95.189485,30.423457],[-95.190202,30.423561],[-95.190665,30.424386],[-95.190132,30.42498],[-95.190386,30.425233],[-95.190253,30.425749],[-95.190703,30.426288],[-95.191103,30.426503],[-95.191889,30.426349],[-95.193273,30.426733],[-95.194802,30.428179],[-95.194611,30.428921],[-95.194922,30.429449],[-95.194098,30.429823],[-95.194149,30.430291],[-95.194821,30.430945],[-95.194238,30.431896],[-95.193857,30.431967],[-95.193705,30.432297],[-95.194282,30.433117],[-95.193768,30.433798],[-95.194574,30.434205],[-95.194162,30.434991],[-95.194352,30.435822],[-95.193724,30.436151],[-95.193743,30.436476],[-95.194194,30.436855],[-95.194156,30.437284],[-95.195215,30.437922],[-95.195292,30.438625],[-95.196002,30.43901],[-95.196757,30.439873],[-95.19894,30.440511],[-95.199917,30.439856],[-95.200311,30.440071],[-95.199943,30.440351],[-95.20007,30.440703],[-95.202196,30.440752],[-95.202342,30.441495],[-95.203065,30.441555],[-95.203338,30.441819],[-95.2033,30.443694],[-95.203833,30.44492],[-95.203542,30.444942],[-95.203142,30.445403],[-95.203161,30.447289],[-95.202882,30.447977],[-95.203035,30.448603],[-95.202039,30.44945],[-95.201944,30.450006],[-95.20214,30.450352],[-95.201791,30.450588],[-95.202039,30.451523],[-95.202452,30.451737],[-95.202604,30.451138],[-95.203149,30.450951],[-95.204,30.451468],[-95.204984,30.451654],[-95.20539,30.452589],[-95.206177,30.452204],[-95.206615,30.45238],[-95.206792,30.452737],[-95.206285,30.454739],[-95.205549,30.455431],[-95.205537,30.456064],[-95.205937,30.456218],[-95.20645,30.455635],[-95.207047,30.455827],[-95.20744,30.45514],[-95.207923,30.455612],[-95.208069,30.456591],[-95.208583,30.456151],[-95.209218,30.457394],[-95.209681,30.457553],[-95.210126,30.458174],[-95.210386,30.458174],[-95.210589,30.457806],[-95.210766,30.457888],[-95.210982,30.458405],[-95.211852,30.459202],[-95.211389,30.459675],[-95.211618,30.460186],[-95.21151,30.461044],[-95.212018,30.461104],[-95.212291,30.46145],[-95.211599,30.462314],[-95.21179,30.462627],[-95.21264,30.462544],[-95.212609,30.463149],[-95.213447,30.463594],[-95.21351,30.463875],[-95.213104,30.46454],[-95.213218,30.464853],[-95.214329,30.465513],[-95.215129,30.46521],[-95.217401,30.465831],[-95.217383,30.466507],[-95.21824,30.466853],[-95.219179,30.468299],[-95.218729,30.468821],[-95.218869,30.46958],[-95.218215,30.469597],[-95.217708,30.471637],[-95.217245,30.471466],[-95.216477,30.472055],[-95.216687,30.472632],[-95.216065,30.472781],[-95.215715,30.472511],[-95.215538,30.472693],[-95.215709,30.473858],[-95.216275,30.474743],[-95.217043,30.474534],[-95.218033,30.474809],[-95.21804,30.475216],[-95.217183,30.475216],[-95.217189,30.475452],[-95.217735,30.475579],[-95.217881,30.475975],[-95.218408,30.476255],[-95.218319,30.476568],[-95.219138,30.476843],[-95.21957,30.477948],[-95.220662,30.478145],[-95.221075,30.478937],[-95.221507,30.478986],[-95.222046,30.478502],[-95.222586,30.478859],[-95.222358,30.479272],[-95.222466,30.479998],[-95.223647,30.480503],[-95.223863,30.481152],[-95.224542,30.481734],[-95.224441,30.482158],[-95.224943,30.482537],[-95.224543,30.482988],[-95.22493,30.483092],[-95.225381,30.482784],[-95.225616,30.483026],[-95.225343,30.483785],[-95.224219,30.483714],[-95.223813,30.484225],[-95.224125,30.484516],[-95.224087,30.485643],[-95.224811,30.486149],[-95.225319,30.486],[-95.225528,30.486154],[-95.225389,30.487061],[-95.225668,30.487188],[-95.225878,30.487925],[-95.225389,30.488013],[-95.22579,30.488562],[-95.225307,30.489162],[-95.226488,30.489447],[-95.226615,30.489656],[-95.225612,30.489882],[-95.225429,30.490289],[-95.225556,30.491102],[-95.225125,30.491801],[-95.224604,30.491977],[-95.224458,30.492538],[-95.22376,30.492983],[-95.224211,30.493516],[-95.224186,30.493088],[-95.224452,30.492983],[-95.224979,30.493687],[-95.225436,30.49356],[-95.226897,30.494687],[-95.226999,30.494978],[-95.226161,30.495264],[-95.226263,30.495638],[-95.226815,30.495869],[-95.227101,30.495038],[-95.227608,30.495154],[-95.227558,30.495802],[-95.227958,30.496044],[-95.227533,30.496753],[-95.227711,30.497408],[-95.228352,30.498259]]]}},{"type":"Feature","properties":{"PRECINCT":"10","VTD":"0010"},"geometry":{"type":"Polygon","coordinates":[[[-95.090614,30.443235],[-95.089356,30.440579],[-95.086092,30.435371],[-95.085285,30.434698],[-95.071844,30.41195],[-95.059919,30.393115],[-95.061519,30.390582],[-95.073247,30.384986],[-95.081538,30.38133],[-95.098201,30.374631],[-95.110382,30.369139],[-95.10975,30.371993],[-95.10909,30.372737],[-95.109278,30.373127],[-95.110488,30.373432],[-95.111217,30.374136],[-95.111144,30.375985],[-95.110839,30.376232],[-95.110199,30.376089],[-95.109952,30.376238],[-95.110415,30.377645],[-95.109389,30.38073],[-95.10939,30.381198],[-95.110062,30.381654],[-95.109904,30.382506],[-95.11062,30.382291],[-95.110862,30.383154],[-95.111559,30.382995],[-95.111965,30.383374],[-95.111693,30.384419],[-95.110812,30.385062],[-95.110863,30.385728],[-95.111637,30.38631],[-95.111917,30.387047],[-95.113635,30.387217],[-95.113604,30.387684],[-95.112545,30.388322],[-95.113916,30.389883],[-95.116066,30.390058],[-95.116358,30.39074],[-95.116257,30.391323],[-95.116771,30.391894],[-95.117583,30.392301],[-95.116772,30.393099],[-95.117856,30.393296],[-95.117762,30.394434],[-95.118028,30.394467],[-95.118827,30.39368],[-95.118967,30.394214],[-95.119696,30.394411],[-95.120172,30.395115],[-95.120705,30.395225],[-95.121257,30.395015],[-95.121587,30.395351],[-95.121974,30.395131],[-95.122538,30.3954],[-95.122602,30.395658],[-95.121987,30.395504],[-95.121765,30.395774],[-95.121771,30.396043],[-95.122476,30.396538],[-95.121962,30.396687],[-95.121905,30.397104],[-95.122597,30.398022],[-95.122591,30.398325],[-95.123384,30.398671],[-95.123689,30.400276],[-95.124178,30.400276],[-95.123645,30.400853],[-95.124419,30.401013],[-95.124451,30.40154],[-95.125186,30.402374],[-95.124439,30.402552],[-95.1254,30.404134],[-95.125229,30.404458],[-95.124675,30.404421],[-95.124891,30.404954],[-95.124359,30.404944],[-95.124873,30.405746],[-95.12429,30.406159],[-95.125005,30.406509],[-95.126032,30.40779],[-95.125639,30.408076],[-95.125733,30.409132],[-95.126317,30.408808],[-95.126856,30.409297],[-95.127097,30.409281],[-95.127281,30.408874],[-95.128455,30.409265],[-95.128346,30.410156],[-95.128803,30.410453],[-95.129183,30.410343],[-95.129774,30.409705],[-95.130142,30.410024],[-95.130255,30.410624],[-95.129748,30.410739],[-95.129576,30.411217],[-95.12903,30.411657],[-95.129455,30.411921],[-95.129354,30.412245],[-95.12981,30.413054],[-95.129461,30.413175],[-95.129086,30.413911],[-95.129714,30.413939],[-95.129961,30.414692],[-95.128781,30.415824],[-95.128178,30.415725],[-95.126579,30.416549],[-95.127416,30.416621],[-95.126604,30.417088],[-95.127257,30.417451],[-95.127003,30.41816],[-95.127485,30.41882],[-95.127244,30.418908],[-95.126603,30.418545],[-95.126267,30.418127],[-95.126007,30.418506],[-95.126482,30.418809],[-95.126451,30.419144],[-95.125778,30.419172],[-95.125245,30.419743],[-95.124267,30.419767],[-95.124007,30.420048],[-95.124693,30.421032],[-95.125231,30.421255],[-95.12475,30.421614],[-95.12435,30.421504],[-95.124179,30.421895],[-95.12516,30.422646],[-95.124948,30.423709],[-95.124156,30.424243],[-95.124651,30.424528],[-95.124898,30.425188],[-95.12592,30.425709],[-95.125577,30.426044],[-95.12585,30.426314],[-95.126643,30.426259],[-95.126808,30.426859],[-95.12729,30.427211],[-95.127772,30.427238],[-95.128044,30.427513],[-95.128514,30.427459],[-95.129002,30.428135],[-95.129725,30.428256],[-95.129103,30.428553],[-95.129719,30.428757],[-95.130067,30.429768],[-95.13112,30.429653],[-95.131958,30.429049],[-95.1322,30.428587],[-95.133481,30.428632],[-95.133544,30.429149],[-95.134312,30.429539],[-95.135333,30.429705],[-95.135333,30.429952],[-95.134819,30.430177],[-95.135136,30.430436],[-95.135986,30.43053],[-95.13565,30.431074],[-95.135751,30.431327],[-95.136195,30.431272],[-95.137191,30.431613],[-95.137363,30.431866],[-95.138492,30.431608],[-95.138796,30.432691],[-95.13912,30.432834],[-95.139602,30.432384],[-95.140744,30.433165],[-95.140528,30.433462],[-95.139728,30.433681],[-95.139823,30.433962],[-95.140242,30.434072],[-95.139652,30.434726],[-95.139994,30.43516],[-95.139949,30.435958],[-95.140584,30.436205],[-95.140508,30.436645],[-95.140945,30.436898],[-95.140329,30.437915],[-95.140494,30.438564],[-95.140849,30.438773],[-95.140449,30.439229],[-95.141946,30.440219],[-95.14114,30.440593],[-95.141502,30.441495],[-95.141228,30.442666],[-95.141431,30.442924],[-95.143728,30.443238],[-95.143916,30.443768],[-95.108147,30.469625],[-95.094379,30.449434],[-95.090614,30.443235]]]}},{"type":"Feature","properties":{"PRECINCT":"11","VTD":"0011"},"geometry":{"type":"Polygon","coordinates":[[[-95.345699,30.577936],[-95.344962,30.577903],[-95.345152,30.577491],[-95.344765,30.577348],[-95.34444,30.576853],[-95.343742,30.577013],[-95.343748,30.576458],[-95.344122,30.575875],[-95.343531,30.575479],[-95.343754,30.57521],[-95.343531,30.574677],[-95.343645,30.574105],[-95.34308,30.574149],[-95.343454,30.573687],[-95.343289,30.573423],[-95.342304,30.573325],[-95.342374,30.572863],[-95.342044,30.572659],[-95.342164,30.572302],[-95.3417,30.572429],[-95.341256,30.572929],[-95.341141,30.572352],[-95.340919,30.572286],[-95.340881,30.572786],[-95.34036,30.572858],[-95.340093,30.573281],[-95.340068,30.572566],[-95.339439,30.572836],[-95.339407,30.57255],[-95.338772,30.572759],[-95.339051,30.572407],[-95.33893,30.572193],[-95.33839,30.572853],[-95.338034,30.572182],[-95.33771,30.572254],[-95.337577,30.571946],[-95.336929,30.572034],[-95.336948,30.571748],[-95.335728,30.569846],[-95.334292,30.569484],[-95.333713,30.569132],[-95.333612,30.569682],[-95.331979,30.569627],[-95.33142,30.569237],[-95.331769,30.568786],[-95.33088,30.568797],[-95.330867,30.568231],[-95.330549,30.567984],[-95.330111,30.56805],[-95.329939,30.568759],[-95.329692,30.56888],[-95.328802,30.568907],[-95.328307,30.568281],[-95.327004,30.568913],[-95.326757,30.56937],[-95.325861,30.56921],[-95.325829,30.568748],[-95.325035,30.567924],[-95.324704,30.568809],[-95.324024,30.567314],[-95.323611,30.567726],[-95.323701,30.568221],[-95.32318,30.567847],[-95.322665,30.567842],[-95.322589,30.567265],[-95.32215,30.567419],[-95.322277,30.566984],[-95.321496,30.567391],[-95.321356,30.566599],[-95.321597,30.566303],[-95.320879,30.566314],[-95.321038,30.565703],[-95.320663,30.565066],[-95.319888,30.565247],[-95.3191,30.564478],[-95.319215,30.563592],[-95.318262,30.562801],[-95.317652,30.56091],[-95.316667,30.560959],[-95.316661,30.560481],[-95.31626,30.560459],[-95.31586,30.560761],[-95.31567,30.561449],[-95.315295,30.561449],[-95.31518,30.561201],[-95.315479,30.560564],[-95.314246,30.559745],[-95.314094,30.559046],[-95.314367,30.558656],[-95.313681,30.558354],[-95.31337,30.557914],[-95.312982,30.557936],[-95.313008,30.558733],[-95.312531,30.558969],[-95.311839,30.558436],[-95.311108,30.558425],[-95.310956,30.557903],[-95.310435,30.557705],[-95.309685,30.558024],[-95.309355,30.557864],[-95.309298,30.557452],[-95.308809,30.557689],[-95.308027,30.557546],[-95.30776,30.557128],[-95.307214,30.557172],[-95.306757,30.556732],[-95.306814,30.556039],[-95.305035,30.555632],[-95.305842,30.555726],[-95.306153,30.555528],[-95.304584,30.555176],[-95.303955,30.555247],[-95.302984,30.554885],[-95.303111,30.554538],[-95.303638,30.554307],[-95.303625,30.553972],[-95.302933,30.554016],[-95.30238,30.55434],[-95.302094,30.55412],[-95.302361,30.553593],[-95.302024,30.553461],[-95.302342,30.552795],[-95.301796,30.552944],[-95.301529,30.553708],[-95.300665,30.553714],[-95.300493,30.553136],[-95.300233,30.553032],[-95.300036,30.553092],[-95.300195,30.553395],[-95.299941,30.553708],[-95.299496,30.553697],[-95.298988,30.553092],[-95.298575,30.553059],[-95.298677,30.552333],[-95.298448,30.551756],[-95.298181,30.551646],[-95.297889,30.551993],[-95.297756,30.551833],[-95.297889,30.551036],[-95.297559,30.55119],[-95.296994,30.551025],[-95.296797,30.551393],[-95.296593,30.550876],[-95.296301,30.550744],[-95.296397,30.5502],[-95.296683,30.55003],[-95.296708,30.549189],[-95.296022,30.549419],[-95.295857,30.548837],[-95.295419,30.549469],[-95.294948,30.54921],[-95.294694,30.54893],[-95.295298,30.548446],[-95.295076,30.548298],[-95.294275,30.548413],[-95.294301,30.548094],[-95.293742,30.547671],[-95.294104,30.547022],[-95.292789,30.546489],[-95.292472,30.546104],[-95.292453,30.54551],[-95.292199,30.545472],[-95.292122,30.545862],[-95.291868,30.545779],[-95.291589,30.545983],[-95.291398,30.545708],[-95.291506,30.544856],[-95.291259,30.544504],[-95.289582,30.543685],[-95.288922,30.543734],[-95.28863,30.543036],[-95.287207,30.542651],[-95.286394,30.541067],[-95.285931,30.539363],[-95.285302,30.539165],[-95.284909,30.538406],[-95.284191,30.538246],[-95.284198,30.537559],[-95.282883,30.537586],[-95.282089,30.537097],[-95.282394,30.537009],[-95.282381,30.536652],[-95.28193,30.53652],[-95.28188,30.536778],[-95.281632,30.536707],[-95.281207,30.536074],[-95.280432,30.536459],[-95.279466,30.535442],[-95.278228,30.535447],[-95.27852,30.534661],[-95.277784,30.534627],[-95.277466,30.534232],[-95.277244,30.534847],[-95.276208,30.535111],[-95.276793,30.534413],[-95.276793,30.533951],[-95.27605,30.534149],[-95.275301,30.532433],[-95.274907,30.532999],[-95.274107,30.532559],[-95.273485,30.532526],[-95.272615,30.531091],[-95.272634,30.530475],[-95.273263,30.530327],[-95.273136,30.529953],[-95.272151,30.52977],[-95.27233,30.528848],[-95.271702,30.528595],[-95.271689,30.529035],[-95.271505,30.529035],[-95.27127,30.528551],[-95.271391,30.52816],[-95.270394,30.52794],[-95.270515,30.52733],[-95.269715,30.525922],[-95.269112,30.52629],[-95.268667,30.525724],[-95.268058,30.525779],[-95.268115,30.524811],[-95.267182,30.524371],[-95.266388,30.524712],[-95.266451,30.525366],[-95.266216,30.525652],[-95.264387,30.525574],[-95.263486,30.524914],[-95.262984,30.523825],[-95.261422,30.523638],[-95.261016,30.523198],[-95.261086,30.52228],[-95.260845,30.521862],[-95.261125,30.520993],[-95.260814,30.520273],[-95.259761,30.519624],[-95.259869,30.519332],[-95.259545,30.51903],[-95.259717,30.518332],[-95.258784,30.516396],[-95.256855,30.515268],[-95.255997,30.515334],[-95.254575,30.514926],[-95.253395,30.513733],[-95.252709,30.514046],[-95.252716,30.513353],[-95.252367,30.512671],[-95.251947,30.513194],[-95.250652,30.513462],[-95.251452,30.512506],[-95.251472,30.511912],[-95.250444,30.510532],[-95.250629,30.509779],[-95.249745,30.51033],[-95.249154,30.509863],[-95.249687,30.509703],[-95.249757,30.509445],[-95.248938,30.509044],[-95.248798,30.509555],[-95.248049,30.509589],[-95.248715,30.508851],[-95.248721,30.50845],[-95.247928,30.508522],[-95.2478,30.507917],[-95.247508,30.507807],[-95.24707,30.508291],[-95.246467,30.508369],[-95.246169,30.507984],[-95.245794,30.508336],[-95.245324,30.508375],[-95.244804,30.508144],[-95.244473,30.508232],[-95.244302,30.507902],[-95.243591,30.507919],[-95.243559,30.507633],[-95.242969,30.508051],[-95.242346,30.508063],[-95.242213,30.507557],[-95.241286,30.507486],[-95.241108,30.507678],[-95.241286,30.508074],[-95.241026,30.508223],[-95.24079,30.507805],[-95.239914,30.507646],[-95.239368,30.507261],[-95.238822,30.507305],[-95.238447,30.507047],[-95.237565,30.507229],[-95.236339,30.507064],[-95.234116,30.506158],[-95.232147,30.505026],[-95.232153,30.504152],[-95.231296,30.504334],[-95.230978,30.50346],[-95.229645,30.502399],[-95.228927,30.502124],[-95.228914,30.500189],[-95.22866,30.500057],[-95.228056,30.500239],[-95.227522,30.499283],[-95.22749,30.498733],[-95.227826,30.498403],[-95.228239,30.498485],[-95.228352,30.498259],[-95.227711,30.497408],[-95.227533,30.496753],[-95.227958,30.496044],[-95.227558,30.495802],[-95.227672,30.49523],[-95.227101,30.495038],[-95.22705,30.495577],[-95.226695,30.49588],[-95.226136,30.49544],[-95.226205,30.495209],[-95.226999,30.494978],[-95.226618,30.494417],[-95.225436,30.49356],[-95.224979,30.493687],[-95.224452,30.492983],[-95.224186,30.493088],[-95.224211,30.493516],[-95.223792,30.493115],[-95.223805,30.492829],[-95.224458,30.492538],[-95.224604,30.491977],[-95.225125,30.491801],[-95.225556,30.491102],[-95.225429,30.490289],[-95.225612,30.489882],[-95.226615,30.489656],[-95.226488,30.489447],[-95.225307,30.489162],[-95.22579,30.488562],[-95.225389,30.488013],[-95.225878,30.487925],[-95.225668,30.487188],[-95.225389,30.487061],[-95.225528,30.486154],[-95.225319,30.486],[-95.224811,30.486149],[-95.224087,30.485643],[-95.224125,30.484516],[-95.223813,30.484225],[-95.224219,30.483714],[-95.225343,30.483785],[-95.225616,30.483026],[-95.225381,30.482784],[-95.22493,30.483092],[-95.224543,30.482988],[-95.224943,30.482537],[-95.224441,30.482158],[-95.224542,30.481734],[-95.223863,30.481152],[-95.223647,30.480503],[-95.222466,30.479998],[-95.222358,30.479272],[-95.222586,30.478859],[-95.223322,30.478441],[-95.224014,30.478348],[-95.228324,30.478269],[-95.229727,30.478648],[-95.231422,30.478389],[-95.23335,30.476887],[-95.235184,30.475913],[-95.236225,30.475094],[-95.237748,30.474653],[-95.238497,30.474895],[-95.240826,30.473525],[-95.2416,30.473931],[-95.242793,30.473343],[-95.243053,30.472842],[-95.244056,30.472649],[-95.245382,30.471065],[-95.246708,30.470801],[-95.247679,30.471372],[-95.249279,30.471624],[-95.252122,30.472602],[-95.25268,30.473053],[-95.253899,30.473185],[-95.256532,30.474511],[-95.257071,30.475352],[-95.259325,30.474913],[-95.260296,30.474958],[-95.262682,30.475569],[-95.265037,30.47447],[-95.266466,30.474575],[-95.267024,30.474311],[-95.267703,30.474399],[-95.27226,30.475902],[-95.273803,30.475924],[-95.274094,30.476248],[-95.275726,30.476551],[-95.278511,30.479641],[-95.279762,30.480422],[-95.28065,30.480665],[-95.281983,30.482479],[-95.28263,30.484085],[-95.283188,30.484634],[-95.284407,30.48503],[-95.285422,30.485674],[-95.289681,30.491546],[-95.290379,30.491986],[-95.291738,30.493564],[-95.292417,30.493844],[-95.294448,30.496291],[-95.294334,30.496868],[-95.294956,30.497231],[-95.295496,30.497121],[-95.296086,30.497792],[-95.296359,30.497715],[-95.296575,30.499199],[-95.297306,30.500743],[-95.300232,30.502382],[-95.301756,30.50258],[-95.303838,30.502267],[-95.304486,30.50186],[-95.304867,30.50186],[-95.306397,30.502349],[-95.306797,30.502685],[-95.308479,30.502954],[-95.310078,30.503954],[-95.359156,30.504369],[-95.351439,30.577643],[-95.350839,30.577401],[-95.350032,30.577484],[-95.34939,30.577841],[-95.348456,30.57788],[-95.347726,30.578408],[-95.346932,30.578513],[-95.347351,30.579079],[-95.347142,30.579464],[-95.346468,30.579261],[-95.346277,30.578519],[-95.345699,30.577936]]]}}]}