{"type":"FeatureCollection","features":[{"type":"Feature","properties":{"PRECINCT":"10","VTD":"0010A+0010B"},"geometry":{"type":"MultiPolygon","coordinates":[[[[-94.727638,31.323862],[-94.727578,31.326385],[-94.72851,31.330158],[-94.724617,31.331397],[-94.722857,31.330557],[-94.724194,31.328833],[-94.725883,31.325408],[-94.727382,31.323852],[-94.727638,31.323862]]],[[[-94.689633,31.332964],[-94.689738,31.331482],[-94.69026,31.329105],[-94.690588,31.329189],[-94.691263,31.327326],[-94.692989,31.325104],[-94.697347,31.321771],[-94.699757,31.318789],[-94.701314,31.319844],[-94.711217,31.324945],[-94.717371,31.327713],[-94.722857,31.330557],[-94.718349,31.335516],[-94.7178,31.336454],[-94.712959,31.336664],[-94.710328,31.336557],[-94.707798,31.335936],[-94.699821,31.335912],[-94.69556,31.33623],[-94.69007,31.337046],[-94.689633,31.332964]]]]}},{"type":"Feature","properties":{"PRECINCT":"1","VTD":"0001"},"geometry":{"type":"Polygon","coordinates":[[[-94.698054,31.361851],[-94.696315,31.362054],[-94.690887,31.361144],[-94.683347,31.356706],[-94.684212,31.356098],[-94.682845,31.356045],[-94.679804,31.355219],[-94.67881,31.350999],[-94.679095,31.350221],[-94.678256,31.349945],[-94.680437,31.345228],[-94.686133,31.346875],[-94.686779,31.345362],[-94.69209,31.34712],[-94.692589,31.346919],[-94.691521,31.345874],[-94.690141,31.343891],[-94.68914,31.34352],[-94.689732,31.342355],[-94.689753,31.341697],[-94.689134,31.340906],[-94.689279,31.340363],[-94.68811,31.340363],[-94.688363,31.339593],[-94.687537,31.339232],[-94.685447,31.337554],[-94.685292,31.336307],[-94.681258,31.334032],[-94.682492,31.33159],[-94.688265,31.333169],[-94.688227,31.33211],[-94.688766,31.329079],[-94.689731,31.32686],[-94.690516,31.325746],[-94.690558,31.325286],[-94.689042,31.324959],[-94.690035,31.32384],[-94.691301,31.324787],[-94.692246,31.323891],[-94.691579,31.323435],[-94.691861,31.323169],[-94.693525,31.321892],[-94.694495,31.322315],[-94.694619,31.32208],[-94.69517,31.322247],[-94.696344,31.321275],[-94.697483,31.319559],[-94.694295,31.318011],[-94.693932,31.318721],[-94.693652,31.31863],[-94.692279,31.320978],[-94.687745,31.319632],[-94.687672,31.320027],[-94.683,31.318552],[-94.684621,31.314441],[-94.682293,31.313593],[-94.682809,31.3125],[-94.68202,31.312258],[-94.68252,31.310498],[-94.680945,31.309728],[-94.681404,31.308758],[-94.680882,31.30859],[-94.681546,31.306837],[-94.68326,31.307256],[-94.682293,31.3098],[-94.683209,31.31005],[-94.683896,31.308899],[-94.688846,31.31071],[-94.688677,31.310963],[-94.689917,31.311419],[-94.689565,31.312308],[-94.69071,31.312829],[-94.690136,31.314236],[-94.699757,31.318789],[-94.697347,31.321771],[-94.692989,31.325104],[-94.691775,31.326485],[-94.691134,31.327556],[-94.690588,31.329189],[-94.69026,31.329105],[-94.689635,31.332638],[-94.69007,31.337046],[-94.690457,31.336989],[-94.691515,31.343502],[-94.692557,31.345404],[-94.695387,31.348451],[-94.696645,31.350301],[-94.697459,31.352134],[-94.69717,31.352235],[-94.698468,31.355067],[-94.69999,31.362288],[-94.698054,31.361851]]]}},{"type":"Feature","properties":{"PRECINCT":"2","VTD":"0002"},"geometry":{"type":"Polygon","coordinates":[[[-94.716341,31.379444],[-94.716613,31.37785],[-94.714815,31.377291],[-94.71506,31.376393],[-94.712513,31.374622],[-94.712288,31.373836],[-94.712756,31.372868],[-94.71012,31.371465],[-94.707261,31.368733],[-94.70566,31.367907],[-94.705664,31.368475],[-94.704148,31.368187],[-94.703896,31.371148],[-94.696954,31.371176],[-94.696932,31.36946],[-94.696102,31.369645],[-94.695692,31.369232],[-94.694434,31.371019],[-94.695069,31.371257],[-94.694932,31.371839],[-94.693885,31.372063],[-94.69354,31.372365],[-94.692572,31.371599],[-94.692039,31.372744],[-94.692083,31.373122],[-94.691001,31.373692],[-94.691472,31.374001],[-94.69142,31.374679],[-94.690648,31.375335],[-94.689772,31.375532],[-94.689884,31.375727],[-94.688716,31.375782],[-94.688817,31.376402],[-94.6873,31.376615],[-94.687107,31.376917],[-94.684604,31.376929],[-94.682923,31.376576],[-94.683,31.376224],[-94.68269,31.375684],[-94.682749,31.374335],[-94.68253,31.374172],[-94.68381,31.37359],[-94.684616,31.372888],[-94.686081,31.370418],[-94.686957,31.367227],[-94.68705,31.363799],[-94.688409,31.363822],[-94.688422,31.361682],[-94.691309,31.361568],[-94.695793,31.362095],[-94.697572,31.361814],[-94.69999,31.362288],[-94.698468,31.355067],[-94.69717,31.352235],[-94.697459,31.352134],[-94.69687,31.35069],[-94.695387,31.348451],[-94.692557,31.345404],[-94.691515,31.343502],[-94.690457,31.336989],[-94.69556,31.33623],[-94.699821,31.335912],[-94.707798,31.335936],[-94.710328,31.336557],[-94.712959,31.336664],[-94.7178,31.336454],[-94.717341,31.337909],[-94.717386,31.33988],[-94.71942,31.345603],[-94.714983,31.34687],[-94.71626,31.349582],[-94.716557,31.349798],[-94.716966,31.351578],[-94.721076,31.351559],[-94.720982,31.352061],[-94.721303,31.352252],[-94.72229,31.354315],[-94.723373,31.35502],[-94.728927,31.355402],[-94.730437,31.35585],[-94.731699,31.356552],[-94.740577,31.363116],[-94.745767,31.366131],[-94.748893,31.367556],[-94.752799,31.367896],[-94.754022,31.368216],[-94.755396,31.368909],[-94.756692,31.370014],[-94.755357,31.370089],[-94.755535,31.370738],[-94.754421,31.369877],[-94.752234,31.369178],[-94.75221,31.369964],[-94.747931,31.37],[-94.746079,31.371211],[-94.746596,31.372011],[-94.747301,31.371872],[-94.747359,31.372298],[-94.74442,31.372859],[-94.744358,31.372228],[-94.743305,31.372765],[-94.741723,31.373106],[-94.741718,31.373318],[-94.739819,31.373501],[-94.739753,31.374942],[-94.737694,31.374922],[-94.737684,31.373839],[-94.738041,31.373849],[-94.738019,31.373219],[-94.731468,31.372171],[-94.731031,31.379682],[-94.723303,31.379695],[-94.716341,31.379444]]]}},{"type":"Feature","properties":{"PRECINCT":"3","VTD":"0003"},"geometry":{"type":"Polygon","coordinates":[[[-94.591036,31.447534],[-94.591987,31.446766],[-94.593107,31.44752],[-94.593739,31.447404],[-94.594225,31.446219],[-94.595386,31.445251],[-94.595311,31.444474],[-94.593002,31.44472],[-94.590257,31.443701],[-94.589654,31.443785],[-94.589328,31.444243],[-94.589246,31.447639],[-94.588371,31.447639],[-94.588177,31.446602],[-94.586789,31.446922],[-94.586823,31.446469],[-94.587603,31.445869],[-94.58835,31.445617],[-94.588337,31.445164],[-94.587711,31.444819],[-94.586374,31.444831],[-94.586218,31.44453],[-94.58747,31.443781],[-94.587674,31.443282],[-94.587296,31.442672],[-94.586104,31.442418],[-94.585612,31.442616],[-94.584339,31.444247],[-94.583381,31.444093],[-94.582859,31.443716],[-94.582652,31.442937],[-94.583527,31.441497],[-94.583573,31.440907],[-94.583211,31.440467],[-94.582125,31.440086],[-94.583363,31.439644],[-94.583433,31.439369],[-94.582995,31.439034],[-94.58198,31.438928],[-94.58287,31.43773],[-94.583642,31.437778],[-94.583449,31.435924],[-94.584693,31.435061],[-94.584323,31.43454],[-94.581452,31.433189],[-94.577223,31.433418],[-94.573777,31.432821],[-94.573075,31.432483],[-94.572135,31.43245],[-94.569151,31.433006],[-94.569805,31.419354],[-94.563041,31.419292],[-94.563094,31.41414],[-94.55907,31.413813],[-94.559087,31.409646],[-94.563835,31.409431],[-94.564336,31.395943],[-94.562853,31.39574],[-94.563103,31.394591],[-94.562506,31.394342],[-94.563088,31.384359],[-94.561369,31.384184],[-94.560461,31.36488],[-94.577916,31.365258],[-94.577666,31.372776],[-94.577858,31.37347],[-94.587429,31.373629],[-94.587875,31.358502],[-94.602286,31.358735],[-94.605617,31.358404],[-94.606581,31.358004],[-94.607001,31.357002],[-94.608635,31.356856],[-94.610159,31.357016],[-94.612523,31.35677],[-94.612581,31.345039],[-94.631065,31.347374],[-94.630864,31.338978],[-94.631247,31.328956],[-94.631521,31.327867],[-94.632474,31.326733],[-94.632719,31.325909],[-94.632198,31.324151],[-94.631987,31.321921],[-94.639485,31.321905],[-94.644423,31.321102],[-94.646835,31.321463],[-94.649301,31.320457],[-94.654828,31.319252],[-94.657633,31.317805],[-94.659253,31.317885],[-94.660553,31.318059],[-94.662144,31.318794],[-94.669898,31.321141],[-94.670252,31.321414],[-94.67097,31.323189],[-94.672333,31.325236],[-94.674875,31.326627],[-94.681101,31.328418],[-94.685798,31.32815],[-94.684438,31.332114],[-94.682492,31.33159],[-94.681258,31.334032],[-94.685292,31.336307],[-94.685447,31.337554],[-94.687537,31.339232],[-94.688363,31.339593],[-94.68811,31.340363],[-94.689279,31.340363],[-94.689134,31.340906],[-94.689753,31.341697],[-94.689732,31.342355],[-94.68914,31.34352],[-94.690141,31.343891],[-94.691521,31.345874],[-94.692589,31.346919],[-94.69209,31.34712],[-94.686779,31.345362],[-94.686133,31.346875],[-94.680437,31.345228],[-94.678256,31.349945],[-94.679095,31.350221],[-94.67881,31.350999],[-94.679804,31.355219],[-94.682845,31.356045],[-94.684212,31.356098],[-94.683347,31.356706],[-94.690887,31.361144],[-94.696315,31.362054],[-94.691309,31.361568],[-94.688422,31.361682],[-94.688409,31.363822],[-94.68705,31.363799],[-94.686957,31.367227],[-94.686081,31.370418],[-94.684616,31.372888],[-94.68381,31.37359],[-94.68253,31.374172],[-94.682749,31.374335],[-94.682724,31.375927],[-94.683025,31.376724],[-94.684604,31.376929],[-94.687107,31.376917],[-94.6873,31.376615],[-94.688817,31.376402],[-94.688716,31.375782],[-94.689884,31.375727],[-94.689772,31.375532],[-94.690648,31.375335],[-94.69142,31.374679],[-94.691472,31.374001],[-94.691001,31.373692],[-94.692083,31.373122],[-94.692039,31.372744],[-94.692572,31.371599],[-94.69354,31.372365],[-94.693885,31.372063],[-94.694932,31.371839],[-94.695069,31.371257],[-94.694434,31.371019],[-94.695692,31.369232],[-94.696102,31.369645],[-94.696932,31.36946],[-94.696954,31.371176],[-94.703896,31.371148],[-94.703804,31.373453],[-94.703214,31.374761],[-94.701828,31.376748],[-94.701407,31.378193],[-94.701807,31.381281],[-94.70304,31.383306],[-94.70335,31.384672],[-94.701606,31.390218],[-94.701648,31.397571],[-94.701429,31.398406],[-94.701005,31.39868],[-94.699681,31.39869],[-94.698028,31.401596],[-94.69371,31.404419],[-94.692616,31.404905],[-94.689026,31.40821],[-94.687143,31.409316],[-94.68583,31.411708],[-94.683043,31.41462],[-94.677927,31.417818],[-94.676186,31.41857],[-94.67587,31.41899],[-94.675832,31.422234],[-94.675574,31.422472],[-94.672062,31.42367],[-94.669074,31.424281],[-94.667739,31.425498],[-94.667781,31.427662],[-94.65256,31.436947],[-94.649746,31.43706],[-94.649829,31.438605],[-94.645769,31.441177],[-94.643247,31.443524],[-94.642818,31.443216],[-94.642908,31.443073],[-94.644146,31.442409],[-94.644216,31.442172],[-94.64242,31.442793],[-94.641875,31.442254],[-94.642447,31.441226],[-94.642286,31.441011],[-94.641722,31.441017],[-94.641363,31.441577],[-94.639926,31.441159],[-94.639529,31.439427],[-94.638542,31.438162],[-94.638789,31.439589],[-94.637529,31.439685],[-94.635812,31.440926],[-94.634639,31.440756],[-94.633808,31.440858],[-94.63302,31.441252],[-94.632756,31.44175],[-94.632971,31.443839],[-94.632437,31.444714],[-94.630293,31.444118],[-94.629395,31.443321],[-94.627364,31.442808],[-94.626732,31.442411],[-94.627045,31.441315],[-94.627541,31.440942],[-94.629037,31.440469],[-94.62793,31.438852],[-94.626911,31.439],[-94.625513,31.440251],[-94.625044,31.440234],[-94.62351,31.439245],[-94.622831,31.439377],[-94.62266,31.439529],[-94.622933,31.440235],[-94.62247,31.441169],[-94.622382,31.442131],[-94.621929,31.442224],[-94.621548,31.441865],[-94.621285,31.440301],[-94.619707,31.439301],[-94.618835,31.439075],[-94.618541,31.439194],[-94.618149,31.44046],[-94.618769,31.441283],[-94.617401,31.441546],[-94.616421,31.440154],[-94.616044,31.440232],[-94.615386,31.440889],[-94.614452,31.440307],[-94.613711,31.441611],[-94.61166,31.442305],[-94.610869,31.442281],[-94.609503,31.440207],[-94.607662,31.440611],[-94.607339,31.441184],[-94.60728,31.442557],[-94.606874,31.442659],[-94.606407,31.442364],[-94.606317,31.441991],[-94.607292,31.440091],[-94.606011,31.440184],[-94.605121,31.440573],[-94.60419,31.440532],[-94.603686,31.440908],[-94.60398,31.441542],[-94.603808,31.442093],[-94.604729,31.442527],[-94.605415,31.44335],[-94.603476,31.443357],[-94.603168,31.443152],[-94.603054,31.442504],[-94.602327,31.441931],[-94.602165,31.44358],[-94.601757,31.444187],[-94.602225,31.44481],[-94.602208,31.445376],[-94.599227,31.447372],[-94.598717,31.447553],[-94.597067,31.446989],[-94.596275,31.447111],[-94.595971,31.448079],[-94.595359,31.44881],[-94.594334,31.449423],[-94.591149,31.447823],[-94.591036,31.447534]]]}},{"type":"Feature","properties":{"PRECINCT":"4","VTD":"0004"},"geometry":{"type":"Polygon","coordinates":[[[-94.729802,31.462737],[-94.729907,31.461893],[-94.729198,31.461778],[-94.728514,31.460845],[-94.729343,31.45981],[-94.728696,31.458667],[-94.729143,31.458336],[-94.728594,31.457178],[-94.726644,31.457233],[-94.722739,31.456757],[-94.721751,31.457105],[-94.721396,31.456615],[-94.721416,31.455977],[-94.721012,31.455933],[-94.720671,31.457318],[-94.721776,31.458452],[-94.72144,31.458995],[-94.720903,31.459279],[-94.720167,31.45912],[-94.718169,31.45798],[-94.716726,31.457808],[-94.716628,31.457507],[-94.717271,31.456847],[-94.717118,31.456366],[-94.716087,31.456515],[-94.715108,31.457426],[-94.714467,31.457435],[-94.712795,31.456952],[-94.710442,31.457174],[-94.708974,31.4576],[-94.708331,31.456985],[-94.704064,31.456711],[-94.704069,31.456385],[-94.704498,31.456034],[-94.703478,31.455636],[-94.70252,31.45564],[-94.702324,31.454466],[-94.701514,31.453627],[-94.700581,31.453219],[-94.698726,31.453038],[-94.698094,31.452393],[-94.696624,31.452251],[-94.69566,31.452445],[-94.695442,31.452383],[-94.695488,31.451706],[-94.695296,31.451682],[-94.693956,31.453386],[-94.693605,31.453441],[-94.692933,31.452778],[-94.692419,31.452616],[-94.692062,31.451986],[-94.690805,31.451823],[-94.689892,31.451417],[-94.689402,31.451449],[-94.688763,31.451985],[-94.687767,31.451325],[-94.686349,31.450817],[-94.685094,31.451562],[-94.682981,31.452334],[-94.681667,31.452445],[-94.678811,31.452073],[-94.677633,31.453861],[-94.677342,31.453969],[-94.676678,31.453528],[-94.676328,31.453679],[-94.67714,31.454542],[-94.677075,31.45482],[-94.676594,31.455025],[-94.674431,31.45367],[-94.674147,31.452454],[-94.673351,31.454228],[-94.673844,31.455822],[-94.67368,31.456257],[-94.672584,31.456159],[-94.672277,31.455376],[-94.67154,31.454762],[-94.671136,31.455321],[-94.67125,31.456483],[-94.670921,31.456838],[-94.669897,31.456583],[-94.666556,31.457411],[-94.665931,31.457836],[-94.665096,31.459223],[-94.664422,31.459607],[-94.662844,31.458798],[-94.662871,31.458569],[-94.661809,31.457304],[-94.661829,31.456763],[-94.66082,31.45445],[-94.659178,31.454176],[-94.659042,31.453963],[-94.659412,31.45334],[-94.660361,31.452833],[-94.660266,31.452354],[-94.657375,31.451505],[-94.651928,31.448883],[-94.649213,31.448181],[-94.641194,31.443826],[-94.638563,31.443649],[-94.635994,31.444188],[-94.635045,31.444086],[-94.634665,31.443814],[-94.635852,31.442253],[-94.635812,31.440926],[-94.637529,31.439685],[-94.638789,31.439589],[-94.638542,31.438162],[-94.639529,31.439427],[-94.639926,31.441159],[-94.641363,31.441577],[-94.641722,31.441017],[-94.642286,31.441011],[-94.642447,31.441226],[-94.641875,31.442254],[-94.64242,31.442793],[-94.644216,31.442172],[-94.644146,31.442409],[-94.642908,31.443073],[-94.642818,31.443216],[-94.643247,31.443524],[-94.645769,31.441177],[-94.649829,31.438605],[-94.649746,31.43706],[-94.65256,31.436947],[-94.667781,31.427662],[-94.667739,31.425498],[-94.669074,31.424281],[-94.672062,31.42367],[-94.675574,31.422472],[-94.675832,31.422234],[-94.67587,31.41899],[-94.676186,31.41857],[-94.677927,31.417818],[-94.683043,31.41462],[-94.68583,31.411708],[-94.687143,31.409316],[-94.689026,31.40821],[-94.692616,31.404905],[-94.69371,31.404419],[-94.698028,31.401596],[-94.699681,31.39869],[-94.701308,31.398541],[-94.701648,31.397571],[-94.701606,31.390218],[-94.70335,31.384672],[-94.70304,31.383306],[-94.701807,31.381281],[-94.701407,31.378193],[-94.701828,31.376748],[-94.703214,31.374761],[-94.703835,31.37334],[-94.703849,31.370134],[-94.704148,31.368187],[-94.705664,31.368475],[-94.70566,31.367907],[-94.706886,31.368486],[-94.71012,31.371465],[-94.712756,31.372868],[-94.712288,31.373836],[-94.712513,31.374622],[-94.71506,31.376393],[-94.714815,31.377291],[-94.716613,31.37785],[-94.716341,31.379444],[-94.723303,31.379695],[-94.731031,31.379682],[-94.731468,31.372171],[-94.738019,31.373219],[-94.738041,31.373849],[-94.737684,31.373839],[-94.737694,31.374922],[-94.739753,31.374942],[-94.739819,31.373501],[-94.741718,31.373318],[-94.741723,31.373106],[-94.743305,31.372765],[-94.744358,31.372228],[-94.74442,31.372859],[-94.747359,31.372298],[-94.747301,31.371872],[-94.746596,31.372011],[-94.746079,31.371211],[-94.747931,31.37],[-94.75221,31.369964],[-94.752296,31.369183],[-94.754421,31.369877],[-94.75556,31.370829],[-94.755089,31.373004],[-94.755095,31.380415],[-94.757187,31.38375],[-94.759585,31.386269],[-94.753091,31.402333],[-94.752966,31.403473],[-94.754246,31.403529],[-94.754378,31.409728],[-94.752167,31.410242],[-94.746604,31.410086],[-94.743907,31.411816],[-94.742636,31.412084],[-94.740491,31.412016],[-94.736712,31.410674],[-94.735684,31.440427],[-94.730975,31.462395],[-94.73015,31.462887],[-94.729802,31.462737]]]}},{"type":"Feature","properties":{"PRECINCT":"5","VTD":"0005"},"geometry":{"type":"Polygon","coordinates":[[[-94.757806,31.359014],[-94.744076,31.351843],[-94.738979,31.34772],[-94.737993,31.346614],[-94.736503,31.344355],[-94.732333,31.334633],[-94.731718,31.334283],[-94.729801,31.333821],[-94.72802,31.328495],[-94.727578,31.326385],[-94.727631,31.324055],[-94.727985,31.323953],[-94.730234,31.329386],[-94.734746,31.327846],[-94.738864,31.329027],[-94.740882,31.329239],[-94.754295,31.325165],[-94.75559,31.324565],[-94.756938,31.329252],[-94.760555,31.334189],[-94.761843,31.337042],[-94.762152,31.3363],[-94.76226,31.336568],[-94.764266,31.343029],[-94.765552,31.350781],[-94.766905,31.350857],[-94.774489,31.350378],[-94.774688,31.352539],[-94.765745,31.353184],[-94.765706,31.353452],[-94.765243,31.353025],[-94.764268,31.359043],[-94.764865,31.359201],[-94.76411,31.361535],[-94.761392,31.360898],[-94.759068,31.359879],[-94.757806,31.359014]]]}},{"type":"Feature","properties":{"PRECINCT":"6","VTD":"0006"},"geometry":{"type":"Polygon","coordinates":[[[-94.731562,31.463512],[-94.730991,31.462299],[-94.735684,31.440427],[-94.736712,31.410674],[-94.740491,31.412016],[-94.743152,31.412046],[-94.744235,31.41164],[-94.746392,31.410137],[-94.753045,31.410167],[-94.753909,31.409945],[-94.756912,31.408482],[-94.76026,31.407455],[-94.761633,31.407192],[-94.766004,31.406982],[-94.769547,31.406278],[-94.774538,31.406022],[-94.775913,31.405381],[-94.778812,31.402686],[-94.780056,31.402095],[-94.788071,31.402154],[-94.792822,31.400713],[-94.794265,31.402336],[-94.798923,31.410179],[-94.803347,31.414222],[-94.804004,31.415099],[-94.804615,31.416846],[-94.80549,31.422302],[-94.802744,31.42309],[-94.800528,31.422804],[-94.799762,31.42347],[-94.799231,31.423633],[-94.78074,31.423909],[-94.7803,31.424026],[-94.778251,31.425665],[-94.777445,31.427039],[-94.783637,31.430848],[-94.7897,31.437998],[-94.790697,31.439464],[-94.791533,31.441332],[-94.795888,31.446533],[-94.789275,31.447353],[-94.789141,31.44812],[-94.786689,31.452716],[-94.785255,31.453665],[-94.78296,31.454397],[-94.779115,31.454272],[-94.775096,31.455963],[-94.765515,31.454102],[-94.762335,31.454583],[-94.760416,31.454359],[-94.758886,31.453956],[-94.758019,31.453348],[-94.755049,31.453362],[-94.754446,31.452785],[-94.753174,31.453067],[-94.750719,31.452483],[-94.748875,31.452561],[-94.747142,31.454229],[-94.746819,31.454128],[-94.746116,31.453267],[-94.745234,31.453357],[-94.744354,31.45386],[-94.743048,31.45544],[-94.742729,31.456239],[-94.742729,31.456926],[-94.743319,31.458022],[-94.743134,31.458824],[-94.738969,31.463039],[-94.738349,31.463104],[-94.737104,31.463839],[-94.736626,31.463889],[-94.735881,31.462535],[-94.734844,31.462762],[-94.735186,31.463425],[-94.735123,31.463982],[-94.735496,31.464499],[-94.734362,31.464873],[-94.733853,31.46535],[-94.73311,31.464626],[-94.732883,31.463923],[-94.731562,31.463512]]]}},{"type":"Feature","properties":{"PRECINCT":"7","VTD":"0007"},"geometry":{"type":"Polygon","coordinates":[[[-94.865421,31.383982],[-94.865561,31.381636],[-94.86903,31.375194],[-94.869052,31.374646],[-94.867965,31.372856],[-94.865711,31.367668],[-94.864425,31.366136],[-94.86203,31.364756],[-94.856272,31.362599],[-94.845537,31.360465],[-94.84188,31.360385],[-94.839638,31.359203],[-94.837912,31.357039],[-94.830046,31.355999],[-94.825923,31.355981],[-94.825662,31.34886],[-94.825098,31.344293],[-94.824261,31.340848],[-94.826222,31.340814],[-94.826482,31.34247],[-94.830253,31.342528],[-94.83068,31.337973],[-94.827788,31.337817],[-94.825457,31.338242],[-94.826943,31.335972],[-94.827205,31.333793],[-94.828655,31.333753],[-94.82873,31.334512],[-94.832716,31.33425],[-94.83258,31.333251],[-94.835634,31.333169],[-94.835659,31.332379],[-94.820971,31.332033],[-94.821121,31.330174],[-94.826563,31.330176],[-94.826586,31.329772],[-94.826501,31.328913],[-94.821012,31.328699],[-94.821021,31.328005],[-94.828631,31.327932],[-94.828604,31.324076],[-94.82107,31.324021],[-94.821075,31.323651],[-94.822762,31.32285],[-94.83284,31.316026],[-94.831746,31.314861],[-94.834437,31.314206],[-94.835448,31.315665],[-94.83729,31.315837],[-94.837538,31.314463],[-94.84514,31.313751],[-94.844624,31.310994],[-94.837462,31.313215],[-94.837253,31.311619],[-94.836708,31.311966],[-94.836391,31.311078],[-94.837168,31.310825],[-94.836604,31.305792],[-94.832102,31.307176],[-94.83371,31.311703],[-94.831502,31.312716],[-94.830893,31.312496],[-94.829545,31.312678],[-94.827655,31.308558],[-94.825036,31.309239],[-94.82046,31.310765],[-94.823038,31.316638],[-94.824297,31.316651],[-94.823956,31.318215],[-94.820286,31.320584],[-94.818531,31.321256],[-94.819066,31.322402],[-94.812919,31.323792],[-94.809745,31.324282],[-94.80087,31.324331],[-94.800895,31.317449],[-94.807654,31.315133],[-94.80634,31.312217],[-94.806912,31.312195],[-94.813662,31.310023],[-94.813941,31.310129],[-94.814231,31.311003],[-94.815804,31.310518],[-94.816226,31.309748],[-94.816307,31.308946],[-94.818161,31.308474],[-94.818526,31.308194],[-94.818814,31.30832],[-94.819467,31.308084],[-94.820863,31.306099],[-94.821574,31.306445],[-94.822079,31.305835],[-94.821772,31.304433],[-94.821061,31.304229],[-94.821234,31.303784],[-94.820805,31.303234],[-94.820907,31.302844],[-94.820113,31.302805],[-94.819927,31.302129],[-94.820414,31.301903],[-94.822053,31.300056],[-94.823001,31.299555],[-94.823013,31.29905],[-94.822469,31.299226],[-94.822066,31.298335],[-94.822674,31.29696],[-94.823269,31.296812],[-94.823602,31.296394],[-94.822776,31.296064],[-94.823711,31.295646],[-94.823154,31.294871],[-94.823525,31.294497],[-94.824396,31.294513],[-94.823979,31.293799],[-94.824562,31.292501],[-94.823928,31.292045],[-94.82387,31.291286],[-94.824203,31.290681],[-94.825496,31.289746],[-94.826495,31.289554],[-94.826168,31.288822],[-94.826719,31.288773],[-94.827455,31.288196],[-94.827596,31.287536],[-94.827186,31.286838],[-94.827442,31.286156],[-94.827128,31.284897],[-94.82684,31.284732],[-94.826821,31.283995],[-94.827006,31.283742],[-94.827627,31.28378],[-94.827877,31.282505],[-94.827755,31.282153],[-94.827243,31.281922],[-94.827518,31.281213],[-94.82634,31.280866],[-94.826545,31.280438],[-94.826852,31.280377],[-94.826609,31.279503],[-94.826986,31.279426],[-94.826416,31.278986],[-94.826032,31.279189],[-94.826205,31.27842],[-94.825373,31.277963],[-94.825719,31.277595],[-94.825117,31.277463],[-94.824905,31.27677],[-94.824925,31.276556],[-94.825373,31.276605],[-94.824944,31.275797],[-94.824899,31.274978],[-94.82447,31.274373],[-94.824092,31.274626],[-94.823913,31.274445],[-94.824284,31.273576],[-94.823868,31.273213],[-94.824309,31.273092],[-94.82413,31.272608],[-94.82511,31.272262],[-94.825103,31.27191],[-94.824693,31.27175],[-94.825276,31.271025],[-94.824994,31.270211],[-94.824623,31.270035],[-94.823643,31.270415],[-94.823419,31.270134],[-94.822728,31.270244],[-94.822696,31.269573],[-94.822177,31.269474],[-94.822017,31.268941],[-94.822241,31.268039],[-94.823406,31.267863],[-94.823918,31.26628],[-94.824001,31.264597],[-94.823899,31.264295],[-94.822868,31.263998],[-94.823361,31.263151],[-94.823361,31.262382],[-94.82274,31.261568],[-94.823527,31.26148],[-94.823482,31.260122],[-94.824007,31.259759],[-94.823719,31.259583],[-94.823879,31.259302],[-94.823789,31.258945],[-94.82352,31.258857],[-94.82352,31.258065],[-94.823341,31.257889],[-94.823098,31.258104],[-94.823027,31.257691],[-94.822605,31.257626],[-94.822387,31.257274],[-94.822278,31.256669],[-94.82279,31.256834],[-94.822867,31.256548],[-94.822009,31.255954],[-94.822662,31.255157],[-94.822976,31.254118],[-94.85687,31.243553],[-94.857285,31.244348],[-94.856815,31.244471],[-94.857361,31.244539],[-94.860569,31.250643],[-94.873111,31.246963],[-94.873454,31.247549],[-94.874,31.247384],[-94.874546,31.249647],[-94.875072,31.250331],[-94.875573,31.25049],[-94.875896,31.250171],[-94.875623,31.24954],[-94.875997,31.248734],[-94.876616,31.248557],[-94.878994,31.248764],[-94.879841,31.248333],[-94.880107,31.247519],[-94.880605,31.247512],[-94.88238,31.248491],[-94.88308,31.249338],[-94.883037,31.249848],[-94.882221,31.250214],[-94.883332,31.253033],[-94.883612,31.254429],[-94.88406,31.255301],[-94.884544,31.255679],[-94.885357,31.255823],[-94.885992,31.254787],[-94.887484,31.254988],[-94.888823,31.255525],[-94.88934,31.255478],[-94.889823,31.2553],[-94.891128,31.253785],[-94.892652,31.254415],[-94.892619,31.255223],[-94.894462,31.255947],[-94.894436,31.25685],[-94.895739,31.257177],[-94.896777,31.257865],[-94.897639,31.257904],[-94.897804,31.25952],[-94.897302,31.260347],[-94.898213,31.261574],[-94.897315,31.262406],[-94.896293,31.262449],[-94.896153,31.262622],[-94.896469,31.263397],[-94.897499,31.264288],[-94.897443,31.264743],[-94.895885,31.265549],[-94.891404,31.269027],[-94.890155,31.272437],[-94.887747,31.276814],[-94.887265,31.27702],[-94.886653,31.276854],[-94.883694,31.277657],[-94.882737,31.278192],[-94.879991,31.281397],[-94.879462,31.281612],[-94.878238,31.281618],[-94.87697,31.282567],[-94.876727,31.283533],[-94.877496,31.285076],[-94.877834,31.287497],[-94.878739,31.288665],[-94.880504,31.289525],[-94.881256,31.289204],[-94.882535,31.287515],[-94.883227,31.287171],[-94.883636,31.287257],[-94.88383,31.287489],[-94.884041,31.290627],[-94.885519,31.29439],[-94.886261,31.295696],[-94.887544,31.295017],[-94.888332,31.294019],[-94.888026,31.292146],[-94.888633,31.292169],[-94.889488,31.292796],[-94.889932,31.293776],[-94.889517,31.295043],[-94.889887,31.295734],[-94.890775,31.296095],[-94.891221,31.295682],[-94.891072,31.293104],[-94.89143,31.292455],[-94.892655,31.291785],[-94.894179,31.291584],[-94.894681,31.291708],[-94.894744,31.294386],[-94.896546,31.296153],[-94.896382,31.296386],[-94.89518,31.296471],[-94.8946,31.299426],[-94.896701,31.300735],[-94.895984,31.301632],[-94.896946,31.3019],[-94.897624,31.302447],[-94.897755,31.303551],[-94.898317,31.30454],[-94.897462,31.306497],[-94.898614,31.308166],[-94.899371,31.308732],[-94.899588,31.309528],[-94.900458,31.310191],[-94.900955,31.311742],[-94.900344,31.312582],[-94.900432,31.31278],[-94.900779,31.312981],[-94.901467,31.312892],[-94.901554,31.313069],[-94.900612,31.314014],[-94.899986,31.315725],[-94.897782,31.317586],[-94.896591,31.319091],[-94.896772,31.319542],[-94.898046,31.319781],[-94.898525,31.320486],[-94.898448,31.321036],[-94.897019,31.32353],[-94.898636,31.324147],[-94.898343,31.325225],[-94.899017,31.326972],[-94.901423,31.328332],[-94.903407,31.328999],[-94.903761,31.329303],[-94.903745,31.329654],[-94.902087,31.331205],[-94.901824,31.331722],[-94.902152,31.331864],[-94.902958,31.331204],[-94.903399,31.331241],[-94.904944,31.332873],[-94.906936,31.332036],[-94.90729,31.332142],[-94.908339,31.333287],[-94.908824,31.334262],[-94.90888,31.335888],[-94.909394,31.336989],[-94.909969,31.337036],[-94.910456,31.336051],[-94.910873,31.336029],[-94.911854,31.337346],[-94.913461,31.337211],[-94.915388,31.337556],[-94.917195,31.338937],[-94.917635,31.339515],[-94.917969,31.339112],[-94.917928,31.338717],[-94.916335,31.336395],[-94.916674,31.335989],[-94.917608,31.335898],[-94.917893,31.336068],[-94.91812,31.33695],[-94.918945,31.337575],[-94.921707,31.337395],[-94.922677,31.338223],[-94.924509,31.339132],[-94.925808,31.339653],[-94.928623,31.340269],[-94.929483,31.34077],[-94.930061,31.340335],[-94.929282,31.338345],[-94.930321,31.338166],[-94.931905,31.338286],[-94.9326,31.338759],[-94.932203,31.339861],[-94.933052,31.340023],[-94.934416,31.341222],[-94.935724,31.341876],[-94.937273,31.341549],[-94.940002,31.342994],[-94.94036,31.342608],[-94.940063,31.341579],[-94.940334,31.340469],[-94.94098,31.340382],[-94.942015,31.341781],[-94.94259,31.341762],[-94.943388,31.340762],[-94.944287,31.338403],[-94.944865,31.338214],[-94.945152,31.338631],[-94.945179,31.34057],[-94.945371,31.34086],[-94.947077,31.340701],[-94.947255,31.338723],[-94.947587,31.338589],[-94.949254,31.339901],[-94.950916,31.340272],[-94.951868,31.340968],[-94.952745,31.341057],[-94.953462,31.342106],[-94.954512,31.342183],[-94.954637,31.342556],[-94.954307,31.343127],[-94.953614,31.343518],[-94.954171,31.344096],[-94.95631,31.343457],[-94.957344,31.342721],[-94.95782,31.342847],[-94.958001,31.344218],[-94.957841,31.344606],[-94.957281,31.345037],[-94.956409,31.344921],[-94.954884,31.345788],[-94.956392,31.347869],[-94.955311,31.349774],[-94.956402,31.350374],[-94.958852,31.34886],[-94.96109,31.348837],[-94.961417,31.34916],[-94.961266,31.352814],[-94.95982,31.353847],[-94.959207,31.353626],[-94.958972,31.352769],[-94.957209,31.352929],[-94.957123,31.353773],[-94.958643,31.355318],[-94.957797,31.356864],[-94.957044,31.356911],[-94.956879,31.356462],[-94.957798,31.355907],[-94.957875,31.35564],[-94.955685,31.354894],[-94.95575,31.356054],[-94.955529,31.356358],[-94.953716,31.35729],[-94.952711,31.358174],[-94.952257,31.358163],[-94.951595,31.35765],[-94.950999,31.357775],[-94.950264,31.35869],[-94.949802,31.359822],[-94.950551,31.360591],[-94.951442,31.359461],[-94.952291,31.359076],[-94.952675,31.35915],[-94.953484,31.361344],[-94.955163,31.361097],[-94.956004,31.361402],[-94.955865,31.361813],[-94.954617,31.362922],[-94.955353,31.364063],[-94.955715,31.364058],[-94.956307,31.363233],[-94.957114,31.362778],[-94.958192,31.362956],[-94.958598,31.363624],[-94.959003,31.364956],[-94.958966,31.365683],[-94.958697,31.366166],[-94.956741,31.366967],[-94.956807,31.367657],[-94.957603,31.368461],[-94.957612,31.368868],[-94.956026,31.370621],[-94.955993,31.37149],[-94.95643,31.372378],[-94.955317,31.373512],[-94.955889,31.374221],[-94.957031,31.374478],[-94.957349,31.374997],[-94.95753,31.37588],[-94.957217,31.377728],[-94.957464,31.378691],[-94.957196,31.379227],[-94.956219,31.378896],[-94.954878,31.380908],[-94.953769,31.3806],[-94.953289,31.379973],[-94.952086,31.379704],[-94.949981,31.380193],[-94.949725,31.380372],[-94.949645,31.38103],[-94.950474,31.382387],[-94.951766,31.382215],[-94.952274,31.382379],[-94.952771,31.383616],[-94.953557,31.3847],[-94.954613,31.384912],[-94.956005,31.384673],[-94.95748,31.385494],[-94.957648,31.385955],[-94.956993,31.386711],[-94.959184,31.387008],[-94.959531,31.387333],[-94.958509,31.388009],[-94.958522,31.388391],[-94.961697,31.389625],[-94.961689,31.389884],[-94.965032,31.390976],[-94.965031,31.391507],[-94.962555,31.39229],[-94.956932,31.392253],[-94.956714,31.389701],[-94.9554,31.389784],[-94.955117,31.389556],[-94.954272,31.389879],[-94.945968,31.390043],[-94.939662,31.389865],[-94.939254,31.387929],[-94.93936,31.386324],[-94.914914,31.385976],[-94.915245,31.394804],[-94.909059,31.393723],[-94.865421,31.383982]]]}},{"type":"Feature","properties":{"PRECINCT":"8","VTD":"0008"},"geometry":{"type":"Polygon","coordinates":[[[-94.788139,31.315969],[-94.786447,31.31216],[-94.783289,31.313459],[-94.789512,31.307634],[-94.787905,31.30393],[-94.776688,31.315676],[-94.7758,31.316011],[-94.772558,31.316535],[-94.77289,31.317387],[-94.770192,31.318477],[-94.766498,31.308691],[-94.76954,31.3077],[-94.769625,31.307932],[-94.770695,31.307635],[-94.775037,31.305922],[-94.770579,31.295903],[-94.770513,31.290507],[-94.773531,31.278639],[-94.775402,31.277635],[-94.775886,31.277858],[-94.774712,31.274087],[-94.773302,31.271072],[-94.779924,31.268781],[-94.786467,31.267075],[-94.785739,31.265636],[-94.786299,31.265792],[-94.786574,31.265642],[-94.786543,31.264942],[-94.787396,31.264524],[-94.788771,31.264671],[-94.789108,31.26417],[-94.790031,31.264129],[-94.790006,31.263675],[-94.791363,31.262424],[-94.791657,31.262947],[-94.791862,31.262413],[-94.792278,31.262782],[-94.792394,31.262254],[-94.791997,31.261781],[-94.792234,31.261539],[-94.792592,31.261743],[-94.792592,31.26144],[-94.820178,31.255136],[-94.823089,31.254065],[-94.822662,31.255157],[-94.822009,31.255954],[-94.822867,31.256548],[-94.82279,31.256834],[-94.822278,31.256669],[-94.822387,31.257274],[-94.822605,31.257626],[-94.823027,31.257691],[-94.823098,31.258104],[-94.823341,31.257889],[-94.82352,31.258065],[-94.82352,31.258857],[-94.823789,31.258945],[-94.823879,31.259302],[-94.823719,31.259583],[-94.824007,31.259759],[-94.823482,31.260122],[-94.823527,31.26148],[-94.82274,31.261568],[-94.823361,31.262382],[-94.823361,31.263151],[-94.822868,31.263998],[-94.823899,31.264295],[-94.824001,31.264597],[-94.823918,31.26628],[-94.823406,31.267863],[-94.822241,31.268039],[-94.822017,31.268941],[-94.822177,31.269474],[-94.822696,31.269573],[-94.822728,31.270244],[-94.823419,31.270134],[-94.823643,31.270415],[-94.824623,31.270035],[-94.824994,31.270211],[-94.825276,31.271025],[-94.824693,31.27175],[-94.825103,31.27191],[-94.82511,31.272262],[-94.82413,31.272608],[-94.824309,31.273092],[-94.823868,31.273213],[-94.824284,31.273576],[-94.823913,31.274445],[-94.824092,31.274626],[-94.82447,31.274373],[-94.824899,31.274978],[-94.824944,31.275797],[-94.825373,31.276605],[-94.824925,31.276556],[-94.824905,31.27677],[-94.825117,31.277463],[-94.825719,31.277595],[-94.825373,31.277963],[-94.826205,31.27842],[-94.826032,31.279189],[-94.826416,31.278986],[-94.826986,31.279426],[-94.826609,31.279503],[-94.826852,31.280377],[-94.826545,31.280438],[-94.82634,31.280866],[-94.827518,31.281213],[-94.827243,31.281922],[-94.827755,31.282153],[-94.827877,31.282505],[-94.827627,31.28378],[-94.827006,31.283742],[-94.826821,31.283995],[-94.82684,31.284732],[-94.827128,31.284897],[-94.827442,31.286156],[-94.827186,31.286838],[-94.827596,31.287536],[-94.827455,31.288196],[-94.826719,31.288773],[-94.826168,31.288822],[-94.826495,31.289554],[-94.825496,31.289746],[-94.824203,31.290681],[-94.82387,31.291286],[-94.823928,31.292045],[-94.824562,31.292501],[-94.823979,31.293799],[-94.824396,31.294513],[-94.823525,31.294497],[-94.823154,31.294871],[-94.823711,31.295646],[-94.822776,31.296064],[-94.823602,31.296394],[-94.823269,31.296812],[-94.822674,31.29696],[-94.822066,31.298335],[-94.822469,31.299226],[-94.823013,31.29905],[-94.823001,31.299555],[-94.822053,31.300056],[-94.820414,31.301903],[-94.819927,31.302129],[-94.820113,31.302805],[-94.820907,31.302844],[-94.820805,31.303234],[-94.821234,31.303784],[-94.821061,31.304229],[-94.821772,31.304433],[-94.822079,31.305835],[-94.821574,31.306445],[-94.820863,31.306099],[-94.819909,31.307699],[-94.819006,31.308287],[-94.818526,31.308194],[-94.818161,31.308474],[-94.816307,31.308946],[-94.816329,31.308757],[-94.807012,31.311859],[-94.806214,31.311921],[-94.805384,31.310151],[-94.801614,31.311237],[-94.796966,31.311114],[-94.794761,31.317687],[-94.786415,31.320149],[-94.785069,31.316983],[-94.788139,31.315969]]]}},{"type":"Feature","properties":{"PRECINCT":"9","VTD":"0009"},"geometry":{"type":"Polygon","coordinates":[[[-94.727849,31.314804],[-94.726926,31.309617],[-94.729696,31.307895],[-94.732162,31.307224],[-94.733902,31.307275],[-94.733959,31.307843],[-94.735053,31.30951],[-94.735686,31.3095],[-94.737482,31.311522],[-94.738613,31.311203],[-94.739576,31.313396],[-94.740646,31.313496],[-94.739953,31.315167],[-94.738694,31.31503],[-94.738418,31.315501],[-94.737584,31.315346],[-94.737357,31.314812],[-94.735503,31.314729],[-94.733819,31.316104],[-94.730205,31.317174],[-94.727801,31.317107],[-94.727849,31.314804]]]}},{"type":"Feature","properties":{"PRECINCT":"11","VTD":"0011"},"geometry":{"type":"Polygon","coordinates":[[[-94.554838,31.435123],[-94.552257,31.433142],[-94.550953,31.433518],[-94.550359,31.432898],[-94.550585,31.432205],[-94.551539,31.431235],[-94.55141,31.430983],[-94.550179,31.430882],[-94.548664,31.430116],[-94.548004,31.430231],[-94.546679,31.431513],[-94.5458,31.43178],[-94.544888,31.431715],[-94.545037,31.431094],[-94.54682,31.429428],[-94.546891,31.428984],[-94.546722,31.428311],[-94.547022,31.426922],[-94.546335,31.426212],[-94.545411,31.426357],[-94.545857,31.425399],[-94.544708,31.424773],[-94.544706,31.424199],[-94.546383,31.422637],[-94.546276,31.421081],[-94.545697,31.420471],[-94.544513,31.420371],[-94.543324,31.419907],[-94.542286,31.418717],[-94.542579,31.41787],[-94.54332,31.417408],[-94.543612,31.416683],[-94.542831,31.415252],[-94.542447,31.415087],[-94.542002,31.41391],[-94.541324,31.413232],[-94.541856,31.410762],[-94.541683,31.410323],[-94.54041,31.410546],[-94.541252,31.406704],[-94.541607,31.406197],[-94.542356,31.40576],[-94.542404,31.404967],[-94.541895,31.402916],[-94.540802,31.400941],[-94.540141,31.400409],[-94.538104,31.400059],[-94.5379,31.399855],[-94.537895,31.398876],[-94.537559,31.39863],[-94.537061,31.398609],[-94.535506,31.399501],[-94.533315,31.400103],[-94.532098,31.399623],[-94.532034,31.398829],[-94.53136,31.39854],[-94.530634,31.398654],[-94.53065,31.399568],[-94.529994,31.399409],[-94.528988,31.39855],[-94.526984,31.399955],[-94.526899,31.400706],[-94.52451,31.400635],[-94.523587,31.401403],[-94.521332,31.402546],[-94.520887,31.402089],[-94.520743,31.400931],[-94.519236,31.401006],[-94.516907,31.402108],[-94.516899,31.403362],[-94.516459,31.404611],[-94.516701,31.404735],[-94.519229,31.404306],[-94.519974,31.404847],[-94.518504,31.406418],[-94.51666,31.406425],[-94.516036,31.406597],[-94.515674,31.406958],[-94.515468,31.407538],[-94.516853,31.408461],[-94.516635,31.408932],[-94.515745,31.409344],[-94.511127,31.409875],[-94.511121,31.410295],[-94.511673,31.41119],[-94.511583,31.411594],[-94.51128,31.411761],[-94.51033,31.411617],[-94.507433,31.410899],[-94.507483,31.40933],[-94.507158,31.408365],[-94.506204,31.407288],[-94.505245,31.406559],[-94.504504,31.406333],[-94.503929,31.406441],[-94.503556,31.406882],[-94.503461,31.407626],[-94.504905,31.408675],[-94.505299,31.409398],[-94.505215,31.410061],[-94.504737,31.410554],[-94.503501,31.410829],[-94.502815,31.410766],[-94.502188,31.410525],[-94.500842,31.408531],[-94.500028,31.408022],[-94.498122,31.404661],[-94.49785,31.40457],[-94.497441,31.404962],[-94.496975,31.406088],[-94.496634,31.406126],[-94.495874,31.405728],[-94.494311,31.40238],[-94.494032,31.402167],[-94.492973,31.402537],[-94.49241,31.402451],[-94.491665,31.400304],[-94.49179,31.400095],[-94.493784,31.399395],[-94.493845,31.399032],[-94.489715,31.399001],[-94.489466,31.398579],[-94.490299,31.397392],[-94.492649,31.397575],[-94.493219,31.397121],[-94.492515,31.394716],[-94.491886,31.394605],[-94.491185,31.395058],[-94.490884,31.395031],[-94.489151,31.393682],[-94.48883,31.39376],[-94.488145,31.395142],[-94.486753,31.395064],[-94.486436,31.394835],[-94.486576,31.392721],[-94.487145,31.390788],[-94.486772,31.389767],[-94.486474,31.389586],[-94.486115,31.389672],[-94.485076,31.390736],[-94.484618,31.39053],[-94.483606,31.389462],[-94.483705,31.38834],[-94.482376,31.387698],[-94.480652,31.387932],[-94.478028,31.386356],[-94.477676,31.385924],[-94.477448,31.384566],[-94.477012,31.384149],[-94.476323,31.38432],[-94.476055,31.384681],[-94.476794,31.386497],[-94.476299,31.386945],[-94.475846,31.387037],[-94.474623,31.385572],[-94.47438,31.385456],[-94.474171,31.385648],[-94.474679,31.387091],[-94.474685,31.387349],[-94.474383,31.387459],[-94.471544,31.38509],[-94.47166,31.384784],[-94.473991,31.383506],[-94.474277,31.383154],[-94.473518,31.381427],[-94.472011,31.38163],[-94.471801,31.381838],[-94.471908,31.383042],[-94.471604,31.383281],[-94.469789,31.383974],[-94.469471,31.383826],[-94.468548,31.381677],[-94.469425,31.380062],[-94.469323,31.379908],[-94.468011,31.380307],[-94.466233,31.378812],[-94.466079,31.378342],[-94.466676,31.378009],[-94.469509,31.378618],[-94.470015,31.377306],[-94.469217,31.376402],[-94.46767,31.376],[-94.46686,31.376137],[-94.466351,31.375494],[-94.466458,31.375185],[-94.467134,31.374746],[-94.468252,31.374519],[-94.47025,31.374981],[-94.471458,31.373684],[-94.470788,31.372324],[-94.469476,31.372423],[-94.468807,31.372162],[-94.468938,31.370442],[-94.469506,31.369194],[-94.468463,31.369129],[-94.468785,31.367673],[-94.468176,31.366071],[-94.466085,31.364463],[-94.464099,31.360489],[-94.461519,31.360428],[-94.461331,31.359581],[-94.461498,31.356802],[-94.46204,31.354916],[-94.461397,31.354501],[-94.460759,31.354579],[-94.460269,31.353484],[-94.459518,31.352618],[-94.457964,31.351999],[-94.456146,31.352231],[-94.455964,31.351893],[-94.456209,31.351076],[-94.457039,31.350698],[-94.457585,31.349959],[-94.457019,31.348817],[-94.457604,31.348255],[-94.457604,31.347391],[-94.456886,31.345297],[-94.456936,31.34465],[-94.458225,31.344213],[-94.458642,31.343765],[-94.458201,31.341185],[-94.457474,31.339817],[-94.455732,31.339192],[-94.454358,31.339631],[-94.453573,31.340751],[-94.45234,31.340421],[-94.452071,31.338121],[-94.452714,31.337737],[-94.454618,31.337666],[-94.455316,31.336385],[-94.454769,31.334378],[-94.453758,31.333395],[-94.471633,31.325951],[-94.473497,31.32363],[-94.474506,31.323441],[-94.474493,31.32381],[-94.474718,31.323881],[-94.474839,31.323414],[-94.475153,31.323612],[-94.475377,31.323128],[-94.477151,31.322478],[-94.477119,31.321747],[-94.478054,31.321703],[-94.478937,31.320756],[-94.479892,31.320635],[-94.48018,31.320267],[-94.480884,31.320277],[-94.481422,31.319749],[-94.48139,31.319309],[-94.480871,31.319216],[-94.480986,31.318958],[-94.481986,31.318732],[-94.482972,31.319012],[-94.483113,31.318682],[-94.482888,31.318099],[-94.483695,31.31701],[-94.484335,31.316377],[-94.485219,31.316317],[-94.484796,31.315569],[-94.485206,31.315805],[-94.486064,31.315337],[-94.486717,31.315403],[-94.486858,31.314941],[-94.487486,31.314919],[-94.487658,31.314506],[-94.488235,31.314435],[-94.488523,31.314154],[-94.490611,31.314115],[-94.490425,31.313669],[-94.490584,31.312773],[-94.491001,31.312641],[-94.491096,31.312278],[-94.492,31.312184],[-94.492575,31.311518],[-94.492979,31.311689],[-94.493696,31.311468],[-94.493542,31.311056],[-94.493856,31.31077],[-94.492722,31.310787],[-94.492934,31.310539],[-94.492658,31.310375],[-94.492728,31.310028],[-94.491992,31.30977],[-94.492658,31.309577],[-94.492305,31.309319],[-94.492555,31.308994],[-94.492305,31.308747],[-94.492625,31.30867],[-94.492791,31.308307],[-94.493112,31.30867],[-94.493419,31.308604],[-94.493425,31.308263],[-94.493778,31.30807],[-94.493278,31.307779],[-94.49372,31.307696],[-94.493994,31.306734],[-94.494532,31.30659],[-94.494756,31.306013],[-94.49507,31.306073],[-94.495205,31.306387],[-94.495647,31.306436],[-94.495762,31.305919],[-94.496863,31.305528],[-94.496299,31.304967],[-94.496267,31.304505],[-94.497067,31.304511],[-94.497137,31.304115],[-94.497553,31.303801],[-94.497425,31.303548],[-94.496945,31.303642],[-94.497002,31.302608],[-94.497399,31.302591],[-94.497623,31.302201],[-94.498187,31.302316],[-94.498423,31.30093],[-94.498807,31.300721],[-94.498627,31.300402],[-94.499171,31.30005],[-94.499068,31.299654],[-94.499664,31.299401],[-94.500112,31.299678],[-94.501098,31.299294],[-94.501681,31.298772],[-94.501746,31.297958],[-94.501125,31.297204],[-94.501363,31.296539],[-94.500518,31.296077],[-94.501191,31.294807],[-94.500673,31.293729],[-94.501403,31.293377],[-94.502012,31.292707],[-94.502454,31.292641],[-94.502697,31.292151],[-94.503414,31.292306],[-94.504004,31.292064],[-94.504247,31.292499],[-94.504528,31.292537],[-94.505566,31.291564],[-94.506476,31.291356],[-94.506745,31.290635],[-94.507303,31.290053],[-94.507207,31.289492],[-94.507797,31.287771],[-94.508572,31.28729],[-94.507149,31.285254],[-94.506418,31.283244],[-94.506102,31.281168],[-94.504412,31.276976],[-94.509818,31.274929],[-94.512615,31.274356],[-94.515758,31.274288],[-94.517404,31.274434],[-94.523242,31.27568],[-94.537259,31.276135],[-94.540961,31.276825],[-94.544099,31.276926],[-94.550888,31.28037],[-94.555544,31.282117],[-94.56044,31.282296],[-94.557957,31.286594],[-94.581005,31.296256],[-94.588502,31.282968],[-94.595412,31.283745],[-94.595713,31.283482],[-94.597106,31.283235],[-94.596887,31.282502],[-94.595069,31.281584],[-94.594934,31.280775],[-94.596097,31.280655],[-94.595202,31.278682],[-94.594626,31.27621],[-94.594579,31.27321],[-94.596739,31.273207],[-94.597086,31.273086],[-94.597116,31.272663],[-94.596224,31.272568],[-94.596159,31.269484],[-94.592413,31.269472],[-94.592393,31.260122],[-94.592607,31.259865],[-94.594662,31.259769],[-94.594704,31.258204],[-94.59493,31.257876],[-94.597144,31.257886],[-94.59855,31.256387],[-94.602745,31.255104],[-94.602723,31.266394],[-94.614533,31.26642],[-94.613994,31.268404],[-94.612529,31.270275],[-94.612101,31.271704],[-94.612607,31.271627],[-94.61253,31.272089],[-94.612294,31.272348],[-94.611794,31.272106],[-94.611826,31.272711],[-94.611557,31.272419],[-94.611327,31.272606],[-94.611308,31.27309],[-94.611718,31.273448],[-94.611347,31.274251],[-94.611661,31.27469],[-94.610951,31.27573],[-94.610868,31.276676],[-94.611003,31.277759],[-94.612553,31.27844],[-94.612035,31.279304],[-94.612195,31.279496],[-94.612816,31.279518],[-94.612804,31.280134],[-94.613335,31.280551],[-94.613323,31.280892],[-94.612823,31.281255],[-94.611972,31.281569],[-94.611517,31.281503],[-94.611332,31.282158],[-94.612735,31.282988],[-94.613612,31.283872],[-94.613568,31.284488],[-94.612832,31.284786],[-94.612755,31.285248],[-94.613985,31.285984],[-94.614248,31.28682],[-94.614895,31.287529],[-94.615158,31.288353],[-94.614697,31.288826],[-94.615428,31.289403],[-94.614967,31.289728],[-94.61498,31.290212],[-94.615673,31.292213],[-94.615269,31.29273],[-94.614963,31.293797],[-94.614374,31.294039],[-94.614144,31.294743],[-94.613017,31.29509],[-94.612474,31.297625],[-94.611035,31.301678],[-94.610632,31.30214],[-94.610357,31.303097],[-94.60996,31.303323],[-94.609513,31.305088],[-94.60886,31.305765],[-94.60895,31.306199],[-94.61002,31.307529],[-94.610899,31.310031],[-94.610375,31.310993],[-94.623235,31.318502],[-94.625147,31.319282],[-94.627156,31.320856],[-94.631987,31.321921],[-94.632198,31.324151],[-94.632719,31.325909],[-94.632474,31.326733],[-94.631521,31.327867],[-94.631247,31.328956],[-94.630864,31.338978],[-94.631065,31.347374],[-94.612581,31.345039],[-94.612523,31.35677],[-94.610159,31.357016],[-94.608635,31.356856],[-94.607001,31.357002],[-94.606581,31.358004],[-94.605617,31.358404],[-94.602286,31.358735],[-94.587875,31.358502],[-94.587429,31.373629],[-94.577858,31.37347],[-94.577666,31.372776],[-94.577916,31.365258],[-94.560461,31.36488],[-94.561369,31.384184],[-94.563088,31.384359],[-94.562506,31.394342],[-94.563103,31.394591],[-94.562853,31.39574],[-94.564336,31.395943],[-94.563835,31.409431],[-94.559087,31.409646],[-94.55907,31.413813],[-94.563094,31.41414],[-94.563041,31.419292],[-94.569805,31.419354],[-94.569151,31.433006],[-94.56754,31.433209],[-94.566037,31.433042],[-94.563297,31.43385],[-94.562729,31.434079],[-94.56236,31.434941],[-94.561763,31.435219],[-94.559307,31.435205],[-94.558042,31.434789],[-94.556327,31.433503],[-94.556148,31.433509],[-94.556197,31.434812],[-94.555921,31.435052],[-94.554838,31.435123]]]}},{"type":"Feature","properties":{"PRECINCT":"12","VTD":"0012"},"geometry":{"type":"Polygon","coordinates":[[[-94.685797,31.32822],[-94.680839,31.32838],[-94.674875,31.326627],[-94.672333,31.325236],[-94.67097,31.323189],[-94.670252,31.321414],[-94.669898,31.321141],[-94.662144,31.318794],[-94.660553,31.318059],[-94.659359,31.317898],[-94.6588,31.316752],[-94.658954,31.315433],[-94.659729,31.31452],[-94.659537,31.314069],[-94.660255,31.313816],[-94.659883,31.313371],[-94.660063,31.313162],[-94.659717,31.312948],[-94.659929,31.311419],[-94.660307,31.310567],[-94.660749,31.310451],[-94.661018,31.309632],[-94.661799,31.309099],[-94.662107,31.306878],[-94.66276,31.306251],[-94.662607,31.305366],[-94.663523,31.304431],[-94.66287,31.303436],[-94.662793,31.30266],[-94.664081,31.302144],[-94.66431,31.301708],[-94.663953,31.30039],[-94.663069,31.299713],[-94.663217,31.29891],[-94.662743,31.298569],[-94.663147,31.297547],[-94.662936,31.296865],[-94.662212,31.296733],[-94.662103,31.29654],[-94.66268,31.295006],[-94.662654,31.294698],[-94.662155,31.294407],[-94.663135,31.293907],[-94.662872,31.293417],[-94.662994,31.292818],[-94.661874,31.292548],[-94.661816,31.291712],[-94.660945,31.291921],[-94.660715,31.290964],[-94.660357,31.290915],[-94.659915,31.290194],[-94.658654,31.290046],[-94.658238,31.289595],[-94.65827,31.289347],[-94.65875,31.289193],[-94.658052,31.288566],[-94.658155,31.288148],[-94.657508,31.288264],[-94.657297,31.287796],[-94.657015,31.287978],[-94.656932,31.287835],[-94.657438,31.287285],[-94.657486,31.286715],[-94.665609,31.289192],[-94.669351,31.290713],[-94.669842,31.287496],[-94.671213,31.287997],[-94.671537,31.28841],[-94.67852,31.289404],[-94.679066,31.289227],[-94.67932,31.288175],[-94.679571,31.288052],[-94.684639,31.28878],[-94.684814,31.289086],[-94.683898,31.294312],[-94.684035,31.29475],[-94.693498,31.297797],[-94.696195,31.299229],[-94.693493,31.306424],[-94.69071,31.312829],[-94.689565,31.312308],[-94.689917,31.311419],[-94.688677,31.310963],[-94.688846,31.31071],[-94.688159,31.31036],[-94.683896,31.308899],[-94.683209,31.31005],[-94.682293,31.3098],[-94.68326,31.307256],[-94.681546,31.306837],[-94.680882,31.30859],[-94.681404,31.308758],[-94.680945,31.309728],[-94.68252,31.310498],[-94.68202,31.312258],[-94.682809,31.3125],[-94.682293,31.313593],[-94.684621,31.314441],[-94.683,31.318552],[-94.687672,31.320027],[-94.687745,31.319632],[-94.692279,31.320978],[-94.693652,31.31863],[-94.693932,31.318721],[-94.694295,31.318011],[-94.697483,31.319559],[-94.696344,31.321275],[-94.69517,31.322247],[-94.694619,31.32208],[-94.694495,31.322315],[-94.693525,31.321892],[-94.691861,31.323169],[-94.691579,31.323435],[-94.692246,31.323891],[-94.691301,31.324787],[-94.690035,31.32384],[-94.689042,31.324959],[-94.690558,31.325286],[-94.690516,31.325746],[-94.689731,31.32686],[-94.688766,31.329079],[-94.688227,31.33211],[-94.688265,31.333169],[-94.684438,31.332114],[-94.685797,31.32822]]]}},{"type":"Feature","properties":{"PRECINCT":"13","VTD":"0013"},"geometry":{"type":"Polygon","coordinates":[[[-94.730234,31.329386],[-94.727985,31.323953],[-94.727631,31.324055],[-94.727638,31.323862],[-94.727352,31.323867],[-94.727801,31.317107],[-94.730205,31.317174],[-94.732023,31.316648],[-94.734666,31.320175],[-94.73752,31.321063],[-94.737708,31.320596],[-94.740565,31.320095],[-94.741663,31.324776],[-94.740969,31.327724],[-94.740335,31.329253],[-94.737768,31.328757],[-94.734746,31.327846],[-94.730234,31.329386]]]}},{"type":"Feature","properties":{"PRECINCT":"14","VTD":"0014"},"geometry":{"type":"Polygon","coordinates":[[[-94.741663,31.324776],[-94.740565,31.320095],[-94.737708,31.320596],[-94.73752,31.321063],[-94.734699,31.320192],[-94.732023,31.316648],[-94.733819,31.316104],[-94.735503,31.314729],[-94.737357,31.314812],[-94.737584,31.315346],[-94.738418,31.315501],[-94.738694,31.31503],[-94.739953,31.315167],[-94.742707,31.308618],[-94.743018,31.308725],[-94.743577,31.307425],[-94.746252,31.30637],[-94.750086,31.306132],[-94.7531,31.304626],[-94.756282,31.303746],[-94.756153,31.304691],[-94.75548,31.305373],[-94.755889,31.307281],[-94.757507,31.309271],[-94.758651,31.308908],[-94.759107,31.310021],[-94.759,31.310648],[-94.755846,31.311684],[-94.758611,31.317928],[-94.76119,31.317261],[-94.761505,31.317468],[-94.762175,31.319212],[-94.760407,31.319986],[-94.760982,31.321383],[-94.759715,31.321799],[-94.759955,31.322372],[-94.757283,31.323353],[-94.754722,31.32502],[-94.741556,31.329075],[-94.740335,31.329253],[-94.740969,31.327724],[-94.741663,31.324776]]]}},{"type":"Feature","properties":{"PRECINCT":"15","VTD":"0015"},"geometry":{"type":"Polygon","coordinates":[[[-94.770579,31.295846],[-94.758471,31.268975],[-94.759697,31.268652],[-94.757104,31.26324],[-94.76211,31.259171],[-94.7634,31.25785],[-94.764521,31.255882],[-94.766538,31.250651],[-94.766585,31.249994],[-94.76515,31.243121],[-94.768486,31.242121],[-94.769117,31.243792],[-94.767617,31.244255],[-94.767546,31.244003],[-94.765653,31.244606],[-94.766397,31.248237],[-94.776436,31.245125],[-94.774466,31.240319],[-94.787215,31.236307],[-94.779339,31.218499],[-94.774733,31.220066],[-94.775615,31.216545],[-94.776071,31.216681],[-94.775908,31.217476],[-94.777513,31.217775],[-94.779237,31.211074],[-94.777273,31.211088],[-94.778487,31.206213],[-94.779582,31.206374],[-94.780332,31.207761],[-94.781825,31.207813],[-94.783191,31.211507],[-94.78466,31.210972],[-94.784293,31.210118],[-94.785693,31.209659],[-94.784838,31.2075],[-94.791496,31.208764],[-94.792774,31.202799],[-94.799123,31.180082],[-94.800115,31.179752],[-94.800558,31.180816],[-94.802422,31.180194],[-94.801485,31.17771],[-94.800704,31.176721],[-94.799829,31.177051],[-94.800743,31.173295],[-94.802554,31.173123],[-94.802775,31.174534],[-94.802024,31.177082],[-94.805429,31.177657],[-94.805742,31.172904],[-94.804583,31.169829],[-94.799764,31.171154],[-94.799147,31.170931],[-94.798639,31.16968],[-94.797186,31.170089],[-94.793345,31.169299],[-94.791765,31.169262],[-94.790069,31.168792],[-94.807798,31.14108],[-94.808729,31.138587],[-94.810138,31.132969],[-94.811869,31.133471],[-94.812748,31.133396],[-94.813205,31.131825],[-94.812959,31.130803],[-94.813293,31.130477],[-94.813854,31.130518],[-94.816433,31.131871],[-94.81846,31.132177],[-94.819189,31.133159],[-94.819928,31.13592],[-94.822666,31.138402],[-94.822648,31.138703],[-94.821759,31.139351],[-94.822758,31.140224],[-94.823233,31.140231],[-94.823654,31.139296],[-94.825286,31.138065],[-94.825977,31.13809],[-94.826632,31.138388],[-94.827471,31.139836],[-94.827994,31.139765],[-94.829215,31.138701],[-94.829621,31.138674],[-94.830956,31.13994],[-94.831285,31.141401],[-94.831564,31.141572],[-94.832551,31.141816],[-94.835398,31.141468],[-94.836317,31.14156],[-94.837091,31.142129],[-94.836795,31.143208],[-94.836968,31.143338],[-94.839135,31.143482],[-94.841655,31.143237],[-94.841587,31.144543],[-94.84181,31.144743],[-94.842521,31.144607],[-94.842455,31.145809],[-94.843021,31.146715],[-94.843271,31.148709],[-94.843874,31.149245],[-94.844518,31.149396],[-94.845301,31.149162],[-94.845476,31.147966],[-94.845704,31.147773],[-94.847536,31.149262],[-94.848362,31.149383],[-94.849963,31.149039],[-94.851612,31.147821],[-94.852208,31.148022],[-94.852846,31.149926],[-94.853175,31.150131],[-94.856614,31.150151],[-94.85611,31.15094],[-94.856243,31.151972],[-94.85605,31.153113],[-94.855345,31.154394],[-94.853939,31.154554],[-94.853027,31.154022],[-94.849959,31.154883],[-94.850096,31.155664],[-94.850528,31.15616],[-94.851699,31.156262],[-94.850741,31.15733],[-94.849829,31.15948],[-94.851055,31.161557],[-94.850803,31.163034],[-94.852068,31.163351],[-94.852744,31.164047],[-94.853894,31.166635],[-94.853943,31.167053],[-94.853536,31.167834],[-94.853528,31.169321],[-94.85516,31.172433],[-94.854937,31.173044],[-94.854282,31.173626],[-94.853198,31.173851],[-94.852696,31.173009],[-94.853259,31.172173],[-94.853175,31.171964],[-94.852082,31.172091],[-94.851206,31.171272],[-94.85056,31.171069],[-94.849997,31.17119],[-94.850144,31.171548],[-94.851321,31.172471],[-94.85143,31.173953],[-94.851234,31.174542],[-94.852109,31.17608],[-94.852336,31.17755],[-94.852128,31.178112],[-94.851756,31.178187],[-94.850232,31.177915],[-94.850074,31.178553],[-94.851444,31.180999],[-94.851928,31.183289],[-94.854403,31.184451],[-94.854128,31.185429],[-94.852873,31.184874],[-94.853642,31.187878],[-94.853723,31.189121],[-94.85458,31.189723],[-94.857697,31.190251],[-94.858708,31.192324],[-94.860659,31.195089],[-94.860536,31.195859],[-94.86027,31.195974],[-94.858851,31.195248],[-94.858463,31.195344],[-94.858439,31.196197],[-94.85904,31.197864],[-94.859574,31.198603],[-94.862887,31.200992],[-94.862762,31.201706],[-94.861689,31.202895],[-94.86168,31.203237],[-94.861976,31.203421],[-94.862906,31.202821],[-94.863251,31.203026],[-94.864465,31.205459],[-94.864801,31.207493],[-94.866222,31.208296],[-94.86636,31.208672],[-94.866304,31.209734],[-94.865248,31.210573],[-94.863319,31.210412],[-94.862661,31.210911],[-94.863084,31.211367],[-94.864958,31.211555],[-94.865744,31.212067],[-94.865667,31.212257],[-94.8649,31.212114],[-94.861404,31.212786],[-94.861545,31.21335],[-94.862942,31.213783],[-94.863963,31.215312],[-94.863973,31.2158],[-94.863522,31.216617],[-94.863096,31.216847],[-94.861748,31.216901],[-94.860025,31.216039],[-94.859359,31.216056],[-94.858972,31.218938],[-94.859381,31.219051],[-94.860941,31.218211],[-94.86134,31.218248],[-94.862526,31.219264],[-94.862903,31.219866],[-94.862888,31.220341],[-94.861616,31.220094],[-94.860307,31.22049],[-94.858695,31.22036],[-94.85835,31.220567],[-94.859151,31.221582],[-94.859879,31.22206],[-94.861849,31.222234],[-94.862956,31.222763],[-94.863333,31.22333],[-94.863263,31.223939],[-94.862549,31.224584],[-94.86358,31.224932],[-94.86465,31.22565],[-94.864496,31.226099],[-94.863116,31.226552],[-94.863043,31.226993],[-94.863397,31.229732],[-94.864456,31.23214],[-94.863909,31.232399],[-94.862267,31.232374],[-94.861305,31.232618],[-94.860436,31.234495],[-94.860501,31.234955],[-94.861645,31.235281],[-94.863413,31.235074],[-94.865245,31.237519],[-94.866497,31.238374],[-94.867327,31.239393],[-94.867806,31.240306],[-94.868242,31.242357],[-94.868137,31.243625],[-94.868721,31.244659],[-94.869453,31.244947],[-94.86995,31.244884],[-94.870439,31.24442],[-94.870577,31.24372],[-94.870911,31.243603],[-94.872761,31.245401],[-94.874,31.247384],[-94.873454,31.247549],[-94.873111,31.246963],[-94.860569,31.250643],[-94.857361,31.244539],[-94.856815,31.244471],[-94.857285,31.244348],[-94.85687,31.243553],[-94.823089,31.254065],[-94.820178,31.255136],[-94.792592,31.26144],[-94.792592,31.261743],[-94.792131,31.261583],[-94.791997,31.261781],[-94.792419,31.262381],[-94.792278,31.262782],[-94.791862,31.262413],[-94.791657,31.262947],[-94.791363,31.262424],[-94.790006,31.263675],[-94.790031,31.264129],[-94.789108,31.26417],[-94.788771,31.264671],[-94.787396,31.264524],[-94.786543,31.264942],[-94.786574,31.265642],[-94.786299,31.265792],[-94.785739,31.265636],[-94.786467,31.267075],[-94.779924,31.268781],[-94.773302,31.271072],[-94.774712,31.274087],[-94.775886,31.277858],[-94.775402,31.277635],[-94.773531,31.278639],[-94.770513,31.290507],[-94.770579,31.295846]]]}},{"type":"Feature","properties":{"PRECINCT":"16","VTD":"0016"},"geometry":{"type":"Polygon","coordinates":[[[-94.773583,31.218644],[-94.775799,31.209748],[-94.776908,31.203659],[-94.776739,31.203632],[-94.77623,31.206431],[-94.775224,31.206296],[-94.77531,31.205756],[-94.766755,31.203739],[-94.768445,31.197283],[-94.766515,31.196952],[-94.765813,31.195199],[-94.765737,31.19493],[-94.767191,31.19447],[-94.766519,31.193299],[-94.766393,31.191832],[-94.766227,31.191819],[-94.766797,31.191085],[-94.76481,31.186225],[-94.767837,31.185388],[-94.767662,31.185015],[-94.768894,31.184668],[-94.768216,31.18214],[-94.771215,31.180725],[-94.771215,31.180135],[-94.7717,31.179971],[-94.770668,31.17964],[-94.770745,31.179208],[-94.770295,31.179214],[-94.770263,31.178406],[-94.770966,31.178459],[-94.770908,31.178989],[-94.77321,31.179148],[-94.774664,31.174629],[-94.776877,31.166269],[-94.785521,31.167845],[-94.786506,31.167337],[-94.786321,31.166689],[-94.788769,31.165852],[-94.788455,31.164608],[-94.789138,31.163424],[-94.793283,31.163785],[-94.790069,31.168792],[-94.791765,31.169262],[-94.793345,31.169299],[-94.797186,31.170089],[-94.798639,31.16968],[-94.799147,31.170931],[-94.799764,31.171154],[-94.804583,31.169829],[-94.805742,31.172904],[-94.805429,31.177657],[-94.802024,31.177082],[-94.802775,31.174534],[-94.802554,31.173123],[-94.800743,31.173295],[-94.799829,31.177051],[-94.800704,31.176721],[-94.801485,31.17771],[-94.802422,31.180194],[-94.800558,31.180816],[-94.800115,31.179752],[-94.799123,31.180082],[-94.792774,31.202799],[-94.791496,31.208764],[-94.784838,31.2075],[-94.785693,31.209659],[-94.784293,31.210118],[-94.78466,31.210972],[-94.783191,31.211507],[-94.781825,31.207813],[-94.780332,31.207761],[-94.779582,31.206374],[-94.778487,31.206213],[-94.777273,31.211088],[-94.779237,31.211074],[-94.777513,31.217775],[-94.775908,31.217476],[-94.776071,31.216681],[-94.775443,31.216505],[-94.774901,31.21879],[-94.773583,31.218644]]]}},{"type":"Feature","properties":{"PRECINCT":"17","VTD":"0017"},"geometry":{"type":"Polygon","coordinates":[[[-94.351672,31.247595],[-94.350726,31.247545],[-94.350464,31.247294],[-94.351281,31.246634],[-94.352537,31.246692],[-94.352642,31.246119],[-94.352418,31.245611],[-94.351192,31.245165],[-94.350184,31.243751],[-94.349471,31.243798],[-94.348346,31.244273],[-94.348037,31.244079],[-94.347992,31.243312],[-94.347131,31.24319],[-94.346991,31.242858],[-94.347312,31.242133],[-94.349207,31.241248],[-94.349452,31.240877],[-94.349529,31.240159],[-94.349213,31.239247],[-94.347664,31.236953],[-94.346654,31.236354],[-94.345979,31.23632],[-94.345031,31.236819],[-94.34428,31.236923],[-94.3437,31.236615],[-94.343286,31.234681],[-94.341638,31.233893],[-94.341763,31.232682],[-94.341569,31.231819],[-94.338513,31.22928],[-94.338194,31.229449],[-94.33893,31.230693],[-94.338929,31.230967],[-94.338638,31.231096],[-94.337374,31.230868],[-94.335354,31.229565],[-94.336435,31.228469],[-94.336296,31.227896],[-94.335707,31.227435],[-94.334884,31.226982],[-94.333798,31.22673],[-94.33394,31.22623],[-94.335263,31.225554],[-94.335602,31.225111],[-94.335483,31.224207],[-94.334961,31.223238],[-94.334438,31.222825],[-94.333904,31.222776],[-94.332581,31.223379],[-94.331709,31.223531],[-94.329256,31.223147],[-94.327991,31.223177],[-94.32799,31.223436],[-94.32843,31.223775],[-94.330049,31.224117],[-94.329588,31.224867],[-94.328199,31.225526],[-94.327562,31.225549],[-94.326535,31.224643],[-94.324849,31.223798],[-94.323398,31.223879],[-94.322009,31.2247],[-94.321429,31.224481],[-94.320796,31.223181],[-94.321166,31.221882],[-94.320838,31.221712],[-94.319994,31.221953],[-94.31957,31.222751],[-94.317966,31.223369],[-94.313262,31.223862],[-94.312559,31.223739],[-94.311793,31.223164],[-94.31157,31.222607],[-94.311777,31.222212],[-94.313148,31.221504],[-94.313073,31.221294],[-94.310998,31.22],[-94.31084,31.219605],[-94.311037,31.219331],[-94.31252,31.218656],[-94.312633,31.218341],[-94.312354,31.217864],[-94.310208,31.218006],[-94.309187,31.217826],[-94.308506,31.217204],[-94.308594,31.215896],[-94.308362,31.215444],[-94.307389,31.21466],[-94.306574,31.214513],[-94.305411,31.214979],[-94.30336,31.21495],[-94.303091,31.214175],[-94.303504,31.213829],[-94.304301,31.213563],[-94.306325,31.213568],[-94.306447,31.213278],[-94.306139,31.212898],[-94.303097,31.212408],[-94.302838,31.211447],[-94.299143,31.212618],[-94.296559,31.21204],[-94.294824,31.212884],[-94.29445,31.212649],[-94.294316,31.210672],[-94.293835,31.208782],[-94.293369,31.208168],[-94.292584,31.207666],[-94.291966,31.207544],[-94.290551,31.207807],[-94.290392,31.207605],[-94.291335,31.205977],[-94.289903,31.203013],[-94.288596,31.201582],[-94.287885,31.20133],[-94.285673,31.201947],[-94.282225,31.202174],[-94.281617,31.201906],[-94.280854,31.200549],[-94.280377,31.200435],[-94.279381,31.201215],[-94.278641,31.201311],[-94.277443,31.201066],[-94.27649,31.200249],[-94.276632,31.199934],[-94.277317,31.199662],[-94.278394,31.199575],[-94.278396,31.198938],[-94.278042,31.198493],[-94.277593,31.19825],[-94.276853,31.198256],[-94.274349,31.1993],[-94.273666,31.198944],[-94.272556,31.197763],[-94.269863,31.19624],[-94.265517,31.191357],[-94.264414,31.190814],[-94.264455,31.189878],[-94.265732,31.188904],[-94.266336,31.187832],[-94.265458,31.18453],[-94.263481,31.18254],[-94.263092,31.181159],[-94.262206,31.180334],[-94.260821,31.18017],[-94.260436,31.180387],[-94.260508,31.181105],[-94.2613,31.182059],[-94.261289,31.182559],[-94.2608,31.183083],[-94.258976,31.182675],[-94.257833,31.182729],[-94.256112,31.182104],[-94.255812,31.182289],[-94.255602,31.18316],[-94.255738,31.184306],[-94.25536,31.185225],[-94.253818,31.186819],[-94.250572,31.18828],[-94.249802,31.187593],[-94.249764,31.186899],[-94.251455,31.185384],[-94.251812,31.184844],[-94.251693,31.184088],[-94.251455,31.183764],[-94.250979,31.183656],[-94.248641,31.184636],[-94.247779,31.184757],[-94.247151,31.184498],[-94.246486,31.183141],[-94.246833,31.182082],[-94.245897,31.180103],[-94.24676,31.179158],[-94.247678,31.178778],[-94.249037,31.178674],[-94.249328,31.1781],[-94.248935,31.177171],[-94.245374,31.17662],[-94.244943,31.176717],[-94.240847,31.179059],[-94.239225,31.18027],[-94.238775,31.180343],[-94.238541,31.180003],[-94.2384,31.178347],[-94.237791,31.177886],[-94.232825,31.177586],[-94.232544,31.177384],[-94.232966,31.176527],[-94.233538,31.176043],[-94.233342,31.175114],[-94.232583,31.175081],[-94.231711,31.17542],[-94.231139,31.175921],[-94.230007,31.176251],[-94.228833,31.176292],[-94.227772,31.175366],[-94.226445,31.174998],[-94.22593,31.175167],[-94.224833,31.176112],[-94.224383,31.176007],[-94.224177,31.175683],[-94.223925,31.174051],[-94.223297,31.173703],[-94.220187,31.17354],[-94.218997,31.173265],[-94.218744,31.172659],[-94.218848,31.17219],[-94.220478,31.171674],[-94.220722,31.171367],[-94.220687,31.171076],[-94.21973,31.170131],[-94.219675,31.169008],[-94.220097,31.168071],[-94.219556,31.164419],[-94.219172,31.164039],[-94.21611,31.162704],[-94.215885,31.162259],[-94.215961,31.161613],[-94.216383,31.1607],[-94.215915,31.15999],[-94.211239,31.160101],[-94.211061,31.159834],[-94.211267,31.159163],[-94.212327,31.158566],[-94.212421,31.158211],[-94.211803,31.157233],[-94.211063,31.156788],[-94.209752,31.156577],[-94.207766,31.156697],[-94.206932,31.156446],[-94.206239,31.156147],[-94.204517,31.154506],[-94.203402,31.154327],[-94.202915,31.153972],[-94.202831,31.153252],[-94.203564,31.150837],[-94.204408,31.15083],[-94.205643,31.151816],[-94.20673,31.152253],[-94.207489,31.151954],[-94.207536,31.151292],[-94.207134,31.150468],[-94.20647,31.149805],[-94.204073,31.148236],[-94.20204,31.147604],[-94.199223,31.145647],[-94.198821,31.144371],[-94.199271,31.144161],[-94.200142,31.144194],[-94.20106,31.144574],[-94.201238,31.144227],[-94.200349,31.143038],[-94.198963,31.142472],[-94.198355,31.141647],[-94.194582,31.139577],[-94.19402,31.139608],[-94.192792,31.14048],[-94.192249,31.140464],[-94.191041,31.140196],[-94.189431,31.139355],[-94.189713,31.13841],[-94.191147,31.137683],[-94.192872,31.136166],[-94.192732,31.135455],[-94.192152,31.135066],[-94.19158,31.135042],[-94.191308,31.135195],[-94.191045,31.136035],[-94.189798,31.137311],[-94.188505,31.137536],[-94.188281,31.137205],[-94.188384,31.136688],[-94.189903,31.135186],[-94.189923,31.134402],[-94.186291,31.131556],[-94.181741,31.129766],[-94.180572,31.127972],[-94.178981,31.124513],[-94.178593,31.123963],[-94.17813,31.123744],[-94.177097,31.123835],[-94.17634,31.124733],[-94.174796,31.125714],[-94.173934,31.126214],[-94.173166,31.126262],[-94.172399,31.125193],[-94.172249,31.124203],[-94.170756,31.122967],[-94.169228,31.122297],[-94.168671,31.122439],[-94.166957,31.12402],[-94.166429,31.124146],[-94.165497,31.123957],[-94.163809,31.122992],[-94.161547,31.122395],[-94.16056,31.121485],[-94.159233,31.119339],[-94.157872,31.119084],[-94.157355,31.118782],[-94.157047,31.118081],[-94.157083,31.117475],[-94.158024,31.115692],[-94.157978,31.11502],[-94.157606,31.114584],[-94.156063,31.115093],[-94.155508,31.115841],[-94.154761,31.116068],[-94.151678,31.11471],[-94.149492,31.115117],[-94.146494,31.114714],[-94.144586,31.11524],[-94.144241,31.11516],[-94.143752,31.114228],[-94.144875,31.112659],[-94.144785,31.112196],[-94.143516,31.111005],[-94.141903,31.111028],[-94.141505,31.110858],[-94.141241,31.110246],[-94.141286,31.109349],[-94.142534,31.107322],[-94.142301,31.106946],[-94.14164,31.106794],[-94.141046,31.106919],[-94.139714,31.107918],[-94.139193,31.107123],[-94.139096,31.106579],[-94.139329,31.105985],[-94.140418,31.105249],[-94.140524,31.104838],[-94.140204,31.104549],[-94.137664,31.105215],[-94.137158,31.105543],[-94.13635,31.106827],[-94.135646,31.107258],[-94.133955,31.107691],[-94.133173,31.107521],[-94.131479,31.105924],[-94.130721,31.105747],[-94.130336,31.105124],[-94.130223,31.104168],[-94.132063,31.101418],[-94.131827,31.100847],[-94.129632,31.09928],[-94.253658,31.074803],[-94.366182,31.052058],[-94.393575,31.046224],[-94.433396,31.038426],[-94.457816,31.033325],[-94.460115,31.032916],[-94.461569,31.033141],[-94.462645,31.033055],[-94.464028,31.032687],[-94.466737,31.031178],[-94.467751,31.030326],[-94.469565,31.027634],[-94.471111,31.026862],[-94.471521,31.026431],[-94.472704,31.02609],[-94.472985,31.026124],[-94.473849,31.027221],[-94.474398,31.027486],[-94.478286,31.027986],[-94.478641,31.028421],[-94.478693,31.028977],[-94.479304,31.029458],[-94.481654,31.029369],[-94.482902,31.029763],[-94.485641,31.031617],[-94.484703,31.032933],[-94.484367,31.033981],[-94.485587,31.036484],[-94.485312,31.038397],[-94.485636,31.03895],[-94.486152,31.039333],[-94.486698,31.03934],[-94.488869,31.039061],[-94.489864,31.038635],[-94.490826,31.038643],[-94.490748,31.040072],[-94.491176,31.041489],[-94.490626,31.043777],[-94.49164,31.044803],[-94.49286,31.04495],[-94.493879,31.04403],[-94.494084,31.042686],[-94.496054,31.041884],[-94.497311,31.042864],[-94.500211,31.042321],[-94.500515,31.04252],[-94.501448,31.044298],[-94.502075,31.044588],[-94.502587,31.044227],[-94.502551,31.043172],[-94.503269,31.043147],[-94.503974,31.043502],[-94.504376,31.044743],[-94.505175,31.045005],[-94.506136,31.045811],[-94.506616,31.045525],[-94.506701,31.044839],[-94.508122,31.043256],[-94.508927,31.043271],[-94.509435,31.043916],[-94.50996,31.045609],[-94.510035,31.046738],[-94.510357,31.047097],[-94.51078,31.047183],[-94.512009,31.046179],[-94.512378,31.046208],[-94.513231,31.048103],[-94.514162,31.048166],[-94.515069,31.048592],[-94.516034,31.048746],[-94.516501,31.049804],[-94.516122,31.050223],[-94.516146,31.053831],[-94.516612,31.054711],[-94.517825,31.056053],[-94.518923,31.05679],[-94.520827,31.057022],[-94.523381,31.058557],[-94.524793,31.058672],[-94.526089,31.060378],[-94.527896,31.0615],[-94.527768,31.062649],[-94.526791,31.063402],[-94.527671,31.065712],[-94.527243,31.066553],[-94.527594,31.067021],[-94.52721,31.068428],[-94.527472,31.069556],[-94.52645,31.06993],[-94.525887,31.070452],[-94.525766,31.07109],[-94.524481,31.072387],[-94.5245,31.073014],[-94.523771,31.073965],[-94.523266,31.075219],[-94.524288,31.076517],[-94.524755,31.076264],[-94.52508,31.07638],[-94.525023,31.077105],[-94.525802,31.07743],[-94.525546,31.07837],[-94.5263,31.078645],[-94.52566,31.080114],[-94.526101,31.080878],[-94.526625,31.08123],[-94.5258,31.082462],[-94.524694,31.083264],[-94.52488,31.083413],[-94.524784,31.083963],[-94.525391,31.084012],[-94.525506,31.084353],[-94.526132,31.084788],[-94.525876,31.085222],[-94.525952,31.086185],[-94.525371,31.086437],[-94.525032,31.086993],[-94.525466,31.087141],[-94.526169,31.087004],[-94.526482,31.08751],[-94.526194,31.088148],[-94.525875,31.088082],[-94.525312,31.088621],[-94.524903,31.089467],[-94.525612,31.089929],[-94.52542,31.090633],[-94.525842,31.090793],[-94.525835,31.091178],[-94.526449,31.091216],[-94.527298,31.092927],[-94.528646,31.093219],[-94.52926,31.094033],[-94.529738,31.096353],[-94.530115,31.096568],[-94.530978,31.096376],[-94.531342,31.096524],[-94.531566,31.09714],[-94.531316,31.097866],[-94.531482,31.098575],[-94.533016,31.099224],[-94.533322,31.100473],[-94.53368,31.100616],[-94.534798,31.102018],[-94.535552,31.102409],[-94.535481,31.10325],[-94.535916,31.104202],[-94.535775,31.105384],[-94.536408,31.105433],[-94.536593,31.105912],[-94.536183,31.107726],[-94.535653,31.108568],[-94.535614,31.111262],[-94.536092,31.116924],[-94.516554,31.117752],[-94.516898,31.121346],[-94.515866,31.12137],[-94.51602,31.125571],[-94.516111,31.125188],[-94.516773,31.124901],[-94.516735,31.124604],[-94.517169,31.124174],[-94.517301,31.125553],[-94.519609,31.125516],[-94.52022,31.147154],[-94.507978,31.146904],[-94.494749,31.146077],[-94.494133,31.167345],[-94.492583,31.175651],[-94.499876,31.176091],[-94.499538,31.181226],[-94.493367,31.181631],[-94.489779,31.18127],[-94.487863,31.18177],[-94.485479,31.181909],[-94.484404,31.182264],[-94.483017,31.184925],[-94.482847,31.193669],[-94.482436,31.194122],[-94.481617,31.1944],[-94.476038,31.194557],[-94.474941,31.194866],[-94.474235,31.195861],[-94.474193,31.199889],[-94.473915,31.20047],[-94.508941,31.218849],[-94.537701,31.232264],[-94.537185,31.233386],[-94.53746,31.233633],[-94.537685,31.233375],[-94.538254,31.233826],[-94.537921,31.234233],[-94.538107,31.234502],[-94.537716,31.234618],[-94.539073,31.235421],[-94.539578,31.237026],[-94.538944,31.238775],[-94.540083,31.239583],[-94.540013,31.240227],[-94.540544,31.240491],[-94.540466,31.241486],[-94.538783,31.242099],[-94.535533,31.241203],[-94.533853,31.241317],[-94.533853,31.24315],[-94.531239,31.245647],[-94.530439,31.246632],[-94.529905,31.247938],[-94.529211,31.248855],[-94.528731,31.249015],[-94.528759,31.251551],[-94.514918,31.243748],[-94.513594,31.243194],[-94.512795,31.242536],[-94.505065,31.238172],[-94.490878,31.233837],[-94.487378,31.234065],[-94.47947,31.235374],[-94.470426,31.236317],[-94.467463,31.235381],[-94.466724,31.234402],[-94.464009,31.233545],[-94.461733,31.232036],[-94.460374,31.23196],[-94.458111,31.232354],[-94.456336,31.231643],[-94.455521,31.231566],[-94.450121,31.23372],[-94.430011,31.235515],[-94.429844,31.236224],[-94.42726,31.240877],[-94.427623,31.238873],[-94.427445,31.237199],[-94.426559,31.235581],[-94.42455,31.233463],[-94.415244,31.228324],[-94.414966,31.228407],[-94.406913,31.226095],[-94.404632,31.22588],[-94.403095,31.226151],[-94.39997,31.227297],[-94.398242,31.229046],[-94.379535,31.234789],[-94.379481,31.234478],[-94.379193,31.23456],[-94.378406,31.234104],[-94.378015,31.234054],[-94.377766,31.234285],[-94.377209,31.23407],[-94.377126,31.233174],[-94.376108,31.234042],[-94.37476,31.234512],[-94.374357,31.235084],[-94.3743,31.235634],[-94.373897,31.235821],[-94.373673,31.235607],[-94.373212,31.235767],[-94.373237,31.235233],[-94.373724,31.235024],[-94.373685,31.233908],[-94.373006,31.233391],[-94.37358,31.23282],[-94.358254,31.245657],[-94.35709,31.246889],[-94.356228,31.246916],[-94.354744,31.248293],[-94.354209,31.248494],[-94.353544,31.248566],[-94.352879,31.248355],[-94.351672,31.247595]],[[-94.432752,31.160232],[-94.432814,31.158255],[-94.431275,31.158348],[-94.430837,31.142595],[-94.421801,31.142713],[-94.42198,31.15273],[-94.41128,31.152947],[-94.411268,31.152094],[-94.404146,31.152212],[-94.40428,31.160507],[-94.40192,31.160461],[-94.40191,31.164261],[-94.404069,31.164241],[-94.404133,31.166574],[-94.408575,31.166567],[-94.408827,31.175715],[-94.410557,31.175662],[-94.411701,31.174412],[-94.413813,31.174356],[-94.414886,31.170946],[-94.41862,31.166927],[-94.418599,31.166533],[-94.421626,31.16651],[-94.421624,31.165849],[-94.430189,31.16421],[-94.429235,31.160303],[-94.432752,31.160232]]]}},{"type":"Feature","properties":{"PRECINCT":"18","VTD":"0018"},"geometry":{"type":"Polygon","coordinates":[[[-94.739636,31.313449],[-94.738613,31.311203],[-94.737482,31.311522],[-94.735686,31.3095],[-94.735053,31.30951],[-94.733959,31.307843],[-94.733902,31.307275],[-94.732612,31.307195],[-94.730936,31.307418],[-94.729696,31.307895],[-94.726926,31.309617],[-94.726479,31.307941],[-94.726356,31.306184],[-94.727695,31.299016],[-94.728012,31.297627],[-94.729197,31.297641],[-94.730261,31.296355],[-94.732199,31.289038],[-94.734644,31.286845],[-94.732429,31.2821],[-94.743052,31.266309],[-94.745505,31.261841],[-94.750333,31.254729],[-94.757104,31.26324],[-94.757878,31.264639],[-94.759697,31.268652],[-94.758471,31.268975],[-94.771906,31.299129],[-94.753352,31.304533],[-94.750086,31.306132],[-94.746719,31.306287],[-94.745372,31.30667],[-94.743577,31.307425],[-94.743018,31.308725],[-94.742707,31.308618],[-94.740646,31.313496],[-94.739636,31.313449]]]}},{"type":"Feature","properties":{"PRECINCT":"19","VTD":"0019"},"geometry":{"type":"Polygon","coordinates":[[[-94.762175,31.319212],[-94.761313,31.31725],[-94.758611,31.317928],[-94.755846,31.311684],[-94.759,31.310648],[-94.759107,31.310021],[-94.758651,31.308908],[-94.757507,31.309271],[-94.755889,31.307281],[-94.75548,31.305373],[-94.756153,31.304691],[-94.756282,31.303746],[-94.771906,31.299129],[-94.772604,31.300198],[-94.775037,31.305922],[-94.770695,31.307635],[-94.769625,31.307932],[-94.76954,31.3077],[-94.766498,31.308691],[-94.770192,31.318477],[-94.77289,31.317387],[-94.773244,31.318229],[-94.771938,31.318644],[-94.768973,31.320236],[-94.766298,31.320412],[-94.759955,31.322372],[-94.759715,31.321799],[-94.760982,31.321383],[-94.760407,31.319986],[-94.762175,31.319212]]]}},{"type":"Feature","properties":{"PRECINCT":"20","VTD":"0020"},"geometry":{"type":"Polygon","coordinates":[[[-94.752303,31.367835],[-94.748893,31.367556],[-94.745767,31.366131],[-94.740577,31.363116],[-94.731699,31.356552],[-94.730437,31.35585],[-94.728927,31.355402],[-94.723373,31.35502],[-94.72229,31.354315],[-94.721303,31.352252],[-94.720982,31.352061],[-94.721076,31.351559],[-94.716966,31.351578],[-94.716557,31.349798],[-94.71626,31.349582],[-94.714983,31.34687],[-94.71942,31.345603],[-94.717386,31.33988],[-94.717341,31.337909],[-94.718349,31.335516],[-94.722857,31.330557],[-94.724617,31.331397],[-94.72851,31.330158],[-94.729426,31.332284],[-94.729801,31.333821],[-94.731718,31.334283],[-94.732333,31.334633],[-94.736403,31.344132],[-94.737301,31.345741],[-94.738979,31.34772],[-94.743631,31.351538],[-94.757806,31.359014],[-94.759068,31.359879],[-94.761856,31.361071],[-94.76411,31.361535],[-94.764013,31.362344],[-94.762419,31.362589],[-94.760472,31.363768],[-94.757669,31.367109],[-94.761045,31.369753],[-94.758168,31.370238],[-94.756692,31.370014],[-94.754485,31.368394],[-94.752303,31.367835]]]}},{"type":"Feature","properties":{"PRECINCT":"21","VTD":"0021"},"geometry":{"type":"Polygon","coordinates":[[[-94.753091,31.402333],[-94.759585,31.386269],[-94.757187,31.38375],[-94.755513,31.381329],[-94.755052,31.380185],[-94.755089,31.373004],[-94.75556,31.370829],[-94.755357,31.370089],[-94.756692,31.370014],[-94.783745,31.393383],[-94.792822,31.400713],[-94.788071,31.402154],[-94.780056,31.402095],[-94.778812,31.402686],[-94.776068,31.405259],[-94.774739,31.405967],[-94.769547,31.406278],[-94.766004,31.406982],[-94.761633,31.407192],[-94.757325,31.40833],[-94.754378,31.409728],[-94.754246,31.403529],[-94.752966,31.403473],[-94.753091,31.402333]]]}},{"type":"Feature","properties":{"PRECINCT":"22","VTD":"0022"},"geometry":{"type":"Polygon","coordinates":[[[-94.864871,31.520376],[-94.862526,31.52133],[-94.861854,31.521065],[-94.860168,31.519594],[-94.860109,31.519377],[-94.860744,31.518848],[-94.862617,31.517674],[-94.862867,31.517135],[-94.860885,31.516173],[-94.861426,31.515355],[-94.861236,31.514781],[-94.858396,31.512917],[-94.857318,31.512969],[-94.856645,31.51355],[-94.856353,31.513497],[-94.85633,31.513243],[-94.85741,31.511945],[-94.857046,31.511317],[-94.855861,31.510384],[-94.855249,31.510087],[-94.853886,31.511633],[-94.853461,31.511571],[-94.852815,31.510947],[-94.85168,31.511151],[-94.851659,31.51073],[-94.853204,31.508683],[-94.852945,31.508459],[-94.851669,31.508612],[-94.852513,31.506378],[-94.852248,31.505842],[-94.851483,31.505339],[-94.850868,31.505156],[-94.850509,31.505394],[-94.850021,31.507369],[-94.849617,31.50779],[-94.849059,31.507938],[-94.847906,31.507851],[-94.845709,31.506595],[-94.844008,31.506096],[-94.84188,31.507694],[-94.841198,31.50787],[-94.840639,31.50765],[-94.840041,31.507721],[-94.840538,31.505393],[-94.840212,31.504863],[-94.839241,31.504482],[-94.839206,31.504233],[-94.84076,31.502051],[-94.838815,31.50237],[-94.838594,31.502223],[-94.838726,31.50139],[-94.838502,31.501383],[-94.836688,31.502193],[-94.835229,31.502131],[-94.8346,31.502488],[-94.833728,31.501285],[-94.833402,31.49949],[-94.833749,31.497497],[-94.835671,31.49698],[-94.836308,31.496508],[-94.836367,31.49601],[-94.834031,31.494051],[-94.833497,31.49392],[-94.83296,31.494597],[-94.832615,31.494438],[-94.832123,31.493682],[-94.832765,31.492915],[-94.831847,31.493016],[-94.830553,31.493705],[-94.830193,31.493659],[-94.828831,31.49137],[-94.828248,31.491202],[-94.828346,31.490695],[-94.82688,31.490888],[-94.82651,31.491694],[-94.825973,31.490897],[-94.826027,31.49013],[-94.825744,31.489969],[-94.825236,31.490389],[-94.825003,31.490308],[-94.826051,31.488983],[-94.826058,31.488549],[-94.824997,31.487448],[-94.823791,31.487137],[-94.82355,31.486516],[-94.829679,31.481589],[-94.834361,31.478821],[-94.835565,31.477896],[-94.857526,31.459929],[-94.866666,31.45147],[-94.855948,31.445287],[-94.853876,31.444333],[-94.833714,31.436707],[-94.834117,31.436534],[-94.836864,31.436466],[-94.837023,31.435294],[-94.839238,31.435226],[-94.839688,31.434997],[-94.83971,31.427587],[-94.837755,31.427476],[-94.837474,31.42653],[-94.838213,31.426396],[-94.838346,31.422762],[-94.838774,31.422429],[-94.841162,31.42179],[-94.843378,31.419825],[-94.845989,31.419471],[-94.847617,31.418965],[-94.850629,31.417508],[-94.851749,31.416654],[-94.852263,31.416078],[-94.852259,31.411117],[-94.851944,31.410526],[-94.851994,31.409958],[-94.847204,31.407381],[-94.842058,31.406391],[-94.839102,31.406099],[-94.836372,31.405309],[-94.833715,31.404215],[-94.830295,31.40438],[-94.825291,31.40198],[-94.82144,31.399099],[-94.823072,31.398509],[-94.825359,31.398424],[-94.826394,31.398169],[-94.828655,31.39652],[-94.834314,31.393695],[-94.835327,31.393416],[-94.838904,31.393339],[-94.840285,31.392694],[-94.841265,31.391336],[-94.842409,31.384653],[-94.843322,31.383205],[-94.846475,31.379759],[-94.909059,31.393723],[-94.915245,31.394804],[-94.914914,31.385976],[-94.93936,31.386324],[-94.939254,31.387929],[-94.939662,31.389865],[-94.945968,31.390043],[-94.954272,31.389879],[-94.955117,31.389556],[-94.9554,31.389784],[-94.956714,31.389701],[-94.956932,31.392253],[-94.962555,31.39229],[-94.965031,31.391507],[-94.965032,31.390976],[-94.961689,31.389884],[-94.961697,31.389625],[-94.966254,31.391205],[-94.965917,31.392446],[-94.966162,31.393125],[-94.966025,31.393887],[-94.964607,31.394793],[-94.964454,31.395229],[-94.964521,31.395558],[-94.965759,31.396604],[-94.967634,31.397412],[-94.969575,31.397013],[-94.971099,31.398299],[-94.973581,31.399759],[-94.975471,31.399678],[-94.976666,31.399033],[-94.977984,31.399571],[-94.978072,31.400788],[-94.977288,31.401496],[-94.975951,31.402143],[-94.975935,31.404114],[-94.976291,31.40525],[-94.976804,31.405354],[-94.978694,31.40502],[-94.979238,31.405222],[-94.97949,31.405742],[-94.979364,31.405975],[-94.97672,31.406965],[-94.976049,31.407443],[-94.976871,31.40928],[-94.97735,31.409303],[-94.977726,31.408872],[-94.978287,31.408662],[-94.979315,31.409597],[-94.981108,31.410099],[-94.983017,31.41131],[-94.982715,31.412259],[-94.982895,31.412729],[-94.983577,31.413259],[-94.985382,31.414042],[-94.987911,31.41445],[-94.990192,31.41332],[-94.991878,31.413881],[-94.993523,31.414032],[-94.994227,31.41503],[-94.993635,31.417766],[-94.994108,31.417835],[-94.996778,31.416879],[-94.997434,31.416834],[-94.997671,31.418689],[-94.998247,31.42004],[-94.99928,31.420698],[-95.000091,31.420755],[-95.000192,31.420484],[-95.000186,31.419551],[-94.999509,31.418679],[-94.999557,31.417968],[-95.000125,31.417562],[-95.001258,31.417949],[-95.005397,31.420891],[-95.005566,31.421349],[-95.004883,31.42396],[-95.003035,31.426222],[-94.952198,31.463398],[-94.865857,31.526916],[-94.863935,31.525598],[-94.864289,31.523729],[-94.864192,31.522671],[-94.864911,31.520998],[-94.864871,31.520376]]]}},{"type":"Feature","properties":{"PRECINCT":"23","VTD":"0023"},"geometry":{"type":"Polygon","coordinates":[[[-94.779718,31.350289],[-94.777404,31.350066],[-94.772692,31.350595],[-94.765552,31.350781],[-94.764266,31.343029],[-94.762035,31.336009],[-94.767195,31.334305],[-94.766786,31.329092],[-94.767179,31.328938],[-94.767688,31.339206],[-94.780757,31.337977],[-94.796217,31.33238],[-94.797607,31.331986],[-94.800733,31.331756],[-94.800869,31.324619],[-94.809879,31.324543],[-94.816432,31.32332],[-94.816353,31.334057],[-94.816897,31.335302],[-94.818576,31.336962],[-94.820851,31.346135],[-94.821038,31.352108],[-94.819974,31.351122],[-94.815162,31.349856],[-94.8149,31.352076],[-94.808653,31.351429],[-94.805192,31.352895],[-94.803989,31.353134],[-94.798207,31.353197],[-94.794518,31.352843],[-94.789917,31.351884],[-94.782413,31.351027],[-94.779718,31.350289]]]}},{"type":"Feature","properties":{"PRECINCT":"24","VTD":"0024"},"geometry":{"type":"Polygon","coordinates":[[[-94.81603,31.358313],[-94.816952,31.35753],[-94.818082,31.357302],[-94.820013,31.357838],[-94.820069,31.356582],[-94.817582,31.354272],[-94.814662,31.353827],[-94.815162,31.349856],[-94.819974,31.351122],[-94.821038,31.352108],[-94.820851,31.346135],[-94.818576,31.336962],[-94.816897,31.335302],[-94.816353,31.334057],[-94.816432,31.32332],[-94.809879,31.324543],[-94.800869,31.324619],[-94.800733,31.331756],[-94.797607,31.331986],[-94.796217,31.33238],[-94.780757,31.337977],[-94.767688,31.339206],[-94.767179,31.328938],[-94.764898,31.329565],[-94.764807,31.328425],[-94.774205,31.321363],[-94.772558,31.316535],[-94.7758,31.316011],[-94.776688,31.315676],[-94.787905,31.30393],[-94.789512,31.307634],[-94.783289,31.313459],[-94.786447,31.31216],[-94.788139,31.315969],[-94.785069,31.316983],[-94.786415,31.320149],[-94.794761,31.317687],[-94.796966,31.311114],[-94.801614,31.311237],[-94.805384,31.310151],[-94.806214,31.311921],[-94.807012,31.311859],[-94.816329,31.308757],[-94.816226,31.309748],[-94.815804,31.310518],[-94.814231,31.311003],[-94.813941,31.310129],[-94.813662,31.310023],[-94.806912,31.312195],[-94.80634,31.312217],[-94.807654,31.315133],[-94.800895,31.317449],[-94.80087,31.324331],[-94.809745,31.324282],[-94.812919,31.323792],[-94.819066,31.322402],[-94.818531,31.321256],[-94.820286,31.320584],[-94.823956,31.318215],[-94.824297,31.316651],[-94.823038,31.316638],[-94.82046,31.310765],[-94.825036,31.309239],[-94.827655,31.308558],[-94.829545,31.312678],[-94.830893,31.312496],[-94.831502,31.312716],[-94.83371,31.311703],[-94.832102,31.307176],[-94.836604,31.305792],[-94.837168,31.310825],[-94.836391,31.311078],[-94.836708,31.311966],[-94.837253,31.311619],[-94.837462,31.313215],[-94.844624,31.310994],[-94.84514,31.313751],[-94.837538,31.314463],[-94.83729,31.315837],[-94.835448,31.315665],[-94.834437,31.314206],[-94.831746,31.314861],[-94.83284,31.316026],[-94.822762,31.32285],[-94.821075,31.323651],[-94.82107,31.324021],[-94.828604,31.324076],[-94.828631,31.327932],[-94.821021,31.328005],[-94.821012,31.328699],[-94.826501,31.328913],[-94.826586,31.329772],[-94.826563,31.330176],[-94.821121,31.330174],[-94.820971,31.332033],[-94.835659,31.332379],[-94.835634,31.333169],[-94.83258,31.333251],[-94.832716,31.33425],[-94.82873,31.334512],[-94.828655,31.333753],[-94.827205,31.333793],[-94.826943,31.335972],[-94.825457,31.338242],[-94.827788,31.337817],[-94.83068,31.337973],[-94.830253,31.342528],[-94.826482,31.34247],[-94.826222,31.340814],[-94.824261,31.340848],[-94.825098,31.344293],[-94.825662,31.34886],[-94.825994,31.357909],[-94.823167,31.35785],[-94.820621,31.357206],[-94.820697,31.369376],[-94.814884,31.369565],[-94.815048,31.361119],[-94.815963,31.360951],[-94.81603,31.358313]]]}},{"type":"Feature","properties":{"PRECINCT":"25","VTD":"0025"},"geometry":{"type":"Polygon","coordinates":[[[-94.798112,31.400279],[-94.794335,31.400328],[-94.792822,31.400713],[-94.783745,31.393383],[-94.756692,31.370014],[-94.758168,31.370238],[-94.761045,31.369753],[-94.757669,31.367109],[-94.760472,31.363768],[-94.762419,31.362589],[-94.764013,31.362344],[-94.764865,31.359201],[-94.764268,31.359043],[-94.765243,31.353025],[-94.765706,31.353452],[-94.765745,31.353184],[-94.774688,31.352539],[-94.774489,31.350378],[-94.777404,31.350066],[-94.778972,31.350137],[-94.782413,31.351027],[-94.789917,31.351884],[-94.794518,31.352843],[-94.798207,31.353197],[-94.803989,31.353134],[-94.805192,31.352895],[-94.808653,31.351429],[-94.8149,31.352076],[-94.814662,31.353827],[-94.817582,31.354272],[-94.820069,31.356582],[-94.820013,31.357838],[-94.818082,31.357302],[-94.816952,31.35753],[-94.815895,31.358429],[-94.815963,31.360951],[-94.815048,31.361119],[-94.814884,31.369565],[-94.820697,31.369376],[-94.820621,31.357206],[-94.823167,31.35785],[-94.825994,31.357909],[-94.825923,31.355981],[-94.830046,31.355999],[-94.837912,31.357039],[-94.83955,31.359128],[-94.841772,31.360347],[-94.845537,31.360465],[-94.856642,31.362697],[-94.86007,31.364162],[-94.862147,31.364808],[-94.864425,31.366136],[-94.865605,31.367502],[-94.867965,31.372856],[-94.869052,31.374646],[-94.86903,31.375194],[-94.865561,31.381636],[-94.865421,31.383982],[-94.846475,31.379759],[-94.843322,31.383205],[-94.842553,31.384353],[-94.841717,31.387782],[-94.841265,31.391336],[-94.840717,31.392303],[-94.839618,31.393117],[-94.838653,31.393372],[-94.835327,31.393416],[-94.834314,31.393695],[-94.828655,31.39652],[-94.826394,31.398169],[-94.821942,31.398797],[-94.819039,31.400957],[-94.816157,31.401743],[-94.81386,31.401943],[-94.803331,31.402001],[-94.802275,31.401876],[-94.798112,31.400279]]]}},{"type":"Feature","properties":{"PRECINCT":"26","VTD":"0026"},"geometry":{"type":"Polygon","coordinates":[[[-94.626732,31.320628],[-94.625147,31.319282],[-94.623235,31.318502],[-94.610375,31.310993],[-94.610899,31.310031],[-94.61002,31.307529],[-94.60895,31.306199],[-94.60886,31.305765],[-94.609513,31.305088],[-94.60996,31.303323],[-94.610357,31.303097],[-94.610632,31.30214],[-94.611035,31.301678],[-94.612474,31.297625],[-94.613017,31.29509],[-94.614144,31.294743],[-94.614374,31.294039],[-94.614963,31.293797],[-94.615269,31.29273],[-94.615673,31.292213],[-94.61498,31.290212],[-94.614967,31.289728],[-94.615428,31.289403],[-94.614697,31.288826],[-94.615158,31.288353],[-94.614895,31.287529],[-94.614248,31.28682],[-94.613985,31.285984],[-94.612755,31.285248],[-94.612832,31.284786],[-94.613568,31.284488],[-94.613612,31.283872],[-94.612735,31.282988],[-94.611332,31.282158],[-94.611517,31.281503],[-94.611972,31.281569],[-94.612823,31.281255],[-94.613323,31.280892],[-94.613335,31.280551],[-94.612804,31.280134],[-94.612816,31.279518],[-94.612195,31.279496],[-94.612035,31.279304],[-94.612553,31.27844],[-94.611003,31.277759],[-94.610868,31.276676],[-94.610951,31.27573],[-94.611661,31.27469],[-94.611347,31.274251],[-94.611718,31.273448],[-94.611308,31.27309],[-94.611327,31.272606],[-94.611557,31.272419],[-94.611826,31.272711],[-94.611794,31.272106],[-94.612294,31.272348],[-94.61253,31.272089],[-94.612607,31.271627],[-94.612101,31.271704],[-94.612529,31.270275],[-94.613994,31.268404],[-94.614533,31.26642],[-94.602723,31.266394],[-94.602745,31.255104],[-94.603035,31.254778],[-94.603001,31.251251],[-94.602772,31.25031],[-94.61126,31.250177],[-94.610822,31.245919],[-94.610825,31.239555],[-94.620708,31.23971],[-94.620685,31.228852],[-94.628316,31.22894],[-94.628246,31.222775],[-94.627285,31.223438],[-94.622695,31.223414],[-94.622267,31.179235],[-94.612668,31.178681],[-94.614206,31.173764],[-94.638344,31.164955],[-94.639303,31.165782],[-94.639641,31.166651],[-94.640153,31.166547],[-94.640171,31.16774],[-94.640523,31.167751],[-94.64122,31.167207],[-94.64113,31.168488],[-94.641559,31.167911],[-94.641943,31.168153],[-94.641904,31.168829],[-94.64154,31.168637],[-94.640842,31.168939],[-94.641136,31.169918],[-94.640337,31.170231],[-94.640842,31.170858],[-94.640579,31.170957],[-94.640113,31.170643],[-94.639428,31.171776],[-94.640323,31.17187],[-94.640969,31.172486],[-94.64077,31.172969],[-94.640131,31.173013],[-94.64052,31.173624],[-94.640885,31.173195],[-94.641179,31.173173],[-94.640987,31.174135],[-94.641665,31.173789],[-94.641799,31.174163],[-94.64249,31.1744],[-94.642579,31.175346],[-94.643103,31.175736],[-94.6427,31.177039],[-94.643,31.177221],[-94.643505,31.177133],[-94.643665,31.178172],[-94.644227,31.178904],[-94.643926,31.179542],[-94.643127,31.18008],[-94.642634,31.180201],[-94.64202,31.179838],[-94.641374,31.180574],[-94.641444,31.180789],[-94.642359,31.181037],[-94.642557,31.181752],[-94.64145,31.182581],[-94.642006,31.183231],[-94.641635,31.183885],[-94.64198,31.18405],[-94.642147,31.183736],[-94.642594,31.183577],[-94.642908,31.183759],[-94.642818,31.184177],[-94.643208,31.184776],[-94.643604,31.184903],[-94.644417,31.184744],[-94.644704,31.185524],[-94.643796,31.18603],[-94.643725,31.18642],[-94.644409,31.18691],[-94.644179,31.187471],[-94.644339,31.187713],[-94.644793,31.187174],[-94.645049,31.187328],[-94.64485,31.187872],[-94.645074,31.188846],[-94.645976,31.189517],[-94.64609,31.189869],[-94.645975,31.190072],[-94.64531,31.189962],[-94.645099,31.19016],[-94.646154,31.190859],[-94.64639,31.192761],[-94.647835,31.194752],[-94.648155,31.194714],[-94.648123,31.19418],[-94.648718,31.194626],[-94.648781,31.195319],[-94.648199,31.195841],[-94.648992,31.196127],[-94.649318,31.196787],[-94.648269,31.197568],[-94.648422,31.198277],[-94.648063,31.198794],[-94.648786,31.199338],[-94.649554,31.199273],[-94.650001,31.199878],[-94.65059,31.199614],[-94.651172,31.199746],[-94.651953,31.199515],[-94.651402,31.2004],[-94.651664,31.200527],[-94.652253,31.200208],[-94.652547,31.20083],[-94.65169,31.20144],[-94.651849,31.20183],[-94.651657,31.202155],[-94.652661,31.203007],[-94.653493,31.203227],[-94.653838,31.203744],[-94.653813,31.204525],[-94.654919,31.20485],[-94.654522,31.20563],[-94.654625,31.205845],[-94.655456,31.205851],[-94.656013,31.206395],[-94.655616,31.206758],[-94.65552,31.207308],[-94.656057,31.207896],[-94.656351,31.208875],[-94.655167,31.209507],[-94.655289,31.209782],[-94.656088,31.20987],[-94.655602,31.21014],[-94.655775,31.210574],[-94.654936,31.211091],[-94.655666,31.211267],[-94.655205,31.21174],[-94.655205,31.212086],[-94.65619,31.212482],[-94.656663,31.213461],[-94.655883,31.213587],[-94.655684,31.213917],[-94.655831,31.214231],[-94.656215,31.213934],[-94.656413,31.214044],[-94.656266,31.214401],[-94.656522,31.214649],[-94.656516,31.215451],[-94.656125,31.216117],[-94.656765,31.216914],[-94.657436,31.216821],[-94.657558,31.217519],[-94.65871,31.216832],[-94.65885,31.217014],[-94.658274,31.217409],[-94.658364,31.217673],[-94.659381,31.21747],[-94.659886,31.219125],[-94.659221,31.219609],[-94.659815,31.221209],[-94.660091,31.221473],[-94.660654,31.221418],[-94.66114,31.221842],[-94.661012,31.222601],[-94.661767,31.22281],[-94.66167,31.223651],[-94.662349,31.223497],[-94.662905,31.224503],[-94.6635,31.2243],[-94.664313,31.224834],[-94.664997,31.225856],[-94.664933,31.226252],[-94.665471,31.226373],[-94.665592,31.22667],[-94.665682,31.227314],[-94.665278,31.227396],[-94.66515,31.227765],[-94.66469,31.227946],[-94.665093,31.228672],[-94.663986,31.228886],[-94.663851,31.229199],[-94.664075,31.230244],[-94.664529,31.230035],[-94.664805,31.230162],[-94.664331,31.230921],[-94.664516,31.231003],[-94.664472,31.231498],[-94.664055,31.231635],[-94.664209,31.231932],[-94.663787,31.232493],[-94.664478,31.232526],[-94.664196,31.232955],[-94.664689,31.232983],[-94.664669,31.233566],[-94.664861,31.23367],[-94.665265,31.233577],[-94.665828,31.233032],[-94.66618,31.233164],[-94.66609,31.234127],[-94.665629,31.234561],[-94.66657,31.235259],[-94.665834,31.23565],[-94.666173,31.236579],[-94.665712,31.237646],[-94.666742,31.239405],[-94.666057,31.240846],[-94.665462,31.240736],[-94.664687,31.241407],[-94.664828,31.241682],[-94.665417,31.241544],[-94.665545,31.241731],[-94.664866,31.242149],[-94.664732,31.243029],[-94.665212,31.243359],[-94.66461,31.244359],[-94.665,31.24486],[-94.664789,31.246366],[-94.665256,31.246878],[-94.664565,31.247345],[-94.664929,31.247714],[-94.664609,31.248022],[-94.664897,31.248797],[-94.663879,31.249336],[-94.662941,31.251078],[-94.663024,31.251243],[-94.663997,31.251182],[-94.66392,31.251914],[-94.664649,31.252772],[-94.66454,31.253107],[-94.663548,31.253415],[-94.663529,31.254382],[-94.663112,31.254938],[-94.663272,31.255488],[-94.663061,31.256131],[-94.66331,31.256582],[-94.662766,31.257209],[-94.663496,31.257335],[-94.662548,31.258154],[-94.664014,31.258545],[-94.663764,31.259931],[-94.664481,31.260343],[-94.663738,31.260975],[-94.663949,31.26152],[-94.662976,31.261893],[-94.662637,31.262284],[-94.664813,31.26334],[-94.665152,31.263719],[-94.664986,31.26439],[-94.664121,31.264143],[-94.663155,31.264824],[-94.66359,31.265858],[-94.664678,31.266353],[-94.665023,31.267354],[-94.664133,31.267887],[-94.663218,31.268123],[-94.663448,31.268673],[-94.66307,31.26919],[-94.663672,31.269641],[-94.663634,31.269828],[-94.662987,31.269993],[-94.663326,31.270999],[-94.662987,31.271104],[-94.662199,31.270647],[-94.661892,31.271268],[-94.661066,31.271351],[-94.660631,31.272181],[-94.659965,31.272637],[-94.65958,31.273539],[-94.659605,31.274881],[-94.660111,31.275689],[-94.659503,31.275766],[-94.659394,31.276915],[-94.660488,31.277487],[-94.660475,31.278136],[-94.660296,31.278158],[-94.660315,31.27862],[-94.659662,31.278757],[-94.659803,31.27928],[-94.659246,31.279637],[-94.658176,31.281259],[-94.657504,31.281698],[-94.657497,31.282171],[-94.658201,31.283667],[-94.657573,31.284558],[-94.657285,31.285503],[-94.658335,31.286015],[-94.657486,31.286715],[-94.657438,31.287285],[-94.656932,31.287835],[-94.657015,31.287978],[-94.657297,31.287796],[-94.657508,31.288264],[-94.658155,31.288148],[-94.658052,31.288566],[-94.65875,31.289193],[-94.658244,31.289375],[-94.658654,31.290046],[-94.659915,31.290194],[-94.660357,31.290915],[-94.660715,31.290964],[-94.660945,31.291921],[-94.661816,31.291712],[-94.661874,31.292548],[-94.662994,31.292818],[-94.662872,31.293417],[-94.663135,31.293907],[-94.662155,31.294407],[-94.662654,31.294698],[-94.66268,31.295006],[-94.662103,31.29654],[-94.662212,31.296733],[-94.662936,31.296865],[-94.663147,31.297547],[-94.662743,31.298569],[-94.663217,31.29891],[-94.663069,31.299713],[-94.663953,31.30039],[-94.66431,31.301708],[-94.664081,31.302144],[-94.662793,31.30266],[-94.66287,31.303436],[-94.663523,31.304431],[-94.662607,31.305366],[-94.66276,31.306251],[-94.662107,31.306878],[-94.661799,31.309099],[-94.661018,31.309632],[-94.660749,31.310451],[-94.660307,31.310567],[-94.659929,31.311419],[-94.659717,31.312948],[-94.660063,31.313162],[-94.659883,31.313371],[-94.660255,31.313816],[-94.659537,31.314069],[-94.659729,31.31452],[-94.658954,31.315433],[-94.6588,31.316752],[-94.659359,31.317898],[-94.657633,31.317805],[-94.654828,31.319252],[-94.649301,31.320457],[-94.646835,31.321463],[-94.644423,31.321102],[-94.639485,31.321905],[-94.631987,31.321921],[-94.628088,31.321109],[-94.626732,31.320628]]]}},{"type":"Feature","properties":{"PRECINCT":"27","VTD":"0027"},"geometry":{"type":"Polygon","coordinates":[[[-94.690361,31.214525],[-94.690263,31.21355],[-94.686778,31.213506],[-94.686253,31.21181],[-94.6847,31.208947],[-94.680636,31.203836],[-94.678215,31.197958],[-94.676888,31.196353],[-94.67559,31.195297],[-94.667999,31.195354],[-94.66485,31.198013],[-94.663562,31.198241],[-94.659246,31.198338],[-94.657825,31.199028],[-94.651049,31.199195],[-94.648917,31.198802],[-94.648121,31.198898],[-94.648089,31.198568],[-94.648441,31.198156],[-94.648269,31.197568],[-94.649318,31.196787],[-94.648992,31.196127],[-94.648199,31.195841],[-94.648781,31.195319],[-94.648718,31.194626],[-94.648123,31.19418],[-94.648155,31.194714],[-94.647835,31.194752],[-94.64639,31.192761],[-94.646154,31.190859],[-94.645099,31.19016],[-94.64531,31.189962],[-94.645975,31.190072],[-94.64609,31.189869],[-94.645976,31.189517],[-94.645074,31.188846],[-94.64485,31.187872],[-94.645049,31.187328],[-94.644793,31.187174],[-94.644339,31.187713],[-94.644179,31.187471],[-94.644409,31.18691],[-94.643725,31.18642],[-94.643796,31.18603],[-94.644704,31.185524],[-94.644417,31.184744],[-94.643604,31.184903],[-94.643208,31.184776],[-94.642818,31.184177],[-94.642908,31.183759],[-94.642594,31.183577],[-94.642147,31.183736],[-94.64198,31.18405],[-94.641635,31.183885],[-94.642006,31.183231],[-94.64145,31.182581],[-94.642557,31.181752],[-94.642359,31.181037],[-94.641444,31.180789],[-94.641374,31.180574],[-94.64202,31.179838],[-94.642634,31.180201],[-94.643127,31.18008],[-94.643926,31.179542],[-94.644202,31.178744],[-94.643665,31.178172],[-94.643505,31.177133],[-94.643,31.177221],[-94.6427,31.177039],[-94.643103,31.175736],[-94.642579,31.175346],[-94.64249,31.1744],[-94.641799,31.174163],[-94.641665,31.173789],[-94.640987,31.174135],[-94.641179,31.173173],[-94.640885,31.173195],[-94.64052,31.173624],[-94.640131,31.173013],[-94.64077,31.172969],[-94.640969,31.172486],[-94.640323,31.17187],[-94.639428,31.171776],[-94.640113,31.170643],[-94.640579,31.170957],[-94.640842,31.170858],[-94.640337,31.170231],[-94.641136,31.169918],[-94.640842,31.168939],[-94.64154,31.168637],[-94.641904,31.168829],[-94.641943,31.168153],[-94.641559,31.167911],[-94.64113,31.168488],[-94.64122,31.167207],[-94.640523,31.167751],[-94.640171,31.16774],[-94.640153,31.166547],[-94.639641,31.166651],[-94.639303,31.165782],[-94.638018,31.16455],[-94.638274,31.163923],[-94.637674,31.161938],[-94.637687,31.16114],[-94.636894,31.161217],[-94.636294,31.160288],[-94.636409,31.159864],[-94.637106,31.160205],[-94.637592,31.159837],[-94.637093,31.15959],[-94.63742,31.158803],[-94.636684,31.158935],[-94.637062,31.158248],[-94.636672,31.157989],[-94.635611,31.15817],[-94.635202,31.157741],[-94.635886,31.157269],[-94.63533,31.156834],[-94.634652,31.157037],[-94.635311,31.156207],[-94.635017,31.15574],[-94.635823,31.155361],[-94.634666,31.154667],[-94.635114,31.154469],[-94.634782,31.153688],[-94.635114,31.153205],[-94.635134,31.151935],[-94.634719,31.151698],[-94.633657,31.15217],[-94.633434,31.151219],[-94.632865,31.151483],[-94.632571,31.150828],[-94.631242,31.150239],[-94.630851,31.150377],[-94.630296,31.149453],[-94.629765,31.149821],[-94.629337,31.14893],[-94.628985,31.148831],[-94.628775,31.148457],[-94.627592,31.147983],[-94.627299,31.14657],[-94.627734,31.146053],[-94.627102,31.144816],[-94.626405,31.144601],[-94.625945,31.143996],[-94.626642,31.143474],[-94.626809,31.142924],[-94.627301,31.142974],[-94.626835,31.142621],[-94.627187,31.142198],[-94.626068,31.14151],[-94.626267,31.140983],[-94.626107,31.140779],[-94.625238,31.14068],[-94.624653,31.140935],[-94.62441,31.140528],[-94.623528,31.140881],[-94.623278,31.140727],[-94.622836,31.139506],[-94.623737,31.138863],[-94.623622,31.138351],[-94.62414,31.138335],[-94.623705,31.137812],[-94.623021,31.137747],[-94.623436,31.137274],[-94.623186,31.137004],[-94.622278,31.136884],[-94.622272,31.136554],[-94.622706,31.136372],[-94.621984,31.136131],[-94.621401,31.134729],[-94.620787,31.134454],[-94.620659,31.133981],[-94.620295,31.133712],[-94.620223,31.131512],[-94.618791,31.131343],[-94.618567,31.130837],[-94.618989,31.130028],[-94.618739,31.129748],[-94.618375,31.129946],[-94.618145,31.129803],[-94.61824,31.128824],[-94.617837,31.129088],[-94.617013,31.129116],[-94.616015,31.128864],[-94.616878,31.128495],[-94.617651,31.127725],[-94.618591,31.12746],[-94.619025,31.126652],[-94.618801,31.126069],[-94.6182,31.126146],[-94.618238,31.125635],[-94.618915,31.125173],[-94.619397,31.123402],[-94.62049,31.122994],[-94.621556,31.121592],[-94.622003,31.120173],[-94.621504,31.119442],[-94.621804,31.118809],[-94.621534,31.117247],[-94.622384,31.116356],[-94.621904,31.115224],[-94.622089,31.114564],[-94.621417,31.113761],[-94.621474,31.112557],[-94.621179,31.111397],[-94.620507,31.110913],[-94.62013,31.110281],[-94.619989,31.109462],[-94.620423,31.10867],[-94.619463,31.107197],[-94.61929,31.106487],[-94.61773,31.104794],[-94.616655,31.102634],[-94.616405,31.101556],[-94.615798,31.101084],[-94.61411,31.100705],[-94.613848,31.099715],[-94.613279,31.099638],[-94.613023,31.099369],[-94.612531,31.098478],[-94.612901,31.097763],[-94.612243,31.09739],[-94.612492,31.096994],[-94.612171,31.095806],[-94.611564,31.094833],[-94.610458,31.094179],[-94.60994,31.093003],[-94.610156,31.091705],[-94.611754,31.091561],[-94.612929,31.090455],[-94.612749,31.08824],[-94.61216,31.087833],[-94.612377,31.087019],[-94.611962,31.086403],[-94.611041,31.085914],[-94.609424,31.084254],[-94.608542,31.083848],[-94.608158,31.083028],[-94.609026,31.081785],[-94.607703,31.079531],[-94.606866,31.079663],[-94.606374,31.079499],[-94.606507,31.078333],[-94.606117,31.077943],[-94.605459,31.077695],[-94.605038,31.077949],[-94.604552,31.077795],[-94.603727,31.075986],[-94.603152,31.075205],[-94.602046,31.074397],[-94.602051,31.074084],[-94.604072,31.075951],[-94.604782,31.077731],[-94.605193,31.077669],[-94.605753,31.076779],[-94.60541,31.07633],[-94.60453,31.075879],[-94.604744,31.074928],[-94.605898,31.074584],[-94.606741,31.075439],[-94.607202,31.077776],[-94.609561,31.077928],[-94.611226,31.077511],[-94.612356,31.078025],[-94.612305,31.078965],[-94.611426,31.079702],[-94.610131,31.080163],[-94.609489,31.081862],[-94.610169,31.082423],[-94.611149,31.082559],[-94.611848,31.081981],[-94.612251,31.08092],[-94.613398,31.080725],[-94.614505,31.081049],[-94.614608,31.081452],[-94.614306,31.081719],[-94.612874,31.082018],[-94.613214,31.082327],[-94.614253,31.082586],[-94.614544,31.082904],[-94.614253,31.084831],[-94.614407,31.085205],[-94.615868,31.085021],[-94.616662,31.083693],[-94.617606,31.083779],[-94.618151,31.084133],[-94.618035,31.085189],[-94.618699,31.085884],[-94.619804,31.086271],[-94.620776,31.085409],[-94.621564,31.085321],[-94.621937,31.085585],[-94.622121,31.087062],[-94.622275,31.087304],[-94.622913,31.087452],[-94.623707,31.087057],[-94.623519,31.08534],[-94.624521,31.085547],[-94.624658,31.086605],[-94.625369,31.086733],[-94.626799,31.085553],[-94.628044,31.083882],[-94.629669,31.083495],[-94.630267,31.083673],[-94.632768,31.085736],[-94.632197,31.087335],[-94.634456,31.088058],[-94.633574,31.088862],[-94.633605,31.089114],[-94.635049,31.090011],[-94.635407,31.089852],[-94.635403,31.089013],[-94.636264,31.08911],[-94.636761,31.088298],[-94.638068,31.088281],[-94.639931,31.0869],[-94.640895,31.086868],[-94.642758,31.087816],[-94.645375,31.091299],[-94.646477,31.092242],[-94.647253,31.093965],[-94.647623,31.095518],[-94.647684,31.097895],[-94.647964,31.098673],[-94.648398,31.098965],[-94.649011,31.098997],[-94.649833,31.098542],[-94.650308,31.098531],[-94.652468,31.096599],[-94.655046,31.093763],[-94.655048,31.092898],[-94.654021,31.091754],[-94.654371,31.090314],[-94.654637,31.090306],[-94.655043,31.090789],[-94.655534,31.090622],[-94.654849,31.088609],[-94.655815,31.087835],[-94.65644,31.086743],[-94.656989,31.086345],[-94.657228,31.085424],[-94.658303,31.08478],[-94.658499,31.085578],[-94.659934,31.086234],[-94.660252,31.086234],[-94.66077,31.085818],[-94.661755,31.085717],[-94.662724,31.085963],[-94.663635,31.086503],[-94.663839,31.086764],[-94.663239,31.088017],[-94.663415,31.088367],[-94.664394,31.088173],[-94.665211,31.088326],[-94.66667,31.08872],[-94.66793,31.089348],[-94.66851,31.087971],[-94.668788,31.087994],[-94.66925,31.088789],[-94.670462,31.088324],[-94.670947,31.088494],[-94.671298,31.089546],[-94.672452,31.090354],[-94.672374,31.090619],[-94.671726,31.090559],[-94.671543,31.090766],[-94.672561,31.091222],[-94.672654,31.0925],[-94.672375,31.093065],[-94.672005,31.092699],[-94.670937,31.09262],[-94.670156,31.093075],[-94.67003,31.093628],[-94.670349,31.094864],[-94.670912,31.09556],[-94.672446,31.095833],[-94.673245,31.095759],[-94.674269,31.094657],[-94.678405,31.093134],[-94.678838,31.093279],[-94.679368,31.0942],[-94.678847,31.095227],[-94.679274,31.096036],[-94.686615,31.096186],[-94.688103,31.096737],[-94.688766,31.097652],[-94.689117,31.097795],[-94.688875,31.097839],[-94.688741,31.098752],[-94.688496,31.098638],[-94.688141,31.09944],[-94.684688,31.101762],[-94.683353,31.103132],[-94.681755,31.103918],[-94.683214,31.105224],[-94.683469,31.105752],[-94.682926,31.106472],[-94.68352,31.106868],[-94.683463,31.107374],[-94.682849,31.108133],[-94.68269,31.109046],[-94.684217,31.110745],[-94.684221,31.111361],[-94.684786,31.111801],[-94.684191,31.112202],[-94.685853,31.113258],[-94.686192,31.114495],[-94.68694,31.114677],[-94.687336,31.114028],[-94.68786,31.115078],[-94.688857,31.115358],[-94.689656,31.117497],[-94.689375,31.118047],[-94.688379,31.118656],[-94.688225,31.119334],[-94.687074,31.118916],[-94.687311,31.119438],[-94.688116,31.120082],[-94.688001,31.121],[-94.688455,31.12232],[-94.688915,31.122705],[-94.688794,31.123249],[-94.689446,31.123546],[-94.689522,31.124173],[-94.688899,31.125095],[-94.688994,31.125589],[-94.688726,31.125837],[-94.689122,31.126024],[-94.688528,31.126293],[-94.688911,31.126546],[-94.688764,31.126865],[-94.689327,31.126942],[-94.689078,31.127223],[-94.689608,31.12725],[-94.689678,31.12841],[-94.69019,31.128498],[-94.689742,31.129076],[-94.690196,31.12896],[-94.69056,31.129395],[-94.690938,31.129351],[-94.691296,31.129994],[-94.692306,31.130753],[-94.692197,31.131753],[-94.692996,31.131891],[-94.692101,31.132562],[-94.69253,31.132732],[-94.69235,31.133007],[-94.692785,31.133276],[-94.692728,31.133689],[-94.69354,31.133892],[-94.694025,31.134525],[-94.693834,31.134822],[-94.694153,31.13514],[-94.694051,31.135377],[-94.694499,31.135641],[-94.695131,31.135602],[-94.695496,31.135987],[-94.696065,31.135927],[-94.696512,31.136828],[-94.698123,31.137604],[-94.698296,31.138714],[-94.698731,31.139088],[-94.698795,31.139814],[-94.699268,31.140402],[-94.699811,31.140617],[-94.699888,31.141079],[-94.700355,31.141392],[-94.700118,31.141947],[-94.700867,31.142646],[-94.700496,31.143624],[-94.700937,31.143861],[-94.700905,31.144345],[-94.701238,31.144823],[-94.700957,31.145857],[-94.700279,31.146577],[-94.700209,31.147572],[-94.700682,31.148111],[-94.700714,31.148612],[-94.701417,31.149365],[-94.701187,31.150091],[-94.701443,31.150311],[-94.701322,31.150833],[-94.701648,31.151476],[-94.701456,31.152246],[-94.700983,31.152472],[-94.701028,31.152923],[-94.700555,31.152967],[-94.700638,31.153472],[-94.699864,31.153857],[-94.69904,31.155755],[-94.698509,31.155936],[-94.698119,31.156596],[-94.698445,31.157047],[-94.698222,31.15736],[-94.698554,31.157597],[-94.698273,31.158421],[-94.698964,31.159285],[-94.698638,31.160099],[-94.698299,31.160335],[-94.698919,31.161011],[-94.698555,31.161528],[-94.699111,31.162743],[-94.699067,31.16348],[-94.698478,31.163772],[-94.698338,31.164519],[-94.697852,31.164591],[-94.697718,31.165075],[-94.697398,31.165201],[-94.697628,31.165592],[-94.697149,31.165839],[-94.696957,31.166538],[-94.696496,31.167027],[-94.696574,31.167838],[-94.699609,31.16822],[-94.707027,31.169768],[-94.717367,31.169354],[-94.720186,31.169437],[-94.721368,31.172767],[-94.719471,31.179844],[-94.719081,31.182261],[-94.717358,31.184527],[-94.716926,31.185513],[-94.717636,31.189642],[-94.717184,31.194012],[-94.716292,31.196901],[-94.715275,31.202893],[-94.716005,31.205178],[-94.716003,31.20689],[-94.716251,31.207798],[-94.699125,31.213099],[-94.698933,31.212825],[-94.698486,31.212759],[-94.698902,31.21191],[-94.690632,31.214644],[-94.690361,31.214525]]]}},{"type":"Feature","properties":{"PRECINCT":"28","VTD":"0028"},"geometry":{"type":"Polygon","coordinates":[[[-94.710523,31.262036],[-94.702549,31.25253],[-94.701683,31.25113],[-94.698421,31.241691],[-94.695692,31.235737],[-94.68911,31.224499],[-94.686778,31.213506],[-94.690263,31.21355],[-94.690361,31.214525],[-94.690632,31.214644],[-94.698902,31.21191],[-94.698486,31.212759],[-94.698933,31.212825],[-94.699125,31.213099],[-94.745818,31.198748],[-94.742262,31.208114],[-94.755035,31.198463],[-94.765737,31.19493],[-94.766515,31.196952],[-94.768445,31.197283],[-94.766755,31.203739],[-94.77531,31.205756],[-94.775224,31.206296],[-94.77623,31.206431],[-94.776739,31.203632],[-94.776908,31.203659],[-94.775799,31.209748],[-94.773583,31.218644],[-94.774901,31.21879],[-94.775443,31.216505],[-94.775615,31.216545],[-94.774733,31.220066],[-94.754538,31.226388],[-94.758538,31.235646],[-94.749812,31.23781],[-94.74386,31.239761],[-94.743507,31.23903],[-94.730088,31.243094],[-94.730866,31.245317],[-94.747905,31.24],[-94.75189,31.249901],[-94.753696,31.249751],[-94.758669,31.242863],[-94.761306,31.24199],[-94.762227,31.244014],[-94.76515,31.243121],[-94.766585,31.249994],[-94.766538,31.250651],[-94.764521,31.255882],[-94.7634,31.25785],[-94.760862,31.26032],[-94.76068,31.260152],[-94.757104,31.26324],[-94.750213,31.254579],[-94.738159,31.256097],[-94.738408,31.258005],[-94.73538,31.258751],[-94.735754,31.259954],[-94.729044,31.261199],[-94.728761,31.260563],[-94.727971,31.259766],[-94.725388,31.258024],[-94.716597,31.263573],[-94.714548,31.262012],[-94.713247,31.263],[-94.714417,31.26503],[-94.71269,31.265868],[-94.713585,31.267554],[-94.709856,31.268667],[-94.710805,31.263431],[-94.710523,31.262036]]]}},{"type":"Feature","properties":{"PRECINCT":"29","VTD":"0029"},"geometry":{"type":"Polygon","coordinates":[[[-94.802944,31.488881],[-94.80177,31.489294],[-94.801454,31.489012],[-94.801738,31.488191],[-94.8024,31.487836],[-94.803915,31.487608],[-94.803804,31.487348],[-94.801136,31.486514],[-94.80032,31.486513],[-94.79984,31.485062],[-94.798386,31.486001],[-94.79778,31.486018],[-94.797386,31.485356],[-94.796732,31.48502],[-94.796461,31.484412],[-94.795513,31.484157],[-94.794687,31.483203],[-94.793234,31.482546],[-94.792496,31.481702],[-94.79327,31.480554],[-94.792518,31.479259],[-94.792028,31.47935],[-94.791002,31.480464],[-94.788792,31.480444],[-94.788833,31.479517],[-94.787511,31.479366],[-94.786851,31.479548],[-94.786365,31.480394],[-94.785763,31.480756],[-94.785235,31.48081],[-94.784591,31.48001],[-94.78296,31.481128],[-94.781292,31.481408],[-94.780864,31.481384],[-94.77919,31.48011],[-94.777269,31.48052],[-94.774955,31.478897],[-94.773747,31.477519],[-94.770723,31.477371],[-94.77084,31.477041],[-94.772113,31.476248],[-94.772048,31.475946],[-94.770939,31.476058],[-94.770606,31.47691],[-94.769745,31.476614],[-94.769477,31.475813],[-94.771621,31.475059],[-94.772148,31.474441],[-94.772151,31.474104],[-94.771621,31.474128],[-94.770738,31.473462],[-94.770258,31.474319],[-94.769207,31.474764],[-94.768811,31.473598],[-94.767384,31.472337],[-94.766889,31.471484],[-94.765451,31.472119],[-94.764959,31.472084],[-94.764703,31.471034],[-94.765363,31.469938],[-94.764509,31.469221],[-94.763706,31.46911],[-94.762652,31.469398],[-94.762403,31.470514],[-94.761525,31.471516],[-94.761067,31.471236],[-94.760546,31.470165],[-94.759833,31.469892],[-94.758909,31.471097],[-94.758448,31.471116],[-94.75775,31.470367],[-94.756624,31.470476],[-94.755924,31.470852],[-94.755536,31.471683],[-94.755337,31.471521],[-94.755425,31.470458],[-94.753006,31.470277],[-94.752142,31.469842],[-94.751684,31.469124],[-94.750407,31.469179],[-94.748602,31.467282],[-94.747306,31.467539],[-94.747199,31.468041],[-94.746318,31.467883],[-94.745441,31.466637],[-94.743784,31.46564],[-94.742824,31.465381],[-94.742088,31.465987],[-94.741833,31.465166],[-94.741248,31.46488],[-94.740641,31.465856],[-94.74128,31.466524],[-94.741225,31.466797],[-94.740898,31.46686],[-94.740428,31.4665],[-94.740085,31.465411],[-94.739266,31.464986],[-94.73937,31.464789],[-94.740693,31.464571],[-94.740726,31.464286],[-94.740129,31.464183],[-94.738626,31.46442],[-94.738466,31.464249],[-94.739423,31.463614],[-94.738969,31.463039],[-94.743134,31.458824],[-94.743319,31.458022],[-94.742729,31.456926],[-94.742729,31.456239],[-94.743048,31.45544],[-94.744888,31.45345],[-94.746116,31.453267],[-94.746819,31.454128],[-94.747142,31.454229],[-94.748875,31.452561],[-94.750719,31.452483],[-94.753174,31.453067],[-94.754446,31.452785],[-94.755049,31.453362],[-94.758019,31.453348],[-94.758886,31.453956],[-94.760416,31.454359],[-94.762335,31.454583],[-94.765515,31.454102],[-94.775096,31.455963],[-94.779115,31.454272],[-94.78296,31.454397],[-94.785255,31.453665],[-94.786689,31.452716],[-94.789141,31.44812],[-94.789275,31.447353],[-94.795888,31.446533],[-94.791533,31.441332],[-94.790697,31.439464],[-94.7897,31.437998],[-94.783637,31.430848],[-94.777445,31.427039],[-94.777559,31.426721],[-94.778251,31.425665],[-94.7803,31.424026],[-94.78074,31.423909],[-94.799231,31.423633],[-94.799762,31.42347],[-94.800528,31.422804],[-94.802744,31.42309],[-94.80549,31.422302],[-94.804615,31.416846],[-94.804004,31.415099],[-94.803347,31.414222],[-94.798923,31.410179],[-94.794265,31.402336],[-94.792822,31.400713],[-94.794335,31.400328],[-94.798112,31.400279],[-94.802275,31.401876],[-94.803331,31.402001],[-94.815163,31.40189],[-94.819039,31.400957],[-94.82144,31.399099],[-94.825291,31.40198],[-94.830295,31.40438],[-94.833715,31.404215],[-94.836372,31.405309],[-94.839102,31.406099],[-94.842058,31.406391],[-94.847204,31.407381],[-94.851994,31.409958],[-94.851944,31.410526],[-94.852259,31.411117],[-94.852263,31.416078],[-94.851749,31.416654],[-94.850629,31.417508],[-94.847617,31.418965],[-94.845989,31.419471],[-94.843378,31.419825],[-94.841162,31.42179],[-94.838774,31.422429],[-94.838346,31.422762],[-94.838213,31.426396],[-94.837474,31.42653],[-94.837755,31.427476],[-94.83971,31.427587],[-94.839688,31.434997],[-94.839238,31.435226],[-94.837023,31.435294],[-94.836864,31.436466],[-94.834117,31.436534],[-94.833714,31.436707],[-94.853876,31.444333],[-94.855948,31.445287],[-94.866666,31.45147],[-94.857526,31.459929],[-94.835565,31.477896],[-94.834361,31.478821],[-94.829679,31.481589],[-94.823569,31.486524],[-94.823796,31.484963],[-94.822632,31.483876],[-94.821662,31.484088],[-94.820739,31.483503],[-94.820258,31.483543],[-94.81996,31.484655],[-94.82034,31.485501],[-94.82033,31.48636],[-94.819822,31.487021],[-94.818962,31.487172],[-94.816747,31.486664],[-94.815947,31.486958],[-94.815349,31.485563],[-94.812377,31.483988],[-94.809922,31.484789],[-94.810906,31.485955],[-94.811868,31.486413],[-94.811972,31.487216],[-94.81141,31.487793],[-94.808198,31.488807],[-94.808025,31.489029],[-94.808553,31.489636],[-94.80607,31.489225],[-94.805552,31.488385],[-94.805275,31.488301],[-94.804807,31.488767],[-94.80445,31.490276],[-94.803928,31.49046],[-94.803494,31.490133],[-94.802944,31.488881]]]}},{"type":"Feature","properties":{"PRECINCT":"30","VTD":"0030"},"geometry":{"type":"Polygon","coordinates":[[[-94.452234,31.331482],[-94.45246,31.329922],[-94.450956,31.330407],[-94.449736,31.329506],[-94.449462,31.328426],[-94.451086,31.327752],[-94.45009,31.326677],[-94.449162,31.325012],[-94.449011,31.322333],[-94.449422,31.321337],[-94.447866,31.319636],[-94.447706,31.317796],[-94.447251,31.317348],[-94.446747,31.317626],[-94.445243,31.319914],[-94.444301,31.319477],[-94.443794,31.318536],[-94.442542,31.317253],[-94.441289,31.316697],[-94.440964,31.316998],[-94.441506,31.317681],[-94.441686,31.318721],[-94.440766,31.318863],[-94.439853,31.318298],[-94.439418,31.317122],[-94.438805,31.315084],[-94.438961,31.313056],[-94.438056,31.31261],[-94.436785,31.313015],[-94.43434,31.313219],[-94.433958,31.313448],[-94.433726,31.312787],[-94.432985,31.311928],[-94.432654,31.313344],[-94.432696,31.314676],[-94.432276,31.314865],[-94.431748,31.314586],[-94.431285,31.313362],[-94.430196,31.312425],[-94.429349,31.312092],[-94.428986,31.312385],[-94.428658,31.31322],[-94.42821,31.313457],[-94.427355,31.312397],[-94.426129,31.312584],[-94.425675,31.312256],[-94.425563,31.311433],[-94.424836,31.310889],[-94.423768,31.311018],[-94.421556,31.310234],[-94.422503,31.308467],[-94.421388,31.307611],[-94.418494,31.309756],[-94.416607,31.309527],[-94.415681,31.308839],[-94.411224,31.309395],[-94.41078,31.309076],[-94.410372,31.306801],[-94.410116,31.306504],[-94.409645,31.307283],[-94.408664,31.307548],[-94.406237,31.307703],[-94.406004,31.307419],[-94.407182,31.306654],[-94.407347,31.306273],[-94.406876,31.306043],[-94.405631,31.306245],[-94.405158,31.305877],[-94.406139,31.304626],[-94.405861,31.304031],[-94.404788,31.303578],[-94.404147,31.304172],[-94.402812,31.303955],[-94.400682,31.301976],[-94.40138,31.301414],[-94.401516,31.301033],[-94.4008,31.300634],[-94.397898,31.301139],[-94.396904,31.302018],[-94.396017,31.302356],[-94.395187,31.301861],[-94.395741,31.30008],[-94.395118,31.299753],[-94.393494,31.299522],[-94.392898,31.298986],[-94.393317,31.297804],[-94.392254,31.297464],[-94.389636,31.293573],[-94.388387,31.292451],[-94.386764,31.292341],[-94.386413,31.291859],[-94.387081,31.290248],[-94.386657,31.290033],[-94.385814,31.290168],[-94.385391,31.290009],[-94.386785,31.286116],[-94.386881,31.285324],[-94.38665,31.284768],[-94.38742,31.283091],[-94.386587,31.281312],[-94.383594,31.282027],[-94.382638,31.281081],[-94.382269,31.278879],[-94.383296,31.276683],[-94.383027,31.274109],[-94.381607,31.274587],[-94.38082,31.275562],[-94.379805,31.274365],[-94.377962,31.272868],[-94.376918,31.273416],[-94.377029,31.274199],[-94.376853,31.274394],[-94.376277,31.273986],[-94.375633,31.271438],[-94.3752,31.270964],[-94.374518,31.268907],[-94.374185,31.266162],[-94.373794,31.265539],[-94.3727,31.264961],[-94.372708,31.263926],[-94.371629,31.263561],[-94.371233,31.263931],[-94.370947,31.264914],[-94.370216,31.264855],[-94.369272,31.264076],[-94.368418,31.262548],[-94.366691,31.260983],[-94.365444,31.260833],[-94.364631,31.260337],[-94.363899,31.260423],[-94.363269,31.260872],[-94.362772,31.260927],[-94.36012,31.260472],[-94.359071,31.26025],[-94.357426,31.259372],[-94.35787,31.258599],[-94.35916,31.257628],[-94.358808,31.256868],[-94.359299,31.256135],[-94.359365,31.254344],[-94.358823,31.253866],[-94.356514,31.254486],[-94.356048,31.253814],[-94.35568,31.252497],[-94.356434,31.251766],[-94.356408,31.251282],[-94.356063,31.251078],[-94.354636,31.251307],[-94.354318,31.25116],[-94.355588,31.250391],[-94.356083,31.248795],[-94.357107,31.247772],[-94.357258,31.247192],[-94.35709,31.246889],[-94.358254,31.245657],[-94.37358,31.23282],[-94.373006,31.233391],[-94.373685,31.233908],[-94.373724,31.235024],[-94.373237,31.235233],[-94.373212,31.235767],[-94.373673,31.235607],[-94.373897,31.235821],[-94.3743,31.235634],[-94.374357,31.235084],[-94.37476,31.234512],[-94.376108,31.234042],[-94.377126,31.233174],[-94.377209,31.23407],[-94.377766,31.234285],[-94.378015,31.234054],[-94.378406,31.234104],[-94.379193,31.23456],[-94.379481,31.234478],[-94.379535,31.234789],[-94.398242,31.229046],[-94.399802,31.227399],[-94.402688,31.226279],[-94.404309,31.225907],[-94.406246,31.225952],[-94.414966,31.228407],[-94.415244,31.228324],[-94.42455,31.233463],[-94.426559,31.235581],[-94.427445,31.237199],[-94.427623,31.238873],[-94.42726,31.240877],[-94.429844,31.236224],[-94.430011,31.235515],[-94.450121,31.23372],[-94.455521,31.231566],[-94.456336,31.231643],[-94.458111,31.232354],[-94.460374,31.23196],[-94.461733,31.232036],[-94.464009,31.233545],[-94.466724,31.234402],[-94.467463,31.235381],[-94.470426,31.236317],[-94.47947,31.235374],[-94.487378,31.234065],[-94.490878,31.233837],[-94.505065,31.238172],[-94.512795,31.242536],[-94.513594,31.243194],[-94.514918,31.243748],[-94.528759,31.251551],[-94.528953,31.259346],[-94.529504,31.259722],[-94.530487,31.259729],[-94.530952,31.259986],[-94.531098,31.26461],[-94.534472,31.2647],[-94.535914,31.26556],[-94.535998,31.269917],[-94.535701,31.271701],[-94.536496,31.27365],[-94.536194,31.276109],[-94.523983,31.275742],[-94.516693,31.274312],[-94.513498,31.274319],[-94.511554,31.274518],[-94.508224,31.275389],[-94.504412,31.276976],[-94.506102,31.281168],[-94.506418,31.283244],[-94.507149,31.285254],[-94.508572,31.28729],[-94.507797,31.287771],[-94.507207,31.289492],[-94.507303,31.290053],[-94.506745,31.290635],[-94.506476,31.291356],[-94.505566,31.291564],[-94.504528,31.292537],[-94.504247,31.292499],[-94.504004,31.292064],[-94.503414,31.292306],[-94.502697,31.292151],[-94.502454,31.292641],[-94.502012,31.292707],[-94.501403,31.293377],[-94.500673,31.293729],[-94.501191,31.294807],[-94.500518,31.296077],[-94.501363,31.296539],[-94.501125,31.297204],[-94.501746,31.297958],[-94.501681,31.298772],[-94.501098,31.299294],[-94.500112,31.299678],[-94.499664,31.299401],[-94.499068,31.299654],[-94.499171,31.30005],[-94.498627,31.300402],[-94.498807,31.300721],[-94.498423,31.30093],[-94.498187,31.302316],[-94.497623,31.302201],[-94.497399,31.302591],[-94.497002,31.302608],[-94.496945,31.303642],[-94.497425,31.303548],[-94.497553,31.303801],[-94.497137,31.304115],[-94.497067,31.304511],[-94.496267,31.304505],[-94.496299,31.304967],[-94.496863,31.305528],[-94.495762,31.305919],[-94.495647,31.306436],[-94.495205,31.306387],[-94.49507,31.306073],[-94.494756,31.306013],[-94.494532,31.30659],[-94.493994,31.306734],[-94.49372,31.307696],[-94.493278,31.307779],[-94.493778,31.30807],[-94.493425,31.308263],[-94.493419,31.308604],[-94.493112,31.30867],[-94.492791,31.308307],[-94.492625,31.30867],[-94.492305,31.308747],[-94.492555,31.308994],[-94.492305,31.309319],[-94.492658,31.309577],[-94.491992,31.30977],[-94.492728,31.310028],[-94.492658,31.310375],[-94.492934,31.310539],[-94.492722,31.310787],[-94.493856,31.31077],[-94.493542,31.311056],[-94.493696,31.311468],[-94.492979,31.311689],[-94.492575,31.311518],[-94.492,31.312184],[-94.491096,31.312278],[-94.491001,31.312641],[-94.490584,31.312773],[-94.490425,31.313669],[-94.490611,31.314115],[-94.488523,31.314154],[-94.488235,31.314435],[-94.487658,31.314506],[-94.487486,31.314919],[-94.486858,31.314941],[-94.486717,31.315403],[-94.486064,31.315337],[-94.485206,31.315805],[-94.484796,31.315569],[-94.485219,31.316317],[-94.484335,31.316377],[-94.483695,31.31701],[-94.482888,31.318099],[-94.483113,31.318682],[-94.482972,31.319012],[-94.481986,31.318732],[-94.480986,31.318958],[-94.480871,31.319216],[-94.48139,31.319309],[-94.481422,31.319749],[-94.480884,31.320277],[-94.48018,31.320267],[-94.479892,31.320635],[-94.478937,31.320756],[-94.478054,31.321703],[-94.477119,31.321747],[-94.477151,31.322478],[-94.475377,31.323128],[-94.475153,31.323612],[-94.474839,31.323414],[-94.474718,31.323881],[-94.474493,31.32381],[-94.474506,31.323441],[-94.473497,31.32363],[-94.471633,31.325951],[-94.453758,31.333395],[-94.452234,31.331482]]]}},{"type":"Feature","properties":{"PRECINCT":"31","VTD":"0031"},"geometry":{"type":"Polygon","coordinates":[[[-94.716134,31.19799],[-94.717184,31.194012],[-94.717636,31.189642],[-94.716946,31.185404],[-94.717358,31.184527],[-94.719081,31.182261],[-94.719471,31.179844],[-94.721334,31.173067],[-94.72125,31.172114],[-94.720186,31.169437],[-94.717367,31.169354],[-94.707027,31.169768],[-94.699609,31.16822],[-94.696574,31.167838],[-94.696496,31.167027],[-94.696957,31.166538],[-94.697149,31.165839],[-94.697628,31.165592],[-94.697398,31.165201],[-94.697718,31.165075],[-94.697852,31.164591],[-94.698338,31.164519],[-94.698478,31.163772],[-94.699067,31.16348],[-94.699111,31.162743],[-94.698555,31.161528],[-94.698919,31.161011],[-94.698299,31.160335],[-94.698638,31.160099],[-94.698964,31.159285],[-94.698273,31.158421],[-94.698554,31.157597],[-94.698222,31.15736],[-94.698445,31.157047],[-94.698119,31.156596],[-94.698509,31.155936],[-94.69904,31.155755],[-94.699864,31.153857],[-94.700638,31.153472],[-94.700555,31.152967],[-94.701028,31.152923],[-94.700983,31.152472],[-94.701456,31.152246],[-94.701648,31.151476],[-94.701322,31.150833],[-94.701443,31.150311],[-94.701187,31.150091],[-94.701417,31.149365],[-94.700714,31.148612],[-94.700682,31.148111],[-94.700209,31.147572],[-94.700279,31.146577],[-94.700957,31.145857],[-94.701238,31.144823],[-94.700905,31.144345],[-94.700937,31.143861],[-94.700496,31.143624],[-94.700867,31.142646],[-94.700118,31.141947],[-94.700355,31.141392],[-94.699888,31.141079],[-94.699811,31.140617],[-94.699268,31.140402],[-94.698795,31.139814],[-94.698731,31.139088],[-94.698296,31.138714],[-94.698123,31.137604],[-94.696512,31.136828],[-94.696065,31.135927],[-94.695496,31.135987],[-94.695131,31.135602],[-94.694499,31.135641],[-94.694051,31.135377],[-94.694153,31.13514],[-94.693834,31.134822],[-94.694025,31.134525],[-94.69354,31.133892],[-94.692728,31.133689],[-94.692785,31.133276],[-94.69235,31.133007],[-94.69253,31.132732],[-94.692101,31.132562],[-94.692996,31.131891],[-94.692197,31.131753],[-94.692306,31.130753],[-94.691296,31.129994],[-94.690938,31.129351],[-94.69056,31.129395],[-94.690196,31.12896],[-94.689742,31.129076],[-94.69019,31.128498],[-94.689678,31.12841],[-94.689608,31.12725],[-94.689078,31.127223],[-94.689327,31.126942],[-94.688764,31.126865],[-94.688911,31.126546],[-94.688528,31.126293],[-94.689122,31.126024],[-94.688726,31.125837],[-94.688994,31.125589],[-94.688899,31.125095],[-94.689522,31.124173],[-94.689446,31.123546],[-94.688794,31.123249],[-94.688915,31.122705],[-94.688455,31.12232],[-94.688001,31.121],[-94.688116,31.120082],[-94.687311,31.119438],[-94.687074,31.118916],[-94.688225,31.119334],[-94.688379,31.118656],[-94.689375,31.118047],[-94.689624,31.117398],[-94.688857,31.115358],[-94.68786,31.115078],[-94.687336,31.114028],[-94.68694,31.114677],[-94.686192,31.114495],[-94.685853,31.113258],[-94.684191,31.112202],[-94.684786,31.111801],[-94.684221,31.111361],[-94.684217,31.110745],[-94.68269,31.109046],[-94.682849,31.108133],[-94.683463,31.107374],[-94.68352,31.106868],[-94.682926,31.106472],[-94.683469,31.105752],[-94.683214,31.105224],[-94.681755,31.103918],[-94.683353,31.103132],[-94.684688,31.101762],[-94.688141,31.09944],[-94.688496,31.098638],[-94.688741,31.098752],[-94.688875,31.097839],[-94.690505,31.097939],[-94.689899,31.097206],[-94.689831,31.096701],[-94.691316,31.096306],[-94.692008,31.095708],[-94.693406,31.095955],[-94.693855,31.096306],[-94.694027,31.096708],[-94.693611,31.097564],[-94.694358,31.097471],[-94.695021,31.096925],[-94.695406,31.096891],[-94.695529,31.097446],[-94.696372,31.097586],[-94.696392,31.098406],[-94.696612,31.098677],[-94.697979,31.09798],[-94.697096,31.097152],[-94.696861,31.096359],[-94.69731,31.096118],[-94.698351,31.096246],[-94.699846,31.097809],[-94.699191,31.099419],[-94.700402,31.099281],[-94.701125,31.100477],[-94.702911,31.101992],[-94.703602,31.101773],[-94.703927,31.101202],[-94.703431,31.099978],[-94.703926,31.098916],[-94.704821,31.099003],[-94.706315,31.099574],[-94.706437,31.099763],[-94.705626,31.10244],[-94.705806,31.102676],[-94.706273,31.102621],[-94.7088,31.101138],[-94.709171,31.10125],[-94.70919,31.103091],[-94.709835,31.103941],[-94.708658,31.104022],[-94.708048,31.104282],[-94.707891,31.104739],[-94.708447,31.105007],[-94.710378,31.105604],[-94.711516,31.105599],[-94.712099,31.105186],[-94.712677,31.103576],[-94.713262,31.103627],[-94.714049,31.10475],[-94.71509,31.104609],[-94.715323,31.103789],[-94.715649,31.103677],[-94.716486,31.104732],[-94.71582,31.10521],[-94.716052,31.105546],[-94.718979,31.107132],[-94.721715,31.106176],[-94.722979,31.107482],[-94.723577,31.108524],[-94.724009,31.10825],[-94.725131,31.106423],[-94.725906,31.105988],[-94.728278,31.105894],[-94.729873,31.105027],[-94.732447,31.104953],[-94.734147,31.104331],[-94.735096,31.10435],[-94.735993,31.104823],[-94.73665,31.104258],[-94.737354,31.104079],[-94.737778,31.103546],[-94.738594,31.10369],[-94.739838,31.104588],[-94.740526,31.104324],[-94.7422,31.104542],[-94.743096,31.105552],[-94.74374,31.105612],[-94.745634,31.106677],[-94.746713,31.106181],[-94.747183,31.106821],[-94.747527,31.106899],[-94.747918,31.106617],[-94.748184,31.105535],[-94.750325,31.105975],[-94.750876,31.105919],[-94.751441,31.105442],[-94.752079,31.10631],[-94.75302,31.106699],[-94.753328,31.107475],[-94.75454,31.109108],[-94.76074,31.111057],[-94.765418,31.114938],[-94.766178,31.114709],[-94.767145,31.114909],[-94.76811,31.11467],[-94.76942,31.116442],[-94.769577,31.117262],[-94.770971,31.117249],[-94.772198,31.117604],[-94.772497,31.117344],[-94.7726,31.116764],[-94.772853,31.116687],[-94.773951,31.117098],[-94.774605,31.117662],[-94.776463,31.118598],[-94.776941,31.1192],[-94.777032,31.119936],[-94.778176,31.12017],[-94.780601,31.12186],[-94.780314,31.122569],[-94.780875,31.123615],[-94.781594,31.123288],[-94.782596,31.122201],[-94.782904,31.122171],[-94.785201,31.123381],[-94.786816,31.122867],[-94.7871,31.123212],[-94.786999,31.123835],[-94.787988,31.124054],[-94.788759,31.124625],[-94.78924,31.124619],[-94.790156,31.12414],[-94.790842,31.1251],[-94.792336,31.125714],[-94.792458,31.126236],[-94.794051,31.126466],[-94.795388,31.127593],[-94.795049,31.127966],[-94.793495,31.128059],[-94.7935,31.128331],[-94.794537,31.128704],[-94.79611,31.130759],[-94.797908,31.131406],[-94.800072,31.130943],[-94.802747,31.132225],[-94.803266,31.131829],[-94.802533,31.130443],[-94.80252,31.130177],[-94.802939,31.130068],[-94.806258,31.131057],[-94.810158,31.13295],[-94.808729,31.138587],[-94.807798,31.14108],[-94.793283,31.163785],[-94.789138,31.163424],[-94.788455,31.164608],[-94.788769,31.165852],[-94.786321,31.166689],[-94.786506,31.167337],[-94.785521,31.167845],[-94.776877,31.166269],[-94.774664,31.174629],[-94.77321,31.179148],[-94.770908,31.178989],[-94.770966,31.178459],[-94.770263,31.178406],[-94.770295,31.179214],[-94.770745,31.179208],[-94.770668,31.17964],[-94.7717,31.179971],[-94.771215,31.180135],[-94.771215,31.180725],[-94.768216,31.18214],[-94.768894,31.184668],[-94.767662,31.185015],[-94.767837,31.185388],[-94.76481,31.186225],[-94.766797,31.191085],[-94.766227,31.191819],[-94.766393,31.191832],[-94.766519,31.193299],[-94.767191,31.19447],[-94.755035,31.198463],[-94.742262,31.208114],[-94.745818,31.198748],[-94.716251,31.207798],[-94.716003,31.20689],[-94.716005,31.205178],[-94.715275,31.202893],[-94.716134,31.19799]]]}},{"type":"Feature","properties":{"PRECINCT":"32","VTD":"0032"},"geometry":{"type":"Polygon","coordinates":[[[-94.492583,31.175651],[-94.494133,31.167345],[-94.494749,31.146077],[-94.507978,31.146904],[-94.52022,31.147154],[-94.519609,31.125516],[-94.517301,31.125553],[-94.517169,31.124174],[-94.516735,31.124604],[-94.516773,31.124901],[-94.516111,31.125188],[-94.51602,31.125571],[-94.515866,31.12137],[-94.516898,31.121346],[-94.516554,31.117752],[-94.536092,31.116924],[-94.535614,31.111262],[-94.535653,31.108568],[-94.536183,31.107726],[-94.536593,31.105912],[-94.536408,31.105433],[-94.535775,31.105384],[-94.535916,31.104202],[-94.535481,31.10325],[-94.535552,31.102409],[-94.534798,31.102018],[-94.53368,31.100616],[-94.533322,31.100473],[-94.533016,31.099224],[-94.531482,31.098575],[-94.531316,31.097866],[-94.531566,31.09714],[-94.531342,31.096524],[-94.530978,31.096376],[-94.530115,31.096568],[-94.529738,31.096353],[-94.52926,31.094033],[-94.528646,31.093219],[-94.527298,31.092927],[-94.526449,31.091216],[-94.525835,31.091178],[-94.525842,31.090793],[-94.52542,31.090633],[-94.525612,31.089929],[-94.524903,31.089467],[-94.525312,31.088621],[-94.525875,31.088082],[-94.526194,31.088148],[-94.526482,31.08751],[-94.526169,31.087004],[-94.525466,31.087141],[-94.525032,31.086993],[-94.525371,31.086437],[-94.525952,31.086185],[-94.525876,31.085222],[-94.526132,31.084788],[-94.525506,31.084353],[-94.525391,31.084012],[-94.524784,31.083963],[-94.52488,31.083413],[-94.524694,31.083264],[-94.5258,31.082462],[-94.526625,31.08123],[-94.526101,31.080878],[-94.52566,31.080114],[-94.5263,31.078645],[-94.525546,31.07837],[-94.525802,31.07743],[-94.525023,31.077105],[-94.525004,31.076314],[-94.524403,31.076533],[-94.524033,31.076269],[-94.523292,31.074982],[-94.5245,31.073014],[-94.524481,31.072387],[-94.525766,31.07109],[-94.525887,31.070452],[-94.52645,31.06993],[-94.527472,31.069556],[-94.52721,31.068428],[-94.527594,31.067021],[-94.527243,31.066553],[-94.527671,31.065712],[-94.526791,31.063402],[-94.527768,31.062649],[-94.527967,31.061632],[-94.526089,31.060378],[-94.524793,31.058672],[-94.523381,31.058557],[-94.520827,31.057022],[-94.518923,31.05679],[-94.517825,31.056053],[-94.516612,31.054711],[-94.516146,31.053831],[-94.516148,31.050069],[-94.516501,31.049804],[-94.517178,31.051404],[-94.517843,31.051669],[-94.519694,31.050913],[-94.520875,31.051089],[-94.521079,31.050666],[-94.520754,31.049507],[-94.521004,31.048943],[-94.521687,31.048506],[-94.522778,31.048469],[-94.523197,31.048909],[-94.522808,31.049755],[-94.52293,31.050512],[-94.523723,31.050989],[-94.52396,31.05144],[-94.522876,31.052517],[-94.522951,31.052994],[-94.523328,31.053229],[-94.523844,31.053148],[-94.524511,31.052646],[-94.525449,31.051389],[-94.526355,31.051148],[-94.526585,31.051755],[-94.526119,31.053773],[-94.526727,31.055861],[-94.527321,31.05587],[-94.527953,31.054066],[-94.528412,31.053656],[-94.53015,31.054014],[-94.530828,31.054484],[-94.53102,31.055628],[-94.533726,31.056825],[-94.534309,31.056744],[-94.534349,31.056232],[-94.53342,31.053851],[-94.535354,31.052014],[-94.536031,31.051825],[-94.53704,31.052002],[-94.537231,31.052602],[-94.536811,31.053275],[-94.538032,31.05444],[-94.539247,31.053757],[-94.542586,31.053432],[-94.543381,31.053815],[-94.545151,31.056054],[-94.545895,31.057628],[-94.547731,31.059189],[-94.549,31.058267],[-94.549334,31.057587],[-94.549231,31.057167],[-94.54843,31.056773],[-94.54859,31.055418],[-94.547208,31.054668],[-94.547298,31.054024],[-94.547706,31.053475],[-94.548663,31.053471],[-94.549522,31.055036],[-94.549821,31.055181],[-94.550904,31.055185],[-94.552554,31.054455],[-94.553888,31.054613],[-94.554756,31.05494],[-94.555267,31.055726],[-94.554321,31.057073],[-94.554309,31.057502],[-94.55807,31.056987],[-94.558303,31.057198],[-94.558276,31.057875],[-94.557978,31.058984],[-94.558443,31.059291],[-94.559522,31.059072],[-94.559869,31.05807],[-94.560278,31.057875],[-94.561794,31.058616],[-94.561913,31.059439],[-94.560966,31.060391],[-94.560803,31.060978],[-94.561141,31.062302],[-94.562236,31.063666],[-94.562916,31.063649],[-94.563159,31.063325],[-94.562541,31.062417],[-94.562747,31.062101],[-94.564644,31.062408],[-94.565633,31.064317],[-94.567739,31.064217],[-94.567899,31.062302],[-94.568224,31.061671],[-94.568501,31.061602],[-94.569486,31.062976],[-94.568955,31.063873],[-94.569184,31.064414],[-94.570021,31.064635],[-94.570879,31.063222],[-94.571435,31.063224],[-94.571754,31.064581],[-94.573558,31.065614],[-94.574261,31.06643],[-94.574132,31.067023],[-94.573086,31.067615],[-94.573194,31.068159],[-94.574331,31.068617],[-94.574931,31.067264],[-94.575386,31.067258],[-94.579104,31.068771],[-94.581067,31.06812],[-94.582201,31.06804],[-94.582582,31.067351],[-94.581712,31.065671],[-94.582224,31.064807],[-94.582539,31.064713],[-94.583511,31.065847],[-94.585649,31.066514],[-94.589488,31.066087],[-94.591999,31.06787],[-94.592245,31.068255],[-94.591357,31.069297],[-94.591031,31.071041],[-94.594414,31.072821],[-94.595568,31.072502],[-94.595685,31.072022],[-94.595221,31.071228],[-94.595292,31.070567],[-94.596935,31.070291],[-94.597532,31.069921],[-94.598117,31.069337],[-94.59843,31.068615],[-94.598918,31.06856],[-94.599949,31.069223],[-94.601528,31.070845],[-94.602746,31.071456],[-94.602735,31.072265],[-94.601978,31.073354],[-94.601986,31.074315],[-94.603382,31.075491],[-94.604117,31.076591],[-94.604431,31.077646],[-94.605038,31.077949],[-94.605459,31.077695],[-94.606335,31.078064],[-94.60652,31.078503],[-94.606374,31.079499],[-94.606962,31.079663],[-94.607652,31.079487],[-94.608419,31.080581],[-94.609026,31.081785],[-94.608158,31.083028],[-94.608542,31.083848],[-94.609424,31.084254],[-94.611041,31.085914],[-94.611962,31.086403],[-94.612377,31.087019],[-94.61216,31.087833],[-94.612749,31.08824],[-94.612929,31.090455],[-94.611754,31.091561],[-94.610156,31.091705],[-94.60994,31.093003],[-94.610458,31.094179],[-94.611564,31.094833],[-94.612171,31.095806],[-94.612492,31.096994],[-94.612243,31.09739],[-94.612901,31.097763],[-94.612531,31.098478],[-94.613023,31.099369],[-94.613279,31.099638],[-94.613848,31.099715],[-94.61411,31.100705],[-94.615798,31.101084],[-94.616405,31.101556],[-94.616655,31.102634],[-94.61773,31.104794],[-94.61929,31.106487],[-94.619463,31.107197],[-94.620423,31.10867],[-94.619989,31.109462],[-94.62013,31.110281],[-94.620507,31.110913],[-94.621179,31.111397],[-94.621474,31.112557],[-94.621417,31.113761],[-94.622089,31.114564],[-94.621904,31.115224],[-94.622384,31.116356],[-94.621534,31.117247],[-94.621804,31.118809],[-94.621504,31.119442],[-94.622003,31.120173],[-94.621556,31.121592],[-94.62049,31.122994],[-94.619397,31.123402],[-94.618915,31.125173],[-94.618238,31.125635],[-94.6182,31.126146],[-94.618801,31.126069],[-94.619025,31.126652],[-94.618591,31.12746],[-94.617651,31.127725],[-94.616878,31.128495],[-94.616054,31.128721],[-94.616041,31.12893],[-94.617837,31.129088],[-94.61824,31.128824],[-94.618145,31.129803],[-94.618375,31.129946],[-94.618739,31.129748],[-94.618989,31.130028],[-94.618567,31.130837],[-94.618791,31.131343],[-94.620223,31.131512],[-94.620295,31.133712],[-94.620659,31.133981],[-94.620787,31.134454],[-94.621401,31.134729],[-94.621984,31.136131],[-94.622706,31.136372],[-94.622272,31.136554],[-94.622278,31.136884],[-94.623186,31.137004],[-94.623436,31.137274],[-94.623021,31.137747],[-94.623705,31.137812],[-94.62414,31.138335],[-94.623622,31.138351],[-94.623737,31.138863],[-94.622836,31.139506],[-94.623278,31.140727],[-94.623528,31.140881],[-94.62441,31.140528],[-94.624653,31.140935],[-94.625238,31.14068],[-94.626107,31.140779],[-94.626267,31.140983],[-94.626068,31.14151],[-94.627187,31.142198],[-94.626835,31.142621],[-94.627301,31.142974],[-94.626809,31.142924],[-94.626642,31.143474],[-94.625945,31.143996],[-94.626405,31.144601],[-94.627102,31.144816],[-94.627734,31.146053],[-94.627299,31.14657],[-94.627592,31.147983],[-94.628775,31.148457],[-94.628985,31.148831],[-94.629337,31.14893],[-94.629765,31.149821],[-94.630296,31.149453],[-94.630851,31.150377],[-94.631242,31.150239],[-94.632571,31.150828],[-94.632865,31.151483],[-94.633434,31.151219],[-94.633657,31.15217],[-94.634719,31.151698],[-94.635134,31.151935],[-94.635114,31.153205],[-94.634782,31.153688],[-94.635114,31.154469],[-94.634666,31.154667],[-94.635823,31.155361],[-94.635017,31.15574],[-94.635311,31.156207],[-94.634652,31.157037],[-94.635432,31.156867],[-94.635892,31.157335],[-94.635259,31.157637],[-94.635374,31.158049],[-94.635841,31.158209],[-94.636672,31.157989],[-94.637075,31.15838],[-94.636684,31.158935],[-94.63742,31.158803],[-94.637093,31.15959],[-94.637566,31.159678],[-94.637509,31.159975],[-94.637106,31.160205],[-94.636409,31.159864],[-94.636294,31.160288],[-94.636894,31.161217],[-94.637687,31.16114],[-94.637674,31.161938],[-94.638274,31.163923],[-94.638018,31.16455],[-94.638344,31.164955],[-94.615103,31.173448],[-94.612766,31.174131],[-94.582655,31.177967],[-94.565765,31.177405],[-94.563988,31.177931],[-94.561274,31.179306],[-94.559604,31.179622],[-94.516882,31.179955],[-94.499538,31.181226],[-94.499876,31.176091],[-94.492583,31.175651]]]}},{"type":"Feature","properties":{"PRECINCT":"33","VTD":"0033"},"geometry":{"type":"Polygon","coordinates":[[[-94.555544,31.282117],[-94.550888,31.28037],[-94.544404,31.277003],[-94.540961,31.276825],[-94.537977,31.2762],[-94.536194,31.276109],[-94.536496,31.27365],[-94.535701,31.271701],[-94.535998,31.269917],[-94.535914,31.26556],[-94.534472,31.2647],[-94.53115,31.264677],[-94.530952,31.259986],[-94.530487,31.259729],[-94.529504,31.259722],[-94.528953,31.259346],[-94.528731,31.249015],[-94.529211,31.248855],[-94.529905,31.247938],[-94.530439,31.246632],[-94.531239,31.245647],[-94.533853,31.24315],[-94.533853,31.241317],[-94.535533,31.241203],[-94.538783,31.242099],[-94.540466,31.241486],[-94.540544,31.240491],[-94.540013,31.240227],[-94.540083,31.239583],[-94.538944,31.238775],[-94.539578,31.237026],[-94.539073,31.235421],[-94.537716,31.234618],[-94.538107,31.234502],[-94.537921,31.234233],[-94.538254,31.233826],[-94.537685,31.233375],[-94.53746,31.233633],[-94.537185,31.233386],[-94.537701,31.232264],[-94.508941,31.218849],[-94.473915,31.20047],[-94.474193,31.199889],[-94.474173,31.196805],[-94.4744,31.195429],[-94.474941,31.194866],[-94.475595,31.194603],[-94.481617,31.1944],[-94.482695,31.193876],[-94.483011,31.192775],[-94.483017,31.184925],[-94.484047,31.18262],[-94.484541,31.182165],[-94.48557,31.181893],[-94.487863,31.18177],[-94.489779,31.18127],[-94.494191,31.18162],[-94.516882,31.179955],[-94.559604,31.179622],[-94.561274,31.179306],[-94.563988,31.177931],[-94.565765,31.177405],[-94.582655,31.177967],[-94.612766,31.174131],[-94.614206,31.173764],[-94.612668,31.178681],[-94.622267,31.179235],[-94.622695,31.223414],[-94.627285,31.223438],[-94.628246,31.222775],[-94.628316,31.22894],[-94.620685,31.228852],[-94.620708,31.23971],[-94.610825,31.239555],[-94.610822,31.245919],[-94.61126,31.250177],[-94.602772,31.25031],[-94.603001,31.251251],[-94.602964,31.254988],[-94.59855,31.256387],[-94.597144,31.257886],[-94.59493,31.257876],[-94.594704,31.258204],[-94.594662,31.259769],[-94.592462,31.259971],[-94.592427,31.270725],[-94.58907,31.270752],[-94.58909,31.271272],[-94.58664,31.271256],[-94.586615,31.270708],[-94.58149,31.270814],[-94.581511,31.272124],[-94.574119,31.269153],[-94.574994,31.266789],[-94.568777,31.264489],[-94.569858,31.267322],[-94.566307,31.267315],[-94.565563,31.273171],[-94.56044,31.282296],[-94.555544,31.282117]]]}},{"type":"Feature","properties":{"PRECINCT":"34","VTD":"0034"},"geometry":{"type":"Polygon","coordinates":[[[-94.706541,31.281289],[-94.706993,31.278126],[-94.709633,31.278255],[-94.710097,31.275275],[-94.709258,31.27217],[-94.709856,31.268667],[-94.713585,31.267554],[-94.71269,31.265868],[-94.714417,31.26503],[-94.713247,31.263],[-94.714548,31.262012],[-94.716597,31.263573],[-94.725388,31.258024],[-94.727971,31.259766],[-94.728761,31.260563],[-94.729044,31.261199],[-94.735754,31.259954],[-94.73538,31.258751],[-94.738408,31.258005],[-94.738159,31.256097],[-94.750213,31.254579],[-94.750333,31.254729],[-94.745505,31.261841],[-94.743052,31.266309],[-94.732429,31.2821],[-94.734644,31.286845],[-94.732936,31.288197],[-94.731928,31.289529],[-94.730261,31.296355],[-94.729197,31.297641],[-94.726988,31.297471],[-94.721929,31.285685],[-94.720958,31.28393],[-94.720276,31.283517],[-94.719315,31.283298],[-94.708981,31.281842],[-94.709003,31.28165],[-94.706541,31.281289]]]}},{"type":"Feature","properties":{"PRECINCT":"35","VTD":"0035"},"geometry":{"type":"Polygon","coordinates":[[[-94.696167,31.299392],[-94.69672,31.296559],[-94.699159,31.296045],[-94.700866,31.296248],[-94.702565,31.287728],[-94.69902,31.28718],[-94.699079,31.286413],[-94.694817,31.285658],[-94.695617,31.281665],[-94.699862,31.282402],[-94.70019,31.280597],[-94.700495,31.280429],[-94.719315,31.283298],[-94.720595,31.283676],[-94.721511,31.284756],[-94.726988,31.297471],[-94.727884,31.297608],[-94.727141,31.301],[-94.724602,31.301806],[-94.723697,31.304502],[-94.723806,31.306473],[-94.72149,31.312252],[-94.714516,31.314439],[-94.707368,31.316347],[-94.702352,31.316815],[-94.700989,31.317413],[-94.699654,31.31874],[-94.690136,31.314236],[-94.693493,31.306424],[-94.696167,31.299392]]]}},{"type":"Feature","properties":{"PRECINCT":"37","VTD":"0037"},"geometry":{"type":"Polygon","coordinates":[[[-94.696234,31.299234],[-94.693498,31.297797],[-94.684035,31.29475],[-94.683898,31.294312],[-94.684814,31.289086],[-94.684639,31.28878],[-94.679571,31.288052],[-94.67932,31.288175],[-94.679066,31.289227],[-94.67852,31.289404],[-94.671537,31.28841],[-94.671213,31.287997],[-94.669842,31.287496],[-94.669351,31.290713],[-94.665609,31.289192],[-94.657486,31.286715],[-94.658335,31.286015],[-94.657285,31.285503],[-94.657573,31.284558],[-94.658201,31.283667],[-94.657497,31.282171],[-94.657504,31.281698],[-94.658176,31.281259],[-94.659246,31.279637],[-94.659803,31.27928],[-94.659662,31.278757],[-94.660315,31.27862],[-94.660296,31.278158],[-94.660475,31.278136],[-94.660488,31.277487],[-94.659394,31.276915],[-94.659503,31.275766],[-94.660111,31.275689],[-94.659605,31.274881],[-94.65958,31.273539],[-94.659965,31.272637],[-94.660631,31.272181],[-94.661066,31.271351],[-94.661892,31.271268],[-94.662199,31.270647],[-94.662987,31.271104],[-94.663326,31.270999],[-94.662987,31.269993],[-94.663634,31.269828],[-94.663672,31.269641],[-94.66307,31.26919],[-94.663448,31.268673],[-94.663218,31.268123],[-94.664133,31.267887],[-94.665023,31.267354],[-94.664678,31.266353],[-94.66359,31.265858],[-94.663155,31.264824],[-94.664121,31.264143],[-94.664986,31.26439],[-94.665152,31.263719],[-94.664813,31.26334],[-94.662637,31.262284],[-94.662976,31.261893],[-94.663949,31.26152],[-94.663738,31.260975],[-94.664481,31.260343],[-94.663764,31.259931],[-94.664014,31.258545],[-94.662548,31.258154],[-94.663496,31.257335],[-94.662766,31.257209],[-94.66331,31.256582],[-94.663061,31.256131],[-94.663272,31.255488],[-94.663112,31.254938],[-94.663529,31.254382],[-94.663548,31.253415],[-94.66454,31.253107],[-94.664649,31.252772],[-94.66392,31.251914],[-94.663997,31.251182],[-94.663024,31.251243],[-94.662941,31.251078],[-94.663879,31.249336],[-94.664897,31.248797],[-94.664609,31.248022],[-94.664929,31.247714],[-94.664565,31.247345],[-94.665256,31.246878],[-94.664789,31.246366],[-94.665,31.24486],[-94.66461,31.244359],[-94.665212,31.243304],[-94.664713,31.24288],[-94.664866,31.242149],[-94.665545,31.241731],[-94.665417,31.241544],[-94.664828,31.241682],[-94.664687,31.241407],[-94.665462,31.240736],[-94.666057,31.240846],[-94.666083,31.240472],[-94.666627,31.239972],[-94.666684,31.239202],[-94.66591,31.238168],[-94.665699,31.237459],[-94.666173,31.236579],[-94.665834,31.23565],[-94.666518,31.235391],[-94.666563,31.235166],[-94.665629,31.234561],[-94.66609,31.234127],[-94.66618,31.233164],[-94.665828,31.233032],[-94.665265,31.233577],[-94.664861,31.23367],[-94.664669,31.233566],[-94.664689,31.232983],[-94.664196,31.232955],[-94.664478,31.232526],[-94.663787,31.232493],[-94.664209,31.231932],[-94.664055,31.231635],[-94.664472,31.231498],[-94.664516,31.231003],[-94.664331,31.230921],[-94.664805,31.230162],[-94.664529,31.230035],[-94.664075,31.230244],[-94.663851,31.229199],[-94.663986,31.228886],[-94.665093,31.228672],[-94.66469,31.227946],[-94.66515,31.227765],[-94.665278,31.227396],[-94.665682,31.227314],[-94.665547,31.226445],[-94.664933,31.226252],[-94.664869,31.225582],[-94.663686,31.224366],[-94.662905,31.224503],[-94.662349,31.223497],[-94.66167,31.223651],[-94.661767,31.22281],[-94.661012,31.222601],[-94.66114,31.221842],[-94.660654,31.221418],[-94.660091,31.221473],[-94.659815,31.221209],[-94.659221,31.219609],[-94.659886,31.219125],[-94.659381,31.21747],[-94.658364,31.217673],[-94.658274,31.217409],[-94.65885,31.217014],[-94.65871,31.216832],[-94.657558,31.217519],[-94.657436,31.216821],[-94.656765,31.216914],[-94.656125,31.216117],[-94.656516,31.215451],[-94.656522,31.214649],[-94.656266,31.214401],[-94.656413,31.214044],[-94.656215,31.213934],[-94.655831,31.214231],[-94.655684,31.213917],[-94.655883,31.213587],[-94.656663,31.213461],[-94.65619,31.212482],[-94.655205,31.212086],[-94.655205,31.21174],[-94.655666,31.211267],[-94.654936,31.211091],[-94.655775,31.210574],[-94.655602,31.21014],[-94.656088,31.20987],[-94.655289,31.209782],[-94.655167,31.209507],[-94.656351,31.208875],[-94.656057,31.207896],[-94.65552,31.207308],[-94.655981,31.206285],[-94.655456,31.205851],[-94.654625,31.205845],[-94.654522,31.20563],[-94.654919,31.20485],[-94.653813,31.204525],[-94.653838,31.203744],[-94.653493,31.203227],[-94.652661,31.203007],[-94.651657,31.202155],[-94.651849,31.20183],[-94.65169,31.20144],[-94.652547,31.20083],[-94.652253,31.200208],[-94.651664,31.200527],[-94.651402,31.2004],[-94.651953,31.199515],[-94.651172,31.199746],[-94.65059,31.199614],[-94.650001,31.199878],[-94.649554,31.199273],[-94.648786,31.199338],[-94.648262,31.19908],[-94.648336,31.198899],[-94.648917,31.198802],[-94.651049,31.199195],[-94.657737,31.199039],[-94.659246,31.198338],[-94.664344,31.198139],[-94.665414,31.1977],[-94.667616,31.195555],[-94.668105,31.195337],[-94.67559,31.195297],[-94.676888,31.196353],[-94.678612,31.198679],[-94.680636,31.203836],[-94.684019,31.207959],[-94.686253,31.21181],[-94.68911,31.224499],[-94.695692,31.235737],[-94.698421,31.241691],[-94.701683,31.25113],[-94.702549,31.25253],[-94.710523,31.262036],[-94.710805,31.263431],[-94.709258,31.27217],[-94.710097,31.275275],[-94.709633,31.278255],[-94.706993,31.278126],[-94.706541,31.281289],[-94.700495,31.280429],[-94.70019,31.280597],[-94.699862,31.282402],[-94.695617,31.281665],[-94.694817,31.285658],[-94.699079,31.286413],[-94.69902,31.28718],[-94.702565,31.287728],[-94.700866,31.296248],[-94.699159,31.296045],[-94.69672,31.296559],[-94.696234,31.299234]]]}},{"type":"Feature","properties":{"PRECINCT":"38","VTD":"0038"},"geometry":{"type":"Polygon","coordinates":[[[-94.75189,31.249901],[-94.747905,31.24],[-94.730866,31.245317],[-94.730088,31.243094],[-94.743507,31.23903],[-94.74386,31.239761],[-94.749812,31.23781],[-94.758538,31.235646],[-94.754538,31.226388],[-94.779339,31.218499],[-94.787215,31.236307],[-94.774466,31.240319],[-94.776436,31.245125],[-94.766397,31.248237],[-94.765653,31.244606],[-94.767546,31.244003],[-94.767617,31.244255],[-94.769117,31.243792],[-94.768486,31.242121],[-94.762227,31.244014],[-94.761306,31.24199],[-94.758669,31.242863],[-94.753635,31.24981],[-94.75189,31.249901]]]}},{"type":"Feature","properties":{"PRECINCT":"39","VTD":"0039"},"geometry":{"type":"Polygon","coordinates":[[[-94.760555,31.334189],[-94.759387,31.33284],[-94.756718,31.328832],[-94.75559,31.324565],[-94.757625,31.323183],[-94.766298,31.320412],[-94.768973,31.320236],[-94.771938,31.318644],[-94.773244,31.318229],[-94.774205,31.321363],[-94.764807,31.328425],[-94.764898,31.329565],[-94.766786,31.329092],[-94.767195,31.334305],[-94.762035,31.336009],[-94.762152,31.3363],[-94.761843,31.337042],[-94.760555,31.334189]]]}},{"type":"Feature","properties":{"PRECINCT":"40","VTD":"0040"},"geometry":{"type":"Polygon","coordinates":[[[-94.727141,31.301],[-94.728012,31.297627],[-94.726356,31.306184],[-94.726479,31.307941],[-94.727851,31.31426],[-94.727479,31.323492],[-94.727247,31.324037],[-94.725585,31.325862],[-94.724194,31.328833],[-94.722857,31.330557],[-94.717371,31.327713],[-94.711217,31.324945],[-94.701314,31.319844],[-94.699654,31.31874],[-94.700989,31.317413],[-94.702352,31.316815],[-94.707368,31.316347],[-94.714516,31.314439],[-94.72149,31.312252],[-94.723806,31.306473],[-94.723697,31.304502],[-94.724602,31.301806],[-94.727141,31.301]]]}},{"type":"Feature","properties":{"PRECINCT":"11B","VTD":"011B"},"geometry":{"type":"Polygon","coordinates":[[[-94.557957,31.286594],[-94.565563,31.273171],[-94.566307,31.267315],[-94.569858,31.267322],[-94.568777,31.264489],[-94.574994,31.266789],[-94.574119,31.269153],[-94.581511,31.272124],[-94.58149,31.270814],[-94.586615,31.270708],[-94.58664,31.271256],[-94.58909,31.271272],[-94.58907,31.270752],[-94.592427,31.270725],[-94.592413,31.269472],[-94.596159,31.269484],[-94.596224,31.272568],[-94.597116,31.272663],[-94.597119,31.272813],[-94.597086,31.273086],[-94.596739,31.273207],[-94.594579,31.27321],[-94.594626,31.27621],[-94.595202,31.278682],[-94.596097,31.280655],[-94.594934,31.280775],[-94.595069,31.281584],[-94.596887,31.282502],[-94.597106,31.283235],[-94.595713,31.283482],[-94.595412,31.283745],[-94.588502,31.282968],[-94.581005,31.296256],[-94.557957,31.286594]]]}},{"type":"Feature","properties":{"PRECINCT":"17B","VTD":"017B"},"geometry":{"type":"Polygon","coordinates":[[[-94.408559,31.166631],[-94.404133,31.166574],[-94.404069,31.164241],[-94.40191,31.164261],[-94.40192,31.160461],[-94.40428,31.160507],[-94.404146,31.152212],[-94.411268,31.152094],[-94.41128,31.152947],[-94.42198,31.15273],[-94.421801,31.142713],[-94.430837,31.142595],[-94.431275,31.158348],[-94.432814,31.158255],[-94.432752,31.160232],[-94.429235,31.160303],[-94.430189,31.16421],[-94.421624,31.165849],[-94.421626,31.16651],[-94.418599,31.166533],[-94.41862,31.166927],[-94.414886,31.170946],[-94.413813,31.174356],[-94.411701,31.174412],[-94.410557,31.175662],[-94.408827,31.175715],[-94.408559,31.166631]]]}}]}