precinct,party,candidate,votes
1004,DEM,Luke Warford,515
1004,GRN,Hunter Wayne Crow,7
1004,LIB,Jaime Andres Diez,21
1004,REP,Wayne Christian,445
1004,,Under Votes,17
1006,,Under Votes,13
1006,DEM,Luke Warford,539
1006,GRN,Hunter Wayne Crow,10
1006,LIB,Jaime Andres Diez,26
1006,REP,Wayne Christian,624
1007,,Under Votes,5
1007,DEM,Luke Warford,114
1007,GRN,Hunter Wayne Crow,2
1007,LIB,Jaime Andres Diez,4
1007,REP,Wayne Christian,170
1039,DEM,Luke Warford,75
1039,GRN,Hunter Wayne Crow,2
1039,LIB,Jaime Andres Diez,2
1039,REP,Wayne Christian,7
1040,,Under Votes,16
1040,DEM,Luke Warford,710
1040,GRN,Hunter Wayne Crow,27
1040,LIB,Jaime Andres Diez,27
1040,REP,Wayne Christian,374
1041,,Under Votes,3
1041,DEM,Luke Warford,140
1041,LIB,Jaime Andres Diez,6
1041,REP,Wayne Christian,29
1043,,Under Votes,24
1043,DEM,Luke Warford,710
1043,GRN,Hunter Wayne Crow,14
1043,LIB,Jaime Andres Diez,32
1043,REP,Wayne Christian,644
1044,,Under Votes,27
1044,DEM,Luke Warford,861
1044,GRN,Hunter Wayne Crow,13
1044,LIB,Jaime Andres Diez,41
1044,REP,Wayne Christian,879
1045,,Under Votes,8
1045,DEM,Luke Warford,412
1045,GRN,Hunter Wayne Crow,8
1045,LIB,Jaime Andres Diez,19
1045,REP,Wayne Christian,116
1046,DEM,Luke Warford,121
1046,GRN,Hunter Wayne Crow,3
1046,LIB,Jaime Andres Diez,8
1046,REP,Wayne Christian,56
1047,,Under Votes,13
1047,DEM,Luke Warford,377
1047,GRN,Hunter Wayne Crow,8
1047,LIB,Jaime Andres Diez,24
1047,REP,Wayne Christian,221
1048,,Under Votes,33
1048,DEM,Luke Warford,1003
1048,GRN,Hunter Wayne Crow,25
1048,LIB,Jaime Andres Diez,61
1048,REP,Wayne Christian,751
1049,,Under Votes,18
1049,DEM,Luke Warford,609
1049,GRN,Hunter Wayne Crow,12
1049,LIB,Jaime Andres Diez,37
1049,REP,Wayne Christian,514
1050,,Under Votes,2
1050,DEM,Luke Warford,68
1050,GRN,Hunter Wayne Crow,1
1050,LIB,Jaime Andres Diez,1
1050,REP,Wayne Christian,48
1051,,Under Votes,2
1051,DEM,Luke Warford,73
1051,GRN,Hunter Wayne Crow,1
1051,LIB,Jaime Andres Diez,5
1051,REP,Wayne Christian,48
1052,,Under Votes,38
1052,DEM,Luke Warford,1324
1052,GRN,Hunter Wayne Crow,33
1052,LIB,Jaime Andres Diez,59
1052,REP,Wayne Christian,677
1054,,Under Votes,10
1054,DEM,Luke Warford,419
1054,GRN,Hunter Wayne Crow,14
1054,LIB,Jaime Andres Diez,37
1054,REP,Wayne Christian,158
1055,,Under Votes,4
1055,DEM,Luke Warford,175
1055,GRN,Hunter Wayne Crow,4
1055,LIB,Jaime Andres Diez,14
1055,REP,Wayne Christian,74
1056,,Under Votes,7
1056,DEM,Luke Warford,262
1056,GRN,Hunter Wayne Crow,12
1056,LIB,Jaime Andres Diez,23
1056,REP,Wayne Christian,168
1057,,Under Votes,15
1057,DEM,Luke Warford,561
1057,GRN,Hunter Wayne Crow,16
1057,LIB,Jaime Andres Diez,52
1057,REP,Wayne Christian,232
1058,,Under Votes,15
1058,DEM,Luke Warford,699
1058,GRN,Hunter Wayne Crow,15
1058,LIB,Jaime Andres Diez,49
1058,REP,Wayne Christian,322
1059,,Under Votes,16
1059,DEM,Luke Warford,594
1059,GRN,Hunter Wayne Crow,14
1059,LIB,Jaime Andres Diez,27
1059,REP,Wayne Christian,402
1060,,Under Votes,48
1060,DEM,Luke Warford,1854
1060,GRN,Hunter Wayne Crow,36
1060,LIB,Jaime Andres Diez,74
1060,REP,Wayne Christian,1039
1061,,Under Votes,9
1061,DEM,Luke Warford,651
1061,GRN,Hunter Wayne Crow,14
1061,LIB,Jaime Andres Diez,35
1061,REP,Wayne Christian,302
1062,DEM,Luke Warford,4
1062,LIB,Jaime Andres Diez,1
1062,REP,Wayne Christian,2
1063,,Under Votes,9
1063,DEM,Luke Warford,429
1063,GRN,Hunter Wayne Crow,8
1063,LIB,Jaime Andres Diez,36
1063,REP,Wayne Christian,181
1064,,Under Votes,2
1064,DEM,Luke Warford,27
1064,LIB,Jaime Andres Diez,2
1064,REP,Wayne Christian,9
1065,,Under Votes,9
1065,DEM,Luke Warford,648
1065,GRN,Hunter Wayne Crow,7
1065,LIB,Jaime Andres Diez,50
1065,REP,Wayne Christian,195
1067,DEM,Luke Warford,3
1067,REP,Wayne Christian,2
1068,DEM,Luke Warford,17
1068,LIB,Jaime Andres Diez,2
1068,REP,Wayne Christian,20
1076,DEM,Luke Warford,8
1076,GRN,Hunter Wayne Crow,1
1076,REP,Wayne Christian,4
1078,,Under Votes,2
1078,DEM,Luke Warford,298
1078,GRN,Hunter Wayne Crow,7
1078,LIB,Jaime Andres Diez,12
1078,REP,Wayne Christian,49
1079,,Under Votes,11
1079,DEM,Luke Warford,663
1079,GRN,Hunter Wayne Crow,22
1079,LIB,Jaime Andres Diez,31
1079,REP,Wayne Christian,244
1080,,Under Votes,5
1080,DEM,Luke Warford,176
1080,GRN,Hunter Wayne Crow,4
1080,LIB,Jaime Andres Diez,6
1080,REP,Wayne Christian,38
1081,,Under Votes,23
1081,DEM,Luke Warford,1128
1081,GRN,Hunter Wayne Crow,31
1081,LIB,Jaime Andres Diez,66
1081,REP,Wayne Christian,486
1082,DEM,Luke Warford,52
1082,GRN,Hunter Wayne Crow,2
1082,LIB,Jaime Andres Diez,6
1082,REP,Wayne Christian,14
1083,,Under Votes,6
1083,DEM,Luke Warford,398
1083,GRN,Hunter Wayne Crow,11
1083,LIB,Jaime Andres Diez,48
1083,REP,Wayne Christian,140
1084,,Under Votes,26
1084,DEM,Luke Warford,1349
1084,GRN,Hunter Wayne Crow,21
1084,LIB,Jaime Andres Diez,39
1084,REP,Wayne Christian,349
1085,DEM,Luke Warford,264
1085,GRN,Hunter Wayne Crow,7
1085,LIB,Jaime Andres Diez,22
1085,REP,Wayne Christian,99
1086,,Under Votes,1
1086,DEM,Luke Warford,107
1086,GRN,Hunter Wayne Crow,3
1086,LIB,Jaime Andres Diez,8
1086,REP,Wayne Christian,23
1087,,Under Votes,15
1087,DEM,Luke Warford,1077
1087,GRN,Hunter Wayne Crow,8
1087,LIB,Jaime Andres Diez,58
1087,REP,Wayne Christian,161
1088,,Under Votes,10
1088,DEM,Luke Warford,425
1088,GRN,Hunter Wayne Crow,11
1088,LIB,Jaime Andres Diez,47
1088,REP,Wayne Christian,140
1089,,Under Votes,9
1089,DEM,Luke Warford,579
1089,GRN,Hunter Wayne Crow,7
1089,LIB,Jaime Andres Diez,29
1089,REP,Wayne Christian,61
1090,,Under Votes,8
1090,DEM,Luke Warford,597
1090,GRN,Hunter Wayne Crow,10
1090,LIB,Jaime Andres Diez,40
1090,REP,Wayne Christian,126
1091,,Under Votes,14
1091,DEM,Luke Warford,490
1091,GRN,Hunter Wayne Crow,10
1091,LIB,Jaime Andres Diez,31
1091,REP,Wayne Christian,143
1092,,Under Votes,14
1092,DEM,Luke Warford,751
1092,GRN,Hunter Wayne Crow,10
1092,LIB,Jaime Andres Diez,41
1092,REP,Wayne Christian,112
1093,,Under Votes,5
1093,DEM,Luke Warford,401
1093,GRN,Hunter Wayne Crow,2
1093,LIB,Jaime Andres Diez,20
1093,REP,Wayne Christian,54
1094,,Under Votes,2
1094,DEM,Luke Warford,330
1094,GRN,Hunter Wayne Crow,4
1094,LIB,Jaime Andres Diez,22
1094,REP,Wayne Christian,41
1095,,Under Votes,4
1095,DEM,Luke Warford,328
1095,GRN,Hunter Wayne Crow,2
1095,LIB,Jaime Andres Diez,26
1095,REP,Wayne Christian,74
1096,,Under Votes,9
1096,DEM,Luke Warford,303
1096,GRN,Hunter Wayne Crow,6
1096,LIB,Jaime Andres Diez,34
1096,REP,Wayne Christian,61
1097,,Under Votes,15
1097,DEM,Luke Warford,546
1097,GRN,Hunter Wayne Crow,12
1097,LIB,Jaime Andres Diez,48
1097,REP,Wayne Christian,173
1098,,Under Votes,6
1098,DEM,Luke Warford,502
1098,LIB,Jaime Andres Diez,43
1098,REP,Wayne Christian,92
1099,DEM,Luke Warford,17
1099,LIB,Jaime Andres Diez,3
1099,REP,Wayne Christian,7
1100,,Under Votes,18
1100,DEM,Luke Warford,682
1100,GRN,Hunter Wayne Crow,10
1100,LIB,Jaime Andres Diez,47
1100,REP,Wayne Christian,75
1101,,Under Votes,11
1101,DEM,Luke Warford,320
1101,GRN,Hunter Wayne Crow,8
1101,LIB,Jaime Andres Diez,30
1101,REP,Wayne Christian,100
1102,,Under Votes,7
1102,DEM,Luke Warford,362
1102,GRN,Hunter Wayne Crow,3
1102,LIB,Jaime Andres Diez,41
1102,REP,Wayne Christian,118
1103,,Under Votes,4
1103,DEM,Luke Warford,98
1103,LIB,Jaime Andres Diez,13
1103,REP,Wayne Christian,31
1104,,Under Votes,9
1104,DEM,Luke Warford,532
1104,GRN,Hunter Wayne Crow,5
1104,LIB,Jaime Andres Diez,45
1104,REP,Wayne Christian,97
1105,DEM,Luke Warford,12
1105,REP,Wayne Christian,2
1106,DEM,Luke Warford,48
1106,LIB,Jaime Andres Diez,7
1106,REP,Wayne Christian,17
1107,,Under Votes,6
1107,DEM,Luke Warford,151
1107,GRN,Hunter Wayne Crow,4
1107,LIB,Jaime Andres Diez,21
1107,REP,Wayne Christian,51
1108,,Under Votes,11
1108,DEM,Luke Warford,568
1108,GRN,Hunter Wayne Crow,5
1108,LIB,Jaime Andres Diez,29
1108,REP,Wayne Christian,138
1109,,Under Votes,2
1109,DEM,Luke Warford,89
1109,GRN,Hunter Wayne Crow,2
1109,LIB,Jaime Andres Diez,9
1109,REP,Wayne Christian,38
1110,DEM,Luke Warford,3
1110,LIB,Jaime Andres Diez,1
1111,,Under Votes,6
1111,DEM,Luke Warford,287
1111,GRN,Hunter Wayne Crow,4
1111,LIB,Jaime Andres Diez,32
1111,REP,Wayne Christian,99
1113,,Under Votes,1
1113,DEM,Luke Warford,80
1113,GRN,Hunter Wayne Crow,3
1113,LIB,Jaime Andres Diez,4
1113,REP,Wayne Christian,15
1114,,Under Votes,4
1114,DEM,Luke Warford,151
1114,GRN,Hunter Wayne Crow,2
1114,LIB,Jaime Andres Diez,6
1114,REP,Wayne Christian,14
1115,,Under Votes,11
1115,DEM,Luke Warford,409
1115,GRN,Hunter Wayne Crow,7
1115,LIB,Jaime Andres Diez,33
1115,REP,Wayne Christian,176
1116,,Under Votes,9
1116,DEM,Luke Warford,353
1116,GRN,Hunter Wayne Crow,9
1116,LIB,Jaime Andres Diez,37
1116,REP,Wayne Christian,161
1121,,Under Votes,10
1121,DEM,Luke Warford,489
1121,GRN,Hunter Wayne Crow,5
1121,LIB,Jaime Andres Diez,41
1121,REP,Wayne Christian,212
1124,REP,Wayne Christian,1
1125,,Under Votes,9
1125,DEM,Luke Warford,377
1125,GRN,Hunter Wayne Crow,8
1125,LIB,Jaime Andres Diez,36
1125,REP,Wayne Christian,251
1128,,Under Votes,17
1128,DEM,Luke Warford,179
1128,GRN,Hunter Wayne Crow,5
1128,LIB,Jaime Andres Diez,6
1128,REP,Wayne Christian,294
1129,DEM,Luke Warford,38
1129,GRN,Hunter Wayne Crow,1
1129,LIB,Jaime Andres Diez,2
1129,REP,Wayne Christian,5
1133,,Under Votes,14
1133,DEM,Luke Warford,131
1133,GRN,Hunter Wayne Crow,3
1133,LIB,Jaime Andres Diez,7
1133,REP,Wayne Christian,77
1134,DEM,Luke Warford,120
1134,GRN,Hunter Wayne Crow,2
1134,LIB,Jaime Andres Diez,13
1134,REP,Wayne Christian,17
1135,,Under Votes,6
1135,DEM,Luke Warford,372
1135,GRN,Hunter Wayne Crow,7
1135,LIB,Jaime Andres Diez,31
1135,REP,Wayne Christian,58
1136,DEM,Luke Warford,1
1137,DEM,Luke Warford,11
1137,LIB,Jaime Andres Diez,1
1137,REP,Wayne Christian,6
1139,DEM,Luke Warford,2
1139,REP,Wayne Christian,3
1141,,Under Votes,16
1141,DEM,Luke Warford,333
1141,GRN,Hunter Wayne Crow,5
1141,LIB,Jaime Andres Diez,24
1141,REP,Wayne Christian,436
1142,,Under Votes,28
1142,DEM,Luke Warford,720
1142,GRN,Hunter Wayne Crow,12
1142,LIB,Jaime Andres Diez,34
1142,REP,Wayne Christian,1039
1143,,Under Votes,18
1143,DEM,Luke Warford,435
1143,GRN,Hunter Wayne Crow,7
1143,LIB,Jaime Andres Diez,16
1143,REP,Wayne Christian,580
1144,,Under Votes,38
1144,DEM,Luke Warford,938
1144,GRN,Hunter Wayne Crow,19
1144,LIB,Jaime Andres Diez,40
1144,REP,Wayne Christian,935
1146,,Under Votes,35
1146,DEM,Luke Warford,687
1146,GRN,Hunter Wayne Crow,11
1146,LIB,Jaime Andres Diez,40
1146,REP,Wayne Christian,722
1147,,Under Votes,11
1147,DEM,Luke Warford,225
1147,GRN,Hunter Wayne Crow,5
1147,LIB,Jaime Andres Diez,12
1147,REP,Wayne Christian,297
1151,DEM,Luke Warford,25
1151,LIB,Jaime Andres Diez,2
1151,REP,Wayne Christian,10
1153,,Under Votes,1
1153,DEM,Luke Warford,4
1153,LIB,Jaime Andres Diez,1
1163,,Under Votes,26
1163,DEM,Luke Warford,502
1163,GRN,Hunter Wayne Crow,14
1163,LIB,Jaime Andres Diez,22
1163,REP,Wayne Christian,437
1164,,Under Votes,25
1164,DEM,Luke Warford,747
1164,GRN,Hunter Wayne Crow,7
1164,LIB,Jaime Andres Diez,41
1164,REP,Wayne Christian,744
1165,,Under Votes,38
1165,DEM,Luke Warford,741
1165,GRN,Hunter Wayne Crow,11
1165,LIB,Jaime Andres Diez,29
1165,REP,Wayne Christian,691
1168,,Under Votes,44
1168,DEM,Luke Warford,1081
1168,GRN,Hunter Wayne Crow,22
1168,LIB,Jaime Andres Diez,56
1168,REP,Wayne Christian,864
1169,,Under Votes,48
1169,DEM,Luke Warford,1114
1169,GRN,Hunter Wayne Crow,30
1169,LIB,Jaime Andres Diez,49
1169,REP,Wayne Christian,811
1170,,Under Votes,15
1170,DEM,Luke Warford,550
1170,GRN,Hunter Wayne Crow,9
1170,LIB,Jaime Andres Diez,27
1170,REP,Wayne Christian,370
1171,,Under Votes,31
1171,DEM,Luke Warford,929
1171,GRN,Hunter Wayne Crow,21
1171,LIB,Jaime Andres Diez,47
1171,REP,Wayne Christian,562
1172,,Under Votes,20
1172,DEM,Luke Warford,727
1172,GRN,Hunter Wayne Crow,20
1172,LIB,Jaime Andres Diez,36
1172,REP,Wayne Christian,472
1173,,Under Votes,10
1173,DEM,Luke Warford,471
1173,GRN,Hunter Wayne Crow,13
1173,LIB,Jaime Andres Diez,21
1173,REP,Wayne Christian,265
1174,,Under Votes,31
1174,DEM,Luke Warford,1058
1174,GRN,Hunter Wayne Crow,19
1174,LIB,Jaime Andres Diez,34
1174,REP,Wayne Christian,632
1300,,Under Votes,19
1300,DEM,Luke Warford,478
1300,GRN,Hunter Wayne Crow,12
1300,LIB,Jaime Andres Diez,75
1300,REP,Wayne Christian,442
1301,,Under Votes,18
1301,DEM,Luke Warford,521
1301,GRN,Hunter Wayne Crow,18
1301,LIB,Jaime Andres Diez,43
1301,REP,Wayne Christian,417
1302,,Under Votes,11
1302,DEM,Luke Warford,526
1302,GRN,Hunter Wayne Crow,11
1302,LIB,Jaime Andres Diez,43
1302,REP,Wayne Christian,299
1303,DEM,Luke Warford,18
1303,LIB,Jaime Andres Diez,2
1303,REP,Wayne Christian,2
1304,,Under Votes,5
1304,DEM,Luke Warford,294
1304,GRN,Hunter Wayne Crow,12
1304,LIB,Jaime Andres Diez,27
1304,REP,Wayne Christian,271
1305,,Under Votes,10
1305,DEM,Luke Warford,301
1305,GRN,Hunter Wayne Crow,4
1305,LIB,Jaime Andres Diez,40
1305,REP,Wayne Christian,220
1307,DEM,Luke Warford,45
1307,LIB,Jaime Andres Diez,1
1307,REP,Wayne Christian,2
1308,,Under Votes,10
1308,DEM,Luke Warford,376
1308,GRN,Hunter Wayne Crow,7
1308,LIB,Jaime Andres Diez,35
1308,REP,Wayne Christian,230
1309,DEM,Luke Warford,81
1309,LIB,Jaime Andres Diez,7
1309,REP,Wayne Christian,10
1310,,Under Votes,16
1310,DEM,Luke Warford,549
1310,GRN,Hunter Wayne Crow,14
1310,LIB,Jaime Andres Diez,38
1310,REP,Wayne Christian,440
1311,,Under Votes,17
1311,DEM,Luke Warford,502
1311,GRN,Hunter Wayne Crow,10
1311,LIB,Jaime Andres Diez,43
1311,REP,Wayne Christian,481
1312,,Under Votes,4
1312,DEM,Luke Warford,158
1312,GRN,Hunter Wayne Crow,3
1312,LIB,Jaime Andres Diez,11
1312,REP,Wayne Christian,199
1313,,Under Votes,1
1313,DEM,Luke Warford,121
1313,GRN,Hunter Wayne Crow,2
1313,LIB,Jaime Andres Diez,8
1313,REP,Wayne Christian,19
1314,,Under Votes,7
1314,DEM,Luke Warford,487
1314,GRN,Hunter Wayne Crow,6
1314,LIB,Jaime Andres Diez,44
1314,REP,Wayne Christian,285
1315,DEM,Luke Warford,6
1315,LIB,Jaime Andres Diez,1
1315,REP,Wayne Christian,7
1316,DEM,Luke Warford,163
1316,LIB,Jaime Andres Diez,10
1316,REP,Wayne Christian,35
1316,,Under Votes,1
1324,,Under Votes,20
1324,DEM,Luke Warford,652
1324,GRN,Hunter Wayne Crow,6
1324,LIB,Jaime Andres Diez,43
1324,REP,Wayne Christian,669
1325,,Under Votes,15
1325,DEM,Luke Warford,569
1325,GRN,Hunter Wayne Crow,13
1325,LIB,Jaime Andres Diez,43
1325,REP,Wayne Christian,671
1326,,Under Votes,10
1326,DEM,Luke Warford,319
1326,GRN,Hunter Wayne Crow,8
1326,LIB,Jaime Andres Diez,29
1326,REP,Wayne Christian,308
1327,,Under Votes,10
1327,DEM,Luke Warford,629
1327,GRN,Hunter Wayne Crow,6
1327,LIB,Jaime Andres Diez,41
1327,REP,Wayne Christian,337
1328,REP,Wayne Christian,2
1329,LIB,Jaime Andres Diez,1
1401,,Under Votes,3
1401,DEM,Luke Warford,78
1401,LIB,Jaime Andres Diez,6
1401,REP,Wayne Christian,37
1402,,Under Votes,10
1402,DEM,Luke Warford,476
1402,LIB,Jaime Andres Diez,38
1402,REP,Wayne Christian,227
1402,GRN,Hunter Wayne Crow,3
1403,DEM,Luke Warford,2
1403,REP,Wayne Christian,8
1404,,Under Votes,7
1404,DEM,Luke Warford,202
1404,GRN,Hunter Wayne Crow,1
1404,LIB,Jaime Andres Diez,8
1404,REP,Wayne Christian,54
1405,,Under Votes,3
1405,DEM,Luke Warford,70
1405,GRN,Hunter Wayne Crow,1
1405,LIB,Jaime Andres Diez,6
1405,REP,Wayne Christian,33
1406,DEM,Luke Warford,140
1406,REP,Wayne Christian,35
1406,,Under Votes,2
1406,GRN,Hunter Wayne Crow,3
1406,LIB,Jaime Andres Diez,4
1407,DEM,Luke Warford,1
1407,LIB,Jaime Andres Diez,1
1407,REP,Wayne Christian,2
1408,REP,Wayne Christian,1
1409,,Under Votes,5
1409,DEM,Luke Warford,128
1409,GRN,Hunter Wayne Crow,3
1409,LIB,Jaime Andres Diez,10
1409,REP,Wayne Christian,59
1410,DEM,Luke Warford,373
1410,GRN,Hunter Wayne Crow,6
1410,LIB,Jaime Andres Diez,36
1410,REP,Wayne Christian,177
1410,,Under Votes,10
1411,,Under Votes,17
1411,DEM,Luke Warford,712
1411,GRN,Hunter Wayne Crow,11
1411,LIB,Jaime Andres Diez,51
1411,REP,Wayne Christian,336
1412,,Under Votes,4
1412,DEM,Luke Warford,68
1412,GRN,Hunter Wayne Crow,2
1412,LIB,Jaime Andres Diez,3
1412,REP,Wayne Christian,59
1700,,Under Votes,9
1700,DEM,Luke Warford,401
1700,GRN,Hunter Wayne Crow,14
1700,LIB,Jaime Andres Diez,43
1700,REP,Wayne Christian,286
1701,,Under Votes,13
1701,DEM,Luke Warford,417
1701,GRN,Hunter Wayne Crow,10
1701,LIB,Jaime Andres Diez,39
1701,REP,Wayne Christian,363
1702,,Under Votes,18
1702,DEM,Luke Warford,544
1702,GRN,Hunter Wayne Crow,11
1702,LIB,Jaime Andres Diez,43
1702,REP,Wayne Christian,446
1703,,Under Votes,25
1703,DEM,Luke Warford,660
1703,GRN,Hunter Wayne Crow,18
1703,LIB,Jaime Andres Diez,67
1703,REP,Wayne Christian,413
1704,,Under Votes,8
1704,DEM,Luke Warford,316
1704,GRN,Hunter Wayne Crow,12
1704,LIB,Jaime Andres Diez,27
1704,REP,Wayne Christian,212
1705,,Under Votes,11
1705,DEM,Luke Warford,459
1705,GRN,Hunter Wayne Crow,14
1705,LIB,Jaime Andres Diez,42
1705,REP,Wayne Christian,323
1706,,Under Votes,21
1706,DEM,Luke Warford,550
1706,GRN,Hunter Wayne Crow,15
1706,LIB,Jaime Andres Diez,50
1706,REP,Wayne Christian,381
1707,,Under Votes,2
1707,DEM,Luke Warford,83
1707,GRN,Hunter Wayne Crow,1
1707,LIB,Jaime Andres Diez,8
1707,REP,Wayne Christian,31
1708,,Under Votes,3
1708,DEM,Luke Warford,177
1708,GRN,Hunter Wayne Crow,7
1708,LIB,Jaime Andres Diez,13
1708,REP,Wayne Christian,122
1709,,Under Votes,14
1709,DEM,Luke Warford,829
1709,GRN,Hunter Wayne Crow,16
1709,LIB,Jaime Andres Diez,57
1709,REP,Wayne Christian,343
1710,,Under Votes,17
1710,DEM,Luke Warford,348
1710,GRN,Hunter Wayne Crow,8
1710,LIB,Jaime Andres Diez,23
1710,REP,Wayne Christian,70
1711,,Under Votes,8
1711,DEM,Luke Warford,406
1711,GRN,Hunter Wayne Crow,16
1711,LIB,Jaime Andres Diez,41
1711,REP,Wayne Christian,295
1712,,Under Votes,14
1712,DEM,Luke Warford,466
1712,GRN,Hunter Wayne Crow,9
1712,LIB,Jaime Andres Diez,43
1712,REP,Wayne Christian,488
1713,,Under Votes,5
1713,DEM,Luke Warford,188
1713,GRN,Hunter Wayne Crow,3
1713,LIB,Jaime Andres Diez,24
1713,REP,Wayne Christian,268
1714,,Under Votes,12
1714,DEM,Luke Warford,373
1714,GRN,Hunter Wayne Crow,11
1714,LIB,Jaime Andres Diez,49
1714,REP,Wayne Christian,365
1715,,Under Votes,9
1715,DEM,Luke Warford,259
1715,GRN,Hunter Wayne Crow,5
1715,LIB,Jaime Andres Diez,29
1715,REP,Wayne Christian,158
1716,,Under Votes,18
1716,DEM,Luke Warford,509
1716,GRN,Hunter Wayne Crow,15
1716,LIB,Jaime Andres Diez,42
1716,REP,Wayne Christian,679
1717,,Under Votes,20
1717,DEM,Luke Warford,713
1717,GRN,Hunter Wayne Crow,21
1717,LIB,Jaime Andres Diez,65
1717,REP,Wayne Christian,554
1718,,Under Votes,15
1718,DEM,Luke Warford,328
1718,GRN,Hunter Wayne Crow,9
1718,LIB,Jaime Andres Diez,32
1718,REP,Wayne Christian,355
1719,,Under Votes,15
1719,DEM,Luke Warford,557
1719,GRN,Hunter Wayne Crow,22
1719,LIB,Jaime Andres Diez,42
1719,REP,Wayne Christian,375
1720,,Under Votes,21
1720,DEM,Luke Warford,649
1720,GRN,Hunter Wayne Crow,16
1720,LIB,Jaime Andres Diez,54
1720,REP,Wayne Christian,515
1721,,Under Votes,13
1721,DEM,Luke Warford,501
1721,GRN,Hunter Wayne Crow,14
1721,LIB,Jaime Andres Diez,32
1721,REP,Wayne Christian,522
1722,,Under Votes,15
1722,DEM,Luke Warford,651
1722,GRN,Hunter Wayne Crow,16
1722,LIB,Jaime Andres Diez,44
1722,REP,Wayne Christian,376
1723,,Under Votes,1
1723,DEM,Luke Warford,29
1723,GRN,Hunter Wayne Crow,1
1723,LIB,Jaime Andres Diez,5
1723,REP,Wayne Christian,18
1724,,Under Votes,1
1724,DEM,Luke Warford,33
1724,GRN,Hunter Wayne Crow,1
1724,LIB,Jaime Andres Diez,3
1724,REP,Wayne Christian,16
1725,,Under Votes,2
1725,DEM,Luke Warford,122
1725,LIB,Jaime Andres Diez,7
1725,REP,Wayne Christian,169
1726,,Under Votes,11
1726,DEM,Luke Warford,423
1726,GRN,Hunter Wayne Crow,14
1726,LIB,Jaime Andres Diez,40
1726,REP,Wayne Christian,300
1727,,Under Votes,1
1727,DEM,Luke Warford,57
1727,GRN,Hunter Wayne Crow,3
1727,LIB,Jaime Andres Diez,1
1727,REP,Wayne Christian,34
1728,,Under Votes,9
1728,DEM,Luke Warford,284
1728,GRN,Hunter Wayne Crow,9
1728,LIB,Jaime Andres Diez,25
1728,REP,Wayne Christian,257
1729,,Under Votes,3
1729,DEM,Luke Warford,342
1729,GRN,Hunter Wayne Crow,10
1729,LIB,Jaime Andres Diez,26
1729,REP,Wayne Christian,204
1732,,Under Votes,3
1732,DEM,Luke Warford,260
1732,GRN,Hunter Wayne Crow,8
1732,LIB,Jaime Andres Diez,17
1732,REP,Wayne Christian,221
1733,,Under Votes,21
1733,DEM,Luke Warford,734
1733,GRN,Hunter Wayne Crow,24
1733,LIB,Jaime Andres Diez,63
1733,REP,Wayne Christian,667
1734,,Under Votes,11
1734,DEM,Luke Warford,308
1734,GRN,Hunter Wayne Crow,8
1734,LIB,Jaime Andres Diez,23
1734,REP,Wayne Christian,369
1735,,Under Votes,32
1735,DEM,Luke Warford,1122
1735,GRN,Hunter Wayne Crow,29
1735,LIB,Jaime Andres Diez,68
1735,REP,Wayne Christian,1261
1736,,Under Votes,13
1736,DEM,Luke Warford,397
1736,GRN,Hunter Wayne Crow,7
1736,LIB,Jaime Andres Diez,25
1736,REP,Wayne Christian,680
1737,,Under Votes,42
1737,DEM,Luke Warford,1098
1737,GRN,Hunter Wayne Crow,15
1737,LIB,Jaime Andres Diez,63
1737,REP,Wayne Christian,1815
1738,,Under Votes,12
1738,DEM,Luke Warford,601
1738,GRN,Hunter Wayne Crow,16
1738,LIB,Jaime Andres Diez,41
1738,REP,Wayne Christian,524
1739,,Under Votes,21
1739,DEM,Luke Warford,698
1739,GRN,Hunter Wayne Crow,17
1739,LIB,Jaime Andres Diez,39
1739,REP,Wayne Christian,608
1740,,Under Votes,15
1740,DEM,Luke Warford,1000
1740,GRN,Hunter Wayne Crow,23
1740,LIB,Jaime Andres Diez,76
1740,REP,Wayne Christian,803
1741,,Under Votes,26
1741,DEM,Luke Warford,1099
1741,GRN,Hunter Wayne Crow,38
1741,LIB,Jaime Andres Diez,63
1741,REP,Wayne Christian,942
1742,,Under Votes,22
1742,DEM,Luke Warford,1115
1742,GRN,Hunter Wayne Crow,22
1742,LIB,Jaime Andres Diez,84
1742,REP,Wayne Christian,750
1743,,Under Votes,25
1743,DEM,Luke Warford,1024
1743,GRN,Hunter Wayne Crow,20
1743,LIB,Jaime Andres Diez,89
1743,REP,Wayne Christian,786
1744,,Under Votes,3
1744,DEM,Luke Warford,9
1744,GRN,Hunter Wayne Crow,1
1744,REP,Wayne Christian,21
1744,LIB,Jaime Andres Diez,2
1745,,Under Votes,9
1745,DEM,Luke Warford,573
1745,GRN,Hunter Wayne Crow,10
1745,LIB,Jaime Andres Diez,43
1745,REP,Wayne Christian,529
1746,,Under Votes,10
1746,DEM,Luke Warford,399
1746,GRN,Hunter Wayne Crow,9
1746,LIB,Jaime Andres Diez,20
1746,REP,Wayne Christian,291
1747,,Under Votes,16
1747,DEM,Luke Warford,657
1747,GRN,Hunter Wayne Crow,12
1747,LIB,Jaime Andres Diez,44
1747,REP,Wayne Christian,568
1748,,Under Votes,12
1748,DEM,Luke Warford,527
1748,GRN,Hunter Wayne Crow,18
1748,LIB,Jaime Andres Diez,37
1748,REP,Wayne Christian,303
1749,,Under Votes,20
1749,DEM,Luke Warford,882
1749,GRN,Hunter Wayne Crow,15
1749,LIB,Jaime Andres Diez,61
1749,REP,Wayne Christian,616
1750,,Under Votes,16
1750,DEM,Luke Warford,662
1750,GRN,Hunter Wayne Crow,13
1750,LIB,Jaime Andres Diez,40
1750,REP,Wayne Christian,696
1751,,Under Votes,40
1751,DEM,Luke Warford,1446
1751,GRN,Hunter Wayne Crow,33
1751,LIB,Jaime Andres Diez,76
1751,REP,Wayne Christian,1224
1752,,Under Votes,23
1752,DEM,Luke Warford,931
1752,GRN,Hunter Wayne Crow,18
1752,LIB,Jaime Andres Diez,56
1752,REP,Wayne Christian,715
2000,DEM,Luke Warford,2
2000,REP,Wayne Christian,3
2001,DEM,Luke Warford,9
2001,GRN,Hunter Wayne Crow,1
2001,LIB,Jaime Andres Diez,1
2001,REP,Wayne Christian,5
2002,,Under Votes,15
2002,DEM,Luke Warford,482
2002,GRN,Hunter Wayne Crow,7
2002,LIB,Jaime Andres Diez,20
2002,REP,Wayne Christian,306
2003,,Under Votes,31
2003,DEM,Luke Warford,856
2003,GRN,Hunter Wayne Crow,19
2003,LIB,Jaime Andres Diez,25
2003,REP,Wayne Christian,885
2004,,Under Votes,32
2004,DEM,Luke Warford,628
2004,GRN,Hunter Wayne Crow,11
2004,LIB,Jaime Andres Diez,23
2004,REP,Wayne Christian,775
2005,,Under Votes,11
2005,DEM,Luke Warford,377
2005,GRN,Hunter Wayne Crow,11
2005,LIB,Jaime Andres Diez,17
2005,REP,Wayne Christian,299
2006,,Under Votes,19
2006,DEM,Luke Warford,513
2006,GRN,Hunter Wayne Crow,8
2006,LIB,Jaime Andres Diez,25
2006,REP,Wayne Christian,517
2007,,Under Votes,36
2007,DEM,Luke Warford,858
2007,GRN,Hunter Wayne Crow,21
2007,LIB,Jaime Andres Diez,33
2007,REP,Wayne Christian,1195
2008,,Under Votes,19
2008,DEM,Luke Warford,409
2008,GRN,Hunter Wayne Crow,6
2008,LIB,Jaime Andres Diez,15
2008,REP,Wayne Christian,535
2009,,Under Votes,29
2009,DEM,Luke Warford,728
2009,GRN,Hunter Wayne Crow,9
2009,LIB,Jaime Andres Diez,32
2009,REP,Wayne Christian,649
2010,,Under Votes,22
2010,DEM,Luke Warford,476
2010,GRN,Hunter Wayne Crow,14
2010,LIB,Jaime Andres Diez,24
2010,REP,Wayne Christian,487
2011,,Under Votes,23
2011,DEM,Luke Warford,583
2011,GRN,Hunter Wayne Crow,12
2011,LIB,Jaime Andres Diez,20
2011,REP,Wayne Christian,780
2015,,Under Votes,8
2015,DEM,Luke Warford,321
2015,GRN,Hunter Wayne Crow,5
2015,LIB,Jaime Andres Diez,23
2015,REP,Wayne Christian,297
2016,,Under Votes,47
2016,DEM,Luke Warford,967
2016,GRN,Hunter Wayne Crow,10
2016,LIB,Jaime Andres Diez,29
2016,REP,Wayne Christian,1329
2017,,Under Votes,17
2017,DEM,Luke Warford,458
2017,GRN,Hunter Wayne Crow,10
2017,LIB,Jaime Andres Diez,35
2017,REP,Wayne Christian,219
2018,,Under Votes,13
2018,DEM,Luke Warford,279
2018,GRN,Hunter Wayne Crow,9
2018,LIB,Jaime Andres Diez,11
2018,REP,Wayne Christian,325
2019,,Under Votes,18
2019,DEM,Luke Warford,563
2019,GRN,Hunter Wayne Crow,6
2019,LIB,Jaime Andres Diez,20
2019,REP,Wayne Christian,655
2020,,Under Votes,28
2020,DEM,Luke Warford,860
2020,GRN,Hunter Wayne Crow,15
2020,LIB,Jaime Andres Diez,38
2020,REP,Wayne Christian,624
2021,,Under Votes,39
2021,DEM,Luke Warford,916
2021,GRN,Hunter Wayne Crow,20
2021,LIB,Jaime Andres Diez,33
2021,REP,Wayne Christian,1481
2022,,Under Votes,18
2022,DEM,Luke Warford,267
2022,GRN,Hunter Wayne Crow,5
2022,LIB,Jaime Andres Diez,5
2022,REP,Wayne Christian,259
2023,,Under Votes,18
2023,DEM,Luke Warford,401
2023,GRN,Hunter Wayne Crow,18
2023,LIB,Jaime Andres Diez,22
2023,REP,Wayne Christian,403
2024,,Under Votes,9
2024,DEM,Luke Warford,572
2024,GRN,Hunter Wayne Crow,6
2024,LIB,Jaime Andres Diez,27
2024,REP,Wayne Christian,495
2025,,Under Votes,36
2025,DEM,Luke Warford,739
2025,GRN,Hunter Wayne Crow,19
2025,LIB,Jaime Andres Diez,23
2025,REP,Wayne Christian,1099
2026,,Under Votes,53
2026,DEM,Luke Warford,721
2026,GRN,Hunter Wayne Crow,7
2026,LIB,Jaime Andres Diez,24
2026,REP,Wayne Christian,1312
2027,,Under Votes,27
2027,DEM,Luke Warford,422
2027,GRN,Hunter Wayne Crow,7
2027,LIB,Jaime Andres Diez,15
2027,REP,Wayne Christian,690
2028,DEM,Luke Warford,1
2030,,Under Votes,31
2030,DEM,Luke Warford,382
2030,GRN,Hunter Wayne Crow,11
2030,LIB,Jaime Andres Diez,18
2030,REP,Wayne Christian,1084
2031,,Under Votes,28
2031,DEM,Luke Warford,1118
2031,GRN,Hunter Wayne Crow,26
2031,LIB,Jaime Andres Diez,65
2031,REP,Wayne Christian,671
2032,,Under Votes,18
2032,DEM,Luke Warford,698
2032,GRN,Hunter Wayne Crow,21
2032,LIB,Jaime Andres Diez,42
2032,REP,Wayne Christian,358
2033,,Under Votes,17
2033,DEM,Luke Warford,678
2033,GRN,Hunter Wayne Crow,13
2033,LIB,Jaime Andres Diez,30
2033,REP,Wayne Christian,503
2035,,Under Votes,16
2035,DEM,Luke Warford,596
2035,GRN,Hunter Wayne Crow,13
2035,LIB,Jaime Andres Diez,33
2035,REP,Wayne Christian,395
2037,,Under Votes,16
2037,DEM,Luke Warford,347
2037,GRN,Hunter Wayne Crow,7
2037,LIB,Jaime Andres Diez,18
2037,REP,Wayne Christian,452
2038,,Under Votes,49
2038,DEM,Luke Warford,1103
2038,GRN,Hunter Wayne Crow,16
2038,LIB,Jaime Andres Diez,57
2038,REP,Wayne Christian,873
2039,,Under Votes,36
2039,DEM,Luke Warford,1041
2039,GRN,Hunter Wayne Crow,17
2039,LIB,Jaime Andres Diez,39
2039,REP,Wayne Christian,669
2040,,Under Votes,29
2040,DEM,Luke Warford,632
2040,GRN,Hunter Wayne Crow,5
2040,LIB,Jaime Andres Diez,39
2040,REP,Wayne Christian,522
2041,,Under Votes,34
2041,DEM,Luke Warford,1135
2041,GRN,Hunter Wayne Crow,25
2041,LIB,Jaime Andres Diez,41
2041,REP,Wayne Christian,1500
2042,,Under Votes,34
2042,DEM,Luke Warford,1120
2042,GRN,Hunter Wayne Crow,20
2042,LIB,Jaime Andres Diez,40
2042,REP,Wayne Christian,827
2043,,Under Votes,27
2043,DEM,Luke Warford,759
2043,GRN,Hunter Wayne Crow,17
2043,LIB,Jaime Andres Diez,16
2043,REP,Wayne Christian,607
2044,,Under Votes,15
2044,DEM,Luke Warford,346
2044,GRN,Hunter Wayne Crow,3
2044,LIB,Jaime Andres Diez,9
2044,REP,Wayne Christian,298
2045,,Under Votes,20
2045,DEM,Luke Warford,722
2045,GRN,Hunter Wayne Crow,14
2045,LIB,Jaime Andres Diez,30
2045,REP,Wayne Christian,538
2046,,Under Votes,23
2046,DEM,Luke Warford,565
2046,GRN,Hunter Wayne Crow,10
2046,LIB,Jaime Andres Diez,26
2046,REP,Wayne Christian,595
2047,,Under Votes,27
2047,DEM,Luke Warford,755
2047,GRN,Hunter Wayne Crow,21
2047,LIB,Jaime Andres Diez,41
2047,REP,Wayne Christian,737
2048,,Under Votes,31
2048,DEM,Luke Warford,1165
2048,GRN,Hunter Wayne Crow,25
2048,LIB,Jaime Andres Diez,70
2048,REP,Wayne Christian,681
2049,,Under Votes,21
2049,DEM,Luke Warford,526
2049,GRN,Hunter Wayne Crow,10
2049,LIB,Jaime Andres Diez,20
2049,REP,Wayne Christian,439
2050,,Under Votes,20
2050,DEM,Luke Warford,498
2050,GRN,Hunter Wayne Crow,13
2050,LIB,Jaime Andres Diez,21
2050,REP,Wayne Christian,449
2051,,Under Votes,33
2051,DEM,Luke Warford,802
2051,GRN,Hunter Wayne Crow,9
2051,LIB,Jaime Andres Diez,49
2051,REP,Wayne Christian,766
2052,,Under Votes,14
2052,DEM,Luke Warford,365
2052,GRN,Hunter Wayne Crow,8
2052,LIB,Jaime Andres Diez,15
2052,REP,Wayne Christian,576
2053,,Under Votes,9
2053,DEM,Luke Warford,750
2053,GRN,Hunter Wayne Crow,17
2053,LIB,Jaime Andres Diez,42
2053,REP,Wayne Christian,325
2054,,Under Votes,9
2054,DEM,Luke Warford,703
2054,GRN,Hunter Wayne Crow,18
2054,LIB,Jaime Andres Diez,41
2054,REP,Wayne Christian,286
2055,,Under Votes,3
2055,DEM,Luke Warford,330
2055,GRN,Hunter Wayne Crow,12
2055,LIB,Jaime Andres Diez,14
2055,REP,Wayne Christian,177
2056,,Under Votes,8
2056,DEM,Luke Warford,389
2056,GRN,Hunter Wayne Crow,5
2056,LIB,Jaime Andres Diez,17
2056,REP,Wayne Christian,508
2057,,Under Votes,4
2057,DEM,Luke Warford,154
2057,GRN,Hunter Wayne Crow,4
2057,LIB,Jaime Andres Diez,9
2057,REP,Wayne Christian,218
2058,,Under Votes,10
2058,DEM,Luke Warford,341
2058,GRN,Hunter Wayne Crow,4
2058,LIB,Jaime Andres Diez,13
2058,REP,Wayne Christian,286
2074,,Under Votes,7
2074,DEM,Luke Warford,349
2074,GRN,Hunter Wayne Crow,7
2074,LIB,Jaime Andres Diez,17
2074,REP,Wayne Christian,177
2076,REP,Wayne Christian,1
2077,,Under Votes,15
2077,DEM,Luke Warford,364
2077,GRN,Hunter Wayne Crow,3
2077,LIB,Jaime Andres Diez,22
2077,REP,Wayne Christian,431
2079,,Under Votes,9
2079,DEM,Luke Warford,511
2079,GRN,Hunter Wayne Crow,6
2079,LIB,Jaime Andres Diez,24
2079,REP,Wayne Christian,155
2080,,Under Votes,1
2080,DEM,Luke Warford,65
2080,LIB,Jaime Andres Diez,3
2080,REP,Wayne Christian,32
2081,,Under Votes,4
2081,DEM,Luke Warford,230
2081,GRN,Hunter Wayne Crow,1
2081,LIB,Jaime Andres Diez,18
2081,REP,Wayne Christian,32
2082,,Under Votes,27
2082,DEM,Luke Warford,860
2082,GRN,Hunter Wayne Crow,27
2082,LIB,Jaime Andres Diez,57
2082,REP,Wayne Christian,234
2083,,Under Votes,14
2083,DEM,Luke Warford,532
2083,GRN,Hunter Wayne Crow,10
2083,LIB,Jaime Andres Diez,31
2083,REP,Wayne Christian,291
2084,,Under Votes,1
2084,DEM,Luke Warford,135
2084,GRN,Hunter Wayne Crow,3
2084,LIB,Jaime Andres Diez,12
2084,REP,Wayne Christian,34
2085,,Under Votes,1
2085,DEM,Luke Warford,99
2085,GRN,Hunter Wayne Crow,3
2085,LIB,Jaime Andres Diez,6
2085,REP,Wayne Christian,45
2086,,Under Votes,26
2086,DEM,Luke Warford,1068
2086,GRN,Hunter Wayne Crow,21
2086,LIB,Jaime Andres Diez,63
2086,REP,Wayne Christian,530
2087,,Under Votes,26
2087,DEM,Luke Warford,1078
2087,GRN,Hunter Wayne Crow,29
2087,LIB,Jaime Andres Diez,69
2087,REP,Wayne Christian,402
2090,DEM,Luke Warford,12
2090,LIB,Jaime Andres Diez,3
2090,REP,Wayne Christian,7
2091,,Under Votes,8
2091,DEM,Luke Warford,268
2091,GRN,Hunter Wayne Crow,7
2091,LIB,Jaime Andres Diez,14
2091,REP,Wayne Christian,294
2094,,Under Votes,5
2094,DEM,Luke Warford,226
2094,GRN,Hunter Wayne Crow,7
2094,LIB,Jaime Andres Diez,10
2094,REP,Wayne Christian,124
2098,,Under Votes,14
2098,DEM,Luke Warford,559
2098,GRN,Hunter Wayne Crow,15
2098,LIB,Jaime Andres Diez,25
2098,REP,Wayne Christian,382
2099,,Under Votes,24
2099,DEM,Luke Warford,1495
2099,GRN,Hunter Wayne Crow,25
2099,LIB,Jaime Andres Diez,53
2099,REP,Wayne Christian,535
2100,,Under Votes,31
2100,DEM,Luke Warford,1433
2100,GRN,Hunter Wayne Crow,21
2100,LIB,Jaime Andres Diez,47
2100,REP,Wayne Christian,384
2101,,Under Votes,32
2101,DEM,Luke Warford,527
2101,GRN,Hunter Wayne Crow,10
2101,LIB,Jaime Andres Diez,34
2101,REP,Wayne Christian,425
2102,,Under Votes,34
2102,DEM,Luke Warford,1235
2102,GRN,Hunter Wayne Crow,25
2102,LIB,Jaime Andres Diez,72
2102,REP,Wayne Christian,929
2103,,Under Votes,5
2103,DEM,Luke Warford,296
2103,GRN,Hunter Wayne Crow,14
2103,LIB,Jaime Andres Diez,14
2103,REP,Wayne Christian,71
2104,,Under Votes,7
2104,DEM,Luke Warford,80
2104,GRN,Hunter Wayne Crow,4
2104,LIB,Jaime Andres Diez,7
2104,REP,Wayne Christian,64
2105,,Under Votes,23
2105,DEM,Luke Warford,996
2105,GRN,Hunter Wayne Crow,20
2105,LIB,Jaime Andres Diez,56
2105,REP,Wayne Christian,371
2106,,Under Votes,10
2106,DEM,Luke Warford,695
2106,GRN,Hunter Wayne Crow,18
2106,LIB,Jaime Andres Diez,49
2106,REP,Wayne Christian,142
2107,DEM,Luke Warford,22
2107,LIB,Jaime Andres Diez,2
2107,REP,Wayne Christian,1
2108,,Under Votes,6
2108,DEM,Luke Warford,190
2108,GRN,Hunter Wayne Crow,6
2108,LIB,Jaime Andres Diez,11
2108,REP,Wayne Christian,162
2110,,Under Votes,2
2110,DEM,Luke Warford,120
2110,GRN,Hunter Wayne Crow,1
2110,LIB,Jaime Andres Diez,11
2110,REP,Wayne Christian,26
2111,DEM,Luke Warford,7
2111,REP,Wayne Christian,5
2112,DEM,Luke Warford,51
2112,LIB,Jaime Andres Diez,1
2112,REP,Wayne Christian,7
2114,,Under Votes,37
2114,DEM,Luke Warford,967
2114,GRN,Hunter Wayne Crow,14
2114,LIB,Jaime Andres Diez,24
2114,REP,Wayne Christian,754
2115,,Under Votes,4
2115,DEM,Luke Warford,78
2115,GRN,Hunter Wayne Crow,1
2115,LIB,Jaime Andres Diez,5
2115,REP,Wayne Christian,79
2116,DEM,Luke Warford,48
2116,REP,Wayne Christian,36
2116,GRN,Hunter Wayne Crow,1
2116,LIB,Jaime Andres Diez,2
2117,,Under Votes,11
2117,DEM,Luke Warford,532
2117,GRN,Hunter Wayne Crow,6
2117,LIB,Jaime Andres Diez,28
2117,REP,Wayne Christian,122
2118,,Under Votes,10
2118,DEM,Luke Warford,286
2118,GRN,Hunter Wayne Crow,3
2118,LIB,Jaime Andres Diez,23
2118,REP,Wayne Christian,38
2119,,Under Votes,1
2119,DEM,Luke Warford,69
2119,LIB,Jaime Andres Diez,5
2119,REP,Wayne Christian,50
2120,,Under Votes,11
2120,DEM,Luke Warford,561
2120,GRN,Hunter Wayne Crow,8
2120,LIB,Jaime Andres Diez,24
2120,REP,Wayne Christian,337
2121,DEM,Luke Warford,225
2121,GRN,Hunter Wayne Crow,7
2121,LIB,Jaime Andres Diez,10
2121,REP,Wayne Christian,39
2122,,Under Votes,11
2122,DEM,Luke Warford,365
2122,GRN,Hunter Wayne Crow,8
2122,LIB,Jaime Andres Diez,19
2122,REP,Wayne Christian,225
2123,,Under Votes,7
2123,DEM,Luke Warford,350
2123,GRN,Hunter Wayne Crow,9
2123,REP,Wayne Christian,129
2123,LIB,Jaime Andres Diez,16
2124,,Under Votes,7
2124,DEM,Luke Warford,502
2124,GRN,Hunter Wayne Crow,12
2124,LIB,Jaime Andres Diez,34
2124,REP,Wayne Christian,116
2125,,Under Votes,9
2125,DEM,Luke Warford,914
2125,GRN,Hunter Wayne Crow,11
2125,LIB,Jaime Andres Diez,55
2125,REP,Wayne Christian,90
2126,,Under Votes,4
2126,DEM,Luke Warford,212
2126,GRN,Hunter Wayne Crow,4
2126,LIB,Jaime Andres Diez,14
2126,REP,Wayne Christian,87
2127,,Under Votes,15
2127,DEM,Luke Warford,918
2127,GRN,Hunter Wayne Crow,22
2127,LIB,Jaime Andres Diez,59
2127,REP,Wayne Christian,483
2128,,Under Votes,34
2128,DEM,Luke Warford,881
2128,GRN,Hunter Wayne Crow,21
2128,LIB,Jaime Andres Diez,34
2128,REP,Wayne Christian,450
2129,,Under Votes,6
2129,DEM,Luke Warford,124
2129,GRN,Hunter Wayne Crow,4
2129,LIB,Jaime Andres Diez,10
2129,REP,Wayne Christian,35
2130,,Under Votes,5
2130,DEM,Luke Warford,288
2130,GRN,Hunter Wayne Crow,4
2130,LIB,Jaime Andres Diez,18
2130,REP,Wayne Christian,113
2131,,Under Votes,9
2131,DEM,Luke Warford,498
2131,GRN,Hunter Wayne Crow,10
2131,LIB,Jaime Andres Diez,41
2131,REP,Wayne Christian,117
2132,,Under Votes,2
2132,DEM,Luke Warford,190
2132,GRN,Hunter Wayne Crow,5
2132,LIB,Jaime Andres Diez,14
2132,REP,Wayne Christian,89
2133,,Under Votes,3
2133,DEM,Luke Warford,39
2133,REP,Wayne Christian,9
2134,,Under Votes,11
2134,DEM,Luke Warford,488
2134,GRN,Hunter Wayne Crow,8
2134,LIB,Jaime Andres Diez,34
2134,REP,Wayne Christian,184
2137,,Under Votes,6
2137,DEM,Luke Warford,278
2137,GRN,Hunter Wayne Crow,7
2137,LIB,Jaime Andres Diez,22
2137,REP,Wayne Christian,65
2138,,Under Votes,2
2138,DEM,Luke Warford,177
2138,GRN,Hunter Wayne Crow,4
2138,LIB,Jaime Andres Diez,15
2138,REP,Wayne Christian,64
2139,,Under Votes,4
2139,DEM,Luke Warford,156
2139,GRN,Hunter Wayne Crow,1
2139,LIB,Jaime Andres Diez,5
2139,REP,Wayne Christian,52
2140,,Under Votes,2
2140,DEM,Luke Warford,162
2140,GRN,Hunter Wayne Crow,9
2140,LIB,Jaime Andres Diez,8
2140,REP,Wayne Christian,45
2141,,Under Votes,7
2141,DEM,Luke Warford,199
2141,GRN,Hunter Wayne Crow,9
2141,LIB,Jaime Andres Diez,16
2141,REP,Wayne Christian,64
2142,,Under Votes,7
2142,DEM,Luke Warford,288
2142,GRN,Hunter Wayne Crow,7
2142,LIB,Jaime Andres Diez,20
2142,REP,Wayne Christian,82
2143,,Under Votes,6
2143,DEM,Luke Warford,112
2143,GRN,Hunter Wayne Crow,1
2143,REP,Wayne Christian,53
2144,,Under Votes,23
2144,DEM,Luke Warford,515
2144,GRN,Hunter Wayne Crow,9
2144,LIB,Jaime Andres Diez,20
2144,REP,Wayne Christian,391
2145,,Under Votes,35
2145,DEM,Luke Warford,863
2145,GRN,Hunter Wayne Crow,22
2145,LIB,Jaime Andres Diez,50
2145,REP,Wayne Christian,572
2146,,Under Votes,18
2146,DEM,Luke Warford,726
2146,GRN,Hunter Wayne Crow,15
2146,LIB,Jaime Andres Diez,53
2146,REP,Wayne Christian,309
2147,,Under Votes,29
2147,DEM,Luke Warford,740
2147,GRN,Hunter Wayne Crow,21
2147,LIB,Jaime Andres Diez,32
2147,REP,Wayne Christian,482
2148,,Under Votes,6
2148,DEM,Luke Warford,223
2148,GRN,Hunter Wayne Crow,13
2148,LIB,Jaime Andres Diez,13
2148,REP,Wayne Christian,62
2149,,Under Votes,14
2149,DEM,Luke Warford,638
2149,GRN,Hunter Wayne Crow,7
2149,LIB,Jaime Andres Diez,36
2149,REP,Wayne Christian,188
2150,,Under Votes,10
2150,DEM,Luke Warford,354
2150,GRN,Hunter Wayne Crow,5
2150,LIB,Jaime Andres Diez,24
2150,REP,Wayne Christian,94
2151,,Under Votes,3
2151,DEM,Luke Warford,69
2151,GRN,Hunter Wayne Crow,3
2151,LIB,Jaime Andres Diez,7
2151,REP,Wayne Christian,47
2152,,Under Votes,9
2152,DEM,Luke Warford,605
2152,GRN,Hunter Wayne Crow,17
2152,LIB,Jaime Andres Diez,42
2152,REP,Wayne Christian,245
2153,,Under Votes,14
2153,DEM,Luke Warford,398
2153,GRN,Hunter Wayne Crow,10
2153,LIB,Jaime Andres Diez,21
2153,REP,Wayne Christian,173
2154,DEM,Luke Warford,8
2154,REP,Wayne Christian,5
2155,,Under Votes,22
2155,DEM,Luke Warford,909
2155,GRN,Hunter Wayne Crow,15
2155,LIB,Jaime Andres Diez,39
2155,REP,Wayne Christian,439
2200,,Under Votes,18
2200,DEM,Luke Warford,354
2200,GRN,Hunter Wayne Crow,5
2200,LIB,Jaime Andres Diez,11
2200,REP,Wayne Christian,907
2201,,Under Votes,27
2201,DEM,Luke Warford,366
2201,GRN,Hunter Wayne Crow,5
2201,LIB,Jaime Andres Diez,16
2201,REP,Wayne Christian,902
2202,,Under Votes,19
2202,DEM,Luke Warford,377
2202,GRN,Hunter Wayne Crow,14
2202,LIB,Jaime Andres Diez,22
2202,REP,Wayne Christian,877
2203,,Under Votes,17
2203,DEM,Luke Warford,341
2203,GRN,Hunter Wayne Crow,7
2203,LIB,Jaime Andres Diez,16
2203,REP,Wayne Christian,723
2220,,Under Votes,20
2220,DEM,Luke Warford,255
2220,GRN,Hunter Wayne Crow,11
2220,LIB,Jaime Andres Diez,15
2220,REP,Wayne Christian,933
2221,,Under Votes,45
2221,DEM,Luke Warford,589
2221,GRN,Hunter Wayne Crow,14
2221,LIB,Jaime Andres Diez,29
2221,REP,Wayne Christian,1842
2222,,Under Votes,38
2222,DEM,Luke Warford,533
2222,GRN,Hunter Wayne Crow,12
2222,LIB,Jaime Andres Diez,35
2222,REP,Wayne Christian,1467
2223,,Under Votes,24
2223,DEM,Luke Warford,377
2223,GRN,Hunter Wayne Crow,9
2223,LIB,Jaime Andres Diez,22
2223,REP,Wayne Christian,692
2224,,Under Votes,20
2224,DEM,Luke Warford,423
2224,GRN,Hunter Wayne Crow,11
2224,LIB,Jaime Andres Diez,25
2224,REP,Wayne Christian,562
2225,,Under Votes,14
2225,DEM,Luke Warford,332
2225,GRN,Hunter Wayne Crow,4
2225,LIB,Jaime Andres Diez,22
2225,REP,Wayne Christian,775
2226,,Under Votes,39
2226,DEM,Luke Warford,503
2226,GRN,Hunter Wayne Crow,16
2226,LIB,Jaime Andres Diez,25
2226,REP,Wayne Christian,1319
2300,,Under Votes,11
2300,DEM,Luke Warford,324
2300,GRN,Hunter Wayne Crow,6
2300,LIB,Jaime Andres Diez,30
2300,REP,Wayne Christian,209
2301,,Under Votes,26
2301,DEM,Luke Warford,617
2301,GRN,Hunter Wayne Crow,15
2301,LIB,Jaime Andres Diez,30
2301,REP,Wayne Christian,852
2302,,Under Votes,14
2302,DEM,Luke Warford,464
2302,GRN,Hunter Wayne Crow,11
2302,LIB,Jaime Andres Diez,49
2302,REP,Wayne Christian,191
2303,,Under Votes,14
2303,DEM,Luke Warford,600
2303,GRN,Hunter Wayne Crow,20
2303,LIB,Jaime Andres Diez,53
2303,REP,Wayne Christian,586
2305,,Under Votes,16
2305,DEM,Luke Warford,668
2305,GRN,Hunter Wayne Crow,19
2305,LIB,Jaime Andres Diez,42
2305,REP,Wayne Christian,358
2306,,Under Votes,17
2306,DEM,Luke Warford,368
2306,GRN,Hunter Wayne Crow,11
2306,LIB,Jaime Andres Diez,28
2306,REP,Wayne Christian,351
2307,,Under Votes,11
2307,DEM,Luke Warford,187
2307,GRN,Hunter Wayne Crow,1
2307,LIB,Jaime Andres Diez,13
2307,REP,Wayne Christian,173
2308,,Under Votes,10
2308,DEM,Luke Warford,624
2308,GRN,Hunter Wayne Crow,13
2308,LIB,Jaime Andres Diez,37
2308,REP,Wayne Christian,335
2309,,Under Votes,8
2309,DEM,Luke Warford,509
2309,GRN,Hunter Wayne Crow,5
2309,LIB,Jaime Andres Diez,40
2309,REP,Wayne Christian,202
2310,,Under Votes,17
2310,DEM,Luke Warford,552
2310,GRN,Hunter Wayne Crow,21
2310,LIB,Jaime Andres Diez,41
2310,REP,Wayne Christian,625
2311,DEM,Luke Warford,77
2311,GRN,Hunter Wayne Crow,5
2311,LIB,Jaime Andres Diez,8
2311,REP,Wayne Christian,58
2311,,Under Votes,1
2312,DEM,Luke Warford,8
2312,LIB,Jaime Andres Diez,1
2312,REP,Wayne Christian,6
2315,,Under Votes,2
2315,DEM,Luke Warford,46
2315,GRN,Hunter Wayne Crow,2
2315,LIB,Jaime Andres Diez,3
2315,REP,Wayne Christian,19
2316,,Under Votes,26
2316,DEM,Luke Warford,442
2316,GRN,Hunter Wayne Crow,8
2316,LIB,Jaime Andres Diez,38
2316,REP,Wayne Christian,541
2400,DEM,Luke Warford,23
2400,GRN,Hunter Wayne Crow,2
2400,LIB,Jaime Andres Diez,3
2400,REP,Wayne Christian,57
2401,,Under Votes,38
2401,DEM,Luke Warford,962
2401,GRN,Hunter Wayne Crow,18
2401,LIB,Jaime Andres Diez,54
2401,REP,Wayne Christian,889
2402,,Under Votes,25
2402,DEM,Luke Warford,774
2402,GRN,Hunter Wayne Crow,23
2402,LIB,Jaime Andres Diez,59
2402,REP,Wayne Christian,675
2403,REP,Wayne Christian,1
2404,,Under Votes,4
2404,DEM,Luke Warford,456
2404,GRN,Hunter Wayne Crow,12
2404,LIB,Jaime Andres Diez,49
2404,REP,Wayne Christian,352
2405,,Under Votes,26
2405,DEM,Luke Warford,894
2405,GRN,Hunter Wayne Crow,21
2405,LIB,Jaime Andres Diez,58
2405,REP,Wayne Christian,947
2406,,Under Votes,24
2406,DEM,Luke Warford,893
2406,GRN,Hunter Wayne Crow,18
2406,LIB,Jaime Andres Diez,46
2406,REP,Wayne Christian,628
2407,,Under Votes,39
2407,DEM,Luke Warford,1018
2407,GRN,Hunter Wayne Crow,26
2407,LIB,Jaime Andres Diez,73
2407,REP,Wayne Christian,772
2408,,Under Votes,14
2408,DEM,Luke Warford,468
2408,GRN,Hunter Wayne Crow,13
2408,LIB,Jaime Andres Diez,40
2408,REP,Wayne Christian,235
2409,,Under Votes,9
2409,DEM,Luke Warford,473
2409,GRN,Hunter Wayne Crow,10
2409,LIB,Jaime Andres Diez,47
2409,REP,Wayne Christian,285
2410,,Under Votes,8
2410,DEM,Luke Warford,404
2410,GRN,Hunter Wayne Crow,14
2410,LIB,Jaime Andres Diez,35
2410,REP,Wayne Christian,253
2411,,Under Votes,3
2411,DEM,Luke Warford,127
2411,GRN,Hunter Wayne Crow,5
2411,LIB,Jaime Andres Diez,18
2411,REP,Wayne Christian,71
2417,,Under Votes,2
2417,DEM,Luke Warford,52
2417,REP,Wayne Christian,53
2417,GRN,Hunter Wayne Crow,1
2417,LIB,Jaime Andres Diez,3
2500,,Under Votes,13
2500,DEM,Luke Warford,523
2500,GRN,Hunter Wayne Crow,14
2500,LIB,Jaime Andres Diez,22
2500,REP,Wayne Christian,432
2501,,Under Votes,10
2501,DEM,Luke Warford,420
2501,GRN,Hunter Wayne Crow,14
2501,LIB,Jaime Andres Diez,18
2501,REP,Wayne Christian,475
2502,,Under Votes,21
2502,DEM,Luke Warford,475
2502,GRN,Hunter Wayne Crow,8
2502,LIB,Jaime Andres Diez,26
2502,REP,Wayne Christian,802
2503,,Under Votes,20
2503,DEM,Luke Warford,744
2503,GRN,Hunter Wayne Crow,11
2503,LIB,Jaime Andres Diez,34
2503,REP,Wayne Christian,1121
2504,,Under Votes,17
2504,DEM,Luke Warford,370
2504,GRN,Hunter Wayne Crow,5
2504,LIB,Jaime Andres Diez,27
2504,REP,Wayne Christian,397
2505,,Under Votes,21
2505,DEM,Luke Warford,633
2505,GRN,Hunter Wayne Crow,13
2505,LIB,Jaime Andres Diez,29
2505,REP,Wayne Christian,472
2506,,Under Votes,14
2506,DEM,Luke Warford,698
2506,GRN,Hunter Wayne Crow,18
2506,LIB,Jaime Andres Diez,50
2506,REP,Wayne Christian,683
2507,,Under Votes,39
2507,DEM,Luke Warford,681
2507,GRN,Hunter Wayne Crow,12
2507,LIB,Jaime Andres Diez,38
2507,REP,Wayne Christian,670
2508,,Under Votes,27
2508,DEM,Luke Warford,956
2508,GRN,Hunter Wayne Crow,33
2508,LIB,Jaime Andres Diez,58
2508,REP,Wayne Christian,519
2509,,Under Votes,38
2509,DEM,Luke Warford,847
2509,GRN,Hunter Wayne Crow,22
2509,LIB,Jaime Andres Diez,57
2509,REP,Wayne Christian,927
2510,,Under Votes,16
2510,DEM,Luke Warford,578
2510,GRN,Hunter Wayne Crow,15
2510,LIB,Jaime Andres Diez,34
2510,REP,Wayne Christian,412
2511,,Under Votes,13
2511,DEM,Luke Warford,592
2511,GRN,Hunter Wayne Crow,15
2511,LIB,Jaime Andres Diez,32
2511,REP,Wayne Christian,546
2512,,Under Votes,10
2512,DEM,Luke Warford,416
2512,GRN,Hunter Wayne Crow,8
2512,LIB,Jaime Andres Diez,26
2512,REP,Wayne Christian,384
2513,,Under Votes,21
2513,DEM,Luke Warford,735
2513,GRN,Hunter Wayne Crow,17
2513,LIB,Jaime Andres Diez,43
2513,REP,Wayne Christian,560
2514,,Under Votes,27
2514,DEM,Luke Warford,774
2514,GRN,Hunter Wayne Crow,22
2514,LIB,Jaime Andres Diez,41
2514,REP,Wayne Christian,688
2515,,Under Votes,8
2515,DEM,Luke Warford,226
2515,GRN,Hunter Wayne Crow,11
2515,LIB,Jaime Andres Diez,10
2515,REP,Wayne Christian,192
2517,,Under Votes,18
2517,DEM,Luke Warford,722
2517,GRN,Hunter Wayne Crow,15
2517,LIB,Jaime Andres Diez,28
2517,REP,Wayne Christian,290
2518,,Under Votes,15
2518,DEM,Luke Warford,588
2518,GRN,Hunter Wayne Crow,7
2518,LIB,Jaime Andres Diez,32
2518,REP,Wayne Christian,488
2519,,Under Votes,22
2519,DEM,Luke Warford,652
2519,GRN,Hunter Wayne Crow,27
2519,LIB,Jaime Andres Diez,37
2519,REP,Wayne Christian,377
2520,,Under Votes,31
2520,DEM,Luke Warford,1051
2520,GRN,Hunter Wayne Crow,22
2520,LIB,Jaime Andres Diez,56
2520,REP,Wayne Christian,558
2521,,Under Votes,18
2521,DEM,Luke Warford,712
2521,GRN,Hunter Wayne Crow,19
2521,LIB,Jaime Andres Diez,45
2521,REP,Wayne Christian,511
2523,,Under Votes,7
2523,DEM,Luke Warford,458
2523,GRN,Hunter Wayne Crow,16
2523,LIB,Jaime Andres Diez,19
2523,REP,Wayne Christian,216
2601,,Under Votes,10
2601,DEM,Luke Warford,538
2601,GRN,Hunter Wayne Crow,15
2601,LIB,Jaime Andres Diez,30
2601,REP,Wayne Christian,265
2602,,Under Votes,19
2602,DEM,Luke Warford,832
2602,GRN,Hunter Wayne Crow,24
2602,LIB,Jaime Andres Diez,45
2602,REP,Wayne Christian,474
2603,,Under Votes,15
2603,DEM,Luke Warford,918
2603,GRN,Hunter Wayne Crow,14
2603,LIB,Jaime Andres Diez,36
2603,REP,Wayne Christian,482
2604,,Under Votes,16
2604,DEM,Luke Warford,929
2604,GRN,Hunter Wayne Crow,15
2604,LIB,Jaime Andres Diez,42
2604,REP,Wayne Christian,471
2605,,Under Votes,9
2605,DEM,Luke Warford,894
2605,GRN,Hunter Wayne Crow,12
2605,LIB,Jaime Andres Diez,29
2605,REP,Wayne Christian,437
2606,,Under Votes,11
2606,DEM,Luke Warford,565
2606,GRN,Hunter Wayne Crow,9
2606,LIB,Jaime Andres Diez,27
2606,REP,Wayne Christian,357
2608,,Under Votes,32
2608,DEM,Luke Warford,828
2608,GRN,Hunter Wayne Crow,19
2608,LIB,Jaime Andres Diez,38
2608,REP,Wayne Christian,873
2609,DEM,Luke Warford,1
2609,REP,Wayne Christian,3
2611,,Under Votes,8
2611,DEM,Luke Warford,425
2611,GRN,Hunter Wayne Crow,6
2611,LIB,Jaime Andres Diez,21
2611,REP,Wayne Christian,252
2612,DEM,Luke Warford,77
2612,GRN,Hunter Wayne Crow,2
2612,LIB,Jaime Andres Diez,2
2612,REP,Wayne Christian,25
2613,,Under Votes,30
2613,DEM,Luke Warford,1101
2613,GRN,Hunter Wayne Crow,27
2613,LIB,Jaime Andres Diez,59
2613,REP,Wayne Christian,719
2614,,Under Votes,1
2614,DEM,Luke Warford,51
2614,LIB,Jaime Andres Diez,2
2614,REP,Wayne Christian,24
2801,,Under Votes,35
2801,DEM,Luke Warford,879
2801,GRN,Hunter Wayne Crow,18
2801,LIB,Jaime Andres Diez,70
2801,REP,Wayne Christian,1116
2802,,Under Votes,29
2802,DEM,Luke Warford,1201
2802,GRN,Hunter Wayne Crow,29
2802,LIB,Jaime Andres Diez,74
2802,REP,Wayne Christian,1402
2803,,Under Votes,13
2803,DEM,Luke Warford,319
2803,GRN,Hunter Wayne Crow,5
2803,LIB,Jaime Andres Diez,18
2803,REP,Wayne Christian,531
2804,,Under Votes,17
2804,DEM,Luke Warford,655
2804,GRN,Hunter Wayne Crow,12
2804,LIB,Jaime Andres Diez,48
2804,REP,Wayne Christian,786
2805,,Under Votes,37
2805,DEM,Luke Warford,1060
2805,GRN,Hunter Wayne Crow,24
2805,LIB,Jaime Andres Diez,63
2805,REP,Wayne Christian,1192
2806,,Under Votes,32
2806,DEM,Luke Warford,698
2806,GRN,Hunter Wayne Crow,17
2806,LIB,Jaime Andres Diez,37
2806,REP,Wayne Christian,810
2807,,Under Votes,27
2807,DEM,Luke Warford,706
2807,GRN,Hunter Wayne Crow,14
2807,LIB,Jaime Andres Diez,31
2807,REP,Wayne Christian,697
2808,,Under Votes,23
2808,DEM,Luke Warford,841
2808,GRN,Hunter Wayne Crow,10
2808,LIB,Jaime Andres Diez,46
2808,REP,Wayne Christian,978
2809,,Under Votes,33
2809,DEM,Luke Warford,747
2809,GRN,Hunter Wayne Crow,10
2809,LIB,Jaime Andres Diez,46
2809,REP,Wayne Christian,672
2810,DEM,Luke Warford,1
2810,LIB,Jaime Andres Diez,1
2810,REP,Wayne Christian,11
2900,,Under Votes,29
2900,DEM,Luke Warford,875
2900,GRN,Hunter Wayne Crow,20
2900,LIB,Jaime Andres Diez,47
2900,REP,Wayne Christian,929
2901,,Under Votes,11
2901,DEM,Luke Warford,417
2901,GRN,Hunter Wayne Crow,14
2901,LIB,Jaime Andres Diez,19
2901,REP,Wayne Christian,179
2902,,Under Votes,6
2902,DEM,Luke Warford,488
2902,GRN,Hunter Wayne Crow,17
2902,LIB,Jaime Andres Diez,31
2902,REP,Wayne Christian,284
2903,,Under Votes,30
2903,DEM,Luke Warford,861
2903,GRN,Hunter Wayne Crow,17
2903,LIB,Jaime Andres Diez,49
2903,REP,Wayne Christian,485
2904,DEM,Luke Warford,1
2904,REP,Wayne Christian,3
2905,,Under Votes,10
2905,DEM,Luke Warford,145
2905,GRN,Hunter Wayne Crow,1
2905,LIB,Jaime Andres Diez,10
2905,REP,Wayne Christian,194
2910,,Under Votes,1
2910,DEM,Luke Warford,5
2910,LIB,Jaime Andres Diez,1
2910,REP,Wayne Christian,13
2911,,Under Votes,1
2911,DEM,Luke Warford,60
2911,GRN,Hunter Wayne Crow,2
2911,LIB,Jaime Andres Diez,2
2911,REP,Wayne Christian,60
2913,REP,Wayne Christian,2
3000,,Under Votes,30
3000,DEM,Luke Warford,1060
3000,GRN,Hunter Wayne Crow,22
3000,LIB,Jaime Andres Diez,55
3000,REP,Wayne Christian,821
3001,DEM,Luke Warford,130
3001,LIB,Jaime Andres Diez,3
3001,REP,Wayne Christian,21
3001,,Under Votes,1
3001,GRN,Hunter Wayne Crow,2
3002,,Under Votes,4
3002,DEM,Luke Warford,241
3002,GRN,Hunter Wayne Crow,3
3002,LIB,Jaime Andres Diez,21
3002,REP,Wayne Christian,64
3003,,Under Votes,10
3003,DEM,Luke Warford,732
3003,GRN,Hunter Wayne Crow,7
3003,LIB,Jaime Andres Diez,29
3003,REP,Wayne Christian,93
3004,,Under Votes,17
3004,DEM,Luke Warford,860
3004,GRN,Hunter Wayne Crow,13
3004,LIB,Jaime Andres Diez,44
3004,REP,Wayne Christian,186
3005,,Under Votes,6
3005,DEM,Luke Warford,222
3005,GRN,Hunter Wayne Crow,3
3005,LIB,Jaime Andres Diez,7
3005,REP,Wayne Christian,134
3006,,Under Votes,27
3006,DEM,Luke Warford,976
3006,GRN,Hunter Wayne Crow,20
3006,LIB,Jaime Andres Diez,34
3006,REP,Wayne Christian,874
3007,,Under Votes,15
3007,DEM,Luke Warford,341
3007,GRN,Hunter Wayne Crow,3
3007,LIB,Jaime Andres Diez,25
3007,REP,Wayne Christian,382
3008,REP,Wayne Christian,69
3008,,Under Votes,7
3008,DEM,Luke Warford,300
3008,GRN,Hunter Wayne Crow,10
3008,LIB,Jaime Andres Diez,17
3010,,Under Votes,1
3010,DEM,Luke Warford,163
3010,GRN,Hunter Wayne Crow,2
3010,LIB,Jaime Andres Diez,8
3010,REP,Wayne Christian,23
3011,,Under Votes,11
3011,DEM,Luke Warford,326
3011,GRN,Hunter Wayne Crow,4
3011,LIB,Jaime Andres Diez,15
3011,REP,Wayne Christian,193
3012,DEM,Luke Warford,36
3012,REP,Wayne Christian,16
3012,LIB,Jaime Andres Diez,2
3013,DEM,Luke Warford,169
3013,LIB,Jaime Andres Diez,9
3013,REP,Wayne Christian,77
3013,,Under Votes,2
3013,GRN,Hunter Wayne Crow,3
3014,,Under Votes,9
3014,DEM,Luke Warford,480
3014,GRN,Hunter Wayne Crow,7
3014,LIB,Jaime Andres Diez,42
3014,REP,Wayne Christian,262
3015,,Under Votes,2
3015,DEM,Luke Warford,47
3015,GRN,Hunter Wayne Crow,3
3015,LIB,Jaime Andres Diez,5
3015,REP,Wayne Christian,33
3016,,Under Votes,9
3016,DEM,Luke Warford,511
3016,GRN,Hunter Wayne Crow,9
3016,LIB,Jaime Andres Diez,27
3016,REP,Wayne Christian,144
3017,,Under Votes,5
3017,DEM,Luke Warford,189
3017,GRN,Hunter Wayne Crow,5
3017,LIB,Jaime Andres Diez,9
3017,REP,Wayne Christian,18
3018,,Under Votes,8
3018,DEM,Luke Warford,498
3018,GRN,Hunter Wayne Crow,12
3018,LIB,Jaime Andres Diez,10
3018,REP,Wayne Christian,34
3019,,Under Votes,2
3019,DEM,Luke Warford,172
3019,GRN,Hunter Wayne Crow,8
3019,LIB,Jaime Andres Diez,9
3019,REP,Wayne Christian,7
3020,,Under Votes,3
3020,DEM,Luke Warford,71
3020,GRN,Hunter Wayne Crow,1
3020,LIB,Jaime Andres Diez,2
3020,REP,Wayne Christian,19
3021,,Under Votes,3
3021,DEM,Luke Warford,228
3021,GRN,Hunter Wayne Crow,7
3021,LIB,Jaime Andres Diez,10
3021,REP,Wayne Christian,11
3022,,Under Votes,5
3022,DEM,Luke Warford,393
3022,GRN,Hunter Wayne Crow,2
3022,LIB,Jaime Andres Diez,16
3022,REP,Wayne Christian,25
3023,,Under Votes,3
3023,DEM,Luke Warford,329
3023,GRN,Hunter Wayne Crow,2
3023,LIB,Jaime Andres Diez,10
3023,REP,Wayne Christian,13
3024,,Under Votes,2
3024,DEM,Luke Warford,335
3024,GRN,Hunter Wayne Crow,6
3024,LIB,Jaime Andres Diez,8
3024,REP,Wayne Christian,24
3025,DEM,Luke Warford,43
3025,REP,Wayne Christian,3
3026,,Under Votes,1
3026,DEM,Luke Warford,205
3026,GRN,Hunter Wayne Crow,7
3026,LIB,Jaime Andres Diez,7
3026,REP,Wayne Christian,6
3027,,Under Votes,4
3027,DEM,Luke Warford,353
3027,LIB,Jaime Andres Diez,3
3027,REP,Wayne Christian,23
3028,,Under Votes,5
3028,DEM,Luke Warford,263
3028,GRN,Hunter Wayne Crow,3
3028,LIB,Jaime Andres Diez,11
3028,REP,Wayne Christian,15
3029,,Under Votes,9
3029,DEM,Luke Warford,198
3029,GRN,Hunter Wayne Crow,4
3029,LIB,Jaime Andres Diez,10
3029,REP,Wayne Christian,10
3030,DEM,Luke Warford,3
3031,,Under Votes,2
3031,DEM,Luke Warford,138
3031,GRN,Hunter Wayne Crow,2
3031,LIB,Jaime Andres Diez,15
3031,REP,Wayne Christian,74
3032,,Under Votes,9
3032,DEM,Luke Warford,303
3032,GRN,Hunter Wayne Crow,8
3032,LIB,Jaime Andres Diez,31
3032,REP,Wayne Christian,55
3033,,Under Votes,3
3033,DEM,Luke Warford,84
3033,GRN,Hunter Wayne Crow,1
3033,LIB,Jaime Andres Diez,1
3033,REP,Wayne Christian,9
3034,,Under Votes,7
3034,DEM,Luke Warford,415
3034,GRN,Hunter Wayne Crow,5
3034,LIB,Jaime Andres Diez,18
3034,REP,Wayne Christian,15
3035,,Under Votes,11
3035,DEM,Luke Warford,364
3035,GRN,Hunter Wayne Crow,12
3035,LIB,Jaime Andres Diez,10
3035,REP,Wayne Christian,25
3036,DEM,Luke Warford,1
3036,REP,Wayne Christian,1
3037,,Under Votes,1
3037,DEM,Luke Warford,118
3037,GRN,Hunter Wayne Crow,1
3037,LIB,Jaime Andres Diez,4
3037,REP,Wayne Christian,10
3038,,Under Votes,6
3038,DEM,Luke Warford,309
3038,GRN,Hunter Wayne Crow,5
3038,LIB,Jaime Andres Diez,5
3038,REP,Wayne Christian,13
3039,,Under Votes,11
3039,DEM,Luke Warford,683
3039,GRN,Hunter Wayne Crow,3
3039,LIB,Jaime Andres Diez,17
3039,REP,Wayne Christian,35
3040,,Under Votes,1
3040,DEM,Luke Warford,243
3040,GRN,Hunter Wayne Crow,5
3040,LIB,Jaime Andres Diez,15
3040,REP,Wayne Christian,19
3041,,Under Votes,1
3041,DEM,Luke Warford,25
3041,LIB,Jaime Andres Diez,2
3041,REP,Wayne Christian,2
3042,,Under Votes,7
3042,DEM,Luke Warford,321
3042,GRN,Hunter Wayne Crow,3
3042,LIB,Jaime Andres Diez,11
3042,REP,Wayne Christian,19
3043,,Under Votes,7
3043,DEM,Luke Warford,496
3043,GRN,Hunter Wayne Crow,2
3043,LIB,Jaime Andres Diez,12
3043,REP,Wayne Christian,23
3044,,Under Votes,9
3044,DEM,Luke Warford,628
3044,GRN,Hunter Wayne Crow,5
3044,LIB,Jaime Andres Diez,26
3044,REP,Wayne Christian,29
3045,,Under Votes,4
3045,DEM,Luke Warford,196
3045,LIB,Jaime Andres Diez,7
3045,REP,Wayne Christian,15
3046,,Under Votes,12
3046,DEM,Luke Warford,875
3046,GRN,Hunter Wayne Crow,13
3046,LIB,Jaime Andres Diez,39
3046,REP,Wayne Christian,131
3047,,Under Votes,3
3047,DEM,Luke Warford,397
3047,GRN,Hunter Wayne Crow,5
3047,LIB,Jaime Andres Diez,8
3047,REP,Wayne Christian,142
3048,,Under Votes,13
3048,DEM,Luke Warford,727
3048,GRN,Hunter Wayne Crow,4
3048,LIB,Jaime Andres Diez,16
3048,REP,Wayne Christian,41
3049,,Under Votes,8
3049,DEM,Luke Warford,576
3049,GRN,Hunter Wayne Crow,4
3049,LIB,Jaime Andres Diez,18
3049,REP,Wayne Christian,24
3050,,Under Votes,2
3050,DEM,Luke Warford,455
3050,GRN,Hunter Wayne Crow,8
3050,LIB,Jaime Andres Diez,12
3050,REP,Wayne Christian,28
3051,,Under Votes,3
3051,DEM,Luke Warford,224
3051,GRN,Hunter Wayne Crow,3
3051,LIB,Jaime Andres Diez,7
3051,REP,Wayne Christian,8
3052,,Under Votes,8
3052,DEM,Luke Warford,597
3052,GRN,Hunter Wayne Crow,2
3052,LIB,Jaime Andres Diez,16
3052,REP,Wayne Christian,29
3053,,Under Votes,10
3053,DEM,Luke Warford,624
3053,GRN,Hunter Wayne Crow,3
3053,LIB,Jaime Andres Diez,30
3053,REP,Wayne Christian,56
3054,,Under Votes,18
3054,DEM,Luke Warford,1184
3054,GRN,Hunter Wayne Crow,8
3054,LIB,Jaime Andres Diez,29
3054,REP,Wayne Christian,59
3055,,Under Votes,12
3055,DEM,Luke Warford,1070
3055,GRN,Hunter Wayne Crow,6
3055,LIB,Jaime Andres Diez,31
3055,REP,Wayne Christian,83
3056,,Under Votes,11
3056,DEM,Luke Warford,1055
3056,GRN,Hunter Wayne Crow,12
3056,LIB,Jaime Andres Diez,31
3056,REP,Wayne Christian,67
3057,,Under Votes,8
3057,DEM,Luke Warford,861
3057,GRN,Hunter Wayne Crow,12
3057,LIB,Jaime Andres Diez,34
3057,REP,Wayne Christian,97
3058,,Under Votes,4
3058,DEM,Luke Warford,766
3058,GRN,Hunter Wayne Crow,5
3058,LIB,Jaime Andres Diez,20
3058,REP,Wayne Christian,42
3059,,Under Votes,2
3059,DEM,Luke Warford,459
3059,GRN,Hunter Wayne Crow,4
3059,LIB,Jaime Andres Diez,19
3059,REP,Wayne Christian,16
3060,,Under Votes,2
3060,DEM,Luke Warford,516
3060,GRN,Hunter Wayne Crow,1
3060,LIB,Jaime Andres Diez,13
3060,REP,Wayne Christian,23
3061,,Under Votes,5
3061,DEM,Luke Warford,391
3061,LIB,Jaime Andres Diez,14
3061,REP,Wayne Christian,19
3062,,Under Votes,5
3062,DEM,Luke Warford,642
3062,GRN,Hunter Wayne Crow,7
3062,LIB,Jaime Andres Diez,20
3062,REP,Wayne Christian,41
3063,,Under Votes,18
3063,DEM,Luke Warford,1063
3063,GRN,Hunter Wayne Crow,14
3063,LIB,Jaime Andres Diez,39
3063,REP,Wayne Christian,71
3064,,Under Votes,13
3064,DEM,Luke Warford,1001
3064,GRN,Hunter Wayne Crow,5
3064,LIB,Jaime Andres Diez,14
3064,REP,Wayne Christian,47
3065,,Under Votes,8
3065,DEM,Luke Warford,723
3065,GRN,Hunter Wayne Crow,4
3065,LIB,Jaime Andres Diez,15
3065,REP,Wayne Christian,39
3066,,Under Votes,10
3066,DEM,Luke Warford,564
3066,GRN,Hunter Wayne Crow,4
3066,LIB,Jaime Andres Diez,17
3066,REP,Wayne Christian,34
3067,,Under Votes,6
3067,DEM,Luke Warford,519
3067,GRN,Hunter Wayne Crow,4
3067,LIB,Jaime Andres Diez,11
3067,REP,Wayne Christian,32
3068,,Under Votes,17
3068,DEM,Luke Warford,1264
3068,GRN,Hunter Wayne Crow,10
3068,LIB,Jaime Andres Diez,41
3068,REP,Wayne Christian,91
3069,,Under Votes,9
3069,DEM,Luke Warford,553
3069,GRN,Hunter Wayne Crow,6
3069,LIB,Jaime Andres Diez,19
3069,REP,Wayne Christian,23
3070,,Under Votes,13
3070,DEM,Luke Warford,911
3070,GRN,Hunter Wayne Crow,9
3070,LIB,Jaime Andres Diez,24
3070,REP,Wayne Christian,59
3071,,Under Votes,10
3071,DEM,Luke Warford,781
3071,GRN,Hunter Wayne Crow,7
3071,LIB,Jaime Andres Diez,17
3071,REP,Wayne Christian,39
3072,,Under Votes,2
3072,DEM,Luke Warford,12
3072,REP,Wayne Christian,2
3073,DEM,Luke Warford,65
3073,LIB,Jaime Andres Diez,2
3073,REP,Wayne Christian,4
3074,,Under Votes,3
3074,DEM,Luke Warford,146
3074,LIB,Jaime Andres Diez,19
3074,REP,Wayne Christian,51
3075,,Under Votes,3
3075,DEM,Luke Warford,60
3075,LIB,Jaime Andres Diez,4
3075,REP,Wayne Christian,10
3077,,Under Votes,17
3077,DEM,Luke Warford,1035
3077,GRN,Hunter Wayne Crow,13
3077,LIB,Jaime Andres Diez,57
3077,REP,Wayne Christian,310
3078,,Under Votes,6
3078,DEM,Luke Warford,872
3078,GRN,Hunter Wayne Crow,12
3078,LIB,Jaime Andres Diez,51
3078,REP,Wayne Christian,176
3079,,Under Votes,4
3079,DEM,Luke Warford,112
3079,GRN,Hunter Wayne Crow,3
3079,LIB,Jaime Andres Diez,14
3079,REP,Wayne Christian,56
3080,,Under Votes,7
3080,DEM,Luke Warford,292
3080,GRN,Hunter Wayne Crow,2
3080,LIB,Jaime Andres Diez,16
3080,REP,Wayne Christian,143
3081,,Under Votes,18
3081,DEM,Luke Warford,518
3081,GRN,Hunter Wayne Crow,12
3081,LIB,Jaime Andres Diez,22
3081,REP,Wayne Christian,363
3082,,Under Votes,7
3082,DEM,Luke Warford,675
3082,GRN,Hunter Wayne Crow,2
3082,LIB,Jaime Andres Diez,23
3082,REP,Wayne Christian,67
3083,,Under Votes,4
3083,DEM,Luke Warford,266
3083,GRN,Hunter Wayne Crow,5
3083,LIB,Jaime Andres Diez,24
3083,REP,Wayne Christian,116
3084,,Under Votes,6
3084,DEM,Luke Warford,477
3084,GRN,Hunter Wayne Crow,6
3084,LIB,Jaime Andres Diez,27
3084,REP,Wayne Christian,82
3085,,Under Votes,3
3085,DEM,Luke Warford,42
3085,GRN,Hunter Wayne Crow,1
3085,LIB,Jaime Andres Diez,10
3085,REP,Wayne Christian,45
3086,,Under Votes,37
3086,DEM,Luke Warford,963
3086,GRN,Hunter Wayne Crow,19
3086,LIB,Jaime Andres Diez,46
3086,REP,Wayne Christian,690
3088,,Under Votes,3
3088,DEM,Luke Warford,20
3088,GRN,Hunter Wayne Crow,3
3088,LIB,Jaime Andres Diez,1
3088,REP,Wayne Christian,9
3089,DEM,Luke Warford,15
3089,GRN,Hunter Wayne Crow,2
3089,LIB,Jaime Andres Diez,1
3089,REP,Wayne Christian,53
3090,,Under Votes,7
3090,DEM,Luke Warford,462
3090,GRN,Hunter Wayne Crow,16
3090,LIB,Jaime Andres Diez,20
3090,REP,Wayne Christian,106
3092,,Under Votes,2
3092,DEM,Luke Warford,438
3092,GRN,Hunter Wayne Crow,3
3092,LIB,Jaime Andres Diez,13
3092,REP,Wayne Christian,43
3093,DEM,Luke Warford,1
3093,LIB,Jaime Andres Diez,1
3095,,Under Votes,16
3095,DEM,Luke Warford,772
3095,GRN,Hunter Wayne Crow,15
3095,LIB,Jaime Andres Diez,50
3095,REP,Wayne Christian,334
3096,,Under Votes,20
3096,DEM,Luke Warford,871
3096,GRN,Hunter Wayne Crow,25
3096,LIB,Jaime Andres Diez,48
3096,REP,Wayne Christian,282
3097,DEM,Luke Warford,63
3097,LIB,Jaime Andres Diez,2
3097,REP,Wayne Christian,4
3098,,Under Votes,1
3098,DEM,Luke Warford,75
3098,REP,Wayne Christian,1
3099,,Under Votes,1
3099,DEM,Luke Warford,105
3099,LIB,Jaime Andres Diez,4
3099,REP,Wayne Christian,4
30T4,DEM,Luke Warford,1
30T4,REP,Wayne Christian,1
3100,,Under Votes,11
3100,DEM,Luke Warford,814
3100,GRN,Hunter Wayne Crow,10
3100,LIB,Jaime Andres Diez,46
3100,REP,Wayne Christian,298
3101,,Under Votes,7
3101,DEM,Luke Warford,366
3101,GRN,Hunter Wayne Crow,4
3101,LIB,Jaime Andres Diez,20
3101,REP,Wayne Christian,147
3102,,Under Votes,17
3102,DEM,Luke Warford,892
3102,GRN,Hunter Wayne Crow,11
3102,LIB,Jaime Andres Diez,42
3102,REP,Wayne Christian,188
3103,,Under Votes,19
3103,DEM,Luke Warford,1163
3103,GRN,Hunter Wayne Crow,9
3103,LIB,Jaime Andres Diez,44
3103,REP,Wayne Christian,263
3104,,Under Votes,27
3104,DEM,Luke Warford,940
3104,GRN,Hunter Wayne Crow,11
3104,LIB,Jaime Andres Diez,47
3104,REP,Wayne Christian,274
3105,,Under Votes,15
3105,DEM,Luke Warford,846
3105,GRN,Hunter Wayne Crow,7
3105,LIB,Jaime Andres Diez,30
3105,REP,Wayne Christian,370
3106,,Under Votes,18
3106,DEM,Luke Warford,1233
3106,GRN,Hunter Wayne Crow,20
3106,LIB,Jaime Andres Diez,64
3106,REP,Wayne Christian,287
3107,,Under Votes,10
3107,DEM,Luke Warford,1006
3107,GRN,Hunter Wayne Crow,12
3107,LIB,Jaime Andres Diez,38
3107,REP,Wayne Christian,177
3108,,Under Votes,18
3108,DEM,Luke Warford,682
3108,GRN,Hunter Wayne Crow,12
3108,LIB,Jaime Andres Diez,43
3108,REP,Wayne Christian,531
3109,,Under Votes,23
3109,DEM,Luke Warford,1175
3109,GRN,Hunter Wayne Crow,19
3109,LIB,Jaime Andres Diez,54
3109,REP,Wayne Christian,899
3110,,Under Votes,12
3110,DEM,Luke Warford,1207
3110,GRN,Hunter Wayne Crow,11
3110,LIB,Jaime Andres Diez,40
3110,REP,Wayne Christian,226
3111,DEM,Luke Warford,1
3111,REP,Wayne Christian,4
3112,DEM,Luke Warford,21
3112,LIB,Jaime Andres Diez,2
3112,REP,Wayne Christian,11
3114,DEM,Luke Warford,2
3114,REP,Wayne Christian,2
3115,,Under Votes,9
3115,DEM,Luke Warford,808
3115,GRN,Hunter Wayne Crow,11
3115,LIB,Jaime Andres Diez,38
3115,REP,Wayne Christian,198
3116,DEM,Luke Warford,1
3117,DEM,Luke Warford,7
3117,LIB,Jaime Andres Diez,2
3117,REP,Wayne Christian,1
3200,,Under Votes,16
3200,DEM,Luke Warford,725
3200,GRN,Hunter Wayne Crow,12
3200,LIB,Jaime Andres Diez,42
3200,REP,Wayne Christian,557
3201,,Under Votes,9
3201,DEM,Luke Warford,476
3201,GRN,Hunter Wayne Crow,10
3201,LIB,Jaime Andres Diez,25
3201,REP,Wayne Christian,345
3202,,Under Votes,16
3202,DEM,Luke Warford,766
3202,GRN,Hunter Wayne Crow,13
3202,LIB,Jaime Andres Diez,33
3202,REP,Wayne Christian,258
3203,,Under Votes,10
3203,DEM,Luke Warford,612
3203,GRN,Hunter Wayne Crow,5
3203,LIB,Jaime Andres Diez,34
3203,REP,Wayne Christian,307
3204,,Under Votes,17
3204,DEM,Luke Warford,609
3204,GRN,Hunter Wayne Crow,9
3204,LIB,Jaime Andres Diez,53
3204,REP,Wayne Christian,391
3205,,Under Votes,7
3205,DEM,Luke Warford,645
3205,GRN,Hunter Wayne Crow,4
3205,LIB,Jaime Andres Diez,28
3205,REP,Wayne Christian,101
3206,,Under Votes,18
3206,DEM,Luke Warford,686
3206,GRN,Hunter Wayne Crow,12
3206,LIB,Jaime Andres Diez,39
3206,REP,Wayne Christian,572
3207,,Under Votes,13
3207,DEM,Luke Warford,630
3207,GRN,Hunter Wayne Crow,10
3207,LIB,Jaime Andres Diez,62
3207,REP,Wayne Christian,477
3208,,Under Votes,11
3208,DEM,Luke Warford,451
3208,GRN,Hunter Wayne Crow,11
3208,LIB,Jaime Andres Diez,17
3208,REP,Wayne Christian,222
3209,,Under Votes,5
3209,DEM,Luke Warford,36
3209,GRN,Hunter Wayne Crow,1
3209,LIB,Jaime Andres Diez,4
3209,REP,Wayne Christian,49
3210,,Under Votes,11
3210,DEM,Luke Warford,544
3210,GRN,Hunter Wayne Crow,10
3210,LIB,Jaime Andres Diez,48
3210,REP,Wayne Christian,388
3211,,Under Votes,6
3211,DEM,Luke Warford,273
3211,GRN,Hunter Wayne Crow,6
3211,LIB,Jaime Andres Diez,23
3211,REP,Wayne Christian,146
32T0,DEM,Luke Warford,2
3304,,Under Votes,25
3304,DEM,Luke Warford,609
3304,GRN,Hunter Wayne Crow,14
3304,LIB,Jaime Andres Diez,54
3304,REP,Wayne Christian,576
3305,,Under Votes,30
3305,DEM,Luke Warford,851
3305,GRN,Hunter Wayne Crow,19
3305,LIB,Jaime Andres Diez,59
3305,REP,Wayne Christian,801
3306,,Under Votes,9
3306,DEM,Luke Warford,287
3306,GRN,Hunter Wayne Crow,11
3306,LIB,Jaime Andres Diez,29
3306,REP,Wayne Christian,261
3307,,Under Votes,8
3307,DEM,Luke Warford,341
3307,GRN,Hunter Wayne Crow,11
3307,LIB,Jaime Andres Diez,30
3307,REP,Wayne Christian,218
3308,,Under Votes,13
3308,DEM,Luke Warford,399
3308,GRN,Hunter Wayne Crow,9
3308,LIB,Jaime Andres Diez,44
3308,REP,Wayne Christian,308
3309,,Under Votes,14
3309,DEM,Luke Warford,464
3309,GRN,Hunter Wayne Crow,12
3309,LIB,Jaime Andres Diez,26
3309,REP,Wayne Christian,421
3310,,Under Votes,11
3310,DEM,Luke Warford,520
3310,GRN,Hunter Wayne Crow,12
3310,LIB,Jaime Andres Diez,40
3310,REP,Wayne Christian,496
3311,,Under Votes,8
3311,DEM,Luke Warford,400
3311,GRN,Hunter Wayne Crow,5
3311,LIB,Jaime Andres Diez,37
3311,REP,Wayne Christian,462
3312,,Under Votes,18
3312,DEM,Luke Warford,767
3312,GRN,Hunter Wayne Crow,14
3312,LIB,Jaime Andres Diez,55
3312,REP,Wayne Christian,585
3313,,Under Votes,16
3313,DEM,Luke Warford,936
3313,GRN,Hunter Wayne Crow,12
3313,LIB,Jaime Andres Diez,47
3313,REP,Wayne Christian,526
3314,,Under Votes,16
3314,DEM,Luke Warford,980
3314,GRN,Hunter Wayne Crow,13
3314,LIB,Jaime Andres Diez,67
3314,REP,Wayne Christian,485
3315,,Under Votes,4
3315,DEM,Luke Warford,261
3315,GRN,Hunter Wayne Crow,3
3315,LIB,Jaime Andres Diez,17
3315,REP,Wayne Christian,174
3316,,Under Votes,11
3316,DEM,Luke Warford,661
3316,GRN,Hunter Wayne Crow,12
3316,LIB,Jaime Andres Diez,31
3316,REP,Wayne Christian,506
3317,,Under Votes,11
3317,DEM,Luke Warford,785
3317,GRN,Hunter Wayne Crow,7
3317,LIB,Jaime Andres Diez,39
3317,REP,Wayne Christian,295
3318,,Under Votes,5
3318,DEM,Luke Warford,456
3318,GRN,Hunter Wayne Crow,4
3318,LIB,Jaime Andres Diez,24
3318,REP,Wayne Christian,270
3319,DEM,Luke Warford,38
3319,LIB,Jaime Andres Diez,6
3319,REP,Wayne Christian,9
3325,,Under Votes,11
3325,DEM,Luke Warford,648
3325,GRN,Hunter Wayne Crow,8
3325,LIB,Jaime Andres Diez,37
3325,REP,Wayne Christian,179
3327,DEM,Luke Warford,4
3328,,Under Votes,1
3328,DEM,Luke Warford,8
3328,LIB,Jaime Andres Diez,1
3328,REP,Wayne Christian,7
3500,,Under Votes,40
3500,DEM,Luke Warford,684
3500,GRN,Hunter Wayne Crow,21
3500,LIB,Jaime Andres Diez,64
3500,REP,Wayne Christian,1450
3501,DEM,Luke Warford,2
3501,REP,Wayne Christian,4
3503,,Under Votes,12
3503,DEM,Luke Warford,187
3503,GRN,Hunter Wayne Crow,9
3503,LIB,Jaime Andres Diez,9
3503,REP,Wayne Christian,491
3504,,Under Votes,7
3504,DEM,Luke Warford,137
3504,GRN,Hunter Wayne Crow,5
3504,LIB,Jaime Andres Diez,10
3504,REP,Wayne Christian,361
3600,,Under Votes,19
3600,DEM,Luke Warford,959
3600,GRN,Hunter Wayne Crow,7
3600,LIB,Jaime Andres Diez,16
3600,REP,Wayne Christian,182
3601,,Under Votes,13
3601,DEM,Luke Warford,991
3601,GRN,Hunter Wayne Crow,17
3601,LIB,Jaime Andres Diez,20
3601,REP,Wayne Christian,244
3602,,Under Votes,5
3602,DEM,Luke Warford,342
3602,GRN,Hunter Wayne Crow,2
3602,LIB,Jaime Andres Diez,12
3602,REP,Wayne Christian,65
3603,DEM,Luke Warford,138
3603,GRN,Hunter Wayne Crow,1
3603,LIB,Jaime Andres Diez,5
3603,REP,Wayne Christian,34
3603,,Under Votes,3
3604,,Under Votes,7
3604,DEM,Luke Warford,1069
3604,GRN,Hunter Wayne Crow,4
3604,LIB,Jaime Andres Diez,37
3604,REP,Wayne Christian,263
3605,,Under Votes,12
3605,DEM,Luke Warford,792
3605,GRN,Hunter Wayne Crow,3
3605,LIB,Jaime Andres Diez,40
3605,REP,Wayne Christian,154
3606,,Under Votes,16
3606,DEM,Luke Warford,983
3606,GRN,Hunter Wayne Crow,7
3606,LIB,Jaime Andres Diez,26
3606,REP,Wayne Christian,104
3607,,Under Votes,27
3607,DEM,Luke Warford,1869
3607,GRN,Hunter Wayne Crow,21
3607,LIB,Jaime Andres Diez,51
3607,REP,Wayne Christian,230
3608,,Under Votes,21
3608,DEM,Luke Warford,1545
3608,GRN,Hunter Wayne Crow,10
3608,LIB,Jaime Andres Diez,54
3608,REP,Wayne Christian,131
3609,,Under Votes,16
3609,DEM,Luke Warford,1413
3609,GRN,Hunter Wayne Crow,15
3609,LIB,Jaime Andres Diez,52
3609,REP,Wayne Christian,257
3610,,Under Votes,7
3610,DEM,Luke Warford,159
3610,GRN,Hunter Wayne Crow,5
3610,LIB,Jaime Andres Diez,4
3610,REP,Wayne Christian,68
3611,,Under Votes,9
3611,DEM,Luke Warford,373
3611,GRN,Hunter Wayne Crow,2
3611,LIB,Jaime Andres Diez,21
3611,REP,Wayne Christian,145
3612,,Under Votes,20
3612,DEM,Luke Warford,1310
3612,GRN,Hunter Wayne Crow,7
3612,LIB,Jaime Andres Diez,37
3612,REP,Wayne Christian,231
3613,,Under Votes,4
3613,DEM,Luke Warford,193
3613,GRN,Hunter Wayne Crow,2
3613,LIB,Jaime Andres Diez,4
3613,REP,Wayne Christian,77
3614,,Under Votes,3
3614,DEM,Luke Warford,342
3614,GRN,Hunter Wayne Crow,1
3614,LIB,Jaime Andres Diez,13
3614,REP,Wayne Christian,45
3615,,Under Votes,8
3615,DEM,Luke Warford,1067
3615,GRN,Hunter Wayne Crow,3
3615,LIB,Jaime Andres Diez,36
3615,REP,Wayne Christian,145
3616,,Under Votes,5
3616,DEM,Luke Warford,262
3616,GRN,Hunter Wayne Crow,1
3616,LIB,Jaime Andres Diez,12
3616,REP,Wayne Christian,35
3617,,Under Votes,9
3617,DEM,Luke Warford,1107
3617,GRN,Hunter Wayne Crow,16
3617,LIB,Jaime Andres Diez,29
3617,REP,Wayne Christian,72
3618,,Under Votes,1
3618,DEM,Luke Warford,336
3618,GRN,Hunter Wayne Crow,1
3618,LIB,Jaime Andres Diez,10
3618,REP,Wayne Christian,35
3619,DEM,Luke Warford,50
3619,GRN,Hunter Wayne Crow,1
3619,LIB,Jaime Andres Diez,4
3619,REP,Wayne Christian,32
3620,,Under Votes,4
3620,DEM,Luke Warford,598
3620,GRN,Hunter Wayne Crow,4
3620,LIB,Jaime Andres Diez,18
3620,REP,Wayne Christian,80
3621,,Under Votes,4
3621,DEM,Luke Warford,262
3621,GRN,Hunter Wayne Crow,1
3621,LIB,Jaime Andres Diez,7
3621,REP,Wayne Christian,48
3701,REP,Wayne Christian,3
3800,DEM,Luke Warford,1920
3800,LIB,Jaime Andres Diez,53
3800,REP,Wayne Christian,136
3800,,Under Votes,21
3800,GRN,Hunter Wayne Crow,6
3801,REP,Wayne Christian,24
3801,,Under Votes,1
3801,DEM,Luke Warford,86
3801,GRN,Hunter Wayne Crow,1
3801,LIB,Jaime Andres Diez,4
3802,,Under Votes,18
3802,DEM,Luke Warford,1355
3802,GRN,Hunter Wayne Crow,9
3802,LIB,Jaime Andres Diez,42
3802,REP,Wayne Christian,140
3803,,Under Votes,16
3803,DEM,Luke Warford,1221
3803,LIB,Jaime Andres Diez,36
3803,REP,Wayne Christian,112
3803,GRN,Hunter Wayne Crow,11
3805,,Under Votes,18
3805,DEM,Luke Warford,1838
3805,GRN,Hunter Wayne Crow,24
3805,LIB,Jaime Andres Diez,49
3805,REP,Wayne Christian,135
3806,,Under Votes,5
3806,DEM,Luke Warford,407
3806,GRN,Hunter Wayne Crow,2
3806,LIB,Jaime Andres Diez,17
3806,REP,Wayne Christian,30
3807,,Under Votes,15
3807,DEM,Luke Warford,966
3807,GRN,Hunter Wayne Crow,12
3807,LIB,Jaime Andres Diez,30
3807,REP,Wayne Christian,144
3808,,Under Votes,22
3808,DEM,Luke Warford,1332
3808,GRN,Hunter Wayne Crow,22
3808,LIB,Jaime Andres Diez,71
3808,REP,Wayne Christian,590
3809,,Under Votes,1
3809,DEM,Luke Warford,109
3809,GRN,Hunter Wayne Crow,1
3809,LIB,Jaime Andres Diez,3
3809,REP,Wayne Christian,33
3900,,Under Votes,13
3900,DEM,Luke Warford,1105
3900,GRN,Hunter Wayne Crow,7
3900,LIB,Jaime Andres Diez,46
3900,REP,Wayne Christian,223
3920,DEM,Luke Warford,333
3920,LIB,Jaime Andres Diez,33
3920,REP,Wayne Christian,571
3920,,Under Votes,11
3920,GRN,Hunter Wayne Crow,5
3921,,Under Votes,23
3921,DEM,Luke Warford,995
3921,GRN,Hunter Wayne Crow,23
3921,LIB,Jaime Andres Diez,71
3921,REP,Wayne Christian,804
3922,DEM,Luke Warford,22
3922,REP,Wayne Christian,5
3940,,Under Votes,9
3940,DEM,Luke Warford,542
3940,GRN,Hunter Wayne Crow,8
3940,LIB,Jaime Andres Diez,35
3940,REP,Wayne Christian,226
3950,,Under Votes,13
3950,DEM,Luke Warford,569
3950,GRN,Hunter Wayne Crow,7
3950,LIB,Jaime Andres Diez,33
3950,REP,Wayne Christian,206
3951,,Under Votes,16
3951,DEM,Luke Warford,1167
3951,GRN,Hunter Wayne Crow,12
3951,LIB,Jaime Andres Diez,43
3951,REP,Wayne Christian,166
3952,DEM,Luke Warford,55
3952,LIB,Jaime Andres Diez,1
3952,REP,Wayne Christian,13
3960,,Under Votes,23
3960,DEM,Luke Warford,747
3960,GRN,Hunter Wayne Crow,25
3960,LIB,Jaime Andres Diez,53
3960,REP,Wayne Christian,1007
3961,,Under Votes,12
3961,DEM,Luke Warford,616
3961,GRN,Hunter Wayne Crow,19
3961,LIB,Jaime Andres Diez,50
3961,REP,Wayne Christian,703
3962,,Under Votes,27
3962,DEM,Luke Warford,1095
3962,GRN,Hunter Wayne Crow,27
3962,LIB,Jaime Andres Diez,83
3962,REP,Wayne Christian,1328
3963,,Under Votes,12
3963,DEM,Luke Warford,481
3963,GRN,Hunter Wayne Crow,16
3963,LIB,Jaime Andres Diez,39
3963,REP,Wayne Christian,691
3964,,Under Votes,25
3964,DEM,Luke Warford,514
3964,GRN,Hunter Wayne Crow,13
3964,LIB,Jaime Andres Diez,36
3964,REP,Wayne Christian,510
3965,,Under Votes,27
3965,DEM,Luke Warford,743
3965,GRN,Hunter Wayne Crow,16
3965,LIB,Jaime Andres Diez,48
3965,REP,Wayne Christian,819
3966,,Under Votes,25
3966,DEM,Luke Warford,783
3966,GRN,Hunter Wayne Crow,30
3966,LIB,Jaime Andres Diez,62
3966,REP,Wayne Christian,848
3967,,Under Votes,10
3967,DEM,Luke Warford,332
3967,GRN,Hunter Wayne Crow,8
3967,LIB,Jaime Andres Diez,29
3967,REP,Wayne Christian,354
3968,,Under Votes,25
3968,DEM,Luke Warford,860
3968,GRN,Hunter Wayne Crow,14
3968,LIB,Jaime Andres Diez,65
3968,REP,Wayne Christian,980
3969,,Under Votes,16
3969,DEM,Luke Warford,557
3969,GRN,Hunter Wayne Crow,19
3969,LIB,Jaime Andres Diez,40
3969,REP,Wayne Christian,1124
3970,,Under Votes,35
3970,DEM,Luke Warford,729
3970,GRN,Hunter Wayne Crow,21
3970,LIB,Jaime Andres Diez,51
3970,REP,Wayne Christian,1162
3971,,Under Votes,16
3971,DEM,Luke Warford,595
3971,GRN,Hunter Wayne Crow,17
3971,LIB,Jaime Andres Diez,44
3971,REP,Wayne Christian,663
3980,,Under Votes,23
3980,DEM,Luke Warford,689
3980,GRN,Hunter Wayne Crow,27
3980,LIB,Jaime Andres Diez,52
3980,REP,Wayne Christian,978
3981,,Under Votes,18
3981,DEM,Luke Warford,271
3981,GRN,Hunter Wayne Crow,7
3981,LIB,Jaime Andres Diez,28
3981,REP,Wayne Christian,553
3982,,Under Votes,14
3982,DEM,Luke Warford,717
3982,GRN,Hunter Wayne Crow,16
3982,LIB,Jaime Andres Diez,34
3982,REP,Wayne Christian,1155
3983,,Under Votes,21
3983,DEM,Luke Warford,447
3983,GRN,Hunter Wayne Crow,14
3983,LIB,Jaime Andres Diez,39
3983,REP,Wayne Christian,733
3984,,Under Votes,7
3984,DEM,Luke Warford,259
3984,GRN,Hunter Wayne Crow,7
3984,LIB,Jaime Andres Diez,23
3984,REP,Wayne Christian,423
4000,DEM,Luke Warford,69
4000,LIB,Jaime Andres Diez,7
4000,REP,Wayne Christian,36
4001,,Under Votes,6
4001,DEM,Luke Warford,342
4001,GRN,Hunter Wayne Crow,7
4001,LIB,Jaime Andres Diez,29
4001,REP,Wayne Christian,101
4002,,Under Votes,11
4002,DEM,Luke Warford,379
4002,GRN,Hunter Wayne Crow,10
4002,LIB,Jaime Andres Diez,22
4002,REP,Wayne Christian,211
4003,DEM,Luke Warford,57
4003,GRN,Hunter Wayne Crow,2
4003,LIB,Jaime Andres Diez,5
4003,REP,Wayne Christian,12
4004,,Under Votes,12
4004,DEM,Luke Warford,544
4004,GRN,Hunter Wayne Crow,15
4004,LIB,Jaime Andres Diez,36
4004,REP,Wayne Christian,196
4005,,Under Votes,8
4005,DEM,Luke Warford,234
4005,GRN,Hunter Wayne Crow,4
4005,LIB,Jaime Andres Diez,13
4005,REP,Wayne Christian,120
4006,,Under Votes,11
4006,DEM,Luke Warford,465
4006,GRN,Hunter Wayne Crow,12
4006,LIB,Jaime Andres Diez,22
4006,REP,Wayne Christian,247
4007,,Under Votes,1
4007,DEM,Luke Warford,72
4007,GRN,Hunter Wayne Crow,3
4007,LIB,Jaime Andres Diez,4
4007,REP,Wayne Christian,46
4008,,Under Votes,1
4008,DEM,Luke Warford,101
4008,GRN,Hunter Wayne Crow,2
4008,LIB,Jaime Andres Diez,18
4008,REP,Wayne Christian,25
4009,,Under Votes,13
4009,DEM,Luke Warford,360
4009,GRN,Hunter Wayne Crow,8
4009,LIB,Jaime Andres Diez,45
4009,REP,Wayne Christian,85
4010,,Under Votes,12
4010,DEM,Luke Warford,470
4010,GRN,Hunter Wayne Crow,9
4010,LIB,Jaime Andres Diez,34
4010,REP,Wayne Christian,283
4011,,Under Votes,3
4011,DEM,Luke Warford,230
4011,GRN,Hunter Wayne Crow,3
4011,LIB,Jaime Andres Diez,19
4011,REP,Wayne Christian,72
4012,,Under Votes,2
4012,DEM,Luke Warford,24
4012,LIB,Jaime Andres Diez,2
4012,REP,Wayne Christian,18
4013,,Under Votes,9
4013,DEM,Luke Warford,91
4013,GRN,Hunter Wayne Crow,4
4013,LIB,Jaime Andres Diez,5
4013,REP,Wayne Christian,117
4014,,Under Votes,24
4014,DEM,Luke Warford,590
4014,GRN,Hunter Wayne Crow,15
4014,LIB,Jaime Andres Diez,37
4014,REP,Wayne Christian,768
4015,,Under Votes,5
4015,DEM,Luke Warford,545
4015,GRN,Hunter Wayne Crow,10
4015,LIB,Jaime Andres Diez,23
4015,REP,Wayne Christian,219
4016,,Under Votes,13
4016,DEM,Luke Warford,615
4016,GRN,Hunter Wayne Crow,7
4016,LIB,Jaime Andres Diez,29
4016,REP,Wayne Christian,183
4017,,Under Votes,5
4017,DEM,Luke Warford,190
4017,GRN,Hunter Wayne Crow,2
4017,LIB,Jaime Andres Diez,8
4017,REP,Wayne Christian,88
4018,,Under Votes,11
4018,DEM,Luke Warford,380
4018,GRN,Hunter Wayne Crow,4
4018,LIB,Jaime Andres Diez,18
4018,REP,Wayne Christian,274
4019,,Under Votes,15
4019,DEM,Luke Warford,928
4019,GRN,Hunter Wayne Crow,12
4019,LIB,Jaime Andres Diez,41
4019,REP,Wayne Christian,185
4020,,Under Votes,12
4020,DEM,Luke Warford,301
4020,GRN,Hunter Wayne Crow,4
4020,LIB,Jaime Andres Diez,23
4020,REP,Wayne Christian,91
4021,,Under Votes,15
4021,DEM,Luke Warford,1117
4021,GRN,Hunter Wayne Crow,14
4021,LIB,Jaime Andres Diez,40
4021,REP,Wayne Christian,196
4022,,Under Votes,5
4022,DEM,Luke Warford,460
4022,GRN,Hunter Wayne Crow,10
4022,LIB,Jaime Andres Diez,22
4022,REP,Wayne Christian,83
4024,,Under Votes,5
4024,DEM,Luke Warford,492
4024,GRN,Hunter Wayne Crow,9
4024,LIB,Jaime Andres Diez,29
4024,REP,Wayne Christian,81
4025,,Under Votes,2
4025,DEM,Luke Warford,98
4025,GRN,Hunter Wayne Crow,2
4025,LIB,Jaime Andres Diez,5
4025,REP,Wayne Christian,3
4026,,Under Votes,1
4026,DEM,Luke Warford,33
4026,GRN,Hunter Wayne Crow,1
4026,LIB,Jaime Andres Diez,2
4026,REP,Wayne Christian,7
4027,,Under Votes,3
4027,DEM,Luke Warford,63
4027,GRN,Hunter Wayne Crow,1
4027,LIB,Jaime Andres Diez,10
4027,REP,Wayne Christian,14
4028,,Under Votes,5
4028,DEM,Luke Warford,263
4028,GRN,Hunter Wayne Crow,3
4028,LIB,Jaime Andres Diez,9
4028,REP,Wayne Christian,30
4029,DEM,Luke Warford,3
4029,REP,Wayne Christian,2
4030,DEM,Luke Warford,4
4030,GRN,Hunter Wayne Crow,1
4031,,Under Votes,11
4031,DEM,Luke Warford,634
4031,GRN,Hunter Wayne Crow,9
4031,LIB,Jaime Andres Diez,41
4031,REP,Wayne Christian,81
4033,,Under Votes,9
4033,DEM,Luke Warford,597
4033,GRN,Hunter Wayne Crow,13
4033,LIB,Jaime Andres Diez,32
4033,REP,Wayne Christian,197
4035,,Under Votes,5
4035,DEM,Luke Warford,480
4035,GRN,Hunter Wayne Crow,8
4035,LIB,Jaime Andres Diez,23
4035,REP,Wayne Christian,66
4036,,Under Votes,5
4036,DEM,Luke Warford,215
4036,GRN,Hunter Wayne Crow,8
4036,LIB,Jaime Andres Diez,18
4036,REP,Wayne Christian,30
4037,,Under Votes,2
4037,DEM,Luke Warford,65
4037,GRN,Hunter Wayne Crow,1
4037,LIB,Jaime Andres Diez,4
4037,REP,Wayne Christian,15
4038,,Under Votes,15
4038,DEM,Luke Warford,639
4038,GRN,Hunter Wayne Crow,15
4038,LIB,Jaime Andres Diez,34
4038,REP,Wayne Christian,75
4039,,Under Votes,3
4039,DEM,Luke Warford,151
4039,GRN,Hunter Wayne Crow,1
4039,LIB,Jaime Andres Diez,13
4039,REP,Wayne Christian,12
4040,,Under Votes,2
4040,DEM,Luke Warford,226
4040,GRN,Hunter Wayne Crow,1
4040,LIB,Jaime Andres Diez,10
4040,REP,Wayne Christian,14
4041,,Under Votes,3
4041,DEM,Luke Warford,165
4041,GRN,Hunter Wayne Crow,2
4041,LIB,Jaime Andres Diez,12
4041,REP,Wayne Christian,16
4043,,Under Votes,7
4043,DEM,Luke Warford,314
4043,GRN,Hunter Wayne Crow,4
4043,LIB,Jaime Andres Diez,21
4043,REP,Wayne Christian,39
4044,,Under Votes,5
4044,DEM,Luke Warford,236
4044,GRN,Hunter Wayne Crow,5
4044,LIB,Jaime Andres Diez,19
4044,REP,Wayne Christian,28
4046,,Under Votes,5
4046,DEM,Luke Warford,269
4046,GRN,Hunter Wayne Crow,4
4046,LIB,Jaime Andres Diez,16
4046,REP,Wayne Christian,31
4047,,Under Votes,1
4047,DEM,Luke Warford,205
4047,GRN,Hunter Wayne Crow,1
4047,LIB,Jaime Andres Diez,4
4047,REP,Wayne Christian,15
4050,,Under Votes,15
4050,DEM,Luke Warford,1445
4050,GRN,Hunter Wayne Crow,19
4050,LIB,Jaime Andres Diez,82
4050,REP,Wayne Christian,463
4052,,Under Votes,16
4052,DEM,Luke Warford,1177
4052,GRN,Hunter Wayne Crow,17
4052,LIB,Jaime Andres Diez,57
4052,REP,Wayne Christian,422
4053,,Under Votes,4
4053,DEM,Luke Warford,109
4053,GRN,Hunter Wayne Crow,2
4053,LIB,Jaime Andres Diez,15
4053,REP,Wayne Christian,48
4054,,Under Votes,1
4054,DEM,Luke Warford,113
4054,GRN,Hunter Wayne Crow,2
4054,LIB,Jaime Andres Diez,13
4054,REP,Wayne Christian,24
4055,,Under Votes,6
4055,DEM,Luke Warford,642
4055,GRN,Hunter Wayne Crow,9
4055,LIB,Jaime Andres Diez,54
4055,REP,Wayne Christian,195
4056,,Under Votes,18
4056,DEM,Luke Warford,706
4056,GRN,Hunter Wayne Crow,9
4056,LIB,Jaime Andres Diez,48
4056,REP,Wayne Christian,123
4057,,Under Votes,9
4057,DEM,Luke Warford,435
4057,GRN,Hunter Wayne Crow,1
4057,LIB,Jaime Andres Diez,39
4057,REP,Wayne Christian,114
4058,,Under Votes,8
4058,DEM,Luke Warford,248
4058,GRN,Hunter Wayne Crow,5
4058,LIB,Jaime Andres Diez,20
4058,REP,Wayne Christian,68
4059,,Under Votes,1
4059,DEM,Luke Warford,101
4059,GRN,Hunter Wayne Crow,1
4059,LIB,Jaime Andres Diez,3
4059,REP,Wayne Christian,23
4060,,Under Votes,12
4060,DEM,Luke Warford,508
4060,GRN,Hunter Wayne Crow,3
4060,LIB,Jaime Andres Diez,63
4060,REP,Wayne Christian,147
4061,,Under Votes,7
4061,DEM,Luke Warford,465
4061,GRN,Hunter Wayne Crow,9
4061,LIB,Jaime Andres Diez,64
4061,REP,Wayne Christian,150
4062,,Under Votes,11
4062,DEM,Luke Warford,398
4062,GRN,Hunter Wayne Crow,5
4062,LIB,Jaime Andres Diez,64
4062,REP,Wayne Christian,87
4063,,Under Votes,23
4063,DEM,Luke Warford,946
4063,GRN,Hunter Wayne Crow,19
4063,LIB,Jaime Andres Diez,78
4063,REP,Wayne Christian,220
4065,,Under Votes,8
4065,DEM,Luke Warford,131
4065,GRN,Hunter Wayne Crow,1
4065,LIB,Jaime Andres Diez,21
4065,REP,Wayne Christian,60
4066,,Under Votes,6
4066,DEM,Luke Warford,195
4066,GRN,Hunter Wayne Crow,5
4066,LIB,Jaime Andres Diez,28
4066,REP,Wayne Christian,91
4067,,Under Votes,18
4067,DEM,Luke Warford,519
4067,GRN,Hunter Wayne Crow,12
4067,LIB,Jaime Andres Diez,53
4067,REP,Wayne Christian,139
4068,,Under Votes,12
4068,DEM,Luke Warford,538
4068,GRN,Hunter Wayne Crow,12
4068,LIB,Jaime Andres Diez,40
4068,REP,Wayne Christian,152
4069,,Under Votes,26
4069,DEM,Luke Warford,865
4069,GRN,Hunter Wayne Crow,19
4069,LIB,Jaime Andres Diez,104
4069,REP,Wayne Christian,210
4070,,Under Votes,12
4070,DEM,Luke Warford,367
4070,GRN,Hunter Wayne Crow,2
4070,LIB,Jaime Andres Diez,36
4070,REP,Wayne Christian,97
4071,,Under Votes,1
4071,DEM,Luke Warford,69
4071,GRN,Hunter Wayne Crow,1
4071,LIB,Jaime Andres Diez,10
4071,REP,Wayne Christian,21
4072,,Under Votes,2
4072,DEM,Luke Warford,71
4072,LIB,Jaime Andres Diez,5
4072,REP,Wayne Christian,9
4073,,Under Votes,13
4073,DEM,Luke Warford,576
4073,GRN,Hunter Wayne Crow,18
4073,LIB,Jaime Andres Diez,37
4073,REP,Wayne Christian,167
4074,,Under Votes,24
4074,DEM,Luke Warford,1130
4074,GRN,Hunter Wayne Crow,32
4074,LIB,Jaime Andres Diez,74
4074,REP,Wayne Christian,271
4075,,Under Votes,12
4075,DEM,Luke Warford,430
4075,GRN,Hunter Wayne Crow,12
4075,LIB,Jaime Andres Diez,43
4075,REP,Wayne Christian,58
4076,,Under Votes,19
4076,DEM,Luke Warford,653
4076,GRN,Hunter Wayne Crow,15
4076,LIB,Jaime Andres Diez,69
4076,REP,Wayne Christian,179
4077,,Under Votes,9
4077,DEM,Luke Warford,438
4077,GRN,Hunter Wayne Crow,10
4077,LIB,Jaime Andres Diez,26
4077,REP,Wayne Christian,76
4078,,Under Votes,15
4078,DEM,Luke Warford,683
4078,GRN,Hunter Wayne Crow,18
4078,LIB,Jaime Andres Diez,52
4078,REP,Wayne Christian,144
4079,,Under Votes,46
4079,DEM,Luke Warford,1794
4079,GRN,Hunter Wayne Crow,43
4079,LIB,Jaime Andres Diez,71
4079,REP,Wayne Christian,607
4080,,Under Votes,6
4080,DEM,Luke Warford,317
4080,GRN,Hunter Wayne Crow,4
4080,LIB,Jaime Andres Diez,12
4080,REP,Wayne Christian,189
4081,,Under Votes,15
4081,DEM,Luke Warford,644
4081,GRN,Hunter Wayne Crow,14
4081,LIB,Jaime Andres Diez,98
4081,REP,Wayne Christian,166
4082,,Under Votes,15
4082,DEM,Luke Warford,666
4082,GRN,Hunter Wayne Crow,20
4082,LIB,Jaime Andres Diez,46
4082,REP,Wayne Christian,122
4083,,Under Votes,6
4083,DEM,Luke Warford,459
4083,GRN,Hunter Wayne Crow,7
4083,LIB,Jaime Andres Diez,37
4083,REP,Wayne Christian,90
4084,,Under Votes,3
4084,DEM,Luke Warford,158
4084,GRN,Hunter Wayne Crow,1
4084,LIB,Jaime Andres Diez,17
4084,REP,Wayne Christian,30
4085,,Under Votes,11
4085,DEM,Luke Warford,190
4085,GRN,Hunter Wayne Crow,1
4085,LIB,Jaime Andres Diez,31
4085,REP,Wayne Christian,68
4086,,Under Votes,15
4086,DEM,Luke Warford,771
4086,GRN,Hunter Wayne Crow,7
4086,LIB,Jaime Andres Diez,65
4086,REP,Wayne Christian,193
4087,,Under Votes,8
4087,DEM,Luke Warford,159
4087,GRN,Hunter Wayne Crow,3
4087,LIB,Jaime Andres Diez,18
4087,REP,Wayne Christian,35
4088,,Under Votes,3
4088,DEM,Luke Warford,62
4088,GRN,Hunter Wayne Crow,1
4088,LIB,Jaime Andres Diez,16
4088,REP,Wayne Christian,14
4090,DEM,Luke Warford,15
4090,LIB,Jaime Andres Diez,2
4090,REP,Wayne Christian,15
4092,,Under Votes,2
4092,DEM,Luke Warford,50
4092,GRN,Hunter Wayne Crow,4
4092,LIB,Jaime Andres Diez,7
4092,REP,Wayne Christian,19
4093,DEM,Luke Warford,20
4093,GRN,Hunter Wayne Crow,1
4093,LIB,Jaime Andres Diez,2
4093,REP,Wayne Christian,1
4094,,Under Votes,8
4094,DEM,Luke Warford,138
4094,GRN,Hunter Wayne Crow,2
4094,LIB,Jaime Andres Diez,14
4094,REP,Wayne Christian,63
4095,DEM,Luke Warford,14
4095,REP,Wayne Christian,11
4096,,Under Votes,1
4096,REP,Wayne Christian,2
4097,,Under Votes,3
4097,DEM,Luke Warford,300
4097,GRN,Hunter Wayne Crow,6
4097,LIB,Jaime Andres Diez,21
4097,REP,Wayne Christian,126
4098,DEM,Luke Warford,12
4098,GRN,Hunter Wayne Crow,1
4098,LIB,Jaime Andres Diez,2
4098,REP,Wayne Christian,11
4099,,Under Votes,12
4099,DEM,Luke Warford,385
4099,GRN,Hunter Wayne Crow,8
4099,LIB,Jaime Andres Diez,12
4099,REP,Wayne Christian,380
4100,DEM,Luke Warford,13
4100,LIB,Jaime Andres Diez,1
4100,REP,Wayne Christian,2
4101,DEM,Luke Warford,24
4107,DEM,Luke Warford,29
4107,GRN,Hunter Wayne Crow,2
4107,LIB,Jaime Andres Diez,1
4107,REP,Wayne Christian,1
4108,DEM,Luke Warford,15
4108,LIB,Jaime Andres Diez,2
4109,DEM,Luke Warford,12
4109,LIB,Jaime Andres Diez,2
4110,,Under Votes,4
4110,DEM,Luke Warford,263
4110,GRN,Hunter Wayne Crow,3
4110,LIB,Jaime Andres Diez,6
4110,REP,Wayne Christian,13
4111,DEM,Luke Warford,73
4111,GRN,Hunter Wayne Crow,2
4111,LIB,Jaime Andres Diez,6
4111,REP,Wayne Christian,33
4112,,Under Votes,3
4112,DEM,Luke Warford,9
4112,LIB,Jaime Andres Diez,2
4112,REP,Wayne Christian,29
4113,,Under Votes,19
4113,DEM,Luke Warford,426
4113,GRN,Hunter Wayne Crow,11
4113,LIB,Jaime Andres Diez,47
4113,REP,Wayne Christian,158
4114,,Under Votes,13
4114,DEM,Luke Warford,362
4114,GRN,Hunter Wayne Crow,5
4114,LIB,Jaime Andres Diez,38
4114,REP,Wayne Christian,98
4115,,Under Votes,5
4115,DEM,Luke Warford,153
4115,GRN,Hunter Wayne Crow,7
4115,LIB,Jaime Andres Diez,6
4115,REP,Wayne Christian,55
4117,DEM,Luke Warford,4
4117,GRN,Hunter Wayne Crow,1
4117,REP,Wayne Christian,5
4120,,Under Votes,4
4120,DEM,Luke Warford,98
4120,GRN,Hunter Wayne Crow,4
4120,LIB,Jaime Andres Diez,16
4120,REP,Wayne Christian,16
4126,,Under Votes,18
4126,DEM,Luke Warford,418
4126,GRN,Hunter Wayne Crow,8
4126,LIB,Jaime Andres Diez,16
4126,REP,Wayne Christian,613
4127,,Under Votes,9
4127,DEM,Luke Warford,110
4127,GRN,Hunter Wayne Crow,3
4127,LIB,Jaime Andres Diez,7
4127,REP,Wayne Christian,202
4128,,Under Votes,20
4128,DEM,Luke Warford,329
4128,GRN,Hunter Wayne Crow,3
4128,LIB,Jaime Andres Diez,12
4128,REP,Wayne Christian,517
4129,,Under Votes,29
4129,DEM,Luke Warford,356
4129,GRN,Hunter Wayne Crow,6
4129,LIB,Jaime Andres Diez,27
4129,REP,Wayne Christian,848
4130,,Under Votes,18
4130,DEM,Luke Warford,506
4130,GRN,Hunter Wayne Crow,10
4130,LIB,Jaime Andres Diez,24
4130,REP,Wayne Christian,631
4131,,Under Votes,7
4131,DEM,Luke Warford,646
4131,GRN,Hunter Wayne Crow,6
4131,LIB,Jaime Andres Diez,29
4131,REP,Wayne Christian,94
4135,,Under Votes,7
4135,DEM,Luke Warford,499
4135,GRN,Hunter Wayne Crow,10
4135,LIB,Jaime Andres Diez,30
4135,REP,Wayne Christian,119
4141,DEM,Luke Warford,73
4141,GRN,Hunter Wayne Crow,2
4141,LIB,Jaime Andres Diez,3
4141,REP,Wayne Christian,20
4143,DEM,Luke Warford,30
4143,GRN,Hunter Wayne Crow,1
4143,LIB,Jaime Andres Diez,2
4143,REP,Wayne Christian,1
4147,DEM,Luke Warford,10
4147,REP,Wayne Christian,4
4149,DEM,Luke Warford,26
4149,GRN,Hunter Wayne Crow,1
4149,LIB,Jaime Andres Diez,7
4149,REP,Wayne Christian,5
4153,DEM,Luke Warford,55
4153,GRN,Hunter Wayne Crow,2
4153,LIB,Jaime Andres Diez,2
4153,REP,Wayne Christian,11
4157,,Under Votes,4
4157,DEM,Luke Warford,48
4157,LIB,Jaime Andres Diez,6
4157,REP,Wayne Christian,18
4157,GRN,Hunter Wayne Crow,2
4161,,Under Votes,2
4161,DEM,Luke Warford,228
4161,GRN,Hunter Wayne Crow,3
4161,LIB,Jaime Andres Diez,27
4161,REP,Wayne Christian,63
4300,,Under Votes,14
4300,DEM,Luke Warford,302
4300,GRN,Hunter Wayne Crow,4
4300,LIB,Jaime Andres Diez,38
4300,REP,Wayne Christian,131
4500,,Under Votes,12
4500,DEM,Luke Warford,645
4500,GRN,Hunter Wayne Crow,10
4500,LIB,Jaime Andres Diez,35
4500,REP,Wayne Christian,432
4501,,Under Votes,18
4501,DEM,Luke Warford,560
4501,GRN,Hunter Wayne Crow,10
4501,LIB,Jaime Andres Diez,36
4501,REP,Wayne Christian,433
4502,,Under Votes,14
4502,DEM,Luke Warford,1015
4502,GRN,Hunter Wayne Crow,14
4502,LIB,Jaime Andres Diez,67
4502,REP,Wayne Christian,571
4503,,Under Votes,15
4503,DEM,Luke Warford,1354
4503,GRN,Hunter Wayne Crow,21
4503,LIB,Jaime Andres Diez,71
4503,REP,Wayne Christian,605
4504,,Under Votes,10
4504,DEM,Luke Warford,308
4504,GRN,Hunter Wayne Crow,5
4504,LIB,Jaime Andres Diez,32
4504,REP,Wayne Christian,224
4505,,Under Votes,7
4505,DEM,Luke Warford,475
4505,GRN,Hunter Wayne Crow,8
4505,LIB,Jaime Andres Diez,36
4505,REP,Wayne Christian,358
4506,,Under Votes,7
4506,DEM,Luke Warford,277
4506,GRN,Hunter Wayne Crow,8
4506,LIB,Jaime Andres Diez,20
4506,REP,Wayne Christian,242
4507,,Under Votes,5
4507,DEM,Luke Warford,255
4507,GRN,Hunter Wayne Crow,2
4507,LIB,Jaime Andres Diez,7
4507,REP,Wayne Christian,31
4508,,Under Votes,3
4508,DEM,Luke Warford,100
4508,LIB,Jaime Andres Diez,13
4508,REP,Wayne Christian,71
4509,,Under Votes,5
4509,DEM,Luke Warford,250
4509,GRN,Hunter Wayne Crow,7
4509,LIB,Jaime Andres Diez,17
4509,REP,Wayne Christian,329
4510,,Under Votes,10
4510,DEM,Luke Warford,400
4510,GRN,Hunter Wayne Crow,7
4510,LIB,Jaime Andres Diez,35
4510,REP,Wayne Christian,271
4511,,Under Votes,11
4511,DEM,Luke Warford,305
4511,GRN,Hunter Wayne Crow,7
4511,LIB,Jaime Andres Diez,30
4511,REP,Wayne Christian,303
4512,,Under Votes,6
4512,DEM,Luke Warford,156
4512,GRN,Hunter Wayne Crow,5
4512,LIB,Jaime Andres Diez,24
4512,REP,Wayne Christian,252
4513,,Under Votes,17
4513,DEM,Luke Warford,453
4513,GRN,Hunter Wayne Crow,10
4513,LIB,Jaime Andres Diez,47
4513,REP,Wayne Christian,296
4514,,Under Votes,15
4514,DEM,Luke Warford,223
4514,GRN,Hunter Wayne Crow,12
4514,LIB,Jaime Andres Diez,37
4514,REP,Wayne Christian,266
4515,,Under Votes,11
4515,DEM,Luke Warford,330
4515,GRN,Hunter Wayne Crow,5
4515,LIB,Jaime Andres Diez,50
4515,REP,Wayne Christian,228
4516,DEM,Luke Warford,3
4516,REP,Wayne Christian,1
4517,,Under Votes,29
4517,DEM,Luke Warford,676
4517,GRN,Hunter Wayne Crow,16
4517,LIB,Jaime Andres Diez,58
4517,REP,Wayne Christian,846
4518,,Under Votes,9
4518,DEM,Luke Warford,343
4518,GRN,Hunter Wayne Crow,11
4518,LIB,Jaime Andres Diez,33
4518,REP,Wayne Christian,262
4519,,Under Votes,26
4519,DEM,Luke Warford,995
4519,GRN,Hunter Wayne Crow,16
4519,LIB,Jaime Andres Diez,46
4519,REP,Wayne Christian,732
4520,,Under Votes,10
4520,DEM,Luke Warford,213
4520,GRN,Hunter Wayne Crow,2
4520,LIB,Jaime Andres Diez,22
4520,REP,Wayne Christian,128
4521,,Under Votes,25
4521,DEM,Luke Warford,1088
4521,GRN,Hunter Wayne Crow,20
4521,LIB,Jaime Andres Diez,90
4521,REP,Wayne Christian,875
4522,,Under Votes,25
4522,DEM,Luke Warford,1059
4522,GRN,Hunter Wayne Crow,19
4522,LIB,Jaime Andres Diez,55
4522,REP,Wayne Christian,565
4523,,Under Votes,6
4523,DEM,Luke Warford,229
4523,GRN,Hunter Wayne Crow,1
4523,LIB,Jaime Andres Diez,9
4523,REP,Wayne Christian,114
4525,,Under Votes,8
4525,DEM,Luke Warford,290
4525,GRN,Hunter Wayne Crow,8
4525,LIB,Jaime Andres Diez,24
4525,REP,Wayne Christian,161
4527,REP,Wayne Christian,189
4527,,Under Votes,10
4527,DEM,Luke Warford,241
4527,GRN,Hunter Wayne Crow,4
4527,LIB,Jaime Andres Diez,39
4529,,Under Votes,7
4529,DEM,Luke Warford,195
4529,GRN,Hunter Wayne Crow,4
4529,LIB,Jaime Andres Diez,10
4529,REP,Wayne Christian,155
4530,,Under Votes,2
4530,DEM,Luke Warford,54
4530,GRN,Hunter Wayne Crow,1
4530,LIB,Jaime Andres Diez,5
4530,REP,Wayne Christian,8
4531,,Under Votes,4
4531,DEM,Luke Warford,82
4531,LIB,Jaime Andres Diez,9
4531,REP,Wayne Christian,139
4531,GRN,Hunter Wayne Crow,1
4532,,Under Votes,2
4532,DEM,Luke Warford,52
4532,GRN,Hunter Wayne Crow,2
4532,LIB,Jaime Andres Diez,6
4532,REP,Wayne Christian,58
4533,,Under Votes,3
4533,DEM,Luke Warford,232
4533,GRN,Hunter Wayne Crow,5
4533,LIB,Jaime Andres Diez,20
4533,REP,Wayne Christian,142
4534,,Under Votes,3
4534,DEM,Luke Warford,17
4534,GRN,Hunter Wayne Crow,1
4534,LIB,Jaime Andres Diez,2
4534,REP,Wayne Christian,11
4535,,Under Votes,4
4535,DEM,Luke Warford,168
4535,GRN,Hunter Wayne Crow,6
4535,LIB,Jaime Andres Diez,17
4535,REP,Wayne Christian,96
4536,DEM,Luke Warford,10
4536,LIB,Jaime Andres Diez,1
4536,REP,Wayne Christian,9
4537,DEM,Luke Warford,3
4538,,Under Votes,4
4538,DEM,Luke Warford,173
4538,GRN,Hunter Wayne Crow,3
4538,LIB,Jaime Andres Diez,20
4538,REP,Wayne Christian,98
4554,DEM,Luke Warford,12
4554,LIB,Jaime Andres Diez,1
4554,REP,Wayne Christian,2
4555,,Under Votes,1
4555,DEM,Luke Warford,3
4555,LIB,Jaime Andres Diez,1
4555,REP,Wayne Christian,14
4600,,Under Votes,23
4600,DEM,Luke Warford,480
4600,GRN,Hunter Wayne Crow,8
4600,LIB,Jaime Andres Diez,41
4600,REP,Wayne Christian,505
4601,,Under Votes,33
4601,DEM,Luke Warford,782
4601,GRN,Hunter Wayne Crow,17
4601,LIB,Jaime Andres Diez,74
4601,REP,Wayne Christian,879
4602,,Under Votes,22
4602,DEM,Luke Warford,383
4602,GRN,Hunter Wayne Crow,7
4602,LIB,Jaime Andres Diez,37
4602,REP,Wayne Christian,370
4603,DEM,Luke Warford,10
4603,LIB,Jaime Andres Diez,1
4603,REP,Wayne Christian,6
4604,,Under Votes,28
4604,DEM,Luke Warford,577
4604,GRN,Hunter Wayne Crow,15
4604,LIB,Jaime Andres Diez,55
4604,REP,Wayne Christian,530
4605,,Under Votes,27
4605,DEM,Luke Warford,457
4605,GRN,Hunter Wayne Crow,13
4605,LIB,Jaime Andres Diez,43
4605,REP,Wayne Christian,462
4606,,Under Votes,23
4606,DEM,Luke Warford,485
4606,GRN,Hunter Wayne Crow,10
4606,LIB,Jaime Andres Diez,42
4606,REP,Wayne Christian,462
4607,,Under Votes,14
4607,DEM,Luke Warford,315
4607,GRN,Hunter Wayne Crow,9
4607,LIB,Jaime Andres Diez,30
4607,REP,Wayne Christian,242
4608,,Under Votes,19
4608,DEM,Luke Warford,816
4608,GRN,Hunter Wayne Crow,8
4608,LIB,Jaime Andres Diez,59
4608,REP,Wayne Christian,448
4609,,Under Votes,20
4609,DEM,Luke Warford,379
4609,GRN,Hunter Wayne Crow,7
4609,LIB,Jaime Andres Diez,33
4609,REP,Wayne Christian,144
4610,,Under Votes,21
4610,DEM,Luke Warford,414
4610,GRN,Hunter Wayne Crow,8
4610,LIB,Jaime Andres Diez,41
4610,REP,Wayne Christian,540
4611,,Under Votes,20
4611,DEM,Luke Warford,308
4611,GRN,Hunter Wayne Crow,13
4611,LIB,Jaime Andres Diez,30
4611,REP,Wayne Christian,304
4612,,Under Votes,2
4612,DEM,Luke Warford,69
4612,GRN,Hunter Wayne Crow,2
4612,LIB,Jaime Andres Diez,4
4612,REP,Wayne Christian,66
4613,,Under Votes,1
4613,DEM,Luke Warford,158
4613,GRN,Hunter Wayne Crow,1
4613,LIB,Jaime Andres Diez,15
4613,REP,Wayne Christian,77
4614,,Under Votes,6
4614,DEM,Luke Warford,84
4614,GRN,Hunter Wayne Crow,1
4614,LIB,Jaime Andres Diez,4
4614,REP,Wayne Christian,182
4615,,Under Votes,3
4615,DEM,Luke Warford,38
4615,LIB,Jaime Andres Diez,2
4615,REP,Wayne Christian,29
4616,,Under Votes,5
4616,DEM,Luke Warford,245
4616,GRN,Hunter Wayne Crow,4
4616,LIB,Jaime Andres Diez,29
4616,REP,Wayne Christian,176
4617,,Under Votes,1
4617,DEM,Luke Warford,48
4617,GRN,Hunter Wayne Crow,1
4617,LIB,Jaime Andres Diez,5
4617,REP,Wayne Christian,41
4618,,Under Votes,2
4618,DEM,Luke Warford,92
4618,GRN,Hunter Wayne Crow,3
4618,LIB,Jaime Andres Diez,8
4618,REP,Wayne Christian,88
4619,,Under Votes,20
4619,DEM,Luke Warford,269
4619,GRN,Hunter Wayne Crow,8
4619,LIB,Jaime Andres Diez,26
4619,REP,Wayne Christian,372
4620,,Under Votes,10
4620,DEM,Luke Warford,336
4620,GRN,Hunter Wayne Crow,9
4620,LIB,Jaime Andres Diez,30
4620,REP,Wayne Christian,325
4621,,Under Votes,17
4621,DEM,Luke Warford,844
4621,GRN,Hunter Wayne Crow,16
4621,LIB,Jaime Andres Diez,47
4621,REP,Wayne Christian,311
4622,,Under Votes,18
4622,DEM,Luke Warford,394
4622,GRN,Hunter Wayne Crow,5
4622,LIB,Jaime Andres Diez,37
4622,REP,Wayne Christian,347
4623,,Under Votes,32
4623,DEM,Luke Warford,490
4623,GRN,Hunter Wayne Crow,11
4623,LIB,Jaime Andres Diez,52
4623,REP,Wayne Christian,367
4624,,Under Votes,15
4624,DEM,Luke Warford,314
4624,GRN,Hunter Wayne Crow,6
4624,LIB,Jaime Andres Diez,29
4624,REP,Wayne Christian,345
4625,,Under Votes,16
4625,DEM,Luke Warford,488
4625,GRN,Hunter Wayne Crow,15
4625,LIB,Jaime Andres Diez,30
4625,REP,Wayne Christian,515
4626,,Under Votes,29
4626,DEM,Luke Warford,600
4626,GRN,Hunter Wayne Crow,15
4626,LIB,Jaime Andres Diez,43
4626,REP,Wayne Christian,764
4627,,Under Votes,25
4627,DEM,Luke Warford,1096
4627,GRN,Hunter Wayne Crow,18
4627,LIB,Jaime Andres Diez,74
4627,REP,Wayne Christian,779
4628,,Under Votes,7
4628,DEM,Luke Warford,371
4628,GRN,Hunter Wayne Crow,12
4628,LIB,Jaime Andres Diez,27
4628,REP,Wayne Christian,147
4629,,Under Votes,8
4629,DEM,Luke Warford,221
4629,GRN,Hunter Wayne Crow,5
4629,LIB,Jaime Andres Diez,17
4629,REP,Wayne Christian,165
4630,,Under Votes,16
4630,DEM,Luke Warford,316
4630,GRN,Hunter Wayne Crow,4
4630,LIB,Jaime Andres Diez,19
4630,REP,Wayne Christian,387
4631,,Under Votes,16
4631,DEM,Luke Warford,282
4631,GRN,Hunter Wayne Crow,8
4631,LIB,Jaime Andres Diez,25
4631,REP,Wayne Christian,299
4632,DEM,Luke Warford,499
4632,REP,Wayne Christian,236
4632,,Under Votes,11
4632,GRN,Hunter Wayne Crow,6
4632,LIB,Jaime Andres Diez,33
4633,,Under Votes,7
4633,DEM,Luke Warford,229
4633,GRN,Hunter Wayne Crow,7
4633,LIB,Jaime Andres Diez,10
4633,REP,Wayne Christian,108
4634,,Under Votes,22
4634,DEM,Luke Warford,870
4634,GRN,Hunter Wayne Crow,17
4634,LIB,Jaime Andres Diez,53
4634,REP,Wayne Christian,831
4639,,Under Votes,6
4639,DEM,Luke Warford,112
4639,GRN,Hunter Wayne Crow,3
4639,LIB,Jaime Andres Diez,12
4639,REP,Wayne Christian,74
4640,,Under Votes,12
4640,DEM,Luke Warford,605
4640,GRN,Hunter Wayne Crow,10
4640,LIB,Jaime Andres Diez,39
4640,REP,Wayne Christian,310
4641,,Under Votes,3
4641,DEM,Luke Warford,129
4641,LIB,Jaime Andres Diez,1
4641,REP,Wayne Christian,87
4642,DEM,Luke Warford,22
4642,GRN,Hunter Wayne Crow,1
4642,LIB,Jaime Andres Diez,3
4642,REP,Wayne Christian,23
4644,DEM,Luke Warford,3
4646,,Under Votes,2
4646,DEM,Luke Warford,102
4646,GRN,Hunter Wayne Crow,4
4646,LIB,Jaime Andres Diez,8
4646,REP,Wayne Christian,94
4648,,Under Votes,8
4648,DEM,Luke Warford,541
4648,GRN,Hunter Wayne Crow,6
4648,LIB,Jaime Andres Diez,25
4648,REP,Wayne Christian,194
4649,,Under Votes,2
4649,DEM,Luke Warford,9
4649,LIB,Jaime Andres Diez,1
4649,REP,Wayne Christian,5
4651,DEM,Luke Warford,10
4651,REP,Wayne Christian,5
4652,,Under Votes,5
4652,DEM,Luke Warford,131
4652,LIB,Jaime Andres Diez,10
4652,REP,Wayne Christian,88
4653,,Under Votes,1
4653,DEM,Luke Warford,12
4653,GRN,Hunter Wayne Crow,1
4653,LIB,Jaime Andres Diez,1
4653,REP,Wayne Christian,7
4654,,Under Votes,13
4654,DEM,Luke Warford,194
4654,GRN,Hunter Wayne Crow,3
4654,LIB,Jaime Andres Diez,24
4654,REP,Wayne Christian,167
4655,DEM,Luke Warford,6
4655,GRN,Hunter Wayne Crow,1
4655,LIB,Jaime Andres Diez,2
4655,REP,Wayne Christian,23
4656,,Under Votes,1
4656,DEM,Luke Warford,32
4656,GRN,Hunter Wayne Crow,1
4656,LIB,Jaime Andres Diez,6
4656,REP,Wayne Christian,8
4657,DEM,Luke Warford,14
4657,REP,Wayne Christian,4
4658,,Under Votes,2
4658,DEM,Luke Warford,19
4658,GRN,Hunter Wayne Crow,1
4658,LIB,Jaime Andres Diez,4
4658,REP,Wayne Christian,11
4659,,Under Votes,3
4659,DEM,Luke Warford,48
4659,GRN,Hunter Wayne Crow,1
4659,LIB,Jaime Andres Diez,4
4659,REP,Wayne Christian,30
4660,,Under Votes,1
4660,DEM,Luke Warford,8
4660,REP,Wayne Christian,5
4661,,Under Votes,6
4661,DEM,Luke Warford,158
4661,GRN,Hunter Wayne Crow,4
4661,LIB,Jaime Andres Diez,21
4661,REP,Wayne Christian,78
4662,,Under Votes,3
4662,DEM,Luke Warford,74
4662,LIB,Jaime Andres Diez,9
4662,REP,Wayne Christian,48
4664,,Under Votes,7
4664,DEM,Luke Warford,225
4664,LIB,Jaime Andres Diez,21
4664,REP,Wayne Christian,192
4664,GRN,Hunter Wayne Crow,1
4675,,Under Votes,1
4675,DEM,Luke Warford,11
4675,GRN,Hunter Wayne Crow,1
4675,LIB,Jaime Andres Diez,4
4675,REP,Wayne Christian,14
4677,,Under Votes,2
4677,DEM,Luke Warford,163
4677,GRN,Hunter Wayne Crow,2
4677,LIB,Jaime Andres Diez,8
4677,REP,Wayne Christian,73
4678,DEM,Luke Warford,52
4678,LIB,Jaime Andres Diez,1
4678,REP,Wayne Christian,24
