{"type":"FeatureCollection","features":[{"type":"Feature","properties":{"PRECINCT":"1","VTD":"0001"},"geometry":{"type":"Polygon","coordinates":[[[-94.295866,33.124096],[-94.294161,33.121276],[-94.291669,33.119822],[-94.288262,33.115684],[-94.287786,33.115424],[-94.286323,33.115219],[-94.280391,33.115341],[-94.280382,33.111917],[-94.280601,33.111089],[-94.281257,33.110605],[-94.282865,33.110188],[-94.286327,33.108618],[-94.287036,33.108179],[-94.287473,33.107076],[-94.289608,33.107259],[-94.29684,33.107126],[-94.29744,33.107463],[-94.297636,33.109139],[-94.299348,33.109223],[-94.300664,33.107087],[-94.302079,33.105989],[-94.303847,33.105476],[-94.305427,33.104474],[-94.3071,33.104059],[-94.307819,33.103606],[-94.308544,33.102716],[-94.308419,33.101588],[-94.308773,33.099092],[-94.305779,33.097372],[-94.303494,33.094327],[-94.305453,33.093114],[-94.306297,33.092197],[-94.307113,33.091098],[-94.307548,33.089471],[-94.308474,33.088372],[-94.308365,33.087409],[-94.30744,33.085141],[-94.306787,33.082552],[-94.306243,33.082231],[-94.305943,33.081614],[-94.306732,33.079963],[-94.306324,33.079163],[-94.306569,33.078407],[-94.305699,33.077605],[-94.305617,33.076597],[-94.307549,33.076849],[-94.307874,33.075964],[-94.308525,33.075465],[-94.310848,33.075059],[-94.314205,33.07368],[-94.315934,33.07378],[-94.316359,33.073534],[-94.316454,33.072806],[-94.318469,33.069781],[-94.320203,33.06897],[-94.321381,33.066395],[-94.321233,33.065122],[-94.313326,33.065353],[-94.307198,33.065236],[-94.307679,33.062571],[-94.307185,33.061147],[-94.307624,33.059889],[-94.30747,33.059568],[-94.309616,33.060231],[-94.310964,33.059894],[-94.31219,33.059278],[-94.312892,33.055743],[-94.316441,33.054574],[-94.316453,33.046011],[-94.318331,33.046055],[-94.318435,33.03598],[-94.319028,33.034703],[-94.319028,33.034001],[-94.324085,33.032552],[-94.326422,33.03155],[-94.326136,33.031129],[-94.326195,33.02353],[-94.326988,33.022491],[-94.327113,33.017595],[-94.32834,33.015704],[-94.329603,33.0144],[-94.327177,33.014443],[-94.327376,33.005048],[-94.322635,33.003422],[-94.316123,33.00294],[-94.300185,32.998514],[-94.296742,32.997798],[-94.29372,32.997427],[-94.294209,33.000535],[-94.293241,33.000528],[-94.292424,33.000791],[-94.290177,33.002128],[-94.289506,33.002766],[-94.289164,33.002788],[-94.285693,33.001663],[-94.284225,33.000724],[-94.283402,32.999812],[-94.281385,32.999347],[-94.280598,32.998942],[-94.279001,32.997401],[-94.276216,32.997639],[-94.273412,32.99718],[-94.273245,32.997891],[-94.270944,32.999811],[-94.270968,33.00452],[-94.270908,33.004752],[-94.270194,33.00493],[-94.259976,33.004998],[-94.25931,33.004652],[-94.258658,33.003737],[-94.255282,33.004174],[-94.254436,33.004042],[-94.251589,33.002195],[-94.251342,32.999198],[-94.252006,32.995708],[-94.251416,32.994453],[-94.251601,32.992562],[-94.254492,32.992638],[-94.257345,32.994656],[-94.257447,32.994943],[-94.262319,32.995173],[-94.262431,32.991538],[-94.261994,32.988413],[-94.26251,32.986781],[-94.263129,32.985844],[-94.265291,32.984914],[-94.266504,32.983851],[-94.268611,32.980196],[-94.26837,32.977579],[-94.269265,32.974655],[-94.26949,32.967516],[-94.270423,32.965718],[-94.272946,32.965611],[-94.27337,32.965415],[-94.273941,32.963673],[-94.274922,32.962632],[-94.276159,32.962043],[-94.277776,32.96049],[-94.279151,32.9587],[-94.279407,32.957928],[-94.25637,32.945763],[-94.250859,32.94408],[-94.251153,32.943523],[-94.252376,32.943066],[-94.253546,32.940844],[-94.253901,32.938119],[-94.253744,32.937893],[-94.256404,32.935823],[-94.2588,32.935133],[-94.259494,32.934477],[-94.259536,32.927307],[-94.269921,32.907749],[-94.270816,32.905139],[-94.271087,32.903466],[-94.271302,32.897371],[-94.2716,32.895769],[-94.274312,32.887406],[-94.275614,32.884267],[-94.277594,32.880532],[-94.360193,32.880375],[-94.375165,32.880132],[-94.430736,32.880091],[-94.431311,32.880697],[-94.432202,32.881139],[-94.432726,32.882008],[-94.432617,32.882374],[-94.430663,32.883634],[-94.429658,32.885306],[-94.429658,32.886887],[-94.430092,32.887391],[-94.430092,32.888053],[-94.430879,32.889153],[-94.430934,32.889773],[-94.430608,32.890918],[-94.429386,32.891972],[-94.42906,32.89259],[-94.429684,32.893048],[-94.429331,32.894008],[-94.430173,32.894605],[-94.430607,32.89614],[-94.430642,32.896515],[-94.430238,32.89682],[-94.430432,32.897328],[-94.431059,32.897891],[-94.431805,32.89735],[-94.431946,32.89775],[-94.431395,32.898053],[-94.431438,32.898312],[-94.431968,32.89842],[-94.431924,32.898053],[-94.432638,32.898388],[-94.433697,32.897912],[-94.433362,32.897318],[-94.434768,32.897674],[-94.434703,32.896745],[-94.435016,32.896528],[-94.435795,32.89668],[-94.435968,32.89615],[-94.436212,32.896316],[-94.436608,32.896068],[-94.436608,32.895266],[-94.436907,32.89506],[-94.438155,32.894831],[-94.439404,32.894213],[-94.441141,32.894074],[-94.444073,32.892632],[-94.444861,32.892861],[-94.445704,32.894809],[-94.446084,32.89687],[-94.447034,32.897925],[-94.446709,32.89914],[-94.447851,32.903357],[-94.448068,32.903563],[-94.44853,32.903447],[-94.448774,32.903126],[-94.449317,32.903311],[-94.449915,32.904548],[-94.450268,32.907021],[-94.451436,32.907777],[-94.452576,32.908006],[-94.453364,32.907983],[-94.453907,32.907662],[-94.45572,32.905123],[-94.456784,32.903081],[-94.458142,32.902141],[-94.460341,32.90182],[-94.461808,32.902026],[-94.463112,32.902003],[-94.463628,32.901795],[-94.463818,32.901452],[-94.463736,32.89962],[-94.46436,32.89891],[-94.466451,32.898657],[-94.468161,32.898955],[-94.469871,32.897992],[-94.470822,32.897877],[-94.472288,32.898358],[-94.474895,32.898243],[-94.476486,32.897015],[-94.476292,32.896258],[-94.476627,32.895426],[-94.478158,32.895071],[-94.480257,32.895221],[-94.481286,32.89504],[-94.4828,32.894204],[-94.482962,32.893588],[-94.483373,32.89348],[-94.484043,32.893523],[-94.484661,32.894027],[-94.485935,32.894269],[-94.486227,32.894636],[-94.486271,32.895536],[-94.485484,32.896704],[-94.485512,32.897712],[-94.484372,32.898629],[-94.483964,32.899866],[-94.484536,32.900553],[-94.485296,32.900872],[-94.486355,32.900895],[-94.488663,32.899909],[-94.489749,32.900138],[-94.490927,32.901221],[-94.491373,32.902173],[-94.491927,32.904635],[-94.491373,32.905411],[-94.490282,32.90529],[-94.489992,32.905758],[-94.489176,32.906356],[-94.488341,32.906598],[-94.488015,32.907055],[-94.487827,32.908326],[-94.488102,32.909223],[-94.4892,32.909489],[-94.489564,32.910442],[-94.488845,32.910757],[-94.487262,32.910103],[-94.486317,32.91003],[-94.485792,32.910248],[-94.484976,32.910095],[-94.484597,32.910248],[-94.48446,32.910612],[-94.484597,32.911985],[-94.481811,32.91209],[-94.481181,32.911856],[-94.478296,32.912106],[-94.476069,32.912559],[-94.475444,32.913063],[-94.474847,32.914597],[-94.473707,32.915056],[-94.47349,32.915698],[-94.475011,32.916797],[-94.474496,32.918239],[-94.475718,32.918629],[-94.475855,32.920004],[-94.477404,32.922362],[-94.479686,32.922933],[-94.480473,32.922933],[-94.481695,32.922521],[-94.483977,32.922727],[-94.487101,32.923161],[-94.489736,32.923916],[-94.489603,32.927672],[-94.490445,32.928244],[-94.491533,32.929983],[-94.491478,32.93019],[-94.490772,32.929778],[-94.490555,32.929893],[-94.490311,32.931497],[-94.491832,32.931427],[-94.491955,32.933481],[-94.491632,32.934403],[-94.490528,32.936085],[-94.489745,32.936539],[-94.48738,32.936743],[-94.486895,32.938012],[-94.485782,32.93949],[-94.485862,32.940976],[-94.487453,32.943422],[-94.48614,32.946534],[-94.486321,32.950072],[-94.486101,32.951081],[-94.48763,32.951023],[-94.488996,32.952168],[-94.492594,32.953052],[-94.497519,32.95186],[-94.50263,32.951813],[-94.502621,32.955792],[-94.502866,32.957852],[-94.503264,32.958036],[-94.505631,32.958107],[-94.505262,32.958748],[-94.505395,32.96042],[-94.505035,32.962351],[-94.503352,32.964008],[-94.501831,32.96445],[-94.501635,32.965223],[-94.500668,32.965533],[-94.499381,32.965508],[-94.499055,32.966034],[-94.498213,32.966471],[-94.496936,32.966631],[-94.496529,32.96732],[-94.496666,32.968305],[-94.496394,32.968671],[-94.494194,32.969886],[-94.493977,32.970207],[-94.495118,32.970779],[-94.49626,32.970756],[-94.50077,32.969862],[-94.501205,32.97023],[-94.501477,32.970184],[-94.501694,32.969634],[-94.502509,32.970139],[-94.502944,32.970139],[-94.502265,32.969313],[-94.502265,32.969062],[-94.502564,32.968971],[-94.50376,32.969223],[-94.505199,32.971285],[-94.505552,32.970896],[-94.506069,32.97101],[-94.506368,32.970622],[-94.506911,32.970942],[-94.506965,32.971172],[-94.50653,32.971629],[-94.506856,32.971995],[-94.50672,32.972293],[-94.506041,32.972546],[-94.506285,32.97321],[-94.506148,32.97408],[-94.506799,32.976211],[-94.507614,32.977058],[-94.507967,32.977884],[-94.507695,32.978594],[-94.507015,32.979097],[-94.506091,32.97928],[-94.506389,32.980128],[-94.506253,32.980815],[-94.506525,32.981181],[-94.506252,32.982326],[-94.507012,32.983494],[-94.506115,32.98496],[-94.506902,32.985647],[-94.509294,32.986725],[-94.509402,32.988236],[-94.509047,32.990024],[-94.509482,32.990551],[-94.509046,32.991397],[-94.509454,32.991719],[-94.510161,32.991605],[-94.510595,32.992292],[-94.510106,32.992475],[-94.510106,32.992818],[-94.511138,32.993392],[-94.512551,32.994904],[-94.513122,32.994859],[-94.513665,32.995088],[-94.514046,32.995592],[-94.515051,32.995821],[-94.515975,32.995638],[-94.516165,32.996349],[-94.515893,32.997494],[-94.51679,32.998067],[-94.517469,32.998846],[-94.517442,32.999121],[-94.516517,32.999696],[-94.51673,33.002232],[-94.516049,33.00363],[-94.517679,33.005761],[-94.517652,33.006425],[-94.517026,33.007136],[-94.517053,33.008325],[-94.517732,33.009127],[-94.517651,33.009791],[-94.518494,33.009838],[-94.518602,33.010388],[-94.519608,33.01119],[-94.519771,33.01174],[-94.519879,33.013114],[-94.519552,33.013481],[-94.519007,33.016182],[-94.51917,33.016413],[-94.520312,33.016757],[-94.52042,33.017398],[-94.521209,33.017788],[-94.522568,33.017513],[-94.522949,33.018178],[-94.523601,33.017902],[-94.523982,33.0182],[-94.524852,33.018293],[-94.525205,33.018704],[-94.525232,33.019255],[-94.524878,33.019942],[-94.525204,33.020217],[-94.526047,33.020057],[-94.526835,33.021019],[-94.526373,33.021592],[-94.526373,33.02198],[-94.527107,33.022508],[-94.527541,33.023263],[-94.527079,33.02512],[-94.526806,33.025486],[-94.525583,33.025737],[-94.52493,33.026287],[-94.525011,33.026929],[-94.524059,33.028669],[-94.524385,33.029586],[-94.524385,33.030067],[-94.524058,33.030524],[-94.524139,33.032815],[-94.524628,33.033594],[-94.524329,33.034487],[-94.524764,33.034809],[-94.524845,33.035427],[-94.525552,33.035244],[-94.526096,33.035519],[-94.525225,33.036275],[-94.525877,33.037281],[-94.524626,33.037649],[-94.524327,33.038106],[-94.525877,33.038908],[-94.526502,33.039641],[-94.52691,33.039641],[-94.527209,33.039938],[-94.527616,33.041221],[-94.529193,33.043124],[-94.529056,33.044269],[-94.529301,33.044956],[-94.530171,33.045254],[-94.531096,33.045254],[-94.531395,33.046239],[-94.532401,33.047407],[-94.533842,33.047888],[-94.535229,33.049149],[-94.535814,33.050103],[-94.537781,33.051243],[-94.537938,33.051692],[-94.537668,33.052665],[-94.538797,33.052838],[-94.540125,33.051623],[-94.541349,33.051257],[-94.541485,33.051738],[-94.542164,33.05238],[-94.541811,33.053297],[-94.542545,33.053205],[-94.542716,33.05341],[-94.542624,33.054314],[-94.541732,33.054184],[-94.541408,33.054514],[-94.541554,33.054886],[-94.542143,33.055114],[-94.541938,33.055762],[-94.542895,33.056135],[-94.54243,33.056719],[-94.543046,33.057243],[-94.542235,33.057751],[-94.542695,33.05827],[-94.542219,33.058876],[-94.542305,33.059438],[-94.542073,33.059622],[-94.541381,33.059573],[-94.540981,33.059908],[-94.540916,33.06133],[-94.538027,33.06452],[-94.537782,33.06555],[-94.537265,33.065916],[-94.537102,33.066443],[-94.537265,33.066992],[-94.536013,33.067932],[-94.53585,33.068619],[-94.53721,33.069626],[-94.537645,33.070681],[-94.540582,33.072422],[-94.541453,33.07201],[-94.542133,33.072217],[-94.542451,33.072474],[-94.543081,33.074094],[-94.544202,33.074077],[-94.544645,33.074442],[-94.544526,33.074742],[-94.543674,33.074939],[-94.543231,33.075447],[-94.543408,33.075608],[-94.544243,33.075536],[-94.543982,33.076409],[-94.544853,33.077599],[-94.546485,33.078974],[-94.546458,33.079295],[-94.545832,33.079593],[-94.545913,33.080211],[-94.546104,33.08044],[-94.547464,33.080692],[-94.547736,33.081516],[-94.549015,33.081837],[-94.547464,33.083945],[-94.547681,33.084426],[-94.547572,33.084999],[-94.549531,33.085296],[-94.549858,33.085526],[-94.549803,33.086121],[-94.550511,33.086143],[-94.550783,33.086351],[-94.550592,33.087404],[-94.550892,33.08887],[-94.550429,33.090519],[-94.550728,33.091161],[-94.550483,33.091825],[-94.54847,33.091732],[-94.544578,33.0921],[-94.543463,33.093038],[-94.540469,33.093564],[-94.538809,33.095489],[-94.538265,33.094779],[-94.537122,33.0948],[-94.534727,33.095671],[-94.533666,33.095785],[-94.52972,33.094731],[-94.529012,33.094043],[-94.527815,33.0937],[-94.527352,33.093265],[-94.524721,33.093331],[-94.522779,33.099386],[-94.516897,33.099384],[-94.516606,33.099806],[-94.516403,33.103606],[-94.509626,33.103642],[-94.508908,33.104402],[-94.509191,33.107095],[-94.509283,33.115896],[-94.509577,33.116222],[-94.508662,33.117277],[-94.504767,33.117299],[-94.504679,33.114137],[-94.504413,33.113616],[-94.504313,33.10351],[-94.498504,33.104166],[-94.497892,33.101218],[-94.498001,33.089278],[-94.496958,33.089559],[-94.496154,33.089532],[-94.490008,33.088272],[-94.488392,33.088166],[-94.47477,33.088033],[-94.473323,33.08759],[-94.472009,33.086577],[-94.469544,33.086183],[-94.468041,33.088928],[-94.466285,33.089118],[-94.465217,33.091049],[-94.463614,33.091054],[-94.46287,33.091428],[-94.462355,33.092261],[-94.460538,33.092757],[-94.460559,33.09713],[-94.461769,33.097489],[-94.462265,33.098782],[-94.462984,33.099733],[-94.463062,33.103018],[-94.462827,33.105393],[-94.460209,33.104626],[-94.455214,33.104486],[-94.454429,33.106371],[-94.454372,33.107968],[-94.446091,33.10023],[-94.440633,33.103071],[-94.438664,33.104716],[-94.437364,33.106634],[-94.434729,33.111811],[-94.432182,33.114618],[-94.429078,33.116427],[-94.426368,33.117252],[-94.396802,33.119843],[-94.394343,33.120818],[-94.390687,33.123483],[-94.384076,33.124992],[-94.381988,33.124685],[-94.378514,33.123046],[-94.376661,33.122734],[-94.370975,33.123218],[-94.363298,33.123305],[-94.360053,33.123136],[-94.344824,33.123376],[-94.340397,33.124446],[-94.297083,33.124589],[-94.295866,33.124096]]]}},{"type":"Feature","properties":{"PRECINCT":"2","VTD":"0002"},"geometry":{"type":"Polygon","coordinates":[[[-94.278997,33.046695],[-94.277902,33.046667],[-94.277487,33.046402],[-94.277396,33.043854],[-94.276449,33.041095],[-94.273422,33.040194],[-94.26986,33.039816],[-94.269148,33.038789],[-94.266896,33.037652],[-94.266208,33.036785],[-94.264054,33.035539],[-94.261368,33.035483],[-94.258524,33.034422],[-94.255976,33.033839],[-94.255586,33.03351],[-94.255127,33.032019],[-94.251706,33.032009],[-94.250703,33.031798],[-94.247411,33.030259],[-94.245937,33.029189],[-94.245037,33.028821],[-94.243608,33.028601],[-94.239967,33.028714],[-94.238659,33.028506],[-94.237506,33.027805],[-94.235416,33.027009],[-94.234373,33.026179],[-94.231546,33.02459],[-94.23103,33.024639],[-94.230206,33.025277],[-94.226876,33.026148],[-94.224826,33.026204],[-94.222506,33.025669],[-94.217223,33.025457],[-94.210679,33.024583],[-94.208118,33.023759],[-94.203721,33.023721],[-94.199595,33.019287],[-94.198851,33.018228],[-94.198323,33.016616],[-94.200158,32.985087],[-94.199788,32.983061],[-94.191452,32.965674],[-94.190611,32.964579],[-94.186672,32.960994],[-94.185478,32.95852],[-94.185373,32.957079],[-94.185626,32.955717],[-94.189431,32.947981],[-94.187881,32.947339],[-94.187363,32.947338],[-94.185182,32.948893],[-94.183629,32.949098],[-94.182622,32.949005],[-94.181613,32.949644],[-94.179734,32.949713],[-94.178426,32.95001],[-94.175782,32.948632],[-94.173003,32.94824],[-94.172431,32.947781],[-94.171722,32.948147],[-94.171205,32.948124],[-94.169379,32.946907],[-94.167418,32.946126],[-94.162065,32.944567],[-94.157067,32.942321],[-94.157311,32.941083],[-94.156171,32.938952],[-94.156253,32.937395],[-94.155194,32.936937],[-94.154841,32.936363],[-94.154787,32.935104],[-94.154108,32.93444],[-94.154597,32.933478],[-94.154163,32.932904],[-94.154217,32.932355],[-94.154924,32.931828],[-94.156283,32.930064],[-94.156283,32.929446],[-94.155224,32.929468],[-94.154762,32.929009],[-94.155007,32.928094],[-94.154545,32.927522],[-94.153459,32.927177],[-94.15259,32.926513],[-94.150906,32.926215],[-94.150689,32.926009],[-94.150743,32.925137],[-94.149521,32.924016],[-94.148408,32.923809],[-94.147838,32.923212],[-94.146534,32.92335],[-94.146235,32.922593],[-94.147132,32.921425],[-94.146345,32.920074],[-94.145259,32.920005],[-94.144742,32.920761],[-94.143574,32.92099],[-94.142733,32.920256],[-94.140424,32.919269],[-94.139962,32.920209],[-94.139527,32.920324],[-94.138658,32.919018],[-94.137056,32.917665],[-94.136377,32.917482],[-94.135454,32.917642],[-94.13396,32.916679],[-94.131218,32.915441],[-94.129751,32.915486],[-94.129643,32.914684],[-94.129019,32.914271],[-94.124444,32.912824],[-94.120503,32.910192],[-94.120422,32.908611],[-94.121127,32.907305],[-94.121425,32.906937],[-94.122376,32.906616],[-94.122864,32.905952],[-94.121692,32.903616],[-94.117267,32.898133],[-94.117814,32.896126],[-94.117235,32.895241],[-94.117174,32.894647],[-94.11752,32.894141],[-94.119361,32.894052],[-94.120306,32.893768],[-94.120788,32.893282],[-94.120783,32.892802],[-94.119797,32.89183],[-94.117763,32.891579],[-94.11738,32.891218],[-94.117364,32.889846],[-94.116557,32.887891],[-94.116492,32.886977],[-94.117002,32.886515],[-94.119269,32.885803],[-94.120107,32.883281],[-94.121094,32.881945],[-94.121414,32.880916],[-94.181393,32.880733],[-94.186004,32.88057],[-94.277594,32.880532],[-94.275614,32.884267],[-94.274312,32.887406],[-94.2716,32.895769],[-94.271302,32.897371],[-94.271087,32.903466],[-94.270816,32.905139],[-94.269921,32.907749],[-94.259536,32.927307],[-94.259494,32.934477],[-94.2588,32.935133],[-94.256404,32.935823],[-94.253744,32.937893],[-94.253901,32.938119],[-94.253546,32.940844],[-94.252376,32.943066],[-94.251153,32.943523],[-94.250859,32.94408],[-94.25637,32.945763],[-94.279407,32.957928],[-94.279151,32.9587],[-94.277776,32.96049],[-94.276159,32.962043],[-94.274922,32.962632],[-94.273941,32.963673],[-94.27337,32.965415],[-94.272946,32.965611],[-94.270423,32.965718],[-94.26949,32.967516],[-94.269265,32.974655],[-94.26837,32.977579],[-94.268611,32.980196],[-94.266504,32.983851],[-94.265291,32.984914],[-94.263129,32.985844],[-94.26251,32.986781],[-94.261994,32.988413],[-94.262431,32.991538],[-94.262319,32.995173],[-94.257447,32.994943],[-94.257345,32.994656],[-94.254492,32.992638],[-94.251601,32.992562],[-94.251416,32.994453],[-94.252006,32.995708],[-94.251489,32.997774],[-94.251332,32.999903],[-94.251589,33.002195],[-94.254436,33.004042],[-94.255282,33.004174],[-94.258658,33.003737],[-94.25931,33.004652],[-94.259976,33.004998],[-94.267291,33.004921],[-94.267254,33.008663],[-94.268849,33.010433],[-94.26649,33.012241],[-94.262639,33.016303],[-94.260985,33.017508],[-94.261433,33.017944],[-94.261406,33.018746],[-94.261841,33.018814],[-94.262303,33.01854],[-94.262656,33.018998],[-94.263227,33.018791],[-94.264532,33.01964],[-94.264994,33.019571],[-94.265647,33.019961],[-94.265646,33.020716],[-94.266299,33.021245],[-94.266897,33.022619],[-94.268066,33.023696],[-94.26812,33.024749],[-94.269289,33.025644],[-94.269479,33.026263],[-94.270865,33.027065],[-94.270946,33.027683],[-94.2713,33.02789],[-94.271055,33.028461],[-94.271463,33.028805],[-94.27236,33.029148],[-94.274779,33.03096],[-94.27603,33.03112],[-94.278342,33.03183],[-94.279864,33.031602],[-94.28049,33.032404],[-94.280217,33.03355],[-94.280516,33.034306],[-94.281332,33.034717],[-94.282773,33.034581],[-94.283508,33.034719],[-94.284595,33.035063],[-94.285139,33.035497],[-94.285085,33.036025],[-94.284078,33.036963],[-94.284458,33.037903],[-94.284375,33.043058],[-94.285464,33.043791],[-94.285709,33.044547],[-94.286443,33.045119],[-94.286469,33.046838],[-94.286769,33.04725],[-94.286306,33.048235],[-94.28568,33.04851],[-94.285653,33.049655],[-94.287475,33.051007],[-94.288209,33.052176],[-94.290301,33.053002],[-94.290424,33.05428],[-94.282805,33.059423],[-94.280901,33.054703],[-94.280601,33.054417],[-94.279548,33.054161],[-94.279182,33.053511],[-94.278997,33.046695]]]}},{"type":"Feature","properties":{"PRECINCT":"4","VTD":"0004"},"geometry":{"type":"Polygon","coordinates":[[[-94.270472,33.116748],[-94.27001,33.116473],[-94.269329,33.116656],[-94.26922,33.116242],[-94.268513,33.116151],[-94.268513,33.115693],[-94.267996,33.115899],[-94.267942,33.115212],[-94.267234,33.115533],[-94.266472,33.115349],[-94.265927,33.115623],[-94.265573,33.115417],[-94.264838,33.115921],[-94.264403,33.115944],[-94.263069,33.115347],[-94.262253,33.114088],[-94.257409,33.111199],[-94.257028,33.110261],[-94.257355,33.109299],[-94.257438,33.107764],[-94.25722,33.107489],[-94.255996,33.106481],[-94.254692,33.10593],[-94.254367,33.105241],[-94.253551,33.105471],[-94.253198,33.105173],[-94.252791,33.105539],[-94.252277,33.104186],[-94.250827,33.104163],[-94.250253,33.1054],[-94.235921,33.10539],[-94.235592,33.105725],[-94.235483,33.107439],[-94.230553,33.10752],[-94.230771,33.108738],[-94.230546,33.109831],[-94.227351,33.109861],[-94.219368,33.110871],[-94.213349,33.111231],[-94.213373,33.109142],[-94.213041,33.108041],[-94.212417,33.101763],[-94.22298,33.098343],[-94.224924,33.097291],[-94.228874,33.093505],[-94.243702,33.08241],[-94.243357,33.081465],[-94.242405,33.081397],[-94.241752,33.081077],[-94.241943,33.080182],[-94.241562,33.079794],[-94.24167,33.07732],[-94.241371,33.076952],[-94.24167,33.075691],[-94.241044,33.074706],[-94.240715,33.071661],[-94.241095,33.070583],[-94.242237,33.06898],[-94.242291,33.068315],[-94.243297,33.067421],[-94.246314,33.063778],[-94.246831,33.062571],[-94.246786,33.060299],[-94.244321,33.060767],[-94.243522,33.060508],[-94.242378,33.059525],[-94.240633,33.057271],[-94.239932,33.05522],[-94.239419,33.054468],[-94.23737,33.054471],[-94.23395,33.053264],[-94.23206,33.053213],[-94.230045,33.052397],[-94.228738,33.051516],[-94.227426,33.049233],[-94.225951,33.049203],[-94.225543,33.048966],[-94.224909,33.047161],[-94.223799,33.046059],[-94.222701,33.04408],[-94.222652,33.038297],[-94.221684,33.038426],[-94.220259,33.038151],[-94.217791,33.037048],[-94.215322,33.036889],[-94.21405,33.036426],[-94.206456,33.036351],[-94.202839,33.035306],[-94.205288,33.028518],[-94.205117,33.026525],[-94.203721,33.023721],[-94.208118,33.023759],[-94.210679,33.024583],[-94.217223,33.025457],[-94.222506,33.025669],[-94.224826,33.026204],[-94.226876,33.026148],[-94.230206,33.025277],[-94.23103,33.024639],[-94.231546,33.02459],[-94.234373,33.026179],[-94.235416,33.027009],[-94.237506,33.027805],[-94.238659,33.028506],[-94.239967,33.028714],[-94.243608,33.028601],[-94.245037,33.028821],[-94.245937,33.029189],[-94.247411,33.030259],[-94.250703,33.031798],[-94.251706,33.032009],[-94.255127,33.032019],[-94.255586,33.03351],[-94.255976,33.033839],[-94.258524,33.034422],[-94.261368,33.035483],[-94.264054,33.035539],[-94.266208,33.036785],[-94.266896,33.037652],[-94.269148,33.038789],[-94.26986,33.039816],[-94.273422,33.040194],[-94.276449,33.041095],[-94.277396,33.043854],[-94.277487,33.046402],[-94.277902,33.046667],[-94.278997,33.046695],[-94.279108,33.046942],[-94.279182,33.053511],[-94.279548,33.054161],[-94.280601,33.054417],[-94.280901,33.054703],[-94.282805,33.059423],[-94.290424,33.05428],[-94.290301,33.053002],[-94.288209,33.052176],[-94.287475,33.051007],[-94.285653,33.049655],[-94.28568,33.04851],[-94.286306,33.048235],[-94.286769,33.04725],[-94.286469,33.046838],[-94.286443,33.045119],[-94.285709,33.044547],[-94.285464,33.043791],[-94.284375,33.043058],[-94.284458,33.037903],[-94.284078,33.036963],[-94.285085,33.036025],[-94.285139,33.035497],[-94.284595,33.035063],[-94.283508,33.034719],[-94.282773,33.034581],[-94.281332,33.034717],[-94.280516,33.034306],[-94.280217,33.03355],[-94.28049,33.032404],[-94.279864,33.031602],[-94.278342,33.03183],[-94.27603,33.03112],[-94.274779,33.03096],[-94.27236,33.029148],[-94.271463,33.028805],[-94.271055,33.028461],[-94.2713,33.02789],[-94.270946,33.027683],[-94.270865,33.027065],[-94.269479,33.026263],[-94.269289,33.025644],[-94.26812,33.024749],[-94.268066,33.023696],[-94.266897,33.022619],[-94.266299,33.021245],[-94.265646,33.020716],[-94.265647,33.019961],[-94.264994,33.019571],[-94.264532,33.01964],[-94.263227,33.018791],[-94.262656,33.018998],[-94.262303,33.01854],[-94.261514,33.018859],[-94.261433,33.017944],[-94.260985,33.017508],[-94.262639,33.016303],[-94.26649,33.012241],[-94.268849,33.010433],[-94.267254,33.008663],[-94.267291,33.004921],[-94.270194,33.00493],[-94.270908,33.004752],[-94.270944,32.999811],[-94.273245,32.997891],[-94.273412,32.99718],[-94.276216,32.997639],[-94.279001,32.997401],[-94.280598,32.998942],[-94.281385,32.999347],[-94.283402,32.999812],[-94.284225,33.000724],[-94.285693,33.001663],[-94.289506,33.002766],[-94.290177,33.002128],[-94.292424,33.000791],[-94.293241,33.000528],[-94.294209,33.000535],[-94.29372,32.997427],[-94.298614,32.998099],[-94.316563,33.003034],[-94.321511,33.003256],[-94.324232,33.00387],[-94.327376,33.005048],[-94.327177,33.014443],[-94.329603,33.0144],[-94.32834,33.015704],[-94.327113,33.017595],[-94.326988,33.022491],[-94.326195,33.02353],[-94.326136,33.031129],[-94.326422,33.03155],[-94.324085,33.032552],[-94.319028,33.034001],[-94.319028,33.034703],[-94.318435,33.03598],[-94.318331,33.046055],[-94.316453,33.046011],[-94.316441,33.054574],[-94.312892,33.055743],[-94.31219,33.059278],[-94.310964,33.059894],[-94.309616,33.060231],[-94.30747,33.059568],[-94.307624,33.059889],[-94.307185,33.061147],[-94.307679,33.062571],[-94.307198,33.065236],[-94.313326,33.065353],[-94.321233,33.065122],[-94.321381,33.066395],[-94.320203,33.06897],[-94.318469,33.069781],[-94.316454,33.072806],[-94.316359,33.073534],[-94.315934,33.07378],[-94.314205,33.07368],[-94.310848,33.075059],[-94.308525,33.075465],[-94.307874,33.075964],[-94.307549,33.076849],[-94.305617,33.076597],[-94.305699,33.077605],[-94.306569,33.078407],[-94.306324,33.079163],[-94.306732,33.079963],[-94.305943,33.081614],[-94.306243,33.082231],[-94.306787,33.082552],[-94.30744,33.085141],[-94.308365,33.087409],[-94.308474,33.088372],[-94.307548,33.089471],[-94.307113,33.091098],[-94.306297,33.092197],[-94.305453,33.093114],[-94.303494,33.094327],[-94.305779,33.097372],[-94.308773,33.099092],[-94.308419,33.101588],[-94.308544,33.102716],[-94.307819,33.103606],[-94.3071,33.104059],[-94.305427,33.104474],[-94.303847,33.105476],[-94.302079,33.105989],[-94.300664,33.107087],[-94.299348,33.109223],[-94.297636,33.109139],[-94.29744,33.107463],[-94.29684,33.107126],[-94.289608,33.107259],[-94.287473,33.107076],[-94.287036,33.108179],[-94.286327,33.108618],[-94.282865,33.110188],[-94.281257,33.110605],[-94.280601,33.111089],[-94.280382,33.111917],[-94.280391,33.115341],[-94.273883,33.116577],[-94.27042,33.11805],[-94.269928,33.117641],[-94.270472,33.116748]]]}},{"type":"Feature","properties":{"PRECINCT":"5","VTD":"0005"},"geometry":{"type":"Polygon","coordinates":[[[-94.515477,32.958644],[-94.509696,32.958426],[-94.507927,32.958046],[-94.502938,32.957934],[-94.502621,32.955792],[-94.50263,32.951813],[-94.497519,32.95186],[-94.492594,32.953052],[-94.488996,32.952168],[-94.48763,32.951023],[-94.486101,32.951081],[-94.486321,32.950072],[-94.48614,32.946534],[-94.487453,32.943422],[-94.485862,32.940976],[-94.485782,32.93949],[-94.486895,32.938012],[-94.48738,32.936743],[-94.489745,32.936539],[-94.490528,32.936085],[-94.491632,32.934403],[-94.491955,32.933481],[-94.491832,32.931427],[-94.490311,32.931497],[-94.490555,32.929893],[-94.490772,32.929778],[-94.491478,32.93019],[-94.491533,32.929983],[-94.490445,32.928244],[-94.489603,32.927672],[-94.489736,32.923916],[-94.487101,32.923161],[-94.483977,32.922727],[-94.481695,32.922521],[-94.480473,32.922933],[-94.479686,32.922933],[-94.477404,32.922362],[-94.475855,32.920004],[-94.475718,32.918629],[-94.474496,32.918239],[-94.475011,32.916797],[-94.47349,32.915698],[-94.473707,32.915056],[-94.474847,32.914597],[-94.475444,32.913063],[-94.476069,32.912559],[-94.478296,32.912106],[-94.481181,32.911856],[-94.481811,32.91209],[-94.484597,32.911985],[-94.48446,32.910612],[-94.484597,32.910248],[-94.484976,32.910095],[-94.485792,32.910248],[-94.486317,32.91003],[-94.487262,32.910103],[-94.488845,32.910757],[-94.489564,32.910442],[-94.4892,32.909489],[-94.488102,32.909223],[-94.487827,32.908326],[-94.488015,32.907055],[-94.488341,32.906598],[-94.489176,32.906356],[-94.489992,32.905758],[-94.490282,32.90529],[-94.491373,32.905411],[-94.491927,32.904635],[-94.491373,32.902173],[-94.490927,32.901221],[-94.489749,32.900138],[-94.488663,32.899909],[-94.486355,32.900895],[-94.485296,32.900872],[-94.484536,32.900553],[-94.483964,32.899866],[-94.484372,32.898629],[-94.485512,32.897712],[-94.485484,32.896704],[-94.486271,32.895536],[-94.486065,32.894355],[-94.484661,32.894027],[-94.484043,32.893523],[-94.483373,32.89348],[-94.482962,32.893588],[-94.4828,32.894204],[-94.481286,32.89504],[-94.480257,32.895221],[-94.478158,32.895071],[-94.476627,32.895426],[-94.476292,32.896258],[-94.476486,32.897015],[-94.474895,32.898243],[-94.472288,32.898358],[-94.470822,32.897877],[-94.469871,32.897992],[-94.468161,32.898955],[-94.466451,32.898657],[-94.46436,32.89891],[-94.463736,32.89962],[-94.463818,32.901452],[-94.463628,32.901795],[-94.463112,32.902003],[-94.461808,32.902026],[-94.460341,32.90182],[-94.458142,32.902141],[-94.456784,32.903081],[-94.45572,32.905123],[-94.453907,32.907662],[-94.453364,32.907983],[-94.451436,32.907777],[-94.450078,32.906723],[-94.449915,32.904548],[-94.449317,32.903311],[-94.448774,32.903126],[-94.44853,32.903447],[-94.448068,32.903563],[-94.447851,32.903357],[-94.446709,32.89914],[-94.447034,32.897925],[-94.446084,32.89687],[-94.445704,32.894809],[-94.444861,32.892861],[-94.444073,32.892632],[-94.441141,32.894074],[-94.439404,32.894213],[-94.438155,32.894831],[-94.436907,32.89506],[-94.436608,32.895266],[-94.436608,32.896068],[-94.436212,32.896316],[-94.435968,32.89615],[-94.435795,32.89668],[-94.435016,32.896528],[-94.434703,32.896745],[-94.434768,32.897674],[-94.433362,32.897318],[-94.433697,32.897912],[-94.432638,32.898388],[-94.431924,32.898053],[-94.431968,32.89842],[-94.431438,32.898312],[-94.431395,32.898053],[-94.431946,32.89775],[-94.431805,32.89735],[-94.431059,32.897891],[-94.430432,32.897328],[-94.430238,32.89682],[-94.430642,32.896515],[-94.430607,32.89614],[-94.430173,32.894605],[-94.429331,32.894008],[-94.429684,32.893048],[-94.42906,32.89259],[-94.429386,32.891972],[-94.430608,32.890918],[-94.430934,32.889773],[-94.430879,32.889153],[-94.430092,32.888053],[-94.430092,32.887391],[-94.429658,32.886887],[-94.429658,32.885306],[-94.430663,32.883634],[-94.432617,32.882374],[-94.432726,32.882008],[-94.432202,32.881139],[-94.431311,32.880697],[-94.430736,32.880091],[-94.653994,32.879506],[-94.65368,32.952742],[-94.619936,32.95279],[-94.607365,32.958418],[-94.606363,32.95752],[-94.606254,32.956902],[-94.60476,32.957223],[-94.60419,32.95713],[-94.603918,32.957521],[-94.601989,32.95798],[-94.601527,32.957682],[-94.600495,32.957728],[-94.599326,32.956995],[-94.598674,32.957133],[-94.598049,32.956812],[-94.597289,32.957019],[-94.5968,32.956584],[-94.596718,32.955965],[-94.596109,32.955806],[-94.595679,32.951417],[-94.594076,32.952416],[-94.593189,32.953643],[-94.592498,32.954144],[-94.590602,32.952142],[-94.58669,32.951434],[-94.585195,32.949418],[-94.583701,32.949831],[-94.58199,32.949877],[-94.58036,32.950564],[-94.579784,32.950403],[-94.578866,32.951304],[-94.578869,32.95225],[-94.578614,32.952669],[-94.575218,32.95347],[-94.573984,32.954662],[-94.57246,32.955351],[-94.572041,32.956319],[-94.570362,32.956431],[-94.569842,32.956884],[-94.569657,32.957448],[-94.547119,32.957414],[-94.547049,32.95691],[-94.545934,32.956727],[-94.545661,32.956454],[-94.544542,32.954484],[-94.54367,32.953775],[-94.54319,32.952769],[-94.539776,32.953389],[-94.537729,32.954147],[-94.536321,32.955126],[-94.534853,32.955488],[-94.533523,32.955436],[-94.531149,32.954891],[-94.531307,32.958714],[-94.530503,32.958906],[-94.530503,32.958053],[-94.530232,32.957572],[-94.529471,32.957183],[-94.526441,32.954707],[-94.52389,32.954785],[-94.521726,32.955204],[-94.51983,32.958751],[-94.518984,32.95935],[-94.516581,32.959386],[-94.515477,32.958644]]]}},{"type":"Feature","properties":{"PRECINCT":"6","VTD":"0006"},"geometry":{"type":"Polygon","coordinates":[[[-94.649547,33.166473],[-94.648223,33.166182],[-94.647514,33.166311],[-94.647003,33.166013],[-94.646647,33.166162],[-94.644754,33.16563],[-94.643818,33.164473],[-94.640587,33.16285],[-94.639608,33.161943],[-94.638794,33.160335],[-94.637932,33.159816],[-94.637,33.1584],[-94.63632,33.157915],[-94.634608,33.157442],[-94.633538,33.158032],[-94.630276,33.15391],[-94.630168,33.15249],[-94.630931,33.151438],[-94.630768,33.150957],[-94.630169,33.150292],[-94.629135,33.150498],[-94.627855,33.149673],[-94.626249,33.149534],[-94.625203,33.149911],[-94.624292,33.149005],[-94.624455,33.148547],[-94.625555,33.147838],[-94.625568,33.147587],[-94.624481,33.146805],[-94.624072,33.146623],[-94.623065,33.146828],[-94.622765,33.146303],[-94.621813,33.146577],[-94.621377,33.146441],[-94.621104,33.14557],[-94.620124,33.145594],[-94.619334,33.144816],[-94.617891,33.145045],[-94.617074,33.144174],[-94.616556,33.144061],[-94.616448,33.144565],[-94.616094,33.144588],[-94.615031,33.143603],[-94.615303,33.142893],[-94.614377,33.142504],[-94.613805,33.142435],[-94.613179,33.143009],[-94.611955,33.143582],[-94.611111,33.143422],[-94.610593,33.143582],[-94.609013,33.142438],[-94.609094,33.141841],[-94.608577,33.141636],[-94.607814,33.141956],[-94.607569,33.141362],[-94.607106,33.141018],[-94.60735,33.139643],[-94.607077,33.138224],[-94.60498,33.136552],[-94.604245,33.135247],[-94.60438,33.134628],[-94.60389,33.134423],[-94.604217,33.13385],[-94.603808,33.13321],[-94.603808,33.132613],[-94.603182,33.133049],[-94.602719,33.132981],[-94.602964,33.132133],[-94.602718,33.131309],[-94.600757,33.131425],[-94.597217,33.13216],[-94.59629,33.131726],[-94.596152,33.130397],[-94.597458,33.129756],[-94.597157,33.12804],[-94.596993,33.127857],[-94.59514,33.127651],[-94.594323,33.126987],[-94.593315,33.126874],[-94.591136,33.12589],[-94.590156,33.122935],[-94.588632,33.121881],[-94.588605,33.121651],[-94.589203,33.121375],[-94.589176,33.12117],[-94.588197,33.120873],[-94.588632,33.119909],[-94.588306,33.11952],[-94.587299,33.119337],[-94.586429,33.118834],[-94.586946,33.118237],[-94.586892,33.117573],[-94.586566,33.116771],[-94.585341,33.115555],[-94.585995,33.114365],[-94.585478,33.112532],[-94.585778,33.11173],[-94.585369,33.110903],[-94.585941,33.110446],[-94.586705,33.1104],[-94.586704,33.110079],[-94.585017,33.108476],[-94.58469,33.108454],[-94.584174,33.108958],[-94.58197,33.108773],[-94.579141,33.109231],[-94.579577,33.110445],[-94.57876,33.110605],[-94.578135,33.111224],[-94.577427,33.110903],[-94.577209,33.111133],[-94.576229,33.111086],[-94.575685,33.110446],[-94.575821,33.108797],[-94.575467,33.107971],[-94.575521,33.106277],[-94.57533,33.105978],[-94.574405,33.105613],[-94.573452,33.105613],[-94.569697,33.106828],[-94.568663,33.10669],[-94.568336,33.106392],[-94.566404,33.106163],[-94.563954,33.10511],[-94.564553,33.103644],[-94.564362,33.103209],[-94.563464,33.102544],[-94.563029,33.102612],[-94.561505,33.10369],[-94.559573,33.104194],[-94.559382,33.10369],[-94.559954,33.102911],[-94.559301,33.102178],[-94.55862,33.102155],[-94.557423,33.10259],[-94.557532,33.101674],[-94.555762,33.101308],[-94.555462,33.100254],[-94.555435,33.099544],[-94.555735,33.098948],[-94.555599,33.098376],[-94.554728,33.098399],[-94.553122,33.097047],[-94.550868,33.096811],[-94.549561,33.096238],[-94.549506,33.095782],[-94.55024,33.094546],[-94.550348,33.09386],[-94.551028,33.093494],[-94.551055,33.092509],[-94.550483,33.091825],[-94.550728,33.091161],[-94.550429,33.090519],[-94.550892,33.08887],[-94.550592,33.087404],[-94.550783,33.086351],[-94.550511,33.086143],[-94.549803,33.086121],[-94.549858,33.085526],[-94.549531,33.085296],[-94.547572,33.084999],[-94.547681,33.084426],[-94.547464,33.083945],[-94.549015,33.081837],[-94.547736,33.081516],[-94.547464,33.080692],[-94.546104,33.08044],[-94.545913,33.080211],[-94.545832,33.079593],[-94.546458,33.079295],[-94.546485,33.078974],[-94.544853,33.077599],[-94.543982,33.076409],[-94.544243,33.075536],[-94.543408,33.075608],[-94.543231,33.075447],[-94.543674,33.074939],[-94.544526,33.074742],[-94.544502,33.074258],[-94.544202,33.074077],[-94.543081,33.074094],[-94.542451,33.072474],[-94.542133,33.072217],[-94.541453,33.07201],[-94.540582,33.072422],[-94.537645,33.070681],[-94.53721,33.069626],[-94.53585,33.068619],[-94.536013,33.067932],[-94.537265,33.066992],[-94.537102,33.066443],[-94.537265,33.065916],[-94.537782,33.06555],[-94.538027,33.06452],[-94.540916,33.06133],[-94.540981,33.059908],[-94.541381,33.059573],[-94.542073,33.059622],[-94.542305,33.059438],[-94.542219,33.058876],[-94.542695,33.05827],[-94.542235,33.057751],[-94.543051,33.057178],[-94.54243,33.056719],[-94.542895,33.056135],[-94.541938,33.055762],[-94.542143,33.055114],[-94.541754,33.055043],[-94.541419,33.0546],[-94.541608,33.054205],[-94.542624,33.054314],[-94.542732,33.053805],[-94.542545,33.053205],[-94.541811,33.053297],[-94.542164,33.05238],[-94.541485,33.051738],[-94.541457,33.051327],[-94.54105,33.051257],[-94.540125,33.051623],[-94.538797,33.052838],[-94.537668,33.052665],[-94.537938,33.051692],[-94.537781,33.051243],[-94.535814,33.050103],[-94.53473,33.048612],[-94.53428,33.039758],[-94.534633,33.040353],[-94.534823,33.041911],[-94.535149,33.042186],[-94.53553,33.042163],[-94.535992,33.041797],[-94.536319,33.04182],[-94.537026,33.042209],[-94.537297,33.042461],[-94.537243,33.043515],[-94.53795,33.043607],[-94.538766,33.044409],[-94.538847,33.044935],[-94.539909,33.045485],[-94.539881,33.046906],[-94.540207,33.047272],[-94.54018,33.048051],[-94.541485,33.049219],[-94.541702,33.050296],[-94.543008,33.050753],[-94.54415,33.050136],[-94.545265,33.050778],[-94.545401,33.051236],[-94.546163,33.051098],[-94.546897,33.051533],[-94.547713,33.051098],[-94.548094,33.051854],[-94.549155,33.051419],[-94.549508,33.051716],[-94.55114,33.051923],[-94.552038,33.051878],[-94.552881,33.051533],[-94.554159,33.051763],[-94.555002,33.052748],[-94.557586,33.053115],[-94.557831,33.053023],[-94.557776,33.052405],[-94.558048,33.052244],[-94.5593,33.051993],[-94.562699,33.050756],[-94.564032,33.050618],[-94.564494,33.050846],[-94.565746,33.050641],[-94.566889,33.051144],[-94.567678,33.052037],[-94.568004,33.051991],[-94.568602,33.051372],[-94.569228,33.051372],[-94.569826,33.051006],[-94.570479,33.051235],[-94.571213,33.051121],[-94.573199,33.052059],[-94.573335,33.052701],[-94.574097,33.053159],[-94.573743,33.054946],[-94.57475,33.055037],[-94.575022,33.056091],[-94.575947,33.055953],[-94.576654,33.055037],[-94.57698,33.053617],[-94.579183,33.0527],[-94.581276,33.049723],[-94.58239,33.048738],[-94.583995,33.048347],[-94.584783,33.047477],[-94.585599,33.047041],[-94.586333,33.04608],[-94.587992,33.045782],[-94.589134,33.046263],[-94.590005,33.046034],[-94.590929,33.046424],[-94.591256,33.046149],[-94.591936,33.04608],[-94.592969,33.046469],[-94.592751,33.045758],[-94.593105,33.045575],[-94.594709,33.04569],[-94.59509,33.046171],[-94.595009,33.046537],[-94.595363,33.046788],[-94.595336,33.047339],[-94.595853,33.047728],[-94.597239,33.04743],[-94.598219,33.048025],[-94.598681,33.047407],[-94.600258,33.047567],[-94.600775,33.04743],[-94.601319,33.047978],[-94.601292,33.048415],[-94.602462,33.048665],[-94.60268,33.048963],[-94.603196,33.049101],[-94.604611,33.049146],[-94.605073,33.049076],[-94.605562,33.048619],[-94.606188,33.048664],[-94.606134,33.049053],[-94.606406,33.049236],[-94.606244,33.049763],[-94.607142,33.050519],[-94.609018,33.049877],[-94.610405,33.050356],[-94.610596,33.050814],[-94.611521,33.050654],[-94.611874,33.050928],[-94.612717,33.050882],[-94.61329,33.051111],[-94.614948,33.050697],[-94.615329,33.050032],[-94.617233,33.050238],[-94.617368,33.049781],[-94.619245,33.049872],[-94.619925,33.050055],[-94.621095,33.051018],[-94.621965,33.050765],[-94.622863,33.051522],[-94.624577,33.051842],[-94.625575,33.051318],[-94.626453,33.0518],[-94.627867,33.051298],[-94.62901,33.051184],[-94.630941,33.050084],[-94.631431,33.050451],[-94.632029,33.050427],[-94.632736,33.050955],[-94.63279,33.051344],[-94.63404,33.052282],[-94.635182,33.053565],[-94.635427,33.053657],[-94.636297,33.053268],[-94.636488,33.05297],[-94.63714,33.053176],[-94.63763,33.053085],[-94.638527,33.054344],[-94.639479,33.055169],[-94.641002,33.055582],[-94.642662,33.055559],[-94.644974,33.054735],[-94.64685,33.054873],[-94.647639,33.055262],[-94.650332,33.055881],[-94.651038,33.056477],[-94.651555,33.057553],[-94.652589,33.057828],[-94.653296,33.058515],[-94.653997,33.058674],[-94.653223,33.12444],[-94.652528,33.143997],[-94.652437,33.162503],[-94.652652,33.162705],[-94.652689,33.170831],[-94.652443,33.170865],[-94.651602,33.169347],[-94.651802,33.168211],[-94.65006,33.16723],[-94.649547,33.166473]]]}},{"type":"Feature","properties":{"PRECINCT":"7","VTD":"0007"},"geometry":{"type":"Polygon","coordinates":[[[-94.57475,33.055037],[-94.573798,33.055059],[-94.574097,33.053159],[-94.573335,33.052701],[-94.573199,33.052059],[-94.571213,33.051121],[-94.570479,33.051235],[-94.569826,33.051006],[-94.569228,33.051372],[-94.568602,33.051372],[-94.568004,33.051991],[-94.567678,33.052037],[-94.566889,33.051144],[-94.565746,33.050641],[-94.564494,33.050846],[-94.564032,33.050618],[-94.562699,33.050756],[-94.5593,33.051993],[-94.558048,33.052244],[-94.557776,33.052405],[-94.557831,33.053023],[-94.557586,33.053115],[-94.555002,33.052748],[-94.554159,33.051763],[-94.552881,33.051533],[-94.552038,33.051878],[-94.55114,33.051923],[-94.549508,33.051716],[-94.549155,33.051419],[-94.548094,33.051854],[-94.547713,33.051098],[-94.546897,33.051533],[-94.546163,33.051098],[-94.545401,33.051236],[-94.545265,33.050778],[-94.54415,33.050136],[-94.542709,33.050753],[-94.541702,33.050296],[-94.541485,33.049219],[-94.54018,33.048051],[-94.540207,33.047272],[-94.539881,33.046906],[-94.539909,33.045485],[-94.538847,33.044935],[-94.538766,33.044409],[-94.53795,33.043607],[-94.537243,33.043515],[-94.537297,33.042461],[-94.537026,33.042209],[-94.536319,33.04182],[-94.535992,33.041797],[-94.53553,33.042163],[-94.535149,33.042186],[-94.534823,33.041911],[-94.534633,33.040353],[-94.53428,33.039758],[-94.53473,33.048612],[-94.533842,33.047888],[-94.532401,33.047407],[-94.531395,33.046239],[-94.531096,33.045254],[-94.530171,33.045254],[-94.529301,33.044956],[-94.529056,33.044269],[-94.529193,33.043124],[-94.527616,33.041221],[-94.527209,33.039938],[-94.52691,33.039641],[-94.526502,33.039641],[-94.525877,33.038908],[-94.524327,33.038106],[-94.524626,33.037649],[-94.525877,33.037281],[-94.525225,33.036275],[-94.526096,33.035519],[-94.525552,33.035244],[-94.524845,33.035427],[-94.524764,33.034809],[-94.524329,33.034487],[-94.524628,33.033594],[-94.524139,33.032815],[-94.524058,33.030524],[-94.524385,33.030067],[-94.524385,33.029586],[-94.524059,33.028669],[-94.525011,33.026929],[-94.52493,33.026287],[-94.525583,33.025737],[-94.526806,33.025486],[-94.527079,33.02512],[-94.527541,33.023263],[-94.527107,33.022508],[-94.526373,33.02198],[-94.526373,33.021592],[-94.526835,33.021019],[-94.526047,33.020057],[-94.525014,33.020148],[-94.524878,33.019942],[-94.525232,33.019255],[-94.525205,33.018704],[-94.524852,33.018293],[-94.523982,33.0182],[-94.523601,33.017902],[-94.522949,33.018178],[-94.522568,33.017513],[-94.521209,33.017788],[-94.52042,33.017398],[-94.520312,33.016757],[-94.51917,33.016413],[-94.519007,33.016182],[-94.519552,33.013481],[-94.519879,33.013114],[-94.519771,33.01174],[-94.519608,33.01119],[-94.518602,33.010388],[-94.518494,33.009838],[-94.517651,33.009791],[-94.517732,33.009127],[-94.517053,33.008325],[-94.517026,33.007136],[-94.517652,33.006425],[-94.517679,33.005761],[-94.516049,33.00363],[-94.51673,33.002232],[-94.516517,32.999696],[-94.517442,32.999121],[-94.517469,32.998846],[-94.51679,32.998067],[-94.515893,32.997494],[-94.516165,32.996349],[-94.515975,32.995638],[-94.515051,32.995821],[-94.514046,32.995592],[-94.513665,32.995088],[-94.513122,32.994859],[-94.512551,32.994904],[-94.511138,32.993392],[-94.510106,32.992818],[-94.510106,32.992475],[-94.510595,32.992292],[-94.510161,32.991605],[-94.509454,32.991719],[-94.509046,32.991397],[-94.509482,32.990551],[-94.509047,32.990024],[-94.509402,32.988236],[-94.509294,32.986725],[-94.506902,32.985647],[-94.506115,32.98496],[-94.507012,32.983494],[-94.506252,32.982326],[-94.506525,32.981181],[-94.506253,32.980815],[-94.506389,32.980128],[-94.506091,32.97928],[-94.507015,32.979097],[-94.507695,32.978594],[-94.507967,32.977884],[-94.507614,32.977058],[-94.506799,32.976211],[-94.506148,32.97408],[-94.506285,32.97321],[-94.506041,32.972546],[-94.50672,32.972293],[-94.506856,32.971995],[-94.50653,32.971629],[-94.506965,32.971172],[-94.506911,32.970942],[-94.506368,32.970622],[-94.506069,32.97101],[-94.505552,32.970896],[-94.505199,32.971285],[-94.50376,32.969223],[-94.502564,32.968971],[-94.502265,32.969062],[-94.502265,32.969313],[-94.502944,32.970139],[-94.502509,32.970139],[-94.501694,32.969634],[-94.501477,32.970184],[-94.501205,32.97023],[-94.50077,32.969862],[-94.49626,32.970756],[-94.495118,32.970779],[-94.49395,32.970115],[-94.496394,32.968671],[-94.496666,32.968305],[-94.496529,32.96732],[-94.496936,32.966631],[-94.498213,32.966471],[-94.499055,32.966034],[-94.499381,32.965508],[-94.500668,32.965533],[-94.501635,32.965223],[-94.501831,32.96445],[-94.503352,32.964008],[-94.505035,32.962351],[-94.505395,32.96042],[-94.505262,32.958748],[-94.505631,32.958107],[-94.507927,32.958046],[-94.509696,32.958426],[-94.515186,32.958528],[-94.516581,32.959386],[-94.518738,32.959421],[-94.51983,32.958751],[-94.521501,32.955402],[-94.521898,32.955139],[-94.52389,32.954785],[-94.526441,32.954707],[-94.529471,32.957183],[-94.530232,32.957572],[-94.530503,32.958053],[-94.530503,32.958906],[-94.531307,32.958714],[-94.531149,32.954891],[-94.533523,32.955436],[-94.534853,32.955488],[-94.536321,32.955126],[-94.537729,32.954147],[-94.539776,32.953389],[-94.54319,32.952769],[-94.54367,32.953775],[-94.544542,32.954484],[-94.545661,32.956454],[-94.545934,32.956727],[-94.547049,32.95691],[-94.547119,32.957414],[-94.569657,32.957448],[-94.569842,32.956884],[-94.570362,32.956431],[-94.572041,32.956319],[-94.57246,32.955351],[-94.573984,32.954662],[-94.575218,32.95347],[-94.578614,32.952669],[-94.578869,32.95225],[-94.578866,32.951304],[-94.579784,32.950403],[-94.58036,32.950564],[-94.58199,32.949877],[-94.583701,32.949831],[-94.585195,32.949418],[-94.58669,32.951434],[-94.590602,32.952142],[-94.592498,32.954144],[-94.593189,32.953643],[-94.594076,32.952416],[-94.595679,32.951417],[-94.596109,32.955806],[-94.596718,32.955965],[-94.5968,32.956584],[-94.597289,32.957019],[-94.598049,32.956812],[-94.598674,32.957133],[-94.599326,32.956995],[-94.600495,32.957728],[-94.601527,32.957682],[-94.601989,32.95798],[-94.603918,32.957521],[-94.60419,32.95713],[-94.60476,32.957223],[-94.606254,32.956902],[-94.606363,32.95752],[-94.607365,32.958418],[-94.619936,32.95279],[-94.65368,32.952742],[-94.653492,33.000002],[-94.653997,33.058674],[-94.653296,33.058515],[-94.652589,33.057828],[-94.651555,33.057553],[-94.651038,33.056477],[-94.650332,33.055881],[-94.647639,33.055262],[-94.64685,33.054873],[-94.644974,33.054735],[-94.642662,33.055559],[-94.641002,33.055582],[-94.639479,33.055169],[-94.638527,33.054344],[-94.63763,33.053085],[-94.63714,33.053176],[-94.636488,33.05297],[-94.636297,33.053268],[-94.635427,33.053657],[-94.635182,33.053565],[-94.63404,33.052282],[-94.63279,33.051344],[-94.632736,33.050955],[-94.632029,33.050427],[-94.631431,33.050451],[-94.630941,33.050084],[-94.62901,33.051184],[-94.627867,33.051298],[-94.626453,33.0518],[-94.625575,33.051318],[-94.624577,33.051842],[-94.622863,33.051522],[-94.621965,33.050765],[-94.621095,33.051018],[-94.619925,33.050055],[-94.619245,33.049872],[-94.617368,33.049781],[-94.617233,33.050238],[-94.615329,33.050032],[-94.614948,33.050697],[-94.61329,33.051111],[-94.612717,33.050882],[-94.611874,33.050928],[-94.611521,33.050654],[-94.610596,33.050814],[-94.610405,33.050356],[-94.609018,33.049877],[-94.607142,33.050519],[-94.606244,33.049763],[-94.606406,33.049236],[-94.606134,33.049053],[-94.606188,33.048664],[-94.605562,33.048619],[-94.605073,33.049076],[-94.604611,33.049146],[-94.603196,33.049101],[-94.60268,33.048963],[-94.602462,33.048665],[-94.601292,33.048415],[-94.601319,33.047978],[-94.600775,33.04743],[-94.600258,33.047567],[-94.598681,33.047407],[-94.598219,33.048025],[-94.597239,33.04743],[-94.595853,33.047728],[-94.595336,33.047339],[-94.595363,33.046788],[-94.595009,33.046537],[-94.59509,33.046171],[-94.594709,33.04569],[-94.593105,33.045575],[-94.592751,33.045758],[-94.592969,33.046469],[-94.591936,33.04608],[-94.591256,33.046149],[-94.590929,33.046424],[-94.590005,33.046034],[-94.589134,33.046263],[-94.587992,33.045782],[-94.586333,33.04608],[-94.585599,33.047041],[-94.584783,33.047477],[-94.583995,33.048347],[-94.58239,33.048738],[-94.581276,33.049723],[-94.580787,33.050593],[-94.580243,33.05096],[-94.579835,33.05199],[-94.578965,33.052883],[-94.57698,33.053617],[-94.576654,33.055037],[-94.575947,33.055953],[-94.575022,33.056091],[-94.57475,33.055037]]]}},{"type":"Feature","properties":{"PRECINCT":"9","VTD":"0009"},"geometry":{"type":"Polygon","coordinates":[[[-94.463927,33.288767],[-94.46395,33.287719],[-94.463592,33.287276],[-94.462565,33.287183],[-94.462009,33.287363],[-94.460774,33.289523],[-94.459777,33.289729],[-94.459306,33.289586],[-94.459082,33.289118],[-94.458957,33.285623],[-94.458715,33.28539],[-94.45759,33.285007],[-94.457198,33.285162],[-94.456026,33.286611],[-94.455299,33.287123],[-94.453984,33.287095],[-94.453576,33.286152],[-94.453789,33.284844],[-94.453604,33.284376],[-94.452948,33.283814],[-94.451986,33.283493],[-94.449098,33.283586],[-94.443824,33.281169],[-94.441322,33.281492],[-94.440875,33.282269],[-94.440956,33.283085],[-94.440286,33.283411],[-94.439515,33.282808],[-94.438478,33.281052],[-94.437153,33.280952],[-94.436513,33.281342],[-94.436295,33.281858],[-94.437825,33.284348],[-94.437791,33.285083],[-94.43722,33.286054],[-94.435891,33.286996],[-94.434291,33.287509],[-94.432995,33.28745],[-94.432369,33.286935],[-94.432414,33.286355],[-94.433843,33.284517],[-94.433945,33.283895],[-94.433612,33.28266],[-94.433353,33.282597],[-94.431886,33.282868],[-94.43068,33.283503],[-94.428915,33.285471],[-94.420885,33.284264],[-94.415739,33.284017],[-94.414698,33.283172],[-94.412842,33.278715],[-94.412943,33.278011],[-94.413953,33.276515],[-94.413219,33.275581],[-94.412651,33.275252],[-94.413643,33.274248],[-94.41389,33.273632],[-94.413533,33.273304],[-94.412928,33.273201],[-94.410388,33.273783],[-94.410138,33.273629],[-94.410019,33.272985],[-94.410842,33.272464],[-94.411441,33.271478],[-94.411294,33.27084],[-94.410861,33.270681],[-94.404262,33.271181],[-94.403233,33.270797],[-94.402234,33.26934],[-94.402639,33.25853],[-94.403324,33.256287],[-94.403395,33.253805],[-94.404136,33.251311],[-94.404116,33.248393],[-94.405138,33.24673],[-94.407646,33.244014],[-94.409619,33.242548],[-94.412586,33.237662],[-94.412866,33.233735],[-94.412642,33.231983],[-94.412563,33.220562],[-94.413119,33.21898],[-94.41331,33.217523],[-94.414552,33.216113],[-94.419085,33.21291],[-94.422863,33.20476],[-94.422834,33.203438],[-94.422136,33.200372],[-94.41832,33.193796],[-94.417531,33.191882],[-94.417284,33.190807],[-94.417768,33.189746],[-94.415341,33.188758],[-94.415624,33.1881],[-94.415759,33.181207],[-94.415611,33.180722],[-94.414591,33.179737],[-94.414445,33.17913],[-94.41521,33.179221],[-94.415591,33.178795],[-94.415653,33.173613],[-94.41594,33.171242],[-94.418342,33.168973],[-94.41835,33.165129],[-94.418708,33.163649],[-94.421547,33.161257],[-94.423996,33.158133],[-94.426092,33.1575],[-94.428644,33.15616],[-94.428865,33.150875],[-94.43067,33.150846],[-94.430961,33.150252],[-94.430965,33.140389],[-94.42795,33.137833],[-94.425617,33.136521],[-94.423471,33.134667],[-94.422801,33.133156],[-94.423455,33.130398],[-94.423146,33.128726],[-94.422496,33.127598],[-94.422138,33.126177],[-94.421349,33.125178],[-94.421549,33.122545],[-94.420914,33.122106],[-94.417921,33.122117],[-94.416464,33.120583],[-94.416358,33.119179],[-94.416814,33.118921],[-94.416972,33.118088],[-94.426368,33.117252],[-94.428344,33.116708],[-94.430725,33.115606],[-94.433169,33.113739],[-94.434729,33.111811],[-94.437364,33.106634],[-94.439353,33.104011],[-94.440633,33.103071],[-94.446091,33.10023],[-94.454372,33.107968],[-94.454429,33.106371],[-94.455214,33.104486],[-94.460209,33.104626],[-94.462827,33.105393],[-94.463062,33.103018],[-94.462984,33.099733],[-94.462265,33.098782],[-94.461769,33.097489],[-94.460559,33.09713],[-94.460538,33.092757],[-94.462355,33.092261],[-94.46287,33.091428],[-94.463614,33.091054],[-94.465217,33.091049],[-94.466285,33.089118],[-94.468041,33.088928],[-94.469544,33.086183],[-94.472009,33.086577],[-94.473323,33.08759],[-94.47477,33.088033],[-94.488392,33.088166],[-94.490008,33.088272],[-94.496154,33.089532],[-94.496958,33.089559],[-94.498001,33.089278],[-94.498037,33.102314],[-94.498673,33.104242],[-94.503935,33.10342],[-94.504369,33.103613],[-94.504413,33.113616],[-94.504679,33.114137],[-94.504767,33.117299],[-94.508662,33.117277],[-94.509577,33.116222],[-94.509283,33.115896],[-94.509191,33.107095],[-94.508908,33.104402],[-94.509381,33.103715],[-94.516403,33.103606],[-94.516659,33.099514],[-94.522779,33.099386],[-94.524721,33.093331],[-94.527352,33.093265],[-94.527815,33.0937],[-94.529012,33.094043],[-94.52972,33.094731],[-94.533666,33.095785],[-94.534727,33.095671],[-94.537122,33.0948],[-94.538265,33.094779],[-94.538809,33.095489],[-94.540469,33.093564],[-94.543463,33.093038],[-94.544578,33.0921],[-94.54847,33.091732],[-94.550483,33.091825],[-94.551055,33.092509],[-94.551028,33.093494],[-94.550348,33.09386],[-94.55024,33.094546],[-94.549506,33.095782],[-94.549561,33.096238],[-94.550868,33.096811],[-94.553122,33.097047],[-94.554728,33.098399],[-94.555599,33.098376],[-94.555735,33.098948],[-94.555435,33.099544],[-94.555462,33.100254],[-94.555762,33.101308],[-94.557532,33.101674],[-94.557423,33.10259],[-94.55862,33.102155],[-94.559301,33.102178],[-94.559954,33.102911],[-94.559382,33.10369],[-94.559573,33.104194],[-94.561505,33.10369],[-94.563029,33.102612],[-94.563464,33.102544],[-94.564362,33.103209],[-94.564553,33.103644],[-94.563954,33.10511],[-94.566404,33.106163],[-94.568336,33.106392],[-94.568663,33.10669],[-94.569697,33.106828],[-94.573452,33.105613],[-94.574938,33.105792],[-94.575521,33.106277],[-94.575467,33.107971],[-94.575848,33.109437],[-94.575685,33.110446],[-94.576229,33.111086],[-94.576583,33.111179],[-94.577209,33.111133],[-94.577427,33.110903],[-94.578135,33.111224],[-94.57876,33.110605],[-94.579577,33.110445],[-94.579141,33.109231],[-94.58197,33.108773],[-94.584174,33.108958],[-94.58469,33.108454],[-94.585017,33.108476],[-94.586704,33.110079],[-94.586705,33.1104],[-94.585941,33.110446],[-94.585369,33.110903],[-94.585778,33.11173],[-94.585478,33.112532],[-94.585995,33.114365],[-94.585341,33.115555],[-94.586566,33.116771],[-94.586892,33.117573],[-94.586946,33.118237],[-94.586429,33.118834],[-94.587299,33.119337],[-94.588306,33.11952],[-94.588632,33.119909],[-94.588197,33.120873],[-94.589176,33.12117],[-94.589203,33.121375],[-94.588605,33.121651],[-94.588632,33.121881],[-94.590156,33.122935],[-94.591136,33.12589],[-94.593315,33.126874],[-94.594323,33.126987],[-94.59514,33.127651],[-94.596993,33.127857],[-94.597157,33.12804],[-94.597458,33.129756],[-94.596152,33.130397],[-94.59629,33.131726],[-94.597217,33.13216],[-94.600757,33.131425],[-94.602718,33.131309],[-94.602964,33.132133],[-94.602719,33.132981],[-94.603182,33.133049],[-94.603808,33.132613],[-94.603808,33.13321],[-94.604217,33.13385],[-94.60389,33.134423],[-94.60438,33.134628],[-94.604245,33.135247],[-94.60498,33.136552],[-94.607077,33.138224],[-94.60735,33.139643],[-94.607106,33.141018],[-94.607569,33.141362],[-94.607814,33.141956],[-94.608577,33.141636],[-94.609094,33.141841],[-94.609013,33.142438],[-94.610593,33.143582],[-94.611111,33.143422],[-94.611955,33.143582],[-94.613179,33.143009],[-94.613805,33.142435],[-94.614377,33.142504],[-94.615303,33.142893],[-94.615031,33.143603],[-94.616094,33.144588],[-94.616448,33.144565],[-94.616556,33.144061],[-94.617074,33.144174],[-94.617891,33.145045],[-94.619334,33.144816],[-94.620124,33.145594],[-94.621104,33.14557],[-94.621377,33.146441],[-94.621813,33.146577],[-94.622765,33.146303],[-94.623065,33.146828],[-94.624072,33.146623],[-94.624481,33.146805],[-94.625568,33.147587],[-94.625555,33.147838],[-94.624455,33.148547],[-94.624292,33.149005],[-94.625203,33.149911],[-94.626249,33.149534],[-94.627855,33.149673],[-94.629135,33.150498],[-94.630169,33.150292],[-94.630768,33.150957],[-94.630931,33.151438],[-94.630168,33.15249],[-94.630276,33.15391],[-94.633538,33.158032],[-94.634608,33.157442],[-94.63632,33.157915],[-94.637,33.1584],[-94.637932,33.159816],[-94.638794,33.160335],[-94.640003,33.162343],[-94.64123,33.163254],[-94.642257,33.163549],[-94.642574,33.164005],[-94.643818,33.164473],[-94.644754,33.16563],[-94.646647,33.166162],[-94.647003,33.166013],[-94.647514,33.166311],[-94.648223,33.166182],[-94.649547,33.166473],[-94.65006,33.16723],[-94.651802,33.168211],[-94.651602,33.169347],[-94.652443,33.170865],[-94.652689,33.170831],[-94.652816,33.198064],[-94.652974,33.247498],[-94.652194,33.250106],[-94.65226,33.268861],[-94.651605,33.269021],[-94.650706,33.268653],[-94.650215,33.267989],[-94.650134,33.267577],[-94.651525,33.26547],[-94.649998,33.265562],[-94.649561,33.265149],[-94.650162,33.262905],[-94.649617,33.261507],[-94.648555,33.26043],[-94.6488,33.260061],[-94.649726,33.259604],[-94.6497,33.259238],[-94.648255,33.258366],[-94.647111,33.258159],[-94.644985,33.257333],[-94.644329,33.257333],[-94.643212,33.258043],[-94.642585,33.258134],[-94.642067,33.257813],[-94.641523,33.256737],[-94.641714,33.253872],[-94.640789,33.253436],[-94.638552,33.253158],[-94.635963,33.252401],[-94.634839,33.251351],[-94.633514,33.251413],[-94.632587,33.251894],[-94.631005,33.251894],[-94.630296,33.252194],[-94.629778,33.25217],[-94.629288,33.251874],[-94.62847,33.250593],[-94.627216,33.250546],[-94.626725,33.250638],[-94.625204,33.251841],[-94.624203,33.252082],[-94.623164,33.251717],[-94.619568,33.249513],[-94.618968,33.24862],[-94.619022,33.247337],[-94.61864,33.246833],[-94.617767,33.246811],[-94.617168,33.247086],[-94.61428,33.249149],[-94.61319,33.249218],[-94.610626,33.248027],[-94.608009,33.247479],[-94.60662,33.248624],[-94.605012,33.249176],[-94.604767,33.249673],[-94.605418,33.250473],[-94.607108,33.250599],[-94.608253,33.251264],[-94.608826,33.25179],[-94.609453,33.252936],[-94.609508,33.253601],[-94.608936,33.254036],[-94.608009,33.254174],[-94.606509,33.253211],[-94.605392,33.253442],[-94.605147,33.253923],[-94.605121,33.256603],[-94.604658,33.257015],[-94.598252,33.258437],[-94.590455,33.259424],[-94.589937,33.259241],[-94.589773,33.258737],[-94.591354,33.256332],[-94.59179,33.256034],[-94.59318,33.255713],[-94.593043,33.255118],[-94.591817,33.254911],[-94.589827,33.255302],[-94.588299,33.254294],[-94.587862,33.253676],[-94.58789,33.253194],[-94.588653,33.252094],[-94.588571,33.251407],[-94.587862,33.251339],[-94.58748,33.251523],[-94.585981,33.253424],[-94.585245,33.253332],[-94.584755,33.252875],[-94.584782,33.252325],[-94.586444,33.250743],[-94.586419,33.250121],[-94.586039,33.249722],[-94.583967,33.249342],[-94.578406,33.247717],[-94.578188,33.248175],[-94.578569,33.249206],[-94.579629,33.2505],[-94.579438,33.251066],[-94.578866,33.251364],[-94.577857,33.251455],[-94.57693,33.250929],[-94.575595,33.251547],[-94.574711,33.250121],[-94.573854,33.249769],[-94.572463,33.249826],[-94.571969,33.250653],[-94.572106,33.251181],[-94.573005,33.252074],[-94.573005,33.252693],[-94.572406,33.253334],[-94.571751,33.253425],[-94.57077,33.253174],[-94.569816,33.253472],[-94.569789,33.254593],[-94.571724,33.256037],[-94.573442,33.256724],[-94.573306,33.257022],[-94.571779,33.257686],[-94.570689,33.257595],[-94.569843,33.257778],[-94.569762,33.258671],[-94.570989,33.260137],[-94.570962,33.260893],[-94.568972,33.264328],[-94.568235,33.264192],[-94.567363,33.263275],[-94.566381,33.263253],[-94.565918,33.263573],[-94.565645,33.265177],[-94.565373,33.265337],[-94.565018,33.265177],[-94.562919,33.262358],[-94.559347,33.261054],[-94.55853,33.26119],[-94.557984,33.263299],[-94.555912,33.26552],[-94.555721,33.266092],[-94.556893,33.267215],[-94.556866,33.26749],[-94.555421,33.268338],[-94.554957,33.269115],[-94.554494,33.269185],[-94.55384,33.268704],[-94.553131,33.267192],[-94.552558,33.266574],[-94.55114,33.26568],[-94.54994,33.265245],[-94.549558,33.265245],[-94.549258,33.265566],[-94.549313,33.267192],[-94.548767,33.267535],[-94.545877,33.26836],[-94.54555,33.267947],[-94.545659,33.266573],[-94.54506,33.265543],[-94.54356,33.265154],[-94.543206,33.265405],[-94.543233,33.26623],[-94.542442,33.266596],[-94.541679,33.265152],[-94.541188,33.264741],[-94.540016,33.264649],[-94.539552,33.264924],[-94.539198,33.265703],[-94.539443,33.266481],[-94.539279,33.267626],[-94.540015,33.26829],[-94.541187,33.26813],[-94.54146,33.268634],[-94.540833,33.269367],[-94.540233,33.269619],[-94.537534,33.269184],[-94.534698,33.269664],[-94.534589,33.269183],[-94.535298,33.267466],[-94.535108,33.266755],[-94.534154,33.266205],[-94.533336,33.266274],[-94.531372,33.267442],[-94.530636,33.267167],[-94.529954,33.26735],[-94.528863,33.26909],[-94.526626,33.270968],[-94.525317,33.272892],[-94.523653,33.274403],[-94.522616,33.276578],[-94.522207,33.276853],[-94.52128,33.276853],[-94.520107,33.27731],[-94.51918,33.277172],[-94.519289,33.276691],[-94.520299,33.275387],[-94.520271,33.274952],[-94.519427,33.274217],[-94.518499,33.274241],[-94.518254,33.274447],[-94.516971,33.277012],[-94.517189,33.277997],[-94.518824,33.278616],[-94.519288,33.279006],[-94.519233,33.280723],[-94.518332,33.281959],[-94.517868,33.282096],[-94.517105,33.281936],[-94.51656,33.281433],[-94.516288,33.280172],[-94.514516,33.279027],[-94.513943,33.279072],[-94.513643,33.279277],[-94.513697,33.280149],[-94.515469,33.281385],[-94.515578,33.281753],[-94.515168,33.282623],[-94.513478,33.282691],[-94.510068,33.281774],[-94.509714,33.281934],[-94.50925,33.282826],[-94.508731,33.282873],[-94.507014,33.281314],[-94.506141,33.28191],[-94.506114,33.282482],[-94.506959,33.28333],[-94.507067,33.283903],[-94.50614,33.284338],[-94.505376,33.284405],[-94.504177,33.283946],[-94.503971,33.282781],[-94.5002,33.283336],[-94.499385,33.283222],[-94.498874,33.28282],[-94.498328,33.281466],[-94.497519,33.280921],[-94.496457,33.281563],[-94.49639,33.283057],[-94.496917,33.284508],[-94.496671,33.284985],[-94.4957,33.284747],[-94.49366,33.282325],[-94.492902,33.280779],[-94.492206,33.279974],[-94.491811,33.27979],[-94.486661,33.280296],[-94.486297,33.280475],[-94.486303,33.281331],[-94.488524,33.282128],[-94.488814,33.282427],[-94.489014,33.283701],[-94.48892,33.284065],[-94.48523,33.287939],[-94.484308,33.287943],[-94.482719,33.287013],[-94.482752,33.286116],[-94.483849,33.284958],[-94.483682,33.28441],[-94.483056,33.284025],[-94.482279,33.284157],[-94.478754,33.286844],[-94.478575,33.28728],[-94.478846,33.287731],[-94.480109,33.288614],[-94.480303,33.28905],[-94.480182,33.289704],[-94.479896,33.289931],[-94.476869,33.289394],[-94.474587,33.289879],[-94.474086,33.289503],[-94.473464,33.288238],[-94.472734,33.288144],[-94.472247,33.288541],[-94.471325,33.290038],[-94.47133,33.290951],[-94.470906,33.292195],[-94.469735,33.293864],[-94.469238,33.294156],[-94.468442,33.294313],[-94.46628,33.293892],[-94.465615,33.293501],[-94.463855,33.291223],[-94.463067,33.290951],[-94.462833,33.290331],[-94.46325,33.289448],[-94.463927,33.288767]]]}},{"type":"Feature","properties":{"PRECINCT":"11","VTD":"0011"},"geometry":{"type":"Polygon","coordinates":[[[-94.397409,33.269137],[-94.397744,33.268863],[-94.399673,33.268977],[-94.400984,33.266446],[-94.400259,33.265326],[-94.395889,33.264663],[-94.395801,33.264316],[-94.396434,33.262497],[-94.396077,33.262078],[-94.379409,33.255651],[-94.379037,33.256127],[-94.379063,33.257598],[-94.378623,33.257962],[-94.377312,33.258483],[-94.375196,33.25853],[-94.374023,33.258781],[-94.372794,33.260177],[-94.372334,33.26041],[-94.37173,33.260452],[-94.370714,33.259718],[-94.370476,33.25705],[-94.369316,33.257164],[-94.368673,33.258011],[-94.368643,33.260269],[-94.367184,33.26256],[-94.366666,33.262818],[-94.366349,33.262866],[-94.364136,33.261054],[-94.364194,33.259796],[-94.363082,33.259724],[-94.362727,33.259901],[-94.36242,33.260353],[-94.363531,33.262352],[-94.363376,33.263965],[-94.36186,33.264853],[-94.360901,33.264918],[-94.357096,33.263154],[-94.35703,33.262147],[-94.358996,33.261186],[-94.359428,33.260629],[-94.359534,33.25996],[-94.358547,33.258986],[-94.358145,33.258865],[-94.357502,33.259043],[-94.356744,33.259632],[-94.3552,33.260185],[-94.354761,33.260544],[-94.354447,33.261705],[-94.353881,33.261977],[-94.353237,33.261293],[-94.353306,33.259632],[-94.35099,33.258467],[-94.350973,33.258161],[-94.351983,33.257447],[-94.352244,33.257011],[-94.351896,33.256137],[-94.350433,33.255103],[-94.349597,33.254869],[-94.347952,33.255902],[-94.34656,33.255561],[-94.345662,33.253605],[-94.344673,33.252723],[-94.344186,33.252602],[-94.343308,33.252737],[-94.342749,33.254955],[-94.342193,33.255479],[-94.341195,33.255575],[-94.340908,33.255398],[-94.340497,33.254174],[-94.339989,33.25369],[-94.339567,33.253673],[-94.336748,33.254861],[-94.335175,33.25528],[-94.334273,33.255249],[-94.333632,33.25404],[-94.333297,33.253861],[-94.332827,33.254145],[-94.332633,33.255806],[-94.33223,33.256185],[-94.33155,33.255806],[-94.330737,33.253888],[-94.330018,33.253694],[-94.327045,33.254986],[-94.326642,33.255284],[-94.326391,33.256276],[-94.325624,33.256712],[-94.325145,33.25638],[-94.32458,33.255381],[-94.325339,33.253985],[-94.325186,33.253453],[-94.32465,33.253059],[-94.32397,33.252874],[-94.321918,33.252988],[-94.320682,33.252294],[-94.319072,33.250625],[-94.317261,33.250124],[-94.314031,33.249809],[-94.312033,33.248793],[-94.309164,33.249906],[-94.307002,33.250371],[-94.301087,33.250622],[-94.298296,33.25105],[-94.297211,33.252042],[-94.2972,33.252969],[-94.298992,33.253977],[-94.299249,33.254776],[-94.298616,33.255373],[-94.297685,33.255631],[-94.297292,33.255526],[-94.29438,33.253808],[-94.294247,33.253059],[-94.294815,33.251922],[-94.294557,33.251261],[-94.290898,33.248932],[-94.289865,33.248997],[-94.289214,33.249819],[-94.287971,33.250126],[-94.287135,33.251132],[-94.286647,33.250954],[-94.285934,33.249843],[-94.284835,33.249392],[-94.284137,33.249561],[-94.283234,33.250543],[-94.28264,33.250712],[-94.278208,33.249536],[-94.277825,33.249229],[-94.277941,33.248342],[-94.278324,33.248002],[-94.280428,33.247165],[-94.28084,33.245914],[-94.280687,33.245632],[-94.279512,33.245261],[-94.278326,33.24447],[-94.277733,33.24451],[-94.276594,33.246018],[-94.277377,33.248132],[-94.276172,33.248544],[-94.274556,33.248244],[-94.274231,33.247349],[-94.274308,33.246906],[-94.275791,33.245631],[-94.275792,33.244712],[-94.275563,33.244438],[-94.274435,33.244146],[-94.273383,33.243518],[-94.272819,33.243589],[-94.271623,33.244678],[-94.270351,33.244324],[-94.269778,33.244453],[-94.269174,33.245323],[-94.269308,33.245671],[-94.270665,33.246679],[-94.270607,33.247131],[-94.270349,33.247268],[-94.269288,33.246977],[-94.267663,33.245856],[-94.267558,33.245258],[-94.267951,33.244315],[-94.267531,33.24371],[-94.266747,33.243862],[-94.265741,33.245444],[-94.264355,33.245347],[-94.263771,33.24483],[-94.263658,33.242491],[-94.264051,33.241951],[-94.265428,33.24154],[-94.265563,33.240709],[-94.265066,33.240378],[-94.264311,33.240313],[-94.262445,33.241909],[-94.259356,33.242303],[-94.259557,33.241691],[-94.260839,33.240513],[-94.260907,33.240046],[-94.260516,33.239191],[-94.258948,33.238802],[-94.258872,33.238433],[-94.25981,33.237755],[-94.259628,33.237127],[-94.259313,33.237046],[-94.2585,33.237167],[-94.257955,33.237682],[-94.257512,33.239908],[-94.256459,33.24169],[-94.253971,33.242956],[-94.251695,33.243406],[-94.250653,33.243302],[-94.250702,33.242085],[-94.250549,33.241867],[-94.249781,33.241774],[-94.246757,33.24268],[-94.243659,33.24263],[-94.240598,33.24299],[-94.238883,33.242328],[-94.237789,33.240645],[-94.236368,33.24053],[-94.235156,33.241311],[-94.234383,33.241422],[-94.233097,33.240882],[-94.234354,33.236967],[-94.233295,33.236749],[-94.233049,33.236336],[-94.231468,33.235398],[-94.231522,33.2351],[-94.232448,33.234274],[-94.232665,33.232143],[-94.23122,33.230587],[-94.230347,33.230358],[-94.227922,33.23068],[-94.228059,33.232742],[-94.229041,33.233887],[-94.229014,33.234527],[-94.227162,33.236705],[-94.227189,33.237094],[-94.228188,33.238352],[-94.229453,33.239499],[-94.230107,33.239797],[-94.230598,33.240415],[-94.230598,33.241079],[-94.230353,33.2414],[-94.229291,33.242224],[-94.228909,33.242224],[-94.227028,33.24163],[-94.227028,33.241424],[-94.228036,33.240989],[-94.228036,33.240713],[-94.226155,33.240142],[-94.226318,33.23989],[-94.227599,33.240049],[-94.227463,33.2395],[-94.228063,33.239843],[-94.228417,33.239797],[-94.22839,33.239476],[-94.226535,33.237851],[-94.224545,33.237004],[-94.224163,33.23705],[-94.223782,33.23769],[-94.222634,33.238402],[-94.222982,33.22607],[-94.228492,33.22609],[-94.228581,33.224216],[-94.240714,33.224508],[-94.240691,33.228688],[-94.245644,33.228935],[-94.246101,33.229266],[-94.246585,33.229272],[-94.246918,33.226965],[-94.24599,33.221726],[-94.246269,33.220096],[-94.247507,33.217129],[-94.247661,33.213791],[-94.247502,33.208292],[-94.247065,33.207029],[-94.246168,33.205793],[-94.247307,33.205337],[-94.247817,33.204892],[-94.249092,33.202058],[-94.251281,33.199219],[-94.251613,33.196417],[-94.252024,33.195602],[-94.255361,33.192377],[-94.255588,33.191243],[-94.254587,33.188536],[-94.255299,33.185915],[-94.256093,33.185263],[-94.264678,33.185285],[-94.277178,33.184863],[-94.284192,33.185296],[-94.283979,33.181234],[-94.284122,33.178824],[-94.285427,33.174935],[-94.28867,33.170416],[-94.293877,33.1665],[-94.295649,33.164429],[-94.295472,33.164226],[-94.296902,33.16102],[-94.300071,33.154702],[-94.299701,33.153084],[-94.298457,33.151138],[-94.297186,33.148435],[-94.29906,33.145102],[-94.30086,33.143],[-94.308341,33.141846],[-94.310703,33.141258],[-94.312178,33.140651],[-94.312879,33.14109],[-94.314642,33.141277],[-94.31719,33.142626],[-94.31964,33.145849],[-94.321056,33.147315],[-94.323289,33.14734],[-94.328264,33.149067],[-94.339657,33.149679],[-94.34536,33.149492],[-94.345768,33.128888],[-94.34942,33.128881],[-94.349418,33.126409],[-94.342007,33.126423],[-94.34093,33.125503],[-94.340397,33.124446],[-94.344824,33.123376],[-94.360053,33.123136],[-94.363298,33.123305],[-94.370975,33.123218],[-94.376661,33.122734],[-94.378514,33.123046],[-94.381988,33.124685],[-94.384076,33.124992],[-94.390687,33.123483],[-94.394343,33.120818],[-94.396802,33.119843],[-94.416972,33.118088],[-94.416814,33.118921],[-94.416358,33.119179],[-94.416362,33.120295],[-94.417722,33.121966],[-94.418161,33.12213],[-94.420914,33.122106],[-94.421549,33.122545],[-94.421349,33.125178],[-94.422138,33.126177],[-94.422496,33.127598],[-94.423146,33.128726],[-94.423455,33.130398],[-94.422802,33.133013],[-94.423187,33.134253],[-94.424728,33.135855],[-94.42795,33.137833],[-94.430965,33.140389],[-94.430961,33.150252],[-94.43067,33.150846],[-94.428865,33.150875],[-94.428644,33.15616],[-94.426092,33.1575],[-94.423996,33.158133],[-94.421547,33.161257],[-94.418708,33.163649],[-94.41835,33.165129],[-94.418342,33.168973],[-94.41594,33.171242],[-94.415653,33.173613],[-94.415591,33.178795],[-94.41521,33.179221],[-94.414445,33.17913],[-94.414591,33.179737],[-94.415611,33.180722],[-94.415759,33.181207],[-94.415624,33.1881],[-94.415341,33.188758],[-94.417768,33.189746],[-94.417284,33.190807],[-94.417531,33.191882],[-94.41832,33.193796],[-94.422136,33.200372],[-94.422834,33.203438],[-94.422863,33.20476],[-94.419085,33.21291],[-94.414552,33.216113],[-94.41331,33.217523],[-94.413119,33.21898],[-94.412563,33.220562],[-94.412642,33.231983],[-94.412866,33.233735],[-94.412586,33.237662],[-94.409619,33.242548],[-94.407646,33.244014],[-94.405138,33.24673],[-94.404116,33.248393],[-94.404136,33.251311],[-94.403395,33.253805],[-94.403324,33.256287],[-94.402639,33.25853],[-94.402234,33.26934],[-94.401748,33.269333],[-94.398741,33.270643],[-94.397753,33.270606],[-94.397136,33.2701],[-94.397409,33.269137]]]}},{"type":"Feature","properties":{"PRECINCT":"12","VTD":"0012"},"geometry":{"type":"Polygon","coordinates":[[[-94.147838,33.30147],[-94.146001,33.301536],[-94.144869,33.30096],[-94.144094,33.299023],[-94.141717,33.296751],[-94.140176,33.294049],[-94.138879,33.293729],[-94.134482,33.293525],[-94.130474,33.292608],[-94.127749,33.292945],[-94.12507,33.292909],[-94.120492,33.292465],[-94.118585,33.293633],[-94.118264,33.294128],[-94.118463,33.294679],[-94.119119,33.295105],[-94.120492,33.294969],[-94.122125,33.295273],[-94.124291,33.29676],[-94.124612,33.29818],[-94.123773,33.298698],[-94.122384,33.298851],[-94.117745,33.300285],[-94.116815,33.300452],[-94.115899,33.300171],[-94.115701,33.299728],[-94.117547,33.296937],[-94.11741,33.296104],[-94.116235,33.294457],[-94.115639,33.294061],[-94.114525,33.294052],[-94.113731,33.294289],[-94.113472,33.294564],[-94.113472,33.296388],[-94.112358,33.298485],[-94.112893,33.29898],[-94.114663,33.29969],[-94.114984,33.301155],[-94.115899,33.303168],[-94.116097,33.304642],[-94.115914,33.305145],[-94.11506,33.305298],[-94.112039,33.304871],[-94.111062,33.304367],[-94.109413,33.302269],[-94.108696,33.302276],[-94.108101,33.302872],[-94.107841,33.303558],[-94.108116,33.304146],[-94.109032,33.304871],[-94.111383,33.307564],[-94.111459,33.308403],[-94.111199,33.30912],[-94.11007,33.309424],[-94.109033,33.308844],[-94.108438,33.308104],[-94.107201,33.307297],[-94.106071,33.306862],[-94.104576,33.306632],[-94.103325,33.305861],[-94.103325,33.305084],[-94.103844,33.304198],[-94.103783,33.303589],[-94.102531,33.301965],[-94.10038,33.297891],[-94.09919,33.297981],[-94.098412,33.298585],[-94.097816,33.299974],[-94.097694,33.300683],[-94.098015,33.301178],[-94.099525,33.30211],[-94.100121,33.303178],[-94.099983,33.30471],[-94.099525,33.305748],[-94.098869,33.306198],[-94.098015,33.306046],[-94.097359,33.305039],[-94.097237,33.304208],[-94.09481,33.299706],[-94.093758,33.298592],[-94.092903,33.298364],[-94.091667,33.298707],[-94.090553,33.299591],[-94.089958,33.300523],[-94.089958,33.30124],[-94.09127,33.303903],[-94.091209,33.304665],[-94.090752,33.305267],[-94.08976,33.305366],[-94.088646,33.305085],[-94.088127,33.304605],[-94.08773,33.303376],[-94.087074,33.302346],[-94.085899,33.301888],[-94.084785,33.302003],[-94.084328,33.302835],[-94.084129,33.304322],[-94.083336,33.304665],[-94.082619,33.304558],[-94.082161,33.303834],[-94.082161,33.302735],[-94.082756,33.302056],[-94.084389,33.301476],[-94.085442,33.297784],[-94.086021,33.297448],[-94.086937,33.297326],[-94.088646,33.297387],[-94.089104,33.297058],[-94.088982,33.296128],[-94.087929,33.29551],[-94.084983,33.294632],[-94.084189,33.294007],[-94.083732,33.293084],[-94.083274,33.292916],[-94.082297,33.293244],[-94.081565,33.294038],[-94.080649,33.296777],[-94.081702,33.29815],[-94.081641,33.298814],[-94.080848,33.299264],[-94.079993,33.299042],[-94.077903,33.297776],[-94.076926,33.296716],[-94.075873,33.294587],[-94.074225,33.292541],[-94.07331,33.292046],[-94.072593,33.292436],[-94.072333,33.293199],[-94.072928,33.295899],[-94.072074,33.29622],[-94.070563,33.296128],[-94.068854,33.294739],[-94.067817,33.294412],[-94.0671,33.294694],[-94.066703,33.29551],[-94.067283,33.296388],[-94.07154,33.299087],[-94.071677,33.299706],[-94.071418,33.300385],[-94.070365,33.300697],[-94.06919,33.300255],[-94.067939,33.299751],[-94.067023,33.298707],[-94.065192,33.297829],[-94.064216,33.297607],[-94.063559,33.297845],[-94.062507,33.299478],[-94.061591,33.299867],[-94.061072,33.299432],[-94.060477,33.297784],[-94.059623,33.297058],[-94.059028,33.297058],[-94.057395,33.298318],[-94.056739,33.298318],[-94.056144,33.298036],[-94.055503,33.296501],[-94.054388,33.295243],[-94.054052,33.294023],[-94.054449,33.293298],[-94.055349,33.293259],[-94.058188,33.294854],[-94.059028,33.294686],[-94.059363,33.294137],[-94.058646,33.292924],[-94.057334,33.292108],[-94.05596,33.291596],[-94.054968,33.291719],[-94.054113,33.291215],[-94.051046,33.287965],[-94.050848,33.287354],[-94.051107,33.286904],[-94.051962,33.286698],[-94.053991,33.287087],[-94.054846,33.286973],[-94.055563,33.286355],[-94.055624,33.285531],[-94.054586,33.285103],[-94.051565,33.284829],[-94.050787,33.284042],[-94.050192,33.281509],[-94.049017,33.27987],[-94.04888,33.278985],[-94.049017,33.278276],[-94.050588,33.277291],[-94.050711,33.276719],[-94.050329,33.276283],[-94.047903,33.275118],[-94.04685,33.274248],[-94.04653,33.272654],[-94.04297,33.271241],[-94.042863,33.19984],[-94.046813,33.199696],[-94.047597,33.199087],[-94.048231,33.197747],[-94.049523,33.197108],[-94.061535,33.19711],[-94.06225,33.196554],[-94.062633,33.195469],[-94.063982,33.195054],[-94.064112,33.197952],[-94.06554,33.197108],[-94.074269,33.196917],[-94.074499,33.197494],[-94.074454,33.20048],[-94.083774,33.200373],[-94.084038,33.200176],[-94.084317,33.198853],[-94.095743,33.200651],[-94.097202,33.201473],[-94.098547,33.203136],[-94.103105,33.203125],[-94.106492,33.203443],[-94.106755,33.203383],[-94.106845,33.201152],[-94.10725,33.200012],[-94.107788,33.199123],[-94.108927,33.198419],[-94.115679,33.19838],[-94.12183,33.197877],[-94.12644,33.195452],[-94.132804,33.195282],[-94.133546,33.194515],[-94.136386,33.194167],[-94.138655,33.193385],[-94.139819,33.193247],[-94.141498,33.193527],[-94.148033,33.187337],[-94.14864,33.18614],[-94.148886,33.183234],[-94.149272,33.182198],[-94.150338,33.180974],[-94.152437,33.179757],[-94.150145,33.194862],[-94.151995,33.210434],[-94.152577,33.218097],[-94.15377,33.218052],[-94.154848,33.217571],[-94.15787,33.217658],[-94.15955,33.21577],[-94.159983,33.215604],[-94.163217,33.216481],[-94.165057,33.216524],[-94.165307,33.217843],[-94.167711,33.218569],[-94.169666,33.21998],[-94.173761,33.222215],[-94.178154,33.221625],[-94.179432,33.221663],[-94.18122,33.224691],[-94.182083,33.226794],[-94.184475,33.228527],[-94.185986,33.229931],[-94.187968,33.230497],[-94.189517,33.231392],[-94.190228,33.23272],[-94.189935,33.235019],[-94.193505,33.23724],[-94.202274,33.237164],[-94.205825,33.237589],[-94.20712,33.239758],[-94.208962,33.240831],[-94.211037,33.241065],[-94.211258,33.241614],[-94.21128,33.246719],[-94.211795,33.24732],[-94.214963,33.247483],[-94.218101,33.246995],[-94.218814,33.246501],[-94.219469,33.245117],[-94.220396,33.244031],[-94.222032,33.243707],[-94.224228,33.245146],[-94.225003,33.247162],[-94.224702,33.249825],[-94.192667,33.275306],[-94.191117,33.27968],[-94.196711,33.298561],[-94.19601,33.298561],[-94.192531,33.297722],[-94.191615,33.297683],[-94.19102,33.297897],[-94.191081,33.298706],[-94.193446,33.300528],[-94.193584,33.301192],[-94.191478,33.302352],[-94.191218,33.302788],[-94.191676,33.303856],[-94.191539,33.30397],[-94.190425,33.303795],[-94.189571,33.302467],[-94.187877,33.301537],[-94.185435,33.302582],[-94.185512,33.302956],[-94.186885,33.304176],[-94.187282,33.305008],[-94.186946,33.305495],[-94.185512,33.305542],[-94.184856,33.305343],[-94.184398,33.305061],[-94.184001,33.304298],[-94.182948,33.30368],[-94.182628,33.303848],[-94.18249,33.305168],[-94.181773,33.305672],[-94.180919,33.305672],[-94.179729,33.304451],[-94.17921,33.304459],[-94.178157,33.305069],[-94.177562,33.305099],[-94.174876,33.304298],[-94.174739,33.303642],[-94.175136,33.302193],[-94.174678,33.301529],[-94.173625,33.301254],[-94.172908,33.301475],[-94.172588,33.301811],[-94.171733,33.303841],[-94.16917,33.306389],[-94.167262,33.310195],[-94.166347,33.311241],[-94.165492,33.311798],[-94.164377,33.312057],[-94.162867,33.311676],[-94.161951,33.309578],[-94.161417,33.309029],[-94.15925,33.30809],[-94.155314,33.307364],[-94.154795,33.306824],[-94.1542,33.305435],[-94.153166,33.304885],[-94.151129,33.304296],[-94.149274,33.302197],[-94.147838,33.30147]]]}},{"type":"Feature","properties":{"PRECINCT":"14","VTD":"0014"},"geometry":{"type":"Polygon","coordinates":[[[-94.198833,33.298423],[-94.196671,33.298468],[-94.191117,33.27968],[-94.192667,33.275306],[-94.224702,33.249825],[-94.225003,33.247162],[-94.224228,33.245146],[-94.222032,33.243707],[-94.220396,33.244031],[-94.219469,33.245117],[-94.218814,33.246501],[-94.218101,33.246995],[-94.214963,33.247483],[-94.211795,33.24732],[-94.21128,33.246719],[-94.211258,33.241614],[-94.211037,33.241065],[-94.208962,33.240831],[-94.20712,33.239758],[-94.205825,33.237589],[-94.202274,33.237164],[-94.193505,33.23724],[-94.189935,33.235019],[-94.190228,33.23272],[-94.189517,33.231392],[-94.187968,33.230497],[-94.185986,33.229931],[-94.184475,33.228527],[-94.182083,33.226794],[-94.18122,33.224691],[-94.179432,33.221663],[-94.178154,33.221625],[-94.173761,33.222215],[-94.169666,33.21998],[-94.167711,33.218569],[-94.165307,33.217843],[-94.165057,33.216524],[-94.163217,33.216481],[-94.159983,33.215604],[-94.15955,33.21577],[-94.15787,33.217658],[-94.154848,33.217571],[-94.15377,33.218052],[-94.152577,33.218097],[-94.151995,33.210434],[-94.150145,33.194862],[-94.152437,33.179757],[-94.150338,33.180974],[-94.149272,33.182198],[-94.148886,33.183234],[-94.14864,33.18614],[-94.148033,33.187337],[-94.141498,33.193527],[-94.139819,33.193247],[-94.138655,33.193385],[-94.136386,33.194167],[-94.133546,33.194515],[-94.132804,33.195282],[-94.12644,33.195452],[-94.12183,33.197877],[-94.115679,33.19838],[-94.108927,33.198419],[-94.107788,33.199123],[-94.10725,33.200012],[-94.106845,33.201152],[-94.106755,33.203383],[-94.106492,33.203443],[-94.103105,33.203125],[-94.098547,33.203136],[-94.097202,33.201473],[-94.095743,33.200651],[-94.084317,33.198853],[-94.084038,33.200176],[-94.083774,33.200373],[-94.074454,33.20048],[-94.074499,33.197494],[-94.074269,33.196917],[-94.06554,33.197108],[-94.064112,33.197952],[-94.063982,33.195054],[-94.062633,33.195469],[-94.06225,33.196554],[-94.061535,33.19711],[-94.049523,33.197108],[-94.048231,33.197747],[-94.047597,33.199087],[-94.046813,33.199696],[-94.04302,33.199835],[-94.043015,33.143594],[-94.050344,33.143639],[-94.050352,33.14508],[-94.055307,33.145012],[-94.055249,33.146737],[-94.056904,33.147323],[-94.05747,33.14783],[-94.059077,33.148502],[-94.059248,33.149489],[-94.05987,33.145061],[-94.083576,33.144879],[-94.09129,33.144567],[-94.099417,33.142073],[-94.100022,33.141513],[-94.101604,33.138669],[-94.105729,33.138678],[-94.109885,33.137949],[-94.117005,33.137625],[-94.121044,33.137006],[-94.125744,33.137667],[-94.125899,33.135139],[-94.123227,33.135027],[-94.123627,33.127598],[-94.128106,33.127567],[-94.12902,33.127325],[-94.137314,33.127349],[-94.137409,33.127952],[-94.13653,33.129517],[-94.136559,33.130001],[-94.138488,33.132359],[-94.137587,33.134461],[-94.13774,33.134883],[-94.139325,33.135655],[-94.142868,33.135665],[-94.145559,33.134428],[-94.1456,33.133378],[-94.148872,33.133631],[-94.152264,33.131126],[-94.153221,33.130654],[-94.156182,33.130724],[-94.156695,33.130435],[-94.15619,33.131563],[-94.156461,33.13239],[-94.160166,33.132492],[-94.160267,33.135112],[-94.163291,33.135016],[-94.163058,33.137275],[-94.162401,33.139809],[-94.158995,33.14486],[-94.161773,33.144973],[-94.186141,33.144337],[-94.18805,33.144517],[-94.189212,33.144928],[-94.190124,33.145539],[-94.195572,33.150458],[-94.19755,33.151577],[-94.20208,33.152583],[-94.21682,33.152808],[-94.218927,33.153377],[-94.22088,33.154784],[-94.222988,33.157684],[-94.221879,33.159443],[-94.219934,33.159303],[-94.219362,33.159509],[-94.218899,33.159875],[-94.218301,33.161136],[-94.21713,33.16164],[-94.217429,33.162007],[-94.217375,33.162808],[-94.218035,33.165439],[-94.20915,33.178721],[-94.211077,33.178727],[-94.21088,33.18442],[-94.214019,33.184748],[-94.215839,33.18546],[-94.217651,33.186568],[-94.220366,33.187522],[-94.22259,33.188639],[-94.225285,33.1894],[-94.226654,33.189549],[-94.226365,33.190983],[-94.22511,33.192951],[-94.223716,33.193492],[-94.223243,33.193987],[-94.222269,33.196891],[-94.222179,33.199966],[-94.226351,33.199975],[-94.227671,33.200291],[-94.234629,33.204389],[-94.237401,33.205363],[-94.240173,33.205671],[-94.246168,33.205793],[-94.247065,33.207029],[-94.247502,33.208292],[-94.247628,33.216518],[-94.246269,33.220096],[-94.24599,33.221726],[-94.246918,33.226965],[-94.246585,33.229272],[-94.246101,33.229266],[-94.245644,33.228935],[-94.240691,33.228688],[-94.240714,33.224508],[-94.228581,33.224216],[-94.228492,33.22609],[-94.222982,33.22607],[-94.222634,33.238402],[-94.223782,33.23769],[-94.224163,33.23705],[-94.224545,33.237004],[-94.226535,33.237851],[-94.22839,33.239476],[-94.228417,33.239797],[-94.228063,33.239843],[-94.227463,33.2395],[-94.227599,33.240049],[-94.226182,33.239958],[-94.226427,33.240256],[-94.2276,33.240439],[-94.228036,33.240713],[-94.228036,33.240989],[-94.227028,33.241424],[-94.227219,33.241791],[-94.229291,33.242224],[-94.230598,33.241079],[-94.230598,33.240415],[-94.230107,33.239797],[-94.229453,33.239499],[-94.228253,33.238422],[-94.227189,33.237094],[-94.227162,33.236705],[-94.229014,33.234527],[-94.229041,33.233887],[-94.228059,33.232742],[-94.227922,33.23068],[-94.230347,33.230358],[-94.23122,33.230587],[-94.232665,33.232143],[-94.232448,33.234274],[-94.231522,33.2351],[-94.231468,33.235398],[-94.233049,33.236336],[-94.233295,33.236749],[-94.234354,33.236967],[-94.233097,33.240882],[-94.231743,33.240857],[-94.231333,33.241073],[-94.229365,33.243028],[-94.229317,33.243358],[-94.229621,33.243777],[-94.231356,33.244036],[-94.232528,33.244737],[-94.234492,33.244594],[-94.23495,33.244819],[-94.234986,33.245995],[-94.234527,33.246662],[-94.233134,33.246654],[-94.232838,33.246991],[-94.232712,33.248207],[-94.23156,33.247135],[-94.230969,33.246957],[-94.229987,33.247028],[-94.229519,33.247842],[-94.231337,33.249429],[-94.231945,33.251266],[-94.23338,33.251877],[-94.231884,33.253135],[-94.231747,33.253532],[-94.232006,33.254021],[-94.232662,33.254416],[-94.233196,33.254288],[-94.234509,33.253242],[-94.235027,33.253197],[-94.236996,33.254181],[-94.237255,33.254623],[-94.237255,33.255074],[-94.236065,33.255958],[-94.236019,33.256225],[-94.236279,33.256614],[-94.237652,33.256957],[-94.237393,33.25772],[-94.237072,33.257942],[-94.236736,33.25788],[-94.235287,33.256943],[-94.234173,33.256659],[-94.233196,33.257225],[-94.233196,33.25772],[-94.233593,33.25811],[-94.234112,33.258148],[-94.234768,33.258536],[-94.235943,33.258438],[-94.237454,33.258713],[-94.239163,33.25827],[-94.239422,33.25853],[-94.239086,33.259574],[-94.236996,33.261856],[-94.23666,33.263618],[-94.234646,33.266098],[-94.232739,33.269913],[-94.233135,33.270683],[-94.234509,33.270851],[-94.234966,33.271186],[-94.235043,33.271628],[-94.234387,33.272881],[-94.234631,33.273148],[-94.234997,33.273338],[-94.237179,33.273086],[-94.238125,33.273331],[-94.240017,33.273384],[-94.240353,33.27404],[-94.240215,33.274428],[-94.239697,33.274658],[-94.238247,33.276199],[-94.236157,33.276359],[-94.233334,33.276199],[-94.23222,33.276587],[-94.232159,33.277039],[-94.232479,33.277565],[-94.232357,33.278084],[-94.230312,33.279525],[-94.229138,33.279297],[-94.22842,33.278503],[-94.228283,33.277572],[-94.227108,33.277092],[-94.224606,33.277191],[-94.223293,33.27758],[-94.223095,33.27803],[-94.223232,33.278412],[-94.224087,33.279083],[-94.225201,33.281837],[-94.224743,33.282532],[-94.22369,33.28315],[-94.222515,33.284309],[-94.220669,33.28508],[-94.22041,33.285697],[-94.220745,33.287415],[-94.220486,33.287567],[-94.219235,33.287292],[-94.218899,33.285645],[-94.217724,33.284636],[-94.216274,33.284531],[-94.215756,33.284805],[-94.215099,33.286803],[-94.215237,33.287079],[-94.217724,33.287415],[-94.218319,33.287804],[-94.218578,33.288444],[-94.217861,33.290152],[-94.21864,33.290985],[-94.218578,33.291702],[-94.217404,33.292648],[-94.217983,33.29486],[-94.218777,33.296402],[-94.218517,33.296936],[-94.217861,33.297066],[-94.216091,33.296844],[-94.214642,33.296188],[-94.213665,33.296059],[-94.21162,33.296936],[-94.208477,33.297119],[-94.207104,33.297783],[-94.20657,33.297728],[-94.205792,33.296883],[-94.2048,33.296883],[-94.203625,33.297553],[-94.203228,33.298102],[-94.203289,33.298882],[-94.203701,33.299492],[-94.203365,33.300323],[-94.20277,33.300659],[-94.199885,33.30104],[-94.199031,33.301079],[-94.198573,33.300766],[-94.199351,33.299103],[-94.198833,33.298423]]]}},{"type":"Feature","properties":{"PRECINCT":"15","VTD":"0015"},"geometry":{"type":"Polygon","coordinates":[[[-94.288713,33.155662],[-94.286506,33.155478],[-94.277332,33.149914],[-94.270387,33.147064],[-94.268331,33.146582],[-94.258274,33.14548],[-94.256571,33.144852],[-94.255282,33.143977],[-94.244751,33.132677],[-94.243015,33.131586],[-94.242998,33.132655],[-94.241813,33.132497],[-94.241841,33.131051],[-94.237001,33.128904],[-94.235213,33.128343],[-94.233379,33.128129],[-94.216187,33.128275],[-94.212259,33.127398],[-94.210081,33.126643],[-94.207806,33.125189],[-94.203682,33.120004],[-94.194503,33.111781],[-94.192113,33.109842],[-94.190653,33.109363],[-94.190192,33.108902],[-94.212417,33.101763],[-94.213041,33.108041],[-94.213373,33.109142],[-94.213349,33.111231],[-94.219368,33.110871],[-94.227351,33.109861],[-94.230546,33.109831],[-94.230771,33.108738],[-94.230553,33.10752],[-94.235483,33.107439],[-94.235592,33.105725],[-94.235921,33.10539],[-94.250253,33.1054],[-94.250827,33.104163],[-94.252277,33.104186],[-94.252791,33.105539],[-94.253198,33.105173],[-94.253551,33.105471],[-94.254367,33.105241],[-94.254692,33.10593],[-94.255996,33.106481],[-94.25722,33.107489],[-94.257438,33.107764],[-94.257355,33.109299],[-94.257028,33.110261],[-94.257409,33.111199],[-94.262253,33.114088],[-94.263069,33.115347],[-94.264403,33.115944],[-94.264838,33.115921],[-94.265573,33.115417],[-94.265927,33.115623],[-94.266472,33.115349],[-94.267234,33.115533],[-94.267942,33.115212],[-94.267996,33.115899],[-94.268513,33.115693],[-94.268513,33.116151],[-94.26922,33.116242],[-94.269329,33.116656],[-94.27001,33.116473],[-94.270472,33.116748],[-94.269928,33.117641],[-94.27042,33.11805],[-94.273883,33.116577],[-94.280938,33.115223],[-94.285041,33.115164],[-94.287786,33.115424],[-94.288419,33.115803],[-94.291669,33.119822],[-94.294161,33.121276],[-94.295866,33.124096],[-94.296818,33.124566],[-94.340397,33.124446],[-94.34093,33.125503],[-94.342007,33.126423],[-94.349418,33.126409],[-94.34942,33.128881],[-94.345768,33.128888],[-94.34536,33.149492],[-94.339657,33.149679],[-94.328264,33.149067],[-94.323289,33.14734],[-94.321056,33.147315],[-94.31964,33.145849],[-94.31719,33.142626],[-94.314642,33.141277],[-94.312879,33.14109],[-94.312178,33.140651],[-94.310703,33.141258],[-94.308341,33.141846],[-94.30104,33.14293],[-94.300246,33.143498],[-94.299511,33.144439],[-94.298024,33.146659],[-94.297186,33.148435],[-94.298457,33.151138],[-94.299701,33.153084],[-94.300148,33.154384],[-94.295472,33.164226],[-94.290105,33.158099],[-94.288899,33.15702],[-94.288713,33.155662]]]}},{"type":"Feature","properties":{"PRECINCT":"16","VTD":"0016"},"geometry":{"type":"Polygon","coordinates":[[[-94.056904,33.147323],[-94.055249,33.146737],[-94.055307,33.145012],[-94.050352,33.14508],[-94.050344,33.143639],[-94.042965,33.143595],[-94.043065,33.07941],[-94.046634,33.077987],[-94.049166,33.078518],[-94.049347,33.079327],[-94.048829,33.080083],[-94.049973,33.079785],[-94.050136,33.079922],[-94.049809,33.080723],[-94.049809,33.080999],[-94.050217,33.081114],[-94.049972,33.081663],[-94.050762,33.081685],[-94.050571,33.082327],[-94.05008,33.082808],[-94.05008,33.083107],[-94.050461,33.083336],[-94.051413,33.083678],[-94.053671,33.083702],[-94.055059,33.082877],[-94.057345,33.083564],[-94.059357,33.083357],[-94.05963,33.083678],[-94.063524,33.084229],[-94.063879,33.085397],[-94.064587,33.08597],[-94.066439,33.086565],[-94.066738,33.086863],[-94.066575,33.087825],[-94.067473,33.08794],[-94.067228,33.08865],[-94.067936,33.08945],[-94.067881,33.09055],[-94.066875,33.092154],[-94.066984,33.093895],[-94.067365,33.094789],[-94.068317,33.095705],[-94.071311,33.097423],[-94.073244,33.09882],[-94.076266,33.100057],[-94.076403,33.100606],[-94.076757,33.10079],[-94.076785,33.10143],[-94.077329,33.102027],[-94.077247,33.102897],[-94.077656,33.103057],[-94.077166,33.103515],[-94.077683,33.103789],[-94.077357,33.104225],[-94.077712,33.104453],[-94.077112,33.10521],[-94.077112,33.105531],[-94.077684,33.105531],[-94.077847,33.105759],[-94.07763,33.106378],[-94.078229,33.106768],[-94.077793,33.107777],[-94.08114,33.108784],[-94.081875,33.109518],[-94.082039,33.110732],[-94.081059,33.112243],[-94.08223,33.112839],[-94.083029,33.112972],[-94.084011,33.11262],[-94.085093,33.113104],[-94.086083,33.112727],[-94.086577,33.112361],[-94.086326,33.112097],[-94.086669,33.11195],[-94.086996,33.1111],[-94.087436,33.111219],[-94.087995,33.110674],[-94.088037,33.109955],[-94.088541,33.109647],[-94.088914,33.109772],[-94.089351,33.109367],[-94.090302,33.109007],[-94.090857,33.109026],[-94.091369,33.10866],[-94.092178,33.107408],[-94.09311,33.107519],[-94.093074,33.114775],[-94.094174,33.117911],[-94.094601,33.11833],[-94.095958,33.118904],[-94.09947,33.119019],[-94.100155,33.120032],[-94.100194,33.121281],[-94.099813,33.1221],[-94.099178,33.12232],[-94.096307,33.122436],[-94.09475,33.124116],[-94.093398,33.127681],[-94.091556,33.130187],[-94.090673,33.132752],[-94.090221,33.135408],[-94.092917,33.137304],[-94.095613,33.138568],[-94.101604,33.138669],[-94.100022,33.141513],[-94.099417,33.142073],[-94.090599,33.144682],[-94.05987,33.145061],[-94.059248,33.149489],[-94.059077,33.148502],[-94.05747,33.14783],[-94.056904,33.147323]]]}},{"type":"Feature","properties":{"PRECINCT":"17","VTD":"0017"},"geometry":{"type":"Polygon","coordinates":[[[-94.093527,33.137661],[-94.090221,33.135408],[-94.090673,33.132752],[-94.091556,33.130187],[-94.093398,33.127681],[-94.09475,33.124116],[-94.096083,33.122537],[-94.099697,33.122172],[-94.100194,33.121281],[-94.100081,33.119771],[-94.09947,33.119019],[-94.095958,33.118904],[-94.094601,33.11833],[-94.094174,33.117911],[-94.093074,33.114775],[-94.09311,33.107519],[-94.094103,33.107595],[-94.095798,33.107053],[-94.097369,33.107014],[-94.116146,33.107082],[-94.115936,33.105638],[-94.116407,33.104714],[-94.116124,33.104095],[-94.114732,33.102393],[-94.113445,33.101795],[-94.112073,33.099091],[-94.112067,33.096145],[-94.112482,33.094285],[-94.113321,33.092781],[-94.113528,33.091254],[-94.110541,33.087643],[-94.110205,33.086427],[-94.109734,33.086076],[-94.108833,33.085872],[-94.108592,33.085501],[-94.109028,33.084629],[-94.108756,33.084356],[-94.107178,33.083852],[-94.105682,33.082136],[-94.105605,33.080103],[-94.106225,33.077233],[-94.104891,33.075104],[-94.105134,33.073659],[-94.104725,33.072674],[-94.105188,33.072125],[-94.105078,33.071621],[-94.106165,33.070887],[-94.106165,33.070498],[-94.105594,33.070107],[-94.105593,33.069581],[-94.105158,33.069238],[-94.105565,33.068551],[-94.105101,33.06729],[-94.105564,33.066992],[-94.105428,33.066512],[-94.105971,33.065824],[-94.10431,33.064588],[-94.104282,33.063533],[-94.102295,33.062229],[-94.102322,33.061541],[-94.101478,33.060426],[-94.101287,33.05963],[-94.101858,33.058605],[-94.103162,33.058017],[-94.102863,33.057267],[-94.102917,33.056402],[-94.102073,33.05547],[-94.101284,33.055154],[-94.100195,33.054291],[-94.100274,33.04919],[-94.1006,33.048637],[-94.101062,33.048429],[-94.103429,33.048235],[-94.104761,33.047449],[-94.105714,33.046456],[-94.105658,33.043442],[-94.10416,33.040657],[-94.104242,33.039897],[-94.103942,33.039113],[-94.105248,33.037777],[-94.10571,33.037636],[-94.107288,33.037768],[-94.108266,33.036684],[-94.110839,33.03606],[-94.111542,33.036382],[-94.112084,33.036312],[-94.112597,33.036769],[-94.11295,33.036769],[-94.113815,33.03624],[-94.114139,33.036287],[-94.114137,33.036766],[-94.114597,33.037019],[-94.114458,33.037706],[-94.115649,33.038209],[-94.115645,33.039032],[-94.119191,33.039647],[-94.120652,33.039254],[-94.121244,33.038178],[-94.124087,33.037923],[-94.125088,33.03736],[-94.126291,33.037343],[-94.126685,33.035952],[-94.127566,33.036261],[-94.129028,33.038586],[-94.129422,33.038688],[-94.142151,33.038713],[-94.143871,33.038595],[-94.144642,33.037896],[-94.146318,33.037781],[-94.146854,33.037553],[-94.153906,33.037283],[-94.165263,33.037253],[-94.167432,33.034681],[-94.169046,33.033597],[-94.169778,33.031899],[-94.170611,33.031594],[-94.171741,33.031561],[-94.180521,33.031715],[-94.18286,33.033519],[-94.186887,33.0349],[-94.187718,33.035302],[-94.187876,33.035612],[-94.190111,33.035345],[-94.195467,33.035516],[-94.198347,33.034578],[-94.201811,33.034489],[-94.203387,33.035542],[-94.206456,33.036351],[-94.21405,33.036426],[-94.215322,33.036889],[-94.217791,33.037048],[-94.220259,33.038151],[-94.221684,33.038426],[-94.222652,33.038297],[-94.222637,33.043474],[-94.222902,33.044579],[-94.223799,33.046059],[-94.224909,33.047161],[-94.225543,33.048966],[-94.225951,33.049203],[-94.227426,33.049233],[-94.228327,33.051102],[-94.229338,33.051988],[-94.232327,33.053292],[-94.23395,33.053264],[-94.23737,33.054471],[-94.239326,33.054419],[-94.239932,33.05522],[-94.240633,33.057271],[-94.243138,33.060212],[-94.244321,33.060767],[-94.246786,33.060299],[-94.246831,33.062571],[-94.246314,33.063778],[-94.243297,33.067421],[-94.242291,33.068315],[-94.242237,33.06898],[-94.241095,33.070583],[-94.240715,33.071661],[-94.241044,33.074706],[-94.24167,33.075691],[-94.241371,33.076952],[-94.24167,33.07732],[-94.241562,33.079794],[-94.241943,33.080182],[-94.241752,33.081077],[-94.242405,33.081397],[-94.243357,33.081465],[-94.243702,33.08241],[-94.228874,33.093505],[-94.225538,33.096781],[-94.22382,33.097955],[-94.183398,33.111078],[-94.180784,33.118183],[-94.177623,33.118142],[-94.175222,33.117339],[-94.167421,33.1173],[-94.165021,33.116692],[-94.162305,33.122515],[-94.161862,33.123081],[-94.161044,33.123539],[-94.157037,33.128576],[-94.155826,33.130716],[-94.153221,33.130654],[-94.152264,33.131126],[-94.148872,33.133631],[-94.1456,33.133378],[-94.145559,33.134428],[-94.142868,33.135665],[-94.139325,33.135655],[-94.13774,33.134883],[-94.137587,33.134461],[-94.137765,33.133754],[-94.138296,33.133159],[-94.138488,33.132359],[-94.137094,33.130822],[-94.136559,33.130001],[-94.13653,33.129517],[-94.137409,33.127952],[-94.137314,33.127349],[-94.12902,33.127325],[-94.128106,33.127567],[-94.123627,33.127598],[-94.123227,33.135027],[-94.125899,33.135139],[-94.125744,33.137667],[-94.121044,33.137006],[-94.117005,33.137625],[-94.109885,33.137949],[-94.105729,33.138678],[-94.096106,33.138663],[-94.093527,33.137661]]]}},{"type":"Feature","properties":{"PRECINCT":"18","VTD":"0018"},"geometry":{"type":"Polygon","coordinates":[[[-94.085093,33.113104],[-94.084011,33.11262],[-94.083029,33.112972],[-94.081359,33.112473],[-94.081032,33.112038],[-94.081821,33.11135],[-94.082039,33.110732],[-94.081875,33.109518],[-94.08114,33.108784],[-94.077793,33.107777],[-94.078229,33.106768],[-94.07763,33.106378],[-94.077847,33.105759],[-94.077684,33.105531],[-94.077112,33.105531],[-94.077112,33.10521],[-94.077712,33.104453],[-94.077357,33.104225],[-94.077683,33.103789],[-94.077166,33.103515],[-94.077656,33.103057],[-94.077247,33.102897],[-94.077329,33.102027],[-94.076785,33.10143],[-94.076757,33.10079],[-94.076403,33.100606],[-94.076266,33.100057],[-94.073244,33.09882],[-94.071311,33.097423],[-94.068317,33.095705],[-94.067365,33.094789],[-94.066984,33.093895],[-94.066875,33.092154],[-94.067881,33.09055],[-94.067936,33.08945],[-94.067228,33.08865],[-94.067473,33.08794],[-94.066575,33.087825],[-94.066738,33.086863],[-94.066439,33.086565],[-94.064587,33.08597],[-94.063879,33.085397],[-94.063524,33.084229],[-94.05963,33.083678],[-94.059357,33.083357],[-94.057345,33.083564],[-94.055059,33.082877],[-94.053671,33.083702],[-94.051413,33.083678],[-94.050461,33.083336],[-94.05008,33.083107],[-94.05008,33.082808],[-94.050571,33.082327],[-94.050762,33.081685],[-94.049972,33.081663],[-94.050217,33.081114],[-94.049809,33.080999],[-94.049809,33.080723],[-94.050136,33.079922],[-94.049973,33.079785],[-94.048829,33.080083],[-94.049347,33.079327],[-94.049166,33.078518],[-94.046634,33.077987],[-94.043065,33.07941],[-94.042988,33.007908],[-94.044107,33.007641],[-94.046953,33.008241],[-94.05045,33.009653],[-94.050928,33.010741],[-94.051603,33.011376],[-94.054534,33.01196],[-94.057194,33.013239],[-94.058736,33.013537],[-94.060198,33.013385],[-94.062659,33.01256],[-94.066013,33.012211],[-94.066301,33.012323],[-94.066745,33.01343],[-94.067396,33.013841],[-94.067423,33.01446],[-94.067912,33.015031],[-94.068755,33.015078],[-94.068672,33.014342],[-94.068917,33.014229],[-94.070249,33.014685],[-94.071146,33.01457],[-94.070546,33.015715],[-94.070846,33.016402],[-94.071905,33.016973],[-94.074705,33.017636],[-94.075167,33.018712],[-94.076254,33.01878],[-94.076444,33.018481],[-94.076064,33.018183],[-94.076117,33.017977],[-94.077259,33.01816],[-94.078291,33.017699],[-94.080194,33.018226],[-94.080276,33.019095],[-94.081608,33.018363],[-94.082043,33.018501],[-94.08188,33.019416],[-94.08294,33.018982],[-94.084055,33.01921],[-94.084191,33.019599],[-94.085143,33.01992],[-94.085062,33.020539],[-94.085416,33.021684],[-94.08634,33.021661],[-94.086857,33.021867],[-94.086993,33.022486],[-94.087782,33.02228],[-94.088189,33.022486],[-94.088951,33.022463],[-94.089468,33.023035],[-94.090338,33.022989],[-94.090801,33.024318],[-94.091263,33.02418],[-94.091263,33.02347],[-94.091398,33.023172],[-94.091698,33.023195],[-94.09197,33.024157],[-94.092487,33.024431],[-94.092922,33.025188],[-94.093575,33.025463],[-94.094255,33.026218],[-94.095207,33.02608],[-94.096131,33.026699],[-94.097165,33.026516],[-94.097899,33.025759],[-94.098606,33.025759],[-94.098986,33.024911],[-94.100264,33.024613],[-94.100971,33.024155],[-94.101949,33.022986],[-94.103227,33.023009],[-94.103961,33.02216],[-94.104451,33.022205],[-94.105241,33.022916],[-94.105024,33.024383],[-94.10584,33.025894],[-94.106304,33.02791],[-94.105626,33.031942],[-94.105682,33.034827],[-94.106335,33.035469],[-94.10851,33.035308],[-94.108837,33.035559],[-94.108783,33.035972],[-94.108511,33.036614],[-94.107288,33.037768],[-94.10571,33.037636],[-94.105248,33.037777],[-94.104051,33.038838],[-94.10416,33.040657],[-94.105658,33.043442],[-94.105714,33.046456],[-94.104761,33.047449],[-94.103429,33.048235],[-94.101062,33.048429],[-94.1006,33.048637],[-94.100274,33.04919],[-94.100195,33.054291],[-94.101284,33.055154],[-94.102073,33.05547],[-94.102917,33.056402],[-94.102863,33.057267],[-94.103162,33.058017],[-94.101858,33.058605],[-94.101287,33.05963],[-94.101478,33.060426],[-94.102322,33.061541],[-94.102295,33.062229],[-94.104282,33.063533],[-94.10431,33.064588],[-94.105971,33.065824],[-94.105428,33.066512],[-94.105564,33.066992],[-94.105101,33.06729],[-94.105565,33.068551],[-94.105158,33.069238],[-94.105593,33.069581],[-94.105594,33.070107],[-94.106165,33.070498],[-94.106165,33.070887],[-94.105078,33.071621],[-94.105188,33.072125],[-94.104725,33.072674],[-94.105134,33.073659],[-94.104891,33.075104],[-94.106225,33.077233],[-94.105605,33.080103],[-94.105682,33.082136],[-94.107178,33.083852],[-94.108756,33.084356],[-94.109028,33.084629],[-94.108592,33.085501],[-94.108833,33.085872],[-94.109734,33.086076],[-94.110205,33.086427],[-94.110541,33.087643],[-94.113528,33.091254],[-94.113321,33.092781],[-94.112482,33.094285],[-94.112067,33.096145],[-94.112073,33.099091],[-94.113445,33.101795],[-94.114732,33.102393],[-94.116124,33.104095],[-94.116407,33.104714],[-94.115936,33.105638],[-94.116146,33.107082],[-94.097538,33.107011],[-94.095798,33.107053],[-94.094103,33.107595],[-94.092178,33.107408],[-94.091369,33.10866],[-94.090857,33.109026],[-94.090302,33.109007],[-94.089351,33.109367],[-94.088914,33.109772],[-94.088541,33.109647],[-94.088037,33.109955],[-94.087995,33.110674],[-94.087436,33.111219],[-94.086996,33.1111],[-94.086669,33.11195],[-94.086326,33.112097],[-94.086577,33.112361],[-94.086083,33.112727],[-94.085093,33.113104]]]}},{"type":"Feature","properties":{"PRECINCT":"19","VTD":"0019"},"geometry":{"type":"Polygon","coordinates":[[[-94.090315,32.988641],[-94.09046,32.977981],[-94.085859,32.977787],[-94.086002,32.961899],[-94.074943,32.961903],[-94.072101,32.964503],[-94.071171,32.964671],[-94.069694,32.964396],[-94.067987,32.963431],[-94.061976,32.965716],[-94.06097,32.966586],[-94.06021,32.966838],[-94.059557,32.966701],[-94.057981,32.965189],[-94.057084,32.964937],[-94.055318,32.964753],[-94.053579,32.965166],[-94.052682,32.96512],[-94.051459,32.964776],[-94.050671,32.964225],[-94.048769,32.964478],[-94.046214,32.964064],[-94.044421,32.964202],[-94.043469,32.964981],[-94.043089,32.965783],[-94.043078,32.881089],[-94.050464,32.880882],[-94.121414,32.880916],[-94.121094,32.881945],[-94.120107,32.883281],[-94.119269,32.885803],[-94.117002,32.886515],[-94.116492,32.886977],[-94.116557,32.887891],[-94.117364,32.889846],[-94.11738,32.891218],[-94.117763,32.891579],[-94.119797,32.89183],[-94.120783,32.892802],[-94.120788,32.893282],[-94.120306,32.893768],[-94.119361,32.894052],[-94.11752,32.894141],[-94.117174,32.894647],[-94.117235,32.895241],[-94.117814,32.896126],[-94.117267,32.898133],[-94.121692,32.903616],[-94.122864,32.905952],[-94.122376,32.906616],[-94.121425,32.906937],[-94.121127,32.907305],[-94.120422,32.908611],[-94.120503,32.910192],[-94.124444,32.912824],[-94.129019,32.914271],[-94.129643,32.914684],[-94.129751,32.915486],[-94.131218,32.915441],[-94.13396,32.916679],[-94.135454,32.917642],[-94.136377,32.917482],[-94.137056,32.917665],[-94.138658,32.919018],[-94.139527,32.920324],[-94.139962,32.920209],[-94.140424,32.919269],[-94.142733,32.920256],[-94.143574,32.92099],[-94.144742,32.920761],[-94.145259,32.920005],[-94.146345,32.920074],[-94.147132,32.921425],[-94.146235,32.922593],[-94.146534,32.92335],[-94.147838,32.923212],[-94.148408,32.923809],[-94.149521,32.924016],[-94.150743,32.925137],[-94.150689,32.926009],[-94.150906,32.926215],[-94.15259,32.926513],[-94.153459,32.927177],[-94.154545,32.927522],[-94.155007,32.928094],[-94.154762,32.929009],[-94.155224,32.929468],[-94.156283,32.929446],[-94.156283,32.930064],[-94.154924,32.931828],[-94.154217,32.932355],[-94.154163,32.932904],[-94.154597,32.933478],[-94.154108,32.93444],[-94.154787,32.935104],[-94.154841,32.936363],[-94.155194,32.936937],[-94.156253,32.937395],[-94.156171,32.938952],[-94.157311,32.941083],[-94.157067,32.942321],[-94.162065,32.944567],[-94.167418,32.946126],[-94.169379,32.946907],[-94.171205,32.948124],[-94.171722,32.948147],[-94.172431,32.947781],[-94.173003,32.94824],[-94.175782,32.948632],[-94.178426,32.95001],[-94.179734,32.949713],[-94.181613,32.949644],[-94.182622,32.949005],[-94.183629,32.949098],[-94.185182,32.948893],[-94.187363,32.947338],[-94.187881,32.947339],[-94.189431,32.947981],[-94.185626,32.955717],[-94.185377,32.957866],[-94.185702,32.95929],[-94.186672,32.960994],[-94.190611,32.964579],[-94.191882,32.966414],[-94.192055,32.966783],[-94.190383,32.96841],[-94.189229,32.968953],[-94.186627,32.969332],[-94.184897,32.968856],[-94.182884,32.969306],[-94.176108,32.969147],[-94.17542,32.968221],[-94.175338,32.965094],[-94.174491,32.964016],[-94.174163,32.962204],[-94.17293,32.961098],[-94.170879,32.962763],[-94.169522,32.963499],[-94.166828,32.964087],[-94.164855,32.965207],[-94.160508,32.96642],[-94.15953,32.96689],[-94.159448,32.973761],[-94.158892,32.974483],[-94.152572,32.978749],[-94.152319,32.979234],[-94.152326,32.981186],[-94.151545,32.978585],[-94.151525,32.974614],[-94.151296,32.973777],[-94.150148,32.971961],[-94.148498,32.971641],[-94.148493,32.969261],[-94.146008,32.96917],[-94.145731,32.968975],[-94.145933,32.960065],[-94.146116,32.959615],[-94.144635,32.950412],[-94.144162,32.949393],[-94.142023,32.948389],[-94.136227,32.948448],[-94.134236,32.94424],[-94.134098,32.94205],[-94.133594,32.941376],[-94.125046,32.941266],[-94.124496,32.944701],[-94.122346,32.949891],[-94.120585,32.952385],[-94.117564,32.955433],[-94.115356,32.958788],[-94.112562,32.962389],[-94.111706,32.963943],[-94.111508,32.965867],[-94.111924,32.969099],[-94.11258,32.970644],[-94.114127,32.972012],[-94.112095,32.974547],[-94.106062,32.97574],[-94.106089,32.976794],[-94.105057,32.978834],[-94.105357,32.979864],[-94.105928,32.980345],[-94.105956,32.981674],[-94.10506,32.984859],[-94.1043,32.985706],[-94.10275,32.985799],[-94.101772,32.986395],[-94.100468,32.988663],[-94.099857,32.989046],[-94.09813,32.987794],[-94.096445,32.987313],[-94.094569,32.987611],[-94.092802,32.987177],[-94.09234,32.987841],[-94.090315,32.988641]]]}},{"type":"Feature","properties":{"PRECINCT":"21","VTD":"0021"},"geometry":{"type":"Polygon","coordinates":[[[-94.117323,33.039237],[-94.115943,33.039215],[-94.115645,33.039032],[-94.115649,33.038209],[-94.114458,33.037706],[-94.114597,33.037019],[-94.114137,33.036766],[-94.114139,33.036287],[-94.113815,33.03624],[-94.11295,33.036769],[-94.112597,33.036769],[-94.112084,33.036312],[-94.111542,33.036382],[-94.110839,33.03606],[-94.108511,33.036614],[-94.108837,33.035559],[-94.10851,33.035308],[-94.106335,33.035469],[-94.105872,33.035148],[-94.105682,33.034827],[-94.105626,33.031942],[-94.106223,33.028666],[-94.106222,33.026947],[-94.105024,33.024383],[-94.105241,33.022916],[-94.104451,33.022205],[-94.103961,33.02216],[-94.103227,33.023009],[-94.101949,33.022986],[-94.100971,33.024155],[-94.100264,33.024613],[-94.098986,33.024911],[-94.098606,33.025759],[-94.097899,33.025759],[-94.097165,33.026516],[-94.096131,33.026699],[-94.095207,33.02608],[-94.094255,33.026218],[-94.093575,33.025463],[-94.092922,33.025188],[-94.092487,33.024431],[-94.09197,33.024157],[-94.091698,33.023195],[-94.091398,33.023172],[-94.091263,33.02347],[-94.091263,33.02418],[-94.090801,33.024318],[-94.090338,33.022989],[-94.089468,33.023035],[-94.088951,33.022463],[-94.088189,33.022486],[-94.087782,33.02228],[-94.086993,33.022486],[-94.086857,33.021867],[-94.08634,33.021661],[-94.085416,33.021684],[-94.085062,33.020539],[-94.085143,33.01992],[-94.084191,33.019599],[-94.084055,33.01921],[-94.08294,33.018982],[-94.08188,33.019416],[-94.082043,33.018501],[-94.081608,33.018363],[-94.080276,33.019095],[-94.080194,33.018226],[-94.078291,33.017699],[-94.077259,33.01816],[-94.076117,33.017977],[-94.076064,33.018183],[-94.076444,33.018481],[-94.076254,33.01878],[-94.075167,33.018712],[-94.074705,33.017636],[-94.071905,33.016973],[-94.070846,33.016402],[-94.070546,33.015715],[-94.071146,33.01457],[-94.070249,33.014685],[-94.068917,33.014229],[-94.068672,33.014342],[-94.068755,33.015078],[-94.067912,33.015031],[-94.067423,33.01446],[-94.067396,33.013841],[-94.066745,33.01343],[-94.066301,33.012323],[-94.066013,33.012211],[-94.062659,33.01256],[-94.060198,33.013385],[-94.058736,33.013537],[-94.057194,33.013239],[-94.054534,33.01196],[-94.051603,33.011376],[-94.050928,33.010741],[-94.05045,33.009653],[-94.046953,33.008241],[-94.044107,33.007641],[-94.042988,33.007908],[-94.043089,32.965783],[-94.043469,32.964981],[-94.044421,32.964202],[-94.046214,32.964064],[-94.048769,32.964478],[-94.050671,32.964225],[-94.051459,32.964776],[-94.052682,32.96512],[-94.053579,32.965166],[-94.055318,32.964753],[-94.057084,32.964937],[-94.057981,32.965189],[-94.059557,32.966701],[-94.06021,32.966838],[-94.06097,32.966586],[-94.061976,32.965716],[-94.067987,32.963431],[-94.069694,32.964396],[-94.071171,32.964671],[-94.072101,32.964503],[-94.074943,32.961903],[-94.086002,32.961899],[-94.085859,32.977787],[-94.09046,32.977981],[-94.090315,32.988641],[-94.09234,32.987841],[-94.092802,32.987177],[-94.094569,32.987611],[-94.096445,32.987313],[-94.09813,32.987794],[-94.099857,32.989046],[-94.100468,32.988663],[-94.101772,32.986395],[-94.10275,32.985799],[-94.1043,32.985706],[-94.10506,32.984859],[-94.105956,32.981674],[-94.105928,32.980345],[-94.105357,32.979864],[-94.105057,32.978834],[-94.106089,32.976794],[-94.106062,32.97574],[-94.112095,32.974547],[-94.114127,32.972012],[-94.11258,32.970644],[-94.111924,32.969099],[-94.111508,32.965867],[-94.111706,32.963943],[-94.112562,32.962389],[-94.115356,32.958788],[-94.117564,32.955433],[-94.120585,32.952385],[-94.122346,32.949891],[-94.124496,32.944701],[-94.125046,32.941266],[-94.133334,32.941325],[-94.133864,32.941552],[-94.134098,32.94205],[-94.134236,32.94424],[-94.136227,32.948448],[-94.142023,32.948389],[-94.144162,32.949393],[-94.144635,32.950412],[-94.146116,32.959615],[-94.145933,32.960065],[-94.145731,32.968975],[-94.146008,32.96917],[-94.148493,32.969261],[-94.148498,32.971641],[-94.150148,32.971961],[-94.151463,32.974139],[-94.151545,32.978585],[-94.152326,32.981186],[-94.152257,32.998798],[-94.152113,32.999167],[-94.150895,32.999541],[-94.150595,32.999948],[-94.150015,33.002127],[-94.150214,33.0032],[-94.150136,33.006144],[-94.149547,33.007446],[-94.152998,33.008612],[-94.153474,33.009397],[-94.153372,33.012513],[-94.152025,33.014291],[-94.15153,33.015451],[-94.151549,33.016281],[-94.152563,33.018262],[-94.151038,33.018835],[-94.153294,33.020808],[-94.15427,33.022768],[-94.154494,33.033648],[-94.15346,33.037326],[-94.152743,33.037439],[-94.146854,33.037553],[-94.146318,33.037781],[-94.144642,33.037896],[-94.144277,33.038398],[-94.143561,33.038655],[-94.129422,33.038688],[-94.129028,33.038586],[-94.127566,33.036261],[-94.126685,33.035952],[-94.126291,33.037343],[-94.125088,33.03736],[-94.124087,33.037923],[-94.121244,33.038178],[-94.120652,33.039254],[-94.119733,33.039554],[-94.118027,33.03951],[-94.117323,33.039237]]]}},{"type":"Feature","properties":{"PRECINCT":"13T","VTD":"013T"},"geometry":{"type":"Polygon","coordinates":[[[-94.226594,33.200012],[-94.222179,33.199966],[-94.222269,33.196891],[-94.223243,33.193987],[-94.223716,33.193492],[-94.22511,33.192951],[-94.226365,33.190983],[-94.226654,33.189549],[-94.225285,33.1894],[-94.22259,33.188639],[-94.220366,33.187522],[-94.217651,33.186568],[-94.215839,33.18546],[-94.214019,33.184748],[-94.21088,33.18442],[-94.211077,33.178727],[-94.20915,33.178721],[-94.218035,33.165439],[-94.217375,33.162808],[-94.217429,33.162007],[-94.21713,33.16164],[-94.218301,33.161136],[-94.218899,33.159875],[-94.219362,33.159509],[-94.219934,33.159303],[-94.221879,33.159443],[-94.222988,33.157684],[-94.221143,33.155096],[-94.219942,33.153975],[-94.218927,33.153377],[-94.21682,33.152808],[-94.20208,33.152583],[-94.19755,33.151577],[-94.195572,33.150458],[-94.190124,33.145539],[-94.189212,33.144928],[-94.18805,33.144517],[-94.186141,33.144337],[-94.161773,33.144973],[-94.158995,33.14486],[-94.162401,33.139809],[-94.163058,33.137275],[-94.163291,33.135016],[-94.160267,33.135112],[-94.160166,33.132492],[-94.156461,33.13239],[-94.15619,33.131563],[-94.156695,33.130435],[-94.155826,33.130716],[-94.157037,33.128576],[-94.161044,33.123539],[-94.161862,33.123081],[-94.162305,33.122515],[-94.165021,33.116692],[-94.167421,33.1173],[-94.175222,33.117339],[-94.177623,33.118142],[-94.180784,33.118183],[-94.183398,33.111078],[-94.190192,33.108902],[-94.190452,33.10926],[-94.19147,33.109547],[-94.192907,33.110374],[-94.203682,33.120004],[-94.207351,33.12475],[-94.209284,33.126229],[-94.211469,33.127169],[-94.216187,33.128275],[-94.233971,33.128149],[-94.23744,33.129086],[-94.241841,33.131051],[-94.241813,33.132497],[-94.242998,33.132655],[-94.243015,33.131586],[-94.244751,33.132677],[-94.255282,33.143977],[-94.256571,33.144852],[-94.258274,33.14548],[-94.268331,33.146582],[-94.270387,33.147064],[-94.277332,33.149914],[-94.286506,33.155478],[-94.288472,33.155515],[-94.288908,33.156013],[-94.288899,33.15702],[-94.290105,33.158099],[-94.295649,33.164429],[-94.293877,33.1665],[-94.28867,33.170416],[-94.285427,33.174935],[-94.284122,33.178824],[-94.283979,33.181234],[-94.284192,33.185296],[-94.2761,33.184869],[-94.264678,33.185285],[-94.256093,33.185263],[-94.25551,33.185713],[-94.254691,33.187557],[-94.254587,33.188536],[-94.255527,33.190994],[-94.255558,33.19192],[-94.254724,33.193128],[-94.251816,33.195912],[-94.251281,33.199219],[-94.249506,33.201409],[-94.247967,33.20468],[-94.247307,33.205337],[-94.246168,33.205793],[-94.243256,33.205762],[-94.239015,33.205605],[-94.236326,33.205088],[-94.234146,33.20413],[-94.228656,33.200738],[-94.226594,33.200012]]]}},{"type":"Feature","properties":{"PRECINCT":"20E","VTD":"020E"},"geometry":{"type":"Polygon","coordinates":[[[-94.15346,33.037326],[-94.154532,33.033109],[-94.154371,33.023452],[-94.1536,33.021189],[-94.151038,33.018835],[-94.152563,33.018262],[-94.151549,33.016281],[-94.15153,33.015451],[-94.152025,33.014291],[-94.153372,33.012513],[-94.153474,33.009397],[-94.152998,33.008612],[-94.149547,33.007446],[-94.150136,33.006144],[-94.150214,33.0032],[-94.150015,33.002127],[-94.150595,32.999948],[-94.150895,32.999541],[-94.152113,32.999167],[-94.152257,32.998798],[-94.152319,32.979234],[-94.152769,32.978575],[-94.159192,32.974214],[-94.159573,32.973365],[-94.159374,32.970765],[-94.15953,32.96689],[-94.160508,32.96642],[-94.164855,32.965207],[-94.166828,32.964087],[-94.169522,32.963499],[-94.170879,32.962763],[-94.17293,32.961098],[-94.174163,32.962204],[-94.174491,32.964016],[-94.175338,32.965094],[-94.17542,32.968221],[-94.176108,32.969147],[-94.182884,32.969306],[-94.184897,32.968856],[-94.186627,32.969332],[-94.189229,32.968953],[-94.190383,32.96841],[-94.192055,32.966783],[-94.198694,32.980578],[-94.199788,32.983061],[-94.200158,32.985087],[-94.198323,33.016616],[-94.198851,33.018228],[-94.199595,33.019287],[-94.203721,33.023721],[-94.205117,33.026525],[-94.205169,33.029086],[-94.202839,33.035306],[-94.201811,33.034489],[-94.200322,33.034453],[-94.198347,33.034578],[-94.195467,33.035516],[-94.190111,33.035345],[-94.187876,33.035612],[-94.187718,33.035302],[-94.186887,33.0349],[-94.18286,33.033519],[-94.180521,33.031715],[-94.170611,33.031594],[-94.169778,33.031899],[-94.169046,33.033597],[-94.167432,33.034681],[-94.165263,33.037253],[-94.15346,33.037326]]]}}]}