precinct,party,candidate,votes
1,,Abram Loeb,0
1,,Gloria La Riva,0
1,,Jesse Cuellar,0
1,,Kasey Wells,0
1,,Over Votes,2
1,,President R. Boddie,0
1,,Robert Morrow,0
1,,Tom Hoefling,0
1,,Under Votes,24
1,DEM,Joseph R. Biden,1897
1,GRN,Howie Hawkins,9
1,LIB,Jo Jorgensen,46
1,REP,Donald J. Trump/Michael R. Pence,745
10,,Abram Loeb,0
10,,Gloria La Riva,0
10,,Jesse Cuellar,0
10,,Kasey Wells,0
10,,Over Votes,0
10,,President R. Boddie,0
10,,Robert Morrow,0
10,,Tom Hoefling,0
10,,Under Votes,6
10,DEM,Joseph R. Biden,792
10,GRN,Howie Hawkins,6
10,LIB,Jo Jorgensen,9
10,REP,Donald J. Trump/Michael R. Pence,250
100,,Abram Loeb,0
100,,Gloria La Riva,0
100,,Jesse Cuellar,0
100,,Kasey Wells,0
100,,Over Votes,0
100,,President R. Boddie,0
100,,Robert Morrow,0
100,,Tom Hoefling,0
100,,Under Votes,8
100,DEM,Joseph R. Biden,483
100,GRN,Howie Hawkins,6
100,LIB,Jo Jorgensen,8
100,REP,Donald J. Trump/Michael R. Pence,417
1000,,Abram Loeb,0
1000,,Gloria La Riva,0
1000,,Jesse Cuellar,0
1000,,Kasey Wells,0
1000,,Over Votes,0
1000,,President R. Boddie,0
1000,,Robert Morrow,0
1000,,Tom Hoefling,0
1000,,Under Votes,3
1000,DEM,Joseph R. Biden,179
1000,GRN,Howie Hawkins,0
1000,LIB,Jo Jorgensen,1
1000,REP,Donald J. Trump/Michael R. Pence,46
1001,,Abram Loeb,0
1001,,Gloria La Riva,0
1001,,Jesse Cuellar,0
1001,,Kasey Wells,0
1001,,Over Votes,0
1001,,President R. Boddie,0
1001,,Robert Morrow,0
1001,,Tom Hoefling,0
1001,,Under Votes,1
1001,DEM,Joseph R. Biden,694
1001,GRN,Howie Hawkins,2
1001,LIB,Jo Jorgensen,6
1001,REP,Donald J. Trump/Michael R. Pence,264
1002,,Abram Loeb,0
1002,,Gloria La Riva,0
1002,,Jesse Cuellar,0
1002,,Kasey Wells,0
1002,,Over Votes,1
1002,,President R. Boddie,0
1002,,Robert Morrow,0
1002,,Tom Hoefling,0
1002,,Under Votes,4
1002,DEM,Joseph R. Biden,638
1002,GRN,Howie Hawkins,2
1002,LIB,Jo Jorgensen,4
1002,REP,Donald J. Trump/Michael R. Pence,188
1003,,Abram Loeb,0
1003,,Gloria La Riva,0
1003,,Jesse Cuellar,0
1003,,Kasey Wells,0
1003,,Over Votes,0
1003,,President R. Boddie,0
1003,,Robert Morrow,0
1003,,Tom Hoefling,0
1003,,Under Votes,0
1003,DEM,Joseph R. Biden,1
1003,GRN,Howie Hawkins,0
1003,LIB,Jo Jorgensen,0
1003,REP,Donald J. Trump/Michael R. Pence,0
1004,,Abram Loeb,0
1004,,Gloria La Riva,0
1004,,Jesse Cuellar,0
1004,,Kasey Wells,0
1004,,Over Votes,0
1004,,President R. Boddie,0
1004,,Robert Morrow,0
1004,,Tom Hoefling,0
1004,,Under Votes,6
1004,DEM,Joseph R. Biden,336
1004,GRN,Howie Hawkins,1
1004,LIB,Jo Jorgensen,15
1004,REP,Donald J. Trump/Michael R. Pence,237
1005,,Abram Loeb,0
1005,,Gloria La Riva,0
1005,,Jesse Cuellar,0
1005,,Kasey Wells,0
1005,,Over Votes,0
1005,,President R. Boddie,0
1005,,Robert Morrow,0
1005,,Tom Hoefling,0
1005,,Under Votes,0
1005,DEM,Joseph R. Biden,0
1005,GRN,Howie Hawkins,0
1005,LIB,Jo Jorgensen,0
1005,REP,Donald J. Trump/Michael R. Pence,0
1006,,Abram Loeb,0
1006,,Gloria La Riva,0
1006,,Jesse Cuellar,0
1006,,Kasey Wells,0
1006,,Over Votes,0
1006,,President R. Boddie,0
1006,,Robert Morrow,0
1006,,Tom Hoefling,0
1006,,Under Votes,0
1006,DEM,Joseph R. Biden,0
1006,GRN,Howie Hawkins,0
1006,LIB,Jo Jorgensen,0
1006,REP,Donald J. Trump/Michael R. Pence,0
1007,,Abram Loeb,0
1007,,Gloria La Riva,0
1007,,Jesse Cuellar,0
1007,,Kasey Wells,0
1007,,Over Votes,1
1007,,President R. Boddie,0
1007,,Robert Morrow,0
1007,,Tom Hoefling,0
1007,,Under Votes,12
1007,DEM,Joseph R. Biden,1007
1007,GRN,Howie Hawkins,5
1007,LIB,Jo Jorgensen,12
1007,REP,Donald J. Trump/Michael R. Pence,320
1008,,Abram Loeb,0
1008,,Gloria La Riva,0
1008,,Jesse Cuellar,0
1008,,Kasey Wells,0
1008,,Over Votes,0
1008,,President R. Boddie,0
1008,,Robert Morrow,0
1008,,Tom Hoefling,0
1008,,Under Votes,7
1008,DEM,Joseph R. Biden,220
1008,GRN,Howie Hawkins,4
1008,LIB,Jo Jorgensen,6
1008,REP,Donald J. Trump/Michael R. Pence,763
1009,,Abram Loeb,0
1009,,Gloria La Riva,0
1009,,Jesse Cuellar,0
1009,,Kasey Wells,0
1009,,Over Votes,0
1009,,President R. Boddie,0
1009,,Robert Morrow,0
1009,,Tom Hoefling,0
1009,,Under Votes,0
1009,DEM,Joseph R. Biden,0
1009,GRN,Howie Hawkins,0
1009,LIB,Jo Jorgensen,0
1009,REP,Donald J. Trump/Michael R. Pence,0
101,,Abram Loeb,0
101,,Gloria La Riva,0
101,,Jesse Cuellar,0
101,,Kasey Wells,0
101,,Over Votes,0
101,,President R. Boddie,0
101,,Robert Morrow,0
101,,Tom Hoefling,0
101,,Under Votes,4
101,DEM,Joseph R. Biden,269
101,GRN,Howie Hawkins,0
101,LIB,Jo Jorgensen,2
101,REP,Donald J. Trump/Michael R. Pence,104
1010,,Abram Loeb,0
1010,,Gloria La Riva,0
1010,,Jesse Cuellar,0
1010,,Kasey Wells,0
1010,,Over Votes,0
1010,,President R. Boddie,0
1010,,Robert Morrow,0
1010,,Tom Hoefling,0
1010,,Under Votes,3
1010,DEM,Joseph R. Biden,615
1010,GRN,Howie Hawkins,2
1010,LIB,Jo Jorgensen,8
1010,REP,Donald J. Trump/Michael R. Pence,180
1011,,Abram Loeb,0
1011,,Gloria La Riva,0
1011,,Jesse Cuellar,0
1011,,Kasey Wells,0
1011,,Over Votes,0
1011,,President R. Boddie,0
1011,,Robert Morrow,0
1011,,Tom Hoefling,0
1011,,Under Votes,0
1011,DEM,Joseph R. Biden,6
1011,GRN,Howie Hawkins,0
1011,LIB,Jo Jorgensen,0
1011,REP,Donald J. Trump/Michael R. Pence,12
1012,,Abram Loeb,0
1012,,Gloria La Riva,0
1012,,Jesse Cuellar,0
1012,,Kasey Wells,0
1012,,Over Votes,0
1012,,President R. Boddie,0
1012,,Robert Morrow,0
1012,,Tom Hoefling,0
1012,,Under Votes,13
1012,DEM,Joseph R. Biden,720
1012,GRN,Howie Hawkins,5
1012,LIB,Jo Jorgensen,5
1012,REP,Donald J. Trump/Michael R. Pence,409
102,,Abram Loeb,0
102,,Gloria La Riva,0
102,,Jesse Cuellar,0
102,,Kasey Wells,0
102,,Over Votes,0
102,,President R. Boddie,0
102,,Robert Morrow,0
102,,Tom Hoefling,0
102,,Under Votes,10
102,DEM,Joseph R. Biden,571
102,GRN,Howie Hawkins,6
102,LIB,Jo Jorgensen,13
102,REP,Donald J. Trump/Michael R. Pence,276
103,,Abram Loeb,0
103,,Gloria La Riva,0
103,,Jesse Cuellar,0
103,,Kasey Wells,0
103,,Over Votes,0
103,,President R. Boddie,0
103,,Robert Morrow,0
103,,Tom Hoefling,0
103,,Under Votes,38
103,DEM,Joseph R. Biden,2247
103,GRN,Howie Hawkins,13
103,LIB,Jo Jorgensen,37
103,REP,Donald J. Trump/Michael R. Pence,2090
104,,Abram Loeb,0
104,,Gloria La Riva,0
104,,Jesse Cuellar,0
104,,Kasey Wells,0
104,,Over Votes,0
104,,President R. Boddie,0
104,,Robert Morrow,0
104,,Tom Hoefling,0
104,,Under Votes,12
104,DEM,Joseph R. Biden,1066
104,GRN,Howie Hawkins,4
104,LIB,Jo Jorgensen,1
104,REP,Donald J. Trump/Michael R. Pence,78
105,,Abram Loeb,0
105,,Gloria La Riva,0
105,,Jesse Cuellar,0
105,,Kasey Wells,0
105,,Over Votes,0
105,,President R. Boddie,0
105,,Robert Morrow,0
105,,Tom Hoefling,0
105,,Under Votes,21
105,DEM,Joseph R. Biden,875
105,GRN,Howie Hawkins,6
105,LIB,Jo Jorgensen,5
105,REP,Donald J. Trump/Michael R. Pence,439
106,,Abram Loeb,0
106,,Gloria La Riva,0
106,,Jesse Cuellar,0
106,,Kasey Wells,0
106,,Over Votes,0
106,,President R. Boddie,0
106,,Robert Morrow,0
106,,Tom Hoefling,0
106,,Under Votes,2
106,DEM,Joseph R. Biden,78
106,GRN,Howie Hawkins,1
106,LIB,Jo Jorgensen,1
106,REP,Donald J. Trump/Michael R. Pence,63
107,,Abram Loeb,0
107,,Gloria La Riva,0
107,,Jesse Cuellar,0
107,,Kasey Wells,0
107,,Over Votes,1
107,,President R. Boddie,0
107,,Robert Morrow,0
107,,Tom Hoefling,0
107,,Under Votes,7
107,DEM,Joseph R. Biden,841
107,GRN,Howie Hawkins,2
107,LIB,Jo Jorgensen,3
107,REP,Donald J. Trump/Michael R. Pence,284
108,,Abram Loeb,0
108,,Gloria La Riva,0
108,,Jesse Cuellar,0
108,,Kasey Wells,0
108,,Over Votes,0
108,,President R. Boddie,0
108,,Robert Morrow,0
108,,Tom Hoefling,0
108,,Under Votes,19
108,DEM,Joseph R. Biden,1151
108,GRN,Howie Hawkins,17
108,LIB,Jo Jorgensen,26
108,REP,Donald J. Trump/Michael R. Pence,1012
109,,Abram Loeb,0
109,,Gloria La Riva,0
109,,Jesse Cuellar,0
109,,Kasey Wells,0
109,,Over Votes,1
109,,President R. Boddie,0
109,,Robert Morrow,0
109,,Tom Hoefling,0
109,,Under Votes,20
109,DEM,Joseph R. Biden,1425
109,GRN,Howie Hawkins,3
109,LIB,Jo Jorgensen,1
109,REP,Donald J. Trump/Michael R. Pence,81
11,,Abram Loeb,0
11,,Gloria La Riva,0
11,,Jesse Cuellar,0
11,,Kasey Wells,0
11,,Over Votes,1
11,,President R. Boddie,0
11,,Robert Morrow,0
11,,Tom Hoefling,0
11,,Under Votes,16
11,DEM,Joseph R. Biden,817
11,GRN,Howie Hawkins,6
11,LIB,Jo Jorgensen,11
11,REP,Donald J. Trump/Michael R. Pence,242
110,,Abram Loeb,0
110,,Gloria La Riva,0
110,,Jesse Cuellar,0
110,,Kasey Wells,0
110,,Over Votes,0
110,,President R. Boddie,0
110,,Robert Morrow,0
110,,Tom Hoefling,0
110,,Under Votes,19
110,DEM,Joseph R. Biden,1282
110,GRN,Howie Hawkins,9
110,LIB,Jo Jorgensen,31
110,REP,Donald J. Trump/Michael R. Pence,1235
111,,Abram Loeb,0
111,,Gloria La Riva,0
111,,Jesse Cuellar,0
111,,Kasey Wells,0
111,,Over Votes,0
111,,President R. Boddie,0
111,,Robert Morrow,0
111,,Tom Hoefling,0
111,,Under Votes,41
111,DEM,Joseph R. Biden,1748
111,GRN,Howie Hawkins,10
111,LIB,Jo Jorgensen,66
111,REP,Donald J. Trump/Michael R. Pence,3033
112,,Abram Loeb,0
112,,Gloria La Riva,0
112,,Jesse Cuellar,0
112,,Kasey Wells,0
112,,Over Votes,0
112,,President R. Boddie,0
112,,Robert Morrow,0
112,,Tom Hoefling,0
112,,Under Votes,30
112,DEM,Joseph R. Biden,1009
112,GRN,Howie Hawkins,6
112,LIB,Jo Jorgensen,41
112,REP,Donald J. Trump/Michael R. Pence,1373
113,,Abram Loeb,0
113,,Gloria La Riva,0
113,,Jesse Cuellar,0
113,,Kasey Wells,0
113,,Over Votes,1
113,,President R. Boddie,0
113,,Robert Morrow,0
113,,Tom Hoefling,0
113,,Under Votes,26
113,DEM,Joseph R. Biden,1089
113,GRN,Howie Hawkins,5
113,LIB,Jo Jorgensen,11
113,REP,Donald J. Trump/Michael R. Pence,880
114,,Abram Loeb,0
114,,Gloria La Riva,0
114,,Jesse Cuellar,0
114,,Kasey Wells,0
114,,Over Votes,1
114,,President R. Boddie,0
114,,Robert Morrow,0
114,,Tom Hoefling,0
114,,Under Votes,27
114,DEM,Joseph R. Biden,1330
114,GRN,Howie Hawkins,8
114,LIB,Jo Jorgensen,57
114,REP,Donald J. Trump/Michael R. Pence,2796
115,,Abram Loeb,0
115,,Gloria La Riva,0
115,,Jesse Cuellar,0
115,,Kasey Wells,0
115,,Over Votes,0
115,,President R. Boddie,0
115,,Robert Morrow,0
115,,Tom Hoefling,0
115,,Under Votes,11
115,DEM,Joseph R. Biden,776
115,GRN,Howie Hawkins,6
115,LIB,Jo Jorgensen,6
115,REP,Donald J. Trump/Michael R. Pence,159
116,,Abram Loeb,0
116,,Gloria La Riva,0
116,,Jesse Cuellar,0
116,,Kasey Wells,0
116,,Over Votes,0
116,,President R. Boddie,0
116,,Robert Morrow,0
116,,Tom Hoefling,0
116,,Under Votes,26
116,DEM,Joseph R. Biden,992
116,GRN,Howie Hawkins,1
116,LIB,Jo Jorgensen,23
116,REP,Donald J. Trump/Michael R. Pence,1723
117,,Abram Loeb,0
117,,Gloria La Riva,0
117,,Jesse Cuellar,0
117,,Kasey Wells,0
117,,Over Votes,0
117,,President R. Boddie,0
117,,Robert Morrow,0
117,,Tom Hoefling,0
117,,Under Votes,4
117,DEM,Joseph R. Biden,705
117,GRN,Howie Hawkins,11
117,LIB,Jo Jorgensen,4
117,REP,Donald J. Trump/Michael R. Pence,381
118,,Abram Loeb,0
118,,Gloria La Riva,0
118,,Jesse Cuellar,0
118,,Kasey Wells,0
118,,Over Votes,0
118,,President R. Boddie,0
118,,Robert Morrow,0
118,,Tom Hoefling,0
118,,Under Votes,24
118,DEM,Joseph R. Biden,1851
118,GRN,Howie Hawkins,8
118,LIB,Jo Jorgensen,40
118,REP,Donald J. Trump/Michael R. Pence,1234
119,,Abram Loeb,0
119,,Gloria La Riva,0
119,,Jesse Cuellar,0
119,,Kasey Wells,0
119,,Over Votes,0
119,,President R. Boddie,0
119,,Robert Morrow,0
119,,Tom Hoefling,0
119,,Under Votes,30
119,DEM,Joseph R. Biden,1419
119,GRN,Howie Hawkins,5
119,LIB,Jo Jorgensen,59
119,REP,Donald J. Trump/Michael R. Pence,3054
12,,Abram Loeb,0
12,,Gloria La Riva,0
12,,Jesse Cuellar,0
12,,Kasey Wells,0
12,,Over Votes,1
12,,President R. Boddie,0
12,,Robert Morrow,0
12,,Tom Hoefling,0
12,,Under Votes,7
12,DEM,Joseph R. Biden,219
12,GRN,Howie Hawkins,0
12,LIB,Jo Jorgensen,3
12,REP,Donald J. Trump/Michael R. Pence,202
120,,Abram Loeb,0
120,,Gloria La Riva,0
120,,Jesse Cuellar,0
120,,Kasey Wells,0
120,,Over Votes,0
120,,President R. Boddie,0
120,,Robert Morrow,0
120,,Tom Hoefling,0
120,,Under Votes,46
120,DEM,Joseph R. Biden,1823
120,GRN,Howie Hawkins,10
120,LIB,Jo Jorgensen,53
120,REP,Donald J. Trump/Michael R. Pence,1764
121,,Abram Loeb,0
121,,Gloria La Riva,0
121,,Jesse Cuellar,0
121,,Kasey Wells,0
121,,Over Votes,0
121,,President R. Boddie,0
121,,Robert Morrow,0
121,,Tom Hoefling,0
121,,Under Votes,12
121,DEM,Joseph R. Biden,298
121,GRN,Howie Hawkins,1
121,LIB,Jo Jorgensen,8
121,REP,Donald J. Trump/Michael R. Pence,486
122,,Abram Loeb,0
122,,Gloria La Riva,0
122,,Jesse Cuellar,0
122,,Kasey Wells,0
122,,Over Votes,0
122,,President R. Boddie,0
122,,Robert Morrow,0
122,,Tom Hoefling,0
122,,Under Votes,10
122,DEM,Joseph R. Biden,961
122,GRN,Howie Hawkins,3
122,LIB,Jo Jorgensen,2
122,REP,Donald J. Trump/Michael R. Pence,89
123,,Abram Loeb,0
123,,Gloria La Riva,0
123,,Jesse Cuellar,0
123,,Kasey Wells,0
123,,Over Votes,0
123,,President R. Boddie,0
123,,Robert Morrow,0
123,,Tom Hoefling,0
123,,Under Votes,12
123,DEM,Joseph R. Biden,955
123,GRN,Howie Hawkins,2
123,LIB,Jo Jorgensen,16
123,REP,Donald J. Trump/Michael R. Pence,234
124,,Abram Loeb,0
124,,Gloria La Riva,0
124,,Jesse Cuellar,0
124,,Kasey Wells,0
124,,Over Votes,0
124,,President R. Boddie,0
124,,Robert Morrow,0
124,,Tom Hoefling,0
124,,Under Votes,44
124,DEM,Joseph R. Biden,1376
124,GRN,Howie Hawkins,6
124,LIB,Jo Jorgensen,71
124,REP,Donald J. Trump/Michael R. Pence,3410
125,,Abram Loeb,0
125,,Gloria La Riva,0
125,,Jesse Cuellar,0
125,,Kasey Wells,0
125,,Over Votes,0
125,,President R. Boddie,0
125,,Robert Morrow,0
125,,Tom Hoefling,0
125,,Under Votes,15
125,DEM,Joseph R. Biden,953
125,GRN,Howie Hawkins,12
125,LIB,Jo Jorgensen,22
125,REP,Donald J. Trump/Michael R. Pence,889
126,,Abram Loeb,0
126,,Gloria La Riva,0
126,,Jesse Cuellar,0
126,,Kasey Wells,0
126,,Over Votes,0
126,,President R. Boddie,0
126,,Robert Morrow,0
126,,Tom Hoefling,0
126,,Under Votes,24
126,DEM,Joseph R. Biden,689
126,GRN,Howie Hawkins,4
126,LIB,Jo Jorgensen,32
126,REP,Donald J. Trump/Michael R. Pence,2669
127,,Abram Loeb,0
127,,Gloria La Riva,0
127,,Jesse Cuellar,0
127,,Kasey Wells,0
127,,Over Votes,2
127,,President R. Boddie,0
127,,Robert Morrow,0
127,,Tom Hoefling,0
127,,Under Votes,13
127,DEM,Joseph R. Biden,427
127,GRN,Howie Hawkins,7
127,LIB,Jo Jorgensen,16
127,REP,Donald J. Trump/Michael R. Pence,1002
128,,Abram Loeb,0
128,,Gloria La Riva,0
128,,Jesse Cuellar,0
128,,Kasey Wells,0
128,,Over Votes,0
128,,President R. Boddie,0
128,,Robert Morrow,0
128,,Tom Hoefling,0
128,,Under Votes,36
128,DEM,Joseph R. Biden,1136
128,GRN,Howie Hawkins,2
128,LIB,Jo Jorgensen,25
128,REP,Donald J. Trump/Michael R. Pence,885
129,,Abram Loeb,0
129,,Gloria La Riva,0
129,,Jesse Cuellar,0
129,,Kasey Wells,0
129,,Over Votes,0
129,,President R. Boddie,0
129,,Robert Morrow,0
129,,Tom Hoefling,0
129,,Under Votes,42
129,DEM,Joseph R. Biden,2180
129,GRN,Howie Hawkins,8
129,LIB,Jo Jorgensen,39
129,REP,Donald J. Trump/Michael R. Pence,2004
13,,Abram Loeb,0
13,,Gloria La Riva,0
13,,Jesse Cuellar,0
13,,Kasey Wells,1
13,,Over Votes,2
13,,President R. Boddie,0
13,,Robert Morrow,0
13,,Tom Hoefling,0
13,,Under Votes,17
13,DEM,Joseph R. Biden,684
13,GRN,Howie Hawkins,6
13,LIB,Jo Jorgensen,13
13,REP,Donald J. Trump/Michael R. Pence,1128
130,,Abram Loeb,0
130,,Gloria La Riva,0
130,,Jesse Cuellar,0
130,,Kasey Wells,0
130,,Over Votes,0
130,,President R. Boddie,0
130,,Robert Morrow,0
130,,Tom Hoefling,0
130,,Under Votes,27
130,DEM,Joseph R. Biden,711
130,GRN,Howie Hawkins,3
130,LIB,Jo Jorgensen,19
130,REP,Donald J. Trump/Michael R. Pence,1129
131,,Abram Loeb,0
131,,Gloria La Riva,0
131,,Jesse Cuellar,0
131,,Kasey Wells,0
131,,Over Votes,0
131,,President R. Boddie,0
131,,Robert Morrow,0
131,,Tom Hoefling,0
131,,Under Votes,12
131,DEM,Joseph R. Biden,1115
131,GRN,Howie Hawkins,5
131,LIB,Jo Jorgensen,5
131,REP,Donald J. Trump/Michael R. Pence,324
132,,Abram Loeb,0
132,,Gloria La Riva,0
132,,Jesse Cuellar,0
132,,Kasey Wells,0
132,,Over Votes,0
132,,President R. Boddie,0
132,,Robert Morrow,0
132,,Tom Hoefling,0
132,,Under Votes,10
132,DEM,Joseph R. Biden,1302
132,GRN,Howie Hawkins,7
132,LIB,Jo Jorgensen,8
132,REP,Donald J. Trump/Michael R. Pence,55
133,,Abram Loeb,0
133,,Gloria La Riva,0
133,,Jesse Cuellar,0
133,,Kasey Wells,0
133,,Over Votes,0
133,,President R. Boddie,0
133,,Robert Morrow,0
133,,Tom Hoefling,0
133,,Under Votes,29
133,DEM,Joseph R. Biden,1393
133,GRN,Howie Hawkins,1
133,LIB,Jo Jorgensen,20
133,REP,Donald J. Trump/Michael R. Pence,979
134,,Abram Loeb,0
134,,Gloria La Riva,0
134,,Jesse Cuellar,0
134,,Kasey Wells,0
134,,Over Votes,1
134,,President R. Boddie,0
134,,Robert Morrow,0
134,,Tom Hoefling,0
134,,Under Votes,8
134,DEM,Joseph R. Biden,637
134,GRN,Howie Hawkins,4
134,LIB,Jo Jorgensen,6
134,REP,Donald J. Trump/Michael R. Pence,444
135,,Abram Loeb,0
135,,Gloria La Riva,0
135,,Jesse Cuellar,0
135,,Kasey Wells,0
135,,Over Votes,1
135,,President R. Boddie,0
135,,Robert Morrow,0
135,,Tom Hoefling,0
135,,Under Votes,38
135,DEM,Joseph R. Biden,1353
135,GRN,Howie Hawkins,3
135,LIB,Jo Jorgensen,38
135,REP,Donald J. Trump/Michael R. Pence,1447
136,,Abram Loeb,0
136,,Gloria La Riva,0
136,,Jesse Cuellar,0
136,,Kasey Wells,0
136,,Over Votes,0
136,,President R. Boddie,0
136,,Robert Morrow,0
136,,Tom Hoefling,0
136,,Under Votes,11
136,DEM,Joseph R. Biden,1287
136,GRN,Howie Hawkins,8
136,LIB,Jo Jorgensen,5
136,REP,Donald J. Trump/Michael R. Pence,93
137,,Abram Loeb,0
137,,Gloria La Riva,0
137,,Jesse Cuellar,0
137,,Kasey Wells,0
137,,Over Votes,1
137,,President R. Boddie,0
137,,Robert Morrow,0
137,,Tom Hoefling,0
137,,Under Votes,15
137,DEM,Joseph R. Biden,745
137,GRN,Howie Hawkins,5
137,LIB,Jo Jorgensen,14
137,REP,Donald J. Trump/Michael R. Pence,1172
138,,Abram Loeb,0
138,,Gloria La Riva,0
138,,Jesse Cuellar,0
138,,Kasey Wells,0
138,,Over Votes,0
138,,President R. Boddie,0
138,,Robert Morrow,0
138,,Tom Hoefling,0
138,,Under Votes,8
138,DEM,Joseph R. Biden,804
138,GRN,Howie Hawkins,1
138,LIB,Jo Jorgensen,5
138,REP,Donald J. Trump/Michael R. Pence,64
139,,Abram Loeb,0
139,,Gloria La Riva,0
139,,Jesse Cuellar,0
139,,Kasey Wells,0
139,,Over Votes,0
139,,President R. Boddie,0
139,,Robert Morrow,0
139,,Tom Hoefling,0
139,,Under Votes,31
139,DEM,Joseph R. Biden,2137
139,GRN,Howie Hawkins,5
139,LIB,Jo Jorgensen,41
139,REP,Donald J. Trump/Michael R. Pence,1086
14,,Abram Loeb,0
14,,Gloria La Riva,0
14,,Jesse Cuellar,0
14,,Kasey Wells,0
14,,Over Votes,0
14,,President R. Boddie,0
14,,Robert Morrow,0
14,,Tom Hoefling,2
14,,Under Votes,12
14,DEM,Joseph R. Biden,963
14,GRN,Howie Hawkins,4
14,LIB,Jo Jorgensen,23
14,REP,Donald J. Trump/Michael R. Pence,584
140,,Abram Loeb,0
140,,Gloria La Riva,0
140,,Jesse Cuellar,0
140,,Kasey Wells,0
140,,Over Votes,2
140,,President R. Boddie,0
140,,Robert Morrow,0
140,,Tom Hoefling,0
140,,Under Votes,19
140,DEM,Joseph R. Biden,2073
140,GRN,Howie Hawkins,7
140,LIB,Jo Jorgensen,20
140,REP,Donald J. Trump/Michael R. Pence,346
141,,Abram Loeb,0
141,,Gloria La Riva,0
141,,Jesse Cuellar,0
141,,Kasey Wells,0
141,,Over Votes,0
141,,President R. Boddie,0
141,,Robert Morrow,0
141,,Tom Hoefling,2
141,,Under Votes,3
141,DEM,Joseph R. Biden,168
141,GRN,Howie Hawkins,2
141,LIB,Jo Jorgensen,4
141,REP,Donald J. Trump/Michael R. Pence,279
142,,Abram Loeb,0
142,,Gloria La Riva,0
142,,Jesse Cuellar,0
142,,Kasey Wells,0
142,,Over Votes,1
142,,President R. Boddie,0
142,,Robert Morrow,0
142,,Tom Hoefling,0
142,,Under Votes,11
142,DEM,Joseph R. Biden,340
142,GRN,Howie Hawkins,2
142,LIB,Jo Jorgensen,0
142,REP,Donald J. Trump/Michael R. Pence,157
143,,Abram Loeb,0
143,,Gloria La Riva,0
143,,Jesse Cuellar,0
143,,Kasey Wells,0
143,,Over Votes,1
143,,President R. Boddie,0
143,,Robert Morrow,0
143,,Tom Hoefling,0
143,,Under Votes,21
143,DEM,Joseph R. Biden,2062
143,GRN,Howie Hawkins,6
143,LIB,Jo Jorgensen,42
143,REP,Donald J. Trump/Michael R. Pence,2270
144,,Abram Loeb,0
144,,Gloria La Riva,0
144,,Jesse Cuellar,0
144,,Kasey Wells,0
144,,Over Votes,1
144,,President R. Boddie,0
144,,Robert Morrow,0
144,,Tom Hoefling,0
144,,Under Votes,12
144,DEM,Joseph R. Biden,526
144,GRN,Howie Hawkins,2
144,LIB,Jo Jorgensen,2
144,REP,Donald J. Trump/Michael R. Pence,28
145,,Abram Loeb,0
145,,Gloria La Riva,0
145,,Jesse Cuellar,0
145,,Kasey Wells,0
145,,Over Votes,2
145,,President R. Boddie,0
145,,Robert Morrow,0
145,,Tom Hoefling,0
145,,Under Votes,9
145,DEM,Joseph R. Biden,755
145,GRN,Howie Hawkins,3
145,LIB,Jo Jorgensen,5
145,REP,Donald J. Trump/Michael R. Pence,29
146,,Abram Loeb,0
146,,Gloria La Riva,1
146,,Jesse Cuellar,0
146,,Kasey Wells,0
146,,Over Votes,1
146,,President R. Boddie,0
146,,Robert Morrow,0
146,,Tom Hoefling,1
146,,Under Votes,17
146,DEM,Joseph R. Biden,1074
146,GRN,Howie Hawkins,3
146,LIB,Jo Jorgensen,16
146,REP,Donald J. Trump/Michael R. Pence,563
147,,Abram Loeb,0
147,,Gloria La Riva,0
147,,Jesse Cuellar,0
147,,Kasey Wells,0
147,,Over Votes,4
147,,President R. Boddie,0
147,,Robert Morrow,0
147,,Tom Hoefling,0
147,,Under Votes,26
147,DEM,Joseph R. Biden,1646
147,GRN,Howie Hawkins,7
147,LIB,Jo Jorgensen,24
147,REP,Donald J. Trump/Michael R. Pence,285
148,,Abram Loeb,0
148,,Gloria La Riva,0
148,,Jesse Cuellar,0
148,,Kasey Wells,0
148,,Over Votes,0
148,,President R. Boddie,0
148,,Robert Morrow,0
148,,Tom Hoefling,0
148,,Under Votes,15
148,DEM,Joseph R. Biden,1543
148,GRN,Howie Hawkins,5
148,LIB,Jo Jorgensen,18
148,REP,Donald J. Trump/Michael R. Pence,590
149,,Abram Loeb,0
149,,Gloria La Riva,0
149,,Jesse Cuellar,0
149,,Kasey Wells,0
149,,Over Votes,0
149,,President R. Boddie,0
149,,Robert Morrow,0
149,,Tom Hoefling,0
149,,Under Votes,46
149,DEM,Joseph R. Biden,3815
149,GRN,Howie Hawkins,21
149,LIB,Jo Jorgensen,86
149,REP,Donald J. Trump/Michael R. Pence,3813
15,,Abram Loeb,0
15,,Gloria La Riva,0
15,,Jesse Cuellar,0
15,,Kasey Wells,0
15,,Over Votes,0
15,,President R. Boddie,0
15,,Robert Morrow,0
15,,Tom Hoefling,0
15,,Under Votes,43
15,DEM,Joseph R. Biden,1574
15,GRN,Howie Hawkins,5
15,LIB,Jo Jorgensen,29
15,REP,Donald J. Trump/Michael R. Pence,999
150,,Abram Loeb,0
150,,Gloria La Riva,0
150,,Jesse Cuellar,0
150,,Kasey Wells,0
150,,Over Votes,0
150,,President R. Boddie,0
150,,Robert Morrow,0
150,,Tom Hoefling,0
150,,Under Votes,17
150,DEM,Joseph R. Biden,798
150,GRN,Howie Hawkins,3
150,LIB,Jo Jorgensen,4
150,REP,Donald J. Trump/Michael R. Pence,58
151,,Abram Loeb,0
151,,Gloria La Riva,0
151,,Jesse Cuellar,0
151,,Kasey Wells,0
151,,Over Votes,0
151,,President R. Boddie,0
151,,Robert Morrow,0
151,,Tom Hoefling,0
151,,Under Votes,3
151,DEM,Joseph R. Biden,372
151,GRN,Howie Hawkins,1
151,LIB,Jo Jorgensen,1
151,REP,Donald J. Trump/Michael R. Pence,51
152,,Abram Loeb,0
152,,Gloria La Riva,0
152,,Jesse Cuellar,0
152,,Kasey Wells,0
152,,Over Votes,0
152,,President R. Boddie,0
152,,Robert Morrow,0
152,,Tom Hoefling,0
152,,Under Votes,20
152,DEM,Joseph R. Biden,1062
152,GRN,Howie Hawkins,10
152,LIB,Jo Jorgensen,14
152,REP,Donald J. Trump/Michael R. Pence,443
153,,Abram Loeb,0
153,,Gloria La Riva,0
153,,Jesse Cuellar,0
153,,Kasey Wells,0
153,,Over Votes,0
153,,President R. Boddie,0
153,,Robert Morrow,0
153,,Tom Hoefling,0
153,,Under Votes,11
153,DEM,Joseph R. Biden,692
153,GRN,Howie Hawkins,2
153,LIB,Jo Jorgensen,2
153,REP,Donald J. Trump/Michael R. Pence,340
154,,Abram Loeb,0
154,,Gloria La Riva,0
154,,Jesse Cuellar,0
154,,Kasey Wells,0
154,,Over Votes,1
154,,President R. Boddie,0
154,,Robert Morrow,0
154,,Tom Hoefling,0
154,,Under Votes,23
154,DEM,Joseph R. Biden,938
154,GRN,Howie Hawkins,5
154,LIB,Jo Jorgensen,5
154,REP,Donald J. Trump/Michael R. Pence,367
155,,Abram Loeb,0
155,,Gloria La Riva,0
155,,Jesse Cuellar,0
155,,Kasey Wells,0
155,,Over Votes,0
155,,President R. Boddie,0
155,,Robert Morrow,0
155,,Tom Hoefling,0
155,,Under Votes,34
155,DEM,Joseph R. Biden,1532
155,GRN,Howie Hawkins,5
155,LIB,Jo Jorgensen,36
155,REP,Donald J. Trump/Michael R. Pence,1864
156,,Abram Loeb,0
156,,Gloria La Riva,0
156,,Jesse Cuellar,0
156,,Kasey Wells,0
156,,Over Votes,3
156,,President R. Boddie,0
156,,Robert Morrow,0
156,,Tom Hoefling,0
156,,Under Votes,23
156,DEM,Joseph R. Biden,1923
156,GRN,Howie Hawkins,5
156,LIB,Jo Jorgensen,17
156,REP,Donald J. Trump/Michael R. Pence,116
157,,Abram Loeb,0
157,,Gloria La Riva,0
157,,Jesse Cuellar,0
157,,Kasey Wells,0
157,,Over Votes,2
157,,President R. Boddie,0
157,,Robert Morrow,0
157,,Tom Hoefling,0
157,,Under Votes,20
157,DEM,Joseph R. Biden,1176
157,GRN,Howie Hawkins,4
157,LIB,Jo Jorgensen,8
157,REP,Donald J. Trump/Michael R. Pence,106
158,,Abram Loeb,0
158,,Gloria La Riva,0
158,,Jesse Cuellar,0
158,,Kasey Wells,0
158,,Over Votes,1
158,,President R. Boddie,0
158,,Robert Morrow,0
158,,Tom Hoefling,0
158,,Under Votes,14
158,DEM,Joseph R. Biden,1497
158,GRN,Howie Hawkins,8
158,LIB,Jo Jorgensen,8
158,REP,Donald J. Trump/Michael R. Pence,56
159,,Abram Loeb,0
159,,Gloria La Riva,0
159,,Jesse Cuellar,0
159,,Kasey Wells,0
159,,Over Votes,0
159,,President R. Boddie,0
159,,Robert Morrow,0
159,,Tom Hoefling,0
159,,Under Votes,8
159,DEM,Joseph R. Biden,633
159,GRN,Howie Hawkins,1
159,LIB,Jo Jorgensen,9
159,REP,Donald J. Trump/Michael R. Pence,143
16,,Abram Loeb,0
16,,Gloria La Riva,0
16,,Jesse Cuellar,0
16,,Kasey Wells,0
16,,Over Votes,0
16,,President R. Boddie,0
16,,Robert Morrow,0
16,,Tom Hoefling,0
16,,Under Votes,14
16,DEM,Joseph R. Biden,1141
16,GRN,Howie Hawkins,5
16,LIB,Jo Jorgensen,26
16,REP,Donald J. Trump/Michael R. Pence,634
160,,Abram Loeb,0
160,,Gloria La Riva,0
160,,Jesse Cuellar,0
160,,Kasey Wells,0
160,,Over Votes,1
160,,President R. Boddie,0
160,,Robert Morrow,0
160,,Tom Hoefling,0
160,,Under Votes,5
160,DEM,Joseph R. Biden,357
160,GRN,Howie Hawkins,0
160,LIB,Jo Jorgensen,4
160,REP,Donald J. Trump/Michael R. Pence,22
161,,Abram Loeb,0
161,,Gloria La Riva,0
161,,Jesse Cuellar,0
161,,Kasey Wells,0
161,,Over Votes,0
161,,President R. Boddie,0
161,,Robert Morrow,0
161,,Tom Hoefling,0
161,,Under Votes,6
161,DEM,Joseph R. Biden,577
161,GRN,Howie Hawkins,2
161,LIB,Jo Jorgensen,5
161,REP,Donald J. Trump/Michael R. Pence,44
162,,Abram Loeb,0
162,,Gloria La Riva,0
162,,Jesse Cuellar,0
162,,Kasey Wells,0
162,,Over Votes,0
162,,President R. Boddie,0
162,,Robert Morrow,0
162,,Tom Hoefling,0
162,,Under Votes,16
162,DEM,Joseph R. Biden,447
162,GRN,Howie Hawkins,2
162,LIB,Jo Jorgensen,5
162,REP,Donald J. Trump/Michael R. Pence,287
163,,Abram Loeb,0
163,,Gloria La Riva,0
163,,Jesse Cuellar,0
163,,Kasey Wells,0
163,,Over Votes,2
163,,President R. Boddie,0
163,,Robert Morrow,0
163,,Tom Hoefling,0
163,,Under Votes,24
163,DEM,Joseph R. Biden,1002
163,GRN,Howie Hawkins,4
163,LIB,Jo Jorgensen,13
163,REP,Donald J. Trump/Michael R. Pence,705
164,,Abram Loeb,0
164,,Gloria La Riva,0
164,,Jesse Cuellar,0
164,,Kasey Wells,0
164,,Over Votes,2
164,,President R. Boddie,0
164,,Robert Morrow,0
164,,Tom Hoefling,0
164,,Under Votes,5
164,DEM,Joseph R. Biden,670
164,GRN,Howie Hawkins,4
164,LIB,Jo Jorgensen,2
164,REP,Donald J. Trump/Michael R. Pence,50
165,,Abram Loeb,0
165,,Gloria La Riva,0
165,,Jesse Cuellar,0
165,,Kasey Wells,0
165,,Over Votes,1
165,,President R. Boddie,0
165,,Robert Morrow,0
165,,Tom Hoefling,0
165,,Under Votes,22
165,DEM,Joseph R. Biden,861
165,GRN,Howie Hawkins,8
165,LIB,Jo Jorgensen,18
165,REP,Donald J. Trump/Michael R. Pence,963
166,,Abram Loeb,0
166,,Gloria La Riva,0
166,,Jesse Cuellar,0
166,,Kasey Wells,0
166,,Over Votes,0
166,,President R. Boddie,0
166,,Robert Morrow,0
166,,Tom Hoefling,0
166,,Under Votes,7
166,DEM,Joseph R. Biden,767
166,GRN,Howie Hawkins,3
166,LIB,Jo Jorgensen,17
166,REP,Donald J. Trump/Michael R. Pence,301
167,,Abram Loeb,0
167,,Gloria La Riva,0
167,,Jesse Cuellar,0
167,,Kasey Wells,0
167,,Over Votes,0
167,,President R. Boddie,0
167,,Robert Morrow,0
167,,Tom Hoefling,0
167,,Under Votes,0
167,DEM,Joseph R. Biden,7
167,GRN,Howie Hawkins,0
167,LIB,Jo Jorgensen,0
167,REP,Donald J. Trump/Michael R. Pence,2
168,,Abram Loeb,0
168,,Gloria La Riva,0
168,,Jesse Cuellar,0
168,,Kasey Wells,0
168,,Over Votes,1
168,,President R. Boddie,0
168,,Robert Morrow,0
168,,Tom Hoefling,0
168,,Under Votes,4
168,DEM,Joseph R. Biden,233
168,GRN,Howie Hawkins,1
168,LIB,Jo Jorgensen,0
168,REP,Donald J. Trump/Michael R. Pence,14
169,,Abram Loeb,0
169,,Gloria La Riva,0
169,,Jesse Cuellar,0
169,,Kasey Wells,0
169,,Over Votes,2
169,,President R. Boddie,0
169,,Robert Morrow,0
169,,Tom Hoefling,0
169,,Under Votes,18
169,DEM,Joseph R. Biden,1253
169,GRN,Howie Hawkins,11
169,LIB,Jo Jorgensen,7
169,REP,Donald J. Trump/Michael R. Pence,73
17,,Abram Loeb,0
17,,Gloria La Riva,0
17,,Jesse Cuellar,0
17,,Kasey Wells,0
17,,Over Votes,0
17,,President R. Boddie,0
17,,Robert Morrow,0
17,,Tom Hoefling,0
17,,Under Votes,5
17,DEM,Joseph R. Biden,524
17,GRN,Howie Hawkins,2
17,LIB,Jo Jorgensen,6
17,REP,Donald J. Trump/Michael R. Pence,318
170,,Abram Loeb,0
170,,Gloria La Riva,0
170,,Jesse Cuellar,0
170,,Kasey Wells,0
170,,Over Votes,1
170,,President R. Boddie,0
170,,Robert Morrow,0
170,,Tom Hoefling,0
170,,Under Votes,11
170,DEM,Joseph R. Biden,543
170,GRN,Howie Hawkins,2
170,LIB,Jo Jorgensen,15
170,REP,Donald J. Trump/Michael R. Pence,558
171,,Abram Loeb,0
171,,Gloria La Riva,0
171,,Jesse Cuellar,0
171,,Kasey Wells,0
171,,Over Votes,1
171,,President R. Boddie,0
171,,Robert Morrow,0
171,,Tom Hoefling,0
171,,Under Votes,9
171,DEM,Joseph R. Biden,646
171,GRN,Howie Hawkins,3
171,LIB,Jo Jorgensen,3
171,REP,Donald J. Trump/Michael R. Pence,85
172,,Abram Loeb,0
172,,Gloria La Riva,0
172,,Jesse Cuellar,0
172,,Kasey Wells,0
172,,Over Votes,0
172,,President R. Boddie,0
172,,Robert Morrow,0
172,,Tom Hoefling,0
172,,Under Votes,4
172,DEM,Joseph R. Biden,292
172,GRN,Howie Hawkins,0
172,LIB,Jo Jorgensen,1
172,REP,Donald J. Trump/Michael R. Pence,128
173,,Abram Loeb,0
173,,Gloria La Riva,0
173,,Jesse Cuellar,0
173,,Kasey Wells,0
173,,Over Votes,1
173,,President R. Boddie,0
173,,Robert Morrow,0
173,,Tom Hoefling,0
173,,Under Votes,31
173,DEM,Joseph R. Biden,1253
173,GRN,Howie Hawkins,7
173,LIB,Jo Jorgensen,44
173,REP,Donald J. Trump/Michael R. Pence,2725
174,,Abram Loeb,0
174,,Gloria La Riva,0
174,,Jesse Cuellar,0
174,,Kasey Wells,0
174,,Over Votes,0
174,,President R. Boddie,0
174,,Robert Morrow,0
174,,Tom Hoefling,0
174,,Under Votes,31
174,DEM,Joseph R. Biden,1280
174,GRN,Howie Hawkins,11
174,LIB,Jo Jorgensen,51
174,REP,Donald J. Trump/Michael R. Pence,1540
175,,Abram Loeb,0
175,,Gloria La Riva,0
175,,Jesse Cuellar,0
175,,Kasey Wells,0
175,,Over Votes,1
175,,President R. Boddie,0
175,,Robert Morrow,0
175,,Tom Hoefling,0
175,,Under Votes,18
175,DEM,Joseph R. Biden,1373
175,GRN,Howie Hawkins,8
175,LIB,Jo Jorgensen,22
175,REP,Donald J. Trump/Michael R. Pence,823
176,,Abram Loeb,0
176,,Gloria La Riva,0
176,,Jesse Cuellar,0
176,,Kasey Wells,0
176,,Over Votes,0
176,,President R. Boddie,0
176,,Robert Morrow,0
176,,Tom Hoefling,0
176,,Under Votes,15
176,DEM,Joseph R. Biden,655
176,GRN,Howie Hawkins,2
176,LIB,Jo Jorgensen,7
176,REP,Donald J. Trump/Michael R. Pence,464
177,,Abram Loeb,0
177,,Gloria La Riva,0
177,,Jesse Cuellar,0
177,,Kasey Wells,0
177,,Over Votes,0
177,,President R. Boddie,0
177,,Robert Morrow,0
177,,Tom Hoefling,0
177,,Under Votes,18
177,DEM,Joseph R. Biden,973
177,GRN,Howie Hawkins,3
177,LIB,Jo Jorgensen,17
177,REP,Donald J. Trump/Michael R. Pence,586
178,,Abram Loeb,0
178,,Gloria La Riva,0
178,,Jesse Cuellar,0
178,,Kasey Wells,0
178,,Over Votes,0
178,,President R. Boddie,0
178,,Robert Morrow,0
178,,Tom Hoefling,0
178,,Under Votes,17
178,DEM,Joseph R. Biden,848
178,GRN,Howie Hawkins,1
178,LIB,Jo Jorgensen,13
178,REP,Donald J. Trump/Michael R. Pence,859
179,,Abram Loeb,0
179,,Gloria La Riva,0
179,,Jesse Cuellar,0
179,,Kasey Wells,0
179,,Over Votes,0
179,,President R. Boddie,0
179,,Robert Morrow,0
179,,Tom Hoefling,0
179,,Under Votes,11
179,DEM,Joseph R. Biden,832
179,GRN,Howie Hawkins,3
179,LIB,Jo Jorgensen,23
179,REP,Donald J. Trump/Michael R. Pence,614
18,,Abram Loeb,0
18,,Gloria La Riva,0
18,,Jesse Cuellar,0
18,,Kasey Wells,0
18,,Over Votes,0
18,,President R. Boddie,0
18,,Robert Morrow,0
18,,Tom Hoefling,0
18,,Under Votes,12
18,DEM,Joseph R. Biden,762
18,GRN,Howie Hawkins,2
18,LIB,Jo Jorgensen,10
18,REP,Donald J. Trump/Michael R. Pence,428
180,,Abram Loeb,0
180,,Gloria La Riva,0
180,,Jesse Cuellar,0
180,,Kasey Wells,0
180,,Over Votes,0
180,,President R. Boddie,0
180,,Robert Morrow,0
180,,Tom Hoefling,0
180,,Under Votes,19
180,DEM,Joseph R. Biden,1367
180,GRN,Howie Hawkins,13
180,LIB,Jo Jorgensen,16
180,REP,Donald J. Trump/Michael R. Pence,106
181,,Abram Loeb,0
181,,Gloria La Riva,0
181,,Jesse Cuellar,0
181,,Kasey Wells,0
181,,Over Votes,0
181,,President R. Boddie,0
181,,Robert Morrow,0
181,,Tom Hoefling,0
181,,Under Votes,15
181,DEM,Joseph R. Biden,868
181,GRN,Howie Hawkins,10
181,LIB,Jo Jorgensen,8
181,REP,Donald J. Trump/Michael R. Pence,393
182,,Abram Loeb,0
182,,Gloria La Riva,0
182,,Jesse Cuellar,0
182,,Kasey Wells,0
182,,Over Votes,0
182,,President R. Boddie,0
182,,Robert Morrow,0
182,,Tom Hoefling,0
182,,Under Votes,44
182,DEM,Joseph R. Biden,2137
182,GRN,Howie Hawkins,10
182,LIB,Jo Jorgensen,28
182,REP,Donald J. Trump/Michael R. Pence,1271
183,,Abram Loeb,0
183,,Gloria La Riva,0
183,,Jesse Cuellar,0
183,,Kasey Wells,0
183,,Over Votes,0
183,,President R. Boddie,0
183,,Robert Morrow,0
183,,Tom Hoefling,0
183,,Under Votes,39
183,DEM,Joseph R. Biden,1154
183,GRN,Howie Hawkins,6
183,LIB,Jo Jorgensen,27
183,REP,Donald J. Trump/Michael R. Pence,1021
184,,Abram Loeb,0
184,,Gloria La Riva,0
184,,Jesse Cuellar,0
184,,Kasey Wells,0
184,,Over Votes,0
184,,President R. Boddie,0
184,,Robert Morrow,0
184,,Tom Hoefling,0
184,,Under Votes,8
184,DEM,Joseph R. Biden,441
184,GRN,Howie Hawkins,1
184,LIB,Jo Jorgensen,7
184,REP,Donald J. Trump/Michael R. Pence,180
185,,Abram Loeb,0
185,,Gloria La Riva,0
185,,Jesse Cuellar,0
185,,Kasey Wells,0
185,,Over Votes,0
185,,President R. Boddie,0
185,,Robert Morrow,0
185,,Tom Hoefling,0
185,,Under Votes,12
185,DEM,Joseph R. Biden,846
185,GRN,Howie Hawkins,6
185,LIB,Jo Jorgensen,5
185,REP,Donald J. Trump/Michael R. Pence,404
186,,Abram Loeb,0
186,,Gloria La Riva,0
186,,Jesse Cuellar,0
186,,Kasey Wells,0
186,,Over Votes,2
186,,President R. Boddie,0
186,,Robert Morrow,0
186,,Tom Hoefling,0
186,,Under Votes,4
186,DEM,Joseph R. Biden,355
186,GRN,Howie Hawkins,5
186,LIB,Jo Jorgensen,1
186,REP,Donald J. Trump/Michael R. Pence,76
187,,Abram Loeb,0
187,,Gloria La Riva,0
187,,Jesse Cuellar,0
187,,Kasey Wells,0
187,,Over Votes,0
187,,President R. Boddie,0
187,,Robert Morrow,0
187,,Tom Hoefling,0
187,,Under Votes,1
187,DEM,Joseph R. Biden,100
187,GRN,Howie Hawkins,2
187,LIB,Jo Jorgensen,1
187,REP,Donald J. Trump/Michael R. Pence,43
188,,Abram Loeb,0
188,,Gloria La Riva,0
188,,Jesse Cuellar,0
188,,Kasey Wells,0
188,,Over Votes,1
188,,President R. Boddie,0
188,,Robert Morrow,0
188,,Tom Hoefling,0
188,,Under Votes,8
188,DEM,Joseph R. Biden,526
188,GRN,Howie Hawkins,4
188,LIB,Jo Jorgensen,9
188,REP,Donald J. Trump/Michael R. Pence,357
189,,Abram Loeb,0
189,,Gloria La Riva,0
189,,Jesse Cuellar,0
189,,Kasey Wells,0
189,,Over Votes,0
189,,President R. Boddie,0
189,,Robert Morrow,0
189,,Tom Hoefling,0
189,,Under Votes,13
189,DEM,Joseph R. Biden,740
189,GRN,Howie Hawkins,2
189,LIB,Jo Jorgensen,20
189,REP,Donald J. Trump/Michael R. Pence,564
19,,Abram Loeb,0
19,,Gloria La Riva,0
19,,Jesse Cuellar,0
19,,Kasey Wells,0
19,,Over Votes,0
19,,President R. Boddie,0
19,,Robert Morrow,0
19,,Tom Hoefling,0
19,,Under Votes,8
19,DEM,Joseph R. Biden,964
19,GRN,Howie Hawkins,3
19,LIB,Jo Jorgensen,35
19,REP,Donald J. Trump/Michael R. Pence,292
190,,Abram Loeb,0
190,,Gloria La Riva,0
190,,Jesse Cuellar,0
190,,Kasey Wells,0
190,,Over Votes,0
190,,President R. Boddie,0
190,,Robert Morrow,0
190,,Tom Hoefling,0
190,,Under Votes,12
190,DEM,Joseph R. Biden,588
190,GRN,Howie Hawkins,8
190,LIB,Jo Jorgensen,10
190,REP,Donald J. Trump/Michael R. Pence,374
191,,Abram Loeb,0
191,,Gloria La Riva,0
191,,Jesse Cuellar,0
191,,Kasey Wells,0
191,,Over Votes,0
191,,President R. Boddie,0
191,,Robert Morrow,0
191,,Tom Hoefling,0
191,,Under Votes,9
191,DEM,Joseph R. Biden,417
191,GRN,Howie Hawkins,4
191,LIB,Jo Jorgensen,3
191,REP,Donald J. Trump/Michael R. Pence,263
192,,Abram Loeb,0
192,,Gloria La Riva,0
192,,Jesse Cuellar,0
192,,Kasey Wells,0
192,,Over Votes,0
192,,President R. Boddie,0
192,,Robert Morrow,0
192,,Tom Hoefling,0
192,,Under Votes,20
192,DEM,Joseph R. Biden,1017
192,GRN,Howie Hawkins,7
192,LIB,Jo Jorgensen,6
192,REP,Donald J. Trump/Michael R. Pence,119
193,,Abram Loeb,0
193,,Gloria La Riva,0
193,,Jesse Cuellar,0
193,,Kasey Wells,0
193,,Over Votes,0
193,,President R. Boddie,0
193,,Robert Morrow,0
193,,Tom Hoefling,0
193,,Under Votes,10
193,DEM,Joseph R. Biden,595
193,GRN,Howie Hawkins,7
193,LIB,Jo Jorgensen,2
193,REP,Donald J. Trump/Michael R. Pence,32
194,,Abram Loeb,0
194,,Gloria La Riva,0
194,,Jesse Cuellar,0
194,,Kasey Wells,0
194,,Over Votes,0
194,,President R. Boddie,0
194,,Robert Morrow,0
194,,Tom Hoefling,0
194,,Under Votes,12
194,DEM,Joseph R. Biden,1557
194,GRN,Howie Hawkins,5
194,LIB,Jo Jorgensen,27
194,REP,Donald J. Trump/Michael R. Pence,375
195,,Abram Loeb,0
195,,Gloria La Riva,0
195,,Jesse Cuellar,0
195,,Kasey Wells,0
195,,Over Votes,0
195,,President R. Boddie,0
195,,Robert Morrow,0
195,,Tom Hoefling,0
195,,Under Votes,8
195,DEM,Joseph R. Biden,975
195,GRN,Howie Hawkins,4
195,LIB,Jo Jorgensen,13
195,REP,Donald J. Trump/Michael R. Pence,166
196,,Abram Loeb,0
196,,Gloria La Riva,0
196,,Jesse Cuellar,0
196,,Kasey Wells,0
196,,Over Votes,0
196,,President R. Boddie,0
196,,Robert Morrow,0
196,,Tom Hoefling,0
196,,Under Votes,3
196,DEM,Joseph R. Biden,207
196,GRN,Howie Hawkins,3
196,LIB,Jo Jorgensen,3
196,REP,Donald J. Trump/Michael R. Pence,40
197,,Abram Loeb,0
197,,Gloria La Riva,0
197,,Jesse Cuellar,0
197,,Kasey Wells,0
197,,Over Votes,3
197,,President R. Boddie,0
197,,Robert Morrow,0
197,,Tom Hoefling,0
197,,Under Votes,21
197,DEM,Joseph R. Biden,1431
197,GRN,Howie Hawkins,6
197,LIB,Jo Jorgensen,3
197,REP,Donald J. Trump/Michael R. Pence,99
198,,Abram Loeb,0
198,,Gloria La Riva,0
198,,Jesse Cuellar,0
198,,Kasey Wells,0
198,,Over Votes,1
198,,President R. Boddie,0
198,,Robert Morrow,0
198,,Tom Hoefling,0
198,,Under Votes,6
198,DEM,Joseph R. Biden,300
198,GRN,Howie Hawkins,3
198,LIB,Jo Jorgensen,5
198,REP,Donald J. Trump/Michael R. Pence,32
199,,Abram Loeb,0
199,,Gloria La Riva,0
199,,Jesse Cuellar,0
199,,Kasey Wells,0
199,,Over Votes,1
199,,President R. Boddie,0
199,,Robert Morrow,0
199,,Tom Hoefling,0
199,,Under Votes,30
199,DEM,Joseph R. Biden,906
199,GRN,Howie Hawkins,8
199,LIB,Jo Jorgensen,36
199,REP,Donald J. Trump/Michael R. Pence,2119
2,,Abram Loeb,0
2,,Gloria La Riva,0
2,,Jesse Cuellar,0
2,,Kasey Wells,0
2,,Over Votes,0
2,,President R. Boddie,0
2,,Robert Morrow,0
2,,Tom Hoefling,0
2,,Under Votes,11
2,DEM,Joseph R. Biden,1093
2,GRN,Howie Hawkins,3
2,LIB,Jo Jorgensen,44
2,REP,Donald J. Trump/Michael R. Pence,448
20,,Abram Loeb,0
20,,Gloria La Riva,0
20,,Jesse Cuellar,0
20,,Kasey Wells,0
20,,Over Votes,0
20,,President R. Boddie,0
20,,Robert Morrow,0
20,,Tom Hoefling,0
20,,Under Votes,20
20,DEM,Joseph R. Biden,1305
20,GRN,Howie Hawkins,9
20,LIB,Jo Jorgensen,20
20,REP,Donald J. Trump/Michael R. Pence,371
200,,Abram Loeb,0
200,,Gloria La Riva,0
200,,Jesse Cuellar,0
200,,Kasey Wells,0
200,,Over Votes,0
200,,President R. Boddie,0
200,,Robert Morrow,0
200,,Tom Hoefling,0
200,,Under Votes,26
200,DEM,Joseph R. Biden,2146
200,GRN,Howie Hawkins,11
200,LIB,Jo Jorgensen,57
200,REP,Donald J. Trump/Michael R. Pence,1166
201,,Abram Loeb,0
201,,Gloria La Riva,0
201,,Jesse Cuellar,0
201,,Kasey Wells,0
201,,Over Votes,1
201,,President R. Boddie,0
201,,Robert Morrow,0
201,,Tom Hoefling,0
201,,Under Votes,4
201,DEM,Joseph R. Biden,328
201,GRN,Howie Hawkins,3
201,LIB,Jo Jorgensen,0
201,REP,Donald J. Trump/Michael R. Pence,32
202,,Abram Loeb,0
202,,Gloria La Riva,0
202,,Jesse Cuellar,0
202,,Kasey Wells,0
202,,Over Votes,0
202,,President R. Boddie,0
202,,Robert Morrow,0
202,,Tom Hoefling,0
202,,Under Votes,7
202,DEM,Joseph R. Biden,671
202,GRN,Howie Hawkins,5
202,LIB,Jo Jorgensen,5
202,REP,Donald J. Trump/Michael R. Pence,49
203,,Abram Loeb,0
203,,Gloria La Riva,0
203,,Jesse Cuellar,0
203,,Kasey Wells,0
203,,Over Votes,0
203,,President R. Boddie,0
203,,Robert Morrow,0
203,,Tom Hoefling,0
203,,Under Votes,5
203,DEM,Joseph R. Biden,380
203,GRN,Howie Hawkins,3
203,LIB,Jo Jorgensen,5
203,REP,Donald J. Trump/Michael R. Pence,116
204,,Abram Loeb,0
204,,Gloria La Riva,0
204,,Jesse Cuellar,0
204,,Kasey Wells,0
204,,Over Votes,1
204,,President R. Boddie,0
204,,Robert Morrow,0
204,,Tom Hoefling,0
204,,Under Votes,31
204,DEM,Joseph R. Biden,1675
204,GRN,Howie Hawkins,9
204,LIB,Jo Jorgensen,45
204,REP,Donald J. Trump/Michael R. Pence,1331
205,,Abram Loeb,0
205,,Gloria La Riva,0
205,,Jesse Cuellar,0
205,,Kasey Wells,0
205,,Over Votes,0
205,,President R. Boddie,0
205,,Robert Morrow,0
205,,Tom Hoefling,0
205,,Under Votes,15
205,DEM,Joseph R. Biden,929
205,GRN,Howie Hawkins,6
205,LIB,Jo Jorgensen,6
205,REP,Donald J. Trump/Michael R. Pence,73
206,,Abram Loeb,0
206,,Gloria La Riva,0
206,,Jesse Cuellar,0
206,,Kasey Wells,0
206,,Over Votes,0
206,,President R. Boddie,0
206,,Robert Morrow,0
206,,Tom Hoefling,0
206,,Under Votes,14
206,DEM,Joseph R. Biden,1706
206,GRN,Howie Hawkins,7
206,LIB,Jo Jorgensen,40
206,REP,Donald J. Trump/Michael R. Pence,629
207,,Abram Loeb,0
207,,Gloria La Riva,1
207,,Jesse Cuellar,0
207,,Kasey Wells,0
207,,Over Votes,0
207,,President R. Boddie,0
207,,Robert Morrow,0
207,,Tom Hoefling,0
207,,Under Votes,8
207,DEM,Joseph R. Biden,621
207,GRN,Howie Hawkins,4
207,LIB,Jo Jorgensen,10
207,REP,Donald J. Trump/Michael R. Pence,247
208,,Abram Loeb,0
208,,Gloria La Riva,0
208,,Jesse Cuellar,0
208,,Kasey Wells,0
208,,Over Votes,0
208,,President R. Boddie,0
208,,Robert Morrow,0
208,,Tom Hoefling,0
208,,Under Votes,49
208,DEM,Joseph R. Biden,874
208,GRN,Howie Hawkins,8
208,LIB,Jo Jorgensen,7
208,REP,Donald J. Trump/Michael R. Pence,495
209,,Abram Loeb,0
209,,Gloria La Riva,0
209,,Jesse Cuellar,0
209,,Kasey Wells,0
209,,Over Votes,0
209,,President R. Boddie,0
209,,Robert Morrow,0
209,,Tom Hoefling,0
209,,Under Votes,0
209,DEM,Joseph R. Biden,0
209,GRN,Howie Hawkins,0
209,LIB,Jo Jorgensen,0
209,REP,Donald J. Trump/Michael R. Pence,0
21,,Abram Loeb,0
21,,Gloria La Riva,0
21,,Jesse Cuellar,0
21,,Kasey Wells,0
21,,Over Votes,0
21,,President R. Boddie,0
21,,Robert Morrow,0
21,,Tom Hoefling,0
21,,Under Votes,8
21,DEM,Joseph R. Biden,772
21,GRN,Howie Hawkins,6
21,LIB,Jo Jorgensen,16
21,REP,Donald J. Trump/Michael R. Pence,149
210,,Abram Loeb,0
210,,Gloria La Riva,0
210,,Jesse Cuellar,0
210,,Kasey Wells,0
210,,Over Votes,1
210,,President R. Boddie,0
210,,Robert Morrow,0
210,,Tom Hoefling,0
210,,Under Votes,28
210,DEM,Joseph R. Biden,1805
210,GRN,Howie Hawkins,10
210,LIB,Jo Jorgensen,23
210,REP,Donald J. Trump/Michael R. Pence,283
211,,Abram Loeb,0
211,,Gloria La Riva,0
211,,Jesse Cuellar,0
211,,Kasey Wells,0
211,,Over Votes,0
211,,President R. Boddie,0
211,,Robert Morrow,0
211,,Tom Hoefling,0
211,,Under Votes,22
211,DEM,Joseph R. Biden,1087
211,GRN,Howie Hawkins,17
211,LIB,Jo Jorgensen,16
211,REP,Donald J. Trump/Michael R. Pence,723
212,,Abram Loeb,0
212,,Gloria La Riva,0
212,,Jesse Cuellar,0
212,,Kasey Wells,0
212,,Over Votes,0
212,,President R. Boddie,0
212,,Robert Morrow,0
212,,Tom Hoefling,0
212,,Under Votes,9
212,DEM,Joseph R. Biden,488
212,GRN,Howie Hawkins,4
212,LIB,Jo Jorgensen,4
212,REP,Donald J. Trump/Michael R. Pence,204
213,,Abram Loeb,0
213,,Gloria La Riva,0
213,,Jesse Cuellar,0
213,,Kasey Wells,0
213,,Over Votes,0
213,,President R. Boddie,0
213,,Robert Morrow,0
213,,Tom Hoefling,0
213,,Under Votes,34
213,DEM,Joseph R. Biden,924
213,GRN,Howie Hawkins,3
213,LIB,Jo Jorgensen,33
213,REP,Donald J. Trump/Michael R. Pence,2048
214,,Abram Loeb,0
214,,Gloria La Riva,0
214,,Jesse Cuellar,0
214,,Kasey Wells,0
214,,Over Votes,0
214,,President R. Boddie,0
214,,Robert Morrow,0
214,,Tom Hoefling,0
214,,Under Votes,12
214,DEM,Joseph R. Biden,934
214,GRN,Howie Hawkins,3
214,LIB,Jo Jorgensen,20
214,REP,Donald J. Trump/Michael R. Pence,698
215,,Abram Loeb,0
215,,Gloria La Riva,0
215,,Jesse Cuellar,0
215,,Kasey Wells,0
215,,Over Votes,1
215,,President R. Boddie,0
215,,Robert Morrow,0
215,,Tom Hoefling,0
215,,Under Votes,19
215,DEM,Joseph R. Biden,1144
215,GRN,Howie Hawkins,4
215,LIB,Jo Jorgensen,19
215,REP,Donald J. Trump/Michael R. Pence,852
216,,Abram Loeb,0
216,,Gloria La Riva,0
216,,Jesse Cuellar,0
216,,Kasey Wells,0
216,,Over Votes,3
216,,President R. Boddie,0
216,,Robert Morrow,0
216,,Tom Hoefling,0
216,,Under Votes,14
216,DEM,Joseph R. Biden,1030
216,GRN,Howie Hawkins,5
216,LIB,Jo Jorgensen,7
216,REP,Donald J. Trump/Michael R. Pence,113
217,,Abram Loeb,0
217,,Gloria La Riva,0
217,,Jesse Cuellar,0
217,,Kasey Wells,0
217,,Over Votes,0
217,,President R. Boddie,0
217,,Robert Morrow,0
217,,Tom Hoefling,0
217,,Under Votes,39
217,DEM,Joseph R. Biden,1223
217,GRN,Howie Hawkins,4
217,LIB,Jo Jorgensen,23
217,REP,Donald J. Trump/Michael R. Pence,1126
218,,Abram Loeb,0
218,,Gloria La Riva,0
218,,Jesse Cuellar,0
218,,Kasey Wells,0
218,,Over Votes,0
218,,President R. Boddie,0
218,,Robert Morrow,0
218,,Tom Hoefling,0
218,,Under Votes,18
218,DEM,Joseph R. Biden,1340
218,GRN,Howie Hawkins,8
218,LIB,Jo Jorgensen,15
218,REP,Donald J. Trump/Michael R. Pence,476
219,,Abram Loeb,0
219,,Gloria La Riva,0
219,,Jesse Cuellar,0
219,,Kasey Wells,0
219,,Over Votes,0
219,,President R. Boddie,0
219,,Robert Morrow,0
219,,Tom Hoefling,0
219,,Under Votes,15
219,DEM,Joseph R. Biden,1619
219,GRN,Howie Hawkins,6
219,LIB,Jo Jorgensen,12
219,REP,Donald J. Trump/Michael R. Pence,137
22,,Abram Loeb,0
22,,Gloria La Riva,0
22,,Jesse Cuellar,0
22,,Kasey Wells,0
22,,Over Votes,0
22,,President R. Boddie,0
22,,Robert Morrow,0
22,,Tom Hoefling,0
22,,Under Votes,10
22,DEM,Joseph R. Biden,1304
22,GRN,Howie Hawkins,3
22,LIB,Jo Jorgensen,13
22,REP,Donald J. Trump/Michael R. Pence,218
220,,Abram Loeb,0
220,,Gloria La Riva,0
220,,Jesse Cuellar,0
220,,Kasey Wells,0
220,,Over Votes,2
220,,President R. Boddie,0
220,,Robert Morrow,0
220,,Tom Hoefling,0
220,,Under Votes,16
220,DEM,Joseph R. Biden,446
220,GRN,Howie Hawkins,9
220,LIB,Jo Jorgensen,5
220,REP,Donald J. Trump/Michael R. Pence,817
221,,Abram Loeb,0
221,,Gloria La Riva,0
221,,Jesse Cuellar,0
221,,Kasey Wells,0
221,,Over Votes,0
221,,President R. Boddie,0
221,,Robert Morrow,0
221,,Tom Hoefling,0
221,,Under Votes,18
221,DEM,Joseph R. Biden,1029
221,GRN,Howie Hawkins,7
221,LIB,Jo Jorgensen,10
221,REP,Donald J. Trump/Michael R. Pence,663
222,,Abram Loeb,0
222,,Gloria La Riva,0
222,,Jesse Cuellar,0
222,,Kasey Wells,0
222,,Over Votes,0
222,,President R. Boddie,0
222,,Robert Morrow,0
222,,Tom Hoefling,0
222,,Under Votes,33
222,DEM,Joseph R. Biden,1586
222,GRN,Howie Hawkins,0
222,LIB,Jo Jorgensen,31
222,REP,Donald J. Trump/Michael R. Pence,809
223,,Abram Loeb,0
223,,Gloria La Riva,0
223,,Jesse Cuellar,0
223,,Kasey Wells,0
223,,Over Votes,0
223,,President R. Boddie,0
223,,Robert Morrow,0
223,,Tom Hoefling,0
223,,Under Votes,28
223,DEM,Joseph R. Biden,2180
223,GRN,Howie Hawkins,14
223,LIB,Jo Jorgensen,34
223,REP,Donald J. Trump/Michael R. Pence,479
224,,Abram Loeb,0
224,,Gloria La Riva,0
224,,Jesse Cuellar,0
224,,Kasey Wells,0
224,,Over Votes,0
224,,President R. Boddie,0
224,,Robert Morrow,0
224,,Tom Hoefling,1
224,,Under Votes,19
224,DEM,Joseph R. Biden,1419
224,GRN,Howie Hawkins,5
224,LIB,Jo Jorgensen,21
224,REP,Donald J. Trump/Michael R. Pence,699
225,,Abram Loeb,0
225,,Gloria La Riva,0
225,,Jesse Cuellar,0
225,,Kasey Wells,0
225,,Over Votes,0
225,,President R. Boddie,0
225,,Robert Morrow,0
225,,Tom Hoefling,0
225,,Under Votes,13
225,DEM,Joseph R. Biden,1579
225,GRN,Howie Hawkins,13
225,LIB,Jo Jorgensen,22
225,REP,Donald J. Trump/Michael R. Pence,844
226,,Abram Loeb,0
226,,Gloria La Riva,0
226,,Jesse Cuellar,0
226,,Kasey Wells,0
226,,Over Votes,0
226,,President R. Boddie,0
226,,Robert Morrow,0
226,,Tom Hoefling,0
226,,Under Votes,16
226,DEM,Joseph R. Biden,975
226,GRN,Howie Hawkins,7
226,LIB,Jo Jorgensen,11
226,REP,Donald J. Trump/Michael R. Pence,377
227,,Abram Loeb,0
227,,Gloria La Riva,0
227,,Jesse Cuellar,0
227,,Kasey Wells,0
227,,Over Votes,0
227,,President R. Boddie,0
227,,Robert Morrow,0
227,,Tom Hoefling,0
227,,Under Votes,29
227,DEM,Joseph R. Biden,647
227,GRN,Howie Hawkins,3
227,LIB,Jo Jorgensen,15
227,REP,Donald J. Trump/Michael R. Pence,797
228,,Abram Loeb,0
228,,Gloria La Riva,0
228,,Jesse Cuellar,0
228,,Kasey Wells,0
228,,Over Votes,0
228,,President R. Boddie,0
228,,Robert Morrow,0
228,,Tom Hoefling,0
228,,Under Votes,13
228,DEM,Joseph R. Biden,788
228,GRN,Howie Hawkins,3
228,LIB,Jo Jorgensen,6
228,REP,Donald J. Trump/Michael R. Pence,58
229,,Abram Loeb,0
229,,Gloria La Riva,0
229,,Jesse Cuellar,0
229,,Kasey Wells,0
229,,Over Votes,0
229,,President R. Boddie,0
229,,Robert Morrow,0
229,,Tom Hoefling,0
229,,Under Votes,6
229,DEM,Joseph R. Biden,271
229,GRN,Howie Hawkins,2
229,LIB,Jo Jorgensen,5
229,REP,Donald J. Trump/Michael R. Pence,164
23,,Abram Loeb,0
23,,Gloria La Riva,0
23,,Jesse Cuellar,0
23,,Kasey Wells,0
23,,Over Votes,1
23,,President R. Boddie,0
23,,Robert Morrow,0
23,,Tom Hoefling,0
23,,Under Votes,3
23,DEM,Joseph R. Biden,206
23,GRN,Howie Hawkins,2
23,LIB,Jo Jorgensen,3
23,REP,Donald J. Trump/Michael R. Pence,55
230,,Abram Loeb,0
230,,Gloria La Riva,0
230,,Jesse Cuellar,0
230,,Kasey Wells,0
230,,Over Votes,0
230,,President R. Boddie,0
230,,Robert Morrow,0
230,,Tom Hoefling,0
230,,Under Votes,9
230,DEM,Joseph R. Biden,471
230,GRN,Howie Hawkins,2
230,LIB,Jo Jorgensen,1
230,REP,Donald J. Trump/Michael R. Pence,52
231,,Abram Loeb,0
231,,Gloria La Riva,0
231,,Jesse Cuellar,0
231,,Kasey Wells,0
231,,Over Votes,0
231,,President R. Boddie,0
231,,Robert Morrow,0
231,,Tom Hoefling,0
231,,Under Votes,17
231,DEM,Joseph R. Biden,916
231,GRN,Howie Hawkins,7
231,LIB,Jo Jorgensen,4
231,REP,Donald J. Trump/Michael R. Pence,406
232,,Abram Loeb,0
232,,Gloria La Riva,0
232,,Jesse Cuellar,0
232,,Kasey Wells,0
232,,Over Votes,0
232,,President R. Boddie,0
232,,Robert Morrow,0
232,,Tom Hoefling,0
232,,Under Votes,22
232,DEM,Joseph R. Biden,906
232,GRN,Howie Hawkins,0
232,LIB,Jo Jorgensen,26
232,REP,Donald J. Trump/Michael R. Pence,653
233,,Abram Loeb,0
233,,Gloria La Riva,0
233,,Jesse Cuellar,0
233,,Kasey Wells,0
233,,Over Votes,0
233,,President R. Boddie,0
233,,Robert Morrow,0
233,,Tom Hoefling,0
233,,Under Votes,40
233,DEM,Joseph R. Biden,3054
233,GRN,Howie Hawkins,7
233,LIB,Jo Jorgensen,74
233,REP,Donald J. Trump/Michael R. Pence,1465
234,,Abram Loeb,0
234,,Gloria La Riva,0
234,,Jesse Cuellar,0
234,,Kasey Wells,0
234,,Over Votes,0
234,,President R. Boddie,0
234,,Robert Morrow,0
234,,Tom Hoefling,0
234,,Under Votes,44
234,DEM,Joseph R. Biden,1529
234,GRN,Howie Hawkins,3
234,LIB,Jo Jorgensen,18
234,REP,Donald J. Trump/Michael R. Pence,2140
235,,Abram Loeb,0
235,,Gloria La Riva,0
235,,Jesse Cuellar,0
235,,Kasey Wells,0
235,,Over Votes,1
235,,President R. Boddie,0
235,,Robert Morrow,0
235,,Tom Hoefling,0
235,,Under Votes,14
235,DEM,Joseph R. Biden,774
235,GRN,Howie Hawkins,7
235,LIB,Jo Jorgensen,2
235,REP,Donald J. Trump/Michael R. Pence,57
236,,Abram Loeb,0
236,,Gloria La Riva,0
236,,Jesse Cuellar,0
236,,Kasey Wells,0
236,,Over Votes,1
236,,President R. Boddie,0
236,,Robert Morrow,0
236,,Tom Hoefling,0
236,,Under Votes,12
236,DEM,Joseph R. Biden,920
236,GRN,Howie Hawkins,5
236,LIB,Jo Jorgensen,7
236,REP,Donald J. Trump/Michael R. Pence,82
237,,Abram Loeb,0
237,,Gloria La Riva,0
237,,Jesse Cuellar,0
237,,Kasey Wells,0
237,,Over Votes,0
237,,President R. Boddie,0
237,,Robert Morrow,0
237,,Tom Hoefling,0
237,,Under Votes,7
237,DEM,Joseph R. Biden,1020
237,GRN,Howie Hawkins,6
237,LIB,Jo Jorgensen,5
237,REP,Donald J. Trump/Michael R. Pence,56
238,,Abram Loeb,0
238,,Gloria La Riva,0
238,,Jesse Cuellar,0
238,,Kasey Wells,0
238,,Over Votes,0
238,,President R. Boddie,0
238,,Robert Morrow,0
238,,Tom Hoefling,0
238,,Under Votes,11
238,DEM,Joseph R. Biden,875
238,GRN,Howie Hawkins,2
238,LIB,Jo Jorgensen,1
238,REP,Donald J. Trump/Michael R. Pence,65
239,,Abram Loeb,0
239,,Gloria La Riva,0
239,,Jesse Cuellar,0
239,,Kasey Wells,0
239,,Over Votes,1
239,,President R. Boddie,0
239,,Robert Morrow,0
239,,Tom Hoefling,0
239,,Under Votes,14
239,DEM,Joseph R. Biden,931
239,GRN,Howie Hawkins,3
239,LIB,Jo Jorgensen,11
239,REP,Donald J. Trump/Michael R. Pence,62
24,,Abram Loeb,0
24,,Gloria La Riva,0
24,,Jesse Cuellar,0
24,,Kasey Wells,0
24,,Over Votes,1
24,,President R. Boddie,0
24,,Robert Morrow,0
24,,Tom Hoefling,0
24,,Under Votes,9
24,DEM,Joseph R. Biden,513
24,GRN,Howie Hawkins,1
24,LIB,Jo Jorgensen,4
24,REP,Donald J. Trump/Michael R. Pence,81
240,,Abram Loeb,0
240,,Gloria La Riva,0
240,,Jesse Cuellar,0
240,,Kasey Wells,0
240,,Over Votes,1
240,,President R. Boddie,0
240,,Robert Morrow,0
240,,Tom Hoefling,0
240,,Under Votes,16
240,DEM,Joseph R. Biden,1329
240,GRN,Howie Hawkins,12
240,LIB,Jo Jorgensen,4
240,REP,Donald J. Trump/Michael R. Pence,78
241,,Abram Loeb,0
241,,Gloria La Riva,0
241,,Jesse Cuellar,0
241,,Kasey Wells,0
241,,Over Votes,0
241,,President R. Boddie,0
241,,Robert Morrow,0
241,,Tom Hoefling,0
241,,Under Votes,13
241,DEM,Joseph R. Biden,784
241,GRN,Howie Hawkins,3
241,LIB,Jo Jorgensen,11
241,REP,Donald J. Trump/Michael R. Pence,482
242,,Abram Loeb,0
242,,Gloria La Riva,0
242,,Jesse Cuellar,0
242,,Kasey Wells,0
242,,Over Votes,0
242,,President R. Boddie,0
242,,Robert Morrow,0
242,,Tom Hoefling,0
242,,Under Votes,19
242,DEM,Joseph R. Biden,501
242,GRN,Howie Hawkins,7
242,LIB,Jo Jorgensen,7
242,REP,Donald J. Trump/Michael R. Pence,458
243,,Abram Loeb,0
243,,Gloria La Riva,0
243,,Jesse Cuellar,0
243,,Kasey Wells,0
243,,Over Votes,1
243,,President R. Boddie,0
243,,Robert Morrow,0
243,,Tom Hoefling,0
243,,Under Votes,5
243,DEM,Joseph R. Biden,363
243,GRN,Howie Hawkins,3
243,LIB,Jo Jorgensen,2
243,REP,Donald J. Trump/Michael R. Pence,12
244,,Abram Loeb,0
244,,Gloria La Riva,0
244,,Jesse Cuellar,0
244,,Kasey Wells,0
244,,Over Votes,0
244,,President R. Boddie,0
244,,Robert Morrow,0
244,,Tom Hoefling,0
244,,Under Votes,20
244,DEM,Joseph R. Biden,1294
244,GRN,Howie Hawkins,7
244,LIB,Jo Jorgensen,20
244,REP,Donald J. Trump/Michael R. Pence,984
245,,Abram Loeb,0
245,,Gloria La Riva,0
245,,Jesse Cuellar,0
245,,Kasey Wells,0
245,,Over Votes,0
245,,President R. Boddie,0
245,,Robert Morrow,0
245,,Tom Hoefling,0
245,,Under Votes,24
245,DEM,Joseph R. Biden,1445
245,GRN,Howie Hawkins,6
245,LIB,Jo Jorgensen,59
245,REP,Donald J. Trump/Michael R. Pence,2026
246,,Abram Loeb,0
246,,Gloria La Riva,0
246,,Jesse Cuellar,0
246,,Kasey Wells,0
246,,Over Votes,1
246,,President R. Boddie,0
246,,Robert Morrow,0
246,,Tom Hoefling,0
246,,Under Votes,33
246,DEM,Joseph R. Biden,1644
246,GRN,Howie Hawkins,11
246,LIB,Jo Jorgensen,30
246,REP,Donald J. Trump/Michael R. Pence,1763
247,,Abram Loeb,0
247,,Gloria La Riva,0
247,,Jesse Cuellar,0
247,,Kasey Wells,0
247,,Over Votes,0
247,,President R. Boddie,0
247,,Robert Morrow,0
247,,Tom Hoefling,0
247,,Under Votes,4
247,DEM,Joseph R. Biden,746
247,GRN,Howie Hawkins,6
247,LIB,Jo Jorgensen,1
247,REP,Donald J. Trump/Michael R. Pence,47
248,,Abram Loeb,0
248,,Gloria La Riva,0
248,,Jesse Cuellar,0
248,,Kasey Wells,0
248,,Over Votes,1
248,,President R. Boddie,0
248,,Robert Morrow,0
248,,Tom Hoefling,0
248,,Under Votes,18
248,DEM,Joseph R. Biden,604
248,GRN,Howie Hawkins,5
248,LIB,Jo Jorgensen,15
248,REP,Donald J. Trump/Michael R. Pence,323
249,,Abram Loeb,0
249,,Gloria La Riva,0
249,,Jesse Cuellar,0
249,,Kasey Wells,0
249,,Over Votes,0
249,,President R. Boddie,0
249,,Robert Morrow,0
249,,Tom Hoefling,0
249,,Under Votes,15
249,DEM,Joseph R. Biden,675
249,GRN,Howie Hawkins,8
249,LIB,Jo Jorgensen,18
249,REP,Donald J. Trump/Michael R. Pence,1085
25,,Abram Loeb,0
25,,Gloria La Riva,0
25,,Jesse Cuellar,0
25,,Kasey Wells,0
25,,Over Votes,0
25,,President R. Boddie,0
25,,Robert Morrow,0
25,,Tom Hoefling,0
25,,Under Votes,10
25,DEM,Joseph R. Biden,441
25,GRN,Howie Hawkins,1
25,LIB,Jo Jorgensen,4
25,REP,Donald J. Trump/Michael R. Pence,31
250,,Abram Loeb,0
250,,Gloria La Riva,0
250,,Jesse Cuellar,0
250,,Kasey Wells,0
250,,Over Votes,0
250,,President R. Boddie,0
250,,Robert Morrow,0
250,,Tom Hoefling,0
250,,Under Votes,4
250,DEM,Joseph R. Biden,487
250,GRN,Howie Hawkins,1
250,LIB,Jo Jorgensen,1
250,REP,Donald J. Trump/Michael R. Pence,32
251,,Abram Loeb,0
251,,Gloria La Riva,0
251,,Jesse Cuellar,0
251,,Kasey Wells,0
251,,Over Votes,0
251,,President R. Boddie,0
251,,Robert Morrow,0
251,,Tom Hoefling,0
251,,Under Votes,19
251,DEM,Joseph R. Biden,1210
251,GRN,Howie Hawkins,3
251,LIB,Jo Jorgensen,17
251,REP,Donald J. Trump/Michael R. Pence,217
252,,Abram Loeb,0
252,,Gloria La Riva,0
252,,Jesse Cuellar,0
252,,Kasey Wells,0
252,,Over Votes,3
252,,President R. Boddie,0
252,,Robert Morrow,0
252,,Tom Hoefling,0
252,,Under Votes,17
252,DEM,Joseph R. Biden,1179
252,GRN,Howie Hawkins,1
252,LIB,Jo Jorgensen,5
252,REP,Donald J. Trump/Michael R. Pence,53
253,,Abram Loeb,0
253,,Gloria La Riva,0
253,,Jesse Cuellar,0
253,,Kasey Wells,0
253,,Over Votes,2
253,,President R. Boddie,0
253,,Robert Morrow,0
253,,Tom Hoefling,0
253,,Under Votes,9
253,DEM,Joseph R. Biden,1016
253,GRN,Howie Hawkins,4
253,LIB,Jo Jorgensen,5
253,REP,Donald J. Trump/Michael R. Pence,82
254,,Abram Loeb,0
254,,Gloria La Riva,0
254,,Jesse Cuellar,0
254,,Kasey Wells,0
254,,Over Votes,2
254,,President R. Boddie,0
254,,Robert Morrow,0
254,,Tom Hoefling,0
254,,Under Votes,8
254,DEM,Joseph R. Biden,567
254,GRN,Howie Hawkins,6
254,LIB,Jo Jorgensen,6
254,REP,Donald J. Trump/Michael R. Pence,258
255,,Abram Loeb,0
255,,Gloria La Riva,0
255,,Jesse Cuellar,0
255,,Kasey Wells,0
255,,Over Votes,1
255,,President R. Boddie,0
255,,Robert Morrow,0
255,,Tom Hoefling,0
255,,Under Votes,19
255,DEM,Joseph R. Biden,1314
255,GRN,Howie Hawkins,6
255,LIB,Jo Jorgensen,19
255,REP,Donald J. Trump/Michael R. Pence,669
256,,Abram Loeb,0
256,,Gloria La Riva,0
256,,Jesse Cuellar,1
256,,Kasey Wells,0
256,,Over Votes,1
256,,President R. Boddie,0
256,,Robert Morrow,0
256,,Tom Hoefling,0
256,,Under Votes,36
256,DEM,Joseph R. Biden,1383
256,GRN,Howie Hawkins,14
256,LIB,Jo Jorgensen,24
256,REP,Donald J. Trump/Michael R. Pence,736
257,,Abram Loeb,0
257,,Gloria La Riva,0
257,,Jesse Cuellar,0
257,,Kasey Wells,0
257,,Over Votes,0
257,,President R. Boddie,0
257,,Robert Morrow,0
257,,Tom Hoefling,0
257,,Under Votes,23
257,DEM,Joseph R. Biden,1412
257,GRN,Howie Hawkins,8
257,LIB,Jo Jorgensen,14
257,REP,Donald J. Trump/Michael R. Pence,553
258,,Abram Loeb,0
258,,Gloria La Riva,0
258,,Jesse Cuellar,0
258,,Kasey Wells,0
258,,Over Votes,1
258,,President R. Boddie,0
258,,Robert Morrow,0
258,,Tom Hoefling,0
258,,Under Votes,31
258,DEM,Joseph R. Biden,1083
258,GRN,Howie Hawkins,3
258,LIB,Jo Jorgensen,34
258,REP,Donald J. Trump/Michael R. Pence,1740
259,,Abram Loeb,0
259,,Gloria La Riva,0
259,,Jesse Cuellar,0
259,,Kasey Wells,0
259,,Over Votes,4
259,,President R. Boddie,0
259,,Robert Morrow,0
259,,Tom Hoefling,0
259,,Under Votes,16
259,DEM,Joseph R. Biden,1364
259,GRN,Howie Hawkins,5
259,LIB,Jo Jorgensen,4
259,REP,Donald J. Trump/Michael R. Pence,66
26,,Abram Loeb,0
26,,Gloria La Riva,0
26,,Jesse Cuellar,0
26,,Kasey Wells,0
26,,Over Votes,0
26,,President R. Boddie,0
26,,Robert Morrow,0
26,,Tom Hoefling,0
26,,Under Votes,11
26,DEM,Joseph R. Biden,1071
26,GRN,Howie Hawkins,4
26,LIB,Jo Jorgensen,17
26,REP,Donald J. Trump/Michael R. Pence,310
260,,Abram Loeb,0
260,,Gloria La Riva,0
260,,Jesse Cuellar,0
260,,Kasey Wells,0
260,,Over Votes,0
260,,President R. Boddie,0
260,,Robert Morrow,0
260,,Tom Hoefling,0
260,,Under Votes,14
260,DEM,Joseph R. Biden,609
260,GRN,Howie Hawkins,1
260,LIB,Jo Jorgensen,7
260,REP,Donald J. Trump/Michael R. Pence,523
261,,Abram Loeb,0
261,,Gloria La Riva,0
261,,Jesse Cuellar,0
261,,Kasey Wells,0
261,,Over Votes,0
261,,President R. Boddie,0
261,,Robert Morrow,0
261,,Tom Hoefling,0
261,,Under Votes,8
261,DEM,Joseph R. Biden,496
261,GRN,Howie Hawkins,2
261,LIB,Jo Jorgensen,4
261,REP,Donald J. Trump/Michael R. Pence,279
262,,Abram Loeb,0
262,,Gloria La Riva,0
262,,Jesse Cuellar,0
262,,Kasey Wells,0
262,,Over Votes,0
262,,President R. Boddie,0
262,,Robert Morrow,0
262,,Tom Hoefling,0
262,,Under Votes,29
262,DEM,Joseph R. Biden,1605
262,GRN,Howie Hawkins,9
262,LIB,Jo Jorgensen,30
262,REP,Donald J. Trump/Michael R. Pence,1407
263,,Abram Loeb,0
263,,Gloria La Riva,0
263,,Jesse Cuellar,0
263,,Kasey Wells,0
263,,Over Votes,0
263,,President R. Boddie,0
263,,Robert Morrow,0
263,,Tom Hoefling,0
263,,Under Votes,30
263,DEM,Joseph R. Biden,1221
263,GRN,Howie Hawkins,12
263,LIB,Jo Jorgensen,35
263,REP,Donald J. Trump/Michael R. Pence,2083
264,,Abram Loeb,0
264,,Gloria La Riva,0
264,,Jesse Cuellar,0
264,,Kasey Wells,0
264,,Over Votes,0
264,,President R. Boddie,0
264,,Robert Morrow,0
264,,Tom Hoefling,0
264,,Under Votes,29
264,DEM,Joseph R. Biden,1122
264,GRN,Howie Hawkins,6
264,LIB,Jo Jorgensen,21
264,REP,Donald J. Trump/Michael R. Pence,906
265,,Abram Loeb,0
265,,Gloria La Riva,0
265,,Jesse Cuellar,0
265,,Kasey Wells,0
265,,Over Votes,0
265,,President R. Boddie,0
265,,Robert Morrow,0
265,,Tom Hoefling,0
265,,Under Votes,48
265,DEM,Joseph R. Biden,1210
265,GRN,Howie Hawkins,5
265,LIB,Jo Jorgensen,26
265,REP,Donald J. Trump/Michael R. Pence,1776
266,,Abram Loeb,0
266,,Gloria La Riva,0
266,,Jesse Cuellar,0
266,,Kasey Wells,0
266,,Over Votes,2
266,,President R. Boddie,0
266,,Robert Morrow,0
266,,Tom Hoefling,0
266,,Under Votes,9
266,DEM,Joseph R. Biden,724
266,GRN,Howie Hawkins,2
266,LIB,Jo Jorgensen,15
266,REP,Donald J. Trump/Michael R. Pence,523
267,,Abram Loeb,0
267,,Gloria La Riva,0
267,,Jesse Cuellar,0
267,,Kasey Wells,0
267,,Over Votes,2
267,,President R. Boddie,0
267,,Robert Morrow,0
267,,Tom Hoefling,0
267,,Under Votes,6
267,DEM,Joseph R. Biden,478
267,GRN,Howie Hawkins,2
267,LIB,Jo Jorgensen,7
267,REP,Donald J. Trump/Michael R. Pence,344
268,,Abram Loeb,0
268,,Gloria La Riva,0
268,,Jesse Cuellar,0
268,,Kasey Wells,0
268,,Over Votes,0
268,,President R. Boddie,0
268,,Robert Morrow,0
268,,Tom Hoefling,0
268,,Under Votes,23
268,DEM,Joseph R. Biden,1214
268,GRN,Howie Hawkins,10
268,LIB,Jo Jorgensen,23
268,REP,Donald J. Trump/Michael R. Pence,847
269,,Abram Loeb,0
269,,Gloria La Riva,0
269,,Jesse Cuellar,0
269,,Kasey Wells,0
269,,Over Votes,1
269,,President R. Boddie,0
269,,Robert Morrow,0
269,,Tom Hoefling,0
269,,Under Votes,20
269,DEM,Joseph R. Biden,753
269,GRN,Howie Hawkins,3
269,LIB,Jo Jorgensen,16
269,REP,Donald J. Trump/Michael R. Pence,1191
27,,Abram Loeb,0
27,,Gloria La Riva,0
27,,Jesse Cuellar,0
27,,Kasey Wells,0
27,,Over Votes,1
27,,President R. Boddie,0
27,,Robert Morrow,0
27,,Tom Hoefling,0
27,,Under Votes,25
27,DEM,Joseph R. Biden,1690
27,GRN,Howie Hawkins,15
27,LIB,Jo Jorgensen,22
27,REP,Donald J. Trump/Michael R. Pence,496
270,,Abram Loeb,0
270,,Gloria La Riva,0
270,,Jesse Cuellar,0
270,,Kasey Wells,0
270,,Over Votes,1
270,,President R. Boddie,0
270,,Robert Morrow,0
270,,Tom Hoefling,0
270,,Under Votes,36
270,DEM,Joseph R. Biden,1506
270,GRN,Howie Hawkins,9
270,LIB,Jo Jorgensen,37
270,REP,Donald J. Trump/Michael R. Pence,1238
271,,Abram Loeb,0
271,,Gloria La Riva,0
271,,Jesse Cuellar,0
271,,Kasey Wells,0
271,,Over Votes,0
271,,President R. Boddie,0
271,,Robert Morrow,0
271,,Tom Hoefling,0
271,,Under Votes,22
271,DEM,Joseph R. Biden,1644
271,GRN,Howie Hawkins,1
271,LIB,Jo Jorgensen,6
271,REP,Donald J. Trump/Michael R. Pence,55
272,,Abram Loeb,0
272,,Gloria La Riva,0
272,,Jesse Cuellar,0
272,,Kasey Wells,0
272,,Over Votes,0
272,,President R. Boddie,0
272,,Robert Morrow,0
272,,Tom Hoefling,0
272,,Under Votes,8
272,DEM,Joseph R. Biden,1035
272,GRN,Howie Hawkins,11
272,LIB,Jo Jorgensen,12
272,REP,Donald J. Trump/Michael R. Pence,427
273,,Abram Loeb,0
273,,Gloria La Riva,0
273,,Jesse Cuellar,0
273,,Kasey Wells,0
273,,Over Votes,0
273,,President R. Boddie,0
273,,Robert Morrow,0
273,,Tom Hoefling,0
273,,Under Votes,27
273,DEM,Joseph R. Biden,691
273,GRN,Howie Hawkins,2
273,LIB,Jo Jorgensen,24
273,REP,Donald J. Trump/Michael R. Pence,1414
274,,Abram Loeb,0
274,,Gloria La Riva,0
274,,Jesse Cuellar,0
274,,Kasey Wells,0
274,,Over Votes,1
274,,President R. Boddie,0
274,,Robert Morrow,0
274,,Tom Hoefling,0
274,,Under Votes,30
274,DEM,Joseph R. Biden,850
274,GRN,Howie Hawkins,2
274,LIB,Jo Jorgensen,27
274,REP,Donald J. Trump/Michael R. Pence,1003
275,,Abram Loeb,0
275,,Gloria La Riva,0
275,,Jesse Cuellar,0
275,,Kasey Wells,0
275,,Over Votes,0
275,,President R. Boddie,0
275,,Robert Morrow,0
275,,Tom Hoefling,0
275,,Under Votes,11
275,DEM,Joseph R. Biden,718
275,GRN,Howie Hawkins,9
275,LIB,Jo Jorgensen,6
275,REP,Donald J. Trump/Michael R. Pence,197
276,,Abram Loeb,0
276,,Gloria La Riva,0
276,,Jesse Cuellar,0
276,,Kasey Wells,0
276,,Over Votes,0
276,,President R. Boddie,0
276,,Robert Morrow,0
276,,Tom Hoefling,0
276,,Under Votes,10
276,DEM,Joseph R. Biden,1250
276,GRN,Howie Hawkins,4
276,LIB,Jo Jorgensen,5
276,REP,Donald J. Trump/Michael R. Pence,48
277,,Abram Loeb,0
277,,Gloria La Riva,0
277,,Jesse Cuellar,0
277,,Kasey Wells,0
277,,Over Votes,0
277,,President R. Boddie,0
277,,Robert Morrow,0
277,,Tom Hoefling,0
277,,Under Votes,5
277,DEM,Joseph R. Biden,616
277,GRN,Howie Hawkins,7
277,LIB,Jo Jorgensen,8
277,REP,Donald J. Trump/Michael R. Pence,414
278,,Abram Loeb,0
278,,Gloria La Riva,0
278,,Jesse Cuellar,0
278,,Kasey Wells,0
278,,Over Votes,0
278,,President R. Boddie,0
278,,Robert Morrow,0
278,,Tom Hoefling,0
278,,Under Votes,23
278,DEM,Joseph R. Biden,922
278,GRN,Howie Hawkins,9
278,LIB,Jo Jorgensen,9
278,REP,Donald J. Trump/Michael R. Pence,787
279,,Abram Loeb,0
279,,Gloria La Riva,0
279,,Jesse Cuellar,0
279,,Kasey Wells,0
279,,Over Votes,1
279,,President R. Boddie,0
279,,Robert Morrow,0
279,,Tom Hoefling,0
279,,Under Votes,11
279,DEM,Joseph R. Biden,560
279,GRN,Howie Hawkins,4
279,LIB,Jo Jorgensen,15
279,REP,Donald J. Trump/Michael R. Pence,833
28,,Abram Loeb,0
28,,Gloria La Riva,0
28,,Jesse Cuellar,0
28,,Kasey Wells,0
28,,Over Votes,0
28,,President R. Boddie,0
28,,Robert Morrow,0
28,,Tom Hoefling,2
28,,Under Votes,20
28,DEM,Joseph R. Biden,1259
28,GRN,Howie Hawkins,6
28,LIB,Jo Jorgensen,26
28,REP,Donald J. Trump/Michael R. Pence,1292
280,,Abram Loeb,0
280,,Gloria La Riva,0
280,,Jesse Cuellar,0
280,,Kasey Wells,0
280,,Over Votes,0
280,,President R. Boddie,0
280,,Robert Morrow,0
280,,Tom Hoefling,0
280,,Under Votes,7
280,DEM,Joseph R. Biden,591
280,GRN,Howie Hawkins,3
280,LIB,Jo Jorgensen,4
280,REP,Donald J. Trump/Michael R. Pence,282
281,,Abram Loeb,0
281,,Gloria La Riva,0
281,,Jesse Cuellar,0
281,,Kasey Wells,0
281,,Over Votes,0
281,,President R. Boddie,0
281,,Robert Morrow,0
281,,Tom Hoefling,0
281,,Under Votes,22
281,DEM,Joseph R. Biden,1206
281,GRN,Howie Hawkins,5
281,LIB,Jo Jorgensen,10
281,REP,Donald J. Trump/Michael R. Pence,690
282,,Abram Loeb,0
282,,Gloria La Riva,0
282,,Jesse Cuellar,0
282,,Kasey Wells,0
282,,Over Votes,1
282,,President R. Boddie,0
282,,Robert Morrow,0
282,,Tom Hoefling,0
282,,Under Votes,15
282,DEM,Joseph R. Biden,930
282,GRN,Howie Hawkins,9
282,LIB,Jo Jorgensen,24
282,REP,Donald J. Trump/Michael R. Pence,749
283,,Abram Loeb,0
283,,Gloria La Riva,0
283,,Jesse Cuellar,0
283,,Kasey Wells,0
283,,Over Votes,2
283,,President R. Boddie,0
283,,Robert Morrow,0
283,,Tom Hoefling,1
283,,Under Votes,43
283,DEM,Joseph R. Biden,3679
283,GRN,Howie Hawkins,23
283,LIB,Jo Jorgensen,29
283,REP,Donald J. Trump/Michael R. Pence,935
284,,Abram Loeb,0
284,,Gloria La Riva,1
284,,Jesse Cuellar,0
284,,Kasey Wells,0
284,,Over Votes,1
284,,President R. Boddie,0
284,,Robert Morrow,0
284,,Tom Hoefling,0
284,,Under Votes,38
284,DEM,Joseph R. Biden,1467
284,GRN,Howie Hawkins,5
284,LIB,Jo Jorgensen,24
284,REP,Donald J. Trump/Michael R. Pence,813
285,,Abram Loeb,0
285,,Gloria La Riva,0
285,,Jesse Cuellar,0
285,,Kasey Wells,0
285,,Over Votes,2
285,,President R. Boddie,0
285,,Robert Morrow,0
285,,Tom Hoefling,0
285,,Under Votes,19
285,DEM,Joseph R. Biden,1390
285,GRN,Howie Hawkins,3
285,LIB,Jo Jorgensen,5
285,REP,Donald J. Trump/Michael R. Pence,208
286,,Abram Loeb,0
286,,Gloria La Riva,0
286,,Jesse Cuellar,0
286,,Kasey Wells,0
286,,Over Votes,4
286,,President R. Boddie,0
286,,Robert Morrow,0
286,,Tom Hoefling,0
286,,Under Votes,26
286,DEM,Joseph R. Biden,2201
286,GRN,Howie Hawkins,10
286,LIB,Jo Jorgensen,7
286,REP,Donald J. Trump/Michael R. Pence,323
287,,Abram Loeb,0
287,,Gloria La Riva,0
287,,Jesse Cuellar,0
287,,Kasey Wells,0
287,,Over Votes,1
287,,President R. Boddie,0
287,,Robert Morrow,0
287,,Tom Hoefling,0
287,,Under Votes,12
287,DEM,Joseph R. Biden,856
287,GRN,Howie Hawkins,4
287,LIB,Jo Jorgensen,18
287,REP,Donald J. Trump/Michael R. Pence,541
288,,Abram Loeb,0
288,,Gloria La Riva,0
288,,Jesse Cuellar,0
288,,Kasey Wells,0
288,,Over Votes,2
288,,President R. Boddie,0
288,,Robert Morrow,0
288,,Tom Hoefling,0
288,,Under Votes,10
288,DEM,Joseph R. Biden,1192
288,GRN,Howie Hawkins,5
288,LIB,Jo Jorgensen,1
288,REP,Donald J. Trump/Michael R. Pence,47
289,,Abram Loeb,0
289,,Gloria La Riva,0
289,,Jesse Cuellar,0
289,,Kasey Wells,0
289,,Over Votes,0
289,,President R. Boddie,0
289,,Robert Morrow,0
289,,Tom Hoefling,0
289,,Under Votes,10
289,DEM,Joseph R. Biden,548
289,GRN,Howie Hawkins,4
289,LIB,Jo Jorgensen,11
289,REP,Donald J. Trump/Michael R. Pence,389
29,,Abram Loeb,0
29,,Gloria La Riva,0
29,,Jesse Cuellar,0
29,,Kasey Wells,0
29,,Over Votes,0
29,,President R. Boddie,0
29,,Robert Morrow,0
29,,Tom Hoefling,0
29,,Under Votes,20
29,DEM,Joseph R. Biden,730
29,GRN,Howie Hawkins,2
29,LIB,Jo Jorgensen,13
29,REP,Donald J. Trump/Michael R. Pence,571
290,,Abram Loeb,0
290,,Gloria La Riva,0
290,,Jesse Cuellar,0
290,,Kasey Wells,0
290,,Over Votes,0
290,,President R. Boddie,0
290,,Robert Morrow,0
290,,Tom Hoefling,0
290,,Under Votes,12
290,DEM,Joseph R. Biden,379
290,GRN,Howie Hawkins,6
290,LIB,Jo Jorgensen,21
290,REP,Donald J. Trump/Michael R. Pence,888
291,,Abram Loeb,0
291,,Gloria La Riva,0
291,,Jesse Cuellar,0
291,,Kasey Wells,0
291,,Over Votes,0
291,,President R. Boddie,0
291,,Robert Morrow,0
291,,Tom Hoefling,0
291,,Under Votes,4
291,DEM,Joseph R. Biden,551
291,GRN,Howie Hawkins,1
291,LIB,Jo Jorgensen,13
291,REP,Donald J. Trump/Michael R. Pence,304
292,,Abram Loeb,0
292,,Gloria La Riva,0
292,,Jesse Cuellar,0
292,,Kasey Wells,0
292,,Over Votes,0
292,,President R. Boddie,0
292,,Robert Morrow,0
292,,Tom Hoefling,0
292,,Under Votes,8
292,DEM,Joseph R. Biden,694
292,GRN,Howie Hawkins,1
292,LIB,Jo Jorgensen,5
292,REP,Donald J. Trump/Michael R. Pence,152
293,,Abram Loeb,0
293,,Gloria La Riva,0
293,,Jesse Cuellar,0
293,,Kasey Wells,0
293,,Over Votes,0
293,,President R. Boddie,0
293,,Robert Morrow,0
293,,Tom Hoefling,0
293,,Under Votes,12
293,DEM,Joseph R. Biden,933
293,GRN,Howie Hawkins,5
293,LIB,Jo Jorgensen,13
293,REP,Donald J. Trump/Michael R. Pence,459
294,,Abram Loeb,0
294,,Gloria La Riva,0
294,,Jesse Cuellar,0
294,,Kasey Wells,0
294,,Over Votes,0
294,,President R. Boddie,0
294,,Robert Morrow,0
294,,Tom Hoefling,0
294,,Under Votes,13
294,DEM,Joseph R. Biden,1077
294,GRN,Howie Hawkins,3
294,LIB,Jo Jorgensen,4
294,REP,Donald J. Trump/Michael R. Pence,47
295,,Abram Loeb,0
295,,Gloria La Riva,0
295,,Jesse Cuellar,0
295,,Kasey Wells,0
295,,Over Votes,0
295,,President R. Boddie,0
295,,Robert Morrow,0
295,,Tom Hoefling,0
295,,Under Votes,4
295,DEM,Joseph R. Biden,416
295,GRN,Howie Hawkins,1
295,LIB,Jo Jorgensen,5
295,REP,Donald J. Trump/Michael R. Pence,19
296,,Abram Loeb,0
296,,Gloria La Riva,0
296,,Jesse Cuellar,0
296,,Kasey Wells,0
296,,Over Votes,0
296,,President R. Boddie,0
296,,Robert Morrow,0
296,,Tom Hoefling,1
296,,Under Votes,12
296,DEM,Joseph R. Biden,577
296,GRN,Howie Hawkins,5
296,LIB,Jo Jorgensen,10
296,REP,Donald J. Trump/Michael R. Pence,563
297,,Abram Loeb,0
297,,Gloria La Riva,0
297,,Jesse Cuellar,0
297,,Kasey Wells,0
297,,Over Votes,1
297,,President R. Boddie,0
297,,Robert Morrow,0
297,,Tom Hoefling,0
297,,Under Votes,4
297,DEM,Joseph R. Biden,803
297,GRN,Howie Hawkins,7
297,LIB,Jo Jorgensen,11
297,REP,Donald J. Trump/Michael R. Pence,457
298,,Abram Loeb,0
298,,Gloria La Riva,0
298,,Jesse Cuellar,0
298,,Kasey Wells,0
298,,Over Votes,2
298,,President R. Boddie,0
298,,Robert Morrow,0
298,,Tom Hoefling,0
298,,Under Votes,11
298,DEM,Joseph R. Biden,920
298,GRN,Howie Hawkins,6
298,LIB,Jo Jorgensen,28
298,REP,Donald J. Trump/Michael R. Pence,698
299,,Abram Loeb,0
299,,Gloria La Riva,0
299,,Jesse Cuellar,0
299,,Kasey Wells,0
299,,Over Votes,0
299,,President R. Boddie,0
299,,Robert Morrow,0
299,,Tom Hoefling,0
299,,Under Votes,13
299,DEM,Joseph R. Biden,638
299,GRN,Howie Hawkins,3
299,LIB,Jo Jorgensen,11
299,REP,Donald J. Trump/Michael R. Pence,301
3,,Abram Loeb,0
3,,Gloria La Riva,0
3,,Jesse Cuellar,0
3,,Kasey Wells,0
3,,Over Votes,0
3,,President R. Boddie,0
3,,Robert Morrow,0
3,,Tom Hoefling,0
3,,Under Votes,16
3,DEM,Joseph R. Biden,1120
3,GRN,Howie Hawkins,2
3,LIB,Jo Jorgensen,33
3,REP,Donald J. Trump/Michael R. Pence,502
30,,Abram Loeb,0
30,,Gloria La Riva,0
30,,Jesse Cuellar,0
30,,Kasey Wells,0
30,,Over Votes,0
30,,President R. Boddie,0
30,,Robert Morrow,0
30,,Tom Hoefling,0
30,,Under Votes,23
30,DEM,Joseph R. Biden,1868
30,GRN,Howie Hawkins,6
30,LIB,Jo Jorgensen,50
30,REP,Donald J. Trump/Michael R. Pence,608
300,,Abram Loeb,0
300,,Gloria La Riva,0
300,,Jesse Cuellar,0
300,,Kasey Wells,0
300,,Over Votes,0
300,,President R. Boddie,0
300,,Robert Morrow,0
300,,Tom Hoefling,0
300,,Under Votes,32
300,DEM,Joseph R. Biden,1616
300,GRN,Howie Hawkins,5
300,LIB,Jo Jorgensen,59
300,REP,Donald J. Trump/Michael R. Pence,3180
301,,Abram Loeb,0
301,,Gloria La Riva,0
301,,Jesse Cuellar,0
301,,Kasey Wells,0
301,,Over Votes,3
301,,President R. Boddie,0
301,,Robert Morrow,0
301,,Tom Hoefling,0
301,,Under Votes,10
301,DEM,Joseph R. Biden,720
301,GRN,Howie Hawkins,4
301,LIB,Jo Jorgensen,7
301,REP,Donald J. Trump/Michael R. Pence,564
302,,Abram Loeb,0
302,,Gloria La Riva,0
302,,Jesse Cuellar,0
302,,Kasey Wells,0
302,,Over Votes,0
302,,President R. Boddie,0
302,,Robert Morrow,0
302,,Tom Hoefling,0
302,,Under Votes,22
302,DEM,Joseph R. Biden,919
302,GRN,Howie Hawkins,4
302,LIB,Jo Jorgensen,15
302,REP,Donald J. Trump/Michael R. Pence,1049
303,,Abram Loeb,0
303,,Gloria La Riva,0
303,,Jesse Cuellar,0
303,,Kasey Wells,0
303,,Over Votes,0
303,,President R. Boddie,0
303,,Robert Morrow,0
303,,Tom Hoefling,0
303,,Under Votes,38
303,DEM,Joseph R. Biden,1029
303,GRN,Howie Hawkins,3
303,LIB,Jo Jorgensen,21
303,REP,Donald J. Trump/Michael R. Pence,1946
304,,Abram Loeb,0
304,,Gloria La Riva,0
304,,Jesse Cuellar,0
304,,Kasey Wells,0
304,,Over Votes,1
304,,President R. Boddie,0
304,,Robert Morrow,0
304,,Tom Hoefling,0
304,,Under Votes,23
304,DEM,Joseph R. Biden,1013
304,GRN,Howie Hawkins,6
304,LIB,Jo Jorgensen,24
304,REP,Donald J. Trump/Michael R. Pence,815
305,,Abram Loeb,0
305,,Gloria La Riva,0
305,,Jesse Cuellar,0
305,,Kasey Wells,0
305,,Over Votes,2
305,,President R. Boddie,0
305,,Robert Morrow,0
305,,Tom Hoefling,0
305,,Under Votes,32
305,DEM,Joseph R. Biden,2550
305,GRN,Howie Hawkins,22
305,LIB,Jo Jorgensen,37
305,REP,Donald J. Trump/Michael R. Pence,1274
306,,Abram Loeb,0
306,,Gloria La Riva,0
306,,Jesse Cuellar,0
306,,Kasey Wells,0
306,,Over Votes,0
306,,President R. Boddie,0
306,,Robert Morrow,0
306,,Tom Hoefling,0
306,,Under Votes,12
306,DEM,Joseph R. Biden,669
306,GRN,Howie Hawkins,2
306,LIB,Jo Jorgensen,10
306,REP,Donald J. Trump/Michael R. Pence,879
307,,Abram Loeb,0
307,,Gloria La Riva,0
307,,Jesse Cuellar,0
307,,Kasey Wells,0
307,,Over Votes,0
307,,President R. Boddie,0
307,,Robert Morrow,0
307,,Tom Hoefling,0
307,,Under Votes,20
307,DEM,Joseph R. Biden,1003
307,GRN,Howie Hawkins,4
307,LIB,Jo Jorgensen,32
307,REP,Donald J. Trump/Michael R. Pence,1433
308,,Abram Loeb,0
308,,Gloria La Riva,0
308,,Jesse Cuellar,0
308,,Kasey Wells,0
308,,Over Votes,1
308,,President R. Boddie,0
308,,Robert Morrow,0
308,,Tom Hoefling,0
308,,Under Votes,6
308,DEM,Joseph R. Biden,649
308,GRN,Howie Hawkins,1
308,LIB,Jo Jorgensen,8
308,REP,Donald J. Trump/Michael R. Pence,249
309,,Abram Loeb,0
309,,Gloria La Riva,0
309,,Jesse Cuellar,0
309,,Kasey Wells,0
309,,Over Votes,0
309,,President R. Boddie,0
309,,Robert Morrow,0
309,,Tom Hoefling,0
309,,Under Votes,42
309,DEM,Joseph R. Biden,1266
309,GRN,Howie Hawkins,4
309,LIB,Jo Jorgensen,35
309,REP,Donald J. Trump/Michael R. Pence,1955
31,,Abram Loeb,0
31,,Gloria La Riva,0
31,,Jesse Cuellar,0
31,,Kasey Wells,0
31,,Over Votes,2
31,,President R. Boddie,0
31,,Robert Morrow,0
31,,Tom Hoefling,0
31,,Under Votes,17
31,DEM,Joseph R. Biden,1293
31,GRN,Howie Hawkins,3
31,LIB,Jo Jorgensen,11
31,REP,Donald J. Trump/Michael R. Pence,73
310,,Abram Loeb,0
310,,Gloria La Riva,0
310,,Jesse Cuellar,0
310,,Kasey Wells,0
310,,Over Votes,0
310,,President R. Boddie,0
310,,Robert Morrow,0
310,,Tom Hoefling,0
310,,Under Votes,12
310,DEM,Joseph R. Biden,565
310,GRN,Howie Hawkins,1
310,LIB,Jo Jorgensen,12
310,REP,Donald J. Trump/Michael R. Pence,678
311,,Abram Loeb,0
311,,Gloria La Riva,0
311,,Jesse Cuellar,0
311,,Kasey Wells,0
311,,Over Votes,1
311,,President R. Boddie,0
311,,Robert Morrow,0
311,,Tom Hoefling,0
311,,Under Votes,25
311,DEM,Joseph R. Biden,940
311,GRN,Howie Hawkins,3
311,LIB,Jo Jorgensen,16
311,REP,Donald J. Trump/Michael R. Pence,862
312,,Abram Loeb,0
312,,Gloria La Riva,0
312,,Jesse Cuellar,0
312,,Kasey Wells,0
312,,Over Votes,0
312,,President R. Boddie,0
312,,Robert Morrow,0
312,,Tom Hoefling,0
312,,Under Votes,16
312,DEM,Joseph R. Biden,1460
312,GRN,Howie Hawkins,12
312,LIB,Jo Jorgensen,21
312,REP,Donald J. Trump/Michael R. Pence,1124
313,,Abram Loeb,0
313,,Gloria La Riva,0
313,,Jesse Cuellar,0
313,,Kasey Wells,0
313,,Over Votes,0
313,,President R. Boddie,0
313,,Robert Morrow,0
313,,Tom Hoefling,0
313,,Under Votes,0
313,DEM,Joseph R. Biden,19
313,GRN,Howie Hawkins,0
313,LIB,Jo Jorgensen,0
313,REP,Donald J. Trump/Michael R. Pence,29
314,,Abram Loeb,0
314,,Gloria La Riva,0
314,,Jesse Cuellar,0
314,,Kasey Wells,0
314,,Over Votes,1
314,,President R. Boddie,0
314,,Robert Morrow,0
314,,Tom Hoefling,0
314,,Under Votes,28
314,DEM,Joseph R. Biden,2253
314,GRN,Howie Hawkins,10
314,LIB,Jo Jorgensen,52
314,REP,Donald J. Trump/Michael R. Pence,2414
315,,Abram Loeb,0
315,,Gloria La Riva,0
315,,Jesse Cuellar,0
315,,Kasey Wells,0
315,,Over Votes,0
315,,President R. Boddie,0
315,,Robert Morrow,0
315,,Tom Hoefling,0
315,,Under Votes,12
315,DEM,Joseph R. Biden,686
315,GRN,Howie Hawkins,2
315,LIB,Jo Jorgensen,12
315,REP,Donald J. Trump/Michael R. Pence,595
316,,Abram Loeb,0
316,,Gloria La Riva,0
316,,Jesse Cuellar,0
316,,Kasey Wells,0
316,,Over Votes,0
316,,President R. Boddie,0
316,,Robert Morrow,0
316,,Tom Hoefling,0
316,,Under Votes,5
316,DEM,Joseph R. Biden,731
316,GRN,Howie Hawkins,3
316,LIB,Jo Jorgensen,16
316,REP,Donald J. Trump/Michael R. Pence,498
317,,Abram Loeb,0
317,,Gloria La Riva,0
317,,Jesse Cuellar,0
317,,Kasey Wells,0
317,,Over Votes,0
317,,President R. Boddie,0
317,,Robert Morrow,0
317,,Tom Hoefling,0
317,,Under Votes,5
317,DEM,Joseph R. Biden,722
317,GRN,Howie Hawkins,8
317,LIB,Jo Jorgensen,2
317,REP,Donald J. Trump/Michael R. Pence,190
318,,Abram Loeb,0
318,,Gloria La Riva,0
318,,Jesse Cuellar,0
318,,Kasey Wells,0
318,,Over Votes,1
318,,President R. Boddie,0
318,,Robert Morrow,0
318,,Tom Hoefling,0
318,,Under Votes,23
318,DEM,Joseph R. Biden,2187
318,GRN,Howie Hawkins,8
318,LIB,Jo Jorgensen,16
318,REP,Donald J. Trump/Michael R. Pence,217
319,,Abram Loeb,0
319,,Gloria La Riva,0
319,,Jesse Cuellar,0
319,,Kasey Wells,0
319,,Over Votes,1
319,,President R. Boddie,0
319,,Robert Morrow,0
319,,Tom Hoefling,0
319,,Under Votes,16
319,DEM,Joseph R. Biden,1196
319,GRN,Howie Hawkins,4
319,LIB,Jo Jorgensen,5
319,REP,Donald J. Trump/Michael R. Pence,148
32,,Abram Loeb,0
32,,Gloria La Riva,0
32,,Jesse Cuellar,0
32,,Kasey Wells,0
32,,Over Votes,0
32,,President R. Boddie,0
32,,Robert Morrow,0
32,,Tom Hoefling,0
32,,Under Votes,17
32,DEM,Joseph R. Biden,1797
32,GRN,Howie Hawkins,9
32,LIB,Jo Jorgensen,51
32,REP,Donald J. Trump/Michael R. Pence,628
320,,Abram Loeb,0
320,,Gloria La Riva,0
320,,Jesse Cuellar,0
320,,Kasey Wells,0
320,,Over Votes,1
320,,President R. Boddie,0
320,,Robert Morrow,0
320,,Tom Hoefling,0
320,,Under Votes,6
320,DEM,Joseph R. Biden,525
320,GRN,Howie Hawkins,4
320,LIB,Jo Jorgensen,3
320,REP,Donald J. Trump/Michael R. Pence,394
321,,Abram Loeb,0
321,,Gloria La Riva,0
321,,Jesse Cuellar,0
321,,Kasey Wells,0
321,,Over Votes,0
321,,President R. Boddie,0
321,,Robert Morrow,0
321,,Tom Hoefling,0
321,,Under Votes,14
321,DEM,Joseph R. Biden,888
321,GRN,Howie Hawkins,3
321,LIB,Jo Jorgensen,9
321,REP,Donald J. Trump/Michael R. Pence,436
322,,Abram Loeb,0
322,,Gloria La Riva,0
322,,Jesse Cuellar,0
322,,Kasey Wells,0
322,,Over Votes,0
322,,President R. Boddie,0
322,,Robert Morrow,0
322,,Tom Hoefling,0
322,,Under Votes,7
322,DEM,Joseph R. Biden,404
322,GRN,Howie Hawkins,6
322,LIB,Jo Jorgensen,7
322,REP,Donald J. Trump/Michael R. Pence,163
323,,Abram Loeb,0
323,,Gloria La Riva,0
323,,Jesse Cuellar,0
323,,Kasey Wells,0
323,,Over Votes,0
323,,President R. Boddie,0
323,,Robert Morrow,0
323,,Tom Hoefling,0
323,,Under Votes,15
323,DEM,Joseph R. Biden,817
323,GRN,Howie Hawkins,5
323,LIB,Jo Jorgensen,12
323,REP,Donald J. Trump/Michael R. Pence,414
324,,Abram Loeb,0
324,,Gloria La Riva,0
324,,Jesse Cuellar,1
324,,Kasey Wells,0
324,,Over Votes,1
324,,President R. Boddie,0
324,,Robert Morrow,0
324,,Tom Hoefling,1
324,,Under Votes,19
324,DEM,Joseph R. Biden,1084
324,GRN,Howie Hawkins,6
324,LIB,Jo Jorgensen,34
324,REP,Donald J. Trump/Michael R. Pence,1097
325,,Abram Loeb,0
325,,Gloria La Riva,0
325,,Jesse Cuellar,0
325,,Kasey Wells,0
325,,Over Votes,0
325,,President R. Boddie,0
325,,Robert Morrow,0
325,,Tom Hoefling,0
325,,Under Votes,11
325,DEM,Joseph R. Biden,956
325,GRN,Howie Hawkins,6
325,LIB,Jo Jorgensen,3
325,REP,Donald J. Trump/Michael R. Pence,305
326,,Abram Loeb,0
326,,Gloria La Riva,0
326,,Jesse Cuellar,0
326,,Kasey Wells,0
326,,Over Votes,0
326,,President R. Boddie,0
326,,Robert Morrow,0
326,,Tom Hoefling,0
326,,Under Votes,3
326,DEM,Joseph R. Biden,284
326,GRN,Howie Hawkins,5
326,LIB,Jo Jorgensen,4
326,REP,Donald J. Trump/Michael R. Pence,197
327,,Abram Loeb,0
327,,Gloria La Riva,0
327,,Jesse Cuellar,0
327,,Kasey Wells,0
327,,Over Votes,1
327,,President R. Boddie,0
327,,Robert Morrow,0
327,,Tom Hoefling,0
327,,Under Votes,12
327,DEM,Joseph R. Biden,855
327,GRN,Howie Hawkins,3
327,LIB,Jo Jorgensen,4
327,REP,Donald J. Trump/Michael R. Pence,86
328,,Abram Loeb,0
328,,Gloria La Riva,0
328,,Jesse Cuellar,0
328,,Kasey Wells,0
328,,Over Votes,0
328,,President R. Boddie,0
328,,Robert Morrow,0
328,,Tom Hoefling,0
328,,Under Votes,7
328,DEM,Joseph R. Biden,527
328,GRN,Howie Hawkins,5
328,LIB,Jo Jorgensen,10
328,REP,Donald J. Trump/Michael R. Pence,289
329,,Abram Loeb,0
329,,Gloria La Riva,0
329,,Jesse Cuellar,0
329,,Kasey Wells,0
329,,Over Votes,0
329,,President R. Boddie,0
329,,Robert Morrow,0
329,,Tom Hoefling,0
329,,Under Votes,12
329,DEM,Joseph R. Biden,657
329,GRN,Howie Hawkins,9
329,LIB,Jo Jorgensen,6
329,REP,Donald J. Trump/Michael R. Pence,347
33,,Abram Loeb,0
33,,Gloria La Riva,0
33,,Jesse Cuellar,0
33,,Kasey Wells,0
33,,Over Votes,0
33,,President R. Boddie,0
33,,Robert Morrow,0
33,,Tom Hoefling,0
33,,Under Votes,29
33,DEM,Joseph R. Biden,2454
33,GRN,Howie Hawkins,14
33,LIB,Jo Jorgensen,62
33,REP,Donald J. Trump/Michael R. Pence,847
330,,Abram Loeb,0
330,,Gloria La Riva,0
330,,Jesse Cuellar,0
330,,Kasey Wells,0
330,,Over Votes,0
330,,President R. Boddie,0
330,,Robert Morrow,0
330,,Tom Hoefling,0
330,,Under Votes,11
330,DEM,Joseph R. Biden,1106
330,GRN,Howie Hawkins,11
330,LIB,Jo Jorgensen,21
330,REP,Donald J. Trump/Michael R. Pence,723
331,,Abram Loeb,0
331,,Gloria La Riva,0
331,,Jesse Cuellar,0
331,,Kasey Wells,0
331,,Over Votes,0
331,,President R. Boddie,0
331,,Robert Morrow,0
331,,Tom Hoefling,0
331,,Under Votes,33
331,DEM,Joseph R. Biden,2291
331,GRN,Howie Hawkins,10
331,LIB,Jo Jorgensen,53
331,REP,Donald J. Trump/Michael R. Pence,2115
332,,Abram Loeb,0
332,,Gloria La Riva,0
332,,Jesse Cuellar,0
332,,Kasey Wells,0
332,,Over Votes,2
332,,President R. Boddie,0
332,,Robert Morrow,0
332,,Tom Hoefling,0
332,,Under Votes,30
332,DEM,Joseph R. Biden,2003
332,GRN,Howie Hawkins,14
332,LIB,Jo Jorgensen,17
332,REP,Donald J. Trump/Michael R. Pence,426
333,,Abram Loeb,0
333,,Gloria La Riva,0
333,,Jesse Cuellar,0
333,,Kasey Wells,0
333,,Over Votes,0
333,,President R. Boddie,0
333,,Robert Morrow,0
333,,Tom Hoefling,0
333,,Under Votes,17
333,DEM,Joseph R. Biden,961
333,GRN,Howie Hawkins,6
333,LIB,Jo Jorgensen,33
333,REP,Donald J. Trump/Michael R. Pence,1850
334,,Abram Loeb,0
334,,Gloria La Riva,0
334,,Jesse Cuellar,0
334,,Kasey Wells,0
334,,Over Votes,0
334,,President R. Boddie,0
334,,Robert Morrow,0
334,,Tom Hoefling,0
334,,Under Votes,6
334,DEM,Joseph R. Biden,416
334,GRN,Howie Hawkins,1
334,LIB,Jo Jorgensen,2
334,REP,Donald J. Trump/Michael R. Pence,100
335,,Abram Loeb,0
335,,Gloria La Riva,0
335,,Jesse Cuellar,0
335,,Kasey Wells,0
335,,Over Votes,0
335,,President R. Boddie,0
335,,Robert Morrow,0
335,,Tom Hoefling,0
335,,Under Votes,9
335,DEM,Joseph R. Biden,651
335,GRN,Howie Hawkins,1
335,LIB,Jo Jorgensen,7
335,REP,Donald J. Trump/Michael R. Pence,258
336,,Abram Loeb,0
336,,Gloria La Riva,0
336,,Jesse Cuellar,0
336,,Kasey Wells,0
336,,Over Votes,3
336,,President R. Boddie,0
336,,Robert Morrow,0
336,,Tom Hoefling,0
336,,Under Votes,35
336,DEM,Joseph R. Biden,3909
336,GRN,Howie Hawkins,15
336,LIB,Jo Jorgensen,29
336,REP,Donald J. Trump/Michael R. Pence,551
337,,Abram Loeb,0
337,,Gloria La Riva,0
337,,Jesse Cuellar,0
337,,Kasey Wells,0
337,,Over Votes,0
337,,President R. Boddie,0
337,,Robert Morrow,0
337,,Tom Hoefling,0
337,,Under Votes,11
337,DEM,Joseph R. Biden,541
337,GRN,Howie Hawkins,1
337,LIB,Jo Jorgensen,3
337,REP,Donald J. Trump/Michael R. Pence,109
338,,Abram Loeb,0
338,,Gloria La Riva,0
338,,Jesse Cuellar,0
338,,Kasey Wells,0
338,,Over Votes,0
338,,President R. Boddie,0
338,,Robert Morrow,0
338,,Tom Hoefling,0
338,,Under Votes,24
338,DEM,Joseph R. Biden,1772
338,GRN,Howie Hawkins,10
338,LIB,Jo Jorgensen,21
338,REP,Donald J. Trump/Michael R. Pence,1165
339,,Abram Loeb,0
339,,Gloria La Riva,0
339,,Jesse Cuellar,0
339,,Kasey Wells,0
339,,Over Votes,1
339,,President R. Boddie,0
339,,Robert Morrow,0
339,,Tom Hoefling,0
339,,Under Votes,17
339,DEM,Joseph R. Biden,910
339,GRN,Howie Hawkins,5
339,LIB,Jo Jorgensen,14
339,REP,Donald J. Trump/Michael R. Pence,289
34,,Abram Loeb,0
34,,Gloria La Riva,0
34,,Jesse Cuellar,0
34,,Kasey Wells,0
34,,Over Votes,0
34,,President R. Boddie,0
34,,Robert Morrow,0
34,,Tom Hoefling,0
34,,Under Votes,18
34,DEM,Joseph R. Biden,1959
34,GRN,Howie Hawkins,9
34,LIB,Jo Jorgensen,21
34,REP,Donald J. Trump/Michael R. Pence,421
340,,Abram Loeb,0
340,,Gloria La Riva,0
340,,Jesse Cuellar,0
340,,Kasey Wells,0
340,,Over Votes,0
340,,President R. Boddie,0
340,,Robert Morrow,0
340,,Tom Hoefling,0
340,,Under Votes,26
340,DEM,Joseph R. Biden,1034
340,GRN,Howie Hawkins,10
340,LIB,Jo Jorgensen,47
340,REP,Donald J. Trump/Michael R. Pence,1959
341,,Abram Loeb,0
341,,Gloria La Riva,0
341,,Jesse Cuellar,0
341,,Kasey Wells,0
341,,Over Votes,0
341,,President R. Boddie,0
341,,Robert Morrow,0
341,,Tom Hoefling,0
341,,Under Votes,7
341,DEM,Joseph R. Biden,545
341,GRN,Howie Hawkins,1
341,LIB,Jo Jorgensen,7
341,REP,Donald J. Trump/Michael R. Pence,214
342,,Abram Loeb,0
342,,Gloria La Riva,0
342,,Jesse Cuellar,0
342,,Kasey Wells,0
342,,Over Votes,0
342,,President R. Boddie,0
342,,Robert Morrow,0
342,,Tom Hoefling,0
342,,Under Votes,13
342,DEM,Joseph R. Biden,441
342,GRN,Howie Hawkins,1
342,LIB,Jo Jorgensen,2
342,REP,Donald J. Trump/Michael R. Pence,140
343,,Abram Loeb,0
343,,Gloria La Riva,0
343,,Jesse Cuellar,0
343,,Kasey Wells,0
343,,Over Votes,0
343,,President R. Boddie,0
343,,Robert Morrow,0
343,,Tom Hoefling,0
343,,Under Votes,14
343,DEM,Joseph R. Biden,925
343,GRN,Howie Hawkins,5
343,LIB,Jo Jorgensen,11
343,REP,Donald J. Trump/Michael R. Pence,371
344,,Abram Loeb,0
344,,Gloria La Riva,0
344,,Jesse Cuellar,0
344,,Kasey Wells,0
344,,Over Votes,1
344,,President R. Boddie,0
344,,Robert Morrow,0
344,,Tom Hoefling,0
344,,Under Votes,4
344,DEM,Joseph R. Biden,586
344,GRN,Howie Hawkins,2
344,LIB,Jo Jorgensen,2
344,REP,Donald J. Trump/Michael R. Pence,54
345,,Abram Loeb,0
345,,Gloria La Riva,0
345,,Jesse Cuellar,0
345,,Kasey Wells,0
345,,Over Votes,0
345,,President R. Boddie,0
345,,Robert Morrow,0
345,,Tom Hoefling,0
345,,Under Votes,14
345,DEM,Joseph R. Biden,947
345,GRN,Howie Hawkins,2
345,LIB,Jo Jorgensen,8
345,REP,Donald J. Trump/Michael R. Pence,246
346,,Abram Loeb,0
346,,Gloria La Riva,0
346,,Jesse Cuellar,0
346,,Kasey Wells,0
346,,Over Votes,0
346,,President R. Boddie,0
346,,Robert Morrow,0
346,,Tom Hoefling,0
346,,Under Votes,0
346,DEM,Joseph R. Biden,0
346,GRN,Howie Hawkins,0
346,LIB,Jo Jorgensen,0
346,REP,Donald J. Trump/Michael R. Pence,1
347,,Abram Loeb,0
347,,Gloria La Riva,0
347,,Jesse Cuellar,0
347,,Kasey Wells,0
347,,Over Votes,3
347,,President R. Boddie,0
347,,Robert Morrow,0
347,,Tom Hoefling,0
347,,Under Votes,30
347,DEM,Joseph R. Biden,1118
347,GRN,Howie Hawkins,8
347,LIB,Jo Jorgensen,20
347,REP,Donald J. Trump/Michael R. Pence,1362
348,,Abram Loeb,0
348,,Gloria La Riva,0
348,,Jesse Cuellar,0
348,,Kasey Wells,0
348,,Over Votes,0
348,,President R. Boddie,0
348,,Robert Morrow,0
348,,Tom Hoefling,0
348,,Under Votes,11
348,DEM,Joseph R. Biden,469
348,GRN,Howie Hawkins,3
348,LIB,Jo Jorgensen,13
348,REP,Donald J. Trump/Michael R. Pence,738
349,,Abram Loeb,0
349,,Gloria La Riva,0
349,,Jesse Cuellar,0
349,,Kasey Wells,0
349,,Over Votes,0
349,,President R. Boddie,0
349,,Robert Morrow,0
349,,Tom Hoefling,0
349,,Under Votes,7
349,DEM,Joseph R. Biden,404
349,GRN,Howie Hawkins,5
349,LIB,Jo Jorgensen,17
349,REP,Donald J. Trump/Michael R. Pence,537
35,,Abram Loeb,0
35,,Gloria La Riva,0
35,,Jesse Cuellar,0
35,,Kasey Wells,0
35,,Over Votes,0
35,,President R. Boddie,0
35,,Robert Morrow,0
35,,Tom Hoefling,0
35,,Under Votes,0
35,DEM,Joseph R. Biden,4
35,GRN,Howie Hawkins,0
35,LIB,Jo Jorgensen,0
35,REP,Donald J. Trump/Michael R. Pence,3
350,,Abram Loeb,0
350,,Gloria La Riva,0
350,,Jesse Cuellar,0
350,,Kasey Wells,0
350,,Over Votes,0
350,,President R. Boddie,0
350,,Robert Morrow,0
350,,Tom Hoefling,0
350,,Under Votes,15
350,DEM,Joseph R. Biden,1853
350,GRN,Howie Hawkins,8
350,LIB,Jo Jorgensen,38
350,REP,Donald J. Trump/Michael R. Pence,609
351,,Abram Loeb,0
351,,Gloria La Riva,0
351,,Jesse Cuellar,0
351,,Kasey Wells,0
351,,Over Votes,0
351,,President R. Boddie,0
351,,Robert Morrow,0
351,,Tom Hoefling,0
351,,Under Votes,30
351,DEM,Joseph R. Biden,1188
351,GRN,Howie Hawkins,10
351,LIB,Jo Jorgensen,51
351,REP,Donald J. Trump/Michael R. Pence,2727
352,,Abram Loeb,0
352,,Gloria La Riva,0
352,,Jesse Cuellar,0
352,,Kasey Wells,0
352,,Over Votes,1
352,,President R. Boddie,0
352,,Robert Morrow,0
352,,Tom Hoefling,0
352,,Under Votes,34
352,DEM,Joseph R. Biden,974
352,GRN,Howie Hawkins,11
352,LIB,Jo Jorgensen,39
352,REP,Donald J. Trump/Michael R. Pence,2281
353,,Abram Loeb,0
353,,Gloria La Riva,0
353,,Jesse Cuellar,0
353,,Kasey Wells,0
353,,Over Votes,0
353,,President R. Boddie,0
353,,Robert Morrow,0
353,,Tom Hoefling,0
353,,Under Votes,28
353,DEM,Joseph R. Biden,2117
353,GRN,Howie Hawkins,6
353,LIB,Jo Jorgensen,24
353,REP,Donald J. Trump/Michael R. Pence,645
354,,Abram Loeb,0
354,,Gloria La Riva,0
354,,Jesse Cuellar,0
354,,Kasey Wells,0
354,,Over Votes,1
354,,President R. Boddie,0
354,,Robert Morrow,0
354,,Tom Hoefling,0
354,,Under Votes,14
354,DEM,Joseph R. Biden,1666
354,GRN,Howie Hawkins,10
354,LIB,Jo Jorgensen,9
354,REP,Donald J. Trump/Michael R. Pence,625
355,,Abram Loeb,0
355,,Gloria La Riva,0
355,,Jesse Cuellar,0
355,,Kasey Wells,0
355,,Over Votes,3
355,,President R. Boddie,0
355,,Robert Morrow,0
355,,Tom Hoefling,0
355,,Under Votes,7
355,DEM,Joseph R. Biden,1159
355,GRN,Howie Hawkins,4
355,LIB,Jo Jorgensen,5
355,REP,Donald J. Trump/Michael R. Pence,137
356,,Abram Loeb,0
356,,Gloria La Riva,0
356,,Jesse Cuellar,0
356,,Kasey Wells,0
356,,Over Votes,0
356,,President R. Boddie,0
356,,Robert Morrow,0
356,,Tom Hoefling,0
356,,Under Votes,34
356,DEM,Joseph R. Biden,1388
356,GRN,Howie Hawkins,3
356,LIB,Jo Jorgensen,48
356,REP,Donald J. Trump/Michael R. Pence,1096
357,,Abram Loeb,0
357,,Gloria La Riva,0
357,,Jesse Cuellar,0
357,,Kasey Wells,0
357,,Over Votes,1
357,,President R. Boddie,0
357,,Robert Morrow,0
357,,Tom Hoefling,0
357,,Under Votes,20
357,DEM,Joseph R. Biden,925
357,GRN,Howie Hawkins,1
357,LIB,Jo Jorgensen,29
357,REP,Donald J. Trump/Michael R. Pence,1842
358,,Abram Loeb,0
358,,Gloria La Riva,0
358,,Jesse Cuellar,0
358,,Kasey Wells,0
358,,Over Votes,1
358,,President R. Boddie,0
358,,Robert Morrow,0
358,,Tom Hoefling,0
358,,Under Votes,15
358,DEM,Joseph R. Biden,1209
358,GRN,Howie Hawkins,12
358,LIB,Jo Jorgensen,7
358,REP,Donald J. Trump/Michael R. Pence,208
359,,Abram Loeb,0
359,,Gloria La Riva,0
359,,Jesse Cuellar,0
359,,Kasey Wells,0
359,,Over Votes,1
359,,President R. Boddie,0
359,,Robert Morrow,0
359,,Tom Hoefling,0
359,,Under Votes,15
359,DEM,Joseph R. Biden,1252
359,GRN,Howie Hawkins,3
359,LIB,Jo Jorgensen,8
359,REP,Donald J. Trump/Michael R. Pence,260
36,,Abram Loeb,0
36,,Gloria La Riva,0
36,,Jesse Cuellar,0
36,,Kasey Wells,0
36,,Over Votes,2
36,,President R. Boddie,0
36,,Robert Morrow,0
36,,Tom Hoefling,0
36,,Under Votes,18
36,DEM,Joseph R. Biden,1152
36,GRN,Howie Hawkins,4
36,LIB,Jo Jorgensen,10
36,REP,Donald J. Trump/Michael R. Pence,548
360,,Abram Loeb,0
360,,Gloria La Riva,0
360,,Jesse Cuellar,0
360,,Kasey Wells,0
360,,Over Votes,0
360,,President R. Boddie,0
360,,Robert Morrow,0
360,,Tom Hoefling,0
360,,Under Votes,18
360,DEM,Joseph R. Biden,1905
360,GRN,Howie Hawkins,4
360,LIB,Jo Jorgensen,37
360,REP,Donald J. Trump/Michael R. Pence,1042
361,,Abram Loeb,0
361,,Gloria La Riva,0
361,,Jesse Cuellar,0
361,,Kasey Wells,0
361,,Over Votes,0
361,,President R. Boddie,0
361,,Robert Morrow,0
361,,Tom Hoefling,0
361,,Under Votes,8
361,DEM,Joseph R. Biden,1066
361,GRN,Howie Hawkins,7
361,LIB,Jo Jorgensen,12
361,REP,Donald J. Trump/Michael R. Pence,88
362,,Abram Loeb,0
362,,Gloria La Riva,0
362,,Jesse Cuellar,0
362,,Kasey Wells,0
362,,Over Votes,0
362,,President R. Boddie,0
362,,Robert Morrow,0
362,,Tom Hoefling,1
362,,Under Votes,35
362,DEM,Joseph R. Biden,1506
362,GRN,Howie Hawkins,13
362,LIB,Jo Jorgensen,45
362,REP,Donald J. Trump/Michael R. Pence,2406
363,,Abram Loeb,0
363,,Gloria La Riva,0
363,,Jesse Cuellar,0
363,,Kasey Wells,0
363,,Over Votes,1
363,,President R. Boddie,0
363,,Robert Morrow,0
363,,Tom Hoefling,0
363,,Under Votes,30
363,DEM,Joseph R. Biden,2427
363,GRN,Howie Hawkins,4
363,LIB,Jo Jorgensen,36
363,REP,Donald J. Trump/Michael R. Pence,1168
364,,Abram Loeb,0
364,,Gloria La Riva,0
364,,Jesse Cuellar,0
364,,Kasey Wells,0
364,,Over Votes,0
364,,President R. Boddie,0
364,,Robert Morrow,0
364,,Tom Hoefling,0
364,,Under Votes,9
364,DEM,Joseph R. Biden,1127
364,GRN,Howie Hawkins,8
364,LIB,Jo Jorgensen,21
364,REP,Donald J. Trump/Michael R. Pence,844
365,,Abram Loeb,0
365,,Gloria La Riva,0
365,,Jesse Cuellar,0
365,,Kasey Wells,0
365,,Over Votes,0
365,,President R. Boddie,0
365,,Robert Morrow,0
365,,Tom Hoefling,0
365,,Under Votes,6
365,DEM,Joseph R. Biden,902
365,GRN,Howie Hawkins,2
365,LIB,Jo Jorgensen,8
365,REP,Donald J. Trump/Michael R. Pence,135
366,,Abram Loeb,0
366,,Gloria La Riva,0
366,,Jesse Cuellar,0
366,,Kasey Wells,0
366,,Over Votes,0
366,,President R. Boddie,0
366,,Robert Morrow,0
366,,Tom Hoefling,0
366,,Under Votes,25
366,DEM,Joseph R. Biden,1653
366,GRN,Howie Hawkins,12
366,LIB,Jo Jorgensen,16
366,REP,Donald J. Trump/Michael R. Pence,716
367,,Abram Loeb,0
367,,Gloria La Riva,0
367,,Jesse Cuellar,0
367,,Kasey Wells,0
367,,Over Votes,0
367,,President R. Boddie,0
367,,Robert Morrow,0
367,,Tom Hoefling,0
367,,Under Votes,8
367,DEM,Joseph R. Biden,700
367,GRN,Howie Hawkins,1
367,LIB,Jo Jorgensen,6
367,REP,Donald J. Trump/Michael R. Pence,231
368,,Abram Loeb,0
368,,Gloria La Riva,0
368,,Jesse Cuellar,0
368,,Kasey Wells,0
368,,Over Votes,0
368,,President R. Boddie,0
368,,Robert Morrow,0
368,,Tom Hoefling,0
368,,Under Votes,9
368,DEM,Joseph R. Biden,456
368,GRN,Howie Hawkins,1
368,LIB,Jo Jorgensen,6
368,REP,Donald J. Trump/Michael R. Pence,201
369,,Abram Loeb,0
369,,Gloria La Riva,0
369,,Jesse Cuellar,0
369,,Kasey Wells,0
369,,Over Votes,0
369,,President R. Boddie,0
369,,Robert Morrow,0
369,,Tom Hoefling,0
369,,Under Votes,4
369,DEM,Joseph R. Biden,253
369,GRN,Howie Hawkins,0
369,LIB,Jo Jorgensen,3
369,REP,Donald J. Trump/Michael R. Pence,54
37,,Abram Loeb,1
37,,Gloria La Riva,0
37,,Jesse Cuellar,0
37,,Kasey Wells,0
37,,Over Votes,0
37,,President R. Boddie,0
37,,Robert Morrow,0
37,,Tom Hoefling,0
37,,Under Votes,17
37,DEM,Joseph R. Biden,1657
37,GRN,Howie Hawkins,6
37,LIB,Jo Jorgensen,33
37,REP,Donald J. Trump/Michael R. Pence,506
370,,Abram Loeb,0
370,,Gloria La Riva,0
370,,Jesse Cuellar,0
370,,Kasey Wells,0
370,,Over Votes,0
370,,President R. Boddie,0
370,,Robert Morrow,0
370,,Tom Hoefling,0
370,,Under Votes,26
370,DEM,Joseph R. Biden,1394
370,GRN,Howie Hawkins,13
370,LIB,Jo Jorgensen,46
370,REP,Donald J. Trump/Michael R. Pence,2491
371,,Abram Loeb,0
371,,Gloria La Riva,0
371,,Jesse Cuellar,0
371,,Kasey Wells,0
371,,Over Votes,0
371,,President R. Boddie,0
371,,Robert Morrow,0
371,,Tom Hoefling,0
371,,Under Votes,2
371,DEM,Joseph R. Biden,261
371,GRN,Howie Hawkins,0
371,LIB,Jo Jorgensen,1
371,REP,Donald J. Trump/Michael R. Pence,17
372,,Abram Loeb,0
372,,Gloria La Riva,0
372,,Jesse Cuellar,0
372,,Kasey Wells,0
372,,Over Votes,1
372,,President R. Boddie,0
372,,Robert Morrow,0
372,,Tom Hoefling,0
372,,Under Votes,4
372,DEM,Joseph R. Biden,675
372,GRN,Howie Hawkins,1
372,LIB,Jo Jorgensen,2
372,REP,Donald J. Trump/Michael R. Pence,120
373,,Abram Loeb,0
373,,Gloria La Riva,0
373,,Jesse Cuellar,0
373,,Kasey Wells,0
373,,Over Votes,2
373,,President R. Boddie,0
373,,Robert Morrow,0
373,,Tom Hoefling,0
373,,Under Votes,3
373,DEM,Joseph R. Biden,64
373,GRN,Howie Hawkins,0
373,LIB,Jo Jorgensen,0
373,REP,Donald J. Trump/Michael R. Pence,7
374,,Abram Loeb,0
374,,Gloria La Riva,0
374,,Jesse Cuellar,0
374,,Kasey Wells,0
374,,Over Votes,0
374,,President R. Boddie,0
374,,Robert Morrow,0
374,,Tom Hoefling,0
374,,Under Votes,5
374,DEM,Joseph R. Biden,248
374,GRN,Howie Hawkins,1
374,LIB,Jo Jorgensen,4
374,REP,Donald J. Trump/Michael R. Pence,139
375,,Abram Loeb,0
375,,Gloria La Riva,0
375,,Jesse Cuellar,0
375,,Kasey Wells,0
375,,Over Votes,0
375,,President R. Boddie,0
375,,Robert Morrow,0
375,,Tom Hoefling,0
375,,Under Votes,20
375,DEM,Joseph R. Biden,812
375,GRN,Howie Hawkins,7
375,LIB,Jo Jorgensen,7
375,REP,Donald J. Trump/Michael R. Pence,591
376,,Abram Loeb,0
376,,Gloria La Riva,0
376,,Jesse Cuellar,0
376,,Kasey Wells,0
376,,Over Votes,1
376,,President R. Boddie,0
376,,Robert Morrow,0
376,,Tom Hoefling,0
376,,Under Votes,14
376,DEM,Joseph R. Biden,825
376,GRN,Howie Hawkins,6
376,LIB,Jo Jorgensen,6
376,REP,Donald J. Trump/Michael R. Pence,557
377,,Abram Loeb,0
377,,Gloria La Riva,0
377,,Jesse Cuellar,0
377,,Kasey Wells,0
377,,Over Votes,0
377,,President R. Boddie,0
377,,Robert Morrow,0
377,,Tom Hoefling,0
377,,Under Votes,12
377,DEM,Joseph R. Biden,645
377,GRN,Howie Hawkins,4
377,LIB,Jo Jorgensen,24
377,REP,Donald J. Trump/Michael R. Pence,1704
378,,Abram Loeb,0
378,,Gloria La Riva,0
378,,Jesse Cuellar,0
378,,Kasey Wells,0
378,,Over Votes,0
378,,President R. Boddie,0
378,,Robert Morrow,0
378,,Tom Hoefling,0
378,,Under Votes,16
378,DEM,Joseph R. Biden,523
378,GRN,Howie Hawkins,6
378,LIB,Jo Jorgensen,31
378,REP,Donald J. Trump/Michael R. Pence,733
379,,Abram Loeb,0
379,,Gloria La Riva,0
379,,Jesse Cuellar,0
379,,Kasey Wells,0
379,,Over Votes,2
379,,President R. Boddie,0
379,,Robert Morrow,0
379,,Tom Hoefling,0
379,,Under Votes,10
379,DEM,Joseph R. Biden,1083
379,GRN,Howie Hawkins,7
379,LIB,Jo Jorgensen,10
379,REP,Donald J. Trump/Michael R. Pence,156
38,,Abram Loeb,0
38,,Gloria La Riva,0
38,,Jesse Cuellar,0
38,,Kasey Wells,0
38,,Over Votes,0
38,,President R. Boddie,0
38,,Robert Morrow,0
38,,Tom Hoefling,0
38,,Under Votes,24
38,DEM,Joseph R. Biden,1952
38,GRN,Howie Hawkins,5
38,LIB,Jo Jorgensen,24
38,REP,Donald J. Trump/Michael R. Pence,634
380,,Abram Loeb,0
380,,Gloria La Riva,0
380,,Jesse Cuellar,0
380,,Kasey Wells,0
380,,Over Votes,1
380,,President R. Boddie,0
380,,Robert Morrow,0
380,,Tom Hoefling,0
380,,Under Votes,27
380,DEM,Joseph R. Biden,2464
380,GRN,Howie Hawkins,13
380,LIB,Jo Jorgensen,49
380,REP,Donald J. Trump/Michael R. Pence,1879
381,,Abram Loeb,0
381,,Gloria La Riva,0
381,,Jesse Cuellar,0
381,,Kasey Wells,0
381,,Over Votes,0
381,,President R. Boddie,0
381,,Robert Morrow,0
381,,Tom Hoefling,0
381,,Under Votes,35
381,DEM,Joseph R. Biden,1468
381,GRN,Howie Hawkins,12
381,LIB,Jo Jorgensen,22
381,REP,Donald J. Trump/Michael R. Pence,1010
382,,Abram Loeb,0
382,,Gloria La Riva,0
382,,Jesse Cuellar,0
382,,Kasey Wells,0
382,,Over Votes,0
382,,President R. Boddie,0
382,,Robert Morrow,0
382,,Tom Hoefling,0
382,,Under Votes,6
382,DEM,Joseph R. Biden,332
382,GRN,Howie Hawkins,2
382,LIB,Jo Jorgensen,6
382,REP,Donald J. Trump/Michael R. Pence,501
383,,Abram Loeb,0
383,,Gloria La Riva,0
383,,Jesse Cuellar,0
383,,Kasey Wells,0
383,,Over Votes,2
383,,President R. Boddie,0
383,,Robert Morrow,0
383,,Tom Hoefling,0
383,,Under Votes,21
383,DEM,Joseph R. Biden,912
383,GRN,Howie Hawkins,12
383,LIB,Jo Jorgensen,9
383,REP,Donald J. Trump/Michael R. Pence,524
384,,Abram Loeb,0
384,,Gloria La Riva,0
384,,Jesse Cuellar,0
384,,Kasey Wells,0
384,,Over Votes,0
384,,President R. Boddie,0
384,,Robert Morrow,0
384,,Tom Hoefling,0
384,,Under Votes,27
384,DEM,Joseph R. Biden,1337
384,GRN,Howie Hawkins,4
384,LIB,Jo Jorgensen,12
384,REP,Donald J. Trump/Michael R. Pence,501
385,,Abram Loeb,0
385,,Gloria La Riva,0
385,,Jesse Cuellar,0
385,,Kasey Wells,0
385,,Over Votes,0
385,,President R. Boddie,0
385,,Robert Morrow,0
385,,Tom Hoefling,0
385,,Under Votes,18
385,DEM,Joseph R. Biden,656
385,GRN,Howie Hawkins,4
385,LIB,Jo Jorgensen,14
385,REP,Donald J. Trump/Michael R. Pence,1138
386,,Abram Loeb,0
386,,Gloria La Riva,0
386,,Jesse Cuellar,0
386,,Kasey Wells,0
386,,Over Votes,1
386,,President R. Boddie,0
386,,Robert Morrow,0
386,,Tom Hoefling,0
386,,Under Votes,20
386,DEM,Joseph R. Biden,759
386,GRN,Howie Hawkins,6
386,LIB,Jo Jorgensen,18
386,REP,Donald J. Trump/Michael R. Pence,1624
387,,Abram Loeb,0
387,,Gloria La Riva,0
387,,Jesse Cuellar,0
387,,Kasey Wells,0
387,,Over Votes,0
387,,President R. Boddie,0
387,,Robert Morrow,0
387,,Tom Hoefling,0
387,,Under Votes,23
387,DEM,Joseph R. Biden,1005
387,GRN,Howie Hawkins,7
387,LIB,Jo Jorgensen,26
387,REP,Donald J. Trump/Michael R. Pence,2094
388,,Abram Loeb,0
388,,Gloria La Riva,0
388,,Jesse Cuellar,0
388,,Kasey Wells,0
388,,Over Votes,3
388,,President R. Boddie,0
388,,Robert Morrow,0
388,,Tom Hoefling,0
388,,Under Votes,38
388,DEM,Joseph R. Biden,2711
388,GRN,Howie Hawkins,14
388,LIB,Jo Jorgensen,53
388,REP,Donald J. Trump/Michael R. Pence,1971
389,,Abram Loeb,0
389,,Gloria La Riva,0
389,,Jesse Cuellar,0
389,,Kasey Wells,0
389,,Over Votes,0
389,,President R. Boddie,0
389,,Robert Morrow,0
389,,Tom Hoefling,0
389,,Under Votes,11
389,DEM,Joseph R. Biden,549
389,GRN,Howie Hawkins,3
389,LIB,Jo Jorgensen,6
389,REP,Donald J. Trump/Michael R. Pence,56
39,,Abram Loeb,0
39,,Gloria La Riva,0
39,,Jesse Cuellar,0
39,,Kasey Wells,0
39,,Over Votes,0
39,,President R. Boddie,0
39,,Robert Morrow,0
39,,Tom Hoefling,0
39,,Under Votes,11
39,DEM,Joseph R. Biden,2167
39,GRN,Howie Hawkins,5
39,LIB,Jo Jorgensen,31
39,REP,Donald J. Trump/Michael R. Pence,534
390,,Abram Loeb,0
390,,Gloria La Riva,0
390,,Jesse Cuellar,0
390,,Kasey Wells,0
390,,Over Votes,0
390,,President R. Boddie,0
390,,Robert Morrow,0
390,,Tom Hoefling,0
390,,Under Votes,10
390,DEM,Joseph R. Biden,974
390,GRN,Howie Hawkins,2
390,LIB,Jo Jorgensen,8
390,REP,Donald J. Trump/Michael R. Pence,128
391,,Abram Loeb,0
391,,Gloria La Riva,0
391,,Jesse Cuellar,0
391,,Kasey Wells,0
391,,Over Votes,0
391,,President R. Boddie,0
391,,Robert Morrow,0
391,,Tom Hoefling,0
391,,Under Votes,12
391,DEM,Joseph R. Biden,746
391,GRN,Howie Hawkins,3
391,LIB,Jo Jorgensen,20
391,REP,Donald J. Trump/Michael R. Pence,777
392,,Abram Loeb,0
392,,Gloria La Riva,0
392,,Jesse Cuellar,0
392,,Kasey Wells,0
392,,Over Votes,0
392,,President R. Boddie,0
392,,Robert Morrow,0
392,,Tom Hoefling,0
392,,Under Votes,10
392,DEM,Joseph R. Biden,769
392,GRN,Howie Hawkins,7
392,LIB,Jo Jorgensen,1
392,REP,Donald J. Trump/Michael R. Pence,29
393,,Abram Loeb,0
393,,Gloria La Riva,0
393,,Jesse Cuellar,0
393,,Kasey Wells,0
393,,Over Votes,1
393,,President R. Boddie,0
393,,Robert Morrow,0
393,,Tom Hoefling,0
393,,Under Votes,9
393,DEM,Joseph R. Biden,520
393,GRN,Howie Hawkins,3
393,LIB,Jo Jorgensen,23
393,REP,Donald J. Trump/Michael R. Pence,379
394,,Abram Loeb,0
394,,Gloria La Riva,0
394,,Jesse Cuellar,0
394,,Kasey Wells,0
394,,Over Votes,0
394,,President R. Boddie,0
394,,Robert Morrow,0
394,,Tom Hoefling,0
394,,Under Votes,6
394,DEM,Joseph R. Biden,250
394,GRN,Howie Hawkins,1
394,LIB,Jo Jorgensen,7
394,REP,Donald J. Trump/Michael R. Pence,203
395,,Abram Loeb,0
395,,Gloria La Riva,0
395,,Jesse Cuellar,0
395,,Kasey Wells,0
395,,Over Votes,0
395,,President R. Boddie,0
395,,Robert Morrow,0
395,,Tom Hoefling,0
395,,Under Votes,17
395,DEM,Joseph R. Biden,602
395,GRN,Howie Hawkins,6
395,LIB,Jo Jorgensen,22
395,REP,Donald J. Trump/Michael R. Pence,824
396,,Abram Loeb,0
396,,Gloria La Riva,0
396,,Jesse Cuellar,0
396,,Kasey Wells,0
396,,Over Votes,0
396,,President R. Boddie,0
396,,Robert Morrow,0
396,,Tom Hoefling,0
396,,Under Votes,9
396,DEM,Joseph R. Biden,1225
396,GRN,Howie Hawkins,3
396,LIB,Jo Jorgensen,7
396,REP,Donald J. Trump/Michael R. Pence,79
397,,Abram Loeb,0
397,,Gloria La Riva,0
397,,Jesse Cuellar,0
397,,Kasey Wells,0
397,,Over Votes,0
397,,President R. Boddie,0
397,,Robert Morrow,0
397,,Tom Hoefling,0
397,,Under Votes,9
397,DEM,Joseph R. Biden,268
397,GRN,Howie Hawkins,1
397,LIB,Jo Jorgensen,2
397,REP,Donald J. Trump/Michael R. Pence,153
398,,Abram Loeb,0
398,,Gloria La Riva,0
398,,Jesse Cuellar,0
398,,Kasey Wells,0
398,,Over Votes,0
398,,President R. Boddie,0
398,,Robert Morrow,0
398,,Tom Hoefling,0
398,,Under Votes,24
398,DEM,Joseph R. Biden,1587
398,GRN,Howie Hawkins,17
398,LIB,Jo Jorgensen,23
398,REP,Donald J. Trump/Michael R. Pence,1183
399,,Abram Loeb,0
399,,Gloria La Riva,0
399,,Jesse Cuellar,0
399,,Kasey Wells,0
399,,Over Votes,0
399,,President R. Boddie,0
399,,Robert Morrow,0
399,,Tom Hoefling,0
399,,Under Votes,20
399,DEM,Joseph R. Biden,1471
399,GRN,Howie Hawkins,12
399,LIB,Jo Jorgensen,15
399,REP,Donald J. Trump/Michael R. Pence,685
4,,Abram Loeb,0
4,,Gloria La Riva,0
4,,Jesse Cuellar,0
4,,Kasey Wells,0
4,,Over Votes,0
4,,President R. Boddie,0
4,,Robert Morrow,0
4,,Tom Hoefling,0
4,,Under Votes,21
4,DEM,Joseph R. Biden,1187
4,GRN,Howie Hawkins,4
4,LIB,Jo Jorgensen,31
4,REP,Donald J. Trump/Michael R. Pence,454
40,,Abram Loeb,0
40,,Gloria La Riva,0
40,,Jesse Cuellar,0
40,,Kasey Wells,0
40,,Over Votes,1
40,,President R. Boddie,0
40,,Robert Morrow,0
40,,Tom Hoefling,0
40,,Under Votes,9
40,DEM,Joseph R. Biden,296
40,GRN,Howie Hawkins,1
40,LIB,Jo Jorgensen,4
40,REP,Donald J. Trump/Michael R. Pence,145
400,,Abram Loeb,0
400,,Gloria La Riva,0
400,,Jesse Cuellar,0
400,,Kasey Wells,0
400,,Over Votes,1
400,,President R. Boddie,0
400,,Robert Morrow,0
400,,Tom Hoefling,0
400,,Under Votes,17
400,DEM,Joseph R. Biden,1144
400,GRN,Howie Hawkins,6
400,LIB,Jo Jorgensen,27
400,REP,Donald J. Trump/Michael R. Pence,1203
401,,Abram Loeb,0
401,,Gloria La Riva,0
401,,Jesse Cuellar,0
401,,Kasey Wells,0
401,,Over Votes,1
401,,President R. Boddie,0
401,,Robert Morrow,0
401,,Tom Hoefling,0
401,,Under Votes,14
401,DEM,Joseph R. Biden,947
401,GRN,Howie Hawkins,3
401,LIB,Jo Jorgensen,8
401,REP,Donald J. Trump/Michael R. Pence,95
402,,Abram Loeb,0
402,,Gloria La Riva,0
402,,Jesse Cuellar,0
402,,Kasey Wells,0
402,,Over Votes,0
402,,President R. Boddie,0
402,,Robert Morrow,0
402,,Tom Hoefling,0
402,,Under Votes,18
402,DEM,Joseph R. Biden,1203
402,GRN,Howie Hawkins,7
402,LIB,Jo Jorgensen,2
402,REP,Donald J. Trump/Michael R. Pence,110
403,,Abram Loeb,0
403,,Gloria La Riva,0
403,,Jesse Cuellar,0
403,,Kasey Wells,0
403,,Over Votes,0
403,,President R. Boddie,0
403,,Robert Morrow,0
403,,Tom Hoefling,0
403,,Under Votes,16
403,DEM,Joseph R. Biden,862
403,GRN,Howie Hawkins,5
403,LIB,Jo Jorgensen,15
403,REP,Donald J. Trump/Michael R. Pence,603
404,,Abram Loeb,0
404,,Gloria La Riva,0
404,,Jesse Cuellar,0
404,,Kasey Wells,0
404,,Over Votes,3
404,,President R. Boddie,0
404,,Robert Morrow,0
404,,Tom Hoefling,0
404,,Under Votes,15
404,DEM,Joseph R. Biden,837
404,GRN,Howie Hawkins,8
404,LIB,Jo Jorgensen,10
404,REP,Donald J. Trump/Michael R. Pence,807
405,,Abram Loeb,0
405,,Gloria La Riva,0
405,,Jesse Cuellar,0
405,,Kasey Wells,0
405,,Over Votes,0
405,,President R. Boddie,0
405,,Robert Morrow,0
405,,Tom Hoefling,0
405,,Under Votes,19
405,DEM,Joseph R. Biden,952
405,GRN,Howie Hawkins,3
405,LIB,Jo Jorgensen,36
405,REP,Donald J. Trump/Michael R. Pence,2256
406,,Abram Loeb,0
406,,Gloria La Riva,0
406,,Jesse Cuellar,0
406,,Kasey Wells,0
406,,Over Votes,1
406,,President R. Boddie,0
406,,Robert Morrow,0
406,,Tom Hoefling,0
406,,Under Votes,4
406,DEM,Joseph R. Biden,281
406,GRN,Howie Hawkins,1
406,LIB,Jo Jorgensen,3
406,REP,Donald J. Trump/Michael R. Pence,13
407,,Abram Loeb,0
407,,Gloria La Riva,0
407,,Jesse Cuellar,0
407,,Kasey Wells,0
407,,Over Votes,0
407,,President R. Boddie,0
407,,Robert Morrow,0
407,,Tom Hoefling,0
407,,Under Votes,31
407,DEM,Joseph R. Biden,1471
407,GRN,Howie Hawkins,6
407,LIB,Jo Jorgensen,43
407,REP,Donald J. Trump/Michael R. Pence,1538
408,,Abram Loeb,0
408,,Gloria La Riva,0
408,,Jesse Cuellar,0
408,,Kasey Wells,0
408,,Over Votes,0
408,,President R. Boddie,0
408,,Robert Morrow,0
408,,Tom Hoefling,0
408,,Under Votes,6
408,DEM,Joseph R. Biden,565
408,GRN,Howie Hawkins,3
408,LIB,Jo Jorgensen,5
408,REP,Donald J. Trump/Michael R. Pence,330
409,,Abram Loeb,0
409,,Gloria La Riva,0
409,,Jesse Cuellar,0
409,,Kasey Wells,0
409,,Over Votes,0
409,,President R. Boddie,0
409,,Robert Morrow,0
409,,Tom Hoefling,0
409,,Under Votes,11
409,DEM,Joseph R. Biden,571
409,GRN,Howie Hawkins,3
409,LIB,Jo Jorgensen,6
409,REP,Donald J. Trump/Michael R. Pence,328
41,,Abram Loeb,0
41,,Gloria La Riva,0
41,,Jesse Cuellar,0
41,,Kasey Wells,0
41,,Over Votes,0
41,,President R. Boddie,0
41,,Robert Morrow,0
41,,Tom Hoefling,0
41,,Under Votes,7
41,DEM,Joseph R. Biden,709
41,GRN,Howie Hawkins,1
41,LIB,Jo Jorgensen,14
41,REP,Donald J. Trump/Michael R. Pence,426
410,,Abram Loeb,0
410,,Gloria La Riva,0
410,,Jesse Cuellar,0
410,,Kasey Wells,0
410,,Over Votes,0
410,,President R. Boddie,0
410,,Robert Morrow,0
410,,Tom Hoefling,0
410,,Under Votes,6
410,DEM,Joseph R. Biden,431
410,GRN,Howie Hawkins,0
410,LIB,Jo Jorgensen,6
410,REP,Donald J. Trump/Michael R. Pence,126
411,,Abram Loeb,0
411,,Gloria La Riva,0
411,,Jesse Cuellar,0
411,,Kasey Wells,0
411,,Over Votes,2
411,,President R. Boddie,0
411,,Robert Morrow,0
411,,Tom Hoefling,0
411,,Under Votes,11
411,DEM,Joseph R. Biden,817
411,GRN,Howie Hawkins,5
411,LIB,Jo Jorgensen,6
411,REP,Donald J. Trump/Michael R. Pence,416
412,,Abram Loeb,0
412,,Gloria La Riva,0
412,,Jesse Cuellar,0
412,,Kasey Wells,0
412,,Over Votes,0
412,,President R. Boddie,0
412,,Robert Morrow,0
412,,Tom Hoefling,0
412,,Under Votes,6
412,DEM,Joseph R. Biden,216
412,GRN,Howie Hawkins,2
412,LIB,Jo Jorgensen,1
412,REP,Donald J. Trump/Michael R. Pence,18
413,,Abram Loeb,0
413,,Gloria La Riva,0
413,,Jesse Cuellar,0
413,,Kasey Wells,0
413,,Over Votes,1
413,,President R. Boddie,0
413,,Robert Morrow,0
413,,Tom Hoefling,0
413,,Under Votes,26
413,DEM,Joseph R. Biden,1357
413,GRN,Howie Hawkins,5
413,LIB,Jo Jorgensen,23
413,REP,Donald J. Trump/Michael R. Pence,839
414,,Abram Loeb,0
414,,Gloria La Riva,0
414,,Jesse Cuellar,0
414,,Kasey Wells,0
414,,Over Votes,0
414,,President R. Boddie,0
414,,Robert Morrow,0
414,,Tom Hoefling,0
414,,Under Votes,17
414,DEM,Joseph R. Biden,706
414,GRN,Howie Hawkins,4
414,LIB,Jo Jorgensen,19
414,REP,Donald J. Trump/Michael R. Pence,1631
415,,Abram Loeb,0
415,,Gloria La Riva,0
415,,Jesse Cuellar,0
415,,Kasey Wells,0
415,,Over Votes,0
415,,President R. Boddie,0
415,,Robert Morrow,0
415,,Tom Hoefling,0
415,,Under Votes,15
415,DEM,Joseph R. Biden,669
415,GRN,Howie Hawkins,6
415,LIB,Jo Jorgensen,37
415,REP,Donald J. Trump/Michael R. Pence,1123
416,,Abram Loeb,0
416,,Gloria La Riva,0
416,,Jesse Cuellar,0
416,,Kasey Wells,0
416,,Over Votes,0
416,,President R. Boddie,0
416,,Robert Morrow,0
416,,Tom Hoefling,0
416,,Under Votes,30
416,DEM,Joseph R. Biden,1634
416,GRN,Howie Hawkins,16
416,LIB,Jo Jorgensen,51
416,REP,Donald J. Trump/Michael R. Pence,1226
417,,Abram Loeb,0
417,,Gloria La Riva,0
417,,Jesse Cuellar,0
417,,Kasey Wells,0
417,,Over Votes,0
417,,President R. Boddie,0
417,,Robert Morrow,0
417,,Tom Hoefling,0
417,,Under Votes,12
417,DEM,Joseph R. Biden,976
417,GRN,Howie Hawkins,4
417,LIB,Jo Jorgensen,16
417,REP,Donald J. Trump/Michael R. Pence,722
418,,Abram Loeb,0
418,,Gloria La Riva,0
418,,Jesse Cuellar,0
418,,Kasey Wells,0
418,,Over Votes,4
418,,President R. Boddie,0
418,,Robert Morrow,0
418,,Tom Hoefling,0
418,,Under Votes,21
418,DEM,Joseph R. Biden,1452
418,GRN,Howie Hawkins,13
418,LIB,Jo Jorgensen,17
418,REP,Donald J. Trump/Michael R. Pence,875
419,,Abram Loeb,0
419,,Gloria La Riva,0
419,,Jesse Cuellar,0
419,,Kasey Wells,0
419,,Over Votes,0
419,,President R. Boddie,0
419,,Robert Morrow,0
419,,Tom Hoefling,0
419,,Under Votes,10
419,DEM,Joseph R. Biden,833
419,GRN,Howie Hawkins,8
419,LIB,Jo Jorgensen,20
419,REP,Donald J. Trump/Michael R. Pence,989
42,,Abram Loeb,0
42,,Gloria La Riva,0
42,,Jesse Cuellar,0
42,,Kasey Wells,0
42,,Over Votes,0
42,,President R. Boddie,0
42,,Robert Morrow,0
42,,Tom Hoefling,0
42,,Under Votes,5
42,DEM,Joseph R. Biden,436
42,GRN,Howie Hawkins,2
42,LIB,Jo Jorgensen,5
42,REP,Donald J. Trump/Michael R. Pence,27
420,,Abram Loeb,0
420,,Gloria La Riva,0
420,,Jesse Cuellar,0
420,,Kasey Wells,0
420,,Over Votes,0
420,,President R. Boddie,0
420,,Robert Morrow,0
420,,Tom Hoefling,0
420,,Under Votes,22
420,DEM,Joseph R. Biden,769
420,GRN,Howie Hawkins,6
420,LIB,Jo Jorgensen,27
420,REP,Donald J. Trump/Michael R. Pence,3071
421,,Abram Loeb,0
421,,Gloria La Riva,0
421,,Jesse Cuellar,0
421,,Kasey Wells,0
421,,Over Votes,0
421,,President R. Boddie,0
421,,Robert Morrow,0
421,,Tom Hoefling,0
421,,Under Votes,10
421,DEM,Joseph R. Biden,997
421,GRN,Howie Hawkins,4
421,LIB,Jo Jorgensen,10
421,REP,Donald J. Trump/Michael R. Pence,699
422,,Abram Loeb,0
422,,Gloria La Riva,0
422,,Jesse Cuellar,0
422,,Kasey Wells,0
422,,Over Votes,2
422,,President R. Boddie,0
422,,Robert Morrow,0
422,,Tom Hoefling,0
422,,Under Votes,21
422,DEM,Joseph R. Biden,1932
422,GRN,Howie Hawkins,13
422,LIB,Jo Jorgensen,9
422,REP,Donald J. Trump/Michael R. Pence,119
423,,Abram Loeb,0
423,,Gloria La Riva,0
423,,Jesse Cuellar,0
423,,Kasey Wells,0
423,,Over Votes,0
423,,President R. Boddie,0
423,,Robert Morrow,0
423,,Tom Hoefling,0
423,,Under Votes,8
423,DEM,Joseph R. Biden,500
423,GRN,Howie Hawkins,4
423,LIB,Jo Jorgensen,5
423,REP,Donald J. Trump/Michael R. Pence,206
424,,Abram Loeb,0
424,,Gloria La Riva,0
424,,Jesse Cuellar,0
424,,Kasey Wells,0
424,,Over Votes,1
424,,President R. Boddie,0
424,,Robert Morrow,0
424,,Tom Hoefling,0
424,,Under Votes,24
424,DEM,Joseph R. Biden,541
424,GRN,Howie Hawkins,1
424,LIB,Jo Jorgensen,11
424,REP,Donald J. Trump/Michael R. Pence,435
425,,Abram Loeb,0
425,,Gloria La Riva,0
425,,Jesse Cuellar,0
425,,Kasey Wells,0
425,,Over Votes,0
425,,President R. Boddie,0
425,,Robert Morrow,0
425,,Tom Hoefling,0
425,,Under Votes,7
425,DEM,Joseph R. Biden,283
425,GRN,Howie Hawkins,4
425,LIB,Jo Jorgensen,1
425,REP,Donald J. Trump/Michael R. Pence,120
426,,Abram Loeb,0
426,,Gloria La Riva,0
426,,Jesse Cuellar,0
426,,Kasey Wells,0
426,,Over Votes,0
426,,President R. Boddie,0
426,,Robert Morrow,0
426,,Tom Hoefling,0
426,,Under Votes,11
426,DEM,Joseph R. Biden,428
426,GRN,Howie Hawkins,2
426,LIB,Jo Jorgensen,4
426,REP,Donald J. Trump/Michael R. Pence,401
427,,Abram Loeb,0
427,,Gloria La Riva,0
427,,Jesse Cuellar,0
427,,Kasey Wells,0
427,,Over Votes,0
427,,President R. Boddie,0
427,,Robert Morrow,0
427,,Tom Hoefling,0
427,,Under Votes,10
427,DEM,Joseph R. Biden,422
427,GRN,Howie Hawkins,2
427,LIB,Jo Jorgensen,3
427,REP,Donald J. Trump/Michael R. Pence,286
428,,Abram Loeb,0
428,,Gloria La Riva,0
428,,Jesse Cuellar,0
428,,Kasey Wells,0
428,,Over Votes,4
428,,President R. Boddie,0
428,,Robert Morrow,0
428,,Tom Hoefling,0
428,,Under Votes,33
428,DEM,Joseph R. Biden,2022
428,GRN,Howie Hawkins,7
428,LIB,Jo Jorgensen,18
428,REP,Donald J. Trump/Michael R. Pence,1447
429,,Abram Loeb,0
429,,Gloria La Riva,0
429,,Jesse Cuellar,0
429,,Kasey Wells,0
429,,Over Votes,5
429,,President R. Boddie,0
429,,Robert Morrow,0
429,,Tom Hoefling,0
429,,Under Votes,16
429,DEM,Joseph R. Biden,1196
429,GRN,Howie Hawkins,2
429,LIB,Jo Jorgensen,14
429,REP,Donald J. Trump/Michael R. Pence,497
43,,Abram Loeb,0
43,,Gloria La Riva,0
43,,Jesse Cuellar,0
43,,Kasey Wells,0
43,,Over Votes,0
43,,President R. Boddie,0
43,,Robert Morrow,0
43,,Tom Hoefling,0
43,,Under Votes,22
43,DEM,Joseph R. Biden,787
43,GRN,Howie Hawkins,4
43,LIB,Jo Jorgensen,8
43,REP,Donald J. Trump/Michael R. Pence,518
430,,Abram Loeb,0
430,,Gloria La Riva,0
430,,Jesse Cuellar,0
430,,Kasey Wells,0
430,,Over Votes,1
430,,President R. Boddie,0
430,,Robert Morrow,0
430,,Tom Hoefling,0
430,,Under Votes,14
430,DEM,Joseph R. Biden,796
430,GRN,Howie Hawkins,3
430,LIB,Jo Jorgensen,6
430,REP,Donald J. Trump/Michael R. Pence,235
431,,Abram Loeb,0
431,,Gloria La Riva,0
431,,Jesse Cuellar,0
431,,Kasey Wells,0
431,,Over Votes,0
431,,President R. Boddie,0
431,,Robert Morrow,0
431,,Tom Hoefling,0
431,,Under Votes,29
431,DEM,Joseph R. Biden,1696
431,GRN,Howie Hawkins,9
431,LIB,Jo Jorgensen,28
431,REP,Donald J. Trump/Michael R. Pence,537
432,,Abram Loeb,0
432,,Gloria La Riva,0
432,,Jesse Cuellar,0
432,,Kasey Wells,0
432,,Over Votes,0
432,,President R. Boddie,0
432,,Robert Morrow,0
432,,Tom Hoefling,0
432,,Under Votes,9
432,DEM,Joseph R. Biden,602
432,GRN,Howie Hawkins,4
432,LIB,Jo Jorgensen,5
432,REP,Donald J. Trump/Michael R. Pence,243
433,,Abram Loeb,0
433,,Gloria La Riva,0
433,,Jesse Cuellar,0
433,,Kasey Wells,0
433,,Over Votes,0
433,,President R. Boddie,0
433,,Robert Morrow,0
433,,Tom Hoefling,0
433,,Under Votes,3
433,DEM,Joseph R. Biden,242
433,GRN,Howie Hawkins,2
433,LIB,Jo Jorgensen,1
433,REP,Donald J. Trump/Michael R. Pence,77
434,,Abram Loeb,0
434,,Gloria La Riva,0
434,,Jesse Cuellar,0
434,,Kasey Wells,0
434,,Over Votes,0
434,,President R. Boddie,0
434,,Robert Morrow,0
434,,Tom Hoefling,0
434,,Under Votes,10
434,DEM,Joseph R. Biden,701
434,GRN,Howie Hawkins,2
434,LIB,Jo Jorgensen,17
434,REP,Donald J. Trump/Michael R. Pence,594
435,,Abram Loeb,0
435,,Gloria La Riva,0
435,,Jesse Cuellar,0
435,,Kasey Wells,0
435,,Over Votes,1
435,,President R. Boddie,0
435,,Robert Morrow,0
435,,Tom Hoefling,0
435,,Under Votes,24
435,DEM,Joseph R. Biden,1384
435,GRN,Howie Hawkins,7
435,LIB,Jo Jorgensen,32
435,REP,Donald J. Trump/Michael R. Pence,1400
436,,Abram Loeb,0
436,,Gloria La Riva,0
436,,Jesse Cuellar,0
436,,Kasey Wells,0
436,,Over Votes,1
436,,President R. Boddie,0
436,,Robert Morrow,0
436,,Tom Hoefling,0
436,,Under Votes,23
436,DEM,Joseph R. Biden,1780
436,GRN,Howie Hawkins,9
436,LIB,Jo Jorgensen,34
436,REP,Donald J. Trump/Michael R. Pence,1407
437,,Abram Loeb,0
437,,Gloria La Riva,0
437,,Jesse Cuellar,0
437,,Kasey Wells,0
437,,Over Votes,0
437,,President R. Boddie,0
437,,Robert Morrow,0
437,,Tom Hoefling,1
437,,Under Votes,26
437,DEM,Joseph R. Biden,849
437,GRN,Howie Hawkins,2
437,LIB,Jo Jorgensen,26
437,REP,Donald J. Trump/Michael R. Pence,990
438,,Abram Loeb,0
438,,Gloria La Riva,0
438,,Jesse Cuellar,0
438,,Kasey Wells,0
438,,Over Votes,0
438,,President R. Boddie,0
438,,Robert Morrow,0
438,,Tom Hoefling,0
438,,Under Votes,50
438,DEM,Joseph R. Biden,1275
438,GRN,Howie Hawkins,6
438,LIB,Jo Jorgensen,33
438,REP,Donald J. Trump/Michael R. Pence,1738
439,,Abram Loeb,0
439,,Gloria La Riva,0
439,,Jesse Cuellar,0
439,,Kasey Wells,0
439,,Over Votes,0
439,,President R. Boddie,0
439,,Robert Morrow,0
439,,Tom Hoefling,0
439,,Under Votes,26
439,DEM,Joseph R. Biden,1472
439,GRN,Howie Hawkins,8
439,LIB,Jo Jorgensen,32
439,REP,Donald J. Trump/Michael R. Pence,1776
44,,Abram Loeb,0
44,,Gloria La Riva,0
44,,Jesse Cuellar,0
44,,Kasey Wells,0
44,,Over Votes,1
44,,President R. Boddie,0
44,,Robert Morrow,0
44,,Tom Hoefling,0
44,,Under Votes,14
44,DEM,Joseph R. Biden,913
44,GRN,Howie Hawkins,0
44,LIB,Jo Jorgensen,15
44,REP,Donald J. Trump/Michael R. Pence,286
440,,Abram Loeb,0
440,,Gloria La Riva,0
440,,Jesse Cuellar,0
440,,Kasey Wells,0
440,,Over Votes,0
440,,President R. Boddie,0
440,,Robert Morrow,0
440,,Tom Hoefling,0
440,,Under Votes,32
440,DEM,Joseph R. Biden,903
440,GRN,Howie Hawkins,9
440,LIB,Jo Jorgensen,26
440,REP,Donald J. Trump/Michael R. Pence,1612
441,,Abram Loeb,0
441,,Gloria La Riva,0
441,,Jesse Cuellar,0
441,,Kasey Wells,0
441,,Over Votes,0
441,,President R. Boddie,0
441,,Robert Morrow,0
441,,Tom Hoefling,0
441,,Under Votes,18
441,DEM,Joseph R. Biden,498
441,GRN,Howie Hawkins,4
441,LIB,Jo Jorgensen,19
441,REP,Donald J. Trump/Michael R. Pence,813
442,,Abram Loeb,0
442,,Gloria La Riva,0
442,,Jesse Cuellar,0
442,,Kasey Wells,0
442,,Over Votes,0
442,,President R. Boddie,0
442,,Robert Morrow,0
442,,Tom Hoefling,0
442,,Under Votes,38
442,DEM,Joseph R. Biden,991
442,GRN,Howie Hawkins,6
442,LIB,Jo Jorgensen,48
442,REP,Donald J. Trump/Michael R. Pence,2517
443,,Abram Loeb,0
443,,Gloria La Riva,0
443,,Jesse Cuellar,0
443,,Kasey Wells,0
443,,Over Votes,0
443,,President R. Boddie,0
443,,Robert Morrow,0
443,,Tom Hoefling,0
443,,Under Votes,8
443,DEM,Joseph R. Biden,228
443,GRN,Howie Hawkins,0
443,LIB,Jo Jorgensen,5
443,REP,Donald J. Trump/Michael R. Pence,331
444,,Abram Loeb,0
444,,Gloria La Riva,0
444,,Jesse Cuellar,0
444,,Kasey Wells,0
444,,Over Votes,1
444,,President R. Boddie,0
444,,Robert Morrow,0
444,,Tom Hoefling,0
444,,Under Votes,27
444,DEM,Joseph R. Biden,1401
444,GRN,Howie Hawkins,10
444,LIB,Jo Jorgensen,37
444,REP,Donald J. Trump/Michael R. Pence,1324
445,,Abram Loeb,0
445,,Gloria La Riva,0
445,,Jesse Cuellar,0
445,,Kasey Wells,0
445,,Over Votes,1
445,,President R. Boddie,0
445,,Robert Morrow,0
445,,Tom Hoefling,0
445,,Under Votes,17
445,DEM,Joseph R. Biden,771
445,GRN,Howie Hawkins,4
445,LIB,Jo Jorgensen,18
445,REP,Donald J. Trump/Michael R. Pence,807
446,,Abram Loeb,0
446,,Gloria La Riva,0
446,,Jesse Cuellar,0
446,,Kasey Wells,0
446,,Over Votes,1
446,,President R. Boddie,0
446,,Robert Morrow,0
446,,Tom Hoefling,0
446,,Under Votes,2
446,DEM,Joseph R. Biden,96
446,GRN,Howie Hawkins,1
446,LIB,Jo Jorgensen,1
446,REP,Donald J. Trump/Michael R. Pence,55
447,,Abram Loeb,0
447,,Gloria La Riva,0
447,,Jesse Cuellar,0
447,,Kasey Wells,0
447,,Over Votes,0
447,,President R. Boddie,0
447,,Robert Morrow,0
447,,Tom Hoefling,0
447,,Under Votes,38
447,DEM,Joseph R. Biden,2241
447,GRN,Howie Hawkins,10
447,LIB,Jo Jorgensen,50
447,REP,Donald J. Trump/Michael R. Pence,2531
448,,Abram Loeb,0
448,,Gloria La Riva,0
448,,Jesse Cuellar,0
448,,Kasey Wells,0
448,,Over Votes,0
448,,President R. Boddie,0
448,,Robert Morrow,0
448,,Tom Hoefling,0
448,,Under Votes,29
448,DEM,Joseph R. Biden,1417
448,GRN,Howie Hawkins,7
448,LIB,Jo Jorgensen,28
448,REP,Donald J. Trump/Michael R. Pence,1132
449,,Abram Loeb,0
449,,Gloria La Riva,0
449,,Jesse Cuellar,0
449,,Kasey Wells,0
449,,Over Votes,0
449,,President R. Boddie,0
449,,Robert Morrow,0
449,,Tom Hoefling,0
449,,Under Votes,0
449,DEM,Joseph R. Biden,102
449,GRN,Howie Hawkins,0
449,LIB,Jo Jorgensen,0
449,REP,Donald J. Trump/Michael R. Pence,8
45,,Abram Loeb,0
45,,Gloria La Riva,0
45,,Jesse Cuellar,0
45,,Kasey Wells,0
45,,Over Votes,2
45,,President R. Boddie,0
45,,Robert Morrow,0
45,,Tom Hoefling,0
45,,Under Votes,40
45,DEM,Joseph R. Biden,3775
45,GRN,Howie Hawkins,18
45,LIB,Jo Jorgensen,38
45,REP,Donald J. Trump/Michael R. Pence,1125
450,,Abram Loeb,0
450,,Gloria La Riva,0
450,,Jesse Cuellar,0
450,,Kasey Wells,0
450,,Over Votes,0
450,,President R. Boddie,0
450,,Robert Morrow,0
450,,Tom Hoefling,0
450,,Under Votes,28
450,DEM,Joseph R. Biden,1183
450,GRN,Howie Hawkins,10
450,LIB,Jo Jorgensen,12
450,REP,Donald J. Trump/Michael R. Pence,434
451,,Abram Loeb,0
451,,Gloria La Riva,0
451,,Jesse Cuellar,0
451,,Kasey Wells,0
451,,Over Votes,0
451,,President R. Boddie,0
451,,Robert Morrow,0
451,,Tom Hoefling,0
451,,Under Votes,25
451,DEM,Joseph R. Biden,652
451,GRN,Howie Hawkins,3
451,LIB,Jo Jorgensen,14
451,REP,Donald J. Trump/Michael R. Pence,1567
452,,Abram Loeb,0
452,,Gloria La Riva,0
452,,Jesse Cuellar,0
452,,Kasey Wells,0
452,,Over Votes,1
452,,President R. Boddie,0
452,,Robert Morrow,0
452,,Tom Hoefling,0
452,,Under Votes,22
452,DEM,Joseph R. Biden,1458
452,GRN,Howie Hawkins,8
452,LIB,Jo Jorgensen,48
452,REP,Donald J. Trump/Michael R. Pence,2196
453,,Abram Loeb,0
453,,Gloria La Riva,0
453,,Jesse Cuellar,0
453,,Kasey Wells,0
453,,Over Votes,1
453,,President R. Boddie,0
453,,Robert Morrow,0
453,,Tom Hoefling,0
453,,Under Votes,20
453,DEM,Joseph R. Biden,970
453,GRN,Howie Hawkins,4
453,LIB,Jo Jorgensen,11
453,REP,Donald J. Trump/Michael R. Pence,370
454,,Abram Loeb,0
454,,Gloria La Riva,0
454,,Jesse Cuellar,0
454,,Kasey Wells,0
454,,Over Votes,1
454,,President R. Boddie,0
454,,Robert Morrow,0
454,,Tom Hoefling,0
454,,Under Votes,15
454,DEM,Joseph R. Biden,1269
454,GRN,Howie Hawkins,4
454,LIB,Jo Jorgensen,3
454,REP,Donald J. Trump/Michael R. Pence,62
455,,Abram Loeb,0
455,,Gloria La Riva,0
455,,Jesse Cuellar,0
455,,Kasey Wells,0
455,,Over Votes,1
455,,President R. Boddie,0
455,,Robert Morrow,0
455,,Tom Hoefling,0
455,,Under Votes,12
455,DEM,Joseph R. Biden,734
455,GRN,Howie Hawkins,3
455,LIB,Jo Jorgensen,9
455,REP,Donald J. Trump/Michael R. Pence,70
456,,Abram Loeb,0
456,,Gloria La Riva,0
456,,Jesse Cuellar,0
456,,Kasey Wells,0
456,,Over Votes,0
456,,President R. Boddie,0
456,,Robert Morrow,0
456,,Tom Hoefling,0
456,,Under Votes,21
456,DEM,Joseph R. Biden,1222
456,GRN,Howie Hawkins,14
456,LIB,Jo Jorgensen,36
456,REP,Donald J. Trump/Michael R. Pence,1268
457,,Abram Loeb,0
457,,Gloria La Riva,0
457,,Jesse Cuellar,0
457,,Kasey Wells,0
457,,Over Votes,0
457,,President R. Boddie,0
457,,Robert Morrow,0
457,,Tom Hoefling,0
457,,Under Votes,0
457,DEM,Joseph R. Biden,0
457,GRN,Howie Hawkins,0
457,LIB,Jo Jorgensen,0
457,REP,Donald J. Trump/Michael R. Pence,0
458,,Abram Loeb,0
458,,Gloria La Riva,0
458,,Jesse Cuellar,0
458,,Kasey Wells,0
458,,Over Votes,0
458,,President R. Boddie,0
458,,Robert Morrow,0
458,,Tom Hoefling,0
458,,Under Votes,9
458,DEM,Joseph R. Biden,1185
458,GRN,Howie Hawkins,7
458,LIB,Jo Jorgensen,9
458,REP,Donald J. Trump/Michael R. Pence,120
459,,Abram Loeb,0
459,,Gloria La Riva,0
459,,Jesse Cuellar,0
459,,Kasey Wells,0
459,,Over Votes,0
459,,President R. Boddie,0
459,,Robert Morrow,0
459,,Tom Hoefling,0
459,,Under Votes,24
459,DEM,Joseph R. Biden,1014
459,GRN,Howie Hawkins,6
459,LIB,Jo Jorgensen,38
459,REP,Donald J. Trump/Michael R. Pence,2077
46,,Abram Loeb,0
46,,Gloria La Riva,0
46,,Jesse Cuellar,0
46,,Kasey Wells,0
46,,Over Votes,0
46,,President R. Boddie,0
46,,Robert Morrow,0
46,,Tom Hoefling,0
46,,Under Votes,22
46,DEM,Joseph R. Biden,1081
46,GRN,Howie Hawkins,11
46,LIB,Jo Jorgensen,10
46,REP,Donald J. Trump/Michael R. Pence,301
460,,Abram Loeb,0
460,,Gloria La Riva,0
460,,Jesse Cuellar,0
460,,Kasey Wells,0
460,,Over Votes,1
460,,President R. Boddie,0
460,,Robert Morrow,0
460,,Tom Hoefling,0
460,,Under Votes,21
460,DEM,Joseph R. Biden,1968
460,GRN,Howie Hawkins,4
460,LIB,Jo Jorgensen,20
460,REP,Donald J. Trump/Michael R. Pence,759
461,,Abram Loeb,0
461,,Gloria La Riva,0
461,,Jesse Cuellar,0
461,,Kasey Wells,0
461,,Over Votes,2
461,,President R. Boddie,0
461,,Robert Morrow,0
461,,Tom Hoefling,0
461,,Under Votes,34
461,DEM,Joseph R. Biden,1667
461,GRN,Howie Hawkins,7
461,LIB,Jo Jorgensen,26
461,REP,Donald J. Trump/Michael R. Pence,1791
462,,Abram Loeb,0
462,,Gloria La Riva,0
462,,Jesse Cuellar,0
462,,Kasey Wells,0
462,,Over Votes,0
462,,President R. Boddie,0
462,,Robert Morrow,0
462,,Tom Hoefling,0
462,,Under Votes,28
462,DEM,Joseph R. Biden,1698
462,GRN,Howie Hawkins,7
462,LIB,Jo Jorgensen,26
462,REP,Donald J. Trump/Michael R. Pence,848
463,,Abram Loeb,0
463,,Gloria La Riva,0
463,,Jesse Cuellar,0
463,,Kasey Wells,0
463,,Over Votes,1
463,,President R. Boddie,0
463,,Robert Morrow,0
463,,Tom Hoefling,0
463,,Under Votes,29
463,DEM,Joseph R. Biden,1984
463,GRN,Howie Hawkins,9
463,LIB,Jo Jorgensen,26
463,REP,Donald J. Trump/Michael R. Pence,1036
464,,Abram Loeb,0
464,,Gloria La Riva,0
464,,Jesse Cuellar,0
464,,Kasey Wells,0
464,,Over Votes,0
464,,President R. Boddie,0
464,,Robert Morrow,0
464,,Tom Hoefling,1
464,,Under Votes,12
464,DEM,Joseph R. Biden,815
464,GRN,Howie Hawkins,11
464,LIB,Jo Jorgensen,22
464,REP,Donald J. Trump/Michael R. Pence,986
465,,Abram Loeb,0
465,,Gloria La Riva,0
465,,Jesse Cuellar,0
465,,Kasey Wells,0
465,,Over Votes,0
465,,President R. Boddie,0
465,,Robert Morrow,0
465,,Tom Hoefling,0
465,,Under Votes,28
465,DEM,Joseph R. Biden,1622
465,GRN,Howie Hawkins,12
465,LIB,Jo Jorgensen,31
465,REP,Donald J. Trump/Michael R. Pence,917
466,,Abram Loeb,0
466,,Gloria La Riva,0
466,,Jesse Cuellar,0
466,,Kasey Wells,0
466,,Over Votes,0
466,,President R. Boddie,0
466,,Robert Morrow,0
466,,Tom Hoefling,0
466,,Under Votes,34
466,DEM,Joseph R. Biden,1692
466,GRN,Howie Hawkins,6
466,LIB,Jo Jorgensen,23
466,REP,Donald J. Trump/Michael R. Pence,1411
467,,Abram Loeb,0
467,,Gloria La Riva,0
467,,Jesse Cuellar,0
467,,Kasey Wells,0
467,,Over Votes,0
467,,President R. Boddie,0
467,,Robert Morrow,0
467,,Tom Hoefling,0
467,,Under Votes,7
467,DEM,Joseph R. Biden,595
467,GRN,Howie Hawkins,3
467,LIB,Jo Jorgensen,6
467,REP,Donald J. Trump/Michael R. Pence,239
468,,Abram Loeb,0
468,,Gloria La Riva,0
468,,Jesse Cuellar,0
468,,Kasey Wells,0
468,,Over Votes,4
468,,President R. Boddie,0
468,,Robert Morrow,0
468,,Tom Hoefling,0
468,,Under Votes,32
468,DEM,Joseph R. Biden,1862
468,GRN,Howie Hawkins,12
468,LIB,Jo Jorgensen,9
468,REP,Donald J. Trump/Michael R. Pence,871
469,,Abram Loeb,0
469,,Gloria La Riva,0
469,,Jesse Cuellar,0
469,,Kasey Wells,0
469,,Over Votes,0
469,,President R. Boddie,0
469,,Robert Morrow,0
469,,Tom Hoefling,0
469,,Under Votes,19
469,DEM,Joseph R. Biden,742
469,GRN,Howie Hawkins,2
469,LIB,Jo Jorgensen,28
469,REP,Donald J. Trump/Michael R. Pence,1796
47,,Abram Loeb,0
47,,Gloria La Riva,0
47,,Jesse Cuellar,0
47,,Kasey Wells,0
47,,Over Votes,1
47,,President R. Boddie,0
47,,Robert Morrow,0
47,,Tom Hoefling,0
47,,Under Votes,12
47,DEM,Joseph R. Biden,730
47,GRN,Howie Hawkins,3
47,LIB,Jo Jorgensen,2
47,REP,Donald J. Trump/Michael R. Pence,70
470,,Abram Loeb,0
470,,Gloria La Riva,0
470,,Jesse Cuellar,0
470,,Kasey Wells,0
470,,Over Votes,0
470,,President R. Boddie,0
470,,Robert Morrow,0
470,,Tom Hoefling,0
470,,Under Votes,6
470,DEM,Joseph R. Biden,272
470,GRN,Howie Hawkins,3
470,LIB,Jo Jorgensen,10
470,REP,Donald J. Trump/Michael R. Pence,672
471,,Abram Loeb,0
471,,Gloria La Riva,0
471,,Jesse Cuellar,0
471,,Kasey Wells,0
471,,Over Votes,1
471,,President R. Boddie,0
471,,Robert Morrow,0
471,,Tom Hoefling,0
471,,Under Votes,12
471,DEM,Joseph R. Biden,437
471,GRN,Howie Hawkins,13
471,LIB,Jo Jorgensen,17
471,REP,Donald J. Trump/Michael R. Pence,1372
472,,Abram Loeb,0
472,,Gloria La Riva,0
472,,Jesse Cuellar,0
472,,Kasey Wells,0
472,,Over Votes,0
472,,President R. Boddie,0
472,,Robert Morrow,0
472,,Tom Hoefling,0
472,,Under Votes,11
472,DEM,Joseph R. Biden,638
472,GRN,Howie Hawkins,1
472,LIB,Jo Jorgensen,14
472,REP,Donald J. Trump/Michael R. Pence,271
473,,Abram Loeb,0
473,,Gloria La Riva,0
473,,Jesse Cuellar,0
473,,Kasey Wells,0
473,,Over Votes,0
473,,President R. Boddie,0
473,,Robert Morrow,0
473,,Tom Hoefling,0
473,,Under Votes,18
473,DEM,Joseph R. Biden,584
473,GRN,Howie Hawkins,0
473,LIB,Jo Jorgensen,27
473,REP,Donald J. Trump/Michael R. Pence,810
474,,Abram Loeb,0
474,,Gloria La Riva,0
474,,Jesse Cuellar,0
474,,Kasey Wells,0
474,,Over Votes,1
474,,President R. Boddie,0
474,,Robert Morrow,0
474,,Tom Hoefling,1
474,,Under Votes,20
474,DEM,Joseph R. Biden,965
474,GRN,Howie Hawkins,6
474,LIB,Jo Jorgensen,30
474,REP,Donald J. Trump/Michael R. Pence,1338
475,,Abram Loeb,0
475,,Gloria La Riva,0
475,,Jesse Cuellar,0
475,,Kasey Wells,0
475,,Over Votes,0
475,,President R. Boddie,0
475,,Robert Morrow,0
475,,Tom Hoefling,0
475,,Under Votes,18
475,DEM,Joseph R. Biden,783
475,GRN,Howie Hawkins,4
475,LIB,Jo Jorgensen,13
475,REP,Donald J. Trump/Michael R. Pence,659
476,,Abram Loeb,0
476,,Gloria La Riva,0
476,,Jesse Cuellar,0
476,,Kasey Wells,0
476,,Over Votes,1
476,,President R. Boddie,0
476,,Robert Morrow,0
476,,Tom Hoefling,0
476,,Under Votes,15
476,DEM,Joseph R. Biden,876
476,GRN,Howie Hawkins,8
476,LIB,Jo Jorgensen,18
476,REP,Donald J. Trump/Michael R. Pence,769
477,,Abram Loeb,0
477,,Gloria La Riva,0
477,,Jesse Cuellar,0
477,,Kasey Wells,0
477,,Over Votes,0
477,,President R. Boddie,0
477,,Robert Morrow,0
477,,Tom Hoefling,0
477,,Under Votes,21
477,DEM,Joseph R. Biden,1306
477,GRN,Howie Hawkins,12
477,LIB,Jo Jorgensen,43
477,REP,Donald J. Trump/Michael R. Pence,2008
478,,Abram Loeb,0
478,,Gloria La Riva,0
478,,Jesse Cuellar,0
478,,Kasey Wells,0
478,,Over Votes,0
478,,President R. Boddie,0
478,,Robert Morrow,0
478,,Tom Hoefling,0
478,,Under Votes,28
478,DEM,Joseph R. Biden,1556
478,GRN,Howie Hawkins,22
478,LIB,Jo Jorgensen,33
478,REP,Donald J. Trump/Michael R. Pence,1703
479,,Abram Loeb,0
479,,Gloria La Riva,0
479,,Jesse Cuellar,0
479,,Kasey Wells,0
479,,Over Votes,0
479,,President R. Boddie,0
479,,Robert Morrow,0
479,,Tom Hoefling,0
479,,Under Votes,31
479,DEM,Joseph R. Biden,956
479,GRN,Howie Hawkins,7
479,LIB,Jo Jorgensen,37
479,REP,Donald J. Trump/Michael R. Pence,1933
48,,Abram Loeb,0
48,,Gloria La Riva,0
48,,Jesse Cuellar,0
48,,Kasey Wells,0
48,,Over Votes,0
48,,President R. Boddie,0
48,,Robert Morrow,0
48,,Tom Hoefling,0
48,,Under Votes,5
48,DEM,Joseph R. Biden,513
48,GRN,Howie Hawkins,2
48,LIB,Jo Jorgensen,5
48,REP,Donald J. Trump/Michael R. Pence,63
480,,Abram Loeb,0
480,,Gloria La Riva,0
480,,Jesse Cuellar,0
480,,Kasey Wells,0
480,,Over Votes,0
480,,President R. Boddie,0
480,,Robert Morrow,0
480,,Tom Hoefling,0
480,,Under Votes,22
480,DEM,Joseph R. Biden,922
480,GRN,Howie Hawkins,7
480,LIB,Jo Jorgensen,27
480,REP,Donald J. Trump/Michael R. Pence,1413
481,,Abram Loeb,0
481,,Gloria La Riva,0
481,,Jesse Cuellar,0
481,,Kasey Wells,0
481,,Over Votes,0
481,,President R. Boddie,0
481,,Robert Morrow,0
481,,Tom Hoefling,0
481,,Under Votes,19
481,DEM,Joseph R. Biden,932
481,GRN,Howie Hawkins,7
481,LIB,Jo Jorgensen,34
481,REP,Donald J. Trump/Michael R. Pence,1881
482,,Abram Loeb,0
482,,Gloria La Riva,0
482,,Jesse Cuellar,0
482,,Kasey Wells,0
482,,Over Votes,1
482,,President R. Boddie,0
482,,Robert Morrow,0
482,,Tom Hoefling,0
482,,Under Votes,30
482,DEM,Joseph R. Biden,1409
482,GRN,Howie Hawkins,11
482,LIB,Jo Jorgensen,54
482,REP,Donald J. Trump/Michael R. Pence,2041
483,,Abram Loeb,0
483,,Gloria La Riva,0
483,,Jesse Cuellar,0
483,,Kasey Wells,0
483,,Over Votes,0
483,,President R. Boddie,0
483,,Robert Morrow,0
483,,Tom Hoefling,0
483,,Under Votes,31
483,DEM,Joseph R. Biden,2064
483,GRN,Howie Hawkins,10
483,LIB,Jo Jorgensen,52
483,REP,Donald J. Trump/Michael R. Pence,1438
484,,Abram Loeb,0
484,,Gloria La Riva,0
484,,Jesse Cuellar,0
484,,Kasey Wells,0
484,,Over Votes,0
484,,President R. Boddie,0
484,,Robert Morrow,0
484,,Tom Hoefling,0
484,,Under Votes,27
484,DEM,Joseph R. Biden,1341
484,GRN,Howie Hawkins,9
484,LIB,Jo Jorgensen,38
484,REP,Donald J. Trump/Michael R. Pence,1643
485,,Abram Loeb,0
485,,Gloria La Riva,0
485,,Jesse Cuellar,0
485,,Kasey Wells,0
485,,Over Votes,1
485,,President R. Boddie,0
485,,Robert Morrow,0
485,,Tom Hoefling,0
485,,Under Votes,25
485,DEM,Joseph R. Biden,1164
485,GRN,Howie Hawkins,7
485,LIB,Jo Jorgensen,32
485,REP,Donald J. Trump/Michael R. Pence,2113
486,,Abram Loeb,0
486,,Gloria La Riva,0
486,,Jesse Cuellar,0
486,,Kasey Wells,0
486,,Over Votes,0
486,,President R. Boddie,0
486,,Robert Morrow,0
486,,Tom Hoefling,0
486,,Under Votes,19
486,DEM,Joseph R. Biden,1104
486,GRN,Howie Hawkins,7
486,LIB,Jo Jorgensen,48
486,REP,Donald J. Trump/Michael R. Pence,2428
487,,Abram Loeb,0
487,,Gloria La Riva,0
487,,Jesse Cuellar,0
487,,Kasey Wells,0
487,,Over Votes,2
487,,President R. Boddie,0
487,,Robert Morrow,0
487,,Tom Hoefling,0
487,,Under Votes,38
487,DEM,Joseph R. Biden,1402
487,GRN,Howie Hawkins,5
487,LIB,Jo Jorgensen,14
487,REP,Donald J. Trump/Michael R. Pence,954
488,,Abram Loeb,0
488,,Gloria La Riva,0
488,,Jesse Cuellar,0
488,,Kasey Wells,0
488,,Over Votes,2
488,,President R. Boddie,0
488,,Robert Morrow,0
488,,Tom Hoefling,0
488,,Under Votes,15
488,DEM,Joseph R. Biden,1013
488,GRN,Howie Hawkins,8
488,LIB,Jo Jorgensen,10
488,REP,Donald J. Trump/Michael R. Pence,504
489,,Abram Loeb,0
489,,Gloria La Riva,0
489,,Jesse Cuellar,0
489,,Kasey Wells,0
489,,Over Votes,0
489,,President R. Boddie,0
489,,Robert Morrow,0
489,,Tom Hoefling,0
489,,Under Votes,19
489,DEM,Joseph R. Biden,999
489,GRN,Howie Hawkins,9
489,LIB,Jo Jorgensen,11
489,REP,Donald J. Trump/Michael R. Pence,346
49,,Abram Loeb,0
49,,Gloria La Riva,0
49,,Jesse Cuellar,0
49,,Kasey Wells,0
49,,Over Votes,0
49,,President R. Boddie,0
49,,Robert Morrow,0
49,,Tom Hoefling,1
49,,Under Votes,23
49,DEM,Joseph R. Biden,1423
49,GRN,Howie Hawkins,16
49,LIB,Jo Jorgensen,48
49,REP,Donald J. Trump/Michael R. Pence,2302
490,,Abram Loeb,0
490,,Gloria La Riva,1
490,,Jesse Cuellar,0
490,,Kasey Wells,0
490,,Over Votes,1
490,,President R. Boddie,0
490,,Robert Morrow,0
490,,Tom Hoefling,1
490,,Under Votes,13
490,DEM,Joseph R. Biden,1053
490,GRN,Howie Hawkins,2
490,LIB,Jo Jorgensen,15
490,REP,Donald J. Trump/Michael R. Pence,451
491,,Abram Loeb,0
491,,Gloria La Riva,0
491,,Jesse Cuellar,0
491,,Kasey Wells,0
491,,Over Votes,0
491,,President R. Boddie,0
491,,Robert Morrow,0
491,,Tom Hoefling,0
491,,Under Votes,17
491,DEM,Joseph R. Biden,1125
491,GRN,Howie Hawkins,3
491,LIB,Jo Jorgensen,24
491,REP,Donald J. Trump/Michael R. Pence,742
492,,Abram Loeb,0
492,,Gloria La Riva,0
492,,Jesse Cuellar,0
492,,Kasey Wells,0
492,,Over Votes,0
492,,President R. Boddie,0
492,,Robert Morrow,0
492,,Tom Hoefling,0
492,,Under Votes,20
492,DEM,Joseph R. Biden,1009
492,GRN,Howie Hawkins,5
492,LIB,Jo Jorgensen,11
492,REP,Donald J. Trump/Michael R. Pence,726
493,,Abram Loeb,0
493,,Gloria La Riva,0
493,,Jesse Cuellar,0
493,,Kasey Wells,0
493,,Over Votes,0
493,,President R. Boddie,0
493,,Robert Morrow,0
493,,Tom Hoefling,2
493,,Under Votes,23
493,DEM,Joseph R. Biden,1467
493,GRN,Howie Hawkins,8
493,LIB,Jo Jorgensen,12
493,REP,Donald J. Trump/Michael R. Pence,954
494,,Abram Loeb,0
494,,Gloria La Riva,0
494,,Jesse Cuellar,0
494,,Kasey Wells,0
494,,Over Votes,0
494,,President R. Boddie,0
494,,Robert Morrow,0
494,,Tom Hoefling,0
494,,Under Votes,18
494,DEM,Joseph R. Biden,1468
494,GRN,Howie Hawkins,10
494,LIB,Jo Jorgensen,12
494,REP,Donald J. Trump/Michael R. Pence,357
495,,Abram Loeb,0
495,,Gloria La Riva,0
495,,Jesse Cuellar,0
495,,Kasey Wells,0
495,,Over Votes,0
495,,President R. Boddie,0
495,,Robert Morrow,0
495,,Tom Hoefling,0
495,,Under Votes,14
495,DEM,Joseph R. Biden,883
495,GRN,Howie Hawkins,4
495,LIB,Jo Jorgensen,16
495,REP,Donald J. Trump/Michael R. Pence,1244
496,,Abram Loeb,0
496,,Gloria La Riva,0
496,,Jesse Cuellar,0
496,,Kasey Wells,0
496,,Over Votes,0
496,,President R. Boddie,0
496,,Robert Morrow,0
496,,Tom Hoefling,0
496,,Under Votes,21
496,DEM,Joseph R. Biden,935
496,GRN,Howie Hawkins,4
496,LIB,Jo Jorgensen,11
496,REP,Donald J. Trump/Michael R. Pence,576
497,,Abram Loeb,0
497,,Gloria La Riva,0
497,,Jesse Cuellar,0
497,,Kasey Wells,0
497,,Over Votes,0
497,,President R. Boddie,0
497,,Robert Morrow,0
497,,Tom Hoefling,0
497,,Under Votes,11
497,DEM,Joseph R. Biden,1155
497,GRN,Howie Hawkins,7
497,LIB,Jo Jorgensen,4
497,REP,Donald J. Trump/Michael R. Pence,92
498,,Abram Loeb,0
498,,Gloria La Riva,0
498,,Jesse Cuellar,0
498,,Kasey Wells,0
498,,Over Votes,0
498,,President R. Boddie,0
498,,Robert Morrow,0
498,,Tom Hoefling,0
498,,Under Votes,16
498,DEM,Joseph R. Biden,1157
498,GRN,Howie Hawkins,8
498,LIB,Jo Jorgensen,22
498,REP,Donald J. Trump/Michael R. Pence,520
499,,Abram Loeb,0
499,,Gloria La Riva,0
499,,Jesse Cuellar,0
499,,Kasey Wells,0
499,,Over Votes,0
499,,President R. Boddie,0
499,,Robert Morrow,0
499,,Tom Hoefling,0
499,,Under Votes,28
499,DEM,Joseph R. Biden,837
499,GRN,Howie Hawkins,1
499,LIB,Jo Jorgensen,23
499,REP,Donald J. Trump/Michael R. Pence,1182
5,,Abram Loeb,0
5,,Gloria La Riva,0
5,,Jesse Cuellar,0
5,,Kasey Wells,0
5,,Over Votes,0
5,,President R. Boddie,0
5,,Robert Morrow,0
5,,Tom Hoefling,0
5,,Under Votes,12
5,DEM,Joseph R. Biden,894
5,GRN,Howie Hawkins,6
5,LIB,Jo Jorgensen,20
5,REP,Donald J. Trump/Michael R. Pence,345
50,,Abram Loeb,0
50,,Gloria La Riva,0
50,,Jesse Cuellar,0
50,,Kasey Wells,0
50,,Over Votes,0
50,,President R. Boddie,0
50,,Robert Morrow,0
50,,Tom Hoefling,0
50,,Under Votes,27
50,DEM,Joseph R. Biden,1769
50,GRN,Howie Hawkins,6
50,LIB,Jo Jorgensen,30
50,REP,Donald J. Trump/Michael R. Pence,1419
500,,Abram Loeb,0
500,,Gloria La Riva,0
500,,Jesse Cuellar,0
500,,Kasey Wells,0
500,,Over Votes,0
500,,President R. Boddie,0
500,,Robert Morrow,0
500,,Tom Hoefling,0
500,,Under Votes,32
500,DEM,Joseph R. Biden,1249
500,GRN,Howie Hawkins,11
500,LIB,Jo Jorgensen,23
500,REP,Donald J. Trump/Michael R. Pence,1574
501,,Abram Loeb,0
501,,Gloria La Riva,0
501,,Jesse Cuellar,0
501,,Kasey Wells,0
501,,Over Votes,0
501,,President R. Boddie,0
501,,Robert Morrow,0
501,,Tom Hoefling,0
501,,Under Votes,19
501,DEM,Joseph R. Biden,1330
501,GRN,Howie Hawkins,1
501,LIB,Jo Jorgensen,34
501,REP,Donald J. Trump/Michael R. Pence,535
502,,Abram Loeb,0
502,,Gloria La Riva,0
502,,Jesse Cuellar,0
502,,Kasey Wells,0
502,,Over Votes,0
502,,President R. Boddie,0
502,,Robert Morrow,0
502,,Tom Hoefling,0
502,,Under Votes,16
502,DEM,Joseph R. Biden,384
502,GRN,Howie Hawkins,5
502,LIB,Jo Jorgensen,20
502,REP,Donald J. Trump/Michael R. Pence,1525
503,,Abram Loeb,0
503,,Gloria La Riva,0
503,,Jesse Cuellar,0
503,,Kasey Wells,0
503,,Over Votes,0
503,,President R. Boddie,0
503,,Robert Morrow,0
503,,Tom Hoefling,0
503,,Under Votes,15
503,DEM,Joseph R. Biden,727
503,GRN,Howie Hawkins,3
503,LIB,Jo Jorgensen,29
503,REP,Donald J. Trump/Michael R. Pence,1413
504,,Abram Loeb,0
504,,Gloria La Riva,0
504,,Jesse Cuellar,0
504,,Kasey Wells,0
504,,Over Votes,0
504,,President R. Boddie,0
504,,Robert Morrow,0
504,,Tom Hoefling,0
504,,Under Votes,16
504,DEM,Joseph R. Biden,905
504,GRN,Howie Hawkins,4
504,LIB,Jo Jorgensen,26
504,REP,Donald J. Trump/Michael R. Pence,999
505,,Abram Loeb,0
505,,Gloria La Riva,0
505,,Jesse Cuellar,0
505,,Kasey Wells,0
505,,Over Votes,0
505,,President R. Boddie,0
505,,Robert Morrow,0
505,,Tom Hoefling,0
505,,Under Votes,21
505,DEM,Joseph R. Biden,1801
505,GRN,Howie Hawkins,13
505,LIB,Jo Jorgensen,53
505,REP,Donald J. Trump/Michael R. Pence,1039
506,,Abram Loeb,0
506,,Gloria La Riva,0
506,,Jesse Cuellar,0
506,,Kasey Wells,1
506,,Over Votes,1
506,,President R. Boddie,0
506,,Robert Morrow,0
506,,Tom Hoefling,0
506,,Under Votes,24
506,DEM,Joseph R. Biden,2025
506,GRN,Howie Hawkins,8
506,LIB,Jo Jorgensen,8
506,REP,Donald J. Trump/Michael R. Pence,457
507,,Abram Loeb,0
507,,Gloria La Riva,0
507,,Jesse Cuellar,0
507,,Kasey Wells,0
507,,Over Votes,0
507,,President R. Boddie,0
507,,Robert Morrow,0
507,,Tom Hoefling,0
507,,Under Votes,16
507,DEM,Joseph R. Biden,683
507,GRN,Howie Hawkins,5
507,LIB,Jo Jorgensen,10
507,REP,Donald J. Trump/Michael R. Pence,421
508,,Abram Loeb,0
508,,Gloria La Riva,0
508,,Jesse Cuellar,0
508,,Kasey Wells,0
508,,Over Votes,2
508,,President R. Boddie,0
508,,Robert Morrow,0
508,,Tom Hoefling,0
508,,Under Votes,24
508,DEM,Joseph R. Biden,1693
508,GRN,Howie Hawkins,11
508,LIB,Jo Jorgensen,15
508,REP,Donald J. Trump/Michael R. Pence,1174
509,,Abram Loeb,0
509,,Gloria La Riva,0
509,,Jesse Cuellar,0
509,,Kasey Wells,0
509,,Over Votes,5
509,,President R. Boddie,0
509,,Robert Morrow,0
509,,Tom Hoefling,0
509,,Under Votes,40
509,DEM,Joseph R. Biden,1685
509,GRN,Howie Hawkins,21
509,LIB,Jo Jorgensen,71
509,REP,Donald J. Trump/Michael R. Pence,2088
51,,Abram Loeb,0
51,,Gloria La Riva,0
51,,Jesse Cuellar,0
51,,Kasey Wells,0
51,,Over Votes,0
51,,President R. Boddie,0
51,,Robert Morrow,0
51,,Tom Hoefling,0
51,,Under Votes,12
51,DEM,Joseph R. Biden,351
51,GRN,Howie Hawkins,7
51,LIB,Jo Jorgensen,15
51,REP,Donald J. Trump/Michael R. Pence,906
510,,Abram Loeb,0
510,,Gloria La Riva,0
510,,Jesse Cuellar,0
510,,Kasey Wells,0
510,,Over Votes,1
510,,President R. Boddie,0
510,,Robert Morrow,0
510,,Tom Hoefling,0
510,,Under Votes,24
510,DEM,Joseph R. Biden,1825
510,GRN,Howie Hawkins,9
510,LIB,Jo Jorgensen,37
510,REP,Donald J. Trump/Michael R. Pence,933
511,,Abram Loeb,0
511,,Gloria La Riva,0
511,,Jesse Cuellar,0
511,,Kasey Wells,0
511,,Over Votes,1
511,,President R. Boddie,0
511,,Robert Morrow,0
511,,Tom Hoefling,0
511,,Under Votes,45
511,DEM,Joseph R. Biden,3357
511,GRN,Howie Hawkins,14
511,LIB,Jo Jorgensen,61
511,REP,Donald J. Trump/Michael R. Pence,3903
512,,Abram Loeb,0
512,,Gloria La Riva,0
512,,Jesse Cuellar,0
512,,Kasey Wells,0
512,,Over Votes,0
512,,President R. Boddie,0
512,,Robert Morrow,0
512,,Tom Hoefling,0
512,,Under Votes,32
512,DEM,Joseph R. Biden,1928
512,GRN,Howie Hawkins,17
512,LIB,Jo Jorgensen,35
512,REP,Donald J. Trump/Michael R. Pence,1243
513,,Abram Loeb,0
513,,Gloria La Riva,0
513,,Jesse Cuellar,0
513,,Kasey Wells,0
513,,Over Votes,0
513,,President R. Boddie,0
513,,Robert Morrow,0
513,,Tom Hoefling,0
513,,Under Votes,35
513,DEM,Joseph R. Biden,925
513,GRN,Howie Hawkins,5
513,LIB,Jo Jorgensen,21
513,REP,Donald J. Trump/Michael R. Pence,1447
514,,Abram Loeb,0
514,,Gloria La Riva,0
514,,Jesse Cuellar,0
514,,Kasey Wells,0
514,,Over Votes,0
514,,President R. Boddie,0
514,,Robert Morrow,0
514,,Tom Hoefling,0
514,,Under Votes,29
514,DEM,Joseph R. Biden,1260
514,GRN,Howie Hawkins,8
514,LIB,Jo Jorgensen,39
514,REP,Donald J. Trump/Michael R. Pence,1960
515,,Abram Loeb,0
515,,Gloria La Riva,0
515,,Jesse Cuellar,0
515,,Kasey Wells,0
515,,Over Votes,0
515,,President R. Boddie,0
515,,Robert Morrow,0
515,,Tom Hoefling,0
515,,Under Votes,24
515,DEM,Joseph R. Biden,788
515,GRN,Howie Hawkins,5
515,LIB,Jo Jorgensen,31
515,REP,Donald J. Trump/Michael R. Pence,1735
516,,Abram Loeb,0
516,,Gloria La Riva,0
516,,Jesse Cuellar,0
516,,Kasey Wells,0
516,,Over Votes,0
516,,President R. Boddie,0
516,,Robert Morrow,0
516,,Tom Hoefling,0
516,,Under Votes,22
516,DEM,Joseph R. Biden,1064
516,GRN,Howie Hawkins,8
516,LIB,Jo Jorgensen,14
516,REP,Donald J. Trump/Michael R. Pence,932
517,,Abram Loeb,0
517,,Gloria La Riva,0
517,,Jesse Cuellar,0
517,,Kasey Wells,0
517,,Over Votes,2
517,,President R. Boddie,0
517,,Robert Morrow,0
517,,Tom Hoefling,0
517,,Under Votes,21
517,DEM,Joseph R. Biden,1533
517,GRN,Howie Hawkins,18
517,LIB,Jo Jorgensen,18
517,REP,Donald J. Trump/Michael R. Pence,1142
518,,Abram Loeb,0
518,,Gloria La Riva,0
518,,Jesse Cuellar,0
518,,Kasey Wells,0
518,,Over Votes,1
518,,President R. Boddie,0
518,,Robert Morrow,0
518,,Tom Hoefling,0
518,,Under Votes,31
518,DEM,Joseph R. Biden,1505
518,GRN,Howie Hawkins,10
518,LIB,Jo Jorgensen,28
518,REP,Donald J. Trump/Michael R. Pence,1578
519,,Abram Loeb,0
519,,Gloria La Riva,0
519,,Jesse Cuellar,0
519,,Kasey Wells,0
519,,Over Votes,0
519,,President R. Boddie,0
519,,Robert Morrow,0
519,,Tom Hoefling,0
519,,Under Votes,18
519,DEM,Joseph R. Biden,851
519,GRN,Howie Hawkins,9
519,LIB,Jo Jorgensen,34
519,REP,Donald J. Trump/Michael R. Pence,1224
52,,Abram Loeb,0
52,,Gloria La Riva,0
52,,Jesse Cuellar,0
52,,Kasey Wells,0
52,,Over Votes,0
52,,President R. Boddie,0
52,,Robert Morrow,0
52,,Tom Hoefling,0
52,,Under Votes,12
52,DEM,Joseph R. Biden,1569
52,GRN,Howie Hawkins,3
52,LIB,Jo Jorgensen,37
52,REP,Donald J. Trump/Michael R. Pence,773
520,,Abram Loeb,0
520,,Gloria La Riva,0
520,,Jesse Cuellar,0
520,,Kasey Wells,0
520,,Over Votes,1
520,,President R. Boddie,0
520,,Robert Morrow,0
520,,Tom Hoefling,0
520,,Under Votes,25
520,DEM,Joseph R. Biden,2437
520,GRN,Howie Hawkins,16
520,LIB,Jo Jorgensen,22
520,REP,Donald J. Trump/Michael R. Pence,448
521,,Abram Loeb,0
521,,Gloria La Riva,0
521,,Jesse Cuellar,0
521,,Kasey Wells,0
521,,Over Votes,1
521,,President R. Boddie,0
521,,Robert Morrow,0
521,,Tom Hoefling,0
521,,Under Votes,19
521,DEM,Joseph R. Biden,1253
521,GRN,Howie Hawkins,5
521,LIB,Jo Jorgensen,25
521,REP,Donald J. Trump/Michael R. Pence,901
522,,Abram Loeb,0
522,,Gloria La Riva,0
522,,Jesse Cuellar,0
522,,Kasey Wells,0
522,,Over Votes,1
522,,President R. Boddie,0
522,,Robert Morrow,0
522,,Tom Hoefling,0
522,,Under Votes,20
522,DEM,Joseph R. Biden,758
522,GRN,Howie Hawkins,2
522,LIB,Jo Jorgensen,22
522,REP,Donald J. Trump/Michael R. Pence,1465
523,,Abram Loeb,0
523,,Gloria La Riva,0
523,,Jesse Cuellar,0
523,,Kasey Wells,0
523,,Over Votes,0
523,,President R. Boddie,0
523,,Robert Morrow,0
523,,Tom Hoefling,0
523,,Under Votes,22
523,DEM,Joseph R. Biden,1255
523,GRN,Howie Hawkins,10
523,LIB,Jo Jorgensen,39
523,REP,Donald J. Trump/Michael R. Pence,1277
524,,Abram Loeb,0
524,,Gloria La Riva,0
524,,Jesse Cuellar,0
524,,Kasey Wells,0
524,,Over Votes,0
524,,President R. Boddie,0
524,,Robert Morrow,0
524,,Tom Hoefling,0
524,,Under Votes,18
524,DEM,Joseph R. Biden,1625
524,GRN,Howie Hawkins,9
524,LIB,Jo Jorgensen,14
524,REP,Donald J. Trump/Michael R. Pence,757
525,,Abram Loeb,0
525,,Gloria La Riva,0
525,,Jesse Cuellar,0
525,,Kasey Wells,0
525,,Over Votes,5
525,,President R. Boddie,0
525,,Robert Morrow,0
525,,Tom Hoefling,0
525,,Under Votes,27
525,DEM,Joseph R. Biden,1727
525,GRN,Howie Hawkins,5
525,LIB,Jo Jorgensen,10
525,REP,Donald J. Trump/Michael R. Pence,519
526,,Abram Loeb,0
526,,Gloria La Riva,0
526,,Jesse Cuellar,0
526,,Kasey Wells,0
526,,Over Votes,0
526,,President R. Boddie,0
526,,Robert Morrow,0
526,,Tom Hoefling,0
526,,Under Votes,6
526,DEM,Joseph R. Biden,329
526,GRN,Howie Hawkins,2
526,LIB,Jo Jorgensen,7
526,REP,Donald J. Trump/Michael R. Pence,133
527,,Abram Loeb,0
527,,Gloria La Riva,0
527,,Jesse Cuellar,0
527,,Kasey Wells,0
527,,Over Votes,0
527,,President R. Boddie,0
527,,Robert Morrow,0
527,,Tom Hoefling,0
527,,Under Votes,3
527,DEM,Joseph R. Biden,138
527,GRN,Howie Hawkins,1
527,LIB,Jo Jorgensen,1
527,REP,Donald J. Trump/Michael R. Pence,115
528,,Abram Loeb,0
528,,Gloria La Riva,0
528,,Jesse Cuellar,0
528,,Kasey Wells,0
528,,Over Votes,0
528,,President R. Boddie,0
528,,Robert Morrow,0
528,,Tom Hoefling,0
528,,Under Votes,0
528,DEM,Joseph R. Biden,34
528,GRN,Howie Hawkins,0
528,LIB,Jo Jorgensen,0
528,REP,Donald J. Trump/Michael R. Pence,4
529,,Abram Loeb,0
529,,Gloria La Riva,0
529,,Jesse Cuellar,0
529,,Kasey Wells,0
529,,Over Votes,0
529,,President R. Boddie,0
529,,Robert Morrow,0
529,,Tom Hoefling,0
529,,Under Votes,34
529,DEM,Joseph R. Biden,649
529,GRN,Howie Hawkins,5
529,LIB,Jo Jorgensen,50
529,REP,Donald J. Trump/Michael R. Pence,2287
53,,Abram Loeb,0
53,,Gloria La Riva,0
53,,Jesse Cuellar,0
53,,Kasey Wells,0
53,,Over Votes,1
53,,President R. Boddie,0
53,,Robert Morrow,0
53,,Tom Hoefling,0
53,,Under Votes,26
53,DEM,Joseph R. Biden,1928
53,GRN,Howie Hawkins,4
53,LIB,Jo Jorgensen,44
53,REP,Donald J. Trump/Michael R. Pence,817
530,,Abram Loeb,0
530,,Gloria La Riva,0
530,,Jesse Cuellar,0
530,,Kasey Wells,0
530,,Over Votes,0
530,,President R. Boddie,0
530,,Robert Morrow,0
530,,Tom Hoefling,0
530,,Under Votes,11
530,DEM,Joseph R. Biden,417
530,GRN,Howie Hawkins,1
530,LIB,Jo Jorgensen,9
530,REP,Donald J. Trump/Michael R. Pence,180
531,,Abram Loeb,0
531,,Gloria La Riva,0
531,,Jesse Cuellar,0
531,,Kasey Wells,0
531,,Over Votes,0
531,,President R. Boddie,0
531,,Robert Morrow,0
531,,Tom Hoefling,0
531,,Under Votes,16
531,DEM,Joseph R. Biden,439
531,GRN,Howie Hawkins,0
531,LIB,Jo Jorgensen,9
531,REP,Donald J. Trump/Michael R. Pence,1287
532,,Abram Loeb,0
532,,Gloria La Riva,0
532,,Jesse Cuellar,0
532,,Kasey Wells,0
532,,Over Votes,0
532,,President R. Boddie,0
532,,Robert Morrow,0
532,,Tom Hoefling,0
532,,Under Votes,4
532,DEM,Joseph R. Biden,239
532,GRN,Howie Hawkins,1
532,LIB,Jo Jorgensen,7
532,REP,Donald J. Trump/Michael R. Pence,433
533,,Abram Loeb,0
533,,Gloria La Riva,0
533,,Jesse Cuellar,0
533,,Kasey Wells,0
533,,Over Votes,0
533,,President R. Boddie,0
533,,Robert Morrow,0
533,,Tom Hoefling,0
533,,Under Votes,10
533,DEM,Joseph R. Biden,291
533,GRN,Howie Hawkins,2
533,LIB,Jo Jorgensen,3
533,REP,Donald J. Trump/Michael R. Pence,313
534,,Abram Loeb,0
534,,Gloria La Riva,0
534,,Jesse Cuellar,0
534,,Kasey Wells,0
534,,Over Votes,0
534,,President R. Boddie,0
534,,Robert Morrow,0
534,,Tom Hoefling,0
534,,Under Votes,36
534,DEM,Joseph R. Biden,870
534,GRN,Howie Hawkins,2
534,LIB,Jo Jorgensen,29
534,REP,Donald J. Trump/Michael R. Pence,1931
535,,Abram Loeb,0
535,,Gloria La Riva,0
535,,Jesse Cuellar,0
535,,Kasey Wells,0
535,,Over Votes,0
535,,President R. Boddie,0
535,,Robert Morrow,0
535,,Tom Hoefling,0
535,,Under Votes,5
535,DEM,Joseph R. Biden,114
535,GRN,Howie Hawkins,2
535,LIB,Jo Jorgensen,1
535,REP,Donald J. Trump/Michael R. Pence,98
536,,Abram Loeb,0
536,,Gloria La Riva,0
536,,Jesse Cuellar,0
536,,Kasey Wells,0
536,,Over Votes,1
536,,President R. Boddie,0
536,,Robert Morrow,0
536,,Tom Hoefling,0
536,,Under Votes,44
536,DEM,Joseph R. Biden,2399
536,GRN,Howie Hawkins,14
536,LIB,Jo Jorgensen,21
536,REP,Donald J. Trump/Michael R. Pence,1755
537,,Abram Loeb,0
537,,Gloria La Riva,0
537,,Jesse Cuellar,0
537,,Kasey Wells,0
537,,Over Votes,1
537,,President R. Boddie,0
537,,Robert Morrow,0
537,,Tom Hoefling,0
537,,Under Votes,30
537,DEM,Joseph R. Biden,905
537,GRN,Howie Hawkins,5
537,LIB,Jo Jorgensen,13
537,REP,Donald J. Trump/Michael R. Pence,1889
538,,Abram Loeb,0
538,,Gloria La Riva,0
538,,Jesse Cuellar,0
538,,Kasey Wells,0
538,,Over Votes,1
538,,President R. Boddie,0
538,,Robert Morrow,0
538,,Tom Hoefling,0
538,,Under Votes,9
538,DEM,Joseph R. Biden,570
538,GRN,Howie Hawkins,4
538,LIB,Jo Jorgensen,3
538,REP,Donald J. Trump/Michael R. Pence,26
539,,Abram Loeb,0
539,,Gloria La Riva,0
539,,Jesse Cuellar,0
539,,Kasey Wells,0
539,,Over Votes,0
539,,President R. Boddie,0
539,,Robert Morrow,0
539,,Tom Hoefling,0
539,,Under Votes,9
539,DEM,Joseph R. Biden,681
539,GRN,Howie Hawkins,8
539,LIB,Jo Jorgensen,10
539,REP,Donald J. Trump/Michael R. Pence,598
54,,Abram Loeb,0
54,,Gloria La Riva,0
54,,Jesse Cuellar,0
54,,Kasey Wells,0
54,,Over Votes,0
54,,President R. Boddie,0
54,,Robert Morrow,0
54,,Tom Hoefling,0
54,,Under Votes,14
54,DEM,Joseph R. Biden,975
54,GRN,Howie Hawkins,1
54,LIB,Jo Jorgensen,25
54,REP,Donald J. Trump/Michael R. Pence,569
540,,Abram Loeb,0
540,,Gloria La Riva,0
540,,Jesse Cuellar,0
540,,Kasey Wells,0
540,,Over Votes,0
540,,President R. Boddie,0
540,,Robert Morrow,0
540,,Tom Hoefling,0
540,,Under Votes,19
540,DEM,Joseph R. Biden,1571
540,GRN,Howie Hawkins,5
540,LIB,Jo Jorgensen,20
540,REP,Donald J. Trump/Michael R. Pence,467
541,,Abram Loeb,0
541,,Gloria La Riva,0
541,,Jesse Cuellar,0
541,,Kasey Wells,0
541,,Over Votes,2
541,,President R. Boddie,0
541,,Robert Morrow,0
541,,Tom Hoefling,0
541,,Under Votes,35
541,DEM,Joseph R. Biden,3012
541,GRN,Howie Hawkins,13
541,LIB,Jo Jorgensen,20
541,REP,Donald J. Trump/Michael R. Pence,481
542,,Abram Loeb,0
542,,Gloria La Riva,0
542,,Jesse Cuellar,0
542,,Kasey Wells,0
542,,Over Votes,1
542,,President R. Boddie,0
542,,Robert Morrow,0
542,,Tom Hoefling,0
542,,Under Votes,32
542,DEM,Joseph R. Biden,1534
542,GRN,Howie Hawkins,3
542,LIB,Jo Jorgensen,8
542,REP,Donald J. Trump/Michael R. Pence,181
543,,Abram Loeb,0
543,,Gloria La Riva,0
543,,Jesse Cuellar,0
543,,Kasey Wells,0
543,,Over Votes,0
543,,President R. Boddie,0
543,,Robert Morrow,0
543,,Tom Hoefling,0
543,,Under Votes,10
543,DEM,Joseph R. Biden,645
543,GRN,Howie Hawkins,7
543,LIB,Jo Jorgensen,10
543,REP,Donald J. Trump/Michael R. Pence,316
544,,Abram Loeb,0
544,,Gloria La Riva,0
544,,Jesse Cuellar,0
544,,Kasey Wells,0
544,,Over Votes,0
544,,President R. Boddie,0
544,,Robert Morrow,0
544,,Tom Hoefling,0
544,,Under Votes,1
544,DEM,Joseph R. Biden,121
544,GRN,Howie Hawkins,1
544,LIB,Jo Jorgensen,1
544,REP,Donald J. Trump/Michael R. Pence,17
545,,Abram Loeb,0
545,,Gloria La Riva,0
545,,Jesse Cuellar,0
545,,Kasey Wells,0
545,,Over Votes,0
545,,President R. Boddie,0
545,,Robert Morrow,0
545,,Tom Hoefling,0
545,,Under Votes,32
545,DEM,Joseph R. Biden,1807
545,GRN,Howie Hawkins,15
545,LIB,Jo Jorgensen,24
545,REP,Donald J. Trump/Michael R. Pence,1694
546,,Abram Loeb,0
546,,Gloria La Riva,0
546,,Jesse Cuellar,0
546,,Kasey Wells,0
546,,Over Votes,0
546,,President R. Boddie,0
546,,Robert Morrow,0
546,,Tom Hoefling,0
546,,Under Votes,17
546,DEM,Joseph R. Biden,524
546,GRN,Howie Hawkins,1
546,LIB,Jo Jorgensen,21
546,REP,Donald J. Trump/Michael R. Pence,1512
547,,Abram Loeb,0
547,,Gloria La Riva,0
547,,Jesse Cuellar,0
547,,Kasey Wells,0
547,,Over Votes,1
547,,President R. Boddie,0
547,,Robert Morrow,0
547,,Tom Hoefling,0
547,,Under Votes,16
547,DEM,Joseph R. Biden,679
547,GRN,Howie Hawkins,7
547,LIB,Jo Jorgensen,30
547,REP,Donald J. Trump/Michael R. Pence,1107
548,,Abram Loeb,0
548,,Gloria La Riva,0
548,,Jesse Cuellar,0
548,,Kasey Wells,0
548,,Over Votes,1
548,,President R. Boddie,0
548,,Robert Morrow,0
548,,Tom Hoefling,0
548,,Under Votes,17
548,DEM,Joseph R. Biden,898
548,GRN,Howie Hawkins,9
548,LIB,Jo Jorgensen,26
548,REP,Donald J. Trump/Michael R. Pence,659
549,,Abram Loeb,0
549,,Gloria La Riva,0
549,,Jesse Cuellar,0
549,,Kasey Wells,0
549,,Over Votes,0
549,,President R. Boddie,0
549,,Robert Morrow,0
549,,Tom Hoefling,0
549,,Under Votes,25
549,DEM,Joseph R. Biden,1464
549,GRN,Howie Hawkins,4
549,LIB,Jo Jorgensen,16
549,REP,Donald J. Trump/Michael R. Pence,322
55,,Abram Loeb,0
55,,Gloria La Riva,0
55,,Jesse Cuellar,0
55,,Kasey Wells,0
55,,Over Votes,0
55,,President R. Boddie,0
55,,Robert Morrow,0
55,,Tom Hoefling,0
55,,Under Votes,17
55,DEM,Joseph R. Biden,1756
55,GRN,Howie Hawkins,8
55,LIB,Jo Jorgensen,61
55,REP,Donald J. Trump/Michael R. Pence,830
550,,Abram Loeb,0
550,,Gloria La Riva,0
550,,Jesse Cuellar,0
550,,Kasey Wells,0
550,,Over Votes,0
550,,President R. Boddie,0
550,,Robert Morrow,0
550,,Tom Hoefling,0
550,,Under Votes,14
550,DEM,Joseph R. Biden,1218
550,GRN,Howie Hawkins,12
550,LIB,Jo Jorgensen,11
550,REP,Donald J. Trump/Michael R. Pence,627
551,,Abram Loeb,0
551,,Gloria La Riva,0
551,,Jesse Cuellar,0
551,,Kasey Wells,0
551,,Over Votes,2
551,,President R. Boddie,0
551,,Robert Morrow,0
551,,Tom Hoefling,1
551,,Under Votes,46
551,DEM,Joseph R. Biden,1504
551,GRN,Howie Hawkins,4
551,LIB,Jo Jorgensen,38
551,REP,Donald J. Trump/Michael R. Pence,2780
552,,Abram Loeb,0
552,,Gloria La Riva,0
552,,Jesse Cuellar,0
552,,Kasey Wells,0
552,,Over Votes,0
552,,President R. Boddie,0
552,,Robert Morrow,0
552,,Tom Hoefling,0
552,,Under Votes,27
552,DEM,Joseph R. Biden,846
552,GRN,Howie Hawkins,5
552,LIB,Jo Jorgensen,42
552,REP,Donald J. Trump/Michael R. Pence,2414
553,,Abram Loeb,0
553,,Gloria La Riva,0
553,,Jesse Cuellar,0
553,,Kasey Wells,0
553,,Over Votes,0
553,,President R. Boddie,0
553,,Robert Morrow,0
553,,Tom Hoefling,0
553,,Under Votes,23
553,DEM,Joseph R. Biden,1225
553,GRN,Howie Hawkins,5
553,LIB,Jo Jorgensen,16
553,REP,Donald J. Trump/Michael R. Pence,789
554,,Abram Loeb,0
554,,Gloria La Riva,0
554,,Jesse Cuellar,0
554,,Kasey Wells,0
554,,Over Votes,1
554,,President R. Boddie,0
554,,Robert Morrow,0
554,,Tom Hoefling,0
554,,Under Votes,8
554,DEM,Joseph R. Biden,788
554,GRN,Howie Hawkins,3
554,LIB,Jo Jorgensen,5
554,REP,Donald J. Trump/Michael R. Pence,241
555,,Abram Loeb,0
555,,Gloria La Riva,0
555,,Jesse Cuellar,0
555,,Kasey Wells,0
555,,Over Votes,0
555,,President R. Boddie,0
555,,Robert Morrow,0
555,,Tom Hoefling,0
555,,Under Votes,18
555,DEM,Joseph R. Biden,854
555,GRN,Howie Hawkins,1
555,LIB,Jo Jorgensen,5
555,REP,Donald J. Trump/Michael R. Pence,246
556,,Abram Loeb,0
556,,Gloria La Riva,0
556,,Jesse Cuellar,0
556,,Kasey Wells,0
556,,Over Votes,1
556,,President R. Boddie,0
556,,Robert Morrow,0
556,,Tom Hoefling,0
556,,Under Votes,15
556,DEM,Joseph R. Biden,1025
556,GRN,Howie Hawkins,9
556,LIB,Jo Jorgensen,7
556,REP,Donald J. Trump/Michael R. Pence,424
557,,Abram Loeb,0
557,,Gloria La Riva,0
557,,Jesse Cuellar,0
557,,Kasey Wells,0
557,,Over Votes,0
557,,President R. Boddie,0
557,,Robert Morrow,0
557,,Tom Hoefling,0
557,,Under Votes,27
557,DEM,Joseph R. Biden,1040
557,GRN,Howie Hawkins,4
557,LIB,Jo Jorgensen,16
557,REP,Donald J. Trump/Michael R. Pence,739
558,,Abram Loeb,0
558,,Gloria La Riva,0
558,,Jesse Cuellar,0
558,,Kasey Wells,0
558,,Over Votes,1
558,,President R. Boddie,0
558,,Robert Morrow,0
558,,Tom Hoefling,0
558,,Under Votes,27
558,DEM,Joseph R. Biden,2072
558,GRN,Howie Hawkins,9
558,LIB,Jo Jorgensen,25
558,REP,Donald J. Trump/Michael R. Pence,981
559,,Abram Loeb,0
559,,Gloria La Riva,0
559,,Jesse Cuellar,0
559,,Kasey Wells,0
559,,Over Votes,1
559,,President R. Boddie,0
559,,Robert Morrow,0
559,,Tom Hoefling,0
559,,Under Votes,25
559,DEM,Joseph R. Biden,2438
559,GRN,Howie Hawkins,15
559,LIB,Jo Jorgensen,17
559,REP,Donald J. Trump/Michael R. Pence,662
56,,Abram Loeb,0
56,,Gloria La Riva,0
56,,Jesse Cuellar,0
56,,Kasey Wells,0
56,,Over Votes,1
56,,President R. Boddie,0
56,,Robert Morrow,0
56,,Tom Hoefling,0
56,,Under Votes,10
56,DEM,Joseph R. Biden,608
56,GRN,Howie Hawkins,3
56,LIB,Jo Jorgensen,22
56,REP,Donald J. Trump/Michael R. Pence,598
560,,Abram Loeb,0
560,,Gloria La Riva,0
560,,Jesse Cuellar,0
560,,Kasey Wells,0
560,,Over Votes,0
560,,President R. Boddie,0
560,,Robert Morrow,0
560,,Tom Hoefling,0
560,,Under Votes,15
560,DEM,Joseph R. Biden,402
560,GRN,Howie Hawkins,0
560,LIB,Jo Jorgensen,1
560,REP,Donald J. Trump/Michael R. Pence,159
561,,Abram Loeb,0
561,,Gloria La Riva,0
561,,Jesse Cuellar,0
561,,Kasey Wells,0
561,,Over Votes,2
561,,President R. Boddie,0
561,,Robert Morrow,0
561,,Tom Hoefling,0
561,,Under Votes,26
561,DEM,Joseph R. Biden,770
561,GRN,Howie Hawkins,13
561,LIB,Jo Jorgensen,27
561,REP,Donald J. Trump/Michael R. Pence,1227
562,,Abram Loeb,0
562,,Gloria La Riva,0
562,,Jesse Cuellar,0
562,,Kasey Wells,0
562,,Over Votes,0
562,,President R. Boddie,0
562,,Robert Morrow,0
562,,Tom Hoefling,0
562,,Under Votes,3
562,DEM,Joseph R. Biden,317
562,GRN,Howie Hawkins,1
562,LIB,Jo Jorgensen,5
562,REP,Donald J. Trump/Michael R. Pence,59
563,,Abram Loeb,0
563,,Gloria La Riva,0
563,,Jesse Cuellar,0
563,,Kasey Wells,0
563,,Over Votes,0
563,,President R. Boddie,0
563,,Robert Morrow,0
563,,Tom Hoefling,0
563,,Under Votes,29
563,DEM,Joseph R. Biden,851
563,GRN,Howie Hawkins,2
563,LIB,Jo Jorgensen,22
563,REP,Donald J. Trump/Michael R. Pence,1685
564,,Abram Loeb,0
564,,Gloria La Riva,0
564,,Jesse Cuellar,0
564,,Kasey Wells,0
564,,Over Votes,0
564,,President R. Boddie,0
564,,Robert Morrow,0
564,,Tom Hoefling,0
564,,Under Votes,17
564,DEM,Joseph R. Biden,2184
564,GRN,Howie Hawkins,10
564,LIB,Jo Jorgensen,31
564,REP,Donald J. Trump/Michael R. Pence,461
565,,Abram Loeb,0
565,,Gloria La Riva,0
565,,Jesse Cuellar,0
565,,Kasey Wells,0
565,,Over Votes,0
565,,President R. Boddie,0
565,,Robert Morrow,0
565,,Tom Hoefling,0
565,,Under Votes,7
565,DEM,Joseph R. Biden,423
565,GRN,Howie Hawkins,1
565,LIB,Jo Jorgensen,4
565,REP,Donald J. Trump/Michael R. Pence,170
566,,Abram Loeb,0
566,,Gloria La Riva,0
566,,Jesse Cuellar,0
566,,Kasey Wells,0
566,,Over Votes,0
566,,President R. Boddie,0
566,,Robert Morrow,0
566,,Tom Hoefling,0
566,,Under Votes,14
566,DEM,Joseph R. Biden,1368
566,GRN,Howie Hawkins,15
566,LIB,Jo Jorgensen,15
566,REP,Donald J. Trump/Michael R. Pence,490
567,,Abram Loeb,0
567,,Gloria La Riva,0
567,,Jesse Cuellar,0
567,,Kasey Wells,0
567,,Over Votes,2
567,,President R. Boddie,0
567,,Robert Morrow,0
567,,Tom Hoefling,0
567,,Under Votes,12
567,DEM,Joseph R. Biden,1136
567,GRN,Howie Hawkins,5
567,LIB,Jo Jorgensen,9
567,REP,Donald J. Trump/Michael R. Pence,466
568,,Abram Loeb,0
568,,Gloria La Riva,0
568,,Jesse Cuellar,0
568,,Kasey Wells,0
568,,Over Votes,0
568,,President R. Boddie,0
568,,Robert Morrow,0
568,,Tom Hoefling,0
568,,Under Votes,27
568,DEM,Joseph R. Biden,1319
568,GRN,Howie Hawkins,4
568,LIB,Jo Jorgensen,34
568,REP,Donald J. Trump/Michael R. Pence,1502
569,,Abram Loeb,0
569,,Gloria La Riva,0
569,,Jesse Cuellar,0
569,,Kasey Wells,0
569,,Over Votes,0
569,,President R. Boddie,0
569,,Robert Morrow,0
569,,Tom Hoefling,0
569,,Under Votes,19
569,DEM,Joseph R. Biden,2159
569,GRN,Howie Hawkins,8
569,LIB,Jo Jorgensen,40
569,REP,Donald J. Trump/Michael R. Pence,1325
57,,Abram Loeb,0
57,,Gloria La Riva,0
57,,Jesse Cuellar,0
57,,Kasey Wells,0
57,,Over Votes,0
57,,President R. Boddie,0
57,,Robert Morrow,0
57,,Tom Hoefling,0
57,,Under Votes,31
57,DEM,Joseph R. Biden,2016
57,GRN,Howie Hawkins,5
57,LIB,Jo Jorgensen,48
57,REP,Donald J. Trump/Michael R. Pence,778
570,,Abram Loeb,0
570,,Gloria La Riva,0
570,,Jesse Cuellar,0
570,,Kasey Wells,0
570,,Over Votes,0
570,,President R. Boddie,0
570,,Robert Morrow,0
570,,Tom Hoefling,0
570,,Under Votes,5
570,DEM,Joseph R. Biden,853
570,GRN,Howie Hawkins,7
570,LIB,Jo Jorgensen,10
570,REP,Donald J. Trump/Michael R. Pence,296
571,,Abram Loeb,0
571,,Gloria La Riva,0
571,,Jesse Cuellar,0
571,,Kasey Wells,0
571,,Over Votes,4
571,,President R. Boddie,0
571,,Robert Morrow,0
571,,Tom Hoefling,0
571,,Under Votes,14
571,DEM,Joseph R. Biden,585
571,GRN,Howie Hawkins,7
571,LIB,Jo Jorgensen,6
571,REP,Donald J. Trump/Michael R. Pence,331
572,,Abram Loeb,0
572,,Gloria La Riva,0
572,,Jesse Cuellar,0
572,,Kasey Wells,0
572,,Over Votes,0
572,,President R. Boddie,0
572,,Robert Morrow,0
572,,Tom Hoefling,0
572,,Under Votes,20
572,DEM,Joseph R. Biden,1549
572,GRN,Howie Hawkins,7
572,LIB,Jo Jorgensen,22
572,REP,Donald J. Trump/Michael R. Pence,790
573,,Abram Loeb,0
573,,Gloria La Riva,0
573,,Jesse Cuellar,0
573,,Kasey Wells,0
573,,Over Votes,0
573,,President R. Boddie,0
573,,Robert Morrow,0
573,,Tom Hoefling,0
573,,Under Votes,12
573,DEM,Joseph R. Biden,806
573,GRN,Howie Hawkins,7
573,LIB,Jo Jorgensen,2
573,REP,Donald J. Trump/Michael R. Pence,31
574,,Abram Loeb,0
574,,Gloria La Riva,0
574,,Jesse Cuellar,0
574,,Kasey Wells,0
574,,Over Votes,0
574,,President R. Boddie,0
574,,Robert Morrow,0
574,,Tom Hoefling,0
574,,Under Votes,5
574,DEM,Joseph R. Biden,154
574,GRN,Howie Hawkins,1
574,LIB,Jo Jorgensen,0
574,REP,Donald J. Trump/Michael R. Pence,38
575,,Abram Loeb,0
575,,Gloria La Riva,0
575,,Jesse Cuellar,0
575,,Kasey Wells,0
575,,Over Votes,0
575,,President R. Boddie,0
575,,Robert Morrow,0
575,,Tom Hoefling,0
575,,Under Votes,23
575,DEM,Joseph R. Biden,1638
575,GRN,Howie Hawkins,11
575,LIB,Jo Jorgensen,31
575,REP,Donald J. Trump/Michael R. Pence,1518
576,,Abram Loeb,0
576,,Gloria La Riva,0
576,,Jesse Cuellar,0
576,,Kasey Wells,0
576,,Over Votes,1
576,,President R. Boddie,0
576,,Robert Morrow,0
576,,Tom Hoefling,0
576,,Under Votes,10
576,DEM,Joseph R. Biden,1554
576,GRN,Howie Hawkins,9
576,LIB,Jo Jorgensen,11
576,REP,Donald J. Trump/Michael R. Pence,169
577,,Abram Loeb,0
577,,Gloria La Riva,0
577,,Jesse Cuellar,0
577,,Kasey Wells,0
577,,Over Votes,0
577,,President R. Boddie,0
577,,Robert Morrow,0
577,,Tom Hoefling,0
577,,Under Votes,9
577,DEM,Joseph R. Biden,775
577,GRN,Howie Hawkins,3
577,LIB,Jo Jorgensen,27
577,REP,Donald J. Trump/Michael R. Pence,817
578,,Abram Loeb,0
578,,Gloria La Riva,0
578,,Jesse Cuellar,0
578,,Kasey Wells,0
578,,Over Votes,0
578,,President R. Boddie,0
578,,Robert Morrow,0
578,,Tom Hoefling,0
578,,Under Votes,12
578,DEM,Joseph R. Biden,786
578,GRN,Howie Hawkins,2
578,LIB,Jo Jorgensen,20
578,REP,Donald J. Trump/Michael R. Pence,782
579,,Abram Loeb,0
579,,Gloria La Riva,0
579,,Jesse Cuellar,0
579,,Kasey Wells,0
579,,Over Votes,1
579,,President R. Boddie,0
579,,Robert Morrow,0
579,,Tom Hoefling,0
579,,Under Votes,8
579,DEM,Joseph R. Biden,458
579,GRN,Howie Hawkins,1
579,LIB,Jo Jorgensen,1
579,REP,Donald J. Trump/Michael R. Pence,142
58,,Abram Loeb,0
58,,Gloria La Riva,0
58,,Jesse Cuellar,0
58,,Kasey Wells,0
58,,Over Votes,0
58,,President R. Boddie,0
58,,Robert Morrow,0
58,,Tom Hoefling,0
58,,Under Votes,24
58,DEM,Joseph R. Biden,2017
58,GRN,Howie Hawkins,12
58,LIB,Jo Jorgensen,64
58,REP,Donald J. Trump/Michael R. Pence,1046
580,,Abram Loeb,0
580,,Gloria La Riva,0
580,,Jesse Cuellar,0
580,,Kasey Wells,0
580,,Over Votes,0
580,,President R. Boddie,0
580,,Robert Morrow,0
580,,Tom Hoefling,0
580,,Under Votes,4
580,DEM,Joseph R. Biden,479
580,GRN,Howie Hawkins,5
580,LIB,Jo Jorgensen,2
580,REP,Donald J. Trump/Michael R. Pence,39
581,,Abram Loeb,0
581,,Gloria La Riva,0
581,,Jesse Cuellar,0
581,,Kasey Wells,0
581,,Over Votes,1
581,,President R. Boddie,0
581,,Robert Morrow,0
581,,Tom Hoefling,0
581,,Under Votes,4
581,DEM,Joseph R. Biden,553
581,GRN,Howie Hawkins,3
581,LIB,Jo Jorgensen,1
581,REP,Donald J. Trump/Michael R. Pence,27
582,,Abram Loeb,0
582,,Gloria La Riva,0
582,,Jesse Cuellar,0
582,,Kasey Wells,0
582,,Over Votes,0
582,,President R. Boddie,0
582,,Robert Morrow,0
582,,Tom Hoefling,0
582,,Under Votes,8
582,DEM,Joseph R. Biden,774
582,GRN,Howie Hawkins,2
582,LIB,Jo Jorgensen,3
582,REP,Donald J. Trump/Michael R. Pence,90
583,,Abram Loeb,0
583,,Gloria La Riva,0
583,,Jesse Cuellar,0
583,,Kasey Wells,0
583,,Over Votes,2
583,,President R. Boddie,0
583,,Robert Morrow,0
583,,Tom Hoefling,0
583,,Under Votes,3
583,DEM,Joseph R. Biden,608
583,GRN,Howie Hawkins,0
583,LIB,Jo Jorgensen,2
583,REP,Donald J. Trump/Michael R. Pence,40
584,,Abram Loeb,0
584,,Gloria La Riva,0
584,,Jesse Cuellar,0
584,,Kasey Wells,0
584,,Over Votes,0
584,,President R. Boddie,0
584,,Robert Morrow,0
584,,Tom Hoefling,0
584,,Under Votes,3
584,DEM,Joseph R. Biden,473
584,GRN,Howie Hawkins,0
584,LIB,Jo Jorgensen,5
584,REP,Donald J. Trump/Michael R. Pence,56
585,,Abram Loeb,0
585,,Gloria La Riva,0
585,,Jesse Cuellar,0
585,,Kasey Wells,0
585,,Over Votes,2
585,,President R. Boddie,0
585,,Robert Morrow,0
585,,Tom Hoefling,0
585,,Under Votes,12
585,DEM,Joseph R. Biden,1088
585,GRN,Howie Hawkins,4
585,LIB,Jo Jorgensen,10
585,REP,Donald J. Trump/Michael R. Pence,132
586,,Abram Loeb,0
586,,Gloria La Riva,0
586,,Jesse Cuellar,0
586,,Kasey Wells,0
586,,Over Votes,1
586,,President R. Boddie,0
586,,Robert Morrow,0
586,,Tom Hoefling,0
586,,Under Votes,29
586,DEM,Joseph R. Biden,1447
586,GRN,Howie Hawkins,9
586,LIB,Jo Jorgensen,34
586,REP,Donald J. Trump/Michael R. Pence,1456
587,,Abram Loeb,0
587,,Gloria La Riva,0
587,,Jesse Cuellar,0
587,,Kasey Wells,0
587,,Over Votes,0
587,,President R. Boddie,0
587,,Robert Morrow,0
587,,Tom Hoefling,0
587,,Under Votes,23
587,DEM,Joseph R. Biden,1594
587,GRN,Howie Hawkins,10
587,LIB,Jo Jorgensen,15
587,REP,Donald J. Trump/Michael R. Pence,663
588,,Abram Loeb,0
588,,Gloria La Riva,1
588,,Jesse Cuellar,0
588,,Kasey Wells,0
588,,Over Votes,0
588,,President R. Boddie,0
588,,Robert Morrow,0
588,,Tom Hoefling,0
588,,Under Votes,28
588,DEM,Joseph R. Biden,1326
588,GRN,Howie Hawkins,9
588,LIB,Jo Jorgensen,38
588,REP,Donald J. Trump/Michael R. Pence,1664
589,,Abram Loeb,0
589,,Gloria La Riva,0
589,,Jesse Cuellar,0
589,,Kasey Wells,0
589,,Over Votes,0
589,,President R. Boddie,0
589,,Robert Morrow,0
589,,Tom Hoefling,0
589,,Under Votes,14
589,DEM,Joseph R. Biden,1593
589,GRN,Howie Hawkins,9
589,LIB,Jo Jorgensen,22
589,REP,Donald J. Trump/Michael R. Pence,1066
59,,Abram Loeb,0
59,,Gloria La Riva,0
59,,Jesse Cuellar,0
59,,Kasey Wells,0
59,,Over Votes,0
59,,President R. Boddie,0
59,,Robert Morrow,0
59,,Tom Hoefling,0
59,,Under Votes,26
59,DEM,Joseph R. Biden,1685
59,GRN,Howie Hawkins,9
59,LIB,Jo Jorgensen,35
59,REP,Donald J. Trump/Michael R. Pence,753
590,,Abram Loeb,0
590,,Gloria La Riva,0
590,,Jesse Cuellar,0
590,,Kasey Wells,0
590,,Over Votes,0
590,,President R. Boddie,0
590,,Robert Morrow,0
590,,Tom Hoefling,0
590,,Under Votes,19
590,DEM,Joseph R. Biden,552
590,GRN,Howie Hawkins,4
590,LIB,Jo Jorgensen,21
590,REP,Donald J. Trump/Michael R. Pence,1162
591,,Abram Loeb,0
591,,Gloria La Riva,0
591,,Jesse Cuellar,0
591,,Kasey Wells,0
591,,Over Votes,0
591,,President R. Boddie,0
591,,Robert Morrow,0
591,,Tom Hoefling,0
591,,Under Votes,13
591,DEM,Joseph R. Biden,795
591,GRN,Howie Hawkins,7
591,LIB,Jo Jorgensen,13
591,REP,Donald J. Trump/Michael R. Pence,393
592,,Abram Loeb,0
592,,Gloria La Riva,0
592,,Jesse Cuellar,0
592,,Kasey Wells,0
592,,Over Votes,1
592,,President R. Boddie,0
592,,Robert Morrow,0
592,,Tom Hoefling,0
592,,Under Votes,13
592,DEM,Joseph R. Biden,644
592,GRN,Howie Hawkins,7
592,LIB,Jo Jorgensen,8
592,REP,Donald J. Trump/Michael R. Pence,250
593,,Abram Loeb,0
593,,Gloria La Riva,0
593,,Jesse Cuellar,0
593,,Kasey Wells,0
593,,Over Votes,0
593,,President R. Boddie,0
593,,Robert Morrow,0
593,,Tom Hoefling,0
593,,Under Votes,36
593,DEM,Joseph R. Biden,1634
593,GRN,Howie Hawkins,8
593,LIB,Jo Jorgensen,28
593,REP,Donald J. Trump/Michael R. Pence,1444
594,,Abram Loeb,0
594,,Gloria La Riva,0
594,,Jesse Cuellar,0
594,,Kasey Wells,0
594,,Over Votes,1
594,,President R. Boddie,0
594,,Robert Morrow,0
594,,Tom Hoefling,0
594,,Under Votes,20
594,DEM,Joseph R. Biden,1257
594,GRN,Howie Hawkins,7
594,LIB,Jo Jorgensen,13
594,REP,Donald J. Trump/Michael R. Pence,419
595,,Abram Loeb,0
595,,Gloria La Riva,0
595,,Jesse Cuellar,0
595,,Kasey Wells,0
595,,Over Votes,2
595,,President R. Boddie,0
595,,Robert Morrow,0
595,,Tom Hoefling,0
595,,Under Votes,12
595,DEM,Joseph R. Biden,882
595,GRN,Howie Hawkins,5
595,LIB,Jo Jorgensen,9
595,REP,Donald J. Trump/Michael R. Pence,213
596,,Abram Loeb,0
596,,Gloria La Riva,0
596,,Jesse Cuellar,0
596,,Kasey Wells,0
596,,Over Votes,0
596,,President R. Boddie,0
596,,Robert Morrow,0
596,,Tom Hoefling,0
596,,Under Votes,20
596,DEM,Joseph R. Biden,1354
596,GRN,Howie Hawkins,15
596,LIB,Jo Jorgensen,28
596,REP,Donald J. Trump/Michael R. Pence,919
597,,Abram Loeb,0
597,,Gloria La Riva,0
597,,Jesse Cuellar,0
597,,Kasey Wells,0
597,,Over Votes,1
597,,President R. Boddie,0
597,,Robert Morrow,0
597,,Tom Hoefling,0
597,,Under Votes,22
597,DEM,Joseph R. Biden,1499
597,GRN,Howie Hawkins,11
597,LIB,Jo Jorgensen,24
597,REP,Donald J. Trump/Michael R. Pence,884
598,,Abram Loeb,0
598,,Gloria La Riva,0
598,,Jesse Cuellar,0
598,,Kasey Wells,0
598,,Over Votes,3
598,,President R. Boddie,0
598,,Robert Morrow,0
598,,Tom Hoefling,0
598,,Under Votes,32
598,DEM,Joseph R. Biden,2706
598,GRN,Howie Hawkins,23
598,LIB,Jo Jorgensen,42
598,REP,Donald J. Trump/Michael R. Pence,1402
599,,Abram Loeb,0
599,,Gloria La Riva,0
599,,Jesse Cuellar,0
599,,Kasey Wells,0
599,,Over Votes,1
599,,President R. Boddie,0
599,,Robert Morrow,1
599,,Tom Hoefling,0
599,,Under Votes,18
599,DEM,Joseph R. Biden,1696
599,GRN,Howie Hawkins,10
599,LIB,Jo Jorgensen,15
599,REP,Donald J. Trump/Michael R. Pence,716
6,,Abram Loeb,0
6,,Gloria La Riva,0
6,,Jesse Cuellar,0
6,,Kasey Wells,0
6,,Over Votes,0
6,,President R. Boddie,0
6,,Robert Morrow,0
6,,Tom Hoefling,0
6,,Under Votes,30
6,DEM,Joseph R. Biden,1708
6,GRN,Howie Hawkins,15
6,LIB,Jo Jorgensen,27
6,REP,Donald J. Trump/Michael R. Pence,1258
60,,Abram Loeb,0
60,,Gloria La Riva,0
60,,Jesse Cuellar,0
60,,Kasey Wells,0
60,,Over Votes,0
60,,President R. Boddie,0
60,,Robert Morrow,0
60,,Tom Hoefling,0
60,,Under Votes,17
60,DEM,Joseph R. Biden,1903
60,GRN,Howie Hawkins,11
60,LIB,Jo Jorgensen,21
60,REP,Donald J. Trump/Michael R. Pence,413
600,,Abram Loeb,0
600,,Gloria La Riva,0
600,,Jesse Cuellar,0
600,,Kasey Wells,0
600,,Over Votes,0
600,,President R. Boddie,0
600,,Robert Morrow,0
600,,Tom Hoefling,0
600,,Under Votes,33
600,DEM,Joseph R. Biden,1878
600,GRN,Howie Hawkins,15
600,LIB,Jo Jorgensen,17
600,REP,Donald J. Trump/Michael R. Pence,1030
601,,Abram Loeb,0
601,,Gloria La Riva,0
601,,Jesse Cuellar,0
601,,Kasey Wells,0
601,,Over Votes,1
601,,President R. Boddie,0
601,,Robert Morrow,0
601,,Tom Hoefling,0
601,,Under Votes,19
601,DEM,Joseph R. Biden,1155
601,GRN,Howie Hawkins,6
601,LIB,Jo Jorgensen,44
601,REP,Donald J. Trump/Michael R. Pence,2087
602,,Abram Loeb,0
602,,Gloria La Riva,0
602,,Jesse Cuellar,0
602,,Kasey Wells,0
602,,Over Votes,0
602,,President R. Boddie,0
602,,Robert Morrow,0
602,,Tom Hoefling,0
602,,Under Votes,15
602,DEM,Joseph R. Biden,449
602,GRN,Howie Hawkins,2
602,LIB,Jo Jorgensen,13
602,REP,Donald J. Trump/Michael R. Pence,760
603,,Abram Loeb,0
603,,Gloria La Riva,0
603,,Jesse Cuellar,0
603,,Kasey Wells,0
603,,Over Votes,1
603,,President R. Boddie,0
603,,Robert Morrow,0
603,,Tom Hoefling,0
603,,Under Votes,28
603,DEM,Joseph R. Biden,1992
603,GRN,Howie Hawkins,7
603,LIB,Jo Jorgensen,44
603,REP,Donald J. Trump/Michael R. Pence,1997
604,,Abram Loeb,0
604,,Gloria La Riva,0
604,,Jesse Cuellar,0
604,,Kasey Wells,0
604,,Over Votes,0
604,,President R. Boddie,0
604,,Robert Morrow,0
604,,Tom Hoefling,0
604,,Under Votes,22
604,DEM,Joseph R. Biden,446
604,GRN,Howie Hawkins,2
604,LIB,Jo Jorgensen,38
604,REP,Donald J. Trump/Michael R. Pence,2195
605,,Abram Loeb,0
605,,Gloria La Riva,0
605,,Jesse Cuellar,0
605,,Kasey Wells,0
605,,Over Votes,0
605,,President R. Boddie,0
605,,Robert Morrow,0
605,,Tom Hoefling,0
605,,Under Votes,27
605,DEM,Joseph R. Biden,1888
605,GRN,Howie Hawkins,13
605,LIB,Jo Jorgensen,21
605,REP,Donald J. Trump/Michael R. Pence,783
606,,Abram Loeb,0
606,,Gloria La Riva,0
606,,Jesse Cuellar,0
606,,Kasey Wells,0
606,,Over Votes,0
606,,President R. Boddie,0
606,,Robert Morrow,0
606,,Tom Hoefling,0
606,,Under Votes,1
606,DEM,Joseph R. Biden,458
606,GRN,Howie Hawkins,0
606,LIB,Jo Jorgensen,2
606,REP,Donald J. Trump/Michael R. Pence,22
607,,Abram Loeb,0
607,,Gloria La Riva,0
607,,Jesse Cuellar,0
607,,Kasey Wells,0
607,,Over Votes,0
607,,President R. Boddie,0
607,,Robert Morrow,0
607,,Tom Hoefling,0
607,,Under Votes,5
607,DEM,Joseph R. Biden,463
607,GRN,Howie Hawkins,2
607,LIB,Jo Jorgensen,2
607,REP,Donald J. Trump/Michael R. Pence,76
608,,Abram Loeb,0
608,,Gloria La Riva,0
608,,Jesse Cuellar,0
608,,Kasey Wells,0
608,,Over Votes,0
608,,President R. Boddie,0
608,,Robert Morrow,0
608,,Tom Hoefling,0
608,,Under Votes,3
608,DEM,Joseph R. Biden,177
608,GRN,Howie Hawkins,2
608,LIB,Jo Jorgensen,4
608,REP,Donald J. Trump/Michael R. Pence,127
609,,Abram Loeb,0
609,,Gloria La Riva,0
609,,Jesse Cuellar,0
609,,Kasey Wells,0
609,,Over Votes,0
609,,President R. Boddie,0
609,,Robert Morrow,0
609,,Tom Hoefling,0
609,,Under Votes,33
609,DEM,Joseph R. Biden,1489
609,GRN,Howie Hawkins,9
609,LIB,Jo Jorgensen,28
609,REP,Donald J. Trump/Michael R. Pence,1785
61,,Abram Loeb,0
61,,Gloria La Riva,0
61,,Jesse Cuellar,0
61,,Kasey Wells,0
61,,Over Votes,0
61,,President R. Boddie,0
61,,Robert Morrow,0
61,,Tom Hoefling,0
61,,Under Votes,16
61,DEM,Joseph R. Biden,686
61,GRN,Howie Hawkins,5
61,LIB,Jo Jorgensen,6
61,REP,Donald J. Trump/Michael R. Pence,378
610,,Abram Loeb,0
610,,Gloria La Riva,0
610,,Jesse Cuellar,0
610,,Kasey Wells,0
610,,Over Votes,0
610,,President R. Boddie,0
610,,Robert Morrow,0
610,,Tom Hoefling,0
610,,Under Votes,15
610,DEM,Joseph R. Biden,834
610,GRN,Howie Hawkins,8
610,LIB,Jo Jorgensen,8
610,REP,Donald J. Trump/Michael R. Pence,571
611,,Abram Loeb,0
611,,Gloria La Riva,0
611,,Jesse Cuellar,0
611,,Kasey Wells,0
611,,Over Votes,2
611,,President R. Boddie,0
611,,Robert Morrow,0
611,,Tom Hoefling,0
611,,Under Votes,24
611,DEM,Joseph R. Biden,1193
611,GRN,Howie Hawkins,7
611,LIB,Jo Jorgensen,7
611,REP,Donald J. Trump/Michael R. Pence,94
612,,Abram Loeb,0
612,,Gloria La Riva,0
612,,Jesse Cuellar,0
612,,Kasey Wells,0
612,,Over Votes,0
612,,President R. Boddie,0
612,,Robert Morrow,0
612,,Tom Hoefling,0
612,,Under Votes,24
612,DEM,Joseph R. Biden,830
612,GRN,Howie Hawkins,7
612,LIB,Jo Jorgensen,40
612,REP,Donald J. Trump/Michael R. Pence,1760
613,,Abram Loeb,0
613,,Gloria La Riva,0
613,,Jesse Cuellar,0
613,,Kasey Wells,0
613,,Over Votes,0
613,,President R. Boddie,0
613,,Robert Morrow,0
613,,Tom Hoefling,0
613,,Under Votes,14
613,DEM,Joseph R. Biden,1309
613,GRN,Howie Hawkins,6
613,LIB,Jo Jorgensen,10
613,REP,Donald J. Trump/Michael R. Pence,392
614,,Abram Loeb,0
614,,Gloria La Riva,0
614,,Jesse Cuellar,0
614,,Kasey Wells,0
614,,Over Votes,0
614,,President R. Boddie,0
614,,Robert Morrow,0
614,,Tom Hoefling,0
614,,Under Votes,32
614,DEM,Joseph R. Biden,2133
614,GRN,Howie Hawkins,16
614,LIB,Jo Jorgensen,9
614,REP,Donald J. Trump/Michael R. Pence,945
615,,Abram Loeb,0
615,,Gloria La Riva,0
615,,Jesse Cuellar,0
615,,Kasey Wells,0
615,,Over Votes,2
615,,President R. Boddie,0
615,,Robert Morrow,0
615,,Tom Hoefling,0
615,,Under Votes,10
615,DEM,Joseph R. Biden,961
615,GRN,Howie Hawkins,9
615,LIB,Jo Jorgensen,12
615,REP,Donald J. Trump/Michael R. Pence,764
616,,Abram Loeb,0
616,,Gloria La Riva,0
616,,Jesse Cuellar,0
616,,Kasey Wells,0
616,,Over Votes,1
616,,President R. Boddie,0
616,,Robert Morrow,0
616,,Tom Hoefling,0
616,,Under Votes,25
616,DEM,Joseph R. Biden,1247
616,GRN,Howie Hawkins,6
616,LIB,Jo Jorgensen,52
616,REP,Donald J. Trump/Michael R. Pence,1574
617,,Abram Loeb,0
617,,Gloria La Riva,0
617,,Jesse Cuellar,0
617,,Kasey Wells,0
617,,Over Votes,0
617,,President R. Boddie,0
617,,Robert Morrow,0
617,,Tom Hoefling,0
617,,Under Votes,31
617,DEM,Joseph R. Biden,1934
617,GRN,Howie Hawkins,6
617,LIB,Jo Jorgensen,27
617,REP,Donald J. Trump/Michael R. Pence,930
618,,Abram Loeb,0
618,,Gloria La Riva,0
618,,Jesse Cuellar,0
618,,Kasey Wells,0
618,,Over Votes,5
618,,President R. Boddie,0
618,,Robert Morrow,0
618,,Tom Hoefling,0
618,,Under Votes,31
618,DEM,Joseph R. Biden,1722
618,GRN,Howie Hawkins,12
618,LIB,Jo Jorgensen,40
618,REP,Donald J. Trump/Michael R. Pence,1109
619,,Abram Loeb,0
619,,Gloria La Riva,0
619,,Jesse Cuellar,0
619,,Kasey Wells,0
619,,Over Votes,0
619,,President R. Boddie,0
619,,Robert Morrow,0
619,,Tom Hoefling,0
619,,Under Votes,34
619,DEM,Joseph R. Biden,1494
619,GRN,Howie Hawkins,8
619,LIB,Jo Jorgensen,66
619,REP,Donald J. Trump/Michael R. Pence,2381
62,,Abram Loeb,0
62,,Gloria La Riva,0
62,,Jesse Cuellar,0
62,,Kasey Wells,0
62,,Over Votes,2
62,,President R. Boddie,0
62,,Robert Morrow,0
62,,Tom Hoefling,0
62,,Under Votes,9
62,DEM,Joseph R. Biden,784
62,GRN,Howie Hawkins,4
62,LIB,Jo Jorgensen,12
62,REP,Donald J. Trump/Michael R. Pence,352
620,,Abram Loeb,0
620,,Gloria La Riva,0
620,,Jesse Cuellar,0
620,,Kasey Wells,0
620,,Over Votes,1
620,,President R. Boddie,0
620,,Robert Morrow,0
620,,Tom Hoefling,0
620,,Under Votes,21
620,DEM,Joseph R. Biden,1527
620,GRN,Howie Hawkins,6
620,LIB,Jo Jorgensen,26
620,REP,Donald J. Trump/Michael R. Pence,1145
621,,Abram Loeb,0
621,,Gloria La Riva,0
621,,Jesse Cuellar,0
621,,Kasey Wells,0
621,,Over Votes,0
621,,President R. Boddie,0
621,,Robert Morrow,0
621,,Tom Hoefling,0
621,,Under Votes,15
621,DEM,Joseph R. Biden,588
621,GRN,Howie Hawkins,4
621,LIB,Jo Jorgensen,6
621,REP,Donald J. Trump/Michael R. Pence,389
622,,Abram Loeb,0
622,,Gloria La Riva,0
622,,Jesse Cuellar,0
622,,Kasey Wells,0
622,,Over Votes,1
622,,President R. Boddie,0
622,,Robert Morrow,0
622,,Tom Hoefling,0
622,,Under Votes,39
622,DEM,Joseph R. Biden,1673
622,GRN,Howie Hawkins,11
622,LIB,Jo Jorgensen,32
622,REP,Donald J. Trump/Michael R. Pence,1709
623,,Abram Loeb,0
623,,Gloria La Riva,1
623,,Jesse Cuellar,0
623,,Kasey Wells,0
623,,Over Votes,1
623,,President R. Boddie,1
623,,Robert Morrow,0
623,,Tom Hoefling,0
623,,Under Votes,32
623,DEM,Joseph R. Biden,1488
623,GRN,Howie Hawkins,14
623,LIB,Jo Jorgensen,33
623,REP,Donald J. Trump/Michael R. Pence,1530
624,,Abram Loeb,0
624,,Gloria La Riva,0
624,,Jesse Cuellar,0
624,,Kasey Wells,0
624,,Over Votes,0
624,,President R. Boddie,0
624,,Robert Morrow,0
624,,Tom Hoefling,0
624,,Under Votes,4
624,DEM,Joseph R. Biden,284
624,GRN,Howie Hawkins,3
624,LIB,Jo Jorgensen,12
624,REP,Donald J. Trump/Michael R. Pence,627
625,,Abram Loeb,0
625,,Gloria La Riva,0
625,,Jesse Cuellar,0
625,,Kasey Wells,0
625,,Over Votes,0
625,,President R. Boddie,0
625,,Robert Morrow,0
625,,Tom Hoefling,0
625,,Under Votes,10
625,DEM,Joseph R. Biden,827
625,GRN,Howie Hawkins,4
625,LIB,Jo Jorgensen,21
625,REP,Donald J. Trump/Michael R. Pence,674
626,,Abram Loeb,0
626,,Gloria La Riva,0
626,,Jesse Cuellar,0
626,,Kasey Wells,0
626,,Over Votes,0
626,,President R. Boddie,0
626,,Robert Morrow,0
626,,Tom Hoefling,0
626,,Under Votes,51
626,DEM,Joseph R. Biden,1970
626,GRN,Howie Hawkins,19
626,LIB,Jo Jorgensen,42
626,REP,Donald J. Trump/Michael R. Pence,1500
627,,Abram Loeb,0
627,,Gloria La Riva,0
627,,Jesse Cuellar,0
627,,Kasey Wells,0
627,,Over Votes,3
627,,President R. Boddie,0
627,,Robert Morrow,0
627,,Tom Hoefling,0
627,,Under Votes,15
627,DEM,Joseph R. Biden,1230
627,GRN,Howie Hawkins,6
627,LIB,Jo Jorgensen,11
627,REP,Donald J. Trump/Michael R. Pence,617
628,,Abram Loeb,0
628,,Gloria La Riva,0
628,,Jesse Cuellar,0
628,,Kasey Wells,0
628,,Over Votes,0
628,,President R. Boddie,0
628,,Robert Morrow,0
628,,Tom Hoefling,0
628,,Under Votes,12
628,DEM,Joseph R. Biden,892
628,GRN,Howie Hawkins,4
628,LIB,Jo Jorgensen,17
628,REP,Donald J. Trump/Michael R. Pence,558
629,,Abram Loeb,0
629,,Gloria La Riva,0
629,,Jesse Cuellar,0
629,,Kasey Wells,0
629,,Over Votes,0
629,,President R. Boddie,0
629,,Robert Morrow,0
629,,Tom Hoefling,0
629,,Under Votes,2
629,DEM,Joseph R. Biden,298
629,GRN,Howie Hawkins,2
629,LIB,Jo Jorgensen,1
629,REP,Donald J. Trump/Michael R. Pence,32
63,,Abram Loeb,0
63,,Gloria La Riva,0
63,,Jesse Cuellar,0
63,,Kasey Wells,0
63,,Over Votes,0
63,,President R. Boddie,0
63,,Robert Morrow,0
63,,Tom Hoefling,0
63,,Under Votes,10
63,DEM,Joseph R. Biden,275
63,GRN,Howie Hawkins,0
63,LIB,Jo Jorgensen,14
63,REP,Donald J. Trump/Michael R. Pence,1023
630,,Abram Loeb,0
630,,Gloria La Riva,0
630,,Jesse Cuellar,0
630,,Kasey Wells,0
630,,Over Votes,1
630,,President R. Boddie,0
630,,Robert Morrow,0
630,,Tom Hoefling,0
630,,Under Votes,36
630,DEM,Joseph R. Biden,3742
630,GRN,Howie Hawkins,11
630,LIB,Jo Jorgensen,21
630,REP,Donald J. Trump/Michael R. Pence,409
631,,Abram Loeb,0
631,,Gloria La Riva,0
631,,Jesse Cuellar,0
631,,Kasey Wells,0
631,,Over Votes,0
631,,President R. Boddie,0
631,,Robert Morrow,0
631,,Tom Hoefling,0
631,,Under Votes,15
631,DEM,Joseph R. Biden,1009
631,GRN,Howie Hawkins,8
631,LIB,Jo Jorgensen,18
631,REP,Donald J. Trump/Michael R. Pence,1310
632,,Abram Loeb,0
632,,Gloria La Riva,0
632,,Jesse Cuellar,0
632,,Kasey Wells,0
632,,Over Votes,0
632,,President R. Boddie,0
632,,Robert Morrow,0
632,,Tom Hoefling,0
632,,Under Votes,0
632,DEM,Joseph R. Biden,3
632,GRN,Howie Hawkins,1
632,LIB,Jo Jorgensen,0
632,REP,Donald J. Trump/Michael R. Pence,0
633,,Abram Loeb,0
633,,Gloria La Riva,1
633,,Jesse Cuellar,0
633,,Kasey Wells,0
633,,Over Votes,0
633,,President R. Boddie,0
633,,Robert Morrow,0
633,,Tom Hoefling,0
633,,Under Votes,29
633,DEM,Joseph R. Biden,1318
633,GRN,Howie Hawkins,5
633,LIB,Jo Jorgensen,41
633,REP,Donald J. Trump/Michael R. Pence,1929
634,,Abram Loeb,0
634,,Gloria La Riva,0
634,,Jesse Cuellar,0
634,,Kasey Wells,0
634,,Over Votes,0
634,,President R. Boddie,0
634,,Robert Morrow,0
634,,Tom Hoefling,0
634,,Under Votes,20
634,DEM,Joseph R. Biden,1113
634,GRN,Howie Hawkins,9
634,LIB,Jo Jorgensen,17
634,REP,Donald J. Trump/Michael R. Pence,1134
635,,Abram Loeb,0
635,,Gloria La Riva,0
635,,Jesse Cuellar,0
635,,Kasey Wells,0
635,,Over Votes,0
635,,President R. Boddie,0
635,,Robert Morrow,0
635,,Tom Hoefling,0
635,,Under Votes,10
635,DEM,Joseph R. Biden,815
635,GRN,Howie Hawkins,8
635,LIB,Jo Jorgensen,36
635,REP,Donald J. Trump/Michael R. Pence,1632
636,,Abram Loeb,0
636,,Gloria La Riva,0
636,,Jesse Cuellar,0
636,,Kasey Wells,0
636,,Over Votes,0
636,,President R. Boddie,0
636,,Robert Morrow,0
636,,Tom Hoefling,0
636,,Under Votes,18
636,DEM,Joseph R. Biden,521
636,GRN,Howie Hawkins,5
636,LIB,Jo Jorgensen,43
636,REP,Donald J. Trump/Michael R. Pence,3413
637,,Abram Loeb,0
637,,Gloria La Riva,0
637,,Jesse Cuellar,0
637,,Kasey Wells,0
637,,Over Votes,1
637,,President R. Boddie,0
637,,Robert Morrow,0
637,,Tom Hoefling,0
637,,Under Votes,19
637,DEM,Joseph R. Biden,1298
637,GRN,Howie Hawkins,7
637,LIB,Jo Jorgensen,12
637,REP,Donald J. Trump/Michael R. Pence,489
638,,Abram Loeb,0
638,,Gloria La Riva,0
638,,Jesse Cuellar,0
638,,Kasey Wells,0
638,,Over Votes,0
638,,President R. Boddie,0
638,,Robert Morrow,0
638,,Tom Hoefling,0
638,,Under Votes,25
638,DEM,Joseph R. Biden,1226
638,GRN,Howie Hawkins,6
638,LIB,Jo Jorgensen,5
638,REP,Donald J. Trump/Michael R. Pence,152
639,,Abram Loeb,0
639,,Gloria La Riva,0
639,,Jesse Cuellar,0
639,,Kasey Wells,0
639,,Over Votes,1
639,,President R. Boddie,0
639,,Robert Morrow,0
639,,Tom Hoefling,0
639,,Under Votes,16
639,DEM,Joseph R. Biden,499
639,GRN,Howie Hawkins,12
639,LIB,Jo Jorgensen,23
639,REP,Donald J. Trump/Michael R. Pence,1319
64,,Abram Loeb,0
64,,Gloria La Riva,0
64,,Jesse Cuellar,0
64,,Kasey Wells,0
64,,Over Votes,3
64,,President R. Boddie,0
64,,Robert Morrow,0
64,,Tom Hoefling,0
64,,Under Votes,12
64,DEM,Joseph R. Biden,871
64,GRN,Howie Hawkins,3
64,LIB,Jo Jorgensen,7
64,REP,Donald J. Trump/Michael R. Pence,299
640,,Abram Loeb,0
640,,Gloria La Riva,0
640,,Jesse Cuellar,0
640,,Kasey Wells,0
640,,Over Votes,0
640,,President R. Boddie,0
640,,Robert Morrow,0
640,,Tom Hoefling,0
640,,Under Votes,23
640,DEM,Joseph R. Biden,1337
640,GRN,Howie Hawkins,5
640,LIB,Jo Jorgensen,42
640,REP,Donald J. Trump/Michael R. Pence,1435
641,,Abram Loeb,0
641,,Gloria La Riva,0
641,,Jesse Cuellar,0
641,,Kasey Wells,0
641,,Over Votes,1
641,,President R. Boddie,0
641,,Robert Morrow,0
641,,Tom Hoefling,0
641,,Under Votes,20
641,DEM,Joseph R. Biden,1291
641,GRN,Howie Hawkins,8
641,LIB,Jo Jorgensen,21
641,REP,Donald J. Trump/Michael R. Pence,1508
642,,Abram Loeb,0
642,,Gloria La Riva,0
642,,Jesse Cuellar,0
642,,Kasey Wells,0
642,,Over Votes,0
642,,President R. Boddie,0
642,,Robert Morrow,0
642,,Tom Hoefling,0
642,,Under Votes,17
642,DEM,Joseph R. Biden,435
642,GRN,Howie Hawkins,3
642,LIB,Jo Jorgensen,22
642,REP,Donald J. Trump/Michael R. Pence,963
643,,Abram Loeb,0
643,,Gloria La Riva,0
643,,Jesse Cuellar,0
643,,Kasey Wells,0
643,,Over Votes,0
643,,President R. Boddie,0
643,,Robert Morrow,0
643,,Tom Hoefling,0
643,,Under Votes,29
643,DEM,Joseph R. Biden,1638
643,GRN,Howie Hawkins,15
643,LIB,Jo Jorgensen,19
643,REP,Donald J. Trump/Michael R. Pence,1298
644,,Abram Loeb,0
644,,Gloria La Riva,0
644,,Jesse Cuellar,0
644,,Kasey Wells,0
644,,Over Votes,0
644,,President R. Boddie,0
644,,Robert Morrow,0
644,,Tom Hoefling,0
644,,Under Votes,27
644,DEM,Joseph R. Biden,1654
644,GRN,Howie Hawkins,21
644,LIB,Jo Jorgensen,49
644,REP,Donald J. Trump/Michael R. Pence,1765
645,,Abram Loeb,0
645,,Gloria La Riva,0
645,,Jesse Cuellar,0
645,,Kasey Wells,0
645,,Over Votes,0
645,,President R. Boddie,0
645,,Robert Morrow,0
645,,Tom Hoefling,0
645,,Under Votes,22
645,DEM,Joseph R. Biden,2532
645,GRN,Howie Hawkins,17
645,LIB,Jo Jorgensen,43
645,REP,Donald J. Trump/Michael R. Pence,1185
646,,Abram Loeb,0
646,,Gloria La Riva,0
646,,Jesse Cuellar,0
646,,Kasey Wells,0
646,,Over Votes,0
646,,President R. Boddie,0
646,,Robert Morrow,0
646,,Tom Hoefling,0
646,,Under Votes,12
646,DEM,Joseph R. Biden,1022
646,GRN,Howie Hawkins,4
646,LIB,Jo Jorgensen,8
646,REP,Donald J. Trump/Michael R. Pence,633
647,,Abram Loeb,0
647,,Gloria La Riva,0
647,,Jesse Cuellar,0
647,,Kasey Wells,0
647,,Over Votes,2
647,,President R. Boddie,0
647,,Robert Morrow,0
647,,Tom Hoefling,0
647,,Under Votes,24
647,DEM,Joseph R. Biden,1640
647,GRN,Howie Hawkins,10
647,LIB,Jo Jorgensen,9
647,REP,Donald J. Trump/Michael R. Pence,1246
648,,Abram Loeb,0
648,,Gloria La Riva,0
648,,Jesse Cuellar,0
648,,Kasey Wells,0
648,,Over Votes,0
648,,President R. Boddie,0
648,,Robert Morrow,0
648,,Tom Hoefling,0
648,,Under Votes,21
648,DEM,Joseph R. Biden,1106
648,GRN,Howie Hawkins,11
648,LIB,Jo Jorgensen,30
648,REP,Donald J. Trump/Michael R. Pence,1631
649,,Abram Loeb,0
649,,Gloria La Riva,0
649,,Jesse Cuellar,0
649,,Kasey Wells,0
649,,Over Votes,1
649,,President R. Boddie,0
649,,Robert Morrow,0
649,,Tom Hoefling,0
649,,Under Votes,23
649,DEM,Joseph R. Biden,2014
649,GRN,Howie Hawkins,12
649,LIB,Jo Jorgensen,16
649,REP,Donald J. Trump/Michael R. Pence,936
65,,Abram Loeb,0
65,,Gloria La Riva,0
65,,Jesse Cuellar,0
65,,Kasey Wells,0
65,,Over Votes,0
65,,President R. Boddie,0
65,,Robert Morrow,0
65,,Tom Hoefling,0
65,,Under Votes,10
65,DEM,Joseph R. Biden,750
65,GRN,Howie Hawkins,4
65,LIB,Jo Jorgensen,10
65,REP,Donald J. Trump/Michael R. Pence,304
650,,Abram Loeb,0
650,,Gloria La Riva,0
650,,Jesse Cuellar,0
650,,Kasey Wells,0
650,,Over Votes,1
650,,President R. Boddie,0
650,,Robert Morrow,0
650,,Tom Hoefling,1
650,,Under Votes,35
650,DEM,Joseph R. Biden,1348
650,GRN,Howie Hawkins,7
650,LIB,Jo Jorgensen,36
650,REP,Donald J. Trump/Michael R. Pence,1856
651,,Abram Loeb,0
651,,Gloria La Riva,0
651,,Jesse Cuellar,0
651,,Kasey Wells,0
651,,Over Votes,0
651,,President R. Boddie,0
651,,Robert Morrow,0
651,,Tom Hoefling,0
651,,Under Votes,23
651,DEM,Joseph R. Biden,1444
651,GRN,Howie Hawkins,8
651,LIB,Jo Jorgensen,37
651,REP,Donald J. Trump/Michael R. Pence,1321
652,,Abram Loeb,0
652,,Gloria La Riva,0
652,,Jesse Cuellar,0
652,,Kasey Wells,0
652,,Over Votes,2
652,,President R. Boddie,0
652,,Robert Morrow,0
652,,Tom Hoefling,0
652,,Under Votes,16
652,DEM,Joseph R. Biden,1671
652,GRN,Howie Hawkins,6
652,LIB,Jo Jorgensen,8
652,REP,Donald J. Trump/Michael R. Pence,426
653,,Abram Loeb,0
653,,Gloria La Riva,0
653,,Jesse Cuellar,0
653,,Kasey Wells,0
653,,Over Votes,1
653,,President R. Boddie,0
653,,Robert Morrow,0
653,,Tom Hoefling,0
653,,Under Votes,1
653,DEM,Joseph R. Biden,265
653,GRN,Howie Hawkins,0
653,LIB,Jo Jorgensen,4
653,REP,Donald J. Trump/Michael R. Pence,90
654,,Abram Loeb,0
654,,Gloria La Riva,0
654,,Jesse Cuellar,0
654,,Kasey Wells,0
654,,Over Votes,1
654,,President R. Boddie,0
654,,Robert Morrow,0
654,,Tom Hoefling,0
654,,Under Votes,34
654,DEM,Joseph R. Biden,1913
654,GRN,Howie Hawkins,9
654,LIB,Jo Jorgensen,37
654,REP,Donald J. Trump/Michael R. Pence,1951
655,,Abram Loeb,0
655,,Gloria La Riva,0
655,,Jesse Cuellar,0
655,,Kasey Wells,0
655,,Over Votes,2
655,,President R. Boddie,0
655,,Robert Morrow,0
655,,Tom Hoefling,0
655,,Under Votes,29
655,DEM,Joseph R. Biden,1673
655,GRN,Howie Hawkins,8
655,LIB,Jo Jorgensen,45
655,REP,Donald J. Trump/Michael R. Pence,1636
656,,Abram Loeb,0
656,,Gloria La Riva,0
656,,Jesse Cuellar,0
656,,Kasey Wells,0
656,,Over Votes,4
656,,President R. Boddie,0
656,,Robert Morrow,0
656,,Tom Hoefling,0
656,,Under Votes,16
656,DEM,Joseph R. Biden,1400
656,GRN,Howie Hawkins,2
656,LIB,Jo Jorgensen,5
656,REP,Donald J. Trump/Michael R. Pence,108
657,,Abram Loeb,0
657,,Gloria La Riva,0
657,,Jesse Cuellar,0
657,,Kasey Wells,0
657,,Over Votes,0
657,,President R. Boddie,0
657,,Robert Morrow,0
657,,Tom Hoefling,0
657,,Under Votes,11
657,DEM,Joseph R. Biden,786
657,GRN,Howie Hawkins,4
657,LIB,Jo Jorgensen,17
657,REP,Donald J. Trump/Michael R. Pence,374
658,,Abram Loeb,0
658,,Gloria La Riva,0
658,,Jesse Cuellar,0
658,,Kasey Wells,0
658,,Over Votes,0
658,,President R. Boddie,0
658,,Robert Morrow,0
658,,Tom Hoefling,0
658,,Under Votes,13
658,DEM,Joseph R. Biden,873
658,GRN,Howie Hawkins,7
658,LIB,Jo Jorgensen,37
658,REP,Donald J. Trump/Michael R. Pence,1117
659,,Abram Loeb,0
659,,Gloria La Riva,0
659,,Jesse Cuellar,0
659,,Kasey Wells,0
659,,Over Votes,0
659,,President R. Boddie,0
659,,Robert Morrow,0
659,,Tom Hoefling,0
659,,Under Votes,41
659,DEM,Joseph R. Biden,1443
659,GRN,Howie Hawkins,7
659,LIB,Jo Jorgensen,33
659,REP,Donald J. Trump/Michael R. Pence,2566
66,,Abram Loeb,0
66,,Gloria La Riva,0
66,,Jesse Cuellar,0
66,,Kasey Wells,0
66,,Over Votes,1
66,,President R. Boddie,0
66,,Robert Morrow,0
66,,Tom Hoefling,0
66,,Under Votes,11
66,DEM,Joseph R. Biden,412
66,GRN,Howie Hawkins,4
66,LIB,Jo Jorgensen,5
66,REP,Donald J. Trump/Michael R. Pence,159
660,,Abram Loeb,0
660,,Gloria La Riva,0
660,,Jesse Cuellar,0
660,,Kasey Wells,0
660,,Over Votes,0
660,,President R. Boddie,0
660,,Robert Morrow,0
660,,Tom Hoefling,1
660,,Under Votes,25
660,DEM,Joseph R. Biden,2026
660,GRN,Howie Hawkins,12
660,LIB,Jo Jorgensen,7
660,REP,Donald J. Trump/Michael R. Pence,353
661,,Abram Loeb,0
661,,Gloria La Riva,0
661,,Jesse Cuellar,0
661,,Kasey Wells,0
661,,Over Votes,2
661,,President R. Boddie,0
661,,Robert Morrow,0
661,,Tom Hoefling,0
661,,Under Votes,41
661,DEM,Joseph R. Biden,1824
661,GRN,Howie Hawkins,14
661,LIB,Jo Jorgensen,44
661,REP,Donald J. Trump/Michael R. Pence,1462
662,,Abram Loeb,0
662,,Gloria La Riva,0
662,,Jesse Cuellar,0
662,,Kasey Wells,0
662,,Over Votes,0
662,,President R. Boddie,0
662,,Robert Morrow,0
662,,Tom Hoefling,0
662,,Under Votes,27
662,DEM,Joseph R. Biden,792
662,GRN,Howie Hawkins,7
662,LIB,Jo Jorgensen,32
662,REP,Donald J. Trump/Michael R. Pence,2415
663,,Abram Loeb,0
663,,Gloria La Riva,0
663,,Jesse Cuellar,0
663,,Kasey Wells,0
663,,Over Votes,0
663,,President R. Boddie,0
663,,Robert Morrow,0
663,,Tom Hoefling,0
663,,Under Votes,17
663,DEM,Joseph R. Biden,1238
663,GRN,Howie Hawkins,2
663,LIB,Jo Jorgensen,37
663,REP,Donald J. Trump/Michael R. Pence,776
664,,Abram Loeb,0
664,,Gloria La Riva,0
664,,Jesse Cuellar,0
664,,Kasey Wells,0
664,,Over Votes,0
664,,President R. Boddie,0
664,,Robert Morrow,0
664,,Tom Hoefling,0
664,,Under Votes,26
664,DEM,Joseph R. Biden,1106
664,GRN,Howie Hawkins,7
664,LIB,Jo Jorgensen,16
664,REP,Donald J. Trump/Michael R. Pence,422
665,,Abram Loeb,0
665,,Gloria La Riva,0
665,,Jesse Cuellar,0
665,,Kasey Wells,0
665,,Over Votes,0
665,,President R. Boddie,0
665,,Robert Morrow,0
665,,Tom Hoefling,0
665,,Under Votes,23
665,DEM,Joseph R. Biden,470
665,GRN,Howie Hawkins,4
665,LIB,Jo Jorgensen,22
665,REP,Donald J. Trump/Michael R. Pence,1587
666,,Abram Loeb,0
666,,Gloria La Riva,0
666,,Jesse Cuellar,0
666,,Kasey Wells,0
666,,Over Votes,0
666,,President R. Boddie,0
666,,Robert Morrow,0
666,,Tom Hoefling,0
666,,Under Votes,0
666,DEM,Joseph R. Biden,0
666,GRN,Howie Hawkins,0
666,LIB,Jo Jorgensen,0
666,REP,Donald J. Trump/Michael R. Pence,0
667,,Abram Loeb,0
667,,Gloria La Riva,0
667,,Jesse Cuellar,0
667,,Kasey Wells,0
667,,Over Votes,0
667,,President R. Boddie,0
667,,Robert Morrow,0
667,,Tom Hoefling,0
667,,Under Votes,23
667,DEM,Joseph R. Biden,624
667,GRN,Howie Hawkins,7
667,LIB,Jo Jorgensen,20
667,REP,Donald J. Trump/Michael R. Pence,1030
668,,Abram Loeb,0
668,,Gloria La Riva,0
668,,Jesse Cuellar,0
668,,Kasey Wells,0
668,,Over Votes,0
668,,President R. Boddie,0
668,,Robert Morrow,0
668,,Tom Hoefling,0
668,,Under Votes,24
668,DEM,Joseph R. Biden,1446
668,GRN,Howie Hawkins,8
668,LIB,Jo Jorgensen,53
668,REP,Donald J. Trump/Michael R. Pence,1591
669,,Abram Loeb,0
669,,Gloria La Riva,0
669,,Jesse Cuellar,0
669,,Kasey Wells,0
669,,Over Votes,1
669,,President R. Boddie,0
669,,Robert Morrow,0
669,,Tom Hoefling,0
669,,Under Votes,30
669,DEM,Joseph R. Biden,1175
669,GRN,Howie Hawkins,9
669,LIB,Jo Jorgensen,28
669,REP,Donald J. Trump/Michael R. Pence,1574
67,,Abram Loeb,0
67,,Gloria La Riva,0
67,,Jesse Cuellar,0
67,,Kasey Wells,0
67,,Over Votes,0
67,,President R. Boddie,0
67,,Robert Morrow,0
67,,Tom Hoefling,0
67,,Under Votes,27
67,DEM,Joseph R. Biden,1211
67,GRN,Howie Hawkins,6
67,LIB,Jo Jorgensen,11
67,REP,Donald J. Trump/Michael R. Pence,414
670,,Abram Loeb,0
670,,Gloria La Riva,0
670,,Jesse Cuellar,0
670,,Kasey Wells,0
670,,Over Votes,0
670,,President R. Boddie,0
670,,Robert Morrow,0
670,,Tom Hoefling,0
670,,Under Votes,24
670,DEM,Joseph R. Biden,772
670,GRN,Howie Hawkins,4
670,LIB,Jo Jorgensen,41
670,REP,Donald J. Trump/Michael R. Pence,1867
671,,Abram Loeb,0
671,,Gloria La Riva,0
671,,Jesse Cuellar,0
671,,Kasey Wells,0
671,,Over Votes,0
671,,President R. Boddie,0
671,,Robert Morrow,0
671,,Tom Hoefling,0
671,,Under Votes,27
671,DEM,Joseph R. Biden,1236
671,GRN,Howie Hawkins,11
671,LIB,Jo Jorgensen,37
671,REP,Donald J. Trump/Michael R. Pence,1078
672,,Abram Loeb,0
672,,Gloria La Riva,0
672,,Jesse Cuellar,0
672,,Kasey Wells,0
672,,Over Votes,1
672,,President R. Boddie,0
672,,Robert Morrow,0
672,,Tom Hoefling,0
672,,Under Votes,22
672,DEM,Joseph R. Biden,1065
672,GRN,Howie Hawkins,7
672,LIB,Jo Jorgensen,39
672,REP,Donald J. Trump/Michael R. Pence,1671
673,,Abram Loeb,0
673,,Gloria La Riva,0
673,,Jesse Cuellar,0
673,,Kasey Wells,0
673,,Over Votes,1
673,,President R. Boddie,0
673,,Robert Morrow,0
673,,Tom Hoefling,0
673,,Under Votes,15
673,DEM,Joseph R. Biden,479
673,GRN,Howie Hawkins,3
673,LIB,Jo Jorgensen,31
673,REP,Donald J. Trump/Michael R. Pence,1688
674,,Abram Loeb,0
674,,Gloria La Riva,0
674,,Jesse Cuellar,0
674,,Kasey Wells,0
674,,Over Votes,0
674,,President R. Boddie,0
674,,Robert Morrow,0
674,,Tom Hoefling,0
674,,Under Votes,25
674,DEM,Joseph R. Biden,1260
674,GRN,Howie Hawkins,2
674,LIB,Jo Jorgensen,29
674,REP,Donald J. Trump/Michael R. Pence,2289
675,,Abram Loeb,0
675,,Gloria La Riva,0
675,,Jesse Cuellar,0
675,,Kasey Wells,0
675,,Over Votes,0
675,,President R. Boddie,0
675,,Robert Morrow,0
675,,Tom Hoefling,0
675,,Under Votes,0
675,DEM,Joseph R. Biden,0
675,GRN,Howie Hawkins,0
675,LIB,Jo Jorgensen,0
675,REP,Donald J. Trump/Michael R. Pence,0
676,,Abram Loeb,0
676,,Gloria La Riva,0
676,,Jesse Cuellar,0
676,,Kasey Wells,0
676,,Over Votes,1
676,,President R. Boddie,0
676,,Robert Morrow,0
676,,Tom Hoefling,0
676,,Under Votes,13
676,DEM,Joseph R. Biden,1171
676,GRN,Howie Hawkins,6
676,LIB,Jo Jorgensen,22
676,REP,Donald J. Trump/Michael R. Pence,756
677,,Abram Loeb,0
677,,Gloria La Riva,0
677,,Jesse Cuellar,0
677,,Kasey Wells,0
677,,Over Votes,0
677,,President R. Boddie,0
677,,Robert Morrow,0
677,,Tom Hoefling,0
677,,Under Votes,15
677,DEM,Joseph R. Biden,524
677,GRN,Howie Hawkins,4
677,LIB,Jo Jorgensen,7
677,REP,Donald J. Trump/Michael R. Pence,208
678,,Abram Loeb,0
678,,Gloria La Riva,0
678,,Jesse Cuellar,0
678,,Kasey Wells,0
678,,Over Votes,1
678,,President R. Boddie,0
678,,Robert Morrow,0
678,,Tom Hoefling,0
678,,Under Votes,20
678,DEM,Joseph R. Biden,1359
678,GRN,Howie Hawkins,7
678,LIB,Jo Jorgensen,4
678,REP,Donald J. Trump/Michael R. Pence,184
679,,Abram Loeb,0
679,,Gloria La Riva,0
679,,Jesse Cuellar,0
679,,Kasey Wells,0
679,,Over Votes,1
679,,President R. Boddie,0
679,,Robert Morrow,0
679,,Tom Hoefling,0
679,,Under Votes,20
679,DEM,Joseph R. Biden,993
679,GRN,Howie Hawkins,6
679,LIB,Jo Jorgensen,34
679,REP,Donald J. Trump/Michael R. Pence,1773
68,,Abram Loeb,0
68,,Gloria La Riva,0
68,,Jesse Cuellar,0
68,,Kasey Wells,0
68,,Over Votes,2
68,,President R. Boddie,0
68,,Robert Morrow,0
68,,Tom Hoefling,0
68,,Under Votes,19
68,DEM,Joseph R. Biden,1861
68,GRN,Howie Hawkins,8
68,LIB,Jo Jorgensen,10
68,REP,Donald J. Trump/Michael R. Pence,89
680,,Abram Loeb,0
680,,Gloria La Riva,0
680,,Jesse Cuellar,0
680,,Kasey Wells,0
680,,Over Votes,0
680,,President R. Boddie,0
680,,Robert Morrow,0
680,,Tom Hoefling,0
680,,Under Votes,2
680,DEM,Joseph R. Biden,121
680,GRN,Howie Hawkins,0
680,LIB,Jo Jorgensen,3
680,REP,Donald J. Trump/Michael R. Pence,24
681,,Abram Loeb,0
681,,Gloria La Riva,0
681,,Jesse Cuellar,0
681,,Kasey Wells,0
681,,Over Votes,0
681,,President R. Boddie,0
681,,Robert Morrow,0
681,,Tom Hoefling,0
681,,Under Votes,1
681,DEM,Joseph R. Biden,71
681,GRN,Howie Hawkins,1
681,LIB,Jo Jorgensen,3
681,REP,Donald J. Trump/Michael R. Pence,30
682,,Abram Loeb,0
682,,Gloria La Riva,0
682,,Jesse Cuellar,0
682,,Kasey Wells,0
682,,Over Votes,0
682,,President R. Boddie,0
682,,Robert Morrow,0
682,,Tom Hoefling,0
682,,Under Votes,27
682,DEM,Joseph R. Biden,996
682,GRN,Howie Hawkins,7
682,LIB,Jo Jorgensen,38
682,REP,Donald J. Trump/Michael R. Pence,2307
683,,Abram Loeb,0
683,,Gloria La Riva,0
683,,Jesse Cuellar,0
683,,Kasey Wells,0
683,,Over Votes,0
683,,President R. Boddie,0
683,,Robert Morrow,0
683,,Tom Hoefling,0
683,,Under Votes,1
683,DEM,Joseph R. Biden,110
683,GRN,Howie Hawkins,0
683,LIB,Jo Jorgensen,1
683,REP,Donald J. Trump/Michael R. Pence,52
684,,Abram Loeb,0
684,,Gloria La Riva,0
684,,Jesse Cuellar,0
684,,Kasey Wells,0
684,,Over Votes,0
684,,President R. Boddie,0
684,,Robert Morrow,0
684,,Tom Hoefling,1
684,,Under Votes,25
684,DEM,Joseph R. Biden,1408
684,GRN,Howie Hawkins,8
684,LIB,Jo Jorgensen,26
684,REP,Donald J. Trump/Michael R. Pence,1767
685,,Abram Loeb,0
685,,Gloria La Riva,0
685,,Jesse Cuellar,0
685,,Kasey Wells,0
685,,Over Votes,0
685,,President R. Boddie,0
685,,Robert Morrow,0
685,,Tom Hoefling,0
685,,Under Votes,0
685,DEM,Joseph R. Biden,69
685,GRN,Howie Hawkins,0
685,LIB,Jo Jorgensen,0
685,REP,Donald J. Trump/Michael R. Pence,63
686,,Abram Loeb,0
686,,Gloria La Riva,0
686,,Jesse Cuellar,0
686,,Kasey Wells,0
686,,Over Votes,0
686,,President R. Boddie,0
686,,Robert Morrow,0
686,,Tom Hoefling,0
686,,Under Votes,2
686,DEM,Joseph R. Biden,75
686,GRN,Howie Hawkins,0
686,LIB,Jo Jorgensen,1
686,REP,Donald J. Trump/Michael R. Pence,27
687,,Abram Loeb,0
687,,Gloria La Riva,0
687,,Jesse Cuellar,0
687,,Kasey Wells,0
687,,Over Votes,0
687,,President R. Boddie,0
687,,Robert Morrow,0
687,,Tom Hoefling,0
687,,Under Votes,27
687,DEM,Joseph R. Biden,945
687,GRN,Howie Hawkins,5
687,LIB,Jo Jorgensen,28
687,REP,Donald J. Trump/Michael R. Pence,1327
688,,Abram Loeb,0
688,,Gloria La Riva,0
688,,Jesse Cuellar,0
688,,Kasey Wells,0
688,,Over Votes,0
688,,President R. Boddie,0
688,,Robert Morrow,0
688,,Tom Hoefling,0
688,,Under Votes,22
688,DEM,Joseph R. Biden,1049
688,GRN,Howie Hawkins,10
688,LIB,Jo Jorgensen,47
688,REP,Donald J. Trump/Michael R. Pence,2499
689,,Abram Loeb,0
689,,Gloria La Riva,0
689,,Jesse Cuellar,0
689,,Kasey Wells,0
689,,Over Votes,1
689,,President R. Boddie,0
689,,Robert Morrow,0
689,,Tom Hoefling,0
689,,Under Votes,22
689,DEM,Joseph R. Biden,945
689,GRN,Howie Hawkins,6
689,LIB,Jo Jorgensen,20
689,REP,Donald J. Trump/Michael R. Pence,789
69,,Abram Loeb,0
69,,Gloria La Riva,0
69,,Jesse Cuellar,0
69,,Kasey Wells,0
69,,Over Votes,0
69,,President R. Boddie,0
69,,Robert Morrow,0
69,,Tom Hoefling,0
69,,Under Votes,7
69,DEM,Joseph R. Biden,498
69,GRN,Howie Hawkins,3
69,LIB,Jo Jorgensen,1
69,REP,Donald J. Trump/Michael R. Pence,148
690,,Abram Loeb,0
690,,Gloria La Riva,0
690,,Jesse Cuellar,0
690,,Kasey Wells,0
690,,Over Votes,0
690,,President R. Boddie,0
690,,Robert Morrow,0
690,,Tom Hoefling,0
690,,Under Votes,20
690,DEM,Joseph R. Biden,1112
690,GRN,Howie Hawkins,8
690,LIB,Jo Jorgensen,35
690,REP,Donald J. Trump/Michael R. Pence,2095
691,,Abram Loeb,0
691,,Gloria La Riva,0
691,,Jesse Cuellar,0
691,,Kasey Wells,0
691,,Over Votes,0
691,,President R. Boddie,0
691,,Robert Morrow,0
691,,Tom Hoefling,0
691,,Under Votes,18
691,DEM,Joseph R. Biden,1082
691,GRN,Howie Hawkins,10
691,LIB,Jo Jorgensen,39
691,REP,Donald J. Trump/Michael R. Pence,2402
692,,Abram Loeb,0
692,,Gloria La Riva,0
692,,Jesse Cuellar,0
692,,Kasey Wells,0
692,,Over Votes,0
692,,President R. Boddie,0
692,,Robert Morrow,0
692,,Tom Hoefling,0
692,,Under Votes,17
692,DEM,Joseph R. Biden,789
692,GRN,Howie Hawkins,7
692,LIB,Jo Jorgensen,25
692,REP,Donald J. Trump/Michael R. Pence,1560
693,,Abram Loeb,0
693,,Gloria La Riva,0
693,,Jesse Cuellar,0
693,,Kasey Wells,0
693,,Over Votes,0
693,,President R. Boddie,0
693,,Robert Morrow,0
693,,Tom Hoefling,0
693,,Under Votes,5
693,DEM,Joseph R. Biden,386
693,GRN,Howie Hawkins,0
693,LIB,Jo Jorgensen,2
693,REP,Donald J. Trump/Michael R. Pence,119
694,,Abram Loeb,0
694,,Gloria La Riva,0
694,,Jesse Cuellar,0
694,,Kasey Wells,0
694,,Over Votes,1
694,,President R. Boddie,0
694,,Robert Morrow,0
694,,Tom Hoefling,0
694,,Under Votes,19
694,DEM,Joseph R. Biden,1129
694,GRN,Howie Hawkins,12
694,LIB,Jo Jorgensen,19
694,REP,Donald J. Trump/Michael R. Pence,659
695,,Abram Loeb,0
695,,Gloria La Riva,0
695,,Jesse Cuellar,0
695,,Kasey Wells,0
695,,Over Votes,0
695,,President R. Boddie,0
695,,Robert Morrow,0
695,,Tom Hoefling,0
695,,Under Votes,12
695,DEM,Joseph R. Biden,426
695,GRN,Howie Hawkins,9
695,LIB,Jo Jorgensen,15
695,REP,Donald J. Trump/Michael R. Pence,671
696,,Abram Loeb,0
696,,Gloria La Riva,0
696,,Jesse Cuellar,0
696,,Kasey Wells,0
696,,Over Votes,1
696,,President R. Boddie,0
696,,Robert Morrow,0
696,,Tom Hoefling,0
696,,Under Votes,12
696,DEM,Joseph R. Biden,536
696,GRN,Howie Hawkins,8
696,LIB,Jo Jorgensen,20
696,REP,Donald J. Trump/Michael R. Pence,784
697,,Abram Loeb,0
697,,Gloria La Riva,0
697,,Jesse Cuellar,0
697,,Kasey Wells,0
697,,Over Votes,2
697,,President R. Boddie,0
697,,Robert Morrow,0
697,,Tom Hoefling,0
697,,Under Votes,24
697,DEM,Joseph R. Biden,1464
697,GRN,Howie Hawkins,7
697,LIB,Jo Jorgensen,20
697,REP,Donald J. Trump/Michael R. Pence,621
698,,Abram Loeb,0
698,,Gloria La Riva,0
698,,Jesse Cuellar,0
698,,Kasey Wells,0
698,,Over Votes,0
698,,President R. Boddie,0
698,,Robert Morrow,0
698,,Tom Hoefling,0
698,,Under Votes,26
698,DEM,Joseph R. Biden,1726
698,GRN,Howie Hawkins,10
698,LIB,Jo Jorgensen,12
698,REP,Donald J. Trump/Michael R. Pence,343
699,,Abram Loeb,0
699,,Gloria La Riva,0
699,,Jesse Cuellar,0
699,,Kasey Wells,0
699,,Over Votes,0
699,,President R. Boddie,0
699,,Robert Morrow,0
699,,Tom Hoefling,0
699,,Under Votes,14
699,DEM,Joseph R. Biden,848
699,GRN,Howie Hawkins,4
699,LIB,Jo Jorgensen,24
699,REP,Donald J. Trump/Michael R. Pence,1000
7,,Abram Loeb,0
7,,Gloria La Riva,0
7,,Jesse Cuellar,0
7,,Kasey Wells,0
7,,Over Votes,0
7,,President R. Boddie,0
7,,Robert Morrow,0
7,,Tom Hoefling,0
7,,Under Votes,4
7,DEM,Joseph R. Biden,491
7,GRN,Howie Hawkins,1
7,LIB,Jo Jorgensen,2
7,REP,Donald J. Trump/Michael R. Pence,34
70,,Abram Loeb,0
70,,Gloria La Riva,0
70,,Jesse Cuellar,0
70,,Kasey Wells,0
70,,Over Votes,0
70,,President R. Boddie,0
70,,Robert Morrow,0
70,,Tom Hoefling,0
70,,Under Votes,42
70,DEM,Joseph R. Biden,1971
70,GRN,Howie Hawkins,5
70,LIB,Jo Jorgensen,46
70,REP,Donald J. Trump/Michael R. Pence,1612
700,,Abram Loeb,0
700,,Gloria La Riva,0
700,,Jesse Cuellar,0
700,,Kasey Wells,0
700,,Over Votes,1
700,,President R. Boddie,0
700,,Robert Morrow,0
700,,Tom Hoefling,0
700,,Under Votes,6
700,DEM,Joseph R. Biden,201
700,GRN,Howie Hawkins,1
700,LIB,Jo Jorgensen,7
700,REP,Donald J. Trump/Michael R. Pence,992
701,,Abram Loeb,0
701,,Gloria La Riva,1
701,,Jesse Cuellar,0
701,,Kasey Wells,0
701,,Over Votes,0
701,,President R. Boddie,0
701,,Robert Morrow,0
701,,Tom Hoefling,0
701,,Under Votes,7
701,DEM,Joseph R. Biden,193
701,GRN,Howie Hawkins,2
701,LIB,Jo Jorgensen,5
701,REP,Donald J. Trump/Michael R. Pence,161
702,,Abram Loeb,0
702,,Gloria La Riva,0
702,,Jesse Cuellar,0
702,,Kasey Wells,0
702,,Over Votes,0
702,,President R. Boddie,0
702,,Robert Morrow,0
702,,Tom Hoefling,0
702,,Under Votes,2
702,DEM,Joseph R. Biden,236
702,GRN,Howie Hawkins,0
702,LIB,Jo Jorgensen,3
702,REP,Donald J. Trump/Michael R. Pence,51
703,,Abram Loeb,0
703,,Gloria La Riva,0
703,,Jesse Cuellar,0
703,,Kasey Wells,0
703,,Over Votes,0
703,,President R. Boddie,0
703,,Robert Morrow,0
703,,Tom Hoefling,0
703,,Under Votes,13
703,DEM,Joseph R. Biden,566
703,GRN,Howie Hawkins,1
703,LIB,Jo Jorgensen,23
703,REP,Donald J. Trump/Michael R. Pence,997
704,,Abram Loeb,0
704,,Gloria La Riva,0
704,,Jesse Cuellar,0
704,,Kasey Wells,0
704,,Over Votes,0
704,,President R. Boddie,0
704,,Robert Morrow,0
704,,Tom Hoefling,0
704,,Under Votes,12
704,DEM,Joseph R. Biden,580
704,GRN,Howie Hawkins,6
704,LIB,Jo Jorgensen,29
704,REP,Donald J. Trump/Michael R. Pence,1928
705,,Abram Loeb,0
705,,Gloria La Riva,0
705,,Jesse Cuellar,0
705,,Kasey Wells,0
705,,Over Votes,3
705,,President R. Boddie,0
705,,Robert Morrow,0
705,,Tom Hoefling,0
705,,Under Votes,8
705,DEM,Joseph R. Biden,519
705,GRN,Howie Hawkins,2
705,LIB,Jo Jorgensen,2
705,REP,Donald J. Trump/Michael R. Pence,86
706,,Abram Loeb,0
706,,Gloria La Riva,0
706,,Jesse Cuellar,0
706,,Kasey Wells,0
706,,Over Votes,0
706,,President R. Boddie,0
706,,Robert Morrow,0
706,,Tom Hoefling,0
706,,Under Votes,20
706,DEM,Joseph R. Biden,1357
706,GRN,Howie Hawkins,8
706,LIB,Jo Jorgensen,16
706,REP,Donald J. Trump/Michael R. Pence,753
707,,Abram Loeb,0
707,,Gloria La Riva,0
707,,Jesse Cuellar,0
707,,Kasey Wells,0
707,,Over Votes,0
707,,President R. Boddie,0
707,,Robert Morrow,0
707,,Tom Hoefling,0
707,,Under Votes,6
707,DEM,Joseph R. Biden,298
707,GRN,Howie Hawkins,1
707,LIB,Jo Jorgensen,7
707,REP,Donald J. Trump/Michael R. Pence,323
708,,Abram Loeb,0
708,,Gloria La Riva,0
708,,Jesse Cuellar,0
708,,Kasey Wells,0
708,,Over Votes,0
708,,President R. Boddie,0
708,,Robert Morrow,0
708,,Tom Hoefling,0
708,,Under Votes,3
708,DEM,Joseph R. Biden,189
708,GRN,Howie Hawkins,2
708,LIB,Jo Jorgensen,4
708,REP,Donald J. Trump/Michael R. Pence,112
709,,Abram Loeb,0
709,,Gloria La Riva,0
709,,Jesse Cuellar,1
709,,Kasey Wells,0
709,,Over Votes,0
709,,President R. Boddie,0
709,,Robert Morrow,0
709,,Tom Hoefling,0
709,,Under Votes,20
709,DEM,Joseph R. Biden,1776
709,GRN,Howie Hawkins,12
709,LIB,Jo Jorgensen,36
709,REP,Donald J. Trump/Michael R. Pence,1680
71,,Abram Loeb,0
71,,Gloria La Riva,1
71,,Jesse Cuellar,0
71,,Kasey Wells,0
71,,Over Votes,0
71,,President R. Boddie,0
71,,Robert Morrow,0
71,,Tom Hoefling,0
71,,Under Votes,35
71,DEM,Joseph R. Biden,3248
71,GRN,Howie Hawkins,8
71,LIB,Jo Jorgensen,107
71,REP,Donald J. Trump/Michael R. Pence,2083
710,,Abram Loeb,0
710,,Gloria La Riva,0
710,,Jesse Cuellar,0
710,,Kasey Wells,0
710,,Over Votes,0
710,,President R. Boddie,0
710,,Robert Morrow,0
710,,Tom Hoefling,0
710,,Under Votes,22
710,DEM,Joseph R. Biden,1147
710,GRN,Howie Hawkins,4
710,LIB,Jo Jorgensen,24
710,REP,Donald J. Trump/Michael R. Pence,823
711,,Abram Loeb,0
711,,Gloria La Riva,0
711,,Jesse Cuellar,0
711,,Kasey Wells,0
711,,Over Votes,0
711,,President R. Boddie,0
711,,Robert Morrow,0
711,,Tom Hoefling,0
711,,Under Votes,21
711,DEM,Joseph R. Biden,2084
711,GRN,Howie Hawkins,10
711,LIB,Jo Jorgensen,25
711,REP,Donald J. Trump/Michael R. Pence,1393
712,,Abram Loeb,0
712,,Gloria La Riva,0
712,,Jesse Cuellar,0
712,,Kasey Wells,0
712,,Over Votes,2
712,,President R. Boddie,0
712,,Robert Morrow,0
712,,Tom Hoefling,0
712,,Under Votes,23
712,DEM,Joseph R. Biden,1915
712,GRN,Howie Hawkins,14
712,LIB,Jo Jorgensen,39
712,REP,Donald J. Trump/Michael R. Pence,1070
713,,Abram Loeb,0
713,,Gloria La Riva,0
713,,Jesse Cuellar,0
713,,Kasey Wells,0
713,,Over Votes,0
713,,President R. Boddie,0
713,,Robert Morrow,0
713,,Tom Hoefling,0
713,,Under Votes,5
713,DEM,Joseph R. Biden,820
713,GRN,Howie Hawkins,6
713,LIB,Jo Jorgensen,10
713,REP,Donald J. Trump/Michael R. Pence,616
714,,Abram Loeb,0
714,,Gloria La Riva,0
714,,Jesse Cuellar,0
714,,Kasey Wells,0
714,,Over Votes,0
714,,President R. Boddie,0
714,,Robert Morrow,0
714,,Tom Hoefling,0
714,,Under Votes,0
714,DEM,Joseph R. Biden,89
714,GRN,Howie Hawkins,0
714,LIB,Jo Jorgensen,2
714,REP,Donald J. Trump/Michael R. Pence,77
715,,Abram Loeb,0
715,,Gloria La Riva,0
715,,Jesse Cuellar,0
715,,Kasey Wells,0
715,,Over Votes,0
715,,President R. Boddie,0
715,,Robert Morrow,0
715,,Tom Hoefling,0
715,,Under Votes,6
715,DEM,Joseph R. Biden,564
715,GRN,Howie Hawkins,1
715,LIB,Jo Jorgensen,7
715,REP,Donald J. Trump/Michael R. Pence,435
716,,Abram Loeb,0
716,,Gloria La Riva,0
716,,Jesse Cuellar,0
716,,Kasey Wells,0
716,,Over Votes,0
716,,President R. Boddie,0
716,,Robert Morrow,0
716,,Tom Hoefling,0
716,,Under Votes,7
716,DEM,Joseph R. Biden,592
716,GRN,Howie Hawkins,11
716,LIB,Jo Jorgensen,26
716,REP,Donald J. Trump/Michael R. Pence,1289
717,,Abram Loeb,0
717,,Gloria La Riva,0
717,,Jesse Cuellar,0
717,,Kasey Wells,0
717,,Over Votes,0
717,,President R. Boddie,0
717,,Robert Morrow,0
717,,Tom Hoefling,0
717,,Under Votes,6
717,DEM,Joseph R. Biden,1094
717,GRN,Howie Hawkins,7
717,LIB,Jo Jorgensen,7
717,REP,Donald J. Trump/Michael R. Pence,231
718,,Abram Loeb,0
718,,Gloria La Riva,0
718,,Jesse Cuellar,0
718,,Kasey Wells,0
718,,Over Votes,1
718,,President R. Boddie,0
718,,Robert Morrow,0
718,,Tom Hoefling,0
718,,Under Votes,45
718,DEM,Joseph R. Biden,1788
718,GRN,Howie Hawkins,7
718,LIB,Jo Jorgensen,52
718,REP,Donald J. Trump/Michael R. Pence,2258
719,,Abram Loeb,0
719,,Gloria La Riva,0
719,,Jesse Cuellar,0
719,,Kasey Wells,0
719,,Over Votes,0
719,,President R. Boddie,0
719,,Robert Morrow,0
719,,Tom Hoefling,0
719,,Under Votes,18
719,DEM,Joseph R. Biden,454
719,GRN,Howie Hawkins,3
719,LIB,Jo Jorgensen,12
719,REP,Donald J. Trump/Michael R. Pence,499
72,,Abram Loeb,0
72,,Gloria La Riva,0
72,,Jesse Cuellar,0
72,,Kasey Wells,0
72,,Over Votes,0
72,,President R. Boddie,0
72,,Robert Morrow,0
72,,Tom Hoefling,0
72,,Under Votes,13
72,DEM,Joseph R. Biden,911
72,GRN,Howie Hawkins,7
72,LIB,Jo Jorgensen,19
72,REP,Donald J. Trump/Michael R. Pence,427
720,,Abram Loeb,0
720,,Gloria La Riva,0
720,,Jesse Cuellar,0
720,,Kasey Wells,0
720,,Over Votes,4
720,,President R. Boddie,0
720,,Robert Morrow,0
720,,Tom Hoefling,0
720,,Under Votes,40
720,DEM,Joseph R. Biden,1673
720,GRN,Howie Hawkins,13
720,LIB,Jo Jorgensen,58
720,REP,Donald J. Trump/Michael R. Pence,2231
721,,Abram Loeb,0
721,,Gloria La Riva,0
721,,Jesse Cuellar,0
721,,Kasey Wells,0
721,,Over Votes,0
721,,President R. Boddie,0
721,,Robert Morrow,0
721,,Tom Hoefling,0
721,,Under Votes,15
721,DEM,Joseph R. Biden,1089
721,GRN,Howie Hawkins,5
721,LIB,Jo Jorgensen,28
721,REP,Donald J. Trump/Michael R. Pence,1195
722,,Abram Loeb,0
722,,Gloria La Riva,0
722,,Jesse Cuellar,0
722,,Kasey Wells,0
722,,Over Votes,4
722,,President R. Boddie,0
722,,Robert Morrow,0
722,,Tom Hoefling,0
722,,Under Votes,35
722,DEM,Joseph R. Biden,2459
722,GRN,Howie Hawkins,15
722,LIB,Jo Jorgensen,10
722,REP,Donald J. Trump/Michael R. Pence,245
723,,Abram Loeb,0
723,,Gloria La Riva,0
723,,Jesse Cuellar,0
723,,Kasey Wells,0
723,,Over Votes,2
723,,President R. Boddie,0
723,,Robert Morrow,0
723,,Tom Hoefling,0
723,,Under Votes,15
723,DEM,Joseph R. Biden,1028
723,GRN,Howie Hawkins,6
723,LIB,Jo Jorgensen,10
723,REP,Donald J. Trump/Michael R. Pence,307
724,,Abram Loeb,0
724,,Gloria La Riva,0
724,,Jesse Cuellar,0
724,,Kasey Wells,0
724,,Over Votes,0
724,,President R. Boddie,0
724,,Robert Morrow,0
724,,Tom Hoefling,0
724,,Under Votes,10
724,DEM,Joseph R. Biden,468
724,GRN,Howie Hawkins,1
724,LIB,Jo Jorgensen,13
724,REP,Donald J. Trump/Michael R. Pence,527
725,,Abram Loeb,0
725,,Gloria La Riva,0
725,,Jesse Cuellar,0
725,,Kasey Wells,0
725,,Over Votes,2
725,,President R. Boddie,0
725,,Robert Morrow,0
725,,Tom Hoefling,0
725,,Under Votes,20
725,DEM,Joseph R. Biden,843
725,GRN,Howie Hawkins,3
725,LIB,Jo Jorgensen,9
725,REP,Donald J. Trump/Michael R. Pence,538
726,,Abram Loeb,0
726,,Gloria La Riva,0
726,,Jesse Cuellar,0
726,,Kasey Wells,0
726,,Over Votes,0
726,,President R. Boddie,0
726,,Robert Morrow,0
726,,Tom Hoefling,0
726,,Under Votes,15
726,DEM,Joseph R. Biden,281
726,GRN,Howie Hawkins,2
726,LIB,Jo Jorgensen,16
726,REP,Donald J. Trump/Michael R. Pence,1458
727,,Abram Loeb,1
727,,Gloria La Riva,0
727,,Jesse Cuellar,0
727,,Kasey Wells,0
727,,Over Votes,0
727,,President R. Boddie,0
727,,Robert Morrow,0
727,,Tom Hoefling,0
727,,Under Votes,14
727,DEM,Joseph R. Biden,1262
727,GRN,Howie Hawkins,10
727,LIB,Jo Jorgensen,14
727,REP,Donald J. Trump/Michael R. Pence,364
728,,Abram Loeb,0
728,,Gloria La Riva,0
728,,Jesse Cuellar,0
728,,Kasey Wells,0
728,,Over Votes,0
728,,President R. Boddie,0
728,,Robert Morrow,0
728,,Tom Hoefling,0
728,,Under Votes,9
728,DEM,Joseph R. Biden,292
728,GRN,Howie Hawkins,2
728,LIB,Jo Jorgensen,13
728,REP,Donald J. Trump/Michael R. Pence,295
729,,Abram Loeb,0
729,,Gloria La Riva,0
729,,Jesse Cuellar,0
729,,Kasey Wells,0
729,,Over Votes,0
729,,President R. Boddie,0
729,,Robert Morrow,0
729,,Tom Hoefling,0
729,,Under Votes,6
729,DEM,Joseph R. Biden,184
729,GRN,Howie Hawkins,3
729,LIB,Jo Jorgensen,4
729,REP,Donald J. Trump/Michael R. Pence,157
73,,Abram Loeb,0
73,,Gloria La Riva,0
73,,Jesse Cuellar,0
73,,Kasey Wells,0
73,,Over Votes,0
73,,President R. Boddie,0
73,,Robert Morrow,0
73,,Tom Hoefling,0
73,,Under Votes,20
73,DEM,Joseph R. Biden,865
73,GRN,Howie Hawkins,4
73,LIB,Jo Jorgensen,27
73,REP,Donald J. Trump/Michael R. Pence,634
730,,Abram Loeb,0
730,,Gloria La Riva,0
730,,Jesse Cuellar,0
730,,Kasey Wells,0
730,,Over Votes,0
730,,President R. Boddie,0
730,,Robert Morrow,0
730,,Tom Hoefling,0
730,,Under Votes,18
730,DEM,Joseph R. Biden,878
730,GRN,Howie Hawkins,3
730,LIB,Jo Jorgensen,25
730,REP,Donald J. Trump/Michael R. Pence,1034
731,,Abram Loeb,0
731,,Gloria La Riva,1
731,,Jesse Cuellar,0
731,,Kasey Wells,0
731,,Over Votes,1
731,,President R. Boddie,0
731,,Robert Morrow,0
731,,Tom Hoefling,0
731,,Under Votes,40
731,DEM,Joseph R. Biden,1996
731,GRN,Howie Hawkins,20
731,LIB,Jo Jorgensen,42
731,REP,Donald J. Trump/Michael R. Pence,1286
732,,Abram Loeb,0
732,,Gloria La Riva,0
732,,Jesse Cuellar,0
732,,Kasey Wells,0
732,,Over Votes,0
732,,President R. Boddie,0
732,,Robert Morrow,0
732,,Tom Hoefling,0
732,,Under Votes,16
732,DEM,Joseph R. Biden,700
732,GRN,Howie Hawkins,4
732,LIB,Jo Jorgensen,31
732,REP,Donald J. Trump/Michael R. Pence,777
733,,Abram Loeb,0
733,,Gloria La Riva,0
733,,Jesse Cuellar,0
733,,Kasey Wells,0
733,,Over Votes,0
733,,President R. Boddie,0
733,,Robert Morrow,0
733,,Tom Hoefling,0
733,,Under Votes,3
733,DEM,Joseph R. Biden,110
733,GRN,Howie Hawkins,0
733,LIB,Jo Jorgensen,1
733,REP,Donald J. Trump/Michael R. Pence,53
734,,Abram Loeb,0
734,,Gloria La Riva,0
734,,Jesse Cuellar,0
734,,Kasey Wells,0
734,,Over Votes,1
734,,President R. Boddie,0
734,,Robert Morrow,0
734,,Tom Hoefling,0
734,,Under Votes,33
734,DEM,Joseph R. Biden,1534
734,GRN,Howie Hawkins,7
734,LIB,Jo Jorgensen,33
734,REP,Donald J. Trump/Michael R. Pence,2171
735,,Abram Loeb,0
735,,Gloria La Riva,0
735,,Jesse Cuellar,0
735,,Kasey Wells,0
735,,Over Votes,0
735,,President R. Boddie,0
735,,Robert Morrow,0
735,,Tom Hoefling,0
735,,Under Votes,1
735,DEM,Joseph R. Biden,264
735,GRN,Howie Hawkins,3
735,LIB,Jo Jorgensen,9
735,REP,Donald J. Trump/Michael R. Pence,294
736,,Abram Loeb,0
736,,Gloria La Riva,0
736,,Jesse Cuellar,0
736,,Kasey Wells,0
736,,Over Votes,0
736,,President R. Boddie,0
736,,Robert Morrow,0
736,,Tom Hoefling,0
736,,Under Votes,0
736,DEM,Joseph R. Biden,13
736,GRN,Howie Hawkins,0
736,LIB,Jo Jorgensen,0
736,REP,Donald J. Trump/Michael R. Pence,3
737,,Abram Loeb,0
737,,Gloria La Riva,0
737,,Jesse Cuellar,0
737,,Kasey Wells,0
737,,Over Votes,0
737,,President R. Boddie,0
737,,Robert Morrow,0
737,,Tom Hoefling,0
737,,Under Votes,0
737,DEM,Joseph R. Biden,9
737,GRN,Howie Hawkins,0
737,LIB,Jo Jorgensen,0
737,REP,Donald J. Trump/Michael R. Pence,15
738,,Abram Loeb,0
738,,Gloria La Riva,0
738,,Jesse Cuellar,0
738,,Kasey Wells,0
738,,Over Votes,0
738,,President R. Boddie,0
738,,Robert Morrow,0
738,,Tom Hoefling,0
738,,Under Votes,10
738,DEM,Joseph R. Biden,619
738,GRN,Howie Hawkins,3
738,LIB,Jo Jorgensen,6
738,REP,Donald J. Trump/Michael R. Pence,157
739,,Abram Loeb,0
739,,Gloria La Riva,0
739,,Jesse Cuellar,0
739,,Kasey Wells,0
739,,Over Votes,0
739,,President R. Boddie,0
739,,Robert Morrow,0
739,,Tom Hoefling,0
739,,Under Votes,19
739,DEM,Joseph R. Biden,938
739,GRN,Howie Hawkins,10
739,LIB,Jo Jorgensen,13
739,REP,Donald J. Trump/Michael R. Pence,679
74,,Abram Loeb,0
74,,Gloria La Riva,0
74,,Jesse Cuellar,0
74,,Kasey Wells,0
74,,Over Votes,0
74,,President R. Boddie,0
74,,Robert Morrow,0
74,,Tom Hoefling,0
74,,Under Votes,27
74,DEM,Joseph R. Biden,934
74,GRN,Howie Hawkins,4
74,LIB,Jo Jorgensen,41
74,REP,Donald J. Trump/Michael R. Pence,1955
740,,Abram Loeb,0
740,,Gloria La Riva,0
740,,Jesse Cuellar,0
740,,Kasey Wells,0
740,,Over Votes,0
740,,President R. Boddie,0
740,,Robert Morrow,0
740,,Tom Hoefling,0
740,,Under Votes,3
740,DEM,Joseph R. Biden,269
740,GRN,Howie Hawkins,2
740,LIB,Jo Jorgensen,3
740,REP,Donald J. Trump/Michael R. Pence,300
741,,Abram Loeb,0
741,,Gloria La Riva,0
741,,Jesse Cuellar,0
741,,Kasey Wells,0
741,,Over Votes,0
741,,President R. Boddie,0
741,,Robert Morrow,0
741,,Tom Hoefling,0
741,,Under Votes,14
741,DEM,Joseph R. Biden,947
741,GRN,Howie Hawkins,4
741,LIB,Jo Jorgensen,8
741,REP,Donald J. Trump/Michael R. Pence,497
742,,Abram Loeb,0
742,,Gloria La Riva,0
742,,Jesse Cuellar,0
742,,Kasey Wells,0
742,,Over Votes,0
742,,President R. Boddie,0
742,,Robert Morrow,0
742,,Tom Hoefling,0
742,,Under Votes,21
742,DEM,Joseph R. Biden,1196
742,GRN,Howie Hawkins,4
742,LIB,Jo Jorgensen,38
742,REP,Donald J. Trump/Michael R. Pence,1605
743,,Abram Loeb,0
743,,Gloria La Riva,0
743,,Jesse Cuellar,0
743,,Kasey Wells,0
743,,Over Votes,1
743,,President R. Boddie,0
743,,Robert Morrow,0
743,,Tom Hoefling,0
743,,Under Votes,0
743,DEM,Joseph R. Biden,74
743,GRN,Howie Hawkins,1
743,LIB,Jo Jorgensen,1
743,REP,Donald J. Trump/Michael R. Pence,41
744,,Abram Loeb,0
744,,Gloria La Riva,0
744,,Jesse Cuellar,0
744,,Kasey Wells,0
744,,Over Votes,1
744,,President R. Boddie,0
744,,Robert Morrow,0
744,,Tom Hoefling,0
744,,Under Votes,10
744,DEM,Joseph R. Biden,768
744,GRN,Howie Hawkins,8
744,LIB,Jo Jorgensen,33
744,REP,Donald J. Trump/Michael R. Pence,837
745,,Abram Loeb,0
745,,Gloria La Riva,0
745,,Jesse Cuellar,0
745,,Kasey Wells,0
745,,Over Votes,0
745,,President R. Boddie,0
745,,Robert Morrow,0
745,,Tom Hoefling,0
745,,Under Votes,17
745,DEM,Joseph R. Biden,897
745,GRN,Howie Hawkins,13
745,LIB,Jo Jorgensen,23
745,REP,Donald J. Trump/Michael R. Pence,967
746,,Abram Loeb,0
746,,Gloria La Riva,0
746,,Jesse Cuellar,0
746,,Kasey Wells,0
746,,Over Votes,0
746,,President R. Boddie,0
746,,Robert Morrow,0
746,,Tom Hoefling,0
746,,Under Votes,2
746,DEM,Joseph R. Biden,282
746,GRN,Howie Hawkins,3
746,LIB,Jo Jorgensen,7
746,REP,Donald J. Trump/Michael R. Pence,213
747,,Abram Loeb,0
747,,Gloria La Riva,0
747,,Jesse Cuellar,0
747,,Kasey Wells,0
747,,Over Votes,1
747,,President R. Boddie,0
747,,Robert Morrow,0
747,,Tom Hoefling,0
747,,Under Votes,34
747,DEM,Joseph R. Biden,2136
747,GRN,Howie Hawkins,12
747,LIB,Jo Jorgensen,35
747,REP,Donald J. Trump/Michael R. Pence,1230
748,,Abram Loeb,0
748,,Gloria La Riva,0
748,,Jesse Cuellar,0
748,,Kasey Wells,0
748,,Over Votes,0
748,,President R. Boddie,0
748,,Robert Morrow,0
748,,Tom Hoefling,0
748,,Under Votes,4
748,DEM,Joseph R. Biden,598
748,GRN,Howie Hawkins,6
748,LIB,Jo Jorgensen,18
748,REP,Donald J. Trump/Michael R. Pence,407
749,,Abram Loeb,0
749,,Gloria La Riva,0
749,,Jesse Cuellar,0
749,,Kasey Wells,0
749,,Over Votes,0
749,,President R. Boddie,0
749,,Robert Morrow,0
749,,Tom Hoefling,0
749,,Under Votes,0
749,DEM,Joseph R. Biden,140
749,GRN,Howie Hawkins,1
749,LIB,Jo Jorgensen,5
749,REP,Donald J. Trump/Michael R. Pence,49
75,,Abram Loeb,0
75,,Gloria La Riva,0
75,,Jesse Cuellar,0
75,,Kasey Wells,0
75,,Over Votes,1
75,,President R. Boddie,0
75,,Robert Morrow,0
75,,Tom Hoefling,0
75,,Under Votes,15
75,DEM,Joseph R. Biden,1141
75,GRN,Howie Hawkins,4
75,LIB,Jo Jorgensen,38
75,REP,Donald J. Trump/Michael R. Pence,571
750,,Abram Loeb,0
750,,Gloria La Riva,0
750,,Jesse Cuellar,0
750,,Kasey Wells,0
750,,Over Votes,0
750,,President R. Boddie,0
750,,Robert Morrow,0
750,,Tom Hoefling,0
750,,Under Votes,8
750,DEM,Joseph R. Biden,270
750,GRN,Howie Hawkins,0
750,LIB,Jo Jorgensen,8
750,REP,Donald J. Trump/Michael R. Pence,257
751,,Abram Loeb,0
751,,Gloria La Riva,0
751,,Jesse Cuellar,0
751,,Kasey Wells,0
751,,Over Votes,1
751,,President R. Boddie,0
751,,Robert Morrow,0
751,,Tom Hoefling,0
751,,Under Votes,32
751,DEM,Joseph R. Biden,2368
751,GRN,Howie Hawkins,17
751,LIB,Jo Jorgensen,65
751,REP,Donald J. Trump/Michael R. Pence,2730
752,,Abram Loeb,0
752,,Gloria La Riva,0
752,,Jesse Cuellar,0
752,,Kasey Wells,0
752,,Over Votes,0
752,,President R. Boddie,0
752,,Robert Morrow,0
752,,Tom Hoefling,0
752,,Under Votes,6
752,DEM,Joseph R. Biden,367
752,GRN,Howie Hawkins,4
752,LIB,Jo Jorgensen,12
752,REP,Donald J. Trump/Michael R. Pence,653
753,,Abram Loeb,0
753,,Gloria La Riva,0
753,,Jesse Cuellar,0
753,,Kasey Wells,0
753,,Over Votes,0
753,,President R. Boddie,0
753,,Robert Morrow,0
753,,Tom Hoefling,0
753,,Under Votes,4
753,DEM,Joseph R. Biden,243
753,GRN,Howie Hawkins,0
753,LIB,Jo Jorgensen,6
753,REP,Donald J. Trump/Michael R. Pence,126
754,,Abram Loeb,0
754,,Gloria La Riva,0
754,,Jesse Cuellar,0
754,,Kasey Wells,0
754,,Over Votes,2
754,,President R. Boddie,0
754,,Robert Morrow,0
754,,Tom Hoefling,0
754,,Under Votes,13
754,DEM,Joseph R. Biden,614
754,GRN,Howie Hawkins,3
754,LIB,Jo Jorgensen,11
754,REP,Donald J. Trump/Michael R. Pence,56
755,,Abram Loeb,0
755,,Gloria La Riva,0
755,,Jesse Cuellar,0
755,,Kasey Wells,0
755,,Over Votes,0
755,,President R. Boddie,0
755,,Robert Morrow,0
755,,Tom Hoefling,0
755,,Under Votes,27
755,DEM,Joseph R. Biden,2210
755,GRN,Howie Hawkins,13
755,LIB,Jo Jorgensen,32
755,REP,Donald J. Trump/Michael R. Pence,1476
756,,Abram Loeb,0
756,,Gloria La Riva,0
756,,Jesse Cuellar,0
756,,Kasey Wells,0
756,,Over Votes,0
756,,President R. Boddie,0
756,,Robert Morrow,0
756,,Tom Hoefling,0
756,,Under Votes,11
756,DEM,Joseph R. Biden,812
756,GRN,Howie Hawkins,9
756,LIB,Jo Jorgensen,11
756,REP,Donald J. Trump/Michael R. Pence,380
757,,Abram Loeb,0
757,,Gloria La Riva,0
757,,Jesse Cuellar,0
757,,Kasey Wells,0
757,,Over Votes,2
757,,President R. Boddie,0
757,,Robert Morrow,0
757,,Tom Hoefling,0
757,,Under Votes,36
757,DEM,Joseph R. Biden,2945
757,GRN,Howie Hawkins,13
757,LIB,Jo Jorgensen,29
757,REP,Donald J. Trump/Michael R. Pence,667
758,,Abram Loeb,0
758,,Gloria La Riva,0
758,,Jesse Cuellar,0
758,,Kasey Wells,0
758,,Over Votes,0
758,,President R. Boddie,0
758,,Robert Morrow,0
758,,Tom Hoefling,0
758,,Under Votes,28
758,DEM,Joseph R. Biden,1133
758,GRN,Howie Hawkins,10
758,LIB,Jo Jorgensen,46
758,REP,Donald J. Trump/Michael R. Pence,2461
759,,Abram Loeb,0
759,,Gloria La Riva,0
759,,Jesse Cuellar,0
759,,Kasey Wells,0
759,,Over Votes,0
759,,President R. Boddie,0
759,,Robert Morrow,0
759,,Tom Hoefling,0
759,,Under Votes,22
759,DEM,Joseph R. Biden,1040
759,GRN,Howie Hawkins,11
759,LIB,Jo Jorgensen,19
759,REP,Donald J. Trump/Michael R. Pence,1064
76,,Abram Loeb,0
76,,Gloria La Riva,0
76,,Jesse Cuellar,0
76,,Kasey Wells,0
76,,Over Votes,0
76,,President R. Boddie,0
76,,Robert Morrow,0
76,,Tom Hoefling,0
76,,Under Votes,18
76,DEM,Joseph R. Biden,819
76,GRN,Howie Hawkins,4
76,LIB,Jo Jorgensen,10
76,REP,Donald J. Trump/Michael R. Pence,757
760,,Abram Loeb,0
760,,Gloria La Riva,0
760,,Jesse Cuellar,0
760,,Kasey Wells,0
760,,Over Votes,0
760,,President R. Boddie,0
760,,Robert Morrow,0
760,,Tom Hoefling,0
760,,Under Votes,13
760,DEM,Joseph R. Biden,473
760,GRN,Howie Hawkins,1
760,LIB,Jo Jorgensen,16
760,REP,Donald J. Trump/Michael R. Pence,1201
761,,Abram Loeb,0
761,,Gloria La Riva,0
761,,Jesse Cuellar,0
761,,Kasey Wells,0
761,,Over Votes,0
761,,President R. Boddie,0
761,,Robert Morrow,0
761,,Tom Hoefling,0
761,,Under Votes,16
761,DEM,Joseph R. Biden,560
761,GRN,Howie Hawkins,3
761,LIB,Jo Jorgensen,21
761,REP,Donald J. Trump/Michael R. Pence,904
762,,Abram Loeb,0
762,,Gloria La Riva,0
762,,Jesse Cuellar,0
762,,Kasey Wells,0
762,,Over Votes,0
762,,President R. Boddie,0
762,,Robert Morrow,0
762,,Tom Hoefling,1
762,,Under Votes,18
762,DEM,Joseph R. Biden,1383
762,GRN,Howie Hawkins,7
762,LIB,Jo Jorgensen,13
762,REP,Donald J. Trump/Michael R. Pence,1148
763,,Abram Loeb,0
763,,Gloria La Riva,0
763,,Jesse Cuellar,0
763,,Kasey Wells,0
763,,Over Votes,1
763,,President R. Boddie,0
763,,Robert Morrow,0
763,,Tom Hoefling,0
763,,Under Votes,7
763,DEM,Joseph R. Biden,421
763,GRN,Howie Hawkins,7
763,LIB,Jo Jorgensen,7
763,REP,Donald J. Trump/Michael R. Pence,280
764,,Abram Loeb,0
764,,Gloria La Riva,0
764,,Jesse Cuellar,0
764,,Kasey Wells,0
764,,Over Votes,0
764,,President R. Boddie,0
764,,Robert Morrow,0
764,,Tom Hoefling,0
764,,Under Votes,41
764,DEM,Joseph R. Biden,1811
764,GRN,Howie Hawkins,10
764,LIB,Jo Jorgensen,37
764,REP,Donald J. Trump/Michael R. Pence,2014
765,,Abram Loeb,0
765,,Gloria La Riva,0
765,,Jesse Cuellar,0
765,,Kasey Wells,0
765,,Over Votes,0
765,,President R. Boddie,0
765,,Robert Morrow,0
765,,Tom Hoefling,0
765,,Under Votes,33
765,DEM,Joseph R. Biden,2421
765,GRN,Howie Hawkins,16
765,LIB,Jo Jorgensen,33
765,REP,Donald J. Trump/Michael R. Pence,1019
766,,Abram Loeb,0
766,,Gloria La Riva,0
766,,Jesse Cuellar,0
766,,Kasey Wells,0
766,,Over Votes,0
766,,President R. Boddie,0
766,,Robert Morrow,0
766,,Tom Hoefling,0
766,,Under Votes,2
766,DEM,Joseph R. Biden,177
766,GRN,Howie Hawkins,0
766,LIB,Jo Jorgensen,3
766,REP,Donald J. Trump/Michael R. Pence,67
767,,Abram Loeb,0
767,,Gloria La Riva,0
767,,Jesse Cuellar,0
767,,Kasey Wells,0
767,,Over Votes,0
767,,President R. Boddie,0
767,,Robert Morrow,0
767,,Tom Hoefling,0
767,,Under Votes,2
767,DEM,Joseph R. Biden,25
767,GRN,Howie Hawkins,0
767,LIB,Jo Jorgensen,0
767,REP,Donald J. Trump/Michael R. Pence,29
768,,Abram Loeb,0
768,,Gloria La Riva,0
768,,Jesse Cuellar,0
768,,Kasey Wells,0
768,,Over Votes,0
768,,President R. Boddie,0
768,,Robert Morrow,0
768,,Tom Hoefling,0
768,,Under Votes,14
768,DEM,Joseph R. Biden,705
768,GRN,Howie Hawkins,5
768,LIB,Jo Jorgensen,18
768,REP,Donald J. Trump/Michael R. Pence,1428
769,,Abram Loeb,0
769,,Gloria La Riva,0
769,,Jesse Cuellar,0
769,,Kasey Wells,0
769,,Over Votes,1
769,,President R. Boddie,0
769,,Robert Morrow,0
769,,Tom Hoefling,0
769,,Under Votes,1
769,DEM,Joseph R. Biden,97
769,GRN,Howie Hawkins,0
769,LIB,Jo Jorgensen,1
769,REP,Donald J. Trump/Michael R. Pence,14
77,,Abram Loeb,0
77,,Gloria La Riva,0
77,,Jesse Cuellar,0
77,,Kasey Wells,0
77,,Over Votes,0
77,,President R. Boddie,0
77,,Robert Morrow,0
77,,Tom Hoefling,0
77,,Under Votes,0
77,DEM,Joseph R. Biden,5
77,GRN,Howie Hawkins,0
77,LIB,Jo Jorgensen,0
77,REP,Donald J. Trump/Michael R. Pence,2
770,,Abram Loeb,0
770,,Gloria La Riva,0
770,,Jesse Cuellar,0
770,,Kasey Wells,0
770,,Over Votes,0
770,,President R. Boddie,0
770,,Robert Morrow,0
770,,Tom Hoefling,0
770,,Under Votes,3
770,DEM,Joseph R. Biden,139
770,GRN,Howie Hawkins,0
770,LIB,Jo Jorgensen,1
770,REP,Donald J. Trump/Michael R. Pence,70
771,,Abram Loeb,0
771,,Gloria La Riva,0
771,,Jesse Cuellar,0
771,,Kasey Wells,0
771,,Over Votes,0
771,,President R. Boddie,0
771,,Robert Morrow,0
771,,Tom Hoefling,0
771,,Under Votes,8
771,DEM,Joseph R. Biden,563
771,GRN,Howie Hawkins,6
771,LIB,Jo Jorgensen,15
771,REP,Donald J. Trump/Michael R. Pence,365
772,,Abram Loeb,0
772,,Gloria La Riva,0
772,,Jesse Cuellar,0
772,,Kasey Wells,0
772,,Over Votes,0
772,,President R. Boddie,0
772,,Robert Morrow,0
772,,Tom Hoefling,0
772,,Under Votes,39
772,DEM,Joseph R. Biden,1425
772,GRN,Howie Hawkins,4
772,LIB,Jo Jorgensen,39
772,REP,Donald J. Trump/Michael R. Pence,2227
773,,Abram Loeb,0
773,,Gloria La Riva,0
773,,Jesse Cuellar,0
773,,Kasey Wells,0
773,,Over Votes,2
773,,President R. Boddie,0
773,,Robert Morrow,0
773,,Tom Hoefling,0
773,,Under Votes,31
773,DEM,Joseph R. Biden,1855
773,GRN,Howie Hawkins,6
773,LIB,Jo Jorgensen,10
773,REP,Donald J. Trump/Michael R. Pence,1168
774,,Abram Loeb,0
774,,Gloria La Riva,0
774,,Jesse Cuellar,0
774,,Kasey Wells,0
774,,Over Votes,0
774,,President R. Boddie,0
774,,Robert Morrow,0
774,,Tom Hoefling,0
774,,Under Votes,3
774,DEM,Joseph R. Biden,278
774,GRN,Howie Hawkins,2
774,LIB,Jo Jorgensen,3
774,REP,Donald J. Trump/Michael R. Pence,83
775,,Abram Loeb,0
775,,Gloria La Riva,0
775,,Jesse Cuellar,0
775,,Kasey Wells,0
775,,Over Votes,0
775,,President R. Boddie,0
775,,Robert Morrow,0
775,,Tom Hoefling,0
775,,Under Votes,0
775,DEM,Joseph R. Biden,57
775,GRN,Howie Hawkins,0
775,LIB,Jo Jorgensen,0
775,REP,Donald J. Trump/Michael R. Pence,8
776,,Abram Loeb,0
776,,Gloria La Riva,0
776,,Jesse Cuellar,0
776,,Kasey Wells,0
776,,Over Votes,0
776,,President R. Boddie,0
776,,Robert Morrow,0
776,,Tom Hoefling,0
776,,Under Votes,20
776,DEM,Joseph R. Biden,1095
776,GRN,Howie Hawkins,8
776,LIB,Jo Jorgensen,31
776,REP,Donald J. Trump/Michael R. Pence,1095
777,,Abram Loeb,0
777,,Gloria La Riva,0
777,,Jesse Cuellar,0
777,,Kasey Wells,0
777,,Over Votes,0
777,,President R. Boddie,0
777,,Robert Morrow,0
777,,Tom Hoefling,0
777,,Under Votes,6
777,DEM,Joseph R. Biden,192
777,GRN,Howie Hawkins,2
777,LIB,Jo Jorgensen,6
777,REP,Donald J. Trump/Michael R. Pence,101
778,,Abram Loeb,0
778,,Gloria La Riva,0
778,,Jesse Cuellar,0
778,,Kasey Wells,0
778,,Over Votes,0
778,,President R. Boddie,0
778,,Robert Morrow,0
778,,Tom Hoefling,0
778,,Under Votes,0
778,DEM,Joseph R. Biden,0
778,GRN,Howie Hawkins,0
778,LIB,Jo Jorgensen,0
778,REP,Donald J. Trump/Michael R. Pence,0
779,,Abram Loeb,0
779,,Gloria La Riva,0
779,,Jesse Cuellar,0
779,,Kasey Wells,0
779,,Over Votes,0
779,,President R. Boddie,0
779,,Robert Morrow,0
779,,Tom Hoefling,1
779,,Under Votes,9
779,DEM,Joseph R. Biden,298
779,GRN,Howie Hawkins,2
779,LIB,Jo Jorgensen,2
779,REP,Donald J. Trump/Michael R. Pence,139
78,,Abram Loeb,0
78,,Gloria La Riva,0
78,,Jesse Cuellar,0
78,,Kasey Wells,0
78,,Over Votes,1
78,,President R. Boddie,0
78,,Robert Morrow,0
78,,Tom Hoefling,0
78,,Under Votes,4
78,DEM,Joseph R. Biden,661
78,GRN,Howie Hawkins,4
78,LIB,Jo Jorgensen,3
78,REP,Donald J. Trump/Michael R. Pence,319
780,,Abram Loeb,0
780,,Gloria La Riva,0
780,,Jesse Cuellar,0
780,,Kasey Wells,0
780,,Over Votes,0
780,,President R. Boddie,0
780,,Robert Morrow,0
780,,Tom Hoefling,0
780,,Under Votes,8
780,DEM,Joseph R. Biden,214
780,GRN,Howie Hawkins,1
780,LIB,Jo Jorgensen,1
780,REP,Donald J. Trump/Michael R. Pence,124
781,,Abram Loeb,0
781,,Gloria La Riva,0
781,,Jesse Cuellar,0
781,,Kasey Wells,0
781,,Over Votes,2
781,,President R. Boddie,0
781,,Robert Morrow,0
781,,Tom Hoefling,0
781,,Under Votes,25
781,DEM,Joseph R. Biden,1342
781,GRN,Howie Hawkins,10
781,LIB,Jo Jorgensen,25
781,REP,Donald J. Trump/Michael R. Pence,951
782,,Abram Loeb,0
782,,Gloria La Riva,0
782,,Jesse Cuellar,0
782,,Kasey Wells,0
782,,Over Votes,0
782,,President R. Boddie,0
782,,Robert Morrow,0
782,,Tom Hoefling,0
782,,Under Votes,17
782,DEM,Joseph R. Biden,744
782,GRN,Howie Hawkins,8
782,LIB,Jo Jorgensen,24
782,REP,Donald J. Trump/Michael R. Pence,960
783,,Abram Loeb,0
783,,Gloria La Riva,0
783,,Jesse Cuellar,0
783,,Kasey Wells,0
783,,Over Votes,0
783,,President R. Boddie,0
783,,Robert Morrow,0
783,,Tom Hoefling,0
783,,Under Votes,9
783,DEM,Joseph R. Biden,458
783,GRN,Howie Hawkins,0
783,LIB,Jo Jorgensen,4
783,REP,Donald J. Trump/Michael R. Pence,73
784,,Abram Loeb,0
784,,Gloria La Riva,0
784,,Jesse Cuellar,0
784,,Kasey Wells,0
784,,Over Votes,0
784,,President R. Boddie,0
784,,Robert Morrow,0
784,,Tom Hoefling,0
784,,Under Votes,8
784,DEM,Joseph R. Biden,520
784,GRN,Howie Hawkins,3
784,LIB,Jo Jorgensen,2
784,REP,Donald J. Trump/Michael R. Pence,26
785,,Abram Loeb,0
785,,Gloria La Riva,0
785,,Jesse Cuellar,0
785,,Kasey Wells,0
785,,Over Votes,0
785,,President R. Boddie,0
785,,Robert Morrow,0
785,,Tom Hoefling,0
785,,Under Votes,24
785,DEM,Joseph R. Biden,1990
785,GRN,Howie Hawkins,16
785,LIB,Jo Jorgensen,47
785,REP,Donald J. Trump/Michael R. Pence,1759
786,,Abram Loeb,0
786,,Gloria La Riva,0
786,,Jesse Cuellar,0
786,,Kasey Wells,0
786,,Over Votes,1
786,,President R. Boddie,0
786,,Robert Morrow,0
786,,Tom Hoefling,0
786,,Under Votes,13
786,DEM,Joseph R. Biden,413
786,GRN,Howie Hawkins,2
786,LIB,Jo Jorgensen,2
786,REP,Donald J. Trump/Michael R. Pence,253
787,,Abram Loeb,0
787,,Gloria La Riva,0
787,,Jesse Cuellar,0
787,,Kasey Wells,0
787,,Over Votes,1
787,,President R. Boddie,0
787,,Robert Morrow,0
787,,Tom Hoefling,0
787,,Under Votes,4
787,DEM,Joseph R. Biden,208
787,GRN,Howie Hawkins,1
787,LIB,Jo Jorgensen,5
787,REP,Donald J. Trump/Michael R. Pence,97
788,,Abram Loeb,0
788,,Gloria La Riva,0
788,,Jesse Cuellar,0
788,,Kasey Wells,0
788,,Over Votes,0
788,,President R. Boddie,0
788,,Robert Morrow,0
788,,Tom Hoefling,0
788,,Under Votes,0
788,DEM,Joseph R. Biden,3
788,GRN,Howie Hawkins,0
788,LIB,Jo Jorgensen,0
788,REP,Donald J. Trump/Michael R. Pence,1
789,,Abram Loeb,0
789,,Gloria La Riva,0
789,,Jesse Cuellar,0
789,,Kasey Wells,0
789,,Over Votes,0
789,,President R. Boddie,0
789,,Robert Morrow,0
789,,Tom Hoefling,0
789,,Under Votes,17
789,DEM,Joseph R. Biden,1056
789,GRN,Howie Hawkins,10
789,LIB,Jo Jorgensen,19
789,REP,Donald J. Trump/Michael R. Pence,1085
79,,Abram Loeb,0
79,,Gloria La Riva,0
79,,Jesse Cuellar,0
79,,Kasey Wells,0
79,,Over Votes,3
79,,President R. Boddie,0
79,,Robert Morrow,0
79,,Tom Hoefling,0
79,,Under Votes,13
79,DEM,Joseph R. Biden,1026
79,GRN,Howie Hawkins,7
79,LIB,Jo Jorgensen,11
79,REP,Donald J. Trump/Michael R. Pence,445
790,,Abram Loeb,0
790,,Gloria La Riva,0
790,,Jesse Cuellar,0
790,,Kasey Wells,0
790,,Over Votes,0
790,,President R. Boddie,0
790,,Robert Morrow,0
790,,Tom Hoefling,0
790,,Under Votes,20
790,DEM,Joseph R. Biden,1268
790,GRN,Howie Hawkins,9
790,LIB,Jo Jorgensen,18
790,REP,Donald J. Trump/Michael R. Pence,629
791,,Abram Loeb,0
791,,Gloria La Riva,0
791,,Jesse Cuellar,0
791,,Kasey Wells,0
791,,Over Votes,0
791,,President R. Boddie,0
791,,Robert Morrow,0
791,,Tom Hoefling,0
791,,Under Votes,0
791,DEM,Joseph R. Biden,13
791,GRN,Howie Hawkins,0
791,LIB,Jo Jorgensen,0
791,REP,Donald J. Trump/Michael R. Pence,2
792,,Abram Loeb,0
792,,Gloria La Riva,0
792,,Jesse Cuellar,0
792,,Kasey Wells,0
792,,Over Votes,1
792,,President R. Boddie,0
792,,Robert Morrow,0
792,,Tom Hoefling,0
792,,Under Votes,14
792,DEM,Joseph R. Biden,804
792,GRN,Howie Hawkins,5
792,LIB,Jo Jorgensen,11
792,REP,Donald J. Trump/Michael R. Pence,327
793,,Abram Loeb,0
793,,Gloria La Riva,1
793,,Jesse Cuellar,0
793,,Kasey Wells,0
793,,Over Votes,1
793,,President R. Boddie,0
793,,Robert Morrow,0
793,,Tom Hoefling,0
793,,Under Votes,14
793,DEM,Joseph R. Biden,785
793,GRN,Howie Hawkins,4
793,LIB,Jo Jorgensen,15
793,REP,Donald J. Trump/Michael R. Pence,806
794,,Abram Loeb,0
794,,Gloria La Riva,0
794,,Jesse Cuellar,0
794,,Kasey Wells,0
794,,Over Votes,1
794,,President R. Boddie,0
794,,Robert Morrow,0
794,,Tom Hoefling,0
794,,Under Votes,15
794,DEM,Joseph R. Biden,1001
794,GRN,Howie Hawkins,5
794,LIB,Jo Jorgensen,13
794,REP,Donald J. Trump/Michael R. Pence,175
795,,Abram Loeb,0
795,,Gloria La Riva,0
795,,Jesse Cuellar,0
795,,Kasey Wells,0
795,,Over Votes,0
795,,President R. Boddie,0
795,,Robert Morrow,0
795,,Tom Hoefling,0
795,,Under Votes,12
795,DEM,Joseph R. Biden,433
795,GRN,Howie Hawkins,4
795,LIB,Jo Jorgensen,5
795,REP,Donald J. Trump/Michael R. Pence,249
796,,Abram Loeb,0
796,,Gloria La Riva,0
796,,Jesse Cuellar,0
796,,Kasey Wells,0
796,,Over Votes,0
796,,President R. Boddie,0
796,,Robert Morrow,0
796,,Tom Hoefling,0
796,,Under Votes,22
796,DEM,Joseph R. Biden,1352
796,GRN,Howie Hawkins,10
796,LIB,Jo Jorgensen,19
796,REP,Donald J. Trump/Michael R. Pence,868
797,,Abram Loeb,0
797,,Gloria La Riva,0
797,,Jesse Cuellar,0
797,,Kasey Wells,0
797,,Over Votes,0
797,,President R. Boddie,0
797,,Robert Morrow,0
797,,Tom Hoefling,0
797,,Under Votes,0
797,DEM,Joseph R. Biden,0
797,GRN,Howie Hawkins,0
797,LIB,Jo Jorgensen,0
797,REP,Donald J. Trump/Michael R. Pence,0
798,,Abram Loeb,0
798,,Gloria La Riva,0
798,,Jesse Cuellar,0
798,,Kasey Wells,0
798,,Over Votes,0
798,,President R. Boddie,0
798,,Robert Morrow,0
798,,Tom Hoefling,0
798,,Under Votes,5
798,DEM,Joseph R. Biden,268
798,GRN,Howie Hawkins,2
798,LIB,Jo Jorgensen,8
798,REP,Donald J. Trump/Michael R. Pence,148
799,,Abram Loeb,0
799,,Gloria La Riva,0
799,,Jesse Cuellar,0
799,,Kasey Wells,0
799,,Over Votes,0
799,,President R. Boddie,0
799,,Robert Morrow,0
799,,Tom Hoefling,0
799,,Under Votes,0
799,DEM,Joseph R. Biden,85
799,GRN,Howie Hawkins,0
799,LIB,Jo Jorgensen,0
799,REP,Donald J. Trump/Michael R. Pence,26
8,,Abram Loeb,0
8,,Gloria La Riva,0
8,,Jesse Cuellar,0
8,,Kasey Wells,0
8,,Over Votes,0
8,,President R. Boddie,0
8,,Robert Morrow,0
8,,Tom Hoefling,0
8,,Under Votes,17
8,DEM,Joseph R. Biden,732
8,GRN,Howie Hawkins,6
8,LIB,Jo Jorgensen,19
8,REP,Donald J. Trump/Michael R. Pence,529
80,,Abram Loeb,0
80,,Gloria La Riva,0
80,,Jesse Cuellar,0
80,,Kasey Wells,0
80,,Over Votes,4
80,,President R. Boddie,0
80,,Robert Morrow,0
80,,Tom Hoefling,0
80,,Under Votes,20
80,DEM,Joseph R. Biden,1260
80,GRN,Howie Hawkins,4
80,LIB,Jo Jorgensen,8
80,REP,Donald J. Trump/Michael R. Pence,461
800,,Abram Loeb,0
800,,Gloria La Riva,0
800,,Jesse Cuellar,0
800,,Kasey Wells,0
800,,Over Votes,0
800,,President R. Boddie,0
800,,Robert Morrow,0
800,,Tom Hoefling,0
800,,Under Votes,21
800,DEM,Joseph R. Biden,1336
800,GRN,Howie Hawkins,7
800,LIB,Jo Jorgensen,40
800,REP,Donald J. Trump/Michael R. Pence,1536
801,,Abram Loeb,0
801,,Gloria La Riva,0
801,,Jesse Cuellar,0
801,,Kasey Wells,0
801,,Over Votes,0
801,,President R. Boddie,0
801,,Robert Morrow,0
801,,Tom Hoefling,0
801,,Under Votes,1
801,DEM,Joseph R. Biden,120
801,GRN,Howie Hawkins,2
801,LIB,Jo Jorgensen,1
801,REP,Donald J. Trump/Michael R. Pence,58
802,,Abram Loeb,0
802,,Gloria La Riva,0
802,,Jesse Cuellar,0
802,,Kasey Wells,0
802,,Over Votes,0
802,,President R. Boddie,0
802,,Robert Morrow,0
802,,Tom Hoefling,0
802,,Under Votes,0
802,DEM,Joseph R. Biden,11
802,GRN,Howie Hawkins,0
802,LIB,Jo Jorgensen,0
802,REP,Donald J. Trump/Michael R. Pence,3
803,,Abram Loeb,0
803,,Gloria La Riva,0
803,,Jesse Cuellar,0
803,,Kasey Wells,0
803,,Over Votes,0
803,,President R. Boddie,0
803,,Robert Morrow,0
803,,Tom Hoefling,0
803,,Under Votes,25
803,DEM,Joseph R. Biden,1495
803,GRN,Howie Hawkins,12
803,LIB,Jo Jorgensen,58
803,REP,Donald J. Trump/Michael R. Pence,2140
804,,Abram Loeb,0
804,,Gloria La Riva,0
804,,Jesse Cuellar,0
804,,Kasey Wells,0
804,,Over Votes,0
804,,President R. Boddie,0
804,,Robert Morrow,0
804,,Tom Hoefling,0
804,,Under Votes,41
804,DEM,Joseph R. Biden,2613
804,GRN,Howie Hawkins,23
804,LIB,Jo Jorgensen,36
804,REP,Donald J. Trump/Michael R. Pence,2110
805,,Abram Loeb,0
805,,Gloria La Riva,0
805,,Jesse Cuellar,0
805,,Kasey Wells,0
805,,Over Votes,0
805,,President R. Boddie,0
805,,Robert Morrow,0
805,,Tom Hoefling,0
805,,Under Votes,36
805,DEM,Joseph R. Biden,659
805,GRN,Howie Hawkins,2
805,LIB,Jo Jorgensen,23
805,REP,Donald J. Trump/Michael R. Pence,1564
806,,Abram Loeb,0
806,,Gloria La Riva,0
806,,Jesse Cuellar,0
806,,Kasey Wells,0
806,,Over Votes,1
806,,President R. Boddie,0
806,,Robert Morrow,0
806,,Tom Hoefling,0
806,,Under Votes,16
806,DEM,Joseph R. Biden,940
806,GRN,Howie Hawkins,7
806,LIB,Jo Jorgensen,35
806,REP,Donald J. Trump/Michael R. Pence,1317
807,,Abram Loeb,0
807,,Gloria La Riva,0
807,,Jesse Cuellar,0
807,,Kasey Wells,0
807,,Over Votes,1
807,,President R. Boddie,0
807,,Robert Morrow,0
807,,Tom Hoefling,0
807,,Under Votes,7
807,DEM,Joseph R. Biden,922
807,GRN,Howie Hawkins,2
807,LIB,Jo Jorgensen,19
807,REP,Donald J. Trump/Michael R. Pence,216
808,,Abram Loeb,0
808,,Gloria La Riva,0
808,,Jesse Cuellar,0
808,,Kasey Wells,0
808,,Over Votes,0
808,,President R. Boddie,0
808,,Robert Morrow,0
808,,Tom Hoefling,0
808,,Under Votes,6
808,DEM,Joseph R. Biden,393
808,GRN,Howie Hawkins,3
808,LIB,Jo Jorgensen,4
808,REP,Donald J. Trump/Michael R. Pence,99
809,,Abram Loeb,0
809,,Gloria La Riva,0
809,,Jesse Cuellar,0
809,,Kasey Wells,0
809,,Over Votes,0
809,,President R. Boddie,0
809,,Robert Morrow,0
809,,Tom Hoefling,0
809,,Under Votes,1
809,DEM,Joseph R. Biden,20
809,GRN,Howie Hawkins,0
809,LIB,Jo Jorgensen,0
809,REP,Donald J. Trump/Michael R. Pence,33
81,,Abram Loeb,0
81,,Gloria La Riva,0
81,,Jesse Cuellar,0
81,,Kasey Wells,0
81,,Over Votes,0
81,,President R. Boddie,0
81,,Robert Morrow,0
81,,Tom Hoefling,0
81,,Under Votes,37
81,DEM,Joseph R. Biden,740
81,GRN,Howie Hawkins,1
81,LIB,Jo Jorgensen,11
81,REP,Donald J. Trump/Michael R. Pence,531
810,,Abram Loeb,0
810,,Gloria La Riva,0
810,,Jesse Cuellar,0
810,,Kasey Wells,0
810,,Over Votes,0
810,,President R. Boddie,0
810,,Robert Morrow,0
810,,Tom Hoefling,0
810,,Under Votes,1
810,DEM,Joseph R. Biden,52
810,GRN,Howie Hawkins,0
810,LIB,Jo Jorgensen,0
810,REP,Donald J. Trump/Michael R. Pence,25
811,,Abram Loeb,0
811,,Gloria La Riva,0
811,,Jesse Cuellar,0
811,,Kasey Wells,0
811,,Over Votes,0
811,,President R. Boddie,0
811,,Robert Morrow,0
811,,Tom Hoefling,0
811,,Under Votes,4
811,DEM,Joseph R. Biden,104
811,GRN,Howie Hawkins,0
811,LIB,Jo Jorgensen,1
811,REP,Donald J. Trump/Michael R. Pence,46
812,,Abram Loeb,0
812,,Gloria La Riva,0
812,,Jesse Cuellar,0
812,,Kasey Wells,0
812,,Over Votes,0
812,,President R. Boddie,0
812,,Robert Morrow,0
812,,Tom Hoefling,0
812,,Under Votes,0
812,DEM,Joseph R. Biden,1
812,GRN,Howie Hawkins,0
812,LIB,Jo Jorgensen,0
812,REP,Donald J. Trump/Michael R. Pence,0
813,,Abram Loeb,0
813,,Gloria La Riva,0
813,,Jesse Cuellar,0
813,,Kasey Wells,0
813,,Over Votes,0
813,,President R. Boddie,0
813,,Robert Morrow,0
813,,Tom Hoefling,0
813,,Under Votes,29
813,DEM,Joseph R. Biden,1812
813,GRN,Howie Hawkins,13
813,LIB,Jo Jorgensen,32
813,REP,Donald J. Trump/Michael R. Pence,1185
814,,Abram Loeb,0
814,,Gloria La Riva,0
814,,Jesse Cuellar,0
814,,Kasey Wells,0
814,,Over Votes,0
814,,President R. Boddie,0
814,,Robert Morrow,0
814,,Tom Hoefling,0
814,,Under Votes,26
814,DEM,Joseph R. Biden,2556
814,GRN,Howie Hawkins,15
814,LIB,Jo Jorgensen,18
814,REP,Donald J. Trump/Michael R. Pence,868
815,,Abram Loeb,0
815,,Gloria La Riva,0
815,,Jesse Cuellar,0
815,,Kasey Wells,0
815,,Over Votes,0
815,,President R. Boddie,0
815,,Robert Morrow,0
815,,Tom Hoefling,0
815,,Under Votes,0
815,DEM,Joseph R. Biden,0
815,GRN,Howie Hawkins,0
815,LIB,Jo Jorgensen,0
815,REP,Donald J. Trump/Michael R. Pence,0
816,,Abram Loeb,0
816,,Gloria La Riva,0
816,,Jesse Cuellar,0
816,,Kasey Wells,0
816,,Over Votes,0
816,,President R. Boddie,0
816,,Robert Morrow,0
816,,Tom Hoefling,0
816,,Under Votes,0
816,DEM,Joseph R. Biden,14
816,GRN,Howie Hawkins,1
816,LIB,Jo Jorgensen,0
816,REP,Donald J. Trump/Michael R. Pence,10
817,,Abram Loeb,0
817,,Gloria La Riva,0
817,,Jesse Cuellar,0
817,,Kasey Wells,1
817,,Over Votes,0
817,,President R. Boddie,0
817,,Robert Morrow,0
817,,Tom Hoefling,0
817,,Under Votes,37
817,DEM,Joseph R. Biden,1502
817,GRN,Howie Hawkins,8
817,LIB,Jo Jorgensen,49
817,REP,Donald J. Trump/Michael R. Pence,2736
818,,Abram Loeb,0
818,,Gloria La Riva,0
818,,Jesse Cuellar,0
818,,Kasey Wells,0
818,,Over Votes,0
818,,President R. Boddie,0
818,,Robert Morrow,0
818,,Tom Hoefling,0
818,,Under Votes,2
818,DEM,Joseph R. Biden,260
818,GRN,Howie Hawkins,1
818,LIB,Jo Jorgensen,3
818,REP,Donald J. Trump/Michael R. Pence,94
819,,Abram Loeb,0
819,,Gloria La Riva,0
819,,Jesse Cuellar,0
819,,Kasey Wells,0
819,,Over Votes,0
819,,President R. Boddie,0
819,,Robert Morrow,0
819,,Tom Hoefling,0
819,,Under Votes,1
819,DEM,Joseph R. Biden,82
819,GRN,Howie Hawkins,1
819,LIB,Jo Jorgensen,1
819,REP,Donald J. Trump/Michael R. Pence,65
82,,Abram Loeb,0
82,,Gloria La Riva,0
82,,Jesse Cuellar,0
82,,Kasey Wells,0
82,,Over Votes,0
82,,President R. Boddie,0
82,,Robert Morrow,0
82,,Tom Hoefling,0
82,,Under Votes,24
82,DEM,Joseph R. Biden,961
82,GRN,Howie Hawkins,5
82,LIB,Jo Jorgensen,33
82,REP,Donald J. Trump/Michael R. Pence,1658
820,,Abram Loeb,0
820,,Gloria La Riva,0
820,,Jesse Cuellar,0
820,,Kasey Wells,0
820,,Over Votes,0
820,,President R. Boddie,0
820,,Robert Morrow,0
820,,Tom Hoefling,0
820,,Under Votes,0
820,DEM,Joseph R. Biden,1
820,GRN,Howie Hawkins,0
820,LIB,Jo Jorgensen,0
820,REP,Donald J. Trump/Michael R. Pence,0
821,,Abram Loeb,0
821,,Gloria La Riva,0
821,,Jesse Cuellar,0
821,,Kasey Wells,0
821,,Over Votes,0
821,,President R. Boddie,0
821,,Robert Morrow,0
821,,Tom Hoefling,0
821,,Under Votes,9
821,DEM,Joseph R. Biden,466
821,GRN,Howie Hawkins,2
821,LIB,Jo Jorgensen,3
821,REP,Donald J. Trump/Michael R. Pence,117
822,,Abram Loeb,0
822,,Gloria La Riva,0
822,,Jesse Cuellar,0
822,,Kasey Wells,0
822,,Over Votes,1
822,,President R. Boddie,0
822,,Robert Morrow,0
822,,Tom Hoefling,0
822,,Under Votes,10
822,DEM,Joseph R. Biden,772
822,GRN,Howie Hawkins,1
822,LIB,Jo Jorgensen,6
822,REP,Donald J. Trump/Michael R. Pence,69
823,,Abram Loeb,0
823,,Gloria La Riva,0
823,,Jesse Cuellar,0
823,,Kasey Wells,0
823,,Over Votes,1
823,,President R. Boddie,0
823,,Robert Morrow,0
823,,Tom Hoefling,0
823,,Under Votes,20
823,DEM,Joseph R. Biden,1084
823,GRN,Howie Hawkins,11
823,LIB,Jo Jorgensen,17
823,REP,Donald J. Trump/Michael R. Pence,1128
824,,Abram Loeb,0
824,,Gloria La Riva,0
824,,Jesse Cuellar,0
824,,Kasey Wells,0
824,,Over Votes,0
824,,President R. Boddie,0
824,,Robert Morrow,0
824,,Tom Hoefling,0
824,,Under Votes,13
824,DEM,Joseph R. Biden,1283
824,GRN,Howie Hawkins,5
824,LIB,Jo Jorgensen,11
824,REP,Donald J. Trump/Michael R. Pence,428
825,,Abram Loeb,0
825,,Gloria La Riva,0
825,,Jesse Cuellar,0
825,,Kasey Wells,0
825,,Over Votes,0
825,,President R. Boddie,0
825,,Robert Morrow,0
825,,Tom Hoefling,0
825,,Under Votes,0
825,DEM,Joseph R. Biden,10
825,GRN,Howie Hawkins,0
825,LIB,Jo Jorgensen,0
825,REP,Donald J. Trump/Michael R. Pence,6
826,,Abram Loeb,0
826,,Gloria La Riva,0
826,,Jesse Cuellar,0
826,,Kasey Wells,0
826,,Over Votes,0
826,,President R. Boddie,0
826,,Robert Morrow,0
826,,Tom Hoefling,0
826,,Under Votes,3
826,DEM,Joseph R. Biden,202
826,GRN,Howie Hawkins,0
826,LIB,Jo Jorgensen,6
826,REP,Donald J. Trump/Michael R. Pence,106
827,,Abram Loeb,0
827,,Gloria La Riva,0
827,,Jesse Cuellar,0
827,,Kasey Wells,0
827,,Over Votes,0
827,,President R. Boddie,0
827,,Robert Morrow,0
827,,Tom Hoefling,0
827,,Under Votes,7
827,DEM,Joseph R. Biden,288
827,GRN,Howie Hawkins,2
827,LIB,Jo Jorgensen,4
827,REP,Donald J. Trump/Michael R. Pence,194
828,,Abram Loeb,0
828,,Gloria La Riva,0
828,,Jesse Cuellar,0
828,,Kasey Wells,0
828,,Over Votes,0
828,,President R. Boddie,0
828,,Robert Morrow,0
828,,Tom Hoefling,0
828,,Under Votes,16
828,DEM,Joseph R. Biden,470
828,GRN,Howie Hawkins,4
828,LIB,Jo Jorgensen,26
828,REP,Donald J. Trump/Michael R. Pence,1126
829,,Abram Loeb,0
829,,Gloria La Riva,0
829,,Jesse Cuellar,0
829,,Kasey Wells,0
829,,Over Votes,0
829,,President R. Boddie,0
829,,Robert Morrow,0
829,,Tom Hoefling,0
829,,Under Votes,0
829,DEM,Joseph R. Biden,34
829,GRN,Howie Hawkins,1
829,LIB,Jo Jorgensen,0
829,REP,Donald J. Trump/Michael R. Pence,28
83,,Abram Loeb,0
83,,Gloria La Riva,0
83,,Jesse Cuellar,0
83,,Kasey Wells,0
83,,Over Votes,0
83,,President R. Boddie,0
83,,Robert Morrow,0
83,,Tom Hoefling,0
83,,Under Votes,11
83,DEM,Joseph R. Biden,1878
83,GRN,Howie Hawkins,10
83,LIB,Jo Jorgensen,38
83,REP,Donald J. Trump/Michael R. Pence,982
830,,Abram Loeb,0
830,,Gloria La Riva,0
830,,Jesse Cuellar,0
830,,Kasey Wells,0
830,,Over Votes,0
830,,President R. Boddie,0
830,,Robert Morrow,0
830,,Tom Hoefling,0
830,,Under Votes,1
830,DEM,Joseph R. Biden,62
830,GRN,Howie Hawkins,1
830,LIB,Jo Jorgensen,1
830,REP,Donald J. Trump/Michael R. Pence,19
831,,Abram Loeb,0
831,,Gloria La Riva,0
831,,Jesse Cuellar,0
831,,Kasey Wells,0
831,,Over Votes,0
831,,President R. Boddie,0
831,,Robert Morrow,0
831,,Tom Hoefling,0
831,,Under Votes,0
831,DEM,Joseph R. Biden,9
831,GRN,Howie Hawkins,0
831,LIB,Jo Jorgensen,0
831,REP,Donald J. Trump/Michael R. Pence,3
832,,Abram Loeb,0
832,,Gloria La Riva,0
832,,Jesse Cuellar,0
832,,Kasey Wells,0
832,,Over Votes,0
832,,President R. Boddie,0
832,,Robert Morrow,0
832,,Tom Hoefling,0
832,,Under Votes,4
832,DEM,Joseph R. Biden,149
832,GRN,Howie Hawkins,1
832,LIB,Jo Jorgensen,1
832,REP,Donald J. Trump/Michael R. Pence,58
833,,Abram Loeb,0
833,,Gloria La Riva,0
833,,Jesse Cuellar,0
833,,Kasey Wells,0
833,,Over Votes,0
833,,President R. Boddie,0
833,,Robert Morrow,0
833,,Tom Hoefling,0
833,,Under Votes,0
833,DEM,Joseph R. Biden,11
833,GRN,Howie Hawkins,0
833,LIB,Jo Jorgensen,0
833,REP,Donald J. Trump/Michael R. Pence,1
834,,Abram Loeb,0
834,,Gloria La Riva,0
834,,Jesse Cuellar,0
834,,Kasey Wells,0
834,,Over Votes,0
834,,President R. Boddie,0
834,,Robert Morrow,0
834,,Tom Hoefling,0
834,,Under Votes,0
834,DEM,Joseph R. Biden,221
834,GRN,Howie Hawkins,1
834,LIB,Jo Jorgensen,0
834,REP,Donald J. Trump/Michael R. Pence,22
835,,Abram Loeb,0
835,,Gloria La Riva,0
835,,Jesse Cuellar,0
835,,Kasey Wells,0
835,,Over Votes,1
835,,President R. Boddie,0
835,,Robert Morrow,0
835,,Tom Hoefling,0
835,,Under Votes,0
835,DEM,Joseph R. Biden,112
835,GRN,Howie Hawkins,0
835,LIB,Jo Jorgensen,3
835,REP,Donald J. Trump/Michael R. Pence,68
836,,Abram Loeb,0
836,,Gloria La Riva,0
836,,Jesse Cuellar,0
836,,Kasey Wells,0
836,,Over Votes,3
836,,President R. Boddie,0
836,,Robert Morrow,0
836,,Tom Hoefling,0
836,,Under Votes,4
836,DEM,Joseph R. Biden,160
836,GRN,Howie Hawkins,1
836,LIB,Jo Jorgensen,1
836,REP,Donald J. Trump/Michael R. Pence,18
837,,Abram Loeb,0
837,,Gloria La Riva,0
837,,Jesse Cuellar,0
837,,Kasey Wells,0
837,,Over Votes,0
837,,President R. Boddie,0
837,,Robert Morrow,0
837,,Tom Hoefling,0
837,,Under Votes,0
837,DEM,Joseph R. Biden,50
837,GRN,Howie Hawkins,0
837,LIB,Jo Jorgensen,2
837,REP,Donald J. Trump/Michael R. Pence,24
838,,Abram Loeb,0
838,,Gloria La Riva,0
838,,Jesse Cuellar,0
838,,Kasey Wells,0
838,,Over Votes,0
838,,President R. Boddie,0
838,,Robert Morrow,0
838,,Tom Hoefling,0
838,,Under Votes,0
838,DEM,Joseph R. Biden,0
838,GRN,Howie Hawkins,0
838,LIB,Jo Jorgensen,0
838,REP,Donald J. Trump/Michael R. Pence,0
839,,Abram Loeb,0
839,,Gloria La Riva,0
839,,Jesse Cuellar,0
839,,Kasey Wells,0
839,,Over Votes,0
839,,President R. Boddie,0
839,,Robert Morrow,0
839,,Tom Hoefling,0
839,,Under Votes,7
839,DEM,Joseph R. Biden,539
839,GRN,Howie Hawkins,4
839,LIB,Jo Jorgensen,7
839,REP,Donald J. Trump/Michael R. Pence,174
84,,Abram Loeb,0
84,,Gloria La Riva,0
84,,Jesse Cuellar,0
84,,Kasey Wells,0
84,,Over Votes,0
84,,President R. Boddie,0
84,,Robert Morrow,0
84,,Tom Hoefling,0
84,,Under Votes,5
84,DEM,Joseph R. Biden,275
84,GRN,Howie Hawkins,1
84,LIB,Jo Jorgensen,18
84,REP,Donald J. Trump/Michael R. Pence,669
840,,Abram Loeb,0
840,,Gloria La Riva,0
840,,Jesse Cuellar,0
840,,Kasey Wells,0
840,,Over Votes,0
840,,President R. Boddie,0
840,,Robert Morrow,0
840,,Tom Hoefling,0
840,,Under Votes,9
840,DEM,Joseph R. Biden,806
840,GRN,Howie Hawkins,7
840,LIB,Jo Jorgensen,11
840,REP,Donald J. Trump/Michael R. Pence,432
841,,Abram Loeb,0
841,,Gloria La Riva,0
841,,Jesse Cuellar,0
841,,Kasey Wells,0
841,,Over Votes,0
841,,President R. Boddie,0
841,,Robert Morrow,0
841,,Tom Hoefling,0
841,,Under Votes,14
841,DEM,Joseph R. Biden,1923
841,GRN,Howie Hawkins,9
841,LIB,Jo Jorgensen,15
841,REP,Donald J. Trump/Michael R. Pence,611
842,,Abram Loeb,0
842,,Gloria La Riva,0
842,,Jesse Cuellar,0
842,,Kasey Wells,0
842,,Over Votes,1
842,,President R. Boddie,0
842,,Robert Morrow,0
842,,Tom Hoefling,0
842,,Under Votes,19
842,DEM,Joseph R. Biden,1253
842,GRN,Howie Hawkins,7
842,LIB,Jo Jorgensen,17
842,REP,Donald J. Trump/Michael R. Pence,820
843,,Abram Loeb,0
843,,Gloria La Riva,0
843,,Jesse Cuellar,0
843,,Kasey Wells,0
843,,Over Votes,0
843,,President R. Boddie,0
843,,Robert Morrow,0
843,,Tom Hoefling,0
843,,Under Votes,13
843,DEM,Joseph R. Biden,802
843,GRN,Howie Hawkins,1
843,LIB,Jo Jorgensen,10
843,REP,Donald J. Trump/Michael R. Pence,214
844,,Abram Loeb,0
844,,Gloria La Riva,0
844,,Jesse Cuellar,0
844,,Kasey Wells,0
844,,Over Votes,0
844,,President R. Boddie,0
844,,Robert Morrow,0
844,,Tom Hoefling,0
844,,Under Votes,0
844,DEM,Joseph R. Biden,4
844,GRN,Howie Hawkins,0
844,LIB,Jo Jorgensen,0
844,REP,Donald J. Trump/Michael R. Pence,0
845,,Abram Loeb,0
845,,Gloria La Riva,0
845,,Jesse Cuellar,0
845,,Kasey Wells,0
845,,Over Votes,0
845,,President R. Boddie,0
845,,Robert Morrow,0
845,,Tom Hoefling,0
845,,Under Votes,0
845,DEM,Joseph R. Biden,88
845,GRN,Howie Hawkins,0
845,LIB,Jo Jorgensen,0
845,REP,Donald J. Trump/Michael R. Pence,130
846,,Abram Loeb,0
846,,Gloria La Riva,0
846,,Jesse Cuellar,0
846,,Kasey Wells,0
846,,Over Votes,0
846,,President R. Boddie,0
846,,Robert Morrow,0
846,,Tom Hoefling,0
846,,Under Votes,1
846,DEM,Joseph R. Biden,108
846,GRN,Howie Hawkins,0
846,LIB,Jo Jorgensen,1
846,REP,Donald J. Trump/Michael R. Pence,24
847,,Abram Loeb,0
847,,Gloria La Riva,0
847,,Jesse Cuellar,0
847,,Kasey Wells,0
847,,Over Votes,0
847,,President R. Boddie,0
847,,Robert Morrow,0
847,,Tom Hoefling,0
847,,Under Votes,14
847,DEM,Joseph R. Biden,1288
847,GRN,Howie Hawkins,8
847,LIB,Jo Jorgensen,9
847,REP,Donald J. Trump/Michael R. Pence,423
848,,Abram Loeb,0
848,,Gloria La Riva,0
848,,Jesse Cuellar,0
848,,Kasey Wells,0
848,,Over Votes,0
848,,President R. Boddie,0
848,,Robert Morrow,0
848,,Tom Hoefling,0
848,,Under Votes,15
848,DEM,Joseph R. Biden,902
848,GRN,Howie Hawkins,3
848,LIB,Jo Jorgensen,14
848,REP,Donald J. Trump/Michael R. Pence,364
849,,Abram Loeb,0
849,,Gloria La Riva,0
849,,Jesse Cuellar,0
849,,Kasey Wells,0
849,,Over Votes,0
849,,President R. Boddie,0
849,,Robert Morrow,0
849,,Tom Hoefling,0
849,,Under Votes,19
849,DEM,Joseph R. Biden,963
849,GRN,Howie Hawkins,4
849,LIB,Jo Jorgensen,14
849,REP,Donald J. Trump/Michael R. Pence,560
85,,Abram Loeb,0
85,,Gloria La Riva,0
85,,Jesse Cuellar,0
85,,Kasey Wells,0
85,,Over Votes,0
85,,President R. Boddie,0
85,,Robert Morrow,0
85,,Tom Hoefling,0
85,,Under Votes,8
85,DEM,Joseph R. Biden,996
85,GRN,Howie Hawkins,7
85,LIB,Jo Jorgensen,3
85,REP,Donald J. Trump/Michael R. Pence,59
850,,Abram Loeb,0
850,,Gloria La Riva,0
850,,Jesse Cuellar,0
850,,Kasey Wells,0
850,,Over Votes,0
850,,President R. Boddie,0
850,,Robert Morrow,0
850,,Tom Hoefling,0
850,,Under Votes,0
850,DEM,Joseph R. Biden,108
850,GRN,Howie Hawkins,0
850,LIB,Jo Jorgensen,1
850,REP,Donald J. Trump/Michael R. Pence,55
851,,Abram Loeb,0
851,,Gloria La Riva,0
851,,Jesse Cuellar,0
851,,Kasey Wells,0
851,,Over Votes,0
851,,President R. Boddie,0
851,,Robert Morrow,0
851,,Tom Hoefling,0
851,,Under Votes,22
851,DEM,Joseph R. Biden,1293
851,GRN,Howie Hawkins,9
851,LIB,Jo Jorgensen,37
851,REP,Donald J. Trump/Michael R. Pence,1779
852,,Abram Loeb,0
852,,Gloria La Riva,0
852,,Jesse Cuellar,0
852,,Kasey Wells,0
852,,Over Votes,0
852,,President R. Boddie,0
852,,Robert Morrow,0
852,,Tom Hoefling,0
852,,Under Votes,0
852,DEM,Joseph R. Biden,0
852,GRN,Howie Hawkins,0
852,LIB,Jo Jorgensen,0
852,REP,Donald J. Trump/Michael R. Pence,0
853,,Abram Loeb,0
853,,Gloria La Riva,0
853,,Jesse Cuellar,0
853,,Kasey Wells,0
853,,Over Votes,1
853,,President R. Boddie,0
853,,Robert Morrow,0
853,,Tom Hoefling,0
853,,Under Votes,28
853,DEM,Joseph R. Biden,815
853,GRN,Howie Hawkins,3
853,LIB,Jo Jorgensen,37
853,REP,Donald J. Trump/Michael R. Pence,1532
854,,Abram Loeb,0
854,,Gloria La Riva,0
854,,Jesse Cuellar,0
854,,Kasey Wells,0
854,,Over Votes,0
854,,President R. Boddie,0
854,,Robert Morrow,0
854,,Tom Hoefling,0
854,,Under Votes,0
854,DEM,Joseph R. Biden,64
854,GRN,Howie Hawkins,0
854,LIB,Jo Jorgensen,1
854,REP,Donald J. Trump/Michael R. Pence,16
855,,Abram Loeb,0
855,,Gloria La Riva,0
855,,Jesse Cuellar,0
855,,Kasey Wells,0
855,,Over Votes,0
855,,President R. Boddie,0
855,,Robert Morrow,0
855,,Tom Hoefling,0
855,,Under Votes,0
855,DEM,Joseph R. Biden,2
855,GRN,Howie Hawkins,0
855,LIB,Jo Jorgensen,0
855,REP,Donald J. Trump/Michael R. Pence,7
856,,Abram Loeb,0
856,,Gloria La Riva,0
856,,Jesse Cuellar,0
856,,Kasey Wells,0
856,,Over Votes,0
856,,President R. Boddie,0
856,,Robert Morrow,0
856,,Tom Hoefling,0
856,,Under Votes,0
856,DEM,Joseph R. Biden,0
856,GRN,Howie Hawkins,0
856,LIB,Jo Jorgensen,0
856,REP,Donald J. Trump/Michael R. Pence,0
857,,Abram Loeb,0
857,,Gloria La Riva,0
857,,Jesse Cuellar,0
857,,Kasey Wells,0
857,,Over Votes,0
857,,President R. Boddie,0
857,,Robert Morrow,0
857,,Tom Hoefling,0
857,,Under Votes,0
857,DEM,Joseph R. Biden,0
857,GRN,Howie Hawkins,0
857,LIB,Jo Jorgensen,0
857,REP,Donald J. Trump/Michael R. Pence,0
858,,Abram Loeb,0
858,,Gloria La Riva,0
858,,Jesse Cuellar,0
858,,Kasey Wells,0
858,,Over Votes,0
858,,President R. Boddie,0
858,,Robert Morrow,0
858,,Tom Hoefling,0
858,,Under Votes,3
858,DEM,Joseph R. Biden,195
858,GRN,Howie Hawkins,1
858,LIB,Jo Jorgensen,1
858,REP,Donald J. Trump/Michael R. Pence,9
859,,Abram Loeb,0
859,,Gloria La Riva,0
859,,Jesse Cuellar,0
859,,Kasey Wells,0
859,,Over Votes,0
859,,President R. Boddie,0
859,,Robert Morrow,0
859,,Tom Hoefling,0
859,,Under Votes,10
859,DEM,Joseph R. Biden,452
859,GRN,Howie Hawkins,1
859,LIB,Jo Jorgensen,5
859,REP,Donald J. Trump/Michael R. Pence,161
86,,Abram Loeb,0
86,,Gloria La Riva,0
86,,Jesse Cuellar,0
86,,Kasey Wells,0
86,,Over Votes,0
86,,President R. Boddie,0
86,,Robert Morrow,0
86,,Tom Hoefling,0
86,,Under Votes,29
86,DEM,Joseph R. Biden,2308
86,GRN,Howie Hawkins,10
86,LIB,Jo Jorgensen,79
86,REP,Donald J. Trump/Michael R. Pence,1262
860,,Abram Loeb,0
860,,Gloria La Riva,0
860,,Jesse Cuellar,0
860,,Kasey Wells,0
860,,Over Votes,0
860,,President R. Boddie,0
860,,Robert Morrow,0
860,,Tom Hoefling,0
860,,Under Votes,0
860,DEM,Joseph R. Biden,1
860,GRN,Howie Hawkins,0
860,LIB,Jo Jorgensen,0
860,REP,Donald J. Trump/Michael R. Pence,0
861,,Abram Loeb,0
861,,Gloria La Riva,0
861,,Jesse Cuellar,0
861,,Kasey Wells,0
861,,Over Votes,0
861,,President R. Boddie,0
861,,Robert Morrow,0
861,,Tom Hoefling,0
861,,Under Votes,12
861,DEM,Joseph R. Biden,951
861,GRN,Howie Hawkins,11
861,LIB,Jo Jorgensen,5
861,REP,Donald J. Trump/Michael R. Pence,237
862,,Abram Loeb,0
862,,Gloria La Riva,0
862,,Jesse Cuellar,0
862,,Kasey Wells,0
862,,Over Votes,0
862,,President R. Boddie,0
862,,Robert Morrow,0
862,,Tom Hoefling,0
862,,Under Votes,29
862,DEM,Joseph R. Biden,1412
862,GRN,Howie Hawkins,6
862,LIB,Jo Jorgensen,28
862,REP,Donald J. Trump/Michael R. Pence,1643
863,,Abram Loeb,0
863,,Gloria La Riva,0
863,,Jesse Cuellar,0
863,,Kasey Wells,0
863,,Over Votes,0
863,,President R. Boddie,0
863,,Robert Morrow,0
863,,Tom Hoefling,0
863,,Under Votes,2
863,DEM,Joseph R. Biden,287
863,GRN,Howie Hawkins,1
863,LIB,Jo Jorgensen,1
863,REP,Donald J. Trump/Michael R. Pence,30
864,,Abram Loeb,0
864,,Gloria La Riva,0
864,,Jesse Cuellar,0
864,,Kasey Wells,0
864,,Over Votes,1
864,,President R. Boddie,0
864,,Robert Morrow,0
864,,Tom Hoefling,0
864,,Under Votes,26
864,DEM,Joseph R. Biden,1048
864,GRN,Howie Hawkins,9
864,LIB,Jo Jorgensen,12
864,REP,Donald J. Trump/Michael R. Pence,425
865,,Abram Loeb,0
865,,Gloria La Riva,0
865,,Jesse Cuellar,0
865,,Kasey Wells,0
865,,Over Votes,0
865,,President R. Boddie,0
865,,Robert Morrow,0
865,,Tom Hoefling,0
865,,Under Votes,0
865,DEM,Joseph R. Biden,10
865,GRN,Howie Hawkins,0
865,LIB,Jo Jorgensen,0
865,REP,Donald J. Trump/Michael R. Pence,0
866,,Abram Loeb,0
866,,Gloria La Riva,0
866,,Jesse Cuellar,0
866,,Kasey Wells,0
866,,Over Votes,0
866,,President R. Boddie,0
866,,Robert Morrow,0
866,,Tom Hoefling,0
866,,Under Votes,0
866,DEM,Joseph R. Biden,0
866,GRN,Howie Hawkins,0
866,LIB,Jo Jorgensen,0
866,REP,Donald J. Trump/Michael R. Pence,0
867,,Abram Loeb,0
867,,Gloria La Riva,0
867,,Jesse Cuellar,0
867,,Kasey Wells,0
867,,Over Votes,0
867,,President R. Boddie,0
867,,Robert Morrow,0
867,,Tom Hoefling,0
867,,Under Votes,0
867,DEM,Joseph R. Biden,0
867,GRN,Howie Hawkins,0
867,LIB,Jo Jorgensen,0
867,REP,Donald J. Trump/Michael R. Pence,0
868,,Abram Loeb,0
868,,Gloria La Riva,0
868,,Jesse Cuellar,0
868,,Kasey Wells,0
868,,Over Votes,1
868,,President R. Boddie,0
868,,Robert Morrow,0
868,,Tom Hoefling,0
868,,Under Votes,8
868,DEM,Joseph R. Biden,983
868,GRN,Howie Hawkins,3
868,LIB,Jo Jorgensen,13
868,REP,Donald J. Trump/Michael R. Pence,463
869,,Abram Loeb,0
869,,Gloria La Riva,0
869,,Jesse Cuellar,0
869,,Kasey Wells,0
869,,Over Votes,0
869,,President R. Boddie,0
869,,Robert Morrow,0
869,,Tom Hoefling,0
869,,Under Votes,2
869,DEM,Joseph R. Biden,175
869,GRN,Howie Hawkins,1
869,LIB,Jo Jorgensen,0
869,REP,Donald J. Trump/Michael R. Pence,55
87,,Abram Loeb,0
87,,Gloria La Riva,0
87,,Jesse Cuellar,0
87,,Kasey Wells,0
87,,Over Votes,0
87,,President R. Boddie,0
87,,Robert Morrow,0
87,,Tom Hoefling,0
87,,Under Votes,47
87,DEM,Joseph R. Biden,1339
87,GRN,Howie Hawkins,5
87,LIB,Jo Jorgensen,26
87,REP,Donald J. Trump/Michael R. Pence,1048
870,,Abram Loeb,0
870,,Gloria La Riva,0
870,,Jesse Cuellar,0
870,,Kasey Wells,0
870,,Over Votes,0
870,,President R. Boddie,0
870,,Robert Morrow,0
870,,Tom Hoefling,0
870,,Under Votes,0
870,DEM,Joseph R. Biden,0
870,GRN,Howie Hawkins,0
870,LIB,Jo Jorgensen,0
870,REP,Donald J. Trump/Michael R. Pence,0
871,,Abram Loeb,0
871,,Gloria La Riva,0
871,,Jesse Cuellar,0
871,,Kasey Wells,0
871,,Over Votes,0
871,,President R. Boddie,0
871,,Robert Morrow,0
871,,Tom Hoefling,0
871,,Under Votes,0
871,DEM,Joseph R. Biden,4
871,GRN,Howie Hawkins,0
871,LIB,Jo Jorgensen,0
871,REP,Donald J. Trump/Michael R. Pence,1
872,,Abram Loeb,0
872,,Gloria La Riva,0
872,,Jesse Cuellar,0
872,,Kasey Wells,0
872,,Over Votes,0
872,,President R. Boddie,0
872,,Robert Morrow,0
872,,Tom Hoefling,0
872,,Under Votes,0
872,DEM,Joseph R. Biden,11
872,GRN,Howie Hawkins,0
872,LIB,Jo Jorgensen,0
872,REP,Donald J. Trump/Michael R. Pence,14
873,,Abram Loeb,0
873,,Gloria La Riva,0
873,,Jesse Cuellar,0
873,,Kasey Wells,0
873,,Over Votes,0
873,,President R. Boddie,0
873,,Robert Morrow,0
873,,Tom Hoefling,0
873,,Under Votes,8
873,DEM,Joseph R. Biden,388
873,GRN,Howie Hawkins,1
873,LIB,Jo Jorgensen,10
873,REP,Donald J. Trump/Michael R. Pence,170
874,,Abram Loeb,0
874,,Gloria La Riva,0
874,,Jesse Cuellar,0
874,,Kasey Wells,0
874,,Over Votes,0
874,,President R. Boddie,0
874,,Robert Morrow,0
874,,Tom Hoefling,0
874,,Under Votes,18
874,DEM,Joseph R. Biden,857
874,GRN,Howie Hawkins,6
874,LIB,Jo Jorgensen,17
874,REP,Donald J. Trump/Michael R. Pence,1642
875,,Abram Loeb,0
875,,Gloria La Riva,0
875,,Jesse Cuellar,0
875,,Kasey Wells,0
875,,Over Votes,0
875,,President R. Boddie,0
875,,Robert Morrow,0
875,,Tom Hoefling,1
875,,Under Votes,21
875,DEM,Joseph R. Biden,1811
875,GRN,Howie Hawkins,7
875,LIB,Jo Jorgensen,30
875,REP,Donald J. Trump/Michael R. Pence,1502
876,,Abram Loeb,0
876,,Gloria La Riva,0
876,,Jesse Cuellar,0
876,,Kasey Wells,0
876,,Over Votes,0
876,,President R. Boddie,0
876,,Robert Morrow,0
876,,Tom Hoefling,0
876,,Under Votes,32
876,DEM,Joseph R. Biden,1640
876,GRN,Howie Hawkins,9
876,LIB,Jo Jorgensen,49
876,REP,Donald J. Trump/Michael R. Pence,2441
877,,Abram Loeb,0
877,,Gloria La Riva,0
877,,Jesse Cuellar,0
877,,Kasey Wells,0
877,,Over Votes,0
877,,President R. Boddie,0
877,,Robert Morrow,0
877,,Tom Hoefling,0
877,,Under Votes,27
877,DEM,Joseph R. Biden,2554
877,GRN,Howie Hawkins,20
877,LIB,Jo Jorgensen,43
877,REP,Donald J. Trump/Michael R. Pence,1352
878,,Abram Loeb,0
878,,Gloria La Riva,0
878,,Jesse Cuellar,0
878,,Kasey Wells,0
878,,Over Votes,0
878,,President R. Boddie,0
878,,Robert Morrow,0
878,,Tom Hoefling,0
878,,Under Votes,12
878,DEM,Joseph R. Biden,403
878,GRN,Howie Hawkins,2
878,LIB,Jo Jorgensen,10
878,REP,Donald J. Trump/Michael R. Pence,857
879,,Abram Loeb,0
879,,Gloria La Riva,0
879,,Jesse Cuellar,0
879,,Kasey Wells,0
879,,Over Votes,0
879,,President R. Boddie,0
879,,Robert Morrow,0
879,,Tom Hoefling,0
879,,Under Votes,22
879,DEM,Joseph R. Biden,1155
879,GRN,Howie Hawkins,8
879,LIB,Jo Jorgensen,15
879,REP,Donald J. Trump/Michael R. Pence,903
88,,Abram Loeb,0
88,,Gloria La Riva,0
88,,Jesse Cuellar,0
88,,Kasey Wells,0
88,,Over Votes,0
88,,President R. Boddie,0
88,,Robert Morrow,0
88,,Tom Hoefling,0
88,,Under Votes,7
88,DEM,Joseph R. Biden,243
88,GRN,Howie Hawkins,4
88,LIB,Jo Jorgensen,9
88,REP,Donald J. Trump/Michael R. Pence,493
880,,Abram Loeb,0
880,,Gloria La Riva,0
880,,Jesse Cuellar,0
880,,Kasey Wells,0
880,,Over Votes,0
880,,President R. Boddie,0
880,,Robert Morrow,0
880,,Tom Hoefling,0
880,,Under Votes,21
880,DEM,Joseph R. Biden,794
880,GRN,Howie Hawkins,3
880,LIB,Jo Jorgensen,24
880,REP,Donald J. Trump/Michael R. Pence,1506
881,,Abram Loeb,0
881,,Gloria La Riva,0
881,,Jesse Cuellar,0
881,,Kasey Wells,0
881,,Over Votes,2
881,,President R. Boddie,0
881,,Robert Morrow,0
881,,Tom Hoefling,0
881,,Under Votes,35
881,DEM,Joseph R. Biden,4018
881,GRN,Howie Hawkins,19
881,LIB,Jo Jorgensen,58
881,REP,Donald J. Trump/Michael R. Pence,1460
882,,Abram Loeb,0
882,,Gloria La Riva,0
882,,Jesse Cuellar,0
882,,Kasey Wells,0
882,,Over Votes,0
882,,President R. Boddie,0
882,,Robert Morrow,0
882,,Tom Hoefling,0
882,,Under Votes,50
882,DEM,Joseph R. Biden,2233
882,GRN,Howie Hawkins,14
882,LIB,Jo Jorgensen,19
882,REP,Donald J. Trump/Michael R. Pence,1224
883,,Abram Loeb,0
883,,Gloria La Riva,0
883,,Jesse Cuellar,0
883,,Kasey Wells,0
883,,Over Votes,0
883,,President R. Boddie,0
883,,Robert Morrow,0
883,,Tom Hoefling,0
883,,Under Votes,35
883,DEM,Joseph R. Biden,2810
883,GRN,Howie Hawkins,13
883,LIB,Jo Jorgensen,31
883,REP,Donald J. Trump/Michael R. Pence,751
884,,Abram Loeb,0
884,,Gloria La Riva,0
884,,Jesse Cuellar,0
884,,Kasey Wells,0
884,,Over Votes,0
884,,President R. Boddie,0
884,,Robert Morrow,0
884,,Tom Hoefling,0
884,,Under Votes,5
884,DEM,Joseph R. Biden,183
884,GRN,Howie Hawkins,2
884,LIB,Jo Jorgensen,1
884,REP,Donald J. Trump/Michael R. Pence,51
885,,Abram Loeb,0
885,,Gloria La Riva,0
885,,Jesse Cuellar,0
885,,Kasey Wells,0
885,,Over Votes,0
885,,President R. Boddie,0
885,,Robert Morrow,0
885,,Tom Hoefling,0
885,,Under Votes,15
885,DEM,Joseph R. Biden,1225
885,GRN,Howie Hawkins,3
885,LIB,Jo Jorgensen,27
885,REP,Donald J. Trump/Michael R. Pence,1256
886,,Abram Loeb,0
886,,Gloria La Riva,0
886,,Jesse Cuellar,0
886,,Kasey Wells,0
886,,Over Votes,0
886,,President R. Boddie,0
886,,Robert Morrow,0
886,,Tom Hoefling,0
886,,Under Votes,1
886,DEM,Joseph R. Biden,455
886,GRN,Howie Hawkins,1
886,LIB,Jo Jorgensen,12
886,REP,Donald J. Trump/Michael R. Pence,258
887,,Abram Loeb,0
887,,Gloria La Riva,0
887,,Jesse Cuellar,0
887,,Kasey Wells,0
887,,Over Votes,0
887,,President R. Boddie,0
887,,Robert Morrow,0
887,,Tom Hoefling,0
887,,Under Votes,4
887,DEM,Joseph R. Biden,236
887,GRN,Howie Hawkins,1
887,LIB,Jo Jorgensen,10
887,REP,Donald J. Trump/Michael R. Pence,133
888,,Abram Loeb,0
888,,Gloria La Riva,0
888,,Jesse Cuellar,0
888,,Kasey Wells,0
888,,Over Votes,1
888,,President R. Boddie,0
888,,Robert Morrow,0
888,,Tom Hoefling,0
888,,Under Votes,7
888,DEM,Joseph R. Biden,1157
888,GRN,Howie Hawkins,8
888,LIB,Jo Jorgensen,12
888,REP,Donald J. Trump/Michael R. Pence,493
889,,Abram Loeb,0
889,,Gloria La Riva,0
889,,Jesse Cuellar,0
889,,Kasey Wells,0
889,,Over Votes,0
889,,President R. Boddie,0
889,,Robert Morrow,0
889,,Tom Hoefling,0
889,,Under Votes,1
889,DEM,Joseph R. Biden,115
889,GRN,Howie Hawkins,1
889,LIB,Jo Jorgensen,3
889,REP,Donald J. Trump/Michael R. Pence,26
89,,Abram Loeb,0
89,,Gloria La Riva,0
89,,Jesse Cuellar,0
89,,Kasey Wells,0
89,,Over Votes,0
89,,President R. Boddie,0
89,,Robert Morrow,0
89,,Tom Hoefling,0
89,,Under Votes,17
89,DEM,Joseph R. Biden,660
89,GRN,Howie Hawkins,3
89,LIB,Jo Jorgensen,12
89,REP,Donald J. Trump/Michael R. Pence,430
890,,Abram Loeb,0
890,,Gloria La Riva,0
890,,Jesse Cuellar,0
890,,Kasey Wells,0
890,,Over Votes,0
890,,President R. Boddie,0
890,,Robert Morrow,0
890,,Tom Hoefling,0
890,,Under Votes,10
890,DEM,Joseph R. Biden,867
890,GRN,Howie Hawkins,3
890,LIB,Jo Jorgensen,26
890,REP,Donald J. Trump/Michael R. Pence,481
891,,Abram Loeb,0
891,,Gloria La Riva,0
891,,Jesse Cuellar,0
891,,Kasey Wells,0
891,,Over Votes,0
891,,President R. Boddie,0
891,,Robert Morrow,0
891,,Tom Hoefling,0
891,,Under Votes,10
891,DEM,Joseph R. Biden,703
891,GRN,Howie Hawkins,2
891,LIB,Jo Jorgensen,13
891,REP,Donald J. Trump/Michael R. Pence,334
892,,Abram Loeb,0
892,,Gloria La Riva,0
892,,Jesse Cuellar,0
892,,Kasey Wells,0
892,,Over Votes,0
892,,President R. Boddie,0
892,,Robert Morrow,0
892,,Tom Hoefling,0
892,,Under Votes,7
892,DEM,Joseph R. Biden,782
892,GRN,Howie Hawkins,1
892,LIB,Jo Jorgensen,16
892,REP,Donald J. Trump/Michael R. Pence,223
893,,Abram Loeb,0
893,,Gloria La Riva,0
893,,Jesse Cuellar,0
893,,Kasey Wells,0
893,,Over Votes,0
893,,President R. Boddie,0
893,,Robert Morrow,0
893,,Tom Hoefling,0
893,,Under Votes,0
893,DEM,Joseph R. Biden,2
893,GRN,Howie Hawkins,0
893,LIB,Jo Jorgensen,0
893,REP,Donald J. Trump/Michael R. Pence,0
894,,Abram Loeb,0
894,,Gloria La Riva,0
894,,Jesse Cuellar,0
894,,Kasey Wells,0
894,,Over Votes,0
894,,President R. Boddie,0
894,,Robert Morrow,0
894,,Tom Hoefling,0
894,,Under Votes,19
894,DEM,Joseph R. Biden,1336
894,GRN,Howie Hawkins,6
894,LIB,Jo Jorgensen,8
894,REP,Donald J. Trump/Michael R. Pence,234
895,,Abram Loeb,0
895,,Gloria La Riva,0
895,,Jesse Cuellar,0
895,,Kasey Wells,0
895,,Over Votes,0
895,,President R. Boddie,0
895,,Robert Morrow,0
895,,Tom Hoefling,0
895,,Under Votes,4
895,DEM,Joseph R. Biden,514
895,GRN,Howie Hawkins,4
895,LIB,Jo Jorgensen,17
895,REP,Donald J. Trump/Michael R. Pence,198
896,,Abram Loeb,0
896,,Gloria La Riva,0
896,,Jesse Cuellar,0
896,,Kasey Wells,0
896,,Over Votes,0
896,,President R. Boddie,0
896,,Robert Morrow,0
896,,Tom Hoefling,0
896,,Under Votes,18
896,DEM,Joseph R. Biden,1018
896,GRN,Howie Hawkins,2
896,LIB,Jo Jorgensen,16
896,REP,Donald J. Trump/Michael R. Pence,388
897,,Abram Loeb,0
897,,Gloria La Riva,0
897,,Jesse Cuellar,0
897,,Kasey Wells,0
897,,Over Votes,0
897,,President R. Boddie,0
897,,Robert Morrow,0
897,,Tom Hoefling,0
897,,Under Votes,10
897,DEM,Joseph R. Biden,869
897,GRN,Howie Hawkins,1
897,LIB,Jo Jorgensen,18
897,REP,Donald J. Trump/Michael R. Pence,679
898,,Abram Loeb,0
898,,Gloria La Riva,0
898,,Jesse Cuellar,0
898,,Kasey Wells,0
898,,Over Votes,1
898,,President R. Boddie,0
898,,Robert Morrow,0
898,,Tom Hoefling,0
898,,Under Votes,15
898,DEM,Joseph R. Biden,927
898,GRN,Howie Hawkins,8
898,LIB,Jo Jorgensen,27
898,REP,Donald J. Trump/Michael R. Pence,506
899,,Abram Loeb,0
899,,Gloria La Riva,0
899,,Jesse Cuellar,0
899,,Kasey Wells,0
899,,Over Votes,0
899,,President R. Boddie,0
899,,Robert Morrow,0
899,,Tom Hoefling,0
899,,Under Votes,7
899,DEM,Joseph R. Biden,525
899,GRN,Howie Hawkins,1
899,LIB,Jo Jorgensen,12
899,REP,Donald J. Trump/Michael R. Pence,561
9,,Abram Loeb,0
9,,Gloria La Riva,0
9,,Jesse Cuellar,0
9,,Kasey Wells,0
9,,Over Votes,1
9,,President R. Boddie,0
9,,Robert Morrow,0
9,,Tom Hoefling,0
9,,Under Votes,16
9,DEM,Joseph R. Biden,1169
9,GRN,Howie Hawkins,9
9,LIB,Jo Jorgensen,27
9,REP,Donald J. Trump/Michael R. Pence,342
90,,Abram Loeb,0
90,,Gloria La Riva,0
90,,Jesse Cuellar,0
90,,Kasey Wells,0
90,,Over Votes,2
90,,President R. Boddie,0
90,,Robert Morrow,0
90,,Tom Hoefling,0
90,,Under Votes,25
90,DEM,Joseph R. Biden,1018
90,GRN,Howie Hawkins,8
90,LIB,Jo Jorgensen,46
90,REP,Donald J. Trump/Michael R. Pence,2122
900,,Abram Loeb,0
900,,Gloria La Riva,0
900,,Jesse Cuellar,0
900,,Kasey Wells,0
900,,Over Votes,0
900,,President R. Boddie,0
900,,Robert Morrow,0
900,,Tom Hoefling,0
900,,Under Votes,0
900,DEM,Joseph R. Biden,4
900,GRN,Howie Hawkins,0
900,LIB,Jo Jorgensen,1
900,REP,Donald J. Trump/Michael R. Pence,5
901,,Abram Loeb,0
901,,Gloria La Riva,0
901,,Jesse Cuellar,0
901,,Kasey Wells,0
901,,Over Votes,0
901,,President R. Boddie,0
901,,Robert Morrow,0
901,,Tom Hoefling,0
901,,Under Votes,0
901,DEM,Joseph R. Biden,0
901,GRN,Howie Hawkins,0
901,LIB,Jo Jorgensen,0
901,REP,Donald J. Trump/Michael R. Pence,0
902,,Abram Loeb,0
902,,Gloria La Riva,0
902,,Jesse Cuellar,0
902,,Kasey Wells,0
902,,Over Votes,0
902,,President R. Boddie,0
902,,Robert Morrow,0
902,,Tom Hoefling,0
902,,Under Votes,21
902,DEM,Joseph R. Biden,1521
902,GRN,Howie Hawkins,6
902,LIB,Jo Jorgensen,34
902,REP,Donald J. Trump/Michael R. Pence,1082
903,,Abram Loeb,0
903,,Gloria La Riva,0
903,,Jesse Cuellar,0
903,,Kasey Wells,0
903,,Over Votes,0
903,,President R. Boddie,0
903,,Robert Morrow,0
903,,Tom Hoefling,0
903,,Under Votes,6
903,DEM,Joseph R. Biden,653
903,GRN,Howie Hawkins,1
903,LIB,Jo Jorgensen,28
903,REP,Donald J. Trump/Michael R. Pence,1467
904,,Abram Loeb,0
904,,Gloria La Riva,0
904,,Jesse Cuellar,0
904,,Kasey Wells,0
904,,Over Votes,0
904,,President R. Boddie,0
904,,Robert Morrow,0
904,,Tom Hoefling,0
904,,Under Votes,0
904,DEM,Joseph R. Biden,2
904,GRN,Howie Hawkins,0
904,LIB,Jo Jorgensen,0
904,REP,Donald J. Trump/Michael R. Pence,1
905,,Abram Loeb,0
905,,Gloria La Riva,0
905,,Jesse Cuellar,0
905,,Kasey Wells,0
905,,Over Votes,0
905,,President R. Boddie,0
905,,Robert Morrow,0
905,,Tom Hoefling,0
905,,Under Votes,2
905,DEM,Joseph R. Biden,315
905,GRN,Howie Hawkins,2
905,LIB,Jo Jorgensen,2
905,REP,Donald J. Trump/Michael R. Pence,267
906,,Abram Loeb,0
906,,Gloria La Riva,0
906,,Jesse Cuellar,0
906,,Kasey Wells,0
906,,Over Votes,0
906,,President R. Boddie,0
906,,Robert Morrow,0
906,,Tom Hoefling,0
906,,Under Votes,0
906,DEM,Joseph R. Biden,13
906,GRN,Howie Hawkins,0
906,LIB,Jo Jorgensen,1
906,REP,Donald J. Trump/Michael R. Pence,15
907,,Abram Loeb,0
907,,Gloria La Riva,0
907,,Jesse Cuellar,0
907,,Kasey Wells,0
907,,Over Votes,0
907,,President R. Boddie,0
907,,Robert Morrow,0
907,,Tom Hoefling,0
907,,Under Votes,2
907,DEM,Joseph R. Biden,110
907,GRN,Howie Hawkins,1
907,LIB,Jo Jorgensen,0
907,REP,Donald J. Trump/Michael R. Pence,14
908,,Abram Loeb,0
908,,Gloria La Riva,0
908,,Jesse Cuellar,0
908,,Kasey Wells,0
908,,Over Votes,0
908,,President R. Boddie,0
908,,Robert Morrow,0
908,,Tom Hoefling,0
908,,Under Votes,0
908,DEM,Joseph R. Biden,1
908,GRN,Howie Hawkins,0
908,LIB,Jo Jorgensen,0
908,REP,Donald J. Trump/Michael R. Pence,0
909,,Abram Loeb,0
909,,Gloria La Riva,0
909,,Jesse Cuellar,0
909,,Kasey Wells,0
909,,Over Votes,0
909,,President R. Boddie,0
909,,Robert Morrow,0
909,,Tom Hoefling,0
909,,Under Votes,0
909,DEM,Joseph R. Biden,14
909,GRN,Howie Hawkins,0
909,LIB,Jo Jorgensen,0
909,REP,Donald J. Trump/Michael R. Pence,1
91,,Abram Loeb,0
91,,Gloria La Riva,0
91,,Jesse Cuellar,0
91,,Kasey Wells,0
91,,Over Votes,0
91,,President R. Boddie,0
91,,Robert Morrow,0
91,,Tom Hoefling,0
91,,Under Votes,7
91,DEM,Joseph R. Biden,666
91,GRN,Howie Hawkins,3
91,LIB,Jo Jorgensen,30
91,REP,Donald J. Trump/Michael R. Pence,818
910,,Abram Loeb,0
910,,Gloria La Riva,0
910,,Jesse Cuellar,0
910,,Kasey Wells,0
910,,Over Votes,0
910,,President R. Boddie,0
910,,Robert Morrow,0
910,,Tom Hoefling,0
910,,Under Votes,5
910,DEM,Joseph R. Biden,69
910,GRN,Howie Hawkins,0
910,LIB,Jo Jorgensen,1
910,REP,Donald J. Trump/Michael R. Pence,49
911,,Abram Loeb,0
911,,Gloria La Riva,0
911,,Jesse Cuellar,0
911,,Kasey Wells,0
911,,Over Votes,0
911,,President R. Boddie,0
911,,Robert Morrow,0
911,,Tom Hoefling,0
911,,Under Votes,3
911,DEM,Joseph R. Biden,142
911,GRN,Howie Hawkins,2
911,LIB,Jo Jorgensen,5
911,REP,Donald J. Trump/Michael R. Pence,212
912,,Abram Loeb,0
912,,Gloria La Riva,0
912,,Jesse Cuellar,0
912,,Kasey Wells,0
912,,Over Votes,0
912,,President R. Boddie,0
912,,Robert Morrow,0
912,,Tom Hoefling,0
912,,Under Votes,10
912,DEM,Joseph R. Biden,535
912,GRN,Howie Hawkins,5
912,LIB,Jo Jorgensen,7
912,REP,Donald J. Trump/Michael R. Pence,544
913,,Abram Loeb,0
913,,Gloria La Riva,0
913,,Jesse Cuellar,0
913,,Kasey Wells,0
913,,Over Votes,0
913,,President R. Boddie,0
913,,Robert Morrow,0
913,,Tom Hoefling,0
913,,Under Votes,2
913,DEM,Joseph R. Biden,143
913,GRN,Howie Hawkins,2
913,LIB,Jo Jorgensen,0
913,REP,Donald J. Trump/Michael R. Pence,45
914,,Abram Loeb,0
914,,Gloria La Riva,0
914,,Jesse Cuellar,0
914,,Kasey Wells,0
914,,Over Votes,0
914,,President R. Boddie,0
914,,Robert Morrow,0
914,,Tom Hoefling,0
914,,Under Votes,1
914,DEM,Joseph R. Biden,43
914,GRN,Howie Hawkins,0
914,LIB,Jo Jorgensen,1
914,REP,Donald J. Trump/Michael R. Pence,24
915,,Abram Loeb,0
915,,Gloria La Riva,0
915,,Jesse Cuellar,0
915,,Kasey Wells,0
915,,Over Votes,0
915,,President R. Boddie,0
915,,Robert Morrow,0
915,,Tom Hoefling,0
915,,Under Votes,0
915,DEM,Joseph R. Biden,0
915,GRN,Howie Hawkins,0
915,LIB,Jo Jorgensen,0
915,REP,Donald J. Trump/Michael R. Pence,0
916,,Abram Loeb,0
916,,Gloria La Riva,0
916,,Jesse Cuellar,0
916,,Kasey Wells,0
916,,Over Votes,0
916,,President R. Boddie,0
916,,Robert Morrow,0
916,,Tom Hoefling,0
916,,Under Votes,23
916,DEM,Joseph R. Biden,891
916,GRN,Howie Hawkins,4
916,LIB,Jo Jorgensen,45
916,REP,Donald J. Trump/Michael R. Pence,2109
917,,Abram Loeb,0
917,,Gloria La Riva,0
917,,Jesse Cuellar,0
917,,Kasey Wells,0
917,,Over Votes,0
917,,President R. Boddie,0
917,,Robert Morrow,0
917,,Tom Hoefling,0
917,,Under Votes,1
917,DEM,Joseph R. Biden,25
917,GRN,Howie Hawkins,0
917,LIB,Jo Jorgensen,0
917,REP,Donald J. Trump/Michael R. Pence,4
918,,Abram Loeb,0
918,,Gloria La Riva,0
918,,Jesse Cuellar,0
918,,Kasey Wells,0
918,,Over Votes,0
918,,President R. Boddie,0
918,,Robert Morrow,0
918,,Tom Hoefling,0
918,,Under Votes,0
918,DEM,Joseph R. Biden,4
918,GRN,Howie Hawkins,0
918,LIB,Jo Jorgensen,0
918,REP,Donald J. Trump/Michael R. Pence,1
919,,Abram Loeb,0
919,,Gloria La Riva,0
919,,Jesse Cuellar,0
919,,Kasey Wells,0
919,,Over Votes,0
919,,President R. Boddie,0
919,,Robert Morrow,0
919,,Tom Hoefling,0
919,,Under Votes,0
919,DEM,Joseph R. Biden,0
919,GRN,Howie Hawkins,0
919,LIB,Jo Jorgensen,0
919,REP,Donald J. Trump/Michael R. Pence,0
92,,Abram Loeb,0
92,,Gloria La Riva,0
92,,Jesse Cuellar,0
92,,Kasey Wells,0
92,,Over Votes,0
92,,President R. Boddie,0
92,,Robert Morrow,0
92,,Tom Hoefling,0
92,,Under Votes,26
92,DEM,Joseph R. Biden,839
92,GRN,Howie Hawkins,7
92,LIB,Jo Jorgensen,19
92,REP,Donald J. Trump/Michael R. Pence,1012
920,,Abram Loeb,0
920,,Gloria La Riva,0
920,,Jesse Cuellar,0
920,,Kasey Wells,0
920,,Over Votes,0
920,,President R. Boddie,0
920,,Robert Morrow,0
920,,Tom Hoefling,0
920,,Under Votes,0
920,DEM,Joseph R. Biden,30
920,GRN,Howie Hawkins,0
920,LIB,Jo Jorgensen,3
920,REP,Donald J. Trump/Michael R. Pence,38
921,,Abram Loeb,0
921,,Gloria La Riva,0
921,,Jesse Cuellar,0
921,,Kasey Wells,0
921,,Over Votes,0
921,,President R. Boddie,0
921,,Robert Morrow,0
921,,Tom Hoefling,0
921,,Under Votes,0
921,DEM,Joseph R. Biden,41
921,GRN,Howie Hawkins,0
921,LIB,Jo Jorgensen,0
921,REP,Donald J. Trump/Michael R. Pence,4
922,,Abram Loeb,0
922,,Gloria La Riva,0
922,,Jesse Cuellar,0
922,,Kasey Wells,0
922,,Over Votes,0
922,,President R. Boddie,0
922,,Robert Morrow,0
922,,Tom Hoefling,0
922,,Under Votes,0
922,DEM,Joseph R. Biden,0
922,GRN,Howie Hawkins,0
922,LIB,Jo Jorgensen,0
922,REP,Donald J. Trump/Michael R. Pence,0
923,,Abram Loeb,0
923,,Gloria La Riva,0
923,,Jesse Cuellar,0
923,,Kasey Wells,0
923,,Over Votes,0
923,,President R. Boddie,0
923,,Robert Morrow,0
923,,Tom Hoefling,0
923,,Under Votes,27
923,DEM,Joseph R. Biden,1163
923,GRN,Howie Hawkins,10
923,LIB,Jo Jorgensen,40
923,REP,Donald J. Trump/Michael R. Pence,2228
924,,Abram Loeb,0
924,,Gloria La Riva,0
924,,Jesse Cuellar,0
924,,Kasey Wells,0
924,,Over Votes,0
924,,President R. Boddie,0
924,,Robert Morrow,0
924,,Tom Hoefling,0
924,,Under Votes,0
924,DEM,Joseph R. Biden,0
924,GRN,Howie Hawkins,0
924,LIB,Jo Jorgensen,0
924,REP,Donald J. Trump/Michael R. Pence,0
925,,Abram Loeb,0
925,,Gloria La Riva,0
925,,Jesse Cuellar,0
925,,Kasey Wells,0
925,,Over Votes,0
925,,President R. Boddie,0
925,,Robert Morrow,0
925,,Tom Hoefling,0
925,,Under Votes,0
925,DEM,Joseph R. Biden,0
925,GRN,Howie Hawkins,0
925,LIB,Jo Jorgensen,0
925,REP,Donald J. Trump/Michael R. Pence,0
926,,Abram Loeb,0
926,,Gloria La Riva,0
926,,Jesse Cuellar,0
926,,Kasey Wells,0
926,,Over Votes,0
926,,President R. Boddie,0
926,,Robert Morrow,0
926,,Tom Hoefling,0
926,,Under Votes,3
926,DEM,Joseph R. Biden,378
926,GRN,Howie Hawkins,2
926,LIB,Jo Jorgensen,12
926,REP,Donald J. Trump/Michael R. Pence,602
927,,Abram Loeb,0
927,,Gloria La Riva,0
927,,Jesse Cuellar,0
927,,Kasey Wells,0
927,,Over Votes,0
927,,President R. Boddie,0
927,,Robert Morrow,0
927,,Tom Hoefling,0
927,,Under Votes,17
927,DEM,Joseph R. Biden,897
927,GRN,Howie Hawkins,5
927,LIB,Jo Jorgensen,25
927,REP,Donald J. Trump/Michael R. Pence,651
928,,Abram Loeb,0
928,,Gloria La Riva,0
928,,Jesse Cuellar,0
928,,Kasey Wells,0
928,,Over Votes,0
928,,President R. Boddie,0
928,,Robert Morrow,0
928,,Tom Hoefling,0
928,,Under Votes,0
928,DEM,Joseph R. Biden,6
928,GRN,Howie Hawkins,0
928,LIB,Jo Jorgensen,0
928,REP,Donald J. Trump/Michael R. Pence,0
929,,Abram Loeb,0
929,,Gloria La Riva,0
929,,Jesse Cuellar,0
929,,Kasey Wells,0
929,,Over Votes,0
929,,President R. Boddie,0
929,,Robert Morrow,0
929,,Tom Hoefling,0
929,,Under Votes,0
929,DEM,Joseph R. Biden,0
929,GRN,Howie Hawkins,0
929,LIB,Jo Jorgensen,0
929,REP,Donald J. Trump/Michael R. Pence,0
93,,Abram Loeb,0
93,,Gloria La Riva,0
93,,Jesse Cuellar,0
93,,Kasey Wells,0
93,,Over Votes,0
93,,President R. Boddie,0
93,,Robert Morrow,0
93,,Tom Hoefling,0
93,,Under Votes,23
93,DEM,Joseph R. Biden,1160
93,GRN,Howie Hawkins,4
93,LIB,Jo Jorgensen,20
93,REP,Donald J. Trump/Michael R. Pence,704
930,,Abram Loeb,0
930,,Gloria La Riva,0
930,,Jesse Cuellar,0
930,,Kasey Wells,0
930,,Over Votes,0
930,,President R. Boddie,0
930,,Robert Morrow,0
930,,Tom Hoefling,0
930,,Under Votes,6
930,DEM,Joseph R. Biden,271
930,GRN,Howie Hawkins,1
930,LIB,Jo Jorgensen,2
930,REP,Donald J. Trump/Michael R. Pence,57
931,,Abram Loeb,0
931,,Gloria La Riva,0
931,,Jesse Cuellar,0
931,,Kasey Wells,0
931,,Over Votes,0
931,,President R. Boddie,0
931,,Robert Morrow,0
931,,Tom Hoefling,0
931,,Under Votes,4
931,DEM,Joseph R. Biden,59
931,GRN,Howie Hawkins,0
931,LIB,Jo Jorgensen,2
931,REP,Donald J. Trump/Michael R. Pence,39
932,,Abram Loeb,0
932,,Gloria La Riva,0
932,,Jesse Cuellar,0
932,,Kasey Wells,0
932,,Over Votes,0
932,,President R. Boddie,0
932,,Robert Morrow,0
932,,Tom Hoefling,0
932,,Under Votes,0
932,DEM,Joseph R. Biden,0
932,GRN,Howie Hawkins,0
932,LIB,Jo Jorgensen,0
932,REP,Donald J. Trump/Michael R. Pence,0
933,,Abram Loeb,0
933,,Gloria La Riva,0
933,,Jesse Cuellar,0
933,,Kasey Wells,0
933,,Over Votes,0
933,,President R. Boddie,0
933,,Robert Morrow,0
933,,Tom Hoefling,0
933,,Under Votes,2
933,DEM,Joseph R. Biden,428
933,GRN,Howie Hawkins,1
933,LIB,Jo Jorgensen,8
933,REP,Donald J. Trump/Michael R. Pence,129
934,,Abram Loeb,0
934,,Gloria La Riva,0
934,,Jesse Cuellar,0
934,,Kasey Wells,0
934,,Over Votes,0
934,,President R. Boddie,0
934,,Robert Morrow,0
934,,Tom Hoefling,0
934,,Under Votes,1
934,DEM,Joseph R. Biden,22
934,GRN,Howie Hawkins,0
934,LIB,Jo Jorgensen,0
934,REP,Donald J. Trump/Michael R. Pence,3
935,,Abram Loeb,0
935,,Gloria La Riva,0
935,,Jesse Cuellar,0
935,,Kasey Wells,0
935,,Over Votes,0
935,,President R. Boddie,0
935,,Robert Morrow,0
935,,Tom Hoefling,0
935,,Under Votes,0
935,DEM,Joseph R. Biden,16
935,GRN,Howie Hawkins,0
935,LIB,Jo Jorgensen,0
935,REP,Donald J. Trump/Michael R. Pence,11
936,,Abram Loeb,0
936,,Gloria La Riva,0
936,,Jesse Cuellar,0
936,,Kasey Wells,0
936,,Over Votes,0
936,,President R. Boddie,0
936,,Robert Morrow,0
936,,Tom Hoefling,0
936,,Under Votes,2
936,DEM,Joseph R. Biden,40
936,GRN,Howie Hawkins,0
936,LIB,Jo Jorgensen,0
936,REP,Donald J. Trump/Michael R. Pence,16
937,,Abram Loeb,0
937,,Gloria La Riva,0
937,,Jesse Cuellar,0
937,,Kasey Wells,0
937,,Over Votes,0
937,,President R. Boddie,0
937,,Robert Morrow,0
937,,Tom Hoefling,0
937,,Under Votes,0
937,DEM,Joseph R. Biden,0
937,GRN,Howie Hawkins,0
937,LIB,Jo Jorgensen,0
937,REP,Donald J. Trump/Michael R. Pence,0
938,,Abram Loeb,0
938,,Gloria La Riva,0
938,,Jesse Cuellar,0
938,,Kasey Wells,0
938,,Over Votes,0
938,,President R. Boddie,0
938,,Robert Morrow,0
938,,Tom Hoefling,0
938,,Under Votes,4
938,DEM,Joseph R. Biden,102
938,GRN,Howie Hawkins,2
938,LIB,Jo Jorgensen,1
938,REP,Donald J. Trump/Michael R. Pence,30
939,,Abram Loeb,0
939,,Gloria La Riva,0
939,,Jesse Cuellar,0
939,,Kasey Wells,0
939,,Over Votes,0
939,,President R. Boddie,0
939,,Robert Morrow,0
939,,Tom Hoefling,0
939,,Under Votes,0
939,DEM,Joseph R. Biden,1
939,GRN,Howie Hawkins,0
939,LIB,Jo Jorgensen,0
939,REP,Donald J. Trump/Michael R. Pence,0
94,,Abram Loeb,0
94,,Gloria La Riva,0
94,,Jesse Cuellar,0
94,,Kasey Wells,0
94,,Over Votes,0
94,,President R. Boddie,0
94,,Robert Morrow,0
94,,Tom Hoefling,0
94,,Under Votes,4
94,DEM,Joseph R. Biden,224
94,GRN,Howie Hawkins,3
94,LIB,Jo Jorgensen,3
94,REP,Donald J. Trump/Michael R. Pence,77
940,,Abram Loeb,0
940,,Gloria La Riva,0
940,,Jesse Cuellar,0
940,,Kasey Wells,0
940,,Over Votes,0
940,,President R. Boddie,0
940,,Robert Morrow,0
940,,Tom Hoefling,0
940,,Under Votes,0
940,DEM,Joseph R. Biden,13
940,GRN,Howie Hawkins,0
940,LIB,Jo Jorgensen,0
940,REP,Donald J. Trump/Michael R. Pence,0
941,,Abram Loeb,0
941,,Gloria La Riva,0
941,,Jesse Cuellar,0
941,,Kasey Wells,0
941,,Over Votes,0
941,,President R. Boddie,0
941,,Robert Morrow,0
941,,Tom Hoefling,0
941,,Under Votes,1
941,DEM,Joseph R. Biden,376
941,GRN,Howie Hawkins,3
941,LIB,Jo Jorgensen,14
941,REP,Donald J. Trump/Michael R. Pence,267
942,,Abram Loeb,0
942,,Gloria La Riva,0
942,,Jesse Cuellar,0
942,,Kasey Wells,0
942,,Over Votes,0
942,,President R. Boddie,0
942,,Robert Morrow,0
942,,Tom Hoefling,0
942,,Under Votes,5
942,DEM,Joseph R. Biden,57
942,GRN,Howie Hawkins,0
942,LIB,Jo Jorgensen,1
942,REP,Donald J. Trump/Michael R. Pence,89
943,,Abram Loeb,0
943,,Gloria La Riva,0
943,,Jesse Cuellar,0
943,,Kasey Wells,0
943,,Over Votes,0
943,,President R. Boddie,0
943,,Robert Morrow,0
943,,Tom Hoefling,0
943,,Under Votes,7
943,DEM,Joseph R. Biden,213
943,GRN,Howie Hawkins,4
943,LIB,Jo Jorgensen,0
943,REP,Donald J. Trump/Michael R. Pence,115
944,,Abram Loeb,0
944,,Gloria La Riva,0
944,,Jesse Cuellar,0
944,,Kasey Wells,0
944,,Over Votes,0
944,,President R. Boddie,0
944,,Robert Morrow,0
944,,Tom Hoefling,0
944,,Under Votes,0
944,DEM,Joseph R. Biden,0
944,GRN,Howie Hawkins,0
944,LIB,Jo Jorgensen,0
944,REP,Donald J. Trump/Michael R. Pence,0
945,,Abram Loeb,0
945,,Gloria La Riva,0
945,,Jesse Cuellar,0
945,,Kasey Wells,0
945,,Over Votes,0
945,,President R. Boddie,0
945,,Robert Morrow,0
945,,Tom Hoefling,0
945,,Under Votes,0
945,DEM,Joseph R. Biden,7
945,GRN,Howie Hawkins,2
945,LIB,Jo Jorgensen,1
945,REP,Donald J. Trump/Michael R. Pence,3
946,,Abram Loeb,0
946,,Gloria La Riva,0
946,,Jesse Cuellar,0
946,,Kasey Wells,0
946,,Over Votes,0
946,,President R. Boddie,0
946,,Robert Morrow,0
946,,Tom Hoefling,0
946,,Under Votes,0
946,DEM,Joseph R. Biden,5
946,GRN,Howie Hawkins,0
946,LIB,Jo Jorgensen,0
946,REP,Donald J. Trump/Michael R. Pence,5
947,,Abram Loeb,0
947,,Gloria La Riva,0
947,,Jesse Cuellar,0
947,,Kasey Wells,0
947,,Over Votes,0
947,,President R. Boddie,0
947,,Robert Morrow,0
947,,Tom Hoefling,0
947,,Under Votes,10
947,DEM,Joseph R. Biden,424
947,GRN,Howie Hawkins,3
947,LIB,Jo Jorgensen,13
947,REP,Donald J. Trump/Michael R. Pence,242
948,,Abram Loeb,0
948,,Gloria La Riva,0
948,,Jesse Cuellar,0
948,,Kasey Wells,0
948,,Over Votes,0
948,,President R. Boddie,0
948,,Robert Morrow,0
948,,Tom Hoefling,0
948,,Under Votes,0
948,DEM,Joseph R. Biden,0
948,GRN,Howie Hawkins,0
948,LIB,Jo Jorgensen,0
948,REP,Donald J. Trump/Michael R. Pence,0
949,,Abram Loeb,0
949,,Gloria La Riva,0
949,,Jesse Cuellar,0
949,,Kasey Wells,0
949,,Over Votes,0
949,,President R. Boddie,0
949,,Robert Morrow,0
949,,Tom Hoefling,0
949,,Under Votes,1
949,DEM,Joseph R. Biden,79
949,GRN,Howie Hawkins,0
949,LIB,Jo Jorgensen,0
949,REP,Donald J. Trump/Michael R. Pence,75
95,,Abram Loeb,0
95,,Gloria La Riva,0
95,,Jesse Cuellar,0
95,,Kasey Wells,0
95,,Over Votes,1
95,,President R. Boddie,0
95,,Robert Morrow,0
95,,Tom Hoefling,0
95,,Under Votes,16
95,DEM,Joseph R. Biden,1457
95,GRN,Howie Hawkins,5
95,LIB,Jo Jorgensen,24
95,REP,Donald J. Trump/Michael R. Pence,1348
950,,Abram Loeb,0
950,,Gloria La Riva,0
950,,Jesse Cuellar,0
950,,Kasey Wells,0
950,,Over Votes,0
950,,President R. Boddie,0
950,,Robert Morrow,0
950,,Tom Hoefling,0
950,,Under Votes,0
950,DEM,Joseph R. Biden,0
950,GRN,Howie Hawkins,0
950,LIB,Jo Jorgensen,0
950,REP,Donald J. Trump/Michael R. Pence,0
951,,Abram Loeb,0
951,,Gloria La Riva,0
951,,Jesse Cuellar,0
951,,Kasey Wells,0
951,,Over Votes,0
951,,President R. Boddie,0
951,,Robert Morrow,0
951,,Tom Hoefling,0
951,,Under Votes,2
951,DEM,Joseph R. Biden,165
951,GRN,Howie Hawkins,3
951,LIB,Jo Jorgensen,1
951,REP,Donald J. Trump/Michael R. Pence,65
952,,Abram Loeb,0
952,,Gloria La Riva,0
952,,Jesse Cuellar,0
952,,Kasey Wells,0
952,,Over Votes,0
952,,President R. Boddie,0
952,,Robert Morrow,0
952,,Tom Hoefling,0
952,,Under Votes,0
952,DEM,Joseph R. Biden,33
952,GRN,Howie Hawkins,0
952,LIB,Jo Jorgensen,0
952,REP,Donald J. Trump/Michael R. Pence,28
953,,Abram Loeb,0
953,,Gloria La Riva,0
953,,Jesse Cuellar,0
953,,Kasey Wells,0
953,,Over Votes,0
953,,President R. Boddie,0
953,,Robert Morrow,0
953,,Tom Hoefling,0
953,,Under Votes,0
953,DEM,Joseph R. Biden,4
953,GRN,Howie Hawkins,0
953,LIB,Jo Jorgensen,0
953,REP,Donald J. Trump/Michael R. Pence,1
954,,Abram Loeb,0
954,,Gloria La Riva,0
954,,Jesse Cuellar,0
954,,Kasey Wells,0
954,,Over Votes,0
954,,President R. Boddie,0
954,,Robert Morrow,0
954,,Tom Hoefling,0
954,,Under Votes,0
954,DEM,Joseph R. Biden,0
954,GRN,Howie Hawkins,0
954,LIB,Jo Jorgensen,0
954,REP,Donald J. Trump/Michael R. Pence,0
955,,Abram Loeb,0
955,,Gloria La Riva,0
955,,Jesse Cuellar,0
955,,Kasey Wells,0
955,,Over Votes,0
955,,President R. Boddie,0
955,,Robert Morrow,0
955,,Tom Hoefling,0
955,,Under Votes,46
955,DEM,Joseph R. Biden,2549
955,GRN,Howie Hawkins,6
955,LIB,Jo Jorgensen,77
955,REP,Donald J. Trump/Michael R. Pence,3937
956,,Abram Loeb,0
956,,Gloria La Riva,0
956,,Jesse Cuellar,0
956,,Kasey Wells,0
956,,Over Votes,0
956,,President R. Boddie,0
956,,Robert Morrow,0
956,,Tom Hoefling,0
956,,Under Votes,0
956,DEM,Joseph R. Biden,0
956,GRN,Howie Hawkins,0
956,LIB,Jo Jorgensen,0
956,REP,Donald J. Trump/Michael R. Pence,0
957,,Abram Loeb,0
957,,Gloria La Riva,0
957,,Jesse Cuellar,0
957,,Kasey Wells,0
957,,Over Votes,0
957,,President R. Boddie,0
957,,Robert Morrow,0
957,,Tom Hoefling,0
957,,Under Votes,9
957,DEM,Joseph R. Biden,343
957,GRN,Howie Hawkins,2
957,LIB,Jo Jorgensen,2
957,REP,Donald J. Trump/Michael R. Pence,61
958,,Abram Loeb,0
958,,Gloria La Riva,0
958,,Jesse Cuellar,0
958,,Kasey Wells,0
958,,Over Votes,0
958,,President R. Boddie,0
958,,Robert Morrow,0
958,,Tom Hoefling,0
958,,Under Votes,5
958,DEM,Joseph R. Biden,594
958,GRN,Howie Hawkins,0
958,LIB,Jo Jorgensen,5
958,REP,Donald J. Trump/Michael R. Pence,173
959,,Abram Loeb,0
959,,Gloria La Riva,0
959,,Jesse Cuellar,0
959,,Kasey Wells,0
959,,Over Votes,0
959,,President R. Boddie,0
959,,Robert Morrow,0
959,,Tom Hoefling,0
959,,Under Votes,0
959,DEM,Joseph R. Biden,0
959,GRN,Howie Hawkins,0
959,LIB,Jo Jorgensen,0
959,REP,Donald J. Trump/Michael R. Pence,0
96,,Abram Loeb,0
96,,Gloria La Riva,0
96,,Jesse Cuellar,0
96,,Kasey Wells,0
96,,Over Votes,0
96,,President R. Boddie,0
96,,Robert Morrow,0
96,,Tom Hoefling,0
96,,Under Votes,15
96,DEM,Joseph R. Biden,1235
96,GRN,Howie Hawkins,12
96,LIB,Jo Jorgensen,10
96,REP,Donald J. Trump/Michael R. Pence,340
960,,Abram Loeb,0
960,,Gloria La Riva,0
960,,Jesse Cuellar,0
960,,Kasey Wells,0
960,,Over Votes,0
960,,President R. Boddie,0
960,,Robert Morrow,0
960,,Tom Hoefling,0
960,,Under Votes,8
960,DEM,Joseph R. Biden,1097
960,GRN,Howie Hawkins,4
960,LIB,Jo Jorgensen,10
960,REP,Donald J. Trump/Michael R. Pence,269
961,,Abram Loeb,0
961,,Gloria La Riva,0
961,,Jesse Cuellar,0
961,,Kasey Wells,0
961,,Over Votes,0
961,,President R. Boddie,0
961,,Robert Morrow,0
961,,Tom Hoefling,0
961,,Under Votes,17
961,DEM,Joseph R. Biden,1090
961,GRN,Howie Hawkins,4
961,LIB,Jo Jorgensen,9
961,REP,Donald J. Trump/Michael R. Pence,316
962,,Abram Loeb,0
962,,Gloria La Riva,0
962,,Jesse Cuellar,0
962,,Kasey Wells,0
962,,Over Votes,0
962,,President R. Boddie,0
962,,Robert Morrow,0
962,,Tom Hoefling,0
962,,Under Votes,0
962,DEM,Joseph R. Biden,59
962,GRN,Howie Hawkins,1
962,LIB,Jo Jorgensen,2
962,REP,Donald J. Trump/Michael R. Pence,7
963,,Abram Loeb,0
963,,Gloria La Riva,0
963,,Jesse Cuellar,0
963,,Kasey Wells,0
963,,Over Votes,0
963,,President R. Boddie,0
963,,Robert Morrow,0
963,,Tom Hoefling,0
963,,Under Votes,6
963,DEM,Joseph R. Biden,331
963,GRN,Howie Hawkins,0
963,LIB,Jo Jorgensen,3
963,REP,Donald J. Trump/Michael R. Pence,227
964,,Abram Loeb,0
964,,Gloria La Riva,0
964,,Jesse Cuellar,0
964,,Kasey Wells,0
964,,Over Votes,0
964,,President R. Boddie,0
964,,Robert Morrow,0
964,,Tom Hoefling,0
964,,Under Votes,18
964,DEM,Joseph R. Biden,2257
964,GRN,Howie Hawkins,8
964,LIB,Jo Jorgensen,50
964,REP,Donald J. Trump/Michael R. Pence,2062
965,,Abram Loeb,0
965,,Gloria La Riva,0
965,,Jesse Cuellar,0
965,,Kasey Wells,0
965,,Over Votes,0
965,,President R. Boddie,0
965,,Robert Morrow,0
965,,Tom Hoefling,0
965,,Under Votes,2
965,DEM,Joseph R. Biden,65
965,GRN,Howie Hawkins,0
965,LIB,Jo Jorgensen,0
965,REP,Donald J. Trump/Michael R. Pence,128
966,,Abram Loeb,0
966,,Gloria La Riva,0
966,,Jesse Cuellar,0
966,,Kasey Wells,0
966,,Over Votes,0
966,,President R. Boddie,0
966,,Robert Morrow,0
966,,Tom Hoefling,0
966,,Under Votes,5
966,DEM,Joseph R. Biden,512
966,GRN,Howie Hawkins,1
966,LIB,Jo Jorgensen,7
966,REP,Donald J. Trump/Michael R. Pence,187
967,,Abram Loeb,0
967,,Gloria La Riva,0
967,,Jesse Cuellar,0
967,,Kasey Wells,0
967,,Over Votes,0
967,,President R. Boddie,0
967,,Robert Morrow,0
967,,Tom Hoefling,0
967,,Under Votes,2
967,DEM,Joseph R. Biden,89
967,GRN,Howie Hawkins,0
967,LIB,Jo Jorgensen,0
967,REP,Donald J. Trump/Michael R. Pence,34
968,,Abram Loeb,0
968,,Gloria La Riva,0
968,,Jesse Cuellar,0
968,,Kasey Wells,0
968,,Over Votes,0
968,,President R. Boddie,0
968,,Robert Morrow,0
968,,Tom Hoefling,0
968,,Under Votes,14
968,DEM,Joseph R. Biden,1477
968,GRN,Howie Hawkins,3
968,LIB,Jo Jorgensen,19
968,REP,Donald J. Trump/Michael R. Pence,338
969,,Abram Loeb,0
969,,Gloria La Riva,0
969,,Jesse Cuellar,0
969,,Kasey Wells,0
969,,Over Votes,0
969,,President R. Boddie,0
969,,Robert Morrow,0
969,,Tom Hoefling,0
969,,Under Votes,6
969,DEM,Joseph R. Biden,405
969,GRN,Howie Hawkins,3
969,LIB,Jo Jorgensen,5
969,REP,Donald J. Trump/Michael R. Pence,8
97,,Abram Loeb,0
97,,Gloria La Riva,0
97,,Jesse Cuellar,0
97,,Kasey Wells,0
97,,Over Votes,0
97,,President R. Boddie,0
97,,Robert Morrow,0
97,,Tom Hoefling,0
97,,Under Votes,22
97,DEM,Joseph R. Biden,1033
97,GRN,Howie Hawkins,7
97,LIB,Jo Jorgensen,49
97,REP,Donald J. Trump/Michael R. Pence,2946
970,,Abram Loeb,0
970,,Gloria La Riva,0
970,,Jesse Cuellar,0
970,,Kasey Wells,0
970,,Over Votes,1
970,,President R. Boddie,0
970,,Robert Morrow,0
970,,Tom Hoefling,0
970,,Under Votes,2
970,DEM,Joseph R. Biden,346
970,GRN,Howie Hawkins,3
970,LIB,Jo Jorgensen,3
970,REP,Donald J. Trump/Michael R. Pence,47
971,,Abram Loeb,0
971,,Gloria La Riva,0
971,,Jesse Cuellar,0
971,,Kasey Wells,0
971,,Over Votes,0
971,,President R. Boddie,0
971,,Robert Morrow,0
971,,Tom Hoefling,0
971,,Under Votes,0
971,DEM,Joseph R. Biden,0
971,GRN,Howie Hawkins,0
971,LIB,Jo Jorgensen,0
971,REP,Donald J. Trump/Michael R. Pence,0
972,,Abram Loeb,0
972,,Gloria La Riva,0
972,,Jesse Cuellar,0
972,,Kasey Wells,0
972,,Over Votes,0
972,,President R. Boddie,0
972,,Robert Morrow,0
972,,Tom Hoefling,0
972,,Under Votes,0
972,DEM,Joseph R. Biden,0
972,GRN,Howie Hawkins,0
972,LIB,Jo Jorgensen,0
972,REP,Donald J. Trump/Michael R. Pence,0
973,,Abram Loeb,0
973,,Gloria La Riva,0
973,,Jesse Cuellar,0
973,,Kasey Wells,0
973,,Over Votes,0
973,,President R. Boddie,0
973,,Robert Morrow,0
973,,Tom Hoefling,0
973,,Under Votes,5
973,DEM,Joseph R. Biden,419
973,GRN,Howie Hawkins,3
973,LIB,Jo Jorgensen,16
973,REP,Donald J. Trump/Michael R. Pence,456
974,,Abram Loeb,0
974,,Gloria La Riva,0
974,,Jesse Cuellar,0
974,,Kasey Wells,0
974,,Over Votes,0
974,,President R. Boddie,0
974,,Robert Morrow,0
974,,Tom Hoefling,0
974,,Under Votes,0
974,DEM,Joseph R. Biden,0
974,GRN,Howie Hawkins,0
974,LIB,Jo Jorgensen,0
974,REP,Donald J. Trump/Michael R. Pence,0
975,,Abram Loeb,0
975,,Gloria La Riva,0
975,,Jesse Cuellar,0
975,,Kasey Wells,0
975,,Over Votes,0
975,,President R. Boddie,0
975,,Robert Morrow,0
975,,Tom Hoefling,0
975,,Under Votes,1
975,DEM,Joseph R. Biden,85
975,GRN,Howie Hawkins,0
975,LIB,Jo Jorgensen,2
975,REP,Donald J. Trump/Michael R. Pence,60
976,,Abram Loeb,0
976,,Gloria La Riva,0
976,,Jesse Cuellar,0
976,,Kasey Wells,0
976,,Over Votes,0
976,,President R. Boddie,0
976,,Robert Morrow,0
976,,Tom Hoefling,0
976,,Under Votes,1
976,DEM,Joseph R. Biden,202
976,GRN,Howie Hawkins,0
976,LIB,Jo Jorgensen,6
976,REP,Donald J. Trump/Michael R. Pence,200
977,,Abram Loeb,0
977,,Gloria La Riva,0
977,,Jesse Cuellar,0
977,,Kasey Wells,0
977,,Over Votes,0
977,,President R. Boddie,0
977,,Robert Morrow,0
977,,Tom Hoefling,0
977,,Under Votes,5
977,DEM,Joseph R. Biden,251
977,GRN,Howie Hawkins,4
977,LIB,Jo Jorgensen,1
977,REP,Donald J. Trump/Michael R. Pence,209
978,,Abram Loeb,0
978,,Gloria La Riva,0
978,,Jesse Cuellar,0
978,,Kasey Wells,0
978,,Over Votes,0
978,,President R. Boddie,0
978,,Robert Morrow,0
978,,Tom Hoefling,0
978,,Under Votes,0
978,DEM,Joseph R. Biden,0
978,GRN,Howie Hawkins,0
978,LIB,Jo Jorgensen,0
978,REP,Donald J. Trump/Michael R. Pence,0
979,,Abram Loeb,0
979,,Gloria La Riva,0
979,,Jesse Cuellar,0
979,,Kasey Wells,0
979,,Over Votes,0
979,,President R. Boddie,0
979,,Robert Morrow,0
979,,Tom Hoefling,0
979,,Under Votes,0
979,DEM,Joseph R. Biden,0
979,GRN,Howie Hawkins,0
979,LIB,Jo Jorgensen,0
979,REP,Donald J. Trump/Michael R. Pence,0
98,,Abram Loeb,0
98,,Gloria La Riva,0
98,,Jesse Cuellar,0
98,,Kasey Wells,0
98,,Over Votes,0
98,,President R. Boddie,0
98,,Robert Morrow,0
98,,Tom Hoefling,0
98,,Under Votes,11
98,DEM,Joseph R. Biden,456
98,GRN,Howie Hawkins,1
98,LIB,Jo Jorgensen,20
98,REP,Donald J. Trump/Michael R. Pence,1942
980,,Abram Loeb,0
980,,Gloria La Riva,0
980,,Jesse Cuellar,0
980,,Kasey Wells,0
980,,Over Votes,0
980,,President R. Boddie,0
980,,Robert Morrow,0
980,,Tom Hoefling,0
980,,Under Votes,18
980,DEM,Joseph R. Biden,409
980,GRN,Howie Hawkins,2
980,LIB,Jo Jorgensen,8
980,REP,Donald J. Trump/Michael R. Pence,695
981,,Abram Loeb,0
981,,Gloria La Riva,0
981,,Jesse Cuellar,0
981,,Kasey Wells,0
981,,Over Votes,0
981,,President R. Boddie,0
981,,Robert Morrow,0
981,,Tom Hoefling,0
981,,Under Votes,1
981,DEM,Joseph R. Biden,11
981,GRN,Howie Hawkins,0
981,LIB,Jo Jorgensen,0
981,REP,Donald J. Trump/Michael R. Pence,3
982,,Abram Loeb,0
982,,Gloria La Riva,0
982,,Jesse Cuellar,0
982,,Kasey Wells,0
982,,Over Votes,0
982,,President R. Boddie,0
982,,Robert Morrow,0
982,,Tom Hoefling,0
982,,Under Votes,35
982,DEM,Joseph R. Biden,1530
982,GRN,Howie Hawkins,4
982,LIB,Jo Jorgensen,81
982,REP,Donald J. Trump/Michael R. Pence,3418
983,,Abram Loeb,0
983,,Gloria La Riva,0
983,,Jesse Cuellar,0
983,,Kasey Wells,0
983,,Over Votes,0
983,,President R. Boddie,0
983,,Robert Morrow,0
983,,Tom Hoefling,0
983,,Under Votes,1
983,DEM,Joseph R. Biden,96
983,GRN,Howie Hawkins,1
983,LIB,Jo Jorgensen,1
983,REP,Donald J. Trump/Michael R. Pence,46
984,,Abram Loeb,0
984,,Gloria La Riva,0
984,,Jesse Cuellar,0
984,,Kasey Wells,0
984,,Over Votes,0
984,,President R. Boddie,0
984,,Robert Morrow,0
984,,Tom Hoefling,0
984,,Under Votes,2
984,DEM,Joseph R. Biden,104
984,GRN,Howie Hawkins,0
984,LIB,Jo Jorgensen,0
984,REP,Donald J. Trump/Michael R. Pence,15
985,,Abram Loeb,0
985,,Gloria La Riva,0
985,,Jesse Cuellar,0
985,,Kasey Wells,0
985,,Over Votes,0
985,,President R. Boddie,0
985,,Robert Morrow,0
985,,Tom Hoefling,0
985,,Under Votes,3
985,DEM,Joseph R. Biden,141
985,GRN,Howie Hawkins,0
985,LIB,Jo Jorgensen,4
985,REP,Donald J. Trump/Michael R. Pence,101
986,,Abram Loeb,0
986,,Gloria La Riva,0
986,,Jesse Cuellar,0
986,,Kasey Wells,0
986,,Over Votes,0
986,,President R. Boddie,0
986,,Robert Morrow,0
986,,Tom Hoefling,0
986,,Under Votes,4
986,DEM,Joseph R. Biden,220
986,GRN,Howie Hawkins,0
986,LIB,Jo Jorgensen,2
986,REP,Donald J. Trump/Michael R. Pence,49
987,,Abram Loeb,0
987,,Gloria La Riva,0
987,,Jesse Cuellar,0
987,,Kasey Wells,0
987,,Over Votes,0
987,,President R. Boddie,0
987,,Robert Morrow,0
987,,Tom Hoefling,0
987,,Under Votes,6
987,DEM,Joseph R. Biden,618
987,GRN,Howie Hawkins,0
987,LIB,Jo Jorgensen,3
987,REP,Donald J. Trump/Michael R. Pence,82
988,,Abram Loeb,0
988,,Gloria La Riva,0
988,,Jesse Cuellar,0
988,,Kasey Wells,0
988,,Over Votes,0
988,,President R. Boddie,0
988,,Robert Morrow,0
988,,Tom Hoefling,0
988,,Under Votes,1
988,DEM,Joseph R. Biden,8
988,GRN,Howie Hawkins,0
988,LIB,Jo Jorgensen,2
988,REP,Donald J. Trump/Michael R. Pence,74
989,,Abram Loeb,0
989,,Gloria La Riva,0
989,,Jesse Cuellar,0
989,,Kasey Wells,0
989,,Over Votes,0
989,,President R. Boddie,0
989,,Robert Morrow,0
989,,Tom Hoefling,0
989,,Under Votes,0
989,DEM,Joseph R. Biden,0
989,GRN,Howie Hawkins,0
989,LIB,Jo Jorgensen,0
989,REP,Donald J. Trump/Michael R. Pence,0
99,,Abram Loeb,0
99,,Gloria La Riva,0
99,,Jesse Cuellar,0
99,,Kasey Wells,0
99,,Over Votes,1
99,,President R. Boddie,0
99,,Robert Morrow,0
99,,Tom Hoefling,0
99,,Under Votes,19
99,DEM,Joseph R. Biden,573
99,GRN,Howie Hawkins,4
99,LIB,Jo Jorgensen,12
99,REP,Donald J. Trump/Michael R. Pence,502
990,,Abram Loeb,0
990,,Gloria La Riva,0
990,,Jesse Cuellar,0
990,,Kasey Wells,0
990,,Over Votes,0
990,,President R. Boddie,0
990,,Robert Morrow,0
990,,Tom Hoefling,0
990,,Under Votes,0
990,DEM,Joseph R. Biden,16
990,GRN,Howie Hawkins,0
990,LIB,Jo Jorgensen,0
990,REP,Donald J. Trump/Michael R. Pence,23
991,,Abram Loeb,0
991,,Gloria La Riva,0
991,,Jesse Cuellar,0
991,,Kasey Wells,0
991,,Over Votes,0
991,,President R. Boddie,0
991,,Robert Morrow,0
991,,Tom Hoefling,0
991,,Under Votes,0
991,DEM,Joseph R. Biden,1
991,GRN,Howie Hawkins,0
991,LIB,Jo Jorgensen,1
991,REP,Donald J. Trump/Michael R. Pence,2
992,,Abram Loeb,0
992,,Gloria La Riva,0
992,,Jesse Cuellar,0
992,,Kasey Wells,0
992,,Over Votes,1
992,,President R. Boddie,0
992,,Robert Morrow,0
992,,Tom Hoefling,0
992,,Under Votes,11
992,DEM,Joseph R. Biden,386
992,GRN,Howie Hawkins,5
992,LIB,Jo Jorgensen,7
992,REP,Donald J. Trump/Michael R. Pence,315
993,,Abram Loeb,0
993,,Gloria La Riva,0
993,,Jesse Cuellar,0
993,,Kasey Wells,0
993,,Over Votes,0
993,,President R. Boddie,0
993,,Robert Morrow,0
993,,Tom Hoefling,0
993,,Under Votes,0
993,DEM,Joseph R. Biden,0
993,GRN,Howie Hawkins,0
993,LIB,Jo Jorgensen,0
993,REP,Donald J. Trump/Michael R. Pence,0
994,,Abram Loeb,0
994,,Gloria La Riva,0
994,,Jesse Cuellar,0
994,,Kasey Wells,0
994,,Over Votes,0
994,,President R. Boddie,0
994,,Robert Morrow,0
994,,Tom Hoefling,0
994,,Under Votes,4
994,DEM,Joseph R. Biden,172
994,GRN,Howie Hawkins,1
994,LIB,Jo Jorgensen,0
994,REP,Donald J. Trump/Michael R. Pence,48
995,,Abram Loeb,0
995,,Gloria La Riva,0
995,,Jesse Cuellar,0
995,,Kasey Wells,0
995,,Over Votes,1
995,,President R. Boddie,0
995,,Robert Morrow,0
995,,Tom Hoefling,0
995,,Under Votes,6
995,DEM,Joseph R. Biden,1249
995,GRN,Howie Hawkins,3
995,LIB,Jo Jorgensen,8
995,REP,Donald J. Trump/Michael R. Pence,146
996,,Abram Loeb,0
996,,Gloria La Riva,0
996,,Jesse Cuellar,0
996,,Kasey Wells,0
996,,Over Votes,0
996,,President R. Boddie,0
996,,Robert Morrow,0
996,,Tom Hoefling,0
996,,Under Votes,7
996,DEM,Joseph R. Biden,276
996,GRN,Howie Hawkins,0
996,LIB,Jo Jorgensen,7
996,REP,Donald J. Trump/Michael R. Pence,261
997,,Abram Loeb,0
997,,Gloria La Riva,0
997,,Jesse Cuellar,0
997,,Kasey Wells,0
997,,Over Votes,0
997,,President R. Boddie,0
997,,Robert Morrow,0
997,,Tom Hoefling,0
997,,Under Votes,14
997,DEM,Joseph R. Biden,766
997,GRN,Howie Hawkins,3
997,LIB,Jo Jorgensen,10
997,REP,Donald J. Trump/Michael R. Pence,116
998,,Abram Loeb,0
998,,Gloria La Riva,0
998,,Jesse Cuellar,0
998,,Kasey Wells,0
998,,Over Votes,0
998,,President R. Boddie,0
998,,Robert Morrow,0
998,,Tom Hoefling,0
998,,Under Votes,0
998,DEM,Joseph R. Biden,26
998,GRN,Howie Hawkins,0
998,LIB,Jo Jorgensen,3
998,REP,Donald J. Trump/Michael R. Pence,37
999,,Abram Loeb,0
999,,Gloria La Riva,0
999,,Jesse Cuellar,0
999,,Kasey Wells,0
999,,Over Votes,0
999,,President R. Boddie,0
999,,Robert Morrow,0
999,,Tom Hoefling,0
999,,Under Votes,0
999,DEM,Joseph R. Biden,0
999,GRN,Howie Hawkins,0
999,LIB,Jo Jorgensen,0
999,REP,Donald J. Trump/Michael R. Pence,0
