precinct,party,candidate,votes
1,,Over Votes,0
1,,Under Votes,76
1,DEM,Chrysta Casta?eda,1659
1,GRN,Katija 'Kat' Gruene,38
1,LIB,Matt Sterett,89
1,REP,James 'Jim' Wright,857
10,,Over Votes,0
10,,Under Votes,61
10,DEM,Chrysta Casta?eda,753
10,GRN,Katija 'Kat' Gruene,21
10,LIB,Matt Sterett,16
10,REP,James 'Jim' Wright,212
100,,Over Votes,0
100,,Under Votes,51
100,DEM,Chrysta Casta?eda,461
100,GRN,Katija 'Kat' Gruene,12
100,LIB,Matt Sterett,16
100,REP,James 'Jim' Wright,382
1000,,Over Votes,0
1000,,Under Votes,16
1000,DEM,Chrysta Casta?eda,160
1000,GRN,Katija 'Kat' Gruene,2
1000,LIB,Matt Sterett,7
1000,REP,James 'Jim' Wright,44
1001,,Over Votes,0
1001,,Under Votes,53
1001,DEM,Chrysta Casta?eda,646
1001,GRN,Katija 'Kat' Gruene,16
1001,LIB,Matt Sterett,14
1001,REP,James 'Jim' Wright,238
1002,,Over Votes,1
1002,,Under Votes,48
1002,DEM,Chrysta Casta?eda,589
1002,GRN,Katija 'Kat' Gruene,17
1002,LIB,Matt Sterett,15
1002,REP,James 'Jim' Wright,167
1003,,Over Votes,0
1003,,Under Votes,0
1003,DEM,Chrysta Casta?eda,1
1003,GRN,Katija 'Kat' Gruene,0
1003,LIB,Matt Sterett,0
1003,REP,James 'Jim' Wright,0
1004,,Over Votes,0
1004,,Under Votes,23
1004,DEM,Chrysta Casta?eda,302
1004,GRN,Katija 'Kat' Gruene,7
1004,LIB,Matt Sterett,16
1004,REP,James 'Jim' Wright,247
1005,,Over Votes,0
1005,,Under Votes,0
1005,DEM,Chrysta Casta?eda,0
1005,GRN,Katija 'Kat' Gruene,0
1005,LIB,Matt Sterett,0
1005,REP,James 'Jim' Wright,0
1006,,Over Votes,0
1006,,Under Votes,0
1006,DEM,Chrysta Casta?eda,0
1006,GRN,Katija 'Kat' Gruene,0
1006,LIB,Matt Sterett,0
1006,REP,James 'Jim' Wright,0
1007,,Over Votes,0
1007,,Under Votes,39
1007,DEM,Chrysta Casta?eda,977
1007,GRN,Katija 'Kat' Gruene,25
1007,LIB,Matt Sterett,28
1007,REP,James 'Jim' Wright,285
1008,,Over Votes,0
1008,,Under Votes,24
1008,DEM,Chrysta Casta?eda,210
1008,GRN,Katija 'Kat' Gruene,6
1008,LIB,Matt Sterett,12
1008,REP,James 'Jim' Wright,748
1009,,Over Votes,0
1009,,Under Votes,0
1009,DEM,Chrysta Casta?eda,0
1009,GRN,Katija 'Kat' Gruene,0
1009,LIB,Matt Sterett,0
1009,REP,James 'Jim' Wright,0
101,,Over Votes,0
101,,Under Votes,14
101,DEM,Chrysta Casta?eda,268
101,GRN,Katija 'Kat' Gruene,7
101,LIB,Matt Sterett,7
101,REP,James 'Jim' Wright,82
1010,,Over Votes,0
1010,,Under Votes,30
1010,DEM,Chrysta Casta?eda,592
1010,GRN,Katija 'Kat' Gruene,14
1010,LIB,Matt Sterett,13
1010,REP,James 'Jim' Wright,159
1011,,Over Votes,0
1011,,Under Votes,0
1011,DEM,Chrysta Casta?eda,6
1011,GRN,Katija 'Kat' Gruene,0
1011,LIB,Matt Sterett,2
1011,REP,James 'Jim' Wright,10
1012,,Over Votes,0
1012,,Under Votes,75
1012,DEM,Chrysta Casta?eda,680
1012,GRN,Katija 'Kat' Gruene,23
1012,LIB,Matt Sterett,20
1012,REP,James 'Jim' Wright,354
102,,Over Votes,0
102,,Under Votes,47
102,DEM,Chrysta Casta?eda,551
102,GRN,Katija 'Kat' Gruene,16
102,LIB,Matt Sterett,18
102,REP,James 'Jim' Wright,244
103,,Over Votes,0
103,,Under Votes,109
103,DEM,Chrysta Casta?eda,2169
103,GRN,Katija 'Kat' Gruene,44
103,LIB,Matt Sterett,76
103,REP,James 'Jim' Wright,2026
104,,Over Votes,0
104,,Under Votes,46
104,DEM,Chrysta Casta?eda,1032
104,GRN,Katija 'Kat' Gruene,11
104,LIB,Matt Sterett,9
104,REP,James 'Jim' Wright,63
105,,Over Votes,0
105,,Under Votes,81
105,DEM,Chrysta Casta?eda,861
105,GRN,Katija 'Kat' Gruene,15
105,LIB,Matt Sterett,17
105,REP,James 'Jim' Wright,372
106,,Over Votes,0
106,,Under Votes,6
106,DEM,Chrysta Casta?eda,74
106,GRN,Katija 'Kat' Gruene,3
106,LIB,Matt Sterett,2
106,REP,James 'Jim' Wright,60
107,,Over Votes,0
107,,Under Votes,64
107,DEM,Chrysta Casta?eda,803
107,GRN,Katija 'Kat' Gruene,19
107,LIB,Matt Sterett,17
107,REP,James 'Jim' Wright,234
108,,Over Votes,0
108,,Under Votes,80
108,DEM,Chrysta Casta?eda,1098
108,GRN,Katija 'Kat' Gruene,30
108,LIB,Matt Sterett,48
108,REP,James 'Jim' Wright,968
109,,Over Votes,0
109,,Under Votes,67
109,DEM,Chrysta Casta?eda,1354
109,GRN,Katija 'Kat' Gruene,17
109,LIB,Matt Sterett,20
109,REP,James 'Jim' Wright,72
11,,Over Votes,0
11,,Under Votes,55
11,DEM,Chrysta Casta?eda,776
11,GRN,Katija 'Kat' Gruene,21
11,LIB,Matt Sterett,21
11,REP,James 'Jim' Wright,219
110,,Over Votes,0
110,,Under Votes,72
110,DEM,Chrysta Casta?eda,1225
110,GRN,Katija 'Kat' Gruene,24
110,LIB,Matt Sterett,50
110,REP,James 'Jim' Wright,1204
111,,Over Votes,0
111,,Under Votes,151
111,DEM,Chrysta Casta?eda,1561
111,GRN,Katija 'Kat' Gruene,42
111,LIB,Matt Sterett,108
111,REP,James 'Jim' Wright,3032
112,,Over Votes,1
112,,Under Votes,84
112,DEM,Chrysta Casta?eda,894
112,GRN,Katija 'Kat' Gruene,33
112,LIB,Matt Sterett,79
112,REP,James 'Jim' Wright,1367
113,,Over Votes,1
113,,Under Votes,61
113,DEM,Chrysta Casta?eda,987
113,GRN,Katija 'Kat' Gruene,25
113,LIB,Matt Sterett,33
113,REP,James 'Jim' Wright,903
114,,Over Votes,0
114,,Under Votes,109
114,DEM,Chrysta Casta?eda,1184
114,GRN,Katija 'Kat' Gruene,39
114,LIB,Matt Sterett,112
114,REP,James 'Jim' Wright,2775
115,,Over Votes,0
115,,Under Votes,41
115,DEM,Chrysta Casta?eda,734
115,GRN,Katija 'Kat' Gruene,12
115,LIB,Matt Sterett,14
115,REP,James 'Jim' Wright,156
116,,Over Votes,0
116,,Under Votes,75
116,DEM,Chrysta Casta?eda,763
116,GRN,Katija 'Kat' Gruene,11
116,LIB,Matt Sterett,38
116,REP,James 'Jim' Wright,1872
117,,Over Votes,0
117,,Under Votes,60
117,DEM,Chrysta Casta?eda,649
117,GRN,Katija 'Kat' Gruene,20
117,LIB,Matt Sterett,23
117,REP,James 'Jim' Wright,353
118,,Over Votes,0
118,,Under Votes,63
118,DEM,Chrysta Casta?eda,1698
118,GRN,Katija 'Kat' Gruene,26
118,LIB,Matt Sterett,65
118,REP,James 'Jim' Wright,1303
119,,Over Votes,0
119,,Under Votes,119
119,DEM,Chrysta Casta?eda,1254
119,GRN,Katija 'Kat' Gruene,53
119,LIB,Matt Sterett,95
119,REP,James 'Jim' Wright,3041
12,,Over Votes,0
12,,Under Votes,18
12,DEM,Chrysta Casta?eda,216
12,GRN,Katija 'Kat' Gruene,1
12,LIB,Matt Sterett,8
12,REP,James 'Jim' Wright,189
120,,Over Votes,0
120,,Under Votes,187
120,DEM,Chrysta Casta?eda,1558
120,GRN,Katija 'Kat' Gruene,42
120,LIB,Matt Sterett,100
120,REP,James 'Jim' Wright,1784
121,,Over Votes,0
121,,Under Votes,35
121,DEM,Chrysta Casta?eda,271
121,GRN,Katija 'Kat' Gruene,10
121,LIB,Matt Sterett,28
121,REP,James 'Jim' Wright,461
122,,Over Votes,0
122,,Under Votes,46
122,DEM,Chrysta Casta?eda,919
122,GRN,Katija 'Kat' Gruene,11
122,LIB,Matt Sterett,14
122,REP,James 'Jim' Wright,75
123,,Over Votes,0
123,,Under Votes,47
123,DEM,Chrysta Casta?eda,866
123,GRN,Katija 'Kat' Gruene,22
123,LIB,Matt Sterett,26
123,REP,James 'Jim' Wright,254
124,,Over Votes,0
124,,Under Votes,115
124,DEM,Chrysta Casta?eda,1158
124,GRN,Katija 'Kat' Gruene,36
124,LIB,Matt Sterett,111
124,REP,James 'Jim' Wright,3486
125,,Over Votes,0
125,,Under Votes,81
125,DEM,Chrysta Casta?eda,875
125,GRN,Katija 'Kat' Gruene,35
125,LIB,Matt Sterett,46
125,REP,James 'Jim' Wright,854
126,,Over Votes,0
126,,Under Votes,78
126,DEM,Chrysta Casta?eda,626
126,GRN,Katija 'Kat' Gruene,19
126,LIB,Matt Sterett,59
126,REP,James 'Jim' Wright,2635
127,,Over Votes,2
127,,Under Votes,68
127,DEM,Chrysta Casta?eda,381
127,GRN,Katija 'Kat' Gruene,14
127,LIB,Matt Sterett,26
127,REP,James 'Jim' Wright,976
128,,Over Votes,0
128,,Under Votes,80
128,DEM,Chrysta Casta?eda,939
128,GRN,Katija 'Kat' Gruene,15
128,LIB,Matt Sterett,28
128,REP,James 'Jim' Wright,1018
129,,Over Votes,0
129,,Under Votes,147
129,DEM,Chrysta Casta?eda,1839
129,GRN,Katija 'Kat' Gruene,72
129,LIB,Matt Sterett,79
129,REP,James 'Jim' Wright,2124
13,,Over Votes,0
13,,Under Votes,75
13,DEM,Chrysta Casta?eda,651
13,GRN,Katija 'Kat' Gruene,18
13,LIB,Matt Sterett,32
13,REP,James 'Jim' Wright,1074
130,,Over Votes,0
130,,Under Votes,57
130,DEM,Chrysta Casta?eda,570
130,GRN,Katija 'Kat' Gruene,14
130,LIB,Matt Sterett,21
130,REP,James 'Jim' Wright,1224
131,,Over Votes,0
131,,Under Votes,47
131,DEM,Chrysta Casta?eda,1071
131,GRN,Katija 'Kat' Gruene,25
131,LIB,Matt Sterett,27
131,REP,James 'Jim' Wright,291
132,,Over Votes,0
132,,Under Votes,43
132,DEM,Chrysta Casta?eda,1240
132,GRN,Katija 'Kat' Gruene,17
132,LIB,Matt Sterett,16
132,REP,James 'Jim' Wright,66
133,,Over Votes,0
133,,Under Votes,80
133,DEM,Chrysta Casta?eda,1143
133,GRN,Katija 'Kat' Gruene,21
133,LIB,Matt Sterett,34
133,REP,James 'Jim' Wright,1139
134,,Over Votes,1
134,,Under Votes,49
134,DEM,Chrysta Casta?eda,621
134,GRN,Katija 'Kat' Gruene,14
134,LIB,Matt Sterett,21
134,REP,James 'Jim' Wright,394
135,,Over Votes,0
135,,Under Votes,89
135,DEM,Chrysta Casta?eda,1100
135,GRN,Katija 'Kat' Gruene,23
135,LIB,Matt Sterett,63
135,REP,James 'Jim' Wright,1595
136,,Over Votes,0
136,,Under Votes,33
136,DEM,Chrysta Casta?eda,1225
136,GRN,Katija 'Kat' Gruene,32
136,LIB,Matt Sterett,22
136,REP,James 'Jim' Wright,92
137,,Over Votes,0
137,,Under Votes,51
137,DEM,Chrysta Casta?eda,688
137,GRN,Katija 'Kat' Gruene,15
137,LIB,Matt Sterett,38
137,REP,James 'Jim' Wright,1158
138,,Over Votes,0
138,,Under Votes,48
138,DEM,Chrysta Casta?eda,743
138,GRN,Katija 'Kat' Gruene,11
138,LIB,Matt Sterett,12
138,REP,James 'Jim' Wright,68
139,,Over Votes,0
139,,Under Votes,110
139,DEM,Chrysta Casta?eda,1827
139,GRN,Katija 'Kat' Gruene,36
139,LIB,Matt Sterett,71
139,REP,James 'Jim' Wright,1249
14,,Over Votes,0
14,,Under Votes,66
14,DEM,Chrysta Casta?eda,823
14,GRN,Katija 'Kat' Gruene,28
14,LIB,Matt Sterett,40
14,REP,James 'Jim' Wright,625
140,,Over Votes,3
140,,Under Votes,66
140,DEM,Chrysta Casta?eda,1921
140,GRN,Katija 'Kat' Gruene,49
140,LIB,Matt Sterett,47
140,REP,James 'Jim' Wright,379
141,,Over Votes,0
141,,Under Votes,30
141,DEM,Chrysta Casta?eda,167
141,GRN,Katija 'Kat' Gruene,4
141,LIB,Matt Sterett,7
141,REP,James 'Jim' Wright,250
142,,Over Votes,1
142,,Under Votes,35
142,DEM,Chrysta Casta?eda,335
142,GRN,Katija 'Kat' Gruene,11
142,LIB,Matt Sterett,4
142,REP,James 'Jim' Wright,125
143,,Over Votes,0
143,,Under Votes,114
143,DEM,Chrysta Casta?eda,1830
143,GRN,Katija 'Kat' Gruene,47
143,LIB,Matt Sterett,80
143,REP,James 'Jim' Wright,2328
144,,Over Votes,0
144,,Under Votes,18
144,DEM,Chrysta Casta?eda,505
144,GRN,Katija 'Kat' Gruene,6
144,LIB,Matt Sterett,11
144,REP,James 'Jim' Wright,31
145,,Over Votes,0
145,,Under Votes,42
145,DEM,Chrysta Casta?eda,704
145,GRN,Katija 'Kat' Gruene,5
145,LIB,Matt Sterett,18
145,REP,James 'Jim' Wright,34
146,,Over Votes,0
146,,Under Votes,66
146,DEM,Chrysta Casta?eda,953
146,GRN,Katija 'Kat' Gruene,35
146,LIB,Matt Sterett,29
146,REP,James 'Jim' Wright,587
147,,Over Votes,1
147,,Under Votes,70
147,DEM,Chrysta Casta?eda,1572
147,GRN,Katija 'Kat' Gruene,37
147,LIB,Matt Sterett,34
147,REP,James 'Jim' Wright,278
148,,Over Votes,0
148,,Under Votes,74
148,DEM,Chrysta Casta?eda,1363
148,GRN,Katija 'Kat' Gruene,22
148,LIB,Matt Sterett,31
148,REP,James 'Jim' Wright,674
149,,Over Votes,0
149,,Under Votes,213
149,DEM,Chrysta Casta?eda,3468
149,GRN,Katija 'Kat' Gruene,84
149,LIB,Matt Sterett,169
149,REP,James 'Jim' Wright,3846
15,,Over Votes,1
15,,Under Votes,101
15,DEM,Chrysta Casta?eda,1263
15,GRN,Katija 'Kat' Gruene,20
15,LIB,Matt Sterett,29
15,REP,James 'Jim' Wright,1230
150,,Over Votes,0
150,,Under Votes,35
150,DEM,Chrysta Casta?eda,767
150,GRN,Katija 'Kat' Gruene,20
150,LIB,Matt Sterett,8
150,REP,James 'Jim' Wright,50
151,,Over Votes,0
151,,Under Votes,19
151,DEM,Chrysta Casta?eda,354
151,GRN,Katija 'Kat' Gruene,6
151,LIB,Matt Sterett,4
151,REP,James 'Jim' Wright,45
152,,Over Votes,0
152,,Under Votes,108
152,DEM,Chrysta Casta?eda,1018
152,GRN,Katija 'Kat' Gruene,26
152,LIB,Matt Sterett,32
152,REP,James 'Jim' Wright,364
153,,Over Votes,0
153,,Under Votes,59
153,DEM,Chrysta Casta?eda,665
153,GRN,Katija 'Kat' Gruene,22
153,LIB,Matt Sterett,16
153,REP,James 'Jim' Wright,285
154,,Over Votes,0
154,,Under Votes,76
154,DEM,Chrysta Casta?eda,919
154,GRN,Katija 'Kat' Gruene,16
154,LIB,Matt Sterett,22
154,REP,James 'Jim' Wright,303
155,,Over Votes,0
155,,Under Votes,130
155,DEM,Chrysta Casta?eda,1298
155,GRN,Katija 'Kat' Gruene,29
155,LIB,Matt Sterett,59
155,REP,James 'Jim' Wright,1945
156,,Over Votes,0
156,,Under Votes,73
156,DEM,Chrysta Casta?eda,1831
156,GRN,Katija 'Kat' Gruene,33
156,LIB,Matt Sterett,39
156,REP,James 'Jim' Wright,110
157,,Over Votes,0
157,,Under Votes,53
157,DEM,Chrysta Casta?eda,1115
157,GRN,Katija 'Kat' Gruene,21
157,LIB,Matt Sterett,20
157,REP,James 'Jim' Wright,107
158,,Over Votes,0
158,,Under Votes,37
158,DEM,Chrysta Casta?eda,1433
158,GRN,Katija 'Kat' Gruene,24
158,LIB,Matt Sterett,24
158,REP,James 'Jim' Wright,66
159,,Over Votes,0
159,,Under Votes,41
159,DEM,Chrysta Casta?eda,571
159,GRN,Katija 'Kat' Gruene,12
159,LIB,Matt Sterett,18
159,REP,James 'Jim' Wright,152
16,,Over Votes,0
16,,Under Votes,47
16,DEM,Chrysta Casta?eda,1027
16,GRN,Katija 'Kat' Gruene,21
16,LIB,Matt Sterett,52
16,REP,James 'Jim' Wright,668
160,,Over Votes,0
160,,Under Votes,19
160,DEM,Chrysta Casta?eda,338
160,GRN,Katija 'Kat' Gruene,5
160,LIB,Matt Sterett,4
160,REP,James 'Jim' Wright,23
161,,Over Votes,0
161,,Under Votes,30
161,DEM,Chrysta Casta?eda,533
161,GRN,Katija 'Kat' Gruene,11
161,LIB,Matt Sterett,10
161,REP,James 'Jim' Wright,50
162,,Over Votes,0
162,,Under Votes,51
162,DEM,Chrysta Casta?eda,450
162,GRN,Katija 'Kat' Gruene,6
162,LIB,Matt Sterett,13
162,REP,James 'Jim' Wright,237
163,,Over Votes,1
163,,Under Votes,155
163,DEM,Chrysta Casta?eda,961
163,GRN,Katija 'Kat' Gruene,16
163,LIB,Matt Sterett,25
163,REP,James 'Jim' Wright,591
164,,Over Votes,3
164,,Under Votes,32
164,DEM,Chrysta Casta?eda,626
164,GRN,Katija 'Kat' Gruene,18
164,LIB,Matt Sterett,8
164,REP,James 'Jim' Wright,46
165,,Over Votes,0
165,,Under Votes,69
165,DEM,Chrysta Casta?eda,755
165,GRN,Katija 'Kat' Gruene,30
165,LIB,Matt Sterett,37
165,REP,James 'Jim' Wright,976
166,,Over Votes,0
166,,Under Votes,42
166,DEM,Chrysta Casta?eda,664
166,GRN,Katija 'Kat' Gruene,12
166,LIB,Matt Sterett,37
166,REP,James 'Jim' Wright,339
167,,Over Votes,0
167,,Under Votes,1
167,DEM,Chrysta Casta?eda,6
167,GRN,Katija 'Kat' Gruene,0
167,LIB,Matt Sterett,0
167,REP,James 'Jim' Wright,2
168,,Over Votes,0
168,,Under Votes,16
168,DEM,Chrysta Casta?eda,220
168,GRN,Katija 'Kat' Gruene,4
168,LIB,Matt Sterett,3
168,REP,James 'Jim' Wright,10
169,,Over Votes,4
169,,Under Votes,71
169,DEM,Chrysta Casta?eda,1174
169,GRN,Katija 'Kat' Gruene,21
169,LIB,Matt Sterett,17
169,REP,James 'Jim' Wright,76
17,,Over Votes,0
17,,Under Votes,22
17,DEM,Chrysta Casta?eda,491
17,GRN,Katija 'Kat' Gruene,11
17,LIB,Matt Sterett,22
17,REP,James 'Jim' Wright,308
170,,Over Votes,0
170,,Under Votes,61
170,DEM,Chrysta Casta?eda,522
170,GRN,Katija 'Kat' Gruene,18
170,LIB,Matt Sterett,22
170,REP,James 'Jim' Wright,507
171,,Over Votes,0
171,,Under Votes,33
171,DEM,Chrysta Casta?eda,628
171,GRN,Katija 'Kat' Gruene,10
171,LIB,Matt Sterett,6
171,REP,James 'Jim' Wright,70
172,,Over Votes,0
172,,Under Votes,30
172,DEM,Chrysta Casta?eda,279
172,GRN,Katija 'Kat' Gruene,3
172,LIB,Matt Sterett,3
172,REP,James 'Jim' Wright,110
173,,Over Votes,0
173,,Under Votes,120
173,DEM,Chrysta Casta?eda,1052
173,GRN,Katija 'Kat' Gruene,31
173,LIB,Matt Sterett,96
173,REP,James 'Jim' Wright,2761
174,,Over Votes,0
174,,Under Votes,112
174,DEM,Chrysta Casta?eda,1125
174,GRN,Katija 'Kat' Gruene,22
174,LIB,Matt Sterett,52
174,REP,James 'Jim' Wright,1597
175,,Over Votes,0
175,,Under Votes,82
175,DEM,Chrysta Casta?eda,1151
175,GRN,Katija 'Kat' Gruene,20
175,LIB,Matt Sterett,35
175,REP,James 'Jim' Wright,944
176,,Over Votes,0
176,,Under Votes,55
176,DEM,Chrysta Casta?eda,569
176,GRN,Katija 'Kat' Gruene,12
176,LIB,Matt Sterett,14
176,REP,James 'Jim' Wright,490
177,,Over Votes,1
177,,Under Votes,67
177,DEM,Chrysta Casta?eda,805
177,GRN,Katija 'Kat' Gruene,16
177,LIB,Matt Sterett,38
177,REP,James 'Jim' Wright,668
178,,Over Votes,1
178,,Under Votes,42
178,DEM,Chrysta Casta?eda,709
178,GRN,Katija 'Kat' Gruene,14
178,LIB,Matt Sterett,22
178,REP,James 'Jim' Wright,946
179,,Over Votes,0
179,,Under Votes,57
179,DEM,Chrysta Casta?eda,753
179,GRN,Katija 'Kat' Gruene,21
179,LIB,Matt Sterett,32
179,REP,James 'Jim' Wright,617
18,,Over Votes,0
18,,Under Votes,42
18,DEM,Chrysta Casta?eda,650
18,GRN,Katija 'Kat' Gruene,22
18,LIB,Matt Sterett,19
18,REP,James 'Jim' Wright,480
180,,Over Votes,0
180,,Under Votes,72
180,DEM,Chrysta Casta?eda,1291
180,GRN,Katija 'Kat' Gruene,29
180,LIB,Matt Sterett,25
180,REP,James 'Jim' Wright,104
181,,Over Votes,0
181,,Under Votes,74
181,DEM,Chrysta Casta?eda,844
181,GRN,Katija 'Kat' Gruene,20
181,LIB,Matt Sterett,23
181,REP,James 'Jim' Wright,333
182,,Over Votes,0
182,,Under Votes,152
182,DEM,Chrysta Casta?eda,1722
182,GRN,Katija 'Kat' Gruene,44
182,LIB,Matt Sterett,52
182,REP,James 'Jim' Wright,1513
183,,Over Votes,0
183,,Under Votes,82
183,DEM,Chrysta Casta?eda,910
183,GRN,Katija 'Kat' Gruene,13
183,LIB,Matt Sterett,28
183,REP,James 'Jim' Wright,1209
184,,Over Votes,0
184,,Under Votes,48
184,DEM,Chrysta Casta?eda,414
184,GRN,Katija 'Kat' Gruene,10
184,LIB,Matt Sterett,11
184,REP,James 'Jim' Wright,153
185,,Over Votes,0
185,,Under Votes,76
185,DEM,Chrysta Casta?eda,807
185,GRN,Katija 'Kat' Gruene,14
185,LIB,Matt Sterett,12
185,REP,James 'Jim' Wright,364
186,,Over Votes,1
186,,Under Votes,20
186,DEM,Chrysta Casta?eda,351
186,GRN,Katija 'Kat' Gruene,6
186,LIB,Matt Sterett,3
186,REP,James 'Jim' Wright,62
187,,Over Votes,0
187,,Under Votes,12
187,DEM,Chrysta Casta?eda,100
187,GRN,Katija 'Kat' Gruene,2
187,LIB,Matt Sterett,2
187,REP,James 'Jim' Wright,31
188,,Over Votes,0
188,,Under Votes,47
188,DEM,Chrysta Casta?eda,519
188,GRN,Katija 'Kat' Gruene,13
188,LIB,Matt Sterett,15
188,REP,James 'Jim' Wright,311
189,,Over Votes,0
189,,Under Votes,47
189,DEM,Chrysta Casta?eda,608
189,GRN,Katija 'Kat' Gruene,13
189,LIB,Matt Sterett,40
189,REP,James 'Jim' Wright,628
19,,Over Votes,0
19,,Under Votes,33
19,DEM,Chrysta Casta?eda,857
19,GRN,Katija 'Kat' Gruene,18
19,LIB,Matt Sterett,56
19,REP,James 'Jim' Wright,336
190,,Over Votes,0
190,,Under Votes,66
190,DEM,Chrysta Casta?eda,570
190,GRN,Katija 'Kat' Gruene,14
190,LIB,Matt Sterett,12
190,REP,James 'Jim' Wright,329
191,,Over Votes,0
191,,Under Votes,42
191,DEM,Chrysta Casta?eda,411
191,GRN,Katija 'Kat' Gruene,13
191,LIB,Matt Sterett,10
191,REP,James 'Jim' Wright,220
192,,Over Votes,1
192,,Under Votes,56
192,DEM,Chrysta Casta?eda,960
192,GRN,Katija 'Kat' Gruene,14
192,LIB,Matt Sterett,21
192,REP,James 'Jim' Wright,117
193,,Over Votes,0
193,,Under Votes,15
193,DEM,Chrysta Casta?eda,563
193,GRN,Katija 'Kat' Gruene,26
193,LIB,Matt Sterett,7
193,REP,James 'Jim' Wright,35
194,,Over Votes,0
194,,Under Votes,55
194,DEM,Chrysta Casta?eda,1418
194,GRN,Katija 'Kat' Gruene,27
194,LIB,Matt Sterett,48
194,REP,James 'Jim' Wright,425
195,,Over Votes,0
195,,Under Votes,56
195,DEM,Chrysta Casta?eda,911
195,GRN,Katija 'Kat' Gruene,28
195,LIB,Matt Sterett,29
195,REP,James 'Jim' Wright,140
196,,Over Votes,0
196,,Under Votes,17
196,DEM,Chrysta Casta?eda,194
196,GRN,Katija 'Kat' Gruene,6
196,LIB,Matt Sterett,3
196,REP,James 'Jim' Wright,36
197,,Over Votes,2
197,,Under Votes,65
197,DEM,Chrysta Casta?eda,1363
197,GRN,Katija 'Kat' Gruene,20
197,LIB,Matt Sterett,22
197,REP,James 'Jim' Wright,91
198,,Over Votes,0
198,,Under Votes,16
198,DEM,Chrysta Casta?eda,292
198,GRN,Katija 'Kat' Gruene,7
198,LIB,Matt Sterett,8
198,REP,James 'Jim' Wright,24
199,,Over Votes,0
199,,Under Votes,98
199,DEM,Chrysta Casta?eda,842
199,GRN,Katija 'Kat' Gruene,26
199,LIB,Matt Sterett,77
199,REP,James 'Jim' Wright,2057
2,,Over Votes,0
2,,Under Votes,50
2,DEM,Chrysta Casta?eda,962
2,GRN,Katija 'Kat' Gruene,26
2,LIB,Matt Sterett,69
2,REP,James 'Jim' Wright,488
20,,Over Votes,0
20,,Under Votes,63
20,DEM,Chrysta Casta?eda,1164
20,GRN,Katija 'Kat' Gruene,29
20,LIB,Matt Sterett,65
20,REP,James 'Jim' Wright,403
200,,Over Votes,0
200,,Under Votes,98
200,DEM,Chrysta Casta?eda,1874
200,GRN,Katija 'Kat' Gruene,39
200,LIB,Matt Sterett,91
200,REP,James 'Jim' Wright,1299
201,,Over Votes,0
201,,Under Votes,17
201,DEM,Chrysta Casta?eda,311
201,GRN,Katija 'Kat' Gruene,9
201,LIB,Matt Sterett,3
201,REP,James 'Jim' Wright,28
202,,Over Votes,0
202,,Under Votes,31
202,DEM,Chrysta Casta?eda,627
202,GRN,Katija 'Kat' Gruene,16
202,LIB,Matt Sterett,16
202,REP,James 'Jim' Wright,47
203,,Over Votes,0
203,,Under Votes,32
203,DEM,Chrysta Casta?eda,365
203,GRN,Katija 'Kat' Gruene,6
203,LIB,Matt Sterett,11
203,REP,James 'Jim' Wright,95
204,,Over Votes,0
204,,Under Votes,101
204,DEM,Chrysta Casta?eda,1426
204,GRN,Katija 'Kat' Gruene,42
204,LIB,Matt Sterett,77
204,REP,James 'Jim' Wright,1441
205,,Over Votes,0
205,,Under Votes,39
205,DEM,Chrysta Casta?eda,910
205,GRN,Katija 'Kat' Gruene,9
205,LIB,Matt Sterett,16
205,REP,James 'Jim' Wright,55
206,,Over Votes,0
206,,Under Votes,82
206,DEM,Chrysta Casta?eda,1516
206,GRN,Katija 'Kat' Gruene,33
206,LIB,Matt Sterett,82
206,REP,James 'Jim' Wright,680
207,,Over Votes,0
207,,Under Votes,34
207,DEM,Chrysta Casta?eda,584
207,GRN,Katija 'Kat' Gruene,14
207,LIB,Matt Sterett,18
207,REP,James 'Jim' Wright,241
208,,Over Votes,0
208,,Under Votes,199
208,DEM,Chrysta Casta?eda,794
208,GRN,Katija 'Kat' Gruene,22
208,LIB,Matt Sterett,22
208,REP,James 'Jim' Wright,396
209,,Over Votes,0
209,,Under Votes,0
209,DEM,Chrysta Casta?eda,0
209,GRN,Katija 'Kat' Gruene,0
209,LIB,Matt Sterett,0
209,REP,James 'Jim' Wright,0
21,,Over Votes,0
21,,Under Votes,26
21,DEM,Chrysta Casta?eda,707
21,GRN,Katija 'Kat' Gruene,25
21,LIB,Matt Sterett,28
21,REP,James 'Jim' Wright,165
210,,Over Votes,0
210,,Under Votes,67
210,DEM,Chrysta Casta?eda,1674
210,GRN,Katija 'Kat' Gruene,49
210,LIB,Matt Sterett,56
210,REP,James 'Jim' Wright,300
211,,Over Votes,0
211,,Under Votes,111
211,DEM,Chrysta Casta?eda,1064
211,GRN,Katija 'Kat' Gruene,30
211,LIB,Matt Sterett,35
211,REP,James 'Jim' Wright,625
212,,Over Votes,0
212,,Under Votes,52
212,DEM,Chrysta Casta?eda,464
212,GRN,Katija 'Kat' Gruene,8
212,LIB,Matt Sterett,15
212,REP,James 'Jim' Wright,170
213,,Over Votes,0
213,,Under Votes,79
213,DEM,Chrysta Casta?eda,708
213,GRN,Katija 'Kat' Gruene,17
213,LIB,Matt Sterett,39
213,REP,James 'Jim' Wright,2195
214,,Over Votes,0
214,,Under Votes,61
214,DEM,Chrysta Casta?eda,784
214,GRN,Katija 'Kat' Gruene,13
214,LIB,Matt Sterett,18
214,REP,James 'Jim' Wright,789
215,,Over Votes,0
215,,Under Votes,68
215,DEM,Chrysta Casta?eda,988
215,GRN,Katija 'Kat' Gruene,25
215,LIB,Matt Sterett,23
215,REP,James 'Jim' Wright,935
216,,Over Votes,0
216,,Under Votes,40
216,DEM,Chrysta Casta?eda,984
216,GRN,Katija 'Kat' Gruene,13
216,LIB,Matt Sterett,27
216,REP,James 'Jim' Wright,107
217,,Over Votes,0
217,,Under Votes,81
217,DEM,Chrysta Casta?eda,1024
217,GRN,Katija 'Kat' Gruene,17
217,LIB,Matt Sterett,34
217,REP,James 'Jim' Wright,1254
218,,Over Votes,0
218,,Under Votes,64
218,DEM,Chrysta Casta?eda,1284
218,GRN,Katija 'Kat' Gruene,36
218,LIB,Matt Sterett,32
218,REP,James 'Jim' Wright,439
219,,Over Votes,0
219,,Under Votes,60
219,DEM,Chrysta Casta?eda,1520
219,GRN,Katija 'Kat' Gruene,26
219,LIB,Matt Sterett,28
219,REP,James 'Jim' Wright,154
22,,Over Votes,1
22,,Under Votes,52
22,DEM,Chrysta Casta?eda,1226
22,GRN,Katija 'Kat' Gruene,22
22,LIB,Matt Sterett,25
22,REP,James 'Jim' Wright,220
220,,Over Votes,0
220,,Under Votes,62
220,DEM,Chrysta Casta?eda,437
220,GRN,Katija 'Kat' Gruene,21
220,LIB,Matt Sterett,26
220,REP,James 'Jim' Wright,749
221,,Over Votes,0
221,,Under Votes,92
221,DEM,Chrysta Casta?eda,1023
221,GRN,Katija 'Kat' Gruene,13
221,LIB,Matt Sterett,33
221,REP,James 'Jim' Wright,566
222,,Over Votes,0
222,,Under Votes,74
222,DEM,Chrysta Casta?eda,1365
222,GRN,Katija 'Kat' Gruene,18
222,LIB,Matt Sterett,44
222,REP,James 'Jim' Wright,949
223,,Over Votes,1
223,,Under Votes,97
223,DEM,Chrysta Casta?eda,1990
223,GRN,Katija 'Kat' Gruene,63
223,LIB,Matt Sterett,79
223,REP,James 'Jim' Wright,503
224,,Over Votes,0
224,,Under Votes,81
224,DEM,Chrysta Casta?eda,1281
224,GRN,Katija 'Kat' Gruene,26
224,LIB,Matt Sterett,32
224,REP,James 'Jim' Wright,740
225,,Over Votes,0
225,,Under Votes,75
225,DEM,Chrysta Casta?eda,1440
225,GRN,Katija 'Kat' Gruene,48
225,LIB,Matt Sterett,66
225,REP,James 'Jim' Wright,842
226,,Over Votes,0
226,,Under Votes,70
226,DEM,Chrysta Casta?eda,964
226,GRN,Katija 'Kat' Gruene,22
226,LIB,Matt Sterett,28
226,REP,James 'Jim' Wright,302
227,,Over Votes,0
227,,Under Votes,54
227,DEM,Chrysta Casta?eda,468
227,GRN,Katija 'Kat' Gruene,10
227,LIB,Matt Sterett,12
227,REP,James 'Jim' Wright,943
228,,Over Votes,0
228,,Under Votes,19
228,DEM,Chrysta Casta?eda,766
228,GRN,Katija 'Kat' Gruene,11
228,LIB,Matt Sterett,8
228,REP,James 'Jim' Wright,63
229,,Over Votes,0
229,,Under Votes,27
229,DEM,Chrysta Casta?eda,267
229,GRN,Katija 'Kat' Gruene,9
229,LIB,Matt Sterett,8
229,REP,James 'Jim' Wright,137
23,,Over Votes,0
23,,Under Votes,11
23,DEM,Chrysta Casta?eda,200
23,GRN,Katija 'Kat' Gruene,8
23,LIB,Matt Sterett,1
23,REP,James 'Jim' Wright,50
230,,Over Votes,0
230,,Under Votes,23
230,DEM,Chrysta Casta?eda,438
230,GRN,Katija 'Kat' Gruene,7
230,LIB,Matt Sterett,13
230,REP,James 'Jim' Wright,54
231,,Over Votes,0
231,,Under Votes,75
231,DEM,Chrysta Casta?eda,876
231,GRN,Katija 'Kat' Gruene,19
231,LIB,Matt Sterett,19
231,REP,James 'Jim' Wright,361
232,,Over Votes,0
232,,Under Votes,54
232,DEM,Chrysta Casta?eda,790
232,GRN,Katija 'Kat' Gruene,20
232,LIB,Matt Sterett,23
232,REP,James 'Jim' Wright,720
233,,Over Votes,0
233,,Under Votes,136
233,DEM,Chrysta Casta?eda,2690
233,GRN,Katija 'Kat' Gruene,81
233,LIB,Matt Sterett,124
233,REP,James 'Jim' Wright,1603
234,,Over Votes,0
234,,Under Votes,120
234,DEM,Chrysta Casta?eda,1228
234,GRN,Katija 'Kat' Gruene,22
234,LIB,Matt Sterett,36
234,REP,James 'Jim' Wright,2319
235,,Over Votes,0
235,,Under Votes,42
235,DEM,Chrysta Casta?eda,725
235,GRN,Katija 'Kat' Gruene,13
235,LIB,Matt Sterett,13
235,REP,James 'Jim' Wright,62
236,,Over Votes,0
236,,Under Votes,37
236,DEM,Chrysta Casta?eda,901
236,GRN,Katija 'Kat' Gruene,15
236,LIB,Matt Sterett,11
236,REP,James 'Jim' Wright,63
237,,Over Votes,1
237,,Under Votes,46
237,DEM,Chrysta Casta?eda,969
237,GRN,Katija 'Kat' Gruene,13
237,LIB,Matt Sterett,11
237,REP,James 'Jim' Wright,54
238,,Over Votes,0
238,,Under Votes,51
238,DEM,Chrysta Casta?eda,814
238,GRN,Katija 'Kat' Gruene,18
238,LIB,Matt Sterett,15
238,REP,James 'Jim' Wright,56
239,,Over Votes,1
239,,Under Votes,45
239,DEM,Chrysta Casta?eda,886
239,GRN,Katija 'Kat' Gruene,11
239,LIB,Matt Sterett,20
239,REP,James 'Jim' Wright,59
24,,Over Votes,0
24,,Under Votes,13
24,DEM,Chrysta Casta?eda,472
24,GRN,Katija 'Kat' Gruene,16
24,LIB,Matt Sterett,20
24,REP,James 'Jim' Wright,87
240,,Over Votes,0
240,,Under Votes,54
240,DEM,Chrysta Casta?eda,1267
240,GRN,Katija 'Kat' Gruene,23
240,LIB,Matt Sterett,21
240,REP,James 'Jim' Wright,75
241,,Over Votes,0
241,,Under Votes,57
241,DEM,Chrysta Casta?eda,787
241,GRN,Katija 'Kat' Gruene,13
241,LIB,Matt Sterett,16
241,REP,James 'Jim' Wright,420
242,,Over Votes,0
242,,Under Votes,54
242,DEM,Chrysta Casta?eda,503
242,GRN,Katija 'Kat' Gruene,16
242,LIB,Matt Sterett,16
242,REP,James 'Jim' Wright,403
243,,Over Votes,0
243,,Under Votes,9
243,DEM,Chrysta Casta?eda,351
243,GRN,Katija 'Kat' Gruene,7
243,LIB,Matt Sterett,4
243,REP,James 'Jim' Wright,15
244,,Over Votes,0
244,,Under Votes,73
244,DEM,Chrysta Casta?eda,1207
244,GRN,Katija 'Kat' Gruene,21
244,LIB,Matt Sterett,48
244,REP,James 'Jim' Wright,976
245,,Over Votes,0
245,,Under Votes,116
245,DEM,Chrysta Casta?eda,1297
245,GRN,Katija 'Kat' Gruene,40
245,LIB,Matt Sterett,90
245,REP,James 'Jim' Wright,2014
246,,Over Votes,2
246,,Under Votes,116
246,DEM,Chrysta Casta?eda,1503
246,GRN,Katija 'Kat' Gruene,37
246,LIB,Matt Sterett,60
246,REP,James 'Jim' Wright,1761
247,,Over Votes,0
247,,Under Votes,39
247,DEM,Chrysta Casta?eda,681
247,GRN,Katija 'Kat' Gruene,22
247,LIB,Matt Sterett,18
247,REP,James 'Jim' Wright,39
248,,Over Votes,0
248,,Under Votes,80
248,DEM,Chrysta Casta?eda,573
248,GRN,Katija 'Kat' Gruene,13
248,LIB,Matt Sterett,33
248,REP,James 'Jim' Wright,266
249,,Over Votes,0
249,,Under Votes,67
249,DEM,Chrysta Casta?eda,659
249,GRN,Katija 'Kat' Gruene,13
249,LIB,Matt Sterett,50
249,REP,James 'Jim' Wright,1009
25,,Over Votes,0
25,,Under Votes,24
25,DEM,Chrysta Casta?eda,424
25,GRN,Katija 'Kat' Gruene,2
25,LIB,Matt Sterett,5
25,REP,James 'Jim' Wright,32
250,,Over Votes,0
250,,Under Votes,21
250,DEM,Chrysta Casta?eda,443
250,GRN,Katija 'Kat' Gruene,12
250,LIB,Matt Sterett,9
250,REP,James 'Jim' Wright,40
251,,Over Votes,1
251,,Under Votes,67
251,DEM,Chrysta Casta?eda,1134
251,GRN,Katija 'Kat' Gruene,14
251,LIB,Matt Sterett,22
251,REP,James 'Jim' Wright,228
252,,Over Votes,1
252,,Under Votes,73
252,DEM,Chrysta Casta?eda,1101
252,GRN,Katija 'Kat' Gruene,13
252,LIB,Matt Sterett,15
252,REP,James 'Jim' Wright,55
253,,Over Votes,3
253,,Under Votes,48
253,DEM,Chrysta Casta?eda,967
253,GRN,Katija 'Kat' Gruene,12
253,LIB,Matt Sterett,23
253,REP,James 'Jim' Wright,65
254,,Over Votes,2
254,,Under Votes,48
254,DEM,Chrysta Casta?eda,568
254,GRN,Katija 'Kat' Gruene,10
254,LIB,Matt Sterett,10
254,REP,James 'Jim' Wright,209
255,,Over Votes,0
255,,Under Votes,50
255,DEM,Chrysta Casta?eda,1196
255,GRN,Katija 'Kat' Gruene,26
255,LIB,Matt Sterett,44
255,REP,James 'Jim' Wright,709
256,,Over Votes,0
256,,Under Votes,128
256,DEM,Chrysta Casta?eda,1282
256,GRN,Katija 'Kat' Gruene,33
256,LIB,Matt Sterett,51
256,REP,James 'Jim' Wright,699
257,,Over Votes,0
257,,Under Votes,112
257,DEM,Chrysta Casta?eda,1348
257,GRN,Katija 'Kat' Gruene,24
257,LIB,Matt Sterett,26
257,REP,James 'Jim' Wright,500
258,,Over Votes,0
258,,Under Votes,108
258,DEM,Chrysta Casta?eda,854
258,GRN,Katija 'Kat' Gruene,26
258,LIB,Matt Sterett,35
258,REP,James 'Jim' Wright,1856
259,,Over Votes,0
259,,Under Votes,52
259,DEM,Chrysta Casta?eda,1316
259,GRN,Katija 'Kat' Gruene,15
259,LIB,Matt Sterett,17
259,REP,James 'Jim' Wright,59
26,,Over Votes,0
26,,Under Votes,49
26,DEM,Chrysta Casta?eda,1010
26,GRN,Katija 'Kat' Gruene,36
26,LIB,Matt Sterett,30
26,REP,James 'Jim' Wright,285
260,,Over Votes,0
260,,Under Votes,48
260,DEM,Chrysta Casta?eda,550
260,GRN,Katija 'Kat' Gruene,12
260,LIB,Matt Sterett,23
260,REP,James 'Jim' Wright,520
261,,Over Votes,0
261,,Under Votes,46
261,DEM,Chrysta Casta?eda,492
261,GRN,Katija 'Kat' Gruene,9
261,LIB,Matt Sterett,10
261,REP,James 'Jim' Wright,231
262,,Over Votes,0
262,,Under Votes,111
262,DEM,Chrysta Casta?eda,1436
262,GRN,Katija 'Kat' Gruene,50
262,LIB,Matt Sterett,56
262,REP,James 'Jim' Wright,1426
263,,Over Votes,0
263,,Under Votes,104
263,DEM,Chrysta Casta?eda,1063
263,GRN,Katija 'Kat' Gruene,34
263,LIB,Matt Sterett,69
263,REP,James 'Jim' Wright,2109
264,,Over Votes,0
264,,Under Votes,97
264,DEM,Chrysta Casta?eda,1015
264,GRN,Katija 'Kat' Gruene,32
264,LIB,Matt Sterett,51
264,REP,James 'Jim' Wright,887
265,,Over Votes,0
265,,Under Votes,126
265,DEM,Chrysta Casta?eda,945
265,GRN,Katija 'Kat' Gruene,18
265,LIB,Matt Sterett,39
265,REP,James 'Jim' Wright,1931
266,,Over Votes,0
266,,Under Votes,60
266,DEM,Chrysta Casta?eda,708
266,GRN,Katija 'Kat' Gruene,13
266,LIB,Matt Sterett,25
266,REP,James 'Jim' Wright,469
267,,Over Votes,1
267,,Under Votes,43
267,DEM,Chrysta Casta?eda,454
267,GRN,Katija 'Kat' Gruene,9
267,LIB,Matt Sterett,16
267,REP,James 'Jim' Wright,316
268,,Over Votes,0
268,,Under Votes,90
268,DEM,Chrysta Casta?eda,1011
268,GRN,Katija 'Kat' Gruene,18
268,LIB,Matt Sterett,21
268,REP,James 'Jim' Wright,972
269,,Over Votes,0
269,,Under Votes,53
269,DEM,Chrysta Casta?eda,605
269,GRN,Katija 'Kat' Gruene,11
269,LIB,Matt Sterett,24
269,REP,James 'Jim' Wright,1288
27,,Over Votes,1
27,,Under Votes,106
27,DEM,Chrysta Casta?eda,1600
27,GRN,Katija 'Kat' Gruene,53
27,LIB,Matt Sterett,50
27,REP,James 'Jim' Wright,438
270,,Over Votes,0
270,,Under Votes,110
270,DEM,Chrysta Casta?eda,1368
270,GRN,Katija 'Kat' Gruene,39
270,LIB,Matt Sterett,59
270,REP,James 'Jim' Wright,1250
271,,Over Votes,1
271,,Under Votes,66
271,DEM,Chrysta Casta?eda,1558
271,GRN,Katija 'Kat' Gruene,22
271,LIB,Matt Sterett,21
271,REP,James 'Jim' Wright,60
272,,Over Votes,0
272,,Under Votes,58
272,DEM,Chrysta Casta?eda,942
272,GRN,Katija 'Kat' Gruene,35
272,LIB,Matt Sterett,33
272,REP,James 'Jim' Wright,418
273,,Over Votes,0
273,,Under Votes,65
273,DEM,Chrysta Casta?eda,522
273,GRN,Katija 'Kat' Gruene,13
273,LIB,Matt Sterett,29
273,REP,James 'Jim' Wright,1524
274,,Over Votes,0
274,,Under Votes,66
274,DEM,Chrysta Casta?eda,708
274,GRN,Katija 'Kat' Gruene,24
274,LIB,Matt Sterett,38
274,REP,James 'Jim' Wright,1075
275,,Over Votes,0
275,,Under Votes,41
275,DEM,Chrysta Casta?eda,667
275,GRN,Katija 'Kat' Gruene,20
275,LIB,Matt Sterett,20
275,REP,James 'Jim' Wright,193
276,,Over Votes,0
276,,Under Votes,52
276,DEM,Chrysta Casta?eda,1190
276,GRN,Katija 'Kat' Gruene,19
276,LIB,Matt Sterett,14
276,REP,James 'Jim' Wright,42
277,,Over Votes,0
277,,Under Votes,49
277,DEM,Chrysta Casta?eda,613
277,GRN,Katija 'Kat' Gruene,15
277,LIB,Matt Sterett,23
277,REP,James 'Jim' Wright,350
278,,Over Votes,0
278,,Under Votes,93
278,DEM,Chrysta Casta?eda,887
278,GRN,Katija 'Kat' Gruene,18
278,LIB,Matt Sterett,24
278,REP,James 'Jim' Wright,728
279,,Over Votes,1
279,,Under Votes,67
279,DEM,Chrysta Casta?eda,528
279,GRN,Katija 'Kat' Gruene,19
279,LIB,Matt Sterett,32
279,REP,James 'Jim' Wright,776
28,,Over Votes,0
28,,Under Votes,108
28,DEM,Chrysta Casta?eda,1170
28,GRN,Katija 'Kat' Gruene,28
28,LIB,Matt Sterett,52
28,REP,James 'Jim' Wright,1247
280,,Over Votes,0
280,,Under Votes,39
280,DEM,Chrysta Casta?eda,560
280,GRN,Katija 'Kat' Gruene,17
280,LIB,Matt Sterett,17
280,REP,James 'Jim' Wright,252
281,,Over Votes,0
281,,Under Votes,90
281,DEM,Chrysta Casta?eda,1026
281,GRN,Katija 'Kat' Gruene,12
281,LIB,Matt Sterett,28
281,REP,James 'Jim' Wright,766
282,,Over Votes,1
282,,Under Votes,46
282,DEM,Chrysta Casta?eda,820
282,GRN,Katija 'Kat' Gruene,22
282,LIB,Matt Sterett,28
282,REP,James 'Jim' Wright,808
283,,Over Votes,1
283,,Under Votes,146
283,DEM,Chrysta Casta?eda,3543
283,GRN,Katija 'Kat' Gruene,82
283,LIB,Matt Sterett,89
283,REP,James 'Jim' Wright,851
284,,Over Votes,0
284,,Under Votes,145
284,DEM,Chrysta Casta?eda,1363
284,GRN,Katija 'Kat' Gruene,41
284,LIB,Matt Sterett,41
284,REP,James 'Jim' Wright,757
285,,Over Votes,1
285,,Under Votes,76
285,DEM,Chrysta Casta?eda,1326
285,GRN,Katija 'Kat' Gruene,24
285,LIB,Matt Sterett,20
285,REP,James 'Jim' Wright,180
286,,Over Votes,0
286,,Under Votes,89
286,DEM,Chrysta Casta?eda,2112
286,GRN,Katija 'Kat' Gruene,42
286,LIB,Matt Sterett,34
286,REP,James 'Jim' Wright,293
287,,Over Votes,0
287,,Under Votes,44
287,DEM,Chrysta Casta?eda,795
287,GRN,Katija 'Kat' Gruene,18
287,LIB,Matt Sterett,40
287,REP,James 'Jim' Wright,535
288,,Over Votes,0
288,,Under Votes,36
288,DEM,Chrysta Casta?eda,1134
288,GRN,Katija 'Kat' Gruene,17
288,LIB,Matt Sterett,14
288,REP,James 'Jim' Wright,56
289,,Over Votes,0
289,,Under Votes,39
289,DEM,Chrysta Casta?eda,544
289,GRN,Katija 'Kat' Gruene,12
289,LIB,Matt Sterett,22
289,REP,James 'Jim' Wright,341
29,,Over Votes,0
29,,Under Votes,89
29,DEM,Chrysta Casta?eda,737
29,GRN,Katija 'Kat' Gruene,12
29,LIB,Matt Sterett,21
29,REP,James 'Jim' Wright,477
290,,Over Votes,0
290,,Under Votes,39
290,DEM,Chrysta Casta?eda,354
290,GRN,Katija 'Kat' Gruene,17
290,LIB,Matt Sterett,37
290,REP,James 'Jim' Wright,859
291,,Over Votes,0
291,,Under Votes,37
291,DEM,Chrysta Casta?eda,499
291,GRN,Katija 'Kat' Gruene,6
291,LIB,Matt Sterett,24
291,REP,James 'Jim' Wright,306
292,,Over Votes,0
292,,Under Votes,27
292,DEM,Chrysta Casta?eda,667
292,GRN,Katija 'Kat' Gruene,13
292,LIB,Matt Sterett,10
292,REP,James 'Jim' Wright,143
293,,Over Votes,0
293,,Under Votes,50
293,DEM,Chrysta Casta?eda,833
293,GRN,Katija 'Kat' Gruene,17
293,LIB,Matt Sterett,34
293,REP,James 'Jim' Wright,484
294,,Over Votes,0
294,,Under Votes,46
294,DEM,Chrysta Casta?eda,1023
294,GRN,Katija 'Kat' Gruene,16
294,LIB,Matt Sterett,18
294,REP,James 'Jim' Wright,41
295,,Over Votes,0
295,,Under Votes,15
295,DEM,Chrysta Casta?eda,393
295,GRN,Katija 'Kat' Gruene,16
295,LIB,Matt Sterett,3
295,REP,James 'Jim' Wright,18
296,,Over Votes,0
296,,Under Votes,62
296,DEM,Chrysta Casta?eda,532
296,GRN,Katija 'Kat' Gruene,12
296,LIB,Matt Sterett,23
296,REP,James 'Jim' Wright,539
297,,Over Votes,1
297,,Under Votes,54
297,DEM,Chrysta Casta?eda,730
297,GRN,Katija 'Kat' Gruene,31
297,LIB,Matt Sterett,20
297,REP,James 'Jim' Wright,442
298,,Over Votes,1
298,,Under Votes,62
298,DEM,Chrysta Casta?eda,813
298,GRN,Katija 'Kat' Gruene,34
298,LIB,Matt Sterett,45
298,REP,James 'Jim' Wright,709
299,,Over Votes,0
299,,Under Votes,53
299,DEM,Chrysta Casta?eda,580
299,GRN,Katija 'Kat' Gruene,20
299,LIB,Matt Sterett,23
299,REP,James 'Jim' Wright,290
3,,Over Votes,0
3,,Under Votes,65
3,DEM,Chrysta Casta?eda,991
3,GRN,Katija 'Kat' Gruene,22
3,LIB,Matt Sterett,42
3,REP,James 'Jim' Wright,550
30,,Over Votes,0
30,,Under Votes,93
30,DEM,Chrysta Casta?eda,1657
30,GRN,Katija 'Kat' Gruene,43
30,LIB,Matt Sterett,91
30,REP,James 'Jim' Wright,668
300,,Over Votes,0
300,,Under Votes,130
300,DEM,Chrysta Casta?eda,1354
300,GRN,Katija 'Kat' Gruene,32
300,LIB,Matt Sterett,110
300,REP,James 'Jim' Wright,3265
301,,Over Votes,4
301,,Under Votes,60
301,DEM,Chrysta Casta?eda,704
301,GRN,Katija 'Kat' Gruene,11
301,LIB,Matt Sterett,26
301,REP,James 'Jim' Wright,503
302,,Over Votes,0
302,,Under Votes,72
302,DEM,Chrysta Casta?eda,904
302,GRN,Katija 'Kat' Gruene,23
302,LIB,Matt Sterett,35
302,REP,James 'Jim' Wright,975
303,,Over Votes,0
303,,Under Votes,96
303,DEM,Chrysta Casta?eda,820
303,GRN,Katija 'Kat' Gruene,11
303,LIB,Matt Sterett,39
303,REP,James 'Jim' Wright,2062
304,,Over Votes,0
304,,Under Votes,67
304,DEM,Chrysta Casta?eda,888
304,GRN,Katija 'Kat' Gruene,21
304,LIB,Matt Sterett,37
304,REP,James 'Jim' Wright,859
305,,Over Votes,2
305,,Under Votes,137
305,DEM,Chrysta Casta?eda,2465
305,GRN,Katija 'Kat' Gruene,51
305,LIB,Matt Sterett,70
305,REP,James 'Jim' Wright,1191
306,,Over Votes,0
306,,Under Votes,58
306,DEM,Chrysta Casta?eda,587
306,GRN,Katija 'Kat' Gruene,5
306,LIB,Matt Sterett,18
306,REP,James 'Jim' Wright,902
307,,Over Votes,0
307,,Under Votes,85
307,DEM,Chrysta Casta?eda,898
307,GRN,Katija 'Kat' Gruene,28
307,LIB,Matt Sterett,60
307,REP,James 'Jim' Wright,1417
308,,Over Votes,0
308,,Under Votes,23
308,DEM,Chrysta Casta?eda,645
308,GRN,Katija 'Kat' Gruene,13
308,LIB,Matt Sterett,17
308,REP,James 'Jim' Wright,216
309,,Over Votes,0
309,,Under Votes,102
309,DEM,Chrysta Casta?eda,922
309,GRN,Katija 'Kat' Gruene,28
309,LIB,Matt Sterett,61
309,REP,James 'Jim' Wright,2179
31,,Over Votes,0
31,,Under Votes,49
31,DEM,Chrysta Casta?eda,1231
31,GRN,Katija 'Kat' Gruene,20
31,LIB,Matt Sterett,19
31,REP,James 'Jim' Wright,80
310,,Over Votes,0
310,,Under Votes,46
310,DEM,Chrysta Casta?eda,525
310,GRN,Katija 'Kat' Gruene,6
310,LIB,Matt Sterett,25
310,REP,James 'Jim' Wright,666
311,,Over Votes,0
311,,Under Votes,132
311,DEM,Chrysta Casta?eda,841
311,GRN,Katija 'Kat' Gruene,24
311,LIB,Matt Sterett,37
311,REP,James 'Jim' Wright,809
312,,Over Votes,1
312,,Under Votes,81
312,DEM,Chrysta Casta?eda,1300
312,GRN,Katija 'Kat' Gruene,40
312,LIB,Matt Sterett,46
312,REP,James 'Jim' Wright,1157
313,,Over Votes,0
313,,Under Votes,3
313,DEM,Chrysta Casta?eda,20
313,GRN,Katija 'Kat' Gruene,1
313,LIB,Matt Sterett,0
313,REP,James 'Jim' Wright,24
314,,Over Votes,2
314,,Under Votes,144
314,DEM,Chrysta Casta?eda,2053
314,GRN,Katija 'Kat' Gruene,71
314,LIB,Matt Sterett,99
314,REP,James 'Jim' Wright,2385
315,,Over Votes,0
315,,Under Votes,42
315,DEM,Chrysta Casta?eda,613
315,GRN,Katija 'Kat' Gruene,18
315,LIB,Matt Sterett,26
315,REP,James 'Jim' Wright,607
316,,Over Votes,0
316,,Under Votes,43
316,DEM,Chrysta Casta?eda,639
316,GRN,Katija 'Kat' Gruene,7
316,LIB,Matt Sterett,20
316,REP,James 'Jim' Wright,539
317,,Over Votes,0
317,,Under Votes,29
317,DEM,Chrysta Casta?eda,671
317,GRN,Katija 'Kat' Gruene,28
317,LIB,Matt Sterett,12
317,REP,James 'Jim' Wright,185
318,,Over Votes,1
318,,Under Votes,85
318,DEM,Chrysta Casta?eda,2092
318,GRN,Katija 'Kat' Gruene,32
318,LIB,Matt Sterett,26
318,REP,James 'Jim' Wright,216
319,,Over Votes,1
319,,Under Votes,43
319,DEM,Chrysta Casta?eda,1158
319,GRN,Katija 'Kat' Gruene,25
319,LIB,Matt Sterett,19
319,REP,James 'Jim' Wright,124
32,,Over Votes,0
32,,Under Votes,78
32,DEM,Chrysta Casta?eda,1589
32,GRN,Katija 'Kat' Gruene,48
32,LIB,Matt Sterett,75
32,REP,James 'Jim' Wright,706
320,,Over Votes,1
320,,Under Votes,47
320,DEM,Chrysta Casta?eda,499
320,GRN,Katija 'Kat' Gruene,10
320,LIB,Matt Sterett,14
320,REP,James 'Jim' Wright,362
321,,Over Votes,0
321,,Under Votes,87
321,DEM,Chrysta Casta?eda,845
321,GRN,Katija 'Kat' Gruene,14
321,LIB,Matt Sterett,20
321,REP,James 'Jim' Wright,384
322,,Over Votes,0
322,,Under Votes,16
322,DEM,Chrysta Casta?eda,393
322,GRN,Katija 'Kat' Gruene,12
322,LIB,Matt Sterett,11
322,REP,James 'Jim' Wright,155
323,,Over Votes,0
323,,Under Votes,57
323,DEM,Chrysta Casta?eda,720
323,GRN,Katija 'Kat' Gruene,13
323,LIB,Matt Sterett,32
323,REP,James 'Jim' Wright,439
324,,Over Votes,0
324,,Under Votes,72
324,DEM,Chrysta Casta?eda,919
324,GRN,Katija 'Kat' Gruene,34
324,LIB,Matt Sterett,50
324,REP,James 'Jim' Wright,1166
325,,Over Votes,1
325,,Under Votes,65
325,DEM,Chrysta Casta?eda,914
325,GRN,Katija 'Kat' Gruene,16
325,LIB,Matt Sterett,19
325,REP,James 'Jim' Wright,266
326,,Over Votes,0
326,,Under Votes,39
326,DEM,Chrysta Casta?eda,277
326,GRN,Katija 'Kat' Gruene,9
326,LIB,Matt Sterett,8
326,REP,James 'Jim' Wright,160
327,,Over Votes,1
327,,Under Votes,50
327,DEM,Chrysta Casta?eda,809
327,GRN,Katija 'Kat' Gruene,12
327,LIB,Matt Sterett,15
327,REP,James 'Jim' Wright,73
328,,Over Votes,0
328,,Under Votes,31
328,DEM,Chrysta Casta?eda,505
328,GRN,Katija 'Kat' Gruene,15
328,LIB,Matt Sterett,19
328,REP,James 'Jim' Wright,268
329,,Over Votes,0
329,,Under Votes,42
329,DEM,Chrysta Casta?eda,629
329,GRN,Katija 'Kat' Gruene,9
329,LIB,Matt Sterett,23
329,REP,James 'Jim' Wright,328
33,,Over Votes,0
33,,Under Votes,86
33,DEM,Chrysta Casta?eda,2163
33,GRN,Katija 'Kat' Gruene,45
33,LIB,Matt Sterett,107
33,REP,James 'Jim' Wright,998
330,,Over Votes,0
330,,Under Votes,92
330,DEM,Chrysta Casta?eda,1002
330,GRN,Katija 'Kat' Gruene,33
330,LIB,Matt Sterett,45
330,REP,James 'Jim' Wright,700
331,,Over Votes,0
331,,Under Votes,158
331,DEM,Chrysta Casta?eda,2056
331,GRN,Katija 'Kat' Gruene,47
331,LIB,Matt Sterett,98
331,REP,James 'Jim' Wright,2142
332,,Over Votes,0
332,,Under Votes,116
332,DEM,Chrysta Casta?eda,1924
332,GRN,Katija 'Kat' Gruene,43
332,LIB,Matt Sterett,37
332,REP,James 'Jim' Wright,371
333,,Over Votes,0
333,,Under Votes,81
333,DEM,Chrysta Casta?eda,866
333,GRN,Katija 'Kat' Gruene,29
333,LIB,Matt Sterett,83
333,REP,James 'Jim' Wright,1808
334,,Over Votes,0
334,,Under Votes,17
334,DEM,Chrysta Casta?eda,398
334,GRN,Katija 'Kat' Gruene,2
334,LIB,Matt Sterett,14
334,REP,James 'Jim' Wright,94
335,,Over Votes,0
335,,Under Votes,72
335,DEM,Chrysta Casta?eda,587
335,GRN,Katija 'Kat' Gruene,11
335,LIB,Matt Sterett,19
335,REP,James 'Jim' Wright,233
336,,Over Votes,1
336,,Under Votes,111
336,DEM,Chrysta Casta?eda,3733
336,GRN,Katija 'Kat' Gruene,85
336,LIB,Matt Sterett,82
336,REP,James 'Jim' Wright,528
337,,Over Votes,0
337,,Under Votes,31
337,DEM,Chrysta Casta?eda,506
337,GRN,Katija 'Kat' Gruene,13
337,LIB,Matt Sterett,9
337,REP,James 'Jim' Wright,106
338,,Over Votes,0
338,,Under Votes,183
338,DEM,Chrysta Casta?eda,1666
338,GRN,Katija 'Kat' Gruene,35
338,LIB,Matt Sterett,44
338,REP,James 'Jim' Wright,1063
339,,Over Votes,0
339,,Under Votes,74
339,DEM,Chrysta Casta?eda,863
339,GRN,Katija 'Kat' Gruene,15
339,LIB,Matt Sterett,33
339,REP,James 'Jim' Wright,249
34,,Over Votes,0
34,,Under Votes,65
34,DEM,Chrysta Casta?eda,1799
34,GRN,Katija 'Kat' Gruene,45
34,LIB,Matt Sterett,62
34,REP,James 'Jim' Wright,445
340,,Over Votes,0
340,,Under Votes,89
340,DEM,Chrysta Casta?eda,938
340,GRN,Katija 'Kat' Gruene,35
340,LIB,Matt Sterett,78
340,REP,James 'Jim' Wright,1933
341,,Over Votes,0
341,,Under Votes,49
341,DEM,Chrysta Casta?eda,520
341,GRN,Katija 'Kat' Gruene,11
341,LIB,Matt Sterett,9
341,REP,James 'Jim' Wright,184
342,,Over Votes,0
342,,Under Votes,20
342,DEM,Chrysta Casta?eda,426
342,GRN,Katija 'Kat' Gruene,12
342,LIB,Matt Sterett,17
342,REP,James 'Jim' Wright,122
343,,Over Votes,0
343,,Under Votes,81
343,DEM,Chrysta Casta?eda,923
343,GRN,Katija 'Kat' Gruene,21
343,LIB,Matt Sterett,13
343,REP,James 'Jim' Wright,288
344,,Over Votes,0
344,,Under Votes,43
344,DEM,Chrysta Casta?eda,537
344,GRN,Katija 'Kat' Gruene,18
344,LIB,Matt Sterett,6
344,REP,James 'Jim' Wright,45
345,,Over Votes,0
345,,Under Votes,47
345,DEM,Chrysta Casta?eda,872
345,GRN,Katija 'Kat' Gruene,27
345,LIB,Matt Sterett,28
345,REP,James 'Jim' Wright,242
346,,Over Votes,0
346,,Under Votes,0
346,DEM,Chrysta Casta?eda,0
346,GRN,Katija 'Kat' Gruene,0
346,LIB,Matt Sterett,0
346,REP,James 'Jim' Wright,1
347,,Over Votes,0
347,,Under Votes,102
347,DEM,Chrysta Casta?eda,1092
347,GRN,Katija 'Kat' Gruene,26
347,LIB,Matt Sterett,41
347,REP,James 'Jim' Wright,1279
348,,Over Votes,0
348,,Under Votes,42
348,DEM,Chrysta Casta?eda,449
348,GRN,Katija 'Kat' Gruene,8
348,LIB,Matt Sterett,23
348,REP,James 'Jim' Wright,710
349,,Over Votes,0
349,,Under Votes,29
349,DEM,Chrysta Casta?eda,378
349,GRN,Katija 'Kat' Gruene,19
349,LIB,Matt Sterett,36
349,REP,James 'Jim' Wright,508
35,,Over Votes,0
35,,Under Votes,1
35,DEM,Chrysta Casta?eda,4
35,GRN,Katija 'Kat' Gruene,0
35,LIB,Matt Sterett,0
35,REP,James 'Jim' Wright,2
350,,Over Votes,0
350,,Under Votes,118
350,DEM,Chrysta Casta?eda,1629
350,GRN,Katija 'Kat' Gruene,56
350,LIB,Matt Sterett,37
350,REP,James 'Jim' Wright,677
351,,Over Votes,0
351,,Under Votes,100
351,DEM,Chrysta Casta?eda,1069
351,GRN,Katija 'Kat' Gruene,33
351,LIB,Matt Sterett,71
351,REP,James 'Jim' Wright,2731
352,,Over Votes,0
352,,Under Votes,125
352,DEM,Chrysta Casta?eda,918
352,GRN,Katija 'Kat' Gruene,34
352,LIB,Matt Sterett,83
352,REP,James 'Jim' Wright,2179
353,,Over Votes,0
353,,Under Votes,108
353,DEM,Chrysta Casta?eda,2053
353,GRN,Katija 'Kat' Gruene,44
353,LIB,Matt Sterett,53
353,REP,James 'Jim' Wright,562
354,,Over Votes,0
354,,Under Votes,87
354,DEM,Chrysta Casta?eda,1611
354,GRN,Katija 'Kat' Gruene,29
354,LIB,Matt Sterett,30
354,REP,James 'Jim' Wright,567
355,,Over Votes,1
355,,Under Votes,25
355,DEM,Chrysta Casta?eda,1113
355,GRN,Katija 'Kat' Gruene,20
355,LIB,Matt Sterett,21
355,REP,James 'Jim' Wright,135
356,,Over Votes,0
356,,Under Votes,72
356,DEM,Chrysta Casta?eda,1183
356,GRN,Katija 'Kat' Gruene,45
356,LIB,Matt Sterett,80
356,REP,James 'Jim' Wright,1184
357,,Over Votes,0
357,,Under Votes,88
357,DEM,Chrysta Casta?eda,828
357,GRN,Katija 'Kat' Gruene,29
357,LIB,Matt Sterett,66
357,REP,James 'Jim' Wright,1805
358,,Over Votes,1
358,,Under Votes,56
358,DEM,Chrysta Casta?eda,1150
358,GRN,Katija 'Kat' Gruene,22
358,LIB,Matt Sterett,18
358,REP,James 'Jim' Wright,205
359,,Over Votes,0
359,,Under Votes,61
359,DEM,Chrysta Casta?eda,1191
359,GRN,Katija 'Kat' Gruene,28
359,LIB,Matt Sterett,29
359,REP,James 'Jim' Wright,230
36,,Over Votes,0
36,,Under Votes,99
36,DEM,Chrysta Casta?eda,1091
36,GRN,Katija 'Kat' Gruene,17
36,LIB,Matt Sterett,19
36,REP,James 'Jim' Wright,507
360,,Over Votes,0
360,,Under Votes,111
360,DEM,Chrysta Casta?eda,1646
360,GRN,Katija 'Kat' Gruene,27
360,LIB,Matt Sterett,55
360,REP,James 'Jim' Wright,1159
361,,Over Votes,0
361,,Under Votes,53
361,DEM,Chrysta Casta?eda,970
361,GRN,Katija 'Kat' Gruene,20
361,LIB,Matt Sterett,19
361,REP,James 'Jim' Wright,116
362,,Over Votes,0
362,,Under Votes,115
362,DEM,Chrysta Casta?eda,1312
362,GRN,Katija 'Kat' Gruene,44
362,LIB,Matt Sterett,86
362,REP,James 'Jim' Wright,2446
363,,Over Votes,1
363,,Under Votes,94
363,DEM,Chrysta Casta?eda,2339
363,GRN,Katija 'Kat' Gruene,54
363,LIB,Matt Sterett,78
363,REP,James 'Jim' Wright,1099
364,,Over Votes,0
364,,Under Votes,84
364,DEM,Chrysta Casta?eda,1083
364,GRN,Katija 'Kat' Gruene,32
364,LIB,Matt Sterett,41
364,REP,James 'Jim' Wright,769
365,,Over Votes,0
365,,Under Votes,30
365,DEM,Chrysta Casta?eda,847
365,GRN,Katija 'Kat' Gruene,11
365,LIB,Matt Sterett,15
365,REP,James 'Jim' Wright,148
366,,Over Votes,0
366,,Under Votes,99
366,DEM,Chrysta Casta?eda,1606
366,GRN,Katija 'Kat' Gruene,38
366,LIB,Matt Sterett,36
366,REP,James 'Jim' Wright,643
367,,Over Votes,0
367,,Under Votes,37
367,DEM,Chrysta Casta?eda,648
367,GRN,Katija 'Kat' Gruene,20
367,LIB,Matt Sterett,28
367,REP,James 'Jim' Wright,213
368,,Over Votes,0
368,,Under Votes,22
368,DEM,Chrysta Casta?eda,455
368,GRN,Katija 'Kat' Gruene,4
368,LIB,Matt Sterett,9
368,REP,James 'Jim' Wright,183
369,,Over Votes,0
369,,Under Votes,6
369,DEM,Chrysta Casta?eda,233
369,GRN,Katija 'Kat' Gruene,7
369,LIB,Matt Sterett,9
369,REP,James 'Jim' Wright,59
37,,Over Votes,0
37,,Under Votes,49
37,DEM,Chrysta Casta?eda,1472
37,GRN,Katija 'Kat' Gruene,40
37,LIB,Matt Sterett,59
37,REP,James 'Jim' Wright,595
370,,Over Votes,0
370,,Under Votes,109
370,DEM,Chrysta Casta?eda,1246
370,GRN,Katija 'Kat' Gruene,48
370,LIB,Matt Sterett,82
370,REP,James 'Jim' Wright,2485
371,,Over Votes,0
371,,Under Votes,13
371,DEM,Chrysta Casta?eda,240
371,GRN,Katija 'Kat' Gruene,5
371,LIB,Matt Sterett,5
371,REP,James 'Jim' Wright,17
372,,Over Votes,0
372,,Under Votes,25
372,DEM,Chrysta Casta?eda,645
372,GRN,Katija 'Kat' Gruene,8
372,LIB,Matt Sterett,6
372,REP,James 'Jim' Wright,119
373,,Over Votes,1
373,,Under Votes,4
373,DEM,Chrysta Casta?eda,58
373,GRN,Katija 'Kat' Gruene,1
373,LIB,Matt Sterett,2
373,REP,James 'Jim' Wright,10
374,,Over Votes,0
374,,Under Votes,24
374,DEM,Chrysta Casta?eda,247
374,GRN,Katija 'Kat' Gruene,3
374,LIB,Matt Sterett,8
374,REP,James 'Jim' Wright,115
375,,Over Votes,0
375,,Under Votes,83
375,DEM,Chrysta Casta?eda,787
375,GRN,Katija 'Kat' Gruene,19
375,LIB,Matt Sterett,22
375,REP,James 'Jim' Wright,526
376,,Over Votes,0
376,,Under Votes,77
376,DEM,Chrysta Casta?eda,787
376,GRN,Katija 'Kat' Gruene,23
376,LIB,Matt Sterett,19
376,REP,James 'Jim' Wright,503
377,,Over Votes,0
377,,Under Votes,80
377,DEM,Chrysta Casta?eda,596
377,GRN,Katija 'Kat' Gruene,24
377,LIB,Matt Sterett,56
377,REP,James 'Jim' Wright,1632
378,,Over Votes,0
378,,Under Votes,61
378,DEM,Chrysta Casta?eda,462
378,GRN,Katija 'Kat' Gruene,35
378,LIB,Matt Sterett,55
378,REP,James 'Jim' Wright,695
379,,Over Votes,0
379,,Under Votes,56
379,DEM,Chrysta Casta?eda,1025
379,GRN,Katija 'Kat' Gruene,18
379,LIB,Matt Sterett,20
379,REP,James 'Jim' Wright,148
38,,Over Votes,0
38,,Under Votes,69
38,DEM,Chrysta Casta?eda,1746
38,GRN,Katija 'Kat' Gruene,36
38,LIB,Matt Sterett,49
38,REP,James 'Jim' Wright,721
380,,Over Votes,0
380,,Under Votes,103
380,DEM,Chrysta Casta?eda,2314
380,GRN,Katija 'Kat' Gruene,39
380,LIB,Matt Sterett,108
380,REP,James 'Jim' Wright,1868
381,,Over Votes,0
381,,Under Votes,115
381,DEM,Chrysta Casta?eda,1453
381,GRN,Katija 'Kat' Gruene,25
381,LIB,Matt Sterett,45
381,REP,James 'Jim' Wright,909
382,,Over Votes,0
382,,Under Votes,26
382,DEM,Chrysta Casta?eda,332
382,GRN,Katija 'Kat' Gruene,7
382,LIB,Matt Sterett,22
382,REP,James 'Jim' Wright,460
383,,Over Votes,1
383,,Under Votes,57
383,DEM,Chrysta Casta?eda,897
383,GRN,Katija 'Kat' Gruene,19
383,LIB,Matt Sterett,27
383,REP,James 'Jim' Wright,478
384,,Over Votes,0
384,,Under Votes,76
384,DEM,Chrysta Casta?eda,1262
384,GRN,Katija 'Kat' Gruene,25
384,LIB,Matt Sterett,23
384,REP,James 'Jim' Wright,490
385,,Over Votes,0
385,,Under Votes,60
385,DEM,Chrysta Casta?eda,500
385,GRN,Katija 'Kat' Gruene,7
385,LIB,Matt Sterett,18
385,REP,James 'Jim' Wright,1240
386,,Over Votes,0
386,,Under Votes,74
386,DEM,Chrysta Casta?eda,716
386,GRN,Katija 'Kat' Gruene,17
386,LIB,Matt Sterett,45
386,REP,James 'Jim' Wright,1576
387,,Over Votes,0
387,,Under Votes,112
387,DEM,Chrysta Casta?eda,969
387,GRN,Katija 'Kat' Gruene,34
387,LIB,Matt Sterett,56
387,REP,James 'Jim' Wright,1983
388,,Over Votes,0
388,,Under Votes,128
388,DEM,Chrysta Casta?eda,2553
388,GRN,Katija 'Kat' Gruene,50
388,LIB,Matt Sterett,96
388,REP,James 'Jim' Wright,1961
389,,Over Votes,0
389,,Under Votes,27
389,DEM,Chrysta Casta?eda,512
389,GRN,Katija 'Kat' Gruene,23
389,LIB,Matt Sterett,10
389,REP,James 'Jim' Wright,51
39,,Over Votes,1
39,,Under Votes,92
39,DEM,Chrysta Casta?eda,1939
39,GRN,Katija 'Kat' Gruene,50
39,LIB,Matt Sterett,53
39,REP,James 'Jim' Wright,605
390,,Over Votes,1
390,,Under Votes,28
390,DEM,Chrysta Casta?eda,898
390,GRN,Katija 'Kat' Gruene,26
390,LIB,Matt Sterett,18
390,REP,James 'Jim' Wright,147
391,,Over Votes,0
391,,Under Votes,44
391,DEM,Chrysta Casta?eda,665
391,GRN,Katija 'Kat' Gruene,19
391,LIB,Matt Sterett,47
391,REP,James 'Jim' Wright,781
392,,Over Votes,0
392,,Under Votes,28
392,DEM,Chrysta Casta?eda,739
392,GRN,Katija 'Kat' Gruene,13
392,LIB,Matt Sterett,9
392,REP,James 'Jim' Wright,27
393,,Over Votes,0
393,,Under Votes,41
393,DEM,Chrysta Casta?eda,464
393,GRN,Katija 'Kat' Gruene,29
393,LIB,Matt Sterett,34
393,REP,James 'Jim' Wright,366
394,,Over Votes,0
394,,Under Votes,34
394,DEM,Chrysta Casta?eda,233
394,GRN,Katija 'Kat' Gruene,5
394,LIB,Matt Sterett,11
394,REP,James 'Jim' Wright,184
395,,Over Votes,0
395,,Under Votes,41
395,DEM,Chrysta Casta?eda,515
395,GRN,Katija 'Kat' Gruene,19
395,LIB,Matt Sterett,30
395,REP,James 'Jim' Wright,864
396,,Over Votes,2
396,,Under Votes,45
396,DEM,Chrysta Casta?eda,1172
396,GRN,Katija 'Kat' Gruene,19
396,LIB,Matt Sterett,22
396,REP,James 'Jim' Wright,63
397,,Over Votes,0
397,,Under Votes,18
397,DEM,Chrysta Casta?eda,264
397,GRN,Katija 'Kat' Gruene,14
397,LIB,Matt Sterett,6
397,REP,James 'Jim' Wright,131
398,,Over Votes,0
398,,Under Votes,80
398,DEM,Chrysta Casta?eda,1497
398,GRN,Katija 'Kat' Gruene,34
398,LIB,Matt Sterett,65
398,REP,James 'Jim' Wright,1156
399,,Over Votes,0
399,,Under Votes,73
399,DEM,Chrysta Casta?eda,1396
399,GRN,Katija 'Kat' Gruene,50
399,LIB,Matt Sterett,31
399,REP,James 'Jim' Wright,652
4,,Over Votes,0
4,,Under Votes,59
4,DEM,Chrysta Casta?eda,1035
4,GRN,Katija 'Kat' Gruene,15
4,LIB,Matt Sterett,44
4,REP,James 'Jim' Wright,539
40,,Over Votes,0
40,,Under Votes,17
40,DEM,Chrysta Casta?eda,256
40,GRN,Katija 'Kat' Gruene,4
40,LIB,Matt Sterett,6
40,REP,James 'Jim' Wright,173
400,,Over Votes,0
400,,Under Votes,79
400,DEM,Chrysta Casta?eda,975
400,GRN,Katija 'Kat' Gruene,31
400,LIB,Matt Sterett,54
400,REP,James 'Jim' Wright,1253
401,,Over Votes,0
401,,Under Votes,66
401,DEM,Chrysta Casta?eda,885
401,GRN,Katija 'Kat' Gruene,13
401,LIB,Matt Sterett,20
401,REP,James 'Jim' Wright,84
402,,Over Votes,0
402,,Under Votes,53
402,DEM,Chrysta Casta?eda,1153
402,GRN,Katija 'Kat' Gruene,22
402,LIB,Matt Sterett,14
402,REP,James 'Jim' Wright,98
403,,Over Votes,0
403,,Under Votes,63
403,DEM,Chrysta Casta?eda,737
403,GRN,Katija 'Kat' Gruene,15
403,LIB,Matt Sterett,27
403,REP,James 'Jim' Wright,654
404,,Over Votes,2
404,,Under Votes,73
404,DEM,Chrysta Casta?eda,786
404,GRN,Katija 'Kat' Gruene,21
404,LIB,Matt Sterett,28
404,REP,James 'Jim' Wright,770
405,,Over Votes,1
405,,Under Votes,79
405,DEM,Chrysta Casta?eda,833
405,GRN,Katija 'Kat' Gruene,13
405,LIB,Matt Sterett,56
405,REP,James 'Jim' Wright,2282
406,,Over Votes,1
406,,Under Votes,16
406,DEM,Chrysta Casta?eda,263
406,GRN,Katija 'Kat' Gruene,7
406,LIB,Matt Sterett,5
406,REP,James 'Jim' Wright,11
407,,Over Votes,0
407,,Under Votes,123
407,DEM,Chrysta Casta?eda,1293
407,GRN,Katija 'Kat' Gruene,31
407,LIB,Matt Sterett,71
407,REP,James 'Jim' Wright,1570
408,,Over Votes,0
408,,Under Votes,56
408,DEM,Chrysta Casta?eda,531
408,GRN,Katija 'Kat' Gruene,15
408,LIB,Matt Sterett,14
408,REP,James 'Jim' Wright,293
409,,Over Votes,0
409,,Under Votes,63
409,DEM,Chrysta Casta?eda,553
409,GRN,Katija 'Kat' Gruene,13
409,LIB,Matt Sterett,19
409,REP,James 'Jim' Wright,271
41,,Over Votes,0
41,,Under Votes,22
41,DEM,Chrysta Casta?eda,662
41,GRN,Katija 'Kat' Gruene,21
41,LIB,Matt Sterett,23
41,REP,James 'Jim' Wright,429
410,,Over Votes,0
410,,Under Votes,23
410,DEM,Chrysta Casta?eda,416
410,GRN,Katija 'Kat' Gruene,5
410,LIB,Matt Sterett,10
410,REP,James 'Jim' Wright,115
411,,Over Votes,0
411,,Under Votes,63
411,DEM,Chrysta Casta?eda,784
411,GRN,Katija 'Kat' Gruene,16
411,LIB,Matt Sterett,15
411,REP,James 'Jim' Wright,379
412,,Over Votes,0
412,,Under Votes,14
412,DEM,Chrysta Casta?eda,190
412,GRN,Katija 'Kat' Gruene,9
412,LIB,Matt Sterett,5
412,REP,James 'Jim' Wright,25
413,,Over Votes,0
413,,Under Votes,81
413,DEM,Chrysta Casta?eda,1320
413,GRN,Katija 'Kat' Gruene,27
413,LIB,Matt Sterett,35
413,REP,James 'Jim' Wright,784
414,,Over Votes,1
414,,Under Votes,71
414,DEM,Chrysta Casta?eda,664
414,GRN,Katija 'Kat' Gruene,16
414,LIB,Matt Sterett,41
414,REP,James 'Jim' Wright,1584
415,,Over Votes,0
415,,Under Votes,60
415,DEM,Chrysta Casta?eda,595
415,GRN,Katija 'Kat' Gruene,18
415,LIB,Matt Sterett,48
415,REP,James 'Jim' Wright,1124
416,,Over Votes,0
416,,Under Votes,118
416,DEM,Chrysta Casta?eda,1499
416,GRN,Katija 'Kat' Gruene,62
416,LIB,Matt Sterett,103
416,REP,James 'Jim' Wright,1174
417,,Over Votes,0
417,,Under Votes,68
417,DEM,Chrysta Casta?eda,928
417,GRN,Katija 'Kat' Gruene,27
417,LIB,Matt Sterett,36
417,REP,James 'Jim' Wright,670
418,,Over Votes,1
418,,Under Votes,109
418,DEM,Chrysta Casta?eda,1391
418,GRN,Katija 'Kat' Gruene,45
418,LIB,Matt Sterett,42
418,REP,James 'Jim' Wright,793
419,,Over Votes,0
419,,Under Votes,74
419,DEM,Chrysta Casta?eda,806
419,GRN,Katija 'Kat' Gruene,24
419,LIB,Matt Sterett,32
419,REP,James 'Jim' Wright,923
42,,Over Votes,0
42,,Under Votes,21
42,DEM,Chrysta Casta?eda,413
42,GRN,Katija 'Kat' Gruene,6
42,LIB,Matt Sterett,10
42,REP,James 'Jim' Wright,25
420,,Over Votes,0
420,,Under Votes,102
420,DEM,Chrysta Casta?eda,705
420,GRN,Katija 'Kat' Gruene,25
420,LIB,Matt Sterett,70
420,REP,James 'Jim' Wright,2990
421,,Over Votes,0
421,,Under Votes,43
421,DEM,Chrysta Casta?eda,936
421,GRN,Katija 'Kat' Gruene,17
421,LIB,Matt Sterett,30
421,REP,James 'Jim' Wright,694
422,,Over Votes,0
422,,Under Votes,75
422,DEM,Chrysta Casta?eda,1835
422,GRN,Katija 'Kat' Gruene,39
422,LIB,Matt Sterett,25
422,REP,James 'Jim' Wright,122
423,,Over Votes,0
423,,Under Votes,41
423,DEM,Chrysta Casta?eda,483
423,GRN,Katija 'Kat' Gruene,15
423,LIB,Matt Sterett,10
423,REP,James 'Jim' Wright,173
424,,Over Votes,0
424,,Under Votes,48
424,DEM,Chrysta Casta?eda,458
424,GRN,Katija 'Kat' Gruene,17
424,LIB,Matt Sterett,23
424,REP,James 'Jim' Wright,466
425,,Over Votes,0
425,,Under Votes,24
425,DEM,Chrysta Casta?eda,266
425,GRN,Katija 'Kat' Gruene,12
425,LIB,Matt Sterett,8
425,REP,James 'Jim' Wright,104
426,,Over Votes,0
426,,Under Votes,39
426,DEM,Chrysta Casta?eda,403
426,GRN,Katija 'Kat' Gruene,7
426,LIB,Matt Sterett,15
426,REP,James 'Jim' Wright,382
427,,Over Votes,0
427,,Under Votes,42
427,DEM,Chrysta Casta?eda,394
427,GRN,Katija 'Kat' Gruene,12
427,LIB,Matt Sterett,11
427,REP,James 'Jim' Wright,264
428,,Over Votes,1
428,,Under Votes,244
428,DEM,Chrysta Casta?eda,1896
428,GRN,Katija 'Kat' Gruene,40
428,LIB,Matt Sterett,64
428,REP,James 'Jim' Wright,1285
429,,Over Votes,2
429,,Under Votes,97
429,DEM,Chrysta Casta?eda,1116
429,GRN,Katija 'Kat' Gruene,26
429,LIB,Matt Sterett,31
429,REP,James 'Jim' Wright,455
43,,Over Votes,0
43,,Under Votes,61
43,DEM,Chrysta Casta?eda,724
43,GRN,Katija 'Kat' Gruene,16
43,LIB,Matt Sterett,21
43,REP,James 'Jim' Wright,515
430,,Over Votes,1
430,,Under Votes,79
430,DEM,Chrysta Casta?eda,708
430,GRN,Katija 'Kat' Gruene,29
430,LIB,Matt Sterett,22
430,REP,James 'Jim' Wright,215
431,,Over Votes,0
431,,Under Votes,162
431,DEM,Chrysta Casta?eda,1553
431,GRN,Katija 'Kat' Gruene,36
431,LIB,Matt Sterett,57
431,REP,James 'Jim' Wright,490
432,,Over Votes,0
432,,Under Votes,25
432,DEM,Chrysta Casta?eda,561
432,GRN,Katija 'Kat' Gruene,13
432,LIB,Matt Sterett,21
432,REP,James 'Jim' Wright,243
433,,Over Votes,0
433,,Under Votes,19
433,DEM,Chrysta Casta?eda,224
433,GRN,Katija 'Kat' Gruene,5
433,LIB,Matt Sterett,8
433,REP,James 'Jim' Wright,69
434,,Over Votes,0
434,,Under Votes,48
434,DEM,Chrysta Casta?eda,607
434,GRN,Katija 'Kat' Gruene,13
434,LIB,Matt Sterett,24
434,REP,James 'Jim' Wright,630
435,,Over Votes,0
435,,Under Votes,106
435,DEM,Chrysta Casta?eda,1183
435,GRN,Katija 'Kat' Gruene,26
435,LIB,Matt Sterett,51
435,REP,James 'Jim' Wright,1474
436,,Over Votes,0
436,,Under Votes,108
436,DEM,Chrysta Casta?eda,1570
436,GRN,Katija 'Kat' Gruene,41
436,LIB,Matt Sterett,70
436,REP,James 'Jim' Wright,1462
437,,Over Votes,0
437,,Under Votes,60
437,DEM,Chrysta Casta?eda,705
437,GRN,Katija 'Kat' Gruene,13
437,LIB,Matt Sterett,32
437,REP,James 'Jim' Wright,1074
438,,Over Votes,0
438,,Under Votes,108
438,DEM,Chrysta Casta?eda,1004
438,GRN,Katija 'Kat' Gruene,28
438,LIB,Matt Sterett,58
438,REP,James 'Jim' Wright,1897
439,,Over Votes,0
439,,Under Votes,133
439,DEM,Chrysta Casta?eda,1192
439,GRN,Katija 'Kat' Gruene,40
439,LIB,Matt Sterett,52
439,REP,James 'Jim' Wright,1889
44,,Over Votes,0
44,,Under Votes,49
44,DEM,Chrysta Casta?eda,875
44,GRN,Katija 'Kat' Gruene,23
44,LIB,Matt Sterett,15
44,REP,James 'Jim' Wright,267
440,,Over Votes,0
440,,Under Votes,87
440,DEM,Chrysta Casta?eda,667
440,GRN,Katija 'Kat' Gruene,18
440,LIB,Matt Sterett,39
440,REP,James 'Jim' Wright,1766
441,,Over Votes,0
441,,Under Votes,37
441,DEM,Chrysta Casta?eda,405
441,GRN,Katija 'Kat' Gruene,8
441,LIB,Matt Sterett,24
441,REP,James 'Jim' Wright,875
442,,Over Votes,0
442,,Under Votes,85
442,DEM,Chrysta Casta?eda,827
442,GRN,Katija 'Kat' Gruene,28
442,LIB,Matt Sterett,103
442,REP,James 'Jim' Wright,2550
443,,Over Votes,0
443,,Under Votes,20
443,DEM,Chrysta Casta?eda,181
443,GRN,Katija 'Kat' Gruene,2
443,LIB,Matt Sterett,7
443,REP,James 'Jim' Wright,360
444,,Over Votes,0
444,,Under Votes,95
444,DEM,Chrysta Casta?eda,1273
444,GRN,Katija 'Kat' Gruene,31
444,LIB,Matt Sterett,65
444,REP,James 'Jim' Wright,1333
445,,Over Votes,0
445,,Under Votes,57
445,DEM,Chrysta Casta?eda,659
445,GRN,Katija 'Kat' Gruene,20
445,LIB,Matt Sterett,42
445,REP,James 'Jim' Wright,838
446,,Over Votes,0
446,,Under Votes,14
446,DEM,Chrysta Casta?eda,89
446,GRN,Katija 'Kat' Gruene,0
446,LIB,Matt Sterett,3
446,REP,James 'Jim' Wright,50
447,,Over Votes,0
447,,Under Votes,102
447,DEM,Chrysta Casta?eda,2022
447,GRN,Katija 'Kat' Gruene,56
447,LIB,Matt Sterett,95
447,REP,James 'Jim' Wright,2594
448,,Over Votes,0
448,,Under Votes,106
448,DEM,Chrysta Casta?eda,1186
448,GRN,Katija 'Kat' Gruene,17
448,LIB,Matt Sterett,73
448,REP,James 'Jim' Wright,1231
449,,Over Votes,0
449,,Under Votes,3
449,DEM,Chrysta Casta?eda,98
449,GRN,Katija 'Kat' Gruene,0
449,LIB,Matt Sterett,3
449,REP,James 'Jim' Wright,6
45,,Over Votes,0
45,,Under Votes,175
45,DEM,Chrysta Casta?eda,3642
45,GRN,Katija 'Kat' Gruene,73
45,LIB,Matt Sterett,84
45,REP,James 'Jim' Wright,1023
450,,Over Votes,0
450,,Under Votes,56
450,DEM,Chrysta Casta?eda,1110
450,GRN,Katija 'Kat' Gruene,28
450,LIB,Matt Sterett,38
450,REP,James 'Jim' Wright,434
451,,Over Votes,0
451,,Under Votes,81
451,DEM,Chrysta Casta?eda,547
451,GRN,Katija 'Kat' Gruene,14
451,LIB,Matt Sterett,29
451,REP,James 'Jim' Wright,1583
452,,Over Votes,0
452,,Under Votes,90
452,DEM,Chrysta Casta?eda,1369
452,GRN,Katija 'Kat' Gruene,26
452,LIB,Matt Sterett,91
452,REP,James 'Jim' Wright,2156
453,,Over Votes,0
453,,Under Votes,51
453,DEM,Chrysta Casta?eda,923
453,GRN,Katija 'Kat' Gruene,25
453,LIB,Matt Sterett,25
453,REP,James 'Jim' Wright,350
454,,Over Votes,0
454,,Under Votes,77
454,DEM,Chrysta Casta?eda,1189
454,GRN,Katija 'Kat' Gruene,12
454,LIB,Matt Sterett,14
454,REP,James 'Jim' Wright,62
455,,Over Votes,1
455,,Under Votes,47
455,DEM,Chrysta Casta?eda,698
455,GRN,Katija 'Kat' Gruene,10
455,LIB,Matt Sterett,15
455,REP,James 'Jim' Wright,58
456,,Over Votes,0
456,,Under Votes,106
456,DEM,Chrysta Casta?eda,1160
456,GRN,Katija 'Kat' Gruene,29
456,LIB,Matt Sterett,54
456,REP,James 'Jim' Wright,1212
457,,Over Votes,0
457,,Under Votes,0
457,DEM,Chrysta Casta?eda,0
457,GRN,Katija 'Kat' Gruene,0
457,LIB,Matt Sterett,0
457,REP,James 'Jim' Wright,0
458,,Over Votes,0
458,,Under Votes,56
458,DEM,Chrysta Casta?eda,1119
458,GRN,Katija 'Kat' Gruene,14
458,LIB,Matt Sterett,21
458,REP,James 'Jim' Wright,119
459,,Over Votes,0
459,,Under Votes,80
459,DEM,Chrysta Casta?eda,863
459,GRN,Katija 'Kat' Gruene,25
459,LIB,Matt Sterett,61
459,REP,James 'Jim' Wright,2123
46,,Over Votes,0
46,,Under Votes,74
46,DEM,Chrysta Casta?eda,1058
46,GRN,Katija 'Kat' Gruene,18
46,LIB,Matt Sterett,23
46,REP,James 'Jim' Wright,252
460,,Over Votes,1
460,,Under Votes,98
460,DEM,Chrysta Casta?eda,1871
460,GRN,Katija 'Kat' Gruene,43
460,LIB,Matt Sterett,42
460,REP,James 'Jim' Wright,716
461,,Over Votes,0
461,,Under Votes,126
461,DEM,Chrysta Casta?eda,1417
461,GRN,Katija 'Kat' Gruene,27
461,LIB,Matt Sterett,48
461,REP,James 'Jim' Wright,1902
462,,Over Votes,1
462,,Under Votes,83
462,DEM,Chrysta Casta?eda,1629
462,GRN,Katija 'Kat' Gruene,31
462,LIB,Matt Sterett,50
462,REP,James 'Jim' Wright,811
463,,Over Votes,0
463,,Under Votes,110
463,DEM,Chrysta Casta?eda,1848
463,GRN,Katija 'Kat' Gruene,56
463,LIB,Matt Sterett,69
463,REP,James 'Jim' Wright,1000
464,,Over Votes,0
464,,Under Votes,67
464,DEM,Chrysta Casta?eda,752
464,GRN,Katija 'Kat' Gruene,27
464,LIB,Matt Sterett,46
464,REP,James 'Jim' Wright,953
465,,Over Votes,0
465,,Under Votes,62
465,DEM,Chrysta Casta?eda,1548
465,GRN,Katija 'Kat' Gruene,36
465,LIB,Matt Sterett,55
465,REP,James 'Jim' Wright,904
466,,Over Votes,1
466,,Under Votes,98
466,DEM,Chrysta Casta?eda,1595
466,GRN,Katija 'Kat' Gruene,36
466,LIB,Matt Sterett,39
466,REP,James 'Jim' Wright,1393
467,,Over Votes,0
467,,Under Votes,33
467,DEM,Chrysta Casta?eda,565
467,GRN,Katija 'Kat' Gruene,13
467,LIB,Matt Sterett,17
467,REP,James 'Jim' Wright,221
468,,Over Votes,3
468,,Under Votes,140
468,DEM,Chrysta Casta?eda,1755
468,GRN,Katija 'Kat' Gruene,54
468,LIB,Matt Sterett,51
468,REP,James 'Jim' Wright,786
469,,Over Votes,0
469,,Under Votes,81
469,DEM,Chrysta Casta?eda,640
469,GRN,Katija 'Kat' Gruene,21
469,LIB,Matt Sterett,52
469,REP,James 'Jim' Wright,1786
47,,Over Votes,0
47,,Under Votes,39
47,DEM,Chrysta Casta?eda,697
47,GRN,Katija 'Kat' Gruene,9
47,LIB,Matt Sterett,8
47,REP,James 'Jim' Wright,65
470,,Over Votes,0
470,,Under Votes,32
470,DEM,Chrysta Casta?eda,252
470,GRN,Katija 'Kat' Gruene,13
470,LIB,Matt Sterett,21
470,REP,James 'Jim' Wright,645
471,,Over Votes,0
471,,Under Votes,64
471,DEM,Chrysta Casta?eda,432
471,GRN,Katija 'Kat' Gruene,19
471,LIB,Matt Sterett,37
471,REP,James 'Jim' Wright,1300
472,,Over Votes,0
472,,Under Votes,44
472,DEM,Chrysta Casta?eda,553
472,GRN,Katija 'Kat' Gruene,15
472,LIB,Matt Sterett,21
472,REP,James 'Jim' Wright,300
473,,Over Votes,0
473,,Under Votes,45
473,DEM,Chrysta Casta?eda,519
473,GRN,Katija 'Kat' Gruene,18
473,LIB,Matt Sterett,39
473,REP,James 'Jim' Wright,816
474,,Over Votes,0
474,,Under Votes,102
474,DEM,Chrysta Casta?eda,866
474,GRN,Katija 'Kat' Gruene,31
474,LIB,Matt Sterett,69
474,REP,James 'Jim' Wright,1292
475,,Over Votes,0
475,,Under Votes,68
475,DEM,Chrysta Casta?eda,766
475,GRN,Katija 'Kat' Gruene,18
475,LIB,Matt Sterett,27
475,REP,James 'Jim' Wright,598
476,,Over Votes,0
476,,Under Votes,71
476,DEM,Chrysta Casta?eda,854
476,GRN,Katija 'Kat' Gruene,21
476,LIB,Matt Sterett,34
476,REP,James 'Jim' Wright,706
477,,Over Votes,0
477,,Under Votes,116
477,DEM,Chrysta Casta?eda,1155
477,GRN,Katija 'Kat' Gruene,53
477,LIB,Matt Sterett,84
477,REP,James 'Jim' Wright,1976
478,,Over Votes,0
478,,Under Votes,105
478,DEM,Chrysta Casta?eda,1370
478,GRN,Katija 'Kat' Gruene,51
478,LIB,Matt Sterett,84
478,REP,James 'Jim' Wright,1727
479,,Over Votes,0
479,,Under Votes,59
479,DEM,Chrysta Casta?eda,859
479,GRN,Katija 'Kat' Gruene,28
479,LIB,Matt Sterett,57
479,REP,James 'Jim' Wright,1958
48,,Over Votes,0
48,,Under Votes,27
48,DEM,Chrysta Casta?eda,468
48,GRN,Katija 'Kat' Gruene,8
48,LIB,Matt Sterett,9
48,REP,James 'Jim' Wright,76
480,,Over Votes,0
480,,Under Votes,80
480,DEM,Chrysta Casta?eda,845
480,GRN,Katija 'Kat' Gruene,29
480,LIB,Matt Sterett,50
480,REP,James 'Jim' Wright,1385
481,,Over Votes,0
481,,Under Votes,100
481,DEM,Chrysta Casta?eda,855
481,GRN,Katija 'Kat' Gruene,32
481,LIB,Matt Sterett,81
481,REP,James 'Jim' Wright,1802
482,,Over Votes,0
482,,Under Votes,116
482,DEM,Chrysta Casta?eda,1296
482,GRN,Katija 'Kat' Gruene,38
482,LIB,Matt Sterett,84
482,REP,James 'Jim' Wright,2010
483,,Over Votes,1
483,,Under Votes,122
483,DEM,Chrysta Casta?eda,1836
483,GRN,Katija 'Kat' Gruene,58
483,LIB,Matt Sterett,87
483,REP,James 'Jim' Wright,1485
484,,Over Votes,0
484,,Under Votes,81
484,DEM,Chrysta Casta?eda,1228
484,GRN,Katija 'Kat' Gruene,42
484,LIB,Matt Sterett,72
484,REP,James 'Jim' Wright,1633
485,,Over Votes,0
485,,Under Votes,96
485,DEM,Chrysta Casta?eda,1033
485,GRN,Katija 'Kat' Gruene,30
485,LIB,Matt Sterett,78
485,REP,James 'Jim' Wright,2104
486,,Over Votes,0
486,,Under Votes,103
486,DEM,Chrysta Casta?eda,978
486,GRN,Katija 'Kat' Gruene,30
486,LIB,Matt Sterett,93
486,REP,James 'Jim' Wright,2400
487,,Over Votes,1
487,,Under Votes,154
487,DEM,Chrysta Casta?eda,1341
487,GRN,Katija 'Kat' Gruene,31
487,LIB,Matt Sterett,44
487,REP,James 'Jim' Wright,843
488,,Over Votes,0
488,,Under Votes,74
488,DEM,Chrysta Casta?eda,946
488,GRN,Katija 'Kat' Gruene,20
488,LIB,Matt Sterett,31
488,REP,James 'Jim' Wright,481
489,,Over Votes,0
489,,Under Votes,50
489,DEM,Chrysta Casta?eda,950
489,GRN,Katija 'Kat' Gruene,25
489,LIB,Matt Sterett,27
489,REP,James 'Jim' Wright,330
49,,Over Votes,1
49,,Under Votes,133
49,DEM,Chrysta Casta?eda,1299
49,GRN,Katija 'Kat' Gruene,47
49,LIB,Matt Sterett,84
49,REP,James 'Jim' Wright,2249
490,,Over Votes,0
490,,Under Votes,60
490,DEM,Chrysta Casta?eda,976
490,GRN,Katija 'Kat' Gruene,21
490,LIB,Matt Sterett,33
490,REP,James 'Jim' Wright,443
491,,Over Votes,0
491,,Under Votes,70
491,DEM,Chrysta Casta?eda,986
491,GRN,Katija 'Kat' Gruene,34
491,LIB,Matt Sterett,43
491,REP,James 'Jim' Wright,772
492,,Over Votes,0
492,,Under Votes,57
492,DEM,Chrysta Casta?eda,896
492,GRN,Katija 'Kat' Gruene,30
492,LIB,Matt Sterett,30
492,REP,James 'Jim' Wright,753
493,,Over Votes,0
493,,Under Votes,103
493,DEM,Chrysta Casta?eda,1386
493,GRN,Katija 'Kat' Gruene,26
493,LIB,Matt Sterett,39
493,REP,James 'Jim' Wright,912
494,,Over Votes,0
494,,Under Votes,80
494,DEM,Chrysta Casta?eda,1421
494,GRN,Katija 'Kat' Gruene,26
494,LIB,Matt Sterett,28
494,REP,James 'Jim' Wright,309
495,,Over Votes,0
495,,Under Votes,83
495,DEM,Chrysta Casta?eda,789
495,GRN,Katija 'Kat' Gruene,14
495,LIB,Matt Sterett,42
495,REP,James 'Jim' Wright,1230
496,,Over Votes,0
496,,Under Votes,87
496,DEM,Chrysta Casta?eda,905
496,GRN,Katija 'Kat' Gruene,15
496,LIB,Matt Sterett,26
496,REP,James 'Jim' Wright,514
497,,Over Votes,0
497,,Under Votes,57
497,DEM,Chrysta Casta?eda,1096
497,GRN,Katija 'Kat' Gruene,19
497,LIB,Matt Sterett,15
497,REP,James 'Jim' Wright,82
498,,Over Votes,0
498,,Under Votes,49
498,DEM,Chrysta Casta?eda,1059
498,GRN,Katija 'Kat' Gruene,29
498,LIB,Matt Sterett,59
498,REP,James 'Jim' Wright,525
499,,Over Votes,0
499,,Under Votes,65
499,DEM,Chrysta Casta?eda,712
499,GRN,Katija 'Kat' Gruene,21
499,LIB,Matt Sterett,26
499,REP,James 'Jim' Wright,1243
5,,Over Votes,0
5,,Under Votes,34
5,DEM,Chrysta Casta?eda,769
5,GRN,Katija 'Kat' Gruene,18
5,LIB,Matt Sterett,30
5,REP,James 'Jim' Wright,422
50,,Over Votes,0
50,,Under Votes,96
50,DEM,Chrysta Casta?eda,1620
50,GRN,Katija 'Kat' Gruene,40
50,LIB,Matt Sterett,76
50,REP,James 'Jim' Wright,1416
500,,Over Votes,1
500,,Under Votes,83
500,DEM,Chrysta Casta?eda,1156
500,GRN,Katija 'Kat' Gruene,38
500,LIB,Matt Sterett,68
500,REP,James 'Jim' Wright,1542
501,,Over Votes,0
501,,Under Votes,70
501,DEM,Chrysta Casta?eda,1106
501,GRN,Katija 'Kat' Gruene,23
501,LIB,Matt Sterett,54
501,REP,James 'Jim' Wright,663
502,,Over Votes,0
502,,Under Votes,65
502,DEM,Chrysta Casta?eda,380
502,GRN,Katija 'Kat' Gruene,9
502,LIB,Matt Sterett,27
502,REP,James 'Jim' Wright,1469
503,,Over Votes,0
503,,Under Votes,84
503,DEM,Chrysta Casta?eda,580
503,GRN,Katija 'Kat' Gruene,20
503,LIB,Matt Sterett,55
503,REP,James 'Jim' Wright,1447
504,,Over Votes,0
504,,Under Votes,72
504,DEM,Chrysta Casta?eda,764
504,GRN,Katija 'Kat' Gruene,16
504,LIB,Matt Sterett,48
504,REP,James 'Jim' Wright,1043
505,,Over Votes,0
505,,Under Votes,103
505,DEM,Chrysta Casta?eda,1632
505,GRN,Katija 'Kat' Gruene,56
505,LIB,Matt Sterett,77
505,REP,James 'Jim' Wright,1052
506,,Over Votes,0
506,,Under Votes,87
506,DEM,Chrysta Casta?eda,1944
506,GRN,Katija 'Kat' Gruene,34
506,LIB,Matt Sterett,38
506,REP,James 'Jim' Wright,421
507,,Over Votes,1
507,,Under Votes,123
507,DEM,Chrysta Casta?eda,627
507,GRN,Katija 'Kat' Gruene,16
507,LIB,Matt Sterett,12
507,REP,James 'Jim' Wright,356
508,,Over Votes,0
508,,Under Votes,213
508,DEM,Chrysta Casta?eda,1565
508,GRN,Katija 'Kat' Gruene,44
508,LIB,Matt Sterett,44
508,REP,James 'Jim' Wright,1046
509,,Over Votes,0
509,,Under Votes,123
509,DEM,Chrysta Casta?eda,1506
509,GRN,Katija 'Kat' Gruene,65
509,LIB,Matt Sterett,99
509,REP,James 'Jim' Wright,2116
51,,Over Votes,0
51,,Under Votes,59
51,DEM,Chrysta Casta?eda,310
51,GRN,Katija 'Kat' Gruene,9
51,LIB,Matt Sterett,26
51,REP,James 'Jim' Wright,887
510,,Over Votes,1
510,,Under Votes,92
510,DEM,Chrysta Casta?eda,1661
510,GRN,Katija 'Kat' Gruene,47
510,LIB,Matt Sterett,67
510,REP,James 'Jim' Wright,959
511,,Over Votes,0
511,,Under Votes,204
511,DEM,Chrysta Casta?eda,2973
511,GRN,Katija 'Kat' Gruene,70
511,LIB,Matt Sterett,131
511,REP,James 'Jim' Wright,4002
512,,Over Votes,0
512,,Under Votes,115
512,DEM,Chrysta Casta?eda,1798
512,GRN,Katija 'Kat' Gruene,64
512,LIB,Matt Sterett,91
512,REP,James 'Jim' Wright,1187
513,,Over Votes,0
513,,Under Votes,68
513,DEM,Chrysta Casta?eda,804
513,GRN,Katija 'Kat' Gruene,19
513,LIB,Matt Sterett,40
513,REP,James 'Jim' Wright,1500
514,,Over Votes,0
514,,Under Votes,106
514,DEM,Chrysta Casta?eda,1123
514,GRN,Katija 'Kat' Gruene,38
514,LIB,Matt Sterett,80
514,REP,James 'Jim' Wright,1938
515,,Over Votes,0
515,,Under Votes,63
515,DEM,Chrysta Casta?eda,668
515,GRN,Katija 'Kat' Gruene,21
515,LIB,Matt Sterett,40
515,REP,James 'Jim' Wright,1787
516,,Over Votes,0
516,,Under Votes,77
516,DEM,Chrysta Casta?eda,992
516,GRN,Katija 'Kat' Gruene,29
516,LIB,Matt Sterett,33
516,REP,James 'Jim' Wright,907
517,,Over Votes,0
517,,Under Votes,111
517,DEM,Chrysta Casta?eda,1434
517,GRN,Katija 'Kat' Gruene,42
517,LIB,Matt Sterett,49
517,REP,James 'Jim' Wright,1097
518,,Over Votes,1
518,,Under Votes,90
518,DEM,Chrysta Casta?eda,1389
518,GRN,Katija 'Kat' Gruene,44
518,LIB,Matt Sterett,63
518,REP,James 'Jim' Wright,1564
519,,Over Votes,0
519,,Under Votes,56
519,DEM,Chrysta Casta?eda,792
519,GRN,Katija 'Kat' Gruene,21
519,LIB,Matt Sterett,51
519,REP,James 'Jim' Wright,1215
52,,Over Votes,0
52,,Under Votes,86
52,DEM,Chrysta Casta?eda,1353
52,GRN,Katija 'Kat' Gruene,30
52,LIB,Matt Sterett,71
52,REP,James 'Jim' Wright,847
520,,Over Votes,0
520,,Under Votes,102
520,DEM,Chrysta Casta?eda,2309
520,GRN,Katija 'Kat' Gruene,54
520,LIB,Matt Sterett,58
520,REP,James 'Jim' Wright,425
521,,Over Votes,0
521,,Under Votes,70
521,DEM,Chrysta Casta?eda,1164
521,GRN,Katija 'Kat' Gruene,20
521,LIB,Matt Sterett,48
521,REP,James 'Jim' Wright,902
522,,Over Votes,0
522,,Under Votes,54
522,DEM,Chrysta Casta?eda,664
522,GRN,Katija 'Kat' Gruene,25
522,LIB,Matt Sterett,50
522,REP,James 'Jim' Wright,1471
523,,Over Votes,0
523,,Under Votes,105
523,DEM,Chrysta Casta?eda,1138
523,GRN,Katija 'Kat' Gruene,29
523,LIB,Matt Sterett,60
523,REP,James 'Jim' Wright,1265
524,,Over Votes,0
524,,Under Votes,90
524,DEM,Chrysta Casta?eda,1555
524,GRN,Katija 'Kat' Gruene,36
524,LIB,Matt Sterett,34
524,REP,James 'Jim' Wright,704
525,,Over Votes,2
525,,Under Votes,110
525,DEM,Chrysta Casta?eda,1619
525,GRN,Katija 'Kat' Gruene,20
525,LIB,Matt Sterett,35
525,REP,James 'Jim' Wright,505
526,,Over Votes,0
526,,Under Votes,39
526,DEM,Chrysta Casta?eda,299
526,GRN,Katija 'Kat' Gruene,10
526,LIB,Matt Sterett,13
526,REP,James 'Jim' Wright,116
527,,Over Votes,0
527,,Under Votes,14
527,DEM,Chrysta Casta?eda,135
527,GRN,Katija 'Kat' Gruene,0
527,LIB,Matt Sterett,4
527,REP,James 'Jim' Wright,105
528,,Over Votes,0
528,,Under Votes,3
528,DEM,Chrysta Casta?eda,32
528,GRN,Katija 'Kat' Gruene,0
528,LIB,Matt Sterett,0
528,REP,James 'Jim' Wright,3
529,,Over Votes,0
529,,Under Votes,95
529,DEM,Chrysta Casta?eda,550
529,GRN,Katija 'Kat' Gruene,34
529,LIB,Matt Sterett,87
529,REP,James 'Jim' Wright,2257
53,,Over Votes,1
53,,Under Votes,78
53,DEM,Chrysta Casta?eda,1652
53,GRN,Katija 'Kat' Gruene,34
53,LIB,Matt Sterett,88
53,REP,James 'Jim' Wright,961
530,,Over Votes,0
530,,Under Votes,44
530,DEM,Chrysta Casta?eda,393
530,GRN,Katija 'Kat' Gruene,5
530,LIB,Matt Sterett,13
530,REP,James 'Jim' Wright,163
531,,Over Votes,0
531,,Under Votes,71
531,DEM,Chrysta Casta?eda,408
531,GRN,Katija 'Kat' Gruene,12
531,LIB,Matt Sterett,16
531,REP,James 'Jim' Wright,1244
532,,Over Votes,0
532,,Under Votes,14
532,DEM,Chrysta Casta?eda,238
532,GRN,Katija 'Kat' Gruene,4
532,LIB,Matt Sterett,11
532,REP,James 'Jim' Wright,416
533,,Over Votes,0
533,,Under Votes,25
533,DEM,Chrysta Casta?eda,284
533,GRN,Katija 'Kat' Gruene,6
533,LIB,Matt Sterett,11
533,REP,James 'Jim' Wright,290
534,,Over Votes,0
534,,Under Votes,114
534,DEM,Chrysta Casta?eda,837
534,GRN,Katija 'Kat' Gruene,14
534,LIB,Matt Sterett,43
534,REP,James 'Jim' Wright,1856
535,,Over Votes,0
535,,Under Votes,10
535,DEM,Chrysta Casta?eda,121
535,GRN,Katija 'Kat' Gruene,2
535,LIB,Matt Sterett,2
535,REP,James 'Jim' Wright,85
536,,Over Votes,0
536,,Under Votes,187
536,DEM,Chrysta Casta?eda,2330
536,GRN,Katija 'Kat' Gruene,53
536,LIB,Matt Sterett,68
536,REP,James 'Jim' Wright,1593
537,,Over Votes,0
537,,Under Votes,101
537,DEM,Chrysta Casta?eda,810
537,GRN,Katija 'Kat' Gruene,20
537,LIB,Matt Sterett,30
537,REP,James 'Jim' Wright,1882
538,,Over Votes,0
538,,Under Votes,28
538,DEM,Chrysta Casta?eda,543
538,GRN,Katija 'Kat' Gruene,5
538,LIB,Matt Sterett,11
538,REP,James 'Jim' Wright,26
539,,Over Votes,0
539,,Under Votes,48
539,DEM,Chrysta Casta?eda,616
539,GRN,Katija 'Kat' Gruene,21
539,LIB,Matt Sterett,20
539,REP,James 'Jim' Wright,600
54,,Over Votes,0
54,,Under Votes,65
54,DEM,Chrysta Casta?eda,821
54,GRN,Katija 'Kat' Gruene,20
54,LIB,Matt Sterett,43
54,REP,James 'Jim' Wright,634
540,,Over Votes,0
540,,Under Votes,74
540,DEM,Chrysta Casta?eda,1413
540,GRN,Katija 'Kat' Gruene,28
540,LIB,Matt Sterett,38
540,REP,James 'Jim' Wright,525
541,,Over Votes,0
541,,Under Votes,113
541,DEM,Chrysta Casta?eda,2827
541,GRN,Katija 'Kat' Gruene,68
541,LIB,Matt Sterett,54
541,REP,James 'Jim' Wright,497
542,,Over Votes,0
542,,Under Votes,97
542,DEM,Chrysta Casta?eda,1432
542,GRN,Katija 'Kat' Gruene,31
542,LIB,Matt Sterett,29
542,REP,James 'Jim' Wright,168
543,,Over Votes,0
543,,Under Votes,47
543,DEM,Chrysta Casta?eda,612
543,GRN,Katija 'Kat' Gruene,20
543,LIB,Matt Sterett,18
543,REP,James 'Jim' Wright,291
544,,Over Votes,0
544,,Under Votes,6
544,DEM,Chrysta Casta?eda,108
544,GRN,Katija 'Kat' Gruene,8
544,LIB,Matt Sterett,5
544,REP,James 'Jim' Wright,14
545,,Over Votes,0
545,,Under Votes,156
545,DEM,Chrysta Casta?eda,1678
545,GRN,Katija 'Kat' Gruene,53
545,LIB,Matt Sterett,64
545,REP,James 'Jim' Wright,1618
546,,Over Votes,0
546,,Under Votes,47
546,DEM,Chrysta Casta?eda,417
546,GRN,Katija 'Kat' Gruene,11
546,LIB,Matt Sterett,34
546,REP,James 'Jim' Wright,1563
547,,Over Votes,1
547,,Under Votes,64
547,DEM,Chrysta Casta?eda,616
547,GRN,Katija 'Kat' Gruene,22
547,LIB,Matt Sterett,49
547,REP,James 'Jim' Wright,1087
548,,Over Votes,0
548,,Under Votes,55
548,DEM,Chrysta Casta?eda,837
548,GRN,Katija 'Kat' Gruene,29
548,LIB,Matt Sterett,46
548,REP,James 'Jim' Wright,642
549,,Over Votes,0
549,,Under Votes,76
549,DEM,Chrysta Casta?eda,1420
549,GRN,Katija 'Kat' Gruene,16
549,LIB,Matt Sterett,29
549,REP,James 'Jim' Wright,289
55,,Over Votes,0
55,,Under Votes,74
55,DEM,Chrysta Casta?eda,1482
55,GRN,Katija 'Kat' Gruene,41
55,LIB,Matt Sterett,86
55,REP,James 'Jim' Wright,987
550,,Over Votes,0
550,,Under Votes,67
550,DEM,Chrysta Casta?eda,1128
550,GRN,Katija 'Kat' Gruene,32
550,LIB,Matt Sterett,40
550,REP,James 'Jim' Wright,614
551,,Over Votes,0
551,,Under Votes,111
551,DEM,Chrysta Casta?eda,1237
551,GRN,Katija 'Kat' Gruene,28
551,LIB,Matt Sterett,86
551,REP,James 'Jim' Wright,2904
552,,Over Votes,0
552,,Under Votes,78
552,DEM,Chrysta Casta?eda,744
552,GRN,Katija 'Kat' Gruene,25
552,LIB,Matt Sterett,65
552,REP,James 'Jim' Wright,2421
553,,Over Votes,0
553,,Under Votes,73
553,DEM,Chrysta Casta?eda,1161
553,GRN,Katija 'Kat' Gruene,30
553,LIB,Matt Sterett,57
553,REP,James 'Jim' Wright,737
554,,Over Votes,0
554,,Under Votes,60
554,DEM,Chrysta Casta?eda,725
554,GRN,Katija 'Kat' Gruene,15
554,LIB,Matt Sterett,22
554,REP,James 'Jim' Wright,224
555,,Over Votes,0
555,,Under Votes,59
555,DEM,Chrysta Casta?eda,821
555,GRN,Katija 'Kat' Gruene,19
555,LIB,Matt Sterett,18
555,REP,James 'Jim' Wright,206
556,,Over Votes,0
556,,Under Votes,78
556,DEM,Chrysta Casta?eda,967
556,GRN,Katija 'Kat' Gruene,28
556,LIB,Matt Sterett,26
556,REP,James 'Jim' Wright,381
557,,Over Votes,0
557,,Under Votes,135
557,DEM,Chrysta Casta?eda,963
557,GRN,Katija 'Kat' Gruene,28
557,LIB,Matt Sterett,24
557,REP,James 'Jim' Wright,676
558,,Over Votes,0
558,,Under Votes,108
558,DEM,Chrysta Casta?eda,1924
558,GRN,Katija 'Kat' Gruene,54
558,LIB,Matt Sterett,72
558,REP,James 'Jim' Wright,954
559,,Over Votes,1
559,,Under Votes,99
559,DEM,Chrysta Casta?eda,2279
559,GRN,Katija 'Kat' Gruene,78
559,LIB,Matt Sterett,57
559,REP,James 'Jim' Wright,643
56,,Over Votes,0
56,,Under Votes,57
56,DEM,Chrysta Casta?eda,508
56,GRN,Katija 'Kat' Gruene,24
56,LIB,Matt Sterett,33
56,REP,James 'Jim' Wright,614
560,,Over Votes,0
560,,Under Votes,40
560,DEM,Chrysta Casta?eda,388
560,GRN,Katija 'Kat' Gruene,12
560,LIB,Matt Sterett,11
560,REP,James 'Jim' Wright,126
561,,Over Votes,0
561,,Under Votes,93
561,DEM,Chrysta Casta?eda,753
561,GRN,Katija 'Kat' Gruene,21
561,LIB,Matt Sterett,50
561,REP,James 'Jim' Wright,1146
562,,Over Votes,0
562,,Under Votes,35
562,DEM,Chrysta Casta?eda,300
562,GRN,Katija 'Kat' Gruene,3
562,LIB,Matt Sterett,3
562,REP,James 'Jim' Wright,44
563,,Over Votes,0
563,,Under Votes,75
563,DEM,Chrysta Casta?eda,733
563,GRN,Katija 'Kat' Gruene,18
563,LIB,Matt Sterett,41
563,REP,James 'Jim' Wright,1717
564,,Over Votes,0
564,,Under Votes,74
564,DEM,Chrysta Casta?eda,2000
564,GRN,Katija 'Kat' Gruene,64
564,LIB,Matt Sterett,62
564,REP,James 'Jim' Wright,496
565,,Over Votes,0
565,,Under Votes,42
565,DEM,Chrysta Casta?eda,393
565,GRN,Katija 'Kat' Gruene,7
565,LIB,Matt Sterett,11
565,REP,James 'Jim' Wright,152
566,,Over Votes,0
566,,Under Votes,75
566,DEM,Chrysta Casta?eda,1283
566,GRN,Katija 'Kat' Gruene,42
566,LIB,Matt Sterett,41
566,REP,James 'Jim' Wright,461
567,,Over Votes,0
567,,Under Votes,90
567,DEM,Chrysta Casta?eda,1017
567,GRN,Katija 'Kat' Gruene,24
567,LIB,Matt Sterett,33
567,REP,James 'Jim' Wright,465
568,,Over Votes,0
568,,Under Votes,112
568,DEM,Chrysta Casta?eda,1161
568,GRN,Katija 'Kat' Gruene,37
568,LIB,Matt Sterett,60
568,REP,James 'Jim' Wright,1514
569,,Over Votes,0
569,,Under Votes,125
569,DEM,Chrysta Casta?eda,1887
569,GRN,Katija 'Kat' Gruene,46
569,LIB,Matt Sterett,82
569,REP,James 'Jim' Wright,1400
57,,Over Votes,0
57,,Under Votes,83
57,DEM,Chrysta Casta?eda,1728
57,GRN,Katija 'Kat' Gruene,29
57,LIB,Matt Sterett,63
57,REP,James 'Jim' Wright,967
570,,Over Votes,0
570,,Under Votes,40
570,DEM,Chrysta Casta?eda,762
570,GRN,Katija 'Kat' Gruene,32
570,LIB,Matt Sterett,26
570,REP,James 'Jim' Wright,308
571,,Over Votes,2
571,,Under Votes,53
571,DEM,Chrysta Casta?eda,563
571,GRN,Katija 'Kat' Gruene,13
571,LIB,Matt Sterett,19
571,REP,James 'Jim' Wright,297
572,,Over Votes,0
572,,Under Votes,86
572,DEM,Chrysta Casta?eda,1385
572,GRN,Katija 'Kat' Gruene,48
572,LIB,Matt Sterett,60
572,REP,James 'Jim' Wright,802
573,,Over Votes,0
573,,Under Votes,38
573,DEM,Chrysta Casta?eda,762
573,GRN,Katija 'Kat' Gruene,14
573,LIB,Matt Sterett,9
573,REP,James 'Jim' Wright,35
574,,Over Votes,0
574,,Under Votes,11
574,DEM,Chrysta Casta?eda,146
574,GRN,Katija 'Kat' Gruene,2
574,LIB,Matt Sterett,5
574,REP,James 'Jim' Wright,34
575,,Over Votes,0
575,,Under Votes,114
575,DEM,Chrysta Casta?eda,1505
575,GRN,Katija 'Kat' Gruene,33
575,LIB,Matt Sterett,77
575,REP,James 'Jim' Wright,1489
576,,Over Votes,1
576,,Under Votes,58
576,DEM,Chrysta Casta?eda,1477
576,GRN,Katija 'Kat' Gruene,26
576,LIB,Matt Sterett,33
576,REP,James 'Jim' Wright,159
577,,Over Votes,0
577,,Under Votes,71
577,DEM,Chrysta Casta?eda,636
577,GRN,Katija 'Kat' Gruene,21
577,LIB,Matt Sterett,29
577,REP,James 'Jim' Wright,872
578,,Over Votes,0
578,,Under Votes,37
578,DEM,Chrysta Casta?eda,681
578,GRN,Katija 'Kat' Gruene,16
578,LIB,Matt Sterett,40
578,REP,James 'Jim' Wright,825
579,,Over Votes,0
579,,Under Votes,39
579,DEM,Chrysta Casta?eda,427
579,GRN,Katija 'Kat' Gruene,5
579,LIB,Matt Sterett,12
579,REP,James 'Jim' Wright,127
58,,Over Votes,0
58,,Under Votes,116
58,DEM,Chrysta Casta?eda,1690
58,GRN,Katija 'Kat' Gruene,29
58,LIB,Matt Sterett,98
58,REP,James 'Jim' Wright,1219
580,,Over Votes,0
580,,Under Votes,31
580,DEM,Chrysta Casta?eda,446
580,GRN,Katija 'Kat' Gruene,13
580,LIB,Matt Sterett,2
580,REP,James 'Jim' Wright,37
581,,Over Votes,0
581,,Under Votes,25
581,DEM,Chrysta Casta?eda,525
581,GRN,Katija 'Kat' Gruene,9
581,LIB,Matt Sterett,4
581,REP,James 'Jim' Wright,26
582,,Over Votes,0
582,,Under Votes,53
582,DEM,Chrysta Casta?eda,714
582,GRN,Katija 'Kat' Gruene,15
582,LIB,Matt Sterett,9
582,REP,James 'Jim' Wright,86
583,,Over Votes,2
583,,Under Votes,28
583,DEM,Chrysta Casta?eda,569
583,GRN,Katija 'Kat' Gruene,6
583,LIB,Matt Sterett,12
583,REP,James 'Jim' Wright,38
584,,Over Votes,0
584,,Under Votes,25
584,DEM,Chrysta Casta?eda,446
584,GRN,Katija 'Kat' Gruene,7
584,LIB,Matt Sterett,5
584,REP,James 'Jim' Wright,54
585,,Over Votes,1
585,,Under Votes,47
585,DEM,Chrysta Casta?eda,1046
585,GRN,Katija 'Kat' Gruene,27
585,LIB,Matt Sterett,21
585,REP,James 'Jim' Wright,106
586,,Over Votes,0
586,,Under Votes,87
586,DEM,Chrysta Casta?eda,1372
586,GRN,Katija 'Kat' Gruene,49
586,LIB,Matt Sterett,63
586,REP,James 'Jim' Wright,1405
587,,Over Votes,0
587,,Under Votes,77
587,DEM,Chrysta Casta?eda,1524
587,GRN,Katija 'Kat' Gruene,38
587,LIB,Matt Sterett,35
587,REP,James 'Jim' Wright,631
588,,Over Votes,0
588,,Under Votes,84
588,DEM,Chrysta Casta?eda,1248
588,GRN,Katija 'Kat' Gruene,35
588,LIB,Matt Sterett,76
588,REP,James 'Jim' Wright,1620
589,,Over Votes,0
589,,Under Votes,73
589,DEM,Chrysta Casta?eda,1482
589,GRN,Katija 'Kat' Gruene,48
589,LIB,Matt Sterett,76
589,REP,James 'Jim' Wright,1025
59,,Over Votes,0
59,,Under Votes,61
59,DEM,Chrysta Casta?eda,1484
59,GRN,Katija 'Kat' Gruene,24
59,LIB,Matt Sterett,57
59,REP,James 'Jim' Wright,873
590,,Over Votes,0
590,,Under Votes,44
590,DEM,Chrysta Casta?eda,498
590,GRN,Katija 'Kat' Gruene,12
590,LIB,Matt Sterett,39
590,REP,James 'Jim' Wright,1162
591,,Over Votes,0
591,,Under Votes,96
591,DEM,Chrysta Casta?eda,764
591,GRN,Katija 'Kat' Gruene,17
591,LIB,Matt Sterett,16
591,REP,James 'Jim' Wright,328
592,,Over Votes,1
592,,Under Votes,46
592,DEM,Chrysta Casta?eda,628
592,GRN,Katija 'Kat' Gruene,17
592,LIB,Matt Sterett,16
592,REP,James 'Jim' Wright,215
593,,Over Votes,0
593,,Under Votes,132
593,DEM,Chrysta Casta?eda,1589
593,GRN,Katija 'Kat' Gruene,30
593,LIB,Matt Sterett,47
593,REP,James 'Jim' Wright,1352
594,,Over Votes,1
594,,Under Votes,65
594,DEM,Chrysta Casta?eda,1177
594,GRN,Katija 'Kat' Gruene,38
594,LIB,Matt Sterett,36
594,REP,James 'Jim' Wright,396
595,,Over Votes,0
595,,Under Votes,51
595,DEM,Chrysta Casta?eda,836
595,GRN,Katija 'Kat' Gruene,19
595,LIB,Matt Sterett,18
595,REP,James 'Jim' Wright,199
596,,Over Votes,1
596,,Under Votes,68
596,DEM,Chrysta Casta?eda,1275
596,GRN,Katija 'Kat' Gruene,30
596,LIB,Matt Sterett,56
596,REP,James 'Jim' Wright,906
597,,Over Votes,0
597,,Under Votes,91
597,DEM,Chrysta Casta?eda,1423
597,GRN,Katija 'Kat' Gruene,34
597,LIB,Matt Sterett,54
597,REP,James 'Jim' Wright,838
598,,Over Votes,1
598,,Under Votes,142
598,DEM,Chrysta Casta?eda,2549
598,GRN,Katija 'Kat' Gruene,74
598,LIB,Matt Sterett,80
598,REP,James 'Jim' Wright,1360
599,,Over Votes,0
599,,Under Votes,79
599,DEM,Chrysta Casta?eda,1597
599,GRN,Katija 'Kat' Gruene,51
599,LIB,Matt Sterett,48
599,REP,James 'Jim' Wright,680
6,,Over Votes,0
6,,Under Votes,90
6,DEM,Chrysta Casta?eda,1620
6,GRN,Katija 'Kat' Gruene,51
6,LIB,Matt Sterett,68
6,REP,James 'Jim' Wright,1208
60,,Over Votes,0
60,,Under Votes,68
60,DEM,Chrysta Casta?eda,1704
60,GRN,Katija 'Kat' Gruene,50
60,LIB,Matt Sterett,47
60,REP,James 'Jim' Wright,492
600,,Over Votes,0
600,,Under Votes,140
600,DEM,Chrysta Casta?eda,1806
600,GRN,Katija 'Kat' Gruene,43
600,LIB,Matt Sterett,37
600,REP,James 'Jim' Wright,946
601,,Over Votes,0
601,,Under Votes,75
601,DEM,Chrysta Casta?eda,1030
601,GRN,Katija 'Kat' Gruene,35
601,LIB,Matt Sterett,67
601,REP,James 'Jim' Wright,2100
602,,Over Votes,0
602,,Under Votes,24
602,DEM,Chrysta Casta?eda,409
602,GRN,Katija 'Kat' Gruene,7
602,LIB,Matt Sterett,22
602,REP,James 'Jim' Wright,777
603,,Over Votes,0
603,,Under Votes,155
603,DEM,Chrysta Casta?eda,1837
603,GRN,Katija 'Kat' Gruene,56
603,LIB,Matt Sterett,83
603,REP,James 'Jim' Wright,1937
604,,Over Votes,0
604,,Under Votes,89
604,DEM,Chrysta Casta?eda,426
604,GRN,Katija 'Kat' Gruene,23
604,LIB,Matt Sterett,48
604,REP,James 'Jim' Wright,2117
605,,Over Votes,0
605,,Under Votes,102
605,DEM,Chrysta Casta?eda,1855
605,GRN,Katija 'Kat' Gruene,40
605,LIB,Matt Sterett,58
605,REP,James 'Jim' Wright,676
606,,Over Votes,0
606,,Under Votes,29
606,DEM,Chrysta Casta?eda,419
606,GRN,Katija 'Kat' Gruene,5
606,LIB,Matt Sterett,8
606,REP,James 'Jim' Wright,22
607,,Over Votes,0
607,,Under Votes,21
607,DEM,Chrysta Casta?eda,456
607,GRN,Katija 'Kat' Gruene,8
607,LIB,Matt Sterett,5
607,REP,James 'Jim' Wright,58
608,,Over Votes,0
608,,Under Votes,14
608,DEM,Chrysta Casta?eda,169
608,GRN,Katija 'Kat' Gruene,10
608,LIB,Matt Sterett,4
608,REP,James 'Jim' Wright,116
609,,Over Votes,0
609,,Under Votes,113
609,DEM,Chrysta Casta?eda,1383
609,GRN,Katija 'Kat' Gruene,27
609,LIB,Matt Sterett,58
609,REP,James 'Jim' Wright,1762
61,,Over Votes,0
61,,Under Votes,86
61,DEM,Chrysta Casta?eda,667
61,GRN,Katija 'Kat' Gruene,13
61,LIB,Matt Sterett,13
61,REP,James 'Jim' Wright,312
610,,Over Votes,0
610,,Under Votes,85
610,DEM,Chrysta Casta?eda,756
610,GRN,Katija 'Kat' Gruene,19
610,LIB,Matt Sterett,33
610,REP,James 'Jim' Wright,543
611,,Over Votes,2
611,,Under Votes,57
611,DEM,Chrysta Casta?eda,1140
611,GRN,Katija 'Kat' Gruene,20
611,LIB,Matt Sterett,19
611,REP,James 'Jim' Wright,89
612,,Over Votes,1
612,,Under Votes,84
612,DEM,Chrysta Casta?eda,723
612,GRN,Katija 'Kat' Gruene,27
612,LIB,Matt Sterett,67
612,REP,James 'Jim' Wright,1758
613,,Over Votes,1
613,,Under Votes,72
613,DEM,Chrysta Casta?eda,1265
613,GRN,Katija 'Kat' Gruene,28
613,LIB,Matt Sterett,15
613,REP,James 'Jim' Wright,350
614,,Over Votes,1
614,,Under Votes,118
614,DEM,Chrysta Casta?eda,2014
614,GRN,Katija 'Kat' Gruene,39
614,LIB,Matt Sterett,42
614,REP,James 'Jim' Wright,918
615,,Over Votes,1
615,,Under Votes,48
615,DEM,Chrysta Casta?eda,901
615,GRN,Katija 'Kat' Gruene,25
615,LIB,Matt Sterett,41
615,REP,James 'Jim' Wright,739
616,,Over Votes,1
616,,Under Votes,92
616,DEM,Chrysta Casta?eda,1087
616,GRN,Katija 'Kat' Gruene,40
616,LIB,Matt Sterett,86
616,REP,James 'Jim' Wright,1598
617,,Over Votes,0
617,,Under Votes,101
617,DEM,Chrysta Casta?eda,1822
617,GRN,Katija 'Kat' Gruene,45
617,LIB,Matt Sterett,73
617,REP,James 'Jim' Wright,887
618,,Over Votes,1
618,,Under Votes,115
618,DEM,Chrysta Casta?eda,1616
618,GRN,Katija 'Kat' Gruene,48
618,LIB,Matt Sterett,80
618,REP,James 'Jim' Wright,1059
619,,Over Votes,0
619,,Under Votes,116
619,DEM,Chrysta Casta?eda,1233
619,GRN,Katija 'Kat' Gruene,45
619,LIB,Matt Sterett,105
619,REP,James 'Jim' Wright,2479
62,,Over Votes,1
62,,Under Votes,79
62,DEM,Chrysta Casta?eda,764
62,GRN,Katija 'Kat' Gruene,18
62,LIB,Matt Sterett,23
62,REP,James 'Jim' Wright,278
620,,Over Votes,0
620,,Under Votes,98
620,DEM,Chrysta Casta?eda,1355
620,GRN,Katija 'Kat' Gruene,20
620,LIB,Matt Sterett,50
620,REP,James 'Jim' Wright,1199
621,,Over Votes,0
621,,Under Votes,34
621,DEM,Chrysta Casta?eda,543
621,GRN,Katija 'Kat' Gruene,13
621,LIB,Matt Sterett,19
621,REP,James 'Jim' Wright,393
622,,Over Votes,0
622,,Under Votes,120
622,DEM,Chrysta Casta?eda,1548
622,GRN,Katija 'Kat' Gruene,39
622,LIB,Matt Sterett,66
622,REP,James 'Jim' Wright,1689
623,,Over Votes,0
623,,Under Votes,101
623,DEM,Chrysta Casta?eda,1365
623,GRN,Katija 'Kat' Gruene,39
623,LIB,Matt Sterett,64
623,REP,James 'Jim' Wright,1528
624,,Over Votes,0
624,,Under Votes,18
624,DEM,Chrysta Casta?eda,270
624,GRN,Katija 'Kat' Gruene,8
624,LIB,Matt Sterett,20
624,REP,James 'Jim' Wright,614
625,,Over Votes,0
625,,Under Votes,49
625,DEM,Chrysta Casta?eda,731
625,GRN,Katija 'Kat' Gruene,17
625,LIB,Matt Sterett,24
625,REP,James 'Jim' Wright,714
626,,Over Votes,0
626,,Under Votes,139
626,DEM,Chrysta Casta?eda,1731
626,GRN,Katija 'Kat' Gruene,56
626,LIB,Matt Sterett,76
626,REP,James 'Jim' Wright,1562
627,,Over Votes,1
627,,Under Votes,112
627,DEM,Chrysta Casta?eda,1150
627,GRN,Katija 'Kat' Gruene,37
627,LIB,Matt Sterett,39
627,REP,James 'Jim' Wright,542
628,,Over Votes,0
628,,Under Votes,81
628,DEM,Chrysta Casta?eda,845
628,GRN,Katija 'Kat' Gruene,17
628,LIB,Matt Sterett,28
628,REP,James 'Jim' Wright,512
629,,Over Votes,0
629,,Under Votes,12
629,DEM,Chrysta Casta?eda,280
629,GRN,Katija 'Kat' Gruene,5
629,LIB,Matt Sterett,3
629,REP,James 'Jim' Wright,35
63,,Over Votes,0
63,,Under Votes,41
63,DEM,Chrysta Casta?eda,265
63,GRN,Katija 'Kat' Gruene,4
63,LIB,Matt Sterett,20
63,REP,James 'Jim' Wright,992
630,,Over Votes,0
630,,Under Votes,95
630,DEM,Chrysta Casta?eda,3590
630,GRN,Katija 'Kat' Gruene,70
630,LIB,Matt Sterett,64
630,REP,James 'Jim' Wright,399
631,,Over Votes,0
631,,Under Votes,67
631,DEM,Chrysta Casta?eda,898
631,GRN,Katija 'Kat' Gruene,28
631,LIB,Matt Sterett,39
631,REP,James 'Jim' Wright,1325
632,,Over Votes,0
632,,Under Votes,2
632,DEM,Chrysta Casta?eda,2
632,GRN,Katija 'Kat' Gruene,0
632,LIB,Matt Sterett,0
632,REP,James 'Jim' Wright,0
633,,Over Votes,0
633,,Under Votes,95
633,DEM,Chrysta Casta?eda,1181
633,GRN,Katija 'Kat' Gruene,31
633,LIB,Matt Sterett,65
633,REP,James 'Jim' Wright,1951
634,,Over Votes,0
634,,Under Votes,73
634,DEM,Chrysta Casta?eda,1061
634,GRN,Katija 'Kat' Gruene,40
634,LIB,Matt Sterett,49
634,REP,James 'Jim' Wright,1070
635,,Over Votes,0
635,,Under Votes,77
635,DEM,Chrysta Casta?eda,727
635,GRN,Katija 'Kat' Gruene,34
635,LIB,Matt Sterett,88
635,REP,James 'Jim' Wright,1575
636,,Over Votes,0
636,,Under Votes,96
636,DEM,Chrysta Casta?eda,464
636,GRN,Katija 'Kat' Gruene,25
636,LIB,Matt Sterett,86
636,REP,James 'Jim' Wright,3328
637,,Over Votes,1
637,,Under Votes,90
637,DEM,Chrysta Casta?eda,1248
637,GRN,Katija 'Kat' Gruene,29
637,LIB,Matt Sterett,38
637,REP,James 'Jim' Wright,420
638,,Over Votes,0
638,,Under Votes,68
638,DEM,Chrysta Casta?eda,1170
638,GRN,Katija 'Kat' Gruene,17
638,LIB,Matt Sterett,19
638,REP,James 'Jim' Wright,140
639,,Over Votes,0
639,,Under Votes,56
639,DEM,Chrysta Casta?eda,423
639,GRN,Katija 'Kat' Gruene,21
639,LIB,Matt Sterett,46
639,REP,James 'Jim' Wright,1324
64,,Over Votes,2
64,,Under Votes,72
64,DEM,Chrysta Casta?eda,827
64,GRN,Katija 'Kat' Gruene,22
64,LIB,Matt Sterett,22
64,REP,James 'Jim' Wright,250
640,,Over Votes,0
640,,Under Votes,91
640,DEM,Chrysta Casta?eda,1236
640,GRN,Katija 'Kat' Gruene,40
640,LIB,Matt Sterett,65
640,REP,James 'Jim' Wright,1407
641,,Over Votes,0
641,,Under Votes,107
641,DEM,Chrysta Casta?eda,1183
641,GRN,Katija 'Kat' Gruene,36
641,LIB,Matt Sterett,44
641,REP,James 'Jim' Wright,1476
642,,Over Votes,0
642,,Under Votes,31
642,DEM,Chrysta Casta?eda,383
642,GRN,Katija 'Kat' Gruene,10
642,LIB,Matt Sterett,18
642,REP,James 'Jim' Wright,997
643,,Over Votes,0
643,,Under Votes,114
643,DEM,Chrysta Casta?eda,1526
643,GRN,Katija 'Kat' Gruene,45
643,LIB,Matt Sterett,62
643,REP,James 'Jim' Wright,1247
644,,Over Votes,0
644,,Under Votes,125
644,DEM,Chrysta Casta?eda,1478
644,GRN,Katija 'Kat' Gruene,57
644,LIB,Matt Sterett,85
644,REP,James 'Jim' Wright,1765
645,,Over Votes,0
645,,Under Votes,109
645,DEM,Chrysta Casta?eda,2317
645,GRN,Katija 'Kat' Gruene,68
645,LIB,Matt Sterett,99
645,REP,James 'Jim' Wright,1198
646,,Over Votes,0
646,,Under Votes,80
646,DEM,Chrysta Casta?eda,971
646,GRN,Katija 'Kat' Gruene,19
646,LIB,Matt Sterett,15
646,REP,James 'Jim' Wright,593
647,,Over Votes,0
647,,Under Votes,200
647,DEM,Chrysta Casta?eda,1534
647,GRN,Katija 'Kat' Gruene,27
647,LIB,Matt Sterett,37
647,REP,James 'Jim' Wright,1131
648,,Over Votes,0
648,,Under Votes,83
648,DEM,Chrysta Casta?eda,977
648,GRN,Katija 'Kat' Gruene,32
648,LIB,Matt Sterett,56
648,REP,James 'Jim' Wright,1649
649,,Over Votes,0
649,,Under Votes,166
649,DEM,Chrysta Casta?eda,1884
649,GRN,Katija 'Kat' Gruene,34
649,LIB,Matt Sterett,53
649,REP,James 'Jim' Wright,862
65,,Over Votes,0
65,,Under Votes,77
65,DEM,Chrysta Casta?eda,726
65,GRN,Katija 'Kat' Gruene,12
65,LIB,Matt Sterett,19
65,REP,James 'Jim' Wright,243
650,,Over Votes,0
650,,Under Votes,116
650,DEM,Chrysta Casta?eda,1229
650,GRN,Katija 'Kat' Gruene,27
650,LIB,Matt Sterett,60
650,REP,James 'Jim' Wright,1850
651,,Over Votes,0
651,,Under Votes,93
651,DEM,Chrysta Casta?eda,1335
651,GRN,Katija 'Kat' Gruene,34
651,LIB,Matt Sterett,65
651,REP,James 'Jim' Wright,1306
652,,Over Votes,0
652,,Under Votes,76
652,DEM,Chrysta Casta?eda,1600
652,GRN,Katija 'Kat' Gruene,29
652,LIB,Matt Sterett,19
652,REP,James 'Jim' Wright,402
653,,Over Votes,1
653,,Under Votes,26
653,DEM,Chrysta Casta?eda,253
653,GRN,Katija 'Kat' Gruene,1
653,LIB,Matt Sterett,8
653,REP,James 'Jim' Wright,72
654,,Over Votes,0
654,,Under Votes,149
654,DEM,Chrysta Casta?eda,1835
654,GRN,Katija 'Kat' Gruene,56
654,LIB,Matt Sterett,66
654,REP,James 'Jim' Wright,1838
655,,Over Votes,0
655,,Under Votes,145
655,DEM,Chrysta Casta?eda,1504
655,GRN,Katija 'Kat' Gruene,51
655,LIB,Matt Sterett,80
655,REP,James 'Jim' Wright,1613
656,,Over Votes,2
656,,Under Votes,69
656,DEM,Chrysta Casta?eda,1327
656,GRN,Katija 'Kat' Gruene,14
656,LIB,Matt Sterett,20
656,REP,James 'Jim' Wright,103
657,,Over Votes,0
657,,Under Votes,37
657,DEM,Chrysta Casta?eda,746
657,GRN,Katija 'Kat' Gruene,17
657,LIB,Matt Sterett,30
657,REP,James 'Jim' Wright,362
658,,Over Votes,0
658,,Under Votes,52
658,DEM,Chrysta Casta?eda,830
658,GRN,Katija 'Kat' Gruene,34
658,LIB,Matt Sterett,69
658,REP,James 'Jim' Wright,1057
659,,Over Votes,0
659,,Under Votes,115
659,DEM,Chrysta Casta?eda,1318
659,GRN,Katija 'Kat' Gruene,43
659,LIB,Matt Sterett,75
659,REP,James 'Jim' Wright,2538
66,,Over Votes,1
66,,Under Votes,37
66,DEM,Chrysta Casta?eda,403
66,GRN,Katija 'Kat' Gruene,12
66,LIB,Matt Sterett,10
66,REP,James 'Jim' Wright,129
660,,Over Votes,0
660,,Under Votes,91
660,DEM,Chrysta Casta?eda,1959
660,GRN,Katija 'Kat' Gruene,30
660,LIB,Matt Sterett,19
660,REP,James 'Jim' Wright,324
661,,Over Votes,0
661,,Under Votes,123
661,DEM,Chrysta Casta?eda,1691
661,GRN,Katija 'Kat' Gruene,40
661,LIB,Matt Sterett,75
661,REP,James 'Jim' Wright,1456
662,,Over Votes,1
662,,Under Votes,89
662,DEM,Chrysta Casta?eda,747
662,GRN,Katija 'Kat' Gruene,20
662,LIB,Matt Sterett,49
662,REP,James 'Jim' Wright,2365
663,,Over Votes,0
663,,Under Votes,70
663,DEM,Chrysta Casta?eda,1066
663,GRN,Katija 'Kat' Gruene,40
663,LIB,Matt Sterett,47
663,REP,James 'Jim' Wright,842
664,,Over Votes,0
664,,Under Votes,111
664,DEM,Chrysta Casta?eda,1074
664,GRN,Katija 'Kat' Gruene,26
664,LIB,Matt Sterett,30
664,REP,James 'Jim' Wright,335
665,,Over Votes,0
665,,Under Votes,66
665,DEM,Chrysta Casta?eda,426
665,GRN,Katija 'Kat' Gruene,13
665,LIB,Matt Sterett,41
665,REP,James 'Jim' Wright,1560
666,,Over Votes,0
666,,Under Votes,0
666,DEM,Chrysta Casta?eda,0
666,GRN,Katija 'Kat' Gruene,0
666,LIB,Matt Sterett,0
666,REP,James 'Jim' Wright,0
667,,Over Votes,0
667,,Under Votes,46
667,DEM,Chrysta Casta?eda,549
667,GRN,Katija 'Kat' Gruene,17
667,LIB,Matt Sterett,30
667,REP,James 'Jim' Wright,1059
668,,Over Votes,0
668,,Under Votes,92
668,DEM,Chrysta Casta?eda,1323
668,GRN,Katija 'Kat' Gruene,34
668,LIB,Matt Sterett,108
668,REP,James 'Jim' Wright,1564
669,,Over Votes,0
669,,Under Votes,65
669,DEM,Chrysta Casta?eda,1060
669,GRN,Katija 'Kat' Gruene,29
669,LIB,Matt Sterett,47
669,REP,James 'Jim' Wright,1611
67,,Over Votes,0
67,,Under Votes,111
67,DEM,Chrysta Casta?eda,1159
67,GRN,Katija 'Kat' Gruene,28
67,LIB,Matt Sterett,27
67,REP,James 'Jim' Wright,344
670,,Over Votes,0
670,,Under Votes,90
670,DEM,Chrysta Casta?eda,656
670,GRN,Katija 'Kat' Gruene,20
670,LIB,Matt Sterett,49
670,REP,James 'Jim' Wright,1890
671,,Over Votes,0
671,,Under Votes,74
671,DEM,Chrysta Casta?eda,1161
671,GRN,Katija 'Kat' Gruene,44
671,LIB,Matt Sterett,67
671,REP,James 'Jim' Wright,1042
672,,Over Votes,0
672,,Under Votes,79
672,DEM,Chrysta Casta?eda,961
672,GRN,Katija 'Kat' Gruene,30
672,LIB,Matt Sterett,67
672,REP,James 'Jim' Wright,1662
673,,Over Votes,0
673,,Under Votes,68
673,DEM,Chrysta Casta?eda,441
673,GRN,Katija 'Kat' Gruene,13
673,LIB,Matt Sterett,39
673,REP,James 'Jim' Wright,1655
674,,Over Votes,0
674,,Under Votes,83
674,DEM,Chrysta Casta?eda,1144
674,GRN,Katija 'Kat' Gruene,33
674,LIB,Matt Sterett,83
674,REP,James 'Jim' Wright,2257
675,,Over Votes,0
675,,Under Votes,0
675,DEM,Chrysta Casta?eda,0
675,GRN,Katija 'Kat' Gruene,0
675,LIB,Matt Sterett,0
675,REP,James 'Jim' Wright,0
676,,Over Votes,1
676,,Under Votes,89
676,DEM,Chrysta Casta?eda,1099
676,GRN,Katija 'Kat' Gruene,23
676,LIB,Matt Sterett,47
676,REP,James 'Jim' Wright,710
677,,Over Votes,0
677,,Under Votes,56
677,DEM,Chrysta Casta?eda,511
677,GRN,Katija 'Kat' Gruene,8
677,LIB,Matt Sterett,10
677,REP,James 'Jim' Wright,172
678,,Over Votes,0
678,,Under Votes,67
678,DEM,Chrysta Casta?eda,1312
678,GRN,Katija 'Kat' Gruene,17
678,LIB,Matt Sterett,24
678,REP,James 'Jim' Wright,155
679,,Over Votes,0
679,,Under Votes,97
679,DEM,Chrysta Casta?eda,918
679,GRN,Katija 'Kat' Gruene,16
679,LIB,Matt Sterett,47
679,REP,James 'Jim' Wright,1748
68,,Over Votes,1
68,,Under Votes,79
68,DEM,Chrysta Casta?eda,1753
68,GRN,Katija 'Kat' Gruene,42
68,LIB,Matt Sterett,27
68,REP,James 'Jim' Wright,87
680,,Over Votes,0
680,,Under Votes,4
680,DEM,Chrysta Casta?eda,106
680,GRN,Katija 'Kat' Gruene,2
680,LIB,Matt Sterett,6
680,REP,James 'Jim' Wright,32
681,,Over Votes,0
681,,Under Votes,2
681,DEM,Chrysta Casta?eda,61
681,GRN,Katija 'Kat' Gruene,1
681,LIB,Matt Sterett,7
681,REP,James 'Jim' Wright,34
682,,Over Votes,0
682,,Under Votes,112
682,DEM,Chrysta Casta?eda,930
682,GRN,Katija 'Kat' Gruene,33
682,LIB,Matt Sterett,69
682,REP,James 'Jim' Wright,2229
683,,Over Votes,0
683,,Under Votes,9
683,DEM,Chrysta Casta?eda,102
683,GRN,Katija 'Kat' Gruene,3
683,LIB,Matt Sterett,1
683,REP,James 'Jim' Wright,49
684,,Over Votes,1
684,,Under Votes,98
684,DEM,Chrysta Casta?eda,1288
684,GRN,Katija 'Kat' Gruene,31
684,LIB,Matt Sterett,74
684,REP,James 'Jim' Wright,1742
685,,Over Votes,0
685,,Under Votes,9
685,DEM,Chrysta Casta?eda,58
685,GRN,Katija 'Kat' Gruene,1
685,LIB,Matt Sterett,2
685,REP,James 'Jim' Wright,62
686,,Over Votes,0
686,,Under Votes,3
686,DEM,Chrysta Casta?eda,71
686,GRN,Katija 'Kat' Gruene,1
686,LIB,Matt Sterett,2
686,REP,James 'Jim' Wright,28
687,,Over Votes,0
687,,Under Votes,93
687,DEM,Chrysta Casta?eda,838
687,GRN,Katija 'Kat' Gruene,22
687,LIB,Matt Sterett,33
687,REP,James 'Jim' Wright,1344
688,,Over Votes,0
688,,Under Votes,97
688,DEM,Chrysta Casta?eda,896
688,GRN,Katija 'Kat' Gruene,30
688,LIB,Matt Sterett,102
688,REP,James 'Jim' Wright,2500
689,,Over Votes,0
689,,Under Votes,107
689,DEM,Chrysta Casta?eda,895
689,GRN,Katija 'Kat' Gruene,25
689,LIB,Matt Sterett,27
689,REP,James 'Jim' Wright,727
69,,Over Votes,0
69,,Under Votes,44
69,DEM,Chrysta Casta?eda,493
69,GRN,Katija 'Kat' Gruene,7
69,LIB,Matt Sterett,10
69,REP,James 'Jim' Wright,103
690,,Over Votes,0
690,,Under Votes,78
690,DEM,Chrysta Casta?eda,959
690,GRN,Katija 'Kat' Gruene,33
690,LIB,Matt Sterett,71
690,REP,James 'Jim' Wright,2128
691,,Over Votes,0
691,,Under Votes,100
691,DEM,Chrysta Casta?eda,932
691,GRN,Katija 'Kat' Gruene,30
691,LIB,Matt Sterett,69
691,REP,James 'Jim' Wright,2418
692,,Over Votes,0
692,,Under Votes,78
692,DEM,Chrysta Casta?eda,679
692,GRN,Katija 'Kat' Gruene,31
692,LIB,Matt Sterett,74
692,REP,James 'Jim' Wright,1536
693,,Over Votes,0
693,,Under Votes,21
693,DEM,Chrysta Casta?eda,354
693,GRN,Katija 'Kat' Gruene,4
693,LIB,Matt Sterett,15
693,REP,James 'Jim' Wright,113
694,,Over Votes,0
694,,Under Votes,57
694,DEM,Chrysta Casta?eda,1080
694,GRN,Katija 'Kat' Gruene,36
694,LIB,Matt Sterett,30
694,REP,James 'Jim' Wright,636
695,,Over Votes,0
695,,Under Votes,41
695,DEM,Chrysta Casta?eda,423
695,GRN,Katija 'Kat' Gruene,10
695,LIB,Matt Sterett,23
695,REP,James 'Jim' Wright,636
696,,Over Votes,0
696,,Under Votes,56
696,DEM,Chrysta Casta?eda,499
696,GRN,Katija 'Kat' Gruene,21
696,LIB,Matt Sterett,33
696,REP,James 'Jim' Wright,752
697,,Over Votes,0
697,,Under Votes,80
697,DEM,Chrysta Casta?eda,1410
697,GRN,Katija 'Kat' Gruene,31
697,LIB,Matt Sterett,43
697,REP,James 'Jim' Wright,574
698,,Over Votes,1
698,,Under Votes,83
698,DEM,Chrysta Casta?eda,1661
698,GRN,Katija 'Kat' Gruene,25
698,LIB,Matt Sterett,27
698,REP,James 'Jim' Wright,320
699,,Over Votes,0
699,,Under Votes,74
699,DEM,Chrysta Casta?eda,743
699,GRN,Katija 'Kat' Gruene,12
699,LIB,Matt Sterett,40
699,REP,James 'Jim' Wright,1021
7,,Over Votes,0
7,,Under Votes,22
7,DEM,Chrysta Casta?eda,474
7,GRN,Katija 'Kat' Gruene,4
7,LIB,Matt Sterett,7
7,REP,James 'Jim' Wright,25
70,,Over Votes,0
70,,Under Votes,107
70,DEM,Chrysta Casta?eda,1656
70,GRN,Katija 'Kat' Gruene,37
70,LIB,Matt Sterett,67
70,REP,James 'Jim' Wright,1800
700,,Over Votes,0
700,,Under Votes,45
700,DEM,Chrysta Casta?eda,185
700,GRN,Katija 'Kat' Gruene,11
700,LIB,Matt Sterett,13
700,REP,James 'Jim' Wright,954
701,,Over Votes,0
701,,Under Votes,19
701,DEM,Chrysta Casta?eda,189
701,GRN,Katija 'Kat' Gruene,5
701,LIB,Matt Sterett,13
701,REP,James 'Jim' Wright,143
702,,Over Votes,0
702,,Under Votes,17
702,DEM,Chrysta Casta?eda,209
702,GRN,Katija 'Kat' Gruene,9
702,LIB,Matt Sterett,4
702,REP,James 'Jim' Wright,53
703,,Over Votes,0
703,,Under Votes,45
703,DEM,Chrysta Casta?eda,496
703,GRN,Katija 'Kat' Gruene,14
703,LIB,Matt Sterett,35
703,REP,James 'Jim' Wright,1007
704,,Over Votes,0
704,,Under Votes,69
704,DEM,Chrysta Casta?eda,545
704,GRN,Katija 'Kat' Gruene,18
704,LIB,Matt Sterett,48
704,REP,James 'Jim' Wright,1874
705,,Over Votes,1
705,,Under Votes,29
705,DEM,Chrysta Casta?eda,496
705,GRN,Katija 'Kat' Gruene,8
705,LIB,Matt Sterett,10
705,REP,James 'Jim' Wright,76
706,,Over Votes,0
706,,Under Votes,87
706,DEM,Chrysta Casta?eda,1217
706,GRN,Katija 'Kat' Gruene,31
706,LIB,Matt Sterett,36
706,REP,James 'Jim' Wright,778
707,,Over Votes,0
707,,Under Votes,27
707,DEM,Chrysta Casta?eda,244
707,GRN,Katija 'Kat' Gruene,7
707,LIB,Matt Sterett,19
707,REP,James 'Jim' Wright,338
708,,Over Votes,0
708,,Under Votes,17
708,DEM,Chrysta Casta?eda,178
708,GRN,Katija 'Kat' Gruene,5
708,LIB,Matt Sterett,7
708,REP,James 'Jim' Wright,103
709,,Over Votes,0
709,,Under Votes,99
709,DEM,Chrysta Casta?eda,1634
709,GRN,Katija 'Kat' Gruene,46
709,LIB,Matt Sterett,74
709,REP,James 'Jim' Wright,1670
71,,Over Votes,0
71,,Under Votes,171
71,DEM,Chrysta Casta?eda,2707
71,GRN,Katija 'Kat' Gruene,57
71,LIB,Matt Sterett,201
71,REP,James 'Jim' Wright,2341
710,,Over Votes,0
710,,Under Votes,60
710,DEM,Chrysta Casta?eda,983
710,GRN,Katija 'Kat' Gruene,10
710,LIB,Matt Sterett,38
710,REP,James 'Jim' Wright,928
711,,Over Votes,0
711,,Under Votes,116
711,DEM,Chrysta Casta?eda,1866
711,GRN,Katija 'Kat' Gruene,41
711,LIB,Matt Sterett,72
711,REP,James 'Jim' Wright,1434
712,,Over Votes,0
712,,Under Votes,107
712,DEM,Chrysta Casta?eda,1804
712,GRN,Katija 'Kat' Gruene,51
712,LIB,Matt Sterett,71
712,REP,James 'Jim' Wright,1029
713,,Over Votes,0
713,,Under Votes,58
713,DEM,Chrysta Casta?eda,747
713,GRN,Katija 'Kat' Gruene,12
713,LIB,Matt Sterett,36
713,REP,James 'Jim' Wright,604
714,,Over Votes,0
714,,Under Votes,10
714,DEM,Chrysta Casta?eda,85
714,GRN,Katija 'Kat' Gruene,3
714,LIB,Matt Sterett,1
714,REP,James 'Jim' Wright,69
715,,Over Votes,0
715,,Under Votes,35
715,DEM,Chrysta Casta?eda,536
715,GRN,Katija 'Kat' Gruene,18
715,LIB,Matt Sterett,23
715,REP,James 'Jim' Wright,400
716,,Over Votes,0
716,,Under Votes,62
716,DEM,Chrysta Casta?eda,574
716,GRN,Katija 'Kat' Gruene,20
716,LIB,Matt Sterett,43
716,REP,James 'Jim' Wright,1225
717,,Over Votes,0
717,,Under Votes,48
717,DEM,Chrysta Casta?eda,1051
717,GRN,Katija 'Kat' Gruene,22
717,LIB,Matt Sterett,21
717,REP,James 'Jim' Wright,201
718,,Over Votes,0
718,,Under Votes,137
718,DEM,Chrysta Casta?eda,1549
718,GRN,Katija 'Kat' Gruene,30
718,LIB,Matt Sterett,78
718,REP,James 'Jim' Wright,2355
719,,Over Votes,0
719,,Under Votes,49
719,DEM,Chrysta Casta?eda,447
719,GRN,Katija 'Kat' Gruene,16
719,LIB,Matt Sterett,15
719,REP,James 'Jim' Wright,458
72,,Over Votes,0
72,,Under Votes,64
72,DEM,Chrysta Casta?eda,908
72,GRN,Katija 'Kat' Gruene,20
72,LIB,Matt Sterett,26
72,REP,James 'Jim' Wright,357
720,,Over Votes,0
720,,Under Votes,128
720,DEM,Chrysta Casta?eda,1533
720,GRN,Katija 'Kat' Gruene,47
720,LIB,Matt Sterett,102
720,REP,James 'Jim' Wright,2208
721,,Over Votes,0
721,,Under Votes,94
721,DEM,Chrysta Casta?eda,935
721,GRN,Katija 'Kat' Gruene,28
721,LIB,Matt Sterett,53
721,REP,James 'Jim' Wright,1217
722,,Over Votes,1
722,,Under Votes,113
722,DEM,Chrysta Casta?eda,2335
722,GRN,Katija 'Kat' Gruene,48
722,LIB,Matt Sterett,37
722,REP,James 'Jim' Wright,233
723,,Over Votes,0
723,,Under Votes,64
723,DEM,Chrysta Casta?eda,973
723,GRN,Katija 'Kat' Gruene,15
723,LIB,Matt Sterett,19
723,REP,James 'Jim' Wright,297
724,,Over Votes,0
724,,Under Votes,34
724,DEM,Chrysta Casta?eda,377
724,GRN,Katija 'Kat' Gruene,4
724,LIB,Matt Sterett,23
724,REP,James 'Jim' Wright,580
725,,Over Votes,0
725,,Under Votes,53
725,DEM,Chrysta Casta?eda,800
725,GRN,Katija 'Kat' Gruene,22
725,LIB,Matt Sterett,28
725,REP,James 'Jim' Wright,512
726,,Over Votes,0
726,,Under Votes,44
726,DEM,Chrysta Casta?eda,229
726,GRN,Katija 'Kat' Gruene,13
726,LIB,Matt Sterett,38
726,REP,James 'Jim' Wright,1448
727,,Over Votes,0
727,,Under Votes,58
727,DEM,Chrysta Casta?eda,1186
727,GRN,Katija 'Kat' Gruene,35
727,LIB,Matt Sterett,27
727,REP,James 'Jim' Wright,358
728,,Over Votes,0
728,,Under Votes,14
728,DEM,Chrysta Casta?eda,273
728,GRN,Katija 'Kat' Gruene,10
728,LIB,Matt Sterett,13
728,REP,James 'Jim' Wright,301
729,,Over Votes,0
729,,Under Votes,13
729,DEM,Chrysta Casta?eda,179
729,GRN,Katija 'Kat' Gruene,4
729,LIB,Matt Sterett,6
729,REP,James 'Jim' Wright,152
73,,Over Votes,0
73,,Under Votes,57
73,DEM,Chrysta Casta?eda,738
73,GRN,Katija 'Kat' Gruene,18
73,LIB,Matt Sterett,56
73,REP,James 'Jim' Wright,678
730,,Over Votes,0
730,,Under Votes,89
730,DEM,Chrysta Casta?eda,740
730,GRN,Katija 'Kat' Gruene,15
730,LIB,Matt Sterett,34
730,REP,James 'Jim' Wright,1074
731,,Over Votes,1
731,,Under Votes,136
731,DEM,Chrysta Casta?eda,1860
731,GRN,Katija 'Kat' Gruene,59
731,LIB,Matt Sterett,83
731,REP,James 'Jim' Wright,1246
732,,Over Votes,0
732,,Under Votes,58
732,DEM,Chrysta Casta?eda,650
732,GRN,Katija 'Kat' Gruene,18
732,LIB,Matt Sterett,49
732,REP,James 'Jim' Wright,753
733,,Over Votes,0
733,,Under Votes,7
733,DEM,Chrysta Casta?eda,112
733,GRN,Katija 'Kat' Gruene,1
733,LIB,Matt Sterett,0
733,REP,James 'Jim' Wright,47
734,,Over Votes,0
734,,Under Votes,93
734,DEM,Chrysta Casta?eda,1386
734,GRN,Katija 'Kat' Gruene,46
734,LIB,Matt Sterett,77
734,REP,James 'Jim' Wright,2175
735,,Over Votes,0
735,,Under Votes,17
735,DEM,Chrysta Casta?eda,234
735,GRN,Katija 'Kat' Gruene,11
735,LIB,Matt Sterett,20
735,REP,James 'Jim' Wright,289
736,,Over Votes,0
736,,Under Votes,4
736,DEM,Chrysta Casta?eda,10
736,GRN,Katija 'Kat' Gruene,0
736,LIB,Matt Sterett,0
736,REP,James 'Jim' Wright,2
737,,Over Votes,0
737,,Under Votes,1
737,DEM,Chrysta Casta?eda,9
737,GRN,Katija 'Kat' Gruene,0
737,LIB,Matt Sterett,0
737,REP,James 'Jim' Wright,14
738,,Over Votes,0
738,,Under Votes,39
738,DEM,Chrysta Casta?eda,587
738,GRN,Katija 'Kat' Gruene,9
738,LIB,Matt Sterett,13
738,REP,James 'Jim' Wright,147
739,,Over Votes,0
739,,Under Votes,67
739,DEM,Chrysta Casta?eda,913
739,GRN,Katija 'Kat' Gruene,18
739,LIB,Matt Sterett,34
739,REP,James 'Jim' Wright,626
74,,Over Votes,0
74,,Under Votes,100
74,DEM,Chrysta Casta?eda,788
74,GRN,Katija 'Kat' Gruene,22
74,LIB,Matt Sterett,52
74,REP,James 'Jim' Wright,1997
740,,Over Votes,0
740,,Under Votes,25
740,DEM,Chrysta Casta?eda,265
740,GRN,Katija 'Kat' Gruene,9
740,LIB,Matt Sterett,5
740,REP,James 'Jim' Wright,273
741,,Over Votes,0
741,,Under Votes,58
741,DEM,Chrysta Casta?eda,911
741,GRN,Katija 'Kat' Gruene,26
741,LIB,Matt Sterett,13
741,REP,James 'Jim' Wright,462
742,,Over Votes,0
742,,Under Votes,91
742,DEM,Chrysta Casta?eda,1069
742,GRN,Katija 'Kat' Gruene,38
742,LIB,Matt Sterett,49
742,REP,James 'Jim' Wright,1616
743,,Over Votes,0
743,,Under Votes,10
743,DEM,Chrysta Casta?eda,65
743,GRN,Katija 'Kat' Gruene,1
743,LIB,Matt Sterett,4
743,REP,James 'Jim' Wright,38
744,,Over Votes,0
744,,Under Votes,59
744,DEM,Chrysta Casta?eda,711
744,GRN,Katija 'Kat' Gruene,29
744,LIB,Matt Sterett,47
744,REP,James 'Jim' Wright,809
745,,Over Votes,0
745,,Under Votes,65
745,DEM,Chrysta Casta?eda,807
745,GRN,Katija 'Kat' Gruene,25
745,LIB,Matt Sterett,54
745,REP,James 'Jim' Wright,965
746,,Over Votes,0
746,,Under Votes,25
746,DEM,Chrysta Casta?eda,248
746,GRN,Katija 'Kat' Gruene,6
746,LIB,Matt Sterett,11
746,REP,James 'Jim' Wright,216
747,,Over Votes,0
747,,Under Votes,98
747,DEM,Chrysta Casta?eda,2039
747,GRN,Katija 'Kat' Gruene,65
747,LIB,Matt Sterett,62
747,REP,James 'Jim' Wright,1184
748,,Over Votes,0
748,,Under Votes,35
748,DEM,Chrysta Casta?eda,540
748,GRN,Katija 'Kat' Gruene,15
748,LIB,Matt Sterett,35
748,REP,James 'Jim' Wright,406
749,,Over Votes,0
749,,Under Votes,8
749,DEM,Chrysta Casta?eda,133
749,GRN,Katija 'Kat' Gruene,6
749,LIB,Matt Sterett,7
749,REP,James 'Jim' Wright,41
75,,Over Votes,1
75,,Under Votes,48
75,DEM,Chrysta Casta?eda,954
75,GRN,Katija 'Kat' Gruene,16
75,LIB,Matt Sterett,61
75,REP,James 'Jim' Wright,686
750,,Over Votes,0
750,,Under Votes,29
750,DEM,Chrysta Casta?eda,238
750,GRN,Katija 'Kat' Gruene,15
750,LIB,Matt Sterett,18
750,REP,James 'Jim' Wright,241
751,,Over Votes,0
751,,Under Votes,158
751,DEM,Chrysta Casta?eda,2139
751,GRN,Katija 'Kat' Gruene,80
751,LIB,Matt Sterett,115
751,REP,James 'Jim' Wright,2716
752,,Over Votes,0
752,,Under Votes,28
752,DEM,Chrysta Casta?eda,344
752,GRN,Katija 'Kat' Gruene,11
752,LIB,Matt Sterett,24
752,REP,James 'Jim' Wright,635
753,,Over Votes,0
753,,Under Votes,15
753,DEM,Chrysta Casta?eda,238
753,GRN,Katija 'Kat' Gruene,6
753,LIB,Matt Sterett,4
753,REP,James 'Jim' Wright,116
754,,Over Votes,0
754,,Under Votes,39
754,DEM,Chrysta Casta?eda,568
754,GRN,Katija 'Kat' Gruene,17
754,LIB,Matt Sterett,19
754,REP,James 'Jim' Wright,56
755,,Over Votes,0
755,,Under Votes,189
755,DEM,Chrysta Casta?eda,2137
755,GRN,Katija 'Kat' Gruene,58
755,LIB,Matt Sterett,71
755,REP,James 'Jim' Wright,1302
756,,Over Votes,0
756,,Under Votes,41
756,DEM,Chrysta Casta?eda,790
756,GRN,Katija 'Kat' Gruene,26
756,LIB,Matt Sterett,19
756,REP,James 'Jim' Wright,347
757,,Over Votes,1
757,,Under Votes,143
757,DEM,Chrysta Casta?eda,2801
757,GRN,Katija 'Kat' Gruene,74
757,LIB,Matt Sterett,53
757,REP,James 'Jim' Wright,619
758,,Over Votes,0
758,,Under Votes,124
758,DEM,Chrysta Casta?eda,974
758,GRN,Katija 'Kat' Gruene,37
758,LIB,Matt Sterett,59
758,REP,James 'Jim' Wright,2481
759,,Over Votes,0
759,,Under Votes,67
759,DEM,Chrysta Casta?eda,941
759,GRN,Katija 'Kat' Gruene,30
759,LIB,Matt Sterett,43
759,REP,James 'Jim' Wright,1075
76,,Over Votes,0
76,,Under Votes,66
76,DEM,Chrysta Casta?eda,780
76,GRN,Katija 'Kat' Gruene,18
76,LIB,Matt Sterett,29
76,REP,James 'Jim' Wright,715
760,,Over Votes,0
760,,Under Votes,39
760,DEM,Chrysta Casta?eda,382
760,GRN,Katija 'Kat' Gruene,8
760,LIB,Matt Sterett,28
760,REP,James 'Jim' Wright,1244
761,,Over Votes,0
761,,Under Votes,42
761,DEM,Chrysta Casta?eda,474
761,GRN,Katija 'Kat' Gruene,6
761,LIB,Matt Sterett,31
761,REP,James 'Jim' Wright,946
762,,Over Votes,0
762,,Under Votes,93
762,DEM,Chrysta Casta?eda,1336
762,GRN,Katija 'Kat' Gruene,26
762,LIB,Matt Sterett,29
762,REP,James 'Jim' Wright,1086
763,,Over Votes,1
763,,Under Votes,40
763,DEM,Chrysta Casta?eda,426
763,GRN,Katija 'Kat' Gruene,10
763,LIB,Matt Sterett,9
763,REP,James 'Jim' Wright,237
764,,Over Votes,0
764,,Under Votes,143
764,DEM,Chrysta Casta?eda,1696
764,GRN,Katija 'Kat' Gruene,34
764,LIB,Matt Sterett,71
764,REP,James 'Jim' Wright,1969
765,,Over Votes,0
765,,Under Votes,141
765,DEM,Chrysta Casta?eda,2267
765,GRN,Katija 'Kat' Gruene,68
765,LIB,Matt Sterett,72
765,REP,James 'Jim' Wright,973
766,,Over Votes,0
766,,Under Votes,20
766,DEM,Chrysta Casta?eda,167
766,GRN,Katija 'Kat' Gruene,3
766,LIB,Matt Sterett,4
766,REP,James 'Jim' Wright,55
767,,Over Votes,0
767,,Under Votes,5
767,DEM,Chrysta Casta?eda,21
767,GRN,Katija 'Kat' Gruene,1
767,LIB,Matt Sterett,0
767,REP,James 'Jim' Wright,29
768,,Over Votes,0
768,,Under Votes,71
768,DEM,Chrysta Casta?eda,595
768,GRN,Katija 'Kat' Gruene,23
768,LIB,Matt Sterett,36
768,REP,James 'Jim' Wright,1443
769,,Over Votes,1
769,,Under Votes,9
769,DEM,Chrysta Casta?eda,91
769,GRN,Katija 'Kat' Gruene,3
769,LIB,Matt Sterett,1
769,REP,James 'Jim' Wright,9
77,,Over Votes,0
77,,Under Votes,1
77,DEM,Chrysta Casta?eda,4
77,GRN,Katija 'Kat' Gruene,0
77,LIB,Matt Sterett,0
77,REP,James 'Jim' Wright,2
770,,Over Votes,0
770,,Under Votes,10
770,DEM,Chrysta Casta?eda,134
770,GRN,Katija 'Kat' Gruene,1
770,LIB,Matt Sterett,3
770,REP,James 'Jim' Wright,65
771,,Over Votes,0
771,,Under Votes,38
771,DEM,Chrysta Casta?eda,507
771,GRN,Katija 'Kat' Gruene,21
771,LIB,Matt Sterett,27
771,REP,James 'Jim' Wright,364
772,,Over Votes,0
772,,Under Votes,84
772,DEM,Chrysta Casta?eda,1202
772,GRN,Katija 'Kat' Gruene,22
772,LIB,Matt Sterett,68
772,REP,James 'Jim' Wright,2352
773,,Over Votes,1
773,,Under Votes,195
773,DEM,Chrysta Casta?eda,1760
773,GRN,Katija 'Kat' Gruene,34
773,LIB,Matt Sterett,30
773,REP,James 'Jim' Wright,1052
774,,Over Votes,0
774,,Under Votes,6
774,DEM,Chrysta Casta?eda,270
774,GRN,Katija 'Kat' Gruene,5
774,LIB,Matt Sterett,3
774,REP,James 'Jim' Wright,85
775,,Over Votes,0
775,,Under Votes,5
775,DEM,Chrysta Casta?eda,52
775,GRN,Katija 'Kat' Gruene,1
775,LIB,Matt Sterett,1
775,REP,James 'Jim' Wright,6
776,,Over Votes,0
776,,Under Votes,71
776,DEM,Chrysta Casta?eda,1021
776,GRN,Katija 'Kat' Gruene,39
776,LIB,Matt Sterett,63
776,REP,James 'Jim' Wright,1055
777,,Over Votes,0
777,,Under Votes,8
777,DEM,Chrysta Casta?eda,205
777,GRN,Katija 'Kat' Gruene,3
777,LIB,Matt Sterett,6
777,REP,James 'Jim' Wright,84
778,,Over Votes,0
778,,Under Votes,0
778,DEM,Chrysta Casta?eda,0
778,GRN,Katija 'Kat' Gruene,0
778,LIB,Matt Sterett,0
778,REP,James 'Jim' Wright,0
779,,Over Votes,0
779,,Under Votes,46
779,DEM,Chrysta Casta?eda,268
779,GRN,Katija 'Kat' Gruene,8
779,LIB,Matt Sterett,5
779,REP,James 'Jim' Wright,124
78,,Over Votes,0
78,,Under Votes,53
78,DEM,Chrysta Casta?eda,637
78,GRN,Katija 'Kat' Gruene,18
78,LIB,Matt Sterett,22
78,REP,James 'Jim' Wright,262
780,,Over Votes,0
780,,Under Votes,22
780,DEM,Chrysta Casta?eda,214
780,GRN,Katija 'Kat' Gruene,4
780,LIB,Matt Sterett,4
780,REP,James 'Jim' Wright,103
781,,Over Votes,0
781,,Under Votes,199
781,DEM,Chrysta Casta?eda,1264
781,GRN,Katija 'Kat' Gruene,26
781,LIB,Matt Sterett,41
781,REP,James 'Jim' Wright,825
782,,Over Votes,0
782,,Under Votes,66
782,DEM,Chrysta Casta?eda,685
782,GRN,Katija 'Kat' Gruene,25
782,LIB,Matt Sterett,53
782,REP,James 'Jim' Wright,924
783,,Over Votes,0
783,,Under Votes,17
783,DEM,Chrysta Casta?eda,450
783,GRN,Katija 'Kat' Gruene,5
783,LIB,Matt Sterett,3
783,REP,James 'Jim' Wright,68
784,,Over Votes,0
784,,Under Votes,36
784,DEM,Chrysta Casta?eda,485
784,GRN,Katija 'Kat' Gruene,6
784,LIB,Matt Sterett,6
784,REP,James 'Jim' Wright,26
785,,Over Votes,0
785,,Under Votes,101
785,DEM,Chrysta Casta?eda,1848
785,GRN,Katija 'Kat' Gruene,48
785,LIB,Matt Sterett,97
785,REP,James 'Jim' Wright,1741
786,,Over Votes,0
786,,Under Votes,42
786,DEM,Chrysta Casta?eda,405
786,GRN,Katija 'Kat' Gruene,12
786,LIB,Matt Sterett,7
786,REP,James 'Jim' Wright,218
787,,Over Votes,0
787,,Under Votes,24
787,DEM,Chrysta Casta?eda,200
787,GRN,Katija 'Kat' Gruene,4
787,LIB,Matt Sterett,8
787,REP,James 'Jim' Wright,80
788,,Over Votes,0
788,,Under Votes,0
788,DEM,Chrysta Casta?eda,3
788,GRN,Katija 'Kat' Gruene,0
788,LIB,Matt Sterett,0
788,REP,James 'Jim' Wright,1
789,,Over Votes,0
789,,Under Votes,65
789,DEM,Chrysta Casta?eda,977
789,GRN,Katija 'Kat' Gruene,31
789,LIB,Matt Sterett,35
789,REP,James 'Jim' Wright,1078
79,,Over Votes,1
79,,Under Votes,116
79,DEM,Chrysta Casta?eda,995
79,GRN,Katija 'Kat' Gruene,29
79,LIB,Matt Sterett,25
79,REP,James 'Jim' Wright,339
790,,Over Votes,0
790,,Under Votes,72
790,DEM,Chrysta Casta?eda,1193
790,GRN,Katija 'Kat' Gruene,36
790,LIB,Matt Sterett,41
790,REP,James 'Jim' Wright,602
791,,Over Votes,0
791,,Under Votes,0
791,DEM,Chrysta Casta?eda,14
791,GRN,Katija 'Kat' Gruene,0
791,LIB,Matt Sterett,0
791,REP,James 'Jim' Wright,1
792,,Over Votes,0
792,,Under Votes,74
792,DEM,Chrysta Casta?eda,755
792,GRN,Katija 'Kat' Gruene,20
792,LIB,Matt Sterett,18
792,REP,James 'Jim' Wright,295
793,,Over Votes,1
793,,Under Votes,79
793,DEM,Chrysta Casta?eda,757
793,GRN,Katija 'Kat' Gruene,21
793,LIB,Matt Sterett,19
793,REP,James 'Jim' Wright,749
794,,Over Votes,0
794,,Under Votes,54
794,DEM,Chrysta Casta?eda,932
794,GRN,Katija 'Kat' Gruene,25
794,LIB,Matt Sterett,37
794,REP,James 'Jim' Wright,162
795,,Over Votes,0
795,,Under Votes,47
795,DEM,Chrysta Casta?eda,420
795,GRN,Katija 'Kat' Gruene,8
795,LIB,Matt Sterett,10
795,REP,James 'Jim' Wright,218
796,,Over Votes,0
796,,Under Votes,62
796,DEM,Chrysta Casta?eda,1293
796,GRN,Katija 'Kat' Gruene,40
796,LIB,Matt Sterett,46
796,REP,James 'Jim' Wright,830
797,,Over Votes,0
797,,Under Votes,0
797,DEM,Chrysta Casta?eda,0
797,GRN,Katija 'Kat' Gruene,0
797,LIB,Matt Sterett,0
797,REP,James 'Jim' Wright,0
798,,Over Votes,0
798,,Under Votes,15
798,DEM,Chrysta Casta?eda,262
798,GRN,Katija 'Kat' Gruene,9
798,LIB,Matt Sterett,8
798,REP,James 'Jim' Wright,137
799,,Over Votes,0
799,,Under Votes,2
799,DEM,Chrysta Casta?eda,81
799,GRN,Katija 'Kat' Gruene,1
799,LIB,Matt Sterett,1
799,REP,James 'Jim' Wright,26
8,,Over Votes,0
8,,Under Votes,57
8,DEM,Chrysta Casta?eda,660
8,GRN,Katija 'Kat' Gruene,20
8,LIB,Matt Sterett,35
8,REP,James 'Jim' Wright,530
80,,Over Votes,0
80,,Under Votes,103
80,DEM,Chrysta Casta?eda,1205
80,GRN,Katija 'Kat' Gruene,22
80,LIB,Matt Sterett,33
80,REP,James 'Jim' Wright,394
800,,Over Votes,0
800,,Under Votes,86
800,DEM,Chrysta Casta?eda,1202
800,GRN,Katija 'Kat' Gruene,27
800,LIB,Matt Sterett,89
800,REP,James 'Jim' Wright,1534
801,,Over Votes,0
801,,Under Votes,7
801,DEM,Chrysta Casta?eda,120
801,GRN,Katija 'Kat' Gruene,1
801,LIB,Matt Sterett,3
801,REP,James 'Jim' Wright,51
802,,Over Votes,0
802,,Under Votes,1
802,DEM,Chrysta Casta?eda,9
802,GRN,Katija 'Kat' Gruene,0
802,LIB,Matt Sterett,0
802,REP,James 'Jim' Wright,3
803,,Over Votes,0
803,,Under Votes,111
803,DEM,Chrysta Casta?eda,1326
803,GRN,Katija 'Kat' Gruene,32
803,LIB,Matt Sterett,75
803,REP,James 'Jim' Wright,2184
804,,Over Votes,0
804,,Under Votes,163
804,DEM,Chrysta Casta?eda,2435
804,GRN,Katija 'Kat' Gruene,65
804,LIB,Matt Sterett,84
804,REP,James 'Jim' Wright,2074
805,,Over Votes,0
805,,Under Votes,62
805,DEM,Chrysta Casta?eda,587
805,GRN,Katija 'Kat' Gruene,23
805,LIB,Matt Sterett,47
805,REP,James 'Jim' Wright,1565
806,,Over Votes,0
806,,Under Votes,69
806,DEM,Chrysta Casta?eda,850
806,GRN,Katija 'Kat' Gruene,28
806,LIB,Matt Sterett,61
806,REP,James 'Jim' Wright,1307
807,,Over Votes,0
807,,Under Votes,49
807,DEM,Chrysta Casta?eda,871
807,GRN,Katija 'Kat' Gruene,19
807,LIB,Matt Sterett,26
807,REP,James 'Jim' Wright,199
808,,Over Votes,0
808,,Under Votes,19
808,DEM,Chrysta Casta?eda,340
808,GRN,Katija 'Kat' Gruene,11
808,LIB,Matt Sterett,14
808,REP,James 'Jim' Wright,120
809,,Over Votes,0
809,,Under Votes,9
809,DEM,Chrysta Casta?eda,15
809,GRN,Katija 'Kat' Gruene,1
809,LIB,Matt Sterett,1
809,REP,James 'Jim' Wright,28
81,,Over Votes,0
81,,Under Votes,188
81,DEM,Chrysta Casta?eda,684
81,GRN,Katija 'Kat' Gruene,20
81,LIB,Matt Sterett,23
81,REP,James 'Jim' Wright,405
810,,Over Votes,0
810,,Under Votes,10
810,DEM,Chrysta Casta?eda,46
810,GRN,Katija 'Kat' Gruene,2
810,LIB,Matt Sterett,0
810,REP,James 'Jim' Wright,20
811,,Over Votes,0
811,,Under Votes,7
811,DEM,Chrysta Casta?eda,111
811,GRN,Katija 'Kat' Gruene,2
811,LIB,Matt Sterett,0
811,REP,James 'Jim' Wright,35
812,,Over Votes,0
812,,Under Votes,0
812,DEM,Chrysta Casta?eda,1
812,GRN,Katija 'Kat' Gruene,0
812,LIB,Matt Sterett,0
812,REP,James 'Jim' Wright,0
813,,Over Votes,0
813,,Under Votes,82
813,DEM,Chrysta Casta?eda,1710
813,GRN,Katija 'Kat' Gruene,59
813,LIB,Matt Sterett,69
813,REP,James 'Jim' Wright,1149
814,,Over Votes,0
814,,Under Votes,141
814,DEM,Chrysta Casta?eda,2416
814,GRN,Katija 'Kat' Gruene,49
814,LIB,Matt Sterett,60
814,REP,James 'Jim' Wright,816
815,,Over Votes,0
815,,Under Votes,0
815,DEM,Chrysta Casta?eda,0
815,GRN,Katija 'Kat' Gruene,0
815,LIB,Matt Sterett,0
815,REP,James 'Jim' Wright,0
816,,Over Votes,0
816,,Under Votes,3
816,DEM,Chrysta Casta?eda,14
816,GRN,Katija 'Kat' Gruene,1
816,LIB,Matt Sterett,0
816,REP,James 'Jim' Wright,7
817,,Over Votes,0
817,,Under Votes,118
817,DEM,Chrysta Casta?eda,1337
817,GRN,Katija 'Kat' Gruene,37
817,LIB,Matt Sterett,90
817,REP,James 'Jim' Wright,2751
818,,Over Votes,0
818,,Under Votes,18
818,DEM,Chrysta Casta?eda,253
818,GRN,Katija 'Kat' Gruene,5
818,LIB,Matt Sterett,4
818,REP,James 'Jim' Wright,80
819,,Over Votes,0
819,,Under Votes,8
819,DEM,Chrysta Casta?eda,54
819,GRN,Katija 'Kat' Gruene,1
819,LIB,Matt Sterett,1
819,REP,James 'Jim' Wright,82
82,,Over Votes,0
82,,Under Votes,74
82,DEM,Chrysta Casta?eda,869
82,GRN,Katija 'Kat' Gruene,32
82,LIB,Matt Sterett,66
82,REP,James 'Jim' Wright,1637
820,,Over Votes,0
820,,Under Votes,0
820,DEM,Chrysta Casta?eda,1
820,GRN,Katija 'Kat' Gruene,0
820,LIB,Matt Sterett,0
820,REP,James 'Jim' Wright,0
821,,Over Votes,0
821,,Under Votes,23
821,DEM,Chrysta Casta?eda,447
821,GRN,Katija 'Kat' Gruene,10
821,LIB,Matt Sterett,14
821,REP,James 'Jim' Wright,103
822,,Over Votes,0
822,,Under Votes,30
822,DEM,Chrysta Casta?eda,740
822,GRN,Katija 'Kat' Gruene,9
822,LIB,Matt Sterett,9
822,REP,James 'Jim' Wright,71
823,,Over Votes,0
823,,Under Votes,74
823,DEM,Chrysta Casta?eda,1015
823,GRN,Katija 'Kat' Gruene,37
823,LIB,Matt Sterett,58
823,REP,James 'Jim' Wright,1077
824,,Over Votes,0
824,,Under Votes,55
824,DEM,Chrysta Casta?eda,1252
824,GRN,Katija 'Kat' Gruene,34
824,LIB,Matt Sterett,24
824,REP,James 'Jim' Wright,375
825,,Over Votes,0
825,,Under Votes,0
825,DEM,Chrysta Casta?eda,9
825,GRN,Katija 'Kat' Gruene,0
825,LIB,Matt Sterett,0
825,REP,James 'Jim' Wright,6
826,,Over Votes,0
826,,Under Votes,24
826,DEM,Chrysta Casta?eda,160
826,GRN,Katija 'Kat' Gruene,1
826,LIB,Matt Sterett,4
826,REP,James 'Jim' Wright,128
827,,Over Votes,0
827,,Under Votes,32
827,DEM,Chrysta Casta?eda,269
827,GRN,Katija 'Kat' Gruene,10
827,LIB,Matt Sterett,8
827,REP,James 'Jim' Wright,176
828,,Over Votes,0
828,,Under Votes,49
828,DEM,Chrysta Casta?eda,399
828,GRN,Katija 'Kat' Gruene,13
828,LIB,Matt Sterett,38
828,REP,James 'Jim' Wright,1141
829,,Over Votes,0
829,,Under Votes,2
829,DEM,Chrysta Casta?eda,31
829,GRN,Katija 'Kat' Gruene,3
829,LIB,Matt Sterett,0
829,REP,James 'Jim' Wright,27
83,,Over Votes,0
83,,Under Votes,96
83,DEM,Chrysta Casta?eda,1755
83,GRN,Katija 'Kat' Gruene,27
83,LIB,Matt Sterett,46
83,REP,James 'Jim' Wright,995
830,,Over Votes,0
830,,Under Votes,1
830,DEM,Chrysta Casta?eda,58
830,GRN,Katija 'Kat' Gruene,1
830,LIB,Matt Sterett,2
830,REP,James 'Jim' Wright,22
831,,Over Votes,0
831,,Under Votes,0
831,DEM,Chrysta Casta?eda,9
831,GRN,Katija 'Kat' Gruene,0
831,LIB,Matt Sterett,0
831,REP,James 'Jim' Wright,3
832,,Over Votes,0
832,,Under Votes,11
832,DEM,Chrysta Casta?eda,148
832,GRN,Katija 'Kat' Gruene,2
832,LIB,Matt Sterett,4
832,REP,James 'Jim' Wright,48
833,,Over Votes,0
833,,Under Votes,0
833,DEM,Chrysta Casta?eda,10
833,GRN,Katija 'Kat' Gruene,1
833,LIB,Matt Sterett,0
833,REP,James 'Jim' Wright,1
834,,Over Votes,0
834,,Under Votes,14
834,DEM,Chrysta Casta?eda,203
834,GRN,Katija 'Kat' Gruene,4
834,LIB,Matt Sterett,3
834,REP,James 'Jim' Wright,20
835,,Over Votes,1
835,,Under Votes,8
835,DEM,Chrysta Casta?eda,121
835,GRN,Katija 'Kat' Gruene,2
835,LIB,Matt Sterett,4
835,REP,James 'Jim' Wright,48
836,,Over Votes,2
836,,Under Votes,16
836,DEM,Chrysta Casta?eda,144
836,GRN,Katija 'Kat' Gruene,3
836,LIB,Matt Sterett,5
836,REP,James 'Jim' Wright,17
837,,Over Votes,0
837,,Under Votes,4
837,DEM,Chrysta Casta?eda,43
837,GRN,Katija 'Kat' Gruene,0
837,LIB,Matt Sterett,1
837,REP,James 'Jim' Wright,28
838,,Over Votes,0
838,,Under Votes,0
838,DEM,Chrysta Casta?eda,0
838,GRN,Katija 'Kat' Gruene,0
838,LIB,Matt Sterett,0
838,REP,James 'Jim' Wright,0
839,,Over Votes,0
839,,Under Votes,30
839,DEM,Chrysta Casta?eda,505
839,GRN,Katija 'Kat' Gruene,11
839,LIB,Matt Sterett,17
839,REP,James 'Jim' Wright,168
84,,Over Votes,0
84,,Under Votes,34
84,DEM,Chrysta Casta?eda,253
84,GRN,Katija 'Kat' Gruene,8
84,LIB,Matt Sterett,26
84,REP,James 'Jim' Wright,647
840,,Over Votes,0
840,,Under Votes,39
840,DEM,Chrysta Casta?eda,784
840,GRN,Katija 'Kat' Gruene,14
840,LIB,Matt Sterett,21
840,REP,James 'Jim' Wright,407
841,,Over Votes,0
841,,Under Votes,61
841,DEM,Chrysta Casta?eda,1858
841,GRN,Katija 'Kat' Gruene,42
841,LIB,Matt Sterett,45
841,REP,James 'Jim' Wright,566
842,,Over Votes,0
842,,Under Votes,104
842,DEM,Chrysta Casta?eda,1191
842,GRN,Katija 'Kat' Gruene,37
842,LIB,Matt Sterett,39
842,REP,James 'Jim' Wright,746
843,,Over Votes,0
843,,Under Votes,29
843,DEM,Chrysta Casta?eda,785
843,GRN,Katija 'Kat' Gruene,22
843,LIB,Matt Sterett,21
843,REP,James 'Jim' Wright,183
844,,Over Votes,0
844,,Under Votes,0
844,DEM,Chrysta Casta?eda,4
844,GRN,Katija 'Kat' Gruene,0
844,LIB,Matt Sterett,0
844,REP,James 'Jim' Wright,0
845,,Over Votes,0
845,,Under Votes,9
845,DEM,Chrysta Casta?eda,81
845,GRN,Katija 'Kat' Gruene,1
845,LIB,Matt Sterett,2
845,REP,James 'Jim' Wright,124
846,,Over Votes,0
846,,Under Votes,4
846,DEM,Chrysta Casta?eda,105
846,GRN,Katija 'Kat' Gruene,2
846,LIB,Matt Sterett,3
846,REP,James 'Jim' Wright,20
847,,Over Votes,1
847,,Under Votes,53
847,DEM,Chrysta Casta?eda,1244
847,GRN,Katija 'Kat' Gruene,20
847,LIB,Matt Sterett,23
847,REP,James 'Jim' Wright,401
848,,Over Votes,0
848,,Under Votes,50
848,DEM,Chrysta Casta?eda,863
848,GRN,Katija 'Kat' Gruene,14
848,LIB,Matt Sterett,20
848,REP,James 'Jim' Wright,349
849,,Over Votes,1
849,,Under Votes,72
849,DEM,Chrysta Casta?eda,963
849,GRN,Katija 'Kat' Gruene,19
849,LIB,Matt Sterett,18
849,REP,James 'Jim' Wright,487
85,,Over Votes,0
85,,Under Votes,28
85,DEM,Chrysta Casta?eda,937
85,GRN,Katija 'Kat' Gruene,23
85,LIB,Matt Sterett,17
85,REP,James 'Jim' Wright,64
850,,Over Votes,0
850,,Under Votes,3
850,DEM,Chrysta Casta?eda,107
850,GRN,Katija 'Kat' Gruene,0
850,LIB,Matt Sterett,3
850,REP,James 'Jim' Wright,51
851,,Over Votes,0
851,,Under Votes,94
851,DEM,Chrysta Casta?eda,1179
851,GRN,Katija 'Kat' Gruene,37
851,LIB,Matt Sterett,76
851,REP,James 'Jim' Wright,1753
852,,Over Votes,0
852,,Under Votes,0
852,DEM,Chrysta Casta?eda,0
852,GRN,Katija 'Kat' Gruene,0
852,LIB,Matt Sterett,0
852,REP,James 'Jim' Wright,0
853,,Over Votes,0
853,,Under Votes,62
853,DEM,Chrysta Casta?eda,712
853,GRN,Katija 'Kat' Gruene,15
853,LIB,Matt Sterett,46
853,REP,James 'Jim' Wright,1578
854,,Over Votes,0
854,,Under Votes,3
854,DEM,Chrysta Casta?eda,68
854,GRN,Katija 'Kat' Gruene,0
854,LIB,Matt Sterett,3
854,REP,James 'Jim' Wright,7
855,,Over Votes,0
855,,Under Votes,0
855,DEM,Chrysta Casta?eda,2
855,GRN,Katija 'Kat' Gruene,0
855,LIB,Matt Sterett,0
855,REP,James 'Jim' Wright,7
856,,Over Votes,0
856,,Under Votes,0
856,DEM,Chrysta Casta?eda,0
856,GRN,Katija 'Kat' Gruene,0
856,LIB,Matt Sterett,0
856,REP,James 'Jim' Wright,0
857,,Over Votes,0
857,,Under Votes,0
857,DEM,Chrysta Casta?eda,0
857,GRN,Katija 'Kat' Gruene,0
857,LIB,Matt Sterett,0
857,REP,James 'Jim' Wright,0
858,,Over Votes,0
858,,Under Votes,13
858,DEM,Chrysta Casta?eda,188
858,GRN,Katija 'Kat' Gruene,3
858,LIB,Matt Sterett,1
858,REP,James 'Jim' Wright,4
859,,Over Votes,0
859,,Under Votes,26
859,DEM,Chrysta Casta?eda,452
859,GRN,Katija 'Kat' Gruene,8
859,LIB,Matt Sterett,14
859,REP,James 'Jim' Wright,129
86,,Over Votes,0
86,,Under Votes,121
86,DEM,Chrysta Casta?eda,1950
86,GRN,Katija 'Kat' Gruene,48
86,LIB,Matt Sterett,128
86,REP,James 'Jim' Wright,1435
860,,Over Votes,0
860,,Under Votes,0
860,DEM,Chrysta Casta?eda,1
860,GRN,Katija 'Kat' Gruene,0
860,LIB,Matt Sterett,0
860,REP,James 'Jim' Wright,0
861,,Over Votes,0
861,,Under Votes,61
861,DEM,Chrysta Casta?eda,901
861,GRN,Katija 'Kat' Gruene,19
861,LIB,Matt Sterett,8
861,REP,James 'Jim' Wright,226
862,,Over Votes,0
862,,Under Votes,96
862,DEM,Chrysta Casta?eda,1268
862,GRN,Katija 'Kat' Gruene,35
862,LIB,Matt Sterett,69
862,REP,James 'Jim' Wright,1642
863,,Over Votes,0
863,,Under Votes,12
863,DEM,Chrysta Casta?eda,277
863,GRN,Katija 'Kat' Gruene,3
863,LIB,Matt Sterett,7
863,REP,James 'Jim' Wright,22
864,,Over Votes,0
864,,Under Votes,97
864,DEM,Chrysta Casta?eda,1018
864,GRN,Katija 'Kat' Gruene,29
864,LIB,Matt Sterett,20
864,REP,James 'Jim' Wright,357
865,,Over Votes,0
865,,Under Votes,0
865,DEM,Chrysta Casta?eda,10
865,GRN,Katija 'Kat' Gruene,0
865,LIB,Matt Sterett,0
865,REP,James 'Jim' Wright,0
866,,Over Votes,0
866,,Under Votes,0
866,DEM,Chrysta Casta?eda,0
866,GRN,Katija 'Kat' Gruene,0
866,LIB,Matt Sterett,0
866,REP,James 'Jim' Wright,0
867,,Over Votes,0
867,,Under Votes,0
867,DEM,Chrysta Casta?eda,0
867,GRN,Katija 'Kat' Gruene,0
867,LIB,Matt Sterett,0
867,REP,James 'Jim' Wright,0
868,,Over Votes,2
868,,Under Votes,62
868,DEM,Chrysta Casta?eda,952
868,GRN,Katija 'Kat' Gruene,19
868,LIB,Matt Sterett,16
868,REP,James 'Jim' Wright,420
869,,Over Votes,0
869,,Under Votes,15
869,DEM,Chrysta Casta?eda,157
869,GRN,Katija 'Kat' Gruene,5
869,LIB,Matt Sterett,4
869,REP,James 'Jim' Wright,50
87,,Over Votes,0
87,,Under Votes,90
87,DEM,Chrysta Casta?eda,1073
87,GRN,Katija 'Kat' Gruene,14
87,LIB,Matt Sterett,39
87,REP,James 'Jim' Wright,1238
870,,Over Votes,0
870,,Under Votes,0
870,DEM,Chrysta Casta?eda,0
870,GRN,Katija 'Kat' Gruene,0
870,LIB,Matt Sterett,0
870,REP,James 'Jim' Wright,0
871,,Over Votes,0
871,,Under Votes,0
871,DEM,Chrysta Casta?eda,4
871,GRN,Katija 'Kat' Gruene,0
871,LIB,Matt Sterett,0
871,REP,James 'Jim' Wright,1
872,,Over Votes,0
872,,Under Votes,0
872,DEM,Chrysta Casta?eda,12
872,GRN,Katija 'Kat' Gruene,0
872,LIB,Matt Sterett,0
872,REP,James 'Jim' Wright,13
873,,Over Votes,0
873,,Under Votes,32
873,DEM,Chrysta Casta?eda,367
873,GRN,Katija 'Kat' Gruene,12
873,LIB,Matt Sterett,8
873,REP,James 'Jim' Wright,158
874,,Over Votes,0
874,,Under Votes,65
874,DEM,Chrysta Casta?eda,765
874,GRN,Katija 'Kat' Gruene,29
874,LIB,Matt Sterett,58
874,REP,James 'Jim' Wright,1621
875,,Over Votes,0
875,,Under Votes,88
875,DEM,Chrysta Casta?eda,1677
875,GRN,Katija 'Kat' Gruene,40
875,LIB,Matt Sterett,68
875,REP,James 'Jim' Wright,1498
876,,Over Votes,0
876,,Under Votes,117
876,DEM,Chrysta Casta?eda,1447
876,GRN,Katija 'Kat' Gruene,46
876,LIB,Matt Sterett,87
876,REP,James 'Jim' Wright,2466
877,,Over Votes,0
877,,Under Votes,106
877,DEM,Chrysta Casta?eda,2413
877,GRN,Katija 'Kat' Gruene,69
877,LIB,Matt Sterett,79
877,REP,James 'Jim' Wright,1329
878,,Over Votes,0
878,,Under Votes,44
878,DEM,Chrysta Casta?eda,336
878,GRN,Katija 'Kat' Gruene,11
878,LIB,Matt Sterett,12
878,REP,James 'Jim' Wright,881
879,,Over Votes,0
879,,Under Votes,71
879,DEM,Chrysta Casta?eda,1088
879,GRN,Katija 'Kat' Gruene,36
879,LIB,Matt Sterett,45
879,REP,James 'Jim' Wright,862
88,,Over Votes,0
88,,Under Votes,28
88,DEM,Chrysta Casta?eda,216
88,GRN,Katija 'Kat' Gruene,7
88,LIB,Matt Sterett,18
88,REP,James 'Jim' Wright,487
880,,Over Votes,0
880,,Under Votes,79
880,DEM,Chrysta Casta?eda,699
880,GRN,Katija 'Kat' Gruene,11
880,LIB,Matt Sterett,35
880,REP,James 'Jim' Wright,1522
881,,Over Votes,2
881,,Under Votes,166
881,DEM,Chrysta Casta?eda,3831
881,GRN,Katija 'Kat' Gruene,72
881,LIB,Matt Sterett,111
881,REP,James 'Jim' Wright,1410
882,,Over Votes,0
882,,Under Votes,151
882,DEM,Chrysta Casta?eda,2090
882,GRN,Katija 'Kat' Gruene,63
882,LIB,Matt Sterett,66
882,REP,James 'Jim' Wright,1167
883,,Over Votes,0
883,,Under Votes,146
883,DEM,Chrysta Casta?eda,2711
883,GRN,Katija 'Kat' Gruene,51
883,LIB,Matt Sterett,59
883,REP,James 'Jim' Wright,672
884,,Over Votes,0
884,,Under Votes,16
884,DEM,Chrysta Casta?eda,179
884,GRN,Katija 'Kat' Gruene,3
884,LIB,Matt Sterett,4
884,REP,James 'Jim' Wright,40
885,,Over Votes,0
885,,Under Votes,68
885,DEM,Chrysta Casta?eda,1148
885,GRN,Katija 'Kat' Gruene,23
885,LIB,Matt Sterett,66
885,REP,James 'Jim' Wright,1221
886,,Over Votes,0
886,,Under Votes,33
886,DEM,Chrysta Casta?eda,401
886,GRN,Katija 'Kat' Gruene,3
886,LIB,Matt Sterett,16
886,REP,James 'Jim' Wright,273
887,,Over Votes,0
887,,Under Votes,9
887,DEM,Chrysta Casta?eda,210
887,GRN,Katija 'Kat' Gruene,8
887,LIB,Matt Sterett,18
887,REP,James 'Jim' Wright,139
888,,Over Votes,0
888,,Under Votes,47
888,DEM,Chrysta Casta?eda,1107
888,GRN,Katija 'Kat' Gruene,26
888,LIB,Matt Sterett,31
888,REP,James 'Jim' Wright,466
889,,Over Votes,0
889,,Under Votes,1
889,DEM,Chrysta Casta?eda,106
889,GRN,Katija 'Kat' Gruene,2
889,LIB,Matt Sterett,9
889,REP,James 'Jim' Wright,28
89,,Over Votes,0
89,,Under Votes,30
89,DEM,Chrysta Casta?eda,545
89,GRN,Katija 'Kat' Gruene,8
89,LIB,Matt Sterett,20
89,REP,James 'Jim' Wright,518
890,,Over Votes,0
890,,Under Votes,45
890,DEM,Chrysta Casta?eda,729
890,GRN,Katija 'Kat' Gruene,16
890,LIB,Matt Sterett,41
890,REP,James 'Jim' Wright,555
891,,Over Votes,0
891,,Under Votes,37
891,DEM,Chrysta Casta?eda,641
891,GRN,Katija 'Kat' Gruene,10
891,LIB,Matt Sterett,17
891,REP,James 'Jim' Wright,355
892,,Over Votes,0
892,,Under Votes,32
892,DEM,Chrysta Casta?eda,687
892,GRN,Katija 'Kat' Gruene,21
892,LIB,Matt Sterett,36
892,REP,James 'Jim' Wright,252
893,,Over Votes,0
893,,Under Votes,0
893,DEM,Chrysta Casta?eda,0
893,GRN,Katija 'Kat' Gruene,0
893,LIB,Matt Sterett,1
893,REP,James 'Jim' Wright,1
894,,Over Votes,0
894,,Under Votes,55
894,DEM,Chrysta Casta?eda,1280
894,GRN,Katija 'Kat' Gruene,27
894,LIB,Matt Sterett,27
894,REP,James 'Jim' Wright,214
895,,Over Votes,0
895,,Under Votes,16
895,DEM,Chrysta Casta?eda,447
895,GRN,Katija 'Kat' Gruene,11
895,LIB,Matt Sterett,16
895,REP,James 'Jim' Wright,244
896,,Over Votes,0
896,,Under Votes,50
896,DEM,Chrysta Casta?eda,919
896,GRN,Katija 'Kat' Gruene,14
896,LIB,Matt Sterett,26
896,REP,James 'Jim' Wright,426
897,,Over Votes,0
897,,Under Votes,53
897,DEM,Chrysta Casta?eda,811
897,GRN,Katija 'Kat' Gruene,18
897,LIB,Matt Sterett,38
897,REP,James 'Jim' Wright,657
898,,Over Votes,1
898,,Under Votes,43
898,DEM,Chrysta Casta?eda,889
898,GRN,Katija 'Kat' Gruene,29
898,LIB,Matt Sterett,39
898,REP,James 'Jim' Wright,482
899,,Over Votes,0
899,,Under Votes,28
899,DEM,Chrysta Casta?eda,431
899,GRN,Katija 'Kat' Gruene,12
899,LIB,Matt Sterett,18
899,REP,James 'Jim' Wright,613
9,,Over Votes,0
9,,Under Votes,43
9,DEM,Chrysta Casta?eda,1094
9,GRN,Katija 'Kat' Gruene,39
9,LIB,Matt Sterett,40
9,REP,James 'Jim' Wright,347
90,,Over Votes,0
90,,Under Votes,95
90,DEM,Chrysta Casta?eda,894
90,GRN,Katija 'Kat' Gruene,23
90,LIB,Matt Sterett,75
90,REP,James 'Jim' Wright,2133
900,,Over Votes,0
900,,Under Votes,0
900,DEM,Chrysta Casta?eda,6
900,GRN,Katija 'Kat' Gruene,0
900,LIB,Matt Sterett,0
900,REP,James 'Jim' Wright,4
901,,Over Votes,0
901,,Under Votes,0
901,DEM,Chrysta Casta?eda,0
901,GRN,Katija 'Kat' Gruene,0
901,LIB,Matt Sterett,0
901,REP,James 'Jim' Wright,0
902,,Over Votes,0
902,,Under Votes,86
902,DEM,Chrysta Casta?eda,1287
902,GRN,Katija 'Kat' Gruene,30
902,LIB,Matt Sterett,79
902,REP,James 'Jim' Wright,1179
903,,Over Votes,0
903,,Under Votes,60
903,DEM,Chrysta Casta?eda,564
903,GRN,Katija 'Kat' Gruene,19
903,LIB,Matt Sterett,50
903,REP,James 'Jim' Wright,1459
904,,Over Votes,0
904,,Under Votes,0
904,DEM,Chrysta Casta?eda,2
904,GRN,Katija 'Kat' Gruene,0
904,LIB,Matt Sterett,0
904,REP,James 'Jim' Wright,1
905,,Over Votes,0
905,,Under Votes,31
905,DEM,Chrysta Casta?eda,316
905,GRN,Katija 'Kat' Gruene,4
905,LIB,Matt Sterett,11
905,REP,James 'Jim' Wright,226
906,,Over Votes,0
906,,Under Votes,1
906,DEM,Chrysta Casta?eda,9
906,GRN,Katija 'Kat' Gruene,0
906,LIB,Matt Sterett,0
906,REP,James 'Jim' Wright,19
907,,Over Votes,0
907,,Under Votes,4
907,DEM,Chrysta Casta?eda,105
907,GRN,Katija 'Kat' Gruene,4
907,LIB,Matt Sterett,1
907,REP,James 'Jim' Wright,13
908,,Over Votes,0
908,,Under Votes,0
908,DEM,Chrysta Casta?eda,1
908,GRN,Katija 'Kat' Gruene,0
908,LIB,Matt Sterett,0
908,REP,James 'Jim' Wright,0
909,,Over Votes,0
909,,Under Votes,0
909,DEM,Chrysta Casta?eda,14
909,GRN,Katija 'Kat' Gruene,1
909,LIB,Matt Sterett,0
909,REP,James 'Jim' Wright,0
91,,Over Votes,0
91,,Under Votes,51
91,DEM,Chrysta Casta?eda,619
91,GRN,Katija 'Kat' Gruene,15
91,LIB,Matt Sterett,54
91,REP,James 'Jim' Wright,782
910,,Over Votes,0
910,,Under Votes,14
910,DEM,Chrysta Casta?eda,68
910,GRN,Katija 'Kat' Gruene,4
910,LIB,Matt Sterett,6
910,REP,James 'Jim' Wright,32
911,,Over Votes,0
911,,Under Votes,12
911,DEM,Chrysta Casta?eda,136
911,GRN,Katija 'Kat' Gruene,7
911,LIB,Matt Sterett,8
911,REP,James 'Jim' Wright,200
912,,Over Votes,0
912,,Under Votes,25
912,DEM,Chrysta Casta?eda,496
912,GRN,Katija 'Kat' Gruene,15
912,LIB,Matt Sterett,24
912,REP,James 'Jim' Wright,541
913,,Over Votes,0
913,,Under Votes,7
913,DEM,Chrysta Casta?eda,131
913,GRN,Katija 'Kat' Gruene,3
913,LIB,Matt Sterett,1
913,REP,James 'Jim' Wright,50
914,,Over Votes,0
914,,Under Votes,10
914,DEM,Chrysta Casta?eda,38
914,GRN,Katija 'Kat' Gruene,2
914,LIB,Matt Sterett,0
914,REP,James 'Jim' Wright,19
915,,Over Votes,0
915,,Under Votes,0
915,DEM,Chrysta Casta?eda,0
915,GRN,Katija 'Kat' Gruene,0
915,LIB,Matt Sterett,0
915,REP,James 'Jim' Wright,0
916,,Over Votes,0
916,,Under Votes,62
916,DEM,Chrysta Casta?eda,786
916,GRN,Katija 'Kat' Gruene,24
916,LIB,Matt Sterett,85
916,REP,James 'Jim' Wright,2111
917,,Over Votes,1
917,,Under Votes,2
917,DEM,Chrysta Casta?eda,24
917,GRN,Katija 'Kat' Gruene,0
917,LIB,Matt Sterett,0
917,REP,James 'Jim' Wright,3
918,,Over Votes,0
918,,Under Votes,1
918,DEM,Chrysta Casta?eda,3
918,GRN,Katija 'Kat' Gruene,0
918,LIB,Matt Sterett,0
918,REP,James 'Jim' Wright,1
919,,Over Votes,0
919,,Under Votes,0
919,DEM,Chrysta Casta?eda,0
919,GRN,Katija 'Kat' Gruene,0
919,LIB,Matt Sterett,0
919,REP,James 'Jim' Wright,0
92,,Over Votes,0
92,,Under Votes,60
92,DEM,Chrysta Casta?eda,717
92,GRN,Katija 'Kat' Gruene,19
92,LIB,Matt Sterett,43
92,REP,James 'Jim' Wright,1061
920,,Over Votes,0
920,,Under Votes,4
920,DEM,Chrysta Casta?eda,24
920,GRN,Katija 'Kat' Gruene,0
920,LIB,Matt Sterett,3
920,REP,James 'Jim' Wright,40
921,,Over Votes,0
921,,Under Votes,1
921,DEM,Chrysta Casta?eda,39
921,GRN,Katija 'Kat' Gruene,0
921,LIB,Matt Sterett,1
921,REP,James 'Jim' Wright,4
922,,Over Votes,0
922,,Under Votes,0
922,DEM,Chrysta Casta?eda,0
922,GRN,Katija 'Kat' Gruene,0
922,LIB,Matt Sterett,0
922,REP,James 'Jim' Wright,0
923,,Over Votes,0
923,,Under Votes,84
923,DEM,Chrysta Casta?eda,1010
923,GRN,Katija 'Kat' Gruene,15
923,LIB,Matt Sterett,63
923,REP,James 'Jim' Wright,2294
924,,Over Votes,0
924,,Under Votes,0
924,DEM,Chrysta Casta?eda,0
924,GRN,Katija 'Kat' Gruene,0
924,LIB,Matt Sterett,0
924,REP,James 'Jim' Wright,0
925,,Over Votes,0
925,,Under Votes,0
925,DEM,Chrysta Casta?eda,0
925,GRN,Katija 'Kat' Gruene,0
925,LIB,Matt Sterett,0
925,REP,James 'Jim' Wright,0
926,,Over Votes,0
926,,Under Votes,32
926,DEM,Chrysta Casta?eda,328
926,GRN,Katija 'Kat' Gruene,10
926,LIB,Matt Sterett,19
926,REP,James 'Jim' Wright,607
927,,Over Votes,0
927,,Under Votes,49
927,DEM,Chrysta Casta?eda,763
927,GRN,Katija 'Kat' Gruene,22
927,LIB,Matt Sterett,38
927,REP,James 'Jim' Wright,723
928,,Over Votes,0
928,,Under Votes,0
928,DEM,Chrysta Casta?eda,6
928,GRN,Katija 'Kat' Gruene,0
928,LIB,Matt Sterett,0
928,REP,James 'Jim' Wright,0
929,,Over Votes,0
929,,Under Votes,0
929,DEM,Chrysta Casta?eda,0
929,GRN,Katija 'Kat' Gruene,0
929,LIB,Matt Sterett,0
929,REP,James 'Jim' Wright,0
93,,Over Votes,0
93,,Under Votes,106
93,DEM,Chrysta Casta?eda,1130
93,GRN,Katija 'Kat' Gruene,22
93,LIB,Matt Sterett,27
93,REP,James 'Jim' Wright,625
930,,Over Votes,0
930,,Under Votes,16
930,DEM,Chrysta Casta?eda,272
930,GRN,Katija 'Kat' Gruene,4
930,LIB,Matt Sterett,2
930,REP,James 'Jim' Wright,43
931,,Over Votes,1
931,,Under Votes,9
931,DEM,Chrysta Casta?eda,49
931,GRN,Katija 'Kat' Gruene,1
931,LIB,Matt Sterett,1
931,REP,James 'Jim' Wright,43
932,,Over Votes,0
932,,Under Votes,0
932,DEM,Chrysta Casta?eda,0
932,GRN,Katija 'Kat' Gruene,0
932,LIB,Matt Sterett,0
932,REP,James 'Jim' Wright,0
933,,Over Votes,0
933,,Under Votes,21
933,DEM,Chrysta Casta?eda,393
933,GRN,Katija 'Kat' Gruene,6
933,LIB,Matt Sterett,10
933,REP,James 'Jim' Wright,138
934,,Over Votes,0
934,,Under Votes,1
934,DEM,Chrysta Casta?eda,22
934,GRN,Katija 'Kat' Gruene,0
934,LIB,Matt Sterett,0
934,REP,James 'Jim' Wright,3
935,,Over Votes,0
935,,Under Votes,1
935,DEM,Chrysta Casta?eda,18
935,GRN,Katija 'Kat' Gruene,0
935,LIB,Matt Sterett,0
935,REP,James 'Jim' Wright,8
936,,Over Votes,0
936,,Under Votes,3
936,DEM,Chrysta Casta?eda,39
936,GRN,Katija 'Kat' Gruene,1
936,LIB,Matt Sterett,1
936,REP,James 'Jim' Wright,14
937,,Over Votes,0
937,,Under Votes,0
937,DEM,Chrysta Casta?eda,0
937,GRN,Katija 'Kat' Gruene,0
937,LIB,Matt Sterett,0
937,REP,James 'Jim' Wright,0
938,,Over Votes,0
938,,Under Votes,12
938,DEM,Chrysta Casta?eda,98
938,GRN,Katija 'Kat' Gruene,3
938,LIB,Matt Sterett,1
938,REP,James 'Jim' Wright,25
939,,Over Votes,0
939,,Under Votes,0
939,DEM,Chrysta Casta?eda,1
939,GRN,Katija 'Kat' Gruene,0
939,LIB,Matt Sterett,0
939,REP,James 'Jim' Wright,0
94,,Over Votes,0
94,,Under Votes,13
94,DEM,Chrysta Casta?eda,226
94,GRN,Katija 'Kat' Gruene,2
94,LIB,Matt Sterett,5
94,REP,James 'Jim' Wright,65
940,,Over Votes,0
940,,Under Votes,1
940,DEM,Chrysta Casta?eda,12
940,GRN,Katija 'Kat' Gruene,0
940,LIB,Matt Sterett,0
940,REP,James 'Jim' Wright,0
941,,Over Votes,0
941,,Under Votes,19
941,DEM,Chrysta Casta?eda,346
941,GRN,Katija 'Kat' Gruene,16
941,LIB,Matt Sterett,23
941,REP,James 'Jim' Wright,256
942,,Over Votes,0
942,,Under Votes,2
942,DEM,Chrysta Casta?eda,48
942,GRN,Katija 'Kat' Gruene,1
942,LIB,Matt Sterett,2
942,REP,James 'Jim' Wright,99
943,,Over Votes,0
943,,Under Votes,20
943,DEM,Chrysta Casta?eda,211
943,GRN,Katija 'Kat' Gruene,4
943,LIB,Matt Sterett,8
943,REP,James 'Jim' Wright,96
944,,Over Votes,0
944,,Under Votes,0
944,DEM,Chrysta Casta?eda,0
944,GRN,Katija 'Kat' Gruene,0
944,LIB,Matt Sterett,0
944,REP,James 'Jim' Wright,0
945,,Over Votes,0
945,,Under Votes,1
945,DEM,Chrysta Casta?eda,8
945,GRN,Katija 'Kat' Gruene,2
945,LIB,Matt Sterett,0
945,REP,James 'Jim' Wright,2
946,,Over Votes,0
946,,Under Votes,1
946,DEM,Chrysta Casta?eda,4
946,GRN,Katija 'Kat' Gruene,0
946,LIB,Matt Sterett,0
946,REP,James 'Jim' Wright,5
947,,Over Votes,0
947,,Under Votes,27
947,DEM,Chrysta Casta?eda,369
947,GRN,Katija 'Kat' Gruene,7
947,LIB,Matt Sterett,17
947,REP,James 'Jim' Wright,272
948,,Over Votes,0
948,,Under Votes,0
948,DEM,Chrysta Casta?eda,0
948,GRN,Katija 'Kat' Gruene,0
948,LIB,Matt Sterett,0
948,REP,James 'Jim' Wright,0
949,,Over Votes,0
949,,Under Votes,7
949,DEM,Chrysta Casta?eda,76
949,GRN,Katija 'Kat' Gruene,3
949,LIB,Matt Sterett,3
949,REP,James 'Jim' Wright,66
95,,Over Votes,0
95,,Under Votes,90
95,DEM,Chrysta Casta?eda,1254
95,GRN,Katija 'Kat' Gruene,40
95,LIB,Matt Sterett,55
95,REP,James 'Jim' Wright,1401
950,,Over Votes,0
950,,Under Votes,0
950,DEM,Chrysta Casta?eda,0
950,GRN,Katija 'Kat' Gruene,0
950,LIB,Matt Sterett,0
950,REP,James 'Jim' Wright,0
951,,Over Votes,0
951,,Under Votes,4
951,DEM,Chrysta Casta?eda,158
951,GRN,Katija 'Kat' Gruene,9
951,LIB,Matt Sterett,7
951,REP,James 'Jim' Wright,58
952,,Over Votes,0
952,,Under Votes,2
952,DEM,Chrysta Casta?eda,32
952,GRN,Katija 'Kat' Gruene,1
952,LIB,Matt Sterett,2
952,REP,James 'Jim' Wright,24
953,,Over Votes,0
953,,Under Votes,0
953,DEM,Chrysta Casta?eda,3
953,GRN,Katija 'Kat' Gruene,0
953,LIB,Matt Sterett,0
953,REP,James 'Jim' Wright,2
954,,Over Votes,0
954,,Under Votes,0
954,DEM,Chrysta Casta?eda,0
954,GRN,Katija 'Kat' Gruene,0
954,LIB,Matt Sterett,0
954,REP,James 'Jim' Wright,0
955,,Over Votes,0
955,,Under Votes,172
955,DEM,Chrysta Casta?eda,2086
955,GRN,Katija 'Kat' Gruene,37
955,LIB,Matt Sterett,135
955,REP,James 'Jim' Wright,4180
956,,Over Votes,0
956,,Under Votes,0
956,DEM,Chrysta Casta?eda,0
956,GRN,Katija 'Kat' Gruene,0
956,LIB,Matt Sterett,0
956,REP,James 'Jim' Wright,0
957,,Over Votes,0
957,,Under Votes,18
957,DEM,Chrysta Casta?eda,328
957,GRN,Katija 'Kat' Gruene,5
957,LIB,Matt Sterett,7
957,REP,James 'Jim' Wright,59
958,,Over Votes,2
958,,Under Votes,41
958,DEM,Chrysta Casta?eda,550
958,GRN,Katija 'Kat' Gruene,8
958,LIB,Matt Sterett,7
958,REP,James 'Jim' Wright,169
959,,Over Votes,0
959,,Under Votes,0
959,DEM,Chrysta Casta?eda,0
959,GRN,Katija 'Kat' Gruene,0
959,LIB,Matt Sterett,0
959,REP,James 'Jim' Wright,0
96,,Over Votes,0
96,,Under Votes,38
96,DEM,Chrysta Casta?eda,1212
96,GRN,Katija 'Kat' Gruene,29
96,LIB,Matt Sterett,35
96,REP,James 'Jim' Wright,298
960,,Over Votes,0
960,,Under Votes,30
960,DEM,Chrysta Casta?eda,1059
960,GRN,Katija 'Kat' Gruene,13
960,LIB,Matt Sterett,25
960,REP,James 'Jim' Wright,261
961,,Over Votes,0
961,,Under Votes,59
961,DEM,Chrysta Casta?eda,1033
961,GRN,Katija 'Kat' Gruene,27
961,LIB,Matt Sterett,18
961,REP,James 'Jim' Wright,297
962,,Over Votes,0
962,,Under Votes,3
962,DEM,Chrysta Casta?eda,53
962,GRN,Katija 'Kat' Gruene,1
962,LIB,Matt Sterett,1
962,REP,James 'Jim' Wright,11
963,,Over Votes,0
963,,Under Votes,11
963,DEM,Chrysta Casta?eda,320
963,GRN,Katija 'Kat' Gruene,9
963,LIB,Matt Sterett,12
963,REP,James 'Jim' Wright,215
964,,Over Votes,0
964,,Under Votes,96
964,DEM,Chrysta Casta?eda,2150
964,GRN,Katija 'Kat' Gruene,38
964,LIB,Matt Sterett,70
964,REP,James 'Jim' Wright,2039
965,,Over Votes,0
965,,Under Votes,9
965,DEM,Chrysta Casta?eda,60
965,GRN,Katija 'Kat' Gruene,4
965,LIB,Matt Sterett,2
965,REP,James 'Jim' Wright,120
966,,Over Votes,0
966,,Under Votes,27
966,DEM,Chrysta Casta?eda,481
966,GRN,Katija 'Kat' Gruene,12
966,LIB,Matt Sterett,18
966,REP,James 'Jim' Wright,174
967,,Over Votes,0
967,,Under Votes,10
967,DEM,Chrysta Casta?eda,85
967,GRN,Katija 'Kat' Gruene,3
967,LIB,Matt Sterett,4
967,REP,James 'Jim' Wright,23
968,,Over Votes,1
968,,Under Votes,41
968,DEM,Chrysta Casta?eda,1390
968,GRN,Katija 'Kat' Gruene,35
968,LIB,Matt Sterett,44
968,REP,James 'Jim' Wright,340
969,,Over Votes,0
969,,Under Votes,13
969,DEM,Chrysta Casta?eda,390
969,GRN,Katija 'Kat' Gruene,5
969,LIB,Matt Sterett,6
969,REP,James 'Jim' Wright,13
97,,Over Votes,0
97,,Under Votes,114
97,DEM,Chrysta Casta?eda,974
97,GRN,Katija 'Kat' Gruene,23
97,LIB,Matt Sterett,96
97,REP,James 'Jim' Wright,2848
970,,Over Votes,0
970,,Under Votes,21
970,DEM,Chrysta Casta?eda,324
970,GRN,Katija 'Kat' Gruene,7
970,LIB,Matt Sterett,9
970,REP,James 'Jim' Wright,41
971,,Over Votes,0
971,,Under Votes,0
971,DEM,Chrysta Casta?eda,0
971,GRN,Katija 'Kat' Gruene,0
971,LIB,Matt Sterett,0
971,REP,James 'Jim' Wright,0
972,,Over Votes,0
972,,Under Votes,0
972,DEM,Chrysta Casta?eda,0
972,GRN,Katija 'Kat' Gruene,0
972,LIB,Matt Sterett,0
972,REP,James 'Jim' Wright,0
973,,Over Votes,0
973,,Under Votes,26
973,DEM,Chrysta Casta?eda,358
973,GRN,Katija 'Kat' Gruene,7
973,LIB,Matt Sterett,16
973,REP,James 'Jim' Wright,490
974,,Over Votes,0
974,,Under Votes,0
974,DEM,Chrysta Casta?eda,0
974,GRN,Katija 'Kat' Gruene,0
974,LIB,Matt Sterett,0
974,REP,James 'Jim' Wright,0
975,,Over Votes,0
975,,Under Votes,8
975,DEM,Chrysta Casta?eda,69
975,GRN,Katija 'Kat' Gruene,4
975,LIB,Matt Sterett,9
975,REP,James 'Jim' Wright,58
976,,Over Votes,0
976,,Under Votes,21
976,DEM,Chrysta Casta?eda,192
976,GRN,Katija 'Kat' Gruene,5
976,LIB,Matt Sterett,14
976,REP,James 'Jim' Wright,177
977,,Over Votes,0
977,,Under Votes,15
977,DEM,Chrysta Casta?eda,241
977,GRN,Katija 'Kat' Gruene,9
977,LIB,Matt Sterett,8
977,REP,James 'Jim' Wright,197
978,,Over Votes,0
978,,Under Votes,0
978,DEM,Chrysta Casta?eda,0
978,GRN,Katija 'Kat' Gruene,0
978,LIB,Matt Sterett,0
978,REP,James 'Jim' Wright,0
979,,Over Votes,0
979,,Under Votes,0
979,DEM,Chrysta Casta?eda,0
979,GRN,Katija 'Kat' Gruene,0
979,LIB,Matt Sterett,0
979,REP,James 'Jim' Wright,0
98,,Over Votes,0
98,,Under Votes,50
98,DEM,Chrysta Casta?eda,419
98,GRN,Katija 'Kat' Gruene,12
98,LIB,Matt Sterett,56
98,REP,James 'Jim' Wright,1892
980,,Over Votes,0
980,,Under Votes,38
980,DEM,Chrysta Casta?eda,360
980,GRN,Katija 'Kat' Gruene,17
980,LIB,Matt Sterett,17
980,REP,James 'Jim' Wright,700
981,,Over Votes,0
981,,Under Votes,1
981,DEM,Chrysta Casta?eda,11
981,GRN,Katija 'Kat' Gruene,0
981,LIB,Matt Sterett,0
981,REP,James 'Jim' Wright,3
982,,Over Votes,1
982,,Under Votes,140
982,DEM,Chrysta Casta?eda,1356
982,GRN,Katija 'Kat' Gruene,32
982,LIB,Matt Sterett,107
982,REP,James 'Jim' Wright,3431
983,,Over Votes,0
983,,Under Votes,6
983,DEM,Chrysta Casta?eda,86
983,GRN,Katija 'Kat' Gruene,3
983,LIB,Matt Sterett,3
983,REP,James 'Jim' Wright,47
984,,Over Votes,0
984,,Under Votes,3
984,DEM,Chrysta Casta?eda,100
984,GRN,Katija 'Kat' Gruene,1
984,LIB,Matt Sterett,2
984,REP,James 'Jim' Wright,15
985,,Over Votes,0
985,,Under Votes,5
985,DEM,Chrysta Casta?eda,128
985,GRN,Katija 'Kat' Gruene,0
985,LIB,Matt Sterett,7
985,REP,James 'Jim' Wright,109
986,,Over Votes,0
986,,Under Votes,20
986,DEM,Chrysta Casta?eda,207
986,GRN,Katija 'Kat' Gruene,4
986,LIB,Matt Sterett,1
986,REP,James 'Jim' Wright,43
987,,Over Votes,0
987,,Under Votes,39
987,DEM,Chrysta Casta?eda,578
987,GRN,Katija 'Kat' Gruene,7
987,LIB,Matt Sterett,13
987,REP,James 'Jim' Wright,72
988,,Over Votes,0
988,,Under Votes,5
988,DEM,Chrysta Casta?eda,9
988,GRN,Katija 'Kat' Gruene,0
988,LIB,Matt Sterett,2
988,REP,James 'Jim' Wright,69
989,,Over Votes,0
989,,Under Votes,0
989,DEM,Chrysta Casta?eda,0
989,GRN,Katija 'Kat' Gruene,0
989,LIB,Matt Sterett,0
989,REP,James 'Jim' Wright,0
99,,Over Votes,0
99,,Under Votes,62
99,DEM,Chrysta Casta?eda,556
99,GRN,Katija 'Kat' Gruene,16
99,LIB,Matt Sterett,17
99,REP,James 'Jim' Wright,458
990,,Over Votes,0
990,,Under Votes,1
990,DEM,Chrysta Casta?eda,16
990,GRN,Katija 'Kat' Gruene,0
990,LIB,Matt Sterett,0
990,REP,James 'Jim' Wright,22
991,,Over Votes,0
991,,Under Votes,0
991,DEM,Chrysta Casta?eda,1
991,GRN,Katija 'Kat' Gruene,0
991,LIB,Matt Sterett,0
991,REP,James 'Jim' Wright,3
992,,Over Votes,0
992,,Under Votes,27
992,DEM,Chrysta Casta?eda,362
992,GRN,Katija 'Kat' Gruene,17
992,LIB,Matt Sterett,11
992,REP,James 'Jim' Wright,308
993,,Over Votes,0
993,,Under Votes,0
993,DEM,Chrysta Casta?eda,0
993,GRN,Katija 'Kat' Gruene,0
993,LIB,Matt Sterett,0
993,REP,James 'Jim' Wright,0
994,,Over Votes,0
994,,Under Votes,4
994,DEM,Chrysta Casta?eda,152
994,GRN,Katija 'Kat' Gruene,4
994,LIB,Matt Sterett,6
994,REP,James 'Jim' Wright,56
995,,Over Votes,1
995,,Under Votes,48
995,DEM,Chrysta Casta?eda,1163
995,GRN,Katija 'Kat' Gruene,24
995,LIB,Matt Sterett,28
995,REP,James 'Jim' Wright,149
996,,Over Votes,0
996,,Under Votes,8
996,DEM,Chrysta Casta?eda,262
996,GRN,Katija 'Kat' Gruene,9
996,LIB,Matt Sterett,18
996,REP,James 'Jim' Wright,253
997,,Over Votes,0
997,,Under Votes,29
997,DEM,Chrysta Casta?eda,711
997,GRN,Katija 'Kat' Gruene,23
997,LIB,Matt Sterett,24
997,REP,James 'Jim' Wright,122
998,,Over Votes,0
998,,Under Votes,2
998,DEM,Chrysta Casta?eda,22
998,GRN,Katija 'Kat' Gruene,2
998,LIB,Matt Sterett,3
998,REP,James 'Jim' Wright,37
999,,Over Votes,0
999,,Under Votes,0
999,DEM,Chrysta Casta?eda,0
999,GRN,Katija 'Kat' Gruene,0
999,LIB,Matt Sterett,0
999,REP,James 'Jim' Wright,0
