precinct,party,candidate,votes
1,,Over Votes,0
1,,Ricardo Turullols-Bonilla,0
1,,Under Votes,38
1,DEM,Mary 'MJ' Hegar,1740
1,GRN,David B. Collins,25
1,LIB,Kerry Douglas McKennon,59
1,REP,John Cornyn,861
10,,Over Votes,0
10,,Ricardo Turullols-Bonilla,0
10,,Under Votes,54
10,DEM,Mary 'MJ' Hegar,718
10,GRN,David B. Collins,18
10,LIB,Kerry Douglas McKennon,27
10,REP,John Cornyn,246
100,,Over Votes,0
100,,Ricardo Turullols-Bonilla,0
100,,Under Votes,40
100,DEM,Mary 'MJ' Hegar,444
100,GRN,David B. Collins,11
100,LIB,Kerry Douglas McKennon,19
100,REP,John Cornyn,408
1000,,Over Votes,0
1000,,Ricardo Turullols-Bonilla,0
1000,,Under Votes,18
1000,DEM,Mary 'MJ' Hegar,159
1000,GRN,David B. Collins,5
1000,LIB,Kerry Douglas McKennon,2
1000,REP,John Cornyn,45
1001,,Over Votes,0
1001,,Ricardo Turullols-Bonilla,0
1001,,Under Votes,43
1001,DEM,Mary 'MJ' Hegar,638
1001,GRN,David B. Collins,12
1001,LIB,Kerry Douglas McKennon,16
1001,REP,John Cornyn,258
1002,,Over Votes,1
1002,,Ricardo Turullols-Bonilla,0
1002,,Under Votes,46
1002,DEM,Mary 'MJ' Hegar,573
1002,GRN,David B. Collins,17
1002,LIB,Kerry Douglas McKennon,17
1002,REP,John Cornyn,183
1003,,Over Votes,0
1003,,Ricardo Turullols-Bonilla,0
1003,,Under Votes,0
1003,DEM,Mary 'MJ' Hegar,1
1003,GRN,David B. Collins,0
1003,LIB,Kerry Douglas McKennon,0
1003,REP,John Cornyn,0
1004,,Over Votes,0
1004,,Ricardo Turullols-Bonilla,0
1004,,Under Votes,13
1004,DEM,Mary 'MJ' Hegar,312
1004,GRN,David B. Collins,2
1004,LIB,Kerry Douglas McKennon,16
1004,REP,John Cornyn,252
1005,,Over Votes,0
1005,,Ricardo Turullols-Bonilla,0
1005,,Under Votes,0
1005,DEM,Mary 'MJ' Hegar,0
1005,GRN,David B. Collins,0
1005,LIB,Kerry Douglas McKennon,0
1005,REP,John Cornyn,0
1006,,Over Votes,0
1006,,Ricardo Turullols-Bonilla,0
1006,,Under Votes,0
1006,DEM,Mary 'MJ' Hegar,0
1006,GRN,David B. Collins,0
1006,LIB,Kerry Douglas McKennon,0
1006,REP,John Cornyn,0
1007,,Over Votes,1
1007,,Ricardo Turullols-Bonilla,0
1007,,Under Votes,32
1007,DEM,Mary 'MJ' Hegar,962
1007,GRN,David B. Collins,9
1007,LIB,Kerry Douglas McKennon,39
1007,REP,John Cornyn,314
1008,,Over Votes,0
1008,,Ricardo Turullols-Bonilla,0
1008,,Under Votes,14
1008,DEM,Mary 'MJ' Hegar,214
1008,GRN,David B. Collins,6
1008,LIB,Kerry Douglas McKennon,10
1008,REP,John Cornyn,756
1009,,Over Votes,0
1009,,Ricardo Turullols-Bonilla,0
1009,,Under Votes,0
1009,DEM,Mary 'MJ' Hegar,0
1009,GRN,David B. Collins,0
1009,LIB,Kerry Douglas McKennon,0
1009,REP,John Cornyn,0
101,,Over Votes,0
101,,Ricardo Turullols-Bonilla,0
101,,Under Votes,13
101,DEM,Mary 'MJ' Hegar,261
101,GRN,David B. Collins,5
101,LIB,Kerry Douglas McKennon,7
101,REP,John Cornyn,93
1010,,Over Votes,0
1010,,Ricardo Turullols-Bonilla,0
1010,,Under Votes,23
1010,DEM,Mary 'MJ' Hegar,594
1010,GRN,David B. Collins,8
1010,LIB,Kerry Douglas McKennon,8
1010,REP,John Cornyn,175
1011,,Over Votes,0
1011,,Ricardo Turullols-Bonilla,0
1011,,Under Votes,0
1011,DEM,Mary 'MJ' Hegar,6
1011,GRN,David B. Collins,0
1011,LIB,Kerry Douglas McKennon,1
1011,REP,John Cornyn,11
1012,,Over Votes,0
1012,,Ricardo Turullols-Bonilla,0
1012,,Under Votes,66
1012,DEM,Mary 'MJ' Hegar,667
1012,GRN,David B. Collins,14
1012,LIB,Kerry Douglas McKennon,29
1012,REP,John Cornyn,376
102,,Over Votes,0
102,,Ricardo Turullols-Bonilla,0
102,,Under Votes,48
102,DEM,Mary 'MJ' Hegar,526
102,GRN,David B. Collins,20
102,LIB,Kerry Douglas McKennon,19
102,REP,John Cornyn,263
103,,Over Votes,0
103,,Ricardo Turullols-Bonilla,0
103,,Under Votes,82
103,DEM,Mary 'MJ' Hegar,2186
103,GRN,David B. Collins,30
103,LIB,Kerry Douglas McKennon,66
103,REP,John Cornyn,2061
104,,Over Votes,0
104,,Ricardo Turullols-Bonilla,0
104,,Under Votes,41
104,DEM,Mary 'MJ' Hegar,1030
104,GRN,David B. Collins,9
104,LIB,Kerry Douglas McKennon,14
104,REP,John Cornyn,67
105,,Over Votes,0
105,,Ricardo Turullols-Bonilla,0
105,,Under Votes,74
105,DEM,Mary 'MJ' Hegar,818
105,GRN,David B. Collins,17
105,LIB,Kerry Douglas McKennon,30
105,REP,John Cornyn,407
106,,Over Votes,0
106,,Ricardo Turullols-Bonilla,0
106,,Under Votes,5
106,DEM,Mary 'MJ' Hegar,73
106,GRN,David B. Collins,0
106,LIB,Kerry Douglas McKennon,5
106,REP,John Cornyn,62
107,,Over Votes,1
107,,Ricardo Turullols-Bonilla,0
107,,Under Votes,57
107,DEM,Mary 'MJ' Hegar,773
107,GRN,David B. Collins,20
107,LIB,Kerry Douglas McKennon,23
107,REP,John Cornyn,264
108,,Over Votes,0
108,,Ricardo Turullols-Bonilla,0
108,,Under Votes,66
108,DEM,Mary 'MJ' Hegar,1082
108,GRN,David B. Collins,26
108,LIB,Kerry Douglas McKennon,52
108,REP,John Cornyn,999
109,,Over Votes,0
109,,Ricardo Turullols-Bonilla,0
109,,Under Votes,56
109,DEM,Mary 'MJ' Hegar,1355
109,GRN,David B. Collins,15
109,LIB,Kerry Douglas McKennon,21
109,REP,John Cornyn,84
11,,Over Votes,0
11,,Ricardo Turullols-Bonilla,0
11,,Under Votes,55
11,DEM,Mary 'MJ' Hegar,765
11,GRN,David B. Collins,15
11,LIB,Kerry Douglas McKennon,14
11,REP,John Cornyn,244
110,,Over Votes,0
110,,Ricardo Turullols-Bonilla,0
110,,Under Votes,48
110,DEM,Mary 'MJ' Hegar,1229
110,GRN,David B. Collins,15
110,LIB,Kerry Douglas McKennon,41
110,REP,John Cornyn,1243
111,,Over Votes,0
111,,Ricardo Turullols-Bonilla,0
111,,Under Votes,95
111,DEM,Mary 'MJ' Hegar,1616
111,GRN,David B. Collins,31
111,LIB,Kerry Douglas McKennon,91
111,REP,John Cornyn,3065
112,,Over Votes,0
112,,Ricardo Turullols-Bonilla,0
112,,Under Votes,54
112,DEM,Mary 'MJ' Hegar,917
112,GRN,David B. Collins,21
112,LIB,Kerry Douglas McKennon,56
112,REP,John Cornyn,1411
113,,Over Votes,1
113,,Ricardo Turullols-Bonilla,0
113,,Under Votes,39
113,DEM,Mary 'MJ' Hegar,1026
113,GRN,David B. Collins,9
113,LIB,Kerry Douglas McKennon,35
113,REP,John Cornyn,902
114,,Over Votes,1
114,,Ricardo Turullols-Bonilla,0
114,,Under Votes,68
114,DEM,Mary 'MJ' Hegar,1225
114,GRN,David B. Collins,19
114,LIB,Kerry Douglas McKennon,90
114,REP,John Cornyn,2816
115,,Over Votes,1
115,,Ricardo Turullols-Bonilla,0
115,,Under Votes,45
115,DEM,Mary 'MJ' Hegar,720
115,GRN,David B. Collins,14
115,LIB,Kerry Douglas McKennon,15
115,REP,John Cornyn,163
116,,Over Votes,0
116,,Ricardo Turullols-Bonilla,0
116,,Under Votes,24
116,DEM,Mary 'MJ' Hegar,817
116,GRN,David B. Collins,6
116,LIB,Kerry Douglas McKennon,25
116,REP,John Cornyn,1893
117,,Over Votes,0
117,,Ricardo Turullols-Bonilla,0
117,,Under Votes,46
117,DEM,Mary 'MJ' Hegar,644
117,GRN,David B. Collins,16
117,LIB,Kerry Douglas McKennon,30
117,REP,John Cornyn,369
118,,Over Votes,0
118,,Ricardo Turullols-Bonilla,0
118,,Under Votes,38
118,DEM,Mary 'MJ' Hegar,1718
118,GRN,David B. Collins,22
118,LIB,Kerry Douglas McKennon,47
118,REP,John Cornyn,1332
119,,Over Votes,0
119,,Ricardo Turullols-Bonilla,2
119,,Under Votes,85
119,DEM,Mary 'MJ' Hegar,1297
119,GRN,David B. Collins,28
119,LIB,Kerry Douglas McKennon,90
119,REP,John Cornyn,3065
12,,Over Votes,1
12,,Ricardo Turullols-Bonilla,0
12,,Under Votes,16
12,DEM,Mary 'MJ' Hegar,192
12,GRN,David B. Collins,3
12,LIB,Kerry Douglas McKennon,14
12,REP,John Cornyn,206
120,,Over Votes,0
120,,Ricardo Turullols-Bonilla,0
120,,Under Votes,74
120,DEM,Mary 'MJ' Hegar,1670
120,GRN,David B. Collins,19
120,LIB,Kerry Douglas McKennon,82
120,REP,John Cornyn,1851
121,,Over Votes,0
121,,Ricardo Turullols-Bonilla,0
121,,Under Votes,32
121,DEM,Mary 'MJ' Hegar,273
121,GRN,David B. Collins,7
121,LIB,Kerry Douglas McKennon,17
121,REP,John Cornyn,476
122,,Over Votes,0
122,,Ricardo Turullols-Bonilla,0
122,,Under Votes,42
122,DEM,Mary 'MJ' Hegar,911
122,GRN,David B. Collins,10
122,LIB,Kerry Douglas McKennon,12
122,REP,John Cornyn,90
123,,Over Votes,0
123,,Ricardo Turullols-Bonilla,0
123,,Under Votes,23
123,DEM,Mary 'MJ' Hegar,902
123,GRN,David B. Collins,11
123,LIB,Kerry Douglas McKennon,19
123,REP,John Cornyn,264
124,,Over Votes,0
124,,Ricardo Turullols-Bonilla,0
124,,Under Votes,57
124,DEM,Mary 'MJ' Hegar,1230
124,GRN,David B. Collins,19
124,LIB,Kerry Douglas McKennon,90
124,REP,John Cornyn,3511
125,,Over Votes,0
125,,Ricardo Turullols-Bonilla,0
125,,Under Votes,53
125,DEM,Mary 'MJ' Hegar,893
125,GRN,David B. Collins,23
125,LIB,Kerry Douglas McKennon,39
125,REP,John Cornyn,883
126,,Over Votes,0
126,,Ricardo Turullols-Bonilla,0
126,,Under Votes,49
126,DEM,Mary 'MJ' Hegar,657
126,GRN,David B. Collins,6
126,LIB,Kerry Douglas McKennon,49
126,REP,John Cornyn,2657
127,,Over Votes,2
127,,Ricardo Turullols-Bonilla,0
127,,Under Votes,49
127,DEM,Mary 'MJ' Hegar,394
127,GRN,David B. Collins,13
127,LIB,Kerry Douglas McKennon,29
127,REP,John Cornyn,980
128,,Over Votes,0
128,,Ricardo Turullols-Bonilla,0
128,,Under Votes,35
128,DEM,Mary 'MJ' Hegar,984
128,GRN,David B. Collins,6
128,LIB,Kerry Douglas McKennon,14
128,REP,John Cornyn,1045
129,,Over Votes,0
129,,Ricardo Turullols-Bonilla,0
129,,Under Votes,67
129,DEM,Mary 'MJ' Hegar,1956
129,GRN,David B. Collins,32
129,LIB,Kerry Douglas McKennon,57
129,REP,John Cornyn,2161
13,,Over Votes,0
13,,Ricardo Turullols-Bonilla,1
13,,Under Votes,52
13,DEM,Mary 'MJ' Hegar,648
13,GRN,David B. Collins,13
13,LIB,Kerry Douglas McKennon,30
13,REP,John Cornyn,1107
130,,Over Votes,0
130,,Ricardo Turullols-Bonilla,0
130,,Under Votes,27
130,DEM,Mary 'MJ' Hegar,597
130,GRN,David B. Collins,7
130,LIB,Kerry Douglas McKennon,16
130,REP,John Cornyn,1242
131,,Over Votes,0
131,,Ricardo Turullols-Bonilla,0
131,,Under Votes,36
131,DEM,Mary 'MJ' Hegar,1053
131,GRN,David B. Collins,23
131,LIB,Kerry Douglas McKennon,30
131,REP,John Cornyn,319
132,,Over Votes,0
132,,Ricardo Turullols-Bonilla,0
132,,Under Votes,41
132,DEM,Mary 'MJ' Hegar,1243
132,GRN,David B. Collins,19
132,LIB,Kerry Douglas McKennon,17
132,REP,John Cornyn,62
133,,Over Votes,0
133,,Ricardo Turullols-Bonilla,0
133,,Under Votes,27
133,DEM,Mary 'MJ' Hegar,1238
133,GRN,David B. Collins,4
133,LIB,Kerry Douglas McKennon,14
133,REP,John Cornyn,1139
134,,Over Votes,1
134,,Ricardo Turullols-Bonilla,0
134,,Under Votes,33
134,DEM,Mary 'MJ' Hegar,597
134,GRN,David B. Collins,13
134,LIB,Kerry Douglas McKennon,24
134,REP,John Cornyn,432
135,,Over Votes,0
135,,Ricardo Turullols-Bonilla,0
135,,Under Votes,36
135,DEM,Mary 'MJ' Hegar,1171
135,GRN,David B. Collins,3
135,LIB,Kerry Douglas McKennon,33
135,REP,John Cornyn,1637
136,,Over Votes,0
136,,Ricardo Turullols-Bonilla,0
136,,Under Votes,23
136,DEM,Mary 'MJ' Hegar,1232
136,GRN,David B. Collins,19
136,LIB,Kerry Douglas McKennon,32
136,REP,John Cornyn,98
137,,Over Votes,1
137,,Ricardo Turullols-Bonilla,0
137,,Under Votes,26
137,DEM,Mary 'MJ' Hegar,711
137,GRN,David B. Collins,17
137,LIB,Kerry Douglas McKennon,36
137,REP,John Cornyn,1161
138,,Over Votes,0
138,,Ricardo Turullols-Bonilla,1
138,,Under Votes,48
138,DEM,Mary 'MJ' Hegar,726
138,GRN,David B. Collins,13
138,LIB,Kerry Douglas McKennon,15
138,REP,John Cornyn,79
139,,Over Votes,0
139,,Ricardo Turullols-Bonilla,0
139,,Under Votes,30
139,DEM,Mary 'MJ' Hegar,1945
139,GRN,David B. Collins,19
139,LIB,Kerry Douglas McKennon,59
139,REP,John Cornyn,1247
14,,Over Votes,0
14,,Ricardo Turullols-Bonilla,0
14,,Under Votes,23
14,DEM,Mary 'MJ' Hegar,889
14,GRN,David B. Collins,11
14,LIB,Kerry Douglas McKennon,23
14,REP,John Cornyn,642
140,,Over Votes,2
140,,Ricardo Turullols-Bonilla,0
140,,Under Votes,42
140,DEM,Mary 'MJ' Hegar,1967
140,GRN,David B. Collins,24
140,LIB,Kerry Douglas McKennon,48
140,REP,John Cornyn,384
141,,Over Votes,0
141,,Ricardo Turullols-Bonilla,0
141,,Under Votes,18
141,DEM,Mary 'MJ' Hegar,167
141,GRN,David B. Collins,6
141,LIB,Kerry Douglas McKennon,12
141,REP,John Cornyn,255
142,,Over Votes,1
142,,Ricardo Turullols-Bonilla,0
142,,Under Votes,36
142,DEM,Mary 'MJ' Hegar,307
142,GRN,David B. Collins,5
142,LIB,Kerry Douglas McKennon,8
142,REP,John Cornyn,154
143,,Over Votes,0
143,,Ricardo Turullols-Bonilla,0
143,,Under Votes,63
143,DEM,Mary 'MJ' Hegar,1900
143,GRN,David B. Collins,20
143,LIB,Kerry Douglas McKennon,58
143,REP,John Cornyn,2361
144,,Over Votes,0
144,,Ricardo Turullols-Bonilla,0
144,,Under Votes,21
144,DEM,Mary 'MJ' Hegar,499
144,GRN,David B. Collins,9
144,LIB,Kerry Douglas McKennon,11
144,REP,John Cornyn,31
145,,Over Votes,0
145,,Ricardo Turullols-Bonilla,0
145,,Under Votes,39
145,DEM,Mary 'MJ' Hegar,713
145,GRN,David B. Collins,7
145,LIB,Kerry Douglas McKennon,10
145,REP,John Cornyn,34
146,,Over Votes,0
146,,Ricardo Turullols-Bonilla,0
146,,Under Votes,17
146,DEM,Mary 'MJ' Hegar,1016
146,GRN,David B. Collins,18
146,LIB,Kerry Douglas McKennon,19
146,REP,John Cornyn,606
147,,Over Votes,1
147,,Ricardo Turullols-Bonilla,0
147,,Under Votes,56
147,DEM,Mary 'MJ' Hegar,1581
147,GRN,David B. Collins,21
147,LIB,Kerry Douglas McKennon,39
147,REP,John Cornyn,294
148,,Over Votes,0
148,,Ricardo Turullols-Bonilla,0
148,,Under Votes,30
148,DEM,Mary 'MJ' Hegar,1441
148,GRN,David B. Collins,7
148,LIB,Kerry Douglas McKennon,24
148,REP,John Cornyn,669
149,,Over Votes,0
149,,Ricardo Turullols-Bonilla,0
149,,Under Votes,131
149,DEM,Mary 'MJ' Hegar,3557
149,GRN,David B. Collins,33
149,LIB,Kerry Douglas McKennon,134
149,REP,John Cornyn,3926
15,,Over Votes,1
15,,Ricardo Turullols-Bonilla,0
15,,Under Votes,28
15,DEM,Mary 'MJ' Hegar,1343
15,GRN,David B. Collins,9
15,LIB,Kerry Douglas McKennon,17
15,REP,John Cornyn,1252
150,,Over Votes,0
150,,Ricardo Turullols-Bonilla,0
150,,Under Votes,34
150,DEM,Mary 'MJ' Hegar,771
150,GRN,David B. Collins,13
150,LIB,Kerry Douglas McKennon,15
150,REP,John Cornyn,47
151,,Over Votes,0
151,,Ricardo Turullols-Bonilla,0
151,,Under Votes,12
151,DEM,Mary 'MJ' Hegar,360
151,GRN,David B. Collins,7
151,LIB,Kerry Douglas McKennon,5
151,REP,John Cornyn,44
152,,Over Votes,0
152,,Ricardo Turullols-Bonilla,0
152,,Under Votes,95
152,DEM,Mary 'MJ' Hegar,987
152,GRN,David B. Collins,26
152,LIB,Kerry Douglas McKennon,26
152,REP,John Cornyn,415
153,,Over Votes,0
153,,Ricardo Turullols-Bonilla,0
153,,Under Votes,64
153,DEM,Mary 'MJ' Hegar,641
153,GRN,David B. Collins,16
153,LIB,Kerry Douglas McKennon,13
153,REP,John Cornyn,313
154,,Over Votes,1
154,,Ricardo Turullols-Bonilla,0
154,,Under Votes,76
154,DEM,Mary 'MJ' Hegar,864
154,GRN,David B. Collins,19
154,LIB,Kerry Douglas McKennon,26
154,REP,John Cornyn,353
155,,Over Votes,0
155,,Ricardo Turullols-Bonilla,0
155,,Under Votes,79
155,DEM,Mary 'MJ' Hegar,1370
155,GRN,David B. Collins,9
155,LIB,Kerry Douglas McKennon,38
155,REP,John Cornyn,1975
156,,Over Votes,1
156,,Ricardo Turullols-Bonilla,0
156,,Under Votes,52
156,DEM,Mary 'MJ' Hegar,1855
156,GRN,David B. Collins,24
156,LIB,Kerry Douglas McKennon,26
156,REP,John Cornyn,129
157,,Over Votes,0
157,,Ricardo Turullols-Bonilla,0
157,,Under Votes,48
157,DEM,Mary 'MJ' Hegar,1095
157,GRN,David B. Collins,22
157,LIB,Kerry Douglas McKennon,28
157,REP,John Cornyn,123
158,,Over Votes,1
158,,Ricardo Turullols-Bonilla,0
158,,Under Votes,38
158,DEM,Mary 'MJ' Hegar,1446
158,GRN,David B. Collins,17
158,LIB,Kerry Douglas McKennon,16
158,REP,John Cornyn,66
159,,Over Votes,0
159,,Ricardo Turullols-Bonilla,0
159,,Under Votes,24
159,DEM,Mary 'MJ' Hegar,589
159,GRN,David B. Collins,4
159,LIB,Kerry Douglas McKennon,14
159,REP,John Cornyn,163
16,,Over Votes,0
16,,Ricardo Turullols-Bonilla,0
16,,Under Votes,16
16,DEM,Mary 'MJ' Hegar,1071
16,GRN,David B. Collins,12
16,LIB,Kerry Douglas McKennon,40
16,REP,John Cornyn,681
160,,Over Votes,0
160,,Ricardo Turullols-Bonilla,0
160,,Under Votes,16
160,DEM,Mary 'MJ' Hegar,342
160,GRN,David B. Collins,1
160,LIB,Kerry Douglas McKennon,7
160,REP,John Cornyn,23
161,,Over Votes,0
161,,Ricardo Turullols-Bonilla,0
161,,Under Votes,26
161,DEM,Mary 'MJ' Hegar,540
161,GRN,David B. Collins,6
161,LIB,Kerry Douglas McKennon,9
161,REP,John Cornyn,53
162,,Over Votes,0
162,,Ricardo Turullols-Bonilla,0
162,,Under Votes,49
162,DEM,Mary 'MJ' Hegar,408
162,GRN,David B. Collins,15
162,LIB,Kerry Douglas McKennon,16
162,REP,John Cornyn,269
163,,Over Votes,0
163,,Ricardo Turullols-Bonilla,0
163,,Under Votes,137
163,DEM,Mary 'MJ' Hegar,905
163,GRN,David B. Collins,23
163,LIB,Kerry Douglas McKennon,31
163,REP,John Cornyn,654
164,,Over Votes,2
164,,Ricardo Turullols-Bonilla,0
164,,Under Votes,30
164,DEM,Mary 'MJ' Hegar,629
164,GRN,David B. Collins,5
164,LIB,Kerry Douglas McKennon,9
164,REP,John Cornyn,58
165,,Over Votes,0
165,,Ricardo Turullols-Bonilla,0
165,,Under Votes,40
165,DEM,Mary 'MJ' Hegar,799
165,GRN,David B. Collins,9
165,LIB,Kerry Douglas McKennon,30
165,REP,John Cornyn,995
166,,Over Votes,0
166,,Ricardo Turullols-Bonilla,0
166,,Under Votes,20
166,DEM,Mary 'MJ' Hegar,710
166,GRN,David B. Collins,7
166,LIB,Kerry Douglas McKennon,21
166,REP,John Cornyn,337
167,,Over Votes,0
167,,Ricardo Turullols-Bonilla,0
167,,Under Votes,0
167,DEM,Mary 'MJ' Hegar,6
167,GRN,David B. Collins,0
167,LIB,Kerry Douglas McKennon,0
167,REP,John Cornyn,3
168,,Over Votes,0
168,,Ricardo Turullols-Bonilla,0
168,,Under Votes,15
168,DEM,Mary 'MJ' Hegar,214
168,GRN,David B. Collins,7
168,LIB,Kerry Douglas McKennon,2
168,REP,John Cornyn,15
169,,Over Votes,3
169,,Ricardo Turullols-Bonilla,0
169,,Under Votes,60
169,DEM,Mary 'MJ' Hegar,1191
169,GRN,David B. Collins,20
169,LIB,Kerry Douglas McKennon,23
169,REP,John Cornyn,67
17,,Over Votes,0
17,,Ricardo Turullols-Bonilla,0
17,,Under Votes,21
17,DEM,Mary 'MJ' Hegar,488
17,GRN,David B. Collins,6
17,LIB,Kerry Douglas McKennon,12
17,REP,John Cornyn,328
170,,Over Votes,0
170,,Ricardo Turullols-Bonilla,0
170,,Under Votes,51
170,DEM,Mary 'MJ' Hegar,521
170,GRN,David B. Collins,8
170,LIB,Kerry Douglas McKennon,20
170,REP,John Cornyn,530
171,,Over Votes,0
171,,Ricardo Turullols-Bonilla,0
171,,Under Votes,30
171,DEM,Mary 'MJ' Hegar,612
171,GRN,David B. Collins,8
171,LIB,Kerry Douglas McKennon,8
171,REP,John Cornyn,89
172,,Over Votes,0
172,,Ricardo Turullols-Bonilla,0
172,,Under Votes,21
172,DEM,Mary 'MJ' Hegar,266
172,GRN,David B. Collins,6
172,LIB,Kerry Douglas McKennon,4
172,REP,John Cornyn,128
173,,Over Votes,1
173,,Ricardo Turullols-Bonilla,0
173,,Under Votes,62
173,DEM,Mary 'MJ' Hegar,1127
173,GRN,David B. Collins,20
173,LIB,Kerry Douglas McKennon,63
173,REP,John Cornyn,2788
174,,Over Votes,0
174,,Ricardo Turullols-Bonilla,0
174,,Under Votes,48
174,DEM,Mary 'MJ' Hegar,1145
174,GRN,David B. Collins,16
174,LIB,Kerry Douglas McKennon,36
174,REP,John Cornyn,1668
175,,Over Votes,0
175,,Ricardo Turullols-Bonilla,0
175,,Under Votes,29
175,DEM,Mary 'MJ' Hegar,1219
175,GRN,David B. Collins,6
175,LIB,Kerry Douglas McKennon,22
175,REP,John Cornyn,969
176,,Over Votes,0
176,,Ricardo Turullols-Bonilla,0
176,,Under Votes,22
176,DEM,Mary 'MJ' Hegar,587
176,GRN,David B. Collins,5
176,LIB,Kerry Douglas McKennon,7
176,REP,John Cornyn,522
177,,Over Votes,0
177,,Ricardo Turullols-Bonilla,0
177,,Under Votes,23
177,DEM,Mary 'MJ' Hegar,854
177,GRN,David B. Collins,8
177,LIB,Kerry Douglas McKennon,25
177,REP,John Cornyn,687
178,,Over Votes,0
178,,Ricardo Turullols-Bonilla,0
178,,Under Votes,17
178,DEM,Mary 'MJ' Hegar,724
178,GRN,David B. Collins,8
178,LIB,Kerry Douglas McKennon,11
178,REP,John Cornyn,978
179,,Over Votes,0
179,,Ricardo Turullols-Bonilla,0
179,,Under Votes,39
179,DEM,Mary 'MJ' Hegar,781
179,GRN,David B. Collins,10
179,LIB,Kerry Douglas McKennon,35
179,REP,John Cornyn,618
18,,Over Votes,0
18,,Ricardo Turullols-Bonilla,0
18,,Under Votes,21
18,DEM,Mary 'MJ' Hegar,668
18,GRN,David B. Collins,8
18,LIB,Kerry Douglas McKennon,15
18,REP,John Cornyn,502
180,,Over Votes,0
180,,Ricardo Turullols-Bonilla,0
180,,Under Votes,62
180,DEM,Mary 'MJ' Hegar,1288
180,GRN,David B. Collins,21
180,LIB,Kerry Douglas McKennon,31
180,REP,John Cornyn,119
181,,Over Votes,0
181,,Ricardo Turullols-Bonilla,0
181,,Under Votes,69
181,DEM,Mary 'MJ' Hegar,804
181,GRN,David B. Collins,20
181,LIB,Kerry Douglas McKennon,27
181,REP,John Cornyn,374
182,,Over Votes,0
182,,Ricardo Turullols-Bonilla,0
182,,Under Votes,56
182,DEM,Mary 'MJ' Hegar,1860
182,GRN,David B. Collins,19
182,LIB,Kerry Douglas McKennon,31
182,REP,John Cornyn,1524
183,,Over Votes,0
183,,Ricardo Turullols-Bonilla,0
183,,Under Votes,37
183,DEM,Mary 'MJ' Hegar,956
183,GRN,David B. Collins,7
183,LIB,Kerry Douglas McKennon,12
183,REP,John Cornyn,1235
184,,Over Votes,0
184,,Ricardo Turullols-Bonilla,0
184,,Under Votes,49
184,DEM,Mary 'MJ' Hegar,406
184,GRN,David B. Collins,4
184,LIB,Kerry Douglas McKennon,14
184,REP,John Cornyn,164
185,,Over Votes,1
185,,Ricardo Turullols-Bonilla,0
185,,Under Votes,56
185,DEM,Mary 'MJ' Hegar,782
185,GRN,David B. Collins,9
185,LIB,Kerry Douglas McKennon,22
185,REP,John Cornyn,403
186,,Over Votes,2
186,,Ricardo Turullols-Bonilla,0
186,,Under Votes,22
186,DEM,Mary 'MJ' Hegar,332
186,GRN,David B. Collins,6
186,LIB,Kerry Douglas McKennon,6
186,REP,John Cornyn,75
187,,Over Votes,0
187,,Ricardo Turullols-Bonilla,0
187,,Under Votes,12
187,DEM,Mary 'MJ' Hegar,88
187,GRN,David B. Collins,3
187,LIB,Kerry Douglas McKennon,2
187,REP,John Cornyn,42
188,,Over Votes,1
188,,Ricardo Turullols-Bonilla,0
188,,Under Votes,52
188,DEM,Mary 'MJ' Hegar,472
188,GRN,David B. Collins,10
188,LIB,Kerry Douglas McKennon,22
188,REP,John Cornyn,348
189,,Over Votes,0
189,,Ricardo Turullols-Bonilla,0
189,,Under Votes,13
189,DEM,Mary 'MJ' Hegar,661
189,GRN,David B. Collins,4
189,LIB,Kerry Douglas McKennon,25
189,REP,John Cornyn,636
19,,Over Votes,0
19,,Ricardo Turullols-Bonilla,0
19,,Under Votes,17
19,DEM,Mary 'MJ' Hegar,918
19,GRN,David B. Collins,6
19,LIB,Kerry Douglas McKennon,38
19,REP,John Cornyn,323
190,,Over Votes,0
190,,Ricardo Turullols-Bonilla,0
190,,Under Votes,67
190,DEM,Mary 'MJ' Hegar,535
190,GRN,David B. Collins,18
190,LIB,Kerry Douglas McKennon,19
190,REP,John Cornyn,353
191,,Over Votes,0
191,,Ricardo Turullols-Bonilla,0
191,,Under Votes,45
191,DEM,Mary 'MJ' Hegar,389
191,GRN,David B. Collins,8
191,LIB,Kerry Douglas McKennon,10
191,REP,John Cornyn,244
192,,Over Votes,0
192,,Ricardo Turullols-Bonilla,0
192,,Under Votes,46
192,DEM,Mary 'MJ' Hegar,970
192,GRN,David B. Collins,13
192,LIB,Kerry Douglas McKennon,18
192,REP,John Cornyn,122
193,,Over Votes,0
193,,Ricardo Turullols-Bonilla,0
193,,Under Votes,12
193,DEM,Mary 'MJ' Hegar,579
193,GRN,David B. Collins,8
193,LIB,Kerry Douglas McKennon,7
193,REP,John Cornyn,40
194,,Over Votes,0
194,,Ricardo Turullols-Bonilla,0
194,,Under Votes,29
194,DEM,Mary 'MJ' Hegar,1468
194,GRN,David B. Collins,8
194,LIB,Kerry Douglas McKennon,34
194,REP,John Cornyn,437
195,,Over Votes,0
195,,Ricardo Turullols-Bonilla,0
195,,Under Votes,47
195,DEM,Mary 'MJ' Hegar,925
195,GRN,David B. Collins,12
195,LIB,Kerry Douglas McKennon,26
195,REP,John Cornyn,156
196,,Over Votes,1
196,,Ricardo Turullols-Bonilla,0
196,,Under Votes,14
196,DEM,Mary 'MJ' Hegar,197
196,GRN,David B. Collins,1
196,LIB,Kerry Douglas McKennon,3
196,REP,John Cornyn,40
197,,Over Votes,2
197,,Ricardo Turullols-Bonilla,0
197,,Under Votes,60
197,DEM,Mary 'MJ' Hegar,1354
197,GRN,David B. Collins,16
197,LIB,Kerry Douglas McKennon,22
197,REP,John Cornyn,109
198,,Over Votes,1
198,,Ricardo Turullols-Bonilla,0
198,,Under Votes,15
198,DEM,Mary 'MJ' Hegar,285
198,GRN,David B. Collins,7
198,LIB,Kerry Douglas McKennon,8
198,REP,John Cornyn,31
199,,Over Votes,0
199,,Ricardo Turullols-Bonilla,0
199,,Under Votes,56
199,DEM,Mary 'MJ' Hegar,850
199,GRN,David B. Collins,15
199,LIB,Kerry Douglas McKennon,56
199,REP,John Cornyn,2123
2,,Over Votes,0
2,,Ricardo Turullols-Bonilla,0
2,,Under Votes,29
2,DEM,Mary 'MJ' Hegar,995
2,GRN,David B. Collins,5
2,LIB,Kerry Douglas McKennon,44
2,REP,John Cornyn,526
20,,Over Votes,0
20,,Ricardo Turullols-Bonilla,0
20,,Under Votes,34
20,DEM,Mary 'MJ' Hegar,1234
20,GRN,David B. Collins,11
20,LIB,Kerry Douglas McKennon,44
20,REP,John Cornyn,402
200,,Over Votes,0
200,,Ricardo Turullols-Bonilla,0
200,,Under Votes,42
200,DEM,Mary 'MJ' Hegar,1981
200,GRN,David B. Collins,12
200,LIB,Kerry Douglas McKennon,40
200,REP,John Cornyn,1331
201,,Over Votes,0
201,,Ricardo Turullols-Bonilla,0
201,,Under Votes,18
201,DEM,Mary 'MJ' Hegar,306
201,GRN,David B. Collins,5
201,LIB,Kerry Douglas McKennon,10
201,REP,John Cornyn,29
202,,Over Votes,0
202,,Ricardo Turullols-Bonilla,0
202,,Under Votes,29
202,DEM,Mary 'MJ' Hegar,629
202,GRN,David B. Collins,11
202,LIB,Kerry Douglas McKennon,19
202,REP,John Cornyn,49
203,,Over Votes,0
203,,Ricardo Turullols-Bonilla,0
203,,Under Votes,31
203,DEM,Mary 'MJ' Hegar,355
203,GRN,David B. Collins,8
203,LIB,Kerry Douglas McKennon,9
203,REP,John Cornyn,106
204,,Over Votes,0
204,,Ricardo Turullols-Bonilla,0
204,,Under Votes,38
204,DEM,Mary 'MJ' Hegar,1518
204,GRN,David B. Collins,12
204,LIB,Kerry Douglas McKennon,49
204,REP,John Cornyn,1475
205,,Over Votes,0
205,,Ricardo Turullols-Bonilla,0
205,,Under Votes,35
205,DEM,Mary 'MJ' Hegar,896
205,GRN,David B. Collins,10
205,LIB,Kerry Douglas McKennon,25
205,REP,John Cornyn,63
206,,Over Votes,0
206,,Ricardo Turullols-Bonilla,0
206,,Under Votes,58
206,DEM,Mary 'MJ' Hegar,1595
206,GRN,David B. Collins,18
206,LIB,Kerry Douglas McKennon,51
206,REP,John Cornyn,674
207,,Over Votes,0
207,,Ricardo Turullols-Bonilla,1
207,,Under Votes,19
207,DEM,Mary 'MJ' Hegar,585
207,GRN,David B. Collins,4
207,LIB,Kerry Douglas McKennon,18
207,REP,John Cornyn,264
208,,Over Votes,0
208,,Ricardo Turullols-Bonilla,0
208,,Under Votes,189
208,DEM,Mary 'MJ' Hegar,770
208,GRN,David B. Collins,21
208,LIB,Kerry Douglas McKennon,23
208,REP,John Cornyn,430
209,,Over Votes,0
209,,Ricardo Turullols-Bonilla,0
209,,Under Votes,0
209,DEM,Mary 'MJ' Hegar,0
209,GRN,David B. Collins,0
209,LIB,Kerry Douglas McKennon,0
209,REP,John Cornyn,0
21,,Over Votes,0
21,,Ricardo Turullols-Bonilla,0
21,,Under Votes,13
21,DEM,Mary 'MJ' Hegar,734
21,GRN,David B. Collins,15
21,LIB,Kerry Douglas McKennon,26
21,REP,John Cornyn,163
210,,Over Votes,0
210,,Ricardo Turullols-Bonilla,1
210,,Under Votes,51
210,DEM,Mary 'MJ' Hegar,1731
210,GRN,David B. Collins,27
210,LIB,Kerry Douglas McKennon,39
210,REP,John Cornyn,301
211,,Over Votes,0
211,,Ricardo Turullols-Bonilla,0
211,,Under Votes,87
211,DEM,Mary 'MJ' Hegar,1020
211,GRN,David B. Collins,31
211,LIB,Kerry Douglas McKennon,41
211,REP,John Cornyn,686
212,,Over Votes,0
212,,Ricardo Turullols-Bonilla,0
212,,Under Votes,51
212,DEM,Mary 'MJ' Hegar,446
212,GRN,David B. Collins,9
212,LIB,Kerry Douglas McKennon,16
212,REP,John Cornyn,187
213,,Over Votes,0
213,,Ricardo Turullols-Bonilla,0
213,,Under Votes,39
213,DEM,Mary 'MJ' Hegar,757
213,GRN,David B. Collins,5
213,LIB,Kerry Douglas McKennon,21
213,REP,John Cornyn,2220
214,,Over Votes,0
214,,Ricardo Turullols-Bonilla,0
214,,Under Votes,31
214,DEM,Mary 'MJ' Hegar,834
214,GRN,David B. Collins,4
214,LIB,Kerry Douglas McKennon,10
214,REP,John Cornyn,788
215,,Over Votes,0
215,,Ricardo Turullols-Bonilla,0
215,,Under Votes,25
215,DEM,Mary 'MJ' Hegar,1032
215,GRN,David B. Collins,10
215,LIB,Kerry Douglas McKennon,20
215,REP,John Cornyn,952
216,,Over Votes,0
216,,Ricardo Turullols-Bonilla,0
216,,Under Votes,35
216,DEM,Mary 'MJ' Hegar,987
216,GRN,David B. Collins,12
216,LIB,Kerry Douglas McKennon,19
216,REP,John Cornyn,119
217,,Over Votes,0
217,,Ricardo Turullols-Bonilla,0
217,,Under Votes,28
217,DEM,Mary 'MJ' Hegar,1038
217,GRN,David B. Collins,9
217,LIB,Kerry Douglas McKennon,20
217,REP,John Cornyn,1320
218,,Over Votes,0
218,,Ricardo Turullols-Bonilla,0
218,,Under Votes,52
218,DEM,Mary 'MJ' Hegar,1282
218,GRN,David B. Collins,29
218,LIB,Kerry Douglas McKennon,29
218,REP,John Cornyn,465
219,,Over Votes,0
219,,Ricardo Turullols-Bonilla,1
219,,Under Votes,49
219,DEM,Mary 'MJ' Hegar,1542
219,GRN,David B. Collins,12
219,LIB,Kerry Douglas McKennon,22
219,REP,John Cornyn,163
22,,Over Votes,0
22,,Ricardo Turullols-Bonilla,0
22,,Under Votes,46
22,DEM,Mary 'MJ' Hegar,1225
22,GRN,David B. Collins,14
22,LIB,Kerry Douglas McKennon,26
22,REP,John Cornyn,237
220,,Over Votes,0
220,,Ricardo Turullols-Bonilla,0
220,,Under Votes,45
220,DEM,Mary 'MJ' Hegar,433
220,GRN,David B. Collins,13
220,LIB,Kerry Douglas McKennon,29
220,REP,John Cornyn,775
221,,Over Votes,0
221,,Ricardo Turullols-Bonilla,0
221,,Under Votes,75
221,DEM,Mary 'MJ' Hegar,952
221,GRN,David B. Collins,20
221,LIB,Kerry Douglas McKennon,32
221,REP,John Cornyn,648
222,,Over Votes,0
222,,Ricardo Turullols-Bonilla,0
222,,Under Votes,23
222,DEM,Mary 'MJ' Hegar,1408
222,GRN,David B. Collins,6
222,LIB,Kerry Douglas McKennon,16
222,REP,John Cornyn,1006
223,,Over Votes,0
223,,Ricardo Turullols-Bonilla,0
223,,Under Votes,48
223,DEM,Mary 'MJ' Hegar,2069
223,GRN,David B. Collins,23
223,LIB,Kerry Douglas McKennon,49
223,REP,John Cornyn,546
224,,Over Votes,0
224,,Ricardo Turullols-Bonilla,0
224,,Under Votes,24
224,DEM,Mary 'MJ' Hegar,1328
224,GRN,David B. Collins,10
224,LIB,Kerry Douglas McKennon,27
224,REP,John Cornyn,775
225,,Over Votes,0
225,,Ricardo Turullols-Bonilla,0
225,,Under Votes,52
225,DEM,Mary 'MJ' Hegar,1482
225,GRN,David B. Collins,21
225,LIB,Kerry Douglas McKennon,57
225,REP,John Cornyn,859
226,,Over Votes,0
226,,Ricardo Turullols-Bonilla,0
226,,Under Votes,74
226,DEM,Mary 'MJ' Hegar,918
226,GRN,David B. Collins,16
226,LIB,Kerry Douglas McKennon,32
226,REP,John Cornyn,346
227,,Over Votes,0
227,,Ricardo Turullols-Bonilla,0
227,,Under Votes,15
227,DEM,Mary 'MJ' Hegar,505
227,GRN,David B. Collins,2
227,LIB,Kerry Douglas McKennon,8
227,REP,John Cornyn,961
228,,Over Votes,0
228,,Ricardo Turullols-Bonilla,0
228,,Under Votes,16
228,DEM,Mary 'MJ' Hegar,764
228,GRN,David B. Collins,9
228,LIB,Kerry Douglas McKennon,10
228,REP,John Cornyn,69
229,,Over Votes,0
229,,Ricardo Turullols-Bonilla,0
229,,Under Votes,25
229,DEM,Mary 'MJ' Hegar,252
229,GRN,David B. Collins,10
229,LIB,Kerry Douglas McKennon,8
229,REP,John Cornyn,153
23,,Over Votes,0
23,,Ricardo Turullols-Bonilla,0
23,,Under Votes,8
23,DEM,Mary 'MJ' Hegar,198
23,GRN,David B. Collins,1
23,LIB,Kerry Douglas McKennon,6
23,REP,John Cornyn,57
230,,Over Votes,0
230,,Ricardo Turullols-Bonilla,0
230,,Under Votes,22
230,DEM,Mary 'MJ' Hegar,447
230,GRN,David B. Collins,3
230,LIB,Kerry Douglas McKennon,8
230,REP,John Cornyn,55
231,,Over Votes,0
231,,Ricardo Turullols-Bonilla,0
231,,Under Votes,67
231,DEM,Mary 'MJ' Hegar,839
231,GRN,David B. Collins,20
231,LIB,Kerry Douglas McKennon,23
231,REP,John Cornyn,401
232,,Over Votes,0
232,,Ricardo Turullols-Bonilla,0
232,,Under Votes,16
232,DEM,Mary 'MJ' Hegar,807
232,GRN,David B. Collins,7
232,LIB,Kerry Douglas McKennon,11
232,REP,John Cornyn,766
233,,Over Votes,0
233,,Ricardo Turullols-Bonilla,1
233,,Under Votes,47
233,DEM,Mary 'MJ' Hegar,2841
233,GRN,David B. Collins,24
233,LIB,Kerry Douglas McKennon,92
233,REP,John Cornyn,1635
234,,Over Votes,0
234,,Ricardo Turullols-Bonilla,0
234,,Under Votes,53
234,DEM,Mary 'MJ' Hegar,1263
234,GRN,David B. Collins,7
234,LIB,Kerry Douglas McKennon,27
234,REP,John Cornyn,2384
235,,Over Votes,1
235,,Ricardo Turullols-Bonilla,0
235,,Under Votes,33
235,DEM,Mary 'MJ' Hegar,733
235,GRN,David B. Collins,9
235,LIB,Kerry Douglas McKennon,24
235,REP,John Cornyn,55
236,,Over Votes,0
236,,Ricardo Turullols-Bonilla,0
236,,Under Votes,42
236,DEM,Mary 'MJ' Hegar,875
236,GRN,David B. Collins,12
236,LIB,Kerry Douglas McKennon,21
236,REP,John Cornyn,77
237,,Over Votes,0
237,,Ricardo Turullols-Bonilla,0
237,,Under Votes,40
237,DEM,Mary 'MJ' Hegar,964
237,GRN,David B. Collins,20
237,LIB,Kerry Douglas McKennon,9
237,REP,John Cornyn,61
238,,Over Votes,0
238,,Ricardo Turullols-Bonilla,0
238,,Under Votes,44
238,DEM,Mary 'MJ' Hegar,823
238,GRN,David B. Collins,9
238,LIB,Kerry Douglas McKennon,13
238,REP,John Cornyn,65
239,,Over Votes,0
239,,Ricardo Turullols-Bonilla,0
239,,Under Votes,39
239,DEM,Mary 'MJ' Hegar,890
239,GRN,David B. Collins,11
239,LIB,Kerry Douglas McKennon,17
239,REP,John Cornyn,65
24,,Over Votes,1
24,,Ricardo Turullols-Bonilla,0
24,,Under Votes,10
24,DEM,Mary 'MJ' Hegar,480
24,GRN,David B. Collins,8
24,LIB,Kerry Douglas McKennon,16
24,REP,John Cornyn,94
240,,Over Votes,0
240,,Ricardo Turullols-Bonilla,0
240,,Under Votes,46
240,DEM,Mary 'MJ' Hegar,1276
240,GRN,David B. Collins,19
240,LIB,Kerry Douglas McKennon,21
240,REP,John Cornyn,78
241,,Over Votes,0
241,,Ricardo Turullols-Bonilla,0
241,,Under Votes,49
241,DEM,Mary 'MJ' Hegar,747
241,GRN,David B. Collins,12
241,LIB,Kerry Douglas McKennon,25
241,REP,John Cornyn,460
242,,Over Votes,0
242,,Ricardo Turullols-Bonilla,0
242,,Under Votes,46
242,DEM,Mary 'MJ' Hegar,483
242,GRN,David B. Collins,14
242,LIB,Kerry Douglas McKennon,17
242,REP,John Cornyn,432
243,,Over Votes,1
243,,Ricardo Turullols-Bonilla,0
243,,Under Votes,8
243,DEM,Mary 'MJ' Hegar,351
243,GRN,David B. Collins,8
243,LIB,Kerry Douglas McKennon,5
243,REP,John Cornyn,13
244,,Over Votes,0
244,,Ricardo Turullols-Bonilla,0
244,,Under Votes,52
244,DEM,Mary 'MJ' Hegar,1224
244,GRN,David B. Collins,17
244,LIB,Kerry Douglas McKennon,36
244,REP,John Cornyn,996
245,,Over Votes,1
245,,Ricardo Turullols-Bonilla,0
245,,Under Votes,76
245,DEM,Mary 'MJ' Hegar,1309
245,GRN,David B. Collins,31
245,LIB,Kerry Douglas McKennon,84
245,REP,John Cornyn,2059
246,,Over Votes,0
246,,Ricardo Turullols-Bonilla,0
246,,Under Votes,71
246,DEM,Mary 'MJ' Hegar,1533
246,GRN,David B. Collins,29
246,LIB,Kerry Douglas McKennon,58
246,REP,John Cornyn,1791
247,,Over Votes,1
247,,Ricardo Turullols-Bonilla,0
247,,Under Votes,34
247,DEM,Mary 'MJ' Hegar,688
247,GRN,David B. Collins,11
247,LIB,Kerry Douglas McKennon,21
247,REP,John Cornyn,49
248,,Over Votes,0
248,,Ricardo Turullols-Bonilla,0
248,,Under Votes,68
248,DEM,Mary 'MJ' Hegar,545
248,GRN,David B. Collins,16
248,LIB,Kerry Douglas McKennon,32
248,REP,John Cornyn,305
249,,Over Votes,0
249,,Ricardo Turullols-Bonilla,0
249,,Under Votes,49
249,DEM,Mary 'MJ' Hegar,632
249,GRN,David B. Collins,12
249,LIB,Kerry Douglas McKennon,41
249,REP,John Cornyn,1067
25,,Over Votes,0
25,,Ricardo Turullols-Bonilla,0
25,,Under Votes,27
25,DEM,Mary 'MJ' Hegar,419
25,GRN,David B. Collins,4
25,LIB,Kerry Douglas McKennon,3
25,REP,John Cornyn,34
250,,Over Votes,0
250,,Ricardo Turullols-Bonilla,0
250,,Under Votes,17
250,DEM,Mary 'MJ' Hegar,456
250,GRN,David B. Collins,6
250,LIB,Kerry Douglas McKennon,6
250,REP,John Cornyn,40
251,,Over Votes,1
251,,Ricardo Turullols-Bonilla,0
251,,Under Votes,57
251,DEM,Mary 'MJ' Hegar,1145
251,GRN,David B. Collins,15
251,LIB,Kerry Douglas McKennon,32
251,REP,John Cornyn,216
252,,Over Votes,3
252,,Ricardo Turullols-Bonilla,0
252,,Under Votes,55
252,DEM,Mary 'MJ' Hegar,1117
252,GRN,David B. Collins,8
252,LIB,Kerry Douglas McKennon,16
252,REP,John Cornyn,59
253,,Over Votes,3
253,,Ricardo Turullols-Bonilla,0
253,,Under Votes,42
253,DEM,Mary 'MJ' Hegar,976
253,GRN,David B. Collins,10
253,LIB,Kerry Douglas McKennon,12
253,REP,John Cornyn,75
254,,Over Votes,2
254,,Ricardo Turullols-Bonilla,0
254,,Under Votes,49
254,DEM,Mary 'MJ' Hegar,537
254,GRN,David B. Collins,10
254,LIB,Kerry Douglas McKennon,15
254,REP,John Cornyn,234
255,,Over Votes,0
255,,Ricardo Turullols-Bonilla,0
255,,Under Votes,16
255,DEM,Mary 'MJ' Hegar,1250
255,GRN,David B. Collins,10
255,LIB,Kerry Douglas McKennon,26
255,REP,John Cornyn,726
256,,Over Votes,0
256,,Ricardo Turullols-Bonilla,0
256,,Under Votes,101
256,DEM,Mary 'MJ' Hegar,1265
256,GRN,David B. Collins,28
256,LIB,Kerry Douglas McKennon,46
256,REP,John Cornyn,755
257,,Over Votes,0
257,,Ricardo Turullols-Bonilla,0
257,,Under Votes,90
257,DEM,Mary 'MJ' Hegar,1322
257,GRN,David B. Collins,21
257,LIB,Kerry Douglas McKennon,40
257,REP,John Cornyn,537
258,,Over Votes,0
258,,Ricardo Turullols-Bonilla,0
258,,Under Votes,55
258,DEM,Mary 'MJ' Hegar,901
258,GRN,David B. Collins,16
258,LIB,Kerry Douglas McKennon,30
258,REP,John Cornyn,1890
259,,Over Votes,0
259,,Ricardo Turullols-Bonilla,0
259,,Under Votes,42
259,DEM,Mary 'MJ' Hegar,1299
259,GRN,David B. Collins,15
259,LIB,Kerry Douglas McKennon,25
259,REP,John Cornyn,78
26,,Over Votes,0
26,,Ricardo Turullols-Bonilla,0
26,,Under Votes,44
26,DEM,Mary 'MJ' Hegar,1016
26,GRN,David B. Collins,21
26,LIB,Kerry Douglas McKennon,28
26,REP,John Cornyn,304
260,,Over Votes,0
260,,Ricardo Turullols-Bonilla,0
260,,Under Votes,21
260,DEM,Mary 'MJ' Hegar,569
260,GRN,David B. Collins,2
260,LIB,Kerry Douglas McKennon,18
260,REP,John Cornyn,544
261,,Over Votes,0
261,,Ricardo Turullols-Bonilla,0
261,,Under Votes,45
261,DEM,Mary 'MJ' Hegar,468
261,GRN,David B. Collins,5
261,LIB,Kerry Douglas McKennon,8
261,REP,John Cornyn,263
262,,Over Votes,0
262,,Ricardo Turullols-Bonilla,0
262,,Under Votes,87
262,DEM,Mary 'MJ' Hegar,1466
262,GRN,David B. Collins,32
262,LIB,Kerry Douglas McKennon,58
262,REP,John Cornyn,1437
263,,Over Votes,0
263,,Ricardo Turullols-Bonilla,0
263,,Under Votes,67
263,DEM,Mary 'MJ' Hegar,1095
263,GRN,David B. Collins,17
263,LIB,Kerry Douglas McKennon,60
263,REP,John Cornyn,2142
264,,Over Votes,0
264,,Ricardo Turullols-Bonilla,0
264,,Under Votes,80
264,DEM,Mary 'MJ' Hegar,1028
264,GRN,David B. Collins,14
264,LIB,Kerry Douglas McKennon,52
264,REP,John Cornyn,910
265,,Over Votes,0
265,,Ricardo Turullols-Bonilla,0
265,,Under Votes,67
265,DEM,Mary 'MJ' Hegar,985
265,GRN,David B. Collins,14
265,LIB,Kerry Douglas McKennon,28
265,REP,John Cornyn,1971
266,,Over Votes,0
266,,Ricardo Turullols-Bonilla,0
266,,Under Votes,54
266,DEM,Mary 'MJ' Hegar,690
266,GRN,David B. Collins,9
266,LIB,Kerry Douglas McKennon,25
266,REP,John Cornyn,497
267,,Over Votes,1
267,,Ricardo Turullols-Bonilla,0
267,,Under Votes,38
267,DEM,Mary 'MJ' Hegar,437
267,GRN,David B. Collins,8
267,LIB,Kerry Douglas McKennon,12
267,REP,John Cornyn,343
268,,Over Votes,0
268,,Ricardo Turullols-Bonilla,0
268,,Under Votes,35
268,DEM,Mary 'MJ' Hegar,1052
268,GRN,David B. Collins,9
268,LIB,Kerry Douglas McKennon,18
268,REP,John Cornyn,1003
269,,Over Votes,0
269,,Ricardo Turullols-Bonilla,0
269,,Under Votes,29
269,DEM,Mary 'MJ' Hegar,628
269,GRN,David B. Collins,3
269,LIB,Kerry Douglas McKennon,11
269,REP,John Cornyn,1313
27,,Over Votes,0
27,,Ricardo Turullols-Bonilla,0
27,,Under Votes,83
27,DEM,Mary 'MJ' Hegar,1585
27,GRN,David B. Collins,37
27,LIB,Kerry Douglas McKennon,48
27,REP,John Cornyn,496
270,,Over Votes,0
270,,Ricardo Turullols-Bonilla,0
270,,Under Votes,74
270,DEM,Mary 'MJ' Hegar,1381
270,GRN,David B. Collins,27
270,LIB,Kerry Douglas McKennon,59
270,REP,John Cornyn,1286
271,,Over Votes,0
271,,Ricardo Turullols-Bonilla,0
271,,Under Votes,56
271,DEM,Mary 'MJ' Hegar,1569
271,GRN,David B. Collins,13
271,LIB,Kerry Douglas McKennon,29
271,REP,John Cornyn,61
272,,Over Votes,0
272,,Ricardo Turullols-Bonilla,0
272,,Under Votes,37
272,DEM,Mary 'MJ' Hegar,982
272,GRN,David B. Collins,24
272,LIB,Kerry Douglas McKennon,33
272,REP,John Cornyn,417
273,,Over Votes,0
273,,Ricardo Turullols-Bonilla,0
273,,Under Votes,29
273,DEM,Mary 'MJ' Hegar,549
273,GRN,David B. Collins,8
273,LIB,Kerry Douglas McKennon,14
273,REP,John Cornyn,1558
274,,Over Votes,0
274,,Ricardo Turullols-Bonilla,0
274,,Under Votes,27
274,DEM,Mary 'MJ' Hegar,755
274,GRN,David B. Collins,11
274,LIB,Kerry Douglas McKennon,26
274,REP,John Cornyn,1094
275,,Over Votes,0
275,,Ricardo Turullols-Bonilla,0
275,,Under Votes,33
275,DEM,Mary 'MJ' Hegar,671
275,GRN,David B. Collins,22
275,LIB,Kerry Douglas McKennon,19
275,REP,John Cornyn,196
276,,Over Votes,0
276,,Ricardo Turullols-Bonilla,0
276,,Under Votes,43
276,DEM,Mary 'MJ' Hegar,1192
276,GRN,David B. Collins,9
276,LIB,Kerry Douglas McKennon,20
276,REP,John Cornyn,53
277,,Over Votes,0
277,,Ricardo Turullols-Bonilla,0
277,,Under Votes,44
277,DEM,Mary 'MJ' Hegar,581
277,GRN,David B. Collins,13
277,LIB,Kerry Douglas McKennon,23
277,REP,John Cornyn,389
278,,Over Votes,0
278,,Ricardo Turullols-Bonilla,0
278,,Under Votes,74
278,DEM,Mary 'MJ' Hegar,857
278,GRN,David B. Collins,19
278,LIB,Kerry Douglas McKennon,27
278,REP,John Cornyn,773
279,,Over Votes,1
279,,Ricardo Turullols-Bonilla,0
279,,Under Votes,41
279,DEM,Mary 'MJ' Hegar,530
279,GRN,David B. Collins,12
279,LIB,Kerry Douglas McKennon,28
279,REP,John Cornyn,812
28,,Over Votes,0
28,,Ricardo Turullols-Bonilla,0
28,,Under Votes,70
28,DEM,Mary 'MJ' Hegar,1173
28,GRN,David B. Collins,15
28,LIB,Kerry Douglas McKennon,59
28,REP,John Cornyn,1288
280,,Over Votes,0
280,,Ricardo Turullols-Bonilla,0
280,,Under Votes,41
280,DEM,Mary 'MJ' Hegar,554
280,GRN,David B. Collins,9
280,LIB,Kerry Douglas McKennon,11
280,REP,John Cornyn,272
281,,Over Votes,0
281,,Ricardo Turullols-Bonilla,0
281,,Under Votes,28
281,DEM,Mary 'MJ' Hegar,1089
281,GRN,David B. Collins,9
281,LIB,Kerry Douglas McKennon,13
281,REP,John Cornyn,794
282,,Over Votes,1
282,,Ricardo Turullols-Bonilla,0
282,,Under Votes,31
282,DEM,Mary 'MJ' Hegar,848
282,GRN,David B. Collins,11
282,LIB,Kerry Douglas McKennon,28
282,REP,John Cornyn,809
283,,Over Votes,1
283,,Ricardo Turullols-Bonilla,0
283,,Under Votes,134
283,DEM,Mary 'MJ' Hegar,3517
283,GRN,David B. Collins,60
283,LIB,Kerry Douglas McKennon,81
283,REP,John Cornyn,919
284,,Over Votes,0
284,,Ricardo Turullols-Bonilla,0
284,,Under Votes,113
284,DEM,Mary 'MJ' Hegar,1335
284,GRN,David B. Collins,31
284,LIB,Kerry Douglas McKennon,38
284,REP,John Cornyn,832
285,,Over Votes,0
285,,Ricardo Turullols-Bonilla,0
285,,Under Votes,55
285,DEM,Mary 'MJ' Hegar,1307
285,GRN,David B. Collins,19
285,LIB,Kerry Douglas McKennon,29
285,REP,John Cornyn,217
286,,Over Votes,0
286,,Ricardo Turullols-Bonilla,0
286,,Under Votes,83
286,DEM,Mary 'MJ' Hegar,2083
286,GRN,David B. Collins,40
286,LIB,Kerry Douglas McKennon,47
286,REP,John Cornyn,318
287,,Over Votes,0
287,,Ricardo Turullols-Bonilla,0
287,,Under Votes,16
287,DEM,Mary 'MJ' Hegar,806
287,GRN,David B. Collins,7
287,LIB,Kerry Douglas McKennon,24
287,REP,John Cornyn,579
288,,Over Votes,1
288,,Ricardo Turullols-Bonilla,0
288,,Under Votes,34
288,DEM,Mary 'MJ' Hegar,1128
288,GRN,David B. Collins,18
288,LIB,Kerry Douglas McKennon,14
288,REP,John Cornyn,62
289,,Over Votes,0
289,,Ricardo Turullols-Bonilla,0
289,,Under Votes,39
289,DEM,Mary 'MJ' Hegar,518
289,GRN,David B. Collins,7
289,LIB,Kerry Douglas McKennon,20
289,REP,John Cornyn,378
29,,Over Votes,0
29,,Ricardo Turullols-Bonilla,0
29,,Under Votes,84
29,DEM,Mary 'MJ' Hegar,683
29,GRN,David B. Collins,14
29,LIB,Kerry Douglas McKennon,21
29,REP,John Cornyn,534
290,,Over Votes,0
290,,Ricardo Turullols-Bonilla,0
290,,Under Votes,32
290,DEM,Mary 'MJ' Hegar,348
290,GRN,David B. Collins,7
290,LIB,Kerry Douglas McKennon,29
290,REP,John Cornyn,890
291,,Over Votes,0
291,,Ricardo Turullols-Bonilla,0
291,,Under Votes,22
291,DEM,Mary 'MJ' Hegar,506
291,GRN,David B. Collins,5
291,LIB,Kerry Douglas McKennon,13
291,REP,John Cornyn,327
292,,Over Votes,0
292,,Ricardo Turullols-Bonilla,0
292,,Under Votes,26
292,DEM,Mary 'MJ' Hegar,659
292,GRN,David B. Collins,14
292,LIB,Kerry Douglas McKennon,16
292,REP,John Cornyn,145
293,,Over Votes,0
293,,Ricardo Turullols-Bonilla,0
293,,Under Votes,18
293,DEM,Mary 'MJ' Hegar,879
293,GRN,David B. Collins,4
293,LIB,Kerry Douglas McKennon,20
293,REP,John Cornyn,501
294,,Over Votes,0
294,,Ricardo Turullols-Bonilla,0
294,,Under Votes,38
294,DEM,Mary 'MJ' Hegar,1031
294,GRN,David B. Collins,8
294,LIB,Kerry Douglas McKennon,15
294,REP,John Cornyn,52
295,,Over Votes,0
295,,Ricardo Turullols-Bonilla,0
295,,Under Votes,16
295,DEM,Mary 'MJ' Hegar,392
295,GRN,David B. Collins,7
295,LIB,Kerry Douglas McKennon,11
295,REP,John Cornyn,19
296,,Over Votes,0
296,,Ricardo Turullols-Bonilla,0
296,,Under Votes,41
296,DEM,Mary 'MJ' Hegar,535
296,GRN,David B. Collins,4
296,LIB,Kerry Douglas McKennon,20
296,REP,John Cornyn,568
297,,Over Votes,1
297,,Ricardo Turullols-Bonilla,0
297,,Under Votes,35
297,DEM,Mary 'MJ' Hegar,751
297,GRN,David B. Collins,12
297,LIB,Kerry Douglas McKennon,20
297,REP,John Cornyn,464
298,,Over Votes,1
298,,Ricardo Turullols-Bonilla,0
298,,Under Votes,48
298,DEM,Mary 'MJ' Hegar,818
298,GRN,David B. Collins,16
298,LIB,Kerry Douglas McKennon,47
298,REP,John Cornyn,735
299,,Over Votes,0
299,,Ricardo Turullols-Bonilla,0
299,,Under Votes,44
299,DEM,Mary 'MJ' Hegar,577
299,GRN,David B. Collins,9
299,LIB,Kerry Douglas McKennon,21
299,REP,John Cornyn,315
3,,Over Votes,0
3,,Ricardo Turullols-Bonilla,0
3,,Under Votes,36
3,DEM,Mary 'MJ' Hegar,1045
3,GRN,David B. Collins,9
3,LIB,Kerry Douglas McKennon,33
3,REP,John Cornyn,550
30,,Over Votes,0
30,,Ricardo Turullols-Bonilla,0
30,,Under Votes,44
30,DEM,Mary 'MJ' Hegar,1757
30,GRN,David B. Collins,21
30,LIB,Kerry Douglas McKennon,72
30,REP,John Cornyn,661
300,,Over Votes,0
300,,Ricardo Turullols-Bonilla,0
300,,Under Votes,61
300,DEM,Mary 'MJ' Hegar,1427
300,GRN,David B. Collins,6
300,LIB,Kerry Douglas McKennon,76
300,REP,John Cornyn,3322
301,,Over Votes,3
301,,Ricardo Turullols-Bonilla,0
301,,Under Votes,54
301,DEM,Mary 'MJ' Hegar,680
301,GRN,David B. Collins,10
301,LIB,Kerry Douglas McKennon,21
301,REP,John Cornyn,540
302,,Over Votes,0
302,,Ricardo Turullols-Bonilla,0
302,,Under Votes,62
302,DEM,Mary 'MJ' Hegar,870
302,GRN,David B. Collins,14
302,LIB,Kerry Douglas McKennon,36
302,REP,John Cornyn,1027
303,,Over Votes,0
303,,Ricardo Turullols-Bonilla,0
303,,Under Votes,36
303,DEM,Mary 'MJ' Hegar,842
303,GRN,David B. Collins,7
303,LIB,Kerry Douglas McKennon,26
303,REP,John Cornyn,2126
304,,Over Votes,0
304,,Ricardo Turullols-Bonilla,0
304,,Under Votes,33
304,DEM,Mary 'MJ' Hegar,920
304,GRN,David B. Collins,8
304,LIB,Kerry Douglas McKennon,30
304,REP,John Cornyn,891
305,,Over Votes,2
305,,Ricardo Turullols-Bonilla,0
305,,Under Votes,112
305,DEM,Mary 'MJ' Hegar,2441
305,GRN,David B. Collins,49
305,LIB,Kerry Douglas McKennon,73
305,REP,John Cornyn,1240
306,,Over Votes,0
306,,Ricardo Turullols-Bonilla,0
306,,Under Votes,20
306,DEM,Mary 'MJ' Hegar,594
306,GRN,David B. Collins,4
306,LIB,Kerry Douglas McKennon,12
306,REP,John Cornyn,942
307,,Over Votes,0
307,,Ricardo Turullols-Bonilla,0
307,,Under Votes,38
307,DEM,Mary 'MJ' Hegar,928
307,GRN,David B. Collins,12
307,LIB,Kerry Douglas McKennon,43
307,REP,John Cornyn,1471
308,,Over Votes,1
308,,Ricardo Turullols-Bonilla,0
308,,Under Votes,21
308,DEM,Mary 'MJ' Hegar,624
308,GRN,David B. Collins,6
308,LIB,Kerry Douglas McKennon,13
308,REP,John Cornyn,249
309,,Over Votes,0
309,,Ricardo Turullols-Bonilla,0
309,,Under Votes,36
309,DEM,Mary 'MJ' Hegar,1017
309,GRN,David B. Collins,10
309,LIB,Kerry Douglas McKennon,27
309,REP,John Cornyn,2212
31,,Over Votes,0
31,,Ricardo Turullols-Bonilla,0
31,,Under Votes,42
31,DEM,Mary 'MJ' Hegar,1223
31,GRN,David B. Collins,23
31,LIB,Kerry Douglas McKennon,28
31,REP,John Cornyn,83
310,,Over Votes,0
310,,Ricardo Turullols-Bonilla,0
310,,Under Votes,25
310,DEM,Mary 'MJ' Hegar,522
310,GRN,David B. Collins,8
310,LIB,Kerry Douglas McKennon,22
310,REP,John Cornyn,691
311,,Over Votes,0
311,,Ricardo Turullols-Bonilla,0
311,,Under Votes,86
311,DEM,Mary 'MJ' Hegar,870
311,GRN,David B. Collins,13
311,LIB,Kerry Douglas McKennon,29
311,REP,John Cornyn,849
312,,Over Votes,0
312,,Ricardo Turullols-Bonilla,0
312,,Under Votes,43
312,DEM,Mary 'MJ' Hegar,1336
312,GRN,David B. Collins,26
312,LIB,Kerry Douglas McKennon,43
312,REP,John Cornyn,1185
313,,Over Votes,0
313,,Ricardo Turullols-Bonilla,0
313,,Under Votes,5
313,DEM,Mary 'MJ' Hegar,16
313,GRN,David B. Collins,0
313,LIB,Kerry Douglas McKennon,0
313,REP,John Cornyn,27
314,,Over Votes,1
314,,Ricardo Turullols-Bonilla,0
314,,Under Votes,97
314,DEM,Mary 'MJ' Hegar,2122
314,GRN,David B. Collins,36
314,LIB,Kerry Douglas McKennon,95
314,REP,John Cornyn,2407
315,,Over Votes,0
315,,Ricardo Turullols-Bonilla,0
315,,Under Votes,23
315,DEM,Mary 'MJ' Hegar,621
315,GRN,David B. Collins,8
315,LIB,Kerry Douglas McKennon,15
315,REP,John Cornyn,640
316,,Over Votes,0
316,,Ricardo Turullols-Bonilla,0
316,,Under Votes,14
316,DEM,Mary 'MJ' Hegar,661
316,GRN,David B. Collins,5
316,LIB,Kerry Douglas McKennon,14
316,REP,John Cornyn,559
317,,Over Votes,0
317,,Ricardo Turullols-Bonilla,0
317,,Under Votes,19
317,DEM,Mary 'MJ' Hegar,686
317,GRN,David B. Collins,13
317,LIB,Kerry Douglas McKennon,12
317,REP,John Cornyn,197
318,,Over Votes,1
318,,Ricardo Turullols-Bonilla,0
318,,Under Votes,71
318,DEM,Mary 'MJ' Hegar,2091
318,GRN,David B. Collins,26
318,LIB,Kerry Douglas McKennon,40
318,REP,John Cornyn,223
319,,Over Votes,0
319,,Ricardo Turullols-Bonilla,1
319,,Under Votes,42
319,DEM,Mary 'MJ' Hegar,1132
319,GRN,David B. Collins,25
319,LIB,Kerry Douglas McKennon,17
319,REP,John Cornyn,153
32,,Over Votes,0
32,,Ricardo Turullols-Bonilla,0
32,,Under Votes,28
32,DEM,Mary 'MJ' Hegar,1690
32,GRN,David B. Collins,17
32,LIB,Kerry Douglas McKennon,56
32,REP,John Cornyn,711
320,,Over Votes,1
320,,Ricardo Turullols-Bonilla,0
320,,Under Votes,46
320,DEM,Mary 'MJ' Hegar,480
320,GRN,David B. Collins,11
320,LIB,Kerry Douglas McKennon,12
320,REP,John Cornyn,383
321,,Over Votes,0
321,,Ricardo Turullols-Bonilla,0
321,,Under Votes,73
321,DEM,Mary 'MJ' Hegar,785
321,GRN,David B. Collins,26
321,LIB,Kerry Douglas McKennon,23
321,REP,John Cornyn,443
322,,Over Votes,0
322,,Ricardo Turullols-Bonilla,0
322,,Under Votes,13
322,DEM,Mary 'MJ' Hegar,395
322,GRN,David B. Collins,6
322,LIB,Kerry Douglas McKennon,14
322,REP,John Cornyn,159
323,,Over Votes,0
323,,Ricardo Turullols-Bonilla,0
323,,Under Votes,34
323,DEM,Mary 'MJ' Hegar,752
323,GRN,David B. Collins,10
323,LIB,Kerry Douglas McKennon,27
323,REP,John Cornyn,440
324,,Over Votes,0
324,,Ricardo Turullols-Bonilla,0
324,,Under Votes,36
324,DEM,Mary 'MJ' Hegar,958
324,GRN,David B. Collins,15
324,LIB,Kerry Douglas McKennon,33
324,REP,John Cornyn,1201
325,,Over Votes,0
325,,Ricardo Turullols-Bonilla,0
325,,Under Votes,62
325,DEM,Mary 'MJ' Hegar,895
325,GRN,David B. Collins,9
325,LIB,Kerry Douglas McKennon,26
325,REP,John Cornyn,289
326,,Over Votes,0
326,,Ricardo Turullols-Bonilla,0
326,,Under Votes,40
326,DEM,Mary 'MJ' Hegar,258
326,GRN,David B. Collins,7
326,LIB,Kerry Douglas McKennon,9
326,REP,John Cornyn,179
327,,Over Votes,1
327,,Ricardo Turullols-Bonilla,0
327,,Under Votes,50
327,DEM,Mary 'MJ' Hegar,818
327,GRN,David B. Collins,11
327,LIB,Kerry Douglas McKennon,12
327,REP,John Cornyn,69
328,,Over Votes,0
328,,Ricardo Turullols-Bonilla,0
328,,Under Votes,28
328,DEM,Mary 'MJ' Hegar,496
328,GRN,David B. Collins,7
328,LIB,Kerry Douglas McKennon,19
328,REP,John Cornyn,288
329,,Over Votes,0
329,,Ricardo Turullols-Bonilla,0
329,,Under Votes,39
329,DEM,Mary 'MJ' Hegar,617
329,GRN,David B. Collins,13
329,LIB,Kerry Douglas McKennon,22
329,REP,John Cornyn,340
33,,Over Votes,0
33,,Ricardo Turullols-Bonilla,0
33,,Under Votes,33
33,DEM,Mary 'MJ' Hegar,2284
33,GRN,David B. Collins,24
33,LIB,Kerry Douglas McKennon,71
33,REP,John Cornyn,994
330,,Over Votes,1
330,,Ricardo Turullols-Bonilla,0
330,,Under Votes,61
330,DEM,Mary 'MJ' Hegar,1011
330,GRN,David B. Collins,17
330,LIB,Kerry Douglas McKennon,42
330,REP,John Cornyn,740
331,,Over Votes,0
331,,Ricardo Turullols-Bonilla,0
331,,Under Votes,108
331,DEM,Mary 'MJ' Hegar,2122
331,GRN,David B. Collins,24
331,LIB,Kerry Douglas McKennon,91
331,REP,John Cornyn,2157
332,,Over Votes,1
332,,Ricardo Turullols-Bonilla,0
332,,Under Votes,90
332,DEM,Mary 'MJ' Hegar,1912
332,GRN,David B. Collins,38
332,LIB,Kerry Douglas McKennon,36
332,REP,John Cornyn,415
333,,Over Votes,0
333,,Ricardo Turullols-Bonilla,0
333,,Under Votes,43
333,DEM,Mary 'MJ' Hegar,911
333,GRN,David B. Collins,14
333,LIB,Kerry Douglas McKennon,72
333,REP,John Cornyn,1827
334,,Over Votes,0
334,,Ricardo Turullols-Bonilla,0
334,,Under Votes,16
334,DEM,Mary 'MJ' Hegar,393
334,GRN,David B. Collins,5
334,LIB,Kerry Douglas McKennon,9
334,REP,John Cornyn,102
335,,Over Votes,0
335,,Ricardo Turullols-Bonilla,0
335,,Under Votes,51
335,DEM,Mary 'MJ' Hegar,599
335,GRN,David B. Collins,7
335,LIB,Kerry Douglas McKennon,15
335,REP,John Cornyn,254
336,,Over Votes,2
336,,Ricardo Turullols-Bonilla,0
336,,Under Votes,90
336,DEM,Mary 'MJ' Hegar,3775
336,GRN,David B. Collins,38
336,LIB,Kerry Douglas McKennon,85
336,REP,John Cornyn,552
337,,Over Votes,0
337,,Ricardo Turullols-Bonilla,0
337,,Under Votes,24
337,DEM,Mary 'MJ' Hegar,501
337,GRN,David B. Collins,8
337,LIB,Kerry Douglas McKennon,15
337,REP,John Cornyn,117
338,,Over Votes,0
338,,Ricardo Turullols-Bonilla,0
338,,Under Votes,141
338,DEM,Mary 'MJ' Hegar,1661
338,GRN,David B. Collins,24
338,LIB,Kerry Douglas McKennon,38
338,REP,John Cornyn,1128
339,,Over Votes,0
339,,Ricardo Turullols-Bonilla,0
339,,Under Votes,70
339,DEM,Mary 'MJ' Hegar,837
339,GRN,David B. Collins,12
339,LIB,Kerry Douglas McKennon,36
339,REP,John Cornyn,281
34,,Over Votes,0
34,,Ricardo Turullols-Bonilla,0
34,,Under Votes,17
34,DEM,Mary 'MJ' Hegar,1881
34,GRN,David B. Collins,17
34,LIB,Kerry Douglas McKennon,47
34,REP,John Cornyn,466
340,,Over Votes,0
340,,Ricardo Turullols-Bonilla,0
340,,Under Votes,60
340,DEM,Mary 'MJ' Hegar,928
340,GRN,David B. Collins,24
340,LIB,Kerry Douglas McKennon,78
340,REP,John Cornyn,1986
341,,Over Votes,0
341,,Ricardo Turullols-Bonilla,0
341,,Under Votes,43
341,DEM,Mary 'MJ' Hegar,492
341,GRN,David B. Collins,8
341,LIB,Kerry Douglas McKennon,20
341,REP,John Cornyn,211
342,,Over Votes,0
342,,Ricardo Turullols-Bonilla,0
342,,Under Votes,11
342,DEM,Mary 'MJ' Hegar,420
342,GRN,David B. Collins,9
342,LIB,Kerry Douglas McKennon,12
342,REP,John Cornyn,145
343,,Over Votes,0
343,,Ricardo Turullols-Bonilla,0
343,,Under Votes,67
343,DEM,Mary 'MJ' Hegar,871
343,GRN,David B. Collins,23
343,LIB,Kerry Douglas McKennon,27
343,REP,John Cornyn,338
344,,Over Votes,1
344,,Ricardo Turullols-Bonilla,0
344,,Under Votes,32
344,DEM,Mary 'MJ' Hegar,545
344,GRN,David B. Collins,9
344,LIB,Kerry Douglas McKennon,8
344,REP,John Cornyn,54
345,,Over Votes,0
345,,Ricardo Turullols-Bonilla,0
345,,Under Votes,37
345,DEM,Mary 'MJ' Hegar,872
345,GRN,David B. Collins,21
345,LIB,Kerry Douglas McKennon,20
345,REP,John Cornyn,267
346,,Over Votes,0
346,,Ricardo Turullols-Bonilla,0
346,,Under Votes,0
346,DEM,Mary 'MJ' Hegar,0
346,GRN,David B. Collins,0
346,LIB,Kerry Douglas McKennon,0
346,REP,John Cornyn,1
347,,Over Votes,3
347,,Ricardo Turullols-Bonilla,0
347,,Under Votes,74
347,DEM,Mary 'MJ' Hegar,1046
347,GRN,David B. Collins,21
347,LIB,Kerry Douglas McKennon,47
347,REP,John Cornyn,1350
348,,Over Votes,0
348,,Ricardo Turullols-Bonilla,0
348,,Under Votes,31
348,DEM,Mary 'MJ' Hegar,430
348,GRN,David B. Collins,6
348,LIB,Kerry Douglas McKennon,27
348,REP,John Cornyn,740
349,,Over Votes,0
349,,Ricardo Turullols-Bonilla,0
349,,Under Votes,25
349,DEM,Mary 'MJ' Hegar,388
349,GRN,David B. Collins,11
349,LIB,Kerry Douglas McKennon,28
349,REP,John Cornyn,518
35,,Over Votes,0
35,,Ricardo Turullols-Bonilla,0
35,,Under Votes,1
35,DEM,Mary 'MJ' Hegar,4
35,GRN,David B. Collins,0
35,LIB,Kerry Douglas McKennon,0
35,REP,John Cornyn,2
350,,Over Votes,0
350,,Ricardo Turullols-Bonilla,0
350,,Under Votes,44
350,DEM,Mary 'MJ' Hegar,1733
350,GRN,David B. Collins,13
350,LIB,Kerry Douglas McKennon,35
350,REP,John Cornyn,698
351,,Over Votes,0
351,,Ricardo Turullols-Bonilla,0
351,,Under Votes,60
351,DEM,Mary 'MJ' Hegar,1092
351,GRN,David B. Collins,15
351,LIB,Kerry Douglas McKennon,62
351,REP,John Cornyn,2777
352,,Over Votes,0
352,,Ricardo Turullols-Bonilla,0
352,,Under Votes,99
352,DEM,Mary 'MJ' Hegar,906
352,GRN,David B. Collins,24
352,LIB,Kerry Douglas McKennon,73
352,REP,John Cornyn,2238
353,,Over Votes,0
353,,Ricardo Turullols-Bonilla,0
353,,Under Votes,98
353,DEM,Mary 'MJ' Hegar,2009
353,GRN,David B. Collins,36
353,LIB,Kerry Douglas McKennon,61
353,REP,John Cornyn,616
354,,Over Votes,1
354,,Ricardo Turullols-Bonilla,0
354,,Under Votes,70
354,DEM,Mary 'MJ' Hegar,1572
354,GRN,David B. Collins,22
354,LIB,Kerry Douglas McKennon,45
354,REP,John Cornyn,615
355,,Over Votes,1
355,,Ricardo Turullols-Bonilla,0
355,,Under Votes,19
355,DEM,Mary 'MJ' Hegar,1117
355,GRN,David B. Collins,13
355,LIB,Kerry Douglas McKennon,19
355,REP,John Cornyn,146
356,,Over Votes,0
356,,Ricardo Turullols-Bonilla,0
356,,Under Votes,44
356,DEM,Mary 'MJ' Hegar,1244
356,GRN,David B. Collins,31
356,LIB,Kerry Douglas McKennon,67
356,REP,John Cornyn,1183
357,,Over Votes,0
357,,Ricardo Turullols-Bonilla,0
357,,Under Votes,56
357,DEM,Mary 'MJ' Hegar,851
357,GRN,David B. Collins,19
357,LIB,Kerry Douglas McKennon,38
357,REP,John Cornyn,1854
358,,Over Votes,1
358,,Ricardo Turullols-Bonilla,0
358,,Under Votes,47
358,DEM,Mary 'MJ' Hegar,1152
358,GRN,David B. Collins,14
358,LIB,Kerry Douglas McKennon,21
358,REP,John Cornyn,217
359,,Over Votes,0
359,,Ricardo Turullols-Bonilla,0
359,,Under Votes,47
359,DEM,Mary 'MJ' Hegar,1199
359,GRN,David B. Collins,17
359,LIB,Kerry Douglas McKennon,22
359,REP,John Cornyn,254
36,,Over Votes,0
36,,Ricardo Turullols-Bonilla,0
36,,Under Votes,70
36,DEM,Mary 'MJ' Hegar,1076
36,GRN,David B. Collins,16
36,LIB,Kerry Douglas McKennon,24
36,REP,John Cornyn,548
360,,Over Votes,0
360,,Ricardo Turullols-Bonilla,0
360,,Under Votes,44
360,DEM,Mary 'MJ' Hegar,1737
360,GRN,David B. Collins,15
360,LIB,Kerry Douglas McKennon,41
360,REP,John Cornyn,1169
361,,Over Votes,0
361,,Ricardo Turullols-Bonilla,0
361,,Under Votes,22
361,DEM,Mary 'MJ' Hegar,1014
361,GRN,David B. Collins,7
361,LIB,Kerry Douglas McKennon,12
361,REP,John Cornyn,126
362,,Over Votes,0
362,,Ricardo Turullols-Bonilla,0
362,,Under Votes,58
362,DEM,Mary 'MJ' Hegar,1381
362,GRN,David B. Collins,24
362,LIB,Kerry Douglas McKennon,73
362,REP,John Cornyn,2470
363,,Over Votes,0
363,,Ricardo Turullols-Bonilla,0
363,,Under Votes,81
363,DEM,Mary 'MJ' Hegar,2322
363,GRN,David B. Collins,32
363,LIB,Kerry Douglas McKennon,78
363,REP,John Cornyn,1153
364,,Over Votes,0
364,,Ricardo Turullols-Bonilla,0
364,,Under Votes,67
364,DEM,Mary 'MJ' Hegar,1053
364,GRN,David B. Collins,20
364,LIB,Kerry Douglas McKennon,46
364,REP,John Cornyn,823
365,,Over Votes,0
365,,Ricardo Turullols-Bonilla,0
365,,Under Votes,18
365,DEM,Mary 'MJ' Hegar,864
365,GRN,David B. Collins,10
365,LIB,Kerry Douglas McKennon,9
365,REP,John Cornyn,152
366,,Over Votes,0
366,,Ricardo Turullols-Bonilla,0
366,,Under Votes,91
366,DEM,Mary 'MJ' Hegar,1571
366,GRN,David B. Collins,28
366,LIB,Kerry Douglas McKennon,44
366,REP,John Cornyn,688
367,,Over Votes,0
367,,Ricardo Turullols-Bonilla,0
367,,Under Votes,32
367,DEM,Mary 'MJ' Hegar,648
367,GRN,David B. Collins,12
367,LIB,Kerry Douglas McKennon,20
367,REP,John Cornyn,234
368,,Over Votes,0
368,,Ricardo Turullols-Bonilla,0
368,,Under Votes,19
368,DEM,Mary 'MJ' Hegar,439
368,GRN,David B. Collins,5
368,LIB,Kerry Douglas McKennon,9
368,REP,John Cornyn,201
369,,Over Votes,0
369,,Ricardo Turullols-Bonilla,0
369,,Under Votes,7
369,DEM,Mary 'MJ' Hegar,244
369,GRN,David B. Collins,3
369,LIB,Kerry Douglas McKennon,5
369,REP,John Cornyn,55
37,,Over Votes,0
37,,Ricardo Turullols-Bonilla,0
37,,Under Votes,29
37,DEM,Mary 'MJ' Hegar,1524
37,GRN,David B. Collins,17
37,LIB,Kerry Douglas McKennon,45
37,REP,John Cornyn,605
370,,Over Votes,0
370,,Ricardo Turullols-Bonilla,0
370,,Under Votes,62
370,DEM,Mary 'MJ' Hegar,1294
370,GRN,David B. Collins,17
370,LIB,Kerry Douglas McKennon,82
370,REP,John Cornyn,2515
371,,Over Votes,1
371,,Ricardo Turullols-Bonilla,0
371,,Under Votes,12
371,DEM,Mary 'MJ' Hegar,245
371,GRN,David B. Collins,4
371,LIB,Kerry Douglas McKennon,1
371,REP,John Cornyn,18
372,,Over Votes,0
372,,Ricardo Turullols-Bonilla,0
372,,Under Votes,18
372,DEM,Mary 'MJ' Hegar,635
372,GRN,David B. Collins,7
372,LIB,Kerry Douglas McKennon,17
372,REP,John Cornyn,126
373,,Over Votes,1
373,,Ricardo Turullols-Bonilla,0
373,,Under Votes,2
373,DEM,Mary 'MJ' Hegar,61
373,GRN,David B. Collins,2
373,LIB,Kerry Douglas McKennon,4
373,REP,John Cornyn,6
374,,Over Votes,0
374,,Ricardo Turullols-Bonilla,0
374,,Under Votes,21
374,DEM,Mary 'MJ' Hegar,226
374,GRN,David B. Collins,4
374,LIB,Kerry Douglas McKennon,8
374,REP,John Cornyn,138
375,,Over Votes,0
375,,Ricardo Turullols-Bonilla,0
375,,Under Votes,76
375,DEM,Mary 'MJ' Hegar,759
375,GRN,David B. Collins,20
375,LIB,Kerry Douglas McKennon,29
375,REP,John Cornyn,553
376,,Over Votes,1
376,,Ricardo Turullols-Bonilla,0
376,,Under Votes,66
376,DEM,Mary 'MJ' Hegar,781
376,GRN,David B. Collins,12
376,LIB,Kerry Douglas McKennon,21
376,REP,John Cornyn,528
377,,Over Votes,0
377,,Ricardo Turullols-Bonilla,0
377,,Under Votes,56
377,DEM,Mary 'MJ' Hegar,590
377,GRN,David B. Collins,15
377,LIB,Kerry Douglas McKennon,47
377,REP,John Cornyn,1681
378,,Over Votes,0
378,,Ricardo Turullols-Bonilla,0
378,,Under Votes,44
378,DEM,Mary 'MJ' Hegar,489
378,GRN,David B. Collins,18
378,LIB,Kerry Douglas McKennon,48
378,REP,John Cornyn,710
379,,Over Votes,0
379,,Ricardo Turullols-Bonilla,0
379,,Under Votes,44
379,DEM,Mary 'MJ' Hegar,1028
379,GRN,David B. Collins,13
379,LIB,Kerry Douglas McKennon,18
379,REP,John Cornyn,165
38,,Over Votes,0
38,,Ricardo Turullols-Bonilla,0
38,,Under Votes,27
38,DEM,Mary 'MJ' Hegar,1819
38,GRN,David B. Collins,12
38,LIB,Kerry Douglas McKennon,37
38,REP,John Cornyn,744
380,,Over Votes,0
380,,Ricardo Turullols-Bonilla,0
380,,Under Votes,57
380,DEM,Mary 'MJ' Hegar,2343
380,GRN,David B. Collins,23
380,LIB,Kerry Douglas McKennon,85
380,REP,John Cornyn,1925
381,,Over Votes,0
381,,Ricardo Turullols-Bonilla,1
381,,Under Votes,86
381,DEM,Mary 'MJ' Hegar,1403
381,GRN,David B. Collins,31
381,LIB,Kerry Douglas McKennon,47
381,REP,John Cornyn,979
382,,Over Votes,0
382,,Ricardo Turullols-Bonilla,0
382,,Under Votes,25
382,DEM,Mary 'MJ' Hegar,318
382,GRN,David B. Collins,5
382,LIB,Kerry Douglas McKennon,16
382,REP,John Cornyn,483
383,,Over Votes,1
383,,Ricardo Turullols-Bonilla,0
383,,Under Votes,49
383,DEM,Mary 'MJ' Hegar,868
383,GRN,David B. Collins,23
383,LIB,Kerry Douglas McKennon,37
383,REP,John Cornyn,502
384,,Over Votes,0
384,,Ricardo Turullols-Bonilla,0
384,,Under Votes,42
384,DEM,Mary 'MJ' Hegar,1286
384,GRN,David B. Collins,15
384,LIB,Kerry Douglas McKennon,22
384,REP,John Cornyn,516
385,,Over Votes,0
385,,Ricardo Turullols-Bonilla,0
385,,Under Votes,25
385,DEM,Mary 'MJ' Hegar,523
385,GRN,David B. Collins,5
385,LIB,Kerry Douglas McKennon,12
385,REP,John Cornyn,1265
386,,Over Votes,0
386,,Ricardo Turullols-Bonilla,1
386,,Under Votes,53
386,DEM,Mary 'MJ' Hegar,707
386,GRN,David B. Collins,19
386,LIB,Kerry Douglas McKennon,31
386,REP,John Cornyn,1617
387,,Over Votes,0
387,,Ricardo Turullols-Bonilla,0
387,,Under Votes,99
387,DEM,Mary 'MJ' Hegar,951
387,GRN,David B. Collins,26
387,LIB,Kerry Douglas McKennon,55
387,REP,John Cornyn,2024
388,,Over Votes,0
388,,Ricardo Turullols-Bonilla,0
388,,Under Votes,92
388,DEM,Mary 'MJ' Hegar,2566
388,GRN,David B. Collins,24
388,LIB,Kerry Douglas McKennon,102
388,REP,John Cornyn,2006
389,,Over Votes,0
389,,Ricardo Turullols-Bonilla,0
389,,Under Votes,16
389,DEM,Mary 'MJ' Hegar,528
389,GRN,David B. Collins,8
389,LIB,Kerry Douglas McKennon,15
389,REP,John Cornyn,58
39,,Over Votes,0
39,,Ricardo Turullols-Bonilla,0
39,,Under Votes,26
39,DEM,Mary 'MJ' Hegar,2050
39,GRN,David B. Collins,17
39,LIB,Kerry Douglas McKennon,45
39,REP,John Cornyn,610
390,,Over Votes,0
390,,Ricardo Turullols-Bonilla,0
390,,Under Votes,14
390,DEM,Mary 'MJ' Hegar,936
390,GRN,David B. Collins,6
390,LIB,Kerry Douglas McKennon,21
390,REP,John Cornyn,145
391,,Over Votes,0
391,,Ricardo Turullols-Bonilla,0
391,,Under Votes,22
391,DEM,Mary 'MJ' Hegar,694
391,GRN,David B. Collins,8
391,LIB,Kerry Douglas McKennon,29
391,REP,John Cornyn,805
392,,Over Votes,0
392,,Ricardo Turullols-Bonilla,0
392,,Under Votes,25
392,DEM,Mary 'MJ' Hegar,734
392,GRN,David B. Collins,9
392,LIB,Kerry Douglas McKennon,12
392,REP,John Cornyn,36
393,,Over Votes,1
393,,Ricardo Turullols-Bonilla,0
393,,Under Votes,26
393,DEM,Mary 'MJ' Hegar,482
393,GRN,David B. Collins,11
393,LIB,Kerry Douglas McKennon,35
393,REP,John Cornyn,380
394,,Over Votes,0
394,,Ricardo Turullols-Bonilla,0
394,,Under Votes,26
394,DEM,Mary 'MJ' Hegar,241
394,GRN,David B. Collins,2
394,LIB,Kerry Douglas McKennon,13
394,REP,John Cornyn,185
395,,Over Votes,0
395,,Ricardo Turullols-Bonilla,0
395,,Under Votes,23
395,DEM,Mary 'MJ' Hegar,519
395,GRN,David B. Collins,6
395,LIB,Kerry Douglas McKennon,32
395,REP,John Cornyn,891
396,,Over Votes,0
396,,Ricardo Turullols-Bonilla,0
396,,Under Votes,49
396,DEM,Mary 'MJ' Hegar,1162
396,GRN,David B. Collins,10
396,LIB,Kerry Douglas McKennon,21
396,REP,John Cornyn,81
397,,Over Votes,0
397,,Ricardo Turullols-Bonilla,0
397,,Under Votes,16
397,DEM,Mary 'MJ' Hegar,254
397,GRN,David B. Collins,5
397,LIB,Kerry Douglas McKennon,4
397,REP,John Cornyn,154
398,,Over Votes,0
398,,Ricardo Turullols-Bonilla,0
398,,Under Votes,61
398,DEM,Mary 'MJ' Hegar,1497
398,GRN,David B. Collins,11
398,LIB,Kerry Douglas McKennon,41
398,REP,John Cornyn,1224
399,,Over Votes,0
399,,Ricardo Turullols-Bonilla,0
399,,Under Votes,58
399,DEM,Mary 'MJ' Hegar,1418
399,GRN,David B. Collins,25
399,LIB,Kerry Douglas McKennon,35
399,REP,John Cornyn,667
4,,Over Votes,0
4,,Ricardo Turullols-Bonilla,0
4,,Under Votes,26
4,DEM,Mary 'MJ' Hegar,1094
4,GRN,David B. Collins,4
4,LIB,Kerry Douglas McKennon,27
4,REP,John Cornyn,546
40,,Over Votes,1
40,,Ricardo Turullols-Bonilla,0
40,,Under Votes,8
40,DEM,Mary 'MJ' Hegar,268
40,GRN,David B. Collins,0
40,LIB,Kerry Douglas McKennon,5
40,REP,John Cornyn,174
400,,Over Votes,0
400,,Ricardo Turullols-Bonilla,0
400,,Under Votes,43
400,DEM,Mary 'MJ' Hegar,1024
400,GRN,David B. Collins,18
400,LIB,Kerry Douglas McKennon,48
400,REP,John Cornyn,1265
401,,Over Votes,0
401,,Ricardo Turullols-Bonilla,0
401,,Under Votes,50
401,DEM,Mary 'MJ' Hegar,891
401,GRN,David B. Collins,15
401,LIB,Kerry Douglas McKennon,20
401,REP,John Cornyn,92
402,,Over Votes,0
402,,Ricardo Turullols-Bonilla,0
402,,Under Votes,38
402,DEM,Mary 'MJ' Hegar,1157
402,GRN,David B. Collins,17
402,LIB,Kerry Douglas McKennon,17
402,REP,John Cornyn,111
403,,Over Votes,0
403,,Ricardo Turullols-Bonilla,0
403,,Under Votes,28
403,DEM,Mary 'MJ' Hegar,775
403,GRN,David B. Collins,9
403,LIB,Kerry Douglas McKennon,19
403,REP,John Cornyn,670
404,,Over Votes,1
404,,Ricardo Turullols-Bonilla,1
404,,Under Votes,67
404,DEM,Mary 'MJ' Hegar,777
404,GRN,David B. Collins,15
404,LIB,Kerry Douglas McKennon,26
404,REP,John Cornyn,793
405,,Over Votes,0
405,,Ricardo Turullols-Bonilla,0
405,,Under Votes,49
405,DEM,Mary 'MJ' Hegar,871
405,GRN,David B. Collins,11
405,LIB,Kerry Douglas McKennon,50
405,REP,John Cornyn,2285
406,,Over Votes,1
406,,Ricardo Turullols-Bonilla,0
406,,Under Votes,16
406,DEM,Mary 'MJ' Hegar,269
406,GRN,David B. Collins,2
406,LIB,Kerry Douglas McKennon,6
406,REP,John Cornyn,9
407,,Over Votes,0
407,,Ricardo Turullols-Bonilla,0
407,,Under Votes,92
407,DEM,Mary 'MJ' Hegar,1342
407,GRN,David B. Collins,16
407,LIB,Kerry Douglas McKennon,56
407,REP,John Cornyn,1583
408,,Over Votes,0
408,,Ricardo Turullols-Bonilla,0
408,,Under Votes,47
408,DEM,Mary 'MJ' Hegar,503
408,GRN,David B. Collins,14
408,LIB,Kerry Douglas McKennon,18
408,REP,John Cornyn,327
409,,Over Votes,0
409,,Ricardo Turullols-Bonilla,0
409,,Under Votes,55
409,DEM,Mary 'MJ' Hegar,539
409,GRN,David B. Collins,13
409,LIB,Kerry Douglas McKennon,18
409,REP,John Cornyn,294
41,,Over Votes,0
41,,Ricardo Turullols-Bonilla,0
41,,Under Votes,21
41,DEM,Mary 'MJ' Hegar,665
41,GRN,David B. Collins,8
41,LIB,Kerry Douglas McKennon,29
41,REP,John Cornyn,434
410,,Over Votes,0
410,,Ricardo Turullols-Bonilla,0
410,,Under Votes,23
410,DEM,Mary 'MJ' Hegar,400
410,GRN,David B. Collins,7
410,LIB,Kerry Douglas McKennon,11
410,REP,John Cornyn,128
411,,Over Votes,0
411,,Ricardo Turullols-Bonilla,0
411,,Under Votes,74
411,DEM,Mary 'MJ' Hegar,736
411,GRN,David B. Collins,12
411,LIB,Kerry Douglas McKennon,23
411,REP,John Cornyn,412
412,,Over Votes,0
412,,Ricardo Turullols-Bonilla,0
412,,Under Votes,17
412,DEM,Mary 'MJ' Hegar,200
412,GRN,David B. Collins,4
412,LIB,Kerry Douglas McKennon,4
412,REP,John Cornyn,18
413,,Over Votes,0
413,,Ricardo Turullols-Bonilla,0
413,,Under Votes,60
413,DEM,Mary 'MJ' Hegar,1302
413,GRN,David B. Collins,24
413,LIB,Kerry Douglas McKennon,33
413,REP,John Cornyn,832
414,,Over Votes,0
414,,Ricardo Turullols-Bonilla,0
414,,Under Votes,55
414,DEM,Mary 'MJ' Hegar,668
414,GRN,David B. Collins,17
414,LIB,Kerry Douglas McKennon,38
414,REP,John Cornyn,1599
415,,Over Votes,0
415,,Ricardo Turullols-Bonilla,0
415,,Under Votes,28
415,DEM,Mary 'MJ' Hegar,620
415,GRN,David B. Collins,10
415,LIB,Kerry Douglas McKennon,29
415,REP,John Cornyn,1163
416,,Over Votes,0
416,,Ricardo Turullols-Bonilla,0
416,,Under Votes,80
416,DEM,Mary 'MJ' Hegar,1544
416,GRN,David B. Collins,33
416,LIB,Kerry Douglas McKennon,83
416,REP,John Cornyn,1217
417,,Over Votes,0
417,,Ricardo Turullols-Bonilla,0
417,,Under Votes,43
417,DEM,Mary 'MJ' Hegar,921
417,GRN,David B. Collins,16
417,LIB,Kerry Douglas McKennon,37
417,REP,John Cornyn,713
418,,Over Votes,1
418,,Ricardo Turullols-Bonilla,0
418,,Under Votes,86
418,DEM,Mary 'MJ' Hegar,1384
418,GRN,David B. Collins,31
418,LIB,Kerry Douglas McKennon,40
418,REP,John Cornyn,840
419,,Over Votes,0
419,,Ricardo Turullols-Bonilla,0
419,,Under Votes,52
419,DEM,Mary 'MJ' Hegar,779
419,GRN,David B. Collins,16
419,LIB,Kerry Douglas McKennon,35
419,REP,John Cornyn,978
42,,Over Votes,0
42,,Ricardo Turullols-Bonilla,0
42,,Under Votes,25
42,DEM,Mary 'MJ' Hegar,407
42,GRN,David B. Collins,4
42,LIB,Kerry Douglas McKennon,10
42,REP,John Cornyn,29
420,,Over Votes,0
420,,Ricardo Turullols-Bonilla,0
420,,Under Votes,69
420,DEM,Mary 'MJ' Hegar,709
420,GRN,David B. Collins,14
420,LIB,Kerry Douglas McKennon,62
420,REP,John Cornyn,3041
421,,Over Votes,0
421,,Ricardo Turullols-Bonilla,0
421,,Under Votes,27
421,DEM,Mary 'MJ' Hegar,936
421,GRN,David B. Collins,14
421,LIB,Kerry Douglas McKennon,26
421,REP,John Cornyn,717
422,,Over Votes,1
422,,Ricardo Turullols-Bonilla,0
422,,Under Votes,53
422,DEM,Mary 'MJ' Hegar,1844
422,GRN,David B. Collins,35
422,LIB,Kerry Douglas McKennon,32
422,REP,John Cornyn,131
423,,Over Votes,0
423,,Ricardo Turullols-Bonilla,0
423,,Under Votes,41
423,DEM,Mary 'MJ' Hegar,461
423,GRN,David B. Collins,12
423,LIB,Kerry Douglas McKennon,14
423,REP,John Cornyn,195
424,,Over Votes,1
424,,Ricardo Turullols-Bonilla,0
424,,Under Votes,35
424,DEM,Mary 'MJ' Hegar,465
424,GRN,David B. Collins,10
424,LIB,Kerry Douglas McKennon,15
424,REP,John Cornyn,487
425,,Over Votes,0
425,,Ricardo Turullols-Bonilla,0
425,,Under Votes,18
425,DEM,Mary 'MJ' Hegar,273
425,GRN,David B. Collins,5
425,LIB,Kerry Douglas McKennon,7
425,REP,John Cornyn,112
426,,Over Votes,0
426,,Ricardo Turullols-Bonilla,0
426,,Under Votes,31
426,DEM,Mary 'MJ' Hegar,395
426,GRN,David B. Collins,8
426,LIB,Kerry Douglas McKennon,8
426,REP,John Cornyn,404
427,,Over Votes,0
427,,Ricardo Turullols-Bonilla,0
427,,Under Votes,33
427,DEM,Mary 'MJ' Hegar,388
427,GRN,David B. Collins,5
427,LIB,Kerry Douglas McKennon,10
427,REP,John Cornyn,287
428,,Over Votes,2
428,,Ricardo Turullols-Bonilla,0
428,,Under Votes,201
428,DEM,Mary 'MJ' Hegar,1914
428,GRN,David B. Collins,21
428,LIB,Kerry Douglas McKennon,35
428,REP,John Cornyn,1358
429,,Over Votes,3
429,,Ricardo Turullols-Bonilla,0
429,,Under Votes,81
429,DEM,Mary 'MJ' Hegar,1115
429,GRN,David B. Collins,17
429,LIB,Kerry Douglas McKennon,30
429,REP,John Cornyn,484
43,,Over Votes,0
43,,Ricardo Turullols-Bonilla,0
43,,Under Votes,48
43,DEM,Mary 'MJ' Hegar,734
43,GRN,David B. Collins,10
43,LIB,Kerry Douglas McKennon,18
43,REP,John Cornyn,529
430,,Over Votes,1
430,,Ricardo Turullols-Bonilla,0
430,,Under Votes,64
430,DEM,Mary 'MJ' Hegar,715
430,GRN,David B. Collins,22
430,LIB,Kerry Douglas McKennon,11
430,REP,John Cornyn,242
431,,Over Votes,0
431,,Ricardo Turullols-Bonilla,0
431,,Under Votes,129
431,DEM,Mary 'MJ' Hegar,1548
431,GRN,David B. Collins,31
431,LIB,Kerry Douglas McKennon,45
431,REP,John Cornyn,546
432,,Over Votes,0
432,,Ricardo Turullols-Bonilla,0
432,,Under Votes,17
432,DEM,Mary 'MJ' Hegar,577
432,GRN,David B. Collins,6
432,LIB,Kerry Douglas McKennon,20
432,REP,John Cornyn,243
433,,Over Votes,0
433,,Ricardo Turullols-Bonilla,0
433,,Under Votes,14
433,DEM,Mary 'MJ' Hegar,225
433,GRN,David B. Collins,5
433,LIB,Kerry Douglas McKennon,9
433,REP,John Cornyn,72
434,,Over Votes,0
434,,Ricardo Turullols-Bonilla,0
434,,Under Votes,22
434,DEM,Mary 'MJ' Hegar,631
434,GRN,David B. Collins,6
434,LIB,Kerry Douglas McKennon,20
434,REP,John Cornyn,645
435,,Over Votes,0
435,,Ricardo Turullols-Bonilla,0
435,,Under Votes,42
435,DEM,Mary 'MJ' Hegar,1213
435,GRN,David B. Collins,17
435,LIB,Kerry Douglas McKennon,49
435,REP,John Cornyn,1527
436,,Over Votes,0
436,,Ricardo Turullols-Bonilla,0
436,,Under Votes,49
436,DEM,Mary 'MJ' Hegar,1621
436,GRN,David B. Collins,20
436,LIB,Kerry Douglas McKennon,47
436,REP,John Cornyn,1517
437,,Over Votes,0
437,,Ricardo Turullols-Bonilla,0
437,,Under Votes,25
437,DEM,Mary 'MJ' Hegar,755
437,GRN,David B. Collins,7
437,LIB,Kerry Douglas McKennon,23
437,REP,John Cornyn,1084
438,,Over Votes,0
438,,Ricardo Turullols-Bonilla,0
438,,Under Votes,47
438,DEM,Mary 'MJ' Hegar,1086
438,GRN,David B. Collins,7
438,LIB,Kerry Douglas McKennon,42
438,REP,John Cornyn,1920
439,,Over Votes,0
439,,Ricardo Turullols-Bonilla,0
439,,Under Votes,57
439,DEM,Mary 'MJ' Hegar,1262
439,GRN,David B. Collins,15
439,LIB,Kerry Douglas McKennon,43
439,REP,John Cornyn,1937
44,,Over Votes,0
44,,Ricardo Turullols-Bonilla,0
44,,Under Votes,43
44,DEM,Mary 'MJ' Hegar,851
44,GRN,David B. Collins,16
44,LIB,Kerry Douglas McKennon,20
44,REP,John Cornyn,299
440,,Over Votes,0
440,,Ricardo Turullols-Bonilla,0
440,,Under Votes,35
440,DEM,Mary 'MJ' Hegar,716
440,GRN,David B. Collins,2
440,LIB,Kerry Douglas McKennon,27
440,REP,John Cornyn,1802
441,,Over Votes,0
441,,Ricardo Turullols-Bonilla,0
441,,Under Votes,19
441,DEM,Mary 'MJ' Hegar,419
441,GRN,David B. Collins,3
441,LIB,Kerry Douglas McKennon,8
441,REP,John Cornyn,903
442,,Over Votes,0
442,,Ricardo Turullols-Bonilla,0
442,,Under Votes,47
442,DEM,Mary 'MJ' Hegar,880
442,GRN,David B. Collins,9
442,LIB,Kerry Douglas McKennon,79
442,REP,John Cornyn,2585
443,,Over Votes,0
443,,Ricardo Turullols-Bonilla,0
443,,Under Votes,8
443,DEM,Mary 'MJ' Hegar,183
443,GRN,David B. Collins,0
443,LIB,Kerry Douglas McKennon,4
443,REP,John Cornyn,377
444,,Over Votes,1
444,,Ricardo Turullols-Bonilla,0
444,,Under Votes,62
444,DEM,Mary 'MJ' Hegar,1290
444,GRN,David B. Collins,21
444,LIB,Kerry Douglas McKennon,58
444,REP,John Cornyn,1368
445,,Over Votes,0
445,,Ricardo Turullols-Bonilla,0
445,,Under Votes,40
445,DEM,Mary 'MJ' Hegar,678
445,GRN,David B. Collins,12
445,LIB,Kerry Douglas McKennon,35
445,REP,John Cornyn,853
446,,Over Votes,0
446,,Ricardo Turullols-Bonilla,0
446,,Under Votes,13
446,DEM,Mary 'MJ' Hegar,83
446,GRN,David B. Collins,3
446,LIB,Kerry Douglas McKennon,4
446,REP,John Cornyn,53
447,,Over Votes,0
447,,Ricardo Turullols-Bonilla,0
447,,Under Votes,63
447,DEM,Mary 'MJ' Hegar,2071
447,GRN,David B. Collins,21
447,LIB,Kerry Douglas McKennon,89
447,REP,John Cornyn,2626
448,,Over Votes,0
448,,Ricardo Turullols-Bonilla,0
448,,Under Votes,52
448,DEM,Mary 'MJ' Hegar,1284
448,GRN,David B. Collins,14
448,LIB,Kerry Douglas McKennon,40
448,REP,John Cornyn,1223
449,,Over Votes,0
449,,Ricardo Turullols-Bonilla,0
449,,Under Votes,2
449,DEM,Mary 'MJ' Hegar,97
449,GRN,David B. Collins,2
449,LIB,Kerry Douglas McKennon,2
449,REP,John Cornyn,7
45,,Over Votes,1
45,,Ricardo Turullols-Bonilla,0
45,,Under Votes,149
45,DEM,Mary 'MJ' Hegar,3628
45,GRN,David B. Collins,49
45,LIB,Kerry Douglas McKennon,89
45,REP,John Cornyn,1082
450,,Over Votes,0
450,,Ricardo Turullols-Bonilla,0
450,,Under Votes,39
450,DEM,Mary 'MJ' Hegar,1127
450,GRN,David B. Collins,15
450,LIB,Kerry Douglas McKennon,39
450,REP,John Cornyn,447
451,,Over Votes,0
451,,Ricardo Turullols-Bonilla,0
451,,Under Votes,32
451,DEM,Mary 'MJ' Hegar,568
451,GRN,David B. Collins,5
451,LIB,Kerry Douglas McKennon,23
451,REP,John Cornyn,1633
452,,Over Votes,1
452,,Ricardo Turullols-Bonilla,0
452,,Under Votes,59
452,DEM,Mary 'MJ' Hegar,1396
452,GRN,David B. Collins,19
452,LIB,Kerry Douglas McKennon,82
452,REP,John Cornyn,2176
453,,Over Votes,1
453,,Ricardo Turullols-Bonilla,0
453,,Under Votes,49
453,DEM,Mary 'MJ' Hegar,935
453,GRN,David B. Collins,9
453,LIB,Kerry Douglas McKennon,24
453,REP,John Cornyn,358
454,,Over Votes,1
454,,Ricardo Turullols-Bonilla,0
454,,Under Votes,66
454,DEM,Mary 'MJ' Hegar,1196
454,GRN,David B. Collins,4
454,LIB,Kerry Douglas McKennon,21
454,REP,John Cornyn,66
455,,Over Votes,0
455,,Ricardo Turullols-Bonilla,0
455,,Under Votes,34
455,DEM,Mary 'MJ' Hegar,687
455,GRN,David B. Collins,17
455,LIB,Kerry Douglas McKennon,16
455,REP,John Cornyn,75
456,,Over Votes,0
456,,Ricardo Turullols-Bonilla,0
456,,Under Votes,66
456,DEM,Mary 'MJ' Hegar,1164
456,GRN,David B. Collins,26
456,LIB,Kerry Douglas McKennon,56
456,REP,John Cornyn,1249
457,,Over Votes,0
457,,Ricardo Turullols-Bonilla,0
457,,Under Votes,0
457,DEM,Mary 'MJ' Hegar,0
457,GRN,David B. Collins,0
457,LIB,Kerry Douglas McKennon,0
457,REP,John Cornyn,0
458,,Over Votes,0
458,,Ricardo Turullols-Bonilla,0
458,,Under Votes,48
458,DEM,Mary 'MJ' Hegar,1117
458,GRN,David B. Collins,11
458,LIB,Kerry Douglas McKennon,26
458,REP,John Cornyn,128
459,,Over Votes,0
459,,Ricardo Turullols-Bonilla,0
459,,Under Votes,47
459,DEM,Mary 'MJ' Hegar,893
459,GRN,David B. Collins,15
459,LIB,Kerry Douglas McKennon,49
459,REP,John Cornyn,2155
46,,Over Votes,0
46,,Ricardo Turullols-Bonilla,0
46,,Under Votes,64
46,DEM,Mary 'MJ' Hegar,1023
46,GRN,David B. Collins,12
46,LIB,Kerry Douglas McKennon,31
46,REP,John Cornyn,295
460,,Over Votes,0
460,,Ricardo Turullols-Bonilla,0
460,,Under Votes,67
460,DEM,Mary 'MJ' Hegar,1884
460,GRN,David B. Collins,30
460,LIB,Kerry Douglas McKennon,51
460,REP,John Cornyn,741
461,,Over Votes,1
461,,Ricardo Turullols-Bonilla,1
461,,Under Votes,60
461,DEM,Mary 'MJ' Hegar,1455
461,GRN,David B. Collins,16
461,LIB,Kerry Douglas McKennon,37
461,REP,John Cornyn,1957
462,,Over Votes,1
462,,Ricardo Turullols-Bonilla,0
462,,Under Votes,64
462,DEM,Mary 'MJ' Hegar,1614
462,GRN,David B. Collins,15
462,LIB,Kerry Douglas McKennon,52
462,REP,John Cornyn,861
463,,Over Votes,0
463,,Ricardo Turullols-Bonilla,1
463,,Under Votes,79
463,DEM,Mary 'MJ' Hegar,1886
463,GRN,David B. Collins,30
463,LIB,Kerry Douglas McKennon,69
463,REP,John Cornyn,1020
464,,Over Votes,0
464,,Ricardo Turullols-Bonilla,1
464,,Under Votes,47
464,DEM,Mary 'MJ' Hegar,763
464,GRN,David B. Collins,17
464,LIB,Kerry Douglas McKennon,44
464,REP,John Cornyn,975
465,,Over Votes,0
465,,Ricardo Turullols-Bonilla,0
465,,Under Votes,47
465,DEM,Mary 'MJ' Hegar,1555
465,GRN,David B. Collins,27
465,LIB,Kerry Douglas McKennon,63
465,REP,John Cornyn,918
466,,Over Votes,0
466,,Ricardo Turullols-Bonilla,0
466,,Under Votes,62
466,DEM,Mary 'MJ' Hegar,1589
466,GRN,David B. Collins,30
466,LIB,Kerry Douglas McKennon,41
466,REP,John Cornyn,1444
467,,Over Votes,0
467,,Ricardo Turullols-Bonilla,0
467,,Under Votes,23
467,DEM,Mary 'MJ' Hegar,567
467,GRN,David B. Collins,7
467,LIB,Kerry Douglas McKennon,14
467,REP,John Cornyn,239
468,,Over Votes,2
468,,Ricardo Turullols-Bonilla,0
468,,Under Votes,106
468,DEM,Mary 'MJ' Hegar,1739
468,GRN,David B. Collins,30
468,LIB,Kerry Douglas McKennon,52
468,REP,John Cornyn,861
469,,Over Votes,0
469,,Ricardo Turullols-Bonilla,0
469,,Under Votes,39
469,DEM,Mary 'MJ' Hegar,660
469,GRN,David B. Collins,12
469,LIB,Kerry Douglas McKennon,44
469,REP,John Cornyn,1832
47,,Over Votes,0
47,,Ricardo Turullols-Bonilla,0
47,,Under Votes,35
47,DEM,Mary 'MJ' Hegar,691
47,GRN,David B. Collins,3
47,LIB,Kerry Douglas McKennon,13
47,REP,John Cornyn,76
470,,Over Votes,0
470,,Ricardo Turullols-Bonilla,0
470,,Under Votes,24
470,DEM,Mary 'MJ' Hegar,252
470,GRN,David B. Collins,10
470,LIB,Kerry Douglas McKennon,20
470,REP,John Cornyn,657
471,,Over Votes,0
471,,Ricardo Turullols-Bonilla,0
471,,Under Votes,42
471,DEM,Mary 'MJ' Hegar,426
471,GRN,David B. Collins,13
471,LIB,Kerry Douglas McKennon,31
471,REP,John Cornyn,1340
472,,Over Votes,0
472,,Ricardo Turullols-Bonilla,0
472,,Under Votes,14
472,DEM,Mary 'MJ' Hegar,595
472,GRN,David B. Collins,5
472,LIB,Kerry Douglas McKennon,10
472,REP,John Cornyn,311
473,,Over Votes,0
473,,Ricardo Turullols-Bonilla,0
473,,Under Votes,22
473,DEM,Mary 'MJ' Hegar,532
473,GRN,David B. Collins,6
473,LIB,Kerry Douglas McKennon,29
473,REP,John Cornyn,850
474,,Over Votes,0
474,,Ricardo Turullols-Bonilla,0
474,,Under Votes,64
474,DEM,Mary 'MJ' Hegar,898
474,GRN,David B. Collins,15
474,LIB,Kerry Douglas McKennon,63
474,REP,John Cornyn,1321
475,,Over Votes,0
475,,Ricardo Turullols-Bonilla,0
475,,Under Votes,54
475,DEM,Mary 'MJ' Hegar,734
475,GRN,David B. Collins,20
475,LIB,Kerry Douglas McKennon,27
475,REP,John Cornyn,642
476,,Over Votes,1
476,,Ricardo Turullols-Bonilla,0
476,,Under Votes,42
476,DEM,Mary 'MJ' Hegar,827
476,GRN,David B. Collins,16
476,LIB,Kerry Douglas McKennon,33
476,REP,John Cornyn,768
477,,Over Votes,0
477,,Ricardo Turullols-Bonilla,0
477,,Under Votes,82
477,DEM,Mary 'MJ' Hegar,1205
477,GRN,David B. Collins,23
477,LIB,Kerry Douglas McKennon,57
477,REP,John Cornyn,2023
478,,Over Votes,1
478,,Ricardo Turullols-Bonilla,0
478,,Under Votes,64
478,DEM,Mary 'MJ' Hegar,1450
478,GRN,David B. Collins,22
478,LIB,Kerry Douglas McKennon,64
478,REP,John Cornyn,1741
479,,Over Votes,0
479,,Ricardo Turullols-Bonilla,0
479,,Under Votes,33
479,DEM,Mary 'MJ' Hegar,884
479,GRN,David B. Collins,13
479,LIB,Kerry Douglas McKennon,46
479,REP,John Cornyn,1988
48,,Over Votes,0
48,,Ricardo Turullols-Bonilla,0
48,,Under Votes,24
48,DEM,Mary 'MJ' Hegar,476
48,GRN,David B. Collins,7
48,LIB,Kerry Douglas McKennon,7
48,REP,John Cornyn,74
480,,Over Votes,1
480,,Ricardo Turullols-Bonilla,0
480,,Under Votes,58
480,DEM,Mary 'MJ' Hegar,871
480,GRN,David B. Collins,17
480,LIB,Kerry Douglas McKennon,39
480,REP,John Cornyn,1405
481,,Over Votes,0
481,,Ricardo Turullols-Bonilla,0
481,,Under Votes,65
481,DEM,Mary 'MJ' Hegar,851
481,GRN,David B. Collins,20
481,LIB,Kerry Douglas McKennon,61
481,REP,John Cornyn,1876
482,,Over Votes,0
482,,Ricardo Turullols-Bonilla,0
482,,Under Votes,75
482,DEM,Mary 'MJ' Hegar,1327
482,GRN,David B. Collins,23
482,LIB,Kerry Douglas McKennon,72
482,REP,John Cornyn,2049
483,,Over Votes,0
483,,Ricardo Turullols-Bonilla,0
483,,Under Votes,78
483,DEM,Mary 'MJ' Hegar,1908
483,GRN,David B. Collins,33
483,LIB,Kerry Douglas McKennon,75
483,REP,John Cornyn,1501
484,,Over Votes,0
484,,Ricardo Turullols-Bonilla,0
484,,Under Votes,46
484,DEM,Mary 'MJ' Hegar,1263
484,GRN,David B. Collins,21
484,LIB,Kerry Douglas McKennon,65
484,REP,John Cornyn,1663
485,,Over Votes,1
485,,Ricardo Turullols-Bonilla,0
485,,Under Votes,62
485,DEM,Mary 'MJ' Hegar,1092
485,GRN,David B. Collins,23
485,LIB,Kerry Douglas McKennon,54
485,REP,John Cornyn,2110
486,,Over Votes,0
486,,Ricardo Turullols-Bonilla,0
486,,Under Votes,59
486,DEM,Mary 'MJ' Hegar,1004
486,GRN,David B. Collins,6
486,LIB,Kerry Douglas McKennon,69
486,REP,John Cornyn,2468
487,,Over Votes,0
487,,Ricardo Turullols-Bonilla,0
487,,Under Votes,132
487,DEM,Mary 'MJ' Hegar,1310
487,GRN,David B. Collins,17
487,LIB,Kerry Douglas McKennon,42
487,REP,John Cornyn,914
488,,Over Votes,0
488,,Ricardo Turullols-Bonilla,0
488,,Under Votes,57
488,DEM,Mary 'MJ' Hegar,948
488,GRN,David B. Collins,16
488,LIB,Kerry Douglas McKennon,33
488,REP,John Cornyn,498
489,,Over Votes,0
489,,Ricardo Turullols-Bonilla,0
489,,Under Votes,38
489,DEM,Mary 'MJ' Hegar,950
489,GRN,David B. Collins,17
489,LIB,Kerry Douglas McKennon,26
489,REP,John Cornyn,353
49,,Over Votes,1
49,,Ricardo Turullols-Bonilla,0
49,,Under Votes,86
49,DEM,Mary 'MJ' Hegar,1327
49,GRN,David B. Collins,37
49,LIB,Kerry Douglas McKennon,73
49,REP,John Cornyn,2289
490,,Over Votes,1
490,,Ricardo Turullols-Bonilla,0
490,,Under Votes,35
490,DEM,Mary 'MJ' Hegar,1017
490,GRN,David B. Collins,10
490,LIB,Kerry Douglas McKennon,23
490,REP,John Cornyn,451
491,,Over Votes,1
491,,Ricardo Turullols-Bonilla,0
491,,Under Votes,44
491,DEM,Mary 'MJ' Hegar,1043
491,GRN,David B. Collins,16
491,LIB,Kerry Douglas McKennon,26
491,REP,John Cornyn,781
492,,Over Votes,0
492,,Ricardo Turullols-Bonilla,0
492,,Under Votes,44
492,DEM,Mary 'MJ' Hegar,937
492,GRN,David B. Collins,9
492,LIB,Kerry Douglas McKennon,23
492,REP,John Cornyn,758
493,,Over Votes,2
493,,Ricardo Turullols-Bonilla,0
493,,Under Votes,79
493,DEM,Mary 'MJ' Hegar,1382
493,GRN,David B. Collins,19
493,LIB,Kerry Douglas McKennon,32
493,REP,John Cornyn,952
494,,Over Votes,1
494,,Ricardo Turullols-Bonilla,0
494,,Under Votes,73
494,DEM,Mary 'MJ' Hegar,1402
494,GRN,David B. Collins,23
494,LIB,Kerry Douglas McKennon,33
494,REP,John Cornyn,333
495,,Over Votes,0
495,,Ricardo Turullols-Bonilla,0
495,,Under Votes,43
495,DEM,Mary 'MJ' Hegar,793
495,GRN,David B. Collins,12
495,LIB,Kerry Douglas McKennon,31
495,REP,John Cornyn,1282
496,,Over Votes,0
496,,Ricardo Turullols-Bonilla,0
496,,Under Votes,67
496,DEM,Mary 'MJ' Hegar,878
496,GRN,David B. Collins,19
496,LIB,Kerry Douglas McKennon,31
496,REP,John Cornyn,552
497,,Over Votes,0
497,,Ricardo Turullols-Bonilla,0
497,,Under Votes,45
497,DEM,Mary 'MJ' Hegar,1097
497,GRN,David B. Collins,13
497,LIB,Kerry Douglas McKennon,18
497,REP,John Cornyn,96
498,,Over Votes,0
498,,Ricardo Turullols-Bonilla,0
498,,Under Votes,36
498,DEM,Mary 'MJ' Hegar,1089
498,GRN,David B. Collins,13
498,LIB,Kerry Douglas McKennon,45
498,REP,John Cornyn,540
499,,Over Votes,0
499,,Ricardo Turullols-Bonilla,0
499,,Under Votes,30
499,DEM,Mary 'MJ' Hegar,724
499,GRN,David B. Collins,6
499,LIB,Kerry Douglas McKennon,23
499,REP,John Cornyn,1288
5,,Over Votes,0
5,,Ricardo Turullols-Bonilla,0
5,,Under Votes,12
5,DEM,Mary 'MJ' Hegar,821
5,GRN,David B. Collins,9
5,LIB,Kerry Douglas McKennon,17
5,REP,John Cornyn,418
50,,Over Votes,0
50,,Ricardo Turullols-Bonilla,0
50,,Under Votes,69
50,DEM,Mary 'MJ' Hegar,1649
50,GRN,David B. Collins,17
50,LIB,Kerry Douglas McKennon,69
50,REP,John Cornyn,1447
500,,Over Votes,0
500,,Ricardo Turullols-Bonilla,0
500,,Under Votes,51
500,DEM,Mary 'MJ' Hegar,1177
500,GRN,David B. Collins,23
500,LIB,Kerry Douglas McKennon,61
500,REP,John Cornyn,1577
501,,Over Votes,0
501,,Ricardo Turullols-Bonilla,0
501,,Under Votes,35
501,DEM,Mary 'MJ' Hegar,1195
501,GRN,David B. Collins,7
501,LIB,Kerry Douglas McKennon,32
501,REP,John Cornyn,650
502,,Over Votes,0
502,,Ricardo Turullols-Bonilla,0
502,,Under Votes,48
502,DEM,Mary 'MJ' Hegar,377
502,GRN,David B. Collins,8
502,LIB,Kerry Douglas McKennon,33
502,REP,John Cornyn,1484
503,,Over Votes,0
503,,Ricardo Turullols-Bonilla,0
503,,Under Votes,46
503,DEM,Mary 'MJ' Hegar,625
503,GRN,David B. Collins,8
503,LIB,Kerry Douglas McKennon,34
503,REP,John Cornyn,1474
504,,Over Votes,0
504,,Ricardo Turullols-Bonilla,0
504,,Under Votes,28
504,DEM,Mary 'MJ' Hegar,818
504,GRN,David B. Collins,10
504,LIB,Kerry Douglas McKennon,35
504,REP,John Cornyn,1059
505,,Over Votes,0
505,,Ricardo Turullols-Bonilla,0
505,,Under Votes,65
505,DEM,Mary 'MJ' Hegar,1691
505,GRN,David B. Collins,22
505,LIB,Kerry Douglas McKennon,60
505,REP,John Cornyn,1089
506,,Over Votes,0
506,,Ricardo Turullols-Bonilla,0
506,,Under Votes,69
506,DEM,Mary 'MJ' Hegar,1934
506,GRN,David B. Collins,25
506,LIB,Kerry Douglas McKennon,38
506,REP,John Cornyn,458
507,,Over Votes,0
507,,Ricardo Turullols-Bonilla,0
507,,Under Votes,103
507,DEM,Mary 'MJ' Hegar,627
507,GRN,David B. Collins,11
507,LIB,Kerry Douglas McKennon,20
507,REP,John Cornyn,374
508,,Over Votes,0
508,,Ricardo Turullols-Bonilla,0
508,,Under Votes,159
508,DEM,Mary 'MJ' Hegar,1558
508,GRN,David B. Collins,40
508,LIB,Kerry Douglas McKennon,43
508,REP,John Cornyn,1119
509,,Over Votes,1
509,,Ricardo Turullols-Bonilla,0
509,,Under Votes,73
509,DEM,Mary 'MJ' Hegar,1553
509,GRN,David B. Collins,47
509,LIB,Kerry Douglas McKennon,81
509,REP,John Cornyn,2155
51,,Over Votes,0
51,,Ricardo Turullols-Bonilla,0
51,,Under Votes,33
51,DEM,Mary 'MJ' Hegar,318
51,GRN,David B. Collins,11
51,LIB,Kerry Douglas McKennon,22
51,REP,John Cornyn,907
510,,Over Votes,1
510,,Ricardo Turullols-Bonilla,0
510,,Under Votes,43
510,DEM,Mary 'MJ' Hegar,1709
510,GRN,David B. Collins,23
510,LIB,Kerry Douglas McKennon,62
510,REP,John Cornyn,991
511,,Over Votes,1
511,,Ricardo Turullols-Bonilla,0
511,,Under Votes,131
511,DEM,Mary 'MJ' Hegar,3098
511,GRN,David B. Collins,24
511,LIB,Kerry Douglas McKennon,102
511,REP,John Cornyn,4025
512,,Over Votes,0
512,,Ricardo Turullols-Bonilla,0
512,,Under Votes,101
512,DEM,Mary 'MJ' Hegar,1817
512,GRN,David B. Collins,41
512,LIB,Kerry Douglas McKennon,74
512,REP,John Cornyn,1222
513,,Over Votes,0
513,,Ricardo Turullols-Bonilla,0
513,,Under Votes,36
513,DEM,Mary 'MJ' Hegar,839
513,GRN,David B. Collins,8
513,LIB,Kerry Douglas McKennon,31
513,REP,John Cornyn,1519
514,,Over Votes,0
514,,Ricardo Turullols-Bonilla,0
514,,Under Votes,68
514,DEM,Mary 'MJ' Hegar,1145
514,GRN,David B. Collins,19
514,LIB,Kerry Douglas McKennon,70
514,REP,John Cornyn,1994
515,,Over Votes,0
515,,Ricardo Turullols-Bonilla,0
515,,Under Votes,32
515,DEM,Mary 'MJ' Hegar,721
515,GRN,David B. Collins,7
515,LIB,Kerry Douglas McKennon,24
515,REP,John Cornyn,1799
516,,Over Votes,0
516,,Ricardo Turullols-Bonilla,0
516,,Under Votes,45
516,DEM,Mary 'MJ' Hegar,1023
516,GRN,David B. Collins,14
516,LIB,Kerry Douglas McKennon,30
516,REP,John Cornyn,928
517,,Over Votes,0
517,,Ricardo Turullols-Bonilla,0
517,,Under Votes,83
517,DEM,Mary 'MJ' Hegar,1427
517,GRN,David B. Collins,32
517,LIB,Kerry Douglas McKennon,44
517,REP,John Cornyn,1148
518,,Over Votes,0
518,,Ricardo Turullols-Bonilla,0
518,,Under Votes,59
518,DEM,Mary 'MJ' Hegar,1398
518,GRN,David B. Collins,24
518,LIB,Kerry Douglas McKennon,54
518,REP,John Cornyn,1618
519,,Over Votes,0
519,,Ricardo Turullols-Bonilla,0
519,,Under Votes,39
519,DEM,Mary 'MJ' Hegar,798
519,GRN,David B. Collins,14
519,LIB,Kerry Douglas McKennon,42
519,REP,John Cornyn,1243
52,,Over Votes,0
52,,Ricardo Turullols-Bonilla,0
52,,Under Votes,39
52,DEM,Mary 'MJ' Hegar,1430
52,GRN,David B. Collins,15
52,LIB,Kerry Douglas McKennon,50
52,REP,John Cornyn,860
520,,Over Votes,0
520,,Ricardo Turullols-Bonilla,0
520,,Under Votes,73
520,DEM,Mary 'MJ' Hegar,2316
520,GRN,David B. Collins,33
520,LIB,Kerry Douglas McKennon,69
520,REP,John Cornyn,458
521,,Over Votes,0
521,,Ricardo Turullols-Bonilla,0
521,,Under Votes,53
521,DEM,Mary 'MJ' Hegar,1164
521,GRN,David B. Collins,18
521,LIB,Kerry Douglas McKennon,42
521,REP,John Cornyn,927
522,,Over Votes,0
522,,Ricardo Turullols-Bonilla,0
522,,Under Votes,27
522,DEM,Mary 'MJ' Hegar,710
522,GRN,David B. Collins,11
522,LIB,Kerry Douglas McKennon,30
522,REP,John Cornyn,1490
523,,Over Votes,0
523,,Ricardo Turullols-Bonilla,1
523,,Under Votes,81
523,DEM,Mary 'MJ' Hegar,1156
523,GRN,David B. Collins,19
523,LIB,Kerry Douglas McKennon,78
523,REP,John Cornyn,1268
524,,Over Votes,0
524,,Ricardo Turullols-Bonilla,0
524,,Under Votes,76
524,DEM,Mary 'MJ' Hegar,1549
524,GRN,David B. Collins,23
524,LIB,Kerry Douglas McKennon,44
524,REP,John Cornyn,731
525,,Over Votes,1
525,,Ricardo Turullols-Bonilla,0
525,,Under Votes,71
525,DEM,Mary 'MJ' Hegar,1633
525,GRN,David B. Collins,17
525,LIB,Kerry Douglas McKennon,41
525,REP,John Cornyn,530
526,,Over Votes,0
526,,Ricardo Turullols-Bonilla,0
526,,Under Votes,37
526,DEM,Mary 'MJ' Hegar,303
526,GRN,David B. Collins,3
526,LIB,Kerry Douglas McKennon,6
526,REP,John Cornyn,128
527,,Over Votes,0
527,,Ricardo Turullols-Bonilla,0
527,,Under Votes,13
527,DEM,Mary 'MJ' Hegar,128
527,GRN,David B. Collins,2
527,LIB,Kerry Douglas McKennon,0
527,REP,John Cornyn,115
528,,Over Votes,0
528,,Ricardo Turullols-Bonilla,0
528,,Under Votes,1
528,DEM,Mary 'MJ' Hegar,33
528,GRN,David B. Collins,0
528,LIB,Kerry Douglas McKennon,2
528,REP,John Cornyn,2
529,,Over Votes,0
529,,Ricardo Turullols-Bonilla,0
529,,Under Votes,49
529,DEM,Mary 'MJ' Hegar,599
529,GRN,David B. Collins,16
529,LIB,Kerry Douglas McKennon,62
529,REP,John Cornyn,2299
53,,Over Votes,0
53,,Ricardo Turullols-Bonilla,0
53,,Under Votes,41
53,DEM,Mary 'MJ' Hegar,1748
53,GRN,David B. Collins,15
53,LIB,Kerry Douglas McKennon,57
53,REP,John Cornyn,959
530,,Over Votes,0
530,,Ricardo Turullols-Bonilla,0
530,,Under Votes,44
530,DEM,Mary 'MJ' Hegar,379
530,GRN,David B. Collins,5
530,LIB,Kerry Douglas McKennon,13
530,REP,John Cornyn,177
531,,Over Votes,0
531,,Ricardo Turullols-Bonilla,0
531,,Under Votes,64
531,DEM,Mary 'MJ' Hegar,403
531,GRN,David B. Collins,3
531,LIB,Kerry Douglas McKennon,17
531,REP,John Cornyn,1264
532,,Over Votes,0
532,,Ricardo Turullols-Bonilla,0
532,,Under Votes,9
532,DEM,Mary 'MJ' Hegar,230
532,GRN,David B. Collins,4
532,LIB,Kerry Douglas McKennon,13
532,REP,John Cornyn,428
533,,Over Votes,0
533,,Ricardo Turullols-Bonilla,0
533,,Under Votes,13
533,DEM,Mary 'MJ' Hegar,281
533,GRN,David B. Collins,5
533,LIB,Kerry Douglas McKennon,8
533,REP,John Cornyn,312
534,,Over Votes,0
534,,Ricardo Turullols-Bonilla,0
534,,Under Votes,83
534,DEM,Mary 'MJ' Hegar,831
534,GRN,David B. Collins,10
534,LIB,Kerry Douglas McKennon,44
534,REP,John Cornyn,1900
535,,Over Votes,0
535,,Ricardo Turullols-Bonilla,0
535,,Under Votes,11
535,DEM,Mary 'MJ' Hegar,114
535,GRN,David B. Collins,2
535,LIB,Kerry Douglas McKennon,3
535,REP,John Cornyn,90
536,,Over Votes,0
536,,Ricardo Turullols-Bonilla,0
536,,Under Votes,155
536,DEM,Mary 'MJ' Hegar,2244
536,GRN,David B. Collins,45
536,LIB,Kerry Douglas McKennon,69
536,REP,John Cornyn,1721
537,,Over Votes,0
537,,Ricardo Turullols-Bonilla,0
537,,Under Votes,55
537,DEM,Mary 'MJ' Hegar,818
537,GRN,David B. Collins,13
537,LIB,Kerry Douglas McKennon,19
537,REP,John Cornyn,1938
538,,Over Votes,0
538,,Ricardo Turullols-Bonilla,0
538,,Under Votes,26
538,DEM,Mary 'MJ' Hegar,545
538,GRN,David B. Collins,5
538,LIB,Kerry Douglas McKennon,8
538,REP,John Cornyn,29
539,,Over Votes,0
539,,Ricardo Turullols-Bonilla,0
539,,Under Votes,30
539,DEM,Mary 'MJ' Hegar,640
539,GRN,David B. Collins,11
539,LIB,Kerry Douglas McKennon,28
539,REP,John Cornyn,597
54,,Over Votes,0
54,,Ricardo Turullols-Bonilla,0
54,,Under Votes,24
54,DEM,Mary 'MJ' Hegar,882
54,GRN,David B. Collins,7
54,LIB,Kerry Douglas McKennon,24
54,REP,John Cornyn,647
540,,Over Votes,0
540,,Ricardo Turullols-Bonilla,0
540,,Under Votes,33
540,DEM,Mary 'MJ' Hegar,1445
540,GRN,David B. Collins,6
540,LIB,Kerry Douglas McKennon,31
540,REP,John Cornyn,567
541,,Over Votes,0
541,,Ricardo Turullols-Bonilla,0
541,,Under Votes,72
541,DEM,Mary 'MJ' Hegar,2870
541,GRN,David B. Collins,36
541,LIB,Kerry Douglas McKennon,54
541,REP,John Cornyn,531
542,,Over Votes,2
542,,Ricardo Turullols-Bonilla,0
542,,Under Votes,78
542,DEM,Mary 'MJ' Hegar,1435
542,GRN,David B. Collins,21
542,LIB,Kerry Douglas McKennon,31
542,REP,John Cornyn,192
543,,Over Votes,0
543,,Ricardo Turullols-Bonilla,0
543,,Under Votes,46
543,DEM,Mary 'MJ' Hegar,586
543,GRN,David B. Collins,22
543,LIB,Kerry Douglas McKennon,20
543,REP,John Cornyn,314
544,,Over Votes,1
544,,Ricardo Turullols-Bonilla,0
544,,Under Votes,3
544,DEM,Mary 'MJ' Hegar,113
544,GRN,David B. Collins,4
544,LIB,Kerry Douglas McKennon,2
544,REP,John Cornyn,18
545,,Over Votes,0
545,,Ricardo Turullols-Bonilla,0
545,,Under Votes,104
545,DEM,Mary 'MJ' Hegar,1666
545,GRN,David B. Collins,28
545,LIB,Kerry Douglas McKennon,58
545,REP,John Cornyn,1716
546,,Over Votes,0
546,,Ricardo Turullols-Bonilla,0
546,,Under Votes,16
546,DEM,Mary 'MJ' Hegar,429
546,GRN,David B. Collins,3
546,LIB,Kerry Douglas McKennon,26
546,REP,John Cornyn,1601
547,,Over Votes,1
547,,Ricardo Turullols-Bonilla,0
547,,Under Votes,38
547,DEM,Mary 'MJ' Hegar,634
547,GRN,David B. Collins,14
547,LIB,Kerry Douglas McKennon,40
547,REP,John Cornyn,1113
548,,Over Votes,0
548,,Ricardo Turullols-Bonilla,0
548,,Under Votes,37
548,DEM,Mary 'MJ' Hegar,837
548,GRN,David B. Collins,25
548,LIB,Kerry Douglas McKennon,35
548,REP,John Cornyn,676
549,,Over Votes,0
549,,Ricardo Turullols-Bonilla,0
549,,Under Votes,65
549,DEM,Mary 'MJ' Hegar,1407
549,GRN,David B. Collins,15
549,LIB,Kerry Douglas McKennon,34
549,REP,John Cornyn,310
55,,Over Votes,0
55,,Ricardo Turullols-Bonilla,0
55,,Under Votes,28
55,DEM,Mary 'MJ' Hegar,1596
55,GRN,David B. Collins,18
55,LIB,Kerry Douglas McKennon,58
55,REP,John Cornyn,972
550,,Over Votes,0
550,,Ricardo Turullols-Bonilla,0
550,,Under Votes,46
550,DEM,Mary 'MJ' Hegar,1137
550,GRN,David B. Collins,24
550,LIB,Kerry Douglas McKennon,44
550,REP,John Cornyn,631
551,,Over Votes,0
551,,Ricardo Turullols-Bonilla,0
551,,Under Votes,59
551,DEM,Mary 'MJ' Hegar,1300
551,GRN,David B. Collins,14
551,LIB,Kerry Douglas McKennon,67
551,REP,John Cornyn,2935
552,,Over Votes,0
552,,Ricardo Turullols-Bonilla,0
552,,Under Votes,45
552,DEM,Mary 'MJ' Hegar,771
552,GRN,David B. Collins,14
552,LIB,Kerry Douglas McKennon,68
552,REP,John Cornyn,2436
553,,Over Votes,1
553,,Ricardo Turullols-Bonilla,1
553,,Under Votes,59
553,DEM,Mary 'MJ' Hegar,1158
553,GRN,David B. Collins,30
553,LIB,Kerry Douglas McKennon,37
553,REP,John Cornyn,772
554,,Over Votes,0
554,,Ricardo Turullols-Bonilla,0
554,,Under Votes,36
554,DEM,Mary 'MJ' Hegar,739
554,GRN,David B. Collins,15
554,LIB,Kerry Douglas McKennon,14
554,REP,John Cornyn,242
555,,Over Votes,1
555,,Ricardo Turullols-Bonilla,0
555,,Under Votes,55
555,DEM,Mary 'MJ' Hegar,816
555,GRN,David B. Collins,13
555,LIB,Kerry Douglas McKennon,15
555,REP,John Cornyn,224
556,,Over Votes,0
556,,Ricardo Turullols-Bonilla,0
556,,Under Votes,58
556,DEM,Mary 'MJ' Hegar,969
556,GRN,David B. Collins,12
556,LIB,Kerry Douglas McKennon,26
556,REP,John Cornyn,416
557,,Over Votes,0
557,,Ricardo Turullols-Bonilla,0
557,,Under Votes,104
557,DEM,Mary 'MJ' Hegar,948
557,GRN,David B. Collins,15
557,LIB,Kerry Douglas McKennon,28
557,REP,John Cornyn,731
558,,Over Votes,2
558,,Ricardo Turullols-Bonilla,0
558,,Under Votes,82
558,DEM,Mary 'MJ' Hegar,1935
558,GRN,David B. Collins,28
558,LIB,Kerry Douglas McKennon,68
558,REP,John Cornyn,1000
559,,Over Votes,1
559,,Ricardo Turullols-Bonilla,0
559,,Under Votes,63
559,DEM,Mary 'MJ' Hegar,2335
559,GRN,David B. Collins,30
559,LIB,Kerry Douglas McKennon,70
559,REP,John Cornyn,659
56,,Over Votes,0
56,,Ricardo Turullols-Bonilla,0
56,,Under Votes,17
56,DEM,Mary 'MJ' Hegar,552
56,GRN,David B. Collins,9
56,LIB,Kerry Douglas McKennon,34
56,REP,John Cornyn,630
560,,Over Votes,0
560,,Ricardo Turullols-Bonilla,0
560,,Under Votes,39
560,DEM,Mary 'MJ' Hegar,372
560,GRN,David B. Collins,8
560,LIB,Kerry Douglas McKennon,7
560,REP,John Cornyn,151
561,,Over Votes,1
561,,Ricardo Turullols-Bonilla,0
561,,Under Votes,64
561,DEM,Mary 'MJ' Hegar,745
561,GRN,David B. Collins,15
561,LIB,Kerry Douglas McKennon,56
561,REP,John Cornyn,1184
562,,Over Votes,0
562,,Ricardo Turullols-Bonilla,0
562,,Under Votes,26
562,DEM,Mary 'MJ' Hegar,293
562,GRN,David B. Collins,4
562,LIB,Kerry Douglas McKennon,5
562,REP,John Cornyn,57
563,,Over Votes,0
563,,Ricardo Turullols-Bonilla,0
563,,Under Votes,48
563,DEM,Mary 'MJ' Hegar,742
563,GRN,David B. Collins,5
563,LIB,Kerry Douglas McKennon,35
563,REP,John Cornyn,1759
564,,Over Votes,1
564,,Ricardo Turullols-Bonilla,0
564,,Under Votes,39
564,DEM,Mary 'MJ' Hegar,2047
564,GRN,David B. Collins,28
564,LIB,Kerry Douglas McKennon,51
564,REP,John Cornyn,537
565,,Over Votes,0
565,,Ricardo Turullols-Bonilla,0
565,,Under Votes,36
565,DEM,Mary 'MJ' Hegar,397
565,GRN,David B. Collins,5
565,LIB,Kerry Douglas McKennon,9
565,REP,John Cornyn,158
566,,Over Votes,0
566,,Ricardo Turullols-Bonilla,0
566,,Under Votes,69
566,DEM,Mary 'MJ' Hegar,1283
566,GRN,David B. Collins,21
566,LIB,Kerry Douglas McKennon,49
566,REP,John Cornyn,480
567,,Over Votes,0
567,,Ricardo Turullols-Bonilla,0
567,,Under Votes,72
567,DEM,Mary 'MJ' Hegar,1038
567,GRN,David B. Collins,14
567,LIB,Kerry Douglas McKennon,24
567,REP,John Cornyn,482
568,,Over Votes,0
568,,Ricardo Turullols-Bonilla,0
568,,Under Votes,50
568,DEM,Mary 'MJ' Hegar,1229
568,GRN,David B. Collins,18
568,LIB,Kerry Douglas McKennon,40
568,REP,John Cornyn,1549
569,,Over Votes,0
569,,Ricardo Turullols-Bonilla,0
569,,Under Votes,57
569,DEM,Mary 'MJ' Hegar,1986
569,GRN,David B. Collins,22
569,LIB,Kerry Douglas McKennon,64
569,REP,John Cornyn,1422
57,,Over Votes,0
57,,Ricardo Turullols-Bonilla,0
57,,Under Votes,31
57,DEM,Mary 'MJ' Hegar,1828
57,GRN,David B. Collins,16
57,LIB,Kerry Douglas McKennon,49
57,REP,John Cornyn,954
570,,Over Votes,0
570,,Ricardo Turullols-Bonilla,0
570,,Under Votes,21
570,DEM,Mary 'MJ' Hegar,803
570,GRN,David B. Collins,8
570,LIB,Kerry Douglas McKennon,19
570,REP,John Cornyn,320
571,,Over Votes,3
571,,Ricardo Turullols-Bonilla,2
571,,Under Votes,51
571,DEM,Mary 'MJ' Hegar,543
571,GRN,David B. Collins,12
571,LIB,Kerry Douglas McKennon,15
571,REP,John Cornyn,321
572,,Over Votes,0
572,,Ricardo Turullols-Bonilla,0
572,,Under Votes,46
572,DEM,Mary 'MJ' Hegar,1462
572,GRN,David B. Collins,17
572,LIB,Kerry Douglas McKennon,43
572,REP,John Cornyn,820
573,,Over Votes,0
573,,Ricardo Turullols-Bonilla,0
573,,Under Votes,38
573,DEM,Mary 'MJ' Hegar,757
573,GRN,David B. Collins,6
573,LIB,Kerry Douglas McKennon,16
573,REP,John Cornyn,41
574,,Over Votes,0
574,,Ricardo Turullols-Bonilla,0
574,,Under Votes,11
574,DEM,Mary 'MJ' Hegar,141
574,GRN,David B. Collins,5
574,LIB,Kerry Douglas McKennon,1
574,REP,John Cornyn,40
575,,Over Votes,0
575,,Ricardo Turullols-Bonilla,0
575,,Under Votes,77
575,DEM,Mary 'MJ' Hegar,1558
575,GRN,David B. Collins,16
575,LIB,Kerry Douglas McKennon,60
575,REP,John Cornyn,1510
576,,Over Votes,0
576,,Ricardo Turullols-Bonilla,0
576,,Under Votes,73
576,DEM,Mary 'MJ' Hegar,1465
576,GRN,David B. Collins,20
576,LIB,Kerry Douglas McKennon,30
576,REP,John Cornyn,166
577,,Over Votes,0
577,,Ricardo Turullols-Bonilla,0
577,,Under Votes,36
577,DEM,Mary 'MJ' Hegar,693
577,GRN,David B. Collins,8
577,LIB,Kerry Douglas McKennon,17
577,REP,John Cornyn,877
578,,Over Votes,0
578,,Ricardo Turullols-Bonilla,0
578,,Under Votes,21
578,DEM,Mary 'MJ' Hegar,712
578,GRN,David B. Collins,9
578,LIB,Kerry Douglas McKennon,18
578,REP,John Cornyn,842
579,,Over Votes,0
579,,Ricardo Turullols-Bonilla,0
579,,Under Votes,37
579,DEM,Mary 'MJ' Hegar,410
579,GRN,David B. Collins,12
579,LIB,Kerry Douglas McKennon,11
579,REP,John Cornyn,141
58,,Over Votes,0
58,,Ricardo Turullols-Bonilla,0
58,,Under Votes,45
58,DEM,Mary 'MJ' Hegar,1836
58,GRN,David B. Collins,13
58,LIB,Kerry Douglas McKennon,73
58,REP,John Cornyn,1196
580,,Over Votes,0
580,,Ricardo Turullols-Bonilla,0
580,,Under Votes,20
580,DEM,Mary 'MJ' Hegar,455
580,GRN,David B. Collins,6
580,LIB,Kerry Douglas McKennon,6
580,REP,John Cornyn,42
581,,Over Votes,0
581,,Ricardo Turullols-Bonilla,0
581,,Under Votes,24
581,DEM,Mary 'MJ' Hegar,520
581,GRN,David B. Collins,5
581,LIB,Kerry Douglas McKennon,7
581,REP,John Cornyn,33
582,,Over Votes,0
582,,Ricardo Turullols-Bonilla,0
582,,Under Votes,39
582,DEM,Mary 'MJ' Hegar,730
582,GRN,David B. Collins,7
582,LIB,Kerry Douglas McKennon,17
582,REP,John Cornyn,84
583,,Over Votes,2
583,,Ricardo Turullols-Bonilla,0
583,,Under Votes,31
583,DEM,Mary 'MJ' Hegar,568
583,GRN,David B. Collins,3
583,LIB,Kerry Douglas McKennon,4
583,REP,John Cornyn,47
584,,Over Votes,0
584,,Ricardo Turullols-Bonilla,0
584,,Under Votes,25
584,DEM,Mary 'MJ' Hegar,436
584,GRN,David B. Collins,8
584,LIB,Kerry Douglas McKennon,12
584,REP,John Cornyn,56
585,,Over Votes,0
585,,Ricardo Turullols-Bonilla,0
585,,Under Votes,38
585,DEM,Mary 'MJ' Hegar,1040
585,GRN,David B. Collins,14
585,LIB,Kerry Douglas McKennon,30
585,REP,John Cornyn,126
586,,Over Votes,0
586,,Ricardo Turullols-Bonilla,1
586,,Under Votes,74
586,DEM,Mary 'MJ' Hegar,1385
586,GRN,David B. Collins,24
586,LIB,Kerry Douglas McKennon,64
586,REP,John Cornyn,1428
587,,Over Votes,0
587,,Ricardo Turullols-Bonilla,0
587,,Under Votes,67
587,DEM,Mary 'MJ' Hegar,1511
587,GRN,David B. Collins,21
587,LIB,Kerry Douglas McKennon,45
587,REP,John Cornyn,661
588,,Over Votes,0
588,,Ricardo Turullols-Bonilla,0
588,,Under Votes,62
588,DEM,Mary 'MJ' Hegar,1258
588,GRN,David B. Collins,23
588,LIB,Kerry Douglas McKennon,73
588,REP,John Cornyn,1650
589,,Over Votes,0
589,,Ricardo Turullols-Bonilla,0
589,,Under Votes,59
589,DEM,Mary 'MJ' Hegar,1486
589,GRN,David B. Collins,35
589,LIB,Kerry Douglas McKennon,64
589,REP,John Cornyn,1060
59,,Over Votes,0
59,,Ricardo Turullols-Bonilla,1
59,,Under Votes,30
59,DEM,Mary 'MJ' Hegar,1530
59,GRN,David B. Collins,19
59,LIB,Kerry Douglas McKennon,29
59,REP,John Cornyn,899
590,,Over Votes,0
590,,Ricardo Turullols-Bonilla,0
590,,Under Votes,33
590,DEM,Mary 'MJ' Hegar,489
590,GRN,David B. Collins,7
590,LIB,Kerry Douglas McKennon,24
590,REP,John Cornyn,1205
591,,Over Votes,0
591,,Ricardo Turullols-Bonilla,0
591,,Under Votes,90
591,DEM,Mary 'MJ' Hegar,721
591,GRN,David B. Collins,11
591,LIB,Kerry Douglas McKennon,23
591,REP,John Cornyn,376
592,,Over Votes,1
592,,Ricardo Turullols-Bonilla,0
592,,Under Votes,38
592,DEM,Mary 'MJ' Hegar,626
592,GRN,David B. Collins,13
592,LIB,Kerry Douglas McKennon,19
592,REP,John Cornyn,226
593,,Over Votes,1
593,,Ricardo Turullols-Bonilla,0
593,,Under Votes,106
593,DEM,Mary 'MJ' Hegar,1554
593,GRN,David B. Collins,29
593,LIB,Kerry Douglas McKennon,58
593,REP,John Cornyn,1402
594,,Over Votes,1
594,,Ricardo Turullols-Bonilla,0
594,,Under Votes,60
594,DEM,Mary 'MJ' Hegar,1188
594,GRN,David B. Collins,18
594,LIB,Kerry Douglas McKennon,30
594,REP,John Cornyn,420
595,,Over Votes,1
595,,Ricardo Turullols-Bonilla,0
595,,Under Votes,49
595,DEM,Mary 'MJ' Hegar,832
595,GRN,David B. Collins,15
595,LIB,Kerry Douglas McKennon,25
595,REP,John Cornyn,201
596,,Over Votes,0
596,,Ricardo Turullols-Bonilla,0
596,,Under Votes,63
596,DEM,Mary 'MJ' Hegar,1277
596,GRN,David B. Collins,21
596,LIB,Kerry Douglas McKennon,62
596,REP,John Cornyn,913
597,,Over Votes,0
597,,Ricardo Turullols-Bonilla,0
597,,Under Votes,85
597,DEM,Mary 'MJ' Hegar,1417
597,GRN,David B. Collins,19
597,LIB,Kerry Douglas McKennon,61
597,REP,John Cornyn,859
598,,Over Votes,1
598,,Ricardo Turullols-Bonilla,0
598,,Under Votes,119
598,DEM,Mary 'MJ' Hegar,2558
598,GRN,David B. Collins,38
598,LIB,Kerry Douglas McKennon,92
598,REP,John Cornyn,1400
599,,Over Votes,0
599,,Ricardo Turullols-Bonilla,0
599,,Under Votes,48
599,DEM,Mary 'MJ' Hegar,1620
599,GRN,David B. Collins,23
599,LIB,Kerry Douglas McKennon,51
599,REP,John Cornyn,715
6,,Over Votes,0
6,,Ricardo Turullols-Bonilla,0
6,,Under Votes,67
6,DEM,Mary 'MJ' Hegar,1655
6,GRN,David B. Collins,37
6,LIB,Kerry Douglas McKennon,59
6,REP,John Cornyn,1220
60,,Over Votes,0
60,,Ricardo Turullols-Bonilla,0
60,,Under Votes,31
60,DEM,Mary 'MJ' Hegar,1792
60,GRN,David B. Collins,23
60,LIB,Kerry Douglas McKennon,27
60,REP,John Cornyn,492
600,,Over Votes,0
600,,Ricardo Turullols-Bonilla,0
600,,Under Votes,118
600,DEM,Mary 'MJ' Hegar,1788
600,GRN,David B. Collins,26
600,LIB,Kerry Douglas McKennon,40
600,REP,John Cornyn,1001
601,,Over Votes,0
601,,Ricardo Turullols-Bonilla,0
601,,Under Votes,47
601,DEM,Mary 'MJ' Hegar,1060
601,GRN,David B. Collins,10
601,LIB,Kerry Douglas McKennon,55
601,REP,John Cornyn,2140
602,,Over Votes,0
602,,Ricardo Turullols-Bonilla,0
602,,Under Votes,16
602,DEM,Mary 'MJ' Hegar,416
602,GRN,David B. Collins,5
602,LIB,Kerry Douglas McKennon,21
602,REP,John Cornyn,781
603,,Over Votes,0
603,,Ricardo Turullols-Bonilla,0
603,,Under Votes,111
603,DEM,Mary 'MJ' Hegar,1849
603,GRN,David B. Collins,26
603,LIB,Kerry Douglas McKennon,87
603,REP,John Cornyn,1996
604,,Over Votes,0
604,,Ricardo Turullols-Bonilla,0
604,,Under Votes,60
604,DEM,Mary 'MJ' Hegar,431
604,GRN,David B. Collins,10
604,LIB,Kerry Douglas McKennon,45
604,REP,John Cornyn,2157
605,,Over Votes,0
605,,Ricardo Turullols-Bonilla,0
605,,Under Votes,83
605,DEM,Mary 'MJ' Hegar,1804
605,GRN,David B. Collins,53
605,LIB,Kerry Douglas McKennon,48
605,REP,John Cornyn,744
606,,Over Votes,0
606,,Ricardo Turullols-Bonilla,0
606,,Under Votes,27
606,DEM,Mary 'MJ' Hegar,417
606,GRN,David B. Collins,3
606,LIB,Kerry Douglas McKennon,11
606,REP,John Cornyn,25
607,,Over Votes,0
607,,Ricardo Turullols-Bonilla,0
607,,Under Votes,22
607,DEM,Mary 'MJ' Hegar,450
607,GRN,David B. Collins,7
607,LIB,Kerry Douglas McKennon,11
607,REP,John Cornyn,58
608,,Over Votes,0
608,,Ricardo Turullols-Bonilla,0
608,,Under Votes,14
608,DEM,Mary 'MJ' Hegar,173
608,GRN,David B. Collins,7
608,LIB,Kerry Douglas McKennon,7
608,REP,John Cornyn,112
609,,Over Votes,0
609,,Ricardo Turullols-Bonilla,0
609,,Under Votes,82
609,DEM,Mary 'MJ' Hegar,1423
609,GRN,David B. Collins,17
609,LIB,Kerry Douglas McKennon,44
609,REP,John Cornyn,1778
61,,Over Votes,0
61,,Ricardo Turullols-Bonilla,0
61,,Under Votes,72
61,DEM,Mary 'MJ' Hegar,637
61,GRN,David B. Collins,14
61,LIB,Kerry Douglas McKennon,17
61,REP,John Cornyn,351
610,,Over Votes,0
610,,Ricardo Turullols-Bonilla,0
610,,Under Votes,54
610,DEM,Mary 'MJ' Hegar,758
610,GRN,David B. Collins,12
610,LIB,Kerry Douglas McKennon,25
610,REP,John Cornyn,587
611,,Over Votes,1
611,,Ricardo Turullols-Bonilla,0
611,,Under Votes,57
611,DEM,Mary 'MJ' Hegar,1139
611,GRN,David B. Collins,10
611,LIB,Kerry Douglas McKennon,32
611,REP,John Cornyn,88
612,,Over Votes,1
612,,Ricardo Turullols-Bonilla,0
612,,Under Votes,44
612,DEM,Mary 'MJ' Hegar,747
612,GRN,David B. Collins,11
612,LIB,Kerry Douglas McKennon,42
612,REP,John Cornyn,1816
613,,Over Votes,1
613,,Ricardo Turullols-Bonilla,0
613,,Under Votes,54
613,DEM,Mary 'MJ' Hegar,1236
613,GRN,David B. Collins,22
613,LIB,Kerry Douglas McKennon,40
613,REP,John Cornyn,378
614,,Over Votes,0
614,,Ricardo Turullols-Bonilla,0
614,,Under Votes,96
614,DEM,Mary 'MJ' Hegar,2029
614,GRN,David B. Collins,27
614,LIB,Kerry Douglas McKennon,43
614,REP,John Cornyn,940
615,,Over Votes,0
615,,Ricardo Turullols-Bonilla,0
615,,Under Votes,41
615,DEM,Mary 'MJ' Hegar,914
615,GRN,David B. Collins,23
615,LIB,Kerry Douglas McKennon,21
615,REP,John Cornyn,759
616,,Over Votes,0
616,,Ricardo Turullols-Bonilla,0
616,,Under Votes,51
616,DEM,Mary 'MJ' Hegar,1151
616,GRN,David B. Collins,27
616,LIB,Kerry Douglas McKennon,81
616,REP,John Cornyn,1595
617,,Over Votes,0
617,,Ricardo Turullols-Bonilla,0
617,,Under Votes,82
617,DEM,Mary 'MJ' Hegar,1837
617,GRN,David B. Collins,20
617,LIB,Kerry Douglas McKennon,70
617,REP,John Cornyn,919
618,,Over Votes,0
618,,Ricardo Turullols-Bonilla,1
618,,Under Votes,88
618,DEM,Mary 'MJ' Hegar,1629
618,GRN,David B. Collins,25
618,LIB,Kerry Douglas McKennon,82
618,REP,John Cornyn,1094
619,,Over Votes,0
619,,Ricardo Turullols-Bonilla,0
619,,Under Votes,57
619,DEM,Mary 'MJ' Hegar,1325
619,GRN,David B. Collins,23
619,LIB,Kerry Douglas McKennon,75
619,REP,John Cornyn,2503
62,,Over Votes,1
62,,Ricardo Turullols-Bonilla,0
62,,Under Votes,67
62,DEM,Mary 'MJ' Hegar,734
62,GRN,David B. Collins,20
62,LIB,Kerry Douglas McKennon,25
62,REP,John Cornyn,316
620,,Over Votes,0
620,,Ricardo Turullols-Bonilla,0
620,,Under Votes,65
620,DEM,Mary 'MJ' Hegar,1376
620,GRN,David B. Collins,16
620,LIB,Kerry Douglas McKennon,34
620,REP,John Cornyn,1235
621,,Over Votes,0
621,,Ricardo Turullols-Bonilla,0
621,,Under Votes,29
621,DEM,Mary 'MJ' Hegar,547
621,GRN,David B. Collins,5
621,LIB,Kerry Douglas McKennon,15
621,REP,John Cornyn,406
622,,Over Votes,0
622,,Ricardo Turullols-Bonilla,0
622,,Under Votes,76
622,DEM,Mary 'MJ' Hegar,1559
622,GRN,David B. Collins,32
622,LIB,Kerry Douglas McKennon,48
622,REP,John Cornyn,1750
623,,Over Votes,0
623,,Ricardo Turullols-Bonilla,1
623,,Under Votes,68
623,DEM,Mary 'MJ' Hegar,1376
623,GRN,David B. Collins,24
623,LIB,Kerry Douglas McKennon,57
623,REP,John Cornyn,1574
624,,Over Votes,0
624,,Ricardo Turullols-Bonilla,0
624,,Under Votes,19
624,DEM,Mary 'MJ' Hegar,273
624,GRN,David B. Collins,1
624,LIB,Kerry Douglas McKennon,18
624,REP,John Cornyn,619
625,,Over Votes,1
625,,Ricardo Turullols-Bonilla,0
625,,Under Votes,18
625,DEM,Mary 'MJ' Hegar,776
625,GRN,David B. Collins,9
625,LIB,Kerry Douglas McKennon,22
625,REP,John Cornyn,710
626,,Over Votes,0
626,,Ricardo Turullols-Bonilla,0
626,,Under Votes,73
626,DEM,Mary 'MJ' Hegar,1834
626,GRN,David B. Collins,24
626,LIB,Kerry Douglas McKennon,57
626,REP,John Cornyn,1594
627,,Over Votes,0
627,,Ricardo Turullols-Bonilla,0
627,,Under Votes,89
627,DEM,Mary 'MJ' Hegar,1148
627,GRN,David B. Collins,23
627,LIB,Kerry Douglas McKennon,33
627,REP,John Cornyn,589
628,,Over Votes,0
628,,Ricardo Turullols-Bonilla,0
628,,Under Votes,58
628,DEM,Mary 'MJ' Hegar,824
628,GRN,David B. Collins,18
628,LIB,Kerry Douglas McKennon,37
628,REP,John Cornyn,546
629,,Over Votes,0
629,,Ricardo Turullols-Bonilla,0
629,,Under Votes,8
629,DEM,Mary 'MJ' Hegar,285
629,GRN,David B. Collins,3
629,LIB,Kerry Douglas McKennon,8
629,REP,John Cornyn,31
63,,Over Votes,0
63,,Ricardo Turullols-Bonilla,0
63,,Under Votes,31
63,DEM,Mary 'MJ' Hegar,259
63,GRN,David B. Collins,9
63,LIB,Kerry Douglas McKennon,18
63,REP,John Cornyn,1005
630,,Over Votes,0
630,,Ricardo Turullols-Bonilla,0
630,,Under Votes,67
630,DEM,Mary 'MJ' Hegar,3616
630,GRN,David B. Collins,44
630,LIB,Kerry Douglas McKennon,68
630,REP,John Cornyn,425
631,,Over Votes,0
631,,Ricardo Turullols-Bonilla,0
631,,Under Votes,42
631,DEM,Mary 'MJ' Hegar,933
631,GRN,David B. Collins,17
631,LIB,Kerry Douglas McKennon,33
631,REP,John Cornyn,1335
632,,Over Votes,0
632,,Ricardo Turullols-Bonilla,0
632,,Under Votes,1
632,DEM,Mary 'MJ' Hegar,3
632,GRN,David B. Collins,0
632,LIB,Kerry Douglas McKennon,0
632,REP,John Cornyn,0
633,,Over Votes,0
633,,Ricardo Turullols-Bonilla,0
633,,Under Votes,63
633,DEM,Mary 'MJ' Hegar,1203
633,GRN,David B. Collins,23
633,LIB,Kerry Douglas McKennon,60
633,REP,John Cornyn,1974
634,,Over Votes,0
634,,Ricardo Turullols-Bonilla,0
634,,Under Votes,55
634,DEM,Mary 'MJ' Hegar,1062
634,GRN,David B. Collins,19
634,LIB,Kerry Douglas McKennon,40
634,REP,John Cornyn,1117
635,,Over Votes,1
635,,Ricardo Turullols-Bonilla,0
635,,Under Votes,52
635,DEM,Mary 'MJ' Hegar,748
635,GRN,David B. Collins,16
635,LIB,Kerry Douglas McKennon,61
635,REP,John Cornyn,1623
636,,Over Votes,0
636,,Ricardo Turullols-Bonilla,0
636,,Under Votes,74
636,DEM,Mary 'MJ' Hegar,489
636,GRN,David B. Collins,19
636,LIB,Kerry Douglas McKennon,80
636,REP,John Cornyn,3338
637,,Over Votes,1
637,,Ricardo Turullols-Bonilla,0
637,,Under Votes,83
637,DEM,Mary 'MJ' Hegar,1209
637,GRN,David B. Collins,15
637,LIB,Kerry Douglas McKennon,40
637,REP,John Cornyn,478
638,,Over Votes,0
638,,Ricardo Turullols-Bonilla,0
638,,Under Votes,56
638,DEM,Mary 'MJ' Hegar,1170
638,GRN,David B. Collins,18
638,LIB,Kerry Douglas McKennon,16
638,REP,John Cornyn,154
639,,Over Votes,0
639,,Ricardo Turullols-Bonilla,0
639,,Under Votes,31
639,DEM,Mary 'MJ' Hegar,452
639,GRN,David B. Collins,12
639,LIB,Kerry Douglas McKennon,39
639,REP,John Cornyn,1336
64,,Over Votes,1
64,,Ricardo Turullols-Bonilla,0
64,,Under Votes,65
64,DEM,Mary 'MJ' Hegar,800
64,GRN,David B. Collins,20
64,LIB,Kerry Douglas McKennon,27
64,REP,John Cornyn,282
640,,Over Votes,0
640,,Ricardo Turullols-Bonilla,0
640,,Under Votes,70
640,DEM,Mary 'MJ' Hegar,1267
640,GRN,David B. Collins,21
640,LIB,Kerry Douglas McKennon,65
640,REP,John Cornyn,1419
641,,Over Votes,1
641,,Ricardo Turullols-Bonilla,0
641,,Under Votes,73
641,DEM,Mary 'MJ' Hegar,1189
641,GRN,David B. Collins,19
641,LIB,Kerry Douglas McKennon,48
641,REP,John Cornyn,1519
642,,Over Votes,0
642,,Ricardo Turullols-Bonilla,0
642,,Under Votes,18
642,DEM,Mary 'MJ' Hegar,390
642,GRN,David B. Collins,2
642,LIB,Kerry Douglas McKennon,19
642,REP,John Cornyn,1011
643,,Over Votes,0
643,,Ricardo Turullols-Bonilla,0
643,,Under Votes,77
643,DEM,Mary 'MJ' Hegar,1552
643,GRN,David B. Collins,28
643,LIB,Kerry Douglas McKennon,62
643,REP,John Cornyn,1280
644,,Over Votes,0
644,,Ricardo Turullols-Bonilla,0
644,,Under Votes,89
644,DEM,Mary 'MJ' Hegar,1560
644,GRN,David B. Collins,32
644,LIB,Kerry Douglas McKennon,71
644,REP,John Cornyn,1764
645,,Over Votes,0
645,,Ricardo Turullols-Bonilla,0
645,,Under Votes,67
645,DEM,Mary 'MJ' Hegar,2393
645,GRN,David B. Collins,32
645,LIB,Kerry Douglas McKennon,84
645,REP,John Cornyn,1223
646,,Over Votes,1
646,,Ricardo Turullols-Bonilla,0
646,,Under Votes,66
646,DEM,Mary 'MJ' Hegar,944
646,GRN,David B. Collins,15
646,LIB,Kerry Douglas McKennon,20
646,REP,John Cornyn,633
647,,Over Votes,0
647,,Ricardo Turullols-Bonilla,0
647,,Under Votes,160
647,DEM,Mary 'MJ' Hegar,1546
647,GRN,David B. Collins,20
647,LIB,Kerry Douglas McKennon,32
647,REP,John Cornyn,1173
648,,Over Votes,0
648,,Ricardo Turullols-Bonilla,0
648,,Under Votes,44
648,DEM,Mary 'MJ' Hegar,1035
648,GRN,David B. Collins,17
648,LIB,Kerry Douglas McKennon,42
648,REP,John Cornyn,1661
649,,Over Votes,0
649,,Ricardo Turullols-Bonilla,0
649,,Under Votes,131
649,DEM,Mary 'MJ' Hegar,1885
649,GRN,David B. Collins,27
649,LIB,Kerry Douglas McKennon,48
649,REP,John Cornyn,911
65,,Over Votes,1
65,,Ricardo Turullols-Bonilla,0
65,,Under Votes,70
65,DEM,Mary 'MJ' Hegar,694
65,GRN,David B. Collins,16
65,LIB,Kerry Douglas McKennon,23
65,REP,John Cornyn,274
650,,Over Votes,0
650,,Ricardo Turullols-Bonilla,0
650,,Under Votes,59
650,DEM,Mary 'MJ' Hegar,1260
650,GRN,David B. Collins,24
650,LIB,Kerry Douglas McKennon,46
650,REP,John Cornyn,1895
651,,Over Votes,0
651,,Ricardo Turullols-Bonilla,0
651,,Under Votes,63
651,DEM,Mary 'MJ' Hegar,1328
651,GRN,David B. Collins,30
651,LIB,Kerry Douglas McKennon,61
651,REP,John Cornyn,1351
652,,Over Votes,0
652,,Ricardo Turullols-Bonilla,0
652,,Under Votes,74
652,DEM,Mary 'MJ' Hegar,1594
652,GRN,David B. Collins,27
652,LIB,Kerry Douglas McKennon,18
652,REP,John Cornyn,416
653,,Over Votes,1
653,,Ricardo Turullols-Bonilla,0
653,,Under Votes,25
653,DEM,Mary 'MJ' Hegar,247
653,GRN,David B. Collins,2
653,LIB,Kerry Douglas McKennon,7
653,REP,John Cornyn,79
654,,Over Votes,0
654,,Ricardo Turullols-Bonilla,0
654,,Under Votes,93
654,DEM,Mary 'MJ' Hegar,1806
654,GRN,David B. Collins,37
654,LIB,Kerry Douglas McKennon,69
654,REP,John Cornyn,1940
655,,Over Votes,0
655,,Ricardo Turullols-Bonilla,0
655,,Under Votes,81
655,DEM,Mary 'MJ' Hegar,1523
655,GRN,David B. Collins,23
655,LIB,Kerry Douglas McKennon,71
655,REP,John Cornyn,1695
656,,Over Votes,3
656,,Ricardo Turullols-Bonilla,0
656,,Under Votes,63
656,DEM,Mary 'MJ' Hegar,1306
656,GRN,David B. Collins,24
656,LIB,Kerry Douglas McKennon,17
656,REP,John Cornyn,122
657,,Over Votes,0
657,,Ricardo Turullols-Bonilla,0
657,,Under Votes,30
657,DEM,Mary 'MJ' Hegar,741
657,GRN,David B. Collins,14
657,LIB,Kerry Douglas McKennon,26
657,REP,John Cornyn,381
658,,Over Votes,0
658,,Ricardo Turullols-Bonilla,0
658,,Under Votes,39
658,DEM,Mary 'MJ' Hegar,837
658,GRN,David B. Collins,20
658,LIB,Kerry Douglas McKennon,59
658,REP,John Cornyn,1092
659,,Over Votes,0
659,,Ricardo Turullols-Bonilla,0
659,,Under Votes,67
659,DEM,Mary 'MJ' Hegar,1363
659,GRN,David B. Collins,27
659,LIB,Kerry Douglas McKennon,58
659,REP,John Cornyn,2575
66,,Over Votes,0
66,,Ricardo Turullols-Bonilla,0
66,,Under Votes,36
66,DEM,Mary 'MJ' Hegar,386
66,GRN,David B. Collins,7
66,LIB,Kerry Douglas McKennon,8
66,REP,John Cornyn,155
660,,Over Votes,0
660,,Ricardo Turullols-Bonilla,0
660,,Under Votes,74
660,DEM,Mary 'MJ' Hegar,1952
660,GRN,David B. Collins,19
660,LIB,Kerry Douglas McKennon,29
660,REP,John Cornyn,350
661,,Over Votes,0
661,,Ricardo Turullols-Bonilla,0
661,,Under Votes,73
661,DEM,Mary 'MJ' Hegar,1715
661,GRN,David B. Collins,33
661,LIB,Kerry Douglas McKennon,57
661,REP,John Cornyn,1509
662,,Over Votes,0
662,,Ricardo Turullols-Bonilla,0
662,,Under Votes,66
662,DEM,Mary 'MJ' Hegar,737
662,GRN,David B. Collins,11
662,LIB,Kerry Douglas McKennon,47
662,REP,John Cornyn,2412
663,,Over Votes,0
663,,Ricardo Turullols-Bonilla,0
663,,Under Votes,26
663,DEM,Mary 'MJ' Hegar,1139
663,GRN,David B. Collins,16
663,LIB,Kerry Douglas McKennon,45
663,REP,John Cornyn,844
664,,Over Votes,0
664,,Ricardo Turullols-Bonilla,0
664,,Under Votes,102
664,DEM,Mary 'MJ' Hegar,1021
664,GRN,David B. Collins,25
664,LIB,Kerry Douglas McKennon,31
664,REP,John Cornyn,398
665,,Over Votes,0
665,,Ricardo Turullols-Bonilla,0
665,,Under Votes,38
665,DEM,Mary 'MJ' Hegar,422
665,GRN,David B. Collins,13
665,LIB,Kerry Douglas McKennon,36
665,REP,John Cornyn,1597
666,,Over Votes,0
666,,Ricardo Turullols-Bonilla,0
666,,Under Votes,0
666,DEM,Mary 'MJ' Hegar,0
666,GRN,David B. Collins,0
666,LIB,Kerry Douglas McKennon,0
666,REP,John Cornyn,0
667,,Over Votes,0
667,,Ricardo Turullols-Bonilla,0
667,,Under Votes,32
667,DEM,Mary 'MJ' Hegar,551
667,GRN,David B. Collins,13
667,LIB,Kerry Douglas McKennon,29
667,REP,John Cornyn,1079
668,,Over Votes,0
668,,Ricardo Turullols-Bonilla,0
668,,Under Votes,55
668,DEM,Mary 'MJ' Hegar,1376
668,GRN,David B. Collins,14
668,LIB,Kerry Douglas McKennon,73
668,REP,John Cornyn,1604
669,,Over Votes,0
669,,Ricardo Turullols-Bonilla,0
669,,Under Votes,39
669,DEM,Mary 'MJ' Hegar,1073
669,GRN,David B. Collins,13
669,LIB,Kerry Douglas McKennon,54
669,REP,John Cornyn,1638
67,,Over Votes,0
67,,Ricardo Turullols-Bonilla,0
67,,Under Votes,100
67,DEM,Mary 'MJ' Hegar,1137
67,GRN,David B. Collins,17
67,LIB,Kerry Douglas McKennon,39
67,REP,John Cornyn,376
670,,Over Votes,0
670,,Ricardo Turullols-Bonilla,0
670,,Under Votes,30
670,DEM,Mary 'MJ' Hegar,686
670,GRN,David B. Collins,10
670,LIB,Kerry Douglas McKennon,39
670,REP,John Cornyn,1943
671,,Over Votes,0
671,,Ricardo Turullols-Bonilla,0
671,,Under Votes,51
671,DEM,Mary 'MJ' Hegar,1179
671,GRN,David B. Collins,23
671,LIB,Kerry Douglas McKennon,53
671,REP,John Cornyn,1083
672,,Over Votes,1
672,,Ricardo Turullols-Bonilla,0
672,,Under Votes,62
672,DEM,Mary 'MJ' Hegar,997
672,GRN,David B. Collins,14
672,LIB,Kerry Douglas McKennon,62
672,REP,John Cornyn,1669
673,,Over Votes,1
673,,Ricardo Turullols-Bonilla,0
673,,Under Votes,53
673,DEM,Mary 'MJ' Hegar,445
673,GRN,David B. Collins,9
673,LIB,Kerry Douglas McKennon,44
673,REP,John Cornyn,1665
674,,Over Votes,0
674,,Ricardo Turullols-Bonilla,0
674,,Under Votes,53
674,DEM,Mary 'MJ' Hegar,1165
674,GRN,David B. Collins,19
674,LIB,Kerry Douglas McKennon,66
674,REP,John Cornyn,2302
675,,Over Votes,0
675,,Ricardo Turullols-Bonilla,0
675,,Under Votes,0
675,DEM,Mary 'MJ' Hegar,0
675,GRN,David B. Collins,0
675,LIB,Kerry Douglas McKennon,0
675,REP,John Cornyn,0
676,,Over Votes,1
676,,Ricardo Turullols-Bonilla,0
676,,Under Votes,77
676,DEM,Mary 'MJ' Hegar,1086
676,GRN,David B. Collins,21
676,LIB,Kerry Douglas McKennon,46
676,REP,John Cornyn,738
677,,Over Votes,0
677,,Ricardo Turullols-Bonilla,0
677,,Under Votes,48
677,DEM,Mary 'MJ' Hegar,485
677,GRN,David B. Collins,6
677,LIB,Kerry Douglas McKennon,19
677,REP,John Cornyn,200
678,,Over Votes,0
678,,Ricardo Turullols-Bonilla,0
678,,Under Votes,56
678,DEM,Mary 'MJ' Hegar,1311
678,GRN,David B. Collins,9
678,LIB,Kerry Douglas McKennon,24
678,REP,John Cornyn,175
679,,Over Votes,0
679,,Ricardo Turullols-Bonilla,0
679,,Under Votes,68
679,DEM,Mary 'MJ' Hegar,911
679,GRN,David B. Collins,16
679,LIB,Kerry Douglas McKennon,42
679,REP,John Cornyn,1790
68,,Over Votes,1
68,,Ricardo Turullols-Bonilla,0
68,,Under Votes,63
68,DEM,Mary 'MJ' Hegar,1753
68,GRN,David B. Collins,27
68,LIB,Kerry Douglas McKennon,44
68,REP,John Cornyn,101
680,,Over Votes,0
680,,Ricardo Turullols-Bonilla,0
680,,Under Votes,3
680,DEM,Mary 'MJ' Hegar,115
680,GRN,David B. Collins,1
680,LIB,Kerry Douglas McKennon,4
680,REP,John Cornyn,27
681,,Over Votes,0
681,,Ricardo Turullols-Bonilla,0
681,,Under Votes,0
681,DEM,Mary 'MJ' Hegar,71
681,GRN,David B. Collins,1
681,LIB,Kerry Douglas McKennon,7
681,REP,John Cornyn,27
682,,Over Votes,0
682,,Ricardo Turullols-Bonilla,0
682,,Under Votes,84
682,DEM,Mary 'MJ' Hegar,929
682,GRN,David B. Collins,16
682,LIB,Kerry Douglas McKennon,68
682,REP,John Cornyn,2278
683,,Over Votes,0
683,,Ricardo Turullols-Bonilla,0
683,,Under Votes,7
683,DEM,Mary 'MJ' Hegar,103
683,GRN,David B. Collins,2
683,LIB,Kerry Douglas McKennon,0
683,REP,John Cornyn,52
684,,Over Votes,0
684,,Ricardo Turullols-Bonilla,0
684,,Under Votes,63
684,DEM,Mary 'MJ' Hegar,1341
684,GRN,David B. Collins,20
684,LIB,Kerry Douglas McKennon,57
684,REP,John Cornyn,1754
685,,Over Votes,1
685,,Ricardo Turullols-Bonilla,0
685,,Under Votes,10
685,DEM,Mary 'MJ' Hegar,57
685,GRN,David B. Collins,0
685,LIB,Kerry Douglas McKennon,1
685,REP,John Cornyn,63
686,,Over Votes,0
686,,Ricardo Turullols-Bonilla,0
686,,Under Votes,3
686,DEM,Mary 'MJ' Hegar,71
686,GRN,David B. Collins,1
686,LIB,Kerry Douglas McKennon,2
686,REP,John Cornyn,28
687,,Over Votes,0
687,,Ricardo Turullols-Bonilla,0
687,,Under Votes,55
687,DEM,Mary 'MJ' Hegar,866
687,GRN,David B. Collins,8
687,LIB,Kerry Douglas McKennon,20
687,REP,John Cornyn,1383
688,,Over Votes,0
688,,Ricardo Turullols-Bonilla,0
688,,Under Votes,51
688,DEM,Mary 'MJ' Hegar,963
688,GRN,David B. Collins,13
688,LIB,Kerry Douglas McKennon,65
688,REP,John Cornyn,2535
689,,Over Votes,0
689,,Ricardo Turullols-Bonilla,0
689,,Under Votes,90
689,DEM,Mary 'MJ' Hegar,889
689,GRN,David B. Collins,14
689,LIB,Kerry Douglas McKennon,27
689,REP,John Cornyn,763
69,,Over Votes,0
69,,Ricardo Turullols-Bonilla,0
69,,Under Votes,42
69,DEM,Mary 'MJ' Hegar,464
69,GRN,David B. Collins,10
69,LIB,Kerry Douglas McKennon,12
69,REP,John Cornyn,129
690,,Over Votes,0
690,,Ricardo Turullols-Bonilla,0
690,,Under Votes,47
690,DEM,Mary 'MJ' Hegar,993
690,GRN,David B. Collins,14
690,LIB,Kerry Douglas McKennon,65
690,REP,John Cornyn,2151
691,,Over Votes,0
691,,Ricardo Turullols-Bonilla,0
691,,Under Votes,51
691,DEM,Mary 'MJ' Hegar,969
691,GRN,David B. Collins,21
691,LIB,Kerry Douglas McKennon,53
691,REP,John Cornyn,2457
692,,Over Votes,0
692,,Ricardo Turullols-Bonilla,0
692,,Under Votes,56
692,DEM,Mary 'MJ' Hegar,713
692,GRN,David B. Collins,14
692,LIB,Kerry Douglas McKennon,58
692,REP,John Cornyn,1557
693,,Over Votes,0
693,,Ricardo Turullols-Bonilla,0
693,,Under Votes,16
693,DEM,Mary 'MJ' Hegar,362
693,GRN,David B. Collins,3
693,LIB,Kerry Douglas McKennon,11
693,REP,John Cornyn,120
694,,Over Votes,0
694,,Ricardo Turullols-Bonilla,0
694,,Under Votes,39
694,DEM,Mary 'MJ' Hegar,1097
694,GRN,David B. Collins,20
694,LIB,Kerry Douglas McKennon,32
694,REP,John Cornyn,651
695,,Over Votes,0
695,,Ricardo Turullols-Bonilla,0
695,,Under Votes,32
695,DEM,Mary 'MJ' Hegar,405
695,GRN,David B. Collins,12
695,LIB,Kerry Douglas McKennon,30
695,REP,John Cornyn,654
696,,Over Votes,0
696,,Ricardo Turullols-Bonilla,0
696,,Under Votes,41
696,DEM,Mary 'MJ' Hegar,512
696,GRN,David B. Collins,13
696,LIB,Kerry Douglas McKennon,28
696,REP,John Cornyn,767
697,,Over Votes,1
697,,Ricardo Turullols-Bonilla,0
697,,Under Votes,66
697,DEM,Mary 'MJ' Hegar,1390
697,GRN,David B. Collins,28
697,LIB,Kerry Douglas McKennon,43
697,REP,John Cornyn,610
698,,Over Votes,0
698,,Ricardo Turullols-Bonilla,0
698,,Under Votes,76
698,DEM,Mary 'MJ' Hegar,1616
698,GRN,David B. Collins,27
698,LIB,Kerry Douglas McKennon,40
698,REP,John Cornyn,358
699,,Over Votes,0
699,,Ricardo Turullols-Bonilla,0
699,,Under Votes,42
699,DEM,Mary 'MJ' Hegar,744
699,GRN,David B. Collins,8
699,LIB,Kerry Douglas McKennon,30
699,REP,John Cornyn,1066
7,,Over Votes,0
7,,Ricardo Turullols-Bonilla,0
7,,Under Votes,18
7,DEM,Mary 'MJ' Hegar,470
7,GRN,David B. Collins,5
7,LIB,Kerry Douglas McKennon,5
7,REP,John Cornyn,34
70,,Over Votes,0
70,,Ricardo Turullols-Bonilla,0
70,,Under Votes,33
70,DEM,Mary 'MJ' Hegar,1758
70,GRN,David B. Collins,11
70,LIB,Kerry Douglas McKennon,52
70,REP,John Cornyn,1822
700,,Over Votes,0
700,,Ricardo Turullols-Bonilla,1
700,,Under Votes,33
700,DEM,Mary 'MJ' Hegar,176
700,GRN,David B. Collins,8
700,LIB,Kerry Douglas McKennon,16
700,REP,John Cornyn,974
701,,Over Votes,0
701,,Ricardo Turullols-Bonilla,0
701,,Under Votes,18
701,DEM,Mary 'MJ' Hegar,186
701,GRN,David B. Collins,5
701,LIB,Kerry Douglas McKennon,8
701,REP,John Cornyn,152
702,,Over Votes,0
702,,Ricardo Turullols-Bonilla,0
702,,Under Votes,14
702,DEM,Mary 'MJ' Hegar,212
702,GRN,David B. Collins,2
702,LIB,Kerry Douglas McKennon,7
702,REP,John Cornyn,57
703,,Over Votes,0
703,,Ricardo Turullols-Bonilla,0
703,,Under Votes,27
703,DEM,Mary 'MJ' Hegar,512
703,GRN,David B. Collins,11
703,LIB,Kerry Douglas McKennon,18
703,REP,John Cornyn,1032
704,,Over Votes,0
704,,Ricardo Turullols-Bonilla,0
704,,Under Votes,46
704,DEM,Mary 'MJ' Hegar,541
704,GRN,David B. Collins,16
704,LIB,Kerry Douglas McKennon,36
704,REP,John Cornyn,1916
705,,Over Votes,1
705,,Ricardo Turullols-Bonilla,0
705,,Under Votes,30
705,DEM,Mary 'MJ' Hegar,491
705,GRN,David B. Collins,8
705,LIB,Kerry Douglas McKennon,10
705,REP,John Cornyn,80
706,,Over Votes,1
706,,Ricardo Turullols-Bonilla,0
706,,Under Votes,59
706,DEM,Mary 'MJ' Hegar,1264
706,GRN,David B. Collins,24
706,LIB,Kerry Douglas McKennon,31
706,REP,John Cornyn,775
707,,Over Votes,0
707,,Ricardo Turullols-Bonilla,0
707,,Under Votes,16
707,DEM,Mary 'MJ' Hegar,262
707,GRN,David B. Collins,5
707,LIB,Kerry Douglas McKennon,14
707,REP,John Cornyn,338
708,,Over Votes,0
708,,Ricardo Turullols-Bonilla,0
708,,Under Votes,17
708,DEM,Mary 'MJ' Hegar,168
708,GRN,David B. Collins,6
708,LIB,Kerry Douglas McKennon,10
708,REP,John Cornyn,109
709,,Over Votes,0
709,,Ricardo Turullols-Bonilla,1
709,,Under Votes,62
709,DEM,Mary 'MJ' Hegar,1664
709,GRN,David B. Collins,23
709,LIB,Kerry Douglas McKennon,58
709,REP,John Cornyn,1717
71,,Over Votes,0
71,,Ricardo Turullols-Bonilla,0
71,,Under Votes,83
71,DEM,Mary 'MJ' Hegar,2946
71,GRN,David B. Collins,24
71,LIB,Kerry Douglas McKennon,118
71,REP,John Cornyn,2311
710,,Over Votes,0
710,,Ricardo Turullols-Bonilla,0
710,,Under Votes,20
710,DEM,Mary 'MJ' Hegar,1028
710,GRN,David B. Collins,5
710,LIB,Kerry Douglas McKennon,23
710,REP,John Cornyn,944
711,,Over Votes,0
711,,Ricardo Turullols-Bonilla,0
711,,Under Votes,63
711,DEM,Mary 'MJ' Hegar,1914
711,GRN,David B. Collins,21
711,LIB,Kerry Douglas McKennon,55
711,REP,John Cornyn,1480
712,,Over Votes,0
712,,Ricardo Turullols-Bonilla,0
712,,Under Votes,84
712,DEM,Mary 'MJ' Hegar,1820
712,GRN,David B. Collins,35
712,LIB,Kerry Douglas McKennon,69
712,REP,John Cornyn,1055
713,,Over Votes,0
713,,Ricardo Turullols-Bonilla,0
713,,Under Votes,41
713,DEM,Mary 'MJ' Hegar,767
713,GRN,David B. Collins,12
713,LIB,Kerry Douglas McKennon,25
713,REP,John Cornyn,612
714,,Over Votes,0
714,,Ricardo Turullols-Bonilla,0
714,,Under Votes,13
714,DEM,Mary 'MJ' Hegar,75
714,GRN,David B. Collins,1
714,LIB,Kerry Douglas McKennon,2
714,REP,John Cornyn,77
715,,Over Votes,0
715,,Ricardo Turullols-Bonilla,0
715,,Under Votes,23
715,DEM,Mary 'MJ' Hegar,534
715,GRN,David B. Collins,5
715,LIB,Kerry Douglas McKennon,22
715,REP,John Cornyn,429
716,,Over Votes,0
716,,Ricardo Turullols-Bonilla,0
716,,Under Votes,38
716,DEM,Mary 'MJ' Hegar,576
716,GRN,David B. Collins,12
716,LIB,Kerry Douglas McKennon,41
716,REP,John Cornyn,1258
717,,Over Votes,0
717,,Ricardo Turullols-Bonilla,0
717,,Under Votes,41
717,DEM,Mary 'MJ' Hegar,1043
717,GRN,David B. Collins,25
717,LIB,Kerry Douglas McKennon,14
717,REP,John Cornyn,222
718,,Over Votes,1
718,,Ricardo Turullols-Bonilla,0
718,,Under Votes,77
718,DEM,Mary 'MJ' Hegar,1574
718,GRN,David B. Collins,22
718,LIB,Kerry Douglas McKennon,70
718,REP,John Cornyn,2407
719,,Over Votes,0
719,,Ricardo Turullols-Bonilla,0
719,,Under Votes,36
719,DEM,Mary 'MJ' Hegar,438
719,GRN,David B. Collins,12
719,LIB,Kerry Douglas McKennon,17
719,REP,John Cornyn,483
72,,Over Votes,0
72,,Ricardo Turullols-Bonilla,0
72,,Under Votes,59
72,DEM,Mary 'MJ' Hegar,864
72,GRN,David B. Collins,17
72,LIB,Kerry Douglas McKennon,34
72,REP,John Cornyn,403
720,,Over Votes,1
720,,Ricardo Turullols-Bonilla,0
720,,Under Votes,87
720,DEM,Mary 'MJ' Hegar,1568
720,GRN,David B. Collins,26
720,LIB,Kerry Douglas McKennon,77
720,REP,John Cornyn,2260
721,,Over Votes,0
721,,Ricardo Turullols-Bonilla,0
721,,Under Votes,44
721,DEM,Mary 'MJ' Hegar,986
721,GRN,David B. Collins,8
721,LIB,Kerry Douglas McKennon,54
721,REP,John Cornyn,1240
722,,Over Votes,1
722,,Ricardo Turullols-Bonilla,0
722,,Under Votes,104
722,DEM,Mary 'MJ' Hegar,2331
722,GRN,David B. Collins,31
722,LIB,Kerry Douglas McKennon,39
722,REP,John Cornyn,262
723,,Over Votes,0
723,,Ricardo Turullols-Bonilla,0
723,,Under Votes,42
723,DEM,Mary 'MJ' Hegar,975
723,GRN,David B. Collins,15
723,LIB,Kerry Douglas McKennon,26
723,REP,John Cornyn,310
724,,Over Votes,0
724,,Ricardo Turullols-Bonilla,0
724,,Under Votes,15
724,DEM,Mary 'MJ' Hegar,404
724,GRN,David B. Collins,6
724,LIB,Kerry Douglas McKennon,15
724,REP,John Cornyn,579
725,,Over Votes,1
725,,Ricardo Turullols-Bonilla,0
725,,Under Votes,43
725,DEM,Mary 'MJ' Hegar,793
725,GRN,David B. Collins,14
725,LIB,Kerry Douglas McKennon,21
725,REP,John Cornyn,543
726,,Over Votes,0
726,,Ricardo Turullols-Bonilla,0
726,,Under Votes,35
726,DEM,Mary 'MJ' Hegar,237
726,GRN,David B. Collins,6
726,LIB,Kerry Douglas McKennon,30
726,REP,John Cornyn,1464
727,,Over Votes,0
727,,Ricardo Turullols-Bonilla,0
727,,Under Votes,42
727,DEM,Mary 'MJ' Hegar,1204
727,GRN,David B. Collins,15
727,LIB,Kerry Douglas McKennon,29
727,REP,John Cornyn,375
728,,Over Votes,0
728,,Ricardo Turullols-Bonilla,0
728,,Under Votes,7
728,DEM,Mary 'MJ' Hegar,267
728,GRN,David B. Collins,8
728,LIB,Kerry Douglas McKennon,10
728,REP,John Cornyn,319
729,,Over Votes,0
729,,Ricardo Turullols-Bonilla,0
729,,Under Votes,8
729,DEM,Mary 'MJ' Hegar,175
729,GRN,David B. Collins,4
729,LIB,Kerry Douglas McKennon,4
729,REP,John Cornyn,163
73,,Over Votes,1
73,,Ricardo Turullols-Bonilla,0
73,,Under Votes,22
73,DEM,Mary 'MJ' Hegar,773
73,GRN,David B. Collins,10
73,LIB,Kerry Douglas McKennon,34
73,REP,John Cornyn,710
730,,Over Votes,0
730,,Ricardo Turullols-Bonilla,0
730,,Under Votes,42
730,DEM,Mary 'MJ' Hegar,780
730,GRN,David B. Collins,10
730,LIB,Kerry Douglas McKennon,32
730,REP,John Cornyn,1094
731,,Over Votes,1
731,,Ricardo Turullols-Bonilla,0
731,,Under Votes,107
731,DEM,Mary 'MJ' Hegar,1881
731,GRN,David B. Collins,29
731,LIB,Kerry Douglas McKennon,86
731,REP,John Cornyn,1282
732,,Over Votes,0
732,,Ricardo Turullols-Bonilla,0
732,,Under Votes,42
732,DEM,Mary 'MJ' Hegar,657
732,GRN,David B. Collins,10
732,LIB,Kerry Douglas McKennon,40
732,REP,John Cornyn,779
733,,Over Votes,0
733,,Ricardo Turullols-Bonilla,0
733,,Under Votes,7
733,DEM,Mary 'MJ' Hegar,108
733,GRN,David B. Collins,1
733,LIB,Kerry Douglas McKennon,1
733,REP,John Cornyn,50
734,,Over Votes,0
734,,Ricardo Turullols-Bonilla,0
734,,Under Votes,63
734,DEM,Mary 'MJ' Hegar,1419
734,GRN,David B. Collins,19
734,LIB,Kerry Douglas McKennon,70
734,REP,John Cornyn,2208
735,,Over Votes,0
735,,Ricardo Turullols-Bonilla,0
735,,Under Votes,11
735,DEM,Mary 'MJ' Hegar,244
735,GRN,David B. Collins,5
735,LIB,Kerry Douglas McKennon,11
735,REP,John Cornyn,300
736,,Over Votes,0
736,,Ricardo Turullols-Bonilla,0
736,,Under Votes,3
736,DEM,Mary 'MJ' Hegar,10
736,GRN,David B. Collins,0
736,LIB,Kerry Douglas McKennon,0
736,REP,John Cornyn,3
737,,Over Votes,0
737,,Ricardo Turullols-Bonilla,0
737,,Under Votes,1
737,DEM,Mary 'MJ' Hegar,9
737,GRN,David B. Collins,0
737,LIB,Kerry Douglas McKennon,0
737,REP,John Cornyn,14
738,,Over Votes,0
738,,Ricardo Turullols-Bonilla,0
738,,Under Votes,36
738,DEM,Mary 'MJ' Hegar,573
738,GRN,David B. Collins,16
738,LIB,Kerry Douglas McKennon,12
738,REP,John Cornyn,158
739,,Over Votes,1
739,,Ricardo Turullols-Bonilla,0
739,,Under Votes,57
739,DEM,Mary 'MJ' Hegar,887
739,GRN,David B. Collins,16
739,LIB,Kerry Douglas McKennon,38
739,REP,John Cornyn,660
74,,Over Votes,0
74,,Ricardo Turullols-Bonilla,0
74,,Under Votes,45
74,DEM,Mary 'MJ' Hegar,819
74,GRN,David B. Collins,9
74,LIB,Kerry Douglas McKennon,42
74,REP,John Cornyn,2046
740,,Over Votes,0
740,,Ricardo Turullols-Bonilla,0
740,,Under Votes,22
740,DEM,Mary 'MJ' Hegar,254
740,GRN,David B. Collins,3
740,LIB,Kerry Douglas McKennon,11
740,REP,John Cornyn,287
741,,Over Votes,0
741,,Ricardo Turullols-Bonilla,0
741,,Under Votes,56
741,DEM,Mary 'MJ' Hegar,893
741,GRN,David B. Collins,21
741,LIB,Kerry Douglas McKennon,26
741,REP,John Cornyn,474
742,,Over Votes,1
742,,Ricardo Turullols-Bonilla,0
742,,Under Votes,53
742,DEM,Mary 'MJ' Hegar,1099
742,GRN,David B. Collins,18
742,LIB,Kerry Douglas McKennon,39
742,REP,John Cornyn,1654
743,,Over Votes,1
743,,Ricardo Turullols-Bonilla,0
743,,Under Votes,11
743,DEM,Mary 'MJ' Hegar,66
743,GRN,David B. Collins,1
743,LIB,Kerry Douglas McKennon,3
743,REP,John Cornyn,36
744,,Over Votes,1
744,,Ricardo Turullols-Bonilla,0
744,,Under Votes,25
744,DEM,Mary 'MJ' Hegar,745
744,GRN,David B. Collins,13
744,LIB,Kerry Douglas McKennon,41
744,REP,John Cornyn,832
745,,Over Votes,0
745,,Ricardo Turullols-Bonilla,0
745,,Under Votes,30
745,DEM,Mary 'MJ' Hegar,836
745,GRN,David B. Collins,12
745,LIB,Kerry Douglas McKennon,45
745,REP,John Cornyn,994
746,,Over Votes,0
746,,Ricardo Turullols-Bonilla,0
746,,Under Votes,19
746,DEM,Mary 'MJ' Hegar,258
746,GRN,David B. Collins,7
746,LIB,Kerry Douglas McKennon,8
746,REP,John Cornyn,215
747,,Over Votes,0
747,,Ricardo Turullols-Bonilla,0
747,,Under Votes,76
747,DEM,Mary 'MJ' Hegar,2037
747,GRN,David B. Collins,31
747,LIB,Kerry Douglas McKennon,69
747,REP,John Cornyn,1235
748,,Over Votes,0
748,,Ricardo Turullols-Bonilla,0
748,,Under Votes,23
748,DEM,Mary 'MJ' Hegar,554
748,GRN,David B. Collins,10
748,LIB,Kerry Douglas McKennon,34
748,REP,John Cornyn,412
749,,Over Votes,0
749,,Ricardo Turullols-Bonilla,0
749,,Under Votes,11
749,DEM,Mary 'MJ' Hegar,131
749,GRN,David B. Collins,0
749,LIB,Kerry Douglas McKennon,10
749,REP,John Cornyn,43
75,,Over Votes,1
75,,Ricardo Turullols-Bonilla,0
75,,Under Votes,22
75,DEM,Mary 'MJ' Hegar,1013
75,GRN,David B. Collins,10
75,LIB,Kerry Douglas McKennon,43
75,REP,John Cornyn,681
750,,Over Votes,0
750,,Ricardo Turullols-Bonilla,0
750,,Under Votes,25
750,DEM,Mary 'MJ' Hegar,241
750,GRN,David B. Collins,7
750,LIB,Kerry Douglas McKennon,16
750,REP,John Cornyn,254
751,,Over Votes,0
751,,Ricardo Turullols-Bonilla,0
751,,Under Votes,94
751,DEM,Mary 'MJ' Hegar,2218
751,GRN,David B. Collins,43
751,LIB,Kerry Douglas McKennon,108
751,REP,John Cornyn,2750
752,,Over Votes,0
752,,Ricardo Turullols-Bonilla,0
752,,Under Votes,20
752,DEM,Mary 'MJ' Hegar,356
752,GRN,David B. Collins,4
752,LIB,Kerry Douglas McKennon,21
752,REP,John Cornyn,641
753,,Over Votes,0
753,,Ricardo Turullols-Bonilla,0
753,,Under Votes,12
753,DEM,Mary 'MJ' Hegar,233
753,GRN,David B. Collins,4
753,LIB,Kerry Douglas McKennon,10
753,REP,John Cornyn,120
754,,Over Votes,0
754,,Ricardo Turullols-Bonilla,0
754,,Under Votes,32
754,DEM,Mary 'MJ' Hegar,577
754,GRN,David B. Collins,9
754,LIB,Kerry Douglas McKennon,22
754,REP,John Cornyn,59
755,,Over Votes,1
755,,Ricardo Turullols-Bonilla,0
755,,Under Votes,149
755,DEM,Mary 'MJ' Hegar,2095
755,GRN,David B. Collins,43
755,LIB,Kerry Douglas McKennon,62
755,REP,John Cornyn,1408
756,,Over Votes,0
756,,Ricardo Turullols-Bonilla,0
756,,Under Votes,36
756,DEM,Mary 'MJ' Hegar,758
756,GRN,David B. Collins,16
756,LIB,Kerry Douglas McKennon,23
756,REP,John Cornyn,390
757,,Over Votes,0
757,,Ricardo Turullols-Bonilla,0
757,,Under Votes,111
757,DEM,Mary 'MJ' Hegar,2804
757,GRN,David B. Collins,48
757,LIB,Kerry Douglas McKennon,76
757,REP,John Cornyn,653
758,,Over Votes,0
758,,Ricardo Turullols-Bonilla,0
758,,Under Votes,60
758,DEM,Mary 'MJ' Hegar,1001
758,GRN,David B. Collins,19
758,LIB,Kerry Douglas McKennon,48
758,REP,John Cornyn,2550
759,,Over Votes,0
759,,Ricardo Turullols-Bonilla,0
759,,Under Votes,56
759,DEM,Mary 'MJ' Hegar,948
759,GRN,David B. Collins,16
759,LIB,Kerry Douglas McKennon,39
759,REP,John Cornyn,1097
76,,Over Votes,0
76,,Ricardo Turullols-Bonilla,0
76,,Under Votes,58
76,DEM,Mary 'MJ' Hegar,752
76,GRN,David B. Collins,15
76,LIB,Kerry Douglas McKennon,21
76,REP,John Cornyn,762
760,,Over Votes,0
760,,Ricardo Turullols-Bonilla,0
760,,Under Votes,19
760,DEM,Mary 'MJ' Hegar,392
760,GRN,David B. Collins,5
760,LIB,Kerry Douglas McKennon,23
760,REP,John Cornyn,1265
761,,Over Votes,0
761,,Ricardo Turullols-Bonilla,0
761,,Under Votes,16
761,DEM,Mary 'MJ' Hegar,489
761,GRN,David B. Collins,7
761,LIB,Kerry Douglas McKennon,15
761,REP,John Cornyn,977
762,,Over Votes,0
762,,Ricardo Turullols-Bonilla,0
762,,Under Votes,77
762,DEM,Mary 'MJ' Hegar,1311
762,GRN,David B. Collins,19
762,LIB,Kerry Douglas McKennon,34
762,REP,John Cornyn,1129
763,,Over Votes,0
763,,Ricardo Turullols-Bonilla,0
763,,Under Votes,36
763,DEM,Mary 'MJ' Hegar,395
763,GRN,David B. Collins,9
763,LIB,Kerry Douglas McKennon,16
763,REP,John Cornyn,267
764,,Over Votes,0
764,,Ricardo Turullols-Bonilla,0
764,,Under Votes,86
764,DEM,Mary 'MJ' Hegar,1703
764,GRN,David B. Collins,15
764,LIB,Kerry Douglas McKennon,63
764,REP,John Cornyn,2046
765,,Over Votes,0
765,,Ricardo Turullols-Bonilla,0
765,,Under Votes,104
765,DEM,Mary 'MJ' Hegar,2302
765,GRN,David B. Collins,39
765,LIB,Kerry Douglas McKennon,69
765,REP,John Cornyn,1008
766,,Over Votes,0
766,,Ricardo Turullols-Bonilla,0
766,,Under Votes,18
766,DEM,Mary 'MJ' Hegar,164
766,GRN,David B. Collins,3
766,LIB,Kerry Douglas McKennon,4
766,REP,John Cornyn,60
767,,Over Votes,0
767,,Ricardo Turullols-Bonilla,0
767,,Under Votes,5
767,DEM,Mary 'MJ' Hegar,24
767,GRN,David B. Collins,0
767,LIB,Kerry Douglas McKennon,1
767,REP,John Cornyn,26
768,,Over Votes,0
768,,Ricardo Turullols-Bonilla,0
768,,Under Votes,34
768,DEM,Mary 'MJ' Hegar,624
768,GRN,David B. Collins,8
768,LIB,Kerry Douglas McKennon,37
768,REP,John Cornyn,1467
769,,Over Votes,0
769,,Ricardo Turullols-Bonilla,0
769,,Under Votes,8
769,DEM,Mary 'MJ' Hegar,89
769,GRN,David B. Collins,1
769,LIB,Kerry Douglas McKennon,2
769,REP,John Cornyn,14
77,,Over Votes,0
77,,Ricardo Turullols-Bonilla,0
77,,Under Votes,1
77,DEM,Mary 'MJ' Hegar,2
77,GRN,David B. Collins,0
77,LIB,Kerry Douglas McKennon,1
77,REP,John Cornyn,3
770,,Over Votes,0
770,,Ricardo Turullols-Bonilla,0
770,,Under Votes,6
770,DEM,Mary 'MJ' Hegar,127
770,GRN,David B. Collins,1
770,LIB,Kerry Douglas McKennon,5
770,REP,John Cornyn,74
771,,Over Votes,0
771,,Ricardo Turullols-Bonilla,0
771,,Under Votes,35
771,DEM,Mary 'MJ' Hegar,519
771,GRN,David B. Collins,13
771,LIB,Kerry Douglas McKennon,22
771,REP,John Cornyn,368
772,,Over Votes,0
772,,Ricardo Turullols-Bonilla,0
772,,Under Votes,38
772,DEM,Mary 'MJ' Hegar,1243
772,GRN,David B. Collins,10
772,LIB,Kerry Douglas McKennon,53
772,REP,John Cornyn,2390
773,,Over Votes,2
773,,Ricardo Turullols-Bonilla,0
773,,Under Votes,155
773,DEM,Mary 'MJ' Hegar,1753
773,GRN,David B. Collins,25
773,LIB,Kerry Douglas McKennon,39
773,REP,John Cornyn,1098
774,,Over Votes,0
774,,Ricardo Turullols-Bonilla,0
774,,Under Votes,7
774,DEM,Mary 'MJ' Hegar,267
774,GRN,David B. Collins,3
774,LIB,Kerry Douglas McKennon,6
774,REP,John Cornyn,86
775,,Over Votes,0
775,,Ricardo Turullols-Bonilla,0
775,,Under Votes,4
775,DEM,Mary 'MJ' Hegar,53
775,GRN,David B. Collins,0
775,LIB,Kerry Douglas McKennon,1
775,REP,John Cornyn,7
776,,Over Votes,0
776,,Ricardo Turullols-Bonilla,0
776,,Under Votes,43
776,DEM,Mary 'MJ' Hegar,1037
776,GRN,David B. Collins,15
776,LIB,Kerry Douglas McKennon,61
776,REP,John Cornyn,1093
777,,Over Votes,0
777,,Ricardo Turullols-Bonilla,0
777,,Under Votes,10
777,DEM,Mary 'MJ' Hegar,192
777,GRN,David B. Collins,7
777,LIB,Kerry Douglas McKennon,8
777,REP,John Cornyn,90
778,,Over Votes,0
778,,Ricardo Turullols-Bonilla,0
778,,Under Votes,0
778,DEM,Mary 'MJ' Hegar,0
778,GRN,David B. Collins,0
778,LIB,Kerry Douglas McKennon,0
778,REP,John Cornyn,0
779,,Over Votes,0
779,,Ricardo Turullols-Bonilla,0
779,,Under Votes,40
779,DEM,Mary 'MJ' Hegar,268
779,GRN,David B. Collins,7
779,LIB,Kerry Douglas McKennon,1
779,REP,John Cornyn,135
78,,Over Votes,1
78,,Ricardo Turullols-Bonilla,0
78,,Under Votes,46
78,DEM,Mary 'MJ' Hegar,604
78,GRN,David B. Collins,17
78,LIB,Kerry Douglas McKennon,23
78,REP,John Cornyn,301
780,,Over Votes,0
780,,Ricardo Turullols-Bonilla,0
780,,Under Votes,23
780,DEM,Mary 'MJ' Hegar,203
780,GRN,David B. Collins,3
780,LIB,Kerry Douglas McKennon,6
780,REP,John Cornyn,113
781,,Over Votes,0
781,,Ricardo Turullols-Bonilla,0
781,,Under Votes,139
781,DEM,Mary 'MJ' Hegar,1239
781,GRN,David B. Collins,23
781,LIB,Kerry Douglas McKennon,39
781,REP,John Cornyn,915
782,,Over Votes,0
782,,Ricardo Turullols-Bonilla,0
782,,Under Votes,44
782,DEM,Mary 'MJ' Hegar,698
782,GRN,David B. Collins,9
782,LIB,Kerry Douglas McKennon,38
782,REP,John Cornyn,964
783,,Over Votes,0
783,,Ricardo Turullols-Bonilla,0
783,,Under Votes,20
783,DEM,Mary 'MJ' Hegar,437
783,GRN,David B. Collins,3
783,LIB,Kerry Douglas McKennon,9
783,REP,John Cornyn,75
784,,Over Votes,0
784,,Ricardo Turullols-Bonilla,0
784,,Under Votes,28
784,DEM,Mary 'MJ' Hegar,484
784,GRN,David B. Collins,7
784,LIB,Kerry Douglas McKennon,7
784,REP,John Cornyn,33
785,,Over Votes,0
785,,Ricardo Turullols-Bonilla,0
785,,Under Votes,84
785,DEM,Mary 'MJ' Hegar,1887
785,GRN,David B. Collins,25
785,LIB,Kerry Douglas McKennon,78
785,REP,John Cornyn,1762
786,,Over Votes,0
786,,Ricardo Turullols-Bonilla,0
786,,Under Votes,38
786,DEM,Mary 'MJ' Hegar,405
786,GRN,David B. Collins,8
786,LIB,Kerry Douglas McKennon,9
786,REP,John Cornyn,224
787,,Over Votes,0
787,,Ricardo Turullols-Bonilla,0
787,,Under Votes,27
787,DEM,Mary 'MJ' Hegar,183
787,GRN,David B. Collins,7
787,LIB,Kerry Douglas McKennon,11
787,REP,John Cornyn,88
788,,Over Votes,0
788,,Ricardo Turullols-Bonilla,0
788,,Under Votes,0
788,DEM,Mary 'MJ' Hegar,3
788,GRN,David B. Collins,0
788,LIB,Kerry Douglas McKennon,0
788,REP,John Cornyn,1
789,,Over Votes,0
789,,Ricardo Turullols-Bonilla,0
789,,Under Votes,33
789,DEM,Mary 'MJ' Hegar,1004
789,GRN,David B. Collins,23
789,LIB,Kerry Douglas McKennon,33
789,REP,John Cornyn,1094
79,,Over Votes,1
79,,Ricardo Turullols-Bonilla,0
79,,Under Votes,102
79,DEM,Mary 'MJ' Hegar,953
79,GRN,David B. Collins,21
79,LIB,Kerry Douglas McKennon,31
79,REP,John Cornyn,397
790,,Over Votes,0
790,,Ricardo Turullols-Bonilla,0
790,,Under Votes,68
790,DEM,Mary 'MJ' Hegar,1181
790,GRN,David B. Collins,21
790,LIB,Kerry Douglas McKennon,35
790,REP,John Cornyn,639
791,,Over Votes,0
791,,Ricardo Turullols-Bonilla,0
791,,Under Votes,0
791,DEM,Mary 'MJ' Hegar,14
791,GRN,David B. Collins,0
791,LIB,Kerry Douglas McKennon,0
791,REP,John Cornyn,1
792,,Over Votes,0
792,,Ricardo Turullols-Bonilla,0
792,,Under Votes,55
792,DEM,Mary 'MJ' Hegar,747
792,GRN,David B. Collins,8
792,LIB,Kerry Douglas McKennon,24
792,REP,John Cornyn,328
793,,Over Votes,0
793,,Ricardo Turullols-Bonilla,0
793,,Under Votes,57
793,DEM,Mary 'MJ' Hegar,746
793,GRN,David B. Collins,9
793,LIB,Kerry Douglas McKennon,26
793,REP,John Cornyn,788
794,,Over Votes,0
794,,Ricardo Turullols-Bonilla,0
794,,Under Votes,50
794,DEM,Mary 'MJ' Hegar,944
794,GRN,David B. Collins,17
794,LIB,Kerry Douglas McKennon,31
794,REP,John Cornyn,168
795,,Over Votes,0
795,,Ricardo Turullols-Bonilla,0
795,,Under Votes,48
795,DEM,Mary 'MJ' Hegar,391
795,GRN,David B. Collins,9
795,LIB,Kerry Douglas McKennon,16
795,REP,John Cornyn,239
796,,Over Votes,0
796,,Ricardo Turullols-Bonilla,0
796,,Under Votes,48
796,DEM,Mary 'MJ' Hegar,1303
796,GRN,David B. Collins,26
796,LIB,Kerry Douglas McKennon,38
796,REP,John Cornyn,856
797,,Over Votes,0
797,,Ricardo Turullols-Bonilla,0
797,,Under Votes,0
797,DEM,Mary 'MJ' Hegar,0
797,GRN,David B. Collins,0
797,LIB,Kerry Douglas McKennon,0
797,REP,John Cornyn,0
798,,Over Votes,0
798,,Ricardo Turullols-Bonilla,0
798,,Under Votes,8
798,DEM,Mary 'MJ' Hegar,251
798,GRN,David B. Collins,7
798,LIB,Kerry Douglas McKennon,17
798,REP,John Cornyn,148
799,,Over Votes,0
799,,Ricardo Turullols-Bonilla,0
799,,Under Votes,0
799,DEM,Mary 'MJ' Hegar,84
799,GRN,David B. Collins,1
799,LIB,Kerry Douglas McKennon,1
799,REP,John Cornyn,25
8,,Over Votes,0
8,,Ricardo Turullols-Bonilla,1
8,,Under Votes,38
8,DEM,Mary 'MJ' Hegar,679
8,GRN,David B. Collins,6
8,LIB,Kerry Douglas McKennon,27
8,REP,John Cornyn,552
80,,Over Votes,0
80,,Ricardo Turullols-Bonilla,0
80,,Under Votes,85
80,DEM,Mary 'MJ' Hegar,1174
80,GRN,David B. Collins,17
80,LIB,Kerry Douglas McKennon,40
80,REP,John Cornyn,441
800,,Over Votes,0
800,,Ricardo Turullols-Bonilla,0
800,,Under Votes,55
800,DEM,Mary 'MJ' Hegar,1235
800,GRN,David B. Collins,19
800,LIB,Kerry Douglas McKennon,77
800,REP,John Cornyn,1554
801,,Over Votes,0
801,,Ricardo Turullols-Bonilla,0
801,,Under Votes,5
801,DEM,Mary 'MJ' Hegar,116
801,GRN,David B. Collins,4
801,LIB,Kerry Douglas McKennon,3
801,REP,John Cornyn,54
802,,Over Votes,0
802,,Ricardo Turullols-Bonilla,0
802,,Under Votes,0
802,DEM,Mary 'MJ' Hegar,11
802,GRN,David B. Collins,0
802,LIB,Kerry Douglas McKennon,0
802,REP,John Cornyn,3
803,,Over Votes,0
803,,Ricardo Turullols-Bonilla,0
803,,Under Votes,59
803,DEM,Mary 'MJ' Hegar,1379
803,GRN,David B. Collins,15
803,LIB,Kerry Douglas McKennon,53
803,REP,John Cornyn,2224
804,,Over Votes,0
804,,Ricardo Turullols-Bonilla,0
804,,Under Votes,132
804,DEM,Mary 'MJ' Hegar,2441
804,GRN,David B. Collins,40
804,LIB,Kerry Douglas McKennon,81
804,REP,John Cornyn,2129
805,,Over Votes,0
805,,Ricardo Turullols-Bonilla,0
805,,Under Votes,33
805,DEM,Mary 'MJ' Hegar,602
805,GRN,David B. Collins,14
805,LIB,Kerry Douglas McKennon,44
805,REP,John Cornyn,1591
806,,Over Votes,0
806,,Ricardo Turullols-Bonilla,0
806,,Under Votes,48
806,DEM,Mary 'MJ' Hegar,890
806,GRN,David B. Collins,13
806,LIB,Kerry Douglas McKennon,46
806,REP,John Cornyn,1319
807,,Over Votes,0
807,,Ricardo Turullols-Bonilla,0
807,,Under Votes,34
807,DEM,Mary 'MJ' Hegar,880
807,GRN,David B. Collins,14
807,LIB,Kerry Douglas McKennon,24
807,REP,John Cornyn,215
808,,Over Votes,0
808,,Ricardo Turullols-Bonilla,0
808,,Under Votes,6
808,DEM,Mary 'MJ' Hegar,366
808,GRN,David B. Collins,5
808,LIB,Kerry Douglas McKennon,8
808,REP,John Cornyn,120
809,,Over Votes,0
809,,Ricardo Turullols-Bonilla,0
809,,Under Votes,7
809,DEM,Mary 'MJ' Hegar,18
809,GRN,David B. Collins,0
809,LIB,Kerry Douglas McKennon,0
809,REP,John Cornyn,29
81,,Over Votes,0
81,,Ricardo Turullols-Bonilla,0
81,,Under Votes,182
81,DEM,Mary 'MJ' Hegar,638
81,GRN,David B. Collins,21
81,LIB,Kerry Douglas McKennon,17
81,REP,John Cornyn,462
810,,Over Votes,0
810,,Ricardo Turullols-Bonilla,0
810,,Under Votes,8
810,DEM,Mary 'MJ' Hegar,48
810,GRN,David B. Collins,1
810,LIB,Kerry Douglas McKennon,0
810,REP,John Cornyn,21
811,,Over Votes,0
811,,Ricardo Turullols-Bonilla,0
811,,Under Votes,9
811,DEM,Mary 'MJ' Hegar,98
811,GRN,David B. Collins,0
811,LIB,Kerry Douglas McKennon,1
811,REP,John Cornyn,47
812,,Over Votes,0
812,,Ricardo Turullols-Bonilla,0
812,,Under Votes,0
812,DEM,Mary 'MJ' Hegar,1
812,GRN,David B. Collins,0
812,LIB,Kerry Douglas McKennon,0
812,REP,John Cornyn,0
813,,Over Votes,0
813,,Ricardo Turullols-Bonilla,0
813,,Under Votes,68
813,DEM,Mary 'MJ' Hegar,1709
813,GRN,David B. Collins,41
813,LIB,Kerry Douglas McKennon,61
813,REP,John Cornyn,1192
814,,Over Votes,0
814,,Ricardo Turullols-Bonilla,1
814,,Under Votes,109
814,DEM,Mary 'MJ' Hegar,2437
814,GRN,David B. Collins,29
814,LIB,Kerry Douglas McKennon,63
814,REP,John Cornyn,844
815,,Over Votes,0
815,,Ricardo Turullols-Bonilla,0
815,,Under Votes,0
815,DEM,Mary 'MJ' Hegar,0
815,GRN,David B. Collins,0
815,LIB,Kerry Douglas McKennon,0
815,REP,John Cornyn,0
816,,Over Votes,0
816,,Ricardo Turullols-Bonilla,0
816,,Under Votes,3
816,DEM,Mary 'MJ' Hegar,14
816,GRN,David B. Collins,0
816,LIB,Kerry Douglas McKennon,1
816,REP,John Cornyn,7
817,,Over Votes,0
817,,Ricardo Turullols-Bonilla,0
817,,Under Votes,79
817,DEM,Mary 'MJ' Hegar,1388
817,GRN,David B. Collins,24
817,LIB,Kerry Douglas McKennon,77
817,REP,John Cornyn,2765
818,,Over Votes,0
818,,Ricardo Turullols-Bonilla,0
818,,Under Votes,21
818,DEM,Mary 'MJ' Hegar,241
818,GRN,David B. Collins,4
818,LIB,Kerry Douglas McKennon,7
818,REP,John Cornyn,87
819,,Over Votes,0
819,,Ricardo Turullols-Bonilla,0
819,,Under Votes,3
819,DEM,Mary 'MJ' Hegar,67
819,GRN,David B. Collins,0
819,LIB,Kerry Douglas McKennon,1
819,REP,John Cornyn,79
82,,Over Votes,0
82,,Ricardo Turullols-Bonilla,0
82,,Under Votes,42
82,DEM,Mary 'MJ' Hegar,880
82,GRN,David B. Collins,19
82,LIB,Kerry Douglas McKennon,62
82,REP,John Cornyn,1678
820,,Over Votes,0
820,,Ricardo Turullols-Bonilla,0
820,,Under Votes,0
820,DEM,Mary 'MJ' Hegar,1
820,GRN,David B. Collins,0
820,LIB,Kerry Douglas McKennon,0
820,REP,John Cornyn,0
821,,Over Votes,0
821,,Ricardo Turullols-Bonilla,0
821,,Under Votes,25
821,DEM,Mary 'MJ' Hegar,434
821,GRN,David B. Collins,9
821,LIB,Kerry Douglas McKennon,18
821,REP,John Cornyn,111
822,,Over Votes,0
822,,Ricardo Turullols-Bonilla,0
822,,Under Votes,29
822,DEM,Mary 'MJ' Hegar,734
822,GRN,David B. Collins,10
822,LIB,Kerry Douglas McKennon,9
822,REP,John Cornyn,77
823,,Over Votes,1
823,,Ricardo Turullols-Bonilla,0
823,,Under Votes,59
823,DEM,Mary 'MJ' Hegar,1004
823,GRN,David B. Collins,23
823,LIB,Kerry Douglas McKennon,46
823,REP,John Cornyn,1128
824,,Over Votes,0
824,,Ricardo Turullols-Bonilla,0
824,,Under Votes,52
824,DEM,Mary 'MJ' Hegar,1230
824,GRN,David B. Collins,19
824,LIB,Kerry Douglas McKennon,35
824,REP,John Cornyn,404
825,,Over Votes,0
825,,Ricardo Turullols-Bonilla,0
825,,Under Votes,0
825,DEM,Mary 'MJ' Hegar,10
825,GRN,David B. Collins,0
825,LIB,Kerry Douglas McKennon,1
825,REP,John Cornyn,5
826,,Over Votes,0
826,,Ricardo Turullols-Bonilla,0
826,,Under Votes,8
826,DEM,Mary 'MJ' Hegar,171
826,GRN,David B. Collins,0
826,LIB,Kerry Douglas McKennon,1
826,REP,John Cornyn,137
827,,Over Votes,0
827,,Ricardo Turullols-Bonilla,1
827,,Under Votes,29
827,DEM,Mary 'MJ' Hegar,259
827,GRN,David B. Collins,8
827,LIB,Kerry Douglas McKennon,10
827,REP,John Cornyn,188
828,,Over Votes,0
828,,Ricardo Turullols-Bonilla,0
828,,Under Votes,26
828,DEM,Mary 'MJ' Hegar,405
828,GRN,David B. Collins,9
828,LIB,Kerry Douglas McKennon,27
828,REP,John Cornyn,1175
829,,Over Votes,0
829,,Ricardo Turullols-Bonilla,0
829,,Under Votes,1
829,DEM,Mary 'MJ' Hegar,33
829,GRN,David B. Collins,0
829,LIB,Kerry Douglas McKennon,1
829,REP,John Cornyn,28
83,,Over Votes,0
83,,Ricardo Turullols-Bonilla,0
83,,Under Votes,72
83,DEM,Mary 'MJ' Hegar,1767
83,GRN,David B. Collins,24
83,LIB,Kerry Douglas McKennon,48
83,REP,John Cornyn,1008
830,,Over Votes,0
830,,Ricardo Turullols-Bonilla,0
830,,Under Votes,1
830,DEM,Mary 'MJ' Hegar,58
830,GRN,David B. Collins,0
830,LIB,Kerry Douglas McKennon,1
830,REP,John Cornyn,24
831,,Over Votes,0
831,,Ricardo Turullols-Bonilla,0
831,,Under Votes,0
831,DEM,Mary 'MJ' Hegar,9
831,GRN,David B. Collins,0
831,LIB,Kerry Douglas McKennon,0
831,REP,John Cornyn,3
832,,Over Votes,0
832,,Ricardo Turullols-Bonilla,0
832,,Under Votes,15
832,DEM,Mary 'MJ' Hegar,139
832,GRN,David B. Collins,2
832,LIB,Kerry Douglas McKennon,6
832,REP,John Cornyn,51
833,,Over Votes,0
833,,Ricardo Turullols-Bonilla,0
833,,Under Votes,0
833,DEM,Mary 'MJ' Hegar,10
833,GRN,David B. Collins,1
833,LIB,Kerry Douglas McKennon,0
833,REP,John Cornyn,1
834,,Over Votes,0
834,,Ricardo Turullols-Bonilla,0
834,,Under Votes,10
834,DEM,Mary 'MJ' Hegar,206
834,GRN,David B. Collins,1
834,LIB,Kerry Douglas McKennon,3
834,REP,John Cornyn,24
835,,Over Votes,1
835,,Ricardo Turullols-Bonilla,0
835,,Under Votes,9
835,DEM,Mary 'MJ' Hegar,109
835,GRN,David B. Collins,3
835,LIB,Kerry Douglas McKennon,4
835,REP,John Cornyn,58
836,,Over Votes,2
836,,Ricardo Turullols-Bonilla,0
836,,Under Votes,18
836,DEM,Mary 'MJ' Hegar,141
836,GRN,David B. Collins,1
836,LIB,Kerry Douglas McKennon,3
836,REP,John Cornyn,22
837,,Over Votes,0
837,,Ricardo Turullols-Bonilla,0
837,,Under Votes,1
837,DEM,Mary 'MJ' Hegar,45
837,GRN,David B. Collins,0
837,LIB,Kerry Douglas McKennon,2
837,REP,John Cornyn,28
838,,Over Votes,0
838,,Ricardo Turullols-Bonilla,0
838,,Under Votes,0
838,DEM,Mary 'MJ' Hegar,0
838,GRN,David B. Collins,0
838,LIB,Kerry Douglas McKennon,0
838,REP,John Cornyn,0
839,,Over Votes,0
839,,Ricardo Turullols-Bonilla,0
839,,Under Votes,29
839,DEM,Mary 'MJ' Hegar,508
839,GRN,David B. Collins,9
839,LIB,Kerry Douglas McKennon,12
839,REP,John Cornyn,173
84,,Over Votes,0
84,,Ricardo Turullols-Bonilla,0
84,,Under Votes,20
84,DEM,Mary 'MJ' Hegar,263
84,GRN,David B. Collins,5
84,LIB,Kerry Douglas McKennon,19
84,REP,John Cornyn,661
840,,Over Votes,0
840,,Ricardo Turullols-Bonilla,0
840,,Under Votes,32
840,DEM,Mary 'MJ' Hegar,761
840,GRN,David B. Collins,11
840,LIB,Kerry Douglas McKennon,25
840,REP,John Cornyn,436
841,,Over Votes,0
841,,Ricardo Turullols-Bonilla,0
841,,Under Votes,53
841,DEM,Mary 'MJ' Hegar,1833
841,GRN,David B. Collins,32
841,LIB,Kerry Douglas McKennon,41
841,REP,John Cornyn,613
842,,Over Votes,0
842,,Ricardo Turullols-Bonilla,0
842,,Under Votes,76
842,DEM,Mary 'MJ' Hegar,1178
842,GRN,David B. Collins,25
842,LIB,Kerry Douglas McKennon,41
842,REP,John Cornyn,797
843,,Over Votes,0
843,,Ricardo Turullols-Bonilla,0
843,,Under Votes,28
843,DEM,Mary 'MJ' Hegar,758
843,GRN,David B. Collins,12
843,LIB,Kerry Douglas McKennon,18
843,REP,John Cornyn,224
844,,Over Votes,0
844,,Ricardo Turullols-Bonilla,0
844,,Under Votes,0
844,DEM,Mary 'MJ' Hegar,3
844,GRN,David B. Collins,0
844,LIB,Kerry Douglas McKennon,1
844,REP,John Cornyn,0
845,,Over Votes,0
845,,Ricardo Turullols-Bonilla,0
845,,Under Votes,5
845,DEM,Mary 'MJ' Hegar,84
845,GRN,David B. Collins,1
845,LIB,Kerry Douglas McKennon,1
845,REP,John Cornyn,127
846,,Over Votes,0
846,,Ricardo Turullols-Bonilla,0
846,,Under Votes,3
846,DEM,Mary 'MJ' Hegar,103
846,GRN,David B. Collins,1
846,LIB,Kerry Douglas McKennon,3
846,REP,John Cornyn,24
847,,Over Votes,0
847,,Ricardo Turullols-Bonilla,0
847,,Under Votes,37
847,DEM,Mary 'MJ' Hegar,1228
847,GRN,David B. Collins,19
847,LIB,Kerry Douglas McKennon,28
847,REP,John Cornyn,430
848,,Over Votes,1
848,,Ricardo Turullols-Bonilla,0
848,,Under Votes,34
848,DEM,Mary 'MJ' Hegar,863
848,GRN,David B. Collins,11
848,LIB,Kerry Douglas McKennon,19
848,REP,John Cornyn,370
849,,Over Votes,1
849,,Ricardo Turullols-Bonilla,0
849,,Under Votes,73
849,DEM,Mary 'MJ' Hegar,908
849,GRN,David B. Collins,25
849,LIB,Kerry Douglas McKennon,25
849,REP,John Cornyn,528
85,,Over Votes,0
85,,Ricardo Turullols-Bonilla,0
85,,Under Votes,25
85,DEM,Mary 'MJ' Hegar,962
85,GRN,David B. Collins,10
85,LIB,Kerry Douglas McKennon,15
85,REP,John Cornyn,61
850,,Over Votes,0
850,,Ricardo Turullols-Bonilla,0
850,,Under Votes,3
850,DEM,Mary 'MJ' Hegar,95
850,GRN,David B. Collins,2
850,LIB,Kerry Douglas McKennon,3
850,REP,John Cornyn,61
851,,Over Votes,0
851,,Ricardo Turullols-Bonilla,0
851,,Under Votes,61
851,DEM,Mary 'MJ' Hegar,1203
851,GRN,David B. Collins,20
851,LIB,Kerry Douglas McKennon,71
851,REP,John Cornyn,1785
852,,Over Votes,0
852,,Ricardo Turullols-Bonilla,0
852,,Under Votes,0
852,DEM,Mary 'MJ' Hegar,0
852,GRN,David B. Collins,0
852,LIB,Kerry Douglas McKennon,0
852,REP,John Cornyn,0
853,,Over Votes,0
853,,Ricardo Turullols-Bonilla,0
853,,Under Votes,38
853,DEM,Mary 'MJ' Hegar,746
853,GRN,David B. Collins,8
853,LIB,Kerry Douglas McKennon,40
853,REP,John Cornyn,1584
854,,Over Votes,0
854,,Ricardo Turullols-Bonilla,0
854,,Under Votes,1
854,DEM,Mary 'MJ' Hegar,68
854,GRN,David B. Collins,0
854,LIB,Kerry Douglas McKennon,1
854,REP,John Cornyn,11
855,,Over Votes,0
855,,Ricardo Turullols-Bonilla,0
855,,Under Votes,0
855,DEM,Mary 'MJ' Hegar,3
855,GRN,David B. Collins,0
855,LIB,Kerry Douglas McKennon,0
855,REP,John Cornyn,6
856,,Over Votes,0
856,,Ricardo Turullols-Bonilla,0
856,,Under Votes,0
856,DEM,Mary 'MJ' Hegar,0
856,GRN,David B. Collins,0
856,LIB,Kerry Douglas McKennon,0
856,REP,John Cornyn,0
857,,Over Votes,0
857,,Ricardo Turullols-Bonilla,0
857,,Under Votes,0
857,DEM,Mary 'MJ' Hegar,0
857,GRN,David B. Collins,0
857,LIB,Kerry Douglas McKennon,0
857,REP,John Cornyn,0
858,,Over Votes,0
858,,Ricardo Turullols-Bonilla,0
858,,Under Votes,14
858,DEM,Mary 'MJ' Hegar,180
858,GRN,David B. Collins,5
858,LIB,Kerry Douglas McKennon,4
858,REP,John Cornyn,6
859,,Over Votes,0
859,,Ricardo Turullols-Bonilla,0
859,,Under Votes,22
859,DEM,Mary 'MJ' Hegar,445
859,GRN,David B. Collins,9
859,LIB,Kerry Douglas McKennon,16
859,REP,John Cornyn,137
86,,Over Votes,0
86,,Ricardo Turullols-Bonilla,1
86,,Under Votes,55
86,DEM,Mary 'MJ' Hegar,2089
86,GRN,David B. Collins,26
86,LIB,Kerry Douglas McKennon,99
86,REP,John Cornyn,1418
860,,Over Votes,0
860,,Ricardo Turullols-Bonilla,0
860,,Under Votes,0
860,DEM,Mary 'MJ' Hegar,1
860,GRN,David B. Collins,0
860,LIB,Kerry Douglas McKennon,0
860,REP,John Cornyn,0
861,,Over Votes,0
861,,Ricardo Turullols-Bonilla,0
861,,Under Votes,55
861,DEM,Mary 'MJ' Hegar,889
861,GRN,David B. Collins,13
861,LIB,Kerry Douglas McKennon,21
861,REP,John Cornyn,238
862,,Over Votes,0
862,,Ricardo Turullols-Bonilla,0
862,,Under Votes,66
862,DEM,Mary 'MJ' Hegar,1314
862,GRN,David B. Collins,21
862,LIB,Kerry Douglas McKennon,47
862,REP,John Cornyn,1670
863,,Over Votes,0
863,,Ricardo Turullols-Bonilla,0
863,,Under Votes,10
863,DEM,Mary 'MJ' Hegar,275
863,GRN,David B. Collins,4
863,LIB,Kerry Douglas McKennon,5
863,REP,John Cornyn,27
864,,Over Votes,0
864,,Ricardo Turullols-Bonilla,0
864,,Under Votes,97
864,DEM,Mary 'MJ' Hegar,983
864,GRN,David B. Collins,20
864,LIB,Kerry Douglas McKennon,26
864,REP,John Cornyn,395
865,,Over Votes,0
865,,Ricardo Turullols-Bonilla,0
865,,Under Votes,0
865,DEM,Mary 'MJ' Hegar,10
865,GRN,David B. Collins,0
865,LIB,Kerry Douglas McKennon,0
865,REP,John Cornyn,0
866,,Over Votes,0
866,,Ricardo Turullols-Bonilla,0
866,,Under Votes,0
866,DEM,Mary 'MJ' Hegar,0
866,GRN,David B. Collins,0
866,LIB,Kerry Douglas McKennon,0
866,REP,John Cornyn,0
867,,Over Votes,0
867,,Ricardo Turullols-Bonilla,0
867,,Under Votes,0
867,DEM,Mary 'MJ' Hegar,0
867,GRN,David B. Collins,0
867,LIB,Kerry Douglas McKennon,0
867,REP,John Cornyn,0
868,,Over Votes,2
868,,Ricardo Turullols-Bonilla,0
868,,Under Votes,52
868,DEM,Mary 'MJ' Hegar,925
868,GRN,David B. Collins,14
868,LIB,Kerry Douglas McKennon,27
868,REP,John Cornyn,451
869,,Over Votes,0
869,,Ricardo Turullols-Bonilla,0
869,,Under Votes,11
869,DEM,Mary 'MJ' Hegar,168
869,GRN,David B. Collins,2
869,LIB,Kerry Douglas McKennon,2
869,REP,John Cornyn,50
87,,Over Votes,0
87,,Ricardo Turullols-Bonilla,0
87,,Under Votes,20
87,DEM,Mary 'MJ' Hegar,1134
87,GRN,David B. Collins,8
87,LIB,Kerry Douglas McKennon,15
87,REP,John Cornyn,1288
870,,Over Votes,0
870,,Ricardo Turullols-Bonilla,0
870,,Under Votes,0
870,DEM,Mary 'MJ' Hegar,0
870,GRN,David B. Collins,0
870,LIB,Kerry Douglas McKennon,0
870,REP,John Cornyn,0
871,,Over Votes,0
871,,Ricardo Turullols-Bonilla,0
871,,Under Votes,0
871,DEM,Mary 'MJ' Hegar,4
871,GRN,David B. Collins,0
871,LIB,Kerry Douglas McKennon,0
871,REP,John Cornyn,1
872,,Over Votes,0
872,,Ricardo Turullols-Bonilla,0
872,,Under Votes,0
872,DEM,Mary 'MJ' Hegar,11
872,GRN,David B. Collins,1
872,LIB,Kerry Douglas McKennon,0
872,REP,John Cornyn,13
873,,Over Votes,0
873,,Ricardo Turullols-Bonilla,0
873,,Under Votes,21
873,DEM,Mary 'MJ' Hegar,370
873,GRN,David B. Collins,5
873,LIB,Kerry Douglas McKennon,15
873,REP,John Cornyn,166
874,,Over Votes,0
874,,Ricardo Turullols-Bonilla,0
874,,Under Votes,41
874,DEM,Mary 'MJ' Hegar,804
874,GRN,David B. Collins,9
874,LIB,Kerry Douglas McKennon,42
874,REP,John Cornyn,1644
875,,Over Votes,0
875,,Ricardo Turullols-Bonilla,0
875,,Under Votes,67
875,DEM,Mary 'MJ' Hegar,1678
875,GRN,David B. Collins,31
875,LIB,Kerry Douglas McKennon,55
875,REP,John Cornyn,1541
876,,Over Votes,0
876,,Ricardo Turullols-Bonilla,0
876,,Under Votes,72
876,DEM,Mary 'MJ' Hegar,1492
876,GRN,David B. Collins,26
876,LIB,Kerry Douglas McKennon,71
876,REP,John Cornyn,2510
877,,Over Votes,0
877,,Ricardo Turullols-Bonilla,0
877,,Under Votes,78
877,DEM,Mary 'MJ' Hegar,2427
877,GRN,David B. Collins,41
877,LIB,Kerry Douglas McKennon,73
877,REP,John Cornyn,1377
878,,Over Votes,0
878,,Ricardo Turullols-Bonilla,0
878,,Under Votes,26
878,DEM,Mary 'MJ' Hegar,351
878,GRN,David B. Collins,3
878,LIB,Kerry Douglas McKennon,22
878,REP,John Cornyn,882
879,,Over Votes,0
879,,Ricardo Turullols-Bonilla,0
879,,Under Votes,55
879,DEM,Mary 'MJ' Hegar,1104
879,GRN,David B. Collins,16
879,LIB,Kerry Douglas McKennon,34
879,REP,John Cornyn,894
88,,Over Votes,0
88,,Ricardo Turullols-Bonilla,0
88,,Under Votes,15
88,DEM,Mary 'MJ' Hegar,223
88,GRN,David B. Collins,6
88,LIB,Kerry Douglas McKennon,20
88,REP,John Cornyn,492
880,,Over Votes,0
880,,Ricardo Turullols-Bonilla,0
880,,Under Votes,36
880,DEM,Mary 'MJ' Hegar,729
880,GRN,David B. Collins,6
880,LIB,Kerry Douglas McKennon,23
880,REP,John Cornyn,1554
881,,Over Votes,2
881,,Ricardo Turullols-Bonilla,0
881,,Under Votes,130
881,DEM,Mary 'MJ' Hegar,3847
881,GRN,David B. Collins,55
881,LIB,Kerry Douglas McKennon,99
881,REP,John Cornyn,1459
882,,Over Votes,0
882,,Ricardo Turullols-Bonilla,0
882,,Under Votes,123
882,DEM,Mary 'MJ' Hegar,2123
882,GRN,David B. Collins,34
882,LIB,Kerry Douglas McKennon,60
882,REP,John Cornyn,1200
883,,Over Votes,0
883,,Ricardo Turullols-Bonilla,0
883,,Under Votes,123
883,DEM,Mary 'MJ' Hegar,2690
883,GRN,David B. Collins,37
883,LIB,Kerry Douglas McKennon,54
883,REP,John Cornyn,736
884,,Over Votes,0
884,,Ricardo Turullols-Bonilla,0
884,,Under Votes,12
884,DEM,Mary 'MJ' Hegar,177
884,GRN,David B. Collins,2
884,LIB,Kerry Douglas McKennon,5
884,REP,John Cornyn,46
885,,Over Votes,0
885,,Ricardo Turullols-Bonilla,0
885,,Under Votes,45
885,DEM,Mary 'MJ' Hegar,1158
885,GRN,David B. Collins,17
885,LIB,Kerry Douglas McKennon,43
885,REP,John Cornyn,1263
886,,Over Votes,0
886,,Ricardo Turullols-Bonilla,0
886,,Under Votes,15
886,DEM,Mary 'MJ' Hegar,409
886,GRN,David B. Collins,2
886,LIB,Kerry Douglas McKennon,16
886,REP,John Cornyn,285
887,,Over Votes,0
887,,Ricardo Turullols-Bonilla,0
887,,Under Votes,1
887,DEM,Mary 'MJ' Hegar,229
887,GRN,David B. Collins,2
887,LIB,Kerry Douglas McKennon,13
887,REP,John Cornyn,139
888,,Over Votes,0
888,,Ricardo Turullols-Bonilla,0
888,,Under Votes,29
888,DEM,Mary 'MJ' Hegar,1090
888,GRN,David B. Collins,13
888,LIB,Kerry Douglas McKennon,34
888,REP,John Cornyn,512
889,,Over Votes,0
889,,Ricardo Turullols-Bonilla,0
889,,Under Votes,0
889,DEM,Mary 'MJ' Hegar,114
889,GRN,David B. Collins,1
889,LIB,Kerry Douglas McKennon,7
889,REP,John Cornyn,24
89,,Over Votes,0
89,,Ricardo Turullols-Bonilla,0
89,,Under Votes,13
89,DEM,Mary 'MJ' Hegar,569
89,GRN,David B. Collins,5
89,LIB,Kerry Douglas McKennon,5
89,REP,John Cornyn,530
890,,Over Votes,0
890,,Ricardo Turullols-Bonilla,0
890,,Under Votes,21
890,DEM,Mary 'MJ' Hegar,792
890,GRN,David B. Collins,6
890,LIB,Kerry Douglas McKennon,30
890,REP,John Cornyn,538
891,,Over Votes,0
891,,Ricardo Turullols-Bonilla,0
891,,Under Votes,22
891,DEM,Mary 'MJ' Hegar,650
891,GRN,David B. Collins,4
891,LIB,Kerry Douglas McKennon,11
891,REP,John Cornyn,375
892,,Over Votes,0
892,,Ricardo Turullols-Bonilla,0
892,,Under Votes,22
892,DEM,Mary 'MJ' Hegar,726
892,GRN,David B. Collins,6
892,LIB,Kerry Douglas McKennon,26
892,REP,John Cornyn,249
893,,Over Votes,0
893,,Ricardo Turullols-Bonilla,0
893,,Under Votes,0
893,DEM,Mary 'MJ' Hegar,2
893,GRN,David B. Collins,0
893,LIB,Kerry Douglas McKennon,0
893,REP,John Cornyn,0
894,,Over Votes,0
894,,Ricardo Turullols-Bonilla,0
894,,Under Votes,44
894,DEM,Mary 'MJ' Hegar,1262
894,GRN,David B. Collins,19
894,LIB,Kerry Douglas McKennon,35
894,REP,John Cornyn,243
895,,Over Votes,0
895,,Ricardo Turullols-Bonilla,0
895,,Under Votes,9
895,DEM,Mary 'MJ' Hegar,469
895,GRN,David B. Collins,6
895,LIB,Kerry Douglas McKennon,12
895,REP,John Cornyn,241
896,,Over Votes,0
896,,Ricardo Turullols-Bonilla,0
896,,Under Votes,19
896,DEM,Mary 'MJ' Hegar,960
896,GRN,David B. Collins,7
896,LIB,Kerry Douglas McKennon,13
896,REP,John Cornyn,443
897,,Over Votes,0
897,,Ricardo Turullols-Bonilla,0
897,,Under Votes,35
897,DEM,Mary 'MJ' Hegar,816
897,GRN,David B. Collins,14
897,LIB,Kerry Douglas McKennon,40
897,REP,John Cornyn,672
898,,Over Votes,1
898,,Ricardo Turullols-Bonilla,0
898,,Under Votes,39
898,DEM,Mary 'MJ' Hegar,885
898,GRN,David B. Collins,17
898,LIB,Kerry Douglas McKennon,40
898,REP,John Cornyn,502
899,,Over Votes,0
899,,Ricardo Turullols-Bonilla,0
899,,Under Votes,16
899,DEM,Mary 'MJ' Hegar,465
899,GRN,David B. Collins,4
899,LIB,Kerry Douglas McKennon,12
899,REP,John Cornyn,609
9,,Over Votes,0
9,,Ricardo Turullols-Bonilla,0
9,,Under Votes,40
9,DEM,Mary 'MJ' Hegar,1090
9,GRN,David B. Collins,17
9,LIB,Kerry Douglas McKennon,49
9,REP,John Cornyn,368
90,,Over Votes,0
90,,Ricardo Turullols-Bonilla,0
90,,Under Votes,48
90,DEM,Mary 'MJ' Hegar,921
90,GRN,David B. Collins,15
90,LIB,Kerry Douglas McKennon,60
90,REP,John Cornyn,2177
900,,Over Votes,0
900,,Ricardo Turullols-Bonilla,0
900,,Under Votes,0
900,DEM,Mary 'MJ' Hegar,6
900,GRN,David B. Collins,0
900,LIB,Kerry Douglas McKennon,0
900,REP,John Cornyn,4
901,,Over Votes,0
901,,Ricardo Turullols-Bonilla,0
901,,Under Votes,0
901,DEM,Mary 'MJ' Hegar,0
901,GRN,David B. Collins,0
901,LIB,Kerry Douglas McKennon,0
901,REP,John Cornyn,0
902,,Over Votes,0
902,,Ricardo Turullols-Bonilla,0
902,,Under Votes,31
902,DEM,Mary 'MJ' Hegar,1381
902,GRN,David B. Collins,19
902,LIB,Kerry Douglas McKennon,53
902,REP,John Cornyn,1180
903,,Over Votes,0
903,,Ricardo Turullols-Bonilla,0
903,,Under Votes,35
903,DEM,Mary 'MJ' Hegar,591
903,GRN,David B. Collins,9
903,LIB,Kerry Douglas McKennon,40
903,REP,John Cornyn,1480
904,,Over Votes,0
904,,Ricardo Turullols-Bonilla,0
904,,Under Votes,0
904,DEM,Mary 'MJ' Hegar,2
904,GRN,David B. Collins,0
904,LIB,Kerry Douglas McKennon,0
904,REP,John Cornyn,1
905,,Over Votes,0
905,,Ricardo Turullols-Bonilla,0
905,,Under Votes,27
905,DEM,Mary 'MJ' Hegar,294
905,GRN,David B. Collins,3
905,LIB,Kerry Douglas McKennon,13
905,REP,John Cornyn,251
906,,Over Votes,0
906,,Ricardo Turullols-Bonilla,0
906,,Under Votes,0
906,DEM,Mary 'MJ' Hegar,11
906,GRN,David B. Collins,0
906,LIB,Kerry Douglas McKennon,0
906,REP,John Cornyn,18
907,,Over Votes,0
907,,Ricardo Turullols-Bonilla,0
907,,Under Votes,6
907,DEM,Mary 'MJ' Hegar,104
907,GRN,David B. Collins,0
907,LIB,Kerry Douglas McKennon,3
907,REP,John Cornyn,14
908,,Over Votes,0
908,,Ricardo Turullols-Bonilla,0
908,,Under Votes,0
908,DEM,Mary 'MJ' Hegar,1
908,GRN,David B. Collins,0
908,LIB,Kerry Douglas McKennon,0
908,REP,John Cornyn,0
909,,Over Votes,0
909,,Ricardo Turullols-Bonilla,0
909,,Under Votes,0
909,DEM,Mary 'MJ' Hegar,12
909,GRN,David B. Collins,1
909,LIB,Kerry Douglas McKennon,1
909,REP,John Cornyn,1
91,,Over Votes,0
91,,Ricardo Turullols-Bonilla,0
91,,Under Votes,29
91,DEM,Mary 'MJ' Hegar,640
91,GRN,David B. Collins,8
91,LIB,Kerry Douglas McKennon,36
91,REP,John Cornyn,811
910,,Over Votes,0
910,,Ricardo Turullols-Bonilla,0
910,,Under Votes,11
910,DEM,Mary 'MJ' Hegar,64
910,GRN,David B. Collins,2
910,LIB,Kerry Douglas McKennon,9
910,REP,John Cornyn,38
911,,Over Votes,0
911,,Ricardo Turullols-Bonilla,0
911,,Under Votes,11
911,DEM,Mary 'MJ' Hegar,131
911,GRN,David B. Collins,5
911,LIB,Kerry Douglas McKennon,6
911,REP,John Cornyn,211
912,,Over Votes,0
912,,Ricardo Turullols-Bonilla,1
912,,Under Votes,17
912,DEM,Mary 'MJ' Hegar,497
912,GRN,David B. Collins,13
912,LIB,Kerry Douglas McKennon,27
912,REP,John Cornyn,546
913,,Over Votes,0
913,,Ricardo Turullols-Bonilla,0
913,,Under Votes,6
913,DEM,Mary 'MJ' Hegar,135
913,GRN,David B. Collins,3
913,LIB,Kerry Douglas McKennon,1
913,REP,John Cornyn,47
914,,Over Votes,0
914,,Ricardo Turullols-Bonilla,0
914,,Under Votes,8
914,DEM,Mary 'MJ' Hegar,40
914,GRN,David B. Collins,0
914,LIB,Kerry Douglas McKennon,1
914,REP,John Cornyn,20
915,,Over Votes,0
915,,Ricardo Turullols-Bonilla,0
915,,Under Votes,0
915,DEM,Mary 'MJ' Hegar,0
915,GRN,David B. Collins,0
915,LIB,Kerry Douglas McKennon,0
915,REP,John Cornyn,0
916,,Over Votes,0
916,,Ricardo Turullols-Bonilla,0
916,,Under Votes,38
916,DEM,Mary 'MJ' Hegar,816
916,GRN,David B. Collins,13
916,LIB,Kerry Douglas McKennon,72
916,REP,John Cornyn,2133
917,,Over Votes,0
917,,Ricardo Turullols-Bonilla,0
917,,Under Votes,0
917,DEM,Mary 'MJ' Hegar,25
917,GRN,David B. Collins,1
917,LIB,Kerry Douglas McKennon,0
917,REP,John Cornyn,4
918,,Over Votes,0
918,,Ricardo Turullols-Bonilla,0
918,,Under Votes,1
918,DEM,Mary 'MJ' Hegar,2
918,GRN,David B. Collins,0
918,LIB,Kerry Douglas McKennon,0
918,REP,John Cornyn,2
919,,Over Votes,0
919,,Ricardo Turullols-Bonilla,0
919,,Under Votes,0
919,DEM,Mary 'MJ' Hegar,0
919,GRN,David B. Collins,0
919,LIB,Kerry Douglas McKennon,0
919,REP,John Cornyn,0
92,,Over Votes,0
92,,Ricardo Turullols-Bonilla,0
92,,Under Votes,24
92,DEM,Mary 'MJ' Hegar,744
92,GRN,David B. Collins,11
92,LIB,Kerry Douglas McKennon,29
92,REP,John Cornyn,1095
920,,Over Votes,0
920,,Ricardo Turullols-Bonilla,0
920,,Under Votes,2
920,DEM,Mary 'MJ' Hegar,27
920,GRN,David B. Collins,0
920,LIB,Kerry Douglas McKennon,2
920,REP,John Cornyn,40
921,,Over Votes,0
921,,Ricardo Turullols-Bonilla,0
921,,Under Votes,1
921,DEM,Mary 'MJ' Hegar,39
921,GRN,David B. Collins,0
921,LIB,Kerry Douglas McKennon,0
921,REP,John Cornyn,5
922,,Over Votes,0
922,,Ricardo Turullols-Bonilla,0
922,,Under Votes,0
922,DEM,Mary 'MJ' Hegar,0
922,GRN,David B. Collins,0
922,LIB,Kerry Douglas McKennon,0
922,REP,John Cornyn,0
923,,Over Votes,0
923,,Ricardo Turullols-Bonilla,0
923,,Under Votes,45
923,DEM,Mary 'MJ' Hegar,1042
923,GRN,David B. Collins,11
923,LIB,Kerry Douglas McKennon,50
923,REP,John Cornyn,2320
924,,Over Votes,0
924,,Ricardo Turullols-Bonilla,0
924,,Under Votes,0
924,DEM,Mary 'MJ' Hegar,0
924,GRN,David B. Collins,0
924,LIB,Kerry Douglas McKennon,0
924,REP,John Cornyn,0
925,,Over Votes,0
925,,Ricardo Turullols-Bonilla,0
925,,Under Votes,0
925,DEM,Mary 'MJ' Hegar,0
925,GRN,David B. Collins,0
925,LIB,Kerry Douglas McKennon,0
925,REP,John Cornyn,0
926,,Over Votes,0
926,,Ricardo Turullols-Bonilla,0
926,,Under Votes,21
926,DEM,Mary 'MJ' Hegar,335
926,GRN,David B. Collins,3
926,LIB,Kerry Douglas McKennon,17
926,REP,John Cornyn,621
927,,Over Votes,1
927,,Ricardo Turullols-Bonilla,0
927,,Under Votes,20
927,DEM,Mary 'MJ' Hegar,810
927,GRN,David B. Collins,5
927,LIB,Kerry Douglas McKennon,35
927,REP,John Cornyn,724
928,,Over Votes,0
928,,Ricardo Turullols-Bonilla,0
928,,Under Votes,0
928,DEM,Mary 'MJ' Hegar,6
928,GRN,David B. Collins,0
928,LIB,Kerry Douglas McKennon,0
928,REP,John Cornyn,0
929,,Over Votes,0
929,,Ricardo Turullols-Bonilla,0
929,,Under Votes,0
929,DEM,Mary 'MJ' Hegar,0
929,GRN,David B. Collins,0
929,LIB,Kerry Douglas McKennon,0
929,REP,John Cornyn,0
93,,Over Votes,1
93,,Ricardo Turullols-Bonilla,0
93,,Under Votes,100
93,DEM,Mary 'MJ' Hegar,1092
93,GRN,David B. Collins,25
93,LIB,Kerry Douglas McKennon,35
93,REP,John Cornyn,658
930,,Over Votes,0
930,,Ricardo Turullols-Bonilla,0
930,,Under Votes,19
930,DEM,Mary 'MJ' Hegar,262
930,GRN,David B. Collins,8
930,LIB,Kerry Douglas McKennon,2
930,REP,John Cornyn,46
931,,Over Votes,0
931,,Ricardo Turullols-Bonilla,0
931,,Under Votes,2
931,DEM,Mary 'MJ' Hegar,52
931,GRN,David B. Collins,0
931,LIB,Kerry Douglas McKennon,0
931,REP,John Cornyn,50
932,,Over Votes,0
932,,Ricardo Turullols-Bonilla,0
932,,Under Votes,0
932,DEM,Mary 'MJ' Hegar,0
932,GRN,David B. Collins,0
932,LIB,Kerry Douglas McKennon,0
932,REP,John Cornyn,0
933,,Over Votes,0
933,,Ricardo Turullols-Bonilla,0
933,,Under Votes,6
933,DEM,Mary 'MJ' Hegar,405
933,GRN,David B. Collins,3
933,LIB,Kerry Douglas McKennon,12
933,REP,John Cornyn,142
934,,Over Votes,0
934,,Ricardo Turullols-Bonilla,0
934,,Under Votes,0
934,DEM,Mary 'MJ' Hegar,22
934,GRN,David B. Collins,1
934,LIB,Kerry Douglas McKennon,0
934,REP,John Cornyn,3
935,,Over Votes,0
935,,Ricardo Turullols-Bonilla,0
935,,Under Votes,2
935,DEM,Mary 'MJ' Hegar,16
935,GRN,David B. Collins,0
935,LIB,Kerry Douglas McKennon,0
935,REP,John Cornyn,9
936,,Over Votes,0
936,,Ricardo Turullols-Bonilla,0
936,,Under Votes,3
936,DEM,Mary 'MJ' Hegar,37
936,GRN,David B. Collins,2
936,LIB,Kerry Douglas McKennon,2
936,REP,John Cornyn,14
937,,Over Votes,0
937,,Ricardo Turullols-Bonilla,0
937,,Under Votes,0
937,DEM,Mary 'MJ' Hegar,0
937,GRN,David B. Collins,0
937,LIB,Kerry Douglas McKennon,0
937,REP,John Cornyn,0
938,,Over Votes,0
938,,Ricardo Turullols-Bonilla,0
938,,Under Votes,10
938,DEM,Mary 'MJ' Hegar,93
938,GRN,David B. Collins,3
938,LIB,Kerry Douglas McKennon,6
938,REP,John Cornyn,27
939,,Over Votes,0
939,,Ricardo Turullols-Bonilla,0
939,,Under Votes,0
939,DEM,Mary 'MJ' Hegar,1
939,GRN,David B. Collins,0
939,LIB,Kerry Douglas McKennon,0
939,REP,John Cornyn,0
94,,Over Votes,0
94,,Ricardo Turullols-Bonilla,0
94,,Under Votes,15
94,DEM,Mary 'MJ' Hegar,208
94,GRN,David B. Collins,6
94,LIB,Kerry Douglas McKennon,5
94,REP,John Cornyn,77
940,,Over Votes,0
940,,Ricardo Turullols-Bonilla,0
940,,Under Votes,1
940,DEM,Mary 'MJ' Hegar,12
940,GRN,David B. Collins,0
940,LIB,Kerry Douglas McKennon,0
940,REP,John Cornyn,0
941,,Over Votes,0
941,,Ricardo Turullols-Bonilla,1
941,,Under Votes,13
941,DEM,Mary 'MJ' Hegar,359
941,GRN,David B. Collins,6
941,LIB,Kerry Douglas McKennon,19
941,REP,John Cornyn,263
942,,Over Votes,0
942,,Ricardo Turullols-Bonilla,0
942,,Under Votes,1
942,DEM,Mary 'MJ' Hegar,43
942,GRN,David B. Collins,0
942,LIB,Kerry Douglas McKennon,2
942,REP,John Cornyn,106
943,,Over Votes,0
943,,Ricardo Turullols-Bonilla,0
943,,Under Votes,16
943,DEM,Mary 'MJ' Hegar,203
943,GRN,David B. Collins,9
943,LIB,Kerry Douglas McKennon,4
943,REP,John Cornyn,107
944,,Over Votes,0
944,,Ricardo Turullols-Bonilla,0
944,,Under Votes,0
944,DEM,Mary 'MJ' Hegar,0
944,GRN,David B. Collins,0
944,LIB,Kerry Douglas McKennon,0
944,REP,John Cornyn,0
945,,Over Votes,0
945,,Ricardo Turullols-Bonilla,0
945,,Under Votes,1
945,DEM,Mary 'MJ' Hegar,8
945,GRN,David B. Collins,1
945,LIB,Kerry Douglas McKennon,0
945,REP,John Cornyn,3
946,,Over Votes,0
946,,Ricardo Turullols-Bonilla,0
946,,Under Votes,1
946,DEM,Mary 'MJ' Hegar,4
946,GRN,David B. Collins,0
946,LIB,Kerry Douglas McKennon,0
946,REP,John Cornyn,5
947,,Over Votes,0
947,,Ricardo Turullols-Bonilla,0
947,,Under Votes,13
947,DEM,Mary 'MJ' Hegar,382
947,GRN,David B. Collins,5
947,LIB,Kerry Douglas McKennon,12
947,REP,John Cornyn,280
948,,Over Votes,0
948,,Ricardo Turullols-Bonilla,0
948,,Under Votes,0
948,DEM,Mary 'MJ' Hegar,0
948,GRN,David B. Collins,0
948,LIB,Kerry Douglas McKennon,0
948,REP,John Cornyn,0
949,,Over Votes,0
949,,Ricardo Turullols-Bonilla,0
949,,Under Votes,3
949,DEM,Mary 'MJ' Hegar,80
949,GRN,David B. Collins,2
949,LIB,Kerry Douglas McKennon,0
949,REP,John Cornyn,70
95,,Over Votes,0
95,,Ricardo Turullols-Bonilla,2
95,,Under Votes,52
95,DEM,Mary 'MJ' Hegar,1321
95,GRN,David B. Collins,10
95,LIB,Kerry Douglas McKennon,39
95,REP,John Cornyn,1427
950,,Over Votes,0
950,,Ricardo Turullols-Bonilla,0
950,,Under Votes,0
950,DEM,Mary 'MJ' Hegar,0
950,GRN,David B. Collins,0
950,LIB,Kerry Douglas McKennon,0
950,REP,John Cornyn,0
951,,Over Votes,0
951,,Ricardo Turullols-Bonilla,0
951,,Under Votes,7
951,DEM,Mary 'MJ' Hegar,151
951,GRN,David B. Collins,8
951,LIB,Kerry Douglas McKennon,5
951,REP,John Cornyn,65
952,,Over Votes,0
952,,Ricardo Turullols-Bonilla,0
952,,Under Votes,1
952,DEM,Mary 'MJ' Hegar,25
952,GRN,David B. Collins,0
952,LIB,Kerry Douglas McKennon,2
952,REP,John Cornyn,33
953,,Over Votes,0
953,,Ricardo Turullols-Bonilla,0
953,,Under Votes,0
953,DEM,Mary 'MJ' Hegar,2
953,GRN,David B. Collins,0
953,LIB,Kerry Douglas McKennon,0
953,REP,John Cornyn,3
954,,Over Votes,0
954,,Ricardo Turullols-Bonilla,0
954,,Under Votes,0
954,DEM,Mary 'MJ' Hegar,0
954,GRN,David B. Collins,0
954,LIB,Kerry Douglas McKennon,0
954,REP,John Cornyn,0
955,,Over Votes,0
955,,Ricardo Turullols-Bonilla,0
955,,Under Votes,79
955,DEM,Mary 'MJ' Hegar,2172
955,GRN,David B. Collins,17
955,LIB,Kerry Douglas McKennon,95
955,REP,John Cornyn,4252
956,,Over Votes,0
956,,Ricardo Turullols-Bonilla,0
956,,Under Votes,0
956,DEM,Mary 'MJ' Hegar,0
956,GRN,David B. Collins,0
956,LIB,Kerry Douglas McKennon,0
956,REP,John Cornyn,0
957,,Over Votes,0
957,,Ricardo Turullols-Bonilla,0
957,,Under Votes,13
957,DEM,Mary 'MJ' Hegar,329
957,GRN,David B. Collins,1
957,LIB,Kerry Douglas McKennon,13
957,REP,John Cornyn,61
958,,Over Votes,0
958,,Ricardo Turullols-Bonilla,0
958,,Under Votes,46
958,DEM,Mary 'MJ' Hegar,543
958,GRN,David B. Collins,6
958,LIB,Kerry Douglas McKennon,16
958,REP,John Cornyn,166
959,,Over Votes,0
959,,Ricardo Turullols-Bonilla,0
959,,Under Votes,0
959,DEM,Mary 'MJ' Hegar,0
959,GRN,David B. Collins,0
959,LIB,Kerry Douglas McKennon,0
959,REP,John Cornyn,0
96,,Over Votes,0
96,,Ricardo Turullols-Bonilla,0
96,,Under Votes,42
96,DEM,Mary 'MJ' Hegar,1203
96,GRN,David B. Collins,25
96,LIB,Kerry Douglas McKennon,30
96,REP,John Cornyn,312
960,,Over Votes,0
960,,Ricardo Turullols-Bonilla,0
960,,Under Votes,18
960,DEM,Mary 'MJ' Hegar,1059
960,GRN,David B. Collins,10
960,LIB,Kerry Douglas McKennon,24
960,REP,John Cornyn,277
961,,Over Votes,0
961,,Ricardo Turullols-Bonilla,0
961,,Under Votes,55
961,DEM,Mary 'MJ' Hegar,1018
961,GRN,David B. Collins,18
961,LIB,Kerry Douglas McKennon,27
961,REP,John Cornyn,318
962,,Over Votes,0
962,,Ricardo Turullols-Bonilla,0
962,,Under Votes,1
962,DEM,Mary 'MJ' Hegar,59
962,GRN,David B. Collins,0
962,LIB,Kerry Douglas McKennon,2
962,REP,John Cornyn,7
963,,Over Votes,0
963,,Ricardo Turullols-Bonilla,0
963,,Under Votes,9
963,DEM,Mary 'MJ' Hegar,311
963,GRN,David B. Collins,7
963,LIB,Kerry Douglas McKennon,12
963,REP,John Cornyn,228
964,,Over Votes,0
964,,Ricardo Turullols-Bonilla,0
964,,Under Votes,57
964,DEM,Mary 'MJ' Hegar,2136
964,GRN,David B. Collins,21
964,LIB,Kerry Douglas McKennon,60
964,REP,John Cornyn,2121
965,,Over Votes,0
965,,Ricardo Turullols-Bonilla,0
965,,Under Votes,8
965,DEM,Mary 'MJ' Hegar,60
965,GRN,David B. Collins,1
965,LIB,Kerry Douglas McKennon,4
965,REP,John Cornyn,122
966,,Over Votes,0
966,,Ricardo Turullols-Bonilla,0
966,,Under Votes,22
966,DEM,Mary 'MJ' Hegar,487
966,GRN,David B. Collins,6
966,LIB,Kerry Douglas McKennon,19
966,REP,John Cornyn,178
967,,Over Votes,0
967,,Ricardo Turullols-Bonilla,0
967,,Under Votes,6
967,DEM,Mary 'MJ' Hegar,85
967,GRN,David B. Collins,0
967,LIB,Kerry Douglas McKennon,8
967,REP,John Cornyn,26
968,,Over Votes,1
968,,Ricardo Turullols-Bonilla,0
968,,Under Votes,32
968,DEM,Mary 'MJ' Hegar,1417
968,GRN,David B. Collins,13
968,LIB,Kerry Douglas McKennon,35
968,REP,John Cornyn,353
969,,Over Votes,0
969,,Ricardo Turullols-Bonilla,0
969,,Under Votes,11
969,DEM,Mary 'MJ' Hegar,391
969,GRN,David B. Collins,2
969,LIB,Kerry Douglas McKennon,12
969,REP,John Cornyn,11
97,,Over Votes,0
97,,Ricardo Turullols-Bonilla,0
97,,Under Votes,73
97,DEM,Mary 'MJ' Hegar,992
97,GRN,David B. Collins,18
97,LIB,Kerry Douglas McKennon,96
97,REP,John Cornyn,2878
970,,Over Votes,0
970,,Ricardo Turullols-Bonilla,0
970,,Under Votes,20
970,DEM,Mary 'MJ' Hegar,316
970,GRN,David B. Collins,9
970,LIB,Kerry Douglas McKennon,8
970,REP,John Cornyn,49
971,,Over Votes,0
971,,Ricardo Turullols-Bonilla,0
971,,Under Votes,0
971,DEM,Mary 'MJ' Hegar,0
971,GRN,David B. Collins,0
971,LIB,Kerry Douglas McKennon,0
971,REP,John Cornyn,0
972,,Over Votes,0
972,,Ricardo Turullols-Bonilla,0
972,,Under Votes,0
972,DEM,Mary 'MJ' Hegar,0
972,GRN,David B. Collins,0
972,LIB,Kerry Douglas McKennon,0
972,REP,John Cornyn,0
973,,Over Votes,0
973,,Ricardo Turullols-Bonilla,0
973,,Under Votes,19
973,DEM,Mary 'MJ' Hegar,379
973,GRN,David B. Collins,3
973,LIB,Kerry Douglas McKennon,8
973,REP,John Cornyn,490
974,,Over Votes,0
974,,Ricardo Turullols-Bonilla,0
974,,Under Votes,0
974,DEM,Mary 'MJ' Hegar,0
974,GRN,David B. Collins,0
974,LIB,Kerry Douglas McKennon,0
974,REP,John Cornyn,0
975,,Over Votes,0
975,,Ricardo Turullols-Bonilla,0
975,,Under Votes,5
975,DEM,Mary 'MJ' Hegar,75
975,GRN,David B. Collins,2
975,LIB,Kerry Douglas McKennon,4
975,REP,John Cornyn,62
976,,Over Votes,0
976,,Ricardo Turullols-Bonilla,0
976,,Under Votes,9
976,DEM,Mary 'MJ' Hegar,196
976,GRN,David B. Collins,5
976,LIB,Kerry Douglas McKennon,14
976,REP,John Cornyn,185
977,,Over Votes,0
977,,Ricardo Turullols-Bonilla,0
977,,Under Votes,12
977,DEM,Mary 'MJ' Hegar,241
977,GRN,David B. Collins,5
977,LIB,Kerry Douglas McKennon,8
977,REP,John Cornyn,204
978,,Over Votes,0
978,,Ricardo Turullols-Bonilla,0
978,,Under Votes,0
978,DEM,Mary 'MJ' Hegar,0
978,GRN,David B. Collins,0
978,LIB,Kerry Douglas McKennon,0
978,REP,John Cornyn,0
979,,Over Votes,0
979,,Ricardo Turullols-Bonilla,0
979,,Under Votes,0
979,DEM,Mary 'MJ' Hegar,0
979,GRN,David B. Collins,0
979,LIB,Kerry Douglas McKennon,0
979,REP,John Cornyn,0
98,,Over Votes,0
98,,Ricardo Turullols-Bonilla,0
98,,Under Votes,42
98,DEM,Mary 'MJ' Hegar,419
98,GRN,David B. Collins,8
98,LIB,Kerry Douglas McKennon,46
98,REP,John Cornyn,1915
980,,Over Votes,0
980,,Ricardo Turullols-Bonilla,0
980,,Under Votes,24
980,DEM,Mary 'MJ' Hegar,353
980,GRN,David B. Collins,9
980,LIB,Kerry Douglas McKennon,10
980,REP,John Cornyn,736
981,,Over Votes,0
981,,Ricardo Turullols-Bonilla,0
981,,Under Votes,1
981,DEM,Mary 'MJ' Hegar,12
981,GRN,David B. Collins,0
981,LIB,Kerry Douglas McKennon,0
981,REP,John Cornyn,2
982,,Over Votes,0
982,,Ricardo Turullols-Bonilla,0
982,,Under Votes,83
982,DEM,Mary 'MJ' Hegar,1398
982,GRN,David B. Collins,20
982,LIB,Kerry Douglas McKennon,86
982,REP,John Cornyn,3481
983,,Over Votes,0
983,,Ricardo Turullols-Bonilla,0
983,,Under Votes,3
983,DEM,Mary 'MJ' Hegar,88
983,GRN,David B. Collins,0
983,LIB,Kerry Douglas McKennon,3
983,REP,John Cornyn,51
984,,Over Votes,0
984,,Ricardo Turullols-Bonilla,0
984,,Under Votes,3
984,DEM,Mary 'MJ' Hegar,100
984,GRN,David B. Collins,2
984,LIB,Kerry Douglas McKennon,0
984,REP,John Cornyn,16
985,,Over Votes,0
985,,Ricardo Turullols-Bonilla,0
985,,Under Votes,2
985,DEM,Mary 'MJ' Hegar,130
985,GRN,David B. Collins,0
985,LIB,Kerry Douglas McKennon,4
985,REP,John Cornyn,113
986,,Over Votes,0
986,,Ricardo Turullols-Bonilla,0
986,,Under Votes,13
986,DEM,Mary 'MJ' Hegar,215
986,GRN,David B. Collins,3
986,LIB,Kerry Douglas McKennon,1
986,REP,John Cornyn,43
987,,Over Votes,0
987,,Ricardo Turullols-Bonilla,0
987,,Under Votes,30
987,DEM,Mary 'MJ' Hegar,584
987,GRN,David B. Collins,3
987,LIB,Kerry Douglas McKennon,12
987,REP,John Cornyn,80
988,,Over Votes,0
988,,Ricardo Turullols-Bonilla,0
988,,Under Votes,5
988,DEM,Mary 'MJ' Hegar,8
988,GRN,David B. Collins,0
988,LIB,Kerry Douglas McKennon,0
988,REP,John Cornyn,72
989,,Over Votes,0
989,,Ricardo Turullols-Bonilla,0
989,,Under Votes,0
989,DEM,Mary 'MJ' Hegar,0
989,GRN,David B. Collins,0
989,LIB,Kerry Douglas McKennon,0
989,REP,John Cornyn,0
99,,Over Votes,0
99,,Ricardo Turullols-Bonilla,0
99,,Under Votes,46
99,DEM,Mary 'MJ' Hegar,543
99,GRN,David B. Collins,17
99,LIB,Kerry Douglas McKennon,21
99,REP,John Cornyn,484
990,,Over Votes,0
990,,Ricardo Turullols-Bonilla,0
990,,Under Votes,1
990,DEM,Mary 'MJ' Hegar,15
990,GRN,David B. Collins,0
990,LIB,Kerry Douglas McKennon,0
990,REP,John Cornyn,23
991,,Over Votes,0
991,,Ricardo Turullols-Bonilla,0
991,,Under Votes,0
991,DEM,Mary 'MJ' Hegar,1
991,GRN,David B. Collins,0
991,LIB,Kerry Douglas McKennon,0
991,REP,John Cornyn,3
992,,Over Votes,0
992,,Ricardo Turullols-Bonilla,0
992,,Under Votes,16
992,DEM,Mary 'MJ' Hegar,366
992,GRN,David B. Collins,10
992,LIB,Kerry Douglas McKennon,10
992,REP,John Cornyn,323
993,,Over Votes,0
993,,Ricardo Turullols-Bonilla,0
993,,Under Votes,0
993,DEM,Mary 'MJ' Hegar,0
993,GRN,David B. Collins,0
993,LIB,Kerry Douglas McKennon,0
993,REP,John Cornyn,0
994,,Over Votes,0
994,,Ricardo Turullols-Bonilla,0
994,,Under Votes,2
994,DEM,Mary 'MJ' Hegar,158
994,GRN,David B. Collins,2
994,LIB,Kerry Douglas McKennon,2
994,REP,John Cornyn,61
995,,Over Votes,0
995,,Ricardo Turullols-Bonilla,0
995,,Under Votes,30
995,DEM,Mary 'MJ' Hegar,1179
995,GRN,David B. Collins,11
995,LIB,Kerry Douglas McKennon,27
995,REP,John Cornyn,166
996,,Over Votes,0
996,,Ricardo Turullols-Bonilla,0
996,,Under Votes,12
996,DEM,Mary 'MJ' Hegar,250
996,GRN,David B. Collins,3
996,LIB,Kerry Douglas McKennon,15
996,REP,John Cornyn,271
997,,Over Votes,0
997,,Ricardo Turullols-Bonilla,0
997,,Under Votes,22
997,DEM,Mary 'MJ' Hegar,724
997,GRN,David B. Collins,16
997,LIB,Kerry Douglas McKennon,23
997,REP,John Cornyn,124
998,,Over Votes,0
998,,Ricardo Turullols-Bonilla,0
998,,Under Votes,2
998,DEM,Mary 'MJ' Hegar,21
998,GRN,David B. Collins,0
998,LIB,Kerry Douglas McKennon,3
998,REP,John Cornyn,40
999,,Over Votes,0
999,,Ricardo Turullols-Bonilla,0
999,,Under Votes,0
999,DEM,Mary 'MJ' Hegar,0
999,GRN,David B. Collins,0
999,LIB,Kerry Douglas McKennon,0
999,REP,John Cornyn,0
