{"type":"FeatureCollection","features":[{"type":"Feature","properties":{"PRECINCT":"blanco:102","COUNTY":"Blanco"},"geometry":{"type":"Polygon","coordinates":[[[-98.38128,30.18234],[-98.3803,30.18254],[-98.37991,30.18241],[-98.37955,30.18192],[-98.37916,30.18187],[-98.38039,30.17505],[-98.38407,30.16283],[-98.38508,30.16111],[-98.39686,30.14678],[-98.4033,30.13407],[-98.40966,30.12705],[-98.41072,30.12556],[-98.42216,30.09796],[-98.42319,30.09826],[-98.42598,30.09123],[-98.42523,30.091],[-98.42316,30.09254],[-98.41842,30.08331],[-98.41213,30.07579],[-98.41106,30.07386],[-98.41098,30.06738],[-98.41159,30.03623],[-98.40578,30.0143],[-98.40553,30.00227],[-98.40401,30.00196],[-98.39918,29.99914],[-98.39605,29.99594],[-98.39351,29.99427],[-98.3922,29.99394],[-98.38616,29.99361],[-98.38434,29.99395],[-98.37854,29.99729],[-98.37739,29.99747],[-98.37402,29.99737],[-98.37266,29.99764],[-98.37135,29.9985],[-98.37063,29.9997],[-98.36824,30.00036],[-98.3679,29.99995],[-98.36788,29.9994],[-98.36732,29.99893],[-98.36697,29.99756],[-98.36581,29.9963],[-98.36455,29.99388],[-98.36414,29.99349],[-98.36295,29.99319],[-98.36127,29.99211],[-98.35985,29.99053],[-98.35922,29.99028],[-98.3584,29.9903],[-98.35848,29.98875],[-98.35726,29.98817],[-98.35628,29.98721],[-98.41402,29.93756],[-98.46767,30.00021],[-98.50022,30.03715],[-98.52965,30.07128],[-98.53235,30.07381],[-98.54494,30.089],[-98.58065,30.1304],[-98.55675,30.14053],[-98.54094,30.149],[-98.5311,30.15356],[-98.52959,30.15473],[-98.52697,30.15559],[-98.49906,30.1691],[-98.47682,30.17955],[-98.4767,30.17874],[-98.47617,30.17832],[-98.47578,30.17863],[-98.47479,30.17848],[-98.47371,30.17888],[-98.47115,30.17901],[-98.46966,30.17772],[-98.46969,30.17732],[-98.47025,30.17718],[-98.47125,30.17615],[-98.47124,30.1759],[-98.47079,30.17559],[-98.47107,30.17508],[-98.47412,30.17437],[-98.475,30.17359],[-98.47444,30.17325],[-98.47415,30.17259],[-98.47334,30.17217],[-98.47249,30.17192],[-98.47159,30.17197],[-98.47051,30.1716],[-98.47046,30.17064],[-98.46972,30.16992],[-98.46881,30.16957],[-98.4688,30.16872],[-98.44736,30.16051],[-98.44775,30.15978],[-98.44477,30.15865],[-98.44439,30.15939],[-98.42984,30.15353],[-98.42922,30.15407],[-98.42885,30.15509],[-98.42835,30.16627],[-98.42354,30.16623],[-98.42247,30.169],[-98.42188,30.1696],[-98.42025,30.17039],[-98.42024,30.17126],[-98.41992,30.17158],[-98.41986,30.17383],[-98.41892,30.17384],[-98.41878,30.18142],[-98.40821,30.18152],[-98.39908,30.18124],[-98.39472,30.17563],[-98.39379,30.17629],[-98.39255,30.17782],[-98.39151,30.17994],[-98.38888,30.18114],[-98.38856,30.18173],[-98.38856,30.18278],[-98.38704,30.18362],[-98.38426,30.18417],[-98.38316,30.1837],[-98.38293,30.18298],[-98.38128,30.18234]]]}},{"type":"Feature","properties":{"PRECINCT":"blanco:201","COUNTY":"Blanco"},"geometry":{"type":"Polygon","coordinates":[[[-98.182,30.33393],[-98.19226,30.30741],[-98.20391,30.27843],[-98.20771,30.26808],[-98.21797,30.2426],[-98.22197,30.23134],[-98.23861,30.18872],[-98.25966,30.13548],[-98.26559,30.13557],[-98.26557,30.14294],[-98.27062,30.14297],[-98.26966,30.14585],[-98.27958,30.14909],[-98.27662,30.155],[-98.27667,30.15585],[-98.27916,30.15576],[-98.28056,30.1538],[-98.28341,30.15442],[-98.28348,30.15485],[-98.28469,30.15388],[-98.28487,30.15542],[-98.29502,30.15514],[-98.29497,30.15635],[-98.31599,30.15529],[-98.31729,30.15486],[-98.31831,30.15589],[-98.32001,30.15623],[-98.31938,30.15695],[-98.32006,30.15881],[-98.32014,30.1601],[-98.31991,30.16081],[-98.32032,30.16367],[-98.31962,30.16547],[-98.31823,30.16645],[-98.31869,30.1678],[-98.31822,30.1713],[-98.31877,30.17527],[-98.31857,30.17608],[-98.31786,30.17658],[-98.31741,30.1775],[-98.31759,30.17828],[-98.31717,30.18084],[-98.31753,30.18111],[-98.31804,30.1811],[-98.31924,30.17964],[-98.31983,30.17982],[-98.31901,30.18131],[-98.31915,30.18242],[-98.31795,30.1844],[-98.31772,30.18551],[-98.31718,30.18623],[-98.31663,30.18891],[-98.31738,30.19228],[-98.31691,30.19409],[-98.31616,30.19544],[-98.31635,30.19773],[-98.31594,30.19866],[-98.31615,30.19905],[-98.31704,30.19953],[-98.31614,30.20024],[-98.31503,30.2005],[-98.31481,30.2011],[-98.31487,30.20202],[-98.31876,30.19974],[-98.32522,30.19799],[-98.33098,30.19565],[-98.33097,30.1942],[-98.3317,30.19337],[-98.33354,30.19214],[-98.33481,30.19097],[-98.33592,30.18851],[-98.3366,30.18758],[-98.33783,30.18693],[-98.33961,30.18635],[-98.34082,30.18544],[-98.34177,30.1834],[-98.34335,30.18137],[-98.34695,30.17769],[-98.34692,30.17521],[-98.35044,30.1734],[-98.35124,30.17272],[-98.35393,30.17167],[-98.35446,30.17172],[-98.35546,30.17224],[-98.35717,30.17219],[-98.35947,30.16929],[-98.36175,30.16568],[-98.36333,30.16458],[-98.36534,30.16203],[-98.3672,30.16058],[-98.36821,30.16061],[-98.37234,30.16193],[-98.37642,30.16194],[-98.3784,30.16127],[-98.38116,30.16144],[-98.3834,30.16079],[-98.38508,30.16111],[-98.38374,30.16364],[-98.3813,30.17182],[-98.38008,30.17632],[-98.37916,30.18187],[-98.37955,30.18192],[-98.37991,30.18241],[-98.3803,30.18254],[-98.38122,30.18233],[-98.3824,30.18272],[-98.38296,30.18301],[-98.38316,30.1837],[-98.38426,30.18417],[-98.38683,30.1837],[-98.38856,30.18278],[-98.38856,30.18173],[-98.38888,30.18114],[-98.39151,30.17994],[-98.39255,30.17782],[-98.39379,30.17629],[-98.39472,30.17563],[-98.39908,30.18124],[-98.40821,30.18152],[-98.41878,30.18142],[-98.41892,30.17384],[-98.41986,30.17383],[-98.41992,30.17158],[-98.42024,30.17126],[-98.42025,30.17039],[-98.42188,30.1696],[-98.42247,30.169],[-98.42354,30.16623],[-98.42835,30.16627],[-98.42885,30.15509],[-98.42922,30.15407],[-98.42984,30.15353],[-98.44439,30.15939],[-98.44477,30.15865],[-98.44775,30.15978],[-98.44736,30.16051],[-98.4688,30.16872],[-98.46881,30.16957],[-98.46972,30.16992],[-98.47046,30.17064],[-98.47051,30.1716],[-98.47159,30.17197],[-98.47249,30.17192],[-98.47334,30.17217],[-98.47415,30.17259],[-98.47444,30.17325],[-98.475,30.17359],[-98.47412,30.17437],[-98.47107,30.17508],[-98.47079,30.17559],[-98.47124,30.1759],[-98.47125,30.17615],[-98.47025,30.17718],[-98.46969,30.17732],[-98.46966,30.17772],[-98.47115,30.17901],[-98.47371,30.17888],[-98.47479,30.17848],[-98.47578,30.17863],[-98.47617,30.17832],[-98.4767,30.17874],[-98.47682,30.17955],[-98.49906,30.1691],[-98.52697,30.15559],[-98.52959,30.15473],[-98.5311,30.15356],[-98.54094,30.149],[-98.55675,30.14053],[-98.58065,30.1304],[-98.5879,30.13895],[-98.58778,30.19741],[-98.588,30.2463],[-98.58538,30.24616],[-98.58372,30.24661],[-98.58182,30.24766],[-98.57949,30.24945],[-98.57867,30.2504],[-98.57585,30.25704],[-98.57589,30.25837],[-98.57645,30.261],[-98.57456,30.26416],[-98.57097,30.26629],[-98.56762,30.26701],[-98.5663,30.26758],[-98.56268,30.27036],[-98.55867,30.27247],[-98.55681,30.27276],[-98.55316,30.27225],[-98.5455,30.27214],[-98.54343,30.2719],[-98.53762,30.27077],[-98.53426,30.26987],[-98.53005,30.26918],[-98.52633,30.26879],[-98.52336,30.26885],[-98.52015,30.26995],[-98.51767,30.27187],[-98.51642,30.27244],[-98.51217,30.27372],[-98.50992,30.27501],[-98.50768,30.27803],[-98.50544,30.27964],[-98.50382,30.28108],[-98.50306,30.28208],[-98.50111,30.28645],[-98.50041,30.2895],[-98.50101,30.29148],[-98.50248,30.29448],[-98.50256,30.29526],[-98.50382,30.29681],[-98.5042,30.29921],[-98.50508,30.29996],[-98.50611,30.30195],[-98.50696,30.30446],[-98.50691,30.30692],[-98.50471,30.31119],[-98.50175,30.31606],[-98.50079,30.31712],[-98.49878,30.31867],[-98.49626,30.31991],[-98.49224,30.32073],[-98.49113,30.32052],[-98.48871,30.31954],[-98.48784,30.31893],[-98.4872,30.31797],[-98.48663,30.31602],[-98.48617,30.31535],[-98.48451,30.31558],[-98.47957,30.31508],[-98.47887,30.31518],[-98.47655,30.31662],[-98.47322,30.32109],[-98.47186,30.32229],[-98.4696,30.32301],[-98.46674,30.32352],[-98.45715,30.32395],[-98.45442,30.32338],[-98.45264,30.32271],[-98.45023,30.32222],[-98.44941,30.32224],[-98.44882,30.32191],[-98.44536,30.32204],[-98.44463,30.32223],[-98.44336,30.3221],[-98.44132,30.32107],[-98.43938,30.32062],[-98.43575,30.31914],[-98.43494,30.31932],[-98.43366,30.31875],[-98.43204,30.31735],[-98.4268,30.30978],[-98.42309,30.30553],[-98.42112,30.30413],[-98.41918,30.3031],[-98.41692,30.30229],[-98.4113,30.29949],[-98.40557,30.29593],[-98.40534,30.29428],[-98.40632,30.29283],[-98.40618,30.28664],[-98.41079,30.28297],[-98.41151,30.28202],[-98.412,30.28056],[-98.41576,30.28059],[-98.4158,30.28111],[-98.41652,30.28109],[-98.41655,30.28064],[-98.41734,30.28064],[-98.41731,30.28109],[-98.41848,30.28106],[-98.41848,30.28042],[-98.41875,30.28043],[-98.41866,30.27594],[-98.41676,30.27664],[-98.41199,30.27671],[-98.41196,30.2748],[-98.40977,30.27486],[-98.40978,30.27578],[-98.40866,30.27578],[-98.40866,30.27485],[-98.40614,30.27485],[-98.40601,30.27448],[-98.40409,30.27372],[-98.40412,30.27259],[-98.40129,30.27107],[-98.40067,30.2719],[-98.40018,30.27168],[-98.39673,30.26729],[-98.39559,30.26783],[-98.39692,30.27148],[-98.39584,30.27255],[-98.39532,30.27527],[-98.39461,30.2757],[-98.39353,30.2753],[-98.39227,30.27443],[-98.39108,30.27446],[-98.39039,30.27474],[-98.39007,30.27568],[-98.38841,30.27687],[-98.38842,30.27723],[-98.38974,30.27787],[-98.39036,30.27843],[-98.39134,30.27992],[-98.39124,30.2808],[-98.39014,30.28169],[-98.39115,30.28323],[-98.39106,30.28429],[-98.38859,30.28439],[-98.3867,30.2848],[-98.38408,30.28604],[-98.38307,30.28613],[-98.38161,30.28715],[-98.37969,30.2876],[-98.37527,30.28555],[-98.36936,30.28136],[-98.36809,30.28094],[-98.36672,30.28089],[-98.36477,30.28221],[-98.36455,30.28397],[-98.36504,30.28882],[-98.36415,30.29333],[-98.36283,30.29608],[-98.36268,30.29719],[-98.36295,30.29819],[-98.36355,30.29888],[-98.36493,30.29966],[-98.36919,30.30087],[-98.3722,30.30113],[-98.37506,30.30216],[-98.3773,30.30403],[-98.37809,30.30531],[-98.3782,30.30674],[-98.37734,30.30909],[-98.37588,30.31065],[-98.37303,30.31269],[-98.37156,30.31335],[-98.37031,30.31359],[-98.36923,30.31345],[-98.36797,30.31397],[-98.36309,30.31515],[-98.35791,30.31688],[-98.35579,30.31699],[-98.35063,30.31643],[-98.34714,30.31548],[-98.34497,30.31445],[-98.34077,30.31173],[-98.33922,30.30976],[-98.33849,30.3065],[-98.33875,30.30162],[-98.33928,30.29908],[-98.3394,30.29466],[-98.33902,30.29225],[-98.33787,30.28995],[-98.33751,30.28364],[-98.33656,30.28116],[-98.33469,30.27802],[-98.33383,30.27726],[-98.33167,30.2763],[-98.33129,30.27594],[-98.32951,30.27574],[-98.32472,30.27831],[-98.3215,30.2812],[-98.32053,30.28168],[-98.31829,30.28362],[-98.31759,30.28393],[-98.3167,30.28488],[-98.31509,30.28748],[-98.31455,30.28947],[-98.31473,30.29291],[-98.31655,30.29807],[-98.31665,30.2991],[-98.31631,30.30004],[-98.31554,30.30107],[-98.31501,30.30152],[-98.3123,30.30274],[-98.30897,30.30344],[-98.30282,30.30287],[-98.30093,30.30245],[-98.29994,30.303],[-98.29876,30.30416],[-98.29752,30.30455],[-98.29561,30.30635],[-98.29451,30.30685],[-98.29253,30.30912],[-98.28739,30.31264],[-98.2862,30.31323],[-98.28242,30.31413],[-98.2805,30.3135],[-98.2765,30.31826],[-98.27265,30.32209],[-98.27192,30.32358],[-98.27215,30.32463],[-98.27159,30.32644],[-98.26588,30.33298],[-98.26338,30.33649],[-98.2604,30.33836],[-98.25774,30.33954],[-98.25617,30.33967],[-98.25473,30.33947],[-98.25004,30.33742],[-98.24966,30.33707],[-98.24905,30.33551],[-98.24775,30.33418],[-98.2461,30.33293],[-98.24559,30.33215],[-98.24549,30.33077],[-98.24625,30.32414],[-98.24597,30.32355],[-98.24545,30.32314],[-98.24345,30.32236],[-98.24114,30.32251],[-98.2376,30.32392],[-98.2357,30.32427],[-98.23475,30.32415],[-98.23308,30.32305],[-98.23258,30.322],[-98.23271,30.32079],[-98.23566,30.31421],[-98.23688,30.31254],[-98.23867,30.31132],[-98.24315,30.3102],[-98.24524,30.30925],[-98.24609,30.30829],[-98.24603,30.30726],[-98.24544,30.30616],[-98.24416,30.30504],[-98.24078,30.30103],[-98.23919,30.29971],[-98.23666,30.29809],[-98.23541,30.2976],[-98.23348,30.29747],[-98.22887,30.29781],[-98.22687,30.29816],[-98.22492,30.29894],[-98.22374,30.3011],[-98.22339,30.30341],[-98.22391,30.30427],[-98.22328,30.3063],[-98.22227,30.30744],[-98.21664,30.31192],[-98.21505,30.31262],[-98.21341,30.31281],[-98.21227,30.31259],[-98.20801,30.31066],[-98.20621,30.31092],[-98.20437,30.31241],[-98.20357,30.3145],[-98.20354,30.31521],[-98.2056,30.31735],[-98.20687,30.3182],[-98.20799,30.31855],[-98.21005,30.32008],[-98.2113,30.32255],[-98.21144,30.32477],[-98.21117,30.32596],[-98.20794,30.32997],[-98.20493,30.33248],[-98.20313,30.33345],[-98.19928,30.3345],[-98.19752,30.33552],[-98.19676,30.33636],[-98.19631,30.338],[-98.19654,30.34],[-98.19733,30.34387],[-98.19828,30.34481],[-98.1985,30.34596],[-98.19661,30.34941],[-98.19508,30.35008],[-98.19277,30.35033],[-98.18703,30.34839],[-98.18613,30.34768],[-98.18534,30.34611],[-98.18502,30.34434],[-98.18484,30.34067],[-98.18288,30.33485],[-98.182,30.33393]]]}},{"type":"Feature","properties":{"PRECINCT":"blanco:302","COUNTY":"Blanco"},"geometry":{"type":"Polygon","coordinates":[[[-98.4578,30.40678],[-98.44271,30.36613],[-98.42121,30.36637],[-98.4134,30.3456],[-98.35708,30.34695],[-98.33186,30.34803],[-98.31709,30.34843],[-98.31476,30.30164],[-98.31582,30.30075],[-98.31665,30.2991],[-98.31655,30.29807],[-98.31479,30.29318],[-98.31451,30.29022],[-98.31509,30.28748],[-98.31692,30.28458],[-98.32053,30.28168],[-98.32205,30.28077],[-98.32472,30.27831],[-98.32678,30.27734],[-98.32897,30.27592],[-98.32992,30.27567],[-98.33129,30.27594],[-98.33167,30.2763],[-98.33383,30.27726],[-98.33489,30.27825],[-98.33604,30.28018],[-98.33751,30.28364],[-98.33787,30.28995],[-98.33918,30.29281],[-98.33944,30.29634],[-98.33928,30.29908],[-98.33875,30.30162],[-98.33849,30.3065],[-98.33922,30.30976],[-98.34077,30.31173],[-98.34497,30.31445],[-98.34714,30.31548],[-98.35063,30.31643],[-98.35462,30.31694],[-98.35791,30.31688],[-98.36309,30.31515],[-98.36797,30.31397],[-98.36923,30.31345],[-98.37031,30.31359],[-98.37156,30.31335],[-98.37303,30.31269],[-98.37588,30.31065],[-98.37734,30.30909],[-98.3782,30.30674],[-98.37809,30.30531],[-98.3773,30.30403],[-98.37506,30.30216],[-98.3722,30.30113],[-98.36919,30.30087],[-98.36493,30.29966],[-98.36355,30.29888],[-98.36295,30.29819],[-98.36268,30.29719],[-98.36283,30.29608],[-98.36415,30.29333],[-98.36504,30.28882],[-98.36455,30.28397],[-98.36477,30.28221],[-98.36672,30.28089],[-98.36809,30.28094],[-98.36936,30.28136],[-98.37527,30.28555],[-98.37969,30.2876],[-98.38161,30.28715],[-98.38307,30.28613],[-98.38408,30.28604],[-98.3867,30.2848],[-98.38859,30.28439],[-98.39106,30.28429],[-98.39115,30.28323],[-98.39014,30.28169],[-98.39124,30.2808],[-98.39134,30.27992],[-98.39036,30.27843],[-98.38974,30.27787],[-98.38842,30.27723],[-98.38841,30.27687],[-98.39007,30.27568],[-98.39039,30.27474],[-98.39108,30.27446],[-98.39227,30.27443],[-98.39353,30.2753],[-98.39461,30.2757],[-98.39532,30.27527],[-98.39584,30.27255],[-98.39692,30.27148],[-98.39559,30.26783],[-98.39673,30.26729],[-98.40018,30.27168],[-98.40067,30.2719],[-98.40129,30.27107],[-98.40412,30.27259],[-98.40409,30.27372],[-98.40601,30.27448],[-98.40614,30.27485],[-98.40866,30.27485],[-98.40866,30.27578],[-98.40978,30.27578],[-98.40977,30.27486],[-98.41196,30.2748],[-98.41199,30.27671],[-98.41676,30.27664],[-98.41866,30.27594],[-98.41875,30.28043],[-98.41848,30.28042],[-98.41848,30.28106],[-98.41731,30.28109],[-98.41734,30.28064],[-98.41655,30.28064],[-98.41652,30.28109],[-98.4158,30.28111],[-98.41576,30.28059],[-98.412,30.28056],[-98.41151,30.28202],[-98.41079,30.28297],[-98.40618,30.28664],[-98.40632,30.29283],[-98.40534,30.29428],[-98.40557,30.29593],[-98.4113,30.29949],[-98.41692,30.30229],[-98.41918,30.3031],[-98.42112,30.30413],[-98.42309,30.30553],[-98.4268,30.30978],[-98.43204,30.31735],[-98.43366,30.31875],[-98.43494,30.31932],[-98.43575,30.31914],[-98.44397,30.3222],[-98.44882,30.32191],[-98.44941,30.32224],[-98.45023,30.32222],[-98.45264,30.32271],[-98.45442,30.32338],[-98.45715,30.32395],[-98.46674,30.32352],[-98.4696,30.32301],[-98.47241,30.32196],[-98.47655,30.31662],[-98.47887,30.31518],[-98.48011,30.31508],[-98.48451,30.31558],[-98.48617,30.31535],[-98.48663,30.31602],[-98.4872,30.31797],[-98.488,30.31909],[-98.49113,30.32052],[-98.49224,30.32073],[-98.49395,30.32049],[-98.49626,30.31991],[-98.4983,30.31893],[-98.50085,30.31705],[-98.50288,30.31441],[-98.50691,30.30692],[-98.50696,30.30446],[-98.50611,30.30195],[-98.50508,30.29996],[-98.5042,30.29921],[-98.50382,30.29681],[-98.50256,30.29526],[-98.50248,30.29448],[-98.50101,30.29148],[-98.50041,30.2895],[-98.50111,30.28645],[-98.50306,30.28208],[-98.50382,30.28108],[-98.50544,30.27964],[-98.50768,30.27803],[-98.50992,30.27501],[-98.51217,30.27372],[-98.51642,30.27244],[-98.51767,30.27187],[-98.52015,30.26995],[-98.52336,30.26885],[-98.52633,30.26879],[-98.53005,30.26918],[-98.53426,30.26987],[-98.53762,30.27077],[-98.54343,30.2719],[-98.5455,30.27214],[-98.55316,30.27225],[-98.55681,30.27276],[-98.55867,30.27247],[-98.56268,30.27036],[-98.5663,30.26758],[-98.56762,30.26701],[-98.57097,30.26629],[-98.57456,30.26416],[-98.57645,30.261],[-98.57589,30.25837],[-98.57585,30.25704],[-98.57867,30.2504],[-98.57949,30.24945],[-98.58182,30.24766],[-98.58372,30.24661],[-98.58538,30.24616],[-98.588,30.2463],[-98.58866,30.2657],[-98.5894,30.36892],[-98.59008,30.40484],[-98.4578,30.40678]]]}},{"type":"Feature","properties":{"PRECINCT":"blanco:303","COUNTY":"Blanco"},"geometry":{"type":"Polygon","coordinates":[[[-98.41146,30.5021],[-98.40096,30.49959],[-98.27131,30.46472],[-98.27204,30.40872],[-98.27208,30.384],[-98.3169,30.38295],[-98.31726,30.35828],[-98.31709,30.34843],[-98.33186,30.34803],[-98.35708,30.34695],[-98.4134,30.3456],[-98.42121,30.36637],[-98.44271,30.36613],[-98.4578,30.40678],[-98.59008,30.40484],[-98.59167,30.49987],[-98.49581,30.50142],[-98.41146,30.5021]]]}},{"type":"Feature","properties":{"PRECINCT":"blanco:304","COUNTY":"Blanco"},"geometry":{"type":"Polygon","coordinates":[[[-98.17302,30.35624],[-98.17795,30.34349],[-98.17864,30.34233],[-98.182,30.33393],[-98.18288,30.33485],[-98.18484,30.34067],[-98.18502,30.34434],[-98.18534,30.34611],[-98.18642,30.34802],[-98.19277,30.35033],[-98.19508,30.35008],[-98.19661,30.34941],[-98.1985,30.34596],[-98.19828,30.34481],[-98.19733,30.34387],[-98.19654,30.34],[-98.19631,30.338],[-98.19676,30.33636],[-98.19752,30.33552],[-98.19866,30.3348],[-98.19977,30.33432],[-98.20313,30.33345],[-98.20638,30.33141],[-98.20833,30.32955],[-98.21057,30.32686],[-98.21133,30.32559],[-98.2113,30.32255],[-98.21005,30.32008],[-98.20799,30.31855],[-98.20687,30.3182],[-98.2056,30.31735],[-98.20354,30.31521],[-98.20357,30.3145],[-98.20437,30.31241],[-98.20621,30.31092],[-98.20801,30.31066],[-98.21227,30.31259],[-98.21341,30.31281],[-98.21505,30.31262],[-98.21664,30.31192],[-98.22227,30.30744],[-98.22328,30.3063],[-98.22391,30.30427],[-98.22339,30.30341],[-98.2239,30.30062],[-98.22492,30.29894],[-98.226,30.29842],[-98.22873,30.29783],[-98.23265,30.29748],[-98.23513,30.29756],[-98.2363,30.2979],[-98.24047,30.30074],[-98.24416,30.30504],[-98.24544,30.30616],[-98.24603,30.30726],[-98.24613,30.308],[-98.24576,30.30879],[-98.24524,30.30925],[-98.24315,30.3102],[-98.23867,30.31132],[-98.23729,30.31218],[-98.23631,30.31324],[-98.235,30.31556],[-98.23271,30.32079],[-98.23262,30.32221],[-98.23347,30.32342],[-98.23475,30.32415],[-98.2357,30.32427],[-98.2376,30.32392],[-98.24114,30.32251],[-98.24345,30.32236],[-98.24545,30.32314],[-98.24597,30.32355],[-98.24625,30.32414],[-98.24551,30.32966],[-98.24572,30.33243],[-98.24905,30.33551],[-98.24966,30.33707],[-98.25004,30.33742],[-98.25414,30.3393],[-98.25617,30.33967],[-98.25774,30.33954],[-98.25885,30.33913],[-98.2627,30.33707],[-98.26338,30.33649],[-98.26588,30.33298],[-98.27159,30.32644],[-98.27215,30.32463],[-98.27192,30.32358],[-98.27265,30.32209],[-98.2765,30.31826],[-98.2805,30.3135],[-98.28242,30.31413],[-98.2862,30.31323],[-98.28739,30.31264],[-98.29253,30.30912],[-98.29451,30.30685],[-98.29561,30.30635],[-98.29752,30.30455],[-98.29876,30.30416],[-98.29994,30.303],[-98.30093,30.30245],[-98.30282,30.30287],[-98.30897,30.30344],[-98.31128,30.30306],[-98.31476,30.30164],[-98.31712,30.34934],[-98.31726,30.35828],[-98.3169,30.38295],[-98.27208,30.384],[-98.27204,30.40872],[-98.27131,30.46472],[-98.2503,30.45945],[-98.24946,30.45889],[-98.12556,30.42619],[-98.17302,30.35624]]]}},{"type":"Feature","properties":{"PRECINCT":"blanco:401","COUNTY":"Blanco"},"geometry":{"type":"Polygon","coordinates":[[[-98.31958,30.17965],[-98.31911,30.17975],[-98.31816,30.18105],[-98.31753,30.18111],[-98.31717,30.18084],[-98.31759,30.17828],[-98.31741,30.1775],[-98.31786,30.17658],[-98.31857,30.17608],[-98.31877,30.17527],[-98.31822,30.1713],[-98.31869,30.1678],[-98.31823,30.16645],[-98.31962,30.16547],[-98.32032,30.16367],[-98.31991,30.16081],[-98.32014,30.1601],[-98.32006,30.15881],[-98.31938,30.15695],[-98.32001,30.15623],[-98.31831,30.15589],[-98.31729,30.15486],[-98.31599,30.15529],[-98.29497,30.15635],[-98.29502,30.15514],[-98.28487,30.15542],[-98.28469,30.15388],[-98.28348,30.15485],[-98.28341,30.15442],[-98.28056,30.1538],[-98.27916,30.15576],[-98.27667,30.15585],[-98.27662,30.155],[-98.27958,30.14909],[-98.26966,30.14585],[-98.27062,30.14297],[-98.26557,30.14294],[-98.26559,30.13557],[-98.25966,30.13548],[-98.29736,30.03859],[-98.2976,30.03799],[-98.29835,30.0373],[-98.35628,29.98721],[-98.35726,29.98817],[-98.35848,29.98875],[-98.3584,29.9903],[-98.35922,29.99028],[-98.35985,29.99053],[-98.36127,29.99211],[-98.36295,29.99319],[-98.36414,29.99349],[-98.36455,29.99388],[-98.36581,29.9963],[-98.36697,29.99756],[-98.36732,29.99893],[-98.36788,29.9994],[-98.3679,29.99995],[-98.36824,30.00036],[-98.37063,29.9997],[-98.37152,29.99834],[-98.37289,29.99757],[-98.37402,29.99737],[-98.37758,29.99746],[-98.37877,29.99721],[-98.38412,29.99405],[-98.38502,29.99373],[-98.38616,29.99361],[-98.393,29.99408],[-98.39574,29.99568],[-98.39918,29.99914],[-98.40401,30.00196],[-98.40553,30.00227],[-98.40578,30.0143],[-98.41159,30.03623],[-98.41098,30.06738],[-98.41106,30.07386],[-98.41213,30.07579],[-98.41842,30.08331],[-98.42316,30.09254],[-98.42523,30.091],[-98.42598,30.09123],[-98.42512,30.09364],[-98.42319,30.09826],[-98.42216,30.09796],[-98.41072,30.12556],[-98.40966,30.12705],[-98.4033,30.13407],[-98.39777,30.14519],[-98.39654,30.14725],[-98.38508,30.16111],[-98.3834,30.16079],[-98.38116,30.16144],[-98.3784,30.16127],[-98.37642,30.16194],[-98.37234,30.16193],[-98.36804,30.16056],[-98.36677,30.16076],[-98.36519,30.16219],[-98.36333,30.16458],[-98.36169,30.16575],[-98.35947,30.16929],[-98.35717,30.17219],[-98.35546,30.17224],[-98.35446,30.17172],[-98.35393,30.17167],[-98.35124,30.17272],[-98.35044,30.1734],[-98.34692,30.17521],[-98.34695,30.17769],[-98.34335,30.18137],[-98.34177,30.1834],[-98.34082,30.18544],[-98.33961,30.18635],[-98.33783,30.18693],[-98.3366,30.18758],[-98.33592,30.18851],[-98.33481,30.19097],[-98.33354,30.19214],[-98.3317,30.19337],[-98.33097,30.1942],[-98.33098,30.19565],[-98.32522,30.19799],[-98.31876,30.19974],[-98.31487,30.20202],[-98.31481,30.2011],[-98.31503,30.2005],[-98.31614,30.20024],[-98.31704,30.19953],[-98.31615,30.19905],[-98.31594,30.19866],[-98.31635,30.19773],[-98.31616,30.19544],[-98.31691,30.19409],[-98.31738,30.19228],[-98.31663,30.18891],[-98.31718,30.18623],[-98.3192,30.18231],[-98.319,30.18136],[-98.31983,30.17982],[-98.31958,30.17965]]]}},{"type":"Feature","properties":{"PRECINCT":"burnet:1","COUNTY":"Burnet"},"geometry":{"type":"Polygon","coordinates":[[[-98.23774,30.89729],[-98.23493,30.8707],[-98.24004,30.80377],[-98.23679,30.78901],[-98.23442,30.78052],[-98.244,30.77872],[-98.24375,30.77763],[-98.24402,30.77769],[-98.24096,30.7653],[-98.24062,30.76517],[-98.24001,30.76271],[-98.24503,30.76175],[-98.24505,30.76083],[-98.24707,30.76124],[-98.24703,30.76104],[-98.24753,30.76113],[-98.24759,30.76136],[-98.24822,30.76124],[-98.25381,30.76175],[-98.26313,30.76209],[-98.26312,30.76366],[-98.26732,30.76369],[-98.27153,30.77894],[-98.28074,30.7771],[-98.28009,30.77466],[-98.29664,30.77143],[-98.2948,30.76431],[-98.28607,30.76602],[-98.28602,30.76646],[-98.28471,30.76732],[-98.28382,30.76695],[-98.28345,30.76647],[-98.27887,30.76734],[-98.27808,30.76621],[-98.27717,30.76627],[-98.27544,30.76318],[-98.27396,30.76196],[-98.27347,30.76184],[-98.27368,30.76088],[-98.26314,30.76064],[-98.26317,30.75932],[-98.25757,30.75931],[-98.25707,30.759],[-98.2572,30.75797],[-98.25676,30.75663],[-98.2571,30.75656],[-98.25741,30.75503],[-98.257,30.75346],[-98.25703,30.75243],[-98.25738,30.75106],[-98.25889,30.74952],[-98.25936,30.74851],[-98.25939,30.74692],[-98.25883,30.74602],[-98.24985,30.75151],[-98.24814,30.74614],[-98.25561,30.74467],[-98.25287,30.73582],[-98.24861,30.73661],[-98.24672,30.72975],[-98.25247,30.72863],[-98.26272,30.72714],[-98.26231,30.72539],[-98.26137,30.72412],[-98.26062,30.72164],[-98.26045,30.71406],[-98.25342,30.71445],[-98.25333,30.71416],[-98.25381,30.71129],[-98.25566,30.70839],[-98.25783,30.70608],[-98.25728,30.70593],[-98.25652,30.70494],[-98.25633,30.70425],[-98.25651,30.70345],[-98.25598,30.70302],[-98.25454,30.70378],[-98.25199,30.70386],[-98.25322,30.7008],[-98.2536,30.70088],[-98.25674,30.6917],[-98.28298,30.6873],[-98.31046,30.68195],[-98.31004,30.68297],[-98.31032,30.6833],[-98.31251,30.68391],[-98.31456,30.68576],[-98.31584,30.6873],[-98.31766,30.68765],[-98.31709,30.68837],[-98.31738,30.68885],[-98.31741,30.68986],[-98.31623,30.6921],[-98.31589,30.69393],[-98.31514,30.69495],[-98.31365,30.69592],[-98.31323,30.6967],[-98.31115,30.69758],[-98.31045,30.69821],[-98.31062,30.69931],[-98.31044,30.70003],[-98.30853,30.70159],[-98.30832,30.70232],[-98.30859,30.70326],[-98.30845,30.70672],[-98.30885,30.70972],[-98.30811,30.70986],[-98.30784,30.71025],[-98.30654,30.71396],[-98.30657,30.71458],[-98.30824,30.71731],[-98.30835,30.71795],[-98.30512,30.71983],[-98.30449,30.72053],[-98.30449,30.72277],[-98.30386,30.72485],[-98.30265,30.72756],[-98.30295,30.72957],[-98.30291,30.73322],[-98.3018,30.73512],[-98.30162,30.73676],[-98.30122,30.73773],[-98.30118,30.73949],[-98.30476,30.73772],[-98.30731,30.73704],[-98.30948,30.73577],[-98.3125,30.7335],[-98.31842,30.7305],[-98.32211,30.72925],[-98.32212,30.74751],[-98.33878,30.75069],[-98.3368,30.75184],[-98.33424,30.75422],[-98.3326,30.75653],[-98.3302,30.7579],[-98.32822,30.75986],[-98.3269,30.76048],[-98.32555,30.76055],[-98.32467,30.7614],[-98.32485,30.76404],[-98.32416,30.76711],[-98.32667,30.76678],[-98.32996,30.76699],[-98.33279,30.76614],[-98.33433,30.76611],[-98.34167,30.76642],[-98.34472,30.76777],[-98.34653,30.76785],[-98.34771,30.76746],[-98.34867,30.76683],[-98.35118,30.76337],[-98.355,30.76082],[-98.35732,30.75976],[-98.35847,30.75964],[-98.3619,30.76004],[-98.36377,30.75988],[-98.36625,30.75931],[-98.36944,30.75776],[-98.37435,30.75683],[-98.37723,30.75677],[-98.37972,30.75748],[-98.38117,30.75754],[-98.38549,30.75711],[-98.38796,30.75629],[-98.38913,30.75755],[-98.39075,30.75879],[-98.39543,30.76035],[-98.39767,30.76077],[-98.39847,30.7612],[-98.40129,30.76474],[-98.40388,30.76604],[-98.40462,30.76789],[-98.39544,30.77325],[-98.3951,30.77278],[-98.39446,30.77427],[-98.3939,30.77416],[-98.38202,30.78117],[-98.36634,30.78822],[-98.3572,30.80137],[-98.35474,30.80331],[-98.3527,30.80444],[-98.35222,30.8044],[-98.35004,30.80602],[-98.34486,30.80794],[-98.34414,30.80765],[-98.34254,30.80755],[-98.3368,30.80822],[-98.33373,30.80777],[-98.33331,30.808],[-98.33485,30.80906],[-98.33952,30.81352],[-98.3402,30.81445],[-98.34054,30.8155],[-98.34037,30.81678],[-98.33893,30.82084],[-98.33888,30.8264],[-98.33487,30.83255],[-98.33398,30.83585],[-98.33418,30.83731],[-98.33598,30.84027],[-98.33599,30.84409],[-98.33637,30.84478],[-98.33699,30.84528],[-98.3379,30.84557],[-98.33873,30.84554],[-98.33963,30.84516],[-98.34155,30.8434],[-98.34285,30.84311],[-98.34758,30.8448],[-98.34631,30.84655],[-98.34603,30.84823],[-98.34518,30.85005],[-98.34399,30.85184],[-98.34181,30.85285],[-98.33773,30.85389],[-98.33683,30.8545],[-98.33571,30.85582],[-98.33486,30.85745],[-98.33487,30.86189],[-98.33424,30.86317],[-98.32976,30.86594],[-98.32856,30.86637],[-98.32802,30.86734],[-98.32753,30.86773],[-98.32637,30.86776],[-98.32539,30.86715],[-98.32483,30.86728],[-98.32449,30.86764],[-98.32417,30.8711],[-98.32374,30.87167],[-98.32237,30.87223],[-98.32241,30.87403],[-98.32176,30.87412],[-98.32048,30.8738],[-98.31976,30.87424],[-98.3192,30.87536],[-98.31894,30.87718],[-98.31832,30.87796],[-98.31764,30.8782],[-98.31737,30.87874],[-98.31766,30.88005],[-98.31882,30.88137],[-98.32024,30.88405],[-98.32017,30.88474],[-98.31903,30.88576],[-98.31569,30.88697],[-98.31393,30.88885],[-98.3129,30.88865],[-98.31143,30.88775],[-98.31093,30.88794],[-98.3094,30.89012],[-98.3088,30.89175],[-98.30973,30.89472],[-98.31031,30.89543],[-98.28869,30.89584],[-98.28867,30.88644],[-98.28426,30.88999],[-98.28084,30.8867],[-98.2434,30.90242],[-98.24561,30.90549],[-98.24031,30.90808],[-98.23763,30.90566],[-98.23774,30.89729]]]}},{"type":"Feature","properties":{"PRECINCT":"burnet:10","COUNTY":"Burnet"},"geometry":{"type":"Polygon","coordinates":[[[-98.13585,30.75232],[-98.10053,30.7463],[-98.09806,30.74628],[-98.09698,30.74358],[-98.09676,30.74198],[-98.09789,30.73422],[-98.09425,30.72528],[-98.10196,30.72268],[-98.10371,30.72155],[-98.1057,30.71963],[-98.10633,30.71829],[-98.10691,30.71531],[-98.10583,30.70885],[-98.09948,30.69352],[-98.09855,30.69268],[-98.09539,30.69151],[-98.09401,30.69078],[-98.08581,30.68384],[-98.08485,30.68244],[-98.08102,30.67374],[-98.08033,30.67289],[-98.0771,30.67026],[-98.07641,30.66924],[-98.07503,30.665],[-98.07501,30.66313],[-98.0682,30.64655],[-98.06815,30.64523],[-98.06919,30.63806],[-98.0705,30.63569],[-98.07037,30.63341],[-98.06978,30.63242],[-98.06731,30.63082],[-98.06552,30.62919],[-98.066,30.62526],[-98.06764,30.62402],[-98.06973,30.62329],[-98.0721,30.62208],[-98.07687,30.61816],[-98.08333,30.6091],[-98.08504,30.60483],[-98.08582,30.60376],[-98.08705,30.60302],[-98.09122,30.60211],[-98.09437,30.60025],[-98.09724,30.59921],[-98.09938,30.59761],[-98.09977,30.59797],[-98.0992,30.59864],[-98.10778,30.60798],[-98.1184,30.61317],[-98.12802,30.60671],[-98.12977,30.60764],[-98.13097,30.61054],[-98.12907,30.61443],[-98.1581,30.6283],[-98.15898,30.62698],[-98.15952,30.62797],[-98.16083,30.62923],[-98.16298,30.63034],[-98.16329,30.63124],[-98.16355,30.6341],[-98.16312,30.63507],[-98.16234,30.63594],[-98.16024,30.63637],[-98.15999,30.63745],[-98.16028,30.63807],[-98.16194,30.63956],[-98.16331,30.64141],[-98.16323,30.64232],[-98.16215,30.64335],[-98.16328,30.64422],[-98.16416,30.64473],[-98.16679,30.64516],[-98.16775,30.64585],[-98.16943,30.64657],[-98.17089,30.64779],[-98.17429,30.64901],[-98.17831,30.65101],[-98.17893,30.65102],[-98.18117,30.65005],[-98.18182,30.64997],[-98.18247,30.65006],[-98.18387,30.65073],[-98.18622,30.65129],[-98.18776,30.65204],[-98.18898,30.65319],[-98.19024,30.65492],[-98.19052,30.65645],[-98.1911,30.65758],[-98.19631,30.66249],[-98.19797,30.66369],[-98.19801,30.6646],[-98.19867,30.666],[-98.19963,30.66676],[-98.20045,30.66879],[-98.20253,30.67024],[-98.20276,30.67034],[-98.20995,30.66893],[-98.21139,30.6681],[-98.21213,30.67067],[-98.21142,30.67228],[-98.21151,30.67332],[-98.21223,30.67475],[-98.21348,30.6762],[-98.2141,30.67786],[-98.21935,30.69773],[-98.22072,30.69939],[-98.22074,30.70093],[-98.22132,30.70359],[-98.22137,30.70506],[-98.24913,30.70304],[-98.24868,30.70399],[-98.24756,30.70364],[-98.23999,30.72061],[-98.24149,30.72111],[-98.2377,30.72988],[-98.23745,30.73204],[-98.23059,30.7334],[-98.23031,30.73321],[-98.22029,30.73532],[-98.2219,30.74151],[-98.21894,30.74629],[-98.21908,30.74676],[-98.2204,30.74747],[-98.22013,30.74792],[-98.2201,30.74883],[-98.2115,30.74717],[-98.20893,30.74734],[-98.20773,30.74783],[-98.20675,30.74869],[-98.20452,30.75304],[-98.20172,30.75184],[-98.1984,30.75109],[-98.18123,30.74956],[-98.18125,30.75094],[-98.16503,30.74946],[-98.1461,30.74945],[-98.14452,30.74975],[-98.13796,30.75199],[-98.13585,30.75232]]]}},{"type":"Feature","properties":{"PRECINCT":"burnet:11","COUNTY":"Burnet"},"geometry":{"type":"Polygon","coordinates":[[[-98.1821,31.03189],[-98.18282,31.0282],[-98.18424,31.02421],[-98.19107,31.01133],[-98.19559,30.99836],[-98.20058,30.98885],[-98.2197,30.95426],[-98.23554,30.93345],[-98.2366,30.93177],[-98.23725,30.92929],[-98.23763,30.90566],[-98.24031,30.90808],[-98.24561,30.90549],[-98.2434,30.90242],[-98.28084,30.8867],[-98.28426,30.88999],[-98.28867,30.88644],[-98.28869,30.89584],[-98.31319,30.89533],[-98.34035,30.89519],[-98.34416,30.91171],[-98.37217,30.91138],[-98.38246,30.91098],[-98.38587,30.91106],[-98.40623,30.91057],[-98.44862,30.91009],[-98.44732,30.91707],[-98.44578,30.92144],[-98.4446,30.92311],[-98.4419,30.92587],[-98.4402,30.92652],[-98.43512,30.9271],[-98.42921,30.92644],[-98.42523,30.92502],[-98.42233,30.92426],[-98.42087,30.92465],[-98.41961,30.92535],[-98.41821,30.927],[-98.41714,30.92955],[-98.41683,30.93196],[-98.41473,30.94017],[-98.41451,30.94211],[-98.41486,30.94348],[-98.41603,30.94485],[-98.41899,30.94643],[-98.42299,30.94793],[-98.42668,30.94863],[-98.43425,30.94891],[-98.44198,30.94965],[-98.44588,30.9507],[-98.4471,30.95175],[-98.45053,30.95865],[-98.4528,30.9644],[-98.4529,30.96873],[-98.4522,30.97023],[-98.44323,30.97974],[-98.44215,30.9825],[-98.44187,30.98432],[-98.44258,30.98619],[-98.44618,30.9929],[-98.45447,31.00099],[-98.45855,31.00618],[-98.45924,31.00774],[-98.45924,31.01038],[-98.45874,31.01155],[-98.45695,31.01316],[-98.45172,31.01545],[-98.44829,31.0167],[-98.4456,31.01805],[-98.44233,31.02048],[-98.44115,31.02179],[-98.44029,31.02318],[-98.43953,31.02512],[-98.4394,31.02824],[-98.43971,31.02965],[-98.37277,31.02999],[-98.1821,31.03189]]]}},{"type":"Feature","properties":{"PRECINCT":"burnet:12","COUNTY":"Burnet"},"geometry":{"type":"Polygon","coordinates":[[[-98.04678,30.75117],[-98.0458,30.74909],[-98.0463,30.74895],[-98.04592,30.74814],[-98.04906,30.74616],[-98.05005,30.7465],[-98.05225,30.74292],[-98.04683,30.74044],[-98.04318,30.73921],[-98.04395,30.73756],[-98.03987,30.7357],[-98.03981,30.73584],[-98.03708,30.73486],[-98.03284,30.73477],[-98.03083,30.734],[-98.01347,30.72136],[-98.01159,30.71954],[-98.00349,30.71004],[-98.0232,30.67386],[-98.06656,30.5931],[-98.06718,30.59356],[-98.06745,30.59485],[-98.06797,30.59549],[-98.06815,30.5974],[-98.07022,30.59929],[-98.07152,30.60112],[-98.07375,30.60087],[-98.07535,30.59978],[-98.07655,30.59987],[-98.07684,30.60011],[-98.07664,30.60132],[-98.07684,30.60224],[-98.0765,30.60343],[-98.07708,30.60431],[-98.07852,30.60465],[-98.08269,30.60383],[-98.08405,30.604],[-98.08513,30.60465],[-98.08333,30.6091],[-98.07687,30.61816],[-98.0721,30.62208],[-98.06973,30.62329],[-98.06764,30.62402],[-98.066,30.62526],[-98.06552,30.62919],[-98.06731,30.63082],[-98.06978,30.63242],[-98.07037,30.63341],[-98.07051,30.63453],[-98.0705,30.63569],[-98.06942,30.63742],[-98.06906,30.63886],[-98.06815,30.64526],[-98.06832,30.64711],[-98.07501,30.66313],[-98.07503,30.665],[-98.07641,30.66924],[-98.0771,30.67026],[-98.08033,30.67289],[-98.08102,30.67374],[-98.08538,30.68327],[-98.08675,30.68476],[-98.09401,30.69078],[-98.09539,30.69151],[-98.09855,30.69268],[-98.09977,30.69395],[-98.1055,30.70785],[-98.10645,30.71234],[-98.10688,30.71582],[-98.10593,30.7193],[-98.10343,30.72177],[-98.1013,30.72297],[-98.09425,30.72528],[-98.09789,30.73422],[-98.09676,30.74198],[-98.09698,30.74358],[-98.09806,30.74628],[-98.0895,30.74832],[-98.08782,30.74855],[-98.06864,30.74751],[-98.07044,30.75123],[-98.06288,30.7494],[-98.05673,30.74899],[-98.05599,30.7502],[-98.0517,30.74823],[-98.05112,30.74917],[-98.05063,30.74894],[-98.05142,30.7508],[-98.04905,30.75142],[-98.04941,30.75182],[-98.04814,30.75266],[-98.04678,30.75117]]]}},{"type":"Feature","properties":{"PRECINCT":"burnet:13","COUNTY":"Burnet"},"geometry":{"type":"Polygon","coordinates":[[[-98.0307,30.82372],[-98.02967,30.82374],[-98.02845,30.8233],[-98.02651,30.82219],[-98.02625,30.82141],[-98.02286,30.82023],[-98.02174,30.82036],[-98.0212,30.82098],[-98.01974,30.82153],[-98.01876,30.82142],[-98.01829,30.82092],[-98.01725,30.82119],[-98.01601,30.82204],[-98.01507,30.8222],[-98.01483,30.82288],[-98.01449,30.82299],[-98.01337,30.82235],[-98.01336,30.8216],[-98.01211,30.82062],[-98.01166,30.81976],[-98.01107,30.81951],[-98.01017,30.8196],[-98.0095,30.82009],[-98.00858,30.82015],[-98.00755,30.82004],[-98.00731,30.81961],[-98.00661,30.81943],[-98.00576,30.82004],[-98.00294,30.82103],[-98.00192,30.82106],[-98.00143,30.82068],[-98.00175,30.82004],[-98.00121,30.81869],[-98.00015,30.81815],[-97.99861,30.81818],[-97.99801,30.81862],[-97.99723,30.81837],[-97.9967,30.81781],[-97.9963,30.81655],[-97.99462,30.81546],[-97.99174,30.81673],[-97.99119,30.81715],[-97.99086,30.81784],[-97.98968,30.8188],[-97.9893,30.81885],[-97.98843,30.81838],[-97.98606,30.81929],[-97.98482,30.81854],[-97.98394,30.81759],[-97.98381,30.81722],[-97.98427,30.81561],[-97.98422,30.81463],[-97.98389,30.81418],[-97.98329,30.8143],[-97.98214,30.81498],[-97.98099,30.81521],[-97.97965,30.81593],[-97.97777,30.81615],[-97.97691,30.81679],[-97.97586,30.81673],[-97.97226,30.81578],[-97.97159,30.81497],[-97.97053,30.81508],[-97.96861,30.81456],[-97.96725,30.81472],[-97.96519,30.8136],[-97.96326,30.81173],[-97.9618,30.81148],[-97.95726,30.81264],[-97.95588,30.81363],[-97.95528,30.81478],[-97.95417,30.81457],[-97.95344,30.81503],[-97.9518,30.81555],[-97.95019,30.81522],[-97.9489,30.81532],[-97.94811,30.81504],[-97.94691,30.81418],[-97.94535,30.81176],[-97.94398,30.81062],[-97.9434,30.80972],[-97.94254,30.80951],[-97.9411,30.80991],[-97.94072,30.8088],[-97.93997,30.80825],[-97.93961,30.80723],[-97.93955,30.80654],[-97.96286,30.78564],[-97.98231,30.75018],[-98.00349,30.71004],[-98.01159,30.71954],[-98.01347,30.72136],[-98.03083,30.734],[-98.03284,30.73477],[-98.03708,30.73486],[-98.03981,30.73584],[-98.03987,30.7357],[-98.04395,30.73756],[-98.04318,30.73921],[-98.04683,30.74044],[-98.05225,30.74292],[-98.05005,30.7465],[-98.04906,30.74616],[-98.04592,30.74814],[-98.0463,30.74895],[-98.0458,30.74909],[-98.04667,30.75111],[-98.04814,30.75266],[-98.04941,30.75182],[-98.04905,30.75142],[-98.05142,30.7508],[-98.05063,30.74894],[-98.05112,30.74917],[-98.0517,30.74823],[-98.05599,30.7502],[-98.05673,30.74899],[-98.06288,30.7494],[-98.07044,30.75123],[-98.06864,30.74751],[-98.08782,30.74855],[-98.0895,30.74832],[-98.09806,30.74628],[-98.10455,30.76222],[-98.09053,30.76663],[-98.09339,30.76915],[-98.09448,30.7717],[-98.09595,30.77374],[-98.09922,30.78141],[-98.09954,30.78147],[-98.10528,30.77964],[-98.10793,30.78592],[-98.10795,30.78725],[-98.10853,30.7888],[-98.10889,30.79158],[-98.10905,30.79191],[-98.11025,30.79262],[-98.11389,30.80118],[-98.11403,30.80135],[-98.11689,30.80047],[-98.11714,30.80063],[-98.11948,30.80616],[-98.11009,30.8091],[-98.10485,30.81051],[-98.08044,30.81827],[-98.08246,30.82303],[-98.08311,30.8239],[-98.08396,30.82448],[-98.0887,30.82666],[-98.08995,30.82781],[-98.09142,30.83223],[-98.09493,30.83759],[-98.09651,30.8416],[-98.09827,30.84369],[-98.09966,30.84621],[-98.10783,30.85404],[-98.10989,30.85556],[-98.11214,30.85855],[-98.10629,30.86027],[-98.10344,30.86063],[-98.06833,30.86212],[-98.06507,30.86271],[-98.05023,30.86752],[-98.0411,30.84632],[-98.0326,30.82574],[-98.03202,30.82492],[-98.03228,30.82462],[-98.0307,30.82372]]]}},{"type":"Feature","properties":{"PRECINCT":"burnet:14","COUNTY":"Burnet"},"geometry":{"type":"Polygon","coordinates":[[[-98.16002,31.03209],[-98.15253,31.01262],[-98.15342,31.01282],[-98.15422,31.01245],[-98.15541,31.01241],[-98.157,31.01179],[-98.15612,31.00981],[-98.15475,31.00475],[-98.15438,31.00263],[-98.15453,31.00231],[-98.15228,31.00288],[-98.14944,30.99347],[-98.14532,30.99365],[-98.14051,30.98084],[-98.14104,30.98072],[-98.12977,30.95259],[-98.1235,30.95505],[-98.11947,30.94632],[-98.12453,30.94427],[-98.11938,30.93245],[-98.11193,30.91341],[-98.088,30.92217],[-98.07424,30.89899],[-98.06902,30.90054],[-98.06525,30.89675],[-98.0553,30.89789],[-98.05471,30.89575],[-98.04765,30.89462],[-98.04877,30.89205],[-98.05142,30.88872],[-98.05206,30.88725],[-98.05239,30.88546],[-98.0523,30.88407],[-98.05186,30.88252],[-98.04697,30.87116],[-98.04724,30.86949],[-98.04792,30.86858],[-98.0487,30.86803],[-98.06507,30.86271],[-98.06833,30.86212],[-98.10344,30.86063],[-98.10629,30.86027],[-98.12672,30.85411],[-98.14777,30.84742],[-98.1505,30.84734],[-98.15624,30.84911],[-98.15875,30.84924],[-98.16643,30.84694],[-98.17168,30.84652],[-98.17331,30.84576],[-98.17554,30.84401],[-98.17678,30.84663],[-98.18293,30.84796],[-98.18748,30.84984],[-98.18989,30.84944],[-98.19397,30.85027],[-98.19735,30.85018],[-98.19809,30.85058],[-98.19941,30.85009],[-98.20005,30.85021],[-98.2024,30.85853],[-98.21961,30.85494],[-98.22162,30.85774],[-98.2261,30.85622],[-98.23499,30.86991],[-98.23497,30.8722],[-98.23774,30.89729],[-98.23725,30.92929],[-98.2366,30.93177],[-98.23554,30.93345],[-98.2197,30.95426],[-98.20058,30.98885],[-98.19559,30.99836],[-98.19107,31.01133],[-98.18424,31.02421],[-98.18282,31.0282],[-98.1821,31.03189],[-98.16002,31.03209]]]}},{"type":"Feature","properties":{"PRECINCT":"burnet:15","COUNTY":"Burnet"},"geometry":{"type":"Polygon","coordinates":[[[-97.85687,30.95578],[-97.84037,30.92932],[-97.82988,30.90952],[-97.82851,30.90619],[-97.8281,30.90441],[-97.87482,30.86347],[-97.87832,30.86044],[-97.87845,30.86055],[-97.93955,30.80654],[-97.93989,30.80812],[-97.94072,30.8088],[-97.9411,30.80991],[-97.94254,30.80951],[-97.9434,30.80972],[-97.94398,30.81062],[-97.94535,30.81176],[-97.94691,30.81418],[-97.94811,30.81504],[-97.9489,30.81532],[-97.95019,30.81522],[-97.9518,30.81555],[-97.95344,30.81503],[-97.95417,30.81457],[-97.95528,30.81478],[-97.95588,30.81363],[-97.95726,30.81264],[-97.9618,30.81148],[-97.96326,30.81173],[-97.96519,30.8136],[-97.96725,30.81472],[-97.96861,30.81456],[-97.97053,30.81508],[-97.97159,30.81497],[-97.97226,30.81578],[-97.97586,30.81673],[-97.97691,30.81679],[-97.97777,30.81615],[-97.97965,30.81593],[-97.98099,30.81521],[-97.98214,30.81498],[-97.98329,30.8143],[-97.98389,30.81418],[-97.98422,30.81463],[-97.98427,30.81561],[-97.98381,30.81722],[-97.98394,30.81759],[-97.98482,30.81854],[-97.98606,30.81929],[-97.98843,30.81838],[-97.9893,30.81885],[-97.98968,30.8188],[-97.99086,30.81784],[-97.99119,30.81715],[-97.99174,30.81673],[-97.99462,30.81546],[-97.9963,30.81655],[-97.9967,30.81781],[-97.99723,30.81837],[-97.99801,30.81862],[-97.99861,30.81818],[-98.00015,30.81815],[-98.00121,30.81869],[-98.00175,30.82004],[-98.00143,30.82068],[-98.00192,30.82106],[-98.00294,30.82103],[-98.00576,30.82004],[-98.00661,30.81943],[-98.00731,30.81961],[-98.00755,30.82004],[-98.00858,30.82015],[-98.0095,30.82009],[-98.01017,30.8196],[-98.01107,30.81951],[-98.01166,30.81976],[-98.01211,30.82062],[-98.01336,30.8216],[-98.01337,30.82235],[-98.01449,30.82299],[-98.01483,30.82288],[-98.01507,30.8222],[-98.01601,30.82204],[-98.01725,30.82119],[-98.01829,30.82092],[-98.01876,30.82142],[-98.01974,30.82153],[-98.0212,30.82098],[-98.02174,30.82036],[-98.02286,30.82023],[-98.02625,30.82141],[-98.02651,30.82219],[-98.02809,30.82313],[-98.02967,30.82374],[-98.03083,30.82375],[-98.03228,30.82462],[-98.03202,30.82492],[-98.0326,30.82574],[-98.0411,30.84632],[-98.05023,30.86752],[-98.0487,30.86803],[-98.04775,30.86876],[-98.04708,30.8699],[-98.04697,30.87116],[-98.05186,30.88252],[-98.0523,30.88407],[-98.05233,30.8861],[-98.05142,30.88872],[-98.04857,30.89238],[-98.04673,30.89707],[-98.0429,30.90289],[-98.04142,30.90593],[-98.03942,30.90911],[-98.0358,30.91272],[-98.0303,30.92011],[-98.02428,30.92719],[-98.01616,30.93221],[-98.01522,30.93308],[-98.01402,30.93496],[-98.00102,30.93913],[-98.0003,30.93976],[-97.99967,30.94091],[-97.99904,30.94138],[-97.99233,30.94367],[-97.99182,30.94427],[-97.99146,30.94592],[-97.99084,30.94637],[-97.9891,30.94702],[-97.98832,30.9472],[-97.98711,30.94699],[-97.9845,30.94466],[-97.98388,30.94442],[-97.983,30.94443],[-97.98033,30.94611],[-97.97537,30.94719],[-97.97262,30.94885],[-97.96363,30.95138],[-97.96283,30.95201],[-97.9623,30.95111],[-97.95938,30.94167],[-97.93633,30.9475],[-97.93099,30.9318],[-97.91854,30.93523],[-97.90581,30.9397],[-97.85687,30.95578]]]}},{"type":"Feature","properties":{"PRECINCT":"burnet:16","COUNTY":"Burnet"},"geometry":{"type":"Polygon","coordinates":[[[-97.91168,31.03492],[-97.88658,31.00166],[-97.87493,30.98247],[-97.86643,30.96942],[-97.86594,30.96943],[-97.85687,30.95578],[-97.90581,30.9397],[-97.91854,30.93523],[-97.93099,30.9318],[-97.93633,30.9475],[-97.95938,30.94167],[-97.9623,30.95111],[-97.96283,30.95201],[-97.96363,30.95138],[-97.97262,30.94885],[-97.97537,30.94719],[-97.98033,30.94611],[-97.983,30.94443],[-97.98388,30.94442],[-97.9845,30.94466],[-97.98711,30.94699],[-97.98832,30.9472],[-97.9891,30.94702],[-97.99084,30.94637],[-97.99146,30.94592],[-97.99182,30.94427],[-97.99233,30.94367],[-97.99904,30.94138],[-97.99967,30.94091],[-98.0003,30.93976],[-98.00102,30.93913],[-98.01402,30.93496],[-98.01522,30.93308],[-98.01616,30.93221],[-98.02428,30.92719],[-98.0303,30.92011],[-98.0358,30.91272],[-98.03942,30.90911],[-98.04142,30.90593],[-98.0429,30.90289],[-98.04673,30.89707],[-98.04765,30.89462],[-98.04803,30.89458],[-98.05471,30.89575],[-98.0553,30.89789],[-98.06525,30.89675],[-98.06902,30.90054],[-98.07424,30.89899],[-98.088,30.92217],[-98.11193,30.91341],[-98.11938,30.93245],[-98.12453,30.94427],[-98.11947,30.94632],[-98.1235,30.95505],[-98.12977,30.95259],[-98.14104,30.98072],[-98.14051,30.98084],[-98.14532,30.99365],[-98.14944,30.99347],[-98.15228,31.00288],[-98.15453,31.00231],[-98.15438,31.00263],[-98.15475,31.00475],[-98.15612,31.00981],[-98.157,31.01179],[-98.15541,31.01241],[-98.15422,31.01245],[-98.15342,31.01282],[-98.15253,31.01262],[-98.16002,31.03209],[-98.12132,31.03245],[-98.10033,31.03292],[-98.06403,31.0331],[-98.0005,31.03385],[-98.0003,31.03404],[-97.99755,31.03408],[-97.91168,31.03492]]]}},{"type":"Feature","properties":{"PRECINCT":"burnet:17","COUNTY":"Burnet"},"geometry":{"type":"Polygon","coordinates":[[[-98.23499,30.86991],[-98.2261,30.85622],[-98.22162,30.85774],[-98.21961,30.85494],[-98.2024,30.85853],[-98.20005,30.85021],[-98.19941,30.85009],[-98.19809,30.85058],[-98.19735,30.85018],[-98.19397,30.85027],[-98.18989,30.84944],[-98.18748,30.84984],[-98.18293,30.84796],[-98.17678,30.84663],[-98.17554,30.84401],[-98.17331,30.84576],[-98.17168,30.84652],[-98.16643,30.84694],[-98.15875,30.84924],[-98.15624,30.84911],[-98.1505,30.84734],[-98.14777,30.84742],[-98.11214,30.85855],[-98.10989,30.85556],[-98.10783,30.85404],[-98.09966,30.84621],[-98.09827,30.84369],[-98.09651,30.8416],[-98.09493,30.83759],[-98.09142,30.83223],[-98.08995,30.82781],[-98.0887,30.82666],[-98.08396,30.82448],[-98.08311,30.8239],[-98.08246,30.82303],[-98.08044,30.81827],[-98.10485,30.81051],[-98.11009,30.8091],[-98.11948,30.80616],[-98.11714,30.80063],[-98.11689,30.80047],[-98.11403,30.80135],[-98.11389,30.80118],[-98.11025,30.79262],[-98.10905,30.79191],[-98.10889,30.79158],[-98.10853,30.7888],[-98.10795,30.78725],[-98.10793,30.78592],[-98.10528,30.77964],[-98.09954,30.78147],[-98.09922,30.78141],[-98.09595,30.77374],[-98.09448,30.7717],[-98.09339,30.76915],[-98.09053,30.76663],[-98.10455,30.76222],[-98.09806,30.74628],[-98.10053,30.7463],[-98.13585,30.75232],[-98.13796,30.75199],[-98.14452,30.74975],[-98.1461,30.74945],[-98.16503,30.74946],[-98.18125,30.75094],[-98.18123,30.74956],[-98.1984,30.75109],[-98.20172,30.75184],[-98.20452,30.75304],[-98.20651,30.74901],[-98.20725,30.74818],[-98.20819,30.74759],[-98.20986,30.74718],[-98.2115,30.74717],[-98.21527,30.74791],[-98.21589,30.74839],[-98.2176,30.75444],[-98.21331,30.75533],[-98.21431,30.75913],[-98.21619,30.75972],[-98.21813,30.75995],[-98.22085,30.77012],[-98.21984,30.7705],[-98.21896,30.77138],[-98.21679,30.77546],[-98.2164,30.77707],[-98.21615,30.78349],[-98.22172,30.78303],[-98.22904,30.78153],[-98.22933,30.78251],[-98.23441,30.78143],[-98.23419,30.78055],[-98.23442,30.78052],[-98.23679,30.78901],[-98.24004,30.80377],[-98.23499,30.86991]]]}},{"type":"Feature","properties":{"PRECINCT":"burnet:18","COUNTY":"Burnet"},"geometry":{"type":"Polygon","coordinates":[[[-98.39257,30.61837],[-98.38818,30.61559],[-98.38685,30.61705],[-98.37816,30.61117],[-98.37825,30.61104],[-98.37457,30.60874],[-98.3739,30.6095],[-98.37318,30.61097],[-98.36904,30.60938],[-98.37002,30.60663],[-98.34677,30.60288],[-98.33852,30.6031],[-98.33699,30.60295],[-98.33538,30.6025],[-98.32854,30.59956],[-98.32944,30.59828],[-98.33617,30.60113],[-98.3375,30.6015],[-98.34699,30.60139],[-98.37103,30.6053],[-98.37565,30.60001],[-98.38041,30.59854],[-98.3809,30.59808],[-98.38178,30.59643],[-98.37884,30.59509],[-98.37917,30.59451],[-98.37628,30.59318],[-98.38302,30.58211],[-98.38756,30.58419],[-98.38765,30.58191],[-98.38926,30.57881],[-98.38918,30.57814],[-98.38759,30.57751],[-98.38726,30.57714],[-98.38747,30.5769],[-98.38814,30.57726],[-98.38872,30.57662],[-98.38764,30.57579],[-98.38771,30.57544],[-98.38833,30.57552],[-98.38814,30.57442],[-98.38716,30.57464],[-98.38752,30.57368],[-98.38836,30.57311],[-98.3878,30.57258],[-98.38729,30.57149],[-98.38816,30.57075],[-98.38757,30.57006],[-98.38813,30.56964],[-98.38786,30.56834],[-98.38992,30.56788],[-98.39177,30.56712],[-98.39754,30.56408],[-98.39991,30.5636],[-98.40227,30.56377],[-98.40338,30.56426],[-98.40442,30.56516],[-98.40656,30.56762],[-98.40817,30.56967],[-98.41115,30.57464],[-98.41216,30.57784],[-98.41243,30.58007],[-98.41335,30.58224],[-98.4137,30.58378],[-98.4137,30.58592],[-98.4132,30.58691],[-98.41183,30.58818],[-98.40794,30.5905],[-98.40252,30.5931],[-98.4007,30.59464],[-98.4,30.5973],[-98.40141,30.60375],[-98.39911,30.60757],[-98.40001,30.60801],[-98.39694,30.61265],[-98.397,30.61359],[-98.39616,30.61408],[-98.39453,30.61645],[-98.39257,30.61837]]]}},{"type":"Feature","properties":{"PRECINCT":"burnet:19","COUNTY":"Burnet"},"geometry":{"type":"Polygon","coordinates":[[[-98.2902,30.57473],[-98.29208,30.57196],[-98.29454,30.57283],[-98.2958,30.57089],[-98.29381,30.57011],[-98.29298,30.57061],[-98.29209,30.57018],[-98.29132,30.5713],[-98.28978,30.57059],[-98.29008,30.56865],[-98.2906,30.56791],[-98.28966,30.56745],[-98.28978,30.56725],[-98.28942,30.56708],[-98.29012,30.56608],[-98.28879,30.56531],[-98.28771,30.56711],[-98.28671,30.56658],[-98.28662,30.56638],[-98.2875,30.56512],[-98.28634,30.56374],[-98.28719,30.56339],[-98.28649,30.56272],[-98.28862,30.55948],[-98.29122,30.55982],[-98.29131,30.55934],[-98.29208,30.55948],[-98.29203,30.56019],[-98.29367,30.56048],[-98.29368,30.55971],[-98.29622,30.55468],[-98.29573,30.55453],[-98.29615,30.5536],[-98.29482,30.55326],[-98.29151,30.55293],[-98.28905,30.55306],[-98.28602,30.55561],[-98.28502,30.55673],[-98.28022,30.56412],[-98.27734,30.56629],[-98.27594,30.56708],[-98.27055,30.56799],[-98.26878,30.56819],[-98.26578,30.56784],[-98.2643,30.56743],[-98.26252,30.56641],[-98.2608,30.56486],[-98.25989,30.56327],[-98.25838,30.55897],[-98.25719,30.55696],[-98.25606,30.55601],[-98.25475,30.55533],[-98.25209,30.55449],[-98.25073,30.55436],[-98.24741,30.55441],[-98.24536,30.55497],[-98.24463,30.55537],[-98.24364,30.55664],[-98.24166,30.56152],[-98.2405,30.56317],[-98.23919,30.56436],[-98.23758,30.56478],[-98.2369,30.56473],[-98.23306,30.56315],[-98.23148,30.56201],[-98.23049,30.56179],[-98.22757,30.56178],[-98.22616,30.5621],[-98.2253,30.56243],[-98.2168,30.56926],[-98.21486,30.57013],[-98.21191,30.5698],[-98.20525,30.56682],[-98.19998,30.56492],[-98.20084,30.56358],[-98.20175,30.56324],[-98.20179,30.56255],[-98.20279,30.56016],[-98.20264,30.55748],[-98.2043,30.55746],[-98.20373,30.55533],[-98.20371,30.5536],[-98.20297,30.55101],[-98.203,30.5496],[-98.2034,30.54918],[-98.20558,30.55025],[-98.20746,30.54848],[-98.20798,30.54856],[-98.20857,30.54945],[-98.20953,30.5494],[-98.21322,30.54797],[-98.21394,30.54642],[-98.21585,30.54466],[-98.21635,30.54473],[-98.21698,30.54552],[-98.2187,30.54563],[-98.21927,30.54652],[-98.21962,30.5467],[-98.22163,30.54665],[-98.22538,30.54792],[-98.22705,30.54789],[-98.2284,30.5473],[-98.23183,30.54507],[-98.23484,30.54366],[-98.23822,30.54094],[-98.2457,30.53548],[-98.24747,30.53486],[-98.25617,30.53593],[-98.26173,30.5354],[-98.26328,30.5355],[-98.26751,30.53702],[-98.27103,30.53866],[-98.27126,30.53839],[-98.27124,30.5347],[-98.27032,30.53233],[-98.26823,30.52915],[-98.26564,30.52717],[-98.26513,30.52651],[-98.265,30.52369],[-98.26556,30.51621],[-98.26492,30.50495],[-98.26517,30.50374],[-98.26669,30.50074],[-98.27671,30.49048],[-98.27756,30.48854],[-98.27758,30.48106],[-98.27715,30.48053],[-98.27378,30.47956],[-98.26887,30.47865],[-98.26543,30.47612],[-98.26477,30.47402],[-98.26488,30.46971],[-98.26176,30.46653],[-98.26164,30.46435],[-98.26074,30.46281],[-98.26062,30.46194],[-98.35104,30.4861],[-98.35116,30.51249],[-98.35152,30.51719],[-98.35182,30.52851],[-98.35198,30.55808],[-98.34809,30.55727],[-98.34253,30.55573],[-98.33824,30.55565],[-98.33681,30.55794],[-98.336,30.55829],[-98.33304,30.56044],[-98.32855,30.56542],[-98.32772,30.56609],[-98.32447,30.56761],[-98.32222,30.56812],[-98.32085,30.56778],[-98.32034,30.56723],[-98.31657,30.56565],[-98.31482,30.56398],[-98.31212,30.56202],[-98.30521,30.5583],[-98.29308,30.57687],[-98.2902,30.57473]]]}},{"type":"Feature","properties":{"PRECINCT":"burnet:2","COUNTY":"Burnet"},"geometry":{"type":"Polygon","coordinates":[[[-98.21615,30.78349],[-98.2164,30.77707],[-98.21679,30.77546],[-98.21896,30.77138],[-98.21984,30.7705],[-98.22085,30.77012],[-98.21813,30.75995],[-98.21619,30.75972],[-98.21431,30.75913],[-98.21331,30.75533],[-98.2176,30.75444],[-98.21612,30.74873],[-98.21527,30.74791],[-98.22012,30.74876],[-98.22013,30.74792],[-98.2204,30.74747],[-98.21908,30.74676],[-98.21894,30.74629],[-98.2219,30.74151],[-98.22029,30.73532],[-98.23031,30.73321],[-98.23059,30.7334],[-98.23745,30.73204],[-98.2377,30.72988],[-98.24149,30.72111],[-98.23999,30.72061],[-98.24756,30.70364],[-98.24868,30.70399],[-98.24897,30.70343],[-98.25384,30.69118],[-98.25674,30.6917],[-98.2536,30.70088],[-98.25322,30.7008],[-98.25199,30.70386],[-98.25454,30.70378],[-98.25598,30.70302],[-98.25651,30.70345],[-98.25633,30.70425],[-98.25652,30.70494],[-98.25728,30.70593],[-98.25783,30.70608],[-98.25566,30.70839],[-98.25381,30.71129],[-98.25333,30.71416],[-98.25342,30.71445],[-98.26045,30.71406],[-98.26062,30.72164],[-98.26137,30.72412],[-98.26231,30.72539],[-98.26272,30.72714],[-98.25247,30.72863],[-98.24672,30.72975],[-98.24861,30.73661],[-98.25287,30.73582],[-98.25561,30.74467],[-98.24814,30.74614],[-98.24985,30.75151],[-98.25883,30.74602],[-98.25939,30.74692],[-98.25936,30.74851],[-98.25889,30.74952],[-98.25738,30.75106],[-98.25703,30.75243],[-98.257,30.75346],[-98.25741,30.75503],[-98.2571,30.75656],[-98.25676,30.75663],[-98.2572,30.75797],[-98.25707,30.759],[-98.25757,30.75931],[-98.26317,30.75932],[-98.26314,30.76064],[-98.27368,30.76088],[-98.27347,30.76184],[-98.27396,30.76196],[-98.27544,30.76318],[-98.27717,30.76627],[-98.27808,30.76621],[-98.27887,30.76734],[-98.28345,30.76647],[-98.28382,30.76695],[-98.28471,30.76732],[-98.28602,30.76646],[-98.28607,30.76602],[-98.2948,30.76431],[-98.29664,30.77143],[-98.28009,30.77466],[-98.28074,30.7771],[-98.27153,30.77894],[-98.26732,30.76369],[-98.26312,30.76366],[-98.26313,30.76209],[-98.25381,30.76175],[-98.24822,30.76124],[-98.24759,30.76136],[-98.24753,30.76113],[-98.24703,30.76104],[-98.24707,30.76124],[-98.24505,30.76083],[-98.24503,30.76175],[-98.24001,30.76271],[-98.24062,30.76517],[-98.24096,30.7653],[-98.24402,30.77769],[-98.24375,30.77763],[-98.244,30.77872],[-98.23419,30.78055],[-98.23441,30.78143],[-98.22933,30.78251],[-98.22904,30.78153],[-98.22172,30.78303],[-98.21615,30.78349]]]}},{"type":"Feature","properties":{"PRECINCT":"burnet:20","COUNTY":"Burnet"},"geometry":{"type":"Polygon","coordinates":[[[-98.21935,30.69773],[-98.21379,30.6769],[-98.21321,30.67583],[-98.21205,30.67448],[-98.21151,30.67332],[-98.21142,30.67228],[-98.21213,30.67067],[-98.21139,30.6681],[-98.20995,30.66893],[-98.20276,30.67034],[-98.2023,30.67011],[-98.20045,30.66879],[-98.19963,30.66676],[-98.19867,30.666],[-98.19801,30.6646],[-98.19797,30.66369],[-98.19631,30.66249],[-98.1911,30.65758],[-98.19052,30.65645],[-98.19024,30.65492],[-98.18898,30.65319],[-98.18776,30.65204],[-98.18622,30.65129],[-98.18387,30.65073],[-98.18247,30.65006],[-98.18182,30.64997],[-98.18117,30.65005],[-98.17893,30.65102],[-98.17831,30.65101],[-98.17429,30.64901],[-98.17089,30.64779],[-98.16943,30.64657],[-98.16775,30.64585],[-98.16679,30.64516],[-98.16416,30.64473],[-98.16215,30.64335],[-98.16323,30.64232],[-98.16331,30.64141],[-98.16194,30.63956],[-98.16009,30.63773],[-98.16024,30.63637],[-98.16234,30.63594],[-98.16312,30.63507],[-98.16355,30.6341],[-98.16329,30.63124],[-98.16298,30.63034],[-98.16083,30.62923],[-98.15952,30.62797],[-98.15898,30.62698],[-98.18555,30.58691],[-98.18285,30.58708],[-98.18152,30.58757],[-98.18065,30.58844],[-98.17979,30.59024],[-98.17868,30.59105],[-98.17768,30.5912],[-98.17681,30.59107],[-98.17568,30.59035],[-98.17489,30.58872],[-98.17688,30.59012],[-98.17885,30.58905],[-98.17902,30.58804],[-98.17807,30.58661],[-98.17795,30.58561],[-98.17854,30.58507],[-98.1802,30.5848],[-98.18002,30.58402],[-98.17879,30.58358],[-98.17855,30.58319],[-98.17867,30.5824],[-98.17961,30.58084],[-98.17965,30.57975],[-98.17937,30.57923],[-98.17773,30.5787],[-98.17725,30.57831],[-98.17724,30.57799],[-98.17768,30.57767],[-98.17947,30.57742],[-98.18262,30.57592],[-98.18339,30.57416],[-98.18233,30.57202],[-98.18258,30.57063],[-98.18487,30.56752],[-98.18516,30.56736],[-98.18626,30.56751],[-98.18801,30.5667],[-98.1877,30.56559],[-98.18834,30.56454],[-98.19014,30.56506],[-98.19087,30.56451],[-98.1908,30.56556],[-98.19227,30.5667],[-98.19276,30.56629],[-98.19353,30.56672],[-98.19453,30.56689],[-98.19393,30.56594],[-98.19391,30.56518],[-98.19312,30.56489],[-98.19294,30.56444],[-98.19309,30.56418],[-98.19384,30.56427],[-98.19462,30.56323],[-98.19708,30.56388],[-98.20525,30.56682],[-98.21191,30.5698],[-98.21486,30.57013],[-98.2168,30.56926],[-98.2253,30.56243],[-98.22616,30.5621],[-98.22757,30.56178],[-98.23049,30.56179],[-98.23148,30.56201],[-98.23306,30.56315],[-98.2369,30.56473],[-98.23758,30.56478],[-98.23919,30.56436],[-98.2405,30.56317],[-98.24166,30.56152],[-98.24364,30.55664],[-98.24463,30.55537],[-98.24536,30.55497],[-98.24741,30.55441],[-98.25073,30.55436],[-98.25209,30.55449],[-98.25475,30.55533],[-98.25606,30.55601],[-98.25719,30.55696],[-98.25838,30.55897],[-98.25989,30.56327],[-98.2608,30.56486],[-98.26252,30.56641],[-98.2643,30.56743],[-98.26578,30.56784],[-98.26878,30.56819],[-98.27594,30.56708],[-98.27734,30.56629],[-98.28022,30.56412],[-98.28502,30.55673],[-98.28602,30.55561],[-98.28905,30.55306],[-98.29151,30.55293],[-98.29482,30.55326],[-98.29615,30.5536],[-98.29573,30.55453],[-98.29622,30.55468],[-98.29368,30.55971],[-98.29367,30.56048],[-98.29203,30.56019],[-98.29208,30.55948],[-98.29131,30.55934],[-98.29122,30.55982],[-98.28862,30.55948],[-98.28649,30.56272],[-98.28719,30.56339],[-98.28634,30.56374],[-98.2875,30.56512],[-98.28662,30.56638],[-98.28671,30.56658],[-98.28771,30.56711],[-98.28879,30.56531],[-98.29012,30.56608],[-98.28942,30.56708],[-98.28978,30.56725],[-98.28966,30.56745],[-98.2906,30.56791],[-98.29008,30.56865],[-98.28978,30.57059],[-98.29132,30.5713],[-98.29209,30.57018],[-98.29298,30.57061],[-98.29381,30.57011],[-98.2958,30.57089],[-98.29454,30.57283],[-98.29208,30.57196],[-98.2902,30.57473],[-98.29308,30.57687],[-98.29281,30.57731],[-98.29337,30.57875],[-98.29339,30.57994],[-98.29211,30.5851],[-98.29244,30.58645],[-98.29341,30.5874],[-98.29299,30.5882],[-98.28837,30.58617],[-98.28163,30.59564],[-98.27969,30.59802],[-98.2748,30.59582],[-98.27217,30.60075],[-98.27057,30.60109],[-98.2693,30.60346],[-98.27052,30.60373],[-98.26994,30.60571],[-98.26881,30.60546],[-98.26951,30.6126],[-98.27041,30.61305],[-98.26926,30.61477],[-98.2707,30.61557],[-98.26736,30.61962],[-98.26785,30.61986],[-98.26596,30.62534],[-98.26438,30.62474],[-98.26356,30.6274],[-98.26246,30.63436],[-98.25695,30.65104],[-98.2548,30.67945],[-98.25525,30.68874],[-98.25513,30.69077],[-98.25502,30.6914],[-98.25384,30.69118],[-98.24913,30.70304],[-98.22137,30.70506],[-98.22132,30.70359],[-98.22074,30.70093],[-98.22072,30.69939],[-98.21935,30.69773]]]}},{"type":"Feature","properties":{"PRECINCT":"burnet:3","COUNTY":"Burnet"},"geometry":{"type":"Polygon","coordinates":[[[-98.34588,30.60134],[-98.33885,30.60157],[-98.33721,30.60144],[-98.32333,30.59571],[-98.32178,30.59533],[-98.30385,30.59368],[-98.30025,30.59267],[-98.30019,30.59242],[-98.29624,30.59112],[-98.29483,30.59],[-98.29312,30.58791],[-98.29341,30.5874],[-98.29256,30.58663],[-98.29215,30.58562],[-98.29221,30.58438],[-98.29342,30.57964],[-98.29329,30.57845],[-98.29281,30.57731],[-98.30521,30.5583],[-98.31212,30.56202],[-98.31482,30.56398],[-98.31657,30.56565],[-98.32034,30.56723],[-98.32138,30.568],[-98.32244,30.56811],[-98.32447,30.56761],[-98.32772,30.56609],[-98.32855,30.56542],[-98.33304,30.56044],[-98.336,30.55829],[-98.33681,30.55794],[-98.33824,30.55565],[-98.34253,30.55573],[-98.34522,30.55639],[-98.34809,30.55727],[-98.35198,30.55808],[-98.35198,30.55839],[-98.36429,30.57159],[-98.36606,30.57292],[-98.36733,30.57355],[-98.37031,30.57444],[-98.3732,30.5745],[-98.37595,30.57389],[-98.38134,30.57098],[-98.38786,30.56834],[-98.38813,30.56964],[-98.38757,30.57006],[-98.38816,30.57075],[-98.38729,30.57149],[-98.3878,30.57258],[-98.38836,30.57311],[-98.38752,30.57368],[-98.38716,30.57464],[-98.38814,30.57442],[-98.38833,30.57552],[-98.38771,30.57544],[-98.38764,30.57579],[-98.38872,30.57662],[-98.38814,30.57726],[-98.38747,30.5769],[-98.38726,30.57714],[-98.38759,30.57751],[-98.38918,30.57814],[-98.38926,30.57881],[-98.38765,30.58191],[-98.38756,30.58419],[-98.38302,30.58211],[-98.37628,30.59318],[-98.37917,30.59451],[-98.37884,30.59509],[-98.38178,30.59643],[-98.38072,30.59831],[-98.38011,30.59868],[-98.37565,30.60001],[-98.37103,30.6053],[-98.34588,30.60134]]]}},{"type":"Feature","properties":{"PRECINCT":"burnet:4","COUNTY":"Burnet"},"geometry":{"type":"Polygon","coordinates":[[[-98.18641,30.55138],[-98.18823,30.54669],[-98.18855,30.54455],[-98.18769,30.53902],[-98.1863,30.53711],[-98.18443,30.53548],[-98.18293,30.53476],[-98.17902,30.53397],[-98.17596,30.53695],[-98.17198,30.53877],[-98.1712,30.53904],[-98.17038,30.53894],[-98.16986,30.53865],[-98.16934,30.53672],[-98.16946,30.53454],[-98.17012,30.53331],[-98.17033,30.53156],[-98.17018,30.53096],[-98.16823,30.5283],[-98.16655,30.5266],[-98.16464,30.52561],[-98.16325,30.52526],[-98.15646,30.52491],[-98.15225,30.52563],[-98.14838,30.5258],[-98.14657,30.52559],[-98.14298,30.52464],[-98.1421,30.52471],[-98.14005,30.52564],[-98.13756,30.52802],[-98.13231,30.53625],[-98.13051,30.53832],[-98.12816,30.53949],[-98.1266,30.53973],[-98.12626,30.53945],[-98.12452,30.53737],[-98.12228,30.53242],[-98.11974,30.52503],[-98.11983,30.52282],[-98.12053,30.52157],[-98.12132,30.52093],[-98.12961,30.5175],[-98.13223,30.51589],[-98.13322,30.51473],[-98.13373,30.51335],[-98.13372,30.51175],[-98.1312,30.50225],[-98.13116,30.50057],[-98.13161,30.49938],[-98.13119,30.49772],[-98.12916,30.4931],[-98.12534,30.48843],[-98.12313,30.48704],[-98.12342,30.48648],[-98.12311,30.48472],[-98.12089,30.48502],[-98.11817,30.48479],[-98.11372,30.48558],[-98.11056,30.49091],[-98.10747,30.49427],[-98.10592,30.49534],[-98.10318,30.49669],[-98.10086,30.49746],[-98.09778,30.49806],[-98.09771,30.46763],[-98.10192,30.46136],[-98.1024,30.46031],[-98.10316,30.45969],[-98.12548,30.42616],[-98.24946,30.45889],[-98.2503,30.45945],[-98.26062,30.46194],[-98.26074,30.46281],[-98.26164,30.46435],[-98.26176,30.46653],[-98.26488,30.46971],[-98.26477,30.47402],[-98.2655,30.4762],[-98.26887,30.47865],[-98.27378,30.47956],[-98.27715,30.48053],[-98.27754,30.48089],[-98.27756,30.48854],[-98.27671,30.49048],[-98.26669,30.50074],[-98.26517,30.50374],[-98.26492,30.50495],[-98.26556,30.51621],[-98.265,30.52369],[-98.26513,30.52651],[-98.26564,30.52717],[-98.26823,30.52915],[-98.27032,30.53233],[-98.27124,30.5347],[-98.27131,30.53825],[-98.27103,30.53866],[-98.26751,30.53702],[-98.26328,30.5355],[-98.26173,30.5354],[-98.25617,30.53593],[-98.24747,30.53486],[-98.2457,30.53548],[-98.23822,30.54094],[-98.23484,30.54366],[-98.23183,30.54507],[-98.2284,30.5473],[-98.22705,30.54789],[-98.22538,30.54792],[-98.22163,30.54665],[-98.21962,30.5467],[-98.21927,30.54652],[-98.2187,30.54563],[-98.21698,30.54552],[-98.21635,30.54473],[-98.21585,30.54466],[-98.21394,30.54642],[-98.21322,30.54797],[-98.20953,30.5494],[-98.20857,30.54945],[-98.20798,30.54856],[-98.20746,30.54848],[-98.20558,30.55025],[-98.2034,30.54918],[-98.203,30.5496],[-98.20297,30.55101],[-98.20371,30.5536],[-98.20373,30.55533],[-98.2043,30.55746],[-98.20264,30.55748],[-98.20279,30.56016],[-98.20179,30.56255],[-98.20175,30.56324],[-98.20084,30.56358],[-98.19998,30.56492],[-98.19237,30.56249],[-98.18981,30.56105],[-98.18884,30.56009],[-98.18723,30.55718],[-98.18608,30.55419],[-98.18641,30.55138]]]}},{"type":"Feature","properties":{"PRECINCT":"burnet:5","COUNTY":"Burnet"},"geometry":{"type":"Polygon","coordinates":[[[-98.34416,30.91171],[-98.34035,30.89519],[-98.31034,30.89545],[-98.30973,30.89472],[-98.30881,30.89226],[-98.30888,30.89129],[-98.3094,30.89012],[-98.31093,30.88794],[-98.31143,30.88775],[-98.3129,30.88865],[-98.31393,30.88885],[-98.31569,30.88697],[-98.31903,30.88576],[-98.31997,30.88506],[-98.32024,30.88405],[-98.31882,30.88137],[-98.31766,30.88005],[-98.31738,30.87932],[-98.31764,30.8782],[-98.31832,30.87796],[-98.31894,30.87718],[-98.3192,30.87536],[-98.31976,30.87424],[-98.32048,30.8738],[-98.32176,30.87412],[-98.32241,30.87403],[-98.32237,30.87223],[-98.32374,30.87167],[-98.32417,30.8711],[-98.32435,30.86806],[-98.32483,30.86728],[-98.32539,30.86715],[-98.32637,30.86776],[-98.32753,30.86773],[-98.32802,30.86734],[-98.32856,30.86637],[-98.32976,30.86594],[-98.33424,30.86317],[-98.33487,30.86189],[-98.33486,30.85745],[-98.33571,30.85582],[-98.33683,30.8545],[-98.33773,30.85389],[-98.34181,30.85285],[-98.34399,30.85184],[-98.34518,30.85005],[-98.34603,30.84823],[-98.34631,30.84655],[-98.34758,30.8448],[-98.34285,30.84311],[-98.34155,30.8434],[-98.33963,30.84516],[-98.33873,30.84554],[-98.3379,30.84557],[-98.33699,30.84528],[-98.33637,30.84478],[-98.33599,30.84409],[-98.33598,30.84027],[-98.33418,30.83731],[-98.33398,30.83585],[-98.33487,30.83255],[-98.33888,30.8264],[-98.33893,30.82084],[-98.34037,30.81678],[-98.34054,30.8155],[-98.3402,30.81445],[-98.33952,30.81352],[-98.33485,30.80906],[-98.33331,30.808],[-98.33373,30.80777],[-98.3368,30.80822],[-98.34235,30.80756],[-98.34414,30.80765],[-98.35254,30.81226],[-98.36006,30.81446],[-98.36456,30.81305],[-98.36602,30.81316],[-98.37048,30.80935],[-98.37039,30.80965],[-98.37228,30.81002],[-98.40479,30.816],[-98.40334,30.81794],[-98.40154,30.81882],[-98.39878,30.81877],[-98.39538,30.81818],[-98.391,30.81829],[-98.38818,30.81906],[-98.38567,30.82058],[-98.38397,30.82189],[-98.38097,30.82494],[-98.37759,30.82951],[-98.37663,30.83279],[-98.37659,30.83378],[-98.37688,30.83489],[-98.37958,30.83722],[-98.38081,30.83793],[-98.38823,30.84058],[-98.39242,30.84251],[-98.39764,30.84381],[-98.40138,30.844],[-98.40498,30.84382],[-98.40577,30.84298],[-98.4069,30.83905],[-98.40885,30.83656],[-98.40999,30.83599],[-98.41247,30.83511],[-98.41572,30.83473],[-98.42107,30.83491],[-98.42188,30.83527],[-98.42226,30.8365],[-98.42221,30.83923],[-98.41963,30.85088],[-98.41925,30.85706],[-98.41935,30.85912],[-98.42074,30.86221],[-98.42148,30.86317],[-98.42368,30.8654],[-98.42482,30.86611],[-98.42899,30.86831],[-98.43239,30.86967],[-98.43411,30.87013],[-98.43778,30.87057],[-98.44587,30.87033],[-98.44833,30.87059],[-98.45079,30.87144],[-98.45249,30.87231],[-98.45523,30.87518],[-98.45635,30.87645],[-98.45716,30.87823],[-98.45738,30.8789],[-98.45721,30.88115],[-98.45644,30.8831],[-98.45418,30.88584],[-98.44949,30.88944],[-98.44859,30.89079],[-98.44847,30.89284],[-98.44936,30.89661],[-98.44951,30.89901],[-98.44935,30.90484],[-98.44862,30.91009],[-98.40623,30.91057],[-98.38587,30.91106],[-98.38246,30.91098],[-98.37217,30.91138],[-98.34416,30.91171]]]}},{"type":"Feature","properties":{"PRECINCT":"burnet:6","COUNTY":"Burnet"},"geometry":{"type":"Polygon","coordinates":[[[-98.12977,30.60764],[-98.12802,30.60671],[-98.1184,30.61317],[-98.10778,30.60798],[-98.0992,30.59864],[-98.09977,30.59797],[-98.09938,30.59761],[-98.09724,30.59921],[-98.09437,30.60025],[-98.09122,30.60211],[-98.08669,30.60317],[-98.08582,30.60376],[-98.08513,30.60465],[-98.08405,30.604],[-98.08269,30.60383],[-98.07815,30.60464],[-98.07708,30.60431],[-98.07659,30.60376],[-98.07651,30.60317],[-98.07684,30.60224],[-98.07664,30.60132],[-98.07678,30.59999],[-98.07535,30.59978],[-98.07375,30.60087],[-98.07152,30.60112],[-98.07022,30.59929],[-98.06815,30.5974],[-98.06797,30.59549],[-98.06745,30.59485],[-98.06718,30.59356],[-98.06656,30.5931],[-98.11639,30.50019],[-98.11687,30.49871],[-98.12313,30.48704],[-98.12534,30.48843],[-98.12916,30.4931],[-98.13119,30.49772],[-98.13161,30.49938],[-98.13116,30.50057],[-98.1312,30.50225],[-98.13372,30.51175],[-98.13373,30.51335],[-98.13322,30.51473],[-98.13223,30.51589],[-98.12961,30.5175],[-98.12132,30.52093],[-98.12053,30.52157],[-98.11983,30.52282],[-98.11974,30.52503],[-98.12228,30.53242],[-98.12452,30.53737],[-98.12626,30.53945],[-98.1266,30.53973],[-98.12816,30.53949],[-98.13051,30.53832],[-98.13231,30.53625],[-98.13756,30.52802],[-98.14005,30.52564],[-98.1421,30.52471],[-98.14298,30.52464],[-98.14657,30.52559],[-98.14838,30.5258],[-98.15225,30.52563],[-98.15646,30.52491],[-98.16325,30.52526],[-98.16464,30.52561],[-98.16655,30.5266],[-98.16823,30.5283],[-98.17018,30.53096],[-98.17033,30.53156],[-98.17012,30.53331],[-98.16946,30.53454],[-98.16934,30.53672],[-98.16986,30.53865],[-98.17038,30.53894],[-98.1712,30.53904],[-98.17198,30.53877],[-98.17596,30.53695],[-98.17902,30.53397],[-98.18293,30.53476],[-98.18443,30.53548],[-98.18676,30.53757],[-98.18785,30.53964],[-98.18856,30.54503],[-98.18823,30.54669],[-98.18641,30.55138],[-98.18604,30.55349],[-98.18637,30.55521],[-98.18776,30.55831],[-98.18884,30.56009],[-98.18981,30.56105],[-98.19237,30.56249],[-98.19462,30.56323],[-98.19384,30.56427],[-98.19309,30.56418],[-98.19294,30.56444],[-98.19312,30.56489],[-98.19391,30.56518],[-98.19393,30.56594],[-98.19453,30.56689],[-98.19353,30.56672],[-98.19276,30.56629],[-98.19227,30.5667],[-98.1908,30.56556],[-98.19087,30.56451],[-98.19014,30.56506],[-98.18834,30.56454],[-98.1877,30.56559],[-98.18801,30.5667],[-98.18626,30.56751],[-98.18516,30.56736],[-98.18487,30.56752],[-98.18258,30.57063],[-98.18233,30.57202],[-98.18339,30.57416],[-98.18262,30.57592],[-98.17947,30.57742],[-98.17768,30.57767],[-98.17724,30.57799],[-98.17725,30.57831],[-98.17773,30.5787],[-98.17937,30.57923],[-98.17965,30.57975],[-98.17961,30.58084],[-98.17867,30.5824],[-98.17855,30.58319],[-98.17879,30.58358],[-98.18002,30.58402],[-98.1802,30.5848],[-98.17854,30.58507],[-98.17795,30.58561],[-98.17807,30.58661],[-98.17902,30.58804],[-98.17885,30.58905],[-98.17688,30.59012],[-98.17489,30.58872],[-98.17568,30.59035],[-98.17681,30.59107],[-98.17768,30.5912],[-98.17868,30.59105],[-98.17979,30.59024],[-98.18065,30.58844],[-98.18152,30.58757],[-98.18285,30.58708],[-98.18555,30.58691],[-98.1581,30.6283],[-98.12907,30.61443],[-98.13097,30.61054],[-98.12977,30.60764]]]}},{"type":"Feature","properties":{"PRECINCT":"burnet:7","COUNTY":"Burnet"},"geometry":{"type":"Polygon","coordinates":[[[-98.37039,30.80965],[-98.37048,30.80935],[-98.36602,30.81316],[-98.36456,30.81305],[-98.36006,30.81446],[-98.35254,30.81226],[-98.34486,30.80794],[-98.35004,30.80602],[-98.35222,30.8044],[-98.3527,30.80444],[-98.35474,30.80331],[-98.3572,30.80137],[-98.36634,30.78822],[-98.38202,30.78117],[-98.3939,30.77416],[-98.39446,30.77427],[-98.3951,30.77278],[-98.39544,30.77325],[-98.40462,30.76789],[-98.40388,30.76604],[-98.40129,30.76474],[-98.39847,30.7612],[-98.39767,30.76077],[-98.39543,30.76035],[-98.39075,30.75879],[-98.38913,30.75755],[-98.38796,30.75629],[-98.38549,30.75711],[-98.38117,30.75754],[-98.37972,30.75748],[-98.37747,30.7568],[-98.3759,30.75676],[-98.37604,30.75542],[-98.37635,30.755],[-98.37688,30.75451],[-98.3789,30.75375],[-98.37937,30.75322],[-98.38222,30.74672],[-98.38478,30.74614],[-98.39141,30.74603],[-98.39291,30.74621],[-98.39632,30.74722],[-98.39926,30.74931],[-98.40016,30.75022],[-98.4017,30.75028],[-98.40685,30.75149],[-98.41177,30.7515],[-98.41499,30.75194],[-98.41774,30.75134],[-98.4202,30.75114],[-98.42234,30.75046],[-98.42325,30.75044],[-98.42453,30.75065],[-98.42663,30.75153],[-98.42896,30.75427],[-98.42991,30.75612],[-98.43029,30.75778],[-98.43021,30.76096],[-98.42923,30.76381],[-98.42786,30.76647],[-98.42691,30.76783],[-98.42436,30.77033],[-98.42387,30.77107],[-98.42289,30.77305],[-98.42253,30.77504],[-98.42271,30.77605],[-98.42355,30.77758],[-98.42971,30.78321],[-98.43121,30.7848],[-98.4321,30.78631],[-98.43254,30.78858],[-98.432,30.79044],[-98.43089,30.7918],[-98.42771,30.79446],[-98.42645,30.79518],[-98.42504,30.79566],[-98.41994,30.7953],[-98.4156,30.79427],[-98.41447,30.79422],[-98.41338,30.79453],[-98.41203,30.79544],[-98.41122,30.79637],[-98.40938,30.79996],[-98.40896,30.80162],[-98.40865,30.80732],[-98.40804,30.80928],[-98.40543,30.81395],[-98.40479,30.816],[-98.37039,30.80965]]]}},{"type":"Feature","properties":{"PRECINCT":"burnet:8","COUNTY":"Burnet"},"geometry":{"type":"Polygon","coordinates":[[[-98.34131,30.76637],[-98.33279,30.76614],[-98.32996,30.76699],[-98.32667,30.76678],[-98.32416,30.76711],[-98.32485,30.76404],[-98.32467,30.7614],[-98.32555,30.76055],[-98.3269,30.76048],[-98.32822,30.75986],[-98.3302,30.7579],[-98.3326,30.75653],[-98.33424,30.75422],[-98.3368,30.75184],[-98.33878,30.75069],[-98.32212,30.74751],[-98.32211,30.72925],[-98.31842,30.7305],[-98.3125,30.7335],[-98.30948,30.73577],[-98.30731,30.73704],[-98.30476,30.73772],[-98.30118,30.73949],[-98.30122,30.73773],[-98.30162,30.73676],[-98.3018,30.73512],[-98.30291,30.73322],[-98.30295,30.72957],[-98.30265,30.72756],[-98.30386,30.72485],[-98.30449,30.72277],[-98.30449,30.72053],[-98.30512,30.71983],[-98.30835,30.71795],[-98.30824,30.71731],[-98.30657,30.71458],[-98.30654,30.71396],[-98.30784,30.71025],[-98.30811,30.70986],[-98.30885,30.70972],[-98.30845,30.70672],[-98.30859,30.70326],[-98.30832,30.70232],[-98.30853,30.70159],[-98.31044,30.70003],[-98.31062,30.69931],[-98.31045,30.69821],[-98.31115,30.69758],[-98.31323,30.6967],[-98.31365,30.69592],[-98.31514,30.69495],[-98.31589,30.69393],[-98.31623,30.6921],[-98.31741,30.68986],[-98.31738,30.68885],[-98.31709,30.68837],[-98.31766,30.68765],[-98.31584,30.6873],[-98.31456,30.68576],[-98.31251,30.68391],[-98.31032,30.6833],[-98.31004,30.68297],[-98.31046,30.68195],[-98.31311,30.68161],[-98.31463,30.68031],[-98.31591,30.67968],[-98.31904,30.67953],[-98.32181,30.67984],[-98.32399,30.68034],[-98.32749,30.68155],[-98.32996,30.68284],[-98.33513,30.68417],[-98.33724,30.68436],[-98.3389,30.685],[-98.33985,30.68482],[-98.34085,30.68398],[-98.34172,30.6837],[-98.34606,30.68347],[-98.34908,30.68447],[-98.35101,30.68575],[-98.35133,30.68652],[-98.35363,30.68969],[-98.35617,30.69473],[-98.35683,30.69556],[-98.35782,30.69627],[-98.35877,30.6966],[-98.36035,30.69672],[-98.36956,30.69626],[-98.37174,30.69641],[-98.37373,30.69694],[-98.37677,30.69619],[-98.37887,30.69646],[-98.37979,30.69687],[-98.38041,30.69761],[-98.38062,30.69853],[-98.38051,30.69966],[-98.38094,30.70065],[-98.38191,30.69653],[-98.38346,30.69289],[-98.38882,30.68737],[-98.38946,30.68647],[-98.39154,30.68183],[-98.39338,30.67405],[-98.39469,30.67255],[-98.39557,30.67214],[-98.41573,30.66647],[-98.41648,30.66605],[-98.42075,30.66211],[-98.42579,30.65689],[-98.42855,30.65789],[-98.42819,30.65891],[-98.42835,30.66073],[-98.42951,30.66181],[-98.43328,30.66281],[-98.43553,30.66285],[-98.43847,30.66233],[-98.43954,30.66284],[-98.44112,30.66482],[-98.44176,30.66635],[-98.44188,30.66753],[-98.44164,30.66916],[-98.44046,30.67172],[-98.43932,30.67305],[-98.43861,30.67345],[-98.43671,30.67397],[-98.42956,30.67517],[-98.42815,30.67503],[-98.42481,30.67418],[-98.42173,30.67402],[-98.4199,30.67427],[-98.41686,30.67536],[-98.41428,30.67588],[-98.41197,30.67581],[-98.40912,30.67512],[-98.40726,30.67505],[-98.40501,30.67564],[-98.40398,30.6762],[-98.40292,30.67736],[-98.40237,30.6785],[-98.40218,30.68079],[-98.40489,30.68782],[-98.40546,30.69023],[-98.4081,30.69512],[-98.414,30.70183],[-98.41444,30.70296],[-98.41432,30.70374],[-98.41396,30.70439],[-98.41212,30.70602],[-98.4101,30.70846],[-98.40881,30.71116],[-98.40851,30.71497],[-98.40825,30.71567],[-98.40415,30.72108],[-98.40211,30.72184],[-98.39748,30.72125],[-98.39265,30.72123],[-98.39066,30.72286],[-98.38893,30.72499],[-98.3861,30.72891],[-98.38525,30.73063],[-98.37625,30.73706],[-98.37478,30.73776],[-98.3719,30.74048],[-98.37147,30.74138],[-98.37163,30.74292],[-98.37488,30.74638],[-98.37838,30.74733],[-98.38055,30.74726],[-98.38222,30.74672],[-98.37937,30.75322],[-98.3789,30.75375],[-98.37688,30.75451],[-98.37635,30.755],[-98.37604,30.75542],[-98.3759,30.75676],[-98.37398,30.75688],[-98.36985,30.75765],[-98.36625,30.75931],[-98.36377,30.75988],[-98.36124,30.76002],[-98.35823,30.75964],[-98.3569,30.75989],[-98.355,30.76082],[-98.35118,30.76337],[-98.34867,30.76683],[-98.34683,30.76779],[-98.34472,30.76777],[-98.34253,30.76666],[-98.34131,30.76637]]]}},{"type":"Feature","properties":{"PRECINCT":"burnet:9","COUNTY":"Burnet"},"geometry":{"type":"Polygon","coordinates":[[[-98.37718,30.69619],[-98.37584,30.6963],[-98.37373,30.69694],[-98.37174,30.69641],[-98.36956,30.69626],[-98.36312,30.69667],[-98.35971,30.69671],[-98.35849,30.69653],[-98.35732,30.69597],[-98.35646,30.69514],[-98.35517,30.69301],[-98.35363,30.68969],[-98.35133,30.68652],[-98.35101,30.68575],[-98.34908,30.68447],[-98.34606,30.68347],[-98.34504,30.68339],[-98.34122,30.68381],[-98.33985,30.68482],[-98.33877,30.68497],[-98.33724,30.68436],[-98.33513,30.68417],[-98.32996,30.68284],[-98.32749,30.68155],[-98.32399,30.68034],[-98.32181,30.67984],[-98.31904,30.67953],[-98.31667,30.67953],[-98.31566,30.67976],[-98.3128,30.68171],[-98.31118,30.6818],[-98.28298,30.6873],[-98.27028,30.68932],[-98.25759,30.69167],[-98.25502,30.6914],[-98.25525,30.68874],[-98.2548,30.67945],[-98.25688,30.6514],[-98.26246,30.63436],[-98.26356,30.6274],[-98.26438,30.62474],[-98.26596,30.62534],[-98.26785,30.61986],[-98.26736,30.61962],[-98.2707,30.61557],[-98.26926,30.61477],[-98.27041,30.61305],[-98.26951,30.6126],[-98.26881,30.60546],[-98.26994,30.60571],[-98.27052,30.60373],[-98.2693,30.60346],[-98.27057,30.60109],[-98.27217,30.60075],[-98.2748,30.59582],[-98.27969,30.59802],[-98.28163,30.59564],[-98.28837,30.58617],[-98.29285,30.58826],[-98.29322,30.58793],[-98.29483,30.59],[-98.29624,30.59112],[-98.30019,30.59242],[-98.30025,30.59267],[-98.30332,30.59355],[-98.30481,30.59386],[-98.32178,30.59533],[-98.32333,30.59571],[-98.32944,30.59828],[-98.32854,30.59956],[-98.33652,30.60285],[-98.33852,30.6031],[-98.34677,30.60288],[-98.37002,30.60663],[-98.36904,30.60938],[-98.37318,30.61097],[-98.3739,30.6095],[-98.37457,30.60874],[-98.37825,30.61104],[-98.37816,30.61117],[-98.38685,30.61705],[-98.38818,30.61559],[-98.39257,30.61837],[-98.39453,30.61645],[-98.39616,30.61408],[-98.397,30.61359],[-98.39694,30.61265],[-98.40001,30.60801],[-98.39911,30.60757],[-98.40141,30.60375],[-98.40074,30.60113],[-98.40061,30.59948],[-98.40194,30.60186],[-98.406,30.60689],[-98.40967,30.61231],[-98.4176,30.62727],[-98.41834,30.62992],[-98.41844,30.63301],[-98.41808,30.63507],[-98.41751,30.63657],[-98.41698,30.64035],[-98.41739,30.64325],[-98.41791,30.64479],[-98.41967,30.64707],[-98.42811,30.65398],[-98.42885,30.65483],[-98.429,30.65625],[-98.42855,30.65789],[-98.42579,30.65689],[-98.42075,30.66211],[-98.41648,30.66605],[-98.41573,30.66647],[-98.39557,30.67214],[-98.39436,30.67279],[-98.39338,30.67405],[-98.39154,30.68183],[-98.38946,30.68647],[-98.38882,30.68737],[-98.38346,30.69289],[-98.38191,30.69653],[-98.38094,30.70065],[-98.38051,30.69966],[-98.3805,30.69789],[-98.38006,30.6971],[-98.3792,30.69656],[-98.37718,30.69619]]]}},{"type":"Feature","properties":{"PRECINCT":"gillespie:1","COUNTY":"Gillespie"},"geometry":{"type":"Polygon","coordinates":[[[-98.85022,30.3011],[-98.84973,30.30003],[-98.84869,30.2996],[-98.84882,30.29891],[-98.8492,30.29873],[-98.84938,30.29831],[-98.84883,30.29715],[-98.84739,30.29571],[-98.84735,30.29541],[-98.84602,30.2954],[-98.84558,30.29491],[-98.84558,30.29442],[-98.8443,30.29442],[-98.84357,30.29477],[-98.84359,30.2963],[-98.84324,30.2963],[-98.84265,30.29827],[-98.84323,30.29837],[-98.8433,30.29805],[-98.84535,30.29832],[-98.84557,30.29962],[-98.84612,30.30018],[-98.84538,30.30058],[-98.84101,30.30013],[-98.84096,30.29893],[-98.84064,30.29856],[-98.84091,30.29807],[-98.84131,30.2981],[-98.84175,30.2964],[-98.84084,30.29477],[-98.84013,30.29481],[-98.83797,30.296],[-98.83687,30.29524],[-98.83555,30.29528],[-98.83662,30.29431],[-98.83603,30.29311],[-98.83828,30.29161],[-98.85049,30.28651],[-98.85737,30.28505],[-98.85692,30.28408],[-98.85788,30.28384],[-98.85801,30.28407],[-98.86145,30.28264],[-98.85913,30.28102],[-98.86032,30.27976],[-98.85943,30.27914],[-98.86057,30.27784],[-98.85797,30.27558],[-98.86133,30.27207],[-98.86115,30.27183],[-98.86227,30.27083],[-98.86113,30.26987],[-98.85814,30.2698],[-98.85811,30.26867],[-98.85696,30.26915],[-98.85687,30.26723],[-98.85272,30.26725],[-98.84991,30.26592],[-98.85154,30.26328],[-98.85165,30.26258],[-98.85219,30.26161],[-98.85204,30.26014],[-98.8526,30.26015],[-98.85009,30.25657],[-98.85043,30.25628],[-98.85532,30.25976],[-98.85628,30.26158],[-98.85806,30.26156],[-98.85805,30.26194],[-98.87159,30.26195],[-98.8716,30.26217],[-98.87155,30.26609],[-98.87121,30.26734],[-98.8647,30.2742],[-98.868,30.27654],[-98.86136,30.28353],[-98.86008,30.28432],[-98.85807,30.28489],[-98.85804,30.2915],[-98.86642,30.29149],[-98.86646,30.29263],[-98.85806,30.29263],[-98.85782,30.29466],[-98.85492,30.29611],[-98.85493,30.30017],[-98.85365,30.30087],[-98.85343,30.3005],[-98.85215,30.30175],[-98.85065,30.30145],[-98.85022,30.3011]]]}},{"type":"Feature","properties":{"PRECINCT":"gillespie:10","COUNTY":"Gillespie"},"geometry":{"type":"Polygon","coordinates":[[[-98.90459,30.28853],[-98.90335,30.2881],[-98.90275,30.28906],[-98.90107,30.28897],[-98.90017,30.28921],[-98.89888,30.2884],[-98.8985,30.28775],[-98.89761,30.28796],[-98.89723,30.28767],[-98.89614,30.28745],[-98.89488,30.28656],[-98.89275,30.28616],[-98.89116,30.28511],[-98.89037,30.28337],[-98.88983,30.28146],[-98.88937,30.28085],[-98.88877,30.28105],[-98.88817,30.28276],[-98.88767,30.28273],[-98.88623,30.27978],[-98.88599,30.2777],[-98.88475,30.27683],[-98.88772,30.27683],[-98.8877,30.27323],[-98.88487,30.27297],[-98.88444,30.27333],[-98.88388,30.27319],[-98.88386,30.27271],[-98.88466,30.27207],[-98.88478,30.27169],[-98.88565,30.27169],[-98.88569,30.2693],[-98.88645,30.2693],[-98.88648,30.26896],[-98.88768,30.26896],[-98.88762,30.26725],[-98.88559,30.26727],[-98.88559,30.26607],[-98.88765,30.26608],[-98.88769,30.26412],[-98.90139,30.2643],[-98.90128,30.2554],[-98.9063,30.25543],[-98.90635,30.25172],[-98.91379,30.25166],[-98.91487,30.25108],[-98.91622,30.24941],[-98.91762,30.24891],[-98.93183,30.24821],[-98.94081,30.24818],[-98.946,30.24638],[-98.95331,30.24544],[-98.95401,30.245],[-98.95443,30.24436],[-98.95482,30.24238],[-98.95604,30.24166],[-98.96408,30.24178],[-98.99168,30.24133],[-98.99668,30.24035],[-99.00207,30.24175],[-99.01918,30.243],[-99.02285,30.24348],[-99.04475,30.24296],[-99.05112,30.24446],[-99.05365,30.24472],[-99.06177,30.23718],[-99.06287,30.2355],[-99.06413,30.23549],[-99.06458,30.23514],[-99.06792,30.23606],[-99.06832,30.23646],[-99.06868,30.23958],[-99.07024,30.24125],[-99.07043,30.2428],[-99.07096,30.24312],[-99.07142,30.24312],[-99.07226,30.24264],[-99.07257,30.24164],[-99.0735,30.2405],[-99.07497,30.24056],[-99.07611,30.24097],[-99.07657,30.24144],[-99.07922,30.24113],[-99.08117,30.24136],[-99.08227,30.24198],[-99.08224,30.24246],[-99.08281,30.24308],[-99.08506,30.24298],[-99.08608,30.24329],[-99.08766,30.24299],[-99.08805,30.24327],[-99.08805,30.24346],[-99.08726,30.24356],[-99.08701,30.2438],[-99.08713,30.24843],[-99.09326,30.24736],[-99.09971,30.2483],[-99.11387,30.25333],[-99.13905,30.25749],[-99.13897,30.2585],[-99.13922,30.2589],[-99.13956,30.25891],[-99.1402,30.26016],[-99.14034,30.26151],[-99.13897,30.26259],[-99.13873,30.26369],[-99.13884,30.26615],[-99.1381,30.26686],[-99.13734,30.26866],[-99.13734,30.26906],[-99.13795,30.26953],[-99.13832,30.27028],[-99.13858,30.27136],[-99.13951,30.27237],[-99.13974,30.27443],[-99.13806,30.27743],[-99.13763,30.27746],[-99.13717,30.27792],[-99.13643,30.27775],[-99.1361,30.27789],[-99.13485,30.28016],[-99.13348,30.28129],[-99.13235,30.28276],[-99.13237,30.28334],[-99.13287,30.28407],[-99.13283,30.28505],[-99.13193,30.28558],[-99.13233,30.28686],[-99.13224,30.28772],[-99.13185,30.28867],[-99.13068,30.28902],[-99.13042,30.28935],[-99.13043,30.29002],[-99.13104,30.29182],[-99.1309,30.29331],[-99.13126,30.29446],[-99.13105,30.2956],[-99.13125,30.29824],[-99.13091,30.29876],[-99.13097,30.29948],[-99.0879,30.29944],[-99.05927,30.30257],[-99.05513,30.3027],[-99.0468,30.30091],[-99.04529,30.30022],[-99.03984,30.29686],[-99.03741,30.29597],[-99.03534,30.29583],[-99.02803,30.29646],[-99.01653,30.29527],[-99.01503,30.29545],[-99.00936,30.29796],[-99.00655,30.29872],[-99.00406,30.29987],[-99.00215,30.30009],[-99.00088,30.29973],[-98.99715,30.29781],[-98.99134,30.29736],[-98.97371,30.29095],[-98.97166,30.29087],[-98.96668,30.29186],[-98.96521,30.29174],[-98.94774,30.28316],[-98.93622,30.27982],[-98.9344,30.27958],[-98.93098,30.2796],[-98.9205,30.28952],[-98.90795,30.30213],[-98.90646,30.30031],[-98.90547,30.29982],[-98.90418,30.29869],[-98.90289,30.29652],[-98.90297,30.29546],[-98.90445,30.29397],[-98.90606,30.29153],[-98.90596,30.29091],[-98.90485,30.29009],[-98.90459,30.28853]]]}},{"type":"Feature","properties":{"PRECINCT":"gillespie:12","COUNTY":"Gillespie"},"geometry":{"type":"Polygon","coordinates":[[[-98.78619,30.49921],[-98.75752,30.49887],[-98.75831,30.49839],[-98.75946,30.49697],[-98.76126,30.49186],[-98.76117,30.49113],[-98.7602,30.48989],[-98.75963,30.48857],[-98.7587,30.48723],[-98.75977,30.4838],[-98.76027,30.48073],[-98.76095,30.47934],[-98.7603,30.47788],[-98.75953,30.47701],[-98.7589,30.47674],[-98.75896,30.47652],[-98.76,30.47597],[-98.76015,30.47528],[-98.75996,30.47427],[-98.75852,30.4723],[-98.75898,30.4718],[-98.75954,30.4705],[-98.75859,30.46859],[-98.75883,30.46766],[-98.75921,30.46747],[-98.76085,30.46524],[-98.76141,30.46499],[-98.76249,30.46379],[-98.76397,30.46298],[-98.76434,30.46292],[-98.76484,30.46317],[-98.76577,30.46301],[-98.76599,30.46265],[-98.76677,30.46224],[-98.76738,30.46036],[-98.76795,30.45973],[-98.76939,30.4588],[-98.76977,30.4576],[-98.76958,30.45654],[-98.7691,30.45585],[-98.76914,30.4535],[-98.76879,30.4523],[-98.76843,30.45204],[-98.76771,30.45064],[-98.76716,30.44819],[-98.76636,30.44763],[-98.76554,30.4458],[-98.76507,30.44555],[-98.7646,30.44349],[-98.76404,30.44297],[-98.76396,30.4422],[-98.76604,30.44069],[-98.76696,30.4406],[-98.76892,30.44083],[-98.76949,30.44036],[-98.76963,30.43976],[-98.76885,30.43918],[-98.76685,30.43917],[-98.76553,30.43888],[-98.76502,30.4385],[-98.76476,30.43789],[-98.76506,30.43765],[-98.76583,30.43568],[-98.76806,30.43331],[-98.76978,30.43083],[-98.76984,30.42999],[-98.77011,30.42959],[-98.76993,30.42919],[-98.7703,30.42836],[-98.77067,30.42818],[-98.77114,30.42829],[-98.77261,30.42934],[-98.77446,30.42885],[-98.7757,30.42808],[-98.77569,30.42777],[-98.77811,30.42352],[-98.77819,30.42295],[-98.77643,30.42237],[-98.77564,30.42168],[-98.77529,30.41752],[-98.77495,30.41693],[-98.76197,30.41176],[-98.7616,30.41176],[-98.76113,30.41212],[-98.75997,30.41398],[-98.75947,30.41429],[-98.73668,30.41453],[-98.73665,30.40404],[-98.73802,30.40193],[-98.74213,30.39177],[-98.74441,30.38401],[-98.74602,30.38168],[-98.74574,30.3811],[-98.74555,30.37932],[-98.74494,30.37867],[-98.7435,30.37803],[-98.74303,30.37681],[-98.74147,30.37571],[-98.74122,30.37467],[-98.73936,30.37251],[-98.73916,30.37155],[-98.73807,30.36937],[-98.73595,30.36762],[-98.73442,30.36707],[-98.7319,30.36421],[-98.73204,30.36397],[-98.73129,30.3632],[-98.73133,30.36216],[-98.73036,30.36098],[-98.7284,30.35942],[-98.72774,30.35935],[-98.72777,30.3591],[-98.72739,30.35898],[-98.72704,30.35902],[-98.72687,30.35883],[-98.72702,30.35829],[-98.72691,30.35808],[-98.72665,30.35813],[-98.72644,30.35766],[-98.72601,30.35739],[-98.72536,30.35728],[-98.72511,30.35751],[-98.72471,30.35726],[-98.72483,30.35651],[-98.72395,30.35619],[-98.72362,30.35568],[-98.72376,30.35453],[-98.72312,30.35455],[-98.7228,30.35416],[-98.72285,30.35338],[-98.72257,30.35265],[-98.71981,30.35109],[-98.71878,30.35127],[-98.71772,30.35057],[-98.71616,30.3502],[-98.7159,30.34288],[-98.71471,30.34265],[-98.71434,30.3422],[-98.71367,30.34283],[-98.71286,30.34304],[-98.70276,30.34333],[-98.69885,30.34321],[-98.69799,30.34231],[-98.69755,30.34221],[-98.69629,30.34281],[-98.69614,30.34349],[-98.69475,30.34433],[-98.69381,30.34411],[-98.6934,30.3435],[-98.68529,30.34321],[-98.68033,30.34363],[-98.67678,30.34503],[-98.67251,30.34464],[-98.6716,30.34431],[-98.66926,30.34256],[-98.66912,30.33674],[-98.65153,30.33682],[-98.6513,30.33667],[-98.65128,30.33368],[-98.65107,30.3335],[-98.64973,30.33351],[-98.64852,30.33509],[-98.64876,30.33619],[-98.64741,30.33699],[-98.64708,30.33786],[-98.64663,30.33826],[-98.64574,30.33852],[-98.64472,30.3384],[-98.64268,30.33987],[-98.64269,30.34087],[-98.64118,30.34076],[-98.63959,30.34239],[-98.63794,30.34316],[-98.63765,30.34342],[-98.63747,30.34477],[-98.63709,30.34515],[-98.63439,30.34603],[-98.63161,30.34812],[-98.63065,30.35012],[-98.63041,30.35228],[-98.63065,30.35391],[-98.62968,30.35452],[-98.62849,30.35491],[-98.62588,30.35484],[-98.62522,30.35514],[-98.62424,30.35587],[-98.62416,30.35655],[-98.62516,30.35803],[-98.62425,30.35905],[-98.62072,30.35967],[-98.61847,30.36085],[-98.61734,30.36115],[-98.61211,30.36084],[-98.60985,30.36114],[-98.60985,30.36095],[-98.60479,30.36006],[-98.60185,30.35888],[-98.59887,30.35607],[-98.59807,30.35454],[-98.5979,30.35455],[-98.59753,30.35218],[-98.59786,30.35174],[-98.59729,30.35093],[-98.59536,30.34961],[-98.59404,30.3494],[-98.59376,30.34957],[-98.59259,30.3489],[-98.5917,30.34796],[-98.59164,30.34744],[-98.59083,30.3465],[-98.58923,30.34549],[-98.58872,30.27463],[-98.59,30.27629],[-98.59177,30.27743],[-98.5919,30.27791],[-98.59236,30.27807],[-98.59297,30.27904],[-98.59395,30.27913],[-98.59607,30.27855],[-98.59647,30.27687],[-98.59665,30.27647],[-98.59699,30.27634],[-98.60026,30.27719],[-98.60595,30.27739],[-98.60611,30.27775],[-98.60907,30.27819],[-98.61209,30.2783],[-98.61671,30.27809],[-98.61882,30.27734],[-98.61974,30.27621],[-98.62279,30.27498],[-98.62379,30.2748],[-98.63256,30.27429],[-98.64226,30.27553],[-98.64764,30.27871],[-98.64778,30.28558],[-98.66922,30.28538],[-98.67472,30.28632],[-98.68342,30.28631],[-98.68459,30.2862],[-98.68901,30.28489],[-98.69033,30.2848],[-98.69165,30.28516],[-98.69481,30.28714],[-98.69624,30.28772],[-98.70005,30.28868],[-98.70545,30.28904],[-98.70685,30.28943],[-98.70832,30.29073],[-98.70845,30.29232],[-98.73112,30.29236],[-98.73641,30.29099],[-98.75342,30.29098],[-98.75305,30.27653],[-98.75289,30.2348],[-98.75217,30.23399],[-98.74861,30.23125],[-98.74375,30.22651],[-98.74143,30.22472],[-98.74102,30.22355],[-98.74178,30.22326],[-98.7428,30.2234],[-98.74378,30.22387],[-98.74469,30.22466],[-98.74618,30.22676],[-98.74838,30.22922],[-98.76086,30.23826],[-98.76214,30.23882],[-98.76489,30.23935],[-98.76855,30.2395],[-98.77194,30.23868],[-98.77595,30.2365],[-98.77697,30.23621],[-98.77927,30.23602],[-98.78149,30.23629],[-98.78366,30.23744],[-98.78408,30.23849],[-98.78318,30.239],[-98.78325,30.23942],[-98.78634,30.24183],[-98.79133,30.24145],[-98.79299,30.24179],[-98.79508,30.24264],[-98.79527,30.24482],[-98.80177,30.24752],[-98.80317,30.24724],[-98.80374,30.2475],[-98.80405,30.24672],[-98.80397,30.24603],[-98.80381,30.2457],[-98.80333,30.24586],[-98.80232,30.24539],[-98.80277,30.2447],[-98.80108,30.2446],[-98.80099,30.24426],[-98.80192,30.24363],[-98.8019,30.24319],[-98.80333,30.24303],[-98.8047,30.24239],[-98.80556,30.24172],[-98.80553,30.2412],[-98.80596,30.24062],[-98.80583,30.24011],[-98.8051,30.23963],[-98.80443,30.23807],[-98.80467,30.23688],[-98.80528,30.23618],[-98.80496,30.23314],[-98.80571,30.23273],[-98.80698,30.2317],[-98.80743,30.23099],[-98.80827,30.23049],[-98.80978,30.23034],[-98.81201,30.23048],[-98.81482,30.23109],[-98.81532,30.2314],[-98.8164,30.23292],[-98.81711,30.23333],[-98.82085,30.23422],[-98.82118,30.2337],[-98.82126,30.23257],[-98.82053,30.23179],[-98.81977,30.23015],[-98.81973,30.22957],[-98.81883,30.22892],[-98.81824,30.22807],[-98.81821,30.22765],[-98.81883,30.22734],[-98.82143,30.22798],[-98.82267,30.22857],[-98.84085,30.24022],[-98.84251,30.24165],[-98.84573,30.24527],[-98.84671,30.24682],[-98.84908,30.25486],[-98.85034,30.25636],[-98.85009,30.25657],[-98.8526,30.26015],[-98.85204,30.26014],[-98.85219,30.26161],[-98.85165,30.26258],[-98.85154,30.26328],[-98.84991,30.26592],[-98.85272,30.26725],[-98.85687,30.26723],[-98.85696,30.26915],[-98.85811,30.26867],[-98.85814,30.2698],[-98.86113,30.26987],[-98.86227,30.27083],[-98.86115,30.27183],[-98.86133,30.27207],[-98.85797,30.27558],[-98.86057,30.27784],[-98.85943,30.27914],[-98.86032,30.27976],[-98.85913,30.28102],[-98.86145,30.28264],[-98.85801,30.28407],[-98.85788,30.28384],[-98.85692,30.28408],[-98.85737,30.28505],[-98.85049,30.28651],[-98.83828,30.29161],[-98.83603,30.29311],[-98.83662,30.29431],[-98.83555,30.29528],[-98.83687,30.29524],[-98.83797,30.296],[-98.84013,30.29481],[-98.84084,30.29477],[-98.84175,30.2964],[-98.84131,30.2981],[-98.84091,30.29807],[-98.84064,30.29856],[-98.84096,30.29893],[-98.84101,30.30013],[-98.84538,30.30058],[-98.84612,30.30018],[-98.84557,30.29962],[-98.84535,30.29832],[-98.8433,30.29805],[-98.84323,30.29837],[-98.84265,30.29827],[-98.84324,30.2963],[-98.84359,30.2963],[-98.84357,30.29477],[-98.8443,30.29442],[-98.84558,30.29442],[-98.84558,30.29491],[-98.84602,30.2954],[-98.84735,30.29541],[-98.84739,30.29571],[-98.84883,30.29715],[-98.84938,30.29831],[-98.8492,30.29873],[-98.84882,30.29891],[-98.84874,30.29971],[-98.84973,30.30003],[-98.85011,30.30044],[-98.85022,30.3011],[-98.85065,30.30145],[-98.85215,30.30175],[-98.85343,30.3005],[-98.85365,30.30087],[-98.85493,30.30017],[-98.85492,30.29611],[-98.85782,30.29466],[-98.85806,30.29263],[-98.86646,30.29263],[-98.86633,30.29639],[-98.86528,30.30073],[-98.86442,30.30171],[-98.86423,30.30227],[-98.86555,30.30426],[-98.86666,30.30731],[-98.86669,30.30848],[-98.86589,30.31082],[-98.86544,30.31133],[-98.86463,30.3117],[-98.8622,30.312],[-98.86149,30.31271],[-98.85874,30.32368],[-98.8588,30.32685],[-98.85788,30.33549],[-98.85739,30.35984],[-98.85715,30.36116],[-98.85602,30.36403],[-98.85541,30.36697],[-98.85562,30.36778],[-98.85917,30.37367],[-98.86095,30.38013],[-98.86213,30.38176],[-98.86259,30.38745],[-98.86205,30.38936],[-98.86009,30.39333],[-98.85936,30.39546],[-98.85807,30.39784],[-98.85851,30.40191],[-98.85761,30.40605],[-98.85776,30.40767],[-98.85856,30.41061],[-98.85782,30.41294],[-98.85785,30.41426],[-98.85721,30.41567],[-98.85783,30.42288],[-98.85757,30.42782],[-98.85697,30.42918],[-98.85757,30.42956],[-98.85934,30.42727],[-98.86116,30.42629],[-98.86097,30.42515],[-98.8615,30.42441],[-98.86256,30.42373],[-98.86302,30.42284],[-98.86308,30.4224],[-98.8626,30.42198],[-98.86216,30.42227],[-98.86121,30.4221],[-98.85952,30.42062],[-98.85918,30.4197],[-98.86045,30.41868],[-98.86081,30.41808],[-98.86017,30.4139],[-98.86111,30.41241],[-98.8626,30.4118],[-98.86254,30.40956],[-98.86367,30.40788],[-98.86457,30.4074],[-98.86698,30.40804],[-98.86914,30.40715],[-98.87031,30.40716],[-98.87301,30.40651],[-98.87466,30.40672],[-98.87645,30.40568],[-98.87931,30.40509],[-98.87884,30.40554],[-98.87892,30.40636],[-98.88003,30.40725],[-98.88066,30.40882],[-98.88066,30.41015],[-98.88121,30.4107],[-98.8806,30.4111],[-98.87911,30.41366],[-98.8784,30.41661],[-98.87515,30.41961],[-98.87409,30.42097],[-98.87524,30.4216],[-98.87575,30.42265],[-98.87577,30.42377],[-98.87498,30.42468],[-98.87576,30.42496],[-98.87771,30.42644],[-98.87816,30.42869],[-98.87858,30.42948],[-98.87885,30.42944],[-98.87985,30.42825],[-98.8805,30.42798],[-98.88191,30.42834],[-98.88274,30.4289],[-98.88542,30.43221],[-98.89291,30.43991],[-98.89464,30.44252],[-98.89663,30.44392],[-98.89926,30.44682],[-98.90328,30.44712],[-98.9049,30.4482],[-98.91605,30.4498],[-98.91672,30.4503],[-98.91672,30.45162],[-98.91695,30.45197],[-98.91861,30.45221],[-98.92063,30.45196],[-98.92155,30.45325],[-98.92386,30.45521],[-98.92681,30.45596],[-98.92749,30.45685],[-98.92826,30.4588],[-98.9295,30.46011],[-98.93025,30.46132],[-98.93498,30.46212],[-98.93809,30.46359],[-98.93859,30.46345],[-98.93924,30.4628],[-98.93957,30.46283],[-98.94484,30.4643],[-98.94643,30.46542],[-98.94636,30.4778],[-98.94475,30.48518],[-98.94452,30.49451],[-98.94416,30.49545],[-98.94242,30.49793],[-98.94236,30.49856],[-98.85595,30.49928],[-98.78619,30.49921]]]}},{"type":"Feature","properties":{"PRECINCT":"gillespie:13","COUNTY":"Gillespie"},"geometry":{"type":"Polygon","coordinates":[[[-98.94242,30.49793],[-98.94416,30.49545],[-98.94452,30.49451],[-98.94475,30.48518],[-98.94636,30.4778],[-98.94643,30.46542],[-98.94484,30.4643],[-98.93957,30.46283],[-98.93924,30.4628],[-98.93859,30.46345],[-98.93809,30.46359],[-98.93498,30.46212],[-98.93025,30.46132],[-98.9295,30.46011],[-98.92826,30.4588],[-98.92749,30.45685],[-98.92681,30.45596],[-98.92386,30.45521],[-98.92155,30.45325],[-98.92063,30.45196],[-98.91861,30.45221],[-98.91695,30.45197],[-98.91672,30.45162],[-98.91672,30.4503],[-98.91605,30.4498],[-98.9049,30.4482],[-98.90328,30.44712],[-98.89926,30.44682],[-98.89663,30.44392],[-98.89464,30.44252],[-98.89291,30.43991],[-98.88542,30.43221],[-98.88274,30.4289],[-98.88191,30.42834],[-98.8805,30.42798],[-98.87985,30.42825],[-98.87885,30.42944],[-98.87858,30.42948],[-98.87816,30.42869],[-98.87771,30.42644],[-98.87576,30.42496],[-98.87498,30.42468],[-98.87577,30.42377],[-98.87575,30.42265],[-98.87524,30.4216],[-98.87409,30.42097],[-98.87515,30.41961],[-98.8784,30.41661],[-98.87911,30.41366],[-98.8806,30.4111],[-98.88121,30.4107],[-98.88066,30.41015],[-98.88066,30.40882],[-98.88003,30.40725],[-98.87892,30.40636],[-98.87884,30.40554],[-98.87931,30.40509],[-98.87645,30.40568],[-98.87466,30.40672],[-98.87301,30.40651],[-98.87031,30.40716],[-98.86914,30.40715],[-98.86698,30.40804],[-98.86457,30.4074],[-98.86367,30.40788],[-98.86254,30.40956],[-98.8626,30.4118],[-98.86111,30.41241],[-98.86017,30.4139],[-98.86081,30.41808],[-98.86045,30.41868],[-98.85918,30.4197],[-98.85952,30.42062],[-98.86121,30.4221],[-98.86216,30.42227],[-98.8626,30.42198],[-98.86308,30.4224],[-98.86302,30.42284],[-98.86256,30.42373],[-98.8615,30.42441],[-98.86097,30.42515],[-98.86116,30.42629],[-98.85934,30.42727],[-98.85757,30.42956],[-98.85697,30.42918],[-98.85757,30.42782],[-98.85783,30.42288],[-98.85721,30.41567],[-98.85785,30.41426],[-98.85782,30.41294],[-98.85856,30.41061],[-98.85776,30.40767],[-98.85761,30.40605],[-98.85851,30.40191],[-98.85807,30.39784],[-98.85936,30.39546],[-98.86009,30.39333],[-98.86205,30.38936],[-98.86259,30.38745],[-98.86213,30.38176],[-98.86095,30.38013],[-98.85917,30.37367],[-98.85562,30.36778],[-98.85541,30.36697],[-98.85602,30.36403],[-98.85715,30.36116],[-98.85739,30.35984],[-98.85788,30.33549],[-98.8588,30.32685],[-98.85874,30.32368],[-98.86149,30.31271],[-98.8622,30.312],[-98.86463,30.3117],[-98.86544,30.31133],[-98.86589,30.31082],[-98.86669,30.30848],[-98.86666,30.30731],[-98.86555,30.30426],[-98.86423,30.30227],[-98.86442,30.30171],[-98.86528,30.30073],[-98.86644,30.29577],[-98.86944,30.2956],[-98.86994,30.29464],[-98.86984,30.29354],[-98.86953,30.29314],[-98.87057,30.29314],[-98.87091,30.29684],[-98.87231,30.29687],[-98.87233,30.29714],[-98.87579,30.29719],[-98.87582,30.29614],[-98.87779,30.29617],[-98.8778,30.29396],[-98.87587,30.29395],[-98.87588,30.29342],[-98.87508,30.29342],[-98.87445,30.29212],[-98.87514,30.29055],[-98.87695,30.28913],[-98.87802,30.28986],[-98.87965,30.28812],[-98.88267,30.29013],[-98.8837,30.28922],[-98.88418,30.28959],[-98.88494,30.28886],[-98.8847,30.28861],[-98.8859,30.28734],[-98.88718,30.2882],[-98.88865,30.28693],[-98.89012,30.2882],[-98.89178,30.28705],[-98.8905,30.28658],[-98.88949,30.28527],[-98.89105,30.28481],[-98.89128,30.28527],[-98.89275,30.28616],[-98.89488,30.28656],[-98.89614,30.28745],[-98.89723,30.28767],[-98.89761,30.28796],[-98.8985,30.28775],[-98.89888,30.2884],[-98.90017,30.28921],[-98.90107,30.28897],[-98.90275,30.28906],[-98.9034,30.28806],[-98.90447,30.28838],[-98.90476,30.28884],[-98.90485,30.29009],[-98.90596,30.29091],[-98.90603,30.29172],[-98.90515,30.29266],[-98.90427,30.29419],[-98.90297,30.29546],[-98.90289,30.29652],[-98.90418,30.29869],[-98.90547,30.29982],[-98.90646,30.30031],[-98.90795,30.30213],[-98.9205,30.28952],[-98.93098,30.2796],[-98.93395,30.27957],[-98.93634,30.27986],[-98.94822,30.28335],[-98.96521,30.29174],[-98.96668,30.29186],[-98.97166,30.29087],[-98.97371,30.29095],[-98.99134,30.29736],[-98.99715,30.29781],[-99.00088,30.29973],[-99.00215,30.30009],[-99.00406,30.29987],[-99.00655,30.29872],[-99.00936,30.29796],[-99.01503,30.29545],[-99.01653,30.29527],[-99.02803,30.29646],[-99.03534,30.29583],[-99.03741,30.29597],[-99.03984,30.29686],[-99.04529,30.30022],[-99.0468,30.30091],[-99.05513,30.3027],[-99.05927,30.30257],[-99.0879,30.29944],[-99.13236,30.29947],[-99.15199,30.29801],[-99.15218,30.31081],[-99.14565,30.31064],[-99.14304,30.31009],[-99.14267,30.313],[-99.14118,30.31433],[-99.1399,30.31483],[-99.13925,30.31703],[-99.14002,30.31895],[-99.14197,30.32179],[-99.14143,30.32705],[-99.14257,30.32817],[-99.14287,30.3295],[-99.14303,30.33711],[-99.14359,30.33784],[-99.14445,30.34077],[-99.14547,30.3424],[-99.14554,30.34311],[-99.14807,30.34898],[-99.15002,30.35981],[-99.14942,30.36188],[-99.14899,30.36495],[-99.15075,30.36766],[-99.151,30.36871],[-99.15093,30.37064],[-99.15079,30.37102],[-99.13757,30.37097],[-99.13757,30.36528],[-99.13053,30.36555],[-99.12691,30.36543],[-99.12673,30.37195],[-99.12474,30.37199],[-99.12001,30.38424],[-99.1201,30.38563],[-99.12113,30.38943],[-99.12212,30.39158],[-99.1225,30.39839],[-99.12163,30.39933],[-99.12113,30.40039],[-99.12092,30.40234],[-99.11931,30.40566],[-99.11868,30.4075],[-99.11878,30.40882],[-99.1171,30.40826],[-99.11629,30.40699],[-99.11418,30.40675],[-99.11361,30.40649],[-99.11288,30.40564],[-99.11062,30.40475],[-99.10752,30.40441],[-99.10483,30.40444],[-99.10439,30.4042],[-99.10376,30.40326],[-99.10126,30.40315],[-99.09965,30.40394],[-99.09636,30.40481],[-99.09431,30.40405],[-99.0924,30.40274],[-99.08829,30.40273],[-99.08656,30.40172],[-99.08243,30.40166],[-99.08082,30.39878],[-99.08033,30.39722],[-99.07869,30.39587],[-99.07804,30.3939],[-99.07685,30.39199],[-99.06817,30.39206],[-99.06718,30.39327],[-99.06748,30.39546],[-99.06687,30.39758],[-99.06698,30.39908],[-99.06746,30.40005],[-99.06755,30.40081],[-99.06722,30.40102],[-99.06598,30.40319],[-99.0653,30.40378],[-99.06397,30.40391],[-99.06307,30.40435],[-99.06127,30.40421],[-99.06113,30.40623],[-99.06019,30.40876],[-99.05933,30.4097],[-99.0581,30.41035],[-99.05682,30.41234],[-99.05451,30.4139],[-99.05223,30.41486],[-99.04797,30.41718],[-99.0479,30.41925],[-99.04648,30.42077],[-99.04577,30.42214],[-99.04576,30.42403],[-99.04625,30.42564],[-99.04613,30.42642],[-99.04476,30.42771],[-99.04414,30.42965],[-99.04186,30.42926],[-99.04089,30.42823],[-99.03956,30.42763],[-99.0387,30.42657],[-99.03751,30.42574],[-99.03719,30.4251],[-99.02393,30.42498],[-99.02394,30.43499],[-99.02568,30.43611],[-99.02679,30.43645],[-99.03638,30.43668],[-99.03763,30.43744],[-99.03917,30.43928],[-99.03966,30.43952],[-99.04728,30.43957],[-99.04849,30.43974],[-99.04937,30.44032],[-99.05029,30.44153],[-99.05038,30.44395],[-99.05092,30.44547],[-99.05029,30.44732],[-99.05017,30.45286],[-99.05062,30.45478],[-99.04982,30.45615],[-99.04947,30.45922],[-99.04915,30.45981],[-99.04749,30.46073],[-99.04625,30.46194],[-99.04585,30.4637],[-99.04386,30.46622],[-99.04293,30.46989],[-99.0412,30.46974],[-99.03716,30.47013],[-99.03572,30.47066],[-99.03395,30.47214],[-99.02984,30.47307],[-99.02785,30.47311],[-99.02583,30.47452],[-99.02333,30.47401],[-99.0217,30.47495],[-99.02087,30.47576],[-99.0234,30.47754],[-99.02586,30.478],[-99.02832,30.4802],[-99.02874,30.48089],[-99.03028,30.48208],[-99.03139,30.48258],[-99.03099,30.48345],[-99.03051,30.48746],[-99.03064,30.49042],[-99.02998,30.49074],[-99.02951,30.49017],[-99.02903,30.49012],[-99.0281,30.49127],[-99.02831,30.4923],[-99.02781,30.49349],[-99.02813,30.49374],[-99.02958,30.49402],[-99.03011,30.49457],[-99.03112,30.49489],[-99.0317,30.49553],[-99.03384,30.49668],[-99.03427,30.49764],[-99.03395,30.49819],[-99.00033,30.49808],[-98.99575,30.49839],[-98.94236,30.49856],[-98.94242,30.49793]]]}},{"type":"Feature","properties":{"PRECINCT":"gillespie:15","COUNTY":"Gillespie"},"geometry":{"type":"Polygon","coordinates":[[[-99.06458,30.23514],[-99.06078,30.23471],[-99.05984,30.23421],[-99.06039,30.23262],[-99.06133,30.23149],[-99.06083,30.23089],[-99.06073,30.23006],[-99.06107,30.22807],[-99.06088,30.22765],[-99.06014,30.22711],[-99.05698,30.22716],[-99.05357,30.22867],[-99.05205,30.22887],[-99.05067,30.23024],[-99.05002,30.2305],[-99.04907,30.23013],[-99.04751,30.22858],[-99.0458,30.22872],[-99.04399,30.22835],[-99.04329,30.22772],[-99.04264,30.22661],[-99.04172,30.22621],[-99.04033,30.22636],[-99.03962,30.22606],[-99.03902,30.22456],[-99.0387,30.22463],[-99.03768,30.22312],[-99.03664,30.22249],[-99.03533,30.22064],[-99.03513,30.21966],[-99.03474,30.21925],[-99.03454,30.2177],[-99.03159,30.21559],[-99.03092,30.21546],[-99.02917,30.21347],[-99.028,30.21327],[-99.02659,30.21333],[-99.02546,30.21376],[-99.0252,30.21417],[-99.02432,30.21461],[-99.02285,30.2148],[-99.02131,30.21456],[-99.01843,30.21343],[-99.01657,30.21148],[-99.0164,30.21037],[-99.01574,30.2096],[-99.01585,30.20934],[-99.01432,30.2088],[-99.01271,30.20785],[-99.00918,30.20768],[-99.00779,30.20856],[-99.00569,30.20945],[-99.00393,30.20984],[-99.00241,30.20944],[-99.00534,30.20576],[-99.03927,30.17262],[-99.05753,30.15533],[-99.06228,30.15042],[-99.06676,30.15027],[-99.06879,30.1519],[-99.06951,30.15214],[-99.07225,30.15071],[-99.07106,30.15046],[-99.07169,30.14893],[-99.07274,30.14878],[-99.07389,30.14893],[-99.07441,30.14923],[-99.07511,30.14866],[-99.07682,30.14651],[-99.07755,30.14362],[-99.07839,30.14315],[-99.08013,30.14319],[-99.08067,30.14282],[-99.08038,30.14172],[-99.07984,30.1409],[-99.07999,30.14027],[-99.07936,30.13795],[-99.07859,30.13706],[-99.07864,30.13658],[-99.21451,30.13507],[-99.21479,30.13549],[-99.21457,30.13725],[-99.21623,30.13837],[-99.21722,30.1396],[-99.21709,30.1405],[-99.21612,30.14279],[-99.21679,30.14401],[-99.21902,30.14585],[-99.22176,30.14752],[-99.22285,30.14958],[-99.22565,30.15002],[-99.22693,30.14977],[-99.22741,30.15007],[-99.22733,30.15096],[-99.22648,30.15193],[-99.22641,30.15385],[-99.22563,30.15459],[-99.22552,30.15728],[-99.22528,30.15778],[-99.22266,30.1604],[-99.22195,30.16433],[-99.22225,30.16458],[-99.2219,30.16629],[-99.22231,30.16744],[-99.22227,30.1688],[-99.22292,30.16933],[-99.22304,30.17026],[-99.22431,30.1713],[-99.22567,30.17472],[-99.22495,30.17543],[-99.22207,30.17516],[-99.21769,30.1754],[-99.21657,30.17559],[-99.21434,30.17645],[-99.20956,30.17716],[-99.20842,30.17825],[-99.20539,30.18006],[-99.20383,30.18051],[-99.20229,30.18065],[-99.20162,30.18104],[-99.19722,30.18096],[-99.19595,30.18166],[-99.18858,30.18375],[-99.18277,30.18607],[-99.17428,30.18601],[-99.16887,30.18875],[-99.16268,30.19279],[-99.16176,30.19314],[-99.15416,30.19345],[-99.14652,30.19334],[-99.14418,30.19284],[-99.14156,30.19287],[-99.1413,30.19297],[-99.14107,30.19517],[-99.14014,30.1938],[-99.13841,30.1936],[-99.13487,30.19737],[-99.13396,30.19762],[-99.13367,30.19804],[-99.13285,30.19813],[-99.13087,30.19783],[-99.12872,30.19634],[-99.12867,30.19584],[-99.1263,30.1935],[-99.11984,30.19441],[-99.11986,30.19628],[-99.11965,30.19628],[-99.11823,30.19959],[-99.11588,30.20162],[-99.11478,30.20288],[-99.11355,30.20354],[-99.11107,30.20387],[-99.10943,30.20518],[-99.10882,30.20585],[-99.10747,30.20868],[-99.09688,30.22119],[-99.09583,30.22137],[-99.08755,30.22139],[-99.08689,30.22156],[-99.07241,30.22855],[-99.06647,30.233],[-99.06458,30.23514]]]}},{"type":"Feature","properties":{"PRECINCT":"gillespie:2","COUNTY":"Gillespie"},"geometry":{"type":"Polygon","coordinates":[[[-98.88613,30.2851],[-98.87228,30.2751],[-98.87801,30.26871],[-98.87846,30.26729],[-98.87849,30.26496],[-98.87911,30.26349],[-98.88067,30.26203],[-98.88597,30.2586],[-98.88596,30.25842],[-98.89087,30.25521],[-98.89228,30.25403],[-98.89437,30.25018],[-98.89432,30.25142],[-98.89887,30.25172],[-98.90635,30.25172],[-98.9063,30.25543],[-98.90128,30.2554],[-98.90139,30.2643],[-98.88769,30.26412],[-98.88765,30.26608],[-98.88559,30.26607],[-98.88559,30.26727],[-98.88762,30.26725],[-98.88768,30.26896],[-98.88648,30.26896],[-98.88645,30.2693],[-98.88569,30.2693],[-98.88565,30.27169],[-98.88478,30.27169],[-98.88466,30.27207],[-98.88394,30.27256],[-98.88388,30.27319],[-98.88454,30.27333],[-98.88487,30.27297],[-98.8877,30.27323],[-98.88772,30.27683],[-98.88475,30.27683],[-98.88599,30.2777],[-98.88623,30.27978],[-98.88773,30.28281],[-98.88822,30.28269],[-98.88885,30.28093],[-98.88947,30.28091],[-98.89105,30.28481],[-98.88846,30.28551],[-98.88709,30.28543],[-98.88613,30.2851]]]}},{"type":"Feature","properties":{"PRECINCT":"gillespie:3","COUNTY":"Gillespie"},"geometry":{"type":"Polygon","coordinates":[[[-98.85805,30.26194],[-98.85806,30.26156],[-98.85628,30.26158],[-98.85532,30.25976],[-98.85034,30.25636],[-98.8495,30.25548],[-98.84908,30.25486],[-98.84671,30.24682],[-98.84577,30.24531],[-98.84588,30.24394],[-98.84793,30.24385],[-98.84793,30.24325],[-98.84896,30.24325],[-98.84916,30.24383],[-98.85269,30.2438],[-98.85289,30.25322],[-98.85618,30.2532],[-98.85619,30.25418],[-98.85706,30.25417],[-98.85706,30.255],[-98.85806,30.255],[-98.85805,30.25323],[-98.86815,30.25324],[-98.86816,30.25368],[-98.87164,30.25368],[-98.87166,30.25473],[-98.8724,30.25473],[-98.87244,30.255],[-98.87398,30.25496],[-98.87399,30.25333],[-98.87603,30.25331],[-98.87601,30.25498],[-98.87833,30.255],[-98.87832,30.25122],[-98.88093,30.25122],[-98.88087,30.24972],[-98.88385,30.24977],[-98.88385,30.24897],[-98.88871,30.24907],[-98.88862,30.24763],[-98.89399,30.24772],[-98.89413,30.2424],[-98.89906,30.24248],[-98.89907,30.24058],[-98.8999,30.24057],[-98.89989,30.2408],[-98.90066,30.24112],[-98.90415,30.23559],[-98.90528,30.23632],[-98.90687,30.23838],[-98.90871,30.23857],[-98.91118,30.23846],[-98.91299,30.23804],[-98.9172,30.23795],[-98.91729,30.23514],[-98.91927,30.2355],[-98.91922,30.24821],[-98.92056,30.2486],[-98.92057,30.24885],[-98.91688,30.24907],[-98.91604,30.24957],[-98.91466,30.25124],[-98.91313,30.25177],[-98.89887,30.25172],[-98.89432,30.25142],[-98.89437,30.25018],[-98.89228,30.25403],[-98.89087,30.25521],[-98.88079,30.26206],[-98.85805,30.26194]]]}},{"type":"Feature","properties":{"PRECINCT":"gillespie:4","COUNTY":"Gillespie"},"geometry":{"type":"Polygon","coordinates":[[[-98.87233,30.29714],[-98.87231,30.29687],[-98.87091,30.29684],[-98.87057,30.29314],[-98.86953,30.29314],[-98.86984,30.29354],[-98.86994,30.29464],[-98.86944,30.2956],[-98.86644,30.29577],[-98.86642,30.29149],[-98.85804,30.2915],[-98.85807,30.28489],[-98.86008,30.28432],[-98.86136,30.28353],[-98.868,30.27654],[-98.8647,30.2742],[-98.87121,30.26734],[-98.87155,30.26609],[-98.87159,30.26197],[-98.8805,30.26194],[-98.88067,30.26203],[-98.87934,30.26319],[-98.87864,30.26442],[-98.87846,30.26729],[-98.87801,30.26871],[-98.87228,30.2751],[-98.88613,30.2851],[-98.88777,30.28551],[-98.88949,30.28527],[-98.8905,30.28658],[-98.89178,30.28705],[-98.89012,30.2882],[-98.88865,30.28693],[-98.88718,30.2882],[-98.8859,30.28734],[-98.8847,30.28861],[-98.88494,30.28886],[-98.88418,30.28959],[-98.8837,30.28922],[-98.88267,30.29013],[-98.87965,30.28812],[-98.87802,30.28986],[-98.87695,30.28913],[-98.87506,30.29065],[-98.87445,30.29219],[-98.87508,30.29342],[-98.87588,30.29342],[-98.87587,30.29395],[-98.8778,30.29396],[-98.87779,30.29617],[-98.87582,30.29614],[-98.87579,30.29719],[-98.87233,30.29714]]]}},{"type":"Feature","properties":{"PRECINCT":"gillespie:5","COUNTY":"Gillespie"},"geometry":{"type":"Polygon","coordinates":[[[-99.28054,30.43977],[-99.28053,30.42819],[-99.25835,30.42829],[-99.25965,30.41424],[-99.24444,30.41411],[-99.24505,30.41333],[-99.24439,30.41321],[-99.24098,30.41108],[-99.23775,30.40989],[-99.23668,30.40883],[-99.23673,30.3989],[-99.22583,30.39891],[-99.22587,30.39652],[-99.21042,30.3965],[-99.21045,30.39869],[-99.19661,30.39864],[-99.19769,30.40215],[-99.19747,30.4035],[-99.1968,30.40446],[-99.18857,30.41015],[-99.18692,30.41072],[-99.18359,30.41122],[-99.18255,30.41166],[-99.18022,30.41409],[-99.17471,30.41758],[-99.16844,30.42298],[-99.16464,30.42902],[-99.1636,30.43001],[-99.16277,30.4304],[-99.16155,30.43061],[-99.14847,30.43049],[-99.14884,30.42963],[-99.15016,30.42857],[-99.1518,30.42774],[-99.15359,30.42783],[-99.15442,30.4267],[-99.15528,30.42473],[-99.15392,30.42421],[-99.15257,30.42307],[-99.15394,30.42125],[-99.15596,30.41975],[-99.15545,30.41913],[-99.1542,30.41831],[-99.15403,30.41788],[-99.15452,30.41715],[-99.15624,30.41663],[-99.15721,30.4161],[-99.15771,30.41553],[-99.15773,30.41494],[-99.15661,30.41304],[-99.15511,30.41202],[-99.15303,30.41116],[-99.15293,30.41048],[-99.15321,30.40979],[-99.15382,30.40948],[-99.15459,30.40958],[-99.15525,30.40869],[-99.15518,30.40837],[-99.15471,30.40804],[-99.15261,30.4074],[-99.15087,30.40608],[-99.15055,30.40552],[-99.15072,30.40521],[-99.15265,30.40437],[-99.15361,30.4037],[-99.15449,30.40247],[-99.15407,30.40048],[-99.15283,30.39756],[-99.15337,30.39706],[-99.15328,30.39684],[-99.15294,30.39662],[-99.1517,30.39688],[-99.14994,30.39499],[-99.15029,30.39311],[-99.1495,30.39037],[-99.1495,30.38862],[-99.14782,30.38693],[-99.14746,30.38628],[-99.14838,30.38328],[-99.14756,30.38217],[-99.14762,30.3812],[-99.14933,30.37758],[-99.14961,30.37481],[-99.15101,30.3703],[-99.15075,30.36766],[-99.14899,30.36495],[-99.14942,30.36188],[-99.15002,30.35981],[-99.14798,30.34863],[-99.14554,30.34311],[-99.14547,30.3424],[-99.14445,30.34077],[-99.14359,30.33784],[-99.14303,30.33711],[-99.14287,30.3295],[-99.14257,30.32817],[-99.14143,30.32705],[-99.14197,30.32179],[-99.14002,30.31895],[-99.13925,30.31703],[-99.1399,30.31483],[-99.14118,30.31433],[-99.14267,30.313],[-99.14304,30.31009],[-99.14565,30.31064],[-99.15218,30.31081],[-99.15199,30.29801],[-99.13097,30.29948],[-99.13091,30.29876],[-99.13125,30.29824],[-99.13105,30.2956],[-99.13126,30.29446],[-99.1309,30.29331],[-99.13094,30.29118],[-99.13039,30.28964],[-99.13068,30.28902],[-99.13185,30.28867],[-99.13224,30.28772],[-99.13233,30.28686],[-99.13193,30.28558],[-99.13283,30.28505],[-99.13287,30.28407],[-99.13237,30.28334],[-99.13235,30.28276],[-99.13348,30.28129],[-99.13485,30.28016],[-99.1361,30.27789],[-99.13643,30.27775],[-99.13717,30.27792],[-99.13763,30.27746],[-99.13806,30.27743],[-99.13974,30.27443],[-99.13951,30.27237],[-99.13858,30.27136],[-99.13832,30.27028],[-99.13795,30.26953],[-99.13734,30.26906],[-99.13734,30.26866],[-99.1381,30.26686],[-99.13884,30.26615],[-99.13873,30.26369],[-99.13897,30.26259],[-99.14034,30.26151],[-99.13988,30.25938],[-99.13897,30.2585],[-99.13905,30.25749],[-99.11387,30.25333],[-99.09971,30.2483],[-99.09326,30.24736],[-99.08713,30.24843],[-99.08701,30.2438],[-99.08726,30.24356],[-99.08805,30.24346],[-99.08766,30.24299],[-99.08608,30.24329],[-99.08506,30.24298],[-99.08281,30.24308],[-99.08224,30.24246],[-99.08227,30.24198],[-99.08147,30.24144],[-99.07922,30.24113],[-99.07657,30.24144],[-99.07611,30.24097],[-99.07406,30.24045],[-99.07337,30.24054],[-99.07306,30.24084],[-99.07226,30.24264],[-99.07142,30.24312],[-99.07096,30.24312],[-99.07043,30.2428],[-99.07024,30.24125],[-99.06868,30.23958],[-99.06832,30.23646],[-99.06792,30.23606],[-99.06458,30.23514],[-99.06647,30.233],[-99.07208,30.22875],[-99.08674,30.22162],[-99.08755,30.22139],[-99.09583,30.22137],[-99.09688,30.22119],[-99.10747,30.20868],[-99.10882,30.20585],[-99.10943,30.20518],[-99.11107,30.20387],[-99.11355,30.20354],[-99.11478,30.20288],[-99.11588,30.20162],[-99.11823,30.19959],[-99.11965,30.19628],[-99.11986,30.19628],[-99.11984,30.19441],[-99.1263,30.1935],[-99.12867,30.19584],[-99.12872,30.19634],[-99.13087,30.19783],[-99.13285,30.19813],[-99.13367,30.19804],[-99.13396,30.19762],[-99.13487,30.19737],[-99.13841,30.1936],[-99.14014,30.1938],[-99.14107,30.19517],[-99.1413,30.19297],[-99.14156,30.19287],[-99.14418,30.19284],[-99.14652,30.19334],[-99.15416,30.19345],[-99.16176,30.19314],[-99.16268,30.19279],[-99.16887,30.18875],[-99.17428,30.18601],[-99.18277,30.18607],[-99.18858,30.18375],[-99.19595,30.18166],[-99.19722,30.18096],[-99.20162,30.18104],[-99.20229,30.18065],[-99.20383,30.18051],[-99.20539,30.18006],[-99.20842,30.17825],[-99.20956,30.17716],[-99.21434,30.17645],[-99.21657,30.17559],[-99.21769,30.1754],[-99.22207,30.17516],[-99.22502,30.17539],[-99.22567,30.17472],[-99.22431,30.1713],[-99.22304,30.17026],[-99.22292,30.16933],[-99.22227,30.1688],[-99.22231,30.16744],[-99.2219,30.16629],[-99.22225,30.16458],[-99.22195,30.16433],[-99.22266,30.1604],[-99.22528,30.15778],[-99.22552,30.15728],[-99.22563,30.15459],[-99.22641,30.15385],[-99.22648,30.15193],[-99.22733,30.15096],[-99.22741,30.15007],[-99.22693,30.14977],[-99.22565,30.15002],[-99.22285,30.14958],[-99.22176,30.14752],[-99.21902,30.14585],[-99.21679,30.14401],[-99.21612,30.14279],[-99.21709,30.1405],[-99.21722,30.1396],[-99.21623,30.13837],[-99.21457,30.13725],[-99.21479,30.13549],[-99.21451,30.13507],[-99.30099,30.1343],[-99.30172,30.23868],[-99.30172,30.27486],[-99.30195,30.28107],[-99.30172,30.28665],[-99.30206,30.30021],[-99.30241,30.35789],[-99.30336,30.43525],[-99.2987,30.43524],[-99.29871,30.43975],[-99.28054,30.43977]]]}},{"type":"Feature","properties":{"PRECINCT":"gillespie:6","COUNTY":"Gillespie"},"geometry":{"type":"Polygon","coordinates":[[[-98.69033,30.2848],[-98.68901,30.28489],[-98.68459,30.2862],[-98.68342,30.28631],[-98.67472,30.28632],[-98.66922,30.28538],[-98.64778,30.28558],[-98.64764,30.27871],[-98.64226,30.27553],[-98.63256,30.27429],[-98.62379,30.2748],[-98.62279,30.27498],[-98.61974,30.27621],[-98.61882,30.27734],[-98.61671,30.27809],[-98.61209,30.2783],[-98.60907,30.27819],[-98.60611,30.27775],[-98.60595,30.27739],[-98.60026,30.27719],[-98.59699,30.27634],[-98.59665,30.27647],[-98.59647,30.27687],[-98.59607,30.27855],[-98.59395,30.27913],[-98.59297,30.27904],[-98.59236,30.27807],[-98.5919,30.27791],[-98.59177,30.27743],[-98.59,30.27629],[-98.58872,30.27463],[-98.58786,30.23498],[-98.5879,30.13895],[-98.69031,30.13872],[-98.6926,30.14133],[-98.69489,30.14694],[-98.69636,30.14963],[-98.69749,30.15067],[-98.69878,30.15116],[-98.70266,30.15171],[-98.70371,30.15223],[-98.7058,30.15397],[-98.70731,30.15491],[-98.71338,30.15736],[-98.7218,30.15779],[-98.72327,30.15866],[-98.72545,30.16122],[-98.72916,30.16173],[-98.72944,30.16205],[-98.72925,30.16388],[-98.72948,30.16456],[-98.73037,30.16548],[-98.73105,30.1653],[-98.73188,30.16558],[-98.73301,30.16797],[-98.73186,30.17019],[-98.73195,30.17104],[-98.73371,30.17325],[-98.73376,30.17438],[-98.73578,30.17603],[-98.73709,30.18027],[-98.73838,30.18113],[-98.73887,30.18169],[-98.73892,30.18208],[-98.7386,30.18287],[-98.73663,30.18531],[-98.73659,30.18626],[-98.73692,30.18737],[-98.73653,30.18868],[-98.73524,30.18942],[-98.73368,30.18966],[-98.73202,30.19081],[-98.73172,30.19278],[-98.73219,30.1939],[-98.73208,30.1947],[-98.73146,30.19589],[-98.72991,30.19764],[-98.72848,30.20043],[-98.72831,30.2014],[-98.72848,30.20312],[-98.72811,30.20418],[-98.72531,30.20573],[-98.72467,30.20628],[-98.72435,30.207],[-98.72461,30.20807],[-98.72682,30.21172],[-98.72802,30.21504],[-98.72909,30.21657],[-98.72888,30.21765],[-98.72817,30.21802],[-98.72744,30.21916],[-98.7266,30.21972],[-98.72664,30.22063],[-98.72602,30.22286],[-98.72488,30.22357],[-98.72212,30.22462],[-98.72065,30.2257],[-98.71931,30.22635],[-98.71738,30.22681],[-98.717,30.22708],[-98.71693,30.22807],[-98.71747,30.22957],[-98.71906,30.23227],[-98.71897,30.23284],[-98.72004,30.23324],[-98.71995,30.23341],[-98.71926,30.23357],[-98.71714,30.23298],[-98.71494,30.23281],[-98.71281,30.233],[-98.71197,30.2328],[-98.70947,30.22964],[-98.7082,30.22854],[-98.70732,30.22716],[-98.70579,30.22603],[-98.7052,30.22651],[-98.70301,30.22648],[-98.70289,30.22888],[-98.70254,30.2294],[-98.70182,30.2295],[-98.70072,30.23194],[-98.70085,30.23332],[-98.70424,30.23496],[-98.70447,30.23578],[-98.70337,30.23847],[-98.703,30.24097],[-98.70237,30.24152],[-98.70112,30.24142],[-98.7006,30.2416],[-98.70056,30.24182],[-98.70113,30.24163],[-98.70228,30.24198],[-98.70278,30.24237],[-98.70311,30.24288],[-98.70335,30.24498],[-98.70458,30.2467],[-98.70404,30.24829],[-98.70449,30.25022],[-98.7046,30.25462],[-98.70518,30.25501],[-98.7067,30.25519],[-98.70758,30.25558],[-98.7079,30.25596],[-98.70872,30.25766],[-98.70915,30.25976],[-98.71132,30.26348],[-98.71203,30.26415],[-98.71118,30.26609],[-98.71168,30.26796],[-98.71106,30.26942],[-98.71155,30.2697],[-98.71251,30.26977],[-98.71248,30.28663],[-98.71096,30.28798],[-98.70892,30.28856],[-98.70806,30.28915],[-98.70773,30.29003],[-98.706,30.28913],[-98.70005,30.28868],[-98.69624,30.28772],[-98.69481,30.28714],[-98.69165,30.28516],[-98.69033,30.2848]]]}},{"type":"Feature","properties":{"PRECINCT":"gillespie:7","COUNTY":"Gillespie"},"geometry":{"type":"Polygon","coordinates":[[[-98.73112,30.29236],[-98.70845,30.29232],[-98.70832,30.29073],[-98.70773,30.29003],[-98.70806,30.28915],[-98.70892,30.28856],[-98.71096,30.28798],[-98.71248,30.28663],[-98.71251,30.26977],[-98.71155,30.2697],[-98.71106,30.26942],[-98.71168,30.26796],[-98.71118,30.26609],[-98.71203,30.26415],[-98.71132,30.26348],[-98.70915,30.25976],[-98.70872,30.25766],[-98.7079,30.25596],[-98.70758,30.25558],[-98.7067,30.25519],[-98.70518,30.25501],[-98.7046,30.25462],[-98.70449,30.25022],[-98.70404,30.24829],[-98.70458,30.2467],[-98.70335,30.24498],[-98.70311,30.24288],[-98.70278,30.24237],[-98.70228,30.24198],[-98.70113,30.24163],[-98.70056,30.24182],[-98.7006,30.2416],[-98.70112,30.24142],[-98.70237,30.24152],[-98.703,30.24097],[-98.70337,30.23847],[-98.70447,30.23578],[-98.70424,30.23496],[-98.70085,30.23332],[-98.7008,30.23148],[-98.70182,30.2295],[-98.70254,30.2294],[-98.70289,30.22888],[-98.70301,30.22648],[-98.7052,30.22651],[-98.70579,30.22603],[-98.70732,30.22716],[-98.7082,30.22854],[-98.70947,30.22964],[-98.71197,30.2328],[-98.71281,30.233],[-98.71494,30.23281],[-98.71714,30.23298],[-98.71926,30.23357],[-98.71995,30.23341],[-98.72004,30.23324],[-98.71897,30.23284],[-98.71906,30.23227],[-98.71747,30.22957],[-98.71693,30.22807],[-98.717,30.22708],[-98.71738,30.22681],[-98.71931,30.22635],[-98.72065,30.2257],[-98.72212,30.22462],[-98.72488,30.22357],[-98.72602,30.22286],[-98.72664,30.22063],[-98.7266,30.21972],[-98.72744,30.21916],[-98.72817,30.21802],[-98.72888,30.21765],[-98.72907,30.21702],[-98.72909,30.21657],[-98.72762,30.21415],[-98.72654,30.21109],[-98.72461,30.20807],[-98.72435,30.207],[-98.72467,30.20628],[-98.72531,30.20573],[-98.72811,30.20418],[-98.72848,30.20312],[-98.72831,30.2014],[-98.72848,30.20043],[-98.72991,30.19764],[-98.73146,30.19589],[-98.73208,30.1947],[-98.73219,30.1939],[-98.73172,30.19278],[-98.73202,30.19081],[-98.73368,30.18966],[-98.73524,30.18942],[-98.73653,30.18868],[-98.73692,30.18737],[-98.73659,30.18626],[-98.73663,30.18531],[-98.7386,30.18287],[-98.73892,30.18192],[-98.73838,30.18113],[-98.73709,30.18027],[-98.73578,30.17603],[-98.73376,30.17438],[-98.73371,30.17325],[-98.73195,30.17104],[-98.73186,30.17019],[-98.73301,30.16797],[-98.73188,30.16558],[-98.73105,30.1653],[-98.73037,30.16548],[-98.72948,30.16456],[-98.72925,30.16388],[-98.72944,30.16205],[-98.72916,30.16173],[-98.72545,30.16122],[-98.72327,30.15866],[-98.7218,30.15779],[-98.71338,30.15736],[-98.70731,30.15491],[-98.7058,30.15397],[-98.70371,30.15223],[-98.70266,30.15171],[-98.69878,30.15116],[-98.69749,30.15067],[-98.69636,30.14963],[-98.69489,30.14694],[-98.6926,30.14133],[-98.69031,30.13872],[-98.74968,30.13852],[-98.75031,30.13819],[-98.77836,30.13792],[-98.87283,30.13847],[-98.92015,30.13829],[-99.07864,30.13658],[-99.07859,30.13706],[-99.07936,30.13795],[-99.07999,30.14027],[-99.07984,30.1409],[-99.08038,30.14172],[-99.08067,30.14282],[-99.08013,30.14319],[-99.07839,30.14315],[-99.07755,30.14362],[-99.07682,30.14651],[-99.07511,30.14866],[-99.07441,30.14923],[-99.07389,30.14893],[-99.07274,30.14878],[-99.07169,30.14893],[-99.07106,30.15046],[-99.07225,30.15071],[-99.06951,30.15214],[-99.06879,30.1519],[-99.06676,30.15027],[-99.06228,30.15042],[-99.05753,30.15533],[-99.03927,30.17262],[-99.00534,30.20576],[-99.00241,30.20944],[-99.00393,30.20984],[-99.00569,30.20945],[-99.00779,30.20856],[-99.00918,30.20768],[-99.01271,30.20785],[-99.01432,30.2088],[-99.01585,30.20934],[-99.01574,30.2096],[-99.0164,30.21037],[-99.01657,30.21148],[-99.01843,30.21343],[-99.02131,30.21456],[-99.02285,30.2148],[-99.02432,30.21461],[-99.0252,30.21417],[-99.02546,30.21376],[-99.02659,30.21333],[-99.028,30.21327],[-99.02917,30.21347],[-99.03092,30.21546],[-99.03159,30.21559],[-99.03454,30.2177],[-99.03474,30.21925],[-99.03513,30.21966],[-99.03533,30.22064],[-99.03664,30.22249],[-99.03768,30.22312],[-99.0387,30.22463],[-99.03902,30.22456],[-99.03951,30.22597],[-99.04019,30.22634],[-99.04172,30.22621],[-99.04264,30.22661],[-99.04329,30.22772],[-99.04399,30.22835],[-99.0458,30.22872],[-99.04751,30.22858],[-99.04907,30.23013],[-99.05002,30.2305],[-99.05067,30.23024],[-99.05205,30.22887],[-99.05357,30.22867],[-99.05698,30.22716],[-99.06035,30.2272],[-99.06107,30.22807],[-99.06073,30.23006],[-99.06083,30.23089],[-99.06133,30.23149],[-99.06039,30.23262],[-99.05984,30.23421],[-99.06078,30.23471],[-99.06225,30.23472],[-99.06458,30.23514],[-99.06413,30.23549],[-99.06287,30.2355],[-99.06177,30.23718],[-99.05365,30.24472],[-99.05112,30.24446],[-99.04475,30.24296],[-99.02285,30.24348],[-99.01918,30.243],[-99.00207,30.24175],[-98.99751,30.24046],[-98.99641,30.24035],[-98.99168,30.24133],[-98.96408,30.24178],[-98.95619,30.24164],[-98.95531,30.24193],[-98.95482,30.24238],[-98.95443,30.24436],[-98.95401,30.245],[-98.95331,30.24544],[-98.946,30.24638],[-98.94081,30.24818],[-98.93183,30.24821],[-98.92057,30.24885],[-98.92056,30.2486],[-98.91922,30.24821],[-98.91927,30.2355],[-98.91729,30.23514],[-98.9172,30.23795],[-98.91299,30.23804],[-98.91118,30.23846],[-98.90871,30.23857],[-98.90687,30.23838],[-98.90528,30.23632],[-98.90415,30.23559],[-98.90066,30.24112],[-98.89989,30.2408],[-98.8999,30.24057],[-98.89907,30.24058],[-98.89906,30.24248],[-98.89413,30.2424],[-98.89399,30.24772],[-98.88862,30.24763],[-98.88871,30.24907],[-98.88385,30.24897],[-98.88385,30.24977],[-98.88087,30.24972],[-98.88093,30.25122],[-98.87832,30.25122],[-98.87833,30.255],[-98.87601,30.25498],[-98.87603,30.25331],[-98.87399,30.25333],[-98.87398,30.25496],[-98.87244,30.255],[-98.8724,30.25473],[-98.87166,30.25473],[-98.87164,30.25368],[-98.86816,30.25368],[-98.86815,30.25324],[-98.85805,30.25323],[-98.85806,30.255],[-98.85706,30.255],[-98.85706,30.25417],[-98.85619,30.25418],[-98.85618,30.2532],[-98.85289,30.25322],[-98.85269,30.2438],[-98.84916,30.24383],[-98.84896,30.24325],[-98.84793,30.24325],[-98.84793,30.24385],[-98.84576,30.24403],[-98.84577,30.24531],[-98.84251,30.24165],[-98.84085,30.24022],[-98.82267,30.22857],[-98.8205,30.2277],[-98.81883,30.22734],[-98.81821,30.22765],[-98.81848,30.22853],[-98.81973,30.22957],[-98.81977,30.23015],[-98.82053,30.23179],[-98.82126,30.23257],[-98.82118,30.2337],[-98.82085,30.23422],[-98.81711,30.23333],[-98.8164,30.23292],[-98.81532,30.2314],[-98.81482,30.23109],[-98.81201,30.23048],[-98.80978,30.23034],[-98.80827,30.23049],[-98.80743,30.23099],[-98.80698,30.2317],[-98.80571,30.23273],[-98.80496,30.23314],[-98.80528,30.23618],[-98.80467,30.23688],[-98.80443,30.23807],[-98.8051,30.23963],[-98.80583,30.24011],[-98.80596,30.24062],[-98.80553,30.2412],[-98.80556,30.24172],[-98.8047,30.24239],[-98.80333,30.24303],[-98.8019,30.24319],[-98.80192,30.24363],[-98.80099,30.24426],[-98.80108,30.2446],[-98.80277,30.2447],[-98.80232,30.24539],[-98.80333,30.24586],[-98.80381,30.2457],[-98.80397,30.24603],[-98.80405,30.24672],[-98.80374,30.2475],[-98.80317,30.24724],[-98.80177,30.24752],[-98.79527,30.24482],[-98.79508,30.24264],[-98.79299,30.24179],[-98.79133,30.24145],[-98.78634,30.24183],[-98.78325,30.23942],[-98.78318,30.239],[-98.78408,30.23849],[-98.78366,30.23744],[-98.78149,30.23629],[-98.77927,30.23602],[-98.77697,30.23621],[-98.77595,30.2365],[-98.77194,30.23868],[-98.76855,30.2395],[-98.76489,30.23935],[-98.76214,30.23882],[-98.76086,30.23826],[-98.74838,30.22922],[-98.74618,30.22676],[-98.74469,30.22466],[-98.74378,30.22387],[-98.7428,30.2234],[-98.74178,30.22326],[-98.74102,30.22355],[-98.74143,30.22472],[-98.74375,30.22651],[-98.74861,30.23125],[-98.75217,30.23399],[-98.75289,30.2348],[-98.75305,30.27653],[-98.75342,30.29098],[-98.73641,30.29099],[-98.73112,30.29236]]]}},{"type":"Feature","properties":{"PRECINCT":"gillespie:8","COUNTY":"Gillespie"},"geometry":{"type":"Polygon","coordinates":[[[-98.59167,30.49987],[-98.5894,30.36892],[-98.58923,30.34549],[-98.59083,30.3465],[-98.59164,30.34744],[-98.5917,30.34796],[-98.59259,30.3489],[-98.59376,30.34957],[-98.59404,30.3494],[-98.59536,30.34961],[-98.59729,30.35093],[-98.59786,30.35174],[-98.59753,30.35218],[-98.5979,30.35455],[-98.59807,30.35454],[-98.59887,30.35607],[-98.60185,30.35888],[-98.60479,30.36006],[-98.60985,30.36095],[-98.60985,30.36114],[-98.61211,30.36084],[-98.61734,30.36115],[-98.61847,30.36085],[-98.62072,30.35967],[-98.62425,30.35905],[-98.62516,30.35803],[-98.62416,30.35655],[-98.62424,30.35587],[-98.62522,30.35514],[-98.62588,30.35484],[-98.62849,30.35491],[-98.62968,30.35452],[-98.63065,30.35391],[-98.63041,30.35228],[-98.63065,30.35012],[-98.63161,30.34812],[-98.63439,30.34603],[-98.63709,30.34515],[-98.63747,30.34477],[-98.63765,30.34342],[-98.63794,30.34316],[-98.63959,30.34239],[-98.64118,30.34076],[-98.64269,30.34087],[-98.64268,30.33987],[-98.64472,30.3384],[-98.64574,30.33852],[-98.64663,30.33826],[-98.64708,30.33786],[-98.64741,30.33699],[-98.64876,30.33619],[-98.64852,30.33509],[-98.64973,30.33351],[-98.65107,30.3335],[-98.65128,30.33368],[-98.6513,30.33667],[-98.65153,30.33682],[-98.66912,30.33674],[-98.66926,30.34256],[-98.6716,30.34431],[-98.67251,30.34464],[-98.67678,30.34503],[-98.68033,30.34363],[-98.68529,30.34321],[-98.6934,30.3435],[-98.69381,30.34411],[-98.69475,30.34433],[-98.69614,30.34349],[-98.69629,30.34281],[-98.69755,30.34221],[-98.69799,30.34231],[-98.69885,30.34321],[-98.70276,30.34333],[-98.71286,30.34304],[-98.71367,30.34283],[-98.71434,30.3422],[-98.71471,30.34265],[-98.7159,30.34288],[-98.71616,30.3502],[-98.71772,30.35057],[-98.71878,30.35127],[-98.71981,30.35109],[-98.72257,30.35265],[-98.72285,30.35338],[-98.7228,30.35416],[-98.72312,30.35455],[-98.72376,30.35453],[-98.72362,30.35568],[-98.72395,30.35619],[-98.72483,30.35651],[-98.72471,30.35726],[-98.72511,30.35751],[-98.72536,30.35728],[-98.72601,30.35739],[-98.72644,30.35766],[-98.72665,30.35813],[-98.72691,30.35808],[-98.72702,30.35829],[-98.72687,30.35883],[-98.72704,30.35902],[-98.72739,30.35898],[-98.72777,30.3591],[-98.72774,30.35935],[-98.7284,30.35942],[-98.73036,30.36098],[-98.73133,30.36216],[-98.73129,30.3632],[-98.73204,30.36397],[-98.7319,30.36421],[-98.73442,30.36707],[-98.73595,30.36762],[-98.73807,30.36937],[-98.73916,30.37155],[-98.73936,30.37251],[-98.74122,30.37467],[-98.74147,30.37571],[-98.74303,30.37681],[-98.7435,30.37803],[-98.74494,30.37867],[-98.74555,30.37932],[-98.74574,30.3811],[-98.74602,30.38168],[-98.74441,30.38401],[-98.74213,30.39177],[-98.73802,30.40193],[-98.73665,30.40404],[-98.73668,30.41453],[-98.75947,30.41429],[-98.75997,30.41398],[-98.76113,30.41212],[-98.7616,30.41176],[-98.76197,30.41176],[-98.77495,30.41693],[-98.77529,30.41752],[-98.77564,30.42168],[-98.77643,30.42237],[-98.77819,30.42295],[-98.77811,30.42352],[-98.77569,30.42777],[-98.7757,30.42808],[-98.77446,30.42885],[-98.77261,30.42934],[-98.77114,30.42829],[-98.77067,30.42818],[-98.7703,30.42836],[-98.76993,30.42919],[-98.77011,30.42959],[-98.76984,30.42999],[-98.76978,30.43083],[-98.76806,30.43331],[-98.76583,30.43568],[-98.76506,30.43765],[-98.76476,30.43789],[-98.76502,30.4385],[-98.76553,30.43888],[-98.76685,30.43917],[-98.76885,30.43918],[-98.76963,30.43976],[-98.76949,30.44036],[-98.76892,30.44083],[-98.76696,30.4406],[-98.76604,30.44069],[-98.76396,30.4422],[-98.76404,30.44297],[-98.7646,30.44349],[-98.76507,30.44555],[-98.76554,30.4458],[-98.76636,30.44763],[-98.76716,30.44819],[-98.76771,30.45064],[-98.76843,30.45204],[-98.76879,30.4523],[-98.76914,30.4535],[-98.7691,30.45585],[-98.76958,30.45654],[-98.76977,30.4576],[-98.76939,30.4588],[-98.76795,30.45973],[-98.76738,30.46036],[-98.76677,30.46224],[-98.76599,30.46265],[-98.76577,30.46301],[-98.76484,30.46317],[-98.76434,30.46292],[-98.76397,30.46298],[-98.76249,30.46379],[-98.76141,30.46499],[-98.76085,30.46524],[-98.75921,30.46747],[-98.75879,30.46773],[-98.75858,30.46873],[-98.75954,30.4705],[-98.75898,30.4718],[-98.75852,30.4723],[-98.75996,30.47427],[-98.76015,30.47528],[-98.76,30.47597],[-98.75896,30.47652],[-98.7589,30.47674],[-98.75953,30.47701],[-98.7603,30.47788],[-98.76095,30.47934],[-98.76027,30.48073],[-98.75977,30.4838],[-98.7587,30.48723],[-98.75963,30.48857],[-98.7602,30.48989],[-98.76105,30.49092],[-98.76126,30.49164],[-98.75946,30.49697],[-98.75831,30.49839],[-98.75752,30.49887],[-98.62317,30.49926],[-98.59167,30.49987]]]}},{"type":"Feature","properties":{"PRECINCT":"gillespie:9","COUNTY":"Gillespie"},"geometry":{"type":"Polygon","coordinates":[[[-99.03351,30.49825],[-99.03395,30.49819],[-99.03427,30.49764],[-99.03384,30.49668],[-99.0317,30.49553],[-99.03112,30.49489],[-99.03011,30.49457],[-99.02958,30.49402],[-99.02813,30.49374],[-99.02781,30.49349],[-99.02831,30.4923],[-99.0281,30.49127],[-99.02903,30.49012],[-99.02951,30.49017],[-99.02998,30.49074],[-99.03064,30.49042],[-99.03051,30.48746],[-99.03099,30.48345],[-99.03139,30.48258],[-99.03028,30.48208],[-99.02874,30.48089],[-99.02832,30.4802],[-99.02586,30.478],[-99.0234,30.47754],[-99.02087,30.47576],[-99.0217,30.47495],[-99.02333,30.47401],[-99.02583,30.47452],[-99.02785,30.47311],[-99.02984,30.47307],[-99.03395,30.47214],[-99.03572,30.47066],[-99.03716,30.47013],[-99.0412,30.46974],[-99.04293,30.46989],[-99.04386,30.46622],[-99.04585,30.4637],[-99.04625,30.46194],[-99.04749,30.46073],[-99.04915,30.45981],[-99.04947,30.45922],[-99.04982,30.45615],[-99.05062,30.45478],[-99.05017,30.45286],[-99.05029,30.44732],[-99.05092,30.44547],[-99.05038,30.44395],[-99.05029,30.44153],[-99.04937,30.44032],[-99.04849,30.43974],[-99.04728,30.43957],[-99.03966,30.43952],[-99.03917,30.43928],[-99.03763,30.43744],[-99.03638,30.43668],[-99.02679,30.43645],[-99.02568,30.43611],[-99.02394,30.43499],[-99.02393,30.42498],[-99.03719,30.4251],[-99.03751,30.42574],[-99.0387,30.42657],[-99.03956,30.42763],[-99.04089,30.42823],[-99.04186,30.42926],[-99.04414,30.42965],[-99.04476,30.42771],[-99.04613,30.42642],[-99.04625,30.42564],[-99.04576,30.42403],[-99.04577,30.42214],[-99.04648,30.42077],[-99.0479,30.41925],[-99.04797,30.41718],[-99.05223,30.41486],[-99.05451,30.4139],[-99.05682,30.41234],[-99.0581,30.41035],[-99.05933,30.4097],[-99.06019,30.40876],[-99.06113,30.40623],[-99.06127,30.40421],[-99.06307,30.40435],[-99.06397,30.40391],[-99.0653,30.40378],[-99.06598,30.40319],[-99.06722,30.40102],[-99.06755,30.40081],[-99.06746,30.40005],[-99.06698,30.39908],[-99.06687,30.39758],[-99.06748,30.39546],[-99.06718,30.39327],[-99.06817,30.39206],[-99.07685,30.39199],[-99.07804,30.3939],[-99.07869,30.39587],[-99.08033,30.39722],[-99.08082,30.39878],[-99.08243,30.40166],[-99.08656,30.40172],[-99.08829,30.40273],[-99.0924,30.40274],[-99.09431,30.40405],[-99.09636,30.40481],[-99.09965,30.40394],[-99.10126,30.40315],[-99.10376,30.40326],[-99.10439,30.4042],[-99.10483,30.40444],[-99.10752,30.40441],[-99.11062,30.40475],[-99.11288,30.40564],[-99.11361,30.40649],[-99.11418,30.40675],[-99.11629,30.40699],[-99.1171,30.40826],[-99.11878,30.40882],[-99.11868,30.4075],[-99.11931,30.40566],[-99.12092,30.40234],[-99.12113,30.40039],[-99.12163,30.39933],[-99.1225,30.39839],[-99.12212,30.39158],[-99.12113,30.38943],[-99.1201,30.38563],[-99.12001,30.38424],[-99.12474,30.37199],[-99.12673,30.37195],[-99.12691,30.36543],[-99.13053,30.36555],[-99.13757,30.36528],[-99.13757,30.37097],[-99.15079,30.37102],[-99.14961,30.37481],[-99.14933,30.37758],[-99.14762,30.3812],[-99.14756,30.38217],[-99.14838,30.38328],[-99.14746,30.38628],[-99.14782,30.38693],[-99.1495,30.38862],[-99.1495,30.39037],[-99.15029,30.39311],[-99.14994,30.39499],[-99.1517,30.39688],[-99.15294,30.39662],[-99.15328,30.39684],[-99.15337,30.39706],[-99.15283,30.39756],[-99.15407,30.40048],[-99.1544,30.40185],[-99.15444,30.40278],[-99.15361,30.4037],[-99.15265,30.40437],[-99.15072,30.40521],[-99.15058,30.40565],[-99.15124,30.40641],[-99.15261,30.4074],[-99.15471,30.40804],[-99.15518,30.40837],[-99.15525,30.40869],[-99.15459,30.40958],[-99.15382,30.40948],[-99.15321,30.40979],[-99.15293,30.41048],[-99.15303,30.41116],[-99.15511,30.41202],[-99.15661,30.41304],[-99.15764,30.41471],[-99.15771,30.41553],[-99.15679,30.41638],[-99.15452,30.41715],[-99.15412,30.41757],[-99.1542,30.41831],[-99.15545,30.41913],[-99.15596,30.41975],[-99.15394,30.42125],[-99.15257,30.42307],[-99.15392,30.42421],[-99.15528,30.42473],[-99.15442,30.4267],[-99.15359,30.42783],[-99.1518,30.42774],[-99.15016,30.42857],[-99.14884,30.42963],[-99.14847,30.43049],[-99.16155,30.43061],[-99.16277,30.4304],[-99.1636,30.43001],[-99.16464,30.42902],[-99.16844,30.42298],[-99.17471,30.41758],[-99.18022,30.41409],[-99.18255,30.41166],[-99.18359,30.41122],[-99.18692,30.41072],[-99.18857,30.41015],[-99.1968,30.40446],[-99.19747,30.4035],[-99.19769,30.40215],[-99.19661,30.39864],[-99.21045,30.39869],[-99.21042,30.3965],[-99.22587,30.39652],[-99.22583,30.39891],[-99.23673,30.3989],[-99.23668,30.40883],[-99.23775,30.40989],[-99.24098,30.41108],[-99.24439,30.41321],[-99.24505,30.41333],[-99.24444,30.41411],[-99.25965,30.41424],[-99.25835,30.42829],[-99.28053,30.42819],[-99.28054,30.43977],[-99.29871,30.43975],[-99.2987,30.43524],[-99.30336,30.43525],[-99.304,30.49983],[-99.25045,30.49927],[-99.23669,30.49885],[-99.12531,30.49881],[-99.03351,30.49825]]]}},{"type":"Feature","properties":{"PRECINCT":"kendall:1010","COUNTY":"Kendall"},"geometry":{"type":"Polygon","coordinates":[[[-98.72509,29.80465],[-98.72532,29.78955],[-98.72957,29.78958],[-98.72907,29.78821],[-98.72903,29.78367],[-98.72179,29.78354],[-98.71638,29.77646],[-98.71709,29.77523],[-98.71941,29.77482],[-98.72008,29.77386],[-98.71979,29.77246],[-98.72039,29.77181],[-98.71931,29.76911],[-98.71933,29.7669],[-98.73783,29.78001],[-98.73875,29.77958],[-98.74133,29.78248],[-98.74084,29.78293],[-98.73965,29.78221],[-98.73961,29.78464],[-98.73835,29.78464],[-98.73835,29.78521],[-98.73763,29.78522],[-98.73761,29.78634],[-98.73941,29.785],[-98.7419,29.78596],[-98.74308,29.78466],[-98.74635,29.78685],[-98.74636,29.7884],[-98.74942,29.78841],[-98.75097,29.79055],[-98.75291,29.79408],[-98.75329,29.79434],[-98.75385,29.79434],[-98.75417,29.79527],[-98.73761,29.79503],[-98.73759,29.8047],[-98.72509,29.80465]]]}},{"type":"Feature","properties":{"PRECINCT":"kendall:1110","COUNTY":"Kendall"},"geometry":{"type":"Polygon","coordinates":[[[-98.87756,29.81505],[-98.87551,29.81518],[-98.87438,29.81503],[-98.87101,29.81302],[-98.86875,29.81089],[-98.86748,29.80906],[-98.86473,29.80654],[-98.86376,29.80594],[-98.86121,29.80556],[-98.85747,29.80419],[-98.85342,29.80398],[-98.849,29.80283],[-98.84693,29.80164],[-98.8456,29.80141],[-98.84452,29.80164],[-98.84183,29.80295],[-98.84075,29.80316],[-98.83571,29.80271],[-98.83333,29.80205],[-98.832,29.80213],[-98.83092,29.80262],[-98.82696,29.80601],[-98.82409,29.807],[-98.82261,29.80686],[-98.81794,29.80506],[-98.8147,29.8042],[-98.81321,29.8045],[-98.81154,29.80519],[-98.80942,29.80559],[-98.80777,29.80554],[-98.80593,29.8065],[-98.80303,29.80588],[-98.80201,29.80591],[-98.80083,29.80626],[-98.79936,29.80713],[-98.79798,29.80933],[-98.79717,29.81001],[-98.79315,29.81151],[-98.78897,29.81465],[-98.7877,29.8151],[-98.76227,29.81491],[-98.75763,29.81576],[-98.75542,29.8156],[-98.75427,29.81526],[-98.7526,29.79528],[-98.75417,29.79527],[-98.75385,29.79434],[-98.75329,29.79434],[-98.75291,29.79408],[-98.75097,29.79055],[-98.74942,29.78841],[-98.74636,29.7884],[-98.74635,29.78685],[-98.74308,29.78466],[-98.7419,29.78596],[-98.73941,29.785],[-98.73761,29.78634],[-98.73763,29.78522],[-98.73835,29.78521],[-98.73835,29.78464],[-98.73961,29.78464],[-98.73965,29.78221],[-98.74084,29.78293],[-98.74133,29.78248],[-98.73875,29.77958],[-98.73783,29.78001],[-98.7187,29.76641],[-98.70606,29.7554],[-98.68755,29.73872],[-98.68843,29.73844],[-98.68944,29.73773],[-98.69151,29.7355],[-98.69211,29.73526],[-98.69322,29.73531],[-98.69647,29.73648],[-98.69999,29.73744],[-98.70042,29.7374],[-98.70098,29.73687],[-98.70113,29.73572],[-98.70003,29.73349],[-98.69985,29.73295],[-98.7,29.7326],[-98.70141,29.73231],[-98.70401,29.73312],[-98.70527,29.73314],[-98.70779,29.73237],[-98.71041,29.73111],[-98.71304,29.72786],[-98.71443,29.72661],[-98.71559,29.72582],[-98.71723,29.72527],[-98.71767,29.72531],[-98.71902,29.72622],[-98.72181,29.7289],[-98.72302,29.72957],[-98.72364,29.72957],[-98.72432,29.72923],[-98.7251,29.72792],[-98.72582,29.72773],[-98.73149,29.72935],[-98.7332,29.72959],[-98.73413,29.72945],[-98.73433,29.7289],[-98.73371,29.7279],[-98.73201,29.72701],[-98.73068,29.72584],[-98.72896,29.72328],[-98.72882,29.72246],[-98.73043,29.72187],[-98.73425,29.72136],[-98.73526,29.72029],[-98.7357,29.71859],[-98.73816,29.71658],[-98.74071,29.71708],[-98.74259,29.71685],[-98.74377,29.71636],[-98.74431,29.7168],[-98.74443,29.71811],[-98.74466,29.71843],[-98.74805,29.72056],[-98.75036,29.72102],[-98.75154,29.72026],[-98.75189,29.72026],[-98.75313,29.72123],[-98.75436,29.72133],[-98.75705,29.72203],[-98.75826,29.72179],[-98.75857,29.72145],[-98.75892,29.72143],[-98.75978,29.72233],[-98.76087,29.72185],[-98.7626,29.72189],[-98.76363,29.72126],[-98.76493,29.72088],[-98.76667,29.71955],[-98.76736,29.71983],[-98.76786,29.72088],[-98.76985,29.72142],[-98.77083,29.72138],[-98.77152,29.72046],[-98.77383,29.72024],[-98.77512,29.71969],[-98.77692,29.72026],[-98.77825,29.72],[-98.78102,29.72089],[-98.90654,29.77662],[-98.91773,29.7814],[-98.91866,29.82313],[-98.91414,29.82182],[-98.91466,29.82032],[-98.89608,29.81463],[-98.88979,29.831],[-98.88921,29.82999],[-98.88727,29.82809],[-98.88609,29.82518],[-98.8817,29.8195],[-98.8807,29.8168],[-98.87904,29.81555],[-98.87756,29.81505]]]}},{"type":"Feature","properties":{"PRECINCT":"kendall:2020","COUNTY":"Kendall"},"geometry":{"type":"Polygon","coordinates":[[[-98.55892,29.87801],[-98.55903,29.8767],[-98.5585,29.87143],[-98.55899,29.8698],[-98.5609,29.86728],[-98.56141,29.8659],[-98.56153,29.8649],[-98.56109,29.86165],[-98.56116,29.86017],[-98.56178,29.85858],[-98.56386,29.85582],[-98.56524,29.85012],[-98.5687,29.84503],[-98.57112,29.84033],[-98.57139,29.83915],[-98.57167,29.83362],[-98.57372,29.82403],[-98.57484,29.82291],[-98.57989,29.81992],[-98.5874,29.81275],[-98.59093,29.80869],[-98.59289,29.80388],[-98.59275,29.8008],[-98.59342,29.79764],[-98.59769,29.79082],[-98.59813,29.78789],[-98.60022,29.78469],[-98.60075,29.78209],[-98.61523,29.77036],[-98.6262,29.77062],[-98.62687,29.78514],[-98.66246,29.78593],[-98.67528,29.78672],[-98.68892,29.78714],[-98.68932,29.78734],[-98.6827,29.78978],[-98.67881,29.79217],[-98.66716,29.79778],[-98.65891,29.8029],[-98.65353,29.80588],[-98.65155,29.80676],[-98.64989,29.80704],[-98.65128,29.81507],[-98.65172,29.81637],[-98.65255,29.81742],[-98.65208,29.81951],[-98.65307,29.82274],[-98.65274,29.82301],[-98.65165,29.82315],[-98.65115,29.82365],[-98.65144,29.82655],[-98.6513,29.8279],[-98.65196,29.83019],[-98.6521,29.8316],[-98.65283,29.83238],[-98.65366,29.83436],[-98.65381,29.83699],[-98.65282,29.83787],[-98.65166,29.83788],[-98.64886,29.83852],[-98.64812,29.83936],[-98.64762,29.84065],[-98.64679,29.84113],[-98.64572,29.84264],[-98.64459,29.84348],[-98.64436,29.84452],[-98.64394,29.84441],[-98.64405,29.84347],[-98.64315,29.84207],[-98.64297,29.84081],[-98.64197,29.84023],[-98.64174,29.83989],[-98.64175,29.83909],[-98.64102,29.83914],[-98.64044,29.83887],[-98.64051,29.84012],[-98.63932,29.84118],[-98.63943,29.8422],[-98.63915,29.84327],[-98.63794,29.84425],[-98.63614,29.8448],[-98.63457,29.84641],[-98.63304,29.84631],[-98.63278,29.84646],[-98.63248,29.84718],[-98.63246,29.84868],[-98.63147,29.84957],[-98.63122,29.84929],[-98.63073,29.8496],[-98.63057,29.85016],[-98.62994,29.85075],[-98.63011,29.85163],[-98.63108,29.8528],[-98.63117,29.85368],[-98.63084,29.85508],[-98.62947,29.85701],[-98.62967,29.85924],[-98.62951,29.86036],[-98.62771,29.8628],[-98.62434,29.86557],[-98.62347,29.8667],[-98.62198,29.86595],[-98.6095,29.86633],[-98.6095,29.85938],[-98.60283,29.85601],[-98.60266,29.86734],[-98.60234,29.8673],[-98.60255,29.86991],[-98.60144,29.87085],[-98.59779,29.87088],[-98.59791,29.88502],[-98.59757,29.88517],[-98.59683,29.88459],[-98.59596,29.88286],[-98.59464,29.88212],[-98.59369,29.88098],[-98.5922,29.88067],[-98.58684,29.88031],[-98.58401,29.88071],[-98.58134,29.87985],[-98.57802,29.8792],[-98.57656,29.87819],[-98.57359,29.87852],[-98.57216,29.87901],[-98.57157,29.87964],[-98.57088,29.8811],[-98.57085,29.88184],[-98.56886,29.88409],[-98.5667,29.885],[-98.56425,29.88691],[-98.5633,29.88949],[-98.563,29.88978],[-98.56141,29.89121],[-98.55899,29.89219],[-98.55663,29.88689],[-98.55637,29.88544],[-98.55662,29.88382],[-98.55892,29.87801]]]}},{"type":"Feature","properties":{"PRECINCT":"kendall:2080","COUNTY":"Kendall"},"geometry":{"type":"Polygon","coordinates":[[[-98.71586,29.78764],[-98.71452,29.78756],[-98.71478,29.78739],[-98.71721,29.78744],[-98.71481,29.78522],[-98.71417,29.7833],[-98.71443,29.78321],[-98.71331,29.78083],[-98.71207,29.77996],[-98.70992,29.77904],[-98.71034,29.77595],[-98.70957,29.77501],[-98.70842,29.77483],[-98.70809,29.7758],[-98.70162,29.77575],[-98.70156,29.78075],[-98.6976,29.77851],[-98.69201,29.77605],[-98.69102,29.77539],[-98.6897,29.77497],[-98.6894,29.77555],[-98.69444,29.78722],[-98.68932,29.78734],[-98.68892,29.78714],[-98.67528,29.78672],[-98.66246,29.78593],[-98.62687,29.78514],[-98.6262,29.77062],[-98.61523,29.77036],[-98.64022,29.75022],[-98.64612,29.74518],[-98.64624,29.74614],[-98.64565,29.74699],[-98.64547,29.74786],[-98.64804,29.75015],[-98.64857,29.75178],[-98.64946,29.75322],[-98.65034,29.7538],[-98.65128,29.75402],[-98.6525,29.75354],[-98.65313,29.75264],[-98.65332,29.75117],[-98.65255,29.74986],[-98.65305,29.74883],[-98.65655,29.74772],[-98.65797,29.74824],[-98.65815,29.74904],[-98.65846,29.7492],[-98.66098,29.74932],[-98.66193,29.74875],[-98.66309,29.74754],[-98.66374,29.74628],[-98.66368,29.74538],[-98.66014,29.74332],[-98.65977,29.74279],[-98.6597,29.74214],[-98.66025,29.74157],[-98.66165,29.74141],[-98.66221,29.74106],[-98.66361,29.7411],[-98.66648,29.74284],[-98.66807,29.7434],[-98.66958,29.74354],[-98.67087,29.74327],[-98.67383,29.74212],[-98.67446,29.74065],[-98.67422,29.74004],[-98.6745,29.7388],[-98.67591,29.73735],[-98.67657,29.73727],[-98.68046,29.73799],[-98.68141,29.73831],[-98.68264,29.73922],[-98.68352,29.73944],[-98.68577,29.73929],[-98.68755,29.73872],[-98.70606,29.7554],[-98.71933,29.7669],[-98.71931,29.76911],[-98.72039,29.77181],[-98.71979,29.77246],[-98.72008,29.77386],[-98.71941,29.77482],[-98.71709,29.77523],[-98.71638,29.77646],[-98.72179,29.78354],[-98.71748,29.78343],[-98.71782,29.784],[-98.71767,29.7876],[-98.71723,29.78815],[-98.71586,29.78764]]]}},{"type":"Feature","properties":{"PRECINCT":"kendall:2120","COUNTY":"Kendall"},"geometry":{"type":"Polygon","coordinates":[[[-98.60737,29.93202],[-98.60564,29.9311],[-98.6029,29.93157],[-98.5999,29.93142],[-98.59737,29.93008],[-98.59544,29.92833],[-98.5948,29.92704],[-98.59007,29.92361],[-98.58859,29.92116],[-98.58844,29.9193],[-98.58614,29.91628],[-98.58543,29.91477],[-98.58612,29.91343],[-98.5909,29.91108],[-98.59294,29.90918],[-98.59435,29.90715],[-98.59612,29.90392],[-98.60034,29.89977],[-98.60221,29.89558],[-98.60426,29.89313],[-98.60495,29.8919],[-98.60519,29.88945],[-98.60508,29.8884],[-98.60476,29.88789],[-98.6029,29.88686],[-98.60224,29.88672],[-98.60082,29.88684],[-98.59757,29.88517],[-98.59791,29.88502],[-98.59779,29.87088],[-98.60144,29.87085],[-98.60255,29.86991],[-98.60234,29.8673],[-98.60266,29.86734],[-98.60283,29.85601],[-98.6095,29.85938],[-98.6095,29.86633],[-98.62198,29.86595],[-98.62347,29.8667],[-98.62434,29.86557],[-98.62771,29.8628],[-98.62951,29.86036],[-98.62967,29.85924],[-98.62947,29.85701],[-98.63084,29.85508],[-98.63117,29.85368],[-98.63108,29.8528],[-98.63011,29.85163],[-98.62994,29.85075],[-98.63057,29.85016],[-98.63073,29.8496],[-98.63122,29.84929],[-98.63147,29.84957],[-98.63246,29.84868],[-98.63248,29.84718],[-98.63278,29.84646],[-98.63304,29.84631],[-98.63457,29.84641],[-98.63614,29.8448],[-98.63794,29.84425],[-98.63915,29.84327],[-98.63943,29.8422],[-98.63932,29.84118],[-98.64051,29.84012],[-98.64044,29.83887],[-98.64102,29.83914],[-98.64175,29.83909],[-98.64174,29.83989],[-98.64197,29.84023],[-98.64297,29.84081],[-98.64315,29.84207],[-98.64405,29.84347],[-98.64394,29.84441],[-98.64436,29.84452],[-98.64459,29.84348],[-98.64572,29.84264],[-98.64679,29.84113],[-98.64762,29.84065],[-98.64812,29.83936],[-98.64886,29.83852],[-98.65166,29.83788],[-98.65282,29.83787],[-98.65381,29.83699],[-98.65366,29.83436],[-98.65283,29.83238],[-98.6521,29.8316],[-98.65196,29.83019],[-98.6513,29.8279],[-98.65144,29.82655],[-98.65115,29.82365],[-98.65165,29.82315],[-98.65274,29.82301],[-98.65307,29.82274],[-98.65208,29.81951],[-98.65255,29.81742],[-98.65172,29.81637],[-98.65128,29.81507],[-98.64989,29.80704],[-98.65155,29.80676],[-98.65353,29.80588],[-98.65891,29.8029],[-98.66716,29.79778],[-98.67881,29.79217],[-98.68316,29.78957],[-98.68945,29.78731],[-98.69444,29.78722],[-98.6894,29.77555],[-98.6897,29.77497],[-98.69102,29.77539],[-98.69201,29.77605],[-98.6976,29.77851],[-98.70156,29.78075],[-98.70162,29.77575],[-98.70809,29.7758],[-98.70842,29.77483],[-98.70957,29.77501],[-98.71034,29.77595],[-98.70992,29.77904],[-98.71207,29.77996],[-98.71331,29.78083],[-98.71443,29.78321],[-98.71417,29.7833],[-98.71481,29.78522],[-98.71721,29.78744],[-98.71478,29.78739],[-98.71452,29.78756],[-98.71518,29.78752],[-98.7167,29.78794],[-98.71502,29.78881],[-98.7145,29.78987],[-98.71414,29.81207],[-98.71359,29.81284],[-98.70612,29.82015],[-98.7044,29.82258],[-98.70383,29.82447],[-98.70344,29.82746],[-98.70405,29.83125],[-98.70367,29.83296],[-98.7037,29.83503],[-98.70241,29.83877],[-98.70188,29.83928],[-98.69956,29.84022],[-98.69845,29.84152],[-98.69436,29.84404],[-98.69032,29.84788],[-98.68848,29.84905],[-98.68787,29.84973],[-98.68751,29.85129],[-98.68848,29.8531],[-98.68838,29.85404],[-98.68693,29.85565],[-98.68397,29.861],[-98.6823,29.86177],[-98.68073,29.86325],[-98.68046,29.86397],[-98.68025,29.867],[-98.67946,29.87001],[-98.67901,29.87084],[-98.67649,29.87366],[-98.67364,29.87743],[-98.67211,29.88066],[-98.67151,29.8848],[-98.67171,29.88648],[-98.67151,29.88874],[-98.67019,29.89171],[-98.66972,29.8937],[-98.66328,29.89036],[-98.66168,29.8897],[-98.66079,29.88993],[-98.65984,29.89066],[-98.65927,29.89144],[-98.65802,29.89571],[-98.66014,29.89745],[-98.66005,29.89857],[-98.65887,29.90012],[-98.6572,29.90055],[-98.65517,29.90052],[-98.6542,29.90038],[-98.65252,29.89974],[-98.64951,29.89955],[-98.64832,29.89954],[-98.64664,29.89998],[-98.64403,29.89971],[-98.64228,29.89994],[-98.64034,29.89985],[-98.63683,29.89837],[-98.63574,29.89734],[-98.63475,29.89587],[-98.63305,29.89432],[-98.63151,29.89312],[-98.6308,29.89287],[-98.6302,29.89297],[-98.62806,29.8942],[-98.62771,29.89493],[-98.62579,29.8955],[-98.62422,29.89695],[-98.62362,29.89844],[-98.62385,29.90126],[-98.62469,29.90178],[-98.62537,29.90274],[-98.6255,29.90351],[-98.62529,29.90483],[-98.62471,29.90599],[-98.62459,29.90764],[-98.62403,29.90903],[-98.62353,29.90971],[-98.62254,29.91025],[-98.62237,29.91057],[-98.6221,29.91658],[-98.62175,29.91786],[-98.62104,29.91858],[-98.62019,29.91895],[-98.61921,29.91977],[-98.61677,29.92004],[-98.6142,29.92142],[-98.61401,29.92229],[-98.61316,29.92381],[-98.61288,29.92514],[-98.61289,29.92658],[-98.61326,29.92795],[-98.61272,29.93017],[-98.61228,29.93064],[-98.61078,29.93149],[-98.60864,29.93209],[-98.60737,29.93202]]]}},{"type":"Feature","properties":{"PRECINCT":"kendall:3030","COUNTY":"Kendall"},"geometry":{"type":"Polygon","coordinates":[[[-98.5879,30.13895],[-98.54494,30.089],[-98.53235,30.07381],[-98.52965,30.07128],[-98.50022,30.03715],[-98.46767,30.00021],[-98.41402,29.93756],[-98.46942,29.89009],[-98.5003,29.86397],[-98.5003,29.86429],[-98.56368,29.81204],[-98.60075,29.78209],[-98.60022,29.78469],[-98.59813,29.78789],[-98.59769,29.79082],[-98.59342,29.79764],[-98.59275,29.8008],[-98.59289,29.80388],[-98.59093,29.80869],[-98.5874,29.81275],[-98.57989,29.81992],[-98.57484,29.82291],[-98.57407,29.82355],[-98.57359,29.8243],[-98.57167,29.83362],[-98.57139,29.83915],[-98.57112,29.84033],[-98.5687,29.84503],[-98.56524,29.85012],[-98.56386,29.85582],[-98.56178,29.85858],[-98.56116,29.86017],[-98.56105,29.86109],[-98.56147,29.86559],[-98.5609,29.86728],[-98.55919,29.86946],[-98.55859,29.87095],[-98.55848,29.8722],[-98.55901,29.87745],[-98.55652,29.88411],[-98.55649,29.88643],[-98.55899,29.89219],[-98.56084,29.89153],[-98.5633,29.88949],[-98.56425,29.88691],[-98.5667,29.885],[-98.56886,29.88409],[-98.56999,29.88298],[-98.57085,29.88184],[-98.57088,29.8811],[-98.57135,29.87996],[-98.57216,29.87901],[-98.57284,29.87867],[-98.57577,29.87817],[-98.57656,29.87819],[-98.57802,29.8792],[-98.58134,29.87985],[-98.58401,29.88071],[-98.58684,29.88031],[-98.5922,29.88067],[-98.59369,29.88098],[-98.59464,29.88212],[-98.59596,29.88286],[-98.59683,29.88459],[-98.59757,29.88517],[-98.60082,29.88684],[-98.60224,29.88672],[-98.6029,29.88686],[-98.60476,29.88789],[-98.60508,29.8884],[-98.60519,29.88945],[-98.60495,29.8919],[-98.60426,29.89313],[-98.60221,29.89558],[-98.60034,29.89977],[-98.59663,29.90327],[-98.59435,29.90715],[-98.5924,29.90979],[-98.5909,29.91108],[-98.58612,29.91343],[-98.58543,29.91477],[-98.58614,29.91628],[-98.58844,29.9193],[-98.58859,29.92116],[-98.59007,29.92361],[-98.5948,29.92704],[-98.59544,29.92833],[-98.59737,29.93008],[-98.5999,29.93142],[-98.60117,29.93156],[-98.6029,29.93157],[-98.60564,29.9311],[-98.60662,29.93145],[-98.60737,29.93202],[-98.60864,29.93209],[-98.61078,29.93149],[-98.61228,29.93064],[-98.61272,29.93017],[-98.61326,29.92795],[-98.61289,29.92658],[-98.61288,29.92514],[-98.61316,29.92381],[-98.61401,29.92229],[-98.6142,29.92142],[-98.61677,29.92004],[-98.61921,29.91977],[-98.62019,29.91895],[-98.62104,29.91858],[-98.62175,29.91786],[-98.6221,29.91658],[-98.62237,29.91057],[-98.62254,29.91025],[-98.62353,29.90971],[-98.62403,29.90903],[-98.62459,29.90764],[-98.62471,29.90599],[-98.62529,29.90483],[-98.6255,29.90351],[-98.62537,29.90274],[-98.62469,29.90178],[-98.62385,29.90126],[-98.62362,29.89844],[-98.62376,29.89778],[-98.62422,29.89695],[-98.62579,29.8955],[-98.62771,29.89493],[-98.62806,29.8942],[-98.6302,29.89297],[-98.63122,29.893],[-98.63254,29.89385],[-98.63475,29.89587],[-98.63574,29.89734],[-98.63683,29.89837],[-98.64034,29.89985],[-98.64228,29.89994],[-98.64403,29.89971],[-98.64664,29.89998],[-98.64832,29.89954],[-98.64951,29.89955],[-98.65252,29.89974],[-98.6542,29.90038],[-98.65517,29.90052],[-98.6572,29.90055],[-98.65887,29.90012],[-98.66005,29.89857],[-98.66014,29.89745],[-98.65816,29.89599],[-98.6581,29.89515],[-98.65927,29.89144],[-98.66043,29.89019],[-98.66168,29.8897],[-98.66856,29.89302],[-98.6696,29.89358],[-98.67044,29.89435],[-98.67215,29.89485],[-98.67373,29.89619],[-98.67585,29.89926],[-98.67591,29.90174],[-98.67519,29.90298],[-98.6746,29.90537],[-98.67095,29.90843],[-98.6702,29.90986],[-98.66821,29.91192],[-98.66779,29.91375],[-98.66797,29.91535],[-98.6676,29.91936],[-98.66677,29.92122],[-98.66667,29.92208],[-98.66475,29.92368],[-98.66344,29.92546],[-98.66346,29.92689],[-98.66267,29.9278],[-98.66214,29.9305],[-98.66223,29.93121],[-98.6635,29.93344],[-98.66453,29.93419],[-98.6653,29.93513],[-98.66667,29.93566],[-98.66746,29.93553],[-98.6682,29.93504],[-98.66985,29.93309],[-98.67125,29.93203],[-98.6729,29.93128],[-98.67235,29.93375],[-98.67319,29.93518],[-98.67406,29.93536],[-98.67491,29.93453],[-98.67563,29.93419],[-98.67656,29.93458],[-98.67684,29.93504],[-98.67637,29.93555],[-98.67637,29.93636],[-98.67583,29.93687],[-98.67477,29.93726],[-98.67378,29.93728],[-98.67344,29.93758],[-98.67387,29.93985],[-98.6738,29.94091],[-98.67331,29.94133],[-98.67158,29.9419],[-98.66914,29.94417],[-98.66786,29.94472],[-98.66741,29.94535],[-98.66732,29.94602],[-98.66766,29.94658],[-98.66736,29.94719],[-98.66562,29.94728],[-98.66444,29.94831],[-98.663,29.94853],[-98.66236,29.94887],[-98.66173,29.95139],[-98.66124,29.95199],[-98.66057,29.95221],[-98.65906,29.95161],[-98.65799,29.95202],[-98.65689,29.95367],[-98.65651,29.95513],[-98.6548,29.95658],[-98.64113,29.95433],[-98.64331,29.95847],[-98.64314,29.96296],[-98.63805,29.97518],[-98.63541,29.9784],[-98.64312,29.97962],[-98.64463,29.97965],[-98.64353,29.98031],[-98.6432,29.98082],[-98.64294,29.98253],[-98.64229,29.98373],[-98.64246,29.98428],[-98.64048,29.98783],[-98.64014,29.98985],[-98.64088,29.99347],[-98.64154,29.99482],[-98.64156,29.99629],[-98.64098,29.99739],[-98.64098,29.99782],[-98.64151,29.99833],[-98.64282,29.9986],[-98.64348,29.9995],[-98.64456,30.00021],[-98.64525,30.00186],[-98.64604,30.00266],[-98.64588,30.00372],[-98.64619,30.00404],[-98.64617,30.00473],[-98.64667,30.00521],[-98.64651,30.00562],[-98.64564,30.00658],[-98.64532,30.00663],[-98.64488,30.0061],[-98.64464,30.0061],[-98.6434,30.00647],[-98.64261,30.00695],[-98.63998,30.00725],[-98.63842,30.00674],[-98.63661,30.00504],[-98.63537,30.00461],[-98.63424,30.00369],[-98.6325,30.00305],[-98.6315,30.00197],[-98.63132,30.00094],[-98.62971,30.00121],[-98.62918,30.00167],[-98.62884,30.0027],[-98.62944,30.00685],[-98.63026,30.00823],[-98.63013,30.0091],[-98.63073,30.00956],[-98.6312,30.01086],[-98.63141,30.01318],[-98.63104,30.01432],[-98.63183,30.01533],[-98.63281,30.01804],[-98.63544,30.01969],[-98.63681,30.01978],[-98.63729,30.01946],[-98.63801,30.0196],[-98.63931,30.01914],[-98.63868,30.02107],[-98.63886,30.02212],[-98.64007,30.02253],[-98.64221,30.02214],[-98.64339,30.02336],[-98.64408,30.02361],[-98.64505,30.02497],[-98.64529,30.0265],[-98.6468,30.02809],[-98.64668,30.0287],[-98.64747,30.03065],[-98.6494,30.03083],[-98.65027,30.03161],[-98.65085,30.03138],[-98.65128,30.03197],[-98.65306,30.03278],[-98.65381,30.03353],[-98.6556,30.03178],[-98.65629,30.03183],[-98.65703,30.03139],[-98.6587,30.03262],[-98.66041,30.03214],[-98.66099,30.03123],[-98.66173,30.03084],[-98.66276,30.03086],[-98.66475,30.03141],[-98.66615,30.03123],[-98.66715,30.03143],[-98.6673,30.03154],[-98.66641,30.03346],[-98.66683,30.03394],[-98.66723,30.03519],[-98.66659,30.03595],[-98.66525,30.03664],[-98.66476,30.03746],[-98.66402,30.03796],[-98.66418,30.03921],[-98.66373,30.04059],[-98.66599,30.03793],[-98.66706,30.03728],[-98.66842,30.03798],[-98.67527,30.03817],[-98.67909,30.03888],[-98.68068,30.03961],[-98.6812,30.04057],[-98.682,30.04116],[-98.68381,30.04034],[-98.68524,30.04049],[-98.68639,30.04093],[-98.68677,30.04085],[-98.68733,30.04027],[-98.68745,30.0405],[-98.68721,30.04164],[-98.68777,30.04226],[-98.68761,30.04273],[-98.6861,30.04377],[-98.68512,30.04564],[-98.68447,30.04601],[-98.6845,30.04677],[-98.68339,30.04805],[-98.68164,30.04933],[-98.68219,30.05023],[-98.68227,30.05094],[-98.68201,30.05248],[-98.68133,30.05311],[-98.68127,30.05406],[-98.67716,30.05812],[-98.67655,30.05901],[-98.67489,30.05958],[-98.67447,30.06016],[-98.67339,30.06013],[-98.67292,30.05952],[-98.67226,30.05954],[-98.67034,30.06004],[-98.66933,30.06098],[-98.66712,30.06077],[-98.66536,30.06116],[-98.66459,30.06199],[-98.6634,30.06277],[-98.66267,30.0646],[-98.66169,30.06536],[-98.66114,30.06549],[-98.65924,30.06501],[-98.65708,30.0651],[-98.6566,30.0657],[-98.65679,30.06687],[-98.6594,30.06983],[-98.65958,30.0715],[-98.65805,30.07095],[-98.65694,30.07097],[-98.65365,30.07138],[-98.65296,30.07189],[-98.65271,30.07173],[-98.65194,30.07187],[-98.65155,30.07215],[-98.65095,30.0733],[-98.65014,30.07276],[-98.6495,30.07299],[-98.64933,30.0726],[-98.64878,30.07274],[-98.64795,30.07392],[-98.64758,30.07358],[-98.64717,30.07385],[-98.64613,30.07568],[-98.64493,30.07559],[-98.64486,30.07597],[-98.6454,30.07711],[-98.64494,30.07752],[-98.64339,30.07766],[-98.64375,30.07851],[-98.6436,30.07884],[-98.64213,30.07867],[-98.6416,30.07895],[-98.64172,30.07984],[-98.6412,30.08028],[-98.64129,30.08112],[-98.64028,30.08228],[-98.64009,30.08367],[-98.63982,30.08395],[-98.63838,30.08381],[-98.63836,30.08405],[-98.63742,30.08473],[-98.63686,30.08443],[-98.63585,30.08444],[-98.63693,30.08624],[-98.63689,30.08691],[-98.63753,30.08689],[-98.63965,30.08824],[-98.64114,30.08968],[-98.64087,30.09019],[-98.64345,30.09141],[-98.64405,30.092],[-98.64876,30.0884],[-98.65272,30.08917],[-98.6533,30.08963],[-98.65538,30.09371],[-98.65549,30.0952],[-98.65493,30.09708],[-98.65512,30.09873],[-98.65633,30.0993],[-98.65708,30.09999],[-98.66657,30.09552],[-98.67341,30.09196],[-98.67316,30.09297],[-98.67156,30.09393],[-98.6696,30.09587],[-98.66984,30.09703],[-98.66851,30.09745],[-98.66828,30.09789],[-98.66651,30.09905],[-98.66665,30.09998],[-98.66613,30.10167],[-98.66632,30.1021],[-98.66705,30.10208],[-98.66706,30.10245],[-98.6663,30.1026],[-98.66548,30.10243],[-98.6649,30.10302],[-98.66406,30.10303],[-98.66361,30.10472],[-98.66268,30.10432],[-98.66242,30.10443],[-98.66263,30.10609],[-98.6637,30.10645],[-98.6657,30.10778],[-98.66605,30.10777],[-98.66606,30.10798],[-98.6646,30.10795],[-98.66278,30.10872],[-98.65915,30.11191],[-98.6586,30.11269],[-98.65875,30.11313],[-98.65842,30.11327],[-98.65916,30.11414],[-98.65837,30.11623],[-98.66143,30.11904],[-98.66507,30.12108],[-98.67126,30.12548],[-98.67459,30.12985],[-98.67572,30.131],[-98.6803,30.13357],[-98.68779,30.13629],[-98.69031,30.13872],[-98.5879,30.13895]]]}},{"type":"Feature","properties":{"PRECINCT":"kendall:3040","COUNTY":"Kendall"},"geometry":{"type":"Polygon","coordinates":[[[-98.69047,29.91996],[-98.68967,29.9191],[-98.68809,29.91823],[-98.6858,29.91749],[-98.68552,29.91716],[-98.68559,29.91643],[-98.68523,29.91626],[-98.68527,29.91556],[-98.68453,29.91489],[-98.68422,29.91511],[-98.68363,29.91498],[-98.68312,29.91431],[-98.68228,29.91479],[-98.68009,29.91746],[-98.67927,29.91688],[-98.67819,29.91534],[-98.67689,29.91492],[-98.67634,29.91517],[-98.67605,29.91605],[-98.67524,29.91624],[-98.67418,29.91537],[-98.67344,29.91427],[-98.67312,29.91465],[-98.67316,29.91599],[-98.6723,29.91578],[-98.67132,29.91435],[-98.67119,29.91286],[-98.66917,29.91083],[-98.6702,29.90986],[-98.67095,29.90843],[-98.6746,29.90537],[-98.67519,29.90298],[-98.67591,29.90174],[-98.67604,29.90102],[-98.67585,29.89926],[-98.67373,29.89619],[-98.67215,29.89485],[-98.67044,29.89435],[-98.66972,29.8937],[-98.67019,29.89171],[-98.67151,29.88874],[-98.67171,29.88648],[-98.67151,29.8848],[-98.67198,29.88243],[-98.67203,29.88087],[-98.67364,29.87743],[-98.67649,29.87366],[-98.67901,29.87084],[-98.67946,29.87001],[-98.68025,29.867],[-98.68046,29.86397],[-98.68073,29.86325],[-98.6823,29.86177],[-98.68397,29.861],[-98.68693,29.85565],[-98.68838,29.85404],[-98.68848,29.8531],[-98.68751,29.85129],[-98.68787,29.84973],[-98.68848,29.84905],[-98.69032,29.84788],[-98.69436,29.84404],[-98.69845,29.84152],[-98.69972,29.84012],[-98.70188,29.83928],[-98.70276,29.83807],[-98.70373,29.83486],[-98.70367,29.83296],[-98.70405,29.83125],[-98.70344,29.82746],[-98.70383,29.82447],[-98.7044,29.82258],[-98.70612,29.82015],[-98.71359,29.81284],[-98.71414,29.81207],[-98.7145,29.78987],[-98.71466,29.78925],[-98.7151,29.78876],[-98.7167,29.78794],[-98.71723,29.78815],[-98.71767,29.7876],[-98.71782,29.784],[-98.71748,29.78343],[-98.72903,29.78367],[-98.72907,29.78821],[-98.72957,29.78958],[-98.72532,29.78955],[-98.72509,29.80465],[-98.73759,29.8047],[-98.73749,29.81157],[-98.73794,29.81208],[-98.73733,29.81435],[-98.73718,29.83103],[-98.73772,29.83696],[-98.73765,29.83858],[-98.73527,29.84646],[-98.73387,29.84799],[-98.73188,29.84909],[-98.73225,29.85099],[-98.7323,29.85455],[-98.73266,29.85547],[-98.73412,29.85664],[-98.73478,29.85807],[-98.73445,29.861],[-98.73493,29.86275],[-98.73423,29.86376],[-98.73387,29.86597],[-98.73478,29.86842],[-98.73512,29.87007],[-98.73497,29.87205],[-98.73546,29.87287],[-98.73683,29.87418],[-98.73684,29.88162],[-98.73711,29.88227],[-98.74023,29.88473],[-98.74076,29.88549],[-98.74763,29.88528],[-98.74748,29.89514],[-98.74769,29.8961],[-98.74771,29.89988],[-98.74511,29.90023],[-98.74392,29.90123],[-98.74319,29.90105],[-98.74291,29.90058],[-98.74177,29.90105],[-98.74087,29.89952],[-98.74101,29.89773],[-98.74085,29.89775],[-98.74052,29.89949],[-98.73922,29.90026],[-98.73821,29.90055],[-98.73539,29.90065],[-98.7344,29.90011],[-98.73409,29.90016],[-98.73222,29.90222],[-98.72974,29.90362],[-98.72824,29.9051],[-98.72698,29.90524],[-98.72668,29.90549],[-98.72549,29.90571],[-98.72469,29.90642],[-98.72296,29.90687],[-98.72039,29.90878],[-98.71969,29.90905],[-98.71854,29.90878],[-98.7177,29.9089],[-98.71666,29.90843],[-98.71571,29.90864],[-98.71483,29.90852],[-98.71427,29.90899],[-98.71355,29.90914],[-98.71117,29.90823],[-98.70858,29.90659],[-98.70747,29.90627],[-98.70674,29.90567],[-98.70542,29.90612],[-98.70418,29.90619],[-98.70281,29.90812],[-98.70278,29.90909],[-98.7012,29.91008],[-98.70046,29.91127],[-98.70046,29.91186],[-98.7001,29.91244],[-98.70062,29.91434],[-98.70037,29.91463],[-98.70041,29.91519],[-98.69905,29.91618],[-98.69689,29.91677],[-98.69657,29.9174],[-98.6957,29.91821],[-98.69534,29.91981],[-98.69785,29.92005],[-98.69842,29.92028],[-98.69794,29.92128],[-98.69602,29.92225],[-98.69443,29.92186],[-98.69047,29.91996]]]}},{"type":"Feature","properties":{"PRECINCT":"kendall:3060","COUNTY":"Kendall"},"geometry":{"type":"Polygon","coordinates":[[[-98.66436,30.10803],[-98.66606,30.10798],[-98.66605,30.10777],[-98.6657,30.10778],[-98.6637,30.10645],[-98.66263,30.10609],[-98.66242,30.10443],[-98.66268,30.10432],[-98.66361,30.10472],[-98.66406,30.10303],[-98.6649,30.10302],[-98.66548,30.10243],[-98.6663,30.1026],[-98.66706,30.10245],[-98.66705,30.10208],[-98.66632,30.1021],[-98.66613,30.10167],[-98.66665,30.09998],[-98.66651,30.09905],[-98.66828,30.09789],[-98.66851,30.09745],[-98.66984,30.09703],[-98.6696,30.09587],[-98.67156,30.09393],[-98.67316,30.09297],[-98.67341,30.09196],[-98.66657,30.09552],[-98.65708,30.09999],[-98.65633,30.0993],[-98.65512,30.09873],[-98.65493,30.09708],[-98.65549,30.0952],[-98.65538,30.09371],[-98.6533,30.08963],[-98.65272,30.08917],[-98.64876,30.0884],[-98.64405,30.092],[-98.64345,30.09141],[-98.64087,30.09019],[-98.64114,30.08968],[-98.63965,30.08824],[-98.63753,30.08689],[-98.63689,30.08691],[-98.63693,30.08624],[-98.63585,30.08444],[-98.63686,30.08443],[-98.63742,30.08473],[-98.63836,30.08405],[-98.63838,30.08381],[-98.63982,30.08395],[-98.64009,30.08367],[-98.64028,30.08228],[-98.64129,30.08112],[-98.6412,30.08028],[-98.64172,30.07984],[-98.6416,30.07895],[-98.64213,30.07867],[-98.6436,30.07884],[-98.64375,30.07851],[-98.64339,30.07766],[-98.64494,30.07752],[-98.6454,30.07711],[-98.64486,30.07597],[-98.64493,30.07559],[-98.64613,30.07568],[-98.64717,30.07385],[-98.64758,30.07358],[-98.64795,30.07392],[-98.64878,30.07274],[-98.64933,30.0726],[-98.6495,30.07299],[-98.65014,30.07276],[-98.65095,30.0733],[-98.65155,30.07215],[-98.65194,30.07187],[-98.65271,30.07173],[-98.65296,30.07189],[-98.65365,30.07138],[-98.65694,30.07097],[-98.65805,30.07095],[-98.65958,30.0715],[-98.6594,30.06983],[-98.65679,30.06687],[-98.6566,30.0657],[-98.65708,30.0651],[-98.65924,30.06501],[-98.66114,30.06549],[-98.66169,30.06536],[-98.66267,30.0646],[-98.6634,30.06277],[-98.66459,30.06199],[-98.66536,30.06116],[-98.66712,30.06077],[-98.66933,30.06098],[-98.67034,30.06004],[-98.67226,30.05954],[-98.67292,30.05952],[-98.67339,30.06013],[-98.67447,30.06016],[-98.67489,30.05958],[-98.67655,30.05901],[-98.67716,30.05812],[-98.68127,30.05406],[-98.68133,30.05311],[-98.68201,30.05248],[-98.68227,30.05094],[-98.68223,30.05034],[-98.68168,30.04957],[-98.68169,30.04922],[-98.6831,30.04832],[-98.68439,30.04692],[-98.68447,30.04601],[-98.68512,30.04564],[-98.6861,30.04377],[-98.68761,30.04273],[-98.68777,30.04226],[-98.68723,30.04179],[-98.68733,30.04027],[-98.68654,30.04093],[-98.68411,30.04031],[-98.68319,30.04052],[-98.682,30.04116],[-98.6812,30.04057],[-98.68068,30.03961],[-98.67909,30.03888],[-98.67527,30.03817],[-98.66842,30.03798],[-98.66706,30.03728],[-98.66599,30.03793],[-98.66373,30.04059],[-98.66418,30.03921],[-98.66402,30.03796],[-98.66476,30.03746],[-98.66525,30.03664],[-98.66659,30.03595],[-98.66723,30.03519],[-98.66683,30.03394],[-98.66641,30.03341],[-98.6673,30.03154],[-98.66673,30.03125],[-98.66475,30.03141],[-98.66276,30.03086],[-98.66173,30.03084],[-98.66099,30.03123],[-98.66041,30.03214],[-98.6587,30.03262],[-98.65703,30.03139],[-98.65629,30.03183],[-98.6556,30.03178],[-98.65378,30.03352],[-98.65306,30.03278],[-98.65128,30.03197],[-98.65085,30.03138],[-98.65027,30.03161],[-98.6494,30.03083],[-98.64747,30.03065],[-98.64668,30.0287],[-98.6468,30.02809],[-98.64529,30.0265],[-98.64495,30.02474],[-98.64408,30.02361],[-98.64339,30.02336],[-98.6426,30.02237],[-98.64221,30.02214],[-98.64007,30.02253],[-98.63905,30.0223],[-98.63868,30.02107],[-98.63931,30.01914],[-98.63801,30.0196],[-98.63729,30.01946],[-98.63681,30.01978],[-98.63544,30.01969],[-98.63281,30.01804],[-98.63183,30.01533],[-98.63104,30.01432],[-98.63141,30.01318],[-98.63136,30.01187],[-98.63073,30.00956],[-98.63013,30.0091],[-98.63026,30.00823],[-98.62944,30.00685],[-98.62884,30.0027],[-98.62918,30.00167],[-98.62971,30.00121],[-98.63132,30.00094],[-98.6315,30.00197],[-98.6325,30.00305],[-98.63424,30.00369],[-98.63537,30.00461],[-98.63661,30.00504],[-98.63842,30.00674],[-98.63998,30.00725],[-98.64261,30.00695],[-98.6434,30.00647],[-98.64464,30.0061],[-98.64488,30.0061],[-98.64532,30.00663],[-98.64564,30.00658],[-98.64667,30.00521],[-98.64617,30.00473],[-98.64619,30.00404],[-98.64588,30.00372],[-98.64604,30.00266],[-98.64525,30.00186],[-98.64456,30.00021],[-98.64348,29.9995],[-98.64282,29.9986],[-98.64151,29.99833],[-98.64098,29.99782],[-98.64098,29.99739],[-98.64156,29.99629],[-98.64154,29.99482],[-98.64088,29.99347],[-98.64014,29.98985],[-98.64048,29.98783],[-98.64246,29.98428],[-98.64229,29.98373],[-98.64294,29.98253],[-98.6432,29.98082],[-98.64353,29.98031],[-98.64463,29.97965],[-98.64312,29.97962],[-98.63541,29.9784],[-98.63805,29.97518],[-98.64314,29.96296],[-98.64331,29.95847],[-98.64113,29.95433],[-98.6548,29.95658],[-98.65651,29.95513],[-98.65689,29.95367],[-98.65799,29.95202],[-98.65906,29.95161],[-98.66057,29.95221],[-98.66124,29.95199],[-98.66173,29.95139],[-98.66236,29.94887],[-98.663,29.94853],[-98.66444,29.94831],[-98.66562,29.94728],[-98.66736,29.94719],[-98.66766,29.94658],[-98.66732,29.94602],[-98.66741,29.94535],[-98.66786,29.94472],[-98.66914,29.94417],[-98.67158,29.9419],[-98.67331,29.94133],[-98.6738,29.94091],[-98.67387,29.93985],[-98.67344,29.93758],[-98.67378,29.93728],[-98.67477,29.93726],[-98.67583,29.93687],[-98.67637,29.93636],[-98.67637,29.93555],[-98.67684,29.93504],[-98.67656,29.93458],[-98.67563,29.93419],[-98.67491,29.93453],[-98.67406,29.93536],[-98.67319,29.93518],[-98.67235,29.93375],[-98.6729,29.93128],[-98.67125,29.93203],[-98.66985,29.93309],[-98.6682,29.93504],[-98.66703,29.93568],[-98.66609,29.93552],[-98.66464,29.93454],[-98.66453,29.93419],[-98.6635,29.93344],[-98.66223,29.93121],[-98.66214,29.9305],[-98.66267,29.9278],[-98.66346,29.92689],[-98.66344,29.92546],[-98.66475,29.92368],[-98.66667,29.92208],[-98.66677,29.92122],[-98.6676,29.91936],[-98.66797,29.91535],[-98.66788,29.91324],[-98.66821,29.91192],[-98.66917,29.91083],[-98.67119,29.91286],[-98.6712,29.9139],[-98.67149,29.91469],[-98.67208,29.91562],[-98.6728,29.91599],[-98.67321,29.9159],[-98.67312,29.91465],[-98.67344,29.91427],[-98.67418,29.91537],[-98.67524,29.91624],[-98.67605,29.91605],[-98.67634,29.91517],[-98.67689,29.91492],[-98.67819,29.91534],[-98.67927,29.91688],[-98.68009,29.91746],[-98.68228,29.91479],[-98.68312,29.91431],[-98.68363,29.91498],[-98.68422,29.91511],[-98.68453,29.91489],[-98.68516,29.91544],[-98.68538,29.91574],[-98.68523,29.91626],[-98.68569,29.91674],[-98.68552,29.91716],[-98.6859,29.91757],[-98.68809,29.91823],[-98.68967,29.9191],[-98.69102,29.92032],[-98.69443,29.92186],[-98.69616,29.92224],[-98.69794,29.92128],[-98.69846,29.92037],[-98.69785,29.92005],[-98.69534,29.91981],[-98.6957,29.91821],[-98.69657,29.9174],[-98.69689,29.91677],[-98.69905,29.91618],[-98.70041,29.91519],[-98.70037,29.91463],[-98.70062,29.91434],[-98.7001,29.91244],[-98.70046,29.91186],[-98.70046,29.91127],[-98.7012,29.91008],[-98.70278,29.90909],[-98.70281,29.90812],[-98.70418,29.90619],[-98.70542,29.90612],[-98.70674,29.90567],[-98.70747,29.90627],[-98.70858,29.90659],[-98.71117,29.90823],[-98.71355,29.90914],[-98.71427,29.90899],[-98.71483,29.90852],[-98.71571,29.90864],[-98.71666,29.90843],[-98.7177,29.9089],[-98.71854,29.90878],[-98.71969,29.90905],[-98.72039,29.90878],[-98.72296,29.90687],[-98.72469,29.90642],[-98.72549,29.90571],[-98.72668,29.90549],[-98.72698,29.90524],[-98.72824,29.9051],[-98.72974,29.90362],[-98.73222,29.90222],[-98.73409,29.90016],[-98.7344,29.90011],[-98.73539,29.90065],[-98.73821,29.90055],[-98.73922,29.90026],[-98.74052,29.89949],[-98.74085,29.89775],[-98.74101,29.89773],[-98.74087,29.89952],[-98.74177,29.90105],[-98.74291,29.90058],[-98.74319,29.90105],[-98.74392,29.90123],[-98.7452,29.9002],[-98.74942,29.89975],[-98.75055,29.90015],[-98.75111,29.90064],[-98.75122,29.90112],[-98.75067,29.90205],[-98.75132,29.90296],[-98.75162,29.90395],[-98.75557,29.90958],[-98.75608,29.91064],[-98.75631,29.91209],[-98.75637,29.91323],[-98.7553,29.91633],[-98.75418,29.91797],[-98.75291,29.91915],[-98.75233,29.92028],[-98.75301,29.9224],[-98.75195,29.92364],[-98.75249,29.92405],[-98.75249,29.92449],[-98.75162,29.92557],[-98.75144,29.92553],[-98.75148,29.92606],[-98.75085,29.92664],[-98.75108,29.9272],[-98.75223,29.92842],[-98.75176,29.92978],[-98.75205,29.93066],[-98.75257,29.93117],[-98.75271,29.93254],[-98.75218,29.93374],[-98.75286,29.93561],[-98.75215,29.93646],[-98.75047,29.93715],[-98.7494,29.9379],[-98.74861,29.93898],[-98.74716,29.94017],[-98.74632,29.94059],[-98.7453,29.94075],[-98.74376,29.9423],[-98.74288,29.94247],[-98.74138,29.94359],[-98.73976,29.94395],[-98.73845,29.94521],[-98.736,29.94589],[-98.7343,29.94575],[-98.73288,29.94677],[-98.73093,29.94587],[-98.72947,29.94567],[-98.72858,29.94629],[-98.7285,29.94671],[-98.72913,29.94792],[-98.72839,29.94864],[-98.72688,29.94842],[-98.7208,29.95018],[-98.71984,29.94986],[-98.7185,29.9499],[-98.71744,29.9543],[-98.717,29.96497],[-98.71751,29.96678],[-98.72086,29.97237],[-98.72202,29.97924],[-98.72417,29.98211],[-98.72482,29.98347],[-98.72499,29.98546],[-98.72487,29.9927],[-98.72509,29.99435],[-98.7259,29.99626],[-98.72848,29.99988],[-98.72937,30.00248],[-98.72956,30.01455],[-98.73035,30.02161],[-98.72948,30.02575],[-98.72959,30.02916],[-98.73046,30.03134],[-98.73324,30.035],[-98.734,30.03637],[-98.73767,30.04947],[-98.73977,30.054],[-98.74059,30.05638],[-98.74059,30.05854],[-98.73845,30.06593],[-98.73865,30.07194],[-98.73907,30.07314],[-98.74106,30.07644],[-98.7426,30.08031],[-98.7466,30.086],[-98.74846,30.08779],[-98.75036,30.08919],[-98.75136,30.09066],[-98.75154,30.09215],[-98.75076,30.09843],[-98.75239,30.10404],[-98.75229,30.10558],[-98.751,30.10714],[-98.7435,30.11052],[-98.74174,30.1116],[-98.74041,30.11289],[-98.73501,30.11937],[-98.73385,30.12178],[-98.73313,30.12674],[-98.73275,30.12791],[-98.72967,30.13217],[-98.72898,30.13365],[-98.72884,30.13488],[-98.72906,30.13648],[-98.73003,30.13859],[-98.69031,30.13872],[-98.68779,30.13629],[-98.6803,30.13357],[-98.67572,30.131],[-98.67459,30.12985],[-98.67126,30.12548],[-98.66507,30.12108],[-98.66143,30.11904],[-98.65837,30.11623],[-98.65914,30.11428],[-98.65897,30.11372],[-98.65841,30.11334],[-98.65875,30.11313],[-98.6586,30.11269],[-98.65897,30.1121],[-98.66264,30.1088],[-98.66436,30.10803]]]}},{"type":"Feature","properties":{"PRECINCT":"kendall:4050","COUNTY":"Kendall"},"geometry":{"type":"Polygon","coordinates":[[[-98.72942,30.13754],[-98.72887,30.13535],[-98.72912,30.13321],[-98.73275,30.12791],[-98.73313,30.12674],[-98.73385,30.12178],[-98.73501,30.11937],[-98.74151,30.11178],[-98.7435,30.11052],[-98.751,30.10714],[-98.75212,30.10595],[-98.75245,30.1046],[-98.75076,30.09843],[-98.75154,30.09215],[-98.75136,30.09066],[-98.75036,30.08919],[-98.74846,30.08779],[-98.7466,30.086],[-98.7426,30.08031],[-98.74106,30.07644],[-98.73907,30.07314],[-98.73865,30.07194],[-98.73845,30.06593],[-98.74059,30.05854],[-98.74059,30.05638],[-98.73977,30.054],[-98.73767,30.04947],[-98.734,30.03637],[-98.73324,30.035],[-98.73046,30.03134],[-98.72959,30.02916],[-98.72948,30.02575],[-98.73035,30.02161],[-98.72956,30.01455],[-98.72943,30.00287],[-98.72848,29.99988],[-98.7259,29.99626],[-98.72519,29.99469],[-98.72487,29.9927],[-98.72492,29.98384],[-98.72429,29.98229],[-98.72234,29.97985],[-98.7269,29.97803],[-98.73019,29.97718],[-98.73103,29.97717],[-98.73861,29.98071],[-98.7514,29.9812],[-98.75741,29.98211],[-98.76537,29.98419],[-98.77061,29.98514],[-98.77635,29.98527],[-98.77711,29.98581],[-98.77775,29.98761],[-98.77839,29.98817],[-98.78475,29.98998],[-98.78922,29.99181],[-98.79033,29.99181],[-98.79275,29.99122],[-98.79698,29.99196],[-98.80294,29.99118],[-98.80992,29.99337],[-98.81586,29.99406],[-98.8181,29.99503],[-98.81938,29.99587],[-98.82145,29.99624],[-98.82269,29.99673],[-98.83075,29.99691],[-98.83711,29.99805],[-98.84024,29.9932],[-98.84107,29.99251],[-98.84401,29.9913],[-98.8452,29.9899],[-98.84604,29.98668],[-98.84723,29.98506],[-98.84699,29.97786],[-98.84561,29.97696],[-98.8461,29.97587],[-98.84579,29.97594],[-98.84496,29.97719],[-98.84176,29.98044],[-98.84139,29.98102],[-98.84131,29.98195],[-98.83988,29.98393],[-98.8374,29.98531],[-98.83623,29.98558],[-98.83375,29.98532],[-98.83247,29.98495],[-98.83103,29.98416],[-98.83045,29.98263],[-98.83019,29.97945],[-98.83089,29.97707],[-98.83211,29.97596],[-98.83339,29.97325],[-98.83342,29.97193],[-98.835,29.96895],[-98.83504,29.96848],[-98.83592,29.9685],[-98.83643,29.96873],[-98.83657,29.969],[-98.83625,29.96955],[-98.83686,29.97092],[-98.83804,29.97103],[-98.83842,29.96951],[-98.83871,29.96915],[-98.83945,29.96926],[-98.83988,29.9691],[-98.83997,29.96788],[-98.84091,29.96743],[-98.84065,29.96538],[-98.84216,29.96428],[-98.8424,29.96365],[-98.84091,29.96288],[-98.84063,29.96219],[-98.84102,29.9615],[-98.84262,29.96061],[-98.84224,29.95865],[-98.844,29.95637],[-98.84471,29.95614],[-98.84534,29.95487],[-98.84527,29.95436],[-98.8361,29.95221],[-98.83413,29.95219],[-98.83269,29.95241],[-98.83236,29.95152],[-98.83136,29.95112],[-98.83137,29.95085],[-98.83208,29.95047],[-98.83214,29.9502],[-98.8316,29.94966],[-98.83058,29.94947],[-98.8303,29.94919],[-98.8306,29.94785],[-98.82997,29.94699],[-98.83057,29.94442],[-98.82968,29.94357],[-98.82971,29.94108],[-98.82944,29.94023],[-98.83101,29.93655],[-98.83097,29.93455],[-98.83118,29.93415],[-98.83161,29.93393],[-98.83166,29.9329],[-98.83228,29.93135],[-98.83376,29.93014],[-98.835,29.92832],[-98.83487,29.92737],[-98.83429,29.92652],[-98.83437,29.92299],[-98.83609,29.92272],[-98.8361,29.91669],[-98.83586,29.91637],[-98.83455,29.91581],[-98.83475,29.915],[-98.82849,29.91269],[-98.82576,29.91093],[-98.82639,29.90864],[-98.82768,29.90654],[-98.82598,29.90387],[-98.82696,29.90327],[-98.82265,29.89986],[-98.82233,29.90013],[-98.81857,29.89761],[-98.81636,29.89485],[-98.81359,29.8905],[-98.80916,29.88598],[-98.81003,29.88495],[-98.81013,29.88427],[-98.81306,29.88269],[-98.81287,29.88172],[-98.81337,29.88122],[-98.81451,29.8807],[-98.81468,29.8796],[-98.8158,29.87816],[-98.81574,29.87617],[-98.81612,29.87565],[-98.81612,29.87492],[-98.81571,29.87384],[-98.81626,29.87276],[-98.81576,29.87194],[-98.81609,29.87138],[-98.81561,29.86892],[-98.81601,29.86797],[-98.81531,29.86689],[-98.81536,29.8656],[-98.81664,29.86442],[-98.8172,29.86329],[-98.81841,29.86311],[-98.8206,29.86169],[-98.82145,29.86147],[-98.82254,29.86009],[-98.82459,29.85951],[-98.82493,29.85961],[-98.8273,29.85677],[-98.82782,29.85582],[-98.82927,29.85529],[-98.83757,29.86878],[-98.84149,29.87438],[-98.84771,29.88458],[-98.85347,29.89292],[-98.85554,29.89573],[-98.85746,29.89597],[-98.8584,29.89514],[-98.85932,29.893],[-98.86066,29.89119],[-98.86136,29.89089],[-98.86351,29.89094],[-98.86468,29.8902],[-98.86566,29.88916],[-98.86594,29.88827],[-98.86542,29.8865],[-98.86575,29.88536],[-98.86615,29.88485],[-98.86729,29.88433],[-98.86918,29.88437],[-98.87003,29.88415],[-98.87044,29.88363],[-98.87086,29.88231],[-98.87128,29.88191],[-98.87178,29.88181],[-98.87619,29.88464],[-98.87706,29.88455],[-98.87754,29.88408],[-98.87768,29.8831],[-98.87744,29.88273],[-98.87602,29.88195],[-98.87593,29.88112],[-98.87752,29.88058],[-98.87895,29.88068],[-98.87931,29.8805],[-98.87948,29.87996],[-98.87837,29.87916],[-98.87835,29.87866],[-98.87911,29.87829],[-98.88074,29.87881],[-98.88139,29.87871],[-98.88156,29.87847],[-98.88132,29.87759],[-98.88146,29.87724],[-98.88249,29.87733],[-98.88378,29.87802],[-98.88442,29.87793],[-98.88466,29.87573],[-98.88574,29.87331],[-98.88665,29.87222],[-98.88747,29.87035],[-98.88778,29.87016],[-98.8882,29.8703],[-98.8897,29.87173],[-98.89035,29.8719],[-98.89102,29.87156],[-98.89127,29.87112],[-98.89112,29.86952],[-98.89329,29.86935],[-98.89373,29.86667],[-98.89354,29.86533],[-98.8939,29.86473],[-98.89626,29.86535],[-98.89784,29.86526],[-98.89817,29.86494],[-98.89834,29.86264],[-98.89925,29.86084],[-98.90054,29.86038],[-98.90189,29.86082],[-98.90238,29.86058],[-98.90282,29.86],[-98.90253,29.85859],[-98.90499,29.85822],[-98.9066,29.85717],[-98.90887,29.85707],[-98.91051,29.85666],[-98.911,29.85616],[-98.91135,29.85635],[-98.91146,29.8547],[-98.91194,29.85399],[-98.91238,29.85377],[-98.9132,29.85415],[-98.91389,29.85418],[-98.91407,29.8539],[-98.9164,29.85268],[-98.91751,29.85241],[-98.91846,29.85186],[-98.91927,29.85101],[-98.92007,29.89096],[-98.92052,29.97291],[-98.92036,29.97607],[-98.92055,29.97952],[-98.92076,30.01698],[-98.92015,30.13829],[-98.87283,30.13847],[-98.77836,30.13792],[-98.75031,30.13819],[-98.74968,30.13852],[-98.73003,30.13859],[-98.72942,30.13754]]]}},{"type":"Feature","properties":{"PRECINCT":"kendall:4070","COUNTY":"Kendall"},"geometry":{"type":"Polygon","coordinates":[[[-98.82982,29.99687],[-98.82269,29.99673],[-98.82145,29.99624],[-98.81938,29.99587],[-98.8181,29.99503],[-98.81586,29.99406],[-98.80992,29.99337],[-98.80268,29.99114],[-98.8004,29.99165],[-98.79698,29.99196],[-98.79275,29.99122],[-98.79033,29.99181],[-98.78922,29.99181],[-98.78475,29.98998],[-98.77839,29.98817],[-98.77775,29.98761],[-98.77711,29.98581],[-98.77635,29.98527],[-98.77061,29.98514],[-98.76537,29.98419],[-98.75741,29.98211],[-98.7514,29.9812],[-98.73861,29.98071],[-98.73103,29.97717],[-98.73019,29.97718],[-98.7269,29.97803],[-98.72234,29.97985],[-98.72177,29.97848],[-98.72086,29.97237],[-98.71751,29.96678],[-98.71703,29.9653],[-98.71744,29.9543],[-98.7185,29.9499],[-98.71984,29.94986],[-98.72057,29.95017],[-98.72106,29.95014],[-98.72688,29.94842],[-98.72839,29.94864],[-98.72913,29.94792],[-98.72942,29.94865],[-98.72921,29.9492],[-98.7289,29.94934],[-98.7294,29.95004],[-98.72929,29.95053],[-98.73107,29.95266],[-98.7327,29.95412],[-98.73356,29.95461],[-98.73515,29.95453],[-98.73748,29.95489],[-98.7391,29.95446],[-98.73965,29.95392],[-98.74245,29.9536],[-98.74414,29.95279],[-98.74468,29.95293],[-98.74778,29.95529],[-98.74996,29.9576],[-98.75109,29.9577],[-98.75452,29.95948],[-98.75606,29.96001],[-98.75794,29.96004],[-98.76171,29.95814],[-98.76212,29.95755],[-98.76105,29.95489],[-98.7607,29.95257],[-98.75966,29.95182],[-98.75951,29.95145],[-98.75984,29.94979],[-98.75962,29.94903],[-98.7601,29.94804],[-98.76155,29.94712],[-98.76563,29.94709],[-98.7659,29.94684],[-98.76828,29.94638],[-98.76989,29.94578],[-98.77133,29.94613],[-98.77279,29.94743],[-98.77469,29.94806],[-98.77527,29.94778],[-98.77565,29.94692],[-98.77552,29.94621],[-98.77487,29.94555],[-98.77447,29.94452],[-98.77498,29.94313],[-98.77548,29.94246],[-98.78121,29.94158],[-98.78176,29.94111],[-98.78169,29.94067],[-98.78122,29.94027],[-98.77931,29.9396],[-98.77887,29.93828],[-98.77997,29.93541],[-98.7824,29.93157],[-98.78271,29.93052],[-98.78226,29.92789],[-98.78245,29.92759],[-98.78509,29.92671],[-98.78746,29.92637],[-98.78959,29.92529],[-98.79132,29.92578],[-98.79219,29.92568],[-98.79303,29.92477],[-98.79459,29.92229],[-98.79661,29.92021],[-98.79682,29.91965],[-98.79666,29.91873],[-98.79682,29.91752],[-98.7977,29.91697],[-98.79874,29.91687],[-98.80198,29.91718],[-98.8034,29.91674],[-98.80594,29.91524],[-98.80812,29.91434],[-98.8114,29.91377],[-98.81392,29.91271],[-98.81861,29.91246],[-98.81945,29.91176],[-98.81991,29.91047],[-98.82053,29.91002],[-98.82334,29.9102],[-98.82496,29.91121],[-98.82576,29.91093],[-98.82849,29.91269],[-98.83475,29.915],[-98.83455,29.91581],[-98.83586,29.91637],[-98.8361,29.91669],[-98.83609,29.92272],[-98.83437,29.92299],[-98.83429,29.92652],[-98.83487,29.92737],[-98.835,29.92832],[-98.83376,29.93014],[-98.83228,29.93135],[-98.83166,29.9329],[-98.83161,29.93393],[-98.83118,29.93415],[-98.83097,29.93455],[-98.83101,29.93655],[-98.82944,29.94023],[-98.82971,29.94108],[-98.82968,29.94357],[-98.83057,29.94442],[-98.82997,29.94699],[-98.8306,29.94785],[-98.8303,29.94919],[-98.83058,29.94947],[-98.8316,29.94966],[-98.83214,29.9502],[-98.83208,29.95047],[-98.83137,29.95085],[-98.83136,29.95112],[-98.83236,29.95152],[-98.83269,29.95241],[-98.83489,29.95215],[-98.83705,29.95237],[-98.84527,29.95436],[-98.84534,29.95487],[-98.84471,29.95614],[-98.844,29.95637],[-98.84224,29.95865],[-98.84262,29.96061],[-98.84102,29.9615],[-98.84063,29.96219],[-98.84091,29.96288],[-98.8422,29.96346],[-98.8424,29.96378],[-98.84216,29.96428],[-98.84065,29.96538],[-98.84091,29.96743],[-98.83997,29.96788],[-98.83988,29.9691],[-98.83945,29.96926],[-98.83871,29.96915],[-98.83817,29.97003],[-98.83814,29.97101],[-98.83695,29.97098],[-98.83625,29.96955],[-98.83653,29.96883],[-98.83592,29.9685],[-98.83504,29.96848],[-98.835,29.96895],[-98.83342,29.97193],[-98.83339,29.97325],[-98.83211,29.97596],[-98.83089,29.97707],[-98.83056,29.97804],[-98.83014,29.97986],[-98.83059,29.98337],[-98.83103,29.98416],[-98.83247,29.98495],[-98.83522,29.98559],[-98.8374,29.98531],[-98.83887,29.9846],[-98.8404,29.98337],[-98.84131,29.98195],[-98.84139,29.98102],[-98.84176,29.98044],[-98.84496,29.97719],[-98.84579,29.97594],[-98.8461,29.97587],[-98.84561,29.97696],[-98.84684,29.97771],[-98.84705,29.97815],[-98.84723,29.98506],[-98.8462,29.9863],[-98.84531,29.98967],[-98.84448,29.9909],[-98.84354,29.99159],[-98.84107,29.99251],[-98.84024,29.9932],[-98.83711,29.99805],[-98.82982,29.99687]]]}},{"type":"Feature","properties":{"PRECINCT":"kendall:4100","COUNTY":"Kendall"},"geometry":{"type":"Polygon","coordinates":[[[-98.74468,29.95293],[-98.74414,29.95279],[-98.74245,29.9536],[-98.73965,29.95392],[-98.7391,29.95446],[-98.73748,29.95489],[-98.73515,29.95453],[-98.73356,29.95461],[-98.7327,29.95412],[-98.73107,29.95266],[-98.72929,29.95053],[-98.7294,29.95004],[-98.7289,29.94934],[-98.72921,29.9492],[-98.72943,29.94843],[-98.7285,29.94671],[-98.72861,29.94624],[-98.72947,29.94567],[-98.73093,29.94587],[-98.73288,29.94677],[-98.7343,29.94575],[-98.736,29.94589],[-98.73845,29.94521],[-98.73976,29.94395],[-98.74138,29.94359],[-98.74288,29.94247],[-98.74376,29.9423],[-98.7453,29.94075],[-98.74632,29.94059],[-98.74716,29.94017],[-98.74861,29.93898],[-98.7494,29.9379],[-98.75047,29.93715],[-98.75215,29.93646],[-98.75264,29.93589],[-98.75291,29.93538],[-98.7524,29.93473],[-98.75218,29.93374],[-98.75271,29.93254],[-98.75271,29.93201],[-98.75257,29.93117],[-98.75205,29.93066],[-98.75176,29.92978],[-98.75223,29.92842],[-98.75108,29.9272],[-98.75085,29.92664],[-98.75148,29.92606],[-98.75144,29.92553],[-98.75162,29.92557],[-98.75249,29.92449],[-98.75249,29.92405],[-98.75195,29.92364],[-98.75301,29.9224],[-98.75233,29.92028],[-98.75291,29.91915],[-98.75486,29.91716],[-98.75637,29.91323],[-98.75608,29.91064],[-98.75557,29.90958],[-98.75162,29.90395],[-98.75132,29.90296],[-98.75067,29.90205],[-98.75122,29.90112],[-98.75111,29.90064],[-98.75055,29.90015],[-98.74932,29.89973],[-98.74771,29.89988],[-98.74769,29.8961],[-98.74748,29.89514],[-98.74763,29.88528],[-98.74076,29.88549],[-98.74023,29.88473],[-98.73711,29.88227],[-98.73684,29.88162],[-98.73683,29.87418],[-98.73546,29.87287],[-98.73497,29.87205],[-98.73512,29.87007],[-98.73478,29.86842],[-98.73387,29.86597],[-98.73423,29.86376],[-98.73493,29.86275],[-98.73445,29.861],[-98.73478,29.85807],[-98.73412,29.85664],[-98.73266,29.85547],[-98.7323,29.85455],[-98.73225,29.85099],[-98.73188,29.84909],[-98.73387,29.84799],[-98.73527,29.84646],[-98.73595,29.8447],[-98.73772,29.83796],[-98.73718,29.83103],[-98.73733,29.81435],[-98.73794,29.81208],[-98.73749,29.81157],[-98.73761,29.79503],[-98.7526,29.79528],[-98.75427,29.81526],[-98.75536,29.81559],[-98.75821,29.81573],[-98.76227,29.81491],[-98.7877,29.8151],[-98.78897,29.81465],[-98.79315,29.81151],[-98.79717,29.81001],[-98.79798,29.80933],[-98.79936,29.80713],[-98.80083,29.80626],[-98.80201,29.80591],[-98.80303,29.80588],[-98.80593,29.8065],[-98.80777,29.80554],[-98.80942,29.80559],[-98.81154,29.80519],[-98.81321,29.8045],[-98.8147,29.8042],[-98.81794,29.80506],[-98.82261,29.80686],[-98.82409,29.807],[-98.82696,29.80601],[-98.83092,29.80262],[-98.832,29.80213],[-98.83333,29.80205],[-98.83571,29.80271],[-98.84075,29.80316],[-98.84183,29.80295],[-98.84452,29.80164],[-98.846,29.80143],[-98.84722,29.80176],[-98.849,29.80283],[-98.85342,29.80398],[-98.85747,29.80419],[-98.86121,29.80556],[-98.86376,29.80594],[-98.86473,29.80654],[-98.86748,29.80906],[-98.86875,29.81089],[-98.87074,29.8128],[-98.87356,29.8147],[-98.875,29.81515],[-98.87776,29.81507],[-98.87995,29.81608],[-98.88096,29.81724],[-98.8817,29.8195],[-98.88633,29.82555],[-98.88678,29.82723],[-98.88727,29.82809],[-98.88921,29.82999],[-98.88979,29.831],[-98.89608,29.81463],[-98.91466,29.82032],[-98.91414,29.82182],[-98.91866,29.82313],[-98.91927,29.85101],[-98.91893,29.85152],[-98.91751,29.85241],[-98.9164,29.85268],[-98.91407,29.8539],[-98.91389,29.85418],[-98.9132,29.85415],[-98.91238,29.85377],[-98.91194,29.85399],[-98.91146,29.8547],[-98.91135,29.85635],[-98.911,29.85616],[-98.91051,29.85666],[-98.90887,29.85707],[-98.9066,29.85717],[-98.90499,29.85822],[-98.90253,29.85859],[-98.90282,29.86],[-98.90238,29.86058],[-98.90189,29.86082],[-98.90054,29.86038],[-98.89943,29.86068],[-98.89834,29.86264],[-98.89817,29.86494],[-98.89784,29.86526],[-98.89626,29.86535],[-98.89404,29.86469],[-98.89375,29.86486],[-98.89354,29.86533],[-98.89373,29.86667],[-98.89334,29.86925],[-98.89302,29.86949],[-98.89149,29.86936],[-98.89112,29.86952],[-98.89131,29.87088],[-98.89102,29.87156],[-98.89035,29.8719],[-98.8899,29.87186],[-98.8882,29.8703],[-98.88778,29.87016],[-98.88747,29.87035],[-98.88665,29.87222],[-98.88574,29.87331],[-98.88466,29.87573],[-98.88442,29.87793],[-98.88378,29.87802],[-98.88249,29.87733],[-98.88146,29.87724],[-98.88132,29.87759],[-98.88156,29.87847],[-98.88139,29.87871],[-98.88074,29.87881],[-98.87911,29.87829],[-98.87835,29.87866],[-98.87837,29.87916],[-98.87948,29.87996],[-98.87931,29.8805],[-98.87895,29.88068],[-98.87752,29.88058],[-98.87593,29.88112],[-98.87602,29.88195],[-98.87763,29.88295],[-98.87775,29.88355],[-98.8772,29.88446],[-98.87619,29.88464],[-98.87178,29.88181],[-98.87128,29.88191],[-98.87086,29.88231],[-98.87044,29.88363],[-98.87003,29.88415],[-98.86918,29.88437],[-98.86753,29.88429],[-98.86643,29.88465],[-98.86575,29.88536],[-98.86542,29.8865],[-98.86594,29.88827],[-98.86566,29.88916],[-98.86468,29.8902],[-98.86351,29.89094],[-98.86136,29.89089],[-98.86066,29.89119],[-98.85932,29.893],[-98.8584,29.89514],[-98.85761,29.89593],[-98.85554,29.89573],[-98.85347,29.89292],[-98.84771,29.88458],[-98.84149,29.87438],[-98.83757,29.86878],[-98.82927,29.85529],[-98.82782,29.85582],[-98.8273,29.85677],[-98.82493,29.85961],[-98.82459,29.85951],[-98.82254,29.86009],[-98.82145,29.86147],[-98.8206,29.86169],[-98.81841,29.86311],[-98.8172,29.86329],[-98.81664,29.86442],[-98.81536,29.8656],[-98.8152,29.86607],[-98.81531,29.86689],[-98.816,29.86782],[-98.81561,29.86892],[-98.81609,29.87138],[-98.81576,29.87194],[-98.81626,29.87276],[-98.81571,29.87384],[-98.81612,29.87492],[-98.81612,29.87565],[-98.81574,29.87617],[-98.8158,29.87816],[-98.81468,29.8796],[-98.81451,29.8807],[-98.81337,29.88122],[-98.81287,29.88172],[-98.81306,29.88269],[-98.81013,29.88427],[-98.81003,29.88495],[-98.80916,29.88598],[-98.81359,29.8905],[-98.81636,29.89485],[-98.81857,29.89761],[-98.82233,29.90013],[-98.82265,29.89986],[-98.82696,29.90327],[-98.82598,29.90387],[-98.82768,29.90654],[-98.82639,29.90864],[-98.82583,29.91088],[-98.82532,29.91122],[-98.82496,29.91121],[-98.82334,29.9102],[-98.82053,29.91002],[-98.81991,29.91047],[-98.81945,29.91176],[-98.81861,29.91246],[-98.81392,29.91271],[-98.8114,29.91377],[-98.80812,29.91434],[-98.80594,29.91524],[-98.8034,29.91674],[-98.80198,29.91718],[-98.79874,29.91687],[-98.7977,29.91697],[-98.79682,29.91752],[-98.79666,29.91873],[-98.79682,29.91965],[-98.79661,29.92021],[-98.79459,29.92229],[-98.79303,29.92477],[-98.79219,29.92568],[-98.79132,29.92578],[-98.78959,29.92529],[-98.78746,29.92637],[-98.78509,29.92671],[-98.78245,29.92759],[-98.78226,29.92789],[-98.78271,29.93052],[-98.7824,29.93157],[-98.77997,29.93541],[-98.77887,29.93828],[-98.77931,29.9396],[-98.78122,29.94027],[-98.78169,29.94067],[-98.78176,29.94111],[-98.78121,29.94158],[-98.77548,29.94246],[-98.77498,29.94313],[-98.77447,29.94452],[-98.77487,29.94555],[-98.77552,29.94621],[-98.77565,29.94692],[-98.77527,29.94778],[-98.77469,29.94806],[-98.77279,29.94743],[-98.77133,29.94613],[-98.76989,29.94578],[-98.76828,29.94638],[-98.7659,29.94684],[-98.76563,29.94709],[-98.76155,29.94712],[-98.7601,29.94804],[-98.75962,29.94903],[-98.75984,29.94979],[-98.75951,29.95145],[-98.75966,29.95182],[-98.7607,29.95257],[-98.76105,29.95489],[-98.76212,29.95755],[-98.76171,29.95814],[-98.75794,29.96004],[-98.75606,29.96001],[-98.75452,29.95948],[-98.75109,29.9577],[-98.74996,29.9576],[-98.74778,29.95529],[-98.74468,29.95293]]]}},{"type":"Feature","properties":{"PRECINCT":"travis:306","COUNTY":"Travis"},"geometry":{"type":"Polygon","coordinates":[[[-97.98107,30.37895],[-97.98098,30.37865],[-97.98,30.37872],[-97.97975,30.37799],[-97.97908,30.37748],[-97.97943,30.37681],[-97.97911,30.37553],[-97.97965,30.37526],[-97.98098,30.37608],[-97.98135,30.37599],[-97.98285,30.3749],[-97.98337,30.37316],[-97.98245,30.36985],[-97.98135,30.3676],[-97.98075,30.36539],[-97.98387,30.36357],[-97.9839,30.36322],[-97.98249,30.36272],[-97.98147,30.36188],[-97.97936,30.36303],[-97.97901,30.36248],[-97.97961,30.3598],[-97.98039,30.35938],[-97.98349,30.359],[-97.98381,30.3586],[-97.9837,30.35795],[-97.98345,30.35761],[-97.98256,30.35737],[-97.98353,30.35658],[-97.98623,30.3552],[-97.98783,30.3552],[-97.98798,30.35413],[-97.99048,30.35284],[-97.99114,30.35216],[-97.99246,30.35134],[-97.99424,30.35053],[-97.99449,30.34891],[-97.99501,30.34787],[-97.99559,30.34792],[-97.99703,30.34683],[-97.99698,30.34593],[-97.99746,30.34597],[-97.99834,30.34752],[-97.99922,30.34784],[-97.99958,30.34857],[-98.0018,30.34819],[-98.00331,30.3475],[-98.00406,30.34749],[-98.00215,30.35095],[-98.00399,30.35158],[-98.00495,30.35507],[-98.0047,30.35538],[-98.00648,30.35833],[-98.00701,30.35975],[-98.00808,30.36068],[-98.00821,30.36141],[-98.0087,30.36178],[-98.0084,30.3625],[-98.00852,30.36292],[-98.0089,30.36312],[-98.00997,30.36295],[-98.01006,30.36367],[-98.01021,30.36358],[-98.01078,30.36416],[-98.01055,30.36534],[-98.01117,30.36519],[-98.01167,30.36594],[-98.01362,30.36677],[-98.0133,30.36714],[-98.01361,30.36737],[-98.0135,30.36765],[-98.01375,30.36775],[-98.01481,30.37048],[-98.01182,30.37048],[-98.00911,30.37116],[-98.00739,30.37188],[-97.99889,30.37445],[-97.99565,30.37484],[-97.98694,30.37859],[-97.98607,30.37942],[-97.98107,30.37895]]]}},{"type":"Feature","properties":{"PRECINCT":"travis:308","COUNTY":"Travis"},"geometry":{"type":"Polygon","coordinates":[[[-98.07537,30.46301],[-98.07281,30.46282],[-98.06561,30.46285],[-98.06252,30.46245],[-98.05999,30.46103],[-98.05805,30.45954],[-98.05535,30.45666],[-98.05425,30.45325],[-98.05399,30.45182],[-98.05419,30.45091],[-98.05605,30.44888],[-98.061,30.44533],[-98.06219,30.44403],[-98.06328,30.44199],[-98.06199,30.43741],[-98.06087,30.43527],[-98.05936,30.43392],[-98.05778,30.43317],[-98.05589,30.433],[-98.054,30.43332],[-98.05064,30.43511],[-98.04069,30.44292],[-98.03629,30.44768],[-98.03458,30.45009],[-98.02904,30.45965],[-98.02791,30.46314],[-98.02698,30.46735],[-98.0264,30.4684],[-98.02474,30.47399],[-98.02378,30.47626],[-98.02223,30.47808],[-98.02072,30.47941],[-98.01965,30.47999],[-98.0177,30.48061],[-98.01639,30.48072],[-98.01216,30.48058],[-98.01085,30.48036],[-98.00861,30.4797],[-98.00693,30.47882],[-98.00468,30.47663],[-98.00285,30.47364],[-98.00189,30.47045],[-97.99912,30.46423],[-97.99863,30.46103],[-97.99874,30.45879],[-97.9994,30.45706],[-98.00028,30.45589],[-98.00248,30.45399],[-98.00525,30.45203],[-98.0097,30.44994],[-98.01372,30.44759],[-98.02594,30.43764],[-98.02874,30.43503],[-98.03232,30.43005],[-98.03302,30.42994],[-98.03502,30.42626],[-98.03553,30.42387],[-98.03464,30.41999],[-98.03352,30.41828],[-98.03156,30.41682],[-98.02942,30.41576],[-98.01797,30.4149],[-98.01361,30.41434],[-98.01052,30.41445],[-98.01059,30.4146],[-97.99737,30.41422],[-97.99013,30.41484],[-97.98677,30.41462],[-97.98553,30.41383],[-97.98455,30.4127],[-97.98407,30.40938],[-97.98411,30.40791],[-97.98451,30.40609],[-97.98548,30.40419],[-97.98703,30.40301],[-97.98832,30.40155],[-97.99941,30.39523],[-98.00171,30.39467],[-98.01479,30.38212],[-98.01581,30.37969],[-98.01608,30.37687],[-98.01555,30.37569],[-98.01443,30.37377],[-98.01248,30.37166],[-98.01066,30.37095],[-98.00911,30.37116],[-98.01182,30.37048],[-98.01481,30.37048],[-98.01375,30.36775],[-98.0135,30.36765],[-98.01361,30.36737],[-98.0133,30.36714],[-98.01362,30.36677],[-98.01167,30.36594],[-98.01117,30.36519],[-98.01055,30.36534],[-98.01078,30.36416],[-98.01021,30.36358],[-98.01006,30.36367],[-98.00997,30.36295],[-98.0089,30.36312],[-98.00852,30.36292],[-98.0084,30.3625],[-98.0087,30.36178],[-98.00821,30.36141],[-98.00808,30.36068],[-98.00701,30.35975],[-98.00635,30.3581],[-98.00502,30.35612],[-98.0047,30.35538],[-98.00495,30.35507],[-98.00481,30.35454],[-98.00602,30.35308],[-98.00591,30.35146],[-98.0067,30.35055],[-98.00755,30.35041],[-98.00981,30.35063],[-98.01334,30.34966],[-98.01572,30.34976],[-98.01744,30.34825],[-98.01766,30.3465],[-98.01829,30.34585],[-98.01911,30.34563],[-98.02202,30.3461],[-98.02291,30.34605],[-98.02415,30.34558],[-98.02558,30.34425],[-98.02698,30.33905],[-98.02623,30.33796],[-98.02429,30.33732],[-98.02353,30.33614],[-98.02387,30.33454],[-98.02371,30.33323],[-98.02452,30.3315],[-98.02557,30.33235],[-98.02747,30.33322],[-98.02982,30.33501],[-98.03281,30.33664],[-98.03669,30.33947],[-98.03783,30.33997],[-98.04145,30.34026],[-98.04251,30.34081],[-98.04969,30.34609],[-98.05092,30.3467],[-98.05407,30.34753],[-98.05933,30.34833],[-98.06047,30.34886],[-98.06935,30.34423],[-98.07411,30.34639],[-98.12588,30.32277],[-98.17298,30.35631],[-98.12326,30.42944],[-98.10316,30.45969],[-98.1024,30.46031],[-98.10192,30.46136],[-98.09771,30.46763],[-98.09779,30.49744],[-98.09253,30.49803],[-98.08567,30.49711],[-98.08242,30.49613],[-98.08081,30.49506],[-98.07991,30.49389],[-98.07943,30.49261],[-98.07945,30.49092],[-98.07965,30.48957],[-98.08034,30.48824],[-98.08258,30.48535],[-98.0906,30.47668],[-98.09149,30.47498],[-98.09133,30.47335],[-98.09013,30.47015],[-98.089,30.46826],[-98.08812,30.4672],[-98.08564,30.46544],[-98.08242,30.46408],[-98.07537,30.46301]]]}},{"type":"Feature","properties":{"PRECINCT":"travis:319","COUNTY":"Travis"},"geometry":{"type":"Polygon","coordinates":[[[-97.97352,30.39189],[-97.97355,30.38839],[-97.97293,30.38895],[-97.97229,30.38911],[-97.97176,30.38871],[-97.9717,30.38828],[-97.97137,30.38836],[-97.97121,30.38799],[-97.97144,30.38677],[-97.97169,30.3865],[-97.97161,30.38606],[-97.97191,30.38578],[-97.97151,30.38562],[-97.97132,30.38518],[-97.97181,30.38346],[-97.97122,30.3837],[-97.97092,30.38322],[-97.97043,30.38512],[-97.97042,30.38572],[-97.97064,30.38587],[-97.97029,30.38634],[-97.96991,30.38639],[-97.9685,30.38573],[-97.96992,30.38717],[-97.96916,30.38826],[-97.96925,30.38914],[-97.96897,30.38994],[-97.96775,30.38983],[-97.96752,30.39039],[-97.96663,30.39081],[-97.9649,30.3907],[-97.96436,30.38999],[-97.96243,30.39081],[-97.96156,30.39091],[-97.95966,30.39017],[-97.95973,30.38968],[-97.96117,30.3885],[-97.96093,30.38799],[-97.96113,30.38748],[-97.96206,30.38725],[-97.96271,30.38676],[-97.96336,30.38675],[-97.96296,30.38522],[-97.96339,30.38341],[-97.96457,30.38203],[-97.9651,30.38171],[-97.9649,30.38049],[-97.96506,30.37978],[-97.96531,30.37966],[-97.96613,30.37983],[-97.96648,30.37969],[-97.96682,30.37914],[-97.96677,30.37841],[-97.966,30.37716],[-97.96603,30.37674],[-97.96544,30.37623],[-97.96574,30.3755],[-97.96534,30.37422],[-97.96552,30.37394],[-97.96501,30.3739],[-97.96407,30.37307],[-97.9649,30.37212],[-97.96522,30.37124],[-97.96544,30.36959],[-97.96501,30.3687],[-97.96504,30.36827],[-97.96542,30.36788],[-97.96662,30.36765],[-97.9709,30.36784],[-97.97365,30.36671],[-97.97445,30.36591],[-97.97528,30.36629],[-97.97609,30.36581],[-97.97744,30.36567],[-97.97883,30.36395],[-97.97901,30.36248],[-97.97936,30.36303],[-97.98147,30.36188],[-97.98249,30.36272],[-97.9839,30.36322],[-97.98387,30.36357],[-97.98075,30.36539],[-97.98135,30.3676],[-97.98272,30.37065],[-97.98336,30.37332],[-97.98285,30.3749],[-97.98135,30.37599],[-97.98098,30.37608],[-97.97965,30.37526],[-97.97914,30.37546],[-97.97943,30.37681],[-97.97906,30.37741],[-97.97975,30.37799],[-97.98,30.37872],[-97.98098,30.37865],[-97.98107,30.37895],[-97.98607,30.37942],[-97.9835,30.38205],[-97.9808,30.38388],[-97.98155,30.3843],[-97.97805,30.38842],[-97.97619,30.3901],[-97.97352,30.39189]]]}},{"type":"Feature","properties":{"PRECINCT":"travis:320","COUNTY":"Travis"},"geometry":{"type":"Polygon","coordinates":[[[-97.9607,30.37099],[-97.95971,30.36815],[-97.95954,30.36822],[-97.95852,30.3666],[-97.95871,30.36605],[-97.95858,30.3653],[-97.95922,30.36464],[-97.95918,30.36129],[-97.95696,30.35819],[-97.95797,30.35769],[-97.95929,30.35655],[-97.96138,30.35421],[-97.96294,30.35159],[-97.96462,30.34647],[-97.96887,30.34059],[-97.96975,30.33881],[-97.97037,30.3388],[-97.97181,30.34128],[-97.9732,30.34279],[-97.9731,30.34337],[-97.97591,30.34483],[-97.97678,30.34576],[-97.97717,30.34794],[-97.97688,30.35143],[-97.9779,30.35116],[-97.97892,30.35133],[-97.97873,30.35155],[-97.97862,30.35401],[-97.97953,30.35371],[-97.98013,30.35387],[-97.98336,30.35538],[-97.98254,30.35727],[-97.98345,30.35761],[-97.98381,30.3586],[-97.98327,30.35908],[-97.97979,30.3596],[-97.9789,30.36272],[-97.97883,30.36395],[-97.97744,30.36567],[-97.97609,30.36581],[-97.97528,30.36629],[-97.97445,30.36591],[-97.97365,30.36671],[-97.9709,30.36784],[-97.96552,30.36757],[-97.96489,30.36778],[-97.9645,30.36863],[-97.96474,30.37001],[-97.9642,30.37161],[-97.96337,30.37221],[-97.96316,30.37274],[-97.96316,30.37347],[-97.96472,30.3744],[-97.96417,30.37464],[-97.96354,30.37617],[-97.96183,30.37512],[-97.96259,30.37412],[-97.96033,30.37208],[-97.9607,30.37099]]]}},{"type":"Feature","properties":{"PRECINCT":"travis:346","COUNTY":"Travis"},"geometry":{"type":"Polygon","coordinates":[[[-97.98336,30.35538],[-97.98013,30.35387],[-97.97953,30.35371],[-97.97862,30.35401],[-97.97873,30.35155],[-97.97892,30.35133],[-97.9779,30.35116],[-97.97688,30.35143],[-97.97717,30.34794],[-97.97678,30.34576],[-97.97591,30.34483],[-97.9731,30.34337],[-97.9732,30.34279],[-97.97181,30.34128],[-97.97037,30.3388],[-97.96975,30.33881],[-97.96971,30.33644],[-97.96735,30.33112],[-97.96415,30.32732],[-97.96555,30.32529],[-97.96775,30.32383],[-97.97157,30.3208],[-97.97603,30.32541],[-97.97766,30.32287],[-97.98228,30.32388],[-97.99118,30.31794],[-97.99454,30.31823],[-98.0013,30.31758],[-98.00272,30.31767],[-98.00443,30.31835],[-98.01762,30.32782],[-98.02044,30.32932],[-98.02288,30.33016],[-98.02452,30.3315],[-98.02371,30.33323],[-98.02387,30.33454],[-98.02353,30.33614],[-98.02429,30.33732],[-98.0265,30.33816],[-98.02699,30.33937],[-98.02598,30.3424],[-98.02568,30.34413],[-98.0239,30.34572],[-98.02233,30.34611],[-98.01911,30.34563],[-98.01846,30.34576],[-98.01766,30.3465],[-98.01744,30.34825],[-98.01572,30.34976],[-98.01334,30.34966],[-98.00981,30.35063],[-98.00755,30.35041],[-98.0067,30.35055],[-98.00591,30.35146],[-98.00602,30.35308],[-98.00471,30.35474],[-98.00399,30.35158],[-98.00215,30.35095],[-98.00406,30.34749],[-98.00331,30.3475],[-98.0018,30.34819],[-97.99958,30.34857],[-97.99922,30.34784],[-97.99834,30.34752],[-97.99746,30.34597],[-97.99698,30.34593],[-97.99703,30.34683],[-97.99559,30.34792],[-97.99501,30.34787],[-97.99449,30.34891],[-97.99424,30.35053],[-97.99246,30.35134],[-97.99114,30.35216],[-97.99048,30.35284],[-97.98798,30.35413],[-97.98783,30.3552],[-97.98668,30.35515],[-97.98578,30.35538],[-97.98353,30.35658],[-97.98256,30.35737],[-97.98336,30.35538]]]}},{"type":"Feature","properties":{"PRECINCT":"travis:369","COUNTY":"Travis"},"geometry":{"type":"Polygon","coordinates":[[[-97.90742,30.5568],[-97.90485,30.55471],[-97.90457,30.55313],[-97.90288,30.55242],[-97.90014,30.54919],[-97.8989,30.54864],[-97.89349,30.54868],[-97.88679,30.55584],[-97.88337,30.55296],[-97.88229,30.55381],[-97.86787,30.5465],[-97.87142,30.52271],[-97.86721,30.51731],[-97.85973,30.51232],[-97.85577,30.5074],[-97.85611,30.50281],[-97.86225,30.49731],[-97.85933,30.49345],[-97.86011,30.49244],[-97.86053,30.49128],[-97.86153,30.48974],[-97.86353,30.48859],[-97.86935,30.4839],[-97.872,30.48287],[-97.87328,30.48307],[-97.87905,30.48287],[-97.88037,30.483],[-97.88271,30.48388],[-97.88502,30.48439],[-97.8855,30.48467],[-97.88614,30.48561],[-97.88898,30.48727],[-97.88991,30.48749],[-97.89131,30.48729],[-97.89219,30.48688],[-97.89278,30.4854],[-97.89374,30.4843],[-97.89432,30.48276],[-97.89409,30.48175],[-97.89584,30.48155],[-97.8967,30.48116],[-97.90081,30.48192],[-97.90042,30.48099],[-97.9009,30.47982],[-97.90169,30.4788],[-97.90276,30.4786],[-97.90564,30.47892],[-97.90574,30.47782],[-97.90453,30.47582],[-97.90586,30.47585],[-97.90784,30.47444],[-97.90835,30.47452],[-97.90821,30.47399],[-97.90898,30.47249],[-97.90928,30.47241],[-97.91032,30.47276],[-97.9096,30.47703],[-97.90875,30.47894],[-97.90649,30.48091],[-97.90567,30.48321],[-97.90447,30.48452],[-97.90432,30.48709],[-97.90266,30.49003],[-97.90161,30.49079],[-97.89737,30.49111],[-97.89284,30.4933],[-97.89218,30.49369],[-97.8916,30.49442],[-97.89048,30.49736],[-97.88845,30.50022],[-97.88828,30.50127],[-97.88858,30.50344],[-97.88556,30.51146],[-97.88661,30.51292],[-97.88773,30.51576],[-97.88946,30.51739],[-97.89039,30.51783],[-97.89435,30.5186],[-97.89758,30.51991],[-97.89855,30.5199],[-97.90535,30.51814],[-97.90905,30.51614],[-97.90984,30.51536],[-97.91168,30.51115],[-97.91798,30.51522],[-97.92261,30.51748],[-97.92461,30.52002],[-97.92527,30.52129],[-97.92586,30.52346],[-97.92745,30.52499],[-97.92843,30.52761],[-97.92997,30.52842],[-97.93138,30.52961],[-97.9334,30.53035],[-97.93487,30.53136],[-97.93655,30.53361],[-97.93879,30.53465],[-97.9402,30.5382],[-97.93974,30.53944],[-97.93873,30.5403],[-97.93884,30.54133],[-97.93913,30.54196],[-97.94127,30.54357],[-97.94199,30.54672],[-97.93664,30.54642],[-97.93652,30.54684],[-97.93692,30.54716],[-97.93726,30.54933],[-97.9372,30.55031],[-97.93744,30.55027],[-97.93788,30.55147],[-97.93622,30.55095],[-97.92752,30.54952],[-97.92351,30.55743],[-97.91955,30.55685],[-97.91623,30.55776],[-97.91371,30.5561],[-97.91061,30.55772],[-97.90742,30.5568]]]}},{"type":"Feature","properties":{"PRECINCT":"travis:370","COUNTY":"Travis"},"geometry":{"type":"Polygon","coordinates":[[[-97.93481,30.61029],[-97.91706,30.60487],[-97.9219,30.59096],[-97.92038,30.58677],[-97.91512,30.58057],[-97.92699,30.56765],[-97.92182,30.56423],[-97.90588,30.57045],[-97.90427,30.57057],[-97.90246,30.57133],[-97.89624,30.56488],[-97.89282,30.56517],[-97.89145,30.56652],[-97.88875,30.56515],[-97.88769,30.55661],[-97.88679,30.55584],[-97.89349,30.54868],[-97.8989,30.54864],[-97.90014,30.54919],[-97.90288,30.55242],[-97.90457,30.55313],[-97.90485,30.55471],[-97.90742,30.5568],[-97.90896,30.55732],[-97.91061,30.55772],[-97.91371,30.5561],[-97.91623,30.55776],[-97.91955,30.55685],[-97.92351,30.55743],[-97.92752,30.54952],[-97.93622,30.55095],[-97.93788,30.55147],[-97.93744,30.55027],[-97.9372,30.55031],[-97.93726,30.54933],[-97.93692,30.54716],[-97.93652,30.54684],[-97.93664,30.54642],[-97.94312,30.54679],[-97.94778,30.54519],[-97.94753,30.54816],[-97.95693,30.54312],[-97.96555,30.54894],[-97.96393,30.55061],[-97.96467,30.55132],[-97.96541,30.5515],[-97.96594,30.55221],[-97.96671,30.55207],[-97.9674,30.55249],[-97.9684,30.55239],[-97.96888,30.55315],[-97.96962,30.55374],[-97.97108,30.55379],[-97.97187,30.55299],[-97.97346,30.55255],[-97.97534,30.55278],[-97.97555,30.55182],[-97.97751,30.55232],[-97.97807,30.55209],[-97.97833,30.55218],[-97.97847,30.55269],[-97.98135,30.55232],[-97.98215,30.55193],[-97.98371,30.55246],[-97.98456,30.55351],[-97.98554,30.55383],[-97.98612,30.55482],[-97.98668,30.55507],[-97.98755,30.55596],[-97.99057,30.55701],[-97.99115,30.55768],[-97.99544,30.55852],[-97.99693,30.55919],[-97.99759,30.56029],[-97.99741,30.56208],[-97.9981,30.56361],[-97.99804,30.56398],[-97.99722,30.56455],[-97.99661,30.56561],[-97.99667,30.56661],[-97.99762,30.5676],[-97.99797,30.56833],[-97.99884,30.56904],[-97.99879,30.57094],[-97.99926,30.57131],[-97.99943,30.57248],[-98.00029,30.57282],[-98.00349,30.57289],[-98.00458,30.57321],[-98.00622,30.57386],[-98.00839,30.57521],[-98.01056,30.57505],[-98.01363,30.57549],[-98.01515,30.57752],[-98.01817,30.57798],[-98.02019,30.57869],[-98.02128,30.57988],[-98.02157,30.58077],[-98.02223,30.58164],[-98.02287,30.58189],[-98.0238,30.58177],[-98.02409,30.582],[-98.02446,30.58264],[-98.02486,30.58447],[-98.02598,30.58543],[-98.02587,30.58758],[-98.02723,30.59005],[-98.02911,30.59033],[-98.03097,30.59099],[-98.03174,30.59159],[-98.03408,30.59106],[-98.03434,30.59079],[-98.0348,30.58922],[-98.03473,30.58867],[-98.03527,30.58733],[-98.03475,30.58594],[-98.03531,30.58541],[-98.03559,30.58405],[-98.03691,30.58328],[-98.03745,30.58064],[-98.03855,30.58005],[-98.03894,30.57931],[-98.03943,30.57897],[-98.03985,30.57891],[-98.04014,30.57947],[-98.04078,30.57925],[-98.04176,30.577],[-98.04422,30.57476],[-98.04434,30.57443],[-98.04397,30.5739],[-98.0447,30.57359],[-98.04512,30.57297],[-98.0445,30.57237],[-98.04438,30.57172],[-98.0458,30.57122],[-98.04618,30.57081],[-98.04628,30.56852],[-98.04605,30.56818],[-98.04682,30.56789],[-98.04733,30.56811],[-98.04932,30.56753],[-98.05046,30.56774],[-98.05145,30.56932],[-98.05211,30.56967],[-98.05298,30.56976],[-98.05413,30.57085],[-98.05402,30.57164],[-98.05334,30.5728],[-98.05355,30.57352],[-98.05425,30.57436],[-98.05584,30.57557],[-98.05754,30.57579],[-98.05966,30.57749],[-98.06198,30.58087],[-98.06376,30.58227],[-98.06177,30.58793],[-98.0618,30.58943],[-98.06276,30.59044],[-98.06381,30.59087],[-98.06458,30.59065],[-98.06474,30.59102],[-98.06592,30.59153],[-98.0667,30.59284],[-98.04989,30.62415],[-98.04029,30.6182],[-98.03959,30.61855],[-98.0365,30.61173],[-98.0297,30.61472],[-98.01773,30.61645],[-98.01274,30.61677],[-98.00628,30.62752],[-98.0043,30.62519],[-98.00366,30.62381],[-98.00195,30.62142],[-97.99799,30.61302],[-97.9924,30.60949],[-97.99102,30.60985],[-97.97787,30.62211],[-97.96631,30.62368],[-97.96259,30.62519],[-97.95673,30.62825],[-97.9547,30.62717],[-97.95188,30.62519],[-97.9405,30.61482],[-97.93481,30.61029]]]}},{"type":"Feature","properties":{"PRECINCT":"travis:371","COUNTY":"Travis"},"geometry":{"type":"Polygon","coordinates":[[[-98.06592,30.59153],[-98.06458,30.59065],[-98.06372,30.59084],[-98.06248,30.59025],[-98.06183,30.58951],[-98.06171,30.58875],[-98.06177,30.58793],[-98.06376,30.58227],[-98.06198,30.58087],[-98.05966,30.57749],[-98.05754,30.57579],[-98.05584,30.57557],[-98.05425,30.57436],[-98.05355,30.57352],[-98.05334,30.5728],[-98.05402,30.57164],[-98.05413,30.57085],[-98.05298,30.56976],[-98.05211,30.56967],[-98.05145,30.56932],[-98.05046,30.56774],[-98.04932,30.56753],[-98.04733,30.56811],[-98.04682,30.56789],[-98.04605,30.56818],[-98.04628,30.56852],[-98.04618,30.57081],[-98.0458,30.57122],[-98.04438,30.57172],[-98.0445,30.57237],[-98.04512,30.57297],[-98.0447,30.57359],[-98.04397,30.5739],[-98.04434,30.57443],[-98.04422,30.57476],[-98.04176,30.577],[-98.04078,30.57925],[-98.04014,30.57947],[-98.03985,30.57891],[-98.03943,30.57897],[-98.03894,30.57931],[-98.03855,30.58005],[-98.03745,30.58064],[-98.03691,30.58328],[-98.03559,30.58405],[-98.03531,30.58541],[-98.03475,30.58594],[-98.03527,30.58733],[-98.03473,30.58867],[-98.0348,30.58922],[-98.03434,30.59079],[-98.03408,30.59106],[-98.03174,30.59159],[-98.03097,30.59099],[-98.02911,30.59033],[-98.02723,30.59005],[-98.02587,30.58758],[-98.02598,30.58543],[-98.02486,30.58447],[-98.02446,30.58264],[-98.02409,30.582],[-98.0238,30.58177],[-98.02287,30.58189],[-98.02223,30.58164],[-98.02157,30.58077],[-98.02128,30.57988],[-98.02019,30.57869],[-98.01817,30.57798],[-98.01515,30.57752],[-98.01363,30.57549],[-98.01056,30.57505],[-98.00839,30.57521],[-98.00622,30.57386],[-98.00458,30.57321],[-98.00349,30.57289],[-98.00029,30.57282],[-97.99943,30.57248],[-97.99926,30.57131],[-97.99879,30.57094],[-97.99884,30.56904],[-97.99797,30.56833],[-97.99762,30.5676],[-97.99667,30.56661],[-97.99661,30.56561],[-97.99722,30.56455],[-97.99804,30.56398],[-97.9981,30.56361],[-97.99741,30.56208],[-97.99759,30.56029],[-97.99693,30.55919],[-97.99544,30.55852],[-97.99115,30.55768],[-97.99057,30.55701],[-97.98755,30.55596],[-97.98668,30.55507],[-97.98612,30.55482],[-97.98554,30.55383],[-97.98456,30.55351],[-97.98371,30.55246],[-97.98215,30.55193],[-97.98135,30.55232],[-97.97847,30.55269],[-97.97833,30.55218],[-97.97807,30.55209],[-97.97751,30.55232],[-97.97555,30.55182],[-97.97534,30.55278],[-97.97346,30.55255],[-97.97187,30.55299],[-97.97126,30.55367],[-97.97055,30.55383],[-97.9693,30.55356],[-97.9684,30.55239],[-97.9674,30.55249],[-97.96671,30.55207],[-97.96594,30.55221],[-97.96541,30.5515],[-97.96467,30.55132],[-97.96395,30.55067],[-97.9655,30.54905],[-97.96591,30.54721],[-97.96589,30.54644],[-97.96505,30.54551],[-97.96467,30.54198],[-97.96558,30.54228],[-97.96611,30.54218],[-97.9667,30.54028],[-97.96527,30.5381],[-97.96774,30.53731],[-97.96805,30.53676],[-97.96908,30.53611],[-97.97105,30.5356],[-97.97208,30.53594],[-97.97229,30.53583],[-97.97236,30.53495],[-97.97262,30.53486],[-97.97441,30.53504],[-97.97514,30.53442],[-97.97508,30.53375],[-97.97735,30.53344],[-97.97806,30.53385],[-97.97968,30.53286],[-97.97979,30.53261],[-97.97872,30.52888],[-97.9783,30.52842],[-97.9784,30.5281],[-97.978,30.52737],[-97.97865,30.52736],[-97.97873,30.52697],[-97.97795,30.52612],[-97.97795,30.52525],[-97.9768,30.5246],[-97.97669,30.5238],[-97.9773,30.52339],[-97.9787,30.52309],[-97.97936,30.52203],[-97.97963,30.52091],[-97.97939,30.51976],[-97.97716,30.51816],[-97.97387,30.51676],[-97.97356,30.51632],[-97.97549,30.51316],[-97.97635,30.51265],[-97.97901,30.51191],[-97.97944,30.51159],[-97.9799,30.51047],[-97.97973,30.50868],[-97.9799,30.50701],[-97.97954,30.50607],[-97.97848,30.50612],[-97.97724,30.50575],[-97.97605,30.50641],[-97.97365,30.50595],[-97.97328,30.50563],[-97.97323,30.50502],[-97.97291,30.50463],[-97.97212,30.50408],[-97.97106,30.50422],[-97.97058,30.50353],[-97.97006,30.50355],[-97.96746,30.50459],[-97.96725,30.50443],[-97.96727,30.50379],[-97.96848,30.50152],[-97.96811,30.5012],[-97.96546,30.50179],[-97.9641,30.50243],[-97.95285,30.50308],[-97.95053,30.50246],[-97.94993,30.50189],[-97.94895,30.50146],[-97.94818,30.50169],[-97.94718,30.50158],[-97.9465,30.50266],[-97.94553,30.50304],[-97.94502,30.50366],[-97.94357,30.49836],[-97.94247,30.49827],[-97.94136,30.49782],[-97.94106,30.49741],[-97.9405,30.49749],[-97.93998,30.49731],[-97.93961,30.49781],[-97.93894,30.49768],[-97.93871,30.49702],[-97.93903,30.49653],[-97.93845,30.4959],[-97.93699,30.49553],[-97.93561,30.49457],[-97.93414,30.49438],[-97.9334,30.49247],[-97.93253,30.49161],[-97.9311,30.49111],[-97.93029,30.49007],[-97.92786,30.49037],[-97.92713,30.48898],[-97.92659,30.48873],[-97.92599,30.48886],[-97.92545,30.48931],[-97.92441,30.48933],[-97.92399,30.48908],[-97.92387,30.48771],[-97.92079,30.48626],[-97.91961,30.48595],[-97.91905,30.48551],[-97.91931,30.48485],[-97.91934,30.48361],[-97.91844,30.48222],[-97.9175,30.47956],[-97.9167,30.47594],[-97.91642,30.47546],[-97.91497,30.47428],[-97.91295,30.47188],[-97.91138,30.47048],[-97.91088,30.46972],[-97.91001,30.4692],[-97.90964,30.4674],[-97.90998,30.46628],[-97.91128,30.46495],[-97.91214,30.46457],[-97.91303,30.46442],[-97.91375,30.46457],[-97.91557,30.46407],[-97.91866,30.46308],[-97.92,30.46226],[-97.923,30.46008],[-97.92603,30.45671],[-97.92657,30.45518],[-97.92648,30.45358],[-97.92614,30.45213],[-97.92468,30.44908],[-97.92556,30.44696],[-97.92549,30.44655],[-97.92676,30.44679],[-97.92765,30.44672],[-97.93259,30.4484],[-97.93377,30.44932],[-97.93618,30.45028],[-97.93718,30.45101],[-97.94127,30.45046],[-97.94332,30.45066],[-97.94377,30.45103],[-97.94481,30.4532],[-97.9459,30.45375],[-97.94621,30.45509],[-97.94652,30.4553],[-97.94961,30.45594],[-97.9503,30.45579],[-97.9511,30.45513],[-97.95304,30.45552],[-97.95366,30.456],[-97.95398,30.45769],[-97.95572,30.45958],[-97.95585,30.46001],[-97.95563,30.46085],[-97.95585,30.46134],[-97.95839,30.46168],[-97.95869,30.46236],[-97.9596,30.46288],[-97.95969,30.46404],[-97.9601,30.46483],[-97.96104,30.46495],[-97.9619,30.46574],[-97.96264,30.46555],[-97.96319,30.46594],[-97.96426,30.46621],[-97.96464,30.46669],[-97.9648,30.46759],[-97.9658,30.46802],[-97.96598,30.46879],[-97.96668,30.4696],[-97.96716,30.46985],[-97.96829,30.46975],[-97.96923,30.46994],[-97.97364,30.47298],[-97.97446,30.47415],[-97.97547,30.47379],[-97.97669,30.47245],[-97.97686,30.47037],[-97.97761,30.4679],[-97.97723,30.46574],[-97.97771,30.465],[-97.97932,30.46374],[-97.97971,30.46303],[-97.97922,30.46006],[-97.98048,30.45828],[-97.98061,30.45774],[-97.97979,30.45494],[-97.98303,30.45342],[-97.98537,30.45318],[-97.9927,30.45658],[-97.99393,30.45654],[-97.99456,30.45511],[-97.99521,30.45435],[-97.9951,30.45329],[-97.99773,30.4506],[-97.999,30.44998],[-97.99916,30.44904],[-97.99991,30.44781],[-98.001,30.44798],[-98.00196,30.44719],[-98.00224,30.44618],[-98.00336,30.44605],[-98.0035,30.44819],[-98.00188,30.44938],[-98.00208,30.45003],[-98.00265,30.45029],[-98.00377,30.44932],[-98.00474,30.4491],[-98.00611,30.44955],[-98.00824,30.44927],[-98.00942,30.44981],[-98.01044,30.44955],[-98.00525,30.45203],[-98.00248,30.45399],[-98.00028,30.45589],[-97.9994,30.45706],[-97.99874,30.45879],[-97.99863,30.46103],[-97.99912,30.46423],[-98.00189,30.47045],[-98.00285,30.47364],[-98.00468,30.47663],[-98.006,30.47812],[-98.00784,30.47936],[-98.00946,30.47999],[-98.01216,30.48058],[-98.01525,30.48074],[-98.0177,30.48061],[-98.01965,30.47999],[-98.02072,30.47941],[-98.02223,30.47808],[-98.02378,30.47626],[-98.02541,30.47204],[-98.0264,30.4684],[-98.02698,30.46735],[-98.02791,30.46314],[-98.02904,30.45965],[-98.03157,30.45504],[-98.03629,30.44768],[-98.04069,30.44292],[-98.05064,30.43511],[-98.054,30.43332],[-98.05589,30.433],[-98.05778,30.43317],[-98.05936,30.43392],[-98.06087,30.43527],[-98.06199,30.43741],[-98.06328,30.44199],[-98.06219,30.44403],[-98.061,30.44533],[-98.05605,30.44888],[-98.05419,30.45091],[-98.05399,30.45182],[-98.05425,30.45325],[-98.05535,30.45666],[-98.05805,30.45954],[-98.05999,30.46103],[-98.06252,30.46245],[-98.06561,30.46285],[-98.07281,30.46282],[-98.07783,30.46325],[-98.08242,30.46408],[-98.08564,30.46544],[-98.08812,30.4672],[-98.089,30.46826],[-98.09013,30.47015],[-98.09109,30.47239],[-98.09149,30.47498],[-98.09108,30.47597],[-98.08258,30.48535],[-98.08034,30.48824],[-98.07965,30.48957],[-98.07943,30.49261],[-98.07991,30.49389],[-98.08081,30.49506],[-98.08242,30.49613],[-98.08325,30.49642],[-98.08815,30.49757],[-98.09253,30.49803],[-98.09779,30.49744],[-98.09778,30.49806],[-98.10086,30.49746],[-98.10318,30.49669],[-98.10592,30.49534],[-98.10828,30.49358],[-98.11056,30.49091],[-98.11372,30.48558],[-98.11817,30.48479],[-98.12089,30.48502],[-98.12311,30.48472],[-98.12342,30.48648],[-98.11687,30.49871],[-98.11639,30.50019],[-98.0667,30.59284],[-98.06592,30.59153]]]}},{"type":"Feature","properties":{"PRECINCT":"travis:372","COUNTY":"Travis"},"geometry":{"type":"Polygon","coordinates":[[[-97.96555,30.54894],[-97.95693,30.54312],[-97.94753,30.54816],[-97.94778,30.54519],[-97.94312,30.54679],[-97.94199,30.54672],[-97.94127,30.54357],[-97.93913,30.54196],[-97.93884,30.54133],[-97.93873,30.5403],[-97.93974,30.53944],[-97.9402,30.5382],[-97.93879,30.53465],[-97.93655,30.53361],[-97.93487,30.53136],[-97.9334,30.53035],[-97.93138,30.52961],[-97.92997,30.52842],[-97.92843,30.52761],[-97.92745,30.52499],[-97.92586,30.52346],[-97.92492,30.52056],[-97.92281,30.51765],[-97.91667,30.51445],[-97.91168,30.51115],[-97.90984,30.51536],[-97.90926,30.516],[-97.90535,30.51814],[-97.89855,30.5199],[-97.8973,30.51985],[-97.89435,30.5186],[-97.89007,30.51772],[-97.88912,30.51713],[-97.88773,30.51576],[-97.88661,30.51292],[-97.88556,30.51146],[-97.88858,30.50344],[-97.88828,30.50127],[-97.88859,30.4999],[-97.89048,30.49736],[-97.89138,30.49489],[-97.89218,30.49369],[-97.89737,30.49111],[-97.90161,30.49079],[-97.90266,30.49003],[-97.90432,30.48709],[-97.90447,30.48452],[-97.90567,30.48321],[-97.90649,30.48091],[-97.90875,30.47894],[-97.9096,30.47703],[-97.91032,30.47276],[-97.91057,30.46954],[-97.9167,30.47594],[-97.9175,30.47956],[-97.91844,30.48222],[-97.91934,30.48361],[-97.91931,30.48485],[-97.91905,30.48551],[-97.91961,30.48595],[-97.92079,30.48626],[-97.92387,30.48771],[-97.92399,30.48908],[-97.92441,30.48933],[-97.92545,30.48931],[-97.92599,30.48886],[-97.92659,30.48873],[-97.92713,30.48898],[-97.92786,30.49037],[-97.93029,30.49007],[-97.9311,30.49111],[-97.93253,30.49161],[-97.9334,30.49247],[-97.93414,30.49438],[-97.93561,30.49457],[-97.93699,30.49553],[-97.93845,30.4959],[-97.93903,30.49653],[-97.93871,30.49702],[-97.93894,30.49768],[-97.93961,30.49781],[-97.93998,30.49731],[-97.9405,30.49749],[-97.94106,30.49741],[-97.94136,30.49782],[-97.94247,30.49827],[-97.94357,30.49836],[-97.94502,30.50366],[-97.94553,30.50304],[-97.9465,30.50266],[-97.94718,30.50158],[-97.94818,30.50169],[-97.94895,30.50146],[-97.94993,30.50189],[-97.95053,30.50246],[-97.95285,30.50308],[-97.9641,30.50243],[-97.96546,30.50179],[-97.96811,30.5012],[-97.96848,30.50152],[-97.96727,30.50379],[-97.96725,30.50443],[-97.96746,30.50459],[-97.97006,30.50355],[-97.97058,30.50353],[-97.97106,30.50422],[-97.97212,30.50408],[-97.97291,30.50463],[-97.97323,30.50502],[-97.97328,30.50563],[-97.97365,30.50595],[-97.97605,30.50641],[-97.97724,30.50575],[-97.97848,30.50612],[-97.97954,30.50607],[-97.9799,30.50701],[-97.97973,30.51115],[-97.97901,30.51191],[-97.97635,30.51265],[-97.97549,30.51316],[-97.97356,30.51632],[-97.97387,30.51676],[-97.97716,30.51816],[-97.97939,30.51976],[-97.97963,30.52091],[-97.97936,30.52203],[-97.9787,30.52309],[-97.9773,30.52339],[-97.97669,30.5238],[-97.9768,30.5246],[-97.97795,30.52525],[-97.97795,30.52612],[-97.97873,30.52697],[-97.97865,30.52736],[-97.978,30.52737],[-97.97976,30.5321],[-97.97968,30.53286],[-97.97806,30.53385],[-97.97735,30.53344],[-97.97508,30.53375],[-97.97514,30.53442],[-97.97441,30.53504],[-97.97262,30.53486],[-97.97236,30.53495],[-97.97229,30.53583],[-97.97208,30.53594],[-97.97105,30.5356],[-97.96908,30.53611],[-97.96805,30.53676],[-97.96774,30.53731],[-97.96527,30.5381],[-97.9667,30.54028],[-97.96611,30.54218],[-97.96558,30.54228],[-97.96467,30.54198],[-97.96505,30.54551],[-97.96589,30.54644],[-97.96555,30.54894]]]}},{"type":"Feature","properties":{"PRECINCT":"travis:373","COUNTY":"Travis"},"geometry":{"type":"Polygon","coordinates":[[[-97.96923,30.46994],[-97.96695,30.46979],[-97.96598,30.46879],[-97.9658,30.46802],[-97.9648,30.46759],[-97.96464,30.46669],[-97.96426,30.46621],[-97.96319,30.46594],[-97.96264,30.46555],[-97.9619,30.46574],[-97.96104,30.46495],[-97.95998,30.46473],[-97.9596,30.46288],[-97.95869,30.46236],[-97.95839,30.46168],[-97.95585,30.46134],[-97.95563,30.46085],[-97.95585,30.46001],[-97.95572,30.45958],[-97.95398,30.45769],[-97.95366,30.456],[-97.9532,30.45563],[-97.95177,30.45513],[-97.9511,30.45513],[-97.9503,30.45579],[-97.94961,30.45594],[-97.94631,30.45521],[-97.9459,30.45375],[-97.94481,30.4532],[-97.94357,30.45077],[-97.94127,30.45046],[-97.93718,30.45101],[-97.93618,30.45028],[-97.93377,30.44932],[-97.93259,30.4484],[-97.92765,30.44672],[-97.92676,30.44679],[-97.92549,30.44655],[-97.92556,30.44696],[-97.92468,30.44908],[-97.92319,30.44354],[-97.91994,30.43764],[-97.91998,30.43297],[-97.92336,30.43487],[-97.92669,30.43618],[-97.92923,30.43682],[-97.93139,30.43724],[-97.93459,30.43746],[-97.93866,30.43732],[-97.94677,30.43418],[-97.94888,30.43249],[-97.94994,30.43124],[-97.95122,30.429],[-97.95187,30.42671],[-97.95216,30.42396],[-97.95195,30.42164],[-97.95125,30.41978],[-97.95008,30.41791],[-97.94234,30.40804],[-97.94083,30.40417],[-97.94053,30.40255],[-97.94056,30.4009],[-97.94127,30.3987],[-97.94303,30.39575],[-97.944,30.39466],[-97.94515,30.39406],[-97.94747,30.3937],[-97.96629,30.39401],[-97.96855,30.3937],[-97.96852,30.39397],[-97.96956,30.39366],[-97.97367,30.39182],[-97.97619,30.3901],[-97.97805,30.38842],[-97.98155,30.3843],[-97.9808,30.38388],[-97.9835,30.38205],[-97.98694,30.37859],[-97.99565,30.37484],[-97.99889,30.37445],[-98.00739,30.37188],[-98.00911,30.37116],[-98.01066,30.37095],[-98.01248,30.37166],[-98.01335,30.37244],[-98.01443,30.37377],[-98.01608,30.37687],[-98.01581,30.37969],[-98.01479,30.38212],[-98.00171,30.39467],[-97.99941,30.39523],[-97.99293,30.39884],[-97.98832,30.40155],[-97.98703,30.40301],[-97.98548,30.40419],[-97.98451,30.40609],[-97.98411,30.40791],[-97.98425,30.4113],[-97.98455,30.4127],[-97.98553,30.41383],[-97.98677,30.41462],[-97.98881,30.41489],[-97.99689,30.41422],[-98.00429,30.41429],[-98.01059,30.4146],[-98.01052,30.41445],[-98.01361,30.41434],[-98.01797,30.4149],[-98.02942,30.41576],[-98.03156,30.41682],[-98.03352,30.41828],[-98.03464,30.41999],[-98.03553,30.42387],[-98.03502,30.42626],[-98.03302,30.42994],[-98.03232,30.43005],[-98.02874,30.43503],[-98.02594,30.43764],[-98.01815,30.44409],[-98.01372,30.44759],[-98.01044,30.44955],[-98.00942,30.44981],[-98.00824,30.44927],[-98.00611,30.44955],[-98.00474,30.4491],[-98.00377,30.44932],[-98.00265,30.45029],[-98.00233,30.45015],[-98.00192,30.4499],[-98.00183,30.44946],[-98.0035,30.44819],[-98.00354,30.44778],[-98.00328,30.44685],[-98.00336,30.44605],[-98.00224,30.44618],[-98.00179,30.4474],[-98.00086,30.44804],[-98.00001,30.44772],[-97.99924,30.44885],[-97.999,30.44998],[-97.99773,30.4506],[-97.9951,30.45329],[-97.99521,30.45435],[-97.99456,30.45511],[-97.99393,30.45654],[-97.9927,30.45658],[-97.98537,30.45318],[-97.98303,30.45342],[-97.97979,30.45494],[-97.98061,30.45774],[-97.98048,30.45828],[-97.97922,30.46006],[-97.97971,30.46303],[-97.97932,30.46374],[-97.97771,30.465],[-97.97729,30.46557],[-97.97761,30.4679],[-97.97686,30.47037],[-97.97677,30.47222],[-97.97642,30.47286],[-97.97518,30.47398],[-97.97446,30.47415],[-97.97364,30.47298],[-97.96923,30.46994]]]}},{"type":"Feature","properties":{"PRECINCT":"travis:374","COUNTY":"Travis"},"geometry":{"type":"Polygon","coordinates":[[[-97.85933,30.49345],[-97.84589,30.47564],[-97.84656,30.47342],[-97.82656,30.45752],[-97.82629,30.45601],[-97.82572,30.4556],[-97.82878,30.45244],[-97.83364,30.44249],[-97.84015,30.43546],[-97.84137,30.4328],[-97.84342,30.42653],[-97.84382,30.42668],[-97.84366,30.42705],[-97.84443,30.42749],[-97.84456,30.4272],[-97.84745,30.4283],[-97.84702,30.42951],[-97.84962,30.43184],[-97.84937,30.4376],[-97.84986,30.44013],[-97.85621,30.44727],[-97.85525,30.44806],[-97.85568,30.44822],[-97.85568,30.44856],[-97.85481,30.44872],[-97.85522,30.44984],[-97.85804,30.4483],[-97.85884,30.4492],[-97.85904,30.44954],[-97.85855,30.45115],[-97.86131,30.45586],[-97.86073,30.45655],[-97.86505,30.46384],[-97.87403,30.4696],[-97.87322,30.47054],[-97.88778,30.47615],[-97.88715,30.47863],[-97.89377,30.48007],[-97.89432,30.48276],[-97.89374,30.4843],[-97.89278,30.4854],[-97.89219,30.48688],[-97.89131,30.48729],[-97.88991,30.48749],[-97.88898,30.48727],[-97.88614,30.48561],[-97.8855,30.48467],[-97.88502,30.48439],[-97.88271,30.48388],[-97.88037,30.483],[-97.87905,30.48287],[-97.87328,30.48307],[-97.872,30.48287],[-97.86935,30.4839],[-97.86353,30.48859],[-97.86153,30.48974],[-97.86053,30.49128],[-97.86011,30.49244],[-97.85933,30.49345]]]}},{"type":"Feature","properties":{"PRECINCT":"travis:375","COUNTY":"Travis"},"geometry":{"type":"Polygon","coordinates":[[[-97.90081,30.48192],[-97.8967,30.48116],[-97.89584,30.48155],[-97.89409,30.48175],[-97.89377,30.48007],[-97.88715,30.47863],[-97.88778,30.47615],[-97.87322,30.47054],[-97.87403,30.4696],[-97.86505,30.46384],[-97.86073,30.45655],[-97.86131,30.45586],[-97.85855,30.45115],[-97.85904,30.44954],[-97.85884,30.4492],[-97.85804,30.4483],[-97.85522,30.44984],[-97.85481,30.44872],[-97.85568,30.44856],[-97.85568,30.44822],[-97.85525,30.44806],[-97.85621,30.44727],[-97.84986,30.44013],[-97.856,30.43825],[-97.85495,30.43416],[-97.85868,30.43405],[-97.86048,30.43227],[-97.865,30.43117],[-97.87298,30.42588],[-97.87422,30.42335],[-97.8771,30.42342],[-97.8775,30.42618],[-97.87877,30.42705],[-97.87868,30.42902],[-97.87982,30.42898],[-97.88008,30.42739],[-97.8817,30.42588],[-97.88324,30.42773],[-97.88521,30.42645],[-97.88741,30.42672],[-97.88848,30.42656],[-97.89219,30.4246],[-97.89366,30.42424],[-97.89581,30.42431],[-97.89629,30.4242],[-97.89815,30.42281],[-97.90384,30.42131],[-97.90577,30.42129],[-97.90749,30.41398],[-97.91303,30.42631],[-97.91546,30.42951],[-97.91998,30.43297],[-97.91994,30.43764],[-97.92319,30.44354],[-97.92434,30.4483],[-97.92614,30.45213],[-97.92657,30.45518],[-97.92603,30.45671],[-97.923,30.46008],[-97.92,30.46226],[-97.91866,30.46308],[-97.91557,30.46407],[-97.91375,30.46457],[-97.91303,30.46442],[-97.91214,30.46457],[-97.91053,30.46551],[-97.90998,30.46628],[-97.90964,30.4674],[-97.91001,30.4692],[-97.91057,30.46954],[-97.91032,30.47276],[-97.90928,30.47241],[-97.90898,30.47249],[-97.90821,30.47399],[-97.90835,30.47452],[-97.90784,30.47444],[-97.90586,30.47585],[-97.90453,30.47582],[-97.90574,30.47782],[-97.90564,30.47892],[-97.90416,30.47865],[-97.90191,30.47869],[-97.90103,30.4796],[-97.90042,30.48099],[-97.90081,30.48192]]]}}]}