{"type":"FeatureCollection","features":[{"type":"Feature","properties":{"PRECINCT":"bell:101","COUNTY":"Bell"},"geometry":{"type":"Polygon","coordinates":[[[-97.52118,31.14056],[-97.51319,31.13148],[-97.51167,31.13027],[-97.51033,31.12818],[-97.50841,31.12617],[-97.50554,31.12457],[-97.50535,31.12379],[-97.49581,31.11844],[-97.49873,31.1168],[-97.47883,31.10664],[-97.47433,31.10546],[-97.47196,31.11171],[-97.47407,31.11342],[-97.47464,31.11336],[-97.47567,31.11367],[-97.47597,31.1145],[-97.47584,31.11493],[-97.47644,31.11588],[-97.47613,31.11593],[-97.4762,31.11607],[-97.46589,31.11341],[-97.46726,31.10949],[-97.46083,31.10447],[-97.46007,31.1041],[-97.45903,31.10223],[-97.45331,31.09641],[-97.45679,31.08729],[-97.45754,31.08379],[-97.46633,31.08663],[-97.46787,31.0875],[-97.46852,31.08673],[-97.47015,31.08273],[-97.47174,31.08004],[-97.46744,31.07581],[-97.4635,31.0699],[-97.46525,31.06913],[-97.46658,31.06574],[-97.46773,31.06605],[-97.46779,31.06695],[-97.46868,31.06717],[-97.46906,31.06635],[-97.47181,31.06774],[-97.4706,31.0684],[-97.46931,31.06977],[-97.46866,31.07151],[-97.46868,31.07251],[-97.47037,31.07251],[-97.4716,31.07192],[-97.47387,31.07182],[-97.47649,31.07116],[-97.47859,31.07113],[-97.4797,31.07025],[-97.48028,31.0704],[-97.48075,31.07107],[-97.48072,31.07187],[-97.47941,31.07326],[-97.47935,31.07386],[-97.48089,31.07675],[-97.48272,31.07914],[-97.4827,31.0808],[-97.48323,31.08148],[-97.4858,31.08122],[-97.48734,31.08175],[-97.48846,31.08172],[-97.49084,31.08303],[-97.49264,31.08312],[-97.49384,31.08224],[-97.49511,31.08219],[-97.49576,31.08175],[-97.49573,31.07869],[-97.4967,31.07708],[-97.49736,31.07679],[-97.49781,31.07683],[-97.49952,31.07748],[-97.50152,31.0777],[-97.50393,31.07623],[-97.50515,31.07491],[-97.50568,31.07472],[-97.50659,31.07485],[-97.50769,31.07583],[-97.50985,31.07668],[-97.51305,31.07881],[-97.51513,31.0793],[-97.51907,31.0775],[-97.52047,31.07732],[-97.52293,31.07649],[-97.52762,31.07671],[-97.52745,31.07552],[-97.52992,31.07519],[-97.53097,31.07529],[-97.53268,31.07608],[-97.53991,31.08237],[-97.5434,31.08356],[-97.54444,31.08411],[-97.54979,31.09164],[-97.55924,31.09119],[-97.56,31.09255],[-97.56168,31.09432],[-97.56239,31.09736],[-97.56343,31.09999],[-97.56124,31.10594],[-97.55516,31.10455],[-97.54521,31.10175],[-97.53859,31.11877],[-97.53337,31.13588],[-97.53264,31.13719],[-97.53171,31.13785],[-97.53158,31.13828],[-97.53124,31.13817],[-97.53106,31.13843],[-97.53083,31.13837],[-97.53047,31.13871],[-97.52732,31.14007],[-97.52647,31.13999],[-97.52475,31.14286],[-97.52256,31.14177],[-97.52118,31.14056]]]}},{"type":"Feature","properties":{"PRECINCT":"bell:102","COUNTY":"Bell"},"geometry":{"type":"Polygon","coordinates":[[[-97.4166,31.08675],[-97.41827,31.08204],[-97.41452,31.08391],[-97.41411,31.08477],[-97.41296,31.08522],[-97.41375,31.08239],[-97.41349,31.08156],[-97.41273,31.08075],[-97.41668,31.07707],[-97.42662,31.06873],[-97.42775,31.068],[-97.4336,31.06289],[-97.43595,31.06117],[-97.43843,31.05988],[-97.44441,31.05793],[-97.44433,31.05759],[-97.44477,31.05744],[-97.44493,31.0583],[-97.44395,31.06026],[-97.44337,31.06248],[-97.44937,31.06285],[-97.45246,31.06348],[-97.45644,31.06506],[-97.4597,31.06707],[-97.46436,31.05483],[-97.46504,31.0563],[-97.465,31.06024],[-97.46534,31.06145],[-97.46597,31.06235],[-97.46719,31.06319],[-97.46839,31.06331],[-97.47032,31.06274],[-97.47147,31.06178],[-97.47192,31.0617],[-97.47287,31.06211],[-97.47384,31.06313],[-97.47428,31.06543],[-97.47303,31.06718],[-97.47191,31.0678],[-97.46906,31.06635],[-97.46868,31.06717],[-97.46779,31.06695],[-97.46773,31.06605],[-97.46658,31.06574],[-97.46525,31.06913],[-97.4635,31.0699],[-97.46744,31.07581],[-97.47174,31.08004],[-97.47015,31.08273],[-97.46841,31.08692],[-97.46787,31.0875],[-97.46633,31.08663],[-97.45754,31.08379],[-97.45679,31.08729],[-97.45185,31.10025],[-97.4391,31.09645],[-97.43963,31.09471],[-97.43945,31.09452],[-97.43171,31.09228],[-97.43195,31.09166],[-97.42697,31.09032],[-97.42718,31.08977],[-97.4166,31.08675]]]}},{"type":"Feature","properties":{"PRECINCT":"bell:103","COUNTY":"Bell"},"geometry":{"type":"Polygon","coordinates":[[[-97.48999,31.08272],[-97.48846,31.08172],[-97.48734,31.08175],[-97.4858,31.08122],[-97.48323,31.08148],[-97.48284,31.0811],[-97.48272,31.07914],[-97.48089,31.07675],[-97.47935,31.07386],[-97.47941,31.07326],[-97.4806,31.07211],[-97.48075,31.0717],[-97.4806,31.07078],[-97.47999,31.0702],[-97.47859,31.07113],[-97.47649,31.07116],[-97.47387,31.07182],[-97.47172,31.07189],[-97.47004,31.07256],[-97.46863,31.07248],[-97.46866,31.07151],[-97.46943,31.06958],[-97.4708,31.06826],[-97.47303,31.06718],[-97.47416,31.06577],[-97.47428,31.06482],[-97.47384,31.06313],[-97.47287,31.06211],[-97.47192,31.0617],[-97.47147,31.06178],[-97.47032,31.06274],[-97.4688,31.06325],[-97.46772,31.06328],[-97.46674,31.063],[-97.46572,31.06205],[-97.46515,31.06094],[-97.46496,31.05966],[-97.46504,31.0563],[-97.46456,31.05501],[-97.46286,31.05411],[-97.45962,31.05417],[-97.45876,31.05391],[-97.45788,31.05328],[-97.45745,31.05219],[-97.45747,31.05199],[-97.45906,31.05109],[-97.46461,31.04816],[-97.46583,31.04723],[-97.46702,31.04587],[-97.47027,31.0396],[-97.47378,31.03061],[-97.47614,31.02577],[-97.48007,31.01938],[-97.49188,31.00171],[-97.49625,31.00697],[-97.49891,31.00876],[-97.50148,31.00998],[-97.50314,31.01171],[-97.5078,31.01452],[-97.50825,31.01549],[-97.50857,31.01721],[-97.51086,31.01932],[-97.5112,31.01996],[-97.51292,31.02134],[-97.51356,31.02166],[-97.51513,31.02125],[-97.51503,31.02144],[-97.51922,31.01972],[-97.52278,31.01936],[-97.52316,31.01861],[-97.52344,31.01855],[-97.52538,31.01902],[-97.5265,31.01892],[-97.52833,31.02062],[-97.5312,31.02219],[-97.52851,31.02756],[-97.52847,31.02853],[-97.52913,31.03156],[-97.52905,31.03278],[-97.52649,31.03734],[-97.52534,31.0384],[-97.51668,31.04246],[-97.51304,31.04444],[-97.51099,31.04748],[-97.5084,31.0501],[-97.50652,31.05462],[-97.51133,31.05544],[-97.51785,31.05577],[-97.53364,31.05544],[-97.52589,31.07563],[-97.52745,31.07552],[-97.52762,31.07671],[-97.52293,31.07649],[-97.52047,31.07732],[-97.51907,31.0775],[-97.51544,31.07926],[-97.51497,31.07929],[-97.51305,31.07881],[-97.50985,31.07668],[-97.50769,31.07583],[-97.50659,31.07485],[-97.50568,31.07472],[-97.50515,31.07491],[-97.50393,31.07623],[-97.50152,31.0777],[-97.49952,31.07748],[-97.49781,31.07683],[-97.49697,31.07691],[-97.49631,31.07754],[-97.49573,31.07869],[-97.49586,31.08158],[-97.49541,31.08205],[-97.49384,31.08224],[-97.49264,31.08312],[-97.49139,31.08315],[-97.48999,31.08272]]]}},{"type":"Feature","properties":{"PRECINCT":"bell:104","COUNTY":"Bell"},"geometry":{"type":"Polygon","coordinates":[[[-97.41818,31.16692],[-97.4314,31.15013],[-97.43353,31.14641],[-97.43575,31.14099],[-97.43723,31.14161],[-97.43899,31.14313],[-97.44527,31.14496],[-97.44794,31.13879],[-97.44506,31.13801],[-97.44669,31.13385],[-97.45302,31.13562],[-97.45329,31.13489],[-97.45624,31.13576],[-97.45652,31.1353],[-97.4577,31.13492],[-97.45755,31.13421],[-97.45973,31.13376],[-97.46054,31.13327],[-97.46121,31.13209],[-97.47089,31.13468],[-97.47102,31.13436],[-97.47319,31.13532],[-97.47438,31.13536],[-97.47568,31.13572],[-97.47633,31.13595],[-97.47643,31.13625],[-97.493,31.14145],[-97.48995,31.14138],[-97.4862,31.1407],[-97.4803,31.13802],[-97.4792,31.13792],[-97.47809,31.13803],[-97.47708,31.13848],[-97.47633,31.13933],[-97.4761,31.14148],[-97.47654,31.14305],[-97.47771,31.14494],[-97.47975,31.14682],[-97.48268,31.1488],[-97.48534,31.14994],[-97.49116,31.15127],[-97.49618,31.1515],[-97.5005,31.15141],[-97.50134,31.15168],[-97.5026,31.15234],[-97.50411,31.15418],[-97.50473,31.15601],[-97.50481,31.15865],[-97.50435,31.16039],[-97.50346,31.1613],[-97.50101,31.16256],[-97.48402,31.16372],[-97.47278,31.16288],[-97.47035,31.16285],[-97.46734,31.16325],[-97.46439,31.16279],[-97.46119,31.16102],[-97.4605,31.16091],[-97.45985,31.16137],[-97.4592,31.16236],[-97.45735,31.16609],[-97.45582,31.16623],[-97.4551,31.1658],[-97.45368,31.16566],[-97.45191,31.16611],[-97.45077,31.16676],[-97.44955,31.1668],[-97.4469,31.16624],[-97.44317,31.16721],[-97.44216,31.16664],[-97.4421,31.16563],[-97.44131,31.16438],[-97.43998,31.16439],[-97.43835,31.16553],[-97.43751,31.16573],[-97.43631,31.16515],[-97.43581,31.16365],[-97.43514,31.16311],[-97.43346,31.16319],[-97.43236,31.16428],[-97.43143,31.1646],[-97.43034,31.16442],[-97.42888,31.16339],[-97.42784,31.16318],[-97.42614,31.16397],[-97.42494,31.16386],[-97.42366,31.16416],[-97.42245,31.16396],[-97.42078,31.16618],[-97.41943,31.1668],[-97.4189,31.16873],[-97.41898,31.16948],[-97.41872,31.16986],[-97.41664,31.17113],[-97.41613,31.1711],[-97.41574,31.17076],[-97.41818,31.16692]]]}},{"type":"Feature","properties":{"PRECINCT":"bell:105","COUNTY":"Bell"},"geometry":{"type":"Polygon","coordinates":[[[-97.33954,31.0304],[-97.33444,31.02878],[-97.33581,31.01947],[-97.33187,31.01838],[-97.33303,31.01541],[-97.32433,31.01311],[-97.32581,31.00441],[-97.32629,30.99396],[-97.31509,30.99094],[-97.3201,30.97736],[-97.32149,30.97554],[-97.32225,30.97352],[-97.32033,30.96932],[-97.31637,30.96867],[-97.31823,30.9636],[-97.31813,30.96219],[-97.31703,30.95716],[-97.31563,30.95587],[-97.31413,30.9536],[-97.31235,30.94752],[-97.31354,30.94741],[-97.31387,30.94688],[-97.3158,30.94607],[-97.31636,30.94611],[-97.31582,30.94673],[-97.31705,30.94764],[-97.31737,30.9485],[-97.31739,30.94954],[-97.31821,30.95061],[-97.31975,30.9517],[-97.3212,30.95204],[-97.32346,30.95132],[-97.32518,30.95122],[-97.32636,30.95136],[-97.32758,30.95188],[-97.33049,30.9536],[-97.33103,30.95445],[-97.33086,30.95487],[-97.32936,30.95566],[-97.3293,30.95629],[-97.33016,30.95682],[-97.33222,30.95724],[-97.33343,30.95881],[-97.33409,30.95928],[-97.33532,30.95946],[-97.33591,30.95929],[-97.33618,30.95891],[-97.33484,30.95765],[-97.33469,30.95673],[-97.33429,30.95611],[-97.33435,30.95545],[-97.33514,30.95508],[-97.33722,30.95539],[-97.33989,30.9571],[-97.34029,30.9576],[-97.34015,30.95808],[-97.33886,30.9588],[-97.33858,30.95959],[-97.33868,30.96036],[-97.34171,30.96201],[-97.34237,30.96296],[-97.34295,30.96463],[-97.34363,30.96548],[-97.34671,30.96704],[-97.34726,30.9669],[-97.34775,30.96646],[-97.34907,30.9632],[-97.35057,30.96058],[-97.35129,30.95985],[-97.35186,30.95974],[-97.35359,30.96082],[-97.35393,30.96035],[-97.35408,30.95944],[-97.35559,30.95843],[-97.36019,30.95758],[-97.36658,30.95599],[-97.36813,30.95462],[-97.36943,30.95425],[-97.36998,30.95353],[-97.3703,30.952],[-97.37166,30.95012],[-97.37267,30.94813],[-97.37304,30.94788],[-97.374,30.9479],[-97.37531,30.94836],[-97.37626,30.94894],[-97.3771,30.94983],[-97.37909,30.95069],[-97.38006,30.95171],[-97.38078,30.95348],[-97.38213,30.95408],[-97.38289,30.95637],[-97.38439,30.95942],[-97.3859,30.96108],[-97.3864,30.96225],[-97.38695,30.96262],[-97.38801,30.96284],[-97.38846,30.96321],[-97.38869,30.96512],[-97.38984,30.96753],[-97.39035,30.96936],[-97.39127,30.97047],[-97.3919,30.97176],[-97.3921,30.97321],[-97.39333,30.97573],[-97.39513,30.9754],[-97.39668,30.97581],[-97.39807,30.97561],[-97.39859,30.97587],[-97.40026,30.97835],[-97.40132,30.9808],[-97.40237,30.98215],[-97.40131,30.98267],[-97.4013,30.98316],[-97.40233,30.98416],[-97.40275,30.98428],[-97.4023,30.98425],[-97.40055,30.98608],[-97.39945,30.98742],[-97.39817,30.98989],[-97.39729,30.9908],[-97.39346,30.9934],[-97.39272,30.99454],[-97.39235,30.99564],[-97.38925,30.99877],[-97.38552,31.00402],[-97.38443,31.00612],[-97.38271,31.01046],[-97.38244,31.01338],[-97.3827,31.01665],[-97.38121,31.01721],[-97.38113,31.0182],[-97.38036,31.01976],[-97.38007,31.02128],[-97.38032,31.02446],[-97.37679,31.03309],[-97.36549,31.03036],[-97.3654,31.03057],[-97.36316,31.03024],[-97.36213,31.03033],[-97.36199,31.03116],[-97.35261,31.03305],[-97.35027,31.03324],[-97.3491,31.03308],[-97.34502,31.03191],[-97.34189,31.03074],[-97.33954,31.0304]]]}},{"type":"Feature","properties":{"PRECINCT":"bell:107","COUNTY":"Bell"},"geometry":{"type":"Polygon","coordinates":[[[-97.46989,30.85068],[-97.45933,30.84787],[-97.45905,30.84843],[-97.4587,30.84853],[-97.44901,30.8459],[-97.44853,30.84721],[-97.43485,30.84346],[-97.4342,30.84325],[-97.43451,30.84239],[-97.41922,30.83814],[-97.41899,30.83831],[-97.41777,30.84213],[-97.41653,30.84211],[-97.41528,30.8457],[-97.40568,30.84302],[-97.40723,30.83893],[-97.40666,30.83893],[-97.39873,30.83637],[-97.3918,30.83519],[-97.38681,30.83562],[-97.38196,30.83805],[-97.38142,30.83788],[-97.38127,30.83728],[-97.37861,30.83706],[-97.378,30.83672],[-97.3774,30.83679],[-97.37743,30.83713],[-97.37717,30.83724],[-97.37636,30.83709],[-97.37517,30.83745],[-97.37458,30.83715],[-97.37456,30.83763],[-97.37416,30.83779],[-97.37386,30.83728],[-97.37331,30.83771],[-97.37277,30.83761],[-97.37254,30.83728],[-97.3721,30.83785],[-97.37154,30.83753],[-97.36776,30.8382],[-97.36579,30.83825],[-97.3633,30.83757],[-97.36312,30.83767],[-97.36355,30.8386],[-97.36284,30.83892],[-97.35888,30.83783],[-97.35766,30.83899],[-97.35795,30.83931],[-97.35761,30.83976],[-97.34405,30.8359],[-97.34373,30.83614],[-97.34241,30.83947],[-97.34211,30.83919],[-97.34166,30.83918],[-97.34153,30.83828],[-97.3412,30.83787],[-97.34079,30.83794],[-97.33897,30.83689],[-97.33818,30.8368],[-97.33642,30.83716],[-97.3325,30.83668],[-97.33204,30.83697],[-97.332,30.83734],[-97.33031,30.83708],[-97.32843,30.83498],[-97.32822,30.83418],[-97.32784,30.83395],[-97.32763,30.83344],[-97.32661,30.83349],[-97.32606,30.83414],[-97.3252,30.83394],[-97.3253,30.8335],[-97.32556,30.83342],[-97.32508,30.8322],[-97.32437,30.83224],[-97.32301,30.83322],[-97.32185,30.83334],[-97.32106,30.83292],[-97.32093,30.83246],[-97.32061,30.83254],[-97.32001,30.83221],[-97.32016,30.83152],[-97.32062,30.83111],[-97.32054,30.83082],[-97.31884,30.83077],[-97.31839,30.83099],[-97.31781,30.83022],[-97.31733,30.83061],[-97.31699,30.83008],[-97.31654,30.8306],[-97.31606,30.8304],[-97.31619,30.83001],[-97.31594,30.8296],[-97.31516,30.82961],[-97.31486,30.82881],[-97.31405,30.82857],[-97.31357,30.82784],[-97.31281,30.82734],[-97.31252,30.82675],[-97.31199,30.8267],[-97.31189,30.82694],[-97.31227,30.82738],[-97.31161,30.82758],[-97.31069,30.82695],[-97.31066,30.8265],[-97.31006,30.82638],[-97.309,30.8252],[-97.30849,30.8254],[-97.308,30.82522],[-97.3074,30.82566],[-97.30681,30.82524],[-97.30676,30.82494],[-97.30553,30.82463],[-97.30493,30.82523],[-97.3041,30.82498],[-97.30369,30.82425],[-97.30402,30.82387],[-97.30388,30.82322],[-97.30361,30.82315],[-97.30352,30.82354],[-97.30324,30.82363],[-97.3028,30.82312],[-97.30291,30.82275],[-97.3035,30.8226],[-97.30305,30.82219],[-97.30212,30.82209],[-97.30183,30.82164],[-97.30133,30.82163],[-97.30057,30.82121],[-97.2997,30.82121],[-97.29876,30.82166],[-97.29807,30.82173],[-97.29495,30.82024],[-97.29444,30.81978],[-97.2937,30.81959],[-97.29318,30.81909],[-97.29203,30.81885],[-97.29175,30.81761],[-97.29009,30.81631],[-97.28949,30.81629],[-97.30083,30.78897],[-97.31548,30.75236],[-97.37384,30.77428],[-97.37537,30.77531],[-97.51307,30.82771],[-97.51032,30.83493],[-97.48759,30.82861],[-97.48481,30.8362],[-97.49387,30.83884],[-97.49432,30.83924],[-97.48643,30.86032],[-97.46854,30.85531],[-97.46838,30.85508],[-97.46992,30.85113],[-97.46989,30.85068]]]}},{"type":"Feature","properties":{"PRECINCT":"bell:108","COUNTY":"Bell"},"geometry":{"type":"Polygon","coordinates":[[[-97.40275,30.98428],[-97.40233,30.98416],[-97.4013,30.98316],[-97.40131,30.98267],[-97.40237,30.98215],[-97.40132,30.9808],[-97.40026,30.97835],[-97.39859,30.97587],[-97.39807,30.97561],[-97.39668,30.97581],[-97.39513,30.9754],[-97.39333,30.97573],[-97.3921,30.97321],[-97.3919,30.97176],[-97.39127,30.97047],[-97.39035,30.96936],[-97.38984,30.96753],[-97.38869,30.96512],[-97.38841,30.96313],[-97.3864,30.96225],[-97.3859,30.96108],[-97.38418,30.95907],[-97.38289,30.95637],[-97.38223,30.95424],[-97.38078,30.95348],[-97.3798,30.95134],[-97.37868,30.95044],[-97.3771,30.94983],[-97.37626,30.94894],[-97.37531,30.94836],[-97.374,30.9479],[-97.37284,30.94797],[-97.3703,30.952],[-97.36981,30.95382],[-97.36943,30.95425],[-97.36813,30.95462],[-97.36658,30.95599],[-97.36019,30.95758],[-97.35559,30.95843],[-97.35408,30.95944],[-97.35393,30.96035],[-97.35359,30.96082],[-97.35186,30.95974],[-97.35129,30.95985],[-97.35057,30.96058],[-97.34907,30.9632],[-97.34775,30.96646],[-97.34688,30.96703],[-97.34363,30.96548],[-97.34295,30.96463],[-97.34237,30.96296],[-97.34171,30.96201],[-97.33868,30.96036],[-97.33858,30.95959],[-97.33886,30.9588],[-97.34015,30.95808],[-97.34029,30.9576],[-97.33989,30.9571],[-97.33722,30.95539],[-97.33514,30.95508],[-97.33435,30.95545],[-97.33429,30.95611],[-97.33469,30.95673],[-97.33484,30.95765],[-97.33618,30.95891],[-97.33591,30.95929],[-97.33532,30.95946],[-97.33409,30.95928],[-97.33343,30.95881],[-97.33222,30.95724],[-97.33016,30.95682],[-97.3293,30.95629],[-97.32936,30.95566],[-97.33086,30.95487],[-97.33103,30.95445],[-97.33049,30.9536],[-97.32758,30.95188],[-97.32636,30.95136],[-97.32437,30.95123],[-97.32104,30.95204],[-97.31975,30.9517],[-97.31874,30.95104],[-97.31739,30.94954],[-97.31737,30.9485],[-97.31705,30.94764],[-97.31585,30.94678],[-97.31585,30.94657],[-97.31872,30.94399],[-97.32058,30.94284],[-97.32347,30.9428],[-97.32511,30.94257],[-97.32695,30.94265],[-97.3297,30.94131],[-97.33027,30.94089],[-97.33077,30.93982],[-97.33025,30.93916],[-97.32823,30.93885],[-97.32757,30.93912],[-97.32703,30.94001],[-97.32615,30.94015],[-97.32433,30.93908],[-97.32218,30.93682],[-97.32224,30.93642],[-97.32258,30.93616],[-97.32715,30.93417],[-97.32764,30.93369],[-97.32807,30.93257],[-97.32772,30.93201],[-97.32509,30.93173],[-97.32294,30.93034],[-97.32105,30.93069],[-97.3202,30.92985],[-97.32019,30.92935],[-97.32086,30.92853],[-97.32257,30.92776],[-97.32346,30.9278],[-97.32372,30.92803],[-97.32393,30.92909],[-97.32467,30.92934],[-97.32544,30.92908],[-97.32584,30.92818],[-97.32702,30.92747],[-97.32692,30.92704],[-97.3256,30.92642],[-97.32505,30.92465],[-97.32479,30.92448],[-97.324,30.92457],[-97.32219,30.92599],[-97.32032,30.92627],[-97.31869,30.92434],[-97.31863,30.92374],[-97.31919,30.92329],[-97.32028,30.92355],[-97.32118,30.92331],[-97.32195,30.92276],[-97.32204,30.92234],[-97.32067,30.92156],[-97.31668,30.92118],[-97.31395,30.92065],[-97.31337,30.92022],[-97.31374,30.91954],[-97.31571,30.91829],[-97.31639,30.91823],[-97.31751,30.91859],[-97.31804,30.91831],[-97.3192,30.91642],[-97.31925,30.91472],[-97.32035,30.91366],[-97.32163,30.91356],[-97.32264,30.91446],[-97.32341,30.9146],[-97.32451,30.91428],[-97.32572,30.91314],[-97.3256,30.91191],[-97.32384,30.91138],[-97.32344,30.91006],[-97.32283,30.90942],[-97.32084,30.90911],[-97.32016,30.90857],[-97.32041,30.90805],[-97.32261,30.90695],[-97.32304,30.90645],[-97.32236,30.90535],[-97.32073,30.90358],[-97.32081,30.90281],[-97.32212,30.90194],[-97.3222,30.90157],[-97.32199,30.901],[-97.32061,30.89962],[-97.3201,30.89869],[-97.32011,30.8979],[-97.32061,30.89704],[-97.32058,30.89668],[-97.3182,30.89601],[-97.3169,30.89536],[-97.31642,30.89487],[-97.3159,30.89324],[-97.31547,30.89298],[-97.3141,30.89422],[-97.31349,30.89445],[-97.31302,30.89423],[-97.31266,30.89342],[-97.31178,30.89289],[-97.3112,30.89292],[-97.3103,30.89364],[-97.30965,30.89371],[-97.30873,30.89346],[-97.30829,30.89273],[-97.30863,30.89098],[-97.30818,30.89042],[-97.30593,30.89079],[-97.30479,30.89214],[-97.30442,30.89213],[-97.30183,30.88994],[-97.30201,30.88932],[-97.30248,30.88892],[-97.30411,30.88852],[-97.30637,30.88943],[-97.30845,30.88954],[-97.3096,30.88922],[-97.3102,30.88879],[-97.3107,30.88797],[-97.31045,30.88701],[-97.30952,30.88635],[-97.30932,30.88569],[-97.30919,30.88459],[-97.30945,30.88278],[-97.30903,30.88217],[-97.30648,30.88061],[-97.3059,30.88046],[-97.30511,30.88068],[-97.30381,30.88175],[-97.30007,30.88131],[-97.29698,30.88234],[-97.29566,30.88226],[-97.29464,30.88103],[-97.29444,30.88033],[-97.29498,30.87951],[-97.29619,30.87844],[-97.29603,30.87764],[-97.29507,30.87748],[-97.29109,30.87831],[-97.28922,30.87732],[-97.28732,30.87438],[-97.28434,30.8727],[-97.28406,30.87215],[-97.28449,30.87065],[-97.28509,30.86983],[-97.285,30.86927],[-97.28454,30.86905],[-97.28343,30.8692],[-97.28282,30.86901],[-97.28176,30.86691],[-97.27985,30.86721],[-97.27977,30.86642],[-97.28006,30.86577],[-97.27976,30.86503],[-97.27925,30.86481],[-97.27847,30.86484],[-97.27734,30.86401],[-97.27669,30.86416],[-97.27591,30.86667],[-97.27703,30.86895],[-97.27612,30.86952],[-97.27235,30.87048],[-97.27143,30.87319],[-97.27152,30.87474],[-97.26981,30.87775],[-97.26918,30.87827],[-97.2685,30.87831],[-97.26811,30.87692],[-97.26744,30.87578],[-97.26622,30.87486],[-97.2651,30.87494],[-97.26933,30.86431],[-97.27324,30.85548],[-97.28949,30.81629],[-97.29009,30.81631],[-97.29175,30.81761],[-97.29203,30.81885],[-97.29318,30.81909],[-97.2937,30.81959],[-97.29444,30.81978],[-97.29495,30.82024],[-97.29772,30.82159],[-97.29843,30.82173],[-97.2997,30.82121],[-97.30057,30.82121],[-97.30133,30.82163],[-97.30183,30.82164],[-97.30212,30.82209],[-97.30305,30.82219],[-97.3035,30.8226],[-97.30291,30.82275],[-97.3028,30.82312],[-97.30324,30.82363],[-97.30352,30.82354],[-97.30361,30.82315],[-97.30388,30.82322],[-97.30402,30.82387],[-97.30369,30.82425],[-97.3041,30.82498],[-97.30493,30.82523],[-97.30553,30.82463],[-97.30676,30.82494],[-97.30681,30.82524],[-97.3074,30.82566],[-97.308,30.82522],[-97.30849,30.8254],[-97.309,30.8252],[-97.31006,30.82638],[-97.31066,30.8265],[-97.31069,30.82695],[-97.31161,30.82758],[-97.31227,30.82738],[-97.31189,30.82694],[-97.31199,30.8267],[-97.3126,30.82679],[-97.31281,30.82734],[-97.31357,30.82784],[-97.31405,30.82857],[-97.31486,30.82881],[-97.31516,30.82961],[-97.31594,30.8296],[-97.31619,30.83001],[-97.31606,30.8304],[-97.31654,30.8306],[-97.31699,30.83008],[-97.31733,30.83061],[-97.31781,30.83022],[-97.31839,30.83099],[-97.31884,30.83077],[-97.32045,30.83076],[-97.32062,30.83111],[-97.32016,30.83152],[-97.31999,30.83217],[-97.32061,30.83254],[-97.32093,30.83246],[-97.32106,30.83292],[-97.32164,30.83325],[-97.32228,30.83341],[-97.32301,30.83322],[-97.32437,30.83224],[-97.32487,30.83218],[-97.32546,30.83277],[-97.32534,30.83314],[-97.32556,30.83342],[-97.32514,30.83379],[-97.32528,30.834],[-97.32606,30.83414],[-97.32661,30.83349],[-97.32763,30.83344],[-97.32784,30.83395],[-97.32822,30.83418],[-97.32843,30.83498],[-97.3298,30.83632],[-97.32991,30.83682],[-97.33125,30.83736],[-97.332,30.83734],[-97.33204,30.83697],[-97.3325,30.83668],[-97.33642,30.83716],[-97.33818,30.8368],[-97.33897,30.83689],[-97.34079,30.83794],[-97.3412,30.83787],[-97.34153,30.83828],[-97.34166,30.83918],[-97.34211,30.83919],[-97.34241,30.83947],[-97.34373,30.83614],[-97.34405,30.8359],[-97.35761,30.83976],[-97.35795,30.83931],[-97.35766,30.83899],[-97.35888,30.83783],[-97.36284,30.83892],[-97.36355,30.8386],[-97.36312,30.83767],[-97.3633,30.83757],[-97.36579,30.83825],[-97.36776,30.8382],[-97.37154,30.83753],[-97.3721,30.83785],[-97.37254,30.83728],[-97.37277,30.83761],[-97.37331,30.83771],[-97.37386,30.83728],[-97.37416,30.83779],[-97.37456,30.83763],[-97.37458,30.83715],[-97.37517,30.83745],[-97.37636,30.83709],[-97.37717,30.83724],[-97.37743,30.83713],[-97.3774,30.83679],[-97.378,30.83672],[-97.37861,30.83706],[-97.38127,30.83728],[-97.38142,30.83788],[-97.38196,30.83805],[-97.38681,30.83562],[-97.3918,30.83519],[-97.39873,30.83637],[-97.40666,30.83893],[-97.40723,30.83893],[-97.40568,30.84302],[-97.41528,30.8457],[-97.41653,30.84211],[-97.41777,30.84213],[-97.41899,30.83831],[-97.41922,30.83814],[-97.43451,30.84239],[-97.4342,30.84325],[-97.43485,30.84346],[-97.44853,30.84721],[-97.44901,30.8459],[-97.4587,30.84853],[-97.45905,30.84843],[-97.45933,30.84787],[-97.45973,30.84784],[-97.46995,30.85075],[-97.46838,30.85514],[-97.47123,30.85609],[-97.47005,30.85927],[-97.46764,30.86454],[-97.46321,30.87621],[-97.46137,30.87767],[-97.45281,30.87559],[-97.45097,30.87502],[-97.44846,30.87375],[-97.44736,30.87372],[-97.44598,30.87404],[-97.43971,30.89008],[-97.43928,30.89173],[-97.42651,30.92324],[-97.42631,30.92256],[-97.42113,30.93668],[-97.42058,30.93761],[-97.42014,30.9394],[-97.41411,30.9558],[-97.41316,30.95732],[-97.40664,30.97362],[-97.40767,30.97911],[-97.4065,30.98058],[-97.40526,30.98288],[-97.40527,30.98372],[-97.40275,30.98428]]]}},{"type":"Feature","properties":{"PRECINCT":"bell:110","COUNTY":"Bell"},"geometry":{"type":"Polygon","coordinates":[[[-97.56752,31.24112],[-97.56603,31.24115],[-97.56407,31.24062],[-97.56317,31.23999],[-97.56265,31.2377],[-97.56218,31.23703],[-97.56032,31.23717],[-97.55803,31.23695],[-97.5569,31.2363],[-97.55644,31.23574],[-97.55567,31.23362],[-97.55486,31.23354],[-97.55461,31.23393],[-97.55154,31.23366],[-97.5508,31.23303],[-97.54917,31.23228],[-97.54843,31.23065],[-97.5468,31.22992],[-97.54603,31.23029],[-97.54309,31.23038],[-97.53958,31.22999],[-97.53667,31.22894],[-97.53469,31.22726],[-97.53301,31.22712],[-97.5319,31.22735],[-97.53077,31.22648],[-97.52863,31.22639],[-97.52762,31.22607],[-97.5247,31.22709],[-97.52259,31.22715],[-97.5227,31.22692],[-97.52207,31.22633],[-97.52193,31.22643],[-97.52008,31.22532],[-97.52027,31.22271],[-97.51931,31.22144],[-97.51913,31.22003],[-97.5177,31.21606],[-97.51786,31.21456],[-97.51865,31.21215],[-97.51783,31.21202],[-97.51788,31.2111],[-97.51662,31.21105],[-97.51636,31.21059],[-97.51675,31.21031],[-97.52003,31.21025],[-97.5203,31.21],[-97.52075,31.21009],[-97.52149,31.20976],[-97.52267,31.20965],[-97.52404,31.20981],[-97.52474,31.20963],[-97.52643,31.20994],[-97.52759,31.20985],[-97.52595,31.20976],[-97.52488,31.20937],[-97.52325,31.2093],[-97.52291,31.20898],[-97.52348,31.20889],[-97.52373,31.20849],[-97.52309,31.20793],[-97.52211,31.20788],[-97.52062,31.20829],[-97.51922,31.20824],[-97.51893,31.20795],[-97.51886,31.20839],[-97.51858,31.20852],[-97.51734,31.20851],[-97.51654,31.20828],[-97.51542,31.20872],[-97.51468,31.20872],[-97.51391,31.20817],[-97.5139,31.20726],[-97.51317,31.20689],[-97.51274,31.20573],[-97.51056,31.20474],[-97.5109,31.20254],[-97.51125,31.2021],[-97.51189,31.20183],[-97.51266,31.20189],[-97.51317,31.20236],[-97.51368,31.20191],[-97.51501,31.20172],[-97.51329,31.20138],[-97.51308,31.20089],[-97.51368,31.19964],[-97.51451,31.19914],[-97.51455,31.19876],[-97.51377,31.19881],[-97.51288,31.19791],[-97.51144,31.19568],[-97.51148,31.19536],[-97.51195,31.19514],[-97.51119,31.19452],[-97.51113,31.19357],[-97.5125,31.19327],[-97.51106,31.19279],[-97.51029,31.19196],[-97.50896,31.19119],[-97.5082,31.19026],[-97.50789,31.18895],[-97.50851,31.18808],[-97.50889,31.18821],[-97.50884,31.1878],[-97.50839,31.18782],[-97.50826,31.18747],[-97.51094,31.18626],[-97.51122,31.18632],[-97.51152,31.1869],[-97.51279,31.18791],[-97.51318,31.18797],[-97.51332,31.18763],[-97.51258,31.18614],[-97.51318,31.18546],[-97.51288,31.18553],[-97.51233,31.18526],[-97.50951,31.18523],[-97.50875,31.18478],[-97.5083,31.18312],[-97.50852,31.18255],[-97.50797,31.18197],[-97.50784,31.18049],[-97.50918,31.17986],[-97.50833,31.17991],[-97.50742,31.17964],[-97.50702,31.17885],[-97.50723,31.17835],[-97.50677,31.17823],[-97.50611,31.17726],[-97.50563,31.17593],[-97.50567,31.17481],[-97.50695,31.17451],[-97.50621,31.1741],[-97.50644,31.17389],[-97.50636,31.1736],[-97.50466,31.17323],[-97.50283,31.17127],[-97.50024,31.16981],[-97.49808,31.16973],[-97.49332,31.17048],[-97.49129,31.17123],[-97.49043,31.17115],[-97.4872,31.17304],[-97.48678,31.17303],[-97.48638,31.17213],[-97.48609,31.17238],[-97.4858,31.17352],[-97.4841,31.17468],[-97.4838,31.17443],[-97.48375,31.17296],[-97.48401,31.17245],[-97.48359,31.17279],[-97.48307,31.17252],[-97.48343,31.17329],[-97.48276,31.17519],[-97.48185,31.17543],[-97.48142,31.17521],[-97.48113,31.17557],[-97.48049,31.1756],[-97.47984,31.17493],[-97.47974,31.17394],[-97.47924,31.175],[-97.47928,31.17601],[-97.47897,31.17629],[-97.47828,31.17616],[-97.47822,31.17696],[-97.47768,31.17639],[-97.47762,31.17584],[-97.47718,31.17582],[-97.47685,31.17611],[-97.47472,31.17572],[-97.47371,31.17518],[-97.47355,31.17487],[-97.47425,31.17347],[-97.47293,31.17464],[-97.47252,31.17459],[-97.47178,31.17381],[-97.4699,31.175],[-97.46691,31.16923],[-97.46652,31.16618],[-97.4669,31.16322],[-97.47035,31.16285],[-97.47278,31.16288],[-97.48402,31.16372],[-97.4986,31.16284],[-97.50101,31.16256],[-97.50346,31.1613],[-97.50435,31.16039],[-97.50481,31.15865],[-97.50473,31.15601],[-97.50411,31.15418],[-97.5026,31.15234],[-97.5005,31.15141],[-97.49618,31.1515],[-97.49116,31.15127],[-97.48534,31.14994],[-97.48268,31.1488],[-97.4797,31.14677],[-97.47771,31.14494],[-97.47654,31.14305],[-97.4761,31.14148],[-97.47633,31.13933],[-97.47708,31.13848],[-97.47809,31.13803],[-97.4792,31.13792],[-97.4803,31.13802],[-97.4862,31.1407],[-97.49121,31.14149],[-97.49418,31.14143],[-97.49887,31.14051],[-97.50066,31.14002],[-97.50202,31.13934],[-97.5029,31.13878],[-97.5039,31.13757],[-97.50447,31.13618],[-97.50477,31.13409],[-97.50489,31.12398],[-97.50535,31.12379],[-97.50554,31.12457],[-97.50841,31.12617],[-97.51033,31.12818],[-97.51167,31.13027],[-97.51319,31.13148],[-97.52118,31.14056],[-97.52256,31.14177],[-97.52369,31.14241],[-97.52475,31.14286],[-97.52647,31.13999],[-97.52732,31.14007],[-97.53047,31.13871],[-97.53083,31.13837],[-97.53106,31.13843],[-97.53124,31.13817],[-97.53158,31.13828],[-97.53171,31.13785],[-97.53264,31.13719],[-97.53337,31.13588],[-97.53786,31.12084],[-97.54521,31.10175],[-97.55516,31.10455],[-97.56124,31.10594],[-97.58719,31.11316],[-97.59629,31.11588],[-97.59853,31.11438],[-97.60046,31.1151],[-97.608,31.11443],[-97.60859,31.11415],[-97.61774,31.11884],[-97.61967,31.11939],[-97.62006,31.11839],[-97.62075,31.1185],[-97.62986,31.12089],[-97.63357,31.11119],[-97.63888,31.11278],[-97.63818,31.11528],[-97.64819,31.11818],[-97.65545,31.12055],[-97.6539,31.12423],[-97.66356,31.12698],[-97.66393,31.12742],[-97.66511,31.12783],[-97.66764,31.13053],[-97.66898,31.13099],[-97.67184,31.13327],[-97.68432,31.13678],[-97.68447,31.13704],[-97.68885,31.13822],[-97.6889,31.13808],[-97.69787,31.14104],[-97.69885,31.13853],[-97.70267,31.13962],[-97.70305,31.13949],[-97.70601,31.13182],[-97.70634,31.12953],[-97.7069,31.1278],[-97.72086,31.13178],[-97.72805,31.13371],[-97.72809,31.13357],[-97.73549,31.13581],[-97.73656,31.13287],[-97.73633,31.13245],[-97.73757,31.12916],[-97.73976,31.12973],[-97.74291,31.12125],[-97.74336,31.1208],[-97.74622,31.11326],[-97.749,31.11401],[-97.75041,31.11024],[-97.75823,31.11231],[-97.76042,31.11309],[-97.76259,31.11455],[-97.76572,31.11787],[-97.76706,31.11881],[-97.76939,31.11984],[-97.776,31.1221],[-97.78799,31.12246],[-97.79887,31.12172],[-97.8044,31.12209],[-97.77955,31.13529],[-97.74157,31.15451],[-97.67704,31.18767],[-97.63798,31.20819],[-97.61888,31.21746],[-97.57034,31.24236],[-97.56963,31.24167],[-97.56752,31.24112]]]}},{"type":"Feature","properties":{"PRECINCT":"bell:111","COUNTY":"Bell"},"geometry":{"type":"Polygon","coordinates":[[[-97.63683,31.08375],[-97.63431,31.08356],[-97.62547,31.08209],[-97.61818,31.08037],[-97.5833,31.06893],[-97.56228,31.0601],[-97.56091,31.05932],[-97.55736,31.05668],[-97.55469,31.05561],[-97.55291,31.05533],[-97.54856,31.05531],[-97.53353,31.05573],[-97.53364,31.05544],[-97.51785,31.05577],[-97.51013,31.0553],[-97.50652,31.05462],[-97.50664,31.05419],[-97.5084,31.0501],[-97.51099,31.04748],[-97.51304,31.04444],[-97.51668,31.04246],[-97.52534,31.0384],[-97.52649,31.03734],[-97.52911,31.03258],[-97.52913,31.03156],[-97.52847,31.02853],[-97.52858,31.02732],[-97.53274,31.01927],[-97.5334,31.01954],[-97.53174,31.02261],[-97.53485,31.0252],[-97.53657,31.02556],[-97.54064,31.02551],[-97.54315,31.02469],[-97.54662,31.0227],[-97.54828,31.02052],[-97.54976,31.0181],[-97.55015,31.01692],[-97.5534,31.01791],[-97.56181,31.02221],[-97.56349,31.02219],[-97.56526,31.02146],[-97.56808,31.01972],[-97.57099,31.01759],[-97.57286,31.01564],[-97.57894,31.01282],[-97.58242,31.01315],[-97.58479,31.01535],[-97.59052,31.02232],[-97.59314,31.02429],[-97.59456,31.02504],[-97.59503,31.02504],[-97.59705,31.0242],[-97.60239,31.0202],[-97.6041,31.01671],[-97.60494,31.01393],[-97.60615,31.01212],[-97.60771,31.01117],[-97.60772,31.0155],[-97.60825,31.01656],[-97.60805,31.01794],[-97.60696,31.02157],[-97.60407,31.02488],[-97.60439,31.02555],[-97.60438,31.02762],[-97.60459,31.02812],[-97.60777,31.02972],[-97.60836,31.03068],[-97.60844,31.03184],[-97.61279,31.03097],[-97.61616,31.03083],[-97.6185,31.03151],[-97.61993,31.03268],[-97.62198,31.0336],[-97.62955,31.04122],[-97.63257,31.04312],[-97.63449,31.04606],[-97.63485,31.04781],[-97.63352,31.05197],[-97.63188,31.0519],[-97.62574,31.06842],[-97.62537,31.07057],[-97.62353,31.0754],[-97.63572,31.07887],[-97.63647,31.08005],[-97.63783,31.08113],[-97.64291,31.0827],[-97.63977,31.08355],[-97.63683,31.08375]]]}},{"type":"Feature","properties":{"PRECINCT":"bell:113","COUNTY":"Bell"},"geometry":{"type":"Polygon","coordinates":[[[-97.41187,31.06389],[-97.41621,31.05661],[-97.41508,31.05557],[-97.41469,31.05457],[-97.4145,31.05302],[-97.41475,31.05175],[-97.41597,31.0511],[-97.41661,31.05136],[-97.41819,31.05123],[-97.42013,31.05007],[-97.42174,31.04992],[-97.42381,31.05014],[-97.42597,31.04942],[-97.42715,31.04857],[-97.42853,31.04632],[-97.42915,31.04571],[-97.43105,31.04612],[-97.4321,31.04609],[-97.43355,31.04438],[-97.4168,31.04007],[-97.41556,31.03992],[-97.41219,31.04019],[-97.40945,31.03949],[-97.40924,31.03967],[-97.4071,31.03887],[-97.40698,31.03922],[-97.40168,31.03809],[-97.39636,31.03653],[-97.39597,31.03739],[-97.39432,31.037],[-97.39409,31.03759],[-97.38938,31.03661],[-97.3851,31.03504],[-97.3812,31.03517],[-97.37643,31.03402],[-97.38027,31.02465],[-97.38038,31.02367],[-97.38007,31.02128],[-97.38036,31.01976],[-97.38113,31.0182],[-97.38121,31.01721],[-97.3827,31.01665],[-97.38244,31.01338],[-97.38271,31.01046],[-97.38443,31.00612],[-97.38552,31.00402],[-97.38816,31.00017],[-97.39235,30.99564],[-97.39272,30.99454],[-97.39346,30.9934],[-97.3969,30.99112],[-97.39817,30.98989],[-97.39945,30.98742],[-97.4023,30.98425],[-97.40527,30.98372],[-97.40526,30.98288],[-97.4065,30.98058],[-97.40767,30.97911],[-97.40762,30.97801],[-97.40659,30.97384],[-97.40995,30.96538],[-97.41979,30.96801],[-97.41821,30.97237],[-97.41897,30.97208],[-97.42033,30.97193],[-97.42095,30.97111],[-97.42157,30.97129],[-97.42211,30.97186],[-97.42167,30.97314],[-97.42166,30.97398],[-97.42215,30.9743],[-97.42446,30.97488],[-97.42595,30.97606],[-97.42631,30.97568],[-97.42674,30.97378],[-97.42575,30.971],[-97.42624,30.97049],[-97.42699,30.97017],[-97.43195,30.97026],[-97.43321,30.97011],[-97.4357,30.97059],[-97.43775,30.97065],[-97.43991,30.97022],[-97.44199,30.96897],[-97.44367,30.96864],[-97.44797,30.96924],[-97.45056,30.97089],[-97.45242,30.97092],[-97.45364,30.97015],[-97.45438,30.96929],[-97.45497,30.96744],[-97.45506,30.96589],[-97.45597,30.96527],[-97.45736,30.96481],[-97.45822,30.96392],[-97.45913,30.96384],[-97.4599,30.96408],[-97.46166,30.96588],[-97.46386,30.96634],[-97.46488,30.96712],[-97.46611,30.9689],[-97.46676,30.96945],[-97.4669,30.97062],[-97.46741,30.97098],[-97.46905,30.97063],[-97.47089,30.96968],[-97.47264,30.96763],[-97.47551,30.96589],[-97.47133,30.97613],[-97.47654,30.97764],[-97.47305,30.9864],[-97.47438,30.98693],[-97.47471,30.98734],[-97.47592,30.98989],[-97.47575,30.99042],[-97.47589,30.9909],[-97.47718,30.99245],[-97.47763,30.99259],[-97.47825,30.99228],[-97.47874,30.99231],[-97.47894,30.99261],[-97.4789,30.99338],[-97.47943,30.99387],[-97.4818,30.99515],[-97.48392,30.99669],[-97.48581,30.99755],[-97.48748,30.99794],[-97.48995,30.99966],[-97.49188,31.00171],[-97.48007,31.01938],[-97.47614,31.02577],[-97.47378,31.03061],[-97.47027,31.0396],[-97.46702,31.04587],[-97.46583,31.04723],[-97.46461,31.04816],[-97.45747,31.05199],[-97.45788,31.05328],[-97.45876,31.05391],[-97.45962,31.05417],[-97.46286,31.05411],[-97.46436,31.05483],[-97.4597,31.06707],[-97.45644,31.06506],[-97.45246,31.06348],[-97.44937,31.06285],[-97.44337,31.06248],[-97.44395,31.06026],[-97.44493,31.0583],[-97.44477,31.05744],[-97.44433,31.05759],[-97.44441,31.05793],[-97.43772,31.06019],[-97.43524,31.06162],[-97.41668,31.07707],[-97.41273,31.08075],[-97.41153,31.07968],[-97.41227,31.07876],[-97.41427,31.07735],[-97.41507,31.0755],[-97.41478,31.0739],[-97.41521,31.0721],[-97.41519,31.07041],[-97.41703,31.06571],[-97.41685,31.06544],[-97.41207,31.06415],[-97.41187,31.06389]]]}},{"type":"Feature","properties":{"PRECINCT":"bell:114","COUNTY":"Bell"},"geometry":{"type":"Polygon","coordinates":[[[-97.61774,31.11884],[-97.60859,31.11415],[-97.608,31.11443],[-97.60046,31.1151],[-97.59853,31.11438],[-97.59629,31.11588],[-97.58719,31.11316],[-97.56124,31.10594],[-97.56343,31.09999],[-97.56239,31.09736],[-97.56181,31.09454],[-97.56,31.09255],[-97.55924,31.09119],[-97.54979,31.09164],[-97.54444,31.08411],[-97.5397,31.08223],[-97.53234,31.07583],[-97.53137,31.07538],[-97.52992,31.07519],[-97.52586,31.07573],[-97.53353,31.05573],[-97.54856,31.05531],[-97.55291,31.05533],[-97.555,31.05568],[-97.55736,31.05668],[-97.56091,31.05932],[-97.56228,31.0601],[-97.58207,31.06848],[-97.61672,31.07994],[-97.62491,31.08198],[-97.63431,31.08356],[-97.63857,31.08369],[-97.64111,31.08328],[-97.64291,31.0827],[-97.64498,31.08358],[-97.64479,31.08529],[-97.64174,31.08476],[-97.64257,31.08922],[-97.64206,31.08941],[-97.62697,31.08418],[-97.62582,31.08742],[-97.62515,31.0917],[-97.62319,31.09938],[-97.62483,31.09973],[-97.62354,31.11183],[-97.62075,31.1185],[-97.62006,31.11839],[-97.61967,31.11939],[-97.61774,31.11884]]]}},{"type":"Feature","properties":{"PRECINCT":"bell:115","COUNTY":"Bell"},"geometry":{"type":"Polygon","coordinates":[[[-97.43575,31.14099],[-97.45331,31.09641],[-97.45903,31.10223],[-97.46007,31.1041],[-97.46083,31.10447],[-97.46726,31.10949],[-97.46589,31.11341],[-97.4762,31.11607],[-97.47649,31.11572],[-97.47617,31.11561],[-97.47584,31.11493],[-97.47597,31.1145],[-97.47567,31.11367],[-97.47464,31.11336],[-97.47407,31.11342],[-97.47196,31.11171],[-97.47433,31.10546],[-97.47883,31.10664],[-97.49873,31.1168],[-97.49581,31.11844],[-97.50535,31.12379],[-97.50489,31.12398],[-97.50477,31.13409],[-97.50447,31.13618],[-97.5039,31.13757],[-97.5029,31.13878],[-97.50066,31.14002],[-97.49418,31.14143],[-97.49284,31.14141],[-97.47643,31.13625],[-97.47633,31.13595],[-97.47568,31.13572],[-97.47438,31.13536],[-97.47319,31.13532],[-97.47102,31.13436],[-97.47089,31.13468],[-97.46121,31.13209],[-97.46054,31.13327],[-97.45973,31.13376],[-97.45755,31.13421],[-97.4577,31.13492],[-97.45652,31.1353],[-97.45624,31.13576],[-97.45329,31.13489],[-97.45302,31.13562],[-97.44669,31.13385],[-97.44506,31.13801],[-97.44794,31.13879],[-97.44527,31.14496],[-97.43899,31.14313],[-97.43723,31.14161],[-97.43575,31.14099]]]}},{"type":"Feature","properties":{"PRECINCT":"bell:201","COUNTY":"Bell"},"geometry":{"type":"Polygon","coordinates":[[[-97.62354,31.11183],[-97.62483,31.09973],[-97.62319,31.09938],[-97.62515,31.0917],[-97.62582,31.08742],[-97.62697,31.08418],[-97.64206,31.08941],[-97.64257,31.08922],[-97.64174,31.08476],[-97.64479,31.08529],[-97.64498,31.08358],[-97.6502,31.08598],[-97.65368,31.08676],[-97.65405,31.08577],[-97.65432,31.08379],[-97.65553,31.08383],[-97.65713,31.08333],[-97.65799,31.08077],[-97.66379,31.0825],[-97.66564,31.07826],[-97.66711,31.07568],[-97.66755,31.07559],[-97.66935,31.07605],[-97.66979,31.07595],[-97.67027,31.0754],[-97.67136,31.07272],[-97.66957,31.07068],[-97.67195,31.07103],[-97.68451,31.07481],[-97.68539,31.07707],[-97.68507,31.07698],[-97.68436,31.07928],[-97.68378,31.07993],[-97.68204,31.08079],[-97.6805,31.08105],[-97.67816,31.08124],[-97.67804,31.08021],[-97.67604,31.08056],[-97.67653,31.08155],[-97.67576,31.08205],[-97.67514,31.08281],[-97.67335,31.08757],[-97.67342,31.0887],[-97.67436,31.09148],[-97.67418,31.09304],[-97.67016,31.10334],[-97.66898,31.10287],[-97.66653,31.10281],[-97.66522,31.11241],[-97.66487,31.11343],[-97.66464,31.11368],[-97.66439,31.11362],[-97.66384,31.11495],[-97.65755,31.11319],[-97.65604,31.11747],[-97.65641,31.11776],[-97.65591,31.11904],[-97.65561,31.11897],[-97.6551,31.12034],[-97.63818,31.11528],[-97.63888,31.11278],[-97.63357,31.11119],[-97.62986,31.12089],[-97.62075,31.1185],[-97.62354,31.11183]]]}},{"type":"Feature","properties":{"PRECINCT":"bell:202","COUNTY":"Bell"},"geometry":{"type":"Polygon","coordinates":[[[-97.62558,31.06963],[-97.62574,31.06842],[-97.63188,31.0519],[-97.6454,31.05247],[-97.6467,31.05299],[-97.64818,31.05428],[-97.64921,31.05483],[-97.65828,31.05747],[-97.65609,31.06329],[-97.65186,31.06211],[-97.65069,31.06409],[-97.65034,31.0655],[-97.64906,31.06783],[-97.64195,31.06584],[-97.64227,31.065],[-97.6404,31.06452],[-97.63722,31.06485],[-97.63793,31.06777],[-97.63941,31.06829],[-97.63836,31.06939],[-97.63802,31.07015],[-97.63687,31.06982],[-97.63642,31.07059],[-97.63973,31.07163],[-97.63965,31.07215],[-97.64057,31.07285],[-97.64112,31.07413],[-97.64011,31.07642],[-97.64175,31.07683],[-97.63986,31.08172],[-97.63783,31.08113],[-97.63647,31.08005],[-97.63572,31.07887],[-97.62353,31.0754],[-97.62558,31.06963]]]}},{"type":"Feature","properties":{"PRECINCT":"bell:203","COUNTY":"Bell"},"geometry":{"type":"Polygon","coordinates":[[[-97.5334,31.01954],[-97.53274,31.01927],[-97.5312,31.02219],[-97.52833,31.02062],[-97.5265,31.01892],[-97.52538,31.01902],[-97.52344,31.01855],[-97.52316,31.01861],[-97.52278,31.01936],[-97.51922,31.01972],[-97.51503,31.02144],[-97.51513,31.02125],[-97.51356,31.02166],[-97.51209,31.02076],[-97.50857,31.01721],[-97.50825,31.01549],[-97.5078,31.01452],[-97.50314,31.01171],[-97.50148,31.00998],[-97.49891,31.00876],[-97.49625,31.00697],[-97.49188,31.00171],[-97.50107,30.98866],[-97.50483,30.9843],[-97.51022,30.97917],[-97.52827,30.96354],[-97.53406,30.95775],[-97.53582,30.95558],[-97.53774,30.9515],[-97.53859,30.9489],[-97.53933,30.94533],[-97.54071,30.93508],[-97.54202,30.9297],[-97.54346,30.92532],[-97.54604,30.91894],[-97.5481,30.91607],[-97.57625,30.88377],[-97.57889,30.87906],[-97.587,30.86144],[-97.5894,30.85681],[-97.62405,30.87],[-97.65397,30.87464],[-97.72987,30.88762],[-97.7285,30.89014],[-97.72739,30.893],[-97.72632,30.89407],[-97.72534,30.89576],[-97.72378,30.89719],[-97.72208,30.89968],[-97.71865,30.90298],[-97.71883,30.90625],[-97.71832,30.90911],[-97.71754,30.90955],[-97.71531,30.91159],[-97.71083,30.91328],[-97.71185,30.918],[-97.71378,30.91975],[-97.71433,30.92209],[-97.71421,30.92341],[-97.71742,30.93118],[-97.71639,30.93296],[-97.71075,30.93486],[-97.70931,30.93726],[-97.70829,30.93957],[-97.70923,30.94459],[-97.70903,30.9454],[-97.70811,30.94647],[-97.70795,30.94709],[-97.70897,30.94979],[-97.70887,30.95013],[-97.71394,30.95399],[-97.71143,30.95602],[-97.70921,30.9569],[-97.70767,30.95708],[-97.70422,30.95688],[-97.70178,30.9557],[-97.70149,30.95575],[-97.70094,30.95607],[-97.6988,30.95829],[-97.69848,30.96153],[-97.6997,30.96396],[-97.70117,30.96619],[-97.70096,30.96742],[-97.70013,30.96868],[-97.7006,30.9719],[-97.70164,30.9739],[-97.70274,30.97493],[-97.70354,30.97619],[-97.70405,30.97744],[-97.70397,30.9779],[-97.70314,30.9784],[-97.7022,30.97856],[-97.70127,30.97841],[-97.69935,30.97754],[-97.69529,30.97758],[-97.69467,30.97715],[-97.69191,30.97348],[-97.69112,30.97186],[-97.68872,30.97015],[-97.68723,30.96797],[-97.68625,30.96764],[-97.68536,30.96891],[-97.68469,30.97162],[-97.68231,30.97824],[-97.68184,30.98221],[-97.6825,30.98311],[-97.6836,30.98393],[-97.68646,30.98503],[-97.68693,30.98566],[-97.687,30.98703],[-97.68919,30.98889],[-97.69017,30.99006],[-97.69046,30.99119],[-97.69002,30.99263],[-97.68942,30.99327],[-97.68778,30.99378],[-97.68668,30.99286],[-97.68572,30.99279],[-97.68452,30.99329],[-97.68314,30.99498],[-97.68233,30.99527],[-97.68104,30.99516],[-97.67894,30.9943],[-97.67723,30.99316],[-97.67552,30.99235],[-97.67502,30.991],[-97.67639,30.98969],[-97.67638,30.98919],[-97.67618,30.98876],[-97.67514,30.98807],[-97.67299,30.9878],[-97.66998,30.98858],[-97.6684,30.98813],[-97.66694,30.9869],[-97.66623,30.98668],[-97.66523,30.98694],[-97.66301,30.98816],[-97.66209,30.98928],[-97.66179,30.99271],[-97.66205,30.99368],[-97.66262,30.99444],[-97.66268,30.99508],[-97.66256,30.99574],[-97.66185,30.99643],[-97.66185,30.99693],[-97.66227,30.99733],[-97.66125,30.9979],[-97.65919,30.9998],[-97.65747,30.99988],[-97.65594,30.99965],[-97.65505,30.99925],[-97.65305,30.99664],[-97.65153,30.99507],[-97.64922,30.99463],[-97.64729,30.99504],[-97.64622,30.99589],[-97.64571,30.99692],[-97.64526,30.9995],[-97.64533,31.00047],[-97.64706,31.00352],[-97.64838,31.00491],[-97.65009,31.00833],[-97.65032,31.01],[-97.64972,31.0125],[-97.64835,31.01429],[-97.64592,31.01523],[-97.64439,31.01543],[-97.64206,31.01496],[-97.63988,31.01367],[-97.63796,31.01318],[-97.63564,31.01163],[-97.63329,31.01045],[-97.63157,31.01074],[-97.62908,31.0124],[-97.6282,31.01443],[-97.62802,31.0165],[-97.62867,31.02169],[-97.62686,31.02323],[-97.62532,31.02391],[-97.62118,31.01973],[-97.61497,31.01772],[-97.61408,31.01667],[-97.6125,31.0122],[-97.61129,31.01061],[-97.60984,31.00996],[-97.60615,31.01212],[-97.60494,31.01393],[-97.6041,31.01671],[-97.60239,31.0202],[-97.59705,31.0242],[-97.59503,31.02504],[-97.59456,31.02504],[-97.59314,31.02429],[-97.59052,31.02232],[-97.58479,31.01535],[-97.58242,31.01315],[-97.57894,31.01282],[-97.57286,31.01564],[-97.57099,31.01759],[-97.56808,31.01972],[-97.56526,31.02146],[-97.56349,31.02219],[-97.56181,31.02221],[-97.5534,31.01791],[-97.55015,31.01692],[-97.54976,31.0181],[-97.54828,31.02052],[-97.54662,31.0227],[-97.54487,31.02381],[-97.54315,31.02469],[-97.54064,31.02551],[-97.53657,31.02556],[-97.53485,31.0252],[-97.53174,31.02261],[-97.5334,31.01954]]]}},{"type":"Feature","properties":{"PRECINCT":"bell:212","COUNTY":"Bell"},"geometry":{"type":"Polygon","coordinates":[[[-97.62955,31.04122],[-97.62223,31.03378],[-97.61993,31.03268],[-97.6185,31.03151],[-97.61643,31.03087],[-97.61431,31.03086],[-97.61231,31.03105],[-97.60844,31.03184],[-97.60836,31.03068],[-97.60777,31.02972],[-97.60459,31.02812],[-97.60438,31.02762],[-97.60439,31.02555],[-97.60407,31.02488],[-97.60696,31.02157],[-97.60805,31.01794],[-97.60825,31.01656],[-97.60772,31.0155],[-97.60771,31.01117],[-97.60984,31.00996],[-97.61093,31.01034],[-97.6125,31.0122],[-97.61408,31.01667],[-97.61497,31.01772],[-97.62118,31.01973],[-97.62532,31.02391],[-97.62686,31.02323],[-97.62867,31.02169],[-97.62802,31.0165],[-97.6282,31.01443],[-97.62908,31.0124],[-97.63157,31.01074],[-97.63329,31.01045],[-97.63564,31.01163],[-97.63796,31.01318],[-97.63988,31.01367],[-97.64206,31.01496],[-97.64439,31.01543],[-97.64592,31.01523],[-97.64835,31.01429],[-97.64972,31.0125],[-97.65028,31.01018],[-97.65378,31.01184],[-97.65488,31.01261],[-97.65596,31.0145],[-97.65603,31.0173],[-97.65559,31.01844],[-97.65354,31.02162],[-97.65327,31.0229],[-97.65335,31.02388],[-97.65189,31.02441],[-97.65035,31.02591],[-97.64774,31.0266],[-97.64873,31.03413],[-97.64749,31.03468],[-97.64722,31.03414],[-97.64371,31.03516],[-97.64321,31.03389],[-97.64504,31.03333],[-97.6438,31.0303],[-97.64358,31.03017],[-97.64195,31.03032],[-97.64116,31.02995],[-97.64047,31.03108],[-97.64127,31.03403],[-97.64063,31.03557],[-97.63996,31.03617],[-97.63683,31.03772],[-97.63637,31.03787],[-97.63589,31.03772],[-97.63146,31.04126],[-97.63112,31.04227],[-97.62955,31.04122]]]}},{"type":"Feature","properties":{"PRECINCT":"bell:213","COUNTY":"Bell"},"geometry":{"type":"Polygon","coordinates":[[[-97.47874,30.99231],[-97.47738,30.99258],[-97.47659,30.99191],[-97.47589,30.9909],[-97.47575,30.99042],[-97.47592,30.98989],[-97.47471,30.98734],[-97.47438,30.98693],[-97.47305,30.9864],[-97.47654,30.97764],[-97.47133,30.97613],[-97.47551,30.96589],[-97.47264,30.96763],[-97.47089,30.96968],[-97.46905,30.97063],[-97.46741,30.97098],[-97.4669,30.97062],[-97.46676,30.96945],[-97.46611,30.9689],[-97.46488,30.96712],[-97.46386,30.96634],[-97.46166,30.96588],[-97.4599,30.96408],[-97.45913,30.96384],[-97.45822,30.96392],[-97.45736,30.96481],[-97.45597,30.96527],[-97.45506,30.96589],[-97.45497,30.96744],[-97.45438,30.96929],[-97.45364,30.97015],[-97.45242,30.97092],[-97.45056,30.97089],[-97.44797,30.96924],[-97.44367,30.96864],[-97.44199,30.96897],[-97.43991,30.97022],[-97.43775,30.97065],[-97.4357,30.97059],[-97.43321,30.97011],[-97.43195,30.97026],[-97.42699,30.97017],[-97.42624,30.97049],[-97.42575,30.971],[-97.42674,30.97378],[-97.42631,30.97568],[-97.42595,30.97606],[-97.42446,30.97488],[-97.42215,30.9743],[-97.42166,30.97398],[-97.42167,30.97314],[-97.42211,30.97186],[-97.42157,30.97129],[-97.42095,30.97111],[-97.42033,30.97193],[-97.41897,30.97208],[-97.41821,30.97237],[-97.41979,30.96801],[-97.40995,30.96538],[-97.4134,30.95677],[-97.41411,30.9558],[-97.42014,30.9394],[-97.42058,30.93761],[-97.42113,30.93668],[-97.42631,30.92256],[-97.42651,30.92324],[-97.43928,30.89173],[-97.43971,30.89008],[-97.44598,30.87404],[-97.44736,30.87372],[-97.44846,30.87375],[-97.45097,30.87502],[-97.45281,30.87559],[-97.46137,30.87767],[-97.46339,30.87592],[-97.46764,30.86454],[-97.47005,30.85927],[-97.47123,30.85609],[-97.48643,30.86032],[-97.49432,30.83924],[-97.49387,30.83884],[-97.48481,30.8362],[-97.48759,30.82861],[-97.51032,30.83493],[-97.51307,30.82771],[-97.5894,30.85681],[-97.587,30.86144],[-97.57889,30.87906],[-97.57625,30.88377],[-97.5481,30.91607],[-97.54604,30.91894],[-97.54346,30.92532],[-97.5416,30.93134],[-97.54052,30.93615],[-97.53933,30.94533],[-97.53846,30.94938],[-97.53668,30.95392],[-97.53506,30.95661],[-97.52827,30.96354],[-97.51022,30.97917],[-97.50483,30.9843],[-97.50107,30.98866],[-97.49188,31.00171],[-97.48995,30.99966],[-97.48748,30.99794],[-97.48581,30.99755],[-97.48392,30.99669],[-97.4818,30.99515],[-97.47943,30.99387],[-97.4789,30.99338],[-97.47894,30.99261],[-97.47874,30.99231]]]}},{"type":"Feature","properties":{"PRECINCT":"bell:216","COUNTY":"Bell"},"geometry":{"type":"Polygon","coordinates":[[[-97.6502,31.08598],[-97.64272,31.08264],[-97.63982,31.08184],[-97.64175,31.07683],[-97.64011,31.07642],[-97.64112,31.07413],[-97.64057,31.07285],[-97.63965,31.07215],[-97.63973,31.07163],[-97.63642,31.07059],[-97.63687,31.06982],[-97.63802,31.07015],[-97.63836,31.06939],[-97.63941,31.06829],[-97.63793,31.06777],[-97.63722,31.06485],[-97.6404,31.06452],[-97.64227,31.065],[-97.64195,31.06584],[-97.64906,31.06783],[-97.65034,31.0655],[-97.65069,31.06409],[-97.65186,31.06211],[-97.65609,31.06329],[-97.65828,31.05747],[-97.65864,31.05759],[-97.65958,31.05806],[-97.66035,31.05876],[-97.66978,31.07097],[-97.67136,31.07272],[-97.67027,31.0754],[-97.66979,31.07595],[-97.66935,31.07605],[-97.66755,31.07559],[-97.66711,31.07568],[-97.66564,31.07826],[-97.66379,31.0825],[-97.65799,31.08077],[-97.65713,31.08333],[-97.65553,31.08383],[-97.65432,31.08379],[-97.65405,31.08577],[-97.65368,31.08676],[-97.6502,31.08598]]]}},{"type":"Feature","properties":{"PRECINCT":"bell:301","COUNTY":"Bell"},"geometry":{"type":"Polygon","coordinates":[[[-97.27811,31.2798],[-97.24672,31.23561],[-97.23659,31.22052],[-97.23195,31.21492],[-97.22829,31.20922],[-97.22381,31.20288],[-97.20136,31.1716],[-97.20194,31.1715],[-97.20361,31.17304],[-97.21697,31.13796],[-97.21767,31.13728],[-97.21874,31.1368],[-97.21972,31.13669],[-97.22215,31.13699],[-97.22332,31.13662],[-97.22407,31.13604],[-97.22455,31.13537],[-97.22698,31.12903],[-97.22857,31.12746],[-97.22984,31.12452],[-97.23438,31.12476],[-97.23782,31.12691],[-97.24058,31.12773],[-97.2434,31.12897],[-97.24435,31.12914],[-97.24562,31.12904],[-97.24674,31.12858],[-97.24896,31.12636],[-97.24973,31.12586],[-97.25094,31.12551],[-97.25231,31.12557],[-97.27685,31.13263],[-97.27879,31.13284],[-97.27892,31.13313],[-97.27943,31.13334],[-97.2802,31.13331],[-97.28092,31.13285],[-97.28122,31.13221],[-97.28103,31.13187],[-97.28172,31.13096],[-97.28233,31.12938],[-97.28352,31.12882],[-97.28436,31.12896],[-97.28422,31.12936],[-97.28446,31.12957],[-97.28567,31.1293],[-97.28613,31.12972],[-97.28602,31.1301],[-97.28632,31.13052],[-97.28719,31.13107],[-97.28784,31.1311],[-97.28841,31.13282],[-97.28902,31.13287],[-97.28854,31.13231],[-97.28883,31.1317],[-97.28984,31.13167],[-97.29068,31.13216],[-97.2908,31.13296],[-97.29171,31.13289],[-97.29205,31.13335],[-97.29293,31.13382],[-97.29363,31.13533],[-97.29486,31.13552],[-97.29536,31.1359],[-97.29521,31.13694],[-97.29573,31.13754],[-97.29583,31.13808],[-97.29534,31.13914],[-97.29547,31.14013],[-97.29438,31.14299],[-97.29542,31.14416],[-97.29613,31.14591],[-97.29556,31.14624],[-97.29512,31.14693],[-97.29746,31.14808],[-97.29841,31.14926],[-97.30028,31.15041],[-97.30077,31.1513],[-97.30173,31.15225],[-97.3023,31.15251],[-97.30427,31.15266],[-97.30446,31.15286],[-97.3039,31.15377],[-97.30397,31.15435],[-97.30559,31.1545],[-97.30772,31.15603],[-97.31027,31.15674],[-97.31069,31.15648],[-97.3122,31.15251],[-97.31264,31.15202],[-97.32024,31.15406],[-97.31965,31.15725],[-97.31611,31.16626],[-97.32241,31.16804],[-97.32413,31.16883],[-97.32769,31.15922],[-97.33416,31.16042],[-97.33423,31.16024],[-97.33533,31.16064],[-97.33888,31.15774],[-97.34262,31.15885],[-97.34314,31.1592],[-97.36022,31.16412],[-97.36071,31.16295],[-97.36162,31.16321],[-97.36424,31.16203],[-97.36705,31.16028],[-97.36938,31.16104],[-97.36798,31.16493],[-97.36803,31.16532],[-97.4127,31.17772],[-97.39119,31.23396],[-97.37297,31.27402],[-97.35495,31.25606],[-97.34343,31.24422],[-97.27811,31.2798]]]}},{"type":"Feature","properties":{"PRECINCT":"bell:302","COUNTY":"Bell"},"geometry":{"type":"Polygon","coordinates":[[[-97.36938,31.16104],[-97.36508,31.15968],[-97.36348,31.16071],[-97.36128,31.16162],[-97.35441,31.15954],[-97.3575,31.15066],[-97.36438,31.13283],[-97.37202,31.13487],[-97.37738,31.12059],[-97.36971,31.11835],[-97.3711,31.11522],[-97.37197,31.11546],[-97.37274,31.11313],[-97.37155,31.11298],[-97.37125,31.11178],[-97.3706,31.11175],[-97.36142,31.10908],[-97.36024,31.11021],[-97.35991,31.11178],[-97.36009,31.11379],[-97.35975,31.11472],[-97.35895,31.11536],[-97.35499,31.11422],[-97.35835,31.10544],[-97.35914,31.10278],[-97.36097,31.09961],[-97.36164,31.099],[-97.36291,31.09828],[-97.36821,31.0961],[-97.38725,31.09047],[-97.38796,31.09209],[-97.39225,31.09727],[-97.39325,31.10003],[-97.39324,31.10203],[-97.39301,31.10299],[-97.39014,31.11055],[-97.40439,31.11428],[-97.40468,31.11626],[-97.40491,31.11654],[-97.40475,31.11685],[-97.40527,31.11778],[-97.40477,31.11837],[-97.40496,31.11945],[-97.40411,31.11997],[-97.40366,31.12102],[-97.40478,31.12231],[-97.40586,31.12246],[-97.40653,31.12349],[-97.40696,31.1236],[-97.40662,31.12408],[-97.40594,31.12423],[-97.40552,31.125],[-97.40265,31.12624],[-97.40253,31.12686],[-97.4013,31.12828],[-97.40166,31.12905],[-97.40082,31.13002],[-97.405,31.13283],[-97.40385,31.13554],[-97.403,31.13566],[-97.40273,31.13617],[-97.39798,31.14815],[-97.39811,31.14853],[-97.40359,31.15101],[-97.40183,31.15573],[-97.39745,31.16262],[-97.39773,31.16322],[-97.39956,31.16381],[-97.39967,31.16409],[-97.39942,31.16472],[-97.39659,31.16739],[-97.39503,31.17271],[-97.36803,31.16532],[-97.36798,31.16493],[-97.36938,31.16104]]]}},{"type":"Feature","properties":{"PRECINCT":"bell:303","COUNTY":"Bell"},"geometry":{"type":"Polygon","coordinates":[[[-97.31611,31.16626],[-97.3198,31.15676],[-97.32024,31.15406],[-97.31484,31.15256],[-97.31952,31.14018],[-97.31316,31.13845],[-97.31441,31.13505],[-97.30892,31.1335],[-97.31189,31.12557],[-97.31207,31.1249],[-97.31189,31.123],[-97.3117,31.12267],[-97.31025,31.12205],[-97.31004,31.12146],[-97.30899,31.12072],[-97.30844,31.11947],[-97.30847,31.1185],[-97.30762,31.11772],[-97.30699,31.1168],[-97.30674,31.11584],[-97.306,31.11502],[-97.30644,31.11472],[-97.30629,31.11398],[-97.30863,31.11375],[-97.31846,31.11642],[-97.31942,31.11639],[-97.32009,31.11699],[-97.32504,31.11838],[-97.32806,31.10875],[-97.32892,31.10667],[-97.33007,31.10703],[-97.33043,31.10612],[-97.33129,31.1064],[-97.33157,31.10604],[-97.33221,31.1061],[-97.33289,31.10564],[-97.33379,31.1059],[-97.33467,31.10658],[-97.33911,31.1078],[-97.34091,31.10287],[-97.34882,31.1051],[-97.34905,31.09994],[-97.35919,31.10268],[-97.35835,31.10544],[-97.35499,31.11422],[-97.35895,31.11536],[-97.35975,31.11472],[-97.36009,31.11379],[-97.35991,31.11178],[-97.36024,31.11021],[-97.36142,31.10908],[-97.3706,31.11175],[-97.37125,31.11178],[-97.37155,31.11298],[-97.37274,31.11313],[-97.37197,31.11546],[-97.3711,31.11522],[-97.36971,31.11835],[-97.37738,31.12059],[-97.37202,31.13487],[-97.36438,31.13283],[-97.3575,31.15066],[-97.35441,31.15954],[-97.36128,31.16162],[-97.36348,31.16071],[-97.36508,31.15968],[-97.36705,31.16028],[-97.36424,31.16203],[-97.36162,31.16321],[-97.36071,31.16295],[-97.36022,31.16412],[-97.34314,31.1592],[-97.34262,31.15885],[-97.33888,31.15774],[-97.33533,31.16064],[-97.33423,31.16024],[-97.33416,31.16042],[-97.32769,31.15922],[-97.32413,31.16883],[-97.32241,31.16804],[-97.31611,31.16626]]]}},{"type":"Feature","properties":{"PRECINCT":"bell:304","COUNTY":"Bell"},"geometry":{"type":"Polygon","coordinates":[[[-97.29719,31.05597],[-97.28813,31.05359],[-97.28768,31.05468],[-97.28728,31.05483],[-97.28741,31.05504],[-97.28687,31.05492],[-97.2861,31.05513],[-97.28576,31.05545],[-97.28538,31.05454],[-97.28507,31.05487],[-97.28476,31.05491],[-97.28424,31.05457],[-97.28347,31.05485],[-97.28315,31.05448],[-97.28345,31.05405],[-97.28198,31.05275],[-97.282,31.05204],[-97.2817,31.05161],[-97.27954,31.04998],[-97.27885,31.04787],[-97.27732,31.04774],[-97.27737,31.04709],[-97.27716,31.04723],[-97.27669,31.04693],[-97.27591,31.04694],[-97.27573,31.04629],[-97.27541,31.04611],[-97.27545,31.04556],[-97.27603,31.04497],[-97.27608,31.0445],[-97.2766,31.04452],[-97.27671,31.04424],[-97.27738,31.04423],[-97.27759,31.04397],[-97.27584,31.04141],[-97.27568,31.04045],[-97.27476,31.03957],[-97.27478,31.03924],[-97.27403,31.03941],[-97.27362,31.0389],[-97.27297,31.03881],[-97.27145,31.03951],[-97.27109,31.03892],[-97.27043,31.03868],[-97.26993,31.0394],[-97.26913,31.03959],[-97.26954,31.03976],[-97.26961,31.04034],[-97.26855,31.04019],[-97.26945,31.03803],[-97.27002,31.03726],[-97.26997,31.03682],[-97.27157,31.03284],[-97.27602,31.0341],[-97.27648,31.03286],[-97.27613,31.03046],[-97.27918,31.02236],[-97.27958,31.02229],[-97.28123,31.01798],[-97.29769,31.0226],[-97.29817,31.02193],[-97.30049,31.02063],[-97.29998,31.01966],[-97.30274,31.01817],[-97.30532,31.02166],[-97.31107,31.02314],[-97.31061,31.02435],[-97.3119,31.02456],[-97.31703,31.0263],[-97.32221,31.02762],[-97.33089,31.02791],[-97.33243,31.02814],[-97.33858,31.03016],[-97.34219,31.03083],[-97.34447,31.03174],[-97.34819,31.03284],[-97.34405,31.04336],[-97.3409,31.05228],[-97.33994,31.05379],[-97.32624,31.05006],[-97.32082,31.0483],[-97.31448,31.04681],[-97.30142,31.04306],[-97.2975,31.05349],[-97.29719,31.05597]]]}},{"type":"Feature","properties":{"PRECINCT":"bell:305","COUNTY":"Bell"},"geometry":{"type":"Polygon","coordinates":[[[-97.38245,31.07991],[-97.38419,31.07733],[-97.38892,31.07845],[-97.3894,31.07819],[-97.39032,31.0763],[-97.39141,31.07592],[-97.39308,31.07584],[-97.39545,31.07641],[-97.3971,31.07635],[-97.39905,31.07674],[-97.40084,31.07673],[-97.41063,31.07919],[-97.41153,31.07968],[-97.41368,31.08187],[-97.4137,31.08294],[-97.41296,31.08522],[-97.41005,31.08774],[-97.40388,31.10403],[-97.40368,31.10514],[-97.40292,31.10633],[-97.40029,31.11324],[-97.39014,31.11055],[-97.39301,31.10299],[-97.39329,31.10136],[-97.39322,31.09985],[-97.39225,31.09727],[-97.38781,31.09184],[-97.38245,31.07991]]]}},{"type":"Feature","properties":{"PRECINCT":"bell:306","COUNTY":"Bell"},"geometry":{"type":"Polygon","coordinates":[[[-97.34639,31.09564],[-97.34236,31.09355],[-97.33975,31.09065],[-97.33892,31.08935],[-97.33326,31.07778],[-97.32643,31.06043],[-97.32066,31.04826],[-97.32624,31.05006],[-97.3289,31.05353],[-97.33277,31.05734],[-97.34697,31.0683],[-97.34887,31.06884],[-97.35134,31.06896],[-97.35775,31.07099],[-97.36793,31.07354],[-97.36228,31.08857],[-97.35567,31.08672],[-97.35318,31.09337],[-97.35415,31.09364],[-97.35387,31.09447],[-97.35671,31.09452],[-97.35856,31.09483],[-97.36474,31.09752],[-97.36258,31.09843],[-97.36121,31.09937],[-97.35919,31.10268],[-97.34905,31.09994],[-97.34885,31.09827],[-97.34826,31.09719],[-97.34639,31.09564]]]}},{"type":"Feature","properties":{"PRECINCT":"bell:307","COUNTY":"Bell"},"geometry":{"type":"Polygon","coordinates":[[[-97.32009,31.11699],[-97.31942,31.11639],[-97.31846,31.11642],[-97.30863,31.11375],[-97.30629,31.11398],[-97.30666,31.11363],[-97.30685,31.11156],[-97.30616,31.11065],[-97.30606,31.10973],[-97.30554,31.10899],[-97.30547,31.10737],[-97.30487,31.10684],[-97.30495,31.10592],[-97.30533,31.10526],[-97.30486,31.10479],[-97.30412,31.10449],[-97.30371,31.10393],[-97.30297,31.10364],[-97.30282,31.10178],[-97.30148,31.10055],[-97.30108,31.09987],[-97.30039,31.09969],[-97.29968,31.09871],[-97.29968,31.09744],[-97.29883,31.09619],[-97.29884,31.09506],[-97.29937,31.09393],[-97.29935,31.09331],[-97.29882,31.09287],[-97.29896,31.09252],[-97.29875,31.09229],[-97.29831,31.09217],[-97.29834,31.09147],[-97.29869,31.09122],[-97.29832,31.09074],[-97.29767,31.09059],[-97.29745,31.09031],[-97.29727,31.08967],[-97.29742,31.08874],[-97.29709,31.08762],[-97.2966,31.08725],[-97.29914,31.08789],[-97.29987,31.08607],[-97.30254,31.08701],[-97.30537,31.07959],[-97.30454,31.07951],[-97.30261,31.0801],[-97.30071,31.07947],[-97.29815,31.07904],[-97.30074,31.0724],[-97.30169,31.07269],[-97.3042,31.06635],[-97.30585,31.06681],[-97.30813,31.06083],[-97.30644,31.06035],[-97.30998,31.05101],[-97.30937,31.05084],[-97.31123,31.04584],[-97.32066,31.04826],[-97.32643,31.06043],[-97.33326,31.07778],[-97.33914,31.08974],[-97.34011,31.09109],[-97.34282,31.09393],[-97.34616,31.0955],[-97.34785,31.09676],[-97.3487,31.09792],[-97.34903,31.09937],[-97.34882,31.1051],[-97.34091,31.10287],[-97.33911,31.1078],[-97.33467,31.10658],[-97.33379,31.1059],[-97.33289,31.10564],[-97.33221,31.1061],[-97.33157,31.10604],[-97.33129,31.1064],[-97.33043,31.10612],[-97.33007,31.10703],[-97.32892,31.10667],[-97.32806,31.10875],[-97.32504,31.11838],[-97.32009,31.11699]]]}},{"type":"Feature","properties":{"PRECINCT":"bell:308","COUNTY":"Bell"},"geometry":{"type":"Polygon","coordinates":[[[-97.3507,31.06884],[-97.34887,31.06884],[-97.34697,31.0683],[-97.34096,31.06375],[-97.33277,31.05734],[-97.3289,31.05353],[-97.32624,31.05006],[-97.33994,31.05379],[-97.3409,31.05228],[-97.34394,31.04374],[-97.34626,31.04406],[-97.35492,31.04651],[-97.35509,31.04676],[-97.35461,31.04787],[-97.35897,31.04908],[-97.36158,31.04845],[-97.38087,31.04845],[-97.38017,31.04898],[-97.38013,31.04972],[-97.37908,31.05018],[-97.37893,31.05047],[-97.38114,31.05101],[-97.3801,31.05361],[-97.38114,31.05444],[-97.38047,31.05536],[-97.38537,31.05675],[-97.38503,31.05722],[-97.38184,31.05946],[-97.38016,31.0615],[-97.37945,31.06158],[-97.37616,31.06065],[-97.37559,31.06218],[-97.37256,31.0614],[-97.36793,31.07354],[-97.35911,31.07136],[-97.3507,31.06884]]]}},{"type":"Feature","properties":{"PRECINCT":"bell:309","COUNTY":"Bell"},"geometry":{"type":"Polygon","coordinates":[[[-97.20194,31.1715],[-97.20136,31.1716],[-97.16679,31.12295],[-97.16764,31.12087],[-97.17091,31.12172],[-97.17122,31.12138],[-97.18303,31.08935],[-97.18296,31.08896],[-97.1817,31.0884],[-97.19524,31.05177],[-97.19376,31.05152],[-97.19015,31.05159],[-97.18841,31.05138],[-97.16512,31.04496],[-97.17877,31.00878],[-97.17956,31.0075],[-97.18166,31.00553],[-97.18258,31.00622],[-97.18382,31.00796],[-97.1851,31.00862],[-97.18622,31.00886],[-97.18719,31.00948],[-97.1879,31.01051],[-97.18947,31.01205],[-97.1898,31.01313],[-97.19149,31.01371],[-97.1921,31.01431],[-97.19295,31.01448],[-97.19317,31.01501],[-97.19396,31.01516],[-97.1941,31.01597],[-97.19438,31.01623],[-97.19528,31.01642],[-97.19657,31.01739],[-97.19677,31.01828],[-97.19743,31.01849],[-97.19759,31.0193],[-97.19811,31.01934],[-97.19836,31.02004],[-97.19884,31.02011],[-97.19956,31.01966],[-97.20062,31.01982],[-97.20121,31.02109],[-97.20176,31.02137],[-97.20291,31.02029],[-97.20316,31.02029],[-97.20278,31.02074],[-97.20337,31.02076],[-97.20356,31.02049],[-97.20442,31.02044],[-97.20459,31.02011],[-97.20487,31.0203],[-97.20508,31.02008],[-97.20564,31.02003],[-97.20545,31.02044],[-97.20596,31.02072],[-97.20602,31.02099],[-97.20697,31.02113],[-97.20689,31.02149],[-97.20815,31.02141],[-97.2092,31.02174],[-97.20996,31.02283],[-97.21054,31.02307],[-97.21056,31.02373],[-97.21192,31.02375],[-97.21194,31.02398],[-97.21237,31.02409],[-97.21328,31.02343],[-97.21326,31.02385],[-97.21402,31.0235],[-97.21427,31.02374],[-97.21455,31.02369],[-97.21503,31.02288],[-97.21552,31.02333],[-97.21659,31.02324],[-97.21729,31.02378],[-97.21768,31.0234],[-97.2189,31.02326],[-97.21908,31.02356],[-97.21966,31.02361],[-97.21997,31.02388],[-97.22092,31.02594],[-97.22241,31.02771],[-97.22303,31.02755],[-97.22331,31.02799],[-97.22501,31.02773],[-97.22524,31.02803],[-97.22673,31.02823],[-97.22708,31.02856],[-97.22784,31.02857],[-97.22837,31.0293],[-97.229,31.02878],[-97.22979,31.02939],[-97.23032,31.02922],[-97.23161,31.02974],[-97.23205,31.02967],[-97.23236,31.02997],[-97.23396,31.03014],[-97.23526,31.03166],[-97.23541,31.03308],[-97.23638,31.03321],[-97.23753,31.03385],[-97.23808,31.03363],[-97.23833,31.03385],[-97.2387,31.03381],[-97.23938,31.03259],[-97.23936,31.03178],[-97.24028,31.03202],[-97.24048,31.03164],[-97.24095,31.03142],[-97.24162,31.03207],[-97.24285,31.03158],[-97.24443,31.03167],[-97.24507,31.03142],[-97.24592,31.03167],[-97.24704,31.03114],[-97.24698,31.03053],[-97.24757,31.03032],[-97.24806,31.02949],[-97.2498,31.02923],[-97.25,31.02967],[-97.25046,31.02972],[-97.25076,31.02945],[-97.25069,31.02914],[-97.25111,31.02886],[-97.25193,31.02919],[-97.2522,31.03032],[-97.25372,31.03056],[-97.25405,31.03147],[-97.25469,31.03202],[-97.25467,31.03255],[-97.25436,31.03285],[-97.25467,31.03459],[-97.25434,31.03552],[-97.25451,31.03612],[-97.25488,31.0362],[-97.25526,31.03672],[-97.2559,31.0368],[-97.25658,31.0377],[-97.25553,31.03826],[-97.25547,31.03876],[-97.25477,31.03966],[-97.25478,31.04035],[-97.25676,31.04117],[-97.25837,31.04116],[-97.25877,31.04138],[-97.25897,31.04129],[-97.25895,31.04079],[-97.25968,31.04051],[-97.25988,31.04089],[-97.26073,31.04125],[-97.26123,31.04218],[-97.26072,31.04277],[-97.26069,31.04426],[-97.26005,31.04532],[-97.26048,31.04553],[-97.26107,31.04528],[-97.26217,31.04581],[-97.26268,31.04583],[-97.26265,31.04682],[-97.2629,31.04717],[-97.26226,31.04833],[-97.26314,31.0489],[-97.2631,31.04923],[-97.26406,31.04929],[-97.26435,31.04969],[-97.26431,31.04996],[-97.26335,31.05042],[-97.26365,31.05099],[-97.26352,31.05139],[-97.26417,31.05173],[-97.26855,31.04019],[-97.26961,31.04034],[-97.26954,31.03976],[-97.26913,31.03959],[-97.26993,31.0394],[-97.27043,31.03868],[-97.27109,31.03892],[-97.27145,31.03951],[-97.27297,31.03881],[-97.27362,31.0389],[-97.27403,31.03941],[-97.27478,31.03924],[-97.27476,31.03957],[-97.27568,31.04045],[-97.27584,31.04141],[-97.27759,31.04392],[-97.27738,31.04423],[-97.27608,31.0445],[-97.27603,31.04497],[-97.27545,31.04556],[-97.27541,31.04611],[-97.27573,31.04629],[-97.27591,31.04694],[-97.27669,31.04693],[-97.27716,31.04723],[-97.27737,31.04709],[-97.27732,31.04774],[-97.27885,31.04787],[-97.27954,31.04998],[-97.2817,31.05161],[-97.282,31.05204],[-97.28198,31.05275],[-97.28345,31.05405],[-97.2832,31.05465],[-97.28366,31.05486],[-97.28424,31.05457],[-97.28476,31.05491],[-97.28538,31.05454],[-97.28576,31.05545],[-97.2861,31.05513],[-97.28691,31.05491],[-97.28735,31.05509],[-97.28728,31.05483],[-97.28768,31.05468],[-97.28813,31.05359],[-97.28865,31.05359],[-97.29719,31.05597],[-97.2975,31.05349],[-97.30142,31.04306],[-97.31123,31.04584],[-97.30937,31.05084],[-97.30998,31.05101],[-97.30644,31.06035],[-97.30813,31.06083],[-97.30585,31.06681],[-97.3042,31.06635],[-97.30169,31.07269],[-97.30074,31.0724],[-97.29815,31.07904],[-97.30071,31.07947],[-97.30261,31.0801],[-97.30454,31.07951],[-97.30537,31.07959],[-97.30254,31.08701],[-97.29987,31.08607],[-97.29914,31.08789],[-97.2966,31.08725],[-97.29709,31.08762],[-97.29742,31.08874],[-97.29727,31.08967],[-97.29745,31.09031],[-97.29767,31.09059],[-97.29832,31.09074],[-97.29869,31.09122],[-97.29834,31.09147],[-97.29831,31.09217],[-97.29875,31.09229],[-97.29896,31.09252],[-97.29882,31.09287],[-97.29935,31.09331],[-97.29937,31.09393],[-97.29884,31.09506],[-97.29883,31.09619],[-97.29968,31.09744],[-97.29968,31.09871],[-97.30039,31.09969],[-97.30108,31.09987],[-97.30148,31.10055],[-97.30282,31.10178],[-97.30297,31.10364],[-97.30371,31.10393],[-97.30412,31.10449],[-97.30486,31.10479],[-97.30533,31.10526],[-97.30495,31.10592],[-97.30487,31.10684],[-97.30547,31.10737],[-97.30554,31.10899],[-97.30606,31.10973],[-97.30616,31.11065],[-97.30685,31.11156],[-97.30666,31.11363],[-97.30629,31.11402],[-97.30644,31.11472],[-97.306,31.11502],[-97.30674,31.11584],[-97.30699,31.1168],[-97.30762,31.11772],[-97.30847,31.1185],[-97.30844,31.11947],[-97.30912,31.12091],[-97.31004,31.12146],[-97.31025,31.12205],[-97.3117,31.12267],[-97.31189,31.123],[-97.31207,31.1249],[-97.31189,31.12557],[-97.30892,31.1335],[-97.31441,31.13505],[-97.31316,31.13845],[-97.31952,31.14018],[-97.31484,31.15256],[-97.31285,31.152],[-97.31244,31.15214],[-97.31069,31.15648],[-97.31027,31.15674],[-97.30772,31.15603],[-97.30559,31.1545],[-97.30397,31.15435],[-97.3039,31.15377],[-97.30446,31.15286],[-97.30427,31.15266],[-97.3023,31.15251],[-97.30173,31.15225],[-97.30077,31.1513],[-97.30028,31.15041],[-97.29841,31.14926],[-97.29746,31.14808],[-97.29512,31.14693],[-97.29556,31.14624],[-97.29613,31.14591],[-97.29542,31.14416],[-97.29438,31.14299],[-97.29547,31.14013],[-97.29534,31.13914],[-97.29583,31.13808],[-97.29573,31.13754],[-97.29521,31.13694],[-97.29536,31.1359],[-97.29486,31.13552],[-97.29363,31.13533],[-97.29293,31.13382],[-97.29205,31.13335],[-97.29171,31.13289],[-97.2908,31.13296],[-97.29068,31.13216],[-97.28984,31.13167],[-97.28883,31.1317],[-97.28854,31.13231],[-97.28902,31.13287],[-97.28841,31.13282],[-97.28784,31.1311],[-97.28719,31.13107],[-97.28632,31.13052],[-97.28602,31.1301],[-97.28613,31.12972],[-97.28567,31.1293],[-97.28446,31.12957],[-97.28422,31.12936],[-97.28436,31.12896],[-97.28352,31.12882],[-97.28233,31.12938],[-97.28172,31.13096],[-97.28103,31.13187],[-97.28122,31.13221],[-97.28092,31.13285],[-97.2802,31.13331],[-97.27943,31.13334],[-97.27892,31.13313],[-97.27879,31.13284],[-97.27685,31.13263],[-97.25231,31.12557],[-97.25094,31.12551],[-97.24973,31.12586],[-97.24896,31.12636],[-97.24674,31.12858],[-97.24562,31.12904],[-97.24435,31.12914],[-97.2434,31.12897],[-97.24058,31.12773],[-97.23782,31.12691],[-97.23438,31.12476],[-97.22984,31.12452],[-97.22857,31.12746],[-97.22698,31.12903],[-97.22455,31.13537],[-97.22407,31.13604],[-97.22332,31.13662],[-97.22215,31.13699],[-97.21972,31.13669],[-97.21874,31.1368],[-97.21767,31.13728],[-97.21697,31.13796],[-97.20361,31.17304],[-97.20194,31.1715]]]}},{"type":"Feature","properties":{"PRECINCT":"bell:310","COUNTY":"Bell"},"geometry":{"type":"Polygon","coordinates":[[[-97.16679,31.12295],[-97.12058,31.05809],[-97.07006,30.98603],[-97.11991,30.96092],[-97.12112,30.96144],[-97.12186,30.96336],[-97.12294,30.9643],[-97.12382,30.96421],[-97.12378,30.96481],[-97.12463,30.96479],[-97.12508,30.96533],[-97.12541,30.96532],[-97.12689,30.96621],[-97.12841,30.96611],[-97.129,30.96563],[-97.12949,30.96558],[-97.13084,30.96635],[-97.13095,30.96677],[-97.13231,30.96711],[-97.13232,30.96747],[-97.13269,30.96774],[-97.13337,30.96805],[-97.1338,30.96783],[-97.13394,30.9684],[-97.13436,30.9687],[-97.1353,30.96844],[-97.13641,30.96892],[-97.13803,30.96885],[-97.13868,30.96909],[-97.14154,30.97052],[-97.14222,30.97137],[-97.14365,30.97192],[-97.14386,30.97232],[-97.14423,30.97244],[-97.1439,30.97315],[-97.14504,30.97438],[-97.14767,30.97606],[-97.14852,30.97578],[-97.14939,30.97605],[-97.14971,30.97662],[-97.15049,30.97717],[-97.14988,30.9777],[-97.15055,30.97845],[-97.15029,30.97914],[-97.15147,30.97915],[-97.153,30.98006],[-97.15299,30.98072],[-97.15241,30.98178],[-97.15252,30.98244],[-97.15394,30.98298],[-97.1557,30.98279],[-97.15607,30.98416],[-97.15821,30.98433],[-97.15916,30.98508],[-97.15938,30.98672],[-97.15863,30.98869],[-97.15936,30.9896],[-97.15991,30.99109],[-97.15918,30.99262],[-97.15827,30.99354],[-97.15814,30.99448],[-97.15882,30.99603],[-97.16037,30.99618],[-97.16217,30.99779],[-97.16214,30.99881],[-97.16235,30.99909],[-97.16348,30.99932],[-97.16408,30.99907],[-97.16666,30.99928],[-97.16933,30.99909],[-97.16972,30.99953],[-97.16945,31.0001],[-97.16974,31.00063],[-97.17152,31.00216],[-97.17333,31.00202],[-97.17513,31.00123],[-97.17701,31.00148],[-97.18077,31.00404],[-97.18166,31.00553],[-97.17956,31.0075],[-97.17877,31.00878],[-97.16512,31.04496],[-97.18841,31.05138],[-97.19015,31.05159],[-97.19376,31.05152],[-97.19524,31.05177],[-97.1817,31.0884],[-97.18296,31.08896],[-97.18303,31.08935],[-97.17122,31.12138],[-97.17091,31.12172],[-97.16764,31.12087],[-97.16679,31.12295]]]}},{"type":"Feature","properties":{"PRECINCT":"bell:311","COUNTY":"Bell"},"geometry":{"type":"Polygon","coordinates":[[[-97.37297,31.27402],[-97.39119,31.23396],[-97.41398,31.17448],[-97.4157,31.17084],[-97.41664,31.17113],[-97.41798,31.1704],[-97.41894,31.16959],[-97.4189,31.16873],[-97.41943,31.1668],[-97.42078,31.16618],[-97.42245,31.16396],[-97.42366,31.16416],[-97.42494,31.16386],[-97.42614,31.16397],[-97.427,31.16348],[-97.42818,31.16316],[-97.42888,31.16339],[-97.43034,31.16442],[-97.43143,31.1646],[-97.43236,31.16428],[-97.43346,31.16319],[-97.4342,31.16304],[-97.43514,31.16311],[-97.43558,31.16337],[-97.4362,31.16501],[-97.43725,31.16569],[-97.43824,31.16559],[-97.43998,31.16439],[-97.44131,31.16438],[-97.4421,31.16563],[-97.44216,31.16664],[-97.44288,31.16718],[-97.44363,31.16716],[-97.4469,31.16624],[-97.44955,31.1668],[-97.45077,31.16676],[-97.45191,31.16611],[-97.45368,31.16566],[-97.4551,31.1658],[-97.45582,31.16623],[-97.45721,31.16613],[-97.45985,31.16137],[-97.46022,31.16102],[-97.46089,31.1609],[-97.46439,31.16279],[-97.4669,31.16322],[-97.46652,31.16618],[-97.46691,31.16923],[-97.4699,31.175],[-97.47178,31.17381],[-97.47252,31.17459],[-97.47293,31.17464],[-97.47425,31.17347],[-97.47355,31.17487],[-97.47371,31.17518],[-97.47472,31.17572],[-97.47685,31.17611],[-97.47718,31.17582],[-97.47762,31.17584],[-97.47768,31.17639],[-97.47822,31.17696],[-97.47828,31.17616],[-97.47897,31.17629],[-97.47928,31.17601],[-97.47924,31.175],[-97.47974,31.17394],[-97.47984,31.17493],[-97.48049,31.1756],[-97.48113,31.17557],[-97.48142,31.17521],[-97.48185,31.17543],[-97.48276,31.17519],[-97.48343,31.17329],[-97.48307,31.17252],[-97.48359,31.17279],[-97.48401,31.17245],[-97.48375,31.17296],[-97.4838,31.17443],[-97.4841,31.17468],[-97.4858,31.17352],[-97.48609,31.17238],[-97.48638,31.17213],[-97.48678,31.17303],[-97.4872,31.17304],[-97.49043,31.17115],[-97.49129,31.17123],[-97.49332,31.17048],[-97.49808,31.16973],[-97.50024,31.16981],[-97.50283,31.17127],[-97.50466,31.17323],[-97.50636,31.1736],[-97.50644,31.17389],[-97.50621,31.1741],[-97.50695,31.17451],[-97.50567,31.17481],[-97.50563,31.17593],[-97.50611,31.17726],[-97.50677,31.17823],[-97.50723,31.17835],[-97.50702,31.17885],[-97.50742,31.17964],[-97.50833,31.17991],[-97.50918,31.17986],[-97.50784,31.18049],[-97.50797,31.18197],[-97.50852,31.18255],[-97.5083,31.18312],[-97.50875,31.18478],[-97.50951,31.18523],[-97.51233,31.18526],[-97.51288,31.18553],[-97.51318,31.18546],[-97.51258,31.18614],[-97.51332,31.18763],[-97.51318,31.18797],[-97.51279,31.18791],[-97.51152,31.1869],[-97.51122,31.18632],[-97.51094,31.18626],[-97.50826,31.18747],[-97.50839,31.18782],[-97.50884,31.1878],[-97.50889,31.18821],[-97.50851,31.18808],[-97.50789,31.18895],[-97.5082,31.19026],[-97.50896,31.19119],[-97.51029,31.19196],[-97.51106,31.19279],[-97.5125,31.19327],[-97.51113,31.19357],[-97.51119,31.19452],[-97.51195,31.19514],[-97.51148,31.19536],[-97.51144,31.19568],[-97.51288,31.19791],[-97.51377,31.19881],[-97.51455,31.19876],[-97.51451,31.19914],[-97.51368,31.19964],[-97.51308,31.20089],[-97.51329,31.20138],[-97.51501,31.20172],[-97.51368,31.20191],[-97.51317,31.20236],[-97.51266,31.20189],[-97.51189,31.20183],[-97.51125,31.2021],[-97.5109,31.20254],[-97.51056,31.20474],[-97.51274,31.20573],[-97.51317,31.20689],[-97.5139,31.20726],[-97.51391,31.20817],[-97.51468,31.20872],[-97.51542,31.20872],[-97.51654,31.20828],[-97.51734,31.20851],[-97.51858,31.20852],[-97.51886,31.20839],[-97.51893,31.20795],[-97.51922,31.20824],[-97.52062,31.20829],[-97.52211,31.20788],[-97.52309,31.20793],[-97.52373,31.20849],[-97.52348,31.20889],[-97.52291,31.20898],[-97.52325,31.2093],[-97.52488,31.20937],[-97.52595,31.20976],[-97.52759,31.20985],[-97.52267,31.20965],[-97.52149,31.20976],[-97.52075,31.21009],[-97.5203,31.21],[-97.52003,31.21025],[-97.51675,31.21031],[-97.51636,31.21059],[-97.51662,31.21105],[-97.51788,31.2111],[-97.51783,31.21202],[-97.51865,31.21215],[-97.51786,31.21456],[-97.5177,31.21606],[-97.51913,31.22003],[-97.51931,31.22144],[-97.52027,31.22271],[-97.52008,31.22532],[-97.52193,31.22643],[-97.52207,31.22633],[-97.5227,31.22692],[-97.52259,31.22715],[-97.5247,31.22709],[-97.52762,31.22607],[-97.52863,31.22639],[-97.53077,31.22648],[-97.5319,31.22735],[-97.53301,31.22712],[-97.53469,31.22726],[-97.53667,31.22894],[-97.53958,31.22999],[-97.54309,31.23038],[-97.54603,31.23029],[-97.5468,31.22992],[-97.54748,31.23015],[-97.54865,31.23087],[-97.54897,31.23194],[-97.54939,31.23249],[-97.55042,31.23281],[-97.55154,31.23366],[-97.55461,31.23393],[-97.55486,31.23354],[-97.55567,31.23362],[-97.55644,31.23574],[-97.5569,31.2363],[-97.55803,31.23695],[-97.56032,31.23717],[-97.56218,31.23703],[-97.56265,31.2377],[-97.56317,31.23999],[-97.56407,31.24062],[-97.56589,31.24113],[-97.56752,31.24112],[-97.56949,31.24162],[-97.57034,31.24236],[-97.48386,31.28651],[-97.41861,31.3202],[-97.37297,31.27402]]]}},{"type":"Feature","properties":{"PRECINCT":"bell:312","COUNTY":"Bell"},"geometry":{"type":"Polygon","coordinates":[[[-97.26417,31.05173],[-97.26352,31.05139],[-97.26365,31.05099],[-97.26335,31.05042],[-97.26431,31.04996],[-97.26435,31.04969],[-97.26406,31.04929],[-97.2631,31.04923],[-97.26314,31.0489],[-97.26226,31.04833],[-97.2629,31.04717],[-97.26265,31.04682],[-97.26268,31.04583],[-97.26217,31.04581],[-97.26107,31.04528],[-97.26048,31.04553],[-97.26005,31.04532],[-97.26069,31.04426],[-97.26072,31.04277],[-97.26123,31.04218],[-97.26073,31.04125],[-97.25988,31.04089],[-97.25968,31.04051],[-97.25895,31.04079],[-97.25897,31.04129],[-97.25877,31.04138],[-97.25837,31.04116],[-97.25676,31.04117],[-97.25478,31.04035],[-97.25477,31.03966],[-97.25547,31.03876],[-97.25553,31.03826],[-97.25658,31.0377],[-97.2559,31.0368],[-97.25526,31.03672],[-97.25488,31.0362],[-97.25451,31.03612],[-97.25434,31.03552],[-97.25467,31.03459],[-97.25436,31.03285],[-97.25467,31.03255],[-97.25469,31.03202],[-97.25405,31.03147],[-97.25372,31.03056],[-97.2522,31.03032],[-97.25193,31.02919],[-97.25111,31.02886],[-97.25069,31.02914],[-97.25076,31.02945],[-97.25046,31.02972],[-97.25,31.02967],[-97.2498,31.02923],[-97.24806,31.02949],[-97.24757,31.03032],[-97.24698,31.03053],[-97.24704,31.03114],[-97.24592,31.03167],[-97.24507,31.03142],[-97.24443,31.03167],[-97.24285,31.03158],[-97.24162,31.03207],[-97.24095,31.03142],[-97.24048,31.03164],[-97.24028,31.03202],[-97.23936,31.03178],[-97.23938,31.03259],[-97.2387,31.03381],[-97.23833,31.03385],[-97.23808,31.03363],[-97.23753,31.03385],[-97.23638,31.03321],[-97.23541,31.03308],[-97.23526,31.03166],[-97.23396,31.03014],[-97.23236,31.02997],[-97.23205,31.02967],[-97.23161,31.02974],[-97.23032,31.02922],[-97.22979,31.02939],[-97.229,31.02878],[-97.22837,31.0293],[-97.22784,31.02857],[-97.22708,31.02856],[-97.22673,31.02823],[-97.22524,31.02803],[-97.22501,31.02773],[-97.22331,31.02799],[-97.22303,31.02755],[-97.22241,31.02771],[-97.22092,31.02594],[-97.21997,31.02388],[-97.21966,31.02361],[-97.21908,31.02356],[-97.2189,31.02326],[-97.21768,31.0234],[-97.21729,31.02378],[-97.21659,31.02324],[-97.21552,31.02333],[-97.21503,31.02288],[-97.21455,31.02369],[-97.21427,31.02374],[-97.21402,31.0235],[-97.21326,31.02385],[-97.21328,31.02343],[-97.21237,31.02409],[-97.21194,31.02398],[-97.21192,31.02375],[-97.21056,31.02373],[-97.21054,31.02307],[-97.20996,31.02283],[-97.2092,31.02174],[-97.20815,31.02141],[-97.20689,31.02149],[-97.20697,31.02113],[-97.20602,31.02099],[-97.20596,31.02072],[-97.20545,31.02044],[-97.20564,31.02003],[-97.20508,31.02008],[-97.20487,31.0203],[-97.20459,31.02011],[-97.20442,31.02044],[-97.20356,31.02049],[-97.20337,31.02076],[-97.20278,31.02074],[-97.20316,31.02029],[-97.20291,31.02029],[-97.20176,31.02137],[-97.20121,31.02109],[-97.20062,31.01982],[-97.19956,31.01966],[-97.19884,31.02011],[-97.19836,31.02004],[-97.19811,31.01934],[-97.19759,31.0193],[-97.19743,31.01849],[-97.19677,31.01828],[-97.19657,31.01739],[-97.19528,31.01642],[-97.19438,31.01623],[-97.1941,31.01597],[-97.19396,31.01516],[-97.19317,31.01501],[-97.19295,31.01448],[-97.1921,31.01431],[-97.19149,31.01371],[-97.1898,31.01313],[-97.18947,31.01205],[-97.1879,31.01051],[-97.18719,31.00948],[-97.18622,31.00886],[-97.1851,31.00862],[-97.18361,31.0078],[-97.18258,31.00622],[-97.18158,31.00547],[-97.18055,31.00381],[-97.17749,31.00164],[-97.17513,31.00123],[-97.17333,31.00202],[-97.17174,31.00223],[-97.17074,31.00164],[-97.16983,31.00075],[-97.16946,31.00018],[-97.16974,30.9996],[-97.16943,30.99913],[-97.16262,30.99921],[-97.16214,30.99881],[-97.16217,30.99779],[-97.16063,30.99637],[-97.15882,30.99603],[-97.15814,30.99448],[-97.15819,30.99379],[-97.15934,30.99239],[-97.15991,30.99109],[-97.15936,30.9896],[-97.15863,30.98869],[-97.15938,30.98672],[-97.15931,30.98539],[-97.1587,30.98459],[-97.15821,30.98433],[-97.15607,30.98416],[-97.1557,30.98279],[-97.15394,30.98298],[-97.15252,30.98244],[-97.15241,30.98178],[-97.15299,30.98072],[-97.153,30.98006],[-97.15147,30.97915],[-97.15029,30.97914],[-97.15055,30.97845],[-97.14988,30.9777],[-97.15049,30.97717],[-97.14971,30.97662],[-97.14939,30.97605],[-97.14852,30.97578],[-97.14767,30.97606],[-97.14504,30.97438],[-97.1439,30.97315],[-97.14423,30.97244],[-97.14386,30.97232],[-97.14365,30.97192],[-97.14222,30.97137],[-97.14154,30.97052],[-97.13868,30.96909],[-97.13803,30.96885],[-97.13641,30.96892],[-97.1353,30.96844],[-97.13436,30.9687],[-97.13394,30.9684],[-97.1338,30.96783],[-97.13337,30.96805],[-97.13269,30.96774],[-97.13232,30.96747],[-97.13231,30.96711],[-97.13095,30.96677],[-97.13084,30.96635],[-97.12949,30.96558],[-97.129,30.96563],[-97.12841,30.96611],[-97.12689,30.96621],[-97.12541,30.96532],[-97.12508,30.96533],[-97.12463,30.96479],[-97.12378,30.96481],[-97.12382,30.96421],[-97.12294,30.9643],[-97.12186,30.96336],[-97.12112,30.96144],[-97.11991,30.96092],[-97.25027,30.89514],[-97.25029,30.89423],[-97.25896,30.88958],[-97.2651,30.87494],[-97.26622,30.87486],[-97.26744,30.87578],[-97.26811,30.87692],[-97.2685,30.87831],[-97.26918,30.87827],[-97.26981,30.87775],[-97.27152,30.87474],[-97.27143,30.87319],[-97.27235,30.87048],[-97.27612,30.86952],[-97.27703,30.86895],[-97.27591,30.86667],[-97.27669,30.86416],[-97.27734,30.86401],[-97.27847,30.86484],[-97.27925,30.86481],[-97.27976,30.86503],[-97.28006,30.86577],[-97.27977,30.86642],[-97.27985,30.86721],[-97.28176,30.86691],[-97.28282,30.86901],[-97.28343,30.8692],[-97.28454,30.86905],[-97.285,30.86927],[-97.28509,30.86983],[-97.28449,30.87065],[-97.28406,30.87215],[-97.28434,30.8727],[-97.28732,30.87438],[-97.28922,30.87732],[-97.29109,30.87831],[-97.29507,30.87748],[-97.29603,30.87764],[-97.29619,30.87844],[-97.29498,30.87951],[-97.29444,30.88033],[-97.29464,30.88103],[-97.29566,30.88226],[-97.29698,30.88234],[-97.30007,30.88131],[-97.30381,30.88175],[-97.30511,30.88068],[-97.3059,30.88046],[-97.30648,30.88061],[-97.30903,30.88217],[-97.30945,30.88278],[-97.30919,30.88459],[-97.30932,30.88569],[-97.30952,30.88635],[-97.31045,30.88701],[-97.3107,30.88797],[-97.3102,30.88879],[-97.3096,30.88922],[-97.30845,30.88954],[-97.30637,30.88943],[-97.30411,30.88852],[-97.30248,30.88892],[-97.30201,30.88932],[-97.30183,30.88994],[-97.30442,30.89213],[-97.30479,30.89214],[-97.30593,30.89079],[-97.30818,30.89042],[-97.30863,30.89098],[-97.30829,30.89273],[-97.30873,30.89346],[-97.30965,30.89371],[-97.3103,30.89364],[-97.3112,30.89292],[-97.31178,30.89289],[-97.31266,30.89342],[-97.31302,30.89423],[-97.31349,30.89445],[-97.3141,30.89422],[-97.31547,30.89298],[-97.3159,30.89324],[-97.31642,30.89487],[-97.3169,30.89536],[-97.3182,30.89601],[-97.32058,30.89668],[-97.32061,30.89704],[-97.32011,30.8979],[-97.3201,30.89869],[-97.32061,30.89962],[-97.32199,30.901],[-97.3222,30.90157],[-97.32212,30.90194],[-97.32081,30.90281],[-97.32073,30.90358],[-97.32236,30.90535],[-97.32304,30.90645],[-97.32261,30.90695],[-97.32041,30.90805],[-97.32016,30.90857],[-97.32084,30.90911],[-97.32283,30.90942],[-97.32344,30.91006],[-97.32384,30.91138],[-97.3256,30.91191],[-97.32572,30.91314],[-97.32451,30.91428],[-97.32341,30.9146],[-97.32264,30.91446],[-97.32163,30.91356],[-97.32035,30.91366],[-97.31925,30.91472],[-97.3192,30.91642],[-97.31804,30.91831],[-97.31751,30.91859],[-97.31639,30.91823],[-97.31571,30.91829],[-97.31374,30.91954],[-97.31337,30.92022],[-97.31395,30.92065],[-97.31668,30.92118],[-97.32067,30.92156],[-97.32204,30.92234],[-97.32195,30.92276],[-97.32118,30.92331],[-97.32028,30.92355],[-97.31919,30.92329],[-97.31863,30.92374],[-97.31869,30.92434],[-97.32032,30.92627],[-97.32219,30.92599],[-97.324,30.92457],[-97.32479,30.92448],[-97.32505,30.92465],[-97.3256,30.92642],[-97.32692,30.92704],[-97.32702,30.92747],[-97.32584,30.92818],[-97.32544,30.92908],[-97.32467,30.92934],[-97.32393,30.92909],[-97.32372,30.92803],[-97.32346,30.9278],[-97.32257,30.92776],[-97.32086,30.92853],[-97.32019,30.92935],[-97.3202,30.92985],[-97.32105,30.93069],[-97.32294,30.93034],[-97.32509,30.93173],[-97.32772,30.93201],[-97.32807,30.93257],[-97.32764,30.93369],[-97.32715,30.93417],[-97.32258,30.93616],[-97.32224,30.93642],[-97.32218,30.93682],[-97.32433,30.93908],[-97.32615,30.94015],[-97.32703,30.94001],[-97.32757,30.93912],[-97.32823,30.93885],[-97.33025,30.93916],[-97.33077,30.93982],[-97.33027,30.94089],[-97.32752,30.94242],[-97.32662,30.94268],[-97.32511,30.94257],[-97.32347,30.9428],[-97.32058,30.94284],[-97.31872,30.94399],[-97.31649,30.94617],[-97.3158,30.94607],[-97.31387,30.94688],[-97.31354,30.94741],[-97.31235,30.94752],[-97.31413,30.9536],[-97.31563,30.95587],[-97.31703,30.95716],[-97.31813,30.96219],[-97.31823,30.9636],[-97.31637,30.96867],[-97.32033,30.96932],[-97.32225,30.97352],[-97.32149,30.97554],[-97.3201,30.97736],[-97.31509,30.99094],[-97.32629,30.99396],[-97.32581,31.00441],[-97.32433,31.01311],[-97.33303,31.01541],[-97.33187,31.01838],[-97.33581,31.01947],[-97.33444,31.02878],[-97.33117,31.02793],[-97.32221,31.02762],[-97.31703,31.0263],[-97.3119,31.02456],[-97.31061,31.02435],[-97.31107,31.02314],[-97.30532,31.02166],[-97.30274,31.01817],[-97.29998,31.01966],[-97.30049,31.02063],[-97.29817,31.02193],[-97.29769,31.0226],[-97.28123,31.01798],[-97.27958,31.02229],[-97.27918,31.02236],[-97.27613,31.03046],[-97.27648,31.03286],[-97.27602,31.0341],[-97.27157,31.03284],[-97.26997,31.03682],[-97.27002,31.03726],[-97.26917,31.03864],[-97.26417,31.05173]]]}},{"type":"Feature","properties":{"PRECINCT":"bell:313","COUNTY":"Bell"},"geometry":{"type":"Polygon","coordinates":[[[-97.38096,31.07754],[-97.37949,31.07639],[-97.37782,31.07565],[-97.36798,31.07342],[-97.37256,31.0614],[-97.37559,31.06218],[-97.37616,31.06065],[-97.37945,31.06158],[-97.38016,31.0615],[-97.38184,31.05946],[-97.38503,31.05722],[-97.38537,31.05675],[-97.39008,31.0581],[-97.39327,31.05763],[-97.39432,31.05776],[-97.39608,31.05822],[-97.39706,31.05898],[-97.39696,31.05939],[-97.39755,31.05776],[-97.40181,31.05894],[-97.4061,31.06016],[-97.40659,31.06052],[-97.40694,31.06274],[-97.40783,31.06284],[-97.41702,31.06558],[-97.41519,31.07041],[-97.41521,31.0721],[-97.41478,31.0739],[-97.41507,31.0755],[-97.41427,31.07735],[-97.41227,31.07876],[-97.41153,31.07968],[-97.41063,31.07919],[-97.40641,31.07801],[-97.40084,31.07673],[-97.39905,31.07674],[-97.3971,31.07635],[-97.39545,31.07641],[-97.39273,31.07581],[-97.39112,31.07597],[-97.39032,31.0763],[-97.3894,31.07819],[-97.38892,31.07845],[-97.38419,31.07733],[-97.38245,31.07991],[-97.38096,31.07754]]]}},{"type":"Feature","properties":{"PRECINCT":"bell:314","COUNTY":"Bell"},"geometry":{"type":"Polygon","coordinates":[[[-97.35671,31.09452],[-97.35387,31.09447],[-97.35415,31.09364],[-97.35318,31.09337],[-97.35567,31.08672],[-97.36228,31.08857],[-97.36798,31.07342],[-97.37782,31.07565],[-97.37949,31.07639],[-97.38096,31.07754],[-97.38169,31.07845],[-97.38366,31.08238],[-97.38725,31.09047],[-97.36821,31.0961],[-97.36474,31.09752],[-97.36305,31.09692],[-97.35946,31.09511],[-97.35671,31.09452]]]}},{"type":"Feature","properties":{"PRECINCT":"bell:315","COUNTY":"Bell"},"geometry":{"type":"Polygon","coordinates":[[[-97.403,31.13566],[-97.40383,31.13557],[-97.405,31.13283],[-97.40082,31.13002],[-97.40166,31.12905],[-97.4013,31.12828],[-97.40253,31.12686],[-97.40265,31.12624],[-97.40552,31.125],[-97.40594,31.12423],[-97.40662,31.12408],[-97.40696,31.12369],[-97.40653,31.12349],[-97.40586,31.12246],[-97.40478,31.12231],[-97.40366,31.12102],[-97.40411,31.11997],[-97.40496,31.11945],[-97.40477,31.11837],[-97.40527,31.11778],[-97.40475,31.11685],[-97.40491,31.11654],[-97.40468,31.11626],[-97.40439,31.11428],[-97.41377,31.11674],[-97.42365,31.11969],[-97.4266,31.12027],[-97.42934,31.11989],[-97.4295,31.1186],[-97.43072,31.11681],[-97.43283,31.11175],[-97.44578,31.1155],[-97.43327,31.14696],[-97.4314,31.15013],[-97.42889,31.15354],[-97.42093,31.16331],[-97.41685,31.16875],[-97.41398,31.17448],[-97.4127,31.17772],[-97.39503,31.17271],[-97.39659,31.16739],[-97.39942,31.16472],[-97.39967,31.16409],[-97.39956,31.16381],[-97.39773,31.16322],[-97.39745,31.16262],[-97.40183,31.15573],[-97.40361,31.15117],[-97.40335,31.15075],[-97.39811,31.14853],[-97.39798,31.14815],[-97.403,31.13566]]]}},{"type":"Feature","properties":{"PRECINCT":"bell:317","COUNTY":"Bell"},"geometry":{"type":"Polygon","coordinates":[[[-97.41187,31.06404],[-97.40694,31.06274],[-97.40659,31.06052],[-97.4061,31.06016],[-97.39755,31.05776],[-97.39696,31.05939],[-97.39706,31.05898],[-97.39608,31.05822],[-97.3954,31.05801],[-97.39327,31.05763],[-97.39008,31.0581],[-97.38047,31.05536],[-97.38114,31.05444],[-97.3801,31.05361],[-97.38114,31.05101],[-97.37893,31.05047],[-97.37908,31.05018],[-97.38013,31.04972],[-97.38017,31.04898],[-97.38087,31.04845],[-97.36158,31.04845],[-97.35897,31.04908],[-97.35461,31.04787],[-97.35509,31.04676],[-97.35492,31.04651],[-97.34626,31.04406],[-97.34394,31.04374],[-97.34819,31.03284],[-97.34977,31.03319],[-97.35164,31.03322],[-97.36199,31.03116],[-97.36213,31.03033],[-97.3638,31.03027],[-97.3654,31.03057],[-97.36549,31.03036],[-97.37679,31.03309],[-97.37643,31.03402],[-97.38084,31.03511],[-97.3851,31.03504],[-97.38938,31.03661],[-97.39409,31.03759],[-97.39432,31.037],[-97.39597,31.03739],[-97.39636,31.03653],[-97.40168,31.03809],[-97.40698,31.03922],[-97.4071,31.03887],[-97.40924,31.03967],[-97.40945,31.03949],[-97.41219,31.04019],[-97.41556,31.03992],[-97.4168,31.04007],[-97.43355,31.04438],[-97.4321,31.04609],[-97.43105,31.04612],[-97.42915,31.04571],[-97.42853,31.04632],[-97.42715,31.04857],[-97.42597,31.04942],[-97.42381,31.05014],[-97.42174,31.04992],[-97.42013,31.05007],[-97.41819,31.05123],[-97.41661,31.05136],[-97.41597,31.0511],[-97.41475,31.05175],[-97.4145,31.05302],[-97.41469,31.05457],[-97.41508,31.05557],[-97.41621,31.05661],[-97.41187,31.06404]]]}},{"type":"Feature","properties":{"PRECINCT":"bell:318","COUNTY":"Bell"},"geometry":{"type":"Polygon","coordinates":[[[-97.40029,31.11324],[-97.40292,31.10633],[-97.40368,31.10514],[-97.40388,31.10403],[-97.41005,31.08774],[-97.41296,31.08522],[-97.41411,31.08477],[-97.41452,31.08391],[-97.41827,31.08204],[-97.4166,31.08675],[-97.42718,31.08977],[-97.42697,31.09032],[-97.43195,31.09166],[-97.43171,31.09228],[-97.43945,31.09452],[-97.43963,31.09471],[-97.4391,31.09645],[-97.45185,31.10025],[-97.44578,31.1155],[-97.43283,31.11175],[-97.43072,31.11681],[-97.4295,31.1186],[-97.42934,31.11989],[-97.42893,31.12],[-97.4266,31.12027],[-97.42365,31.11969],[-97.41377,31.11674],[-97.40029,31.11324]]]}},{"type":"Feature","properties":{"PRECINCT":"bosque:1","COUNTY":"Bosque"},"geometry":{"type":"Polygon","coordinates":[[[-97.84389,32.07227],[-97.84109,32.07171],[-97.84055,32.07201],[-97.83969,32.07103],[-97.83697,32.07056],[-97.8347,32.07044],[-97.83437,32.07078],[-97.83367,32.07094],[-97.83366,32.07127],[-97.83309,32.0712],[-97.83275,32.07151],[-97.83154,32.07172],[-97.83071,32.07151],[-97.82994,32.07048],[-97.83003,32.06739],[-97.82903,32.06695],[-97.82943,32.06609],[-97.82999,32.06614],[-97.83087,32.06561],[-97.83038,32.06553],[-97.82832,32.06437],[-97.82558,32.06427],[-97.82402,32.06394],[-97.82117,32.06397],[-97.81672,32.06528],[-97.81575,32.06601],[-97.81406,32.06611],[-97.81344,32.06646],[-97.81324,32.06726],[-97.81173,32.0673],[-97.81052,32.06627],[-97.81089,32.06547],[-97.81056,32.0645],[-97.81046,32.06279],[-97.8102,32.06226],[-97.80909,32.06162],[-97.80903,32.06038],[-97.80696,32.05933],[-97.80579,32.05935],[-97.80511,32.05883],[-97.8033,32.05839],[-97.80287,32.05782],[-97.80337,32.05736],[-97.80324,32.05642],[-97.80189,32.05615],[-97.80097,32.05564],[-97.79663,32.05478],[-97.7963,32.0539],[-97.79591,32.0537],[-97.79551,32.05398],[-97.79503,32.05358],[-97.79464,32.05195],[-97.79498,32.05024],[-97.79644,32.04728],[-97.79614,32.04632],[-97.79511,32.04492],[-97.79476,32.04392],[-97.79413,32.04397],[-97.79337,32.04455],[-97.79279,32.04422],[-97.7919,32.0431],[-97.79032,32.04297],[-97.79041,32.04241],[-97.79083,32.04219],[-97.79137,32.04137],[-97.79122,32.04108],[-97.7909,32.04091],[-97.7895,32.04091],[-97.78916,32.03994],[-97.78862,32.03972],[-97.78695,32.03984],[-97.78589,32.03944],[-97.78482,32.03967],[-97.78384,32.03911],[-97.78218,32.03896],[-97.78157,32.03857],[-97.7788,32.03892],[-97.77809,32.03857],[-97.77783,32.03773],[-97.77694,32.03729],[-97.77525,32.03697],[-97.77488,32.03628],[-97.77594,32.03549],[-97.77607,32.03469],[-97.77744,32.03369],[-97.77857,32.03329],[-97.77992,32.03167],[-97.77935,32.03008],[-97.77982,32.02859],[-97.77952,32.02807],[-97.77897,32.02788],[-97.77874,32.02753],[-97.77979,32.02636],[-97.77997,32.02577],[-97.78108,32.02533],[-97.78067,32.02467],[-97.78058,32.02318],[-97.78092,32.02267],[-97.7816,32.02234],[-97.78189,32.02107],[-97.7828,32.02011],[-97.78291,32.01962],[-97.78245,32.01851],[-97.78094,32.01888],[-97.78014,32.01931],[-97.77606,32.02341],[-97.77275,32.02526],[-97.76338,32.01217],[-97.7635,32.01182],[-97.76542,32.0108],[-97.76187,32.00552],[-97.75542,32.00069],[-97.75264,31.99666],[-97.75441,31.99553],[-97.75474,31.99267],[-97.7575,31.99112],[-97.75834,31.98892],[-97.76005,31.98722],[-97.75976,31.98596],[-97.76068,31.98463],[-97.75894,31.98252],[-97.76434,31.97922],[-97.76967,31.97636],[-97.76884,31.975],[-97.76899,31.97257],[-97.7683,31.97068],[-97.77062,31.96655],[-97.77185,31.96572],[-97.77203,31.96523],[-97.76899,31.96116],[-97.77065,31.96025],[-97.77103,31.95895],[-97.7675,31.95359],[-97.77937,31.95646],[-97.78076,31.95492],[-97.78139,31.95367],[-97.78591,31.95075],[-97.79156,31.95065],[-97.7975,31.9496],[-97.79868,31.95015],[-97.79988,31.95022],[-97.81033,31.9482],[-97.81199,31.94841],[-97.81737,31.94705],[-97.82146,31.94751],[-97.82214,31.94771],[-97.82254,31.94823],[-97.82211,31.94582],[-97.82232,31.9451],[-97.82191,31.94357],[-97.81812,31.942],[-97.81504,31.93761],[-97.81433,31.93754],[-97.81395,31.93726],[-97.80757,31.92815],[-97.80629,31.92863],[-97.80603,31.92853],[-97.79945,31.91896],[-97.83375,31.90126],[-97.83127,31.89801],[-97.82917,31.89712],[-97.82734,31.89774],[-97.82491,31.89602],[-97.82487,31.89456],[-97.82407,31.8932],[-97.82406,31.89269],[-97.82464,31.89085],[-97.82742,31.88622],[-97.82736,31.88446],[-97.82761,31.8833],[-97.8267,31.88019],[-97.82692,31.87836],[-97.82491,31.87543],[-97.82456,31.87431],[-97.82895,31.87324],[-97.83621,31.87253],[-97.83872,31.87166],[-97.83952,31.87173],[-97.8405,31.87225],[-97.84126,31.87224],[-97.84849,31.86865],[-97.84943,31.86744],[-97.85097,31.86672],[-97.8642,31.86503],[-97.8729,31.8626],[-97.87571,31.86149],[-97.87765,31.86123],[-97.88031,31.86156],[-97.87391,31.85218],[-97.87286,31.85011],[-97.87141,31.84858],[-97.86953,31.84591],[-97.869,31.84465],[-97.86921,31.84271],[-97.8707,31.83998],[-97.87161,31.8367],[-97.87192,31.8325],[-97.87438,31.8285],[-97.95233,31.94086],[-98.00037,32.01114],[-98.00546,32.0179],[-97.8654,32.08706],[-97.83536,32.10234],[-97.83485,32.10081],[-97.82826,32.09171],[-97.82635,32.08867],[-97.82667,32.08727],[-97.82648,32.0865],[-97.82917,32.08504],[-97.83163,32.08187],[-97.83701,32.0806],[-97.84741,32.07498],[-97.84468,32.07373],[-97.84414,32.07324],[-97.84432,32.07285],[-97.84389,32.07227]]]}},{"type":"Feature","properties":{"PRECINCT":"bosque:10","COUNTY":"Bosque"},"geometry":{"type":"Polygon","coordinates":[[[-97.55048,31.7317],[-97.54773,31.7187],[-97.54376,31.72068],[-97.54532,31.72596],[-97.5446,31.72567],[-97.54292,31.72322],[-97.54258,31.72309],[-97.54186,31.72164],[-97.54135,31.72131],[-97.54101,31.72144],[-97.54004,31.721],[-97.53894,31.72019],[-97.53746,31.71975],[-97.53694,31.71915],[-97.53629,31.71767],[-97.53464,31.71591],[-97.53432,31.71499],[-97.53461,31.71401],[-97.53596,31.71314],[-97.53702,31.71194],[-97.53584,31.71215],[-97.53533,31.71186],[-97.5334,31.71248],[-97.53097,31.7144],[-97.52981,31.71484],[-97.52744,31.71489],[-97.5261,31.71588],[-97.52538,31.71794],[-97.52626,31.71977],[-97.52543,31.72021],[-97.52407,31.72025],[-97.52425,31.72162],[-97.52404,31.72306],[-97.52303,31.72386],[-97.52277,31.72446],[-97.5215,31.7238],[-97.51991,31.71969],[-97.52001,31.71666],[-97.51961,31.71584],[-97.51883,31.71602],[-97.51826,31.71694],[-97.5161,31.71866],[-97.51509,31.71865],[-97.51374,31.71826],[-97.51196,31.71913],[-97.51152,31.7203],[-97.50783,31.72445],[-97.50605,31.72556],[-97.50541,31.72573],[-97.50503,31.72555],[-97.50415,31.72424],[-97.50241,31.72323],[-97.50217,31.72224],[-97.50148,31.72113],[-97.50213,31.71964],[-97.50176,31.7187],[-97.49996,31.72042],[-97.4972,31.72046],[-97.49546,31.71887],[-97.49296,31.71898],[-97.4923,31.71786],[-97.49076,31.71706],[-97.49082,31.71594],[-97.49148,31.71568],[-97.49224,31.71496],[-97.49172,31.71214],[-97.49076,31.70931],[-97.48974,31.70954],[-97.48716,31.71065],[-97.4828,31.71185],[-97.48202,31.71231],[-97.48138,31.71307],[-97.48093,31.7132],[-97.47879,31.71293],[-97.47794,31.71307],[-97.47741,31.7124],[-97.47638,31.71204],[-97.47293,31.714],[-97.47145,31.71305],[-97.47148,31.71156],[-97.46963,31.70354],[-97.44386,31.71661],[-97.44236,31.71834],[-97.43203,31.72385],[-97.43159,31.72496],[-97.42392,31.71439],[-97.41394,31.70803],[-97.41235,31.70571],[-97.41191,31.70573],[-97.4088,31.70709],[-97.4039,31.70003],[-97.39715,31.70341],[-97.3949,31.70387],[-97.38656,31.69257],[-97.38839,31.6919],[-97.47375,31.65126],[-97.48291,31.64612],[-97.54588,31.61588],[-97.58023,31.5988],[-97.60523,31.58776],[-97.61828,31.60637],[-97.6253,31.61706],[-97.65539,31.66085],[-97.65351,31.66136],[-97.65409,31.66226],[-97.65402,31.66264],[-97.63952,31.67005],[-97.63631,31.67256],[-97.63434,31.67505],[-97.63241,31.67643],[-97.62758,31.67896],[-97.62629,31.67943],[-97.62392,31.67911],[-97.62142,31.68106],[-97.62081,31.6813],[-97.61242,31.6815],[-97.61001,31.68246],[-97.60931,31.6831],[-97.60463,31.6855],[-97.60582,31.68812],[-97.60926,31.69294],[-97.6027,31.69637],[-97.60023,31.69869],[-97.59866,31.69962],[-97.5965,31.69988],[-97.59374,31.69966],[-97.59168,31.69998],[-97.59086,31.70037],[-97.59013,31.70085],[-97.58827,31.70302],[-97.58571,31.70468],[-97.58486,31.70646],[-97.58481,31.70945],[-97.58562,31.71645],[-97.58504,31.71779],[-97.58352,31.7191],[-97.5635,31.72946],[-97.56188,31.72984],[-97.55439,31.73041],[-97.55048,31.7317]]]}},{"type":"Feature","properties":{"PRECINCT":"bosque:11","COUNTY":"Bosque"},"geometry":{"type":"Polygon","coordinates":[[[-97.37155,31.86636],[-97.3691,31.86547],[-97.36608,31.86582],[-97.36246,31.86495],[-97.35944,31.86364],[-97.35237,31.85994],[-97.34097,31.85314],[-97.33606,31.84921],[-97.33568,31.84852],[-97.33488,31.84795],[-97.33157,31.8432],[-97.32913,31.84188],[-97.32715,31.84145],[-97.32552,31.84177],[-97.31089,31.84753],[-97.30878,31.84785],[-97.30643,31.84791],[-97.30532,31.84834],[-97.30374,31.84839],[-97.30267,31.84828],[-97.2998,31.84699],[-97.29362,31.84608],[-97.29069,31.84529],[-97.28965,31.8454],[-97.28802,31.84455],[-97.28544,31.84417],[-97.28206,31.84315],[-97.27953,31.84127],[-97.27831,31.83947],[-97.27718,31.83633],[-97.27672,31.83352],[-97.27699,31.83247],[-97.277,31.83076],[-97.27813,31.82806],[-97.281,31.82434],[-97.28325,31.82246],[-97.28717,31.82026],[-97.28758,31.81967],[-97.29042,31.81853],[-97.29177,31.81751],[-97.29261,31.81715],[-97.2985,31.81064],[-97.3026,31.80683],[-97.30516,31.80391],[-97.30853,31.8007],[-97.32004,31.7936],[-97.32489,31.79191],[-97.32551,31.79144],[-97.3265,31.78974],[-97.32653,31.78836],[-97.32517,31.7833],[-97.32492,31.78141],[-97.32366,31.77835],[-97.3211,31.77521],[-97.31798,31.77205],[-97.31761,31.77101],[-97.31677,31.77042],[-97.31199,31.76429],[-97.31033,31.76155],[-97.30675,31.75933],[-97.30488,31.75847],[-97.30003,31.75641],[-97.29825,31.75621],[-97.29649,31.75555],[-97.29082,31.75223],[-97.28907,31.75092],[-97.28665,31.75018],[-97.28534,31.7493],[-97.28036,31.74718],[-97.27726,31.74549],[-97.38656,31.69257],[-97.3949,31.70387],[-97.39715,31.70341],[-97.4039,31.70003],[-97.4088,31.70709],[-97.41191,31.70573],[-97.41235,31.70571],[-97.41394,31.70803],[-97.42392,31.71439],[-97.43159,31.72496],[-97.43203,31.72385],[-97.44236,31.71834],[-97.44386,31.71661],[-97.46963,31.70354],[-97.47148,31.71156],[-97.47145,31.71305],[-97.48111,31.71933],[-97.49428,31.73832],[-97.49415,31.7387],[-97.4919,31.73984],[-97.49174,31.74027],[-97.501,31.75316],[-97.50082,31.75474],[-97.50142,31.75606],[-97.50076,31.75943],[-97.51137,31.7743],[-97.48449,31.78832],[-97.48167,31.78948],[-97.47966,31.79083],[-97.45928,31.80125],[-97.45898,31.80187],[-97.44776,31.80743],[-97.43088,31.81621],[-97.43044,31.81618],[-97.41832,31.79876],[-97.41517,31.80032],[-97.41421,31.80113],[-97.4136,31.80232],[-97.41326,31.8047],[-97.41266,31.80572],[-97.41169,31.80649],[-97.39955,31.81246],[-97.38164,31.82162],[-97.37732,31.82404],[-97.36444,31.8304],[-97.36335,31.83117],[-97.36258,31.83233],[-97.36244,31.8334],[-97.36269,31.83443],[-97.37718,31.85487],[-97.37806,31.85623],[-97.37886,31.85845],[-97.37434,31.8619],[-97.37155,31.86636]]]}},{"type":"Feature","properties":{"PRECINCT":"bosque:2","COUNTY":"Bosque"},"geometry":{"type":"Polygon","coordinates":[[[-97.66049,32.17886],[-97.65429,32.16998],[-97.62523,32.18478],[-97.62218,32.18699],[-97.62068,32.18736],[-97.61914,32.1869],[-97.61484,32.18246],[-97.61194,32.17986],[-97.60818,32.1743],[-97.5929,32.16221],[-97.59093,32.15991],[-97.5848,32.15109],[-97.58062,32.14482],[-97.5786,32.14077],[-97.57503,32.13578],[-97.57343,32.13425],[-97.56999,32.13194],[-97.5695,32.13121],[-97.56749,32.12728],[-97.56806,32.12183],[-97.56755,32.11983],[-97.55525,32.10158],[-97.55526,32.09955],[-97.55933,32.09325],[-97.55957,32.09237],[-97.55946,32.09101],[-97.55883,32.08973],[-97.55421,32.08516],[-97.55108,32.08049],[-97.57407,32.06866],[-97.57781,32.06605],[-97.5793,32.0645],[-97.59647,32.04232],[-97.60589,32.02633],[-97.60699,32.02334],[-97.59997,32.0219],[-97.60046,32.01919],[-97.59921,32.019],[-97.59939,32.01803],[-97.59824,32.01784],[-97.6004,32.0096],[-97.60234,32.00887],[-97.60422,32.00703],[-97.60517,32.0076],[-97.60802,32.00832],[-97.60847,32.00884],[-97.60987,32.00909],[-97.61131,32.01016],[-97.61197,32.01031],[-97.61254,32.01012],[-97.61365,32.01053],[-97.61372,32.01086],[-97.61266,32.01215],[-97.61415,32.01499],[-97.61373,32.01584],[-97.61571,32.01596],[-97.61976,32.01524],[-97.62416,32.01598],[-97.62645,32.01659],[-97.65762,32.02809],[-97.66011,32.02921],[-97.66328,32.03106],[-97.66656,32.02964],[-97.71142,32.00658],[-97.73431,31.99523],[-97.74127,32.00525],[-97.7435,32.00341],[-97.74567,32.00021],[-97.75264,31.99666],[-97.75542,32.00069],[-97.76187,32.00552],[-97.76542,32.0108],[-97.7635,32.01182],[-97.76338,32.01217],[-97.77275,32.02526],[-97.77606,32.02341],[-97.78014,32.01931],[-97.78094,32.01888],[-97.78245,32.01851],[-97.78291,32.01962],[-97.7828,32.02011],[-97.78189,32.02107],[-97.7816,32.02234],[-97.78092,32.02267],[-97.78058,32.02318],[-97.78067,32.02467],[-97.78108,32.02533],[-97.77997,32.02577],[-97.77979,32.02636],[-97.77874,32.02753],[-97.77897,32.02788],[-97.77952,32.02807],[-97.77982,32.02859],[-97.77935,32.03008],[-97.77992,32.03167],[-97.77857,32.03329],[-97.77744,32.03369],[-97.77616,32.03459],[-97.77596,32.03547],[-97.77494,32.03618],[-97.77493,32.03661],[-97.7756,32.03713],[-97.77694,32.03729],[-97.77783,32.03773],[-97.77809,32.03857],[-97.7788,32.03892],[-97.78157,32.03857],[-97.78218,32.03896],[-97.78384,32.03911],[-97.78482,32.03967],[-97.78589,32.03944],[-97.78695,32.03984],[-97.78862,32.03972],[-97.78916,32.03994],[-97.7895,32.04091],[-97.7909,32.04091],[-97.79122,32.04108],[-97.79137,32.04137],[-97.79083,32.04219],[-97.79041,32.04241],[-97.79032,32.04297],[-97.7919,32.0431],[-97.79279,32.04422],[-97.79337,32.04455],[-97.79413,32.04397],[-97.79476,32.04392],[-97.79511,32.04492],[-97.79614,32.04632],[-97.79644,32.04728],[-97.79498,32.05024],[-97.79464,32.05195],[-97.79503,32.05358],[-97.79551,32.05398],[-97.79591,32.0537],[-97.7963,32.0539],[-97.79663,32.05478],[-97.80097,32.05564],[-97.80189,32.05615],[-97.80324,32.05642],[-97.80337,32.05736],[-97.80287,32.05782],[-97.8033,32.05839],[-97.80511,32.05883],[-97.80579,32.05935],[-97.80696,32.05933],[-97.80903,32.06038],[-97.80909,32.06162],[-97.81037,32.06247],[-97.81089,32.06547],[-97.81052,32.06627],[-97.81108,32.06656],[-97.81123,32.067],[-97.81173,32.0673],[-97.81324,32.06726],[-97.81344,32.06646],[-97.81406,32.06611],[-97.81575,32.06601],[-97.81672,32.06528],[-97.82117,32.06397],[-97.82402,32.06394],[-97.82558,32.06427],[-97.82832,32.06437],[-97.83038,32.06553],[-97.83087,32.06561],[-97.82999,32.06614],[-97.82943,32.06609],[-97.82903,32.06695],[-97.83003,32.06739],[-97.82994,32.07048],[-97.83071,32.07151],[-97.83154,32.07172],[-97.83275,32.07151],[-97.83309,32.0712],[-97.83366,32.07127],[-97.83367,32.07094],[-97.83437,32.07078],[-97.8347,32.07044],[-97.83921,32.07091],[-97.83969,32.07103],[-97.84055,32.07201],[-97.84109,32.07171],[-97.84182,32.07173],[-97.84389,32.07227],[-97.84432,32.07285],[-97.84414,32.07324],[-97.84468,32.07373],[-97.84741,32.07498],[-97.83701,32.0806],[-97.83163,32.08187],[-97.82917,32.08504],[-97.82648,32.0865],[-97.82667,32.08727],[-97.82635,32.08867],[-97.82826,32.09171],[-97.83485,32.10081],[-97.83536,32.10234],[-97.79106,32.12515],[-97.77923,32.13096],[-97.77775,32.13193],[-97.75997,32.14099],[-97.75831,32.14149],[-97.75454,32.14341],[-97.74599,32.14786],[-97.74619,32.14814],[-97.74043,32.15108],[-97.74003,32.15097],[-97.71163,32.16512],[-97.71056,32.16589],[-97.70338,32.1696],[-97.70131,32.17054],[-97.69968,32.17098],[-97.69851,32.17213],[-97.66632,32.18882],[-97.66442,32.18745],[-97.66387,32.1868],[-97.66346,32.1854],[-97.6636,32.18309],[-97.66342,32.1825],[-97.66049,32.17886]]]}},{"type":"Feature","properties":{"PRECINCT":"bosque:3","COUNTY":"Bosque"},"geometry":{"type":"Polygon","coordinates":[[[-97.6248,32.01613],[-97.61922,32.01526],[-97.61571,32.01596],[-97.61373,32.01584],[-97.61415,32.01499],[-97.61266,32.01215],[-97.61372,32.01086],[-97.61365,32.01053],[-97.61254,32.01012],[-97.6119,32.01027],[-97.63142,31.99771],[-97.63319,31.99637],[-97.6346,31.99486],[-97.64707,31.97898],[-97.64844,31.97765],[-97.65478,31.97318],[-97.65576,31.97184],[-97.65634,31.97023],[-97.65748,31.96353],[-97.6561,31.93882],[-97.65583,31.93743],[-97.65516,31.93614],[-97.65172,31.93126],[-97.64668,31.93393],[-97.64623,31.93324],[-97.64576,31.93348],[-97.64353,31.93031],[-97.64763,31.92812],[-97.64627,31.92629],[-97.65031,31.92421],[-97.65016,31.92415],[-97.6508,31.9232],[-97.65016,31.92233],[-97.65194,31.92141],[-97.65386,31.92413],[-97.65605,31.92301],[-97.65561,31.92241],[-97.65773,31.92133],[-97.65817,31.92191],[-97.66033,31.92084],[-97.66075,31.92105],[-97.66635,31.91436],[-97.66756,31.9133],[-97.67021,31.91178],[-97.67293,31.91132],[-97.6743,31.9108],[-97.67776,31.90838],[-97.68946,31.90228],[-97.69554,31.89202],[-97.69699,31.88749],[-97.69801,31.88565],[-97.69886,31.88476],[-97.70323,31.88132],[-97.71402,31.86567],[-97.71697,31.86346],[-97.71951,31.86009],[-97.72211,31.85787],[-97.74709,31.84195],[-97.75078,31.84718],[-97.75323,31.84763],[-97.75357,31.84786],[-97.75411,31.852],[-97.75478,31.85338],[-97.75651,31.8552],[-97.7576,31.85712],[-97.76094,31.86182],[-97.76103,31.86215],[-97.76027,31.86264],[-97.76112,31.86425],[-97.76172,31.86457],[-97.76337,31.8647],[-97.76299,31.86531],[-97.76307,31.86609],[-97.76187,31.86684],[-97.76127,31.86852],[-97.75954,31.8706],[-97.75748,31.87367],[-97.7529,31.87606],[-97.75259,31.87796],[-97.75511,31.87791],[-97.76252,31.87836],[-97.76567,31.87898],[-97.76756,31.87889],[-97.77061,31.87979],[-97.7748,31.88035],[-97.77815,31.88114],[-97.78038,31.88079],[-97.7848,31.87934],[-97.79174,31.88034],[-97.79444,31.88012],[-97.79561,31.87992],[-97.7991,31.87852],[-97.79979,31.87846],[-97.80422,31.88046],[-97.80938,31.8816],[-97.81159,31.88114],[-97.81449,31.87858],[-97.81645,31.87804],[-97.81816,31.87706],[-97.82051,31.8764],[-97.82242,31.87492],[-97.82456,31.87431],[-97.82491,31.87543],[-97.82692,31.87836],[-97.8267,31.88019],[-97.82761,31.8833],[-97.82736,31.88446],[-97.82742,31.88622],[-97.82464,31.89085],[-97.82406,31.89269],[-97.82407,31.8932],[-97.82487,31.89456],[-97.82491,31.89602],[-97.82734,31.89774],[-97.82917,31.89712],[-97.83127,31.89801],[-97.83375,31.90126],[-97.79945,31.91896],[-97.80603,31.92853],[-97.80629,31.92863],[-97.80757,31.92815],[-97.81395,31.93726],[-97.81433,31.93754],[-97.81504,31.93761],[-97.81812,31.942],[-97.82191,31.94357],[-97.82232,31.9451],[-97.82211,31.94582],[-97.82254,31.94823],[-97.82214,31.94771],[-97.82146,31.94751],[-97.81737,31.94705],[-97.81199,31.94841],[-97.81033,31.9482],[-97.79988,31.95022],[-97.79868,31.95015],[-97.7975,31.9496],[-97.79156,31.95065],[-97.78591,31.95075],[-97.78139,31.95367],[-97.78076,31.95492],[-97.77937,31.95646],[-97.7675,31.95359],[-97.77103,31.95895],[-97.77065,31.96025],[-97.76899,31.96116],[-97.77203,31.96523],[-97.77185,31.96572],[-97.77062,31.96655],[-97.7683,31.97068],[-97.76899,31.97257],[-97.76884,31.975],[-97.76967,31.97636],[-97.76434,31.97922],[-97.75894,31.98252],[-97.76068,31.98463],[-97.75976,31.98596],[-97.76005,31.98722],[-97.75834,31.98892],[-97.7575,31.99112],[-97.75474,31.99267],[-97.75436,31.99562],[-97.74567,32.00021],[-97.7435,32.00341],[-97.74127,32.00525],[-97.73431,31.99523],[-97.71142,32.00658],[-97.66656,32.02964],[-97.66328,32.03106],[-97.66011,32.02921],[-97.65762,32.02809],[-97.62762,32.01698],[-97.6248,32.01613]]]}},{"type":"Feature","properties":{"PRECINCT":"bosque:4","COUNTY":"Bosque"},"geometry":{"type":"Polygon","coordinates":[[[-97.60802,32.00832],[-97.60517,32.0076],[-97.60422,32.00703],[-97.60398,32.00727],[-97.60009,32.0065],[-97.59911,32.00557],[-97.59766,32.0048],[-97.59666,32.00396],[-97.59461,32.001],[-97.59399,32.00056],[-97.59322,32.00059],[-97.58946,32.00181],[-97.58842,32.0016],[-97.58611,32.00185],[-97.58554,32.00162],[-97.5843,32.00063],[-97.58282,31.99813],[-97.58055,31.99574],[-97.57406,31.98575],[-97.57359,31.98467],[-97.56729,31.97895],[-97.56628,31.97953],[-97.5655,31.9796],[-97.55841,31.9772],[-97.55441,31.97772],[-97.55118,31.97738],[-97.54949,31.9767],[-97.5459,31.97332],[-97.54354,31.97185],[-97.54078,31.97246],[-97.5377,31.97154],[-97.53592,31.97217],[-97.53437,31.97163],[-97.53269,31.97136],[-97.53046,31.97189],[-97.52905,31.97195],[-97.52503,31.97111],[-97.52054,31.97064],[-97.51799,31.97016],[-97.50895,31.96464],[-97.50716,31.9644],[-97.50525,31.96367],[-97.5036,31.96219],[-97.50201,31.96128],[-97.50121,31.96139],[-97.49773,31.96311],[-97.49434,31.96311],[-97.49122,31.96359],[-97.48796,31.96301],[-97.48339,31.9615],[-97.48271,31.96146],[-97.4698,31.96803],[-97.46763,31.96414],[-97.45992,31.95655],[-97.45619,31.94993],[-97.45555,31.94784],[-97.45593,31.94573],[-97.4567,31.94447],[-97.46088,31.9413],[-97.46191,31.94007],[-97.46252,31.9384],[-97.46318,31.93265],[-97.46368,31.93103],[-97.46867,31.92564],[-97.46946,31.9241],[-97.46955,31.92168],[-97.46722,31.91486],[-97.46643,31.9128],[-97.46059,31.90469],[-97.43582,31.88488],[-97.43454,31.88349],[-97.43213,31.87732],[-97.43031,31.87162],[-97.4304,31.8702],[-97.43248,31.86412],[-97.46642,31.87584],[-97.50812,31.88449],[-97.52327,31.88937],[-97.53111,31.88525],[-97.52983,31.88269],[-97.53895,31.87788],[-97.53907,31.87765],[-97.5386,31.87706],[-97.53879,31.87683],[-97.54397,31.87427],[-97.54454,31.87482],[-97.54487,31.87481],[-97.55932,31.86748],[-97.56776,31.8789],[-97.57288,31.88025],[-97.57529,31.88357],[-97.57579,31.88384],[-97.58055,31.884],[-97.58273,31.8844],[-97.58681,31.88423],[-97.59048,31.88245],[-97.5929,31.88203],[-97.60196,31.87732],[-97.60726,31.87795],[-97.60838,31.87755],[-97.61081,31.881],[-97.61221,31.88185],[-97.61652,31.88182],[-97.61747,31.88213],[-97.61865,31.88297],[-97.61975,31.88274],[-97.61947,31.88196],[-97.62005,31.88191],[-97.62029,31.88152],[-97.62078,31.88192],[-97.62166,31.88197],[-97.6217,31.88133],[-97.62262,31.88139],[-97.62343,31.88117],[-97.62366,31.88088],[-97.62431,31.8814],[-97.62561,31.88183],[-97.62729,31.88333],[-97.62873,31.88326],[-97.6303,31.88248],[-97.63123,31.88227],[-97.63291,31.88235],[-97.63369,31.88296],[-97.63368,31.8844],[-97.63433,31.88473],[-97.63487,31.88468],[-97.63734,31.88298],[-97.63861,31.8828],[-97.63935,31.88316],[-97.64029,31.88264],[-97.64089,31.88289],[-97.6412,31.8823],[-97.64221,31.88276],[-97.64249,31.88232],[-97.64292,31.88224],[-97.64292,31.88162],[-97.64366,31.88032],[-97.62803,31.85872],[-97.62625,31.85561],[-97.61729,31.82395],[-97.62434,31.82235],[-97.64029,31.81621],[-97.64229,31.81641],[-97.64543,31.81824],[-97.64723,31.81862],[-97.66123,31.81451],[-97.66259,31.81436],[-97.6657,31.81468],[-97.66893,31.81333],[-97.67022,31.81321],[-97.6719,31.81384],[-97.67417,31.81625],[-97.67522,31.81668],[-97.67777,31.81723],[-97.6801,31.81923],[-97.68363,31.82084],[-97.68498,31.82177],[-97.68732,31.82406],[-97.69705,31.82806],[-97.69877,31.82921],[-97.70153,31.8318],[-97.70279,31.83251],[-97.70493,31.83312],[-97.70757,31.83461],[-97.70924,31.83464],[-97.71138,31.83374],[-97.71258,31.8336],[-97.71642,31.83482],[-97.71783,31.83488],[-97.71901,31.8345],[-97.72764,31.83016],[-97.72954,31.83019],[-97.73134,31.83132],[-97.73286,31.83263],[-97.73318,31.83316],[-97.73368,31.83779],[-97.73478,31.84118],[-97.73771,31.84786],[-97.72099,31.85871],[-97.71918,31.86047],[-97.71697,31.86346],[-97.71402,31.86567],[-97.70348,31.88102],[-97.70235,31.88216],[-97.69886,31.88476],[-97.69744,31.88648],[-97.69554,31.89202],[-97.68946,31.90228],[-97.67776,31.90838],[-97.6743,31.9108],[-97.67293,31.91132],[-97.67021,31.91178],[-97.66756,31.9133],[-97.66635,31.91436],[-97.66075,31.92105],[-97.66033,31.92084],[-97.65817,31.92191],[-97.65773,31.92133],[-97.65561,31.92241],[-97.65605,31.92301],[-97.65386,31.92413],[-97.65194,31.92141],[-97.65016,31.92233],[-97.6508,31.9232],[-97.65016,31.92415],[-97.65031,31.92421],[-97.64627,31.92629],[-97.64763,31.92812],[-97.64353,31.93031],[-97.64576,31.93348],[-97.64623,31.93324],[-97.64668,31.93393],[-97.65172,31.93126],[-97.65536,31.93645],[-97.65594,31.93777],[-97.65748,31.96353],[-97.65645,31.96983],[-97.65538,31.97247],[-97.65446,31.97347],[-97.64768,31.97831],[-97.63433,31.9952],[-97.63234,31.99707],[-97.6119,32.01027],[-97.61131,32.01016],[-97.60987,32.00909],[-97.60847,32.00884],[-97.60802,32.00832]]]}},{"type":"Feature","properties":{"PRECINCT":"bosque:5","COUNTY":"Bosque"},"geometry":{"type":"Polygon","coordinates":[[[-97.62801,32.20498],[-97.62597,32.20399],[-97.61913,32.2041],[-97.61505,32.20358],[-97.60798,32.20431],[-97.59981,32.20426],[-97.59759,32.20372],[-97.59556,32.20262],[-97.59429,32.20162],[-97.59239,32.19961],[-97.59157,32.19833],[-97.59045,32.19573],[-97.58976,32.19316],[-97.58965,32.19088],[-97.59016,32.18791],[-97.59082,32.18641],[-97.59241,32.18478],[-97.59649,32.18256],[-97.59994,32.1812],[-97.6019,32.17967],[-97.60243,32.17876],[-97.60258,32.1775],[-97.6023,32.17663],[-97.60156,32.17562],[-97.59948,32.17472],[-97.59754,32.17427],[-97.59584,32.17415],[-97.59293,32.17437],[-97.58549,32.17809],[-97.57863,32.18077],[-97.57595,32.18102],[-97.57457,32.18084],[-97.5734,32.18032],[-97.56986,32.17811],[-97.56848,32.17647],[-97.56769,32.17433],[-97.56765,32.17289],[-97.56827,32.16797],[-97.56804,32.16674],[-97.56757,32.16549],[-97.56691,32.16468],[-97.56486,32.16298],[-97.56449,32.16198],[-97.56445,32.16138],[-97.56485,32.16054],[-97.56933,32.15615],[-97.57059,32.15442],[-97.57048,32.15278],[-97.56995,32.15175],[-97.56912,32.15084],[-97.56801,32.15015],[-97.5642,32.14964],[-97.55912,32.14908],[-97.55521,32.14941],[-97.55402,32.14917],[-97.55022,32.14746],[-97.53805,32.14057],[-97.52516,32.13569],[-97.52223,32.13481],[-97.51612,32.13361],[-97.51468,32.13361],[-97.51285,32.13397],[-97.50985,32.13585],[-97.50836,32.13808],[-97.50817,32.139],[-97.50842,32.14029],[-97.50959,32.14156],[-97.51104,32.14375],[-97.51212,32.14664],[-97.51315,32.15255],[-97.51338,32.15559],[-97.51278,32.15936],[-97.51236,32.16059],[-97.51156,32.16184],[-97.51029,32.16268],[-97.50813,32.16327],[-97.50292,32.16266],[-97.49447,32.16454],[-97.49273,32.16565],[-97.491,32.16794],[-97.48901,32.16994],[-97.48741,32.17116],[-97.48339,32.17243],[-97.47662,32.17343],[-97.46948,32.17356],[-97.46621,32.17321],[-97.46249,32.17246],[-97.45974,32.1709],[-97.45823,32.16942],[-97.45691,32.16704],[-97.45644,32.16535],[-97.45664,32.16378],[-97.45721,32.16272],[-97.46006,32.15994],[-97.46157,32.15794],[-97.46562,32.1551],[-97.46682,32.15282],[-97.46813,32.14949],[-97.46921,32.14831],[-97.47607,32.14543],[-97.48496,32.14294],[-97.49125,32.1405],[-97.49408,32.13964],[-97.49592,32.13815],[-97.49678,32.13612],[-97.49711,32.13227],[-97.49666,32.13001],[-97.49585,32.12815],[-97.49039,32.12001],[-97.48849,32.11568],[-97.48616,32.11167],[-97.48383,32.10875],[-97.47809,32.10294],[-97.47506,32.10054],[-97.47243,32.09755],[-97.47125,32.09533],[-97.46993,32.09165],[-97.46977,32.08971],[-97.47066,32.08671],[-97.47714,32.08055],[-97.48299,32.07311],[-97.48652,32.06803],[-97.49088,32.06347],[-97.49141,32.06248],[-97.49209,32.05972],[-97.48567,32.04292],[-97.48533,32.03942],[-97.48681,32.02893],[-97.48683,32.02177],[-97.48597,32.01761],[-97.4835,32.01484],[-97.47779,32.01101],[-97.47494,32.01008],[-97.46311,32.01077],[-97.44769,32.0125],[-97.44196,32.01444],[-97.43971,32.01757],[-97.43681,32.02094],[-97.43534,32.02498],[-97.43368,32.02653],[-97.42999,32.02857],[-97.42639,32.02856],[-97.42554,32.02793],[-97.42346,32.02365],[-97.42292,32.02003],[-97.42297,32.01123],[-97.42274,32.00789],[-97.42182,32.00483],[-97.41858,32.00088],[-97.41577,31.99912],[-97.41008,31.99372],[-97.4077,31.99005],[-97.40564,31.98757],[-97.40353,31.98648],[-97.3813,31.9856],[-97.37875,31.98262],[-97.37731,31.97951],[-97.37722,31.97727],[-97.37999,31.97274],[-97.38408,31.969],[-97.38923,31.96609],[-97.39862,31.95761],[-97.40423,31.95371],[-97.427,31.94263],[-97.43188,31.93793],[-97.43433,31.93607],[-97.43877,31.93351],[-97.45486,31.92644],[-97.46214,31.93964],[-97.46088,31.9413],[-97.45768,31.94359],[-97.45657,31.94464],[-97.45565,31.94675],[-97.45555,31.94784],[-97.45578,31.9489],[-97.46014,31.95685],[-97.46763,31.96414],[-97.4698,31.96803],[-97.48271,31.96146],[-97.48339,31.9615],[-97.48796,31.96301],[-97.49122,31.96359],[-97.49434,31.96311],[-97.49773,31.96311],[-97.50121,31.96139],[-97.50201,31.96128],[-97.5036,31.96219],[-97.50525,31.96367],[-97.50716,31.9644],[-97.50895,31.96464],[-97.51799,31.97016],[-97.52054,31.97064],[-97.52503,31.97111],[-97.52905,31.97195],[-97.53046,31.97189],[-97.53269,31.97136],[-97.53437,31.97163],[-97.53592,31.97217],[-97.5377,31.97154],[-97.54078,31.97246],[-97.54354,31.97185],[-97.5459,31.97332],[-97.54949,31.9767],[-97.55118,31.97738],[-97.55441,31.97772],[-97.55841,31.9772],[-97.5655,31.9796],[-97.56628,31.97953],[-97.56729,31.97895],[-97.57359,31.98467],[-97.57406,31.98575],[-97.58055,31.99574],[-97.58282,31.99813],[-97.5843,32.00063],[-97.58554,32.00162],[-97.58611,32.00185],[-97.58842,32.0016],[-97.58946,32.00181],[-97.59322,32.00059],[-97.59399,32.00056],[-97.59461,32.001],[-97.59666,32.00396],[-97.59766,32.0048],[-97.59911,32.00557],[-97.60009,32.0065],[-97.60398,32.00727],[-97.60234,32.00887],[-97.6004,32.0096],[-97.59824,32.01784],[-97.59939,32.01803],[-97.59921,32.019],[-97.60046,32.01919],[-97.59997,32.0219],[-97.60699,32.02334],[-97.60589,32.02633],[-97.59647,32.04232],[-97.5793,32.0645],[-97.57781,32.06605],[-97.57407,32.06866],[-97.55108,32.08049],[-97.55421,32.08516],[-97.55883,32.08973],[-97.55946,32.09101],[-97.55957,32.09237],[-97.55933,32.09325],[-97.55526,32.09955],[-97.55525,32.10158],[-97.56755,32.11983],[-97.56806,32.12183],[-97.56749,32.12728],[-97.5695,32.13121],[-97.56999,32.13194],[-97.57343,32.13425],[-97.57503,32.13578],[-97.5786,32.14077],[-97.58062,32.14482],[-97.5848,32.15109],[-97.59093,32.15991],[-97.5929,32.16221],[-97.60818,32.1743],[-97.61194,32.17986],[-97.61484,32.18246],[-97.61914,32.1869],[-97.62068,32.18736],[-97.62218,32.18699],[-97.62523,32.18478],[-97.65429,32.16998],[-97.66049,32.17886],[-97.66342,32.1825],[-97.6636,32.18309],[-97.66343,32.18511],[-97.66377,32.18661],[-97.66442,32.18745],[-97.66632,32.18882],[-97.65757,32.19338],[-97.64991,32.19702],[-97.63089,32.2074],[-97.62801,32.20498]]]}},{"type":"Feature","properties":{"PRECINCT":"bosque:6","COUNTY":"Bosque"},"geometry":{"type":"Polygon","coordinates":[[[-97.46214,31.93964],[-97.45486,31.92644],[-97.43877,31.93351],[-97.43967,31.93078],[-97.43947,31.92977],[-97.4375,31.92816],[-97.43239,31.92498],[-97.42273,31.92318],[-97.41991,31.91987],[-97.41612,31.91475],[-97.41466,31.91236],[-97.41248,31.90984],[-97.40942,31.90825],[-97.40775,31.90784],[-97.40209,31.90989],[-97.39833,31.90981],[-97.39308,31.90723],[-97.38772,31.90396],[-97.37529,31.89841],[-97.3681,31.89426],[-97.36031,31.89067],[-97.35937,31.88963],[-97.35929,31.88922],[-97.35975,31.88835],[-97.36266,31.88618],[-97.3662,31.88493],[-97.36982,31.88444],[-97.37851,31.88492],[-97.38182,31.88425],[-97.38434,31.88169],[-97.38509,31.88027],[-97.38549,31.8786],[-97.38526,31.87673],[-97.38481,31.87412],[-97.38389,31.87182],[-97.38285,31.87079],[-97.38071,31.86973],[-97.37789,31.86854],[-97.37155,31.86636],[-97.37434,31.8619],[-97.38637,31.85291],[-97.3885,31.85207],[-97.39047,31.85195],[-97.40924,31.85374],[-97.41192,31.85428],[-97.41394,31.85508],[-97.42946,31.86298],[-97.43248,31.86412],[-97.4304,31.8702],[-97.43031,31.87162],[-97.43213,31.87732],[-97.43454,31.88349],[-97.43582,31.88488],[-97.46059,31.90469],[-97.46643,31.9128],[-97.46722,31.91486],[-97.46955,31.92168],[-97.46956,31.92374],[-97.46867,31.92564],[-97.46368,31.93103],[-97.46318,31.93265],[-97.46252,31.9384],[-97.46214,31.93964]]]}},{"type":"Feature","properties":{"PRECINCT":"bosque:7","COUNTY":"Bosque"},"geometry":{"type":"Polygon","coordinates":[[[-97.77061,31.87979],[-97.76727,31.87886],[-97.76526,31.87893],[-97.76252,31.87836],[-97.75511,31.87791],[-97.75259,31.87796],[-97.7529,31.87606],[-97.75748,31.87367],[-97.75954,31.8706],[-97.76127,31.86852],[-97.76187,31.86684],[-97.76307,31.86609],[-97.76299,31.86531],[-97.76337,31.8647],[-97.76172,31.86457],[-97.76112,31.86425],[-97.76027,31.86264],[-97.76103,31.86215],[-97.76094,31.86182],[-97.7576,31.85712],[-97.75651,31.8552],[-97.75478,31.85338],[-97.75411,31.852],[-97.75357,31.84786],[-97.75323,31.84763],[-97.75078,31.84718],[-97.74709,31.84195],[-97.73771,31.84786],[-97.73478,31.84118],[-97.73368,31.83779],[-97.73318,31.83316],[-97.73259,31.83237],[-97.73036,31.83056],[-97.72903,31.83008],[-97.72725,31.83027],[-97.71815,31.83483],[-97.71672,31.83489],[-97.71258,31.8336],[-97.71138,31.83374],[-97.70924,31.83464],[-97.70757,31.83461],[-97.70493,31.83312],[-97.70279,31.83251],[-97.70153,31.8318],[-97.69877,31.82921],[-97.69705,31.82806],[-97.68732,31.82406],[-97.68471,31.82157],[-97.68297,31.82046],[-97.6801,31.81923],[-97.67777,31.81723],[-97.67441,31.81639],[-97.68082,31.81314],[-97.6815,31.81308],[-97.68322,31.81358],[-97.68745,31.81137],[-97.6898,31.80934],[-97.70412,31.80181],[-97.70428,31.80052],[-97.70509,31.79974],[-97.7046,31.79878],[-97.70486,31.79797],[-97.70533,31.79787],[-97.7071,31.79816],[-97.70811,31.79802],[-97.7094,31.79661],[-97.70856,31.79221],[-97.69991,31.79008],[-97.69057,31.77662],[-97.68893,31.77567],[-97.67808,31.77134],[-97.67705,31.76744],[-97.6739,31.7659],[-97.67341,31.76518],[-97.67355,31.76299],[-97.67237,31.76004],[-97.67193,31.75791],[-97.67236,31.75439],[-97.67137,31.75222],[-97.66869,31.74826],[-97.6665,31.7426],[-97.66615,31.73974],[-97.66514,31.73643],[-97.66544,31.73442],[-97.66589,31.73419],[-97.66584,31.7334],[-97.66457,31.72975],[-97.66347,31.72793],[-97.66293,31.72499],[-97.66338,31.72373],[-97.66633,31.72205],[-97.66687,31.72107],[-97.66676,31.72029],[-97.66393,31.71612],[-97.66346,31.71399],[-97.66371,31.70983],[-97.66579,31.70551],[-97.666,31.70408],[-97.66567,31.70269],[-97.66443,31.70019],[-97.66235,31.69695],[-97.65977,31.69392],[-97.65948,31.69296],[-97.65989,31.69201],[-97.66524,31.68755],[-97.67158,31.68443],[-97.68983,31.71102],[-97.76643,31.67246],[-97.87438,31.8285],[-97.87192,31.8325],[-97.87161,31.8367],[-97.8707,31.83998],[-97.86921,31.84271],[-97.869,31.84465],[-97.86953,31.84591],[-97.87141,31.84858],[-97.87286,31.85011],[-97.87391,31.85218],[-97.88031,31.86156],[-97.87765,31.86123],[-97.87571,31.86149],[-97.8729,31.8626],[-97.8642,31.86503],[-97.85097,31.86672],[-97.84943,31.86744],[-97.84849,31.86865],[-97.84126,31.87224],[-97.8405,31.87225],[-97.83952,31.87173],[-97.83872,31.87166],[-97.83621,31.87253],[-97.82895,31.87324],[-97.82293,31.87473],[-97.82051,31.8764],[-97.81816,31.87706],[-97.81645,31.87804],[-97.81449,31.87858],[-97.81159,31.88114],[-97.8096,31.88158],[-97.80859,31.88153],[-97.80436,31.88051],[-97.79979,31.87846],[-97.7991,31.87852],[-97.79561,31.87992],[-97.79444,31.88012],[-97.79174,31.88034],[-97.7848,31.87934],[-97.78038,31.88079],[-97.77815,31.88114],[-97.7748,31.88035],[-97.77061,31.87979]]]}},{"type":"Feature","properties":{"PRECINCT":"bosque:8","COUNTY":"Bosque"},"geometry":{"type":"Polygon","coordinates":[[[-97.615,31.81592],[-97.61377,31.81408],[-97.60637,31.80595],[-97.60492,31.80462],[-97.58558,31.7931],[-97.58248,31.78853],[-97.58337,31.78818],[-97.57978,31.78127],[-97.5751,31.78308],[-97.57592,31.78462],[-97.57685,31.78427],[-97.57713,31.78481],[-97.57612,31.78518],[-97.57454,31.78218],[-97.57647,31.78142],[-97.57547,31.77952],[-97.57139,31.78111],[-97.56955,31.77733],[-97.57304,31.77585],[-97.5711,31.77266],[-97.57132,31.77251],[-97.55606,31.75023],[-97.55438,31.74742],[-97.55301,31.74369],[-97.55048,31.7317],[-97.55439,31.73041],[-97.56188,31.72984],[-97.56389,31.72931],[-97.5838,31.71891],[-97.58504,31.71779],[-97.58562,31.71645],[-97.58481,31.70945],[-97.58486,31.70646],[-97.58571,31.70468],[-97.58827,31.70302],[-97.59013,31.70085],[-97.59086,31.70037],[-97.59168,31.69998],[-97.59374,31.69966],[-97.5965,31.69988],[-97.59866,31.69962],[-97.60023,31.69869],[-97.6027,31.69637],[-97.60926,31.69294],[-97.60582,31.68812],[-97.60463,31.6855],[-97.60931,31.6831],[-97.61001,31.68246],[-97.61242,31.6815],[-97.62081,31.6813],[-97.62142,31.68106],[-97.62392,31.67911],[-97.62629,31.67943],[-97.62758,31.67896],[-97.63241,31.67643],[-97.63434,31.67505],[-97.63631,31.67256],[-97.63952,31.67005],[-97.65402,31.66264],[-97.65409,31.66226],[-97.65351,31.66136],[-97.65539,31.66085],[-97.67158,31.68443],[-97.66524,31.68755],[-97.65989,31.69201],[-97.65948,31.69296],[-97.65977,31.69392],[-97.66235,31.69695],[-97.66443,31.70019],[-97.66567,31.70269],[-97.666,31.70408],[-97.66579,31.70551],[-97.66371,31.70983],[-97.66346,31.71399],[-97.66393,31.71612],[-97.66676,31.72029],[-97.66687,31.72107],[-97.66633,31.72205],[-97.66338,31.72373],[-97.66293,31.72499],[-97.66347,31.72793],[-97.66457,31.72975],[-97.66584,31.7334],[-97.66589,31.73419],[-97.66544,31.73442],[-97.66514,31.73643],[-97.66615,31.73974],[-97.6665,31.7426],[-97.66869,31.74826],[-97.67137,31.75222],[-97.67236,31.75439],[-97.67193,31.75791],[-97.67237,31.76004],[-97.67355,31.76299],[-97.67341,31.76518],[-97.6739,31.7659],[-97.67705,31.76744],[-97.67808,31.77134],[-97.68893,31.77567],[-97.69057,31.77662],[-97.69991,31.79008],[-97.70856,31.79221],[-97.70938,31.79672],[-97.70854,31.79776],[-97.70798,31.79806],[-97.70486,31.79797],[-97.7046,31.79878],[-97.70509,31.79974],[-97.70428,31.80052],[-97.70412,31.80181],[-97.6898,31.80934],[-97.68745,31.81137],[-97.68322,31.81358],[-97.6815,31.81308],[-97.68082,31.81314],[-97.67441,31.81639],[-97.67353,31.81575],[-97.6719,31.81384],[-97.6709,31.81333],[-97.66996,31.8132],[-97.66871,31.81341],[-97.6657,31.81468],[-97.66259,31.81436],[-97.66123,31.81451],[-97.64723,31.81862],[-97.64543,31.81824],[-97.64229,31.81641],[-97.64053,31.81618],[-97.62434,31.82235],[-97.61729,31.82395],[-97.615,31.81592]]]}},{"type":"Feature","properties":{"PRECINCT":"bosque:9","COUNTY":"Bosque"},"geometry":{"type":"Polygon","coordinates":[[[-97.46642,31.87584],[-97.43062,31.86347],[-97.41394,31.85508],[-97.41031,31.85389],[-97.39086,31.85197],[-97.38885,31.85202],[-97.38637,31.85291],[-97.37886,31.85845],[-97.37806,31.85623],[-97.37535,31.85217],[-97.36312,31.83526],[-97.36244,31.8334],[-97.36273,31.832],[-97.36335,31.83117],[-97.36501,31.83007],[-97.37732,31.82404],[-97.38553,31.8196],[-97.41202,31.80629],[-97.41326,31.8047],[-97.4136,31.80232],[-97.41421,31.80113],[-97.41517,31.80032],[-97.41832,31.79876],[-97.43044,31.81618],[-97.43079,31.81624],[-97.44776,31.80743],[-97.45898,31.80187],[-97.45928,31.80125],[-97.47966,31.79083],[-97.48167,31.78948],[-97.48449,31.78832],[-97.51137,31.7743],[-97.50076,31.75943],[-97.50142,31.75606],[-97.50082,31.75474],[-97.501,31.75316],[-97.49174,31.74027],[-97.4919,31.73984],[-97.49415,31.7387],[-97.49428,31.73832],[-97.48111,31.71933],[-97.47293,31.714],[-97.47638,31.71204],[-97.47741,31.7124],[-97.47794,31.71307],[-97.47879,31.71293],[-97.48093,31.7132],[-97.48138,31.71307],[-97.48202,31.71231],[-97.4828,31.71185],[-97.48716,31.71065],[-97.48974,31.70954],[-97.49076,31.70931],[-97.49172,31.71214],[-97.49224,31.71496],[-97.49148,31.71568],[-97.49082,31.71594],[-97.49076,31.71706],[-97.4923,31.71786],[-97.49296,31.71898],[-97.49546,31.71887],[-97.4972,31.72046],[-97.49996,31.72042],[-97.50176,31.7187],[-97.50213,31.71964],[-97.50148,31.72113],[-97.50217,31.72224],[-97.50241,31.72323],[-97.50415,31.72424],[-97.50503,31.72555],[-97.50567,31.72573],[-97.50783,31.72445],[-97.51152,31.7203],[-97.51196,31.71913],[-97.51374,31.71826],[-97.51509,31.71865],[-97.5161,31.71866],[-97.51826,31.71694],[-97.51883,31.71602],[-97.51961,31.71584],[-97.52001,31.71666],[-97.51991,31.71969],[-97.5215,31.7238],[-97.52277,31.72446],[-97.52303,31.72386],[-97.52404,31.72306],[-97.52425,31.72162],[-97.52407,31.72025],[-97.52543,31.72021],[-97.52626,31.71977],[-97.52538,31.71794],[-97.5261,31.71588],[-97.52744,31.71489],[-97.52981,31.71484],[-97.53097,31.7144],[-97.53256,31.71306],[-97.53398,31.7122],[-97.53533,31.71186],[-97.53584,31.71215],[-97.53702,31.71194],[-97.53596,31.71314],[-97.53461,31.71401],[-97.53432,31.71499],[-97.53464,31.71591],[-97.53629,31.71767],[-97.5372,31.71952],[-97.53769,31.71989],[-97.53894,31.72019],[-97.54004,31.721],[-97.54101,31.72144],[-97.54135,31.72131],[-97.54186,31.72164],[-97.54258,31.72309],[-97.54292,31.72322],[-97.54433,31.72534],[-97.54524,31.72594],[-97.54376,31.72068],[-97.54773,31.7187],[-97.55291,31.74324],[-97.55359,31.74559],[-97.55539,31.74919],[-97.56888,31.7688],[-97.57132,31.77251],[-97.5711,31.77266],[-97.57304,31.77585],[-97.56955,31.77733],[-97.57139,31.78111],[-97.57547,31.77952],[-97.57647,31.78142],[-97.57454,31.78218],[-97.57612,31.78518],[-97.57713,31.78481],[-97.57685,31.78427],[-97.57592,31.78462],[-97.5751,31.78308],[-97.57978,31.78127],[-97.58337,31.78818],[-97.58248,31.78853],[-97.58558,31.7931],[-97.60492,31.80462],[-97.60637,31.80595],[-97.61457,31.81516],[-97.61545,31.81714],[-97.62625,31.85561],[-97.62803,31.85872],[-97.64366,31.88032],[-97.64292,31.88162],[-97.64292,31.88224],[-97.64249,31.88232],[-97.64214,31.88277],[-97.64159,31.88237],[-97.64112,31.88232],[-97.64091,31.88288],[-97.64029,31.88264],[-97.63935,31.88316],[-97.63861,31.8828],[-97.63734,31.88298],[-97.63641,31.88351],[-97.63539,31.88448],[-97.63433,31.88473],[-97.63368,31.8844],[-97.63369,31.88296],[-97.63291,31.88235],[-97.63123,31.88227],[-97.6303,31.88248],[-97.62873,31.88326],[-97.62729,31.88333],[-97.62561,31.88183],[-97.62431,31.8814],[-97.62366,31.88088],[-97.62343,31.88117],[-97.62262,31.88139],[-97.6217,31.88133],[-97.62166,31.88197],[-97.62078,31.88192],[-97.62029,31.88152],[-97.62005,31.88191],[-97.61947,31.88196],[-97.61975,31.88274],[-97.61865,31.88297],[-97.61747,31.88213],[-97.61652,31.88182],[-97.61519,31.88171],[-97.6133,31.88197],[-97.61176,31.88171],[-97.61081,31.881],[-97.60838,31.87755],[-97.60726,31.87795],[-97.60196,31.87732],[-97.5929,31.88203],[-97.59048,31.88245],[-97.58681,31.88423],[-97.58273,31.8844],[-97.58055,31.884],[-97.57618,31.88391],[-97.57529,31.88357],[-97.57288,31.88025],[-97.56776,31.8789],[-97.55932,31.86748],[-97.54487,31.87481],[-97.54454,31.87482],[-97.54397,31.87427],[-97.53879,31.87683],[-97.5386,31.87706],[-97.53907,31.87765],[-97.53895,31.87788],[-97.52983,31.88269],[-97.53111,31.88525],[-97.52327,31.88937],[-97.50812,31.88449],[-97.46642,31.87584]]]}},{"type":"Feature","properties":{"PRECINCT":"burnet:1","COUNTY":"Burnet"},"geometry":{"type":"Polygon","coordinates":[[[-98.23774,30.89729],[-98.23493,30.8707],[-98.24004,30.80377],[-98.23679,30.78901],[-98.23442,30.78052],[-98.244,30.77872],[-98.24375,30.77763],[-98.24402,30.77769],[-98.24096,30.7653],[-98.24062,30.76517],[-98.24001,30.76271],[-98.24503,30.76175],[-98.24505,30.76083],[-98.24707,30.76124],[-98.24703,30.76104],[-98.24753,30.76113],[-98.24759,30.76136],[-98.24822,30.76124],[-98.25381,30.76175],[-98.26313,30.76209],[-98.26312,30.76366],[-98.26732,30.76369],[-98.27153,30.77894],[-98.28074,30.7771],[-98.28009,30.77466],[-98.29664,30.77143],[-98.2948,30.76431],[-98.28607,30.76602],[-98.28602,30.76646],[-98.28471,30.76732],[-98.28382,30.76695],[-98.28345,30.76647],[-98.27887,30.76734],[-98.27808,30.76621],[-98.27717,30.76627],[-98.27544,30.76318],[-98.27396,30.76196],[-98.27347,30.76184],[-98.27368,30.76088],[-98.26314,30.76064],[-98.26317,30.75932],[-98.25757,30.75931],[-98.25707,30.759],[-98.2572,30.75797],[-98.25676,30.75663],[-98.2571,30.75656],[-98.25741,30.75503],[-98.257,30.75346],[-98.25703,30.75243],[-98.25738,30.75106],[-98.25889,30.74952],[-98.25936,30.74851],[-98.25939,30.74692],[-98.25883,30.74602],[-98.24985,30.75151],[-98.24814,30.74614],[-98.25561,30.74467],[-98.25287,30.73582],[-98.24861,30.73661],[-98.24672,30.72975],[-98.25247,30.72863],[-98.26272,30.72714],[-98.26231,30.72539],[-98.26137,30.72412],[-98.26062,30.72164],[-98.26045,30.71406],[-98.25342,30.71445],[-98.25333,30.71416],[-98.25381,30.71129],[-98.25566,30.70839],[-98.25783,30.70608],[-98.25728,30.70593],[-98.25652,30.70494],[-98.25633,30.70425],[-98.25651,30.70345],[-98.25598,30.70302],[-98.25454,30.70378],[-98.25199,30.70386],[-98.25322,30.7008],[-98.2536,30.70088],[-98.25674,30.6917],[-98.28298,30.6873],[-98.31046,30.68195],[-98.31004,30.68297],[-98.31032,30.6833],[-98.31251,30.68391],[-98.31456,30.68576],[-98.31584,30.6873],[-98.31766,30.68765],[-98.31709,30.68837],[-98.31738,30.68885],[-98.31741,30.68986],[-98.31623,30.6921],[-98.31589,30.69393],[-98.31514,30.69495],[-98.31365,30.69592],[-98.31323,30.6967],[-98.31115,30.69758],[-98.31045,30.69821],[-98.31062,30.69931],[-98.31044,30.70003],[-98.30853,30.70159],[-98.30832,30.70232],[-98.30859,30.70326],[-98.30845,30.70672],[-98.30885,30.70972],[-98.30811,30.70986],[-98.30784,30.71025],[-98.30654,30.71396],[-98.30657,30.71458],[-98.30824,30.71731],[-98.30835,30.71795],[-98.30512,30.71983],[-98.30449,30.72053],[-98.30449,30.72277],[-98.30386,30.72485],[-98.30265,30.72756],[-98.30295,30.72957],[-98.30291,30.73322],[-98.3018,30.73512],[-98.30162,30.73676],[-98.30122,30.73773],[-98.30118,30.73949],[-98.30476,30.73772],[-98.30731,30.73704],[-98.30948,30.73577],[-98.3125,30.7335],[-98.31842,30.7305],[-98.32211,30.72925],[-98.32212,30.74751],[-98.33878,30.75069],[-98.3368,30.75184],[-98.33424,30.75422],[-98.3326,30.75653],[-98.3302,30.7579],[-98.32822,30.75986],[-98.3269,30.76048],[-98.32555,30.76055],[-98.32467,30.7614],[-98.32485,30.76404],[-98.32416,30.76711],[-98.32667,30.76678],[-98.32996,30.76699],[-98.33279,30.76614],[-98.33433,30.76611],[-98.34167,30.76642],[-98.34472,30.76777],[-98.34653,30.76785],[-98.34771,30.76746],[-98.34867,30.76683],[-98.35118,30.76337],[-98.355,30.76082],[-98.35732,30.75976],[-98.35847,30.75964],[-98.3619,30.76004],[-98.36377,30.75988],[-98.36625,30.75931],[-98.36944,30.75776],[-98.37435,30.75683],[-98.37723,30.75677],[-98.37972,30.75748],[-98.38117,30.75754],[-98.38549,30.75711],[-98.38796,30.75629],[-98.38913,30.75755],[-98.39075,30.75879],[-98.39543,30.76035],[-98.39767,30.76077],[-98.39847,30.7612],[-98.40129,30.76474],[-98.40388,30.76604],[-98.40462,30.76789],[-98.39544,30.77325],[-98.3951,30.77278],[-98.39446,30.77427],[-98.3939,30.77416],[-98.38202,30.78117],[-98.36634,30.78822],[-98.3572,30.80137],[-98.35474,30.80331],[-98.3527,30.80444],[-98.35222,30.8044],[-98.35004,30.80602],[-98.34486,30.80794],[-98.34414,30.80765],[-98.34254,30.80755],[-98.3368,30.80822],[-98.33373,30.80777],[-98.33331,30.808],[-98.33485,30.80906],[-98.33952,30.81352],[-98.3402,30.81445],[-98.34054,30.8155],[-98.34037,30.81678],[-98.33893,30.82084],[-98.33888,30.8264],[-98.33487,30.83255],[-98.33398,30.83585],[-98.33418,30.83731],[-98.33598,30.84027],[-98.33599,30.84409],[-98.33637,30.84478],[-98.33699,30.84528],[-98.3379,30.84557],[-98.33873,30.84554],[-98.33963,30.84516],[-98.34155,30.8434],[-98.34285,30.84311],[-98.34758,30.8448],[-98.34631,30.84655],[-98.34603,30.84823],[-98.34518,30.85005],[-98.34399,30.85184],[-98.34181,30.85285],[-98.33773,30.85389],[-98.33683,30.8545],[-98.33571,30.85582],[-98.33486,30.85745],[-98.33487,30.86189],[-98.33424,30.86317],[-98.32976,30.86594],[-98.32856,30.86637],[-98.32802,30.86734],[-98.32753,30.86773],[-98.32637,30.86776],[-98.32539,30.86715],[-98.32483,30.86728],[-98.32449,30.86764],[-98.32417,30.8711],[-98.32374,30.87167],[-98.32237,30.87223],[-98.32241,30.87403],[-98.32176,30.87412],[-98.32048,30.8738],[-98.31976,30.87424],[-98.3192,30.87536],[-98.31894,30.87718],[-98.31832,30.87796],[-98.31764,30.8782],[-98.31737,30.87874],[-98.31766,30.88005],[-98.31882,30.88137],[-98.32024,30.88405],[-98.32017,30.88474],[-98.31903,30.88576],[-98.31569,30.88697],[-98.31393,30.88885],[-98.3129,30.88865],[-98.31143,30.88775],[-98.31093,30.88794],[-98.3094,30.89012],[-98.3088,30.89175],[-98.30973,30.89472],[-98.31031,30.89543],[-98.28869,30.89584],[-98.28867,30.88644],[-98.28426,30.88999],[-98.28084,30.8867],[-98.2434,30.90242],[-98.24561,30.90549],[-98.24031,30.90808],[-98.23763,30.90566],[-98.23774,30.89729]]]}},{"type":"Feature","properties":{"PRECINCT":"burnet:10","COUNTY":"Burnet"},"geometry":{"type":"Polygon","coordinates":[[[-98.13585,30.75232],[-98.10053,30.7463],[-98.09806,30.74628],[-98.09698,30.74358],[-98.09676,30.74198],[-98.09789,30.73422],[-98.09425,30.72528],[-98.10196,30.72268],[-98.10371,30.72155],[-98.1057,30.71963],[-98.10633,30.71829],[-98.10691,30.71531],[-98.10583,30.70885],[-98.09948,30.69352],[-98.09855,30.69268],[-98.09539,30.69151],[-98.09401,30.69078],[-98.08581,30.68384],[-98.08485,30.68244],[-98.08102,30.67374],[-98.08033,30.67289],[-98.0771,30.67026],[-98.07641,30.66924],[-98.07503,30.665],[-98.07501,30.66313],[-98.0682,30.64655],[-98.06815,30.64523],[-98.06919,30.63806],[-98.0705,30.63569],[-98.07037,30.63341],[-98.06978,30.63242],[-98.06731,30.63082],[-98.06552,30.62919],[-98.066,30.62526],[-98.06764,30.62402],[-98.06973,30.62329],[-98.0721,30.62208],[-98.07687,30.61816],[-98.08333,30.6091],[-98.08504,30.60483],[-98.08582,30.60376],[-98.08705,30.60302],[-98.09122,30.60211],[-98.09437,30.60025],[-98.09724,30.59921],[-98.09938,30.59761],[-98.09977,30.59797],[-98.0992,30.59864],[-98.10778,30.60798],[-98.1184,30.61317],[-98.12802,30.60671],[-98.12977,30.60764],[-98.13097,30.61054],[-98.12907,30.61443],[-98.1581,30.6283],[-98.15898,30.62698],[-98.15952,30.62797],[-98.16083,30.62923],[-98.16298,30.63034],[-98.16329,30.63124],[-98.16355,30.6341],[-98.16312,30.63507],[-98.16234,30.63594],[-98.16024,30.63637],[-98.15999,30.63745],[-98.16028,30.63807],[-98.16194,30.63956],[-98.16331,30.64141],[-98.16323,30.64232],[-98.16215,30.64335],[-98.16328,30.64422],[-98.16416,30.64473],[-98.16679,30.64516],[-98.16775,30.64585],[-98.16943,30.64657],[-98.17089,30.64779],[-98.17429,30.64901],[-98.17831,30.65101],[-98.17893,30.65102],[-98.18117,30.65005],[-98.18182,30.64997],[-98.18247,30.65006],[-98.18387,30.65073],[-98.18622,30.65129],[-98.18776,30.65204],[-98.18898,30.65319],[-98.19024,30.65492],[-98.19052,30.65645],[-98.1911,30.65758],[-98.19631,30.66249],[-98.19797,30.66369],[-98.19801,30.6646],[-98.19867,30.666],[-98.19963,30.66676],[-98.20045,30.66879],[-98.20253,30.67024],[-98.20276,30.67034],[-98.20995,30.66893],[-98.21139,30.6681],[-98.21213,30.67067],[-98.21142,30.67228],[-98.21151,30.67332],[-98.21223,30.67475],[-98.21348,30.6762],[-98.2141,30.67786],[-98.21935,30.69773],[-98.22072,30.69939],[-98.22074,30.70093],[-98.22132,30.70359],[-98.22137,30.70506],[-98.24913,30.70304],[-98.24868,30.70399],[-98.24756,30.70364],[-98.23999,30.72061],[-98.24149,30.72111],[-98.2377,30.72988],[-98.23745,30.73204],[-98.23059,30.7334],[-98.23031,30.73321],[-98.22029,30.73532],[-98.2219,30.74151],[-98.21894,30.74629],[-98.21908,30.74676],[-98.2204,30.74747],[-98.22013,30.74792],[-98.2201,30.74883],[-98.2115,30.74717],[-98.20893,30.74734],[-98.20773,30.74783],[-98.20675,30.74869],[-98.20452,30.75304],[-98.20172,30.75184],[-98.1984,30.75109],[-98.18123,30.74956],[-98.18125,30.75094],[-98.16503,30.74946],[-98.1461,30.74945],[-98.14452,30.74975],[-98.13796,30.75199],[-98.13585,30.75232]]]}},{"type":"Feature","properties":{"PRECINCT":"burnet:11","COUNTY":"Burnet"},"geometry":{"type":"Polygon","coordinates":[[[-98.1821,31.03189],[-98.18282,31.0282],[-98.18424,31.02421],[-98.19107,31.01133],[-98.19559,30.99836],[-98.20058,30.98885],[-98.2197,30.95426],[-98.23554,30.93345],[-98.2366,30.93177],[-98.23725,30.92929],[-98.23763,30.90566],[-98.24031,30.90808],[-98.24561,30.90549],[-98.2434,30.90242],[-98.28084,30.8867],[-98.28426,30.88999],[-98.28867,30.88644],[-98.28869,30.89584],[-98.31319,30.89533],[-98.34035,30.89519],[-98.34416,30.91171],[-98.37217,30.91138],[-98.38246,30.91098],[-98.38587,30.91106],[-98.40623,30.91057],[-98.44862,30.91009],[-98.44732,30.91707],[-98.44578,30.92144],[-98.4446,30.92311],[-98.4419,30.92587],[-98.4402,30.92652],[-98.43512,30.9271],[-98.42921,30.92644],[-98.42523,30.92502],[-98.42233,30.92426],[-98.42087,30.92465],[-98.41961,30.92535],[-98.41821,30.927],[-98.41714,30.92955],[-98.41683,30.93196],[-98.41473,30.94017],[-98.41451,30.94211],[-98.41486,30.94348],[-98.41603,30.94485],[-98.41899,30.94643],[-98.42299,30.94793],[-98.42668,30.94863],[-98.43425,30.94891],[-98.44198,30.94965],[-98.44588,30.9507],[-98.4471,30.95175],[-98.45053,30.95865],[-98.4528,30.9644],[-98.4529,30.96873],[-98.4522,30.97023],[-98.44323,30.97974],[-98.44215,30.9825],[-98.44187,30.98432],[-98.44258,30.98619],[-98.44618,30.9929],[-98.45447,31.00099],[-98.45855,31.00618],[-98.45924,31.00774],[-98.45924,31.01038],[-98.45874,31.01155],[-98.45695,31.01316],[-98.45172,31.01545],[-98.44829,31.0167],[-98.4456,31.01805],[-98.44233,31.02048],[-98.44115,31.02179],[-98.44029,31.02318],[-98.43953,31.02512],[-98.4394,31.02824],[-98.43971,31.02965],[-98.37277,31.02999],[-98.1821,31.03189]]]}},{"type":"Feature","properties":{"PRECINCT":"burnet:12","COUNTY":"Burnet"},"geometry":{"type":"Polygon","coordinates":[[[-98.04678,30.75117],[-98.0458,30.74909],[-98.0463,30.74895],[-98.04592,30.74814],[-98.04906,30.74616],[-98.05005,30.7465],[-98.05225,30.74292],[-98.04683,30.74044],[-98.04318,30.73921],[-98.04395,30.73756],[-98.03987,30.7357],[-98.03981,30.73584],[-98.03708,30.73486],[-98.03284,30.73477],[-98.03083,30.734],[-98.01347,30.72136],[-98.01159,30.71954],[-98.00349,30.71004],[-98.0232,30.67386],[-98.06656,30.5931],[-98.06718,30.59356],[-98.06745,30.59485],[-98.06797,30.59549],[-98.06815,30.5974],[-98.07022,30.59929],[-98.07152,30.60112],[-98.07375,30.60087],[-98.07535,30.59978],[-98.07655,30.59987],[-98.07684,30.60011],[-98.07664,30.60132],[-98.07684,30.60224],[-98.0765,30.60343],[-98.07708,30.60431],[-98.07852,30.60465],[-98.08269,30.60383],[-98.08405,30.604],[-98.08513,30.60465],[-98.08333,30.6091],[-98.07687,30.61816],[-98.0721,30.62208],[-98.06973,30.62329],[-98.06764,30.62402],[-98.066,30.62526],[-98.06552,30.62919],[-98.06731,30.63082],[-98.06978,30.63242],[-98.07037,30.63341],[-98.07051,30.63453],[-98.0705,30.63569],[-98.06942,30.63742],[-98.06906,30.63886],[-98.06815,30.64526],[-98.06832,30.64711],[-98.07501,30.66313],[-98.07503,30.665],[-98.07641,30.66924],[-98.0771,30.67026],[-98.08033,30.67289],[-98.08102,30.67374],[-98.08538,30.68327],[-98.08675,30.68476],[-98.09401,30.69078],[-98.09539,30.69151],[-98.09855,30.69268],[-98.09977,30.69395],[-98.1055,30.70785],[-98.10645,30.71234],[-98.10688,30.71582],[-98.10593,30.7193],[-98.10343,30.72177],[-98.1013,30.72297],[-98.09425,30.72528],[-98.09789,30.73422],[-98.09676,30.74198],[-98.09698,30.74358],[-98.09806,30.74628],[-98.0895,30.74832],[-98.08782,30.74855],[-98.06864,30.74751],[-98.07044,30.75123],[-98.06288,30.7494],[-98.05673,30.74899],[-98.05599,30.7502],[-98.0517,30.74823],[-98.05112,30.74917],[-98.05063,30.74894],[-98.05142,30.7508],[-98.04905,30.75142],[-98.04941,30.75182],[-98.04814,30.75266],[-98.04678,30.75117]]]}},{"type":"Feature","properties":{"PRECINCT":"burnet:13","COUNTY":"Burnet"},"geometry":{"type":"Polygon","coordinates":[[[-98.0307,30.82372],[-98.02967,30.82374],[-98.02845,30.8233],[-98.02651,30.82219],[-98.02625,30.82141],[-98.02286,30.82023],[-98.02174,30.82036],[-98.0212,30.82098],[-98.01974,30.82153],[-98.01876,30.82142],[-98.01829,30.82092],[-98.01725,30.82119],[-98.01601,30.82204],[-98.01507,30.8222],[-98.01483,30.82288],[-98.01449,30.82299],[-98.01337,30.82235],[-98.01336,30.8216],[-98.01211,30.82062],[-98.01166,30.81976],[-98.01107,30.81951],[-98.01017,30.8196],[-98.0095,30.82009],[-98.00858,30.82015],[-98.00755,30.82004],[-98.00731,30.81961],[-98.00661,30.81943],[-98.00576,30.82004],[-98.00294,30.82103],[-98.00192,30.82106],[-98.00143,30.82068],[-98.00175,30.82004],[-98.00121,30.81869],[-98.00015,30.81815],[-97.99861,30.81818],[-97.99801,30.81862],[-97.99723,30.81837],[-97.9967,30.81781],[-97.9963,30.81655],[-97.99462,30.81546],[-97.99174,30.81673],[-97.99119,30.81715],[-97.99086,30.81784],[-97.98968,30.8188],[-97.9893,30.81885],[-97.98843,30.81838],[-97.98606,30.81929],[-97.98482,30.81854],[-97.98394,30.81759],[-97.98381,30.81722],[-97.98427,30.81561],[-97.98422,30.81463],[-97.98389,30.81418],[-97.98329,30.8143],[-97.98214,30.81498],[-97.98099,30.81521],[-97.97965,30.81593],[-97.97777,30.81615],[-97.97691,30.81679],[-97.97586,30.81673],[-97.97226,30.81578],[-97.97159,30.81497],[-97.97053,30.81508],[-97.96861,30.81456],[-97.96725,30.81472],[-97.96519,30.8136],[-97.96326,30.81173],[-97.9618,30.81148],[-97.95726,30.81264],[-97.95588,30.81363],[-97.95528,30.81478],[-97.95417,30.81457],[-97.95344,30.81503],[-97.9518,30.81555],[-97.95019,30.81522],[-97.9489,30.81532],[-97.94811,30.81504],[-97.94691,30.81418],[-97.94535,30.81176],[-97.94398,30.81062],[-97.9434,30.80972],[-97.94254,30.80951],[-97.9411,30.80991],[-97.94072,30.8088],[-97.93997,30.80825],[-97.93961,30.80723],[-97.93955,30.80654],[-97.96286,30.78564],[-97.98231,30.75018],[-98.00349,30.71004],[-98.01159,30.71954],[-98.01347,30.72136],[-98.03083,30.734],[-98.03284,30.73477],[-98.03708,30.73486],[-98.03981,30.73584],[-98.03987,30.7357],[-98.04395,30.73756],[-98.04318,30.73921],[-98.04683,30.74044],[-98.05225,30.74292],[-98.05005,30.7465],[-98.04906,30.74616],[-98.04592,30.74814],[-98.0463,30.74895],[-98.0458,30.74909],[-98.04667,30.75111],[-98.04814,30.75266],[-98.04941,30.75182],[-98.04905,30.75142],[-98.05142,30.7508],[-98.05063,30.74894],[-98.05112,30.74917],[-98.0517,30.74823],[-98.05599,30.7502],[-98.05673,30.74899],[-98.06288,30.7494],[-98.07044,30.75123],[-98.06864,30.74751],[-98.08782,30.74855],[-98.0895,30.74832],[-98.09806,30.74628],[-98.10455,30.76222],[-98.09053,30.76663],[-98.09339,30.76915],[-98.09448,30.7717],[-98.09595,30.77374],[-98.09922,30.78141],[-98.09954,30.78147],[-98.10528,30.77964],[-98.10793,30.78592],[-98.10795,30.78725],[-98.10853,30.7888],[-98.10889,30.79158],[-98.10905,30.79191],[-98.11025,30.79262],[-98.11389,30.80118],[-98.11403,30.80135],[-98.11689,30.80047],[-98.11714,30.80063],[-98.11948,30.80616],[-98.11009,30.8091],[-98.10485,30.81051],[-98.08044,30.81827],[-98.08246,30.82303],[-98.08311,30.8239],[-98.08396,30.82448],[-98.0887,30.82666],[-98.08995,30.82781],[-98.09142,30.83223],[-98.09493,30.83759],[-98.09651,30.8416],[-98.09827,30.84369],[-98.09966,30.84621],[-98.10783,30.85404],[-98.10989,30.85556],[-98.11214,30.85855],[-98.10629,30.86027],[-98.10344,30.86063],[-98.06833,30.86212],[-98.06507,30.86271],[-98.05023,30.86752],[-98.0411,30.84632],[-98.0326,30.82574],[-98.03202,30.82492],[-98.03228,30.82462],[-98.0307,30.82372]]]}},{"type":"Feature","properties":{"PRECINCT":"burnet:14","COUNTY":"Burnet"},"geometry":{"type":"Polygon","coordinates":[[[-98.16002,31.03209],[-98.15253,31.01262],[-98.15342,31.01282],[-98.15422,31.01245],[-98.15541,31.01241],[-98.157,31.01179],[-98.15612,31.00981],[-98.15475,31.00475],[-98.15438,31.00263],[-98.15453,31.00231],[-98.15228,31.00288],[-98.14944,30.99347],[-98.14532,30.99365],[-98.14051,30.98084],[-98.14104,30.98072],[-98.12977,30.95259],[-98.1235,30.95505],[-98.11947,30.94632],[-98.12453,30.94427],[-98.11938,30.93245],[-98.11193,30.91341],[-98.088,30.92217],[-98.07424,30.89899],[-98.06902,30.90054],[-98.06525,30.89675],[-98.0553,30.89789],[-98.05471,30.89575],[-98.04765,30.89462],[-98.04877,30.89205],[-98.05142,30.88872],[-98.05206,30.88725],[-98.05239,30.88546],[-98.0523,30.88407],[-98.05186,30.88252],[-98.04697,30.87116],[-98.04724,30.86949],[-98.04792,30.86858],[-98.0487,30.86803],[-98.06507,30.86271],[-98.06833,30.86212],[-98.10344,30.86063],[-98.10629,30.86027],[-98.12672,30.85411],[-98.14777,30.84742],[-98.1505,30.84734],[-98.15624,30.84911],[-98.15875,30.84924],[-98.16643,30.84694],[-98.17168,30.84652],[-98.17331,30.84576],[-98.17554,30.84401],[-98.17678,30.84663],[-98.18293,30.84796],[-98.18748,30.84984],[-98.18989,30.84944],[-98.19397,30.85027],[-98.19735,30.85018],[-98.19809,30.85058],[-98.19941,30.85009],[-98.20005,30.85021],[-98.2024,30.85853],[-98.21961,30.85494],[-98.22162,30.85774],[-98.2261,30.85622],[-98.23499,30.86991],[-98.23497,30.8722],[-98.23774,30.89729],[-98.23725,30.92929],[-98.2366,30.93177],[-98.23554,30.93345],[-98.2197,30.95426],[-98.20058,30.98885],[-98.19559,30.99836],[-98.19107,31.01133],[-98.18424,31.02421],[-98.18282,31.0282],[-98.1821,31.03189],[-98.16002,31.03209]]]}},{"type":"Feature","properties":{"PRECINCT":"burnet:15","COUNTY":"Burnet"},"geometry":{"type":"Polygon","coordinates":[[[-97.85687,30.95578],[-97.84037,30.92932],[-97.82988,30.90952],[-97.82851,30.90619],[-97.8281,30.90441],[-97.87482,30.86347],[-97.87832,30.86044],[-97.87845,30.86055],[-97.93955,30.80654],[-97.93989,30.80812],[-97.94072,30.8088],[-97.9411,30.80991],[-97.94254,30.80951],[-97.9434,30.80972],[-97.94398,30.81062],[-97.94535,30.81176],[-97.94691,30.81418],[-97.94811,30.81504],[-97.9489,30.81532],[-97.95019,30.81522],[-97.9518,30.81555],[-97.95344,30.81503],[-97.95417,30.81457],[-97.95528,30.81478],[-97.95588,30.81363],[-97.95726,30.81264],[-97.9618,30.81148],[-97.96326,30.81173],[-97.96519,30.8136],[-97.96725,30.81472],[-97.96861,30.81456],[-97.97053,30.81508],[-97.97159,30.81497],[-97.97226,30.81578],[-97.97586,30.81673],[-97.97691,30.81679],[-97.97777,30.81615],[-97.97965,30.81593],[-97.98099,30.81521],[-97.98214,30.81498],[-97.98329,30.8143],[-97.98389,30.81418],[-97.98422,30.81463],[-97.98427,30.81561],[-97.98381,30.81722],[-97.98394,30.81759],[-97.98482,30.81854],[-97.98606,30.81929],[-97.98843,30.81838],[-97.9893,30.81885],[-97.98968,30.8188],[-97.99086,30.81784],[-97.99119,30.81715],[-97.99174,30.81673],[-97.99462,30.81546],[-97.9963,30.81655],[-97.9967,30.81781],[-97.99723,30.81837],[-97.99801,30.81862],[-97.99861,30.81818],[-98.00015,30.81815],[-98.00121,30.81869],[-98.00175,30.82004],[-98.00143,30.82068],[-98.00192,30.82106],[-98.00294,30.82103],[-98.00576,30.82004],[-98.00661,30.81943],[-98.00731,30.81961],[-98.00755,30.82004],[-98.00858,30.82015],[-98.0095,30.82009],[-98.01017,30.8196],[-98.01107,30.81951],[-98.01166,30.81976],[-98.01211,30.82062],[-98.01336,30.8216],[-98.01337,30.82235],[-98.01449,30.82299],[-98.01483,30.82288],[-98.01507,30.8222],[-98.01601,30.82204],[-98.01725,30.82119],[-98.01829,30.82092],[-98.01876,30.82142],[-98.01974,30.82153],[-98.0212,30.82098],[-98.02174,30.82036],[-98.02286,30.82023],[-98.02625,30.82141],[-98.02651,30.82219],[-98.02809,30.82313],[-98.02967,30.82374],[-98.03083,30.82375],[-98.03228,30.82462],[-98.03202,30.82492],[-98.0326,30.82574],[-98.0411,30.84632],[-98.05023,30.86752],[-98.0487,30.86803],[-98.04775,30.86876],[-98.04708,30.8699],[-98.04697,30.87116],[-98.05186,30.88252],[-98.0523,30.88407],[-98.05233,30.8861],[-98.05142,30.88872],[-98.04857,30.89238],[-98.04673,30.89707],[-98.0429,30.90289],[-98.04142,30.90593],[-98.03942,30.90911],[-98.0358,30.91272],[-98.0303,30.92011],[-98.02428,30.92719],[-98.01616,30.93221],[-98.01522,30.93308],[-98.01402,30.93496],[-98.00102,30.93913],[-98.0003,30.93976],[-97.99967,30.94091],[-97.99904,30.94138],[-97.99233,30.94367],[-97.99182,30.94427],[-97.99146,30.94592],[-97.99084,30.94637],[-97.9891,30.94702],[-97.98832,30.9472],[-97.98711,30.94699],[-97.9845,30.94466],[-97.98388,30.94442],[-97.983,30.94443],[-97.98033,30.94611],[-97.97537,30.94719],[-97.97262,30.94885],[-97.96363,30.95138],[-97.96283,30.95201],[-97.9623,30.95111],[-97.95938,30.94167],[-97.93633,30.9475],[-97.93099,30.9318],[-97.91854,30.93523],[-97.90581,30.9397],[-97.85687,30.95578]]]}},{"type":"Feature","properties":{"PRECINCT":"burnet:16","COUNTY":"Burnet"},"geometry":{"type":"Polygon","coordinates":[[[-97.91168,31.03492],[-97.88658,31.00166],[-97.87493,30.98247],[-97.86643,30.96942],[-97.86594,30.96943],[-97.85687,30.95578],[-97.90581,30.9397],[-97.91854,30.93523],[-97.93099,30.9318],[-97.93633,30.9475],[-97.95938,30.94167],[-97.9623,30.95111],[-97.96283,30.95201],[-97.96363,30.95138],[-97.97262,30.94885],[-97.97537,30.94719],[-97.98033,30.94611],[-97.983,30.94443],[-97.98388,30.94442],[-97.9845,30.94466],[-97.98711,30.94699],[-97.98832,30.9472],[-97.9891,30.94702],[-97.99084,30.94637],[-97.99146,30.94592],[-97.99182,30.94427],[-97.99233,30.94367],[-97.99904,30.94138],[-97.99967,30.94091],[-98.0003,30.93976],[-98.00102,30.93913],[-98.01402,30.93496],[-98.01522,30.93308],[-98.01616,30.93221],[-98.02428,30.92719],[-98.0303,30.92011],[-98.0358,30.91272],[-98.03942,30.90911],[-98.04142,30.90593],[-98.0429,30.90289],[-98.04673,30.89707],[-98.04765,30.89462],[-98.04803,30.89458],[-98.05471,30.89575],[-98.0553,30.89789],[-98.06525,30.89675],[-98.06902,30.90054],[-98.07424,30.89899],[-98.088,30.92217],[-98.11193,30.91341],[-98.11938,30.93245],[-98.12453,30.94427],[-98.11947,30.94632],[-98.1235,30.95505],[-98.12977,30.95259],[-98.14104,30.98072],[-98.14051,30.98084],[-98.14532,30.99365],[-98.14944,30.99347],[-98.15228,31.00288],[-98.15453,31.00231],[-98.15438,31.00263],[-98.15475,31.00475],[-98.15612,31.00981],[-98.157,31.01179],[-98.15541,31.01241],[-98.15422,31.01245],[-98.15342,31.01282],[-98.15253,31.01262],[-98.16002,31.03209],[-98.12132,31.03245],[-98.10033,31.03292],[-98.06403,31.0331],[-98.0005,31.03385],[-98.0003,31.03404],[-97.99755,31.03408],[-97.91168,31.03492]]]}},{"type":"Feature","properties":{"PRECINCT":"burnet:17","COUNTY":"Burnet"},"geometry":{"type":"Polygon","coordinates":[[[-98.23499,30.86991],[-98.2261,30.85622],[-98.22162,30.85774],[-98.21961,30.85494],[-98.2024,30.85853],[-98.20005,30.85021],[-98.19941,30.85009],[-98.19809,30.85058],[-98.19735,30.85018],[-98.19397,30.85027],[-98.18989,30.84944],[-98.18748,30.84984],[-98.18293,30.84796],[-98.17678,30.84663],[-98.17554,30.84401],[-98.17331,30.84576],[-98.17168,30.84652],[-98.16643,30.84694],[-98.15875,30.84924],[-98.15624,30.84911],[-98.1505,30.84734],[-98.14777,30.84742],[-98.11214,30.85855],[-98.10989,30.85556],[-98.10783,30.85404],[-98.09966,30.84621],[-98.09827,30.84369],[-98.09651,30.8416],[-98.09493,30.83759],[-98.09142,30.83223],[-98.08995,30.82781],[-98.0887,30.82666],[-98.08396,30.82448],[-98.08311,30.8239],[-98.08246,30.82303],[-98.08044,30.81827],[-98.10485,30.81051],[-98.11009,30.8091],[-98.11948,30.80616],[-98.11714,30.80063],[-98.11689,30.80047],[-98.11403,30.80135],[-98.11389,30.80118],[-98.11025,30.79262],[-98.10905,30.79191],[-98.10889,30.79158],[-98.10853,30.7888],[-98.10795,30.78725],[-98.10793,30.78592],[-98.10528,30.77964],[-98.09954,30.78147],[-98.09922,30.78141],[-98.09595,30.77374],[-98.09448,30.7717],[-98.09339,30.76915],[-98.09053,30.76663],[-98.10455,30.76222],[-98.09806,30.74628],[-98.10053,30.7463],[-98.13585,30.75232],[-98.13796,30.75199],[-98.14452,30.74975],[-98.1461,30.74945],[-98.16503,30.74946],[-98.18125,30.75094],[-98.18123,30.74956],[-98.1984,30.75109],[-98.20172,30.75184],[-98.20452,30.75304],[-98.20651,30.74901],[-98.20725,30.74818],[-98.20819,30.74759],[-98.20986,30.74718],[-98.2115,30.74717],[-98.21527,30.74791],[-98.21589,30.74839],[-98.2176,30.75444],[-98.21331,30.75533],[-98.21431,30.75913],[-98.21619,30.75972],[-98.21813,30.75995],[-98.22085,30.77012],[-98.21984,30.7705],[-98.21896,30.77138],[-98.21679,30.77546],[-98.2164,30.77707],[-98.21615,30.78349],[-98.22172,30.78303],[-98.22904,30.78153],[-98.22933,30.78251],[-98.23441,30.78143],[-98.23419,30.78055],[-98.23442,30.78052],[-98.23679,30.78901],[-98.24004,30.80377],[-98.23499,30.86991]]]}},{"type":"Feature","properties":{"PRECINCT":"burnet:18","COUNTY":"Burnet"},"geometry":{"type":"Polygon","coordinates":[[[-98.39257,30.61837],[-98.38818,30.61559],[-98.38685,30.61705],[-98.37816,30.61117],[-98.37825,30.61104],[-98.37457,30.60874],[-98.3739,30.6095],[-98.37318,30.61097],[-98.36904,30.60938],[-98.37002,30.60663],[-98.34677,30.60288],[-98.33852,30.6031],[-98.33699,30.60295],[-98.33538,30.6025],[-98.32854,30.59956],[-98.32944,30.59828],[-98.33617,30.60113],[-98.3375,30.6015],[-98.34699,30.60139],[-98.37103,30.6053],[-98.37565,30.60001],[-98.38041,30.59854],[-98.3809,30.59808],[-98.38178,30.59643],[-98.37884,30.59509],[-98.37917,30.59451],[-98.37628,30.59318],[-98.38302,30.58211],[-98.38756,30.58419],[-98.38765,30.58191],[-98.38926,30.57881],[-98.38918,30.57814],[-98.38759,30.57751],[-98.38726,30.57714],[-98.38747,30.5769],[-98.38814,30.57726],[-98.38872,30.57662],[-98.38764,30.57579],[-98.38771,30.57544],[-98.38833,30.57552],[-98.38814,30.57442],[-98.38716,30.57464],[-98.38752,30.57368],[-98.38836,30.57311],[-98.3878,30.57258],[-98.38729,30.57149],[-98.38816,30.57075],[-98.38757,30.57006],[-98.38813,30.56964],[-98.38786,30.56834],[-98.38992,30.56788],[-98.39177,30.56712],[-98.39754,30.56408],[-98.39991,30.5636],[-98.40227,30.56377],[-98.40338,30.56426],[-98.40442,30.56516],[-98.40656,30.56762],[-98.40817,30.56967],[-98.41115,30.57464],[-98.41216,30.57784],[-98.41243,30.58007],[-98.41335,30.58224],[-98.4137,30.58378],[-98.4137,30.58592],[-98.4132,30.58691],[-98.41183,30.58818],[-98.40794,30.5905],[-98.40252,30.5931],[-98.4007,30.59464],[-98.4,30.5973],[-98.40141,30.60375],[-98.39911,30.60757],[-98.40001,30.60801],[-98.39694,30.61265],[-98.397,30.61359],[-98.39616,30.61408],[-98.39453,30.61645],[-98.39257,30.61837]]]}},{"type":"Feature","properties":{"PRECINCT":"burnet:19","COUNTY":"Burnet"},"geometry":{"type":"Polygon","coordinates":[[[-98.2902,30.57473],[-98.29208,30.57196],[-98.29454,30.57283],[-98.2958,30.57089],[-98.29381,30.57011],[-98.29298,30.57061],[-98.29209,30.57018],[-98.29132,30.5713],[-98.28978,30.57059],[-98.29008,30.56865],[-98.2906,30.56791],[-98.28966,30.56745],[-98.28978,30.56725],[-98.28942,30.56708],[-98.29012,30.56608],[-98.28879,30.56531],[-98.28771,30.56711],[-98.28671,30.56658],[-98.28662,30.56638],[-98.2875,30.56512],[-98.28634,30.56374],[-98.28719,30.56339],[-98.28649,30.56272],[-98.28862,30.55948],[-98.29122,30.55982],[-98.29131,30.55934],[-98.29208,30.55948],[-98.29203,30.56019],[-98.29367,30.56048],[-98.29368,30.55971],[-98.29622,30.55468],[-98.29573,30.55453],[-98.29615,30.5536],[-98.29482,30.55326],[-98.29151,30.55293],[-98.28905,30.55306],[-98.28602,30.55561],[-98.28502,30.55673],[-98.28022,30.56412],[-98.27734,30.56629],[-98.27594,30.56708],[-98.27055,30.56799],[-98.26878,30.56819],[-98.26578,30.56784],[-98.2643,30.56743],[-98.26252,30.56641],[-98.2608,30.56486],[-98.25989,30.56327],[-98.25838,30.55897],[-98.25719,30.55696],[-98.25606,30.55601],[-98.25475,30.55533],[-98.25209,30.55449],[-98.25073,30.55436],[-98.24741,30.55441],[-98.24536,30.55497],[-98.24463,30.55537],[-98.24364,30.55664],[-98.24166,30.56152],[-98.2405,30.56317],[-98.23919,30.56436],[-98.23758,30.56478],[-98.2369,30.56473],[-98.23306,30.56315],[-98.23148,30.56201],[-98.23049,30.56179],[-98.22757,30.56178],[-98.22616,30.5621],[-98.2253,30.56243],[-98.2168,30.56926],[-98.21486,30.57013],[-98.21191,30.5698],[-98.20525,30.56682],[-98.19998,30.56492],[-98.20084,30.56358],[-98.20175,30.56324],[-98.20179,30.56255],[-98.20279,30.56016],[-98.20264,30.55748],[-98.2043,30.55746],[-98.20373,30.55533],[-98.20371,30.5536],[-98.20297,30.55101],[-98.203,30.5496],[-98.2034,30.54918],[-98.20558,30.55025],[-98.20746,30.54848],[-98.20798,30.54856],[-98.20857,30.54945],[-98.20953,30.5494],[-98.21322,30.54797],[-98.21394,30.54642],[-98.21585,30.54466],[-98.21635,30.54473],[-98.21698,30.54552],[-98.2187,30.54563],[-98.21927,30.54652],[-98.21962,30.5467],[-98.22163,30.54665],[-98.22538,30.54792],[-98.22705,30.54789],[-98.2284,30.5473],[-98.23183,30.54507],[-98.23484,30.54366],[-98.23822,30.54094],[-98.2457,30.53548],[-98.24747,30.53486],[-98.25617,30.53593],[-98.26173,30.5354],[-98.26328,30.5355],[-98.26751,30.53702],[-98.27103,30.53866],[-98.27126,30.53839],[-98.27124,30.5347],[-98.27032,30.53233],[-98.26823,30.52915],[-98.26564,30.52717],[-98.26513,30.52651],[-98.265,30.52369],[-98.26556,30.51621],[-98.26492,30.50495],[-98.26517,30.50374],[-98.26669,30.50074],[-98.27671,30.49048],[-98.27756,30.48854],[-98.27758,30.48106],[-98.27715,30.48053],[-98.27378,30.47956],[-98.26887,30.47865],[-98.26543,30.47612],[-98.26477,30.47402],[-98.26488,30.46971],[-98.26176,30.46653],[-98.26164,30.46435],[-98.26074,30.46281],[-98.26062,30.46194],[-98.35104,30.4861],[-98.35116,30.51249],[-98.35152,30.51719],[-98.35182,30.52851],[-98.35198,30.55808],[-98.34809,30.55727],[-98.34253,30.55573],[-98.33824,30.55565],[-98.33681,30.55794],[-98.336,30.55829],[-98.33304,30.56044],[-98.32855,30.56542],[-98.32772,30.56609],[-98.32447,30.56761],[-98.32222,30.56812],[-98.32085,30.56778],[-98.32034,30.56723],[-98.31657,30.56565],[-98.31482,30.56398],[-98.31212,30.56202],[-98.30521,30.5583],[-98.29308,30.57687],[-98.2902,30.57473]]]}},{"type":"Feature","properties":{"PRECINCT":"burnet:2","COUNTY":"Burnet"},"geometry":{"type":"Polygon","coordinates":[[[-98.21615,30.78349],[-98.2164,30.77707],[-98.21679,30.77546],[-98.21896,30.77138],[-98.21984,30.7705],[-98.22085,30.77012],[-98.21813,30.75995],[-98.21619,30.75972],[-98.21431,30.75913],[-98.21331,30.75533],[-98.2176,30.75444],[-98.21612,30.74873],[-98.21527,30.74791],[-98.22012,30.74876],[-98.22013,30.74792],[-98.2204,30.74747],[-98.21908,30.74676],[-98.21894,30.74629],[-98.2219,30.74151],[-98.22029,30.73532],[-98.23031,30.73321],[-98.23059,30.7334],[-98.23745,30.73204],[-98.2377,30.72988],[-98.24149,30.72111],[-98.23999,30.72061],[-98.24756,30.70364],[-98.24868,30.70399],[-98.24897,30.70343],[-98.25384,30.69118],[-98.25674,30.6917],[-98.2536,30.70088],[-98.25322,30.7008],[-98.25199,30.70386],[-98.25454,30.70378],[-98.25598,30.70302],[-98.25651,30.70345],[-98.25633,30.70425],[-98.25652,30.70494],[-98.25728,30.70593],[-98.25783,30.70608],[-98.25566,30.70839],[-98.25381,30.71129],[-98.25333,30.71416],[-98.25342,30.71445],[-98.26045,30.71406],[-98.26062,30.72164],[-98.26137,30.72412],[-98.26231,30.72539],[-98.26272,30.72714],[-98.25247,30.72863],[-98.24672,30.72975],[-98.24861,30.73661],[-98.25287,30.73582],[-98.25561,30.74467],[-98.24814,30.74614],[-98.24985,30.75151],[-98.25883,30.74602],[-98.25939,30.74692],[-98.25936,30.74851],[-98.25889,30.74952],[-98.25738,30.75106],[-98.25703,30.75243],[-98.257,30.75346],[-98.25741,30.75503],[-98.2571,30.75656],[-98.25676,30.75663],[-98.2572,30.75797],[-98.25707,30.759],[-98.25757,30.75931],[-98.26317,30.75932],[-98.26314,30.76064],[-98.27368,30.76088],[-98.27347,30.76184],[-98.27396,30.76196],[-98.27544,30.76318],[-98.27717,30.76627],[-98.27808,30.76621],[-98.27887,30.76734],[-98.28345,30.76647],[-98.28382,30.76695],[-98.28471,30.76732],[-98.28602,30.76646],[-98.28607,30.76602],[-98.2948,30.76431],[-98.29664,30.77143],[-98.28009,30.77466],[-98.28074,30.7771],[-98.27153,30.77894],[-98.26732,30.76369],[-98.26312,30.76366],[-98.26313,30.76209],[-98.25381,30.76175],[-98.24822,30.76124],[-98.24759,30.76136],[-98.24753,30.76113],[-98.24703,30.76104],[-98.24707,30.76124],[-98.24505,30.76083],[-98.24503,30.76175],[-98.24001,30.76271],[-98.24062,30.76517],[-98.24096,30.7653],[-98.24402,30.77769],[-98.24375,30.77763],[-98.244,30.77872],[-98.23419,30.78055],[-98.23441,30.78143],[-98.22933,30.78251],[-98.22904,30.78153],[-98.22172,30.78303],[-98.21615,30.78349]]]}},{"type":"Feature","properties":{"PRECINCT":"burnet:20","COUNTY":"Burnet"},"geometry":{"type":"Polygon","coordinates":[[[-98.21935,30.69773],[-98.21379,30.6769],[-98.21321,30.67583],[-98.21205,30.67448],[-98.21151,30.67332],[-98.21142,30.67228],[-98.21213,30.67067],[-98.21139,30.6681],[-98.20995,30.66893],[-98.20276,30.67034],[-98.2023,30.67011],[-98.20045,30.66879],[-98.19963,30.66676],[-98.19867,30.666],[-98.19801,30.6646],[-98.19797,30.66369],[-98.19631,30.66249],[-98.1911,30.65758],[-98.19052,30.65645],[-98.19024,30.65492],[-98.18898,30.65319],[-98.18776,30.65204],[-98.18622,30.65129],[-98.18387,30.65073],[-98.18247,30.65006],[-98.18182,30.64997],[-98.18117,30.65005],[-98.17893,30.65102],[-98.17831,30.65101],[-98.17429,30.64901],[-98.17089,30.64779],[-98.16943,30.64657],[-98.16775,30.64585],[-98.16679,30.64516],[-98.16416,30.64473],[-98.16215,30.64335],[-98.16323,30.64232],[-98.16331,30.64141],[-98.16194,30.63956],[-98.16009,30.63773],[-98.16024,30.63637],[-98.16234,30.63594],[-98.16312,30.63507],[-98.16355,30.6341],[-98.16329,30.63124],[-98.16298,30.63034],[-98.16083,30.62923],[-98.15952,30.62797],[-98.15898,30.62698],[-98.18555,30.58691],[-98.18285,30.58708],[-98.18152,30.58757],[-98.18065,30.58844],[-98.17979,30.59024],[-98.17868,30.59105],[-98.17768,30.5912],[-98.17681,30.59107],[-98.17568,30.59035],[-98.17489,30.58872],[-98.17688,30.59012],[-98.17885,30.58905],[-98.17902,30.58804],[-98.17807,30.58661],[-98.17795,30.58561],[-98.17854,30.58507],[-98.1802,30.5848],[-98.18002,30.58402],[-98.17879,30.58358],[-98.17855,30.58319],[-98.17867,30.5824],[-98.17961,30.58084],[-98.17965,30.57975],[-98.17937,30.57923],[-98.17773,30.5787],[-98.17725,30.57831],[-98.17724,30.57799],[-98.17768,30.57767],[-98.17947,30.57742],[-98.18262,30.57592],[-98.18339,30.57416],[-98.18233,30.57202],[-98.18258,30.57063],[-98.18487,30.56752],[-98.18516,30.56736],[-98.18626,30.56751],[-98.18801,30.5667],[-98.1877,30.56559],[-98.18834,30.56454],[-98.19014,30.56506],[-98.19087,30.56451],[-98.1908,30.56556],[-98.19227,30.5667],[-98.19276,30.56629],[-98.19353,30.56672],[-98.19453,30.56689],[-98.19393,30.56594],[-98.19391,30.56518],[-98.19312,30.56489],[-98.19294,30.56444],[-98.19309,30.56418],[-98.19384,30.56427],[-98.19462,30.56323],[-98.19708,30.56388],[-98.20525,30.56682],[-98.21191,30.5698],[-98.21486,30.57013],[-98.2168,30.56926],[-98.2253,30.56243],[-98.22616,30.5621],[-98.22757,30.56178],[-98.23049,30.56179],[-98.23148,30.56201],[-98.23306,30.56315],[-98.2369,30.56473],[-98.23758,30.56478],[-98.23919,30.56436],[-98.2405,30.56317],[-98.24166,30.56152],[-98.24364,30.55664],[-98.24463,30.55537],[-98.24536,30.55497],[-98.24741,30.55441],[-98.25073,30.55436],[-98.25209,30.55449],[-98.25475,30.55533],[-98.25606,30.55601],[-98.25719,30.55696],[-98.25838,30.55897],[-98.25989,30.56327],[-98.2608,30.56486],[-98.26252,30.56641],[-98.2643,30.56743],[-98.26578,30.56784],[-98.26878,30.56819],[-98.27594,30.56708],[-98.27734,30.56629],[-98.28022,30.56412],[-98.28502,30.55673],[-98.28602,30.55561],[-98.28905,30.55306],[-98.29151,30.55293],[-98.29482,30.55326],[-98.29615,30.5536],[-98.29573,30.55453],[-98.29622,30.55468],[-98.29368,30.55971],[-98.29367,30.56048],[-98.29203,30.56019],[-98.29208,30.55948],[-98.29131,30.55934],[-98.29122,30.55982],[-98.28862,30.55948],[-98.28649,30.56272],[-98.28719,30.56339],[-98.28634,30.56374],[-98.2875,30.56512],[-98.28662,30.56638],[-98.28671,30.56658],[-98.28771,30.56711],[-98.28879,30.56531],[-98.29012,30.56608],[-98.28942,30.56708],[-98.28978,30.56725],[-98.28966,30.56745],[-98.2906,30.56791],[-98.29008,30.56865],[-98.28978,30.57059],[-98.29132,30.5713],[-98.29209,30.57018],[-98.29298,30.57061],[-98.29381,30.57011],[-98.2958,30.57089],[-98.29454,30.57283],[-98.29208,30.57196],[-98.2902,30.57473],[-98.29308,30.57687],[-98.29281,30.57731],[-98.29337,30.57875],[-98.29339,30.57994],[-98.29211,30.5851],[-98.29244,30.58645],[-98.29341,30.5874],[-98.29299,30.5882],[-98.28837,30.58617],[-98.28163,30.59564],[-98.27969,30.59802],[-98.2748,30.59582],[-98.27217,30.60075],[-98.27057,30.60109],[-98.2693,30.60346],[-98.27052,30.60373],[-98.26994,30.60571],[-98.26881,30.60546],[-98.26951,30.6126],[-98.27041,30.61305],[-98.26926,30.61477],[-98.2707,30.61557],[-98.26736,30.61962],[-98.26785,30.61986],[-98.26596,30.62534],[-98.26438,30.62474],[-98.26356,30.6274],[-98.26246,30.63436],[-98.25695,30.65104],[-98.2548,30.67945],[-98.25525,30.68874],[-98.25513,30.69077],[-98.25502,30.6914],[-98.25384,30.69118],[-98.24913,30.70304],[-98.22137,30.70506],[-98.22132,30.70359],[-98.22074,30.70093],[-98.22072,30.69939],[-98.21935,30.69773]]]}},{"type":"Feature","properties":{"PRECINCT":"burnet:3","COUNTY":"Burnet"},"geometry":{"type":"Polygon","coordinates":[[[-98.34588,30.60134],[-98.33885,30.60157],[-98.33721,30.60144],[-98.32333,30.59571],[-98.32178,30.59533],[-98.30385,30.59368],[-98.30025,30.59267],[-98.30019,30.59242],[-98.29624,30.59112],[-98.29483,30.59],[-98.29312,30.58791],[-98.29341,30.5874],[-98.29256,30.58663],[-98.29215,30.58562],[-98.29221,30.58438],[-98.29342,30.57964],[-98.29329,30.57845],[-98.29281,30.57731],[-98.30521,30.5583],[-98.31212,30.56202],[-98.31482,30.56398],[-98.31657,30.56565],[-98.32034,30.56723],[-98.32138,30.568],[-98.32244,30.56811],[-98.32447,30.56761],[-98.32772,30.56609],[-98.32855,30.56542],[-98.33304,30.56044],[-98.336,30.55829],[-98.33681,30.55794],[-98.33824,30.55565],[-98.34253,30.55573],[-98.34522,30.55639],[-98.34809,30.55727],[-98.35198,30.55808],[-98.35198,30.55839],[-98.36429,30.57159],[-98.36606,30.57292],[-98.36733,30.57355],[-98.37031,30.57444],[-98.3732,30.5745],[-98.37595,30.57389],[-98.38134,30.57098],[-98.38786,30.56834],[-98.38813,30.56964],[-98.38757,30.57006],[-98.38816,30.57075],[-98.38729,30.57149],[-98.3878,30.57258],[-98.38836,30.57311],[-98.38752,30.57368],[-98.38716,30.57464],[-98.38814,30.57442],[-98.38833,30.57552],[-98.38771,30.57544],[-98.38764,30.57579],[-98.38872,30.57662],[-98.38814,30.57726],[-98.38747,30.5769],[-98.38726,30.57714],[-98.38759,30.57751],[-98.38918,30.57814],[-98.38926,30.57881],[-98.38765,30.58191],[-98.38756,30.58419],[-98.38302,30.58211],[-98.37628,30.59318],[-98.37917,30.59451],[-98.37884,30.59509],[-98.38178,30.59643],[-98.38072,30.59831],[-98.38011,30.59868],[-98.37565,30.60001],[-98.37103,30.6053],[-98.34588,30.60134]]]}},{"type":"Feature","properties":{"PRECINCT":"burnet:4","COUNTY":"Burnet"},"geometry":{"type":"Polygon","coordinates":[[[-98.18641,30.55138],[-98.18823,30.54669],[-98.18855,30.54455],[-98.18769,30.53902],[-98.1863,30.53711],[-98.18443,30.53548],[-98.18293,30.53476],[-98.17902,30.53397],[-98.17596,30.53695],[-98.17198,30.53877],[-98.1712,30.53904],[-98.17038,30.53894],[-98.16986,30.53865],[-98.16934,30.53672],[-98.16946,30.53454],[-98.17012,30.53331],[-98.17033,30.53156],[-98.17018,30.53096],[-98.16823,30.5283],[-98.16655,30.5266],[-98.16464,30.52561],[-98.16325,30.52526],[-98.15646,30.52491],[-98.15225,30.52563],[-98.14838,30.5258],[-98.14657,30.52559],[-98.14298,30.52464],[-98.1421,30.52471],[-98.14005,30.52564],[-98.13756,30.52802],[-98.13231,30.53625],[-98.13051,30.53832],[-98.12816,30.53949],[-98.1266,30.53973],[-98.12626,30.53945],[-98.12452,30.53737],[-98.12228,30.53242],[-98.11974,30.52503],[-98.11983,30.52282],[-98.12053,30.52157],[-98.12132,30.52093],[-98.12961,30.5175],[-98.13223,30.51589],[-98.13322,30.51473],[-98.13373,30.51335],[-98.13372,30.51175],[-98.1312,30.50225],[-98.13116,30.50057],[-98.13161,30.49938],[-98.13119,30.49772],[-98.12916,30.4931],[-98.12534,30.48843],[-98.12313,30.48704],[-98.12342,30.48648],[-98.12311,30.48472],[-98.12089,30.48502],[-98.11817,30.48479],[-98.11372,30.48558],[-98.11056,30.49091],[-98.10747,30.49427],[-98.10592,30.49534],[-98.10318,30.49669],[-98.10086,30.49746],[-98.09778,30.49806],[-98.09771,30.46763],[-98.10192,30.46136],[-98.1024,30.46031],[-98.10316,30.45969],[-98.12548,30.42616],[-98.24946,30.45889],[-98.2503,30.45945],[-98.26062,30.46194],[-98.26074,30.46281],[-98.26164,30.46435],[-98.26176,30.46653],[-98.26488,30.46971],[-98.26477,30.47402],[-98.2655,30.4762],[-98.26887,30.47865],[-98.27378,30.47956],[-98.27715,30.48053],[-98.27754,30.48089],[-98.27756,30.48854],[-98.27671,30.49048],[-98.26669,30.50074],[-98.26517,30.50374],[-98.26492,30.50495],[-98.26556,30.51621],[-98.265,30.52369],[-98.26513,30.52651],[-98.26564,30.52717],[-98.26823,30.52915],[-98.27032,30.53233],[-98.27124,30.5347],[-98.27131,30.53825],[-98.27103,30.53866],[-98.26751,30.53702],[-98.26328,30.5355],[-98.26173,30.5354],[-98.25617,30.53593],[-98.24747,30.53486],[-98.2457,30.53548],[-98.23822,30.54094],[-98.23484,30.54366],[-98.23183,30.54507],[-98.2284,30.5473],[-98.22705,30.54789],[-98.22538,30.54792],[-98.22163,30.54665],[-98.21962,30.5467],[-98.21927,30.54652],[-98.2187,30.54563],[-98.21698,30.54552],[-98.21635,30.54473],[-98.21585,30.54466],[-98.21394,30.54642],[-98.21322,30.54797],[-98.20953,30.5494],[-98.20857,30.54945],[-98.20798,30.54856],[-98.20746,30.54848],[-98.20558,30.55025],[-98.2034,30.54918],[-98.203,30.5496],[-98.20297,30.55101],[-98.20371,30.5536],[-98.20373,30.55533],[-98.2043,30.55746],[-98.20264,30.55748],[-98.20279,30.56016],[-98.20179,30.56255],[-98.20175,30.56324],[-98.20084,30.56358],[-98.19998,30.56492],[-98.19237,30.56249],[-98.18981,30.56105],[-98.18884,30.56009],[-98.18723,30.55718],[-98.18608,30.55419],[-98.18641,30.55138]]]}},{"type":"Feature","properties":{"PRECINCT":"burnet:5","COUNTY":"Burnet"},"geometry":{"type":"Polygon","coordinates":[[[-98.34416,30.91171],[-98.34035,30.89519],[-98.31034,30.89545],[-98.30973,30.89472],[-98.30881,30.89226],[-98.30888,30.89129],[-98.3094,30.89012],[-98.31093,30.88794],[-98.31143,30.88775],[-98.3129,30.88865],[-98.31393,30.88885],[-98.31569,30.88697],[-98.31903,30.88576],[-98.31997,30.88506],[-98.32024,30.88405],[-98.31882,30.88137],[-98.31766,30.88005],[-98.31738,30.87932],[-98.31764,30.8782],[-98.31832,30.87796],[-98.31894,30.87718],[-98.3192,30.87536],[-98.31976,30.87424],[-98.32048,30.8738],[-98.32176,30.87412],[-98.32241,30.87403],[-98.32237,30.87223],[-98.32374,30.87167],[-98.32417,30.8711],[-98.32435,30.86806],[-98.32483,30.86728],[-98.32539,30.86715],[-98.32637,30.86776],[-98.32753,30.86773],[-98.32802,30.86734],[-98.32856,30.86637],[-98.32976,30.86594],[-98.33424,30.86317],[-98.33487,30.86189],[-98.33486,30.85745],[-98.33571,30.85582],[-98.33683,30.8545],[-98.33773,30.85389],[-98.34181,30.85285],[-98.34399,30.85184],[-98.34518,30.85005],[-98.34603,30.84823],[-98.34631,30.84655],[-98.34758,30.8448],[-98.34285,30.84311],[-98.34155,30.8434],[-98.33963,30.84516],[-98.33873,30.84554],[-98.3379,30.84557],[-98.33699,30.84528],[-98.33637,30.84478],[-98.33599,30.84409],[-98.33598,30.84027],[-98.33418,30.83731],[-98.33398,30.83585],[-98.33487,30.83255],[-98.33888,30.8264],[-98.33893,30.82084],[-98.34037,30.81678],[-98.34054,30.8155],[-98.3402,30.81445],[-98.33952,30.81352],[-98.33485,30.80906],[-98.33331,30.808],[-98.33373,30.80777],[-98.3368,30.80822],[-98.34235,30.80756],[-98.34414,30.80765],[-98.35254,30.81226],[-98.36006,30.81446],[-98.36456,30.81305],[-98.36602,30.81316],[-98.37048,30.80935],[-98.37039,30.80965],[-98.37228,30.81002],[-98.40479,30.816],[-98.40334,30.81794],[-98.40154,30.81882],[-98.39878,30.81877],[-98.39538,30.81818],[-98.391,30.81829],[-98.38818,30.81906],[-98.38567,30.82058],[-98.38397,30.82189],[-98.38097,30.82494],[-98.37759,30.82951],[-98.37663,30.83279],[-98.37659,30.83378],[-98.37688,30.83489],[-98.37958,30.83722],[-98.38081,30.83793],[-98.38823,30.84058],[-98.39242,30.84251],[-98.39764,30.84381],[-98.40138,30.844],[-98.40498,30.84382],[-98.40577,30.84298],[-98.4069,30.83905],[-98.40885,30.83656],[-98.40999,30.83599],[-98.41247,30.83511],[-98.41572,30.83473],[-98.42107,30.83491],[-98.42188,30.83527],[-98.42226,30.8365],[-98.42221,30.83923],[-98.41963,30.85088],[-98.41925,30.85706],[-98.41935,30.85912],[-98.42074,30.86221],[-98.42148,30.86317],[-98.42368,30.8654],[-98.42482,30.86611],[-98.42899,30.86831],[-98.43239,30.86967],[-98.43411,30.87013],[-98.43778,30.87057],[-98.44587,30.87033],[-98.44833,30.87059],[-98.45079,30.87144],[-98.45249,30.87231],[-98.45523,30.87518],[-98.45635,30.87645],[-98.45716,30.87823],[-98.45738,30.8789],[-98.45721,30.88115],[-98.45644,30.8831],[-98.45418,30.88584],[-98.44949,30.88944],[-98.44859,30.89079],[-98.44847,30.89284],[-98.44936,30.89661],[-98.44951,30.89901],[-98.44935,30.90484],[-98.44862,30.91009],[-98.40623,30.91057],[-98.38587,30.91106],[-98.38246,30.91098],[-98.37217,30.91138],[-98.34416,30.91171]]]}},{"type":"Feature","properties":{"PRECINCT":"burnet:6","COUNTY":"Burnet"},"geometry":{"type":"Polygon","coordinates":[[[-98.12977,30.60764],[-98.12802,30.60671],[-98.1184,30.61317],[-98.10778,30.60798],[-98.0992,30.59864],[-98.09977,30.59797],[-98.09938,30.59761],[-98.09724,30.59921],[-98.09437,30.60025],[-98.09122,30.60211],[-98.08669,30.60317],[-98.08582,30.60376],[-98.08513,30.60465],[-98.08405,30.604],[-98.08269,30.60383],[-98.07815,30.60464],[-98.07708,30.60431],[-98.07659,30.60376],[-98.07651,30.60317],[-98.07684,30.60224],[-98.07664,30.60132],[-98.07678,30.59999],[-98.07535,30.59978],[-98.07375,30.60087],[-98.07152,30.60112],[-98.07022,30.59929],[-98.06815,30.5974],[-98.06797,30.59549],[-98.06745,30.59485],[-98.06718,30.59356],[-98.06656,30.5931],[-98.11639,30.50019],[-98.11687,30.49871],[-98.12313,30.48704],[-98.12534,30.48843],[-98.12916,30.4931],[-98.13119,30.49772],[-98.13161,30.49938],[-98.13116,30.50057],[-98.1312,30.50225],[-98.13372,30.51175],[-98.13373,30.51335],[-98.13322,30.51473],[-98.13223,30.51589],[-98.12961,30.5175],[-98.12132,30.52093],[-98.12053,30.52157],[-98.11983,30.52282],[-98.11974,30.52503],[-98.12228,30.53242],[-98.12452,30.53737],[-98.12626,30.53945],[-98.1266,30.53973],[-98.12816,30.53949],[-98.13051,30.53832],[-98.13231,30.53625],[-98.13756,30.52802],[-98.14005,30.52564],[-98.1421,30.52471],[-98.14298,30.52464],[-98.14657,30.52559],[-98.14838,30.5258],[-98.15225,30.52563],[-98.15646,30.52491],[-98.16325,30.52526],[-98.16464,30.52561],[-98.16655,30.5266],[-98.16823,30.5283],[-98.17018,30.53096],[-98.17033,30.53156],[-98.17012,30.53331],[-98.16946,30.53454],[-98.16934,30.53672],[-98.16986,30.53865],[-98.17038,30.53894],[-98.1712,30.53904],[-98.17198,30.53877],[-98.17596,30.53695],[-98.17902,30.53397],[-98.18293,30.53476],[-98.18443,30.53548],[-98.18676,30.53757],[-98.18785,30.53964],[-98.18856,30.54503],[-98.18823,30.54669],[-98.18641,30.55138],[-98.18604,30.55349],[-98.18637,30.55521],[-98.18776,30.55831],[-98.18884,30.56009],[-98.18981,30.56105],[-98.19237,30.56249],[-98.19462,30.56323],[-98.19384,30.56427],[-98.19309,30.56418],[-98.19294,30.56444],[-98.19312,30.56489],[-98.19391,30.56518],[-98.19393,30.56594],[-98.19453,30.56689],[-98.19353,30.56672],[-98.19276,30.56629],[-98.19227,30.5667],[-98.1908,30.56556],[-98.19087,30.56451],[-98.19014,30.56506],[-98.18834,30.56454],[-98.1877,30.56559],[-98.18801,30.5667],[-98.18626,30.56751],[-98.18516,30.56736],[-98.18487,30.56752],[-98.18258,30.57063],[-98.18233,30.57202],[-98.18339,30.57416],[-98.18262,30.57592],[-98.17947,30.57742],[-98.17768,30.57767],[-98.17724,30.57799],[-98.17725,30.57831],[-98.17773,30.5787],[-98.17937,30.57923],[-98.17965,30.57975],[-98.17961,30.58084],[-98.17867,30.5824],[-98.17855,30.58319],[-98.17879,30.58358],[-98.18002,30.58402],[-98.1802,30.5848],[-98.17854,30.58507],[-98.17795,30.58561],[-98.17807,30.58661],[-98.17902,30.58804],[-98.17885,30.58905],[-98.17688,30.59012],[-98.17489,30.58872],[-98.17568,30.59035],[-98.17681,30.59107],[-98.17768,30.5912],[-98.17868,30.59105],[-98.17979,30.59024],[-98.18065,30.58844],[-98.18152,30.58757],[-98.18285,30.58708],[-98.18555,30.58691],[-98.1581,30.6283],[-98.12907,30.61443],[-98.13097,30.61054],[-98.12977,30.60764]]]}},{"type":"Feature","properties":{"PRECINCT":"burnet:7","COUNTY":"Burnet"},"geometry":{"type":"Polygon","coordinates":[[[-98.37039,30.80965],[-98.37048,30.80935],[-98.36602,30.81316],[-98.36456,30.81305],[-98.36006,30.81446],[-98.35254,30.81226],[-98.34486,30.80794],[-98.35004,30.80602],[-98.35222,30.8044],[-98.3527,30.80444],[-98.35474,30.80331],[-98.3572,30.80137],[-98.36634,30.78822],[-98.38202,30.78117],[-98.3939,30.77416],[-98.39446,30.77427],[-98.3951,30.77278],[-98.39544,30.77325],[-98.40462,30.76789],[-98.40388,30.76604],[-98.40129,30.76474],[-98.39847,30.7612],[-98.39767,30.76077],[-98.39543,30.76035],[-98.39075,30.75879],[-98.38913,30.75755],[-98.38796,30.75629],[-98.38549,30.75711],[-98.38117,30.75754],[-98.37972,30.75748],[-98.37747,30.7568],[-98.3759,30.75676],[-98.37604,30.75542],[-98.37635,30.755],[-98.37688,30.75451],[-98.3789,30.75375],[-98.37937,30.75322],[-98.38222,30.74672],[-98.38478,30.74614],[-98.39141,30.74603],[-98.39291,30.74621],[-98.39632,30.74722],[-98.39926,30.74931],[-98.40016,30.75022],[-98.4017,30.75028],[-98.40685,30.75149],[-98.41177,30.7515],[-98.41499,30.75194],[-98.41774,30.75134],[-98.4202,30.75114],[-98.42234,30.75046],[-98.42325,30.75044],[-98.42453,30.75065],[-98.42663,30.75153],[-98.42896,30.75427],[-98.42991,30.75612],[-98.43029,30.75778],[-98.43021,30.76096],[-98.42923,30.76381],[-98.42786,30.76647],[-98.42691,30.76783],[-98.42436,30.77033],[-98.42387,30.77107],[-98.42289,30.77305],[-98.42253,30.77504],[-98.42271,30.77605],[-98.42355,30.77758],[-98.42971,30.78321],[-98.43121,30.7848],[-98.4321,30.78631],[-98.43254,30.78858],[-98.432,30.79044],[-98.43089,30.7918],[-98.42771,30.79446],[-98.42645,30.79518],[-98.42504,30.79566],[-98.41994,30.7953],[-98.4156,30.79427],[-98.41447,30.79422],[-98.41338,30.79453],[-98.41203,30.79544],[-98.41122,30.79637],[-98.40938,30.79996],[-98.40896,30.80162],[-98.40865,30.80732],[-98.40804,30.80928],[-98.40543,30.81395],[-98.40479,30.816],[-98.37039,30.80965]]]}},{"type":"Feature","properties":{"PRECINCT":"burnet:8","COUNTY":"Burnet"},"geometry":{"type":"Polygon","coordinates":[[[-98.34131,30.76637],[-98.33279,30.76614],[-98.32996,30.76699],[-98.32667,30.76678],[-98.32416,30.76711],[-98.32485,30.76404],[-98.32467,30.7614],[-98.32555,30.76055],[-98.3269,30.76048],[-98.32822,30.75986],[-98.3302,30.7579],[-98.3326,30.75653],[-98.33424,30.75422],[-98.3368,30.75184],[-98.33878,30.75069],[-98.32212,30.74751],[-98.32211,30.72925],[-98.31842,30.7305],[-98.3125,30.7335],[-98.30948,30.73577],[-98.30731,30.73704],[-98.30476,30.73772],[-98.30118,30.73949],[-98.30122,30.73773],[-98.30162,30.73676],[-98.3018,30.73512],[-98.30291,30.73322],[-98.30295,30.72957],[-98.30265,30.72756],[-98.30386,30.72485],[-98.30449,30.72277],[-98.30449,30.72053],[-98.30512,30.71983],[-98.30835,30.71795],[-98.30824,30.71731],[-98.30657,30.71458],[-98.30654,30.71396],[-98.30784,30.71025],[-98.30811,30.70986],[-98.30885,30.70972],[-98.30845,30.70672],[-98.30859,30.70326],[-98.30832,30.70232],[-98.30853,30.70159],[-98.31044,30.70003],[-98.31062,30.69931],[-98.31045,30.69821],[-98.31115,30.69758],[-98.31323,30.6967],[-98.31365,30.69592],[-98.31514,30.69495],[-98.31589,30.69393],[-98.31623,30.6921],[-98.31741,30.68986],[-98.31738,30.68885],[-98.31709,30.68837],[-98.31766,30.68765],[-98.31584,30.6873],[-98.31456,30.68576],[-98.31251,30.68391],[-98.31032,30.6833],[-98.31004,30.68297],[-98.31046,30.68195],[-98.31311,30.68161],[-98.31463,30.68031],[-98.31591,30.67968],[-98.31904,30.67953],[-98.32181,30.67984],[-98.32399,30.68034],[-98.32749,30.68155],[-98.32996,30.68284],[-98.33513,30.68417],[-98.33724,30.68436],[-98.3389,30.685],[-98.33985,30.68482],[-98.34085,30.68398],[-98.34172,30.6837],[-98.34606,30.68347],[-98.34908,30.68447],[-98.35101,30.68575],[-98.35133,30.68652],[-98.35363,30.68969],[-98.35617,30.69473],[-98.35683,30.69556],[-98.35782,30.69627],[-98.35877,30.6966],[-98.36035,30.69672],[-98.36956,30.69626],[-98.37174,30.69641],[-98.37373,30.69694],[-98.37677,30.69619],[-98.37887,30.69646],[-98.37979,30.69687],[-98.38041,30.69761],[-98.38062,30.69853],[-98.38051,30.69966],[-98.38094,30.70065],[-98.38191,30.69653],[-98.38346,30.69289],[-98.38882,30.68737],[-98.38946,30.68647],[-98.39154,30.68183],[-98.39338,30.67405],[-98.39469,30.67255],[-98.39557,30.67214],[-98.41573,30.66647],[-98.41648,30.66605],[-98.42075,30.66211],[-98.42579,30.65689],[-98.42855,30.65789],[-98.42819,30.65891],[-98.42835,30.66073],[-98.42951,30.66181],[-98.43328,30.66281],[-98.43553,30.66285],[-98.43847,30.66233],[-98.43954,30.66284],[-98.44112,30.66482],[-98.44176,30.66635],[-98.44188,30.66753],[-98.44164,30.66916],[-98.44046,30.67172],[-98.43932,30.67305],[-98.43861,30.67345],[-98.43671,30.67397],[-98.42956,30.67517],[-98.42815,30.67503],[-98.42481,30.67418],[-98.42173,30.67402],[-98.4199,30.67427],[-98.41686,30.67536],[-98.41428,30.67588],[-98.41197,30.67581],[-98.40912,30.67512],[-98.40726,30.67505],[-98.40501,30.67564],[-98.40398,30.6762],[-98.40292,30.67736],[-98.40237,30.6785],[-98.40218,30.68079],[-98.40489,30.68782],[-98.40546,30.69023],[-98.4081,30.69512],[-98.414,30.70183],[-98.41444,30.70296],[-98.41432,30.70374],[-98.41396,30.70439],[-98.41212,30.70602],[-98.4101,30.70846],[-98.40881,30.71116],[-98.40851,30.71497],[-98.40825,30.71567],[-98.40415,30.72108],[-98.40211,30.72184],[-98.39748,30.72125],[-98.39265,30.72123],[-98.39066,30.72286],[-98.38893,30.72499],[-98.3861,30.72891],[-98.38525,30.73063],[-98.37625,30.73706],[-98.37478,30.73776],[-98.3719,30.74048],[-98.37147,30.74138],[-98.37163,30.74292],[-98.37488,30.74638],[-98.37838,30.74733],[-98.38055,30.74726],[-98.38222,30.74672],[-98.37937,30.75322],[-98.3789,30.75375],[-98.37688,30.75451],[-98.37635,30.755],[-98.37604,30.75542],[-98.3759,30.75676],[-98.37398,30.75688],[-98.36985,30.75765],[-98.36625,30.75931],[-98.36377,30.75988],[-98.36124,30.76002],[-98.35823,30.75964],[-98.3569,30.75989],[-98.355,30.76082],[-98.35118,30.76337],[-98.34867,30.76683],[-98.34683,30.76779],[-98.34472,30.76777],[-98.34253,30.76666],[-98.34131,30.76637]]]}},{"type":"Feature","properties":{"PRECINCT":"burnet:9","COUNTY":"Burnet"},"geometry":{"type":"Polygon","coordinates":[[[-98.37718,30.69619],[-98.37584,30.6963],[-98.37373,30.69694],[-98.37174,30.69641],[-98.36956,30.69626],[-98.36312,30.69667],[-98.35971,30.69671],[-98.35849,30.69653],[-98.35732,30.69597],[-98.35646,30.69514],[-98.35517,30.69301],[-98.35363,30.68969],[-98.35133,30.68652],[-98.35101,30.68575],[-98.34908,30.68447],[-98.34606,30.68347],[-98.34504,30.68339],[-98.34122,30.68381],[-98.33985,30.68482],[-98.33877,30.68497],[-98.33724,30.68436],[-98.33513,30.68417],[-98.32996,30.68284],[-98.32749,30.68155],[-98.32399,30.68034],[-98.32181,30.67984],[-98.31904,30.67953],[-98.31667,30.67953],[-98.31566,30.67976],[-98.3128,30.68171],[-98.31118,30.6818],[-98.28298,30.6873],[-98.27028,30.68932],[-98.25759,30.69167],[-98.25502,30.6914],[-98.25525,30.68874],[-98.2548,30.67945],[-98.25688,30.6514],[-98.26246,30.63436],[-98.26356,30.6274],[-98.26438,30.62474],[-98.26596,30.62534],[-98.26785,30.61986],[-98.26736,30.61962],[-98.2707,30.61557],[-98.26926,30.61477],[-98.27041,30.61305],[-98.26951,30.6126],[-98.26881,30.60546],[-98.26994,30.60571],[-98.27052,30.60373],[-98.2693,30.60346],[-98.27057,30.60109],[-98.27217,30.60075],[-98.2748,30.59582],[-98.27969,30.59802],[-98.28163,30.59564],[-98.28837,30.58617],[-98.29285,30.58826],[-98.29322,30.58793],[-98.29483,30.59],[-98.29624,30.59112],[-98.30019,30.59242],[-98.30025,30.59267],[-98.30332,30.59355],[-98.30481,30.59386],[-98.32178,30.59533],[-98.32333,30.59571],[-98.32944,30.59828],[-98.32854,30.59956],[-98.33652,30.60285],[-98.33852,30.6031],[-98.34677,30.60288],[-98.37002,30.60663],[-98.36904,30.60938],[-98.37318,30.61097],[-98.3739,30.6095],[-98.37457,30.60874],[-98.37825,30.61104],[-98.37816,30.61117],[-98.38685,30.61705],[-98.38818,30.61559],[-98.39257,30.61837],[-98.39453,30.61645],[-98.39616,30.61408],[-98.397,30.61359],[-98.39694,30.61265],[-98.40001,30.60801],[-98.39911,30.60757],[-98.40141,30.60375],[-98.40074,30.60113],[-98.40061,30.59948],[-98.40194,30.60186],[-98.406,30.60689],[-98.40967,30.61231],[-98.4176,30.62727],[-98.41834,30.62992],[-98.41844,30.63301],[-98.41808,30.63507],[-98.41751,30.63657],[-98.41698,30.64035],[-98.41739,30.64325],[-98.41791,30.64479],[-98.41967,30.64707],[-98.42811,30.65398],[-98.42885,30.65483],[-98.429,30.65625],[-98.42855,30.65789],[-98.42579,30.65689],[-98.42075,30.66211],[-98.41648,30.66605],[-98.41573,30.66647],[-98.39557,30.67214],[-98.39436,30.67279],[-98.39338,30.67405],[-98.39154,30.68183],[-98.38946,30.68647],[-98.38882,30.68737],[-98.38346,30.69289],[-98.38191,30.69653],[-98.38094,30.70065],[-98.38051,30.69966],[-98.3805,30.69789],[-98.38006,30.6971],[-98.3792,30.69656],[-98.37718,30.69619]]]}},{"type":"Feature","properties":{"PRECINCT":"coryell:101","COUNTY":"Coryell"},"geometry":{"type":"Polygon","coordinates":[[[-98.01946,31.32984],[-98.01839,31.32989],[-98.01784,31.32935],[-98.01695,31.32926],[-98.01672,31.32651],[-98.01613,31.32633],[-98.01363,31.32679],[-98.01325,31.32663],[-98.0128,31.32596],[-98.01173,31.3254],[-98.0103,31.32581],[-98.00953,31.32631],[-98.00889,31.32752],[-98.00961,31.32842],[-98.00889,31.32914],[-98.00787,31.32956],[-98.00738,31.32946],[-98.00497,31.32778],[-98.00279,31.32712],[-98.00248,31.32642],[-98.00133,31.32627],[-97.99869,31.32664],[-97.99781,31.32555],[-97.99855,31.32471],[-97.99877,31.32303],[-97.99837,31.32212],[-97.9976,31.3217],[-97.99746,31.322],[-97.99641,31.32207],[-97.99604,31.32229],[-97.99662,31.32268],[-97.99645,31.32346],[-97.99426,31.32398],[-97.99373,31.32469],[-97.99211,31.32503],[-97.98988,31.32478],[-97.98894,31.32309],[-97.98774,31.32251],[-97.98643,31.32242],[-97.98451,31.32278],[-97.98449,31.32377],[-97.98404,31.32451],[-97.98217,31.32521],[-97.97859,31.32596],[-97.97641,31.32544],[-97.9752,31.3255],[-97.97449,31.32423],[-97.97316,31.32303],[-97.9725,31.32164],[-97.97167,31.3211],[-97.97129,31.31962],[-97.97034,31.31867],[-97.9693,31.31828],[-97.9669,31.31894],[-97.96646,31.31887],[-97.96551,31.31819],[-97.96506,31.31651],[-97.96576,31.31577],[-97.96538,31.31497],[-97.96409,31.31441],[-97.96142,31.31377],[-97.95716,31.31207],[-97.95409,31.31162],[-97.95384,31.31191],[-97.95315,31.31194],[-97.95295,31.3117],[-97.95159,31.3114],[-97.95037,31.31153],[-97.94907,31.3101],[-97.94787,31.30954],[-97.94689,31.3094],[-97.94637,31.309],[-97.94406,31.30562],[-97.94372,31.30631],[-97.94433,31.30656],[-97.94443,31.30687],[-97.94378,31.30694],[-97.94348,31.30782],[-97.94394,31.30839],[-97.94371,31.30926],[-97.94298,31.3084],[-97.94075,31.30884],[-97.93364,31.30672],[-97.93014,31.30546],[-97.92966,31.30558],[-97.92364,31.30382],[-97.92395,31.30242],[-97.91807,31.29566],[-97.92035,31.2895],[-97.92023,31.28742],[-97.91888,31.28619],[-97.91737,31.28571],[-97.9158,31.28453],[-97.9084,31.28254],[-97.90647,31.28252],[-97.905,31.28297],[-97.90248,31.28266],[-97.89933,31.28154],[-97.89687,31.28113],[-97.89505,31.28109],[-97.89339,31.2814],[-97.89176,31.28139],[-97.88936,31.2804],[-97.88881,31.27955],[-97.88834,31.27927],[-97.88939,31.27791],[-97.89498,31.27431],[-97.89885,31.27112],[-97.90224,31.26886],[-97.90348,31.26758],[-97.90426,31.26612],[-97.90986,31.25082],[-97.91013,31.24953],[-97.91011,31.24783],[-97.90884,31.24232],[-97.90868,31.24019],[-97.90905,31.23847],[-97.91143,31.23163],[-97.91213,31.22351],[-97.91201,31.21983],[-97.9115,31.21764],[-97.91026,31.21477],[-97.90478,31.20646],[-97.90412,31.20474],[-97.90385,31.20287],[-97.90574,31.18731],[-97.90986,31.17354],[-97.9107,31.17005],[-97.91099,31.16328],[-97.91043,31.15943],[-97.9093,31.15605],[-97.90785,31.15327],[-97.90529,31.14964],[-97.90586,31.14911],[-97.90724,31.14892],[-97.9094,31.14803],[-97.90988,31.14802],[-97.9113,31.14862],[-97.91213,31.14777],[-97.9137,31.14739],[-97.91475,31.14679],[-97.91542,31.14703],[-97.91557,31.14736],[-97.92025,31.14866],[-97.92115,31.14552],[-97.9214,31.14566],[-97.92368,31.1388],[-97.9229,31.13811],[-97.92449,31.13945],[-97.9273,31.14307],[-97.92874,31.14419],[-97.93226,31.14607],[-97.93403,31.14641],[-97.93586,31.14627],[-97.93755,31.14569],[-97.93992,31.14407],[-97.94019,31.14266],[-97.94281,31.13619],[-97.94338,31.13606],[-97.94699,31.13708],[-97.94863,31.13704],[-97.9501,31.13228],[-97.96801,31.1578],[-98.00537,31.21228],[-98.03211,31.25017],[-98.05608,31.28502],[-98.07177,31.30722],[-98.07172,31.3092],[-98.07046,31.31312],[-98.06143,31.31086],[-98.06036,31.31013],[-98.05579,31.30918],[-98.05348,31.31462],[-98.053,31.31478],[-98.05134,31.31439],[-98.05066,31.31468],[-98.04433,31.32292],[-98.0431,31.32395],[-98.03581,31.32781],[-98.03203,31.3281],[-98.02993,31.3287],[-98.02861,31.32817],[-98.02678,31.32791],[-98.02507,31.32869],[-98.02446,31.32863],[-98.02362,31.32813],[-98.02217,31.32819],[-98.02068,31.32853],[-98.0207,31.32904],[-98.02029,31.32964],[-98.01972,31.32957],[-98.01946,31.32984]]]}},{"type":"Feature","properties":{"PRECINCT":"coryell:102","COUNTY":"Coryell"},"geometry":{"type":"Polygon","coordinates":[[[-97.89428,31.60628],[-97.89377,31.60629],[-97.89326,31.60721],[-97.89301,31.60725],[-97.89271,31.60671],[-97.89351,31.60602],[-97.8933,31.60545],[-97.89252,31.60522],[-97.89181,31.60577],[-97.8909,31.60567],[-97.8905,31.6048],[-97.89124,31.60414],[-97.89127,31.60385],[-97.89078,31.60386],[-97.88959,31.60439],[-97.88904,31.60431],[-97.88857,31.60349],[-97.88791,31.60346],[-97.88742,31.60306],[-97.8875,31.60244],[-97.88798,31.60168],[-97.88771,31.60132],[-97.88593,31.60098],[-97.88516,31.60013],[-97.88399,31.60011],[-97.88317,31.5997],[-97.88302,31.59896],[-97.8838,31.59834],[-97.88355,31.59784],[-97.8814,31.59701],[-97.88009,31.59607],[-97.87895,31.59572],[-97.87844,31.59465],[-97.87797,31.59455],[-97.87661,31.59517],[-97.87651,31.59488],[-97.87689,31.59402],[-97.87617,31.59394],[-97.87565,31.59415],[-97.8752,31.59478],[-97.87427,31.59476],[-97.87402,31.5944],[-97.87454,31.59326],[-97.87396,31.59278],[-97.87344,31.59282],[-97.87275,31.59385],[-97.8723,31.59382],[-97.87178,31.59338],[-97.87074,31.59194],[-97.87088,31.59162],[-97.8717,31.59113],[-97.87165,31.59075],[-97.87031,31.58996],[-97.86942,31.59054],[-97.8695,31.58889],[-97.86843,31.58844],[-97.86766,31.58877],[-97.8673,31.58843],[-97.86737,31.5879],[-97.86796,31.58787],[-97.86843,31.58754],[-97.86848,31.58692],[-97.86829,31.58666],[-97.867,31.58635],[-97.86621,31.58545],[-97.86615,31.58424],[-97.8666,31.58321],[-97.86583,31.58178],[-97.86623,31.58159],[-97.86719,31.58169],[-97.86803,31.58064],[-97.86798,31.58027],[-97.86732,31.57982],[-97.86744,31.57919],[-97.86722,31.5785],[-97.86743,31.57802],[-97.86818,31.57804],[-97.86862,31.57892],[-97.86904,31.57926],[-97.86954,31.57928],[-97.86998,31.57891],[-97.86984,31.57834],[-97.86881,31.57764],[-97.86843,31.5769],[-97.869,31.57675],[-97.87003,31.5777],[-97.87043,31.57748],[-97.87027,31.57698],[-97.86945,31.57633],[-97.86938,31.57598],[-97.87075,31.57575],[-97.87129,31.57473],[-97.87206,31.57444],[-97.872,31.57314],[-97.87319,31.57236],[-97.87264,31.57114],[-97.87314,31.57014],[-97.87504,31.57032],[-97.87464,31.5712],[-97.87489,31.57154],[-97.8763,31.57114],[-97.87712,31.57046],[-97.87739,31.5708],[-97.87714,31.5714],[-97.87726,31.5719],[-97.87911,31.57238],[-97.88065,31.57238],[-97.88318,31.57136],[-97.88391,31.57283],[-97.88493,31.57307],[-97.88546,31.57289],[-97.88409,31.57084],[-97.88433,31.57034],[-97.88665,31.57138],[-97.88763,31.57082],[-97.88976,31.5709],[-97.89049,31.57118],[-97.8907,31.5718],[-97.89157,31.5719],[-97.89219,31.57173],[-97.89276,31.57077],[-97.89295,31.57092],[-97.89263,31.5718],[-97.89297,31.57214],[-97.89359,31.57179],[-97.89381,31.57137],[-97.89386,31.57063],[-97.8935,31.57021],[-97.89354,31.56983],[-97.89506,31.56966],[-97.89557,31.57008],[-97.89629,31.57014],[-97.89744,31.56696],[-97.89818,31.5665],[-97.89975,31.56658],[-97.90004,31.56563],[-97.90066,31.56547],[-97.90098,31.56502],[-97.90069,31.56291],[-97.90159,31.56198],[-97.90107,31.56123],[-97.90242,31.56086],[-97.90261,31.56051],[-97.90172,31.55933],[-97.9022,31.55878],[-97.90231,31.55818],[-97.90165,31.55725],[-97.90175,31.55658],[-97.89943,31.55502],[-97.899,31.55523],[-97.89882,31.55634],[-97.89839,31.55651],[-97.89712,31.55576],[-97.89607,31.5534],[-97.89451,31.55291],[-97.89374,31.5529],[-97.89442,31.55394],[-97.89376,31.55424],[-97.89293,31.55308],[-97.89201,31.55262],[-97.89215,31.55185],[-97.89165,31.55147],[-97.89115,31.55163],[-97.8908,31.55235],[-97.89104,31.55362],[-97.88999,31.55447],[-97.88895,31.55311],[-97.88742,31.55281],[-97.88654,31.55133],[-97.88609,31.55106],[-97.88566,31.55125],[-97.88549,31.55168],[-97.8862,31.55284],[-97.88557,31.55343],[-97.88398,31.55344],[-97.8837,31.55189],[-97.88294,31.552],[-97.88175,31.55277],[-97.88112,31.55259],[-97.88074,31.55186],[-97.87993,31.55143],[-97.87997,31.55054],[-97.87962,31.54949],[-97.88025,31.54902],[-97.87964,31.54877],[-97.87859,31.54905],[-97.87849,31.54878],[-97.87806,31.54676],[-97.87885,31.54525],[-97.87638,31.54233],[-97.87631,31.54135],[-97.87545,31.53998],[-97.87091,31.53597],[-97.86948,31.53561],[-97.86914,31.53427],[-97.8677,31.53459],[-97.86691,31.53374],[-97.86608,31.53353],[-97.86297,31.5294],[-97.86115,31.52779],[-97.86033,31.52527],[-97.85847,31.52453],[-97.85756,31.52377],[-97.85677,31.52346],[-97.85645,31.52293],[-97.85418,31.52312],[-97.85365,31.52245],[-97.85276,31.52238],[-97.85029,31.5232],[-97.84945,31.52249],[-97.84778,31.52235],[-97.84626,31.52121],[-97.84491,31.52191],[-97.84366,31.52186],[-97.84263,31.52216],[-97.84122,31.52153],[-97.84,31.52153],[-97.83935,31.52196],[-97.83688,31.52475],[-97.83677,31.52551],[-97.8351,31.52587],[-97.83485,31.52643],[-97.83502,31.52746],[-97.83466,31.52748],[-97.83404,31.52706],[-97.83374,31.52715],[-97.83263,31.5289],[-97.83156,31.52958],[-97.83116,31.53119],[-97.83074,31.5315],[-97.8303,31.53145],[-97.82996,31.53118],[-97.82974,31.53033],[-97.83051,31.52897],[-97.83113,31.52896],[-97.83122,31.52855],[-97.83075,31.52833],[-97.82887,31.52851],[-97.8286,31.52834],[-97.82858,31.52799],[-97.82917,31.52723],[-97.83007,31.52735],[-97.82974,31.52615],[-97.83064,31.52607],[-97.83085,31.52504],[-97.83035,31.52457],[-97.82953,31.52462],[-97.82915,31.52408],[-97.82751,31.52454],[-97.82768,31.52183],[-97.82796,31.52173],[-97.82885,31.52221],[-97.82962,31.52107],[-97.82916,31.5207],[-97.82786,31.52079],[-97.82764,31.52053],[-97.82848,31.51928],[-97.82878,31.51767],[-97.82977,31.51601],[-97.83046,31.51511],[-97.83277,31.51313],[-97.83283,31.51286],[-97.83204,31.51141],[-97.83093,31.5106],[-97.83059,31.50966],[-97.8302,31.50932],[-97.8259,31.50733],[-97.82424,31.50697],[-97.82359,31.50779],[-97.82314,31.50776],[-97.82207,31.50658],[-97.82193,31.50578],[-97.82162,31.50555],[-97.8187,31.5053],[-97.81855,31.50571],[-97.81962,31.50679],[-97.81942,31.50696],[-97.81844,31.50666],[-97.8178,31.5062],[-97.8169,31.50498],[-97.81701,31.50467],[-97.81799,31.50453],[-97.81749,31.5039],[-97.81583,31.50374],[-97.81394,31.50414],[-97.81332,31.50307],[-97.81177,31.50372],[-97.8104,31.50316],[-97.80794,31.50331],[-97.80727,31.50292],[-97.80669,31.50062],[-97.80737,31.49752],[-97.8101,31.49374],[-97.81101,31.49329],[-97.81224,31.49366],[-97.81308,31.49286],[-97.81368,31.49263],[-97.81403,31.4928],[-97.81446,31.49353],[-97.81486,31.49356],[-97.81775,31.49064],[-97.81901,31.49047],[-97.81953,31.49011],[-97.81955,31.48911],[-97.8199,31.48827],[-97.8194,31.48763],[-97.81954,31.48721],[-97.82034,31.48707],[-97.82117,31.48729],[-97.8223,31.48692],[-97.82243,31.4862],[-97.82286,31.48588],[-97.82213,31.48533],[-97.82224,31.4849],[-97.82346,31.48434],[-97.82491,31.48444],[-97.8251,31.48387],[-97.82449,31.4829],[-97.82357,31.48236],[-97.82409,31.48028],[-97.82388,31.47997],[-97.82329,31.47977],[-97.82277,31.47838],[-97.82206,31.47764],[-97.82188,31.47681],[-97.82261,31.47605],[-97.82262,31.47556],[-97.82123,31.4749],[-97.82044,31.47528],[-97.82022,31.47369],[-97.81897,31.47276],[-97.81859,31.47281],[-97.81828,31.47354],[-97.81785,31.47374],[-97.81745,31.47366],[-97.81692,31.47316],[-97.81749,31.47274],[-97.81777,31.47172],[-97.81904,31.47141],[-97.81921,31.4709],[-97.8184,31.47021],[-97.81943,31.46959],[-97.81815,31.46493],[-97.81738,31.46358],[-97.81651,31.46269],[-97.81529,31.46193],[-97.80772,31.4585],[-97.80344,31.45708],[-97.80733,31.44699],[-97.80741,31.44604],[-97.8088,31.44568],[-97.82218,31.43919],[-97.8222,31.43885],[-97.81796,31.43905],[-97.81029,31.43843],[-97.81664,31.42177],[-97.81635,31.42011],[-97.81821,31.41806],[-97.82372,31.40413],[-97.80448,31.39835],[-97.81892,31.38422],[-97.82872,31.37271],[-97.83958,31.36312],[-97.86662,31.33478],[-97.86746,31.33337],[-97.86807,31.33169],[-97.87115,31.31762],[-97.87602,31.30517],[-97.87696,31.30021],[-97.87882,31.29325],[-97.87979,31.29152],[-97.88209,31.28884],[-97.88548,31.28402],[-97.88834,31.27927],[-97.88881,31.27955],[-97.88936,31.2804],[-97.89176,31.28139],[-97.89339,31.2814],[-97.89505,31.28109],[-97.89687,31.28113],[-97.89933,31.28154],[-97.90248,31.28266],[-97.905,31.28297],[-97.90647,31.28252],[-97.9084,31.28254],[-97.9158,31.28453],[-97.91737,31.28571],[-97.91888,31.28619],[-97.92023,31.28742],[-97.92035,31.2895],[-97.91807,31.29566],[-97.92395,31.30242],[-97.92364,31.30382],[-97.92966,31.30558],[-97.93014,31.30546],[-97.93364,31.30672],[-97.94075,31.30884],[-97.94298,31.3084],[-97.94371,31.30926],[-97.94394,31.30839],[-97.94348,31.30782],[-97.94378,31.30694],[-97.94443,31.30687],[-97.94433,31.30656],[-97.94372,31.30631],[-97.94406,31.30562],[-97.94637,31.309],[-97.94689,31.3094],[-97.94787,31.30954],[-97.94907,31.3101],[-97.95037,31.31153],[-97.95159,31.3114],[-97.95295,31.3117],[-97.95315,31.31194],[-97.95384,31.31191],[-97.95409,31.31162],[-97.95716,31.31207],[-97.96142,31.31377],[-97.96409,31.31441],[-97.96538,31.31497],[-97.96576,31.31577],[-97.96506,31.31651],[-97.96532,31.3178],[-97.96582,31.3185],[-97.96646,31.31887],[-97.96719,31.31895],[-97.96911,31.31829],[-97.96993,31.31839],[-97.97129,31.31962],[-97.97154,31.3209],[-97.9725,31.32164],[-97.97316,31.32303],[-97.97449,31.32423],[-97.97504,31.3254],[-97.97641,31.32544],[-97.97804,31.32596],[-97.97961,31.32584],[-97.98346,31.32478],[-97.98428,31.32426],[-97.98451,31.32278],[-97.9861,31.32244],[-97.98834,31.32269],[-97.98926,31.32347],[-97.98988,31.32478],[-97.9919,31.32504],[-97.99356,31.32474],[-97.99409,31.32404],[-97.99645,31.32346],[-97.99662,31.32268],[-97.99604,31.32229],[-97.99641,31.32207],[-97.99746,31.322],[-97.9976,31.3217],[-97.99837,31.32212],[-97.99882,31.32324],[-97.99855,31.32471],[-97.99781,31.32555],[-97.99848,31.32652],[-97.99889,31.32665],[-97.99939,31.32641],[-98.00133,31.32627],[-98.00248,31.32642],[-98.00279,31.32712],[-98.00497,31.32778],[-98.00763,31.32955],[-98.00858,31.32931],[-98.00948,31.32866],[-98.0096,31.32823],[-98.00891,31.32768],[-98.00889,31.32731],[-98.00953,31.32631],[-98.0103,31.32581],[-98.01173,31.3254],[-98.0128,31.32596],[-98.01325,31.32663],[-98.01363,31.32679],[-98.01613,31.32633],[-98.01672,31.32651],[-98.01695,31.32926],[-98.01784,31.32935],[-98.01839,31.32989],[-98.01923,31.32991],[-98.01972,31.32957],[-98.02029,31.32964],[-98.0207,31.32904],[-98.02068,31.32853],[-98.02217,31.32819],[-98.02362,31.32813],[-98.02446,31.32863],[-98.02507,31.32869],[-98.02678,31.32791],[-98.02861,31.32817],[-98.02993,31.3287],[-98.03203,31.3281],[-98.03534,31.32792],[-98.03673,31.32741],[-98.04374,31.32353],[-98.05078,31.31458],[-98.05134,31.31439],[-98.053,31.31478],[-98.05348,31.31462],[-98.05579,31.30918],[-98.06036,31.31013],[-98.06143,31.31086],[-98.07046,31.31312],[-98.07172,31.3092],[-98.07177,31.30722],[-98.08804,31.33123],[-98.08647,31.32992],[-98.08325,31.3302],[-98.08048,31.33108],[-98.07684,31.33354],[-98.07713,31.33475],[-98.07701,31.33561],[-98.06942,31.35541],[-98.06847,31.35706],[-98.07848,31.3577],[-98.07725,31.36103],[-98.0776,31.3621],[-98.08098,31.36488],[-98.08309,31.36699],[-98.08559,31.368],[-98.0879,31.36822],[-98.08962,31.36868],[-98.09044,31.36924],[-98.09079,31.36965],[-98.0915,31.37181],[-98.09228,31.37553],[-98.0937,31.37748],[-98.08805,31.39215],[-98.08476,31.39124],[-98.08338,31.39197],[-98.0812,31.39763],[-98.08191,31.399],[-98.08161,31.40094],[-98.08098,31.40253],[-98.07988,31.40247],[-98.07925,31.4029],[-98.07566,31.41224],[-98.07567,31.41285],[-98.07665,31.41354],[-98.07707,31.41733],[-98.07795,31.41956],[-98.07569,31.41994],[-98.07505,31.42052],[-98.07409,31.42048],[-98.07129,31.4233],[-98.07787,31.42543],[-98.07667,31.42891],[-98.07694,31.43012],[-98.07305,31.43973],[-98.07451,31.44284],[-98.07469,31.44399],[-98.07441,31.44538],[-98.07518,31.44636],[-98.07547,31.44721],[-98.07615,31.44795],[-98.07573,31.44967],[-98.07597,31.45023],[-98.07703,31.45113],[-98.07712,31.45258],[-98.07774,31.45312],[-98.08153,31.45418],[-98.07908,31.46056],[-98.07863,31.46073],[-98.07235,31.45903],[-98.06963,31.46535],[-98.06906,31.46741],[-98.06506,31.47221],[-98.0643,31.47378],[-98.03046,31.47372],[-98.02783,31.4734],[-98.01023,31.47012],[-98.00541,31.46984],[-97.99742,31.46994],[-97.99749,31.47068],[-97.99868,31.47184],[-97.99879,31.47302],[-97.99821,31.47362],[-97.99868,31.47414],[-97.99924,31.47405],[-97.99999,31.47353],[-98.00217,31.47309],[-98.00375,31.47302],[-98.0044,31.47242],[-98.00477,31.47159],[-98.00535,31.47133],[-98.00572,31.47145],[-98.00774,31.47317],[-98.00826,31.47407],[-98.00935,31.47438],[-98.01087,31.476],[-98.01128,31.47733],[-98.01035,31.4785],[-98.01019,31.4791],[-98.01036,31.47937],[-98.01172,31.47959],[-98.01405,31.47936],[-98.01618,31.47888],[-98.01789,31.47796],[-98.01923,31.4778],[-98.02074,31.47712],[-98.02174,31.47712],[-98.02241,31.47739],[-98.02313,31.47841],[-98.02452,31.4793],[-98.02494,31.48041],[-98.0246,31.48169],[-98.02498,31.48202],[-98.02745,31.48184],[-98.02879,31.48269],[-98.03172,31.48316],[-98.03338,31.48385],[-98.03477,31.48387],[-98.03538,31.48436],[-98.03562,31.48562],[-98.03621,31.48631],[-98.03695,31.48665],[-98.03884,31.48654],[-98.04179,31.48802],[-98.04337,31.48754],[-98.04479,31.48781],[-98.04525,31.48823],[-98.04559,31.48944],[-98.04629,31.48978],[-98.04725,31.48961],[-98.0478,31.48986],[-98.04822,31.49145],[-98.04916,31.49224],[-98.04944,31.49275],[-98.04936,31.49459],[-98.04975,31.49543],[-98.05168,31.49583],[-98.05326,31.49686],[-98.0545,31.49835],[-98.05452,31.49917],[-98.05484,31.49951],[-98.05624,31.4996],[-98.05746,31.49858],[-98.05889,31.49838],[-98.06004,31.49907],[-98.06033,31.5001],[-98.06082,31.50072],[-98.06188,31.50084],[-98.06303,31.50036],[-98.06472,31.50052],[-98.06532,31.50083],[-98.06608,31.50153],[-98.06637,31.50217],[-98.06605,31.50288],[-98.06518,31.50288],[-98.06492,31.50327],[-98.06544,31.50468],[-98.06506,31.50789],[-98.06632,31.50883],[-98.06623,31.50971],[-98.06573,31.51036],[-98.06575,31.51116],[-98.06692,31.5121],[-98.06734,31.51272],[-98.06852,31.51285],[-98.06956,31.51229],[-98.07041,31.51249],[-98.07189,31.5136],[-98.07452,31.51464],[-98.07609,31.51618],[-98.0194,31.54456],[-97.89406,31.608],[-97.8944,31.60669],[-97.89428,31.60628]]]}},{"type":"Feature","properties":{"PRECINCT":"coryell:103","COUNTY":"Coryell"},"geometry":{"type":"Polygon","coordinates":[[[-98.07002,31.51233],[-98.06934,31.51233],[-98.06852,31.51285],[-98.06734,31.51272],[-98.06564,31.51091],[-98.06573,31.51036],[-98.06631,31.50949],[-98.06632,31.50883],[-98.06506,31.50789],[-98.06544,31.50468],[-98.06492,31.50327],[-98.06518,31.50288],[-98.06586,31.50296],[-98.06632,31.5026],[-98.06634,31.50196],[-98.06608,31.50153],[-98.06513,31.50068],[-98.06425,31.50043],[-98.06303,31.50036],[-98.06188,31.50084],[-98.06082,31.50072],[-98.06033,31.5001],[-98.06004,31.49907],[-98.05889,31.49838],[-98.05746,31.49858],[-98.05624,31.4996],[-98.05484,31.49951],[-98.05452,31.49917],[-98.0545,31.49835],[-98.05326,31.49686],[-98.05168,31.49583],[-98.04975,31.49543],[-98.04936,31.49459],[-98.04944,31.49275],[-98.04916,31.49224],[-98.04822,31.49145],[-98.0478,31.48986],[-98.04725,31.48961],[-98.04629,31.48978],[-98.04559,31.48944],[-98.04525,31.48823],[-98.04479,31.48781],[-98.04337,31.48754],[-98.04179,31.48802],[-98.03884,31.48654],[-98.03695,31.48665],[-98.03621,31.48631],[-98.03562,31.48562],[-98.03538,31.48436],[-98.03477,31.48387],[-98.03338,31.48385],[-98.03172,31.48316],[-98.02879,31.48269],[-98.02745,31.48184],[-98.02498,31.48202],[-98.0246,31.48169],[-98.02494,31.48041],[-98.02452,31.4793],[-98.02313,31.47841],[-98.02241,31.47739],[-98.02174,31.47712],[-98.02074,31.47712],[-98.01923,31.4778],[-98.01789,31.47796],[-98.01618,31.47888],[-98.01405,31.47936],[-98.01172,31.47959],[-98.01036,31.47937],[-98.01019,31.4791],[-98.01035,31.4785],[-98.01128,31.47733],[-98.01087,31.476],[-98.00935,31.47438],[-98.00826,31.47407],[-98.00774,31.47317],[-98.00572,31.47145],[-98.00535,31.47133],[-98.00477,31.47159],[-98.0044,31.47242],[-98.00375,31.47302],[-98.00217,31.47309],[-97.99999,31.47353],[-97.99924,31.47405],[-97.99868,31.47414],[-97.99821,31.47362],[-97.99879,31.47302],[-97.99868,31.47184],[-97.99749,31.47068],[-97.99742,31.46994],[-98.00541,31.46984],[-98.01023,31.47012],[-98.02783,31.4734],[-98.03046,31.47372],[-98.0643,31.47378],[-98.06506,31.47221],[-98.06906,31.46741],[-98.06963,31.46535],[-98.07235,31.45903],[-98.07863,31.46073],[-98.07908,31.46056],[-98.08153,31.45418],[-98.07774,31.45312],[-98.07712,31.45258],[-98.07703,31.45113],[-98.07597,31.45023],[-98.07573,31.44967],[-98.07615,31.44795],[-98.07547,31.44721],[-98.07518,31.44636],[-98.07441,31.44538],[-98.07469,31.44399],[-98.07451,31.44284],[-98.07305,31.43973],[-98.07694,31.43012],[-98.07667,31.42891],[-98.07787,31.42543],[-98.07129,31.4233],[-98.07409,31.42048],[-98.07505,31.42052],[-98.07569,31.41994],[-98.07795,31.41956],[-98.07707,31.41733],[-98.07665,31.41354],[-98.07567,31.41285],[-98.07566,31.41224],[-98.07925,31.4029],[-98.07988,31.40247],[-98.08098,31.40253],[-98.08161,31.40094],[-98.08191,31.399],[-98.0812,31.39763],[-98.08338,31.39197],[-98.08476,31.39124],[-98.08805,31.39215],[-98.0937,31.3774],[-98.09228,31.37553],[-98.0915,31.37181],[-98.09079,31.36965],[-98.09044,31.36924],[-98.08962,31.36868],[-98.0879,31.36822],[-98.08559,31.368],[-98.08309,31.36699],[-98.08098,31.36488],[-98.0776,31.3621],[-98.07725,31.36103],[-98.07848,31.3577],[-98.06847,31.35706],[-98.06942,31.35541],[-98.07701,31.33561],[-98.07713,31.33475],[-98.07684,31.33354],[-98.08086,31.33091],[-98.08361,31.33013],[-98.08626,31.32988],[-98.08678,31.33007],[-98.08833,31.33163],[-98.12531,31.38545],[-98.18001,31.46372],[-98.12531,31.49168],[-98.07609,31.51618],[-98.07452,31.51464],[-98.07189,31.5136],[-98.0711,31.51283],[-98.07002,31.51233]]]}},{"type":"Feature","properties":{"PRECINCT":"coryell:104","COUNTY":"Coryell"},"geometry":{"type":"Polygon","coordinates":[[[-97.92269,31.13755],[-97.9143,31.13166],[-97.90941,31.12722],[-97.90755,31.12617],[-97.90342,31.12473],[-97.90361,31.12427],[-97.907,31.12546],[-97.90778,31.12382],[-97.90836,31.12402],[-97.90915,31.12237],[-97.90734,31.12174],[-97.90902,31.11725],[-97.90847,31.1171],[-97.91048,31.11137],[-97.91608,31.10746],[-97.923,31.1036],[-97.92407,31.10214],[-97.9254,31.09899],[-97.92636,31.09788],[-97.94252,31.12158],[-97.9501,31.13228],[-97.94863,31.13704],[-97.94699,31.13708],[-97.94338,31.13606],[-97.94281,31.13619],[-97.94019,31.14266],[-97.93992,31.14407],[-97.93755,31.14569],[-97.93518,31.14638],[-97.93367,31.14638],[-97.93225,31.14607],[-97.92827,31.14387],[-97.92583,31.14141],[-97.92449,31.13945],[-97.9229,31.13811],[-97.92269,31.13755]]]}},{"type":"Feature","properties":{"PRECINCT":"coryell:205","COUNTY":"Coryell"},"geometry":{"type":"Polygon","coordinates":[[[-97.59379,31.57238],[-97.51802,31.46316],[-97.50777,31.44797],[-97.51246,31.43599],[-97.57852,31.42989],[-97.58363,31.42904],[-97.59156,31.42709],[-97.60475,31.42304],[-97.60752,31.42278],[-97.61348,31.42335],[-97.61333,31.42508],[-97.61419,31.42725],[-97.61592,31.42966],[-97.61772,31.43152],[-97.61826,31.43292],[-97.62127,31.43361],[-97.62263,31.43339],[-97.62743,31.43485],[-97.63007,31.43663],[-97.63273,31.4375],[-97.63724,31.44076],[-97.63962,31.44126],[-97.64082,31.44212],[-97.64227,31.44234],[-97.64654,31.44615],[-97.64914,31.44787],[-97.65188,31.44833],[-97.65633,31.44777],[-97.65682,31.44778],[-97.65791,31.4483],[-97.66039,31.44814],[-97.6608,31.44836],[-97.66173,31.44959],[-97.66433,31.4503],[-97.67548,31.4502],[-97.67548,31.45462],[-97.68603,31.45464],[-97.68657,31.4544],[-97.68873,31.44926],[-97.69125,31.44807],[-97.6966,31.44668],[-97.69962,31.44537],[-97.70003,31.445],[-97.70139,31.44232],[-97.70525,31.43953],[-97.70633,31.43958],[-97.71473,31.44204],[-97.71487,31.43461],[-97.72122,31.43468],[-97.72128,31.43118],[-97.72504,31.43117],[-97.72507,31.41877],[-97.72816,31.41998],[-97.72822,31.42561],[-97.73067,31.42872],[-97.73276,31.43085],[-97.73898,31.43311],[-97.74528,31.43298],[-97.74529,31.43216],[-97.74643,31.43218],[-97.74637,31.43312],[-97.75168,31.43318],[-97.75179,31.43277],[-97.7532,31.43279],[-97.75304,31.43161],[-97.75181,31.43159],[-97.75176,31.43089],[-97.74957,31.43072],[-97.74954,31.42753],[-97.74979,31.42654],[-97.74672,31.42665],[-97.74605,31.42709],[-97.74436,31.42603],[-97.74302,31.42593],[-97.74103,31.42477],[-97.73914,31.42426],[-97.73893,31.42325],[-97.73578,31.42282],[-97.73481,31.42249],[-97.73424,31.42195],[-97.73465,31.42084],[-97.73378,31.42046],[-97.73362,31.41948],[-97.73371,31.41863],[-97.73503,31.41648],[-97.73539,31.41633],[-97.7364,31.41649],[-97.73615,31.41528],[-97.7368,31.41457],[-97.73837,31.41453],[-97.73925,31.4138],[-97.74042,31.4143],[-97.74067,31.41348],[-97.74103,31.41324],[-97.74236,31.41357],[-97.74347,31.41328],[-97.7452,31.41334],[-97.74639,31.41247],[-97.74782,31.41181],[-97.7482,31.41199],[-97.74829,31.41304],[-97.7487,31.41334],[-97.7496,31.41309],[-97.75076,31.41224],[-97.75124,31.41233],[-97.75165,31.41281],[-97.7521,31.41268],[-97.75257,31.41209],[-97.75305,31.41068],[-97.75448,31.40953],[-97.75475,31.40889],[-97.75481,31.40759],[-97.75412,31.40677],[-97.75438,31.40659],[-97.75539,31.4067],[-97.75593,31.40525],[-97.75587,31.40333],[-97.75545,31.4031],[-97.75472,31.40321],[-97.75378,31.40259],[-97.75286,31.40233],[-97.75198,31.40305],[-97.75092,31.40148],[-97.75049,31.40126],[-97.7476,31.40159],[-97.74652,31.40213],[-97.74605,31.40164],[-97.74558,31.40159],[-97.74407,31.40202],[-97.743,31.40267],[-97.74202,31.40263],[-97.74131,31.40301],[-97.74076,31.40373],[-97.74181,31.40501],[-97.74144,31.40519],[-97.74011,31.4047],[-97.73925,31.40633],[-97.73739,31.40604],[-97.73696,31.40669],[-97.73684,31.40775],[-97.73651,31.40811],[-97.73449,31.40854],[-97.73313,31.40775],[-97.73181,31.40818],[-97.73078,31.40806],[-97.73013,31.40781],[-97.72971,31.40725],[-97.72608,31.40449],[-97.72651,31.40369],[-97.72743,31.40341],[-97.72584,31.40134],[-97.72563,31.40047],[-97.72589,31.39886],[-97.7266,31.39742],[-97.72773,31.39653],[-97.72784,31.3961],[-97.72634,31.39483],[-97.72616,31.39427],[-97.72817,31.39166],[-97.72772,31.39148],[-97.72618,31.39317],[-97.72573,31.39307],[-97.72537,31.39118],[-97.72495,31.39091],[-97.72445,31.39097],[-97.72518,31.38679],[-97.72443,31.38258],[-97.72323,31.38318],[-97.72258,31.38261],[-97.72205,31.38112],[-97.72249,31.38042],[-97.72243,31.37992],[-97.72133,31.37976],[-97.72024,31.3802],[-97.71913,31.37993],[-97.71738,31.38006],[-97.71698,31.37971],[-97.71687,31.37852],[-97.71612,31.37879],[-97.71516,31.37966],[-97.71447,31.37953],[-97.71335,31.37885],[-97.71277,31.37885],[-97.71176,31.37959],[-97.7107,31.37997],[-97.71082,31.3809],[-97.70935,31.38082],[-97.70897,31.38154],[-97.70827,31.38192],[-97.70774,31.38186],[-97.70671,31.3812],[-97.70551,31.38104],[-97.70506,31.38122],[-97.70494,31.38213],[-97.70397,31.38158],[-97.70333,31.38164],[-97.70307,31.38195],[-97.70283,31.38365],[-97.70246,31.3839],[-97.70185,31.38372],[-97.699,31.37808],[-97.6924,31.36992],[-97.68734,31.36273],[-97.67443,31.34951],[-97.65962,31.33199],[-97.66057,31.33164],[-97.66224,31.33183],[-97.66254,31.3315],[-97.66316,31.33151],[-97.66372,31.3307],[-97.66471,31.33046],[-97.66531,31.32955],[-97.66546,31.32792],[-97.66711,31.32705],[-97.6646,31.3256],[-97.6664,31.32098],[-97.67114,31.32227],[-97.67363,31.31659],[-97.66632,31.31409],[-97.66929,31.30745],[-97.66164,31.30494],[-97.66376,31.30554],[-97.66438,31.30443],[-97.66522,31.30406],[-97.66554,31.30354],[-97.66621,31.30363],[-97.67099,31.30563],[-97.67337,31.30422],[-97.67405,31.30336],[-97.675,31.30333],[-97.67503,31.30032],[-97.67472,31.30013],[-97.67453,31.29827],[-97.67926,31.28578],[-97.68029,31.28442],[-97.68392,31.28661],[-97.68407,31.2916],[-97.68509,31.29396],[-97.68791,31.29542],[-97.69349,31.28047],[-97.69626,31.27585],[-97.69874,31.27276],[-97.69942,31.26917],[-97.6993,31.26816],[-97.70035,31.26505],[-97.70093,31.26477],[-97.70431,31.26432],[-97.70554,31.26349],[-97.70663,31.26194],[-97.70634,31.26013],[-97.70639,31.2587],[-97.71019,31.25498],[-97.71193,31.2549],[-97.71256,31.25387],[-97.71323,31.25329],[-97.71443,31.25293],[-97.71659,31.25268],[-97.71801,31.25282],[-97.72015,31.25135],[-97.72055,31.2513],[-97.72154,31.25214],[-97.72248,31.25156],[-97.72341,31.25149],[-97.72452,31.25022],[-97.72719,31.24839],[-97.72706,31.24805],[-97.72734,31.24714],[-97.72836,31.2458],[-97.72906,31.24543],[-97.73039,31.24528],[-97.73093,31.24542],[-97.73118,31.24517],[-97.7317,31.24424],[-97.72872,31.23837],[-97.72831,31.23682],[-97.73247,31.23521],[-97.74168,31.22884],[-97.74189,31.22841],[-97.74093,31.22777],[-97.73969,31.22775],[-97.73887,31.22694],[-97.73808,31.22422],[-97.73826,31.22338],[-97.73774,31.22262],[-97.73516,31.22142],[-97.73331,31.2202],[-97.73222,31.21984],[-97.73193,31.21911],[-97.73106,31.21874],[-97.72972,31.21739],[-97.72979,31.21714],[-97.73063,31.21695],[-97.73087,31.21668],[-97.73084,31.21611],[-97.73114,31.21596],[-97.73326,31.21584],[-97.7332,31.21508],[-97.73379,31.21512],[-97.73411,31.21472],[-97.7339,31.21367],[-97.73465,31.21343],[-97.73676,31.21141],[-97.737,31.21127],[-97.73901,31.21143],[-97.743,31.21018],[-97.74462,31.21049],[-97.74524,31.21041],[-97.74576,31.21014],[-97.74587,31.20929],[-97.74643,31.2087],[-97.74758,31.20885],[-97.74908,31.2098],[-97.75042,31.20995],[-97.75164,31.21067],[-97.75174,31.20867],[-97.75281,31.20752],[-97.75347,31.20754],[-97.75505,31.20851],[-97.7585,31.20829],[-97.75925,31.20758],[-97.76018,31.20733],[-97.76271,31.20878],[-97.76369,31.20907],[-97.76411,31.20906],[-97.7649,31.20822],[-97.76571,31.208],[-97.76771,31.2096],[-97.76918,31.20913],[-97.77124,31.21134],[-97.77275,31.2121],[-97.7745,31.21253],[-97.77512,31.21261],[-97.77541,31.21244],[-97.77518,31.21061],[-97.7763,31.21],[-97.77909,31.21069],[-97.7802,31.21158],[-97.78173,31.21222],[-97.78232,31.21214],[-97.78279,31.21169],[-97.78319,31.21169],[-97.78494,31.21274],[-97.7862,31.21393],[-97.78738,31.21434],[-97.78813,31.21415],[-97.78897,31.21351],[-97.78959,31.21359],[-97.79181,31.21463],[-97.79503,31.21506],[-97.79577,31.21493],[-97.79706,31.21403],[-97.79762,31.21421],[-97.79789,31.21459],[-97.79814,31.21692],[-97.79904,31.21804],[-97.79942,31.22001],[-97.79994,31.22069],[-97.80188,31.22215],[-97.80231,31.22221],[-97.80379,31.22164],[-97.80461,31.22162],[-97.80603,31.22265],[-97.80756,31.22302],[-97.80901,31.22288],[-97.81065,31.22314],[-97.81214,31.22401],[-97.8142,31.22906],[-97.81486,31.22957],[-97.81589,31.22946],[-97.81638,31.22978],[-97.81644,31.23031],[-97.81593,31.23132],[-97.81601,31.23266],[-97.81581,31.23323],[-97.81627,31.2342],[-97.81714,31.23432],[-97.81992,31.23368],[-97.82121,31.23379],[-97.82299,31.23471],[-97.82462,31.23498],[-97.82576,31.23573],[-97.82711,31.23594],[-97.82754,31.23666],[-97.82664,31.23865],[-97.82464,31.23833],[-97.82414,31.23846],[-97.82402,31.23922],[-97.82456,31.24009],[-97.82463,31.2411],[-97.82433,31.24132],[-97.82355,31.24111],[-97.82368,31.24205],[-97.8235,31.24269],[-97.82067,31.24506],[-97.81973,31.24666],[-97.81946,31.24779],[-97.81945,31.24833],[-97.81997,31.2492],[-97.81956,31.24983],[-97.81755,31.25108],[-97.8175,31.25179],[-97.81817,31.25242],[-97.81799,31.25299],[-97.81907,31.25588],[-97.81772,31.25736],[-97.81711,31.25848],[-97.8172,31.2592],[-97.81692,31.25982],[-97.81609,31.26052],[-97.81642,31.26265],[-97.81614,31.26336],[-97.81566,31.26382],[-97.81525,31.26651],[-97.81553,31.26719],[-97.81627,31.26734],[-97.81646,31.2676],[-97.81664,31.26825],[-97.81638,31.26856],[-97.81657,31.26867],[-97.81618,31.26912],[-97.81496,31.26954],[-97.81541,31.26981],[-97.81526,31.27112],[-97.81504,31.27153],[-97.81404,31.2721],[-97.81429,31.27264],[-97.81588,31.27225],[-97.81607,31.27307],[-97.81646,31.27341],[-97.8158,31.27368],[-97.81531,31.27505],[-97.81522,31.27463],[-97.81488,31.27493],[-97.8147,31.27629],[-97.81338,31.2781],[-97.8133,31.27857],[-97.81399,31.27984],[-97.81468,31.2801],[-97.81516,31.28061],[-97.81505,31.28115],[-97.8153,31.28149],[-97.81545,31.28269],[-97.81518,31.283],[-97.81552,31.28346],[-97.81534,31.28438],[-97.81553,31.28664],[-97.81645,31.28858],[-97.81591,31.28934],[-97.81612,31.28979],[-97.81585,31.2902],[-97.81614,31.29065],[-97.8158,31.29138],[-97.81627,31.29155],[-97.81678,31.2923],[-97.81622,31.29333],[-97.81665,31.29426],[-97.81654,31.29606],[-97.81772,31.29754],[-97.81744,31.29822],[-97.8172,31.29813],[-97.81677,31.2994],[-97.81711,31.30136],[-97.81682,31.30235],[-97.8163,31.30334],[-97.8152,31.30459],[-97.81422,31.30465],[-97.8138,31.30503],[-97.80587,31.30272],[-97.80392,31.30742],[-97.80341,31.30758],[-97.80485,31.30894],[-97.80594,31.30926],[-97.80732,31.31035],[-97.8068,31.31076],[-97.80657,31.31153],[-97.80696,31.31457],[-97.80613,31.31458],[-97.80588,31.31508],[-97.80652,31.31554],[-97.80848,31.3157],[-97.80929,31.316],[-97.80725,31.32215],[-97.80539,31.32147],[-97.80364,31.32121],[-97.80273,31.3232],[-97.80257,31.32471],[-97.80229,31.32512],[-97.80165,31.32524],[-97.79975,31.32452],[-97.79921,31.32457],[-97.79778,31.32379],[-97.79429,31.32326],[-97.79344,31.32287],[-97.79124,31.32248],[-97.79032,31.32202],[-97.7895,31.3221],[-97.78838,31.32274],[-97.78835,31.32343],[-97.78944,31.32604],[-97.7891,31.32693],[-97.78912,31.3276],[-97.78936,31.32799],[-97.79139,31.32943],[-97.79235,31.32959],[-97.79251,31.32993],[-97.79198,31.33117],[-97.79206,31.33241],[-97.79173,31.3337],[-97.79418,31.33264],[-97.79611,31.33144],[-97.79877,31.33165],[-97.79941,31.33203],[-97.80209,31.33065],[-97.80293,31.33079],[-97.80291,31.33155],[-97.80143,31.33382],[-97.79888,31.33558],[-97.79729,31.33534],[-97.7966,31.33589],[-97.79546,31.33631],[-97.79477,31.33708],[-97.79412,31.33739],[-97.79342,31.33858],[-97.79321,31.34036],[-97.79273,31.34141],[-97.79358,31.34362],[-97.7951,31.34451],[-97.79724,31.34479],[-97.79827,31.34413],[-97.80084,31.34378],[-97.80463,31.34494],[-97.80515,31.34578],[-97.80524,31.34684],[-97.80447,31.34815],[-97.8046,31.34914],[-97.8035,31.35007],[-97.80287,31.35185],[-97.80252,31.35426],[-97.80117,31.35536],[-97.79856,31.35646],[-97.79198,31.35718],[-97.79324,31.35891],[-97.79218,31.36102],[-97.79188,31.36435],[-97.79036,31.36602],[-97.79013,31.36723],[-97.78583,31.37679],[-97.78472,31.37862],[-97.78132,31.38801],[-97.78141,31.38858],[-97.782,31.38872],[-97.77606,31.4015],[-97.77391,31.40753],[-97.76525,31.42828],[-97.7645,31.42913],[-97.76427,31.43117],[-97.76386,31.43234],[-97.76326,31.43278],[-97.76163,31.43287],[-97.76141,31.4335],[-97.75994,31.43407],[-97.75951,31.43501],[-97.72509,31.43474],[-97.72516,31.44457],[-97.72522,31.44502],[-97.72565,31.44515],[-97.72545,31.44573],[-97.72517,31.44581],[-97.72478,31.44767],[-97.72776,31.44889],[-97.72908,31.44861],[-97.73242,31.4485],[-97.73324,31.44716],[-97.73583,31.44748],[-97.73669,31.44684],[-97.73697,31.44604],[-97.73798,31.44579],[-97.73915,31.44478],[-97.74108,31.44377],[-97.74108,31.4461],[-97.73957,31.4463],[-97.73952,31.44795],[-97.74206,31.44762],[-97.7447,31.44887],[-97.74422,31.44945],[-97.74528,31.45005],[-97.74519,31.45061],[-97.74566,31.45076],[-97.74464,31.45335],[-97.74389,31.45314],[-97.74077,31.45334],[-97.74056,31.45452],[-97.74099,31.45455],[-97.74089,31.45521],[-97.74139,31.45524],[-97.7389,31.46141],[-97.73487,31.46028],[-97.73366,31.46027],[-97.7336,31.45986],[-97.73287,31.45962],[-97.73328,31.45859],[-97.73153,31.45812],[-97.73032,31.45692],[-97.72974,31.45741],[-97.72764,31.45763],[-97.72523,31.46474],[-97.72958,31.46541],[-97.721,31.47149],[-97.71988,31.47184],[-97.71902,31.47178],[-97.71929,31.47234],[-97.71907,31.47308],[-97.71944,31.47365],[-97.71761,31.4775],[-97.71285,31.48055],[-97.71082,31.47938],[-97.70801,31.481],[-97.70252,31.47738],[-97.7008,31.47875],[-97.69904,31.48139],[-97.69709,31.48286],[-97.69604,31.48394],[-97.69453,31.4874],[-97.69401,31.48931],[-97.69122,31.49368],[-97.69011,31.49434],[-97.68363,31.49634],[-97.68377,31.49688],[-97.68451,31.49778],[-97.68426,31.49826],[-97.68361,31.4983],[-97.68328,31.49866],[-97.68327,31.49925],[-97.68375,31.49981],[-97.68651,31.50007],[-97.68769,31.50084],[-97.68823,31.50076],[-97.68841,31.5016],[-97.68911,31.50216],[-97.69229,31.5027],[-97.69243,31.50325],[-97.69534,31.50265],[-97.69624,31.50383],[-97.69685,31.5052],[-97.69768,31.50609],[-97.70094,31.50613],[-97.70402,31.50774],[-97.70413,31.50846],[-97.70363,31.50943],[-97.7035,31.51037],[-97.70423,31.51178],[-97.70519,31.51276],[-97.70641,31.51342],[-97.7084,31.51404],[-97.7094,31.515],[-97.7108,31.51814],[-97.71094,31.5203],[-97.71248,31.52201],[-97.70221,31.54921],[-97.69958,31.55412],[-97.69828,31.55515],[-97.69068,31.55895],[-97.68946,31.55941],[-97.68527,31.56023],[-97.67987,31.56289],[-97.67878,31.56358],[-97.67394,31.56787],[-97.66961,31.57021],[-97.66601,31.57112],[-97.66488,31.5716],[-97.65621,31.57773],[-97.64557,31.58321],[-97.64426,31.58362],[-97.63978,31.58428],[-97.63634,31.58566],[-97.63012,31.5866],[-97.62675,31.58831],[-97.62573,31.58928],[-97.62529,31.59046],[-97.6264,31.59721],[-97.6263,31.59812],[-97.62491,31.60223],[-97.62385,31.60336],[-97.61822,31.60629],[-97.60523,31.58776],[-97.59379,31.57238]]]}},{"type":"Feature","properties":{"PRECINCT":"coryell:206","COUNTY":"Coryell"},"geometry":{"type":"Polygon","coordinates":[[[-97.8159,31.23369],[-97.81593,31.23132],[-97.81644,31.23031],[-97.81638,31.22978],[-97.81589,31.22946],[-97.81486,31.22957],[-97.8142,31.22906],[-97.81214,31.22401],[-97.81065,31.22314],[-97.80901,31.22288],[-97.80756,31.22302],[-97.80603,31.22265],[-97.80461,31.22162],[-97.80379,31.22164],[-97.80231,31.22221],[-97.80188,31.22215],[-97.79962,31.22036],[-97.79901,31.21864],[-97.79904,31.21804],[-97.79814,31.21692],[-97.79789,31.21459],[-97.79726,31.21403],[-97.79577,31.21493],[-97.79503,31.21506],[-97.79181,31.21463],[-97.78927,31.21351],[-97.78874,31.21358],[-97.78813,31.21415],[-97.78738,31.21434],[-97.7862,31.21393],[-97.78494,31.21274],[-97.78319,31.21169],[-97.78279,31.21169],[-97.78232,31.21214],[-97.78173,31.21222],[-97.7802,31.21158],[-97.77909,31.21069],[-97.7763,31.21],[-97.77518,31.21061],[-97.77541,31.21244],[-97.77512,31.21261],[-97.7745,31.21253],[-97.77275,31.2121],[-97.77124,31.21134],[-97.76918,31.20913],[-97.76771,31.2096],[-97.76571,31.208],[-97.7649,31.20822],[-97.76411,31.20906],[-97.76271,31.20878],[-97.76138,31.20789],[-97.7615,31.20764],[-97.76021,31.20609],[-97.75973,31.20633],[-97.75953,31.20591],[-97.75883,31.20556],[-97.75843,31.2056],[-97.75842,31.20489],[-97.75898,31.20519],[-97.75895,31.2046],[-97.75949,31.20409],[-97.75993,31.20412],[-97.76002,31.20434],[-97.76036,31.20413],[-97.76067,31.20431],[-97.76158,31.20416],[-97.76181,31.20442],[-97.76217,31.2039],[-97.76295,31.20397],[-97.76341,31.2034],[-97.76399,31.20404],[-97.76537,31.20281],[-97.7652,31.20228],[-97.76387,31.20191],[-97.76354,31.20161],[-97.76355,31.20119],[-97.76446,31.20059],[-97.76554,31.20092],[-97.76581,31.2007],[-97.76572,31.19958],[-97.76628,31.19855],[-97.76629,31.19709],[-97.76656,31.19714],[-97.76664,31.19685],[-97.76724,31.19653],[-97.7682,31.19506],[-97.76772,31.19443],[-97.76619,31.19401],[-97.76595,31.19247],[-97.7664,31.19152],[-97.76673,31.19123],[-97.77111,31.19252],[-97.7715,31.19175],[-97.77114,31.18782],[-97.77368,31.18295],[-97.77352,31.18196],[-97.77371,31.18099],[-97.77506,31.1777],[-97.77479,31.1772],[-97.77416,31.17691],[-97.77406,31.17502],[-97.77337,31.17463],[-97.773,31.17063],[-97.77506,31.16985],[-97.77906,31.16893],[-97.78152,31.17062],[-97.78266,31.17111],[-97.78341,31.17051],[-97.78465,31.16886],[-97.78533,31.16702],[-97.78612,31.16623],[-97.7867,31.16505],[-97.78693,31.16285],[-97.78729,31.16225],[-97.78443,31.16013],[-97.78345,31.15814],[-97.78451,31.15014],[-97.78355,31.1494],[-97.7785,31.14871],[-97.77856,31.14824],[-97.78571,31.14919],[-97.78714,31.15198],[-97.78752,31.15329],[-97.78824,31.15368],[-97.80125,31.15455],[-97.80432,31.14233],[-97.80425,31.14123],[-97.80699,31.14116],[-97.80746,31.14218],[-97.80774,31.14175],[-97.80838,31.14161],[-97.81077,31.14178],[-97.8107,31.14061],[-97.81129,31.14026],[-97.8117,31.13867],[-97.81284,31.13797],[-97.81211,31.13729],[-97.81306,31.13542],[-97.81406,31.13531],[-97.81778,31.13426],[-97.81733,31.13324],[-97.81732,31.13252],[-97.81842,31.131],[-97.81842,31.13051],[-97.81799,31.1273],[-97.81736,31.12634],[-97.81744,31.12578],[-97.81723,31.12547],[-97.81858,31.12434],[-97.81916,31.12434],[-97.81931,31.12389],[-97.81885,31.12334],[-97.81822,31.12331],[-97.81827,31.12187],[-97.83728,31.12143],[-97.83728,31.12165],[-97.84857,31.12139],[-97.85295,31.12124],[-97.8583,31.12071],[-97.86581,31.12089],[-97.88961,31.12005],[-97.88983,31.12048],[-97.89205,31.12076],[-97.89197,31.12097],[-97.89591,31.12215],[-97.89544,31.12316],[-97.89574,31.12415],[-97.89473,31.12499],[-97.89466,31.1253],[-97.89286,31.12542],[-97.89253,31.12612],[-97.89176,31.12589],[-97.89041,31.12651],[-97.88969,31.12647],[-97.88936,31.12729],[-97.88793,31.12754],[-97.88767,31.12865],[-97.88786,31.12918],[-97.88771,31.13019],[-97.8885,31.13153],[-97.89033,31.13214],[-97.89018,31.13295],[-97.89098,31.13349],[-97.88969,31.13421],[-97.88803,31.13415],[-97.88565,31.13349],[-97.88587,31.13293],[-97.87909,31.13107],[-97.87732,31.13343],[-97.87467,31.13609],[-97.87411,31.13745],[-97.87398,31.1387],[-97.874,31.13972],[-97.87442,31.14022],[-97.87461,31.14144],[-97.8728,31.14259],[-97.87274,31.14297],[-97.87321,31.14328],[-97.87259,31.14415],[-97.87,31.14451],[-97.86963,31.14474],[-97.86847,31.14625],[-97.86847,31.14793],[-97.86822,31.14812],[-97.86798,31.14789],[-97.86691,31.14786],[-97.86668,31.1485],[-97.86701,31.15023],[-97.86645,31.1506],[-97.86586,31.15066],[-97.86501,31.15263],[-97.8648,31.15462],[-97.86461,31.15507],[-97.86424,31.15526],[-97.86432,31.15628],[-97.86459,31.1566],[-97.86415,31.15817],[-97.86394,31.15837],[-97.86348,31.15835],[-97.86344,31.15864],[-97.8627,31.15922],[-97.86076,31.15944],[-97.86151,31.16039],[-97.86279,31.16089],[-97.86282,31.16127],[-97.86231,31.1615],[-97.86193,31.16236],[-97.86199,31.16293],[-97.86297,31.16407],[-97.86317,31.16476],[-97.86219,31.16518],[-97.86145,31.16623],[-97.86175,31.16682],[-97.86123,31.16865],[-97.86162,31.16888],[-97.86206,31.16876],[-97.86231,31.16931],[-97.86154,31.16978],[-97.86077,31.16992],[-97.8604,31.17045],[-97.86045,31.17105],[-97.85977,31.17143],[-97.85953,31.17203],[-97.86053,31.17122],[-97.8611,31.17131],[-97.86183,31.17197],[-97.86254,31.17201],[-97.86348,31.17355],[-97.86487,31.17259],[-97.86562,31.17246],[-97.86882,31.17109],[-97.86934,31.17069],[-97.87029,31.17046],[-97.87089,31.16994],[-97.87091,31.16946],[-97.87157,31.16893],[-97.87325,31.16806],[-97.87389,31.16746],[-97.87549,31.16678],[-97.87689,31.16562],[-97.87807,31.16503],[-97.87821,31.1663],[-97.87803,31.16722],[-97.87742,31.1681],[-97.87401,31.17125],[-97.86913,31.17347],[-97.86427,31.1751],[-97.86284,31.17605],[-97.86044,31.17907],[-97.85996,31.18111],[-97.86016,31.18362],[-97.85989,31.18466],[-97.85714,31.19103],[-97.85373,31.19668],[-97.85251,31.19966],[-97.85216,31.1998],[-97.85105,31.2013],[-97.84875,31.20344],[-97.84473,31.20626],[-97.84142,31.20837],[-97.8401,31.2082],[-97.83831,31.21377],[-97.83737,31.21559],[-97.83663,31.21612],[-97.83274,31.21673],[-97.8345,31.21914],[-97.83377,31.22006],[-97.83387,31.22031],[-97.83747,31.22028],[-97.83606,31.22064],[-97.83622,31.22144],[-97.83569,31.22137],[-97.83528,31.22215],[-97.83528,31.22296],[-97.83447,31.22591],[-97.83556,31.22844],[-97.83476,31.2292],[-97.83487,31.22947],[-97.834,31.22936],[-97.83233,31.22864],[-97.83089,31.22768],[-97.83029,31.22687],[-97.82919,31.22682],[-97.82836,31.22756],[-97.82802,31.22918],[-97.82705,31.23057],[-97.82649,31.23071],[-97.82477,31.23191],[-97.82399,31.23206],[-97.82463,31.23277],[-97.8244,31.23317],[-97.82414,31.23319],[-97.82403,31.23404],[-97.82351,31.23371],[-97.82196,31.23413],[-97.82121,31.23379],[-97.81992,31.23368],[-97.81664,31.23438],[-97.8159,31.23369]]]}},{"type":"Feature","properties":{"PRECINCT":"coryell:207","COUNTY":"Coryell"},"geometry":{"type":"Polygon","coordinates":[[[-97.83728,31.12165],[-97.83717,31.12035],[-97.83872,31.10459],[-97.88384,31.08139],[-97.88631,31.08448],[-97.8897,31.08786],[-97.8909,31.08875],[-97.90275,31.09269],[-97.90022,31.10033],[-97.90361,31.10109],[-97.90472,31.1018],[-97.90549,31.10268],[-97.90552,31.10606],[-97.90531,31.10701],[-97.90657,31.10707],[-97.90664,31.10798],[-97.9072,31.10898],[-97.90718,31.11042],[-97.90645,31.11077],[-97.90611,31.11248],[-97.90554,31.11376],[-97.90482,31.11378],[-97.90433,31.11454],[-97.90529,31.11518],[-97.90274,31.11686],[-97.89974,31.11836],[-97.8955,31.11961],[-97.89161,31.12004],[-97.86581,31.12089],[-97.8583,31.12071],[-97.85295,31.12124],[-97.84857,31.12139],[-97.83728,31.12165]]]}},{"type":"Feature","properties":{"PRECINCT":"coryell:308","COUNTY":"Coryell"},"geometry":{"type":"Polygon","coordinates":[[[-97.67548,31.45462],[-97.67548,31.4502],[-97.66433,31.4503],[-97.66173,31.44959],[-97.6608,31.44836],[-97.66039,31.44814],[-97.65791,31.4483],[-97.65682,31.44778],[-97.65633,31.44777],[-97.65188,31.44833],[-97.64914,31.44787],[-97.64654,31.44615],[-97.64227,31.44234],[-97.64082,31.44212],[-97.63962,31.44126],[-97.63724,31.44076],[-97.63273,31.4375],[-97.63007,31.43663],[-97.62743,31.43485],[-97.62263,31.43339],[-97.62127,31.43361],[-97.61826,31.43292],[-97.61772,31.43152],[-97.61592,31.42966],[-97.61419,31.42725],[-97.61333,31.42508],[-97.61348,31.42335],[-97.60752,31.42278],[-97.60631,31.42286],[-97.60336,31.42334],[-97.59903,31.42478],[-97.59839,31.42431],[-97.59872,31.42377],[-97.59841,31.42286],[-97.5991,31.42242],[-97.5999,31.42091],[-97.60036,31.42068],[-97.60045,31.42001],[-97.60196,31.41891],[-97.60178,31.41839],[-97.6021,31.41799],[-97.60201,31.41717],[-97.60252,31.4165],[-97.60204,31.4159],[-97.60193,31.41533],[-97.60158,31.41524],[-97.60099,31.41561],[-97.60086,31.41528],[-97.60112,31.41482],[-97.60053,31.41477],[-97.60018,31.41444],[-97.60013,31.41394],[-97.60072,31.41343],[-97.60044,31.41285],[-97.60168,31.41148],[-97.60145,31.41065],[-97.60217,31.41055],[-97.60448,31.40804],[-97.60457,31.40717],[-97.60516,31.40604],[-97.60522,31.40465],[-97.60625,31.40345],[-97.60595,31.40251],[-97.60651,31.40184],[-97.60599,31.40056],[-97.60539,31.40045],[-97.60471,31.39975],[-97.60442,31.3998],[-97.60413,31.4004],[-97.6027,31.39972],[-97.60169,31.39893],[-97.60206,31.39841],[-97.60196,31.39816],[-97.60107,31.39773],[-97.59991,31.39647],[-97.59916,31.39644],[-97.59902,31.39534],[-97.59946,31.39512],[-97.59975,31.39301],[-97.59937,31.39176],[-97.59885,31.39169],[-97.5987,31.39071],[-97.59742,31.38967],[-97.59692,31.38988],[-97.59691,31.39033],[-97.59592,31.39028],[-97.5947,31.38964],[-97.59428,31.39032],[-97.59323,31.3893],[-97.59228,31.38943],[-97.59242,31.38892],[-97.5931,31.38869],[-97.59304,31.38819],[-97.5912,31.3878],[-97.59015,31.38711],[-97.59018,31.38672],[-97.59068,31.38626],[-97.59037,31.38574],[-97.58994,31.3858],[-97.58941,31.38655],[-97.58892,31.38633],[-97.58879,31.38595],[-97.58953,31.38526],[-97.59023,31.385],[-97.59083,31.38546],[-97.59184,31.38455],[-97.59339,31.38422],[-97.59393,31.3847],[-97.59437,31.38473],[-97.59558,31.38391],[-97.59616,31.38406],[-97.59671,31.3849],[-97.59718,31.38499],[-97.59815,31.38375],[-97.59963,31.38271],[-97.5999,31.38286],[-97.59963,31.38404],[-97.5999,31.38449],[-97.60055,31.38374],[-97.60139,31.38352],[-97.60235,31.38346],[-97.60405,31.38379],[-97.60432,31.38358],[-97.60421,31.38328],[-97.60289,31.38266],[-97.60261,31.38208],[-97.60309,31.38171],[-97.60415,31.38158],[-97.6045,31.38069],[-97.60573,31.38072],[-97.6062,31.38002],[-97.60697,31.37987],[-97.60722,31.37941],[-97.60482,31.37599],[-97.60395,31.37537],[-97.60337,31.37447],[-97.60167,31.37458],[-97.60066,31.37393],[-97.60034,31.37472],[-97.59998,31.37489],[-97.59807,31.37499],[-97.59659,31.37481],[-97.59559,31.37412],[-97.59536,31.37286],[-97.59502,31.37233],[-97.59461,31.37222],[-97.59352,31.37247],[-97.59287,31.37227],[-97.59275,31.37131],[-97.59187,31.37078],[-97.59139,31.36977],[-97.59026,31.36935],[-97.58987,31.36865],[-97.58944,31.36851],[-97.58788,31.36874],[-97.58726,31.36849],[-97.58726,31.36813],[-97.588,31.36766],[-97.58757,31.36679],[-97.58571,31.36738],[-97.585,31.36731],[-97.58463,31.36689],[-97.58461,31.36611],[-97.58372,31.36598],[-97.58348,31.36571],[-97.58422,31.36455],[-97.58428,31.36343],[-97.58387,31.36315],[-97.58267,31.36331],[-97.58334,31.3618],[-97.58325,31.36085],[-97.58279,31.36001],[-97.58318,31.3596],[-97.58572,31.35966],[-97.58604,31.35951],[-97.58581,31.3589],[-97.58622,31.3572],[-97.58653,31.35688],[-97.58733,31.35751],[-97.58746,31.35835],[-97.58798,31.35836],[-97.58814,31.35792],[-97.5875,31.35711],[-97.58811,31.35619],[-97.58916,31.35699],[-97.59006,31.35725],[-97.59023,31.35702],[-97.58963,31.35639],[-97.58979,31.35616],[-97.59124,31.3565],[-97.59222,31.35621],[-97.59231,31.35598],[-97.59195,31.35576],[-97.5907,31.35591],[-97.59067,31.3556],[-97.5911,31.35504],[-97.59253,31.35429],[-97.59455,31.35408],[-97.59488,31.35373],[-97.59445,31.35278],[-97.5933,31.35235],[-97.59374,31.35161],[-97.59432,31.35166],[-97.59467,31.35217],[-97.59579,31.35158],[-97.59697,31.35167],[-97.59712,31.35139],[-97.59673,31.35036],[-97.59721,31.34962],[-97.59806,31.34958],[-97.59875,31.35033],[-97.5992,31.35042],[-97.59992,31.34994],[-97.60227,31.34932],[-97.60241,31.349],[-97.60216,31.34813],[-97.60239,31.34784],[-97.60466,31.34686],[-97.60532,31.34573],[-97.60647,31.34581],[-97.60717,31.34551],[-97.60694,31.34504],[-97.60609,31.3447],[-97.60604,31.34443],[-97.60643,31.34397],[-97.60714,31.34347],[-97.60983,31.34354],[-97.61129,31.34288],[-97.61213,31.34224],[-97.61139,31.34135],[-97.61412,31.34045],[-97.61398,31.33914],[-97.61468,31.33854],[-97.61566,31.33839],[-97.61607,31.33889],[-97.61604,31.33924],[-97.61526,31.33966],[-97.61497,31.34013],[-97.61485,31.34226],[-97.61498,31.34267],[-97.61558,31.34251],[-97.61602,31.34271],[-97.61595,31.34447],[-97.61634,31.34505],[-97.61787,31.34614],[-97.62008,31.34587],[-97.6211,31.34697],[-97.62366,31.3477],[-97.62398,31.3476],[-97.62421,31.34713],[-97.62314,31.3466],[-97.62315,31.34617],[-97.62685,31.34435],[-97.62997,31.33945],[-97.63038,31.3375],[-97.63185,31.33591],[-97.63215,31.33593],[-97.63238,31.33667],[-97.6327,31.33678],[-97.63433,31.33539],[-97.635,31.33515],[-97.63523,31.33547],[-97.63468,31.33665],[-97.63522,31.33683],[-97.63614,31.33601],[-97.63707,31.33428],[-97.63782,31.33397],[-97.63819,31.33412],[-97.63824,31.33464],[-97.63726,31.33609],[-97.63742,31.33651],[-97.63774,31.33655],[-97.63909,31.33585],[-97.63954,31.33371],[-97.64011,31.33338],[-97.64068,31.33358],[-97.64135,31.3346],[-97.64104,31.33577],[-97.64127,31.33657],[-97.64221,31.33585],[-97.64311,31.336],[-97.64459,31.3387],[-97.6451,31.33912],[-97.64573,31.3391],[-97.64599,31.33864],[-97.64578,31.33781],[-97.6447,31.3371],[-97.64514,31.33659],[-97.64735,31.33705],[-97.64734,31.33862],[-97.6482,31.33843],[-97.64803,31.33764],[-97.64885,31.3375],[-97.64961,31.33801],[-97.65006,31.33757],[-97.65188,31.33869],[-97.65206,31.33804],[-97.65159,31.33761],[-97.6515,31.33706],[-97.65193,31.33569],[-97.65188,31.3348],[-97.65349,31.33454],[-97.65485,31.33373],[-97.65861,31.33262],[-97.65962,31.33199],[-97.67443,31.34951],[-97.68734,31.36273],[-97.6924,31.36992],[-97.699,31.37808],[-97.70185,31.38372],[-97.70246,31.3839],[-97.70283,31.38365],[-97.70307,31.38195],[-97.70333,31.38164],[-97.70397,31.38158],[-97.70494,31.38213],[-97.70506,31.38122],[-97.70551,31.38104],[-97.70671,31.3812],[-97.70774,31.38186],[-97.70827,31.38192],[-97.70897,31.38154],[-97.70935,31.38082],[-97.71082,31.3809],[-97.7107,31.37997],[-97.71176,31.37959],[-97.71277,31.37885],[-97.71335,31.37885],[-97.71447,31.37953],[-97.71516,31.37966],[-97.71612,31.37879],[-97.71687,31.37852],[-97.71698,31.37971],[-97.71738,31.38006],[-97.71913,31.37993],[-97.72024,31.3802],[-97.72133,31.37976],[-97.72243,31.37992],[-97.72249,31.38042],[-97.72205,31.38112],[-97.72258,31.38261],[-97.72323,31.38318],[-97.72443,31.38258],[-97.72518,31.38679],[-97.72445,31.39097],[-97.72495,31.39091],[-97.72537,31.39118],[-97.72573,31.39307],[-97.72618,31.39317],[-97.72772,31.39148],[-97.72817,31.39166],[-97.72616,31.39427],[-97.72634,31.39483],[-97.72784,31.3961],[-97.72773,31.39653],[-97.7266,31.39742],[-97.72589,31.39886],[-97.72563,31.40047],[-97.72584,31.40134],[-97.72743,31.40341],[-97.72651,31.40369],[-97.72608,31.40449],[-97.72971,31.40725],[-97.73013,31.40781],[-97.73147,31.40819],[-97.73313,31.40775],[-97.73449,31.40854],[-97.73632,31.40819],[-97.73684,31.40775],[-97.73696,31.40669],[-97.73739,31.40604],[-97.73925,31.40633],[-97.74011,31.4047],[-97.74144,31.40519],[-97.74181,31.40501],[-97.74076,31.40373],[-97.74131,31.40301],[-97.74202,31.40263],[-97.743,31.40267],[-97.74407,31.40202],[-97.74558,31.40159],[-97.74605,31.40164],[-97.74652,31.40213],[-97.7476,31.40159],[-97.75049,31.40126],[-97.75092,31.40148],[-97.75198,31.40305],[-97.75286,31.40233],[-97.75378,31.40259],[-97.75472,31.40321],[-97.75562,31.40313],[-97.75596,31.40349],[-97.75574,31.40424],[-97.75593,31.40525],[-97.75539,31.4067],[-97.75438,31.40659],[-97.75412,31.40677],[-97.75481,31.40759],[-97.75475,31.40889],[-97.75448,31.40953],[-97.75305,31.41068],[-97.75257,31.41209],[-97.7521,31.41268],[-97.75165,31.41281],[-97.75124,31.41233],[-97.75076,31.41224],[-97.7496,31.41309],[-97.7487,31.41334],[-97.74829,31.41304],[-97.7482,31.41199],[-97.74782,31.41181],[-97.74639,31.41247],[-97.7452,31.41334],[-97.74347,31.41328],[-97.74236,31.41357],[-97.74103,31.41324],[-97.74067,31.41348],[-97.74042,31.4143],[-97.73925,31.4138],[-97.73837,31.41453],[-97.7368,31.41457],[-97.73615,31.41528],[-97.7364,31.41649],[-97.73539,31.41633],[-97.73503,31.41648],[-97.73371,31.41863],[-97.73362,31.41948],[-97.73378,31.42046],[-97.73465,31.42084],[-97.73424,31.42195],[-97.73481,31.42249],[-97.73578,31.42282],[-97.73893,31.42325],[-97.73914,31.42426],[-97.74103,31.42477],[-97.74302,31.42593],[-97.74436,31.42603],[-97.74605,31.42709],[-97.74672,31.42665],[-97.74979,31.42654],[-97.74954,31.42753],[-97.74957,31.43072],[-97.75176,31.43089],[-97.75181,31.43159],[-97.75304,31.43161],[-97.7532,31.43279],[-97.75179,31.43277],[-97.75168,31.43318],[-97.74637,31.43312],[-97.74643,31.43218],[-97.74529,31.43216],[-97.74528,31.43298],[-97.73898,31.43311],[-97.73276,31.43085],[-97.73067,31.42872],[-97.72822,31.42561],[-97.72816,31.41998],[-97.72507,31.41877],[-97.72504,31.43117],[-97.72128,31.43118],[-97.72122,31.43468],[-97.71487,31.43461],[-97.71473,31.44204],[-97.70633,31.43958],[-97.70525,31.43953],[-97.70139,31.44232],[-97.70003,31.445],[-97.69962,31.44537],[-97.6966,31.44668],[-97.69125,31.44807],[-97.68873,31.44926],[-97.68636,31.45459],[-97.67548,31.45462]]]}},{"type":"Feature","properties":{"PRECINCT":"coryell:309","COUNTY":"Coryell"},"geometry":{"type":"Polygon","coordinates":[[[-97.57201,31.38414],[-97.57212,31.38358],[-97.57187,31.3831],[-97.57026,31.38228],[-97.57056,31.38142],[-97.57042,31.38124],[-97.56751,31.38104],[-97.56562,31.38149],[-97.5647,31.38146],[-97.56376,31.38118],[-97.56259,31.38036],[-97.56102,31.37706],[-97.56096,31.37405],[-97.56034,31.3736],[-97.55927,31.37351],[-97.55901,31.37316],[-97.55914,31.37273],[-97.56007,31.37255],[-97.56033,31.37215],[-97.55949,31.37092],[-97.55978,31.36929],[-97.55917,31.36851],[-97.55875,31.36828],[-97.5574,31.36838],[-97.55746,31.36883],[-97.55818,31.36983],[-97.55811,31.37012],[-97.55613,31.37057],[-97.55523,31.37048],[-97.55491,31.37007],[-97.55501,31.36895],[-97.55404,31.36852],[-97.5539,31.36825],[-97.55433,31.36794],[-97.55614,31.36753],[-97.55636,31.36705],[-97.55589,31.36651],[-97.55501,31.36633],[-97.55355,31.36694],[-97.55247,31.36675],[-97.55199,31.36636],[-97.55184,31.36577],[-97.55246,31.36479],[-97.55223,31.36465],[-97.55114,31.36486],[-97.55072,31.36345],[-97.54968,31.3642],[-97.54902,31.36419],[-97.54812,31.36357],[-97.54755,31.36241],[-97.54495,31.36193],[-97.54127,31.35948],[-97.53878,31.35732],[-97.53603,31.35618],[-97.53515,31.35548],[-97.53479,31.35561],[-97.53451,31.35638],[-97.53363,31.35626],[-97.53349,31.3559],[-97.53407,31.35411],[-97.53244,31.35221],[-97.5315,31.352],[-97.53034,31.35418],[-97.53096,31.3545],[-97.53241,31.35406],[-97.5328,31.35439],[-97.5329,31.35488],[-97.52932,31.35563],[-97.52911,31.35584],[-97.52966,31.35627],[-97.52976,31.35677],[-97.52931,31.35724],[-97.52886,31.35735],[-97.5282,31.35727],[-97.5274,31.35659],[-97.52747,31.35607],[-97.52819,31.35573],[-97.52831,31.35421],[-97.52733,31.35287],[-97.52669,31.35278],[-97.52624,31.35304],[-97.52641,31.35416],[-97.52589,31.35458],[-97.52542,31.35458],[-97.52524,31.35437],[-97.52557,31.35369],[-97.52546,31.35344],[-97.52421,31.35309],[-97.52366,31.35319],[-97.5231,31.35372],[-97.52182,31.35382],[-97.52126,31.35362],[-97.52076,31.35291],[-97.52,31.35381],[-97.51954,31.3539],[-97.51918,31.35367],[-97.51883,31.35262],[-97.51905,31.35213],[-97.51957,31.35208],[-97.51972,31.35187],[-97.51937,31.35135],[-97.51931,31.35041],[-97.51895,31.35033],[-97.51829,31.35059],[-97.51747,31.34994],[-97.51765,31.34917],[-97.51731,31.34798],[-97.51837,31.34664],[-97.51739,31.34596],[-97.51923,31.34483],[-97.52137,31.34408],[-97.52127,31.34359],[-97.52013,31.34267],[-97.52042,31.34193],[-97.5213,31.34184],[-97.52183,31.34293],[-97.52249,31.34275],[-97.52269,31.34237],[-97.52258,31.34174],[-97.52126,31.34098],[-97.52166,31.34014],[-97.52252,31.34017],[-97.52347,31.34083],[-97.52413,31.34098],[-97.52441,31.34041],[-97.52418,31.33945],[-97.52441,31.33892],[-97.52621,31.33838],[-97.5272,31.33768],[-97.52725,31.33682],[-97.52594,31.33564],[-97.5276,31.33444],[-97.52735,31.33301],[-97.52622,31.33247],[-97.52552,31.33238],[-97.52485,31.33266],[-97.52476,31.33325],[-97.52498,31.33371],[-97.52593,31.33361],[-97.52622,31.33402],[-97.52458,31.33555],[-97.5242,31.33559],[-97.52381,31.33529],[-97.52362,31.33447],[-97.52417,31.33383],[-97.52414,31.33353],[-97.52347,31.3329],[-97.52241,31.33312],[-97.52218,31.33294],[-97.52232,31.3326],[-97.5236,31.33212],[-97.52388,31.33124],[-97.52344,31.33087],[-97.52268,31.33068],[-97.52232,31.33014],[-97.52144,31.33029],[-97.52121,31.33096],[-97.51955,31.33231],[-97.51878,31.33185],[-97.51861,31.33094],[-97.51699,31.33192],[-97.51645,31.33193],[-97.51643,31.33136],[-97.51732,31.32984],[-97.51708,31.32864],[-97.51661,31.32833],[-97.5156,31.32879],[-97.51558,31.32977],[-97.51468,31.32927],[-97.51155,31.3304],[-97.51152,31.33122],[-97.51108,31.33219],[-97.5112,31.33288],[-97.51208,31.33379],[-97.51321,31.33599],[-97.51522,31.33835],[-97.51489,31.34092],[-97.51562,31.34408],[-97.51656,31.34636],[-97.51592,31.34884],[-97.51642,31.35208],[-97.51643,31.35238],[-97.51615,31.35255],[-97.51571,31.35017],[-97.51536,31.34961],[-97.51424,31.34883],[-97.51413,31.34824],[-97.51509,31.34824],[-97.51504,31.34609],[-97.51391,31.34397],[-97.51288,31.34436],[-97.51276,31.34409],[-97.51292,31.34345],[-97.51417,31.34177],[-97.51435,31.34118],[-97.51382,31.33894],[-97.51262,31.3375],[-97.5057,31.33321],[-97.50134,31.32913],[-97.49624,31.32671],[-97.49449,31.32516],[-97.49359,31.32482],[-97.49302,31.32426],[-97.49103,31.32362],[-97.48961,31.32407],[-97.48981,31.32439],[-97.48937,31.32471],[-97.4891,31.32543],[-97.48878,31.32885],[-97.48897,31.32913],[-97.48915,31.33168],[-97.48967,31.33293],[-97.48947,31.33349],[-97.48826,31.33453],[-97.48774,31.33563],[-97.48786,31.33624],[-97.48921,31.3369],[-97.48927,31.33768],[-97.48774,31.33674],[-97.48722,31.33575],[-97.48744,31.33437],[-97.48819,31.33358],[-97.48851,31.3326],[-97.48787,31.33244],[-97.48594,31.33313],[-97.48718,31.33238],[-97.48738,31.33183],[-97.48712,31.33166],[-97.48648,31.32979],[-97.48546,31.32868],[-97.48571,31.3277],[-97.48623,31.32715],[-97.48611,31.32658],[-97.48649,31.32648],[-97.48662,31.32594],[-97.48636,31.32506],[-97.4858,31.32455],[-97.48566,31.32317],[-97.48517,31.32255],[-97.48124,31.32174],[-97.48087,31.32196],[-97.48063,31.32156],[-97.47998,31.32145],[-97.47974,31.32183],[-97.47961,31.32127],[-97.47867,31.32103],[-97.4775,31.322],[-97.47765,31.32271],[-97.47716,31.32191],[-97.47742,31.3212],[-97.47717,31.32081],[-97.4775,31.32075],[-97.4777,31.3201],[-97.47695,31.31984],[-97.47569,31.31988],[-97.47441,31.31922],[-97.473,31.31989],[-97.47126,31.3217],[-97.47094,31.32163],[-97.47082,31.32285],[-97.4704,31.32306],[-97.47024,31.32186],[-97.47175,31.31937],[-97.47049,31.31908],[-97.47022,31.31887],[-97.47014,31.31826],[-97.46911,31.31813],[-97.46885,31.31743],[-97.46828,31.31726],[-97.4686,31.31709],[-97.46822,31.31676],[-97.46739,31.31784],[-97.46701,31.31764],[-97.46631,31.31769],[-97.46619,31.31881],[-97.4657,31.32004],[-97.46551,31.31874],[-97.46409,31.31901],[-97.4652,31.31838],[-97.46604,31.31645],[-97.46674,31.31629],[-97.46713,31.31563],[-97.46581,31.31501],[-97.46477,31.31547],[-97.46388,31.31528],[-97.46246,31.31553],[-97.46302,31.31507],[-97.46433,31.3146],[-97.46383,31.31358],[-97.46333,31.31386],[-97.46307,31.31365],[-97.46383,31.3127],[-97.46325,31.31249],[-97.46287,31.31204],[-97.46268,31.3111],[-97.4621,31.31161],[-97.46166,31.3116],[-97.4614,31.31126],[-97.46184,31.30957],[-97.46134,31.30869],[-97.46088,31.30869],[-97.4614,31.30831],[-97.46152,31.30747],[-97.463,31.30527],[-97.46158,31.30555],[-97.46114,31.30515],[-97.45986,31.30566],[-97.45986,31.30494],[-97.45896,31.30483],[-97.45711,31.30588],[-97.45595,31.30589],[-97.45577,31.30616],[-97.45589,31.3077],[-97.45621,31.30913],[-97.45537,31.30991],[-97.45423,31.30996],[-97.45487,31.31072],[-97.45481,31.31148],[-97.453,31.31253],[-97.45311,31.31319],[-97.45279,31.31305],[-97.45306,31.31207],[-97.45442,31.31123],[-97.45368,31.31058],[-97.4528,31.31042],[-97.45232,31.30949],[-97.45271,31.30952],[-97.45314,31.30996],[-97.45352,31.30996],[-97.45378,31.30945],[-97.45467,31.30929],[-97.45545,31.30874],[-97.45467,31.30576],[-97.45311,31.30628],[-97.45378,31.30587],[-97.45308,31.30563],[-97.45519,31.30513],[-97.45551,31.30404],[-97.45615,31.30444],[-97.45665,31.30383],[-97.45723,31.30411],[-97.45813,31.30366],[-97.4598,31.30366],[-97.46018,31.30319],[-97.46062,31.30373],[-97.46172,31.30393],[-97.461,31.30286],[-97.46108,31.30245],[-97.46228,31.30345],[-97.4635,31.30279],[-97.46376,31.3015],[-97.46402,31.30125],[-97.46402,31.30175],[-97.46459,31.30273],[-97.46543,31.30229],[-97.46729,31.30066],[-97.46658,31.29783],[-97.46727,31.29806],[-97.46735,31.29882],[-97.46811,31.30036],[-97.47042,31.30015],[-97.46984,31.29865],[-97.47029,31.29872],[-97.4708,31.29683],[-97.47118,31.29761],[-97.47118,31.29849],[-97.47202,31.29886],[-97.47118,31.29915],[-97.47118,31.29949],[-97.47132,31.29976],[-97.47208,31.29987],[-97.47554,31.29943],[-97.47561,31.29926],[-97.47522,31.29898],[-97.47554,31.29898],[-97.47515,31.29809],[-97.47657,31.2991],[-97.47765,31.29888],[-97.47759,31.29842],[-97.47803,31.29728],[-97.47753,31.29661],[-97.47785,31.29645],[-97.47823,31.29683],[-97.47855,31.29679],[-97.47873,31.29732],[-97.47911,31.2975],[-97.47919,31.2981],[-97.47944,31.29805],[-97.47963,31.29838],[-97.47996,31.29816],[-97.48047,31.29839],[-97.48104,31.29764],[-97.4845,31.29798],[-97.48468,31.2976],[-97.48533,31.29782],[-97.48526,31.29831],[-97.48739,31.29843],[-97.48891,31.29882],[-97.49007,31.29865],[-97.49045,31.29844],[-97.49058,31.29761],[-97.48981,31.29623],[-97.48897,31.29568],[-97.48597,31.29468],[-97.48507,31.29458],[-97.48436,31.29501],[-97.48348,31.29468],[-97.48194,31.29491],[-97.48086,31.29551],[-97.47996,31.29514],[-97.47919,31.29513],[-97.47777,31.29425],[-97.47671,31.29452],[-97.47564,31.29511],[-97.47007,31.29365],[-97.61888,31.21746],[-97.64235,31.20588],[-97.64359,31.20645],[-97.64589,31.20891],[-97.6476,31.20886],[-97.65219,31.2095],[-97.65255,31.21005],[-97.65261,31.21177],[-97.65194,31.21545],[-97.65241,31.21657],[-97.65328,31.21739],[-97.65463,31.21812],[-97.65634,31.21832],[-97.65898,31.21796],[-97.66001,31.21811],[-97.66202,31.22214],[-97.66267,31.22272],[-97.66436,31.22247],[-97.66535,31.22286],[-97.6657,31.22312],[-97.66584,31.2237],[-97.6663,31.2239],[-97.66842,31.22382],[-97.66909,31.22361],[-97.67064,31.22203],[-97.67273,31.22114],[-97.67331,31.21991],[-97.67324,31.21938],[-97.67372,31.21915],[-97.67451,31.21948],[-97.67597,31.22091],[-97.6772,31.22169],[-97.679,31.22232],[-97.67954,31.2223],[-97.67985,31.22208],[-97.67974,31.22134],[-97.68032,31.22122],[-97.68161,31.22257],[-97.68395,31.2232],[-97.6854,31.22276],[-97.68625,31.2222],[-97.68664,31.22161],[-97.6866,31.22069],[-97.68602,31.21967],[-97.68601,31.21893],[-97.68645,31.21823],[-97.68724,31.218],[-97.68755,31.21758],[-97.68754,31.21671],[-97.68858,31.2155],[-97.68977,31.21456],[-97.69199,31.21395],[-97.69315,31.214],[-97.69371,31.21382],[-97.69402,31.21429],[-97.69358,31.21477],[-97.69361,31.21521],[-97.69545,31.21652],[-97.69579,31.21708],[-97.6965,31.21699],[-97.69777,31.2149],[-97.70221,31.20952],[-97.70307,31.20929],[-97.70518,31.21028],[-97.70601,31.21033],[-97.70901,31.20941],[-97.7124,31.20779],[-97.71402,31.20736],[-97.71491,31.20679],[-97.71579,31.20506],[-97.71704,31.20372],[-97.71932,31.2026],[-97.7206,31.2025],[-97.72145,31.202],[-97.72204,31.20201],[-97.72337,31.20346],[-97.72392,31.20508],[-97.72463,31.20532],[-97.72566,31.20491],[-97.72647,31.20528],[-97.72686,31.20645],[-97.72677,31.20802],[-97.72712,31.20988],[-97.72769,31.21111],[-97.7304,31.21311],[-97.7339,31.21367],[-97.73411,31.21472],[-97.73379,31.21512],[-97.7332,31.21508],[-97.73326,31.21584],[-97.73108,31.21598],[-97.7308,31.2162],[-97.73087,31.21668],[-97.73043,31.21711],[-97.72979,31.21714],[-97.72976,31.21746],[-97.73106,31.21874],[-97.73193,31.21911],[-97.73222,31.21984],[-97.73331,31.2202],[-97.73516,31.22142],[-97.73774,31.22262],[-97.73826,31.22338],[-97.73808,31.22422],[-97.73887,31.22694],[-97.73974,31.22778],[-97.74031,31.22763],[-97.74152,31.22802],[-97.74189,31.22841],[-97.74181,31.22866],[-97.73247,31.23521],[-97.72831,31.23682],[-97.72872,31.23837],[-97.7317,31.24424],[-97.73093,31.24542],[-97.73039,31.24528],[-97.72906,31.24543],[-97.72836,31.2458],[-97.72734,31.24714],[-97.72706,31.24805],[-97.72719,31.24839],[-97.72452,31.25022],[-97.72341,31.25149],[-97.72248,31.25156],[-97.72154,31.25214],[-97.72055,31.2513],[-97.72015,31.25135],[-97.71801,31.25282],[-97.71659,31.25268],[-97.71443,31.25293],[-97.71323,31.25329],[-97.71256,31.25387],[-97.71193,31.2549],[-97.71019,31.25498],[-97.70639,31.2587],[-97.70634,31.26013],[-97.70663,31.26194],[-97.70554,31.26349],[-97.70431,31.26432],[-97.70093,31.26477],[-97.7003,31.26511],[-97.6993,31.26816],[-97.69942,31.26917],[-97.69874,31.27276],[-97.69626,31.27585],[-97.69349,31.28047],[-97.68791,31.29542],[-97.68509,31.29396],[-97.68407,31.2916],[-97.68392,31.28661],[-97.68029,31.28442],[-97.67926,31.28578],[-97.67453,31.29827],[-97.67472,31.30013],[-97.67503,31.30032],[-97.675,31.30333],[-97.67405,31.30336],[-97.67337,31.30422],[-97.67099,31.30563],[-97.66621,31.30363],[-97.66554,31.30354],[-97.66522,31.30406],[-97.66438,31.30443],[-97.66376,31.30554],[-97.66164,31.30494],[-97.66929,31.30745],[-97.66632,31.31409],[-97.67363,31.31659],[-97.67114,31.32227],[-97.6664,31.32098],[-97.6646,31.3256],[-97.66711,31.32705],[-97.66546,31.32792],[-97.66531,31.32955],[-97.66487,31.33029],[-97.66365,31.33075],[-97.66307,31.33154],[-97.66254,31.3315],[-97.66215,31.33185],[-97.6605,31.33166],[-97.65861,31.33262],[-97.65485,31.33373],[-97.65349,31.33454],[-97.65202,31.33469],[-97.65179,31.33493],[-97.65193,31.33569],[-97.65151,31.33687],[-97.65159,31.33761],[-97.65206,31.33804],[-97.65188,31.33869],[-97.65006,31.33757],[-97.64961,31.33801],[-97.64885,31.3375],[-97.64803,31.33764],[-97.6482,31.33843],[-97.64734,31.33862],[-97.64735,31.33705],[-97.64514,31.33659],[-97.6447,31.3371],[-97.64578,31.33781],[-97.64599,31.33864],[-97.64573,31.3391],[-97.6451,31.33912],[-97.64459,31.3387],[-97.64311,31.336],[-97.64221,31.33585],[-97.64127,31.33657],[-97.64104,31.33577],[-97.64135,31.3346],[-97.64068,31.33358],[-97.64011,31.33338],[-97.63954,31.33371],[-97.63909,31.33585],[-97.63774,31.33655],[-97.63742,31.33651],[-97.63726,31.33609],[-97.63824,31.33464],[-97.63819,31.33412],[-97.63782,31.33397],[-97.63707,31.33428],[-97.63614,31.33601],[-97.63522,31.33683],[-97.63468,31.33665],[-97.63523,31.33547],[-97.635,31.33515],[-97.63433,31.33539],[-97.6327,31.33678],[-97.63238,31.33667],[-97.63215,31.33593],[-97.63185,31.33591],[-97.63038,31.3375],[-97.62997,31.33945],[-97.62685,31.34435],[-97.62315,31.34617],[-97.62314,31.3466],[-97.62421,31.34713],[-97.62398,31.3476],[-97.62366,31.3477],[-97.6211,31.34697],[-97.62008,31.34587],[-97.61787,31.34614],[-97.61634,31.34505],[-97.61595,31.34447],[-97.61602,31.34271],[-97.61558,31.34251],[-97.61498,31.34267],[-97.61485,31.34226],[-97.61497,31.34013],[-97.61526,31.33966],[-97.61604,31.33924],[-97.61607,31.33889],[-97.61566,31.33839],[-97.61427,31.33871],[-97.61398,31.33914],[-97.61412,31.34045],[-97.61147,31.34126],[-97.6114,31.34149],[-97.61213,31.34224],[-97.61129,31.34288],[-97.60983,31.34354],[-97.60714,31.34347],[-97.60643,31.34397],[-97.60604,31.34443],[-97.60609,31.3447],[-97.60694,31.34504],[-97.60717,31.34551],[-97.60647,31.34581],[-97.60532,31.34573],[-97.60466,31.34686],[-97.60239,31.34784],[-97.60216,31.34813],[-97.60241,31.349],[-97.60227,31.34932],[-97.59992,31.34994],[-97.5992,31.35042],[-97.59875,31.35033],[-97.59806,31.34958],[-97.59721,31.34962],[-97.59673,31.35036],[-97.59712,31.35139],[-97.59697,31.35167],[-97.59579,31.35158],[-97.59467,31.35217],[-97.59432,31.35166],[-97.59374,31.35161],[-97.5933,31.35235],[-97.59445,31.35278],[-97.59488,31.35373],[-97.59455,31.35408],[-97.59253,31.35429],[-97.5911,31.35504],[-97.59067,31.3556],[-97.5907,31.35591],[-97.59195,31.35576],[-97.59231,31.35598],[-97.59222,31.35621],[-97.59124,31.3565],[-97.58979,31.35616],[-97.58963,31.35639],[-97.59023,31.35702],[-97.59006,31.35725],[-97.58916,31.35699],[-97.58811,31.35619],[-97.5875,31.35711],[-97.58814,31.35792],[-97.58798,31.35836],[-97.58746,31.35835],[-97.58733,31.35751],[-97.58653,31.35688],[-97.58622,31.3572],[-97.58581,31.3589],[-97.58604,31.35951],[-97.58572,31.35966],[-97.58318,31.3596],[-97.58279,31.36001],[-97.58325,31.36085],[-97.58334,31.3618],[-97.58267,31.36331],[-97.58387,31.36315],[-97.58428,31.36343],[-97.58422,31.36455],[-97.58348,31.36571],[-97.58372,31.36598],[-97.58461,31.36611],[-97.58463,31.36689],[-97.585,31.36731],[-97.58571,31.36738],[-97.58757,31.36679],[-97.588,31.36766],[-97.58726,31.36813],[-97.58726,31.36849],[-97.58788,31.36874],[-97.58944,31.36851],[-97.58987,31.36865],[-97.59026,31.36935],[-97.59139,31.36977],[-97.59187,31.37078],[-97.59275,31.37131],[-97.59287,31.37227],[-97.59352,31.37247],[-97.59461,31.37222],[-97.59502,31.37233],[-97.59536,31.37286],[-97.59559,31.37412],[-97.59659,31.37481],[-97.59807,31.37499],[-97.59998,31.37489],[-97.60034,31.37472],[-97.60066,31.37393],[-97.60167,31.37458],[-97.60337,31.37447],[-97.60395,31.37537],[-97.60482,31.37599],[-97.60725,31.37958],[-97.60697,31.37987],[-97.6062,31.38002],[-97.60573,31.38072],[-97.6045,31.38069],[-97.60415,31.38158],[-97.60309,31.38171],[-97.60261,31.38208],[-97.60289,31.38266],[-97.60421,31.38328],[-97.60423,31.3837],[-97.60139,31.38352],[-97.60055,31.38374],[-97.5999,31.38449],[-97.59963,31.38404],[-97.5999,31.38286],[-97.59963,31.38271],[-97.59815,31.38375],[-97.59718,31.38499],[-97.59671,31.3849],[-97.59616,31.38406],[-97.59579,31.38389],[-97.59437,31.38473],[-97.59393,31.3847],[-97.59339,31.38422],[-97.59184,31.38455],[-97.59112,31.38532],[-97.59058,31.38544],[-97.59033,31.38521],[-97.59077,31.38425],[-97.59051,31.38387],[-97.58936,31.38389],[-97.58836,31.38456],[-97.58728,31.38375],[-97.58468,31.3841],[-97.58286,31.3847],[-97.58134,31.38431],[-97.58057,31.38533],[-97.58009,31.38558],[-97.57851,31.38363],[-97.57693,31.38341],[-97.57582,31.38431],[-97.57551,31.38423],[-97.57523,31.38377],[-97.57482,31.38386],[-97.57476,31.38448],[-97.5755,31.38572],[-97.57518,31.38587],[-97.57358,31.385],[-97.57235,31.38484],[-97.57201,31.38414]]]}},{"type":"Feature","properties":{"PRECINCT":"coryell:310","COUNTY":"Coryell"},"geometry":{"type":"Polygon","coordinates":[[[-97.50777,31.44797],[-97.47595,31.40254],[-97.46392,31.38426],[-97.46172,31.38213],[-97.41861,31.3202],[-97.47007,31.29365],[-97.47564,31.29511],[-97.47671,31.29452],[-97.47777,31.29425],[-97.47919,31.29513],[-97.47996,31.29514],[-97.48086,31.29551],[-97.48194,31.29491],[-97.48348,31.29468],[-97.48436,31.29501],[-97.48507,31.29458],[-97.48597,31.29468],[-97.48897,31.29568],[-97.48981,31.29623],[-97.49051,31.29727],[-97.49058,31.29816],[-97.49007,31.29865],[-97.48891,31.29882],[-97.48739,31.29843],[-97.48526,31.29831],[-97.48533,31.29782],[-97.48468,31.2976],[-97.4845,31.29798],[-97.48104,31.29764],[-97.48047,31.29839],[-97.47996,31.29816],[-97.47963,31.29838],[-97.47944,31.29805],[-97.47919,31.2981],[-97.47911,31.2975],[-97.47873,31.29732],[-97.47855,31.29679],[-97.47823,31.29683],[-97.47785,31.29645],[-97.47753,31.29661],[-97.47803,31.29728],[-97.47759,31.29842],[-97.47765,31.29888],[-97.47657,31.2991],[-97.47515,31.29809],[-97.47554,31.29898],[-97.47522,31.29898],[-97.47561,31.29926],[-97.47554,31.29943],[-97.47208,31.29987],[-97.47132,31.29976],[-97.47118,31.29949],[-97.47118,31.29915],[-97.47202,31.29886],[-97.47118,31.29849],[-97.47118,31.29761],[-97.4708,31.29683],[-97.47029,31.29872],[-97.46984,31.29865],[-97.47042,31.30015],[-97.46811,31.30036],[-97.46735,31.29882],[-97.46727,31.29806],[-97.46658,31.29783],[-97.46729,31.30066],[-97.46543,31.30229],[-97.46459,31.30273],[-97.46402,31.30175],[-97.46402,31.30125],[-97.46376,31.3015],[-97.4635,31.30279],[-97.46228,31.30345],[-97.46108,31.30245],[-97.461,31.30286],[-97.46172,31.30393],[-97.46062,31.30373],[-97.46018,31.30319],[-97.4598,31.30366],[-97.45813,31.30366],[-97.45723,31.30411],[-97.45665,31.30383],[-97.45615,31.30444],[-97.45551,31.30404],[-97.45519,31.30513],[-97.45308,31.30563],[-97.45378,31.30587],[-97.45311,31.30628],[-97.45467,31.30576],[-97.45545,31.30874],[-97.45467,31.30929],[-97.45378,31.30945],[-97.45352,31.30996],[-97.45314,31.30996],[-97.45271,31.30952],[-97.45232,31.30949],[-97.4528,31.31042],[-97.45368,31.31058],[-97.45442,31.31123],[-97.45306,31.31207],[-97.45279,31.31305],[-97.45311,31.31319],[-97.453,31.31253],[-97.45481,31.31148],[-97.45487,31.31072],[-97.45423,31.30996],[-97.45537,31.30991],[-97.45621,31.30913],[-97.45589,31.3077],[-97.45577,31.30616],[-97.45595,31.30589],[-97.45711,31.30588],[-97.45896,31.30483],[-97.45986,31.30494],[-97.45986,31.30566],[-97.46114,31.30515],[-97.46158,31.30555],[-97.463,31.30527],[-97.46152,31.30747],[-97.4614,31.30831],[-97.46088,31.30869],[-97.46134,31.30869],[-97.46184,31.30957],[-97.4614,31.31126],[-97.46166,31.3116],[-97.4621,31.31161],[-97.46268,31.3111],[-97.46287,31.31204],[-97.46325,31.31249],[-97.46383,31.3127],[-97.46307,31.31365],[-97.46333,31.31386],[-97.46383,31.31358],[-97.46433,31.3146],[-97.46302,31.31507],[-97.46246,31.31553],[-97.46388,31.31528],[-97.46477,31.31547],[-97.46581,31.31501],[-97.4672,31.3158],[-97.46688,31.31584],[-97.46674,31.31629],[-97.46604,31.31645],[-97.46538,31.31816],[-97.46409,31.31901],[-97.46551,31.31874],[-97.4657,31.32004],[-97.46619,31.31881],[-97.46631,31.31769],[-97.46701,31.31764],[-97.46739,31.31784],[-97.46778,31.31714],[-97.46834,31.31675],[-97.4686,31.31709],[-97.46828,31.31726],[-97.46885,31.31743],[-97.46911,31.31813],[-97.47014,31.31826],[-97.47022,31.31887],[-97.47049,31.31908],[-97.47175,31.31937],[-97.47024,31.32186],[-97.4704,31.32306],[-97.47082,31.32285],[-97.47094,31.32163],[-97.47126,31.3217],[-97.473,31.31989],[-97.47441,31.31922],[-97.47569,31.31988],[-97.47695,31.31984],[-97.4777,31.3201],[-97.4775,31.32075],[-97.47717,31.32081],[-97.47742,31.3212],[-97.47716,31.32191],[-97.47765,31.32271],[-97.4775,31.322],[-97.47867,31.32103],[-97.47961,31.32127],[-97.47974,31.32183],[-97.47998,31.32145],[-97.48063,31.32156],[-97.48087,31.32196],[-97.48124,31.32174],[-97.48517,31.32255],[-97.48566,31.32317],[-97.4858,31.32455],[-97.48636,31.32506],[-97.48662,31.32594],[-97.48649,31.32648],[-97.48611,31.32658],[-97.48623,31.32715],[-97.48571,31.3277],[-97.48546,31.32868],[-97.48648,31.32979],[-97.48712,31.33166],[-97.48738,31.33183],[-97.48718,31.33238],[-97.48594,31.33313],[-97.48787,31.33244],[-97.48851,31.3326],[-97.48819,31.33358],[-97.48744,31.33437],[-97.48722,31.33575],[-97.48774,31.33674],[-97.48927,31.33768],[-97.48921,31.3369],[-97.48786,31.33624],[-97.48774,31.33563],[-97.48826,31.33453],[-97.48947,31.33349],[-97.48967,31.33293],[-97.48915,31.33168],[-97.48897,31.32913],[-97.48878,31.32885],[-97.4891,31.32543],[-97.48937,31.32471],[-97.48981,31.32439],[-97.48961,31.32407],[-97.48981,31.32389],[-97.49103,31.32362],[-97.49302,31.32426],[-97.49359,31.32482],[-97.49449,31.32516],[-97.49624,31.32671],[-97.50134,31.32913],[-97.5057,31.33321],[-97.51248,31.3374],[-97.5137,31.33872],[-97.51435,31.34118],[-97.51417,31.34177],[-97.51292,31.34345],[-97.51276,31.34409],[-97.51288,31.34436],[-97.51391,31.34397],[-97.51504,31.34609],[-97.51509,31.34824],[-97.51413,31.34824],[-97.51424,31.34883],[-97.51536,31.34961],[-97.51571,31.35017],[-97.51615,31.35255],[-97.51643,31.35238],[-97.51642,31.35208],[-97.51592,31.34884],[-97.51656,31.34636],[-97.51562,31.34408],[-97.51489,31.34092],[-97.51522,31.33835],[-97.51321,31.33599],[-97.51208,31.33379],[-97.5112,31.33288],[-97.51108,31.33219],[-97.51152,31.33122],[-97.51155,31.3304],[-97.51468,31.32927],[-97.51558,31.32977],[-97.5156,31.32879],[-97.51661,31.32833],[-97.51708,31.32864],[-97.51732,31.32984],[-97.51643,31.33136],[-97.51645,31.33193],[-97.51699,31.33192],[-97.51861,31.33094],[-97.51878,31.33185],[-97.51955,31.33231],[-97.52121,31.33096],[-97.52144,31.33029],[-97.52232,31.33014],[-97.52268,31.33068],[-97.52344,31.33087],[-97.52388,31.33124],[-97.5236,31.33212],[-97.52232,31.3326],[-97.52218,31.33294],[-97.52241,31.33312],[-97.52347,31.3329],[-97.52414,31.33353],[-97.52417,31.33383],[-97.52362,31.33447],[-97.52381,31.33529],[-97.5242,31.33559],[-97.52458,31.33555],[-97.52622,31.33402],[-97.52593,31.33361],[-97.52498,31.33371],[-97.52476,31.33325],[-97.52485,31.33266],[-97.52552,31.33238],[-97.52622,31.33247],[-97.52735,31.33301],[-97.5276,31.33444],[-97.52594,31.33564],[-97.52725,31.33682],[-97.5272,31.33768],[-97.52621,31.33838],[-97.52441,31.33892],[-97.52418,31.33945],[-97.52441,31.34041],[-97.52413,31.34098],[-97.52347,31.34083],[-97.52252,31.34017],[-97.52166,31.34014],[-97.52126,31.34098],[-97.52258,31.34174],[-97.52269,31.34237],[-97.52249,31.34275],[-97.52183,31.34293],[-97.5213,31.34184],[-97.52042,31.34193],[-97.52013,31.34267],[-97.52127,31.34359],[-97.52137,31.34408],[-97.51923,31.34483],[-97.51739,31.34596],[-97.51837,31.34664],[-97.51731,31.34798],[-97.51765,31.34917],[-97.51747,31.34994],[-97.51829,31.35059],[-97.51895,31.35033],[-97.51931,31.35041],[-97.51937,31.35135],[-97.51972,31.35187],[-97.51957,31.35208],[-97.51905,31.35213],[-97.51883,31.35262],[-97.51927,31.35375],[-97.52,31.35381],[-97.52076,31.35291],[-97.52126,31.35362],[-97.52182,31.35382],[-97.5231,31.35372],[-97.52366,31.35319],[-97.52421,31.35309],[-97.52546,31.35344],[-97.52557,31.35369],[-97.52524,31.35437],[-97.52542,31.35458],[-97.52589,31.35458],[-97.52641,31.35416],[-97.52624,31.35304],[-97.52669,31.35278],[-97.52733,31.35287],[-97.52831,31.35421],[-97.52819,31.35573],[-97.52747,31.35607],[-97.5274,31.35659],[-97.5282,31.35727],[-97.52886,31.35735],[-97.52931,31.35724],[-97.52976,31.35677],[-97.52966,31.35627],[-97.52911,31.35584],[-97.52932,31.35563],[-97.5329,31.35488],[-97.5328,31.35439],[-97.53241,31.35406],[-97.53096,31.3545],[-97.53034,31.35418],[-97.5315,31.352],[-97.53244,31.35221],[-97.53407,31.35411],[-97.53349,31.3559],[-97.53363,31.35626],[-97.53451,31.35638],[-97.53479,31.35561],[-97.53515,31.35548],[-97.53603,31.35618],[-97.53878,31.35732],[-97.54127,31.35948],[-97.54495,31.36193],[-97.54755,31.36241],[-97.54812,31.36357],[-97.54902,31.36419],[-97.54968,31.3642],[-97.55072,31.36345],[-97.55114,31.36486],[-97.55223,31.36465],[-97.55246,31.36479],[-97.55184,31.36577],[-97.55199,31.36636],[-97.55247,31.36675],[-97.55355,31.36694],[-97.55501,31.36633],[-97.55589,31.36651],[-97.55636,31.36705],[-97.55614,31.36753],[-97.55433,31.36794],[-97.5539,31.36825],[-97.55404,31.36852],[-97.55501,31.36895],[-97.55491,31.37007],[-97.55523,31.37048],[-97.55613,31.37057],[-97.55811,31.37012],[-97.55818,31.36983],[-97.55746,31.36883],[-97.5574,31.36838],[-97.55875,31.36828],[-97.55917,31.36851],[-97.55978,31.36929],[-97.55949,31.37092],[-97.56033,31.37215],[-97.56007,31.37255],[-97.55914,31.37273],[-97.55901,31.37316],[-97.55927,31.37351],[-97.56034,31.3736],[-97.56096,31.37405],[-97.56102,31.37706],[-97.56259,31.38036],[-97.56376,31.38118],[-97.5647,31.38146],[-97.56562,31.38149],[-97.56751,31.38104],[-97.57042,31.38124],[-97.57056,31.38142],[-97.57026,31.38228],[-97.57187,31.3831],[-97.57212,31.38358],[-97.57204,31.38442],[-97.57235,31.38484],[-97.57358,31.385],[-97.57467,31.38571],[-97.57539,31.38585],[-97.5755,31.38572],[-97.57476,31.38448],[-97.57482,31.38386],[-97.57523,31.38377],[-97.57551,31.38423],[-97.57582,31.38431],[-97.57693,31.38341],[-97.57851,31.38363],[-97.58009,31.38558],[-97.58057,31.38533],[-97.58134,31.38431],[-97.58286,31.3847],[-97.58468,31.3841],[-97.58728,31.38375],[-97.58836,31.38456],[-97.58936,31.38389],[-97.59051,31.38387],[-97.59077,31.38425],[-97.59066,31.38456],[-97.59033,31.385],[-97.58901,31.38561],[-97.58879,31.38595],[-97.58892,31.38633],[-97.58941,31.38655],[-97.58994,31.3858],[-97.59058,31.38588],[-97.59068,31.38626],[-97.59018,31.38672],[-97.59015,31.38711],[-97.5912,31.3878],[-97.5924,31.38793],[-97.5931,31.38828],[-97.5931,31.38869],[-97.59242,31.38892],[-97.59228,31.38943],[-97.59323,31.3893],[-97.59428,31.39032],[-97.5947,31.38964],[-97.59592,31.39028],[-97.59691,31.39033],[-97.59692,31.38988],[-97.59742,31.38967],[-97.5987,31.39071],[-97.59885,31.39169],[-97.59937,31.39176],[-97.59975,31.39301],[-97.59946,31.39512],[-97.59902,31.39534],[-97.59916,31.39644],[-97.59991,31.39647],[-97.60107,31.39773],[-97.60196,31.39816],[-97.60206,31.39841],[-97.60169,31.39893],[-97.6027,31.39972],[-97.60413,31.4004],[-97.60442,31.3998],[-97.60471,31.39975],[-97.60539,31.40045],[-97.60599,31.40056],[-97.60651,31.40184],[-97.60595,31.40251],[-97.60625,31.40345],[-97.60522,31.40465],[-97.60516,31.40604],[-97.60457,31.40717],[-97.60448,31.40804],[-97.60217,31.41055],[-97.60145,31.41065],[-97.60168,31.41148],[-97.60044,31.41285],[-97.60072,31.41343],[-97.60013,31.41394],[-97.60018,31.41444],[-97.60053,31.41477],[-97.60112,31.41482],[-97.60086,31.41528],[-97.60099,31.41561],[-97.60158,31.41524],[-97.60193,31.41533],[-97.60204,31.4159],[-97.60252,31.4165],[-97.60201,31.41717],[-97.6021,31.41799],[-97.60178,31.41839],[-97.60196,31.41891],[-97.60045,31.42001],[-97.60036,31.42068],[-97.5999,31.42091],[-97.5991,31.42242],[-97.59841,31.42286],[-97.59872,31.42377],[-97.59839,31.42431],[-97.59903,31.42478],[-97.5908,31.42728],[-97.58363,31.42904],[-97.57948,31.42977],[-97.51246,31.43599],[-97.50777,31.44797]]]}},{"type":"Feature","properties":{"PRECINCT":"coryell:311","COUNTY":"Coryell"},"geometry":{"type":"Polygon","coordinates":[[[-97.66602,31.22384],[-97.6657,31.22312],[-97.66502,31.2227],[-97.66415,31.22245],[-97.66267,31.22272],[-97.66219,31.22238],[-97.66001,31.21811],[-97.65898,31.21796],[-97.65634,31.21832],[-97.65463,31.21812],[-97.65328,31.21739],[-97.65241,31.21657],[-97.65194,31.21545],[-97.65261,31.21177],[-97.65255,31.21005],[-97.65219,31.2095],[-97.6476,31.20886],[-97.64589,31.20891],[-97.64359,31.20645],[-97.64235,31.20588],[-97.6789,31.18672],[-97.74157,31.15451],[-97.77955,31.13529],[-97.7922,31.12871],[-97.80479,31.1218],[-97.83872,31.10459],[-97.83717,31.12035],[-97.83728,31.12143],[-97.81815,31.1219],[-97.81822,31.12331],[-97.81879,31.12332],[-97.81932,31.12369],[-97.81916,31.12434],[-97.81858,31.12434],[-97.81723,31.12547],[-97.81744,31.12578],[-97.81736,31.12634],[-97.81799,31.1273],[-97.81842,31.13051],[-97.81842,31.131],[-97.81732,31.13252],[-97.81733,31.13324],[-97.81778,31.13426],[-97.81406,31.13531],[-97.81306,31.13542],[-97.81211,31.13729],[-97.81284,31.13797],[-97.8117,31.13867],[-97.81129,31.14026],[-97.8107,31.14061],[-97.81077,31.14178],[-97.80838,31.14161],[-97.80774,31.14175],[-97.80746,31.14218],[-97.80699,31.14116],[-97.80425,31.14123],[-97.80432,31.14233],[-97.80125,31.15455],[-97.78824,31.15368],[-97.78752,31.15329],[-97.78714,31.15198],[-97.78571,31.14919],[-97.77856,31.14824],[-97.7785,31.14871],[-97.78355,31.1494],[-97.78451,31.15014],[-97.78345,31.15814],[-97.78443,31.16013],[-97.78729,31.16225],[-97.78693,31.16285],[-97.78676,31.16489],[-97.78612,31.16623],[-97.78517,31.16732],[-97.78465,31.16886],[-97.78341,31.17051],[-97.78266,31.17111],[-97.78152,31.17062],[-97.77906,31.16893],[-97.77506,31.16985],[-97.773,31.17063],[-97.77337,31.17463],[-97.77406,31.17502],[-97.77416,31.17691],[-97.77479,31.1772],[-97.77506,31.1777],[-97.77371,31.18099],[-97.77352,31.18196],[-97.77368,31.18295],[-97.77114,31.18782],[-97.7715,31.19175],[-97.77111,31.19252],[-97.76673,31.19123],[-97.76606,31.19197],[-97.76619,31.19401],[-97.76772,31.19443],[-97.7682,31.19506],[-97.76724,31.19653],[-97.76664,31.19685],[-97.76656,31.19714],[-97.76629,31.19709],[-97.76628,31.19855],[-97.76572,31.19958],[-97.76581,31.2007],[-97.76554,31.20092],[-97.76446,31.20059],[-97.76355,31.20119],[-97.76354,31.20161],[-97.76387,31.20191],[-97.7652,31.20228],[-97.76537,31.20281],[-97.76399,31.20404],[-97.76341,31.2034],[-97.76295,31.20397],[-97.76217,31.2039],[-97.76187,31.20441],[-97.76158,31.20416],[-97.76067,31.20431],[-97.76036,31.20413],[-97.76002,31.20434],[-97.75993,31.20412],[-97.75949,31.20409],[-97.75895,31.2046],[-97.75898,31.20519],[-97.75842,31.20489],[-97.75848,31.20567],[-97.75883,31.20556],[-97.75955,31.20593],[-97.75964,31.2063],[-97.76021,31.20609],[-97.76072,31.20649],[-97.7615,31.20764],[-97.76138,31.20789],[-97.75989,31.20732],[-97.75925,31.20758],[-97.7585,31.20829],[-97.75505,31.20851],[-97.75347,31.20754],[-97.75281,31.20752],[-97.75174,31.20867],[-97.75164,31.21067],[-97.75042,31.20995],[-97.74908,31.2098],[-97.74758,31.20885],[-97.74643,31.2087],[-97.74587,31.20929],[-97.74576,31.21014],[-97.74524,31.21041],[-97.74462,31.21049],[-97.743,31.21018],[-97.73901,31.21143],[-97.737,31.21127],[-97.73465,31.21343],[-97.7339,31.21367],[-97.73281,31.21358],[-97.7304,31.21311],[-97.72769,31.21111],[-97.72712,31.20988],[-97.72677,31.20802],[-97.72686,31.20645],[-97.72647,31.20528],[-97.72566,31.20491],[-97.72463,31.20532],[-97.72392,31.20508],[-97.72319,31.20318],[-97.72204,31.20201],[-97.72145,31.202],[-97.7206,31.2025],[-97.71932,31.2026],[-97.71677,31.20391],[-97.71579,31.20506],[-97.71491,31.20679],[-97.71423,31.20726],[-97.7124,31.20779],[-97.70901,31.20941],[-97.70601,31.21033],[-97.70518,31.21028],[-97.70307,31.20929],[-97.70221,31.20952],[-97.69777,31.2149],[-97.6965,31.21699],[-97.69579,31.21708],[-97.69545,31.21652],[-97.69361,31.21521],[-97.69358,31.21477],[-97.69402,31.21429],[-97.69371,31.21382],[-97.69315,31.214],[-97.69199,31.21395],[-97.68977,31.21456],[-97.68858,31.2155],[-97.68754,31.21671],[-97.68755,31.21758],[-97.68724,31.218],[-97.68645,31.21823],[-97.68601,31.21893],[-97.68602,31.21967],[-97.6866,31.22069],[-97.68664,31.22161],[-97.68625,31.2222],[-97.6854,31.22276],[-97.68395,31.2232],[-97.68161,31.22257],[-97.68032,31.22122],[-97.67974,31.22134],[-97.67976,31.22219],[-97.679,31.22232],[-97.6772,31.22169],[-97.67597,31.22091],[-97.67451,31.21948],[-97.67372,31.21915],[-97.67324,31.21938],[-97.67331,31.21991],[-97.67273,31.22114],[-97.67064,31.22203],[-97.66909,31.22361],[-97.66842,31.22382],[-97.66602,31.22384]]]}},{"type":"Feature","properties":{"PRECINCT":"coryell:412","COUNTY":"Coryell"},"geometry":{"type":"Polygon","coordinates":[[[-97.90361,31.12427],[-97.90439,31.12262],[-97.90309,31.12218],[-97.90291,31.12193],[-97.9038,31.1199],[-97.89981,31.11881],[-97.8997,31.11853],[-97.90529,31.11518],[-97.90433,31.11454],[-97.90482,31.11378],[-97.90554,31.11376],[-97.90611,31.11248],[-97.90645,31.11077],[-97.90718,31.11042],[-97.90721,31.10927],[-97.90659,31.10782],[-97.90657,31.10707],[-97.90531,31.10701],[-97.90552,31.10606],[-97.90558,31.10295],[-97.9054,31.10256],[-97.90472,31.1018],[-97.90361,31.10109],[-97.90022,31.10033],[-97.90275,31.09269],[-97.8909,31.08875],[-97.8897,31.08786],[-97.88631,31.08448],[-97.88384,31.08139],[-97.9071,31.06937],[-97.92636,31.09788],[-97.9254,31.09899],[-97.92407,31.10214],[-97.923,31.1036],[-97.91608,31.10746],[-97.91048,31.11137],[-97.90847,31.1171],[-97.90902,31.11725],[-97.90734,31.12174],[-97.90915,31.12237],[-97.90836,31.12402],[-97.90778,31.12382],[-97.907,31.12546],[-97.90361,31.12427]]]}},{"type":"Feature","properties":{"PRECINCT":"coryell:413","COUNTY":"Coryell"},"geometry":{"type":"Polygon","coordinates":[[[-97.79859,31.61413],[-97.79757,31.61428],[-97.7966,31.61383],[-97.79593,31.61395],[-97.79491,31.61332],[-97.79403,31.61193],[-97.79415,31.61067],[-97.79359,31.60997],[-97.79342,31.60933],[-97.79271,31.60869],[-97.79246,31.60732],[-97.79104,31.60658],[-97.79025,31.60561],[-97.78921,31.60498],[-97.7891,31.60403],[-97.78738,31.60234],[-97.78675,31.60105],[-97.78508,31.60052],[-97.78391,31.60091],[-97.78315,31.6006],[-97.78278,31.59972],[-97.78339,31.59907],[-97.78368,31.59815],[-97.78418,31.59773],[-97.78413,31.59702],[-97.78128,31.59604],[-97.77973,31.59712],[-97.77892,31.59724],[-97.77816,31.59681],[-97.77698,31.59532],[-97.77525,31.5945],[-97.77524,31.59409],[-97.77563,31.59369],[-97.77733,31.59313],[-97.77785,31.59211],[-97.77792,31.5916],[-97.7772,31.59042],[-97.77645,31.59003],[-97.77577,31.5892],[-97.77468,31.589],[-97.77404,31.58911],[-97.77303,31.5888],[-97.77176,31.58719],[-97.77159,31.58641],[-97.76948,31.58509],[-97.76894,31.58441],[-97.76781,31.58434],[-97.76689,31.5847],[-97.76627,31.58428],[-97.76576,31.58324],[-97.7662,31.5815],[-97.76566,31.58076],[-97.76511,31.58077],[-97.76482,31.58055],[-97.76466,31.58008],[-97.76502,31.5788],[-97.76416,31.57789],[-97.76482,31.57684],[-97.76453,31.57526],[-97.76404,31.57476],[-97.763,31.57465],[-97.76088,31.57305],[-97.7597,31.57312],[-97.75937,31.57295],[-97.75923,31.57268],[-97.75956,31.57224],[-97.75903,31.57164],[-97.75878,31.57044],[-97.75753,31.56926],[-97.75587,31.56822],[-97.75516,31.56709],[-97.75555,31.56637],[-97.75515,31.56505],[-97.75362,31.56431],[-97.75365,31.56347],[-97.75324,31.56313],[-97.75287,31.56212],[-97.75271,31.56061],[-97.75235,31.56012],[-97.75227,31.55945],[-97.7518,31.55891],[-97.75196,31.55812],[-97.75082,31.55627],[-97.75166,31.5556],[-97.75255,31.55265],[-97.7525,31.55212],[-97.7511,31.55108],[-97.74934,31.55104],[-97.74854,31.55073],[-97.74681,31.54946],[-97.74611,31.5493],[-97.74509,31.54826],[-97.7445,31.54701],[-97.74402,31.54657],[-97.74279,31.54601],[-97.74206,31.54487],[-97.74053,31.54415],[-97.73992,31.54355],[-97.73898,31.54329],[-97.73845,31.54249],[-97.73663,31.54094],[-97.7339,31.54036],[-97.7328,31.54037],[-97.73214,31.53957],[-97.73066,31.53899],[-97.7304,31.5373],[-97.72947,31.53635],[-97.7274,31.53495],[-97.72666,31.53415],[-97.72525,31.53358],[-97.72444,31.53238],[-97.72379,31.53186],[-97.72342,31.53095],[-97.72192,31.53002],[-97.72106,31.52982],[-97.72045,31.52765],[-97.71938,31.52725],[-97.71767,31.52575],[-97.7147,31.52433],[-97.71298,31.52228],[-97.71166,31.52129],[-97.71094,31.5203],[-97.7108,31.51814],[-97.7094,31.515],[-97.7084,31.51404],[-97.70641,31.51342],[-97.70519,31.51276],[-97.70381,31.51105],[-97.7035,31.51009],[-97.70413,31.50846],[-97.70402,31.50774],[-97.70094,31.50613],[-97.69768,31.50609],[-97.69685,31.5052],[-97.69624,31.50383],[-97.69534,31.50265],[-97.69243,31.50325],[-97.69229,31.5027],[-97.68911,31.50216],[-97.68841,31.5016],[-97.68823,31.50076],[-97.68769,31.50084],[-97.68651,31.50007],[-97.68375,31.49981],[-97.68322,31.49889],[-97.68361,31.4983],[-97.68433,31.49821],[-97.68451,31.49778],[-97.68377,31.49688],[-97.68363,31.49634],[-97.69011,31.49434],[-97.69122,31.49368],[-97.69401,31.48931],[-97.69453,31.4874],[-97.69604,31.48394],[-97.69709,31.48286],[-97.69904,31.48139],[-97.7008,31.47875],[-97.70252,31.47738],[-97.70801,31.481],[-97.71082,31.47938],[-97.71285,31.48055],[-97.71761,31.4775],[-97.71944,31.47365],[-97.71907,31.47308],[-97.71929,31.47234],[-97.71902,31.47178],[-97.71988,31.47184],[-97.721,31.47149],[-97.72958,31.46541],[-97.72523,31.46474],[-97.72764,31.45763],[-97.72974,31.45741],[-97.73032,31.45692],[-97.73153,31.45812],[-97.73328,31.45859],[-97.73287,31.45962],[-97.7336,31.45986],[-97.73366,31.46027],[-97.73487,31.46028],[-97.7389,31.46141],[-97.74139,31.45524],[-97.74089,31.45521],[-97.74099,31.45455],[-97.74056,31.45452],[-97.74077,31.45334],[-97.74389,31.45314],[-97.74464,31.45335],[-97.74566,31.45076],[-97.74519,31.45061],[-97.74528,31.45005],[-97.74422,31.44945],[-97.7447,31.44887],[-97.74206,31.44762],[-97.73952,31.44795],[-97.73957,31.4463],[-97.74108,31.4461],[-97.74108,31.44377],[-97.73915,31.44478],[-97.73798,31.44579],[-97.73697,31.44604],[-97.73669,31.44684],[-97.73583,31.44748],[-97.73324,31.44716],[-97.73242,31.4485],[-97.72908,31.44861],[-97.72776,31.44889],[-97.72478,31.44767],[-97.72517,31.44581],[-97.72545,31.44573],[-97.72565,31.44515],[-97.72522,31.44502],[-97.72516,31.44457],[-97.72509,31.43474],[-97.75951,31.43501],[-97.75994,31.43407],[-97.76141,31.4335],[-97.76163,31.43287],[-97.76326,31.43278],[-97.76397,31.4322],[-97.7645,31.42913],[-97.76525,31.42828],[-97.77391,31.40753],[-97.77606,31.4015],[-97.782,31.38872],[-97.78141,31.38858],[-97.78132,31.38801],[-97.78472,31.37862],[-97.78583,31.37679],[-97.79013,31.36723],[-97.79036,31.36602],[-97.79188,31.36435],[-97.79218,31.36102],[-97.79324,31.35891],[-97.79198,31.35718],[-97.79856,31.35646],[-97.80117,31.35536],[-97.80252,31.35426],[-97.80287,31.35185],[-97.8035,31.35007],[-97.80457,31.34921],[-97.80447,31.34815],[-97.80524,31.34684],[-97.80515,31.34578],[-97.80463,31.34494],[-97.80084,31.34378],[-97.79827,31.34413],[-97.79724,31.34479],[-97.7951,31.34451],[-97.79358,31.34362],[-97.79273,31.34141],[-97.79321,31.34036],[-97.79342,31.33858],[-97.79412,31.33739],[-97.79477,31.33708],[-97.79546,31.33631],[-97.7966,31.33589],[-97.79729,31.33534],[-97.79888,31.33558],[-97.80143,31.33382],[-97.80291,31.33155],[-97.80293,31.33079],[-97.80209,31.33065],[-97.79941,31.33203],[-97.79877,31.33165],[-97.79611,31.33144],[-97.79418,31.33264],[-97.79173,31.3337],[-97.79206,31.33241],[-97.79198,31.33117],[-97.79251,31.32993],[-97.79235,31.32959],[-97.79139,31.32943],[-97.78936,31.32799],[-97.78912,31.3276],[-97.7891,31.32693],[-97.78944,31.32604],[-97.78835,31.32343],[-97.78838,31.32274],[-97.7895,31.3221],[-97.79032,31.32202],[-97.79124,31.32248],[-97.79344,31.32287],[-97.79429,31.32326],[-97.79778,31.32379],[-97.79921,31.32457],[-97.79975,31.32452],[-97.80165,31.32524],[-97.80229,31.32512],[-97.80257,31.32471],[-97.80273,31.3232],[-97.80364,31.32121],[-97.80539,31.32147],[-97.80725,31.32215],[-97.80929,31.316],[-97.80848,31.3157],[-97.80652,31.31554],[-97.80588,31.31508],[-97.80613,31.31458],[-97.80696,31.31457],[-97.80657,31.31153],[-97.8068,31.31076],[-97.80732,31.31035],[-97.80594,31.30926],[-97.80485,31.30894],[-97.80341,31.30758],[-97.80392,31.30742],[-97.80587,31.30272],[-97.8138,31.30503],[-97.81422,31.30465],[-97.8152,31.30459],[-97.8163,31.30334],[-97.81682,31.30235],[-97.81711,31.30136],[-97.81677,31.2994],[-97.8172,31.29813],[-97.81744,31.29822],[-97.81772,31.29754],[-97.81654,31.29606],[-97.81665,31.29426],[-97.81622,31.29333],[-97.81678,31.2923],[-97.81627,31.29155],[-97.8158,31.29138],[-97.81614,31.29065],[-97.81585,31.2902],[-97.81612,31.28979],[-97.81591,31.28934],[-97.81645,31.28858],[-97.81553,31.28664],[-97.81534,31.28438],[-97.81552,31.28346],[-97.81518,31.283],[-97.81545,31.28269],[-97.8153,31.28149],[-97.81505,31.28115],[-97.81516,31.28061],[-97.81468,31.2801],[-97.81399,31.27984],[-97.8133,31.27857],[-97.81338,31.2781],[-97.8147,31.27629],[-97.81488,31.27493],[-97.81522,31.27463],[-97.81531,31.27505],[-97.8158,31.27368],[-97.81646,31.27341],[-97.81607,31.27307],[-97.81588,31.27225],[-97.81429,31.27264],[-97.81404,31.2722],[-97.81504,31.27153],[-97.81526,31.27112],[-97.81541,31.26981],[-97.81496,31.26954],[-97.81618,31.26912],[-97.81657,31.26867],[-97.81638,31.26856],[-97.81664,31.26825],[-97.81646,31.2676],[-97.81627,31.26734],[-97.81553,31.26719],[-97.81525,31.26651],[-97.81566,31.26382],[-97.81614,31.26336],[-97.81642,31.26265],[-97.81609,31.26052],[-97.81692,31.25982],[-97.8172,31.2592],[-97.81711,31.25848],[-97.81772,31.25736],[-97.81907,31.25588],[-97.81799,31.25299],[-97.81817,31.25242],[-97.8175,31.25179],[-97.81751,31.25125],[-97.81763,31.25097],[-97.81956,31.24983],[-97.81997,31.2492],[-97.81945,31.24833],[-97.81946,31.24779],[-97.81973,31.24666],[-97.82067,31.24506],[-97.8235,31.24269],[-97.82368,31.24205],[-97.82355,31.24111],[-97.82433,31.24132],[-97.82463,31.2411],[-97.82456,31.24009],[-97.82402,31.23922],[-97.82414,31.23846],[-97.82453,31.23832],[-97.82673,31.2386],[-97.82753,31.23689],[-97.82711,31.23594],[-97.82806,31.23599],[-97.83037,31.23627],[-97.83089,31.23663],[-97.83216,31.24125],[-97.83199,31.24216],[-97.83104,31.24282],[-97.83061,31.24386],[-97.83118,31.24537],[-97.83219,31.24593],[-97.83326,31.2472],[-97.83607,31.24864],[-97.84108,31.2488],[-97.84152,31.24847],[-97.84467,31.24753],[-97.84531,31.24763],[-97.84664,31.24952],[-97.84689,31.25092],[-97.84684,31.25219],[-97.84585,31.25354],[-97.84581,31.25407],[-97.84683,31.25531],[-97.84801,31.25622],[-97.84865,31.2574],[-97.85077,31.25856],[-97.8532,31.25861],[-97.85363,31.25939],[-97.85379,31.2607],[-97.85432,31.26186],[-97.85591,31.26312],[-97.85655,31.2632],[-97.85817,31.26398],[-97.85932,31.2652],[-97.85997,31.26652],[-97.85972,31.26812],[-97.86044,31.26895],[-97.86141,31.26943],[-97.86246,31.26929],[-97.86476,31.26953],[-97.86618,31.27058],[-97.8674,31.27278],[-97.86704,31.27573],[-97.86711,31.27634],[-97.8676,31.27689],[-97.86733,31.27752],[-97.86565,31.27899],[-97.86577,31.27969],[-97.86916,31.2809],[-97.87033,31.28153],[-97.87233,31.28451],[-97.87374,31.28473],[-97.87536,31.2845],[-97.87612,31.28473],[-97.87762,31.28663],[-97.87753,31.28716],[-97.87662,31.28761],[-97.87715,31.28853],[-97.87917,31.28869],[-97.88107,31.28821],[-97.88147,31.28781],[-97.88147,31.28728],[-97.88076,31.28625],[-97.88078,31.28558],[-97.8819,31.28377],[-97.88242,31.28335],[-97.8831,31.28366],[-97.88329,31.28444],[-97.88382,31.28514],[-97.88377,31.2859],[-97.88402,31.2861],[-97.88209,31.28884],[-97.87979,31.29152],[-97.87882,31.29325],[-97.87696,31.30021],[-97.87602,31.30517],[-97.87115,31.31762],[-97.86807,31.33169],[-97.86746,31.33337],[-97.86662,31.33478],[-97.83958,31.36312],[-97.82872,31.37271],[-97.81892,31.38422],[-97.80448,31.39835],[-97.82372,31.40413],[-97.81821,31.41806],[-97.81635,31.42011],[-97.81664,31.42177],[-97.81029,31.43843],[-97.81796,31.43905],[-97.8222,31.43885],[-97.82218,31.43919],[-97.8088,31.44568],[-97.80741,31.44604],[-97.80733,31.44699],[-97.80344,31.45708],[-97.80772,31.4585],[-97.81529,31.46193],[-97.81651,31.46269],[-97.81738,31.46358],[-97.81815,31.46493],[-97.81943,31.46959],[-97.8184,31.47021],[-97.81921,31.4709],[-97.81904,31.47141],[-97.81777,31.47172],[-97.81749,31.47274],[-97.81692,31.47316],[-97.81745,31.47366],[-97.81785,31.47374],[-97.81828,31.47354],[-97.81859,31.47281],[-97.81897,31.47276],[-97.82022,31.47369],[-97.82044,31.47528],[-97.82123,31.4749],[-97.82262,31.47556],[-97.82261,31.47605],[-97.82188,31.47681],[-97.82206,31.47764],[-97.82277,31.47838],[-97.82329,31.47977],[-97.82388,31.47997],[-97.82409,31.48028],[-97.82357,31.48236],[-97.82449,31.4829],[-97.8251,31.48387],[-97.82491,31.48444],[-97.82346,31.48434],[-97.82224,31.4849],[-97.82213,31.48533],[-97.82286,31.48588],[-97.82243,31.4862],[-97.8223,31.48692],[-97.82117,31.48729],[-97.82034,31.48707],[-97.81954,31.48721],[-97.8194,31.48763],[-97.8199,31.48827],[-97.81955,31.48911],[-97.81953,31.49011],[-97.81901,31.49047],[-97.81775,31.49064],[-97.81486,31.49356],[-97.81446,31.49353],[-97.81403,31.4928],[-97.81368,31.49263],[-97.81308,31.49286],[-97.81224,31.49366],[-97.81101,31.49329],[-97.8101,31.49374],[-97.80737,31.49752],[-97.80669,31.50062],[-97.80727,31.50292],[-97.80794,31.50331],[-97.8104,31.50316],[-97.81177,31.50372],[-97.81332,31.50307],[-97.81394,31.50414],[-97.81583,31.50374],[-97.81749,31.5039],[-97.81799,31.50453],[-97.81701,31.50467],[-97.8169,31.50498],[-97.8178,31.5062],[-97.81844,31.50666],[-97.81942,31.50696],[-97.81962,31.50679],[-97.81855,31.50571],[-97.8187,31.5053],[-97.82162,31.50555],[-97.82193,31.50578],[-97.82207,31.50658],[-97.82314,31.50776],[-97.82359,31.50779],[-97.82424,31.50697],[-97.8259,31.50733],[-97.8302,31.50932],[-97.83059,31.50966],[-97.83093,31.5106],[-97.83204,31.51141],[-97.83283,31.51286],[-97.83277,31.51313],[-97.83046,31.51511],[-97.82977,31.51601],[-97.82878,31.51767],[-97.82848,31.51928],[-97.82764,31.52053],[-97.82786,31.52079],[-97.82916,31.5207],[-97.82962,31.52107],[-97.82885,31.52221],[-97.82796,31.52173],[-97.82768,31.52183],[-97.82751,31.52454],[-97.82915,31.52408],[-97.82953,31.52462],[-97.83035,31.52457],[-97.83085,31.52504],[-97.83064,31.52607],[-97.82974,31.52615],[-97.83007,31.52735],[-97.82917,31.52723],[-97.82858,31.52799],[-97.8286,31.52834],[-97.82887,31.52851],[-97.83075,31.52833],[-97.83122,31.52855],[-97.83113,31.52896],[-97.83051,31.52897],[-97.82974,31.53033],[-97.82996,31.53118],[-97.8303,31.53145],[-97.83074,31.5315],[-97.83116,31.53119],[-97.83156,31.52958],[-97.83263,31.5289],[-97.83374,31.52715],[-97.83404,31.52706],[-97.83466,31.52748],[-97.83502,31.52746],[-97.83485,31.52643],[-97.8351,31.52587],[-97.83677,31.52551],[-97.83688,31.52475],[-97.83935,31.52196],[-97.84,31.52153],[-97.84122,31.52153],[-97.84263,31.52216],[-97.84366,31.52186],[-97.84491,31.52191],[-97.84626,31.52121],[-97.84778,31.52235],[-97.84945,31.52249],[-97.85029,31.5232],[-97.85276,31.52238],[-97.85365,31.52245],[-97.85418,31.52312],[-97.85634,31.52289],[-97.85677,31.52346],[-97.85756,31.52377],[-97.85859,31.52457],[-97.85659,31.52982],[-97.85618,31.52975],[-97.85529,31.52893],[-97.85452,31.52856],[-97.85407,31.52886],[-97.85042,31.53834],[-97.85077,31.53914],[-97.85256,31.53972],[-97.8528,31.54018],[-97.85128,31.5444],[-97.85049,31.54904],[-97.84998,31.54986],[-97.84859,31.55094],[-97.84829,31.55149],[-97.83974,31.57307],[-97.83862,31.57483],[-97.83735,31.57825],[-97.83716,31.57833],[-97.83493,31.57604],[-97.81341,31.5562],[-97.81323,31.55639],[-97.80947,31.5662],[-97.8077,31.56892],[-97.80575,31.57497],[-97.80571,31.57709],[-97.80676,31.58036],[-97.8065,31.58245],[-97.79791,31.6042],[-97.79779,31.60666],[-97.80033,31.61407],[-97.80052,31.61603],[-97.79859,31.61413]]]}},{"type":"Feature","properties":{"PRECINCT":"coryell:414","COUNTY":"Coryell"},"geometry":{"type":"Polygon","coordinates":[[[-97.68983,31.71102],[-97.61822,31.60629],[-97.62385,31.60336],[-97.62491,31.60223],[-97.62639,31.59745],[-97.62527,31.59082],[-97.62548,31.58977],[-97.62602,31.5889],[-97.62726,31.58799],[-97.62974,31.58671],[-97.63634,31.58566],[-97.63978,31.58428],[-97.64426,31.58362],[-97.64557,31.58321],[-97.65621,31.57773],[-97.66488,31.5716],[-97.66601,31.57112],[-97.66961,31.57021],[-97.67394,31.56787],[-97.67878,31.56358],[-97.67987,31.56289],[-97.68527,31.56023],[-97.69013,31.55919],[-97.69902,31.55468],[-97.70004,31.55345],[-97.70221,31.54921],[-97.71248,31.52201],[-97.71298,31.52228],[-97.7147,31.52433],[-97.71767,31.52575],[-97.71938,31.52725],[-97.72045,31.52765],[-97.72106,31.52982],[-97.72192,31.53002],[-97.72342,31.53095],[-97.72379,31.53186],[-97.72444,31.53238],[-97.72525,31.53358],[-97.72666,31.53415],[-97.7274,31.53495],[-97.72947,31.53635],[-97.7304,31.5373],[-97.73066,31.53899],[-97.73214,31.53957],[-97.7328,31.54037],[-97.7339,31.54036],[-97.73663,31.54094],[-97.73845,31.54249],[-97.73898,31.54329],[-97.73992,31.54355],[-97.74053,31.54415],[-97.74206,31.54487],[-97.74279,31.54601],[-97.74402,31.54657],[-97.7445,31.54701],[-97.74509,31.54826],[-97.74611,31.5493],[-97.74681,31.54946],[-97.74854,31.55073],[-97.74934,31.55104],[-97.7511,31.55108],[-97.7525,31.55212],[-97.75255,31.55265],[-97.75166,31.5556],[-97.75082,31.55627],[-97.75196,31.55812],[-97.7518,31.55891],[-97.75227,31.55945],[-97.75235,31.56012],[-97.75271,31.56061],[-97.75287,31.56212],[-97.75324,31.56313],[-97.75365,31.56347],[-97.75362,31.56431],[-97.75515,31.56505],[-97.75555,31.56637],[-97.75516,31.56709],[-97.75587,31.56822],[-97.75753,31.56926],[-97.75878,31.57044],[-97.75903,31.57164],[-97.75956,31.57224],[-97.75923,31.57268],[-97.75937,31.57295],[-97.7597,31.57312],[-97.76088,31.57305],[-97.763,31.57465],[-97.76404,31.57476],[-97.76453,31.57526],[-97.76482,31.57684],[-97.76416,31.57789],[-97.76502,31.5788],[-97.76466,31.58008],[-97.76482,31.58055],[-97.76511,31.58077],[-97.76566,31.58076],[-97.7662,31.5815],[-97.76576,31.58324],[-97.76627,31.58428],[-97.76689,31.5847],[-97.76781,31.58434],[-97.76894,31.58441],[-97.76948,31.58509],[-97.77159,31.58641],[-97.77176,31.58719],[-97.77303,31.5888],[-97.77404,31.58911],[-97.77468,31.589],[-97.77577,31.5892],[-97.77645,31.59003],[-97.7772,31.59042],[-97.77797,31.59172],[-97.77744,31.59294],[-97.77712,31.59328],[-97.77563,31.59369],[-97.7752,31.59438],[-97.77724,31.59553],[-97.77836,31.59698],[-97.77892,31.59724],[-97.77948,31.59721],[-97.78128,31.59604],[-97.78413,31.59702],[-97.78418,31.59773],[-97.78368,31.59815],[-97.78339,31.59907],[-97.78278,31.59972],[-97.78315,31.6006],[-97.78391,31.60091],[-97.78508,31.60052],[-97.78687,31.60117],[-97.78738,31.60234],[-97.7891,31.60403],[-97.78921,31.60498],[-97.79025,31.60561],[-97.79104,31.60658],[-97.79246,31.60732],[-97.79271,31.60869],[-97.79342,31.60933],[-97.79359,31.60997],[-97.79415,31.61067],[-97.79403,31.61193],[-97.79491,31.61332],[-97.79568,31.61385],[-97.7966,31.61383],[-97.79719,31.61422],[-97.79848,31.61409],[-97.79949,31.61489],[-97.80052,31.61603],[-97.80013,31.61792],[-97.80228,31.61832],[-97.82199,31.62413],[-97.82332,31.62542],[-97.8282,31.63216],[-97.8149,31.63884],[-97.81946,31.64555],[-97.68983,31.71102]]]}},{"type":"Feature","properties":{"PRECINCT":"coryell:415","COUNTY":"Coryell"},"geometry":{"type":"Polygon","coordinates":[[[-97.79771,31.60578],[-97.79804,31.6038],[-97.80666,31.58194],[-97.80673,31.58012],[-97.80563,31.57666],[-97.80575,31.57497],[-97.8077,31.56892],[-97.80947,31.5662],[-97.81323,31.55639],[-97.81341,31.5562],[-97.83493,31.57604],[-97.83716,31.57833],[-97.83735,31.57825],[-97.83862,31.57483],[-97.83974,31.57307],[-97.84829,31.55149],[-97.84859,31.55094],[-97.84998,31.54986],[-97.85049,31.54904],[-97.85128,31.5444],[-97.8528,31.54018],[-97.85256,31.53972],[-97.85077,31.53914],[-97.85042,31.53834],[-97.85407,31.52886],[-97.85452,31.52856],[-97.85529,31.52893],[-97.85618,31.52975],[-97.85659,31.52982],[-97.85859,31.52457],[-97.86033,31.52527],[-97.86115,31.52779],[-97.86297,31.5294],[-97.86582,31.53329],[-97.86691,31.53374],[-97.8677,31.53459],[-97.86914,31.53427],[-97.86948,31.53561],[-97.87091,31.53597],[-97.87545,31.53998],[-97.87631,31.54135],[-97.87638,31.54233],[-97.87885,31.54525],[-97.87806,31.54676],[-97.87849,31.54878],[-97.87859,31.54905],[-97.87964,31.54877],[-97.88025,31.54902],[-97.87962,31.54949],[-97.87997,31.55054],[-97.87993,31.55143],[-97.88074,31.55186],[-97.88112,31.55259],[-97.88175,31.55277],[-97.88294,31.552],[-97.8837,31.55189],[-97.88398,31.55344],[-97.88557,31.55343],[-97.8862,31.55284],[-97.88549,31.55168],[-97.88566,31.55125],[-97.88609,31.55106],[-97.88654,31.55133],[-97.88742,31.55281],[-97.88895,31.55311],[-97.88999,31.55447],[-97.89104,31.55362],[-97.8908,31.55235],[-97.89115,31.55163],[-97.89165,31.55147],[-97.89215,31.55185],[-97.89201,31.55262],[-97.89293,31.55308],[-97.89376,31.55424],[-97.89442,31.55394],[-97.89374,31.5529],[-97.89451,31.55291],[-97.89607,31.5534],[-97.89712,31.55576],[-97.89839,31.55651],[-97.89882,31.55634],[-97.899,31.55523],[-97.89943,31.55502],[-97.90175,31.55658],[-97.90165,31.55725],[-97.90231,31.55818],[-97.9022,31.55878],[-97.90172,31.55933],[-97.90261,31.56051],[-97.90242,31.56086],[-97.90107,31.56123],[-97.90159,31.56198],[-97.90069,31.56291],[-97.90098,31.56502],[-97.90066,31.56547],[-97.90004,31.56563],[-97.89975,31.56658],[-97.89818,31.5665],[-97.89744,31.56696],[-97.89629,31.57014],[-97.89557,31.57008],[-97.89506,31.56966],[-97.89354,31.56983],[-97.8935,31.57021],[-97.89386,31.57063],[-97.89381,31.57137],[-97.89359,31.57179],[-97.89297,31.57214],[-97.89263,31.5718],[-97.89295,31.57092],[-97.89276,31.57077],[-97.89219,31.57173],[-97.89157,31.5719],[-97.8907,31.5718],[-97.89049,31.57118],[-97.88976,31.5709],[-97.88763,31.57082],[-97.88665,31.57138],[-97.88433,31.57034],[-97.88409,31.57084],[-97.88546,31.57289],[-97.88493,31.57307],[-97.88391,31.57283],[-97.88318,31.57136],[-97.88065,31.57238],[-97.87911,31.57238],[-97.87726,31.5719],[-97.87714,31.5714],[-97.87739,31.5708],[-97.87712,31.57046],[-97.8763,31.57114],[-97.87489,31.57154],[-97.87464,31.5712],[-97.87504,31.57032],[-97.87314,31.57014],[-97.87264,31.57114],[-97.87319,31.57236],[-97.872,31.57314],[-97.87206,31.57444],[-97.87129,31.57473],[-97.87075,31.57575],[-97.86938,31.57598],[-97.86945,31.57633],[-97.87027,31.57698],[-97.87043,31.57748],[-97.87003,31.5777],[-97.869,31.57675],[-97.86843,31.5769],[-97.86881,31.57764],[-97.86984,31.57834],[-97.86998,31.57891],[-97.86954,31.57928],[-97.86904,31.57926],[-97.86862,31.57892],[-97.86818,31.57804],[-97.86743,31.57802],[-97.86722,31.5785],[-97.86744,31.57919],[-97.86732,31.57982],[-97.86798,31.58027],[-97.86803,31.58064],[-97.86719,31.58169],[-97.86623,31.58159],[-97.86583,31.58178],[-97.8666,31.58321],[-97.86615,31.58424],[-97.86621,31.58545],[-97.867,31.58635],[-97.86829,31.58666],[-97.86848,31.58692],[-97.86843,31.58754],[-97.86796,31.58787],[-97.86737,31.5879],[-97.8673,31.58843],[-97.86766,31.58877],[-97.86843,31.58844],[-97.8695,31.58889],[-97.86942,31.59054],[-97.87031,31.58996],[-97.87165,31.59075],[-97.8717,31.59113],[-97.87088,31.59162],[-97.87074,31.59194],[-97.87178,31.59338],[-97.8723,31.59382],[-97.87275,31.59385],[-97.87344,31.59282],[-97.87396,31.59278],[-97.87454,31.59326],[-97.87402,31.5944],[-97.87427,31.59476],[-97.8752,31.59478],[-97.87581,31.59403],[-97.87675,31.59393],[-97.87693,31.59419],[-97.87651,31.59488],[-97.87661,31.59517],[-97.87826,31.59456],[-97.87895,31.59572],[-97.88009,31.59607],[-97.8814,31.59701],[-97.88355,31.59784],[-97.8838,31.59834],[-97.88302,31.59896],[-97.88317,31.5997],[-97.88399,31.60011],[-97.88516,31.60013],[-97.88593,31.60098],[-97.88771,31.60132],[-97.88798,31.60168],[-97.8875,31.60244],[-97.88742,31.60306],[-97.88791,31.60346],[-97.88857,31.60349],[-97.88904,31.60431],[-97.88959,31.60439],[-97.89078,31.60386],[-97.89127,31.60385],[-97.89124,31.60414],[-97.8905,31.6048],[-97.89059,31.60529],[-97.8909,31.60567],[-97.89144,31.60584],[-97.89252,31.60522],[-97.8933,31.60545],[-97.89351,31.60602],[-97.89285,31.60646],[-97.89274,31.60703],[-97.89326,31.60721],[-97.89377,31.60629],[-97.89428,31.60628],[-97.8944,31.60669],[-97.89406,31.608],[-97.8753,31.6175],[-97.86611,31.6219],[-97.81946,31.64555],[-97.8149,31.63884],[-97.8282,31.63216],[-97.82313,31.62518],[-97.82179,31.62402],[-97.80228,31.61832],[-97.80013,31.61792],[-97.80054,31.61587],[-97.8005,31.61477],[-97.79803,31.60755],[-97.79771,31.60578]]]}},{"type":"Feature","properties":{"PRECINCT":"coryell:416","COUNTY":"Coryell"},"geometry":{"type":"Polygon","coordinates":[[[-97.87536,31.2845],[-97.87374,31.28473],[-97.87233,31.28451],[-97.87033,31.28153],[-97.86566,31.27958],[-97.86565,31.27899],[-97.86733,31.27752],[-97.8676,31.27689],[-97.86711,31.27634],[-97.8674,31.27278],[-97.86686,31.27152],[-97.86618,31.27058],[-97.86476,31.26953],[-97.86246,31.26929],[-97.86141,31.26943],[-97.86044,31.26895],[-97.85972,31.26812],[-97.85997,31.26652],[-97.85932,31.2652],[-97.85817,31.26398],[-97.85655,31.2632],[-97.85591,31.26312],[-97.85432,31.26186],[-97.85379,31.2607],[-97.85363,31.25939],[-97.8532,31.25861],[-97.85077,31.25856],[-97.84865,31.2574],[-97.84801,31.25622],[-97.84683,31.25531],[-97.84581,31.25407],[-97.84585,31.25354],[-97.84684,31.25219],[-97.84689,31.25092],[-97.84664,31.24952],[-97.84547,31.24774],[-97.84467,31.24753],[-97.84152,31.24847],[-97.84108,31.2488],[-97.83607,31.24864],[-97.83447,31.24796],[-97.83326,31.2472],[-97.83219,31.24593],[-97.83118,31.24537],[-97.83063,31.24415],[-97.83104,31.24282],[-97.83199,31.24216],[-97.83216,31.24125],[-97.83068,31.23637],[-97.82603,31.23582],[-97.82462,31.23498],[-97.82299,31.23471],[-97.82196,31.23413],[-97.82337,31.23371],[-97.82403,31.23404],[-97.82414,31.23319],[-97.8244,31.23317],[-97.82463,31.23277],[-97.82399,31.23206],[-97.82477,31.23191],[-97.82649,31.23071],[-97.82705,31.23057],[-97.82802,31.22918],[-97.82836,31.22756],[-97.82919,31.22682],[-97.83029,31.22687],[-97.83089,31.22768],[-97.83233,31.22864],[-97.834,31.22936],[-97.83487,31.22947],[-97.83476,31.2292],[-97.83556,31.22844],[-97.83447,31.22591],[-97.83528,31.22296],[-97.83528,31.22215],[-97.83569,31.22137],[-97.83622,31.22144],[-97.83606,31.22064],[-97.83747,31.22028],[-97.83387,31.22031],[-97.83377,31.22006],[-97.8345,31.21914],[-97.83274,31.21673],[-97.83663,31.21612],[-97.83737,31.21559],[-97.83831,31.21377],[-97.8401,31.2082],[-97.84142,31.20837],[-97.84473,31.20626],[-97.84875,31.20344],[-97.85105,31.2013],[-97.85216,31.1998],[-97.85251,31.19966],[-97.85373,31.19668],[-97.85714,31.19103],[-97.85989,31.18466],[-97.86016,31.18362],[-97.85996,31.18111],[-97.86044,31.17907],[-97.86284,31.17605],[-97.86427,31.1751],[-97.86913,31.17347],[-97.87401,31.17125],[-97.8779,31.1675],[-97.87821,31.16648],[-97.87807,31.16503],[-97.87689,31.16562],[-97.87549,31.16678],[-97.87389,31.16746],[-97.87325,31.16806],[-97.87157,31.16893],[-97.87091,31.16946],[-97.87089,31.16994],[-97.87029,31.17046],[-97.86934,31.17069],[-97.86882,31.17109],[-97.86562,31.17246],[-97.86487,31.17259],[-97.86348,31.17355],[-97.86254,31.17201],[-97.86183,31.17197],[-97.8611,31.17131],[-97.86053,31.17122],[-97.85953,31.17203],[-97.85977,31.17143],[-97.86045,31.17105],[-97.8604,31.17045],[-97.86077,31.16992],[-97.86154,31.16978],[-97.86231,31.16931],[-97.86206,31.16876],[-97.86162,31.16888],[-97.86123,31.16865],[-97.86175,31.16682],[-97.86145,31.16623],[-97.86219,31.16518],[-97.86317,31.16476],[-97.86297,31.16407],[-97.86199,31.16293],[-97.86193,31.16236],[-97.86231,31.1615],[-97.86282,31.16127],[-97.86279,31.16089],[-97.86151,31.16039],[-97.86076,31.15944],[-97.8627,31.15922],[-97.86344,31.15864],[-97.86348,31.15835],[-97.86394,31.15837],[-97.86415,31.15817],[-97.86459,31.1566],[-97.86432,31.15628],[-97.86424,31.15526],[-97.86461,31.15507],[-97.8648,31.15462],[-97.86501,31.15263],[-97.86586,31.15066],[-97.86645,31.1506],[-97.86701,31.15023],[-97.86668,31.1485],[-97.86691,31.14786],[-97.86798,31.14789],[-97.86822,31.14812],[-97.86847,31.14793],[-97.86847,31.14625],[-97.86963,31.14474],[-97.87,31.14451],[-97.87259,31.14415],[-97.87321,31.14328],[-97.87274,31.14297],[-97.8728,31.14259],[-97.87461,31.14144],[-97.87442,31.14022],[-97.874,31.13972],[-97.87398,31.1387],[-97.87411,31.13745],[-97.87467,31.13609],[-97.87732,31.13343],[-97.87909,31.13107],[-97.88587,31.13293],[-97.88565,31.13349],[-97.88803,31.13415],[-97.88969,31.13421],[-97.89098,31.13349],[-97.89018,31.13295],[-97.89033,31.13214],[-97.8885,31.13153],[-97.88771,31.13019],[-97.88786,31.12918],[-97.88767,31.12865],[-97.88793,31.12754],[-97.88936,31.12729],[-97.88969,31.12647],[-97.89041,31.12651],[-97.89176,31.12589],[-97.89253,31.12612],[-97.89286,31.12542],[-97.89466,31.1253],[-97.89473,31.12499],[-97.89574,31.12415],[-97.89544,31.12316],[-97.89591,31.12215],[-97.89197,31.12097],[-97.89205,31.12076],[-97.88983,31.12048],[-97.88961,31.12005],[-97.89205,31.12001],[-97.8955,31.11961],[-97.89974,31.11836],[-97.89981,31.11881],[-97.9038,31.1199],[-97.90291,31.122],[-97.90439,31.12262],[-97.90342,31.12473],[-97.90755,31.12617],[-97.90941,31.12722],[-97.9143,31.13166],[-97.92269,31.13755],[-97.92284,31.1382],[-97.92368,31.1388],[-97.9214,31.14566],[-97.92115,31.14552],[-97.92025,31.14866],[-97.91557,31.14736],[-97.91542,31.14703],[-97.91475,31.14679],[-97.9137,31.14739],[-97.91213,31.14777],[-97.9113,31.14862],[-97.90988,31.14802],[-97.9094,31.14803],[-97.90724,31.14892],[-97.90586,31.14911],[-97.90529,31.14964],[-97.90785,31.15327],[-97.9093,31.15605],[-97.91043,31.15943],[-97.91099,31.16328],[-97.9107,31.17005],[-97.90986,31.17354],[-97.90574,31.18731],[-97.90385,31.20287],[-97.90412,31.20474],[-97.90478,31.20646],[-97.91026,31.21477],[-97.9115,31.21764],[-97.91201,31.21983],[-97.91213,31.22351],[-97.91143,31.23163],[-97.90905,31.23847],[-97.90868,31.24019],[-97.90884,31.24232],[-97.91011,31.24783],[-97.91005,31.25008],[-97.90426,31.26612],[-97.90368,31.2673],[-97.90281,31.26835],[-97.89885,31.27112],[-97.89498,31.27431],[-97.88914,31.27814],[-97.88402,31.2861],[-97.88377,31.2859],[-97.88382,31.28514],[-97.88329,31.28444],[-97.8831,31.28366],[-97.88267,31.28333],[-97.8822,31.28346],[-97.88078,31.28558],[-97.88076,31.28625],[-97.88147,31.28728],[-97.88147,31.28781],[-97.88107,31.28821],[-97.87917,31.28869],[-97.87715,31.28853],[-97.87662,31.28761],[-97.87753,31.28716],[-97.87762,31.28663],[-97.87612,31.28473],[-97.87536,31.2845]]]}},{"type":"Feature","properties":{"PRECINCT":"hamilton:1","COUNTY":"Hamilton"},"geometry":{"type":"Polygon","coordinates":[[[-98.17407,31.89614],[-98.17257,31.89392],[-98.16972,31.89127],[-98.16732,31.88996],[-98.16362,31.88889],[-98.16239,31.88819],[-98.1617,31.88702],[-98.16153,31.88411],[-98.16078,31.88327],[-98.1507,31.8806],[-98.14656,31.89095],[-98.14148,31.88935],[-98.1399,31.8921],[-98.13868,31.89276],[-98.13471,31.88719],[-98.12244,31.88326],[-98.1189,31.88261],[-98.11817,31.88214],[-98.11581,31.87893],[-98.11155,31.8761],[-98.10778,31.87516],[-98.10894,31.87045],[-98.1109,31.85412],[-98.11176,31.85072],[-98.11429,31.84392],[-98.1152,31.8397],[-98.1154,31.83622],[-98.11525,31.82443],[-98.11491,31.81612],[-98.11437,31.8161],[-98.11405,31.81585],[-98.10997,31.80986],[-98.10921,31.80823],[-98.10872,31.80527],[-98.10888,31.80095],[-98.10771,31.79246],[-98.10739,31.79094],[-98.10491,31.78526],[-98.10579,31.78196],[-98.11032,31.77661],[-98.11168,31.77558],[-98.12204,31.7696],[-98.12302,31.7694],[-98.12277,31.76577],[-98.1222,31.76235],[-98.11908,31.75404],[-98.11801,31.7494],[-98.11772,31.74638],[-98.1187,31.72153],[-98.11907,31.71807],[-98.11983,31.715],[-98.11773,31.71445],[-98.12037,31.7079],[-98.12119,31.70813],[-98.1227,31.70441],[-98.12376,31.70469],[-98.12748,31.69512],[-98.12838,31.69351],[-98.12874,31.6937],[-98.12908,31.69475],[-98.13644,31.69691],[-98.13608,31.69779],[-98.135,31.69743],[-98.13463,31.69837],[-98.13788,31.69934],[-98.13635,31.70307],[-98.13723,31.70357],[-98.14021,31.70303],[-98.14428,31.70144],[-98.14998,31.70304],[-98.15659,31.68558],[-98.16105,31.67459],[-98.16172,31.67368],[-98.16294,31.67303],[-98.165,31.67268],[-98.17894,31.67117],[-98.18973,31.6662],[-98.19461,31.66516],[-98.19542,31.6647],[-98.19625,31.6638],[-98.20261,31.64731],[-98.21085,31.64964],[-98.21314,31.64999],[-98.21386,31.65051],[-98.23154,31.65552],[-98.2234,31.67655],[-98.23685,31.68044],[-98.23735,31.68162],[-98.23859,31.68213],[-98.23594,31.68916],[-98.23626,31.69011],[-98.2364,31.69245],[-98.23418,31.69409],[-98.23332,31.6944],[-98.22906,31.69543],[-98.22472,31.69594],[-98.22288,31.701],[-98.22198,31.70237],[-98.22009,31.70709],[-98.22168,31.70877],[-98.22297,31.70953],[-98.23037,31.71179],[-98.23973,31.71799],[-98.25604,31.72619],[-98.26346,31.73015],[-98.26627,31.73213],[-98.27063,31.73432],[-98.27288,31.73494],[-98.27769,31.73539],[-98.27913,31.73591],[-98.28043,31.73696],[-98.28226,31.73973],[-98.28363,31.74064],[-98.31057,31.74836],[-98.31261,31.74948],[-98.31505,31.75125],[-98.31845,31.75237],[-98.3242,31.75375],[-98.32942,31.75293],[-98.32666,31.7541],[-98.3239,31.75575],[-98.25029,31.79385],[-98.15657,31.84171],[-98.1899,31.89044],[-98.18879,31.89042],[-98.18222,31.89659],[-98.18032,31.89616],[-98.17982,31.89624],[-98.1775,31.90226],[-98.17737,31.90269],[-98.1776,31.90368],[-98.17689,31.90532],[-98.17653,31.90392],[-98.17515,31.90162],[-98.17407,31.89614]]]}},{"type":"Feature","properties":{"PRECINCT":"hamilton:12","COUNTY":"Hamilton"},"geometry":{"type":"Polygon","coordinates":[[[-97.99511,31.65012],[-97.98116,31.64613],[-97.98193,31.64343],[-97.98232,31.64335],[-97.98345,31.64366],[-97.98382,31.64339],[-97.99046,31.62649],[-97.99049,31.62532],[-97.9957,31.61197],[-97.97985,31.60758],[-97.97239,31.60962],[-97.96411,31.60722],[-97.9629,31.6079],[-97.95493,31.60574],[-97.95262,31.60188],[-97.94468,31.59968],[-97.94436,31.59985],[-97.94181,31.60618],[-97.93418,31.60401],[-97.93352,31.60543],[-97.93286,31.60563],[-97.92708,31.60387],[-97.92422,31.60533],[-97.91748,31.6035],[-97.90897,31.60492],[-97.90788,31.60576],[-97.90677,31.60741],[-97.9049,31.60803],[-97.90155,31.60856],[-97.89939,31.60822],[-97.89688,31.60882],[-97.89632,31.60837],[-97.89477,31.60872],[-97.89406,31.608],[-98.0194,31.54456],[-98.05185,31.52831],[-98.0511,31.53293],[-98.05029,31.5355],[-98.05077,31.53693],[-98.05177,31.53779],[-98.06999,31.54284],[-98.07147,31.54292],[-98.07637,31.54252],[-98.08298,31.54134],[-98.08433,31.54138],[-98.08616,31.54187],[-98.09064,31.54484],[-98.09095,31.54535],[-98.09119,31.54765],[-98.09312,31.55099],[-98.09569,31.55211],[-98.09774,31.55429],[-98.10236,31.55597],[-98.1055,31.55852],[-98.11018,31.55991],[-98.11076,31.56027],[-98.111,31.56094],[-98.11003,31.56379],[-98.10976,31.56872],[-98.10928,31.57202],[-98.10812,31.57548],[-98.10782,31.57709],[-98.10731,31.58328],[-98.10587,31.59305],[-98.10622,31.59471],[-98.1089,31.60267],[-98.10943,31.60344],[-98.10836,31.60337],[-98.10252,31.60171],[-98.09299,31.62661],[-98.09359,31.62857],[-98.09285,31.63023],[-98.09111,31.63046],[-98.09091,31.63066],[-98.08777,31.63884],[-98.08775,31.63919],[-98.08827,31.63961],[-98.08392,31.65095],[-98.06922,31.64674],[-98.06694,31.65215],[-98.06642,31.65217],[-98.06271,31.65114],[-98.06236,31.65128],[-98.05204,31.67801],[-98.05016,31.67708],[-98.03927,31.66885],[-98.0172,31.66435],[-98.01489,31.6636],[-97.99511,31.65012]]]}},{"type":"Feature","properties":{"PRECINCT":"hamilton:14","COUNTY":"Hamilton"},"geometry":{"type":"Polygon","coordinates":[[[-98.2234,31.67655],[-98.23154,31.65552],[-98.24945,31.65418],[-98.25085,31.65619],[-98.25277,31.65715],[-98.25346,31.65774],[-98.25365,31.65882],[-98.25678,31.66247],[-98.2571,31.66201],[-98.2577,31.65972],[-98.25958,31.65593],[-98.25967,31.65494],[-98.26621,31.63762],[-98.26937,31.63693],[-98.27853,31.63184],[-98.29038,31.63506],[-98.29282,31.63634],[-98.30542,31.63986],[-98.30592,31.64097],[-98.3055,31.64628],[-98.30714,31.65017],[-98.30998,31.65165],[-98.31896,31.6543],[-98.32029,31.65556],[-98.32059,31.6562],[-98.32059,31.65703],[-98.32871,31.65914],[-98.32939,31.65947],[-98.32965,31.66012],[-98.33089,31.65722],[-98.33276,31.65404],[-98.33364,31.65318],[-98.33531,31.65241],[-98.33679,31.65225],[-98.33961,31.65289],[-98.34099,31.6529],[-98.34214,31.65248],[-98.34282,31.65198],[-98.34665,31.64232],[-98.34945,31.63858],[-98.35128,31.63525],[-98.36833,31.63987],[-98.36761,31.64263],[-98.37626,31.64551],[-98.37793,31.64581],[-98.37837,31.64556],[-98.37889,31.64456],[-98.38472,31.64615],[-98.38529,31.645],[-98.3875,31.6456],[-98.38975,31.64095],[-98.39123,31.63693],[-98.39699,31.63856],[-98.39758,31.63754],[-98.39784,31.63749],[-98.40494,31.63948],[-98.40659,31.63964],[-98.40781,31.64001],[-98.41044,31.6329],[-98.41129,31.63155],[-98.41164,31.63027],[-98.41152,31.62915],[-98.41283,31.62568],[-98.42077,31.62786],[-98.42209,31.62738],[-98.46374,31.68399],[-98.37532,31.72963],[-98.32942,31.75293],[-98.3242,31.75375],[-98.31615,31.75171],[-98.31505,31.75125],[-98.31261,31.74948],[-98.31057,31.74836],[-98.28363,31.74064],[-98.28226,31.73973],[-98.28043,31.73696],[-98.27913,31.73591],[-98.27769,31.73539],[-98.27288,31.73494],[-98.27063,31.73432],[-98.26627,31.73213],[-98.26346,31.73015],[-98.25604,31.72619],[-98.23973,31.71799],[-98.23037,31.71179],[-98.22297,31.70953],[-98.22204,31.70904],[-98.22078,31.70791],[-98.22009,31.70709],[-98.22198,31.70237],[-98.22288,31.701],[-98.22472,31.69594],[-98.22906,31.69543],[-98.23332,31.6944],[-98.23418,31.69409],[-98.2364,31.69245],[-98.23626,31.69011],[-98.23594,31.68916],[-98.23859,31.68213],[-98.23735,31.68162],[-98.23685,31.68044],[-98.2234,31.67655]]]}},{"type":"Feature","properties":{"PRECINCT":"hamilton:15","COUNTY":"Hamilton"},"geometry":{"type":"Polygon","coordinates":[[[-98.10247,31.90455],[-98.10555,31.90302],[-98.10564,31.9027],[-98.10505,31.90145],[-98.10789,31.90002],[-98.10802,31.89976],[-98.11035,31.90063],[-98.11144,31.90189],[-98.11401,31.90269],[-98.11546,31.9023],[-98.11855,31.90074],[-98.11943,31.90067],[-98.12217,31.90122],[-98.12531,31.90068],[-98.12748,31.89977],[-98.12963,31.89846],[-98.13124,31.89785],[-98.13063,31.89694],[-98.13069,31.89664],[-98.13968,31.89226],[-98.14132,31.8894],[-98.14656,31.89095],[-98.15081,31.88058],[-98.16104,31.88338],[-98.16153,31.88411],[-98.1617,31.88702],[-98.16239,31.88819],[-98.16325,31.88875],[-98.16659,31.88971],[-98.16854,31.89051],[-98.16972,31.89127],[-98.17191,31.89328],[-98.17324,31.89467],[-98.1741,31.8962],[-98.17515,31.90162],[-98.17653,31.90392],[-98.17689,31.90532],[-98.1776,31.90368],[-98.17737,31.90269],[-98.1775,31.90226],[-98.17982,31.89624],[-98.18032,31.89616],[-98.18222,31.89659],[-98.18879,31.89042],[-98.1899,31.89044],[-98.20839,31.91751],[-98.11768,31.96262],[-98.11786,31.96201],[-98.11663,31.95943],[-98.1153,31.95748],[-98.11373,31.95651],[-98.10555,31.94457],[-98.1007,31.9443],[-98.09342,31.93388],[-98.09817,31.93161],[-98.09931,31.92994],[-98.10014,31.92942],[-98.09672,31.92456],[-98.09795,31.92311],[-98.10152,31.92118],[-98.10098,31.91658],[-98.10276,31.91412],[-98.10182,31.91255],[-98.10186,31.91225],[-98.10545,31.91023],[-98.10222,31.90549],[-98.10208,31.905],[-98.10247,31.90455]]]}},{"type":"Feature","properties":{"PRECINCT":"hamilton:17","COUNTY":"Hamilton"},"geometry":{"type":"Polygon","coordinates":[[[-98.17949,31.5498],[-98.1787,31.54973],[-98.17224,31.54784],[-98.17091,31.54852],[-98.17014,31.54852],[-98.16852,31.54782],[-98.16773,31.54648],[-98.16235,31.54492],[-98.16143,31.54696],[-98.16113,31.54706],[-98.15992,31.54675],[-98.15879,31.54395],[-98.15193,31.53165],[-98.15114,31.5317],[-98.1414,31.52893],[-98.13729,31.53949],[-98.13743,31.54095],[-98.13631,31.54375],[-98.13577,31.54375],[-98.12342,31.54018],[-98.13435,31.51287],[-98.13533,31.512],[-98.13543,31.51015],[-98.13503,31.51037],[-98.13486,31.51211],[-98.13341,31.5124],[-98.13185,31.51353],[-98.13036,31.51335],[-98.129,31.51377],[-98.12878,31.51366],[-98.12868,31.51302],[-98.12777,31.51256],[-98.12673,31.51263],[-98.12556,31.51351],[-98.124,31.51372],[-98.12182,31.51326],[-98.12132,31.51267],[-98.11938,31.51242],[-98.11701,31.51117],[-98.1164,31.51118],[-98.11572,31.51169],[-98.11405,31.51212],[-98.11319,31.51285],[-98.11273,31.51293],[-98.11201,31.51262],[-98.11068,31.51245],[-98.111,31.51189],[-98.11135,31.5118],[-98.11349,31.51181],[-98.114,31.51151],[-98.11423,31.51102],[-98.11378,31.5103],[-98.11217,31.5095],[-98.11172,31.50845],[-98.11137,31.50603],[-98.11206,31.50538],[-98.11401,31.50431],[-98.11914,31.50305],[-98.11973,31.50249],[-98.12015,31.50096],[-98.12092,31.49981],[-98.12199,31.49898],[-98.12247,31.49818],[-98.12325,31.49793],[-98.12175,31.49621],[-98.12156,31.49525],[-98.12105,31.49452],[-98.1202,31.49411],[-98.12531,31.49168],[-98.24966,31.42811],[-98.25031,31.4274],[-98.25325,31.42579],[-98.27107,31.4164],[-98.31277,31.47419],[-98.30821,31.47445],[-98.28987,31.4774],[-98.29054,31.47903],[-98.29008,31.48076],[-98.29042,31.483],[-98.28897,31.48504],[-98.28868,31.48595],[-98.28777,31.49326],[-98.28748,31.49382],[-98.28703,31.49403],[-98.28749,31.49722],[-98.28525,31.50015],[-98.28541,31.50182],[-98.28512,31.50261],[-98.28466,31.50317],[-98.2834,31.50362],[-98.28318,31.50399],[-98.28231,31.50589],[-98.28211,31.50766],[-98.28142,31.50906],[-98.27818,31.50973],[-98.26017,31.51526],[-98.25912,31.51843],[-98.25922,31.52346],[-98.25863,31.52376],[-98.25744,31.52346],[-98.25677,31.52381],[-98.25532,31.52483],[-98.25402,31.52681],[-98.24947,31.52971],[-98.24696,31.5303],[-98.23728,31.53148],[-98.23627,31.53195],[-98.23485,31.53344],[-98.23377,31.5361],[-98.23346,31.53619],[-98.23054,31.53555],[-98.22964,31.53866],[-98.22997,31.54005],[-98.2298,31.54252],[-98.22769,31.54506],[-98.21687,31.54217],[-98.21741,31.53856],[-98.21708,31.5374],[-98.21662,31.53746],[-98.21456,31.53923],[-98.21392,31.53954],[-98.21366,31.54],[-98.21246,31.54013],[-98.21114,31.54129],[-98.20952,31.54088],[-98.2088,31.54105],[-98.20758,31.54097],[-98.20722,31.54074],[-98.20718,31.54091],[-98.20651,31.54085],[-98.20593,31.54037],[-98.20574,31.54052],[-98.2052,31.54019],[-98.20458,31.54072],[-98.20414,31.54031],[-98.20378,31.54069],[-98.20308,31.54011],[-98.20244,31.5401],[-98.20246,31.53963],[-98.20217,31.53937],[-98.20156,31.53936],[-98.19863,31.53786],[-98.19613,31.5373],[-98.19573,31.537],[-98.19568,31.53598],[-98.19475,31.53505],[-98.1924,31.53523],[-98.19201,31.53472],[-98.19153,31.5355],[-98.19069,31.53568],[-98.19036,31.53622],[-98.18893,31.53601],[-98.18676,31.5368],[-98.18676,31.53747],[-98.18577,31.53801],[-98.18527,31.53887],[-98.1855,31.5399],[-98.18526,31.54019],[-98.18466,31.54029],[-98.18367,31.53985],[-98.18353,31.5409],[-98.18401,31.54211],[-98.18324,31.54434],[-98.18254,31.54542],[-98.18257,31.54604],[-98.18191,31.54725],[-98.17949,31.5498]]]}},{"type":"Feature","properties":{"PRECINCT":"hamilton:22","COUNTY":"Hamilton"},"geometry":{"type":"Polygon","coordinates":[[[-98.05576,31.77038],[-98.05367,31.76672],[-98.05102,31.7649],[-98.04618,31.76217],[-98.04534,31.76045],[-98.04091,31.75516],[-98.04026,31.75465],[-98.03838,31.7539],[-98.03777,31.75336],[-98.03656,31.74915],[-98.0431,31.74609],[-98.0358,31.74136],[-98.03566,31.74073],[-98.0353,31.74049],[-98.03577,31.7397],[-98.03567,31.73878],[-98.03315,31.73763],[-98.03183,31.73669],[-98.03217,31.73635],[-98.03396,31.73666],[-98.03449,31.73632],[-98.03432,31.73583],[-98.03246,31.73514],[-98.03121,31.73517],[-98.02883,31.73545],[-98.02734,31.73602],[-98.02705,31.73583],[-98.02667,31.73474],[-98.02565,31.73464],[-98.02447,31.73483],[-98.02377,31.73423],[-98.02302,31.73442],[-98.02177,31.7357],[-98.01932,31.73596],[-98.019,31.73433],[-98.01793,31.73334],[-98.01638,31.73308],[-98.01489,31.73191],[-98.01488,31.73112],[-98.01316,31.73038],[-98.01195,31.73011],[-98.01151,31.72971],[-98.01153,31.72858],[-98.01084,31.72818],[-98.01059,31.7276],[-98.01085,31.72549],[-98.01171,31.72246],[-98.01363,31.71984],[-98.01536,31.71878],[-98.01641,31.71747],[-98.01767,31.71685],[-98.01865,31.71493],[-98.01864,31.71413],[-98.0178,31.71354],[-98.01694,31.71326],[-98.0175,31.71245],[-98.01735,31.71198],[-98.01597,31.71196],[-98.01502,31.71161],[-98.01442,31.71074],[-98.0138,31.71065],[-98.01221,31.70983],[-98.01176,31.70996],[-98.01162,31.71094],[-98.01121,31.71097],[-98.01072,31.71067],[-98.01108,31.70987],[-98.01101,31.70914],[-98.01047,31.70898],[-98.00861,31.70971],[-98.00774,31.71032],[-98.0074,31.71025],[-98.00704,31.70965],[-98.00662,31.70964],[-98.0049,31.71105],[-98.00281,31.71203],[-98.00335,31.7132],[-98.00272,31.71374],[-98.00216,31.71384],[-98.00048,31.71331],[-98.00074,31.71472],[-97.99959,31.71523],[-97.99657,31.71548],[-97.99556,31.71459],[-97.99477,31.71438],[-97.99461,31.7153],[-97.99416,31.71548],[-97.99213,31.71396],[-97.99141,31.71371],[-97.99077,31.71488],[-97.99037,31.71505],[-97.98974,31.71459],[-97.98928,31.71357],[-97.98845,31.71346],[-97.98749,31.71378],[-97.98694,31.71313],[-97.98723,31.71203],[-97.98705,31.71181],[-97.98377,31.71039],[-97.98158,31.71009],[-97.9812,31.7098],[-97.98047,31.70625],[-97.98117,31.70246],[-97.98204,31.70114],[-97.98235,31.70108],[-97.98288,31.7015],[-97.98294,31.7028],[-97.9834,31.70309],[-97.9838,31.70287],[-97.984,31.70194],[-97.98343,31.69804],[-97.98369,31.69778],[-97.98481,31.69799],[-97.98525,31.69737],[-97.98491,31.69664],[-97.98488,31.69579],[-97.98427,31.69501],[-97.98431,31.69442],[-97.97962,31.69265],[-97.98018,31.69079],[-97.9759,31.68949],[-97.97542,31.68962],[-97.96983,31.68934],[-97.96238,31.68764],[-97.96085,31.68777],[-97.96086,31.68749],[-97.96139,31.6871],[-97.9609,31.68652],[-97.9609,31.68617],[-97.96196,31.6844],[-97.96201,31.68356],[-97.96253,31.68324],[-97.9634,31.68407],[-97.96364,31.68406],[-97.96317,31.68339],[-97.96294,31.68248],[-97.96337,31.68172],[-97.96318,31.68107],[-97.96144,31.68057],[-97.96245,31.67965],[-97.96146,31.6785],[-97.96119,31.67768],[-97.96022,31.67748],[-97.95873,31.67792],[-97.95761,31.6775],[-97.95669,31.67759],[-97.95635,31.67668],[-97.95436,31.67612],[-97.95474,31.67504],[-97.95452,31.67482],[-97.95173,31.67509],[-97.95053,31.67475],[-97.94886,31.67511],[-97.94751,31.67584],[-97.94724,31.67569],[-97.94736,31.6751],[-97.94695,31.67491],[-97.94548,31.67632],[-97.94478,31.67633],[-97.9444,31.67606],[-97.94446,31.67542],[-97.94559,31.67481],[-97.94555,31.67392],[-97.94529,31.67356],[-97.94491,31.67351],[-97.94366,31.6747],[-97.94307,31.67459],[-97.94287,31.67432],[-97.94292,31.67381],[-97.9437,31.67319],[-97.94259,31.6724],[-97.94268,31.6717],[-97.94306,31.67168],[-97.94399,31.67288],[-97.94447,31.67279],[-97.9446,31.67199],[-97.94309,31.67006],[-97.94201,31.66924],[-97.9419,31.66814],[-97.9422,31.66563],[-97.94378,31.66411],[-97.94392,31.66317],[-97.94437,31.66271],[-97.94545,31.66221],[-97.94513,31.66119],[-97.94544,31.66065],[-97.9459,31.66024],[-97.94723,31.66069],[-97.94801,31.66027],[-97.94764,31.65894],[-97.94666,31.65829],[-97.94575,31.65828],[-97.94607,31.6578],[-97.94698,31.65783],[-97.94718,31.65764],[-97.94647,31.65655],[-97.9455,31.65639],[-97.94506,31.65603],[-97.94496,31.65569],[-97.94543,31.65512],[-97.94362,31.65421],[-97.94278,31.65401],[-97.94157,31.65254],[-97.94096,31.65225],[-97.9402,31.65235],[-97.94029,31.65347],[-97.93895,31.65347],[-97.93863,31.6527],[-97.93957,31.65188],[-97.93946,31.65142],[-97.93878,31.6514],[-97.93787,31.6525],[-97.93739,31.65273],[-97.93727,31.65245],[-97.93779,31.65126],[-97.93754,31.65086],[-97.93671,31.65107],[-97.93538,31.65194],[-97.93507,31.65186],[-97.93504,31.65143],[-97.93593,31.65019],[-97.93587,31.64979],[-97.93522,31.6499],[-97.93393,31.65064],[-97.93364,31.65065],[-97.93326,31.64998],[-97.93277,31.64994],[-97.93184,31.65098],[-97.93147,31.65111],[-97.93089,31.65042],[-97.92984,31.65073],[-97.92904,31.64981],[-97.92918,31.6494],[-97.93058,31.64901],[-97.93087,31.64864],[-97.93069,31.64833],[-97.92934,31.64831],[-97.92839,31.64797],[-97.92728,31.64871],[-97.92562,31.64898],[-97.9252,31.64802],[-97.92426,31.64812],[-97.92439,31.64765],[-97.92313,31.64573],[-97.92199,31.64613],[-97.92132,31.64611],[-97.91962,31.6452],[-97.91893,31.64425],[-97.91707,31.64411],[-97.91593,31.64047],[-97.91538,31.64024],[-97.91451,31.64033],[-97.91395,31.63992],[-97.91416,31.63948],[-97.91536,31.63952],[-97.91523,31.63893],[-97.91444,31.63864],[-97.91242,31.63887],[-97.91197,31.63699],[-97.91109,31.63691],[-97.9107,31.63599],[-97.91043,31.63591],[-97.91028,31.63658],[-97.91,31.63664],[-97.90911,31.63535],[-97.9092,31.63367],[-97.90898,31.63327],[-97.90743,31.63315],[-97.90631,31.6338],[-97.90501,31.63333],[-97.90344,31.63431],[-97.90265,31.63588],[-97.90157,31.63912],[-97.90201,31.64102],[-97.90093,31.64146],[-97.90083,31.64172],[-97.90116,31.64224],[-97.90206,31.64262],[-97.90249,31.64318],[-97.90198,31.64442],[-97.90342,31.64455],[-97.90362,31.64481],[-97.90333,31.64533],[-97.90188,31.6459],[-97.90199,31.64616],[-97.90326,31.64682],[-97.90327,31.64727],[-97.90246,31.64808],[-97.90378,31.64992],[-97.90365,31.65042],[-97.90217,31.65089],[-97.90179,31.65121],[-97.90185,31.65147],[-97.90248,31.65164],[-97.90274,31.6523],[-97.90147,31.65331],[-97.9009,31.6562],[-97.90018,31.65643],[-97.89844,31.65559],[-97.89791,31.65571],[-97.89755,31.65614],[-97.89778,31.65705],[-97.89701,31.65698],[-97.89598,31.65639],[-97.89454,31.6566],[-97.89327,31.65615],[-97.89201,31.65506],[-97.89251,31.65425],[-97.89241,31.65373],[-97.89274,31.65297],[-97.89254,31.65259],[-97.89108,31.65257],[-97.89082,31.65341],[-97.89042,31.65361],[-97.88973,31.65329],[-97.88913,31.65368],[-97.88871,31.65347],[-97.88853,31.65237],[-97.88884,31.65223],[-97.88954,31.65246],[-97.88969,31.65225],[-97.88846,31.65138],[-97.88791,31.65032],[-97.88667,31.64921],[-97.88533,31.64899],[-97.88532,31.64872],[-97.88657,31.64823],[-97.88673,31.64792],[-97.8863,31.64738],[-97.8851,31.64723],[-97.8856,31.64643],[-97.88497,31.64545],[-97.8852,31.6443],[-97.88321,31.64182],[-97.88242,31.64045],[-97.88259,31.63997],[-97.88301,31.63976],[-97.884,31.63995],[-97.88401,31.64139],[-97.88486,31.64215],[-97.88521,31.64144],[-97.88493,31.64049],[-97.88522,31.63976],[-97.88421,31.6395],[-97.88383,31.63896],[-97.88461,31.63849],[-97.88567,31.63858],[-97.8857,31.63641],[-97.88553,31.63583],[-97.88424,31.63558],[-97.88388,31.63512],[-97.88555,31.63416],[-97.88777,31.63208],[-97.89158,31.63024],[-97.8925,31.62839],[-97.89496,31.62802],[-97.89541,31.62685],[-97.89624,31.62632],[-97.89686,31.62508],[-97.89746,31.62499],[-97.89897,31.62527],[-97.89991,31.6248],[-97.90001,31.62355],[-97.89977,31.62318],[-97.89922,31.62307],[-97.89913,31.6228],[-97.89942,31.62257],[-97.90024,31.6227],[-97.90057,31.62232],[-97.8994,31.62164],[-97.89922,31.62103],[-97.90119,31.61921],[-97.90138,31.6178],[-97.90087,31.61717],[-97.90116,31.61585],[-97.89956,31.614],[-97.89929,31.61269],[-97.899,31.6125],[-97.89772,31.61243],[-97.89691,31.61167],[-97.8967,31.611],[-97.89743,31.6107],[-97.89738,31.6104],[-97.89687,31.61002],[-97.89618,31.6104],[-97.89589,31.61033],[-97.89586,31.60914],[-97.89674,31.60915],[-97.89697,31.60908],[-97.89688,31.60882],[-97.89939,31.60822],[-97.90155,31.60856],[-97.9049,31.60803],[-97.90677,31.60741],[-97.90788,31.60576],[-97.90897,31.60492],[-97.91748,31.6035],[-97.92422,31.60533],[-97.92708,31.60387],[-97.93286,31.60563],[-97.93352,31.60543],[-97.93418,31.60401],[-97.94181,31.60618],[-97.94436,31.59985],[-97.94468,31.59968],[-97.95262,31.60188],[-97.95493,31.60574],[-97.9629,31.6079],[-97.96411,31.60722],[-97.97239,31.60962],[-97.97985,31.60758],[-97.9957,31.61197],[-97.99049,31.62532],[-97.99046,31.62649],[-97.98382,31.64339],[-97.98345,31.64366],[-97.98232,31.64335],[-97.98193,31.64343],[-97.98116,31.64613],[-97.994,31.64968],[-97.99563,31.65036],[-98.01378,31.66299],[-98.01533,31.66378],[-98.0172,31.66435],[-98.03927,31.66885],[-98.05016,31.67708],[-98.05204,31.67801],[-98.06236,31.65128],[-98.06271,31.65114],[-98.06642,31.65217],[-98.06694,31.65215],[-98.06922,31.64674],[-98.08392,31.65095],[-98.08827,31.63961],[-98.08775,31.63919],[-98.08777,31.63884],[-98.09091,31.63066],[-98.09111,31.63046],[-98.09285,31.63023],[-98.09359,31.62857],[-98.09299,31.62661],[-98.10252,31.60171],[-98.10836,31.60337],[-98.10943,31.60344],[-98.11104,31.60439],[-98.11153,31.60535],[-98.11534,31.62039],[-98.11817,31.62954],[-98.11786,31.63111],[-98.11417,31.64037],[-98.1141,31.64168],[-98.11685,31.64596],[-98.11736,31.64938],[-98.11802,31.6509],[-98.11906,31.65206],[-98.12272,31.65525],[-98.12304,31.65596],[-98.11945,31.66548],[-98.11954,31.66964],[-98.12144,31.67637],[-98.11851,31.68374],[-98.10603,31.68002],[-98.10515,31.68177],[-98.10507,31.68339],[-98.10473,31.68365],[-98.10419,31.68357],[-98.10365,31.68381],[-98.10381,31.68476],[-98.10268,31.68656],[-98.10214,31.68732],[-98.10086,31.68805],[-98.1002,31.68907],[-98.10064,31.69079],[-98.09818,31.69237],[-98.09738,31.69379],[-98.10993,31.69978],[-98.12413,31.70374],[-98.12376,31.70469],[-98.1227,31.70441],[-98.12119,31.70813],[-98.12037,31.7079],[-98.11773,31.71445],[-98.11983,31.715],[-98.11907,31.71807],[-98.1187,31.72153],[-98.11772,31.74638],[-98.11801,31.7494],[-98.11908,31.75404],[-98.1222,31.76235],[-98.12277,31.76577],[-98.12302,31.7694],[-98.12204,31.7696],[-98.11168,31.77558],[-98.09523,31.77084],[-98.09389,31.7699],[-98.08939,31.76856],[-98.08402,31.7688],[-98.08258,31.76864],[-98.08064,31.76892],[-98.07479,31.772],[-98.07398,31.77183],[-98.07226,31.77202],[-98.06787,31.77032],[-98.06501,31.77784],[-98.05795,31.7725],[-98.05576,31.77038]]]}},{"type":"Feature","properties":{"PRECINCT":"hamilton:23","COUNTY":"Hamilton"},"geometry":{"type":"Polygon","coordinates":[[[-98.09738,31.69379],[-98.09818,31.69237],[-98.10064,31.69079],[-98.1002,31.68907],[-98.10086,31.68805],[-98.10214,31.68732],[-98.10268,31.68656],[-98.10381,31.68476],[-98.10365,31.68381],[-98.10419,31.68357],[-98.10473,31.68365],[-98.10507,31.68339],[-98.10515,31.68177],[-98.10603,31.68002],[-98.11851,31.68374],[-98.12144,31.67637],[-98.11954,31.66964],[-98.11945,31.66548],[-98.12304,31.65596],[-98.12272,31.65525],[-98.11906,31.65206],[-98.11802,31.6509],[-98.11736,31.64938],[-98.11685,31.64596],[-98.11446,31.64247],[-98.11404,31.64118],[-98.11417,31.64037],[-98.11801,31.63067],[-98.11809,31.62906],[-98.11534,31.62039],[-98.1114,31.60496],[-98.11104,31.60439],[-98.10943,31.60344],[-98.10904,31.60298],[-98.10586,31.59346],[-98.10731,31.58328],[-98.10782,31.57709],[-98.10812,31.57548],[-98.10928,31.57202],[-98.10976,31.56872],[-98.11003,31.56379],[-98.11096,31.56112],[-98.11092,31.56056],[-98.11018,31.55991],[-98.10509,31.55831],[-98.10236,31.55597],[-98.09774,31.55429],[-98.09569,31.55211],[-98.09312,31.55099],[-98.09119,31.54765],[-98.09095,31.54535],[-98.09064,31.54484],[-98.08616,31.54187],[-98.08433,31.54138],[-98.08298,31.54134],[-98.07637,31.54252],[-98.07147,31.54292],[-98.06999,31.54284],[-98.05177,31.53779],[-98.05077,31.53693],[-98.05029,31.5355],[-98.0511,31.53293],[-98.05185,31.52831],[-98.1202,31.49411],[-98.12105,31.49452],[-98.12156,31.49525],[-98.12175,31.49621],[-98.12325,31.49793],[-98.12247,31.49818],[-98.12199,31.49898],[-98.12092,31.49981],[-98.12015,31.50096],[-98.11973,31.50249],[-98.11914,31.50305],[-98.11401,31.50431],[-98.11206,31.50538],[-98.11137,31.50603],[-98.11172,31.50845],[-98.11217,31.5095],[-98.11378,31.5103],[-98.11423,31.51102],[-98.114,31.51151],[-98.11349,31.51181],[-98.11135,31.5118],[-98.111,31.51189],[-98.11068,31.51245],[-98.11303,31.51292],[-98.11405,31.51212],[-98.11572,31.51169],[-98.1164,31.51118],[-98.11701,31.51117],[-98.11938,31.51242],[-98.12142,31.5127],[-98.12164,31.51319],[-98.12242,31.51328],[-98.12259,31.51349],[-98.12412,31.51373],[-98.12452,31.51352],[-98.12556,31.51351],[-98.12673,31.51263],[-98.12777,31.51256],[-98.12868,31.51302],[-98.12878,31.51366],[-98.12927,31.51379],[-98.13036,31.51335],[-98.13185,31.51353],[-98.13341,31.5124],[-98.13477,31.51218],[-98.13503,31.51168],[-98.13503,31.51037],[-98.13543,31.51015],[-98.13533,31.512],[-98.13452,31.51253],[-98.13298,31.51612],[-98.12348,31.53993],[-98.12342,31.54018],[-98.12387,31.54033],[-98.13577,31.54375],[-98.13631,31.54375],[-98.13743,31.54095],[-98.13729,31.53949],[-98.1414,31.52893],[-98.15114,31.5317],[-98.15193,31.53165],[-98.15879,31.54395],[-98.15992,31.54675],[-98.16113,31.54706],[-98.16143,31.54696],[-98.16235,31.54492],[-98.16773,31.54648],[-98.16852,31.54782],[-98.17014,31.54852],[-98.17091,31.54852],[-98.17224,31.54784],[-98.1787,31.54973],[-98.17949,31.5498],[-98.18191,31.54725],[-98.18257,31.54604],[-98.18254,31.54542],[-98.18324,31.54434],[-98.18401,31.54211],[-98.18353,31.5409],[-98.18367,31.53985],[-98.18466,31.54029],[-98.18526,31.54019],[-98.1855,31.5399],[-98.18527,31.53887],[-98.18577,31.53801],[-98.18676,31.53747],[-98.18676,31.5368],[-98.18893,31.53601],[-98.19036,31.53622],[-98.19069,31.53568],[-98.19153,31.5355],[-98.19201,31.53472],[-98.1924,31.53523],[-98.19475,31.53505],[-98.19568,31.53598],[-98.19573,31.537],[-98.19613,31.5373],[-98.19863,31.53786],[-98.20156,31.53936],[-98.20217,31.53937],[-98.20246,31.53963],[-98.20244,31.5401],[-98.20308,31.54011],[-98.20378,31.54069],[-98.20414,31.54031],[-98.20458,31.54072],[-98.2052,31.54019],[-98.20574,31.54052],[-98.20593,31.54037],[-98.20651,31.54085],[-98.20718,31.54091],[-98.20722,31.54074],[-98.20758,31.54097],[-98.2088,31.54105],[-98.20952,31.54088],[-98.21114,31.54129],[-98.21246,31.54013],[-98.21366,31.54],[-98.21392,31.53954],[-98.21456,31.53923],[-98.21662,31.53746],[-98.21708,31.5374],[-98.21741,31.53856],[-98.21687,31.54217],[-98.22752,31.54514],[-98.2298,31.54252],[-98.22997,31.54005],[-98.22964,31.53866],[-98.23054,31.53555],[-98.23346,31.53619],[-98.23377,31.5361],[-98.23485,31.53344],[-98.23627,31.53195],[-98.23728,31.53148],[-98.24061,31.5324],[-98.24065,31.53277],[-98.23924,31.53622],[-98.23956,31.53826],[-98.24902,31.54074],[-98.24892,31.5446],[-98.25197,31.54583],[-98.25149,31.54697],[-98.244,31.5565],[-98.24117,31.56124],[-98.23784,31.56753],[-98.2272,31.56464],[-98.2258,31.56939],[-98.22353,31.57392],[-98.22297,31.57457],[-98.22121,31.57407],[-98.21989,31.57406],[-98.21808,31.57493],[-98.21758,31.57603],[-98.21571,31.57552],[-98.21298,31.57576],[-98.21148,31.57697],[-98.21025,31.57862],[-98.20941,31.5787],[-98.2074,31.57959],[-98.20472,31.58031],[-98.20341,31.58179],[-98.20297,31.58126],[-98.20125,31.58136],[-98.20039,31.58108],[-98.19971,31.58151],[-98.20005,31.58179],[-98.19955,31.5824],[-98.19847,31.58289],[-98.19638,31.58331],[-98.18315,31.61704],[-98.18156,31.61794],[-98.18167,31.61826],[-98.18258,31.61866],[-98.18269,31.61894],[-98.18526,31.61801],[-98.18664,31.61859],[-98.18746,31.6183],[-98.18837,31.61882],[-98.18904,31.61879],[-98.19,31.62005],[-98.19003,31.6207],[-98.18954,31.62142],[-98.19077,31.62142],[-98.1915,31.62174],[-98.19154,31.622],[-98.19066,31.62254],[-98.19042,31.62319],[-98.1914,31.6236],[-98.1915,31.62424],[-98.19108,31.625],[-98.19259,31.62691],[-98.19371,31.62759],[-98.19611,31.62706],[-98.1976,31.62727],[-98.19798,31.62768],[-98.19699,31.63018],[-98.19706,31.63089],[-98.19827,31.63078],[-98.19908,31.631],[-98.19961,31.62991],[-98.20154,31.62976],[-98.20188,31.62997],[-98.20188,31.63048],[-98.20216,31.6306],[-98.2025,31.63156],[-98.20389,31.63295],[-98.20448,31.63522],[-98.20518,31.63654],[-98.20754,31.63768],[-98.20775,31.63749],[-98.20775,31.63673],[-98.20811,31.63661],[-98.20891,31.63679],[-98.20871,31.63742],[-98.20889,31.63763],[-98.21033,31.63743],[-98.2107,31.63715],[-98.21157,31.63728],[-98.21183,31.63764],[-98.21131,31.63849],[-98.21062,31.63813],[-98.20996,31.63874],[-98.20944,31.63883],[-98.20951,31.63919],[-98.20658,31.63985],[-98.20559,31.64039],[-98.20498,31.64114],[-98.19721,31.66138],[-98.19625,31.6638],[-98.19584,31.66428],[-98.19461,31.66516],[-98.18973,31.6662],[-98.17894,31.67117],[-98.165,31.67268],[-98.16294,31.67303],[-98.16172,31.67368],[-98.16105,31.67459],[-98.15659,31.68558],[-98.14998,31.70304],[-98.14428,31.70144],[-98.14021,31.70303],[-98.13723,31.70357],[-98.13635,31.70307],[-98.13788,31.69934],[-98.13463,31.69837],[-98.135,31.69743],[-98.13608,31.69779],[-98.13644,31.69691],[-98.12908,31.69475],[-98.12874,31.6937],[-98.12838,31.69351],[-98.12748,31.69512],[-98.12413,31.70374],[-98.10993,31.69978],[-98.09738,31.69379]]]}},{"type":"Feature","properties":{"PRECINCT":"hamilton:4","COUNTY":"Hamilton"},"geometry":{"type":"Polygon","coordinates":[[[-97.81218,31.73863],[-97.76643,31.67246],[-97.86611,31.6219],[-97.8753,31.6175],[-97.89406,31.608],[-97.89477,31.60872],[-97.89632,31.60837],[-97.89682,31.60873],[-97.89697,31.60908],[-97.89575,31.60924],[-97.89589,31.61033],[-97.8971,31.61009],[-97.89743,31.6107],[-97.8967,31.611],[-97.89691,31.61167],[-97.89772,31.61243],[-97.899,31.6125],[-97.89929,31.61269],[-97.89956,31.614],[-97.90116,31.61585],[-97.90087,31.61717],[-97.90138,31.6178],[-97.90119,31.61921],[-97.89922,31.62103],[-97.8994,31.62164],[-97.90057,31.62232],[-97.90024,31.6227],[-97.89942,31.62257],[-97.89913,31.6228],[-97.89922,31.62307],[-97.89977,31.62318],[-97.90001,31.62355],[-97.89991,31.6248],[-97.89897,31.62527],[-97.89746,31.62499],[-97.89686,31.62508],[-97.89624,31.62632],[-97.89541,31.62685],[-97.89496,31.62802],[-97.8925,31.62839],[-97.89158,31.63024],[-97.88777,31.63208],[-97.88555,31.63416],[-97.88388,31.63512],[-97.88424,31.63558],[-97.88553,31.63583],[-97.8857,31.63641],[-97.88567,31.63858],[-97.88461,31.63849],[-97.88383,31.63896],[-97.88421,31.6395],[-97.88522,31.63976],[-97.88493,31.64049],[-97.88521,31.64144],[-97.88486,31.64215],[-97.88401,31.64139],[-97.88411,31.6401],[-97.8838,31.63982],[-97.8827,31.63987],[-97.88243,31.64073],[-97.8852,31.6443],[-97.88497,31.64545],[-97.8856,31.64643],[-97.8851,31.64723],[-97.8863,31.64738],[-97.88673,31.64792],[-97.88657,31.64823],[-97.88532,31.64872],[-97.88533,31.64899],[-97.88667,31.64921],[-97.88791,31.65032],[-97.88846,31.65138],[-97.88969,31.65225],[-97.88954,31.65246],[-97.88884,31.65223],[-97.88853,31.65237],[-97.88871,31.65347],[-97.88913,31.65368],[-97.88973,31.65329],[-97.89042,31.65361],[-97.89082,31.65341],[-97.89108,31.65257],[-97.89254,31.65259],[-97.89274,31.65297],[-97.89241,31.65373],[-97.89251,31.65425],[-97.89201,31.65506],[-97.89327,31.65615],[-97.89454,31.6566],[-97.89598,31.65639],[-97.89701,31.65698],[-97.89778,31.65705],[-97.89755,31.65614],[-97.89791,31.65571],[-97.89844,31.65559],[-97.90018,31.65643],[-97.9009,31.6562],[-97.90147,31.65331],[-97.90274,31.6523],[-97.90248,31.65164],[-97.90185,31.65147],[-97.90179,31.65121],[-97.90377,31.65027],[-97.90366,31.64965],[-97.90246,31.64808],[-97.90327,31.64727],[-97.90326,31.64682],[-97.90199,31.64616],[-97.90188,31.6459],[-97.90333,31.64533],[-97.90362,31.64481],[-97.90342,31.64455],[-97.90198,31.64442],[-97.90249,31.64318],[-97.90206,31.64262],[-97.90116,31.64224],[-97.90083,31.64172],[-97.90093,31.64146],[-97.90201,31.64102],[-97.90153,31.63951],[-97.90208,31.63745],[-97.90298,31.63511],[-97.90344,31.63431],[-97.90423,31.63367],[-97.90501,31.63333],[-97.90631,31.6338],[-97.90743,31.63315],[-97.90898,31.63327],[-97.9092,31.63367],[-97.90911,31.63535],[-97.91,31.63664],[-97.91028,31.63658],[-97.91043,31.63591],[-97.9107,31.63599],[-97.91109,31.63691],[-97.91197,31.63699],[-97.91242,31.63887],[-97.91444,31.63864],[-97.91539,31.63912],[-97.91536,31.63952],[-97.91416,31.63948],[-97.91395,31.63992],[-97.91451,31.64033],[-97.91538,31.64024],[-97.91593,31.64047],[-97.91707,31.64411],[-97.91893,31.64425],[-97.91962,31.6452],[-97.92132,31.64611],[-97.92199,31.64613],[-97.92313,31.64573],[-97.92439,31.64765],[-97.92426,31.64812],[-97.9252,31.64802],[-97.92562,31.64898],[-97.92728,31.64871],[-97.92839,31.64797],[-97.92934,31.64831],[-97.93069,31.64833],[-97.93087,31.64864],[-97.93058,31.64901],[-97.92918,31.6494],[-97.92904,31.64981],[-97.92984,31.65073],[-97.93089,31.65042],[-97.93147,31.65111],[-97.93184,31.65098],[-97.93277,31.64994],[-97.93326,31.64998],[-97.93364,31.65065],[-97.93393,31.65064],[-97.93522,31.6499],[-97.93587,31.64979],[-97.93593,31.65019],[-97.93504,31.65143],[-97.93507,31.65186],[-97.93538,31.65194],[-97.93671,31.65107],[-97.93754,31.65086],[-97.93779,31.65126],[-97.93727,31.65245],[-97.93739,31.65273],[-97.93787,31.6525],[-97.93878,31.6514],[-97.93946,31.65142],[-97.93957,31.65188],[-97.93863,31.6527],[-97.93895,31.65347],[-97.94029,31.65347],[-97.9402,31.65235],[-97.94096,31.65225],[-97.94157,31.65254],[-97.94278,31.65401],[-97.94362,31.65421],[-97.94543,31.65512],[-97.94496,31.65569],[-97.94506,31.65603],[-97.9455,31.65639],[-97.94647,31.65655],[-97.94718,31.65764],[-97.94698,31.65783],[-97.94607,31.6578],[-97.94575,31.65828],[-97.94666,31.65829],[-97.94764,31.65894],[-97.94801,31.66027],[-97.94723,31.66069],[-97.9459,31.66024],[-97.94544,31.66065],[-97.94513,31.66119],[-97.94545,31.66221],[-97.94437,31.66271],[-97.94392,31.66317],[-97.94378,31.66411],[-97.9422,31.66563],[-97.9419,31.66814],[-97.94201,31.66924],[-97.94309,31.67006],[-97.9446,31.67199],[-97.94447,31.67279],[-97.94399,31.67288],[-97.94306,31.67168],[-97.94268,31.6717],[-97.94259,31.6724],[-97.9437,31.67319],[-97.94292,31.67381],[-97.94287,31.67432],[-97.94307,31.67459],[-97.94366,31.6747],[-97.94491,31.67351],[-97.94529,31.67356],[-97.94555,31.67392],[-97.94559,31.67481],[-97.94463,31.67526],[-97.94427,31.67574],[-97.94457,31.67621],[-97.94548,31.67632],[-97.94695,31.67491],[-97.94736,31.6751],[-97.94724,31.67569],[-97.94751,31.67584],[-97.94886,31.67511],[-97.95053,31.67475],[-97.95173,31.67509],[-97.95452,31.67482],[-97.95474,31.67504],[-97.95436,31.67612],[-97.95635,31.67668],[-97.95669,31.67759],[-97.95761,31.6775],[-97.95873,31.67792],[-97.96022,31.67748],[-97.96119,31.67768],[-97.96146,31.6785],[-97.96245,31.67965],[-97.96144,31.68057],[-97.96304,31.68093],[-97.96335,31.68143],[-97.96294,31.68248],[-97.96317,31.68339],[-97.96364,31.68406],[-97.9634,31.68407],[-97.96253,31.68324],[-97.96201,31.68356],[-97.96196,31.6844],[-97.9609,31.68617],[-97.9609,31.68652],[-97.96139,31.6871],[-97.96086,31.68749],[-97.96085,31.68777],[-97.95809,31.68829],[-97.95539,31.68985],[-97.9532,31.69055],[-97.95036,31.69221],[-97.94943,31.69251],[-97.94497,31.69153],[-97.94187,31.69185],[-97.9403,31.68844],[-97.93736,31.6834],[-97.90957,31.69745],[-97.90909,31.69993],[-97.90962,31.7009],[-97.89223,31.69605],[-97.89056,31.69659],[-97.8886,31.69652],[-97.88804,31.69673],[-97.88281,31.69938],[-97.88264,31.70118],[-97.88228,31.70204],[-97.85348,31.71685],[-97.84769,31.72016],[-97.8329,31.72806],[-97.83142,31.72926],[-97.82671,31.73124],[-97.81218,31.73863]]]}},{"type":"Feature","properties":{"PRECINCT":"hamilton:5","COUNTY":"Hamilton"},"geometry":{"type":"Polygon","coordinates":[[[-97.85275,31.79724],[-97.81218,31.73863],[-97.82671,31.73124],[-97.83142,31.72926],[-97.8329,31.72806],[-97.84769,31.72016],[-97.85348,31.71685],[-97.88228,31.70204],[-97.88264,31.70118],[-97.88281,31.69938],[-97.8886,31.69652],[-97.89056,31.69659],[-97.89223,31.69605],[-97.90962,31.7009],[-97.90909,31.69993],[-97.90957,31.69745],[-97.93736,31.6834],[-97.9403,31.68844],[-97.94155,31.69144],[-97.94201,31.6919],[-97.94497,31.69153],[-97.94971,31.69247],[-97.9532,31.69055],[-97.95539,31.68985],[-97.95809,31.68829],[-97.96119,31.68773],[-97.96238,31.68764],[-97.96983,31.68934],[-97.97542,31.68962],[-97.9759,31.68949],[-97.98018,31.69079],[-97.97962,31.69265],[-97.98431,31.69442],[-97.98434,31.69518],[-97.98488,31.69579],[-97.98525,31.69762],[-97.98481,31.69799],[-97.98369,31.69778],[-97.98343,31.69804],[-97.984,31.70194],[-97.9838,31.70287],[-97.9834,31.70309],[-97.98294,31.7028],[-97.98288,31.7015],[-97.98235,31.70108],[-97.98204,31.70114],[-97.98117,31.70246],[-97.98047,31.70625],[-97.98136,31.71001],[-97.98377,31.71039],[-97.98705,31.71181],[-97.98723,31.71203],[-97.98695,31.71288],[-97.98705,31.71344],[-97.98749,31.71378],[-97.98845,31.71346],[-97.98928,31.71357],[-97.98974,31.71459],[-97.99025,31.71502],[-97.99077,31.71488],[-97.99123,31.71381],[-97.9917,31.71374],[-97.99416,31.71548],[-97.99461,31.7153],[-97.99477,31.71438],[-97.99556,31.71459],[-97.99686,31.71553],[-98.00024,31.71507],[-98.00083,31.71445],[-98.00048,31.71331],[-98.00216,31.71384],[-98.00272,31.71374],[-98.00335,31.7132],[-98.00281,31.71203],[-98.0049,31.71105],[-98.00662,31.70964],[-98.00704,31.70965],[-98.0074,31.71025],[-98.00774,31.71032],[-98.00861,31.70971],[-98.01047,31.70898],[-98.01101,31.70914],[-98.01108,31.70987],[-98.01072,31.71067],[-98.01121,31.71097],[-98.01162,31.71094],[-98.01176,31.70996],[-98.01221,31.70983],[-98.0138,31.71065],[-98.01442,31.71074],[-98.01502,31.71161],[-98.01597,31.71196],[-98.01725,31.71193],[-98.0175,31.71245],[-98.01694,31.71326],[-98.0178,31.71354],[-98.01864,31.71413],[-98.01865,31.71493],[-98.01767,31.71685],[-98.01641,31.71747],[-98.01536,31.71878],[-98.01363,31.71984],[-98.01171,31.72246],[-98.01085,31.72549],[-98.01059,31.7276],[-98.01084,31.72818],[-98.01153,31.72858],[-98.0117,31.72999],[-98.01488,31.73112],[-98.01489,31.73191],[-98.01638,31.73308],[-98.01793,31.73334],[-98.019,31.73433],[-98.01932,31.73596],[-98.02177,31.7357],[-98.02302,31.73442],[-98.02377,31.73423],[-98.02447,31.73483],[-98.02565,31.73464],[-98.02667,31.73474],[-98.02705,31.73583],[-98.02734,31.73602],[-98.02883,31.73545],[-98.03246,31.73514],[-98.03416,31.73572],[-98.03448,31.73604],[-98.03449,31.73632],[-98.03396,31.73666],[-98.03217,31.73635],[-98.03183,31.73669],[-98.03315,31.73763],[-98.03567,31.73878],[-98.03577,31.7397],[-98.0353,31.74049],[-98.03484,31.74033],[-98.03395,31.74154],[-98.03247,31.74254],[-98.03114,31.74229],[-98.0275,31.74294],[-98.02576,31.7426],[-98.02206,31.74429],[-98.01758,31.74951],[-98.00948,31.75414],[-98.00647,31.76167],[-98.00572,31.76168],[-97.99696,31.75924],[-97.99648,31.75946],[-97.99502,31.7635],[-97.99497,31.76468],[-97.99407,31.76586],[-97.99287,31.76694],[-97.99291,31.76895],[-97.99225,31.77039],[-97.98266,31.76773],[-97.9685,31.77493],[-97.96613,31.77156],[-97.96447,31.77286],[-97.96416,31.77359],[-97.96238,31.77567],[-97.96134,31.77631],[-97.95821,31.77963],[-97.95807,31.78147],[-97.94709,31.78701],[-97.94638,31.78818],[-97.94656,31.78944],[-97.94588,31.78996],[-97.93912,31.79061],[-97.93818,31.7904],[-97.93659,31.7905],[-97.93414,31.79157],[-97.93249,31.79126],[-97.93158,31.79096],[-97.92857,31.78759],[-97.9254,31.78923],[-97.92487,31.78914],[-97.92256,31.78576],[-97.92196,31.78551],[-97.91934,31.78566],[-97.9188,31.78549],[-97.91654,31.78261],[-97.9119,31.78475],[-97.90893,31.78484],[-97.90323,31.78752],[-97.90087,31.78583],[-97.89879,31.78485],[-97.89125,31.78192],[-97.89068,31.78188],[-97.88828,31.7825],[-97.88689,31.78256],[-97.88385,31.78077],[-97.88221,31.78024],[-97.8812,31.78049],[-97.88018,31.78159],[-97.87815,31.78269],[-97.8769,31.78293],[-97.8762,31.7837],[-97.87505,31.78434],[-97.85644,31.79424],[-97.85622,31.79448],[-97.85618,31.79539],[-97.85524,31.79483],[-97.85439,31.79606],[-97.85438,31.79662],[-97.85275,31.79724]]]}},{"type":"Feature","properties":{"PRECINCT":"hamilton:7","COUNTY":"Hamilton"},"geometry":{"type":"Polygon","coordinates":[[[-97.92216,31.89728],[-97.91683,31.88997],[-97.90686,31.87515],[-97.85275,31.79724],[-97.85441,31.79659],[-97.85439,31.79606],[-97.85524,31.79483],[-97.85618,31.79539],[-97.85622,31.79448],[-97.85644,31.79424],[-97.87505,31.78434],[-97.8762,31.7837],[-97.8769,31.78293],[-97.87815,31.78269],[-97.88018,31.78159],[-97.8812,31.78049],[-97.88221,31.78024],[-97.88385,31.78077],[-97.88689,31.78256],[-97.88828,31.7825],[-97.89068,31.78188],[-97.89125,31.78192],[-97.89879,31.78485],[-97.90087,31.78583],[-97.90323,31.78752],[-97.90893,31.78484],[-97.9119,31.78475],[-97.91654,31.78261],[-97.9188,31.78549],[-97.91934,31.78566],[-97.92196,31.78551],[-97.92256,31.78576],[-97.92487,31.78914],[-97.9254,31.78923],[-97.92857,31.78759],[-97.93158,31.79096],[-97.93249,31.79126],[-97.93414,31.79157],[-97.93659,31.7905],[-97.93818,31.7904],[-97.93912,31.79061],[-97.94588,31.78996],[-97.94656,31.78944],[-97.94638,31.78818],[-97.94709,31.78701],[-97.95807,31.78147],[-97.95821,31.77963],[-97.96134,31.77631],[-97.96238,31.77567],[-97.96416,31.77359],[-97.96447,31.77286],[-97.96613,31.77156],[-97.9685,31.77493],[-97.98266,31.76773],[-97.99225,31.77039],[-97.99291,31.76895],[-97.99287,31.76694],[-97.99407,31.76586],[-97.99497,31.76468],[-97.99502,31.7635],[-97.99648,31.75946],[-97.99696,31.75924],[-98.00631,31.76175],[-98.00948,31.75414],[-98.01758,31.74951],[-98.02206,31.74429],[-98.02576,31.7426],[-98.0275,31.74294],[-98.03114,31.74229],[-98.03247,31.74254],[-98.03395,31.74154],[-98.03484,31.74033],[-98.03566,31.74073],[-98.0358,31.74136],[-98.0431,31.74609],[-98.03656,31.74915],[-98.03777,31.75336],[-98.03838,31.7539],[-98.04026,31.75465],[-98.04091,31.75516],[-98.04534,31.76045],[-98.04618,31.76217],[-98.05102,31.7649],[-98.05367,31.76672],[-98.05481,31.76901],[-98.05637,31.77112],[-98.0601,31.77422],[-98.06501,31.77784],[-98.06787,31.77032],[-98.07226,31.77202],[-98.07398,31.77183],[-98.07479,31.772],[-98.08064,31.76892],[-98.08258,31.76864],[-98.08402,31.7688],[-98.08939,31.76856],[-98.09389,31.7699],[-98.09523,31.77084],[-98.11168,31.77558],[-98.11032,31.77661],[-98.10579,31.78196],[-98.10491,31.78526],[-98.10739,31.79094],[-98.10771,31.79246],[-98.10888,31.80095],[-98.10872,31.80527],[-98.10921,31.80823],[-98.10997,31.80986],[-98.11405,31.81585],[-98.11437,31.8161],[-98.11491,31.81612],[-98.11525,31.82443],[-98.1154,31.83622],[-98.1152,31.8397],[-98.11429,31.84392],[-98.11176,31.85072],[-98.1109,31.85412],[-98.10894,31.87045],[-98.10778,31.87516],[-98.11155,31.8761],[-98.11581,31.87893],[-98.11817,31.88214],[-98.1189,31.88261],[-98.12244,31.88326],[-98.13471,31.88719],[-98.13868,31.89276],[-98.13069,31.89664],[-98.13063,31.89694],[-98.13124,31.89785],[-98.12963,31.89846],[-98.12748,31.89977],[-98.12531,31.90068],[-98.12217,31.90122],[-98.11943,31.90067],[-98.11855,31.90074],[-98.11546,31.9023],[-98.11401,31.90269],[-98.11144,31.90189],[-98.11035,31.90063],[-98.10802,31.89976],[-98.10789,31.90002],[-98.10505,31.90145],[-98.10564,31.9027],[-98.10555,31.90302],[-98.10247,31.90455],[-98.10208,31.905],[-98.10222,31.90549],[-98.10545,31.91023],[-98.10186,31.91225],[-98.10182,31.91255],[-98.10276,31.91412],[-98.10098,31.91658],[-98.10152,31.92118],[-98.09795,31.92311],[-98.09672,31.92456],[-98.10014,31.92942],[-98.09931,31.92994],[-98.09817,31.93161],[-98.09342,31.93388],[-98.1007,31.9443],[-98.10555,31.94457],[-98.11373,31.95651],[-98.1153,31.95748],[-98.11663,31.95943],[-98.11786,31.96201],[-98.11768,31.96262],[-98.04198,32.00004],[-98.04141,32.00015],[-98.02553,32.0078],[-98.00546,32.0179],[-98.00037,32.01114],[-97.95233,31.94086],[-97.92216,31.89728]]]}},{"type":"Feature","properties":{"PRECINCT":"hamilton:9","COUNTY":"Hamilton"},"geometry":{"type":"Polygon","coordinates":[[[-98.24953,31.65421],[-98.23154,31.65552],[-98.21386,31.65051],[-98.21314,31.64999],[-98.21085,31.64964],[-98.20261,31.64731],[-98.20521,31.64077],[-98.20658,31.63985],[-98.20951,31.63919],[-98.20944,31.63883],[-98.20996,31.63874],[-98.21062,31.63813],[-98.21131,31.63849],[-98.21179,31.6375],[-98.21157,31.63728],[-98.2107,31.63715],[-98.21033,31.63743],[-98.20889,31.63763],[-98.20871,31.63742],[-98.20891,31.63679],[-98.20811,31.63661],[-98.20775,31.63673],[-98.20775,31.63749],[-98.20754,31.63768],[-98.20518,31.63654],[-98.20448,31.63522],[-98.20389,31.63295],[-98.2025,31.63156],[-98.20216,31.6306],[-98.20188,31.63048],[-98.20188,31.62997],[-98.20154,31.62976],[-98.19961,31.62991],[-98.19908,31.631],[-98.19827,31.63078],[-98.19706,31.63089],[-98.19699,31.63018],[-98.19798,31.62768],[-98.1976,31.62727],[-98.19611,31.62706],[-98.19371,31.62759],[-98.19259,31.62691],[-98.19108,31.625],[-98.1915,31.62424],[-98.1914,31.6236],[-98.19042,31.62319],[-98.19066,31.62254],[-98.19154,31.622],[-98.1915,31.62174],[-98.19077,31.62142],[-98.18954,31.62142],[-98.19003,31.6207],[-98.19,31.62005],[-98.18904,31.61879],[-98.18837,31.61882],[-98.18746,31.6183],[-98.18664,31.61859],[-98.18526,31.61801],[-98.18269,31.61894],[-98.18258,31.61866],[-98.18167,31.61826],[-98.18156,31.61794],[-98.18315,31.61704],[-98.19638,31.58331],[-98.19847,31.58289],[-98.19955,31.5824],[-98.20005,31.58179],[-98.19971,31.58151],[-98.20039,31.58108],[-98.20125,31.58136],[-98.20297,31.58126],[-98.20341,31.58179],[-98.20472,31.58031],[-98.2074,31.57959],[-98.20941,31.5787],[-98.21025,31.57862],[-98.21148,31.57697],[-98.21298,31.57576],[-98.21571,31.57552],[-98.21758,31.57603],[-98.21808,31.57493],[-98.21989,31.57406],[-98.22121,31.57407],[-98.22297,31.57457],[-98.22353,31.57392],[-98.2258,31.56939],[-98.2272,31.56464],[-98.23784,31.56753],[-98.24117,31.56124],[-98.244,31.5565],[-98.25149,31.54697],[-98.25197,31.54583],[-98.24892,31.5446],[-98.24902,31.54074],[-98.23956,31.53826],[-98.23924,31.53622],[-98.24068,31.53252],[-98.23728,31.53148],[-98.24696,31.5303],[-98.24947,31.52971],[-98.25402,31.52681],[-98.25532,31.52483],[-98.25677,31.52381],[-98.25744,31.52346],[-98.25863,31.52376],[-98.25922,31.52346],[-98.25912,31.51843],[-98.26017,31.51526],[-98.26044,31.5151],[-98.27818,31.50973],[-98.28142,31.50906],[-98.28211,31.50766],[-98.28231,31.50589],[-98.28318,31.50399],[-98.2834,31.50362],[-98.28466,31.50317],[-98.28512,31.50261],[-98.28541,31.50182],[-98.28525,31.50015],[-98.28749,31.49722],[-98.28703,31.49403],[-98.28748,31.49382],[-98.28777,31.49326],[-98.28868,31.48595],[-98.28897,31.48504],[-98.29042,31.483],[-98.29008,31.48076],[-98.29054,31.47903],[-98.28987,31.4774],[-98.30821,31.47445],[-98.31277,31.47419],[-98.34519,31.51913],[-98.35199,31.52904],[-98.37532,31.56147],[-98.42209,31.62738],[-98.42077,31.62786],[-98.41283,31.62568],[-98.41152,31.62915],[-98.41164,31.63027],[-98.41129,31.63155],[-98.41044,31.6329],[-98.40781,31.64001],[-98.40659,31.63964],[-98.40494,31.63948],[-98.39784,31.63749],[-98.39758,31.63754],[-98.39699,31.63856],[-98.39123,31.63693],[-98.38975,31.64095],[-98.3875,31.6456],[-98.38529,31.645],[-98.38472,31.64615],[-98.37889,31.64456],[-98.37837,31.64556],[-98.37793,31.64581],[-98.37626,31.64551],[-98.36761,31.64263],[-98.36833,31.63987],[-98.35128,31.63525],[-98.34945,31.63858],[-98.34665,31.64232],[-98.34282,31.65198],[-98.34214,31.65248],[-98.34099,31.6529],[-98.33961,31.65289],[-98.33679,31.65225],[-98.33531,31.65241],[-98.33364,31.65318],[-98.33276,31.65404],[-98.33089,31.65722],[-98.32965,31.66012],[-98.32939,31.65947],[-98.32871,31.65914],[-98.32059,31.65703],[-98.32059,31.6562],[-98.32029,31.65556],[-98.31896,31.6543],[-98.30998,31.65165],[-98.30714,31.65017],[-98.3055,31.64628],[-98.30592,31.64097],[-98.30542,31.63986],[-98.29282,31.63634],[-98.29038,31.63506],[-98.27853,31.63184],[-98.26937,31.63693],[-98.26621,31.63762],[-98.25967,31.65494],[-98.25958,31.65593],[-98.2577,31.65972],[-98.2571,31.66201],[-98.25678,31.66247],[-98.25365,31.65882],[-98.25346,31.65774],[-98.25277,31.65715],[-98.25085,31.65619],[-98.24953,31.65421]]]}},{"type":"Feature","properties":{"PRECINCT":"williamson:119","COUNTY":"Williamson"},"geometry":{"type":"Polygon","coordinates":[[[-97.69119,30.53226],[-97.68932,30.52435],[-97.68775,30.51923],[-97.68657,30.51298],[-97.68769,30.51319],[-97.69052,30.51289],[-97.69082,30.51301],[-97.69252,30.51227],[-97.69598,30.5127],[-97.69852,30.51333],[-97.70152,30.51448],[-97.70307,30.51611],[-97.70359,30.51732],[-97.70348,30.51856],[-97.70511,30.5205],[-97.70783,30.52204],[-97.70776,30.52221],[-97.71041,30.52297],[-97.71236,30.52234],[-97.71434,30.52245],[-97.71641,30.52326],[-97.71845,30.52537],[-97.72035,30.52587],[-97.72079,30.52569],[-97.72203,30.52596],[-97.72352,30.53004],[-97.72392,30.53028],[-97.72405,30.53137],[-97.72091,30.53043],[-97.71885,30.53032],[-97.71306,30.53201],[-97.70931,30.53196],[-97.70784,30.53214],[-97.69494,30.53601],[-97.69337,30.53581],[-97.6913,30.53501],[-97.69119,30.53226]]]}},{"type":"Feature","properties":{"PRECINCT":"williamson:182","COUNTY":"Williamson"},"geometry":{"type":"Polygon","coordinates":[[[-97.72514,30.53985],[-97.72331,30.5378],[-97.72246,30.5358],[-97.72238,30.5337],[-97.72316,30.53114],[-97.72441,30.53144],[-97.72444,30.53163],[-97.72835,30.53208],[-97.73166,30.54026],[-97.72611,30.54209],[-97.72514,30.53985]]]}},{"type":"Feature","properties":{"PRECINCT":"williamson:184","COUNTY":"Williamson"},"geometry":{"type":"Polygon","coordinates":[[[-97.64563,30.55714],[-97.64595,30.55488],[-97.64735,30.55044],[-97.6506,30.54942],[-97.65187,30.54938],[-97.65304,30.54896],[-97.65282,30.54814],[-97.65238,30.54823],[-97.65503,30.54519],[-97.65861,30.5441],[-97.65973,30.54689],[-97.66355,30.54571],[-97.66393,30.54627],[-97.66464,30.54609],[-97.66526,30.54768],[-97.66507,30.54929],[-97.6675,30.5551],[-97.66671,30.55552],[-97.66633,30.55624],[-97.66576,30.55618],[-97.66389,30.55675],[-97.66411,30.55737],[-97.66326,30.55768],[-97.66304,30.55735],[-97.66233,30.55757],[-97.66322,30.55966],[-97.66423,30.56078],[-97.6642,30.56134],[-97.66334,30.56255],[-97.66322,30.56311],[-97.66482,30.56718],[-97.65513,30.57013],[-97.65438,30.57048],[-97.65207,30.57231],[-97.65048,30.57261],[-97.65009,30.57092],[-97.64608,30.56113],[-97.64568,30.55912],[-97.64563,30.55714]]]}},{"type":"Feature","properties":{"PRECINCT":"williamson:191","COUNTY":"Williamson"},"geometry":{"type":"Polygon","coordinates":[[[-97.64419,30.53189],[-97.64691,30.52563],[-97.64749,30.52304],[-97.64739,30.52099],[-97.64763,30.52098],[-97.64776,30.52327],[-97.65192,30.52335],[-97.65197,30.52498],[-97.64913,30.52475],[-97.64915,30.52658],[-97.65179,30.52675],[-97.6517,30.52779],[-97.65233,30.52791],[-97.65197,30.52933],[-97.65218,30.53327],[-97.65123,30.53938],[-97.6484,30.53898],[-97.64766,30.53856],[-97.64736,30.53781],[-97.64823,30.53424],[-97.64813,30.53357],[-97.64762,30.53304],[-97.64419,30.53189]]]}},{"type":"Feature","properties":{"PRECINCT":"williamson:192","COUNTY":"Williamson"},"geometry":{"type":"Polygon","coordinates":[[[-97.64915,30.52658],[-97.64913,30.52475],[-97.65197,30.52498],[-97.65192,30.52335],[-97.64776,30.52327],[-97.64763,30.52098],[-97.64739,30.52099],[-97.64719,30.51923],[-97.65724,30.51761],[-97.65239,30.52822],[-97.65217,30.53095],[-97.65198,30.53094],[-97.65197,30.52933],[-97.65233,30.52791],[-97.6517,30.52779],[-97.65179,30.52675],[-97.64915,30.52658]]]}},{"type":"Feature","properties":{"PRECINCT":"williamson:201","COUNTY":"Williamson"},"geometry":{"type":"Polygon","coordinates":[[[-97.78218,30.52832],[-97.78567,30.52713],[-97.78681,30.52491],[-97.78607,30.52462],[-97.78688,30.52294],[-97.78619,30.52266],[-97.78475,30.51934],[-97.78416,30.51951],[-97.78179,30.51394],[-97.78752,30.51214],[-97.78625,30.50868],[-97.78529,30.50847],[-97.78534,30.50832],[-97.78709,30.50875],[-97.78705,30.51047],[-97.78869,30.51377],[-97.78962,30.5177],[-97.79171,30.51722],[-97.79967,30.51468],[-97.8018,30.51453],[-97.80375,30.51406],[-97.80511,30.51425],[-97.80758,30.51598],[-97.80859,30.51623],[-97.80995,30.51582],[-97.81176,30.51429],[-97.81297,30.51387],[-97.81446,30.51797],[-97.81606,30.5253],[-97.8058,30.52828],[-97.79658,30.53049],[-97.78266,30.53466],[-97.78165,30.53246],[-97.78045,30.53111],[-97.78298,30.52947],[-97.78218,30.52832]],[[-97.80786,30.52574],[-97.80329,30.51463],[-97.79713,30.51647],[-97.80186,30.52802],[-97.80519,30.52702],[-97.80509,30.52682],[-97.80786,30.52574]]]}},{"type":"Feature","properties":{"PRECINCT":"williamson:202","COUNTY":"Williamson"},"geometry":{"type":"Polygon","coordinates":[[[-97.8195,30.55685],[-97.81735,30.55697],[-97.81634,30.55677],[-97.81586,30.55646],[-97.8158,30.55579],[-97.81535,30.55592],[-97.8074,30.53675],[-97.80246,30.53766],[-97.80258,30.539],[-97.79874,30.53995],[-97.80065,30.54486],[-97.79348,30.54712],[-97.79374,30.54784],[-97.79506,30.54743],[-97.79533,30.54804],[-97.79885,30.5469],[-97.79926,30.5479],[-97.79652,30.54879],[-97.79699,30.55001],[-97.79636,30.55034],[-97.79669,30.55084],[-97.79723,30.55056],[-97.79773,30.55176],[-97.79581,30.55234],[-97.79566,30.55195],[-97.79521,30.5521],[-97.79145,30.54264],[-97.78149,30.5456],[-97.78023,30.54292],[-97.77977,30.54022],[-97.77945,30.53973],[-97.7788,30.53951],[-97.77854,30.53856],[-97.77688,30.53727],[-97.77939,30.53587],[-97.78173,30.53494],[-97.79658,30.53049],[-97.8058,30.52828],[-97.8157,30.52541],[-97.81668,30.53052],[-97.81673,30.53188],[-97.81546,30.53826],[-97.81543,30.53962],[-97.81877,30.55341],[-97.8194,30.5551],[-97.82041,30.55685],[-97.82001,30.55704],[-97.8195,30.55685]]]}},{"type":"Feature","properties":{"PRECINCT":"williamson:203","COUNTY":"Williamson"},"geometry":{"type":"Polygon","coordinates":[[[-97.79713,30.51647],[-97.80329,30.51463],[-97.80786,30.52574],[-97.80509,30.52682],[-97.80519,30.52702],[-97.80186,30.52802],[-97.79713,30.51647]]]}},{"type":"Feature","properties":{"PRECINCT":"williamson:204","COUNTY":"Williamson"},"geometry":{"type":"Polygon","coordinates":[[[-97.77806,30.52893],[-97.77542,30.52483],[-97.7745,30.52289],[-97.77397,30.52103],[-97.77354,30.51679],[-97.7736,30.51463],[-97.77403,30.51233],[-97.77651,30.50514],[-97.77681,30.50362],[-97.77832,30.50359],[-97.78032,30.50394],[-97.78269,30.50361],[-97.78608,30.50488],[-97.78806,30.5052],[-97.78891,30.50569],[-97.78969,30.5058],[-97.79116,30.50545],[-97.79588,30.50278],[-97.7975,30.49979],[-97.79978,30.49782],[-97.80312,30.4964],[-97.80455,30.49871],[-97.80682,30.50072],[-97.80879,30.50316],[-97.81313,30.51382],[-97.81176,30.51429],[-97.80995,30.51582],[-97.80859,30.51623],[-97.80758,30.51598],[-97.80511,30.51425],[-97.80375,30.51406],[-97.8018,30.51453],[-97.79967,30.51468],[-97.79171,30.51722],[-97.78962,30.5177],[-97.78869,30.51377],[-97.78705,30.51047],[-97.78709,30.50875],[-97.78534,30.50832],[-97.78529,30.50847],[-97.78335,30.50823],[-97.77985,30.50925],[-97.78109,30.51218],[-97.77935,30.51293],[-97.77711,30.5074],[-97.77623,30.50768],[-97.77605,30.50778],[-97.78139,30.52025],[-97.78041,30.52039],[-97.7803,30.52013],[-97.77807,30.52081],[-97.77893,30.52278],[-97.77707,30.52334],[-97.77916,30.52819],[-97.77996,30.5279],[-97.78043,30.5289],[-97.78218,30.52832],[-97.78298,30.52947],[-97.78045,30.53111],[-97.77806,30.52893]]]}},{"type":"Feature","properties":{"PRECINCT":"williamson:205","COUNTY":"Williamson"},"geometry":{"type":"Polygon","coordinates":[[[-97.78043,30.5289],[-97.77996,30.5279],[-97.77916,30.52819],[-97.77707,30.52334],[-97.77893,30.52278],[-97.77807,30.52081],[-97.7803,30.52013],[-97.78041,30.52039],[-97.78139,30.52025],[-97.77605,30.50778],[-97.77711,30.5074],[-97.77927,30.51292],[-97.78109,30.51218],[-97.77985,30.50925],[-97.78335,30.50823],[-97.78625,30.50868],[-97.78752,30.51214],[-97.78179,30.51394],[-97.78416,30.51951],[-97.78475,30.51934],[-97.78619,30.52266],[-97.78688,30.52294],[-97.78607,30.52462],[-97.78681,30.52491],[-97.78567,30.52713],[-97.78043,30.5289]]]}},{"type":"Feature","properties":{"PRECINCT":"williamson:206","COUNTY":"Williamson"},"geometry":{"type":"Polygon","coordinates":[[[-97.95114,30.67547],[-97.95074,30.67458],[-97.95126,30.67375],[-97.95099,30.67372],[-97.95036,30.67276],[-97.95035,30.6719],[-97.95087,30.67119],[-97.95029,30.67035],[-97.94931,30.66998],[-97.94782,30.67019],[-97.9449,30.66989],[-97.94451,30.66943],[-97.94422,30.66828],[-97.94344,30.66756],[-97.94312,30.6665],[-97.942,30.66563],[-97.94066,30.66501],[-97.93906,30.6634],[-97.93779,30.66088],[-97.9369,30.65726],[-97.9371,30.65604],[-97.9369,30.6555],[-97.93636,30.65504],[-97.93601,30.65487],[-97.93507,30.65498],[-97.93369,30.65393],[-97.93121,30.65293],[-97.93003,30.65313],[-97.92944,30.65391],[-97.92781,30.65461],[-97.92558,30.65454],[-97.92235,30.65362],[-97.9217,30.65331],[-97.92004,30.65179],[-97.91987,30.65131],[-97.92011,30.65026],[-97.9193,30.65026],[-97.91865,30.64994],[-97.91705,30.64834],[-97.91597,30.64771],[-97.91526,30.64697],[-97.91372,30.64612],[-97.91282,30.64641],[-97.9101,30.64789],[-97.90996,30.6489],[-97.90763,30.64773],[-97.90703,30.64719],[-97.90587,30.64418],[-97.9056,30.63472],[-97.90515,30.63164],[-97.90439,30.62926],[-97.90418,30.62663],[-97.9039,30.62666],[-97.90345,30.62506],[-97.90465,30.62467],[-97.90466,30.62385],[-97.90661,30.6237],[-97.90617,30.61908],[-97.90476,30.61544],[-97.90664,30.61479],[-97.90411,30.60891],[-97.91218,30.60644],[-97.91632,30.61538],[-97.92773,30.61175],[-97.92627,30.60869],[-97.92789,30.60817],[-97.93481,30.61029],[-97.9405,30.61482],[-97.95188,30.62519],[-97.9547,30.62717],[-97.95673,30.62825],[-97.96259,30.62519],[-97.96631,30.62368],[-97.97787,30.62211],[-97.99102,30.60985],[-97.9924,30.60949],[-97.99799,30.61302],[-98.00195,30.62142],[-98.00366,30.62381],[-98.0043,30.62519],[-98.00628,30.62752],[-98.01274,30.61677],[-98.01773,30.61645],[-98.0297,30.61472],[-98.0365,30.61173],[-98.03959,30.61855],[-98.04029,30.6182],[-98.04989,30.62415],[-98.00349,30.71004],[-98.0023,30.70848],[-98.00015,30.70654],[-97.98854,30.69794],[-97.98158,30.69499],[-97.97022,30.68977],[-97.95652,30.68125],[-97.95408,30.68039],[-97.94992,30.67958],[-97.9511,30.67844],[-97.95096,30.67807],[-97.95025,30.67769],[-97.95001,30.67688],[-97.95109,30.67616],[-97.95114,30.67547]]]}},{"type":"Feature","properties":{"PRECINCT":"williamson:207","COUNTY":"Williamson"},"geometry":{"type":"Polygon","coordinates":[[[-97.87652,30.74647],[-97.87545,30.74388],[-97.87148,30.74517],[-97.86406,30.72762],[-97.85961,30.72878],[-97.85718,30.72259],[-97.85648,30.72009],[-97.84232,30.72441],[-97.84086,30.72081],[-97.84459,30.71784],[-97.84783,30.71402],[-97.85001,30.70995],[-97.85154,30.70469],[-97.85575,30.70539],[-97.85675,30.70596],[-97.85831,30.70737],[-97.86011,30.70791],[-97.86162,30.70774],[-97.87161,30.70491],[-97.87319,30.70512],[-97.87735,30.70705],[-97.87759,30.70301],[-97.87855,30.7031],[-97.88036,30.70248],[-97.88247,30.70236],[-97.88567,30.70335],[-97.88756,30.70619],[-97.88849,30.70685],[-97.89151,30.70791],[-97.89215,30.70835],[-97.89369,30.71013],[-97.89527,30.71147],[-97.896,30.7116],[-97.89889,30.71108],[-97.8997,30.71132],[-97.90011,30.71195],[-97.90038,30.71182],[-97.90023,30.71141],[-97.90057,30.7111],[-97.90092,30.71174],[-97.90137,30.71195],[-97.90178,30.71159],[-97.90138,30.7108],[-97.90166,30.71046],[-97.90223,30.71038],[-97.90289,30.71092],[-97.90383,30.71086],[-97.90425,30.70908],[-97.90451,30.70882],[-97.90685,30.7081],[-97.90746,30.70755],[-97.90954,30.70717],[-97.91028,30.70613],[-97.91045,30.70516],[-97.91168,30.70463],[-97.91387,30.70297],[-97.91453,30.70169],[-97.91522,30.70137],[-97.91507,30.70115],[-97.91532,30.70081],[-97.91677,30.70038],[-97.92879,30.70466],[-97.92839,30.70597],[-97.92798,30.70962],[-97.92903,30.70965],[-97.92918,30.70777],[-97.93024,30.70787],[-97.93141,30.71053],[-97.93452,30.70953],[-97.93572,30.7075],[-97.93652,30.70727],[-97.93757,30.70637],[-97.93767,30.70602],[-97.93692,30.70352],[-97.94568,30.70091],[-97.94989,30.69938],[-97.95054,30.70002],[-97.96509,30.70956],[-97.96701,30.71056],[-97.998,30.72021],[-97.98231,30.75018],[-97.96286,30.78564],[-97.90318,30.83875],[-97.8773,30.77595],[-97.87685,30.77309],[-97.87652,30.74647]]]}},{"type":"Feature","properties":{"PRECINCT":"williamson:208","COUNTY":"Williamson"},"geometry":{"type":"Polygon","coordinates":[[[-97.93391,30.67465],[-97.93195,30.67469],[-97.92785,30.67522],[-97.92488,30.67478],[-97.90143,30.66313],[-97.88873,30.65801],[-97.87549,30.6533],[-97.87134,30.64338],[-97.88154,30.64009],[-97.87996,30.63735],[-97.87666,30.62693],[-97.87629,30.62255],[-97.87575,30.62154],[-97.87427,30.61987],[-97.89726,30.61072],[-97.90005,30.61655],[-97.90051,30.6182],[-97.90093,30.61875],[-97.90093,30.61994],[-97.90174,30.6217],[-97.90178,30.62348],[-97.90099,30.6239],[-97.9025,30.627],[-97.90338,30.62939],[-97.9041,30.62854],[-97.9039,30.62666],[-97.90418,30.62663],[-97.90439,30.62926],[-97.90515,30.63164],[-97.9056,30.63472],[-97.90587,30.64418],[-97.90703,30.64719],[-97.90763,30.64773],[-97.90996,30.6489],[-97.9101,30.64789],[-97.91282,30.64641],[-97.91372,30.64612],[-97.91526,30.64697],[-97.91597,30.64771],[-97.91705,30.64834],[-97.91865,30.64994],[-97.9193,30.65026],[-97.92011,30.65026],[-97.91987,30.65131],[-97.92004,30.65179],[-97.9217,30.65331],[-97.92235,30.65362],[-97.92558,30.65454],[-97.92781,30.65461],[-97.92944,30.65391],[-97.93003,30.65313],[-97.93121,30.65293],[-97.93369,30.65393],[-97.93487,30.6549],[-97.93601,30.65487],[-97.93667,30.65525],[-97.93712,30.65613],[-97.9369,30.65726],[-97.93779,30.66088],[-97.93902,30.66335],[-97.94066,30.66501],[-97.942,30.66563],[-97.94312,30.6665],[-97.94344,30.66756],[-97.94433,30.66848],[-97.94467,30.66966],[-97.9451,30.66995],[-97.9477,30.67019],[-97.94975,30.67002],[-97.95052,30.67058],[-97.95087,30.67119],[-97.95035,30.6719],[-97.95036,30.67276],[-97.95099,30.67372],[-97.95126,30.67375],[-97.95074,30.67458],[-97.95115,30.67596],[-97.95081,30.67644],[-97.95011,30.67666],[-97.95002,30.67713],[-97.95025,30.67769],[-97.95096,30.67807],[-97.9511,30.67844],[-97.94992,30.67958],[-97.94835,30.67926],[-97.94618,30.67859],[-97.93971,30.67589],[-97.93391,30.67465]]]}},{"type":"Feature","properties":{"PRECINCT":"williamson:209","COUNTY":"Williamson"},"geometry":{"type":"Polygon","coordinates":[[[-97.95038,30.69989],[-97.94989,30.69938],[-97.94568,30.70091],[-97.93692,30.70352],[-97.93767,30.70602],[-97.93757,30.70637],[-97.93652,30.70727],[-97.93572,30.7075],[-97.93452,30.70953],[-97.93141,30.71053],[-97.93024,30.70787],[-97.92918,30.70777],[-97.92903,30.70965],[-97.92798,30.70962],[-97.92839,30.70597],[-97.92879,30.70466],[-97.91677,30.70038],[-97.91532,30.70081],[-97.91507,30.70115],[-97.91522,30.70137],[-97.91453,30.70169],[-97.91387,30.70297],[-97.91168,30.70463],[-97.91045,30.70516],[-97.91028,30.70613],[-97.90954,30.70717],[-97.90746,30.70755],[-97.90685,30.7081],[-97.90451,30.70882],[-97.90425,30.70908],[-97.90383,30.71086],[-97.90289,30.71092],[-97.90223,30.71038],[-97.90166,30.71046],[-97.90138,30.7108],[-97.90178,30.71159],[-97.90137,30.71195],[-97.90092,30.71174],[-97.90057,30.7111],[-97.90023,30.71141],[-97.90038,30.71182],[-97.90011,30.71195],[-97.8997,30.71132],[-97.89889,30.71108],[-97.896,30.7116],[-97.89527,30.71147],[-97.89369,30.71013],[-97.89215,30.70835],[-97.89151,30.70791],[-97.88849,30.70685],[-97.88756,30.70619],[-97.8855,30.70325],[-97.88388,30.70269],[-97.88183,30.7023],[-97.88036,30.70248],[-97.87855,30.7031],[-97.87759,30.70301],[-97.87794,30.69719],[-97.87894,30.69054],[-97.87905,30.67842],[-97.88031,30.66676],[-97.87977,30.66392],[-97.87549,30.6533],[-97.88873,30.65801],[-97.90143,30.66313],[-97.92488,30.67478],[-97.92747,30.67522],[-97.93259,30.67464],[-97.9356,30.6749],[-97.93971,30.67589],[-97.94737,30.67901],[-97.95368,30.68029],[-97.95652,30.68125],[-97.97022,30.68977],[-97.98158,30.69499],[-97.98854,30.69794],[-98.00015,30.70654],[-98.0023,30.70848],[-98.00349,30.71004],[-97.998,30.72021],[-97.96701,30.71056],[-97.96509,30.70956],[-97.95038,30.69989]]]}},{"type":"Feature","properties":{"PRECINCT":"williamson:210","COUNTY":"Williamson"},"geometry":{"type":"Polygon","coordinates":[[[-97.85575,30.70539],[-97.84801,30.704],[-97.84801,30.70304],[-97.84574,30.70157],[-97.84103,30.69993],[-97.83948,30.69899],[-97.83624,30.69092],[-97.83573,30.69069],[-97.83465,30.69066],[-97.83335,30.69183],[-97.83215,30.69366],[-97.82947,30.69607],[-97.82891,30.69635],[-97.82824,30.69592],[-97.82864,30.69474],[-97.83137,30.69278],[-97.83225,30.68939],[-97.83267,30.68868],[-97.83522,30.68674],[-97.83416,30.68448],[-97.83323,30.6835],[-97.83337,30.68236],[-97.8339,30.6817],[-97.83525,30.67883],[-97.83663,30.67849],[-97.83742,30.67769],[-97.8393,30.67654],[-97.83944,30.6757],[-97.83997,30.67497],[-97.84013,30.67296],[-97.84006,30.66272],[-97.83919,30.65824],[-97.83807,30.65546],[-97.83646,30.65275],[-97.83092,30.64635],[-97.82974,30.64455],[-97.82906,30.64248],[-97.82908,30.63983],[-97.8288,30.63771],[-97.83091,30.63787],[-97.83293,30.63844],[-97.84246,30.64342],[-97.87549,30.6533],[-97.87977,30.66392],[-97.88018,30.66554],[-97.88029,30.66764],[-97.8791,30.67756],[-97.87894,30.69054],[-97.87794,30.69719],[-97.87735,30.70705],[-97.87319,30.70512],[-97.87161,30.70491],[-97.86162,30.70774],[-97.86011,30.70791],[-97.85831,30.70737],[-97.85675,30.70596],[-97.85575,30.70539]]]}},{"type":"Feature","properties":{"PRECINCT":"williamson:229","COUNTY":"Williamson"},"geometry":{"type":"Polygon","coordinates":[[[-97.80792,30.55653],[-97.80636,30.55545],[-97.80537,30.55416],[-97.80484,30.55395],[-97.8038,30.5543],[-97.80202,30.54997],[-97.80036,30.55043],[-97.80056,30.55093],[-97.79773,30.55176],[-97.79723,30.55056],[-97.79669,30.55084],[-97.79636,30.55034],[-97.79699,30.55001],[-97.79652,30.54879],[-97.79926,30.5479],[-97.79885,30.5469],[-97.79533,30.54804],[-97.79506,30.54743],[-97.79374,30.54784],[-97.79348,30.54712],[-97.80065,30.54486],[-97.79874,30.53995],[-97.80258,30.539],[-97.80246,30.53766],[-97.8074,30.53675],[-97.81535,30.55592],[-97.81199,30.55576],[-97.80966,30.55681],[-97.80975,30.55701],[-97.80792,30.55653]]]}},{"type":"Feature","properties":{"PRECINCT":"williamson:230","COUNTY":"Williamson"},"geometry":{"type":"Polygon","coordinates":[[[-97.82111,30.55631],[-97.82091,30.55636],[-97.8206,30.55588],[-97.82025,30.55602],[-97.81917,30.55358],[-97.81841,30.55066],[-97.81933,30.5505],[-97.81774,30.54419],[-97.83458,30.53891],[-97.83669,30.54323],[-97.83821,30.54313],[-97.83953,30.54271],[-97.84179,30.54822],[-97.83924,30.54873],[-97.83159,30.55135],[-97.83357,30.5561],[-97.82267,30.55952],[-97.82163,30.55807],[-97.82112,30.55702],[-97.82142,30.55683],[-97.82111,30.55631]]]}},{"type":"Feature","properties":{"PRECINCT":"williamson:231","COUNTY":"Williamson"},"geometry":{"type":"Polygon","coordinates":[[[-97.82461,30.56401],[-97.81907,30.55427],[-97.81562,30.54087],[-97.81546,30.53826],[-97.81673,30.53188],[-97.81668,30.53052],[-97.8157,30.52541],[-97.81606,30.5253],[-97.81708,30.5296],[-97.81718,30.53105],[-97.81713,30.53218],[-97.81589,30.53769],[-97.81594,30.54054],[-97.81917,30.55358],[-97.82025,30.55602],[-97.8206,30.55588],[-97.82142,30.55683],[-97.82112,30.55702],[-97.82247,30.55944],[-97.83357,30.5561],[-97.83159,30.55135],[-97.83924,30.54873],[-97.84153,30.54819],[-97.8418,30.54842],[-97.84174,30.553],[-97.84414,30.55796],[-97.82461,30.56401]]]}},{"type":"Feature","properties":{"PRECINCT":"williamson:244","COUNTY":"Williamson"},"geometry":{"type":"Polygon","coordinates":[[[-97.82462,30.6792],[-97.82379,30.67907],[-97.82305,30.67845],[-97.82186,30.67822],[-97.82048,30.67737],[-97.81984,30.67735],[-97.81862,30.67797],[-97.8182,30.67799],[-97.81791,30.67776],[-97.81735,30.6768],[-97.81656,30.67611],[-97.81653,30.67579],[-97.81799,30.67453],[-97.81799,30.67425],[-97.81754,30.67416],[-97.81764,30.67331],[-97.81693,30.67244],[-97.81605,30.67196],[-97.81597,30.67118],[-97.81518,30.66994],[-97.81388,30.67004],[-97.81242,30.67063],[-97.81189,30.67038],[-97.81165,30.66871],[-97.81067,30.66754],[-97.81008,30.66737],[-97.80533,30.65653],[-97.79797,30.65895],[-97.794,30.66001],[-97.78602,30.66277],[-97.78505,30.66062],[-97.78368,30.66119],[-97.7833,30.66169],[-97.78211,30.66237],[-97.781,30.66254],[-97.77994,30.66083],[-97.7797,30.65985],[-97.78109,30.65954],[-97.78132,30.65899],[-97.78097,30.65738],[-97.77997,30.65604],[-97.77989,30.65497],[-97.77894,30.65432],[-97.7771,30.65457],[-97.77521,30.65196],[-97.78274,30.64972],[-97.78246,30.64919],[-97.78174,30.6485],[-97.78051,30.64803],[-97.77845,30.65016],[-97.77773,30.6502],[-97.77711,30.64982],[-97.77622,30.64879],[-97.77523,30.64641],[-97.77462,30.64582],[-97.77428,30.64484],[-97.77396,30.64232],[-97.7741,30.64194],[-97.7733,30.64125],[-97.77276,30.6414],[-97.77181,30.64316],[-97.77177,30.64409],[-97.77064,30.64553],[-97.76906,30.645],[-97.76733,30.64527],[-97.76583,30.64175],[-97.76514,30.6388],[-97.76486,30.63259],[-97.79812,30.63703],[-97.8288,30.63771],[-97.82908,30.63983],[-97.82906,30.64248],[-97.82974,30.64455],[-97.83092,30.64635],[-97.83646,30.65275],[-97.83807,30.65546],[-97.83919,30.65824],[-97.84006,30.66272],[-97.84007,30.6745],[-97.83944,30.6757],[-97.8393,30.67654],[-97.83742,30.67769],[-97.83663,30.67849],[-97.83525,30.67883],[-97.8339,30.6817],[-97.83337,30.68236],[-97.83323,30.6835],[-97.82801,30.68173],[-97.82755,30.68134],[-97.82499,30.68065],[-97.82459,30.68021],[-97.82462,30.6792]]]}},{"type":"Feature","properties":{"PRECINCT":"williamson:245","COUNTY":"Williamson"},"geometry":{"type":"Polygon","coordinates":[[[-97.82481,30.63762],[-97.79746,30.63697],[-97.77947,30.63456],[-97.7804,30.63397],[-97.77588,30.62369],[-97.77776,30.61917],[-97.77989,30.61776],[-97.78556,30.61576],[-97.78902,30.6142],[-97.7919,30.6133],[-97.7941,30.61399],[-97.79572,30.61418],[-97.79804,30.61376],[-97.79983,30.61302],[-97.80261,30.61098],[-97.80337,30.61005],[-97.80717,30.61951],[-97.80876,30.61902],[-97.80904,30.61967],[-97.82062,30.61603],[-97.82172,30.6182],[-97.82585,30.62926],[-97.82688,30.63146],[-97.82676,30.6317],[-97.8228,30.63276],[-97.82115,30.6285],[-97.81839,30.63325],[-97.81983,30.63315],[-97.81996,30.6334],[-97.82112,30.63309],[-97.82288,30.63312],[-97.82481,30.63762]]]}},{"type":"Feature","properties":{"PRECINCT":"williamson:251","COUNTY":"Williamson"},"geometry":{"type":"Polygon","coordinates":[[[-97.91915,30.5762],[-97.91417,30.5756],[-97.91305,30.57515],[-97.91291,30.57507],[-97.91394,30.57427],[-97.91203,30.57299],[-97.90632,30.57027],[-97.92182,30.56423],[-97.92699,30.56765],[-97.91915,30.5762]]]}},{"type":"Feature","properties":{"PRECINCT":"williamson:252","COUNTY":"Williamson"},"geometry":{"type":"Polygon","coordinates":[[[-97.82998,30.63776],[-97.82481,30.63762],[-97.82288,30.63312],[-97.82112,30.63309],[-97.81996,30.6334],[-97.81983,30.63315],[-97.81839,30.63325],[-97.82115,30.6285],[-97.8228,30.63276],[-97.82676,30.6317],[-97.82688,30.63146],[-97.82585,30.62926],[-97.82172,30.6182],[-97.82062,30.61603],[-97.80904,30.61967],[-97.80876,30.61902],[-97.80717,30.61951],[-97.80337,30.61005],[-97.80322,30.61012],[-97.80455,30.60811],[-97.80635,30.60734],[-97.80602,30.60656],[-97.80054,30.60822],[-97.79703,30.59981],[-97.79978,30.59637],[-97.79938,30.59557],[-97.80038,30.59521],[-97.80123,30.59459],[-97.80458,30.59054],[-97.80061,30.59001],[-97.79739,30.58813],[-97.79127,30.58156],[-97.78943,30.58009],[-97.78718,30.57934],[-97.78629,30.57764],[-97.78489,30.57646],[-97.78464,30.57661],[-97.78427,30.57628],[-97.78141,30.57705],[-97.78078,30.57685],[-97.78152,30.57407],[-97.78003,30.57131],[-97.77706,30.56818],[-97.78953,30.56403],[-97.79905,30.56125],[-97.79521,30.5521],[-97.79566,30.55195],[-97.79581,30.55234],[-97.80056,30.55093],[-97.80036,30.55043],[-97.80202,30.54997],[-97.8038,30.5543],[-97.80484,30.55395],[-97.80537,30.55416],[-97.80636,30.55545],[-97.80792,30.55653],[-97.80975,30.55701],[-97.80966,30.55681],[-97.81063,30.55651],[-97.81095,30.55614],[-97.81199,30.55576],[-97.81298,30.55571],[-97.81511,30.55598],[-97.8158,30.55579],[-97.81594,30.55656],[-97.81735,30.55697],[-97.81938,30.55682],[-97.82001,30.55704],[-97.82041,30.55685],[-97.82461,30.56401],[-97.80283,30.57062],[-97.80383,30.57371],[-97.80788,30.58368],[-97.81023,30.58785],[-97.8133,30.59517],[-97.81486,30.59466],[-97.81232,30.58877],[-97.81277,30.58863],[-97.81229,30.58747],[-97.81175,30.58764],[-97.81229,30.58725],[-97.81375,30.58523],[-97.81664,30.58389],[-97.81831,30.58275],[-97.81988,30.58237],[-97.8214,30.58248],[-97.8261,30.58385],[-97.82748,30.58706],[-97.82979,30.58626],[-97.82888,30.58415],[-97.83047,30.58361],[-97.83513,30.58425],[-97.83647,30.58802],[-97.83774,30.59035],[-97.84064,30.59734],[-97.83773,30.59834],[-97.83781,30.59847],[-97.83703,30.59879],[-97.84098,30.60227],[-97.83747,30.59931],[-97.83505,30.60095],[-97.83372,30.59985],[-97.83411,30.60157],[-97.83314,30.60169],[-97.83296,30.60269],[-97.83355,30.60521],[-97.8342,30.60615],[-97.83433,30.607],[-97.83413,30.60761],[-97.83439,30.60813],[-97.834,30.60919],[-97.83441,30.60981],[-97.83393,30.61006],[-97.83279,30.61],[-97.83253,30.61021],[-97.82983,30.60932],[-97.82797,30.6093],[-97.82744,30.60956],[-97.82692,30.61034],[-97.82448,30.60703],[-97.82427,30.6056],[-97.82338,30.60471],[-97.82263,30.60294],[-97.81809,30.60417],[-97.81896,30.60404],[-97.81957,30.60596],[-97.822,30.6114],[-97.82492,30.61072],[-97.82564,30.6108],[-97.82691,30.61393],[-97.82486,30.61457],[-97.82417,30.61564],[-97.82388,30.6157],[-97.8246,30.61706],[-97.82868,30.62818],[-97.82967,30.63016],[-97.8301,30.63154],[-97.83046,30.63448],[-97.83531,30.63304],[-97.83684,30.63687],[-97.83727,30.63697],[-97.83857,30.6353],[-97.83738,30.63237],[-97.83857,30.63192],[-97.83869,30.63098],[-97.84064,30.63101],[-97.84356,30.63143],[-97.84391,30.63107],[-97.84354,30.62957],[-97.84417,30.6294],[-97.84437,30.62994],[-97.84491,30.6298],[-97.84755,30.63601],[-97.83964,30.63837],[-97.83915,30.63705],[-97.83847,30.63793],[-97.8395,30.63851],[-97.83763,30.64093],[-97.83371,30.63879],[-97.83218,30.63817],[-97.82998,30.63776]]]}},{"type":"Feature","properties":{"PRECINCT":"williamson:253","COUNTY":"Williamson"},"geometry":{"type":"Polygon","coordinates":[[[-97.8416,30.54746],[-97.84016,30.54416],[-97.84678,30.54215],[-97.84553,30.53905],[-97.84539,30.53795],[-97.84779,30.53622],[-97.8477,30.53599],[-97.86084,30.53201],[-97.86112,30.53277],[-97.86284,30.53233],[-97.86504,30.53339],[-97.8664,30.53124],[-97.86721,30.53163],[-97.86994,30.52952],[-97.87053,30.52637],[-97.87086,30.52642],[-97.86805,30.54531],[-97.86763,30.54524],[-97.86696,30.54577],[-97.86623,30.54519],[-97.86513,30.54516],[-97.85908,30.5471],[-97.85667,30.54962],[-97.85512,30.55219],[-97.85463,30.55347],[-97.85348,30.55492],[-97.84414,30.55796],[-97.84174,30.553],[-97.8418,30.54842],[-97.8416,30.54746]]]}},{"type":"Feature","properties":{"PRECINCT":"williamson:254","COUNTY":"Williamson"},"geometry":{"type":"Polygon","coordinates":[[[-97.81164,30.51009],[-97.80879,30.50316],[-97.81068,30.50361],[-97.8119,30.50356],[-97.81648,30.50098],[-97.82046,30.50521],[-97.82131,30.50779],[-97.82266,30.50989],[-97.83301,30.50651],[-97.83451,30.50562],[-97.8367,30.50505],[-97.8388,30.50524],[-97.84748,30.50259],[-97.84851,30.50476],[-97.84887,30.50967],[-97.85102,30.5145],[-97.83197,30.52022],[-97.83008,30.52064],[-97.82612,30.52223],[-97.81606,30.5253],[-97.81446,30.51797],[-97.81164,30.51009]]]}},{"type":"Feature","properties":{"PRECINCT":"williamson:255","COUNTY":"Williamson"},"geometry":{"type":"Polygon","coordinates":[[[-97.87276,30.64732],[-97.87144,30.64409],[-97.87069,30.64433],[-97.86996,30.64263],[-97.86954,30.64276],[-97.86927,30.64212],[-97.87034,30.64178],[-97.86983,30.64097],[-97.86943,30.64117],[-97.86907,30.64061],[-97.86932,30.64049],[-97.86894,30.63993],[-97.86876,30.63936],[-97.86892,30.63929],[-97.86632,30.63389],[-97.86582,30.63337],[-97.86495,30.63104],[-97.86512,30.63099],[-97.86381,30.62781],[-97.86044,30.62121],[-97.85925,30.62148],[-97.8585,30.6214],[-97.86031,30.62114],[-97.86159,30.6203],[-97.86062,30.61846],[-97.86046,30.61692],[-97.86186,30.61056],[-97.86194,30.6086],[-97.86283,30.60836],[-97.86266,30.60765],[-97.86328,30.60788],[-97.86329,30.60763],[-97.86372,30.60865],[-97.86677,30.60774],[-97.86538,30.60431],[-97.86731,30.60486],[-97.86966,30.6049],[-97.86728,30.59893],[-97.87206,30.59743],[-97.87301,30.5997],[-97.87501,30.59912],[-97.87684,30.6033],[-97.87479,30.60467],[-97.87488,30.60496],[-97.87694,30.60357],[-97.88194,30.61526],[-97.88468,30.61439],[-97.88605,30.61423],[-97.8915,30.61284],[-97.8893,30.60828],[-97.89138,30.60756],[-97.89364,30.60647],[-97.89466,30.60819],[-97.89267,30.60875],[-97.89382,30.6103],[-97.89632,30.60948],[-97.89726,30.61072],[-97.87427,30.61987],[-97.87575,30.62154],[-97.87629,30.62255],[-97.87666,30.62693],[-97.87996,30.63735],[-97.88154,30.64009],[-97.87134,30.64338],[-97.87297,30.64726],[-97.87276,30.64732]]]}},{"type":"Feature","properties":{"PRECINCT":"williamson:256","COUNTY":"Williamson"},"geometry":{"type":"Polygon","coordinates":[[[-97.89745,30.61102],[-97.89282,30.60525],[-97.88758,30.60102],[-97.88711,30.60026],[-97.88584,30.6006],[-97.88682,30.60313],[-97.88569,30.60039],[-97.88822,30.59953],[-97.88639,30.59578],[-97.88584,30.59515],[-97.88357,30.5941],[-97.88313,30.59369],[-97.8792,30.58785],[-97.87426,30.58162],[-97.87203,30.57663],[-97.89681,30.56883],[-97.89884,30.56854],[-97.90013,30.56891],[-97.90246,30.57133],[-97.90427,30.57057],[-97.90632,30.57027],[-97.91203,30.57299],[-97.91394,30.57427],[-97.91291,30.57507],[-97.91332,30.5753],[-97.91449,30.57566],[-97.91915,30.5762],[-97.91512,30.58057],[-97.92038,30.58677],[-97.9219,30.59096],[-97.91706,30.60487],[-97.92789,30.60817],[-97.92627,30.60869],[-97.92773,30.61175],[-97.91632,30.61538],[-97.91218,30.60644],[-97.90411,30.60891],[-97.90664,30.61479],[-97.90476,30.61544],[-97.90617,30.61908],[-97.90661,30.6237],[-97.90466,30.62385],[-97.90465,30.62467],[-97.90345,30.62506],[-97.9041,30.62854],[-97.90338,30.62939],[-97.9025,30.627],[-97.90099,30.6239],[-97.90178,30.62348],[-97.90174,30.6217],[-97.90093,30.61994],[-97.90093,30.61875],[-97.90051,30.6182],[-97.90005,30.61655],[-97.89745,30.61102]]]}},{"type":"Feature","properties":{"PRECINCT":"williamson:257","COUNTY":"Williamson"},"geometry":{"type":"Polygon","coordinates":[[[-97.86041,30.60792],[-97.85988,30.60546],[-97.86109,30.60529],[-97.86164,30.60472],[-97.86102,30.60186],[-97.86182,30.59974],[-97.86201,30.59824],[-97.86159,30.59711],[-97.86016,30.59524],[-97.85707,30.58776],[-97.85588,30.58581],[-97.85471,30.5831],[-97.85783,30.58197],[-97.86077,30.58018],[-97.87203,30.57663],[-97.87426,30.58162],[-97.8792,30.58785],[-97.88329,30.59389],[-97.88571,30.59507],[-97.88622,30.59554],[-97.88822,30.59953],[-97.88569,30.60039],[-97.88682,30.60313],[-97.87785,30.6059],[-97.87694,30.60357],[-97.87488,30.60496],[-97.87479,30.60467],[-97.87684,30.6033],[-97.87501,30.59912],[-97.87301,30.5997],[-97.87206,30.59743],[-97.86728,30.59893],[-97.86966,30.6049],[-97.86731,30.60486],[-97.86538,30.60431],[-97.86677,30.60774],[-97.86372,30.60865],[-97.86329,30.60763],[-97.86328,30.60788],[-97.86266,30.60765],[-97.86283,30.60836],[-97.86194,30.6086],[-97.86186,30.61056],[-97.86046,30.61692],[-97.86062,30.61846],[-97.86159,30.6203],[-97.86038,30.6211],[-97.85963,30.61933],[-97.85933,30.6174],[-97.86038,30.61093],[-97.86041,30.60792]]]}},{"type":"Feature","properties":{"PRECINCT":"williamson:258","COUNTY":"Williamson"},"geometry":{"type":"Polygon","coordinates":[[[-97.88194,30.61526],[-97.87785,30.6059],[-97.88685,30.60312],[-97.88584,30.6006],[-97.88711,30.60026],[-97.88824,30.60161],[-97.89282,30.60525],[-97.89632,30.60948],[-97.89382,30.6103],[-97.89267,30.60875],[-97.89466,30.60819],[-97.89364,30.60647],[-97.89138,30.60756],[-97.8893,30.60828],[-97.8915,30.61284],[-97.88605,30.61423],[-97.88468,30.61439],[-97.88194,30.61526]]]}},{"type":"Feature","properties":{"PRECINCT":"williamson:259","COUNTY":"Williamson"},"geometry":{"type":"Polygon","coordinates":[[[-97.8585,30.6214],[-97.85746,30.61903],[-97.85726,30.61726],[-97.85821,30.61204],[-97.85233,30.61384],[-97.85202,30.61315],[-97.84652,30.61323],[-97.84591,30.61259],[-97.84646,30.61126],[-97.84602,30.60916],[-97.84469,30.60826],[-97.84338,30.60518],[-97.84247,30.60387],[-97.8474,30.603],[-97.84852,30.60108],[-97.84808,30.60002],[-97.84107,30.6022],[-97.83703,30.59879],[-97.83781,30.59847],[-97.83773,30.59834],[-97.84064,30.59734],[-97.83774,30.59035],[-97.83647,30.58802],[-97.83513,30.58425],[-97.83047,30.58361],[-97.82888,30.58415],[-97.82979,30.58626],[-97.82748,30.58706],[-97.82602,30.58381],[-97.8214,30.58248],[-97.81988,30.58237],[-97.81831,30.58275],[-97.81664,30.58389],[-97.81375,30.58523],[-97.81229,30.58725],[-97.81175,30.58764],[-97.81229,30.58747],[-97.81277,30.58863],[-97.81232,30.58877],[-97.81486,30.59466],[-97.8133,30.59517],[-97.81023,30.58785],[-97.80788,30.58368],[-97.80383,30.57371],[-97.80283,30.57062],[-97.82461,30.56401],[-97.83741,30.58567],[-97.83873,30.58753],[-97.84233,30.59033],[-97.85486,30.59819],[-97.85676,30.60002],[-97.85852,30.60234],[-97.85969,30.60478],[-97.86026,30.60699],[-97.86046,30.60897],[-97.86038,30.61093],[-97.85933,30.6174],[-97.85963,30.61933],[-97.86038,30.6211],[-97.8585,30.6214]]]}},{"type":"Feature","properties":{"PRECINCT":"williamson:261","COUNTY":"Williamson"},"geometry":{"type":"Polygon","coordinates":[[[-97.86928,30.5704],[-97.86523,30.56565],[-97.8628,30.56201],[-97.86977,30.56009],[-97.87119,30.55919],[-97.8815,30.55625],[-97.88172,30.55564],[-97.881,30.55502],[-97.8794,30.55418],[-97.88124,30.55328],[-97.88229,30.55381],[-97.88337,30.55296],[-97.88769,30.55661],[-97.88875,30.56515],[-97.89145,30.56652],[-97.89282,30.56517],[-97.89624,30.56488],[-97.90013,30.56891],[-97.89884,30.56854],[-97.89728,30.5687],[-97.87203,30.57663],[-97.86928,30.5704]]]}},{"type":"Feature","properties":{"PRECINCT":"williamson:262","COUNTY":"Williamson"},"geometry":{"type":"Polygon","coordinates":[[[-97.86116,30.60525],[-97.85988,30.60546],[-97.85811,30.60174],[-97.85676,30.60002],[-97.85486,30.59819],[-97.84233,30.59033],[-97.83873,30.58753],[-97.83741,30.58567],[-97.82461,30.56401],[-97.84414,30.55796],[-97.85588,30.58581],[-97.85707,30.58776],[-97.86016,30.59524],[-97.86178,30.59747],[-97.86199,30.59901],[-97.86102,30.60186],[-97.86165,30.60468],[-97.86116,30.60525]]]}},{"type":"Feature","properties":{"PRECINCT":"williamson:263","COUNTY":"Williamson"},"geometry":{"type":"Polygon","coordinates":[[[-97.8628,30.56201],[-97.85724,30.55308],[-97.85549,30.55164],[-97.85645,30.54996],[-97.85908,30.5471],[-97.86562,30.54509],[-97.86638,30.54526],[-97.86696,30.54577],[-97.86763,30.54524],[-97.86805,30.54531],[-97.86787,30.5465],[-97.88124,30.55328],[-97.8794,30.55418],[-97.881,30.55502],[-97.88178,30.55592],[-97.88147,30.55626],[-97.87089,30.55928],[-97.86977,30.56009],[-97.8628,30.56201]]]}},{"type":"Feature","properties":{"PRECINCT":"williamson:264","COUNTY":"Williamson"},"geometry":{"type":"Polygon","coordinates":[[[-97.85455,30.55361],[-97.85549,30.55164],[-97.85741,30.5533],[-97.86456,30.56475],[-97.86909,30.57002],[-97.87203,30.57663],[-97.86077,30.58018],[-97.85783,30.58197],[-97.85471,30.5831],[-97.84414,30.55796],[-97.85314,30.55512],[-97.85377,30.55466],[-97.85455,30.55361]]]}},{"type":"Feature","properties":{"PRECINCT":"williamson:267","COUNTY":"Williamson"},"geometry":{"type":"Polygon","coordinates":[[[-97.87549,30.6533],[-97.84246,30.64342],[-97.83763,30.64093],[-97.8395,30.63851],[-97.83847,30.63793],[-97.83915,30.63705],[-97.83964,30.63837],[-97.84755,30.63601],[-97.84491,30.6298],[-97.84437,30.62994],[-97.84417,30.6294],[-97.84354,30.62957],[-97.84391,30.63107],[-97.84356,30.63143],[-97.84064,30.63101],[-97.83869,30.63098],[-97.83857,30.63192],[-97.83738,30.63237],[-97.83857,30.6353],[-97.83727,30.63697],[-97.83684,30.63687],[-97.83531,30.63304],[-97.83046,30.63448],[-97.8301,30.63154],[-97.82967,30.63016],[-97.82868,30.62818],[-97.8246,30.61706],[-97.82388,30.6157],[-97.82417,30.61564],[-97.82486,30.61457],[-97.82691,30.61393],[-97.82564,30.6108],[-97.82492,30.61072],[-97.822,30.6114],[-97.81957,30.60596],[-97.81896,30.60404],[-97.81809,30.60417],[-97.82263,30.60294],[-97.82338,30.60471],[-97.82427,30.6056],[-97.82448,30.60703],[-97.82692,30.61034],[-97.82744,30.60956],[-97.82797,30.6093],[-97.82983,30.60932],[-97.83253,30.61021],[-97.83279,30.61],[-97.83372,30.61012],[-97.83441,30.60981],[-97.834,30.60919],[-97.83439,30.60813],[-97.83413,30.60761],[-97.83433,30.607],[-97.8342,30.60615],[-97.83355,30.60521],[-97.83296,30.60257],[-97.83314,30.60169],[-97.83411,30.60157],[-97.83372,30.59985],[-97.83505,30.60095],[-97.83747,30.59931],[-97.84098,30.60227],[-97.84808,30.60002],[-97.84852,30.60108],[-97.8474,30.603],[-97.84247,30.60387],[-97.84338,30.60518],[-97.84469,30.60826],[-97.84602,30.60916],[-97.84646,30.61126],[-97.84591,30.61259],[-97.84652,30.61323],[-97.85202,30.61315],[-97.85233,30.61384],[-97.85821,30.61204],[-97.85731,30.61628],[-97.85735,30.61843],[-97.85773,30.61986],[-97.85858,30.62151],[-97.86042,30.62118],[-97.86159,30.62336],[-97.86381,30.62781],[-97.86512,30.63099],[-97.86495,30.63104],[-97.86582,30.63337],[-97.86632,30.63389],[-97.86892,30.63929],[-97.86876,30.63936],[-97.86894,30.63993],[-97.86932,30.64049],[-97.86907,30.64061],[-97.86943,30.64117],[-97.86983,30.64097],[-97.87034,30.64178],[-97.86927,30.64212],[-97.86954,30.64276],[-97.86996,30.64263],[-97.87069,30.64433],[-97.87144,30.64409],[-97.87549,30.6533]]]}},{"type":"Feature","properties":{"PRECINCT":"williamson:276","COUNTY":"Williamson"},"geometry":{"type":"Polygon","coordinates":[[[-97.85062,30.49018],[-97.83704,30.48149],[-97.83466,30.47769],[-97.83536,30.47879],[-97.8368,30.47792],[-97.84585,30.48216],[-97.84812,30.47855],[-97.85384,30.48621],[-97.85339,30.48586],[-97.85304,30.48604],[-97.84979,30.48863],[-97.85068,30.48926],[-97.85014,30.48967],[-97.85073,30.49006],[-97.85062,30.49018]]]}},{"type":"Feature","properties":{"PRECINCT":"williamson:277","COUNTY":"Williamson"},"geometry":{"type":"Polygon","coordinates":[[[-97.84749,30.50265],[-97.8388,30.50524],[-97.8367,30.50505],[-97.83451,30.50562],[-97.83276,30.50659],[-97.83187,30.5043],[-97.83445,30.50352],[-97.83369,30.50171],[-97.83334,30.50004],[-97.83232,30.4991],[-97.83434,30.49813],[-97.83531,30.49729],[-97.83767,30.49634],[-97.84025,30.4938],[-97.83819,30.4913],[-97.83794,30.4906],[-97.83826,30.48625],[-97.83794,30.48514],[-97.83572,30.48292],[-97.83251,30.48152],[-97.83447,30.47785],[-97.83556,30.47691],[-97.84632,30.47351],[-97.84248,30.47481],[-97.84663,30.47671],[-97.84812,30.47855],[-97.84585,30.48216],[-97.8368,30.47792],[-97.83536,30.47879],[-97.83462,30.47775],[-97.83704,30.48149],[-97.85062,30.49018],[-97.85073,30.49006],[-97.85014,30.48967],[-97.85068,30.48926],[-97.84979,30.48863],[-97.85339,30.48586],[-97.86225,30.49731],[-97.85611,30.50281],[-97.85577,30.5074],[-97.8594,30.51192],[-97.85102,30.5145],[-97.84887,30.50967],[-97.84851,30.50476],[-97.84749,30.50265]]]}},{"type":"Feature","properties":{"PRECINCT":"williamson:278","COUNTY":"Williamson"},"geometry":{"type":"Polygon","coordinates":[[[-97.82748,30.49339],[-97.83251,30.48152],[-97.83572,30.48292],[-97.83812,30.48547],[-97.83826,30.48625],[-97.83794,30.4906],[-97.83819,30.4913],[-97.84025,30.4938],[-97.83767,30.49634],[-97.83531,30.49729],[-97.83434,30.49813],[-97.83232,30.4991],[-97.83334,30.50004],[-97.83369,30.50171],[-97.83445,30.50352],[-97.83187,30.5043],[-97.83276,30.50659],[-97.82266,30.50989],[-97.82131,30.50779],[-97.82046,30.50521],[-97.81648,30.50098],[-97.81896,30.49951],[-97.8206,30.4972],[-97.82125,30.49666],[-97.82685,30.49399],[-97.82748,30.49339]]]}},{"type":"Feature","properties":{"PRECINCT":"williamson:279","COUNTY":"Williamson"},"geometry":{"type":"Polygon","coordinates":[[[-97.84652,30.47342],[-97.84589,30.47564],[-97.84656,30.47683],[-97.84248,30.47481],[-97.84652,30.47342]]]}},{"type":"Feature","properties":{"PRECINCT":"williamson:283","COUNTY":"Williamson"},"geometry":{"type":"Polygon","coordinates":[[[-97.81582,30.53869],[-97.81718,30.53105],[-97.81708,30.5296],[-97.81606,30.5253],[-97.82612,30.52223],[-97.83008,30.52064],[-97.83197,30.52022],[-97.84002,30.51773],[-97.84211,30.52238],[-97.8476,30.53628],[-97.84539,30.53795],[-97.84553,30.53905],[-97.84678,30.54215],[-97.84016,30.54416],[-97.83953,30.54271],[-97.83821,30.54313],[-97.83669,30.54323],[-97.83458,30.53891],[-97.81774,30.54419],[-97.81933,30.5505],[-97.81841,30.55066],[-97.81618,30.54176],[-97.81582,30.53869]]]}},{"type":"Feature","properties":{"PRECINCT":"williamson:284","COUNTY":"Williamson"},"geometry":{"type":"Polygon","coordinates":[[[-97.8476,30.53628],[-97.84211,30.52238],[-97.84002,30.51773],[-97.85102,30.5145],[-97.85397,30.52152],[-97.85395,30.52367],[-97.85536,30.5271],[-97.86504,30.52392],[-97.86584,30.52322],[-97.86709,30.52117],[-97.86878,30.51933],[-97.87142,30.52271],[-97.87086,30.52642],[-97.87053,30.52637],[-97.86994,30.52952],[-97.86721,30.53163],[-97.8664,30.53124],[-97.86504,30.53339],[-97.86284,30.53233],[-97.86112,30.53277],[-97.86084,30.53201],[-97.8477,30.53599],[-97.84779,30.53622],[-97.8476,30.53628]]]}},{"type":"Feature","properties":{"PRECINCT":"williamson:287","COUNTY":"Williamson"},"geometry":{"type":"Polygon","coordinates":[[[-97.85102,30.5145],[-97.8594,30.51192],[-97.86721,30.51731],[-97.86878,30.51933],[-97.86709,30.52117],[-97.86584,30.52322],[-97.86504,30.52392],[-97.85536,30.5271],[-97.85395,30.52367],[-97.85397,30.52152],[-97.85102,30.5145]]]}},{"type":"Feature","properties":{"PRECINCT":"williamson:301","COUNTY":"Williamson"},"geometry":{"type":"Polygon","coordinates":[[[-97.76665,30.53201],[-97.76292,30.53141],[-97.76068,30.53032],[-97.75677,30.52964],[-97.75247,30.52795],[-97.75142,30.52714],[-97.7497,30.52512],[-97.74916,30.52411],[-97.74853,30.52168],[-97.74789,30.5205],[-97.74544,30.51918],[-97.7517,30.51551],[-97.75322,30.51502],[-97.75756,30.51253],[-97.76322,30.51173],[-97.76223,30.50909],[-97.76502,30.50862],[-97.77066,30.50557],[-97.77167,30.50526],[-97.77253,30.50531],[-97.77374,30.50624],[-97.77422,30.50616],[-97.77492,30.50577],[-97.77564,30.50419],[-97.77681,30.50362],[-97.77368,30.51402],[-97.77354,30.51679],[-97.77397,30.52103],[-97.7749,30.52386],[-97.77777,30.52854],[-97.77872,30.52969],[-97.7812,30.53186],[-97.78266,30.53466],[-97.77868,30.53621],[-97.77287,30.54002],[-97.76877,30.54169],[-97.76685,30.53722],[-97.76825,30.53351],[-97.76723,30.53232],[-97.76665,30.53201]]]}},{"type":"Feature","properties":{"PRECINCT":"williamson:302","COUNTY":"Williamson"},"geometry":{"type":"Polygon","coordinates":[[[-97.78597,30.5525],[-97.78698,30.55166],[-97.78713,30.55049],[-97.78685,30.54972],[-97.78634,30.54935],[-97.78418,30.54963],[-97.78302,30.5492],[-97.78284,30.54727],[-97.78241,30.54674],[-97.78212,30.54673],[-97.7823,30.54615],[-97.78209,30.54562],[-97.78169,30.54562],[-97.79145,30.54264],[-97.79521,30.5521],[-97.78309,30.55575],[-97.78293,30.55419],[-97.78453,30.5533],[-97.78493,30.55267],[-97.78597,30.5525]]]}},{"type":"Feature","properties":{"PRECINCT":"williamson:305","COUNTY":"Williamson"},"geometry":{"type":"Polygon","coordinates":[[[-97.82654,30.70316],[-97.82567,30.69951],[-97.82355,30.70001],[-97.82169,30.69944],[-97.81779,30.6971],[-97.81764,30.69595],[-97.81681,30.69549],[-97.81481,30.69573],[-97.81351,30.69751],[-97.80804,30.69865],[-97.80597,30.69861],[-97.8054,30.69958],[-97.80233,30.69917],[-97.80249,30.6988],[-97.80025,30.69504],[-97.79938,30.69509],[-97.79928,30.69362],[-97.79635,30.69223],[-97.78985,30.68986],[-97.78307,30.69206],[-97.78258,30.69295],[-97.77859,30.69124],[-97.77741,30.69158],[-97.77596,30.69058],[-97.77413,30.68706],[-97.77369,30.68342],[-97.77142,30.68406],[-97.76985,30.68358],[-97.7709,30.6812],[-97.7679,30.67948],[-97.76723,30.68026],[-97.76536,30.68084],[-97.76353,30.68086],[-97.76319,30.68049],[-97.76388,30.67902],[-97.75299,30.68304],[-97.75455,30.68446],[-97.75618,30.68471],[-97.75791,30.68417],[-97.75865,30.68596],[-97.76016,30.68653],[-97.76242,30.68624],[-97.76278,30.68656],[-97.76183,30.68834],[-97.76198,30.68923],[-97.76452,30.69084],[-97.7645,30.69116],[-97.761,30.69115],[-97.75888,30.68957],[-97.75608,30.68826],[-97.7545,30.68862],[-97.75395,30.69031],[-97.75309,30.69047],[-97.75003,30.68663],[-97.74167,30.68929],[-97.74113,30.69276],[-97.74219,30.69489],[-97.74271,30.69457],[-97.74291,30.6951],[-97.73676,30.69687],[-97.73784,30.69774],[-97.73765,30.69781],[-97.73649,30.69692],[-97.72876,30.69231],[-97.7251,30.68976],[-97.72318,30.68799],[-97.72048,30.68477],[-97.71919,30.68363],[-97.71444,30.68148],[-97.707,30.67671],[-97.7073,30.67662],[-97.71014,30.67836],[-97.71416,30.67212],[-97.71602,30.67299],[-97.71712,30.66434],[-97.71754,30.66399],[-97.71884,30.66386],[-97.72042,30.66452],[-97.72246,30.65939],[-97.72231,30.65759],[-97.72337,30.65718],[-97.72457,30.657],[-97.72631,30.66233],[-97.72706,30.66185],[-97.72726,30.66049],[-97.72881,30.65897],[-97.72914,30.6581],[-97.73404,30.65943],[-97.73529,30.66007],[-97.73655,30.6616],[-97.73997,30.66925],[-97.74926,30.66646],[-97.74736,30.66546],[-97.75096,30.66075],[-97.75105,30.66019],[-97.75149,30.66069],[-97.75115,30.66395],[-97.75277,30.66494],[-97.75631,30.66289],[-97.75738,30.66347],[-97.75621,30.66672],[-97.75903,30.66679],[-97.76137,30.66279],[-97.76546,30.66154],[-97.76832,30.66821],[-97.7715,30.66722],[-97.77381,30.67017],[-97.77865,30.66874],[-97.77884,30.66907],[-97.7798,30.66875],[-97.78104,30.67],[-97.78581,30.66857],[-97.78566,30.66873],[-97.78892,30.67662],[-97.79,30.67628],[-97.79218,30.67757],[-97.79205,30.6792],[-97.79709,30.68205],[-97.7978,30.68199],[-97.79898,30.68275],[-97.80034,30.68214],[-97.80068,30.68301],[-97.79936,30.68396],[-97.79669,30.68468],[-97.79642,30.68591],[-97.79693,30.68646],[-97.80024,30.6882],[-97.80228,30.68838],[-97.80329,30.68888],[-97.80472,30.6889],[-97.81051,30.68642],[-97.81177,30.68726],[-97.81188,30.68839],[-97.81492,30.68868],[-97.81754,30.68821],[-97.81787,30.68724],[-97.81901,30.68825],[-97.82054,30.68762],[-97.82059,30.68862],[-97.82144,30.68946],[-97.82338,30.68917],[-97.823,30.69004],[-97.82329,30.69083],[-97.82373,30.69084],[-97.82325,30.69366],[-97.82469,30.69507],[-97.82739,30.69489],[-97.82805,30.69461],[-97.82892,30.69342],[-97.82944,30.69399],[-97.82858,30.69472],[-97.82824,30.69602],[-97.82925,30.69662],[-97.83122,30.69554],[-97.83205,30.69608],[-97.83247,30.69694],[-97.83213,30.69713],[-97.83272,30.69862],[-97.82988,30.69967],[-97.8297,30.70082],[-97.82867,30.70303],[-97.82654,30.70316]]]}},{"type":"Feature","properties":{"PRECINCT":"williamson:306","COUNTY":"Williamson"},"geometry":{"type":"Polygon","coordinates":[[[-97.76026,30.72436],[-97.75941,30.72129],[-97.75083,30.72408],[-97.74787,30.7166],[-97.74462,30.71766],[-97.74206,30.71133],[-97.73262,30.71452],[-97.7326,30.71392],[-97.73113,30.71269],[-97.73099,30.7129],[-97.73055,30.71259],[-97.73091,30.71193],[-97.73132,30.71217],[-97.73462,30.7055],[-97.74018,30.70371],[-97.74036,30.70328],[-97.74323,30.70273],[-97.74327,30.70258],[-97.74189,30.70213],[-97.74109,30.70161],[-97.74132,30.70149],[-97.73907,30.69886],[-97.73676,30.69687],[-97.74291,30.6951],[-97.74271,30.69457],[-97.74219,30.69489],[-97.74113,30.69276],[-97.74167,30.68929],[-97.75003,30.68663],[-97.75309,30.69047],[-97.75395,30.69031],[-97.7545,30.68862],[-97.75608,30.68826],[-97.75888,30.68957],[-97.761,30.69115],[-97.7645,30.69116],[-97.76452,30.69084],[-97.76198,30.68923],[-97.76183,30.68834],[-97.76278,30.68656],[-97.76242,30.68624],[-97.76016,30.68653],[-97.75865,30.68596],[-97.75791,30.68417],[-97.75618,30.68471],[-97.75455,30.68446],[-97.75299,30.68304],[-97.76388,30.67902],[-97.76319,30.68049],[-97.76353,30.68086],[-97.76536,30.68084],[-97.76723,30.68026],[-97.7679,30.67948],[-97.7709,30.6812],[-97.76985,30.68358],[-97.77142,30.68406],[-97.77369,30.68342],[-97.77413,30.68706],[-97.77596,30.69058],[-97.77741,30.69158],[-97.77859,30.69124],[-97.78258,30.69295],[-97.78307,30.69206],[-97.78985,30.68986],[-97.79635,30.69223],[-97.79928,30.69362],[-97.79938,30.69509],[-97.80025,30.69504],[-97.80249,30.6988],[-97.80233,30.69917],[-97.8054,30.69958],[-97.80597,30.69861],[-97.80804,30.69865],[-97.81351,30.69751],[-97.81481,30.69573],[-97.81681,30.69549],[-97.81764,30.69595],[-97.81779,30.6971],[-97.82169,30.69944],[-97.82355,30.70001],[-97.82567,30.69951],[-97.82654,30.70316],[-97.82752,30.7031],[-97.82743,30.7034],[-97.82136,30.7039],[-97.81985,30.70432],[-97.81843,30.70503],[-97.81174,30.70958],[-97.80576,30.71276],[-97.80415,30.71334],[-97.80278,30.71341],[-97.7978,30.71268],[-97.79308,30.71226],[-97.79182,30.71176],[-97.78848,30.70955],[-97.78601,30.71201],[-97.78363,30.71322],[-97.78404,30.71508],[-97.77817,30.71717],[-97.77495,30.71786],[-97.77444,30.71764],[-97.77368,30.71634],[-97.77245,30.71557],[-97.77161,30.71652],[-97.76795,30.71913],[-97.76995,30.721],[-97.76743,30.72179],[-97.76876,30.72497],[-97.76151,30.72733],[-97.76026,30.72436]]]}},{"type":"Feature","properties":{"PRECINCT":"williamson:307","COUNTY":"Williamson"},"geometry":{"type":"Polygon","coordinates":[[[-97.71014,30.67836],[-97.70706,30.67662],[-97.70769,30.67584],[-97.70856,30.67539],[-97.71067,30.67241],[-97.70814,30.67121],[-97.70728,30.67259],[-97.70226,30.67017],[-97.70211,30.67043],[-97.70176,30.67016],[-97.70164,30.67029],[-97.70092,30.66953],[-97.70257,30.66737],[-97.70452,30.66769],[-97.70439,30.66396],[-97.70458,30.66361],[-97.70536,30.66413],[-97.70695,30.66424],[-97.70825,30.66334],[-97.70874,30.66355],[-97.70999,30.66313],[-97.70997,30.66263],[-97.71046,30.66277],[-97.71071,30.6624],[-97.71333,30.66424],[-97.71698,30.66453],[-97.71629,30.67095],[-97.71602,30.67299],[-97.71416,30.67212],[-97.71014,30.67836]]]}},{"type":"Feature","properties":{"PRECINCT":"williamson:308","COUNTY":"Williamson"},"geometry":{"type":"Polygon","coordinates":[[[-97.67076,30.70354],[-97.66921,30.70313],[-97.66615,30.70308],[-97.66612,30.70216],[-97.66581,30.70215],[-97.66587,30.70082],[-97.66623,30.6999],[-97.66953,30.69401],[-97.66861,30.69371],[-97.66895,30.6928],[-97.66898,30.69133],[-97.67106,30.69118],[-97.6728,30.68784],[-97.67584,30.68939],[-97.67903,30.68947],[-97.67943,30.687],[-97.68143,30.68593],[-97.68193,30.6867],[-97.68257,30.68689],[-97.68294,30.68755],[-97.68346,30.68773],[-97.68342,30.68887],[-97.68403,30.69002],[-97.68338,30.69101],[-97.68323,30.69223],[-97.68259,30.69308],[-97.68454,30.69517],[-97.68454,30.69623],[-97.68308,30.69726],[-97.68213,30.69986],[-97.68099,30.69962],[-97.68044,30.69996],[-97.67939,30.70001],[-97.67879,30.70089],[-97.67837,30.70102],[-97.67284,30.70191],[-97.6728,30.70247],[-97.67322,30.70317],[-97.6729,30.70355],[-97.67172,30.70332],[-97.67076,30.70354]]]}},{"type":"Feature","properties":{"PRECINCT":"williamson:309","COUNTY":"Williamson"},"geometry":{"type":"Polygon","coordinates":[[[-97.87492,30.86338],[-97.8622,30.83214],[-97.85106,30.83556],[-97.84855,30.83392],[-97.8481,30.83231],[-97.84708,30.8319],[-97.84587,30.83095],[-97.84479,30.8293],[-97.84388,30.82879],[-97.84271,30.82708],[-97.84217,30.82595],[-97.84278,30.825],[-97.84311,30.82379],[-97.83974,30.82108],[-97.83927,30.81987],[-97.83942,30.81945],[-97.83836,30.81885],[-97.83715,30.81877],[-97.83454,30.81764],[-97.83343,30.81662],[-97.83234,30.81625],[-97.83069,30.81505],[-97.82939,30.81453],[-97.82866,30.81356],[-97.82781,30.81305],[-97.82784,30.8117],[-97.82694,30.81088],[-97.82612,30.81093],[-97.82491,30.80781],[-97.82391,30.80727],[-97.8226,30.80609],[-97.82043,30.80373],[-97.81983,30.80089],[-97.82076,30.80026],[-97.82094,30.7999],[-97.8201,30.7968],[-97.81911,30.79627],[-97.81624,30.7933],[-97.81483,30.79217],[-97.81417,30.79143],[-97.81411,30.79029],[-97.81293,30.78955],[-97.81219,30.78843],[-97.8113,30.78778],[-97.81032,30.78771],[-97.80989,30.7865],[-97.80658,30.78631],[-97.80542,30.78656],[-97.80436,30.78526],[-97.8046,30.78408],[-97.80349,30.78365],[-97.80261,30.78301],[-97.80155,30.7817],[-97.79838,30.7798],[-97.79601,30.77913],[-97.79431,30.77824],[-97.79339,30.77727],[-97.79207,30.77701],[-97.79137,30.77632],[-97.79069,30.77505],[-97.78913,30.77469],[-97.78827,30.77367],[-97.78709,30.77347],[-97.78602,30.77262],[-97.78497,30.7722],[-97.78392,30.77235],[-97.78267,30.77291],[-97.7814,30.77283],[-97.78083,30.77243],[-97.77979,30.77103],[-97.77847,30.77067],[-97.77792,30.76942],[-97.77672,30.76883],[-97.77594,30.76895],[-97.77486,30.76878],[-97.77434,30.76762],[-97.7716,30.76752],[-97.77062,30.76872],[-97.76966,30.76891],[-97.76878,30.76948],[-97.76808,30.76955],[-97.76695,30.76915],[-97.76525,30.76966],[-97.76421,30.77058],[-97.76364,30.7706],[-97.76274,30.77024],[-97.76273,30.76965],[-97.76157,30.76902],[-97.76143,30.7684],[-97.76068,30.76769],[-97.76093,30.7671],[-97.76085,30.76657],[-97.76004,30.76566],[-97.75681,30.76439],[-97.75621,30.76435],[-97.75493,30.76476],[-97.75209,30.76276],[-97.75177,30.76202],[-97.75087,30.76123],[-97.75087,30.76066],[-97.75022,30.76],[-97.7488,30.75946],[-97.74826,30.75903],[-97.74647,30.75934],[-97.7462,30.75896],[-97.74565,30.75875],[-97.74534,30.75843],[-97.74589,30.75624],[-97.74564,30.75559],[-97.74495,30.75525],[-97.74323,30.75503],[-97.74146,30.7552],[-97.7402,30.75586],[-97.73835,30.75529],[-97.73566,30.75362],[-97.73244,30.75045],[-97.7318,30.74926],[-97.73252,30.74762],[-97.73411,30.74529],[-97.7348,30.74464],[-97.73569,30.74424],[-97.73598,30.7435],[-97.73722,30.74306],[-97.73762,30.74423],[-97.7407,30.74471],[-97.7437,30.74376],[-97.74482,30.74597],[-97.75311,30.74343],[-97.75277,30.74266],[-97.75364,30.74258],[-97.7539,30.74316],[-97.75822,30.74174],[-97.75888,30.74325],[-97.77305,30.73891],[-97.77417,30.73876],[-97.77392,30.73789],[-97.77534,30.73732],[-97.77523,30.7364],[-97.77871,30.73656],[-97.78306,30.73806],[-97.78261,30.73677],[-97.78531,30.73588],[-97.78587,30.73366],[-97.78311,30.73313],[-97.78302,30.73345],[-97.78237,30.73331],[-97.78248,30.73294],[-97.78092,30.73238],[-97.7797,30.73038],[-97.77825,30.72675],[-97.77525,30.72857],[-97.77104,30.73041],[-97.77051,30.72896],[-97.77269,30.72445],[-97.77311,30.72383],[-97.7751,30.72217],[-97.77004,30.71766],[-97.77161,30.71652],[-97.77245,30.71557],[-97.77368,30.71634],[-97.77444,30.71764],[-97.77495,30.71786],[-97.77817,30.71717],[-97.78404,30.71508],[-97.78363,30.71322],[-97.78601,30.71201],[-97.78848,30.70955],[-97.79182,30.71176],[-97.79308,30.71226],[-97.80293,30.71342],[-97.80523,30.71302],[-97.81174,30.70958],[-97.81843,30.70503],[-97.81985,30.70432],[-97.82136,30.7039],[-97.82743,30.7034],[-97.82755,30.703],[-97.82867,30.70303],[-97.8297,30.70082],[-97.82988,30.69967],[-97.83272,30.69862],[-97.83213,30.69713],[-97.83247,30.69694],[-97.83205,30.69608],[-97.83144,30.69559],[-97.83106,30.69555],[-97.82929,30.69661],[-97.82873,30.69631],[-97.82947,30.69607],[-97.83157,30.69422],[-97.83335,30.69183],[-97.83479,30.69061],[-97.83624,30.69092],[-97.83948,30.69899],[-97.84103,30.69993],[-97.84574,30.70157],[-97.84801,30.70304],[-97.84801,30.704],[-97.85154,30.70469],[-97.85001,30.70995],[-97.84783,30.71402],[-97.84459,30.71784],[-97.84086,30.72081],[-97.84232,30.72441],[-97.85648,30.72009],[-97.85718,30.72259],[-97.85961,30.72878],[-97.86406,30.72762],[-97.87148,30.74517],[-97.87545,30.74388],[-97.87652,30.74647],[-97.87686,30.77346],[-97.87745,30.77648],[-97.90318,30.83875],[-97.87845,30.86055],[-97.87832,30.86044],[-97.87492,30.86338]]]}},{"type":"Feature","properties":{"PRECINCT":"williamson:310","COUNTY":"Williamson"},"geometry":{"type":"Polygon","coordinates":[[[-97.6803,30.87908],[-97.66605,30.8437],[-97.68764,30.83683],[-97.68272,30.82534],[-97.68295,30.82527],[-97.6813,30.82194],[-97.75183,30.79957],[-97.7466,30.7872],[-97.73744,30.79007],[-97.7311,30.7908],[-97.72276,30.79326],[-97.71998,30.78631],[-97.72055,30.78615],[-97.72011,30.78498],[-97.72291,30.78404],[-97.71835,30.77368],[-97.71771,30.77388],[-97.71197,30.75987],[-97.72447,30.75575],[-97.72068,30.75441],[-97.73199,30.75092],[-97.73432,30.75668],[-97.73865,30.75539],[-97.7402,30.75586],[-97.74146,30.7552],[-97.74323,30.75503],[-97.74495,30.75525],[-97.74564,30.75559],[-97.74589,30.75624],[-97.74534,30.75843],[-97.74565,30.75875],[-97.7462,30.75896],[-97.74647,30.75934],[-97.74826,30.75903],[-97.7488,30.75946],[-97.75022,30.76],[-97.75087,30.76066],[-97.75087,30.76123],[-97.75177,30.76202],[-97.75209,30.76276],[-97.75493,30.76476],[-97.75621,30.76435],[-97.75681,30.76439],[-97.76004,30.76566],[-97.76085,30.76657],[-97.76093,30.7671],[-97.76068,30.76769],[-97.76143,30.7684],[-97.76157,30.76902],[-97.76273,30.76965],[-97.76274,30.77024],[-97.76364,30.7706],[-97.76421,30.77058],[-97.76525,30.76966],[-97.76695,30.76915],[-97.76808,30.76955],[-97.76878,30.76948],[-97.76966,30.76891],[-97.77062,30.76872],[-97.7716,30.76752],[-97.77434,30.76762],[-97.77486,30.76878],[-97.77594,30.76895],[-97.77672,30.76883],[-97.77792,30.76942],[-97.77847,30.77067],[-97.77979,30.77103],[-97.78083,30.77243],[-97.7814,30.77283],[-97.78267,30.77291],[-97.78392,30.77235],[-97.78497,30.7722],[-97.78602,30.77262],[-97.78709,30.77347],[-97.78827,30.77367],[-97.78913,30.77469],[-97.79069,30.77505],[-97.79137,30.77632],[-97.79207,30.77701],[-97.79339,30.77727],[-97.79431,30.77824],[-97.79601,30.77913],[-97.79838,30.7798],[-97.80155,30.7817],[-97.80261,30.78301],[-97.80349,30.78365],[-97.8046,30.78408],[-97.80436,30.78526],[-97.80542,30.78656],[-97.80658,30.78631],[-97.80989,30.7865],[-97.81032,30.78771],[-97.8113,30.78778],[-97.81219,30.78843],[-97.81293,30.78955],[-97.81411,30.79029],[-97.81417,30.79143],[-97.81483,30.79217],[-97.81624,30.7933],[-97.81911,30.79627],[-97.8201,30.7968],[-97.82094,30.7999],[-97.82076,30.80026],[-97.81983,30.80089],[-97.82043,30.80373],[-97.8226,30.80609],[-97.82391,30.80727],[-97.82491,30.80781],[-97.82612,30.81093],[-97.82694,30.81088],[-97.82784,30.8117],[-97.82781,30.81305],[-97.82866,30.81356],[-97.82939,30.81453],[-97.83069,30.81505],[-97.83234,30.81625],[-97.83343,30.81662],[-97.83454,30.81764],[-97.83715,30.81877],[-97.83836,30.81885],[-97.83942,30.81945],[-97.83927,30.81987],[-97.83974,30.82108],[-97.84311,30.82379],[-97.84278,30.825],[-97.84217,30.82595],[-97.84271,30.82708],[-97.84388,30.82879],[-97.84479,30.8293],[-97.84587,30.83095],[-97.84708,30.8319],[-97.8481,30.83231],[-97.84855,30.83392],[-97.85106,30.83556],[-97.8622,30.83214],[-97.87492,30.86338],[-97.8281,30.90441],[-97.6803,30.87908]]]}},{"type":"Feature","properties":{"PRECINCT":"williamson:311","COUNTY":"Williamson"},"geometry":{"type":"Polygon","coordinates":[[[-97.60398,30.79396],[-97.59839,30.78033],[-97.59345,30.78184],[-97.59315,30.78172],[-97.58751,30.76863],[-97.5874,30.76737],[-97.58804,30.76593],[-97.58949,30.76489],[-97.60278,30.76072],[-97.60359,30.7603],[-97.60394,30.76034],[-97.61177,30.75791],[-97.61058,30.7551],[-97.61073,30.75479],[-97.62924,30.74891],[-97.62961,30.74899],[-97.63048,30.74987],[-97.63531,30.74842],[-97.63358,30.75398],[-97.63193,30.75795],[-97.63098,30.75824],[-97.6302,30.75977],[-97.62798,30.75916],[-97.62588,30.75981],[-97.62605,30.76026],[-97.62341,30.76438],[-97.62428,30.7684],[-97.62229,30.76902],[-97.62356,30.77207],[-97.62176,30.77264],[-97.62308,30.77598],[-97.62483,30.77539],[-97.62525,30.77627],[-97.62158,30.77746],[-97.62211,30.7787],[-97.62261,30.77854],[-97.62361,30.7809],[-97.62103,30.7901],[-97.62043,30.79011],[-97.6198,30.789],[-97.60398,30.79396]]]}},{"type":"Feature","properties":{"PRECINCT":"williamson:312","COUNTY":"Williamson"},"geometry":{"type":"Polygon","coordinates":[[[-97.63125,30.86754],[-97.6335,30.86631],[-97.63361,30.86647],[-97.63477,30.86522],[-97.63487,30.86464],[-97.63456,30.86406],[-97.63521,30.86126],[-97.635,30.85589],[-97.63805,30.85287],[-97.64136,30.85083],[-97.64238,30.84935],[-97.64195,30.84859],[-97.63922,30.84652],[-97.63876,30.84571],[-97.63915,30.84454],[-97.6407,30.84262],[-97.64114,30.84138],[-97.64227,30.83997],[-97.64341,30.83712],[-97.64158,30.83119],[-97.64205,30.82962],[-97.64291,30.82806],[-97.64299,30.82705],[-97.64467,30.82589],[-97.64595,30.82571],[-97.64875,30.82454],[-97.64914,30.82468],[-97.65063,30.82456],[-97.65088,30.8238],[-97.6551,30.82281],[-97.65592,30.82223],[-97.65703,30.82212],[-97.65866,30.82238],[-97.66107,30.82219],[-97.66216,30.82166],[-97.66334,30.82025],[-97.66499,30.81947],[-97.66633,30.81931],[-97.66935,30.82044],[-97.67096,30.82009],[-97.67299,30.81894],[-97.67563,30.81865],[-97.6759,30.81826],[-97.67648,30.81831],[-97.67751,30.81883],[-97.6782,30.81849],[-97.6807,30.8192],[-97.68083,30.81853],[-97.6792,30.81727],[-97.67528,30.80783],[-97.67494,30.80716],[-97.67436,30.80671],[-97.67454,30.80614],[-97.66101,30.77377],[-97.6479,30.77783],[-97.64776,30.77807],[-97.64829,30.7793],[-97.6482,30.77953],[-97.63782,30.78274],[-97.63857,30.78458],[-97.62266,30.78944],[-97.62167,30.79238],[-97.61571,30.8067],[-97.61394,30.80588],[-97.6141,30.80494],[-97.61456,30.805],[-97.61561,30.80294],[-97.62053,30.79155],[-97.62315,30.78264],[-97.62361,30.7809],[-97.62261,30.77854],[-97.62211,30.7787],[-97.62158,30.77746],[-97.62525,30.77627],[-97.62483,30.77539],[-97.62308,30.77598],[-97.62176,30.77264],[-97.62356,30.77207],[-97.62229,30.76902],[-97.62428,30.7684],[-97.62341,30.76438],[-97.62605,30.76026],[-97.62588,30.75981],[-97.62798,30.75916],[-97.6302,30.75977],[-97.63098,30.75824],[-97.63193,30.75795],[-97.63395,30.75293],[-97.63798,30.74005],[-97.63896,30.73608],[-97.63989,30.7356],[-97.64492,30.73441],[-97.66942,30.7268],[-97.67183,30.72603],[-97.67208,30.72574],[-97.69016,30.73542],[-97.69599,30.73912],[-97.69731,30.73766],[-97.70231,30.73564],[-97.70247,30.73541],[-97.71758,30.73075],[-97.72066,30.73791],[-97.71842,30.7386],[-97.71771,30.7369],[-97.70529,30.7407],[-97.70234,30.74311],[-97.70709,30.7461],[-97.70761,30.74597],[-97.70743,30.74554],[-97.70919,30.745],[-97.70836,30.74325],[-97.70954,30.74289],[-97.70969,30.74227],[-97.70949,30.74211],[-97.71194,30.74119],[-97.71233,30.74181],[-97.7131,30.74168],[-97.715,30.74269],[-97.71964,30.74156],[-97.7243,30.75253],[-97.72724,30.74974],[-97.73018,30.74616],[-97.73162,30.74938],[-97.73229,30.7475],[-97.73448,30.74421],[-97.73519,30.74363],[-97.73598,30.74343],[-97.73569,30.74424],[-97.73471,30.7447],[-97.73374,30.74574],[-97.73236,30.7479],[-97.7318,30.74926],[-97.73244,30.75045],[-97.73566,30.75362],[-97.73865,30.75539],[-97.73432,30.75668],[-97.73199,30.75092],[-97.72068,30.75441],[-97.72447,30.75575],[-97.71197,30.75987],[-97.71771,30.77388],[-97.71835,30.77368],[-97.72291,30.78404],[-97.72011,30.78498],[-97.72055,30.78615],[-97.71998,30.78631],[-97.72276,30.79326],[-97.7311,30.7908],[-97.73744,30.79007],[-97.7466,30.7872],[-97.75183,30.79957],[-97.6813,30.82194],[-97.68295,30.82527],[-97.68272,30.82534],[-97.68764,30.83683],[-97.66605,30.8437],[-97.6803,30.87908],[-97.65397,30.87464],[-97.62528,30.87019],[-97.6275,30.86879],[-97.63125,30.86754]]]}},{"type":"Feature","properties":{"PRECINCT":"williamson:314","COUNTY":"Williamson"},"geometry":{"type":"Polygon","coordinates":[[[-97.65758,30.65515],[-97.65613,30.65411],[-97.65247,30.65244],[-97.65204,30.652],[-97.65025,30.65105],[-97.64821,30.65078],[-97.64784,30.65089],[-97.64783,30.65113],[-97.64643,30.65164],[-97.64576,30.65155],[-97.64306,30.65205],[-97.64354,30.64137],[-97.64295,30.63803],[-97.6438,30.62485],[-97.64433,30.62304],[-97.64523,30.62188],[-97.64624,30.6211],[-97.64945,30.61992],[-97.65565,30.62472],[-97.65637,30.62634],[-97.65619,30.62892],[-97.65778,30.63204],[-97.65809,30.63501],[-97.66281,30.63359],[-97.66407,30.6334],[-97.69118,30.63305],[-97.68942,30.6385],[-97.68771,30.64153],[-97.68576,30.64375],[-97.68142,30.64748],[-97.6793,30.64982],[-97.67877,30.6495],[-97.6808,30.64738],[-97.68037,30.64646],[-97.67829,30.64649],[-97.67825,30.64524],[-97.67356,30.646],[-97.67155,30.64677],[-97.66809,30.65022],[-97.6661,30.65152],[-97.66125,30.65383],[-97.65998,30.65501],[-97.65902,30.65522],[-97.65758,30.65515]]]}},{"type":"Feature","properties":{"PRECINCT":"williamson:318","COUNTY":"Williamson"},"geometry":{"type":"Polygon","coordinates":[[[-97.71584,30.50745],[-97.72093,30.50029],[-97.72096,30.50237],[-97.72051,30.50372],[-97.72139,30.50414],[-97.72218,30.50362],[-97.72412,30.50854],[-97.72005,30.50981],[-97.72148,30.51323],[-97.71713,30.51468],[-97.71702,30.51349],[-97.71782,30.51009],[-97.71743,30.50899],[-97.71584,30.50745]]]}},{"type":"Feature","properties":{"PRECINCT":"williamson:319","COUNTY":"Williamson"},"geometry":{"type":"Polygon","coordinates":[[[-97.71729,30.51549],[-97.71826,30.51792],[-97.71494,30.51901],[-97.71445,30.51948],[-97.70986,30.52035],[-97.70973,30.52001],[-97.71428,30.51899],[-97.71681,30.51572],[-97.71729,30.51549]]]}},{"type":"Feature","properties":{"PRECINCT":"williamson:320","COUNTY":"Williamson"},"geometry":{"type":"Polygon","coordinates":[[[-97.73366,30.53188],[-97.72692,30.53184],[-97.72441,30.53144],[-97.72428,30.53054],[-97.72242,30.52596],[-97.72492,30.52595],[-97.72655,30.52574],[-97.72809,30.52527],[-97.73104,30.52289],[-97.73414,30.5222],[-97.73597,30.52149],[-97.7374,30.52058],[-97.73998,30.51964],[-97.74544,30.51918],[-97.74789,30.5205],[-97.74853,30.52168],[-97.74916,30.52411],[-97.7497,30.52512],[-97.75142,30.52714],[-97.75247,30.52795],[-97.75677,30.52964],[-97.76018,30.53017],[-97.76292,30.53141],[-97.76677,30.53203],[-97.76723,30.53232],[-97.76825,30.53351],[-97.76685,30.53722],[-97.76877,30.54169],[-97.76045,30.54414],[-97.75877,30.53991],[-97.75792,30.53916],[-97.74798,30.53796],[-97.7413,30.53517],[-97.73834,30.53342],[-97.73366,30.53188]]]}},{"type":"Feature","properties":{"PRECINCT":"williamson:331","COUNTY":"Williamson"},"geometry":{"type":"Polygon","coordinates":[[[-97.77636,30.58251],[-97.77594,30.58154],[-97.77669,30.58131],[-97.77707,30.58221],[-97.78147,30.58072],[-97.78183,30.57884],[-97.7833,30.57726],[-97.78344,30.57659],[-97.78119,30.57728],[-97.78061,30.57707],[-97.78066,30.57602],[-97.78114,30.57489],[-97.78115,30.57385],[-97.78022,30.57182],[-97.77804,30.56943],[-97.77058,30.57178],[-97.76833,30.56624],[-97.77382,30.56447],[-97.77284,30.56281],[-97.77486,30.56224],[-97.77538,30.56343],[-97.78043,30.55854],[-97.78058,30.55782],[-97.78195,30.55769],[-97.78224,30.55666],[-97.78309,30.55575],[-97.79521,30.5521],[-97.79905,30.56125],[-97.78953,30.56403],[-97.77706,30.56818],[-97.78003,30.57131],[-97.78152,30.57407],[-97.78078,30.57685],[-97.78141,30.57705],[-97.78427,30.57628],[-97.78464,30.57661],[-97.78379,30.57715],[-97.78484,30.5798],[-97.77636,30.58251]]]}},{"type":"Feature","properties":{"PRECINCT":"williamson:332","COUNTY":"Williamson"},"geometry":{"type":"Polygon","coordinates":[[[-97.70631,30.60325],[-97.70467,30.60292],[-97.70458,30.60346],[-97.69682,30.60349],[-97.6899,30.60436],[-97.69053,30.60241],[-97.68798,30.60199],[-97.691,30.59464],[-97.69298,30.58717],[-97.69334,30.58401],[-97.69339,30.57995],[-97.69369,30.57904],[-97.69436,30.57815],[-97.69458,30.57725],[-97.69274,30.57728],[-97.69266,30.57459],[-97.6972,30.57356],[-97.70387,30.57165],[-97.70468,30.57418],[-97.70575,30.57377],[-97.70649,30.57428],[-97.70843,30.57492],[-97.71053,30.57692],[-97.71148,30.57746],[-97.71205,30.5776],[-97.7134,30.57744],[-97.71422,30.57766],[-97.71594,30.57947],[-97.7169,30.58014],[-97.71766,30.58035],[-97.71911,30.58021],[-97.72013,30.58066],[-97.72051,30.58106],[-97.72047,30.58172],[-97.72101,30.58265],[-97.72107,30.58358],[-97.72152,30.58471],[-97.72199,30.58524],[-97.72403,30.58641],[-97.72454,30.58639],[-97.72501,30.58672],[-97.72606,30.58646],[-97.72655,30.58524],[-97.72686,30.58477],[-97.72713,30.58476],[-97.72763,30.58655],[-97.72794,30.58678],[-97.73072,30.58713],[-97.73229,30.58865],[-97.73294,30.58864],[-97.73644,30.58749],[-97.73858,30.58854],[-97.73934,30.58861],[-97.74049,30.58784],[-97.74185,30.5864],[-97.74272,30.58632],[-97.74313,30.58586],[-97.74415,30.58568],[-97.74563,30.58489],[-97.74663,30.58535],[-97.74789,30.58448],[-97.74586,30.57936],[-97.75616,30.57625],[-97.75127,30.5634],[-97.75499,30.56219],[-97.75448,30.56097],[-97.75466,30.55964],[-97.75619,30.55895],[-97.75723,30.55786],[-97.75773,30.55679],[-97.75815,30.55464],[-97.75871,30.55368],[-97.75958,30.55582],[-97.76498,30.55275],[-97.76347,30.55123],[-97.76045,30.54414],[-97.77076,30.54101],[-97.77336,30.53974],[-97.77688,30.53727],[-97.7782,30.53827],[-97.77862,30.53869],[-97.7788,30.53951],[-97.77945,30.53973],[-97.77977,30.54022],[-97.78028,30.54308],[-97.78149,30.5456],[-97.78209,30.54562],[-97.7823,30.54615],[-97.78212,30.54673],[-97.78241,30.54674],[-97.78284,30.54727],[-97.78291,30.54909],[-97.78418,30.54963],[-97.78625,30.54934],[-97.78667,30.54953],[-97.78709,30.55026],[-97.78698,30.55166],[-97.78627,30.55235],[-97.78493,30.55267],[-97.78453,30.5533],[-97.78293,30.55419],[-97.78308,30.55579],[-97.78224,30.55666],[-97.78195,30.55769],[-97.78058,30.55782],[-97.78043,30.55854],[-97.77538,30.56343],[-97.77486,30.56224],[-97.77284,30.56281],[-97.77382,30.56447],[-97.76833,30.56624],[-97.77058,30.57178],[-97.77804,30.56943],[-97.78022,30.57182],[-97.78115,30.57385],[-97.78114,30.57489],[-97.78066,30.57602],[-97.78061,30.57707],[-97.78119,30.57728],[-97.78344,30.57659],[-97.7833,30.57726],[-97.78183,30.57884],[-97.78147,30.58072],[-97.77707,30.58221],[-97.77669,30.58131],[-97.77594,30.58154],[-97.77636,30.58251],[-97.78484,30.5798],[-97.78379,30.57715],[-97.78489,30.57646],[-97.78629,30.57764],[-97.78718,30.57934],[-97.78943,30.58009],[-97.79127,30.58156],[-97.79739,30.58813],[-97.80061,30.59001],[-97.80458,30.59054],[-97.80105,30.59475],[-97.79997,30.5954],[-97.79845,30.59567],[-97.79739,30.59552],[-97.7944,30.59446],[-97.79156,30.5944],[-97.78834,30.5951],[-97.78607,30.59534],[-97.77481,30.59567],[-97.76459,30.59708],[-97.76453,30.59692],[-97.75845,30.59851],[-97.75338,30.59901],[-97.74537,30.60132],[-97.72489,30.60316],[-97.7224,30.60368],[-97.72224,30.60318],[-97.72008,30.60381],[-97.71248,30.60766],[-97.71074,30.60573],[-97.70612,30.60377],[-97.70631,30.60325]]]}},{"type":"Feature","properties":{"PRECINCT":"williamson:333","COUNTY":"Williamson"},"geometry":{"type":"Polygon","coordinates":[[[-97.75127,30.5634],[-97.75036,30.56082],[-97.75004,30.56092],[-97.75032,30.56077],[-97.74824,30.55584],[-97.75321,30.5543],[-97.75326,30.55473],[-97.7524,30.55577],[-97.75293,30.55667],[-97.75465,30.55803],[-97.7547,30.55934],[-97.75615,30.55861],[-97.75717,30.55735],[-97.75782,30.5546],[-97.75858,30.55337],[-97.75835,30.55279],[-97.76347,30.55123],[-97.76498,30.55275],[-97.75958,30.55582],[-97.75871,30.55368],[-97.75815,30.55464],[-97.75773,30.55679],[-97.75723,30.55786],[-97.75619,30.55895],[-97.75466,30.55964],[-97.75448,30.56097],[-97.75499,30.56219],[-97.75127,30.5634]]]}},{"type":"Feature","properties":{"PRECINCT":"williamson:341","COUNTY":"Williamson"},"geometry":{"type":"Polygon","coordinates":[[[-97.6629,30.70505],[-97.65752,30.70347],[-97.65656,30.7035],[-97.65495,30.70395],[-97.65322,30.70216],[-97.65203,30.70175],[-97.65846,30.68528],[-97.66082,30.67993],[-97.67911,30.65007],[-97.68082,30.64806],[-97.68341,30.64576],[-97.68386,30.64724],[-97.68386,30.64915],[-97.68363,30.65018],[-97.68325,30.65052],[-97.68316,30.65132],[-97.68377,30.6523],[-97.6848,30.65297],[-97.68578,30.65312],[-97.68856,30.65265],[-97.68969,30.65198],[-97.69098,30.65159],[-97.69288,30.65151],[-97.69464,30.65204],[-97.69647,30.65327],[-97.69633,30.65373],[-97.69657,30.65358],[-97.69906,30.65744],[-97.70209,30.66023],[-97.70316,30.66146],[-97.70361,30.66253],[-97.70468,30.66336],[-97.70574,30.66329],[-97.70648,30.66281],[-97.70697,30.66143],[-97.7083,30.6612],[-97.70923,30.66137],[-97.71203,30.66251],[-97.71366,30.66284],[-97.71531,30.66275],[-97.71594,30.6625],[-97.71741,30.66255],[-97.72066,30.66395],[-97.72042,30.66452],[-97.71903,30.66388],[-97.71754,30.66399],[-97.71698,30.66475],[-97.71698,30.66453],[-97.71333,30.66424],[-97.71071,30.6624],[-97.71046,30.66277],[-97.70997,30.66263],[-97.70999,30.66313],[-97.70874,30.66355],[-97.70825,30.66334],[-97.70695,30.66424],[-97.70536,30.66413],[-97.70458,30.66361],[-97.70439,30.66396],[-97.70452,30.66769],[-97.7034,30.66764],[-97.70251,30.66734],[-97.6983,30.66481],[-97.69425,30.66441],[-97.69233,30.66552],[-97.68641,30.65977],[-97.68502,30.66106],[-97.68569,30.66164],[-97.68339,30.66258],[-97.68403,30.66346],[-97.68557,30.66432],[-97.68593,30.66532],[-97.68523,30.66717],[-97.68599,30.66945],[-97.6837,30.66987],[-97.68361,30.67175],[-97.68453,30.67296],[-97.6869,30.67379],[-97.68712,30.67592],[-97.68743,30.67674],[-97.68956,30.67703],[-97.69069,30.67841],[-97.6909,30.67897],[-97.68961,30.67989],[-97.68912,30.68101],[-97.68998,30.68313],[-97.68665,30.68542],[-97.68487,30.68712],[-97.68346,30.68773],[-97.68294,30.68755],[-97.68257,30.68689],[-97.68193,30.6867],[-97.68143,30.68593],[-97.67964,30.68683],[-97.67934,30.6872],[-97.67926,30.68904],[-97.67903,30.68947],[-97.67584,30.68939],[-97.6728,30.68784],[-97.67106,30.69118],[-97.66898,30.69133],[-97.66895,30.6928],[-97.66861,30.69371],[-97.66953,30.69401],[-97.66587,30.70082],[-97.66581,30.70215],[-97.66612,30.70216],[-97.66624,30.70498],[-97.6629,30.70505]],[[-97.68313,30.66376],[-97.68261,30.66393],[-97.68071,30.66284],[-97.67503,30.66509],[-97.67459,30.66492],[-97.67392,30.66561],[-97.67243,30.66556],[-97.67239,30.66666],[-97.67103,30.66941],[-97.67339,30.66933],[-97.67371,30.66953],[-97.67384,30.67017],[-97.68346,30.66723],[-97.68354,30.66645],[-97.68429,30.66491],[-97.68296,30.66415],[-97.68313,30.66376]]]}},{"type":"Feature","properties":{"PRECINCT":"williamson:342","COUNTY":"Williamson"},"geometry":{"type":"Polygon","coordinates":[[[-97.66485,30.60578],[-97.66252,30.60636],[-97.6617,30.60612],[-97.6613,30.60506],[-97.66169,30.60496],[-97.66154,30.60456],[-97.66114,30.60464],[-97.66096,30.60417],[-97.65932,30.60467],[-97.65766,30.60056],[-97.66045,30.59971],[-97.66022,30.59917],[-97.66223,30.59856],[-97.66128,30.59626],[-97.66418,30.59535],[-97.66467,30.59643],[-97.66619,30.59594],[-97.66574,30.59487],[-97.66604,30.59477],[-97.66544,30.59175],[-97.66012,30.5934],[-97.66111,30.59584],[-97.65645,30.59724],[-97.65485,30.59338],[-97.65953,30.59192],[-97.65832,30.58898],[-97.65758,30.58801],[-97.66985,30.58416],[-97.67042,30.58536],[-97.67084,30.58561],[-97.67064,30.58607],[-97.67271,30.59106],[-97.67328,30.59089],[-97.67334,30.59104],[-97.67772,30.58965],[-97.67654,30.58714],[-97.681,30.58567],[-97.68081,30.58492],[-97.6815,30.58658],[-97.68269,30.58621],[-97.68325,30.58755],[-97.68205,30.58792],[-97.68214,30.58835],[-97.69037,30.58582],[-97.692,30.5859],[-97.6911,30.59021],[-97.68673,30.59158],[-97.68701,30.59226],[-97.68724,30.59218],[-97.68794,30.59433],[-97.68823,30.59432],[-97.68749,30.59543],[-97.68473,30.59632],[-97.6838,30.59231],[-97.68348,30.59159],[-97.68329,30.59165],[-97.68403,30.59439],[-97.68214,30.59492],[-97.68292,30.59688],[-97.68448,30.59641],[-97.68562,30.59908],[-97.68297,30.60712],[-97.68126,30.60666],[-97.67942,30.60656],[-97.67143,30.60841],[-97.67162,30.60727],[-97.67453,30.60654],[-97.67401,30.605],[-97.67707,30.60405],[-97.67779,30.60279],[-97.67582,30.59855],[-97.67306,30.59941],[-97.67325,30.59991],[-97.66858,30.60135],[-97.66977,30.60251],[-97.67162,30.60562],[-97.67188,30.60521],[-97.67216,30.6053],[-97.67204,30.6065],[-97.67145,30.60725],[-97.67126,30.60845],[-97.66895,30.60905],[-97.66885,30.60873],[-97.66942,30.60679],[-97.66911,30.60613],[-97.66945,30.60602],[-97.66902,30.60493],[-97.66941,30.60429],[-97.66886,30.60284],[-97.66586,30.60392],[-97.6663,30.60496],[-97.66493,30.60563],[-97.66746,30.60491],[-97.66817,30.60643],[-97.66556,30.60712],[-97.66663,30.60964],[-97.66485,30.60578]]]}},{"type":"Feature","properties":{"PRECINCT":"williamson:343","COUNTY":"Williamson"},"geometry":{"type":"Polygon","coordinates":[[[-97.72603,30.63454],[-97.71095,30.63276],[-97.69214,30.63304],[-97.69253,30.63139],[-97.69253,30.62946],[-97.6917,30.62606],[-97.69118,30.6261],[-97.6911,30.62582],[-97.69161,30.62583],[-97.69103,30.6239],[-97.69067,30.62092],[-97.68922,30.61757],[-97.6872,30.60975],[-97.68718,30.6079],[-97.68689,30.60735],[-97.68749,30.60628],[-97.68736,30.60388],[-97.68798,30.60199],[-97.69053,30.60241],[-97.6899,30.60436],[-97.69598,30.60354],[-97.70248,30.60335],[-97.70458,30.60346],[-97.70467,30.60292],[-97.70604,30.60318],[-97.70631,30.60325],[-97.70612,30.60377],[-97.71074,30.60573],[-97.71248,30.60766],[-97.72008,30.60381],[-97.72224,30.60318],[-97.7224,30.60368],[-97.72489,30.60316],[-97.74537,30.60132],[-97.75338,30.59901],[-97.75845,30.59851],[-97.76453,30.59692],[-97.76555,30.59965],[-97.75812,30.60126],[-97.75468,30.60149],[-97.74646,30.60403],[-97.72535,30.60592],[-97.72416,30.60692],[-97.72245,30.60739],[-97.71377,30.61177],[-97.71522,30.6139],[-97.71778,30.61945],[-97.71919,30.6189],[-97.7199,30.61894],[-97.721,30.6184],[-97.72294,30.61821],[-97.72724,30.62019],[-97.72818,30.62179],[-97.72845,30.62327],[-97.72963,30.62388],[-97.73127,30.62393],[-97.73265,30.62315],[-97.73438,30.61954],[-97.73484,30.61926],[-97.73559,30.61896],[-97.73753,30.61894],[-97.73825,30.61855],[-97.74092,30.618],[-97.74089,30.62226],[-97.73936,30.62235],[-97.73969,30.62435],[-97.73949,30.62593],[-97.73962,30.63165],[-97.74269,30.63109],[-97.74481,30.63097],[-97.75265,30.63158],[-97.74619,30.63114],[-97.74281,30.63122],[-97.72765,30.63452],[-97.72603,30.63454]]]}},{"type":"Feature","properties":{"PRECINCT":"williamson:344","COUNTY":"Williamson"},"geometry":{"type":"Polygon","coordinates":[[[-97.71717,30.66251],[-97.71366,30.66284],[-97.71203,30.66251],[-97.70875,30.66124],[-97.70751,30.66125],[-97.70683,30.66156],[-97.70648,30.66281],[-97.70574,30.66329],[-97.70468,30.66336],[-97.70361,30.66253],[-97.70316,30.66146],[-97.70209,30.66023],[-97.69906,30.65744],[-97.69657,30.65358],[-97.69633,30.65373],[-97.69647,30.65327],[-97.69464,30.65204],[-97.69288,30.65151],[-97.69098,30.65159],[-97.68969,30.65198],[-97.68856,30.65265],[-97.6855,30.65312],[-97.68414,30.6526],[-97.68334,30.65183],[-97.68325,30.65052],[-97.68363,30.65018],[-97.68386,30.64915],[-97.68386,30.64724],[-97.68341,30.64576],[-97.68652,30.64295],[-97.68832,30.64066],[-97.68942,30.6385],[-97.69118,30.63305],[-97.70683,30.63281],[-97.70711,30.63395],[-97.70814,30.63388],[-97.70986,30.6378],[-97.71107,30.6375],[-97.71398,30.64482],[-97.71599,30.64915],[-97.71651,30.64788],[-97.71066,30.63386],[-97.70976,30.63458],[-97.70938,30.63367],[-97.71072,30.6335],[-97.71678,30.64811],[-97.71586,30.64986],[-97.71503,30.65053],[-97.7132,30.65048],[-97.71264,30.65025],[-97.71003,30.64695],[-97.70971,30.64585],[-97.70992,30.6445],[-97.70768,30.64455],[-97.70807,30.64646],[-97.7051,30.64654],[-97.69831,30.65206],[-97.69902,30.65249],[-97.69872,30.65282],[-97.69788,30.65241],[-97.69813,30.65221],[-97.69777,30.65204],[-97.69704,30.65263],[-97.69722,30.65307],[-97.69736,30.65298],[-97.69836,30.65396],[-97.69919,30.65409],[-97.70034,30.65393],[-97.70154,30.65419],[-97.70404,30.65629],[-97.7046,30.65581],[-97.70655,30.65765],[-97.70764,30.65913],[-97.70785,30.65886],[-97.71455,30.66179],[-97.71975,30.66028],[-97.71924,30.65853],[-97.72231,30.65759],[-97.72246,30.65939],[-97.72066,30.66395],[-97.71717,30.66251]]]}},{"type":"Feature","properties":{"PRECINCT":"williamson:345","COUNTY":"Williamson"},"geometry":{"type":"Polygon","coordinates":[[[-97.74533,30.63097],[-97.74269,30.63109],[-97.73962,30.63165],[-97.73949,30.62593],[-97.73969,30.62435],[-97.73936,30.62235],[-97.74089,30.62226],[-97.74092,30.618],[-97.73825,30.61855],[-97.73753,30.61894],[-97.73559,30.61896],[-97.73484,30.61926],[-97.73438,30.61954],[-97.73265,30.62315],[-97.73127,30.62393],[-97.72963,30.62388],[-97.72845,30.62327],[-97.72818,30.62179],[-97.72724,30.62019],[-97.72294,30.61821],[-97.721,30.6184],[-97.7199,30.61894],[-97.71919,30.6189],[-97.71778,30.61945],[-97.71522,30.6139],[-97.71377,30.61177],[-97.72245,30.60739],[-97.72416,30.60692],[-97.72535,30.60592],[-97.74646,30.60403],[-97.75468,30.60149],[-97.75812,30.60126],[-97.76555,30.59965],[-97.76459,30.59708],[-97.77481,30.59567],[-97.78557,30.59538],[-97.78834,30.5951],[-97.79156,30.5944],[-97.7944,30.59446],[-97.7977,30.5956],[-97.79938,30.59557],[-97.79978,30.59637],[-97.79703,30.59981],[-97.80054,30.60822],[-97.80602,30.60656],[-97.80635,30.60734],[-97.80455,30.60811],[-97.80281,30.6108],[-97.7991,30.61338],[-97.79621,30.6142],[-97.7941,30.61399],[-97.7919,30.6133],[-97.78902,30.6142],[-97.78556,30.61576],[-97.77989,30.61776],[-97.77787,30.61905],[-97.77741,30.61974],[-97.7771,30.62104],[-97.77632,30.62231],[-97.77618,30.62331],[-97.77588,30.62369],[-97.7804,30.63397],[-97.77947,30.63456],[-97.76215,30.63223],[-97.74533,30.63097]]]}},{"type":"Feature","properties":{"PRECINCT":"williamson:346","COUNTY":"Williamson"},"geometry":{"type":"Polygon","coordinates":[[[-97.82882,30.69625],[-97.82832,30.69608],[-97.82814,30.69589],[-97.82851,30.69486],[-97.82941,30.69382],[-97.82892,30.69342],[-97.82805,30.69461],[-97.82739,30.69489],[-97.82469,30.69507],[-97.82325,30.69366],[-97.82373,30.69084],[-97.82329,30.69083],[-97.823,30.69004],[-97.82338,30.68917],[-97.82144,30.68946],[-97.82059,30.68862],[-97.82054,30.68762],[-97.81901,30.68825],[-97.81787,30.68724],[-97.81754,30.68821],[-97.81492,30.68868],[-97.81188,30.68839],[-97.81177,30.68726],[-97.81051,30.68642],[-97.80472,30.6889],[-97.80329,30.68888],[-97.80228,30.68838],[-97.80024,30.6882],[-97.79693,30.68646],[-97.79642,30.68591],[-97.79669,30.68468],[-97.79936,30.68396],[-97.80068,30.68301],[-97.80034,30.68214],[-97.79898,30.68275],[-97.7978,30.68199],[-97.79709,30.68205],[-97.79205,30.6792],[-97.79218,30.67757],[-97.79,30.67628],[-97.78892,30.67662],[-97.78566,30.66873],[-97.78581,30.66857],[-97.78104,30.67],[-97.7798,30.66875],[-97.77884,30.66907],[-97.77865,30.66874],[-97.77381,30.67017],[-97.7715,30.66722],[-97.76832,30.66821],[-97.76546,30.66154],[-97.76137,30.66279],[-97.75903,30.66679],[-97.75621,30.66672],[-97.75738,30.66347],[-97.75631,30.66289],[-97.75277,30.66494],[-97.75115,30.66395],[-97.75149,30.66069],[-97.75105,30.66019],[-97.75096,30.66075],[-97.74736,30.66546],[-97.74926,30.66646],[-97.73997,30.66925],[-97.73626,30.66109],[-97.73529,30.66007],[-97.73404,30.65943],[-97.72914,30.6581],[-97.72881,30.65897],[-97.72726,30.66049],[-97.72706,30.66185],[-97.72631,30.66233],[-97.72457,30.657],[-97.72337,30.65718],[-97.71924,30.65853],[-97.71975,30.66028],[-97.71455,30.66179],[-97.70785,30.65886],[-97.70764,30.65913],[-97.70655,30.65765],[-97.7046,30.65581],[-97.70404,30.65629],[-97.70154,30.65419],[-97.70034,30.65393],[-97.69919,30.65409],[-97.69836,30.65396],[-97.69736,30.65298],[-97.69722,30.65307],[-97.69704,30.65263],[-97.69777,30.65204],[-97.69813,30.65221],[-97.69788,30.65241],[-97.69872,30.65282],[-97.69902,30.65249],[-97.69831,30.65206],[-97.7051,30.64654],[-97.70807,30.64646],[-97.70768,30.64455],[-97.70992,30.6445],[-97.70971,30.64585],[-97.71003,30.64695],[-97.71241,30.65008],[-97.7132,30.65048],[-97.71503,30.65053],[-97.71537,30.65035],[-97.71675,30.64824],[-97.71072,30.6335],[-97.70938,30.63367],[-97.70976,30.63458],[-97.71066,30.63386],[-97.71651,30.64788],[-97.71599,30.64915],[-97.71398,30.64482],[-97.71107,30.6375],[-97.70986,30.6378],[-97.70814,30.63388],[-97.70711,30.63395],[-97.70683,30.63281],[-97.71299,30.63284],[-97.72603,30.63454],[-97.72844,30.63437],[-97.74096,30.63149],[-97.74405,30.63113],[-97.7607,30.63212],[-97.76486,30.63259],[-97.76514,30.6388],[-97.76583,30.64175],[-97.76733,30.64527],[-97.76906,30.645],[-97.77064,30.64553],[-97.77177,30.64409],[-97.77181,30.64316],[-97.77276,30.6414],[-97.7733,30.64125],[-97.7741,30.64194],[-97.77396,30.64232],[-97.77428,30.64484],[-97.77462,30.64582],[-97.77523,30.64641],[-97.77622,30.64879],[-97.77711,30.64982],[-97.77773,30.6502],[-97.77845,30.65016],[-97.78051,30.64803],[-97.78174,30.6485],[-97.78246,30.64919],[-97.78274,30.64972],[-97.77521,30.65196],[-97.7771,30.65457],[-97.77894,30.65432],[-97.77989,30.65497],[-97.77997,30.65604],[-97.78097,30.65738],[-97.78132,30.65899],[-97.78109,30.65954],[-97.7797,30.65985],[-97.77994,30.66083],[-97.781,30.66254],[-97.78211,30.66237],[-97.7833,30.66169],[-97.78368,30.66119],[-97.78505,30.66062],[-97.78602,30.66277],[-97.794,30.66001],[-97.79797,30.65895],[-97.80533,30.65653],[-97.81008,30.66737],[-97.81067,30.66754],[-97.81165,30.66871],[-97.81189,30.67038],[-97.81242,30.67063],[-97.81388,30.67004],[-97.81518,30.66994],[-97.81597,30.67118],[-97.81605,30.67196],[-97.81693,30.67244],[-97.81764,30.67331],[-97.81754,30.67416],[-97.81799,30.67425],[-97.81799,30.67453],[-97.81653,30.67579],[-97.81656,30.67611],[-97.81735,30.6768],[-97.81791,30.67776],[-97.8182,30.67799],[-97.81862,30.67797],[-97.81984,30.67735],[-97.82106,30.67758],[-97.82186,30.67822],[-97.82305,30.67845],[-97.82379,30.67907],[-97.82462,30.6792],[-97.82459,30.68021],[-97.82499,30.68065],[-97.82755,30.68134],[-97.82801,30.68173],[-97.8326,30.68319],[-97.83356,30.68376],[-97.83416,30.68448],[-97.83522,30.68674],[-97.83267,30.68868],[-97.83225,30.68939],[-97.83137,30.69278],[-97.82864,30.69474],[-97.82824,30.69592],[-97.82882,30.69625]]]}},{"type":"Feature","properties":{"PRECINCT":"williamson:360","COUNTY":"Williamson"},"geometry":{"type":"Polygon","coordinates":[[[-97.73387,30.51838],[-97.73032,30.51036],[-97.72148,30.51323],[-97.72005,30.50981],[-97.72412,30.50854],[-97.72218,30.50362],[-97.72139,30.50414],[-97.72051,30.50372],[-97.72096,30.50237],[-97.72093,30.50029],[-97.7257,30.49367],[-97.72928,30.49521],[-97.73497,30.49509],[-97.7365,30.49542],[-97.73821,30.49679],[-97.74021,30.49898],[-97.74071,30.49995],[-97.74081,30.50093],[-97.74058,30.50187],[-97.73879,30.50464],[-97.73766,30.50709],[-97.73625,30.51291],[-97.7339,30.51656],[-97.73387,30.51838]]]}},{"type":"Feature","properties":{"PRECINCT":"williamson:367","COUNTY":"Williamson"},"geometry":{"type":"Polygon","coordinates":[[[-97.66928,30.61849],[-97.66883,30.61736],[-97.66835,30.61755],[-97.66718,30.61474],[-97.66802,30.61322],[-97.66713,30.61117],[-97.67556,30.60862],[-97.67772,30.61347],[-97.6744,30.61448],[-97.67376,30.61298],[-97.67111,30.6138],[-97.67142,30.61459],[-97.67056,30.61485],[-97.67082,30.6156],[-97.66952,30.616],[-97.67024,30.61816],[-97.66928,30.61849]]]}},{"type":"Feature","properties":{"PRECINCT":"williamson:368","COUNTY":"Williamson"},"geometry":{"type":"Polygon","coordinates":[[[-97.65613,30.62552],[-97.6555,30.62455],[-97.64945,30.61992],[-97.64663,30.62088],[-97.64498,30.62215],[-97.6449,30.62143],[-97.64449,30.62098],[-97.64056,30.61164],[-97.64365,30.61071],[-97.64522,30.61055],[-97.64634,30.61061],[-97.65069,30.61162],[-97.65499,30.61231],[-97.65666,30.61234],[-97.6578,30.61189],[-97.6582,30.61259],[-97.65952,30.61165],[-97.66041,30.61132],[-97.67844,30.60678],[-97.67995,30.60663],[-97.68137,30.60677],[-97.68532,30.608],[-97.68601,30.60791],[-97.68689,30.60735],[-97.68718,30.6079],[-97.68709,30.60885],[-97.68751,30.6115],[-97.68832,30.61446],[-97.68922,30.61757],[-97.69067,30.62092],[-97.69103,30.6239],[-97.69161,30.62583],[-97.6911,30.62582],[-97.69118,30.6261],[-97.6917,30.62606],[-97.69253,30.62946],[-97.69253,30.63139],[-97.69214,30.63304],[-97.66407,30.6334],[-97.66281,30.63359],[-97.65809,30.63501],[-97.65778,30.63204],[-97.65619,30.62892],[-97.65639,30.62655],[-97.65613,30.62552]],[[-97.67138,30.61453],[-97.67111,30.6138],[-97.67376,30.61298],[-97.6744,30.61448],[-97.67772,30.61347],[-97.67556,30.60862],[-97.66713,30.61117],[-97.66802,30.61322],[-97.66718,30.61474],[-97.66835,30.61755],[-97.66883,30.61736],[-97.66928,30.61849],[-97.67024,30.61816],[-97.66952,30.616],[-97.67082,30.6156],[-97.67056,30.61485],[-97.67138,30.61453]]]}},{"type":"Feature","properties":{"PRECINCT":"williamson:369","COUNTY":"Williamson"},"geometry":{"type":"Polygon","coordinates":[[[-97.6582,30.61259],[-97.6578,30.61189],[-97.65666,30.61234],[-97.65499,30.61231],[-97.65069,30.61162],[-97.64634,30.61061],[-97.64522,30.61055],[-97.64365,30.61071],[-97.64056,30.61164],[-97.63506,30.59879],[-97.63872,30.59768],[-97.63765,30.59455],[-97.63776,30.59421],[-97.64485,30.59184],[-97.65758,30.58801],[-97.65832,30.58898],[-97.65953,30.59192],[-97.65485,30.59338],[-97.65645,30.59724],[-97.66111,30.59584],[-97.66012,30.5934],[-97.66544,30.59175],[-97.66604,30.59477],[-97.66574,30.59487],[-97.66619,30.59594],[-97.66467,30.59643],[-97.66418,30.59535],[-97.66128,30.59626],[-97.66223,30.59856],[-97.66022,30.59917],[-97.66045,30.59971],[-97.65766,30.60056],[-97.65932,30.60467],[-97.66096,30.60417],[-97.66114,30.60464],[-97.66154,30.60456],[-97.66169,30.60496],[-97.6613,30.60506],[-97.6617,30.60612],[-97.66252,30.60636],[-97.6648,30.60567],[-97.6665,30.60967],[-97.66556,30.60712],[-97.66817,30.60643],[-97.66746,30.60491],[-97.66493,30.60563],[-97.6663,30.60496],[-97.66586,30.60392],[-97.66886,30.60284],[-97.66941,30.60429],[-97.66902,30.60493],[-97.66945,30.60602],[-97.66911,30.60613],[-97.66942,30.60679],[-97.66885,30.60873],[-97.66895,30.60905],[-97.67126,30.60845],[-97.67145,30.60725],[-97.67204,30.6065],[-97.67216,30.6053],[-97.67188,30.60521],[-97.67162,30.60562],[-97.66977,30.60251],[-97.66858,30.60135],[-97.67325,30.59991],[-97.67306,30.59941],[-97.67582,30.59855],[-97.67779,30.60279],[-97.67707,30.60405],[-97.67401,30.605],[-97.67453,30.60654],[-97.67162,30.60727],[-97.67143,30.60841],[-97.67793,30.60683],[-97.67942,30.60656],[-97.68126,30.60666],[-97.68297,30.60712],[-97.68562,30.59908],[-97.68448,30.59641],[-97.68292,30.59688],[-97.68214,30.59492],[-97.68403,30.59439],[-97.68329,30.59165],[-97.68348,30.59159],[-97.6838,30.59231],[-97.68473,30.59632],[-97.68749,30.59543],[-97.68823,30.59432],[-97.68794,30.59433],[-97.68724,30.59218],[-97.68701,30.59226],[-97.68673,30.59158],[-97.6911,30.59021],[-97.692,30.5859],[-97.69037,30.58582],[-97.68214,30.58835],[-97.68205,30.58792],[-97.68325,30.58755],[-97.68269,30.58621],[-97.6815,30.58658],[-97.68081,30.58492],[-97.681,30.58567],[-97.67654,30.58714],[-97.67772,30.58965],[-97.67334,30.59104],[-97.67328,30.59089],[-97.67271,30.59106],[-97.67064,30.58607],[-97.67084,30.58561],[-97.67042,30.58536],[-97.66985,30.58416],[-97.6912,30.57742],[-97.69458,30.57725],[-97.69436,30.57815],[-97.69369,30.57904],[-97.69339,30.57995],[-97.69326,30.58503],[-97.69251,30.58941],[-97.691,30.59464],[-97.68744,30.60343],[-97.68749,30.60628],[-97.68689,30.60735],[-97.68601,30.60791],[-97.68532,30.608],[-97.68137,30.60677],[-97.67995,30.60663],[-97.67844,30.60678],[-97.66041,30.61132],[-97.65952,30.61165],[-97.6582,30.61259]]]}},{"type":"Feature","properties":{"PRECINCT":"williamson:370","COUNTY":"Williamson"},"geometry":{"type":"Polygon","coordinates":[[[-97.647,30.70153],[-97.64592,30.70147],[-97.64551,30.70059],[-97.64485,30.70013],[-97.64458,30.69915],[-97.6438,30.69818],[-97.64324,30.6978],[-97.64221,30.69766],[-97.64167,30.6973],[-97.63962,30.6944],[-97.6388,30.69368],[-97.63813,30.69353],[-97.63728,30.69284],[-97.63658,30.69298],[-97.63606,30.69258],[-97.63575,30.69195],[-97.63583,30.69145],[-97.6377,30.69061],[-97.63868,30.69053],[-97.6394,30.68976],[-97.63915,30.68868],[-97.63833,30.68745],[-97.63739,30.68461],[-97.64015,30.68121],[-97.64211,30.67807],[-97.65225,30.67461],[-97.65233,30.67432],[-97.65113,30.67137],[-97.65383,30.67059],[-97.65387,30.67075],[-97.65412,30.6705],[-97.65834,30.66921],[-97.65742,30.66681],[-97.65642,30.66585],[-97.65415,30.6649],[-97.65229,30.66455],[-97.65026,30.66302],[-97.64728,30.66259],[-97.64637,30.66219],[-97.64432,30.65947],[-97.64325,30.65669],[-97.6429,30.65504],[-97.64306,30.65205],[-97.64576,30.65155],[-97.64643,30.65164],[-97.64783,30.65113],[-97.64784,30.65089],[-97.64821,30.65078],[-97.64969,30.65093],[-97.65051,30.65116],[-97.65247,30.65244],[-97.65613,30.65411],[-97.65758,30.65515],[-97.65938,30.65518],[-97.66017,30.65489],[-97.66151,30.65368],[-97.66484,30.6522],[-97.66772,30.65053],[-97.67175,30.64665],[-97.6743,30.64584],[-97.67825,30.64524],[-97.67829,30.64649],[-97.68037,30.64646],[-97.6808,30.64738],[-97.67877,30.6495],[-97.6793,30.64982],[-97.66082,30.67993],[-97.65846,30.68528],[-97.65203,30.70175],[-97.65173,30.70162],[-97.6505,30.70505],[-97.64786,30.70188],[-97.647,30.70153]]]}},{"type":"Feature","properties":{"PRECINCT":"williamson:371","COUNTY":"Williamson"},"geometry":{"type":"Polygon","coordinates":[[[-97.71711,30.68391],[-97.71626,30.68361],[-97.71597,30.68298],[-97.71483,30.68217],[-97.7108,30.67975],[-97.70789,30.68067],[-97.70503,30.67876],[-97.69645,30.68138],[-97.69437,30.67945],[-97.69406,30.6788],[-97.70136,30.67564],[-97.69841,30.67324],[-97.6909,30.67897],[-97.69027,30.67774],[-97.68956,30.67703],[-97.68737,30.67666],[-97.68683,30.67371],[-97.68453,30.67296],[-97.68376,30.67216],[-97.6837,30.66987],[-97.68599,30.66945],[-97.68523,30.66717],[-97.68593,30.66532],[-97.68557,30.66432],[-97.68403,30.66346],[-97.68339,30.66258],[-97.68569,30.66164],[-97.68502,30.66106],[-97.68641,30.65977],[-97.69233,30.66552],[-97.69425,30.66441],[-97.69838,30.66484],[-97.70257,30.66737],[-97.70092,30.66953],[-97.70164,30.67029],[-97.70176,30.67016],[-97.70211,30.67043],[-97.70226,30.67017],[-97.70728,30.67259],[-97.70814,30.67121],[-97.71067,30.67241],[-97.70856,30.67539],[-97.70769,30.67584],[-97.707,30.67671],[-97.71444,30.68148],[-97.71776,30.68293],[-97.71711,30.68391]]]}},{"type":"Feature","properties":{"PRECINCT":"williamson:372","COUNTY":"Williamson"},"geometry":{"type":"Polygon","coordinates":[[[-97.7533,30.55448],[-97.75321,30.5543],[-97.74824,30.55584],[-97.74526,30.5482],[-97.72974,30.55263],[-97.72967,30.55241],[-97.72731,30.55308],[-97.7164,30.555],[-97.71537,30.55069],[-97.71553,30.54967],[-97.7161,30.54884],[-97.7172,30.54817],[-97.72493,30.54572],[-97.7259,30.54495],[-97.72642,30.54405],[-97.72655,30.54317],[-97.72611,30.54209],[-97.73166,30.54026],[-97.72835,30.53208],[-97.72664,30.53199],[-97.72444,30.53163],[-97.72441,30.53144],[-97.72692,30.53184],[-97.7339,30.53193],[-97.73834,30.53342],[-97.7413,30.53517],[-97.74787,30.53793],[-97.75442,30.53884],[-97.75739,30.53902],[-97.75842,30.53946],[-97.75887,30.54011],[-97.76347,30.55123],[-97.75835,30.55279],[-97.75858,30.55337],[-97.75782,30.5546],[-97.75717,30.55735],[-97.75615,30.55861],[-97.7547,30.55934],[-97.75465,30.55803],[-97.75293,30.55667],[-97.7524,30.55577],[-97.7533,30.55448]]]}},{"type":"Feature","properties":{"PRECINCT":"williamson:379","COUNTY":"Williamson"},"geometry":{"type":"Polygon","coordinates":[[[-97.63896,30.73608],[-97.64117,30.73085],[-97.64349,30.72358],[-97.65017,30.70466],[-97.6505,30.70505],[-97.65175,30.70159],[-97.65322,30.70216],[-97.65495,30.70395],[-97.65656,30.7035],[-97.65752,30.70347],[-97.66292,30.70506],[-97.66624,30.70498],[-97.66615,30.70308],[-97.66921,30.70313],[-97.67076,30.70354],[-97.67172,30.70332],[-97.6729,30.70355],[-97.67322,30.70317],[-97.6728,30.70247],[-97.67284,30.70191],[-97.67837,30.70102],[-97.67879,30.70089],[-97.67939,30.70001],[-97.68044,30.69996],[-97.68099,30.69962],[-97.68213,30.69986],[-97.68308,30.69726],[-97.68454,30.69623],[-97.68454,30.69517],[-97.68259,30.69308],[-97.68323,30.69223],[-97.68338,30.69101],[-97.68403,30.69002],[-97.68342,30.68887],[-97.68338,30.6879],[-97.68358,30.68763],[-97.68487,30.68712],[-97.68583,30.68626],[-97.68651,30.68791],[-97.68705,30.68816],[-97.6872,30.68878],[-97.68687,30.68883],[-97.68828,30.69222],[-97.68877,30.69231],[-97.68842,30.69418],[-97.69026,30.69426],[-97.69148,30.694],[-97.69206,30.69548],[-97.69649,30.69411],[-97.69791,30.69672],[-97.69969,30.69633],[-97.69988,30.69725],[-97.69822,30.69792],[-97.69299,30.69942],[-97.69134,30.70019],[-97.68944,30.70146],[-97.68037,30.70428],[-97.67932,30.70492],[-97.67983,30.7063],[-97.68074,30.70602],[-97.68153,30.70768],[-97.68592,30.70623],[-97.6876,30.71049],[-97.68657,30.71147],[-97.68554,30.70978],[-97.68378,30.71033],[-97.68435,30.71137],[-97.68578,30.71237],[-97.68155,30.71708],[-97.68106,30.71739],[-97.67896,30.71463],[-97.67711,30.71522],[-97.67598,30.71264],[-97.66885,30.71514],[-97.66877,30.71495],[-97.65916,30.71794],[-97.66035,30.72422],[-97.65933,30.72452],[-97.65917,30.72273],[-97.65246,30.72477],[-97.65151,30.72715],[-97.64994,30.73279],[-97.64492,30.73441],[-97.63989,30.7356],[-97.63896,30.73608]]]}},{"type":"Feature","properties":{"PRECINCT":"williamson:380","COUNTY":"Williamson"},"geometry":{"type":"Polygon","coordinates":[[[-97.67352,30.66944],[-97.67103,30.66941],[-97.67239,30.66666],[-97.67243,30.66556],[-97.67392,30.66561],[-97.67459,30.66492],[-97.67503,30.66509],[-97.68071,30.66284],[-97.68261,30.66393],[-97.68302,30.66369],[-97.68323,30.66383],[-97.68296,30.66415],[-97.68429,30.66491],[-97.68354,30.66645],[-97.68346,30.66723],[-97.67384,30.67017],[-97.67352,30.66944]]]}},{"type":"Feature","properties":{"PRECINCT":"williamson:381","COUNTY":"Williamson"},"geometry":{"type":"Polygon","coordinates":[[[-97.73079,30.73799],[-97.72721,30.73909],[-97.72342,30.73087],[-97.72333,30.73055],[-97.72416,30.73051],[-97.72152,30.72467],[-97.72036,30.72169],[-97.7203,30.7208],[-97.71979,30.7203],[-97.71941,30.72066],[-97.71889,30.72037],[-97.71913,30.72007],[-97.7185,30.71842],[-97.71808,30.71792],[-97.71828,30.71783],[-97.71816,30.71752],[-97.7205,30.71646],[-97.71944,30.71424],[-97.71944,30.71222],[-97.72008,30.71076],[-97.72161,30.70928],[-97.7221,30.7097],[-97.72409,30.71041],[-97.72933,30.71168],[-97.73094,30.71287],[-97.73113,30.71269],[-97.7326,30.71392],[-97.73264,30.71469],[-97.73207,30.71543],[-97.731,30.71595],[-97.72916,30.71787],[-97.7293,30.71936],[-97.73273,30.72188],[-97.73401,30.7216],[-97.73628,30.7202],[-97.7365,30.72041],[-97.73721,30.72029],[-97.73777,30.72048],[-97.7382,30.72118],[-97.73885,30.72351],[-97.74087,30.72565],[-97.74063,30.72632],[-97.74107,30.72744],[-97.74091,30.72989],[-97.74128,30.73128],[-97.74302,30.73295],[-97.7447,30.73361],[-97.74728,30.73407],[-97.74589,30.73425],[-97.74536,30.73461],[-97.74479,30.73689],[-97.74255,30.73905],[-97.74236,30.73972],[-97.74181,30.73994],[-97.74206,30.74162],[-97.73753,30.74212],[-97.73725,30.74225],[-97.73732,30.74262],[-97.73596,30.7428],[-97.73485,30.74102],[-97.73375,30.73994],[-97.73079,30.73799]]]}},{"type":"Feature","properties":{"PRECINCT":"williamson:390","COUNTY":"Williamson"},"geometry":{"type":"Polygon","coordinates":[[[-97.71732,30.51522],[-97.71713,30.51468],[-97.73032,30.51036],[-97.73518,30.52181],[-97.73376,30.52233],[-97.73232,30.52248],[-97.73104,30.52289],[-97.72851,30.52503],[-97.72752,30.52546],[-97.72492,30.52595],[-97.72242,30.52596],[-97.72428,30.53054],[-97.72441,30.53144],[-97.72405,30.53137],[-97.72392,30.53028],[-97.72352,30.53004],[-97.72203,30.52596],[-97.72079,30.52569],[-97.72035,30.52587],[-97.71845,30.52537],[-97.71641,30.52326],[-97.71434,30.52245],[-97.71236,30.52234],[-97.71041,30.52297],[-97.70776,30.52221],[-97.70783,30.52204],[-97.70511,30.5205],[-97.70383,30.51887],[-97.7068,30.51778],[-97.70745,30.51848],[-97.70817,30.51862],[-97.70929,30.52051],[-97.71445,30.51948],[-97.71494,30.51901],[-97.71826,30.51792],[-97.7174,30.51545],[-97.71734,30.51548],[-97.71707,30.51469],[-97.71732,30.51522]]]}},{"type":"Feature","properties":{"PRECINCT":"williamson:391","COUNTY":"Williamson"},"geometry":{"type":"Polygon","coordinates":[[[-97.67419,30.72338],[-97.67158,30.72149],[-97.67287,30.72079],[-97.67511,30.72228],[-97.67627,30.72091],[-97.67458,30.71987],[-97.67345,30.71715],[-97.67485,30.71674],[-97.67432,30.71542],[-97.67552,30.71507],[-97.67543,30.71484],[-97.67284,30.71557],[-97.67216,30.71387],[-97.67598,30.71264],[-97.67711,30.71522],[-97.67896,30.71463],[-97.68106,30.71739],[-97.68207,30.71665],[-97.68578,30.71237],[-97.68435,30.71137],[-97.68378,30.71033],[-97.68554,30.70978],[-97.68657,30.71147],[-97.6876,30.71049],[-97.68592,30.70623],[-97.68153,30.70768],[-97.68074,30.70602],[-97.67983,30.7063],[-97.67932,30.70492],[-97.68037,30.70428],[-97.68944,30.70146],[-97.69134,30.70019],[-97.69299,30.69942],[-97.69822,30.69792],[-97.69988,30.69725],[-97.69969,30.69633],[-97.69791,30.69672],[-97.69649,30.69411],[-97.69206,30.69548],[-97.69148,30.694],[-97.69026,30.69426],[-97.68842,30.69418],[-97.68877,30.69231],[-97.68828,30.69222],[-97.68687,30.68883],[-97.6872,30.68878],[-97.68705,30.68816],[-97.68651,30.68791],[-97.6858,30.68616],[-97.68998,30.68313],[-97.68912,30.68101],[-97.68961,30.67989],[-97.69841,30.67324],[-97.70136,30.67564],[-97.69406,30.6788],[-97.69437,30.67945],[-97.69645,30.68138],[-97.70503,30.67876],[-97.70789,30.68067],[-97.7108,30.67975],[-97.71597,30.68298],[-97.71654,30.68428],[-97.69882,30.69008],[-97.70291,30.69986],[-97.69637,30.70188],[-97.69777,30.70558],[-97.69959,30.70944],[-97.696,30.71044],[-97.6964,30.71155],[-97.694,30.71236],[-97.6959,30.71691],[-97.69785,30.71633],[-97.70045,30.72258],[-97.69455,30.72532],[-97.69435,30.72178],[-97.69537,30.72058],[-97.69408,30.71922],[-97.67422,30.72547],[-97.67303,30.72477],[-97.67419,30.72338]]]}},{"type":"Feature","properties":{"PRECINCT":"williamson:392","COUNTY":"Williamson"},"geometry":{"type":"Polygon","coordinates":[[[-97.69959,30.70944],[-97.69637,30.70188],[-97.70291,30.69986],[-97.69882,30.69008],[-97.71654,30.68428],[-97.71626,30.68361],[-97.71711,30.68391],[-97.71776,30.68293],[-97.71893,30.68347],[-97.72011,30.68438],[-97.72253,30.68731],[-97.72459,30.68932],[-97.72815,30.69192],[-97.72729,30.69267],[-97.7251,30.69332],[-97.72554,30.69428],[-97.72622,30.69408],[-97.72704,30.69597],[-97.72842,30.69537],[-97.72949,30.69807],[-97.71696,30.70204],[-97.71706,30.70365],[-97.71675,30.70406],[-97.71522,30.7042],[-97.71327,30.70495],[-97.71327,30.70544],[-97.71027,30.70706],[-97.70968,30.70665],[-97.69959,30.70944]]]}},{"type":"Feature","properties":{"PRECINCT":"williamson:393","COUNTY":"Williamson"},"geometry":{"type":"Polygon","coordinates":[[[-97.69856,30.71802],[-97.69785,30.71633],[-97.6959,30.71691],[-97.694,30.71236],[-97.6964,30.71155],[-97.696,30.71044],[-97.70968,30.70665],[-97.71027,30.70706],[-97.71327,30.70544],[-97.71327,30.70495],[-97.71522,30.7042],[-97.71675,30.70406],[-97.71706,30.70365],[-97.71696,30.70204],[-97.72949,30.69807],[-97.72842,30.69537],[-97.72704,30.69597],[-97.72622,30.69408],[-97.72554,30.69428],[-97.7251,30.69332],[-97.72729,30.69267],[-97.72815,30.69192],[-97.73765,30.69781],[-97.73784,30.69774],[-97.74132,30.70149],[-97.74109,30.70161],[-97.74189,30.70213],[-97.74327,30.70258],[-97.74323,30.70273],[-97.74036,30.70328],[-97.74018,30.70371],[-97.73462,30.7055],[-97.73132,30.71217],[-97.73091,30.71193],[-97.73064,30.71251],[-97.72933,30.71168],[-97.72409,30.71041],[-97.7221,30.7097],[-97.72161,30.70928],[-97.72008,30.71076],[-97.71944,30.71222],[-97.71944,30.71424],[-97.7205,30.71646],[-97.71837,30.71746],[-97.71816,30.71752],[-97.71797,30.71706],[-97.71696,30.71401],[-97.71656,30.71379],[-97.71678,30.71362],[-97.71625,30.71233],[-97.71462,30.71289],[-97.71411,30.71258],[-97.7134,30.71308],[-97.71258,30.71309],[-97.71255,30.71382],[-97.71203,30.7137],[-97.71191,30.71408],[-97.71153,30.71391],[-97.71102,30.71417],[-97.71103,30.71439],[-97.71054,30.71432],[-97.7105,30.71452],[-97.70973,30.71483],[-97.70871,30.71464],[-97.70852,30.71499],[-97.70815,30.71485],[-97.70756,30.71503],[-97.70736,30.71561],[-97.70643,30.71523],[-97.70619,30.71544],[-97.7058,30.71525],[-97.70464,30.71564],[-97.7049,30.71597],[-97.70467,30.71608],[-97.70438,30.71577],[-97.70407,30.71587],[-97.70289,30.71678],[-97.69856,30.71802]]]}},{"type":"Feature","properties":{"PRECINCT":"williamson:394","COUNTY":"Williamson"},"geometry":{"type":"Polygon","coordinates":[[[-97.74798,30.73417],[-97.7447,30.73361],[-97.74302,30.73295],[-97.74128,30.73128],[-97.74091,30.72989],[-97.74107,30.72744],[-97.74063,30.72632],[-97.74087,30.72565],[-97.73885,30.72351],[-97.7382,30.72118],[-97.73777,30.72048],[-97.73721,30.72029],[-97.7365,30.72041],[-97.73628,30.7202],[-97.73401,30.7216],[-97.73273,30.72188],[-97.72939,30.71948],[-97.72911,30.71872],[-97.72916,30.71787],[-97.731,30.71595],[-97.73207,30.71543],[-97.73262,30.71452],[-97.74206,30.71133],[-97.74462,30.71766],[-97.74787,30.7166],[-97.75083,30.72408],[-97.75941,30.72129],[-97.76026,30.72436],[-97.76185,30.72809],[-97.76035,30.72791],[-97.75817,30.72852],[-97.75733,30.729],[-97.7549,30.72944],[-97.75316,30.72931],[-97.75202,30.7324],[-97.75146,30.73306],[-97.74968,30.7338],[-97.74798,30.73417]]]}},{"type":"Feature","properties":{"PRECINCT":"williamson:395","COUNTY":"Williamson"},"geometry":{"type":"Polygon","coordinates":[[[-97.74482,30.74597],[-97.7437,30.74376],[-97.7407,30.74471],[-97.73762,30.74423],[-97.73722,30.74306],[-97.73598,30.7435],[-97.73596,30.7428],[-97.73732,30.74262],[-97.73725,30.74225],[-97.73753,30.74212],[-97.74206,30.74162],[-97.74181,30.73994],[-97.74236,30.73972],[-97.74255,30.73905],[-97.74479,30.73689],[-97.74536,30.73461],[-97.74589,30.73425],[-97.74798,30.73417],[-97.75112,30.73332],[-97.75202,30.7324],[-97.75316,30.72931],[-97.7549,30.72944],[-97.75733,30.729],[-97.75817,30.72852],[-97.76035,30.72791],[-97.76185,30.72809],[-97.76151,30.72733],[-97.76876,30.72497],[-97.76743,30.72179],[-97.76995,30.721],[-97.76795,30.71913],[-97.77004,30.71766],[-97.7751,30.72217],[-97.77311,30.72383],[-97.77269,30.72445],[-97.77051,30.72896],[-97.77104,30.73041],[-97.77525,30.72857],[-97.77825,30.72675],[-97.7797,30.73038],[-97.78092,30.73238],[-97.78248,30.73294],[-97.78237,30.73331],[-97.78302,30.73345],[-97.78311,30.73313],[-97.78587,30.73366],[-97.78531,30.73588],[-97.78261,30.73677],[-97.78306,30.73806],[-97.77871,30.73656],[-97.77523,30.7364],[-97.77534,30.73732],[-97.77392,30.73789],[-97.77417,30.73876],[-97.77305,30.73891],[-97.75888,30.74325],[-97.75822,30.74174],[-97.7539,30.74316],[-97.75364,30.74258],[-97.75277,30.74266],[-97.75311,30.74343],[-97.74482,30.74597]]]}},{"type":"Feature","properties":{"PRECINCT":"williamson:396","COUNTY":"Williamson"},"geometry":{"type":"Polygon","coordinates":[[[-97.7243,30.75253],[-97.71964,30.74156],[-97.715,30.74269],[-97.7131,30.74168],[-97.71233,30.74181],[-97.71194,30.74119],[-97.70949,30.74211],[-97.70969,30.74227],[-97.70954,30.74289],[-97.70836,30.74325],[-97.70919,30.745],[-97.70743,30.74554],[-97.70761,30.74597],[-97.70709,30.7461],[-97.70234,30.74311],[-97.70529,30.7407],[-97.71771,30.7369],[-97.71842,30.7386],[-97.72066,30.73791],[-97.71758,30.73075],[-97.70247,30.73541],[-97.70231,30.73564],[-97.69731,30.73766],[-97.69599,30.73912],[-97.69212,30.73674],[-97.69434,30.73604],[-97.6978,30.73553],[-97.70041,30.73439],[-97.70342,30.73468],[-97.70457,30.73454],[-97.70673,30.73385],[-97.70773,30.73318],[-97.70842,30.73213],[-97.70863,30.7309],[-97.70838,30.72993],[-97.70709,30.72765],[-97.70715,30.72588],[-97.7076,30.72493],[-97.70923,30.72305],[-97.71007,30.72147],[-97.71109,30.7204],[-97.71001,30.71935],[-97.70847,30.71863],[-97.7079,30.71808],[-97.70738,30.71623],[-97.7074,30.71539],[-97.70756,30.71503],[-97.70815,30.71485],[-97.70852,30.71499],[-97.70871,30.71464],[-97.70973,30.71483],[-97.7105,30.71452],[-97.71054,30.71432],[-97.71103,30.71439],[-97.71102,30.71417],[-97.71153,30.71391],[-97.71191,30.71408],[-97.71203,30.7137],[-97.71255,30.71382],[-97.71258,30.71309],[-97.7134,30.71308],[-97.71411,30.71258],[-97.71462,30.71289],[-97.71625,30.71233],[-97.71678,30.71362],[-97.71656,30.71379],[-97.71696,30.71401],[-97.71828,30.71783],[-97.71808,30.71792],[-97.7185,30.71842],[-97.71913,30.72007],[-97.71889,30.72037],[-97.71941,30.72066],[-97.71979,30.7203],[-97.7203,30.7208],[-97.72036,30.72169],[-97.72152,30.72467],[-97.72416,30.73051],[-97.72333,30.73055],[-97.72342,30.73087],[-97.72721,30.73909],[-97.73079,30.73799],[-97.73375,30.73994],[-97.73485,30.74102],[-97.73596,30.7428],[-97.73598,30.74343],[-97.73519,30.74363],[-97.73448,30.74421],[-97.73356,30.74552],[-97.73229,30.7475],[-97.73162,30.74938],[-97.73018,30.74616],[-97.72724,30.74974],[-97.7243,30.75253]]]}},{"type":"Feature","properties":{"PRECINCT":"williamson:397","COUNTY":"Williamson"},"geometry":{"type":"Polygon","coordinates":[[[-97.68843,30.73447],[-97.67208,30.72574],[-97.67183,30.72603],[-97.64994,30.73279],[-97.65151,30.72715],[-97.65246,30.72477],[-97.65917,30.72273],[-97.65933,30.72452],[-97.66035,30.72422],[-97.65916,30.71794],[-97.66877,30.71495],[-97.66885,30.71514],[-97.67225,30.71405],[-97.67284,30.71557],[-97.67543,30.71484],[-97.67552,30.71507],[-97.67432,30.71542],[-97.67485,30.71674],[-97.67345,30.71715],[-97.67458,30.71987],[-97.67627,30.72091],[-97.67511,30.72228],[-97.67287,30.72079],[-97.67158,30.72149],[-97.67419,30.72338],[-97.67303,30.72477],[-97.67422,30.72547],[-97.69408,30.71922],[-97.69537,30.72058],[-97.69435,30.72178],[-97.69455,30.72532],[-97.70045,30.72258],[-97.69856,30.71802],[-97.70289,30.71678],[-97.70407,30.71587],[-97.70438,30.71577],[-97.70467,30.71608],[-97.7049,30.71597],[-97.70464,30.71564],[-97.7058,30.71525],[-97.70619,30.71544],[-97.70643,30.71523],[-97.70736,30.71561],[-97.7079,30.71808],[-97.70847,30.71863],[-97.71001,30.71935],[-97.71109,30.7204],[-97.71007,30.72147],[-97.70923,30.72305],[-97.7076,30.72493],[-97.70715,30.72588],[-97.70709,30.72765],[-97.70838,30.72993],[-97.70863,30.7309],[-97.70842,30.73213],[-97.70773,30.73318],[-97.70673,30.73385],[-97.70457,30.73454],[-97.70342,30.73468],[-97.70041,30.73439],[-97.6978,30.73553],[-97.69434,30.73604],[-97.69212,30.73674],[-97.68843,30.73447]]]}},{"type":"Feature","properties":{"PRECINCT":"williamson:401","COUNTY":"Williamson"},"geometry":{"type":"Polygon","coordinates":[[[-97.56371,30.53505],[-97.5608,30.53473],[-97.55932,30.53549],[-97.55688,30.53515],[-97.55544,30.53458],[-97.55264,30.53417],[-97.5529,30.53243],[-97.55255,30.53163],[-97.55336,30.53174],[-97.55392,30.52862],[-97.55868,30.52928],[-97.5599,30.52271],[-97.55874,30.52215],[-97.55549,30.5212],[-97.55746,30.51114],[-97.55804,30.51047],[-97.55891,30.50874],[-97.56107,30.50909],[-97.56138,30.5074],[-97.56673,30.50804],[-97.56488,30.51542],[-97.5697,30.51539],[-97.57217,30.5157],[-97.57198,30.51778],[-97.57097,30.51957],[-97.57136,30.51979],[-97.57041,30.52496],[-97.56885,30.52524],[-97.56872,30.526],[-97.56995,30.52612],[-97.5719,30.52589],[-97.57475,30.52502],[-97.57738,30.52462],[-97.57904,30.52476],[-97.58188,30.52545],[-97.58118,30.52988],[-97.58343,30.53659],[-97.57976,30.5374],[-97.5628,30.54018],[-97.56371,30.53505]]]}},{"type":"Feature","properties":{"PRECINCT":"williamson:402","COUNTY":"Williamson"},"geometry":{"type":"Polygon","coordinates":[[[-97.53854,30.53777],[-97.53888,30.53756],[-97.53876,30.53704],[-97.53723,30.53632],[-97.53718,30.53601],[-97.53753,30.53545],[-97.53823,30.53523],[-97.53847,30.53445],[-97.53902,30.53468],[-97.53942,30.53432],[-97.53896,30.53373],[-97.53816,30.53349],[-97.53781,30.53314],[-97.5373,30.53031],[-97.5364,30.52948],[-97.53427,30.52927],[-97.53403,30.52874],[-97.53438,30.52821],[-97.53415,30.52805],[-97.53302,30.52825],[-97.53263,30.52865],[-97.53164,30.52874],[-97.53131,30.52845],[-97.53166,30.52603],[-97.53323,30.52495],[-97.53273,30.52379],[-97.53264,30.52322],[-97.53299,30.52222],[-97.53253,30.52117],[-97.53307,30.52038],[-97.53326,30.51937],[-97.53271,30.51889],[-97.53268,30.51805],[-97.53241,30.51801],[-97.53196,30.51729],[-97.53198,30.51646],[-97.53659,30.51719],[-97.53668,30.51678],[-97.53709,30.51747],[-97.53704,30.51782],[-97.53648,30.51777],[-97.5359,30.52084],[-97.53838,30.52118],[-97.53883,30.51826],[-97.54145,30.51895],[-97.54507,30.52054],[-97.54569,30.5211],[-97.5459,30.52172],[-97.546,30.52149],[-97.55023,30.52254],[-97.54866,30.53109],[-97.55261,30.53167],[-97.5529,30.53243],[-97.55264,30.53417],[-97.55544,30.53458],[-97.55688,30.53515],[-97.55932,30.53549],[-97.5609,30.53471],[-97.56371,30.53505],[-97.5628,30.54018],[-97.53881,30.54435],[-97.53865,30.54339],[-97.53949,30.54202],[-97.53975,30.54052],[-97.53918,30.53924],[-97.53845,30.53834],[-97.53854,30.53777]]]}},{"type":"Feature","properties":{"PRECINCT":"williamson:403","COUNTY":"Williamson"},"geometry":{"type":"Polygon","coordinates":[[[-97.52182,30.57004],[-97.52192,30.56931],[-97.51602,30.57003],[-97.51689,30.56379],[-97.52272,30.56477],[-97.52293,30.5636],[-97.53214,30.56482],[-97.53277,30.56068],[-97.53062,30.56043],[-97.53141,30.55615],[-97.52321,30.55454],[-97.52182,30.55393],[-97.52509,30.55168],[-97.52593,30.54675],[-97.52163,30.54757],[-97.5212,30.55011],[-97.51668,30.55109],[-97.51647,30.55263],[-97.51614,30.55258],[-97.51629,30.55115],[-97.51701,30.54807],[-97.52599,30.54652],[-97.52868,30.5315],[-97.52782,30.53122],[-97.52708,30.53211],[-97.52536,30.5313],[-97.52325,30.53102],[-97.52504,30.52194],[-97.52769,30.52228],[-97.52743,30.52369],[-97.53146,30.52422],[-97.53264,30.51827],[-97.53271,30.51889],[-97.53326,30.51937],[-97.53307,30.52038],[-97.53253,30.52117],[-97.53299,30.52222],[-97.53264,30.52322],[-97.53273,30.52379],[-97.53323,30.52495],[-97.53166,30.52603],[-97.53131,30.52845],[-97.53164,30.52874],[-97.53263,30.52865],[-97.53302,30.52825],[-97.53415,30.52805],[-97.53438,30.52821],[-97.53403,30.52874],[-97.53427,30.52927],[-97.53657,30.52955],[-97.53748,30.53079],[-97.53784,30.5332],[-97.53896,30.53373],[-97.53942,30.53432],[-97.53902,30.53468],[-97.53847,30.53445],[-97.53823,30.53523],[-97.53753,30.53545],[-97.53715,30.53621],[-97.53876,30.53704],[-97.53888,30.53756],[-97.53852,30.53779],[-97.53845,30.53834],[-97.53918,30.53924],[-97.53975,30.54052],[-97.53949,30.54202],[-97.53865,30.54339],[-97.53881,30.54435],[-97.54646,30.54301],[-97.54443,30.55394],[-97.54468,30.55688],[-97.54256,30.56862],[-97.53395,30.56747],[-97.53372,30.56764],[-97.53324,30.5703],[-97.53188,30.57013],[-97.53037,30.57036],[-97.52882,30.57015],[-97.52865,30.57109],[-97.52182,30.57004]]]}},{"type":"Feature","properties":{"PRECINCT":"williamson:409","COUNTY":"Williamson"},"geometry":{"type":"Polygon","coordinates":[[[-97.55972,30.8277],[-97.55543,30.81782],[-97.55562,30.81773],[-97.55507,30.8164],[-97.5537,30.81721],[-97.55396,30.81773],[-97.55341,30.81812],[-97.55115,30.81263],[-97.54952,30.81065],[-97.54852,30.80691],[-97.54941,30.80492],[-97.54881,30.80082],[-97.55132,30.80003],[-97.54483,30.78486],[-97.55224,30.78265],[-97.55594,30.79105],[-97.55953,30.79],[-97.55576,30.78016],[-97.55762,30.77959],[-97.55593,30.77565],[-97.56644,30.77215],[-97.56761,30.77494],[-97.58749,30.76856],[-97.59049,30.77546],[-97.59088,30.77682],[-97.59318,30.78176],[-97.59345,30.78184],[-97.59839,30.78033],[-97.60398,30.79396],[-97.6198,30.789],[-97.62043,30.79011],[-97.62103,30.7901],[-97.61704,30.79973],[-97.61456,30.805],[-97.6141,30.80494],[-97.61444,30.80356],[-97.60884,30.80392],[-97.60755,30.8011],[-97.60316,30.80244],[-97.60008,30.7952],[-97.57413,30.80337],[-97.57719,30.81062],[-97.58094,30.80947],[-97.58395,30.8167],[-97.58871,30.81524],[-97.58958,30.81757],[-97.58903,30.81819],[-97.59091,30.82248],[-97.59071,30.82319],[-97.59153,30.82385],[-97.59217,30.82506],[-97.59316,30.82562],[-97.59751,30.83609],[-97.59684,30.83705],[-97.5973,30.83721],[-97.5945,30.84306],[-97.59347,30.84606],[-97.59244,30.84815],[-97.59272,30.8483],[-97.59027,30.85393],[-97.58996,30.85477],[-97.59022,30.85493],[-97.5894,30.85681],[-97.55073,30.84211],[-97.54811,30.83538],[-97.55371,30.83364],[-97.55223,30.82989],[-97.55972,30.8277]]]}},{"type":"Feature","properties":{"PRECINCT":"williamson:410","COUNTY":"Williamson"},"geometry":{"type":"Polygon","coordinates":[[[-97.60044,30.81942],[-97.59863,30.81518],[-97.59611,30.81593],[-97.596,30.81568],[-97.58976,30.81764],[-97.58871,30.81524],[-97.58395,30.8167],[-97.58094,30.80947],[-97.57719,30.81062],[-97.57413,30.80337],[-97.60008,30.7952],[-97.60316,30.80244],[-97.60747,30.80108],[-97.6089,30.80395],[-97.61444,30.80356],[-97.6135,30.80727],[-97.61176,30.80746],[-97.61138,30.80873],[-97.61175,30.8087],[-97.61175,30.8094],[-97.6129,30.80932],[-97.61322,30.80854],[-97.6136,30.80866],[-97.60942,30.81729],[-97.60758,30.81282],[-97.605,30.8136],[-97.60727,30.81896],[-97.60611,30.82069],[-97.60207,30.82194],[-97.60102,30.81946],[-97.60044,30.81942]]]}},{"type":"Feature","properties":{"PRECINCT":"williamson:411","COUNTY":"Williamson"},"geometry":{"type":"Polygon","coordinates":[[[-97.56761,30.77494],[-97.56644,30.77215],[-97.56603,30.77231],[-97.55617,30.74952],[-97.55506,30.75022],[-97.54771,30.75249],[-97.55005,30.74649],[-97.54188,30.74446],[-97.54541,30.73446],[-97.53823,30.73202],[-97.53831,30.7318],[-97.53149,30.72918],[-97.53227,30.72236],[-97.53211,30.71876],[-97.53384,30.7181],[-97.53451,30.71657],[-97.53442,30.71549],[-97.53272,30.71132],[-97.53517,30.70388],[-97.54971,30.69917],[-97.5492,30.69542],[-97.54922,30.69416],[-97.5496,30.69264],[-97.5453,30.68215],[-97.53196,30.67797],[-97.5294,30.68444],[-97.52571,30.68333],[-97.52838,30.67669],[-97.51997,30.67395],[-97.50875,30.67062],[-97.50475,30.66105],[-97.49141,30.66554],[-97.48263,30.66283],[-97.47128,30.63622],[-97.46963,30.63297],[-97.47036,30.63255],[-97.47113,30.63097],[-97.47246,30.62982],[-97.47492,30.6288],[-97.47568,30.629],[-97.47662,30.62891],[-97.4791,30.62762],[-97.48332,30.62825],[-97.48539,30.62688],[-97.48987,30.62683],[-97.49538,30.62838],[-97.49679,30.628],[-97.49828,30.62808],[-97.50011,30.62687],[-97.50158,30.62679],[-97.50329,30.62738],[-97.50576,30.62993],[-97.50833,30.63055],[-97.5097,30.6316],[-97.51117,30.63232],[-97.51199,30.63246],[-97.51302,30.63255],[-97.51529,30.63228],[-97.51793,30.63104],[-97.51945,30.63122],[-97.52,30.63036],[-97.52062,30.62993],[-97.52469,30.62907],[-97.52581,30.62907],[-97.5271,30.62936],[-97.52908,30.63082],[-97.532,30.63092],[-97.53285,30.63177],[-97.53523,30.63309],[-97.53785,30.63377],[-97.54087,30.63538],[-97.54211,30.63569],[-97.54347,30.63571],[-97.54553,30.63632],[-97.54743,30.63643],[-97.55225,30.63623],[-97.559,30.63498],[-97.56091,30.63497],[-97.56713,30.6364],[-97.56807,30.63605],[-97.57013,30.63638],[-97.57734,30.63958],[-97.58338,30.64468],[-97.58894,30.64827],[-97.59431,30.64956],[-97.59654,30.64984],[-97.59923,30.65133],[-97.59963,30.65263],[-97.60013,30.65705],[-97.59936,30.65902],[-97.59811,30.66003],[-97.59631,30.66361],[-97.59638,30.66517],[-97.59707,30.66647],[-97.60183,30.6697],[-97.60782,30.67123],[-97.61026,30.67157],[-97.61027,30.67225],[-97.60974,30.67321],[-97.60992,30.67367],[-97.61341,30.67458],[-97.61406,30.67501],[-97.61423,30.67667],[-97.61459,30.67739],[-97.61507,30.67777],[-97.61622,30.67815],[-97.61801,30.67704],[-97.6194,30.6771],[-97.62069,30.67678],[-97.62109,30.67696],[-97.62158,30.67778],[-97.62293,30.67858],[-97.62329,30.67921],[-97.62424,30.67957],[-97.62714,30.68007],[-97.62767,30.67985],[-97.62775,30.68015],[-97.63015,30.68055],[-97.63295,30.68022],[-97.63422,30.68086],[-97.63748,30.68439],[-97.63738,30.68464],[-97.63787,30.68555],[-97.63833,30.68745],[-97.63915,30.68868],[-97.6394,30.68976],[-97.63868,30.69053],[-97.6377,30.69061],[-97.63583,30.69145],[-97.63575,30.69195],[-97.63606,30.69258],[-97.63658,30.69298],[-97.63735,30.69287],[-97.63943,30.69422],[-97.64167,30.6973],[-97.64221,30.69766],[-97.64324,30.6978],[-97.6438,30.69818],[-97.64458,30.69915],[-97.64485,30.70013],[-97.64551,30.70059],[-97.64592,30.70147],[-97.647,30.70153],[-97.64786,30.70188],[-97.65017,30.70466],[-97.64349,30.72358],[-97.64117,30.73085],[-97.6393,30.73496],[-97.63798,30.74005],[-97.63531,30.74842],[-97.63048,30.74987],[-97.62961,30.74899],[-97.62924,30.74891],[-97.61073,30.75479],[-97.61058,30.7551],[-97.61177,30.75791],[-97.60394,30.76034],[-97.60359,30.7603],[-97.60278,30.76072],[-97.58949,30.76489],[-97.58844,30.76554],[-97.58776,30.76634],[-97.5874,30.76742],[-97.58749,30.76856],[-97.56761,30.77494]]]}},{"type":"Feature","properties":{"PRECINCT":"williamson:412","COUNTY":"Williamson"},"geometry":{"type":"Polygon","coordinates":[[[-97.62405,30.87],[-97.5894,30.85681],[-97.59022,30.85493],[-97.58996,30.85477],[-97.59027,30.85393],[-97.59272,30.8483],[-97.59244,30.84815],[-97.59347,30.84606],[-97.5945,30.84306],[-97.5973,30.83721],[-97.59684,30.83705],[-97.59751,30.83609],[-97.59316,30.82562],[-97.59217,30.82506],[-97.59153,30.82385],[-97.59071,30.82319],[-97.59091,30.82248],[-97.58909,30.81804],[-97.58958,30.81757],[-97.58954,30.81728],[-97.58976,30.81764],[-97.596,30.81568],[-97.59611,30.81593],[-97.59863,30.81518],[-97.60044,30.81942],[-97.60102,30.81946],[-97.60207,30.82194],[-97.60611,30.82069],[-97.60727,30.81896],[-97.605,30.8136],[-97.60758,30.81282],[-97.60942,30.81729],[-97.6136,30.80866],[-97.61322,30.80854],[-97.6129,30.80932],[-97.61175,30.8094],[-97.61175,30.8087],[-97.61138,30.80873],[-97.61176,30.80746],[-97.6135,30.80727],[-97.61383,30.80584],[-97.61571,30.8067],[-97.62167,30.79238],[-97.62266,30.78944],[-97.63857,30.78458],[-97.63782,30.78274],[-97.6482,30.77953],[-97.64829,30.7793],[-97.64776,30.77807],[-97.6479,30.77783],[-97.66101,30.77377],[-97.67454,30.80614],[-97.67436,30.80671],[-97.67494,30.80716],[-97.67528,30.80783],[-97.67903,30.81696],[-97.6795,30.81763],[-97.68083,30.81853],[-97.6807,30.8192],[-97.6782,30.81849],[-97.67751,30.81883],[-97.67648,30.81831],[-97.6759,30.81826],[-97.67563,30.81865],[-97.67299,30.81894],[-97.67096,30.82009],[-97.66935,30.82044],[-97.66633,30.81931],[-97.66499,30.81947],[-97.66334,30.82025],[-97.66216,30.82166],[-97.66107,30.82219],[-97.65866,30.82238],[-97.65703,30.82212],[-97.65592,30.82223],[-97.6551,30.82281],[-97.65088,30.8238],[-97.65063,30.82456],[-97.64914,30.82468],[-97.64875,30.82454],[-97.64595,30.82571],[-97.6442,30.82607],[-97.64299,30.82705],[-97.64291,30.82806],[-97.64205,30.82962],[-97.64158,30.83119],[-97.64341,30.83712],[-97.64227,30.83997],[-97.64114,30.84138],[-97.6407,30.84262],[-97.63915,30.84454],[-97.63878,30.84532],[-97.63922,30.84652],[-97.64195,30.84859],[-97.64238,30.84935],[-97.64136,30.85083],[-97.63805,30.85287],[-97.635,30.85589],[-97.63521,30.86126],[-97.63456,30.86406],[-97.63487,30.86464],[-97.63477,30.86522],[-97.63361,30.86647],[-97.6335,30.86631],[-97.63314,30.86641],[-97.63125,30.86754],[-97.6275,30.86879],[-97.62528,30.87019],[-97.62405,30.87]]]}},{"type":"Feature","properties":{"PRECINCT":"williamson:415","COUNTY":"Williamson"},"geometry":{"type":"Polygon","coordinates":[[[-97.55219,30.78264],[-97.53728,30.78716],[-97.53635,30.78721],[-97.48596,30.77238],[-97.46648,30.76691],[-97.4679,30.76324],[-97.38829,30.73918],[-97.37968,30.76141],[-97.36021,30.75571],[-97.35904,30.75858],[-97.33692,30.75182],[-97.33317,30.75085],[-97.33269,30.75049],[-97.32596,30.74816],[-97.30952,30.74319],[-97.30712,30.74931],[-97.28625,30.74132],[-97.26995,30.73536],[-97.25237,30.69338],[-97.2529,30.69331],[-97.25534,30.69187],[-97.25619,30.69202],[-97.25819,30.69388],[-97.25874,30.69374],[-97.2592,30.6928],[-97.25974,30.69249],[-97.26243,30.6926],[-97.26309,30.69442],[-97.26302,30.69511],[-97.26231,30.69613],[-97.26126,30.69638],[-97.26064,30.6969],[-97.26064,30.69828],[-97.2601,30.6997],[-97.26052,30.70025],[-97.26273,30.7001],[-97.26337,30.69973],[-97.26367,30.69928],[-97.26373,30.69811],[-97.265,30.69721],[-97.26668,30.69453],[-97.26761,30.69436],[-97.2684,30.69385],[-97.26918,30.69384],[-97.26953,30.6941],[-97.2698,30.69511],[-97.27025,30.69535],[-97.27106,30.69528],[-97.27184,30.69488],[-97.27334,30.69318],[-97.27381,30.69344],[-97.27408,30.69409],[-97.27395,30.69576],[-97.27431,30.69617],[-97.27522,30.69642],[-97.2769,30.69617],[-97.2796,30.69403],[-97.28215,30.69422],[-97.28244,30.69547],[-97.28318,30.69615],[-97.28343,30.69794],[-97.28386,30.69826],[-97.28817,30.69635],[-97.29063,30.69605],[-97.29121,30.69514],[-97.29252,30.69505],[-97.2925,30.69581],[-97.29298,30.6965],[-97.2959,30.6972],[-97.29648,30.69752],[-97.29664,30.69797],[-97.29629,30.69891],[-97.29675,30.7004],[-97.29657,30.70161],[-97.29704,30.70281],[-97.29789,30.70349],[-97.29863,30.70333],[-97.30007,30.70204],[-97.29953,30.69888],[-97.29992,30.69831],[-97.30087,30.69814],[-97.30142,30.69775],[-97.30157,30.69684],[-97.30135,30.69581],[-97.30245,30.69542],[-97.30367,30.69562],[-97.30533,30.69689],[-97.30564,30.69686],[-97.30662,30.69737],[-97.30701,30.69896],[-97.30735,30.69945],[-97.30897,30.69969],[-97.31058,30.70143],[-97.31157,30.70087],[-97.31215,30.70002],[-97.31295,30.69943],[-97.31454,30.69936],[-97.31693,30.69846],[-97.31911,30.69819],[-97.32212,30.69857],[-97.33098,30.70184],[-97.33923,30.70159],[-97.34073,30.70086],[-97.3423,30.69861],[-97.34452,30.69635],[-97.34884,30.69561],[-97.35142,30.69166],[-97.35266,30.69092],[-97.35783,30.68806],[-97.35938,30.68813],[-97.36283,30.68778],[-97.36555,30.68685],[-97.36679,30.68615],[-97.3695,30.68008],[-97.36982,30.67883],[-97.37035,30.67846],[-97.3707,30.67742],[-97.37105,30.67692],[-97.37268,30.67603],[-97.37416,30.67456],[-97.3758,30.67165],[-97.37721,30.67016],[-97.37955,30.66953],[-97.38649,30.66966],[-97.38719,30.66706],[-97.38786,30.66592],[-97.38838,30.66561],[-97.39448,30.66527],[-97.39663,30.66491],[-97.39853,30.66508],[-97.39951,30.66487],[-97.3985,30.66445],[-97.40122,30.66515],[-97.40202,30.66594],[-97.40338,30.66599],[-97.40423,30.66507],[-97.40398,30.66376],[-97.40491,30.66327],[-97.40536,30.6623],[-97.40708,30.66081],[-97.40512,30.66199],[-97.40447,30.66309],[-97.4041,30.66305],[-97.40361,30.66337],[-97.40325,30.66324],[-97.40307,30.66239],[-97.4026,30.66268],[-97.40015,30.66199],[-97.39955,30.66121],[-97.39971,30.66042],[-97.40026,30.66011],[-97.40411,30.65942],[-97.40699,30.65936],[-97.40801,30.65883],[-97.40841,30.65805],[-97.40921,30.65791],[-97.40985,30.65672],[-97.408,30.6578],[-97.40766,30.65821],[-97.40655,30.65631],[-97.40606,30.65664],[-97.4055,30.65621],[-97.40523,30.65531],[-97.40626,30.65424],[-97.40618,30.65376],[-97.40569,30.65343],[-97.40574,30.65309],[-97.40618,30.65271],[-97.40827,30.6518],[-97.41096,30.65264],[-97.41351,30.65291],[-97.41564,30.65226],[-97.41639,30.65135],[-97.41652,30.65054],[-97.41596,30.64928],[-97.41587,30.64811],[-97.41714,30.64607],[-97.41802,30.64526],[-97.41886,30.64497],[-97.41969,30.64509],[-97.42031,30.64595],[-97.41963,30.64682],[-97.4197,30.6476],[-97.4221,30.64872],[-97.42295,30.64873],[-97.42409,30.64824],[-97.42497,30.64825],[-97.42619,30.64721],[-97.42674,30.64786],[-97.42687,30.64867],[-97.42629,30.65035],[-97.42814,30.65143],[-97.42874,30.65145],[-97.42898,30.65081],[-97.4306,30.6501],[-97.43127,30.65021],[-97.43236,30.64979],[-97.43212,30.64878],[-97.43139,30.64796],[-97.43104,30.64685],[-97.43127,30.64625],[-97.43204,30.64552],[-97.4336,30.6445],[-97.43433,30.64448],[-97.43429,30.64431],[-97.43683,30.64475],[-97.43903,30.64419],[-97.44195,30.64513],[-97.44306,30.64415],[-97.44491,30.64361],[-97.4462,30.64366],[-97.44812,30.64316],[-97.44965,30.64109],[-97.44981,30.64006],[-97.45088,30.64033],[-97.45192,30.64025],[-97.45306,30.64073],[-97.4553,30.64087],[-97.45634,30.64069],[-97.45736,30.63983],[-97.45773,30.63869],[-97.45768,30.63802],[-97.4575,30.6377],[-97.45623,30.63773],[-97.45523,30.63701],[-97.45542,30.63602],[-97.45573,30.6361],[-97.4561,30.63587],[-97.45708,30.63453],[-97.46018,30.63361],[-97.46234,30.63115],[-97.4649,30.63128],[-97.46564,30.63203],[-97.46633,30.63231],[-97.468,30.63286],[-97.46963,30.63297],[-97.47128,30.63622],[-97.48263,30.66283],[-97.49141,30.66554],[-97.50475,30.66105],[-97.50875,30.67062],[-97.51997,30.67395],[-97.52838,30.67669],[-97.52571,30.68333],[-97.5294,30.68444],[-97.53196,30.67797],[-97.5453,30.68215],[-97.5496,30.69264],[-97.54922,30.69416],[-97.5492,30.69542],[-97.54971,30.69917],[-97.53517,30.70388],[-97.53272,30.71132],[-97.53442,30.71549],[-97.53451,30.71657],[-97.53384,30.7181],[-97.53211,30.71876],[-97.53227,30.72236],[-97.53149,30.72918],[-97.53831,30.7318],[-97.53823,30.73202],[-97.54541,30.73446],[-97.54188,30.74446],[-97.55005,30.74649],[-97.54771,30.75249],[-97.55506,30.75022],[-97.55617,30.74952],[-97.56603,30.77231],[-97.55593,30.77565],[-97.55762,30.77959],[-97.55576,30.78016],[-97.55953,30.79],[-97.55594,30.79105],[-97.55219,30.78264]]]}},{"type":"Feature","properties":{"PRECINCT":"williamson:419","COUNTY":"Williamson"},"geometry":{"type":"Polygon","coordinates":[[[-97.58765,30.58147],[-97.58499,30.57568],[-97.56622,30.58167],[-97.56412,30.58097],[-97.54752,30.58624],[-97.54713,30.58619],[-97.54821,30.58487],[-97.54838,30.5833],[-97.54523,30.5756],[-97.553,30.57311],[-97.55465,30.57705],[-97.56314,30.57437],[-97.56008,30.56728],[-97.55376,30.56929],[-97.55556,30.55934],[-97.55598,30.55939],[-97.55859,30.54472],[-97.56121,30.54509],[-97.55872,30.55868],[-97.55948,30.55876],[-97.55958,30.55817],[-97.55989,30.55821],[-97.56005,30.55728],[-97.56136,30.55748],[-97.56121,30.55837],[-97.56168,30.55843],[-97.56184,30.55755],[-97.56374,30.55779],[-97.56364,30.55864],[-97.56436,30.55871],[-97.56457,30.5579],[-97.56438,30.55924],[-97.57044,30.56005],[-97.57079,30.55871],[-97.57114,30.55876],[-97.57099,30.55847],[-97.57154,30.55509],[-97.57584,30.55507],[-97.57566,30.54957],[-97.57645,30.54951],[-97.5769,30.55681],[-97.57892,30.56223],[-97.59616,30.5621],[-97.59675,30.564],[-97.59764,30.56371],[-97.59821,30.56506],[-97.59732,30.56534],[-97.59855,30.56781],[-97.60003,30.56749],[-97.60118,30.5705],[-97.60238,30.5704],[-97.60511,30.57119],[-97.60858,30.56981],[-97.6099,30.57293],[-97.60241,30.57528],[-97.60325,30.5773],[-97.59586,30.57966],[-97.59867,30.58624],[-97.59349,30.58781],[-97.59452,30.59045],[-97.59312,30.59081],[-97.58765,30.58147]]]}},{"type":"Feature","properties":{"PRECINCT":"williamson:420","COUNTY":"Williamson"},"geometry":{"type":"Polygon","coordinates":[[[-97.54159,30.58818],[-97.53479,30.57196],[-97.53813,30.57242],[-97.54355,30.57165],[-97.54271,30.56964],[-97.54256,30.56854],[-97.54468,30.55688],[-97.54443,30.55394],[-97.54646,30.54301],[-97.54976,30.54258],[-97.56736,30.53936],[-97.56611,30.54655],[-97.57088,30.54725],[-97.57135,30.54474],[-97.57263,30.54416],[-97.57318,30.54424],[-97.57381,30.54081],[-97.57388,30.53892],[-97.57451,30.53886],[-97.5724,30.54982],[-97.57566,30.54957],[-97.57584,30.55507],[-97.57154,30.55509],[-97.57099,30.55847],[-97.57114,30.55876],[-97.57079,30.55871],[-97.57044,30.56005],[-97.56438,30.55924],[-97.56457,30.5579],[-97.56436,30.55871],[-97.56364,30.55864],[-97.56374,30.55779],[-97.56184,30.55755],[-97.56168,30.55843],[-97.56121,30.55837],[-97.56136,30.55748],[-97.56005,30.55728],[-97.55989,30.55821],[-97.55958,30.55817],[-97.55948,30.55876],[-97.55872,30.55868],[-97.56121,30.54509],[-97.55859,30.54472],[-97.55598,30.55939],[-97.55556,30.55934],[-97.55376,30.56929],[-97.56008,30.56728],[-97.56314,30.57437],[-97.55465,30.57705],[-97.553,30.57311],[-97.54523,30.5756],[-97.54833,30.5831],[-97.54829,30.58465],[-97.54769,30.58569],[-97.54671,30.58647],[-97.54159,30.58818]]]}},{"type":"Feature","properties":{"PRECINCT":"williamson:422","COUNTY":"Williamson"},"geometry":{"type":"Polygon","coordinates":[[[-97.60238,30.5704],[-97.60118,30.5705],[-97.60003,30.56749],[-97.59855,30.56781],[-97.59732,30.56534],[-97.59821,30.56506],[-97.59764,30.56371],[-97.59675,30.564],[-97.59616,30.5621],[-97.57892,30.56223],[-97.5769,30.55681],[-97.57645,30.54951],[-97.5724,30.54982],[-97.57451,30.53886],[-97.57388,30.53892],[-97.57381,30.54081],[-97.57318,30.54424],[-97.57263,30.54416],[-97.57135,30.54474],[-97.57088,30.54725],[-97.56611,30.54655],[-97.56736,30.53936],[-97.57976,30.5374],[-97.58279,30.53671],[-97.59408,30.53493],[-97.60125,30.53353],[-97.60998,30.5326],[-97.61395,30.53183],[-97.61395,30.53224],[-97.60938,30.53316],[-97.60954,30.54044],[-97.6053,30.54059],[-97.60533,30.54182],[-97.60629,30.54244],[-97.60631,30.5434],[-97.60694,30.54403],[-97.6073,30.54509],[-97.60671,30.54644],[-97.60675,30.54742],[-97.60776,30.54924],[-97.60792,30.55025],[-97.6091,30.55027],[-97.60906,30.55329],[-97.60955,30.55349],[-97.60959,30.55525],[-97.60937,30.55548],[-97.60188,30.55565],[-97.60278,30.55645],[-97.60591,30.56098],[-97.60594,30.56214],[-97.60636,30.56358],[-97.60858,30.56981],[-97.60511,30.57119],[-97.60238,30.5704]]]}},{"type":"Feature","properties":{"PRECINCT":"williamson:424","COUNTY":"Williamson"},"geometry":{"type":"Polygon","coordinates":[[[-97.61395,30.53183],[-97.61383,30.53103],[-97.61344,30.53066],[-97.61224,30.53065],[-97.61115,30.53092],[-97.60857,30.52958],[-97.60681,30.52955],[-97.60362,30.53016],[-97.60258,30.53007],[-97.60151,30.52954],[-97.60076,30.52959],[-97.60074,30.5293],[-97.60125,30.52926],[-97.60093,30.51942],[-97.59896,30.51946],[-97.59831,30.51884],[-97.59812,30.51801],[-97.59015,30.51809],[-97.59005,30.50848],[-97.59817,30.50837],[-97.59816,30.5042],[-97.60224,30.50412],[-97.60225,30.5053],[-97.60576,30.50527],[-97.60579,30.50745],[-97.61332,30.5074],[-97.61346,30.50668],[-97.61393,30.52917],[-97.61453,30.53167],[-97.61395,30.53183]]]}},{"type":"Feature","properties":{"PRECINCT":"williamson:425","COUNTY":"Williamson"},"geometry":{"type":"Polygon","coordinates":[[[-97.55073,30.84211],[-97.37537,30.77531],[-97.37384,30.77428],[-97.35685,30.76781],[-97.30712,30.74931],[-97.30952,30.74319],[-97.32596,30.74816],[-97.33269,30.75049],[-97.33317,30.75085],[-97.33692,30.75182],[-97.35904,30.75858],[-97.36021,30.75571],[-97.37968,30.76141],[-97.38829,30.73918],[-97.4679,30.76324],[-97.46648,30.76691],[-97.48596,30.77238],[-97.53635,30.78721],[-97.53728,30.78716],[-97.54483,30.78486],[-97.55132,30.80003],[-97.54881,30.80082],[-97.54941,30.80492],[-97.54852,30.80691],[-97.54952,30.81065],[-97.55115,30.81263],[-97.55341,30.81812],[-97.55396,30.81773],[-97.5537,30.81721],[-97.55507,30.8164],[-97.55562,30.81773],[-97.55543,30.81782],[-97.55972,30.8277],[-97.55223,30.82989],[-97.55371,30.83364],[-97.54811,30.83538],[-97.55073,30.84211]]]}},{"type":"Feature","properties":{"PRECINCT":"williamson:427","COUNTY":"Williamson"},"geometry":{"type":"Polygon","coordinates":[[[-97.43033,30.62906],[-97.42846,30.62587],[-97.42447,30.62711],[-97.41856,30.61517],[-97.42064,30.6145],[-97.41999,30.61294],[-97.4178,30.61363],[-97.41671,30.61143],[-97.42038,30.61029],[-97.42,30.60937],[-97.41627,30.61055],[-97.40833,30.59447],[-97.38556,30.59637],[-97.3845,30.58658],[-97.38405,30.5856],[-97.40303,30.57973],[-97.40303,30.5832],[-97.40382,30.58565],[-97.4095,30.58383],[-97.41134,30.58811],[-97.41376,30.58802],[-97.41364,30.58626],[-97.41491,30.5846],[-97.41551,30.58435],[-97.41592,30.58502],[-97.41807,30.58656],[-97.41857,30.58762],[-97.41993,30.58729],[-97.42019,30.58721],[-97.4204,30.58577],[-97.41976,30.58558],[-97.41906,30.58466],[-97.41824,30.58429],[-97.41799,30.58395],[-97.41791,30.58302],[-97.41719,30.58137],[-97.41844,30.58098],[-97.41509,30.57307],[-97.4219,30.57228],[-97.42269,30.5742],[-97.4246,30.57348],[-97.42525,30.57464],[-97.4259,30.57444],[-97.42742,30.57815],[-97.42783,30.57802],[-97.42896,30.58069],[-97.42579,30.58146],[-97.42953,30.59018],[-97.43071,30.59089],[-97.43093,30.59136],[-97.41474,30.59649],[-97.42349,30.61711],[-97.43056,30.62901],[-97.43033,30.62906]]]}},{"type":"Feature","properties":{"PRECINCT":"williamson:428","COUNTY":"Williamson"},"geometry":{"type":"Polygon","coordinates":[[[-97.43056,30.62901],[-97.42349,30.61711],[-97.41474,30.59649],[-97.43093,30.59136],[-97.43071,30.59089],[-97.42953,30.59018],[-97.42579,30.58146],[-97.42896,30.58069],[-97.42783,30.57802],[-97.43028,30.57724],[-97.42872,30.57348],[-97.42898,30.56807],[-97.43259,30.56801],[-97.43258,30.57015],[-97.43499,30.5757],[-97.4363,30.57634],[-97.43467,30.57685],[-97.43493,30.57766],[-97.43309,30.57832],[-97.43291,30.57878],[-97.43331,30.57946],[-97.43048,30.58022],[-97.43174,30.58313],[-97.43427,30.58232],[-97.43451,30.58293],[-97.43612,30.58236],[-97.43683,30.58301],[-97.43762,30.58487],[-97.44114,30.58377],[-97.4434,30.58919],[-97.44344,30.59062],[-97.44416,30.59111],[-97.45205,30.60962],[-97.45377,30.60951],[-97.45649,30.60871],[-97.45662,30.60901],[-97.45225,30.61043],[-97.45526,30.61748],[-97.45051,30.61919],[-97.45044,30.61901],[-97.44799,30.61975],[-97.44443,30.61131],[-97.44176,30.61217],[-97.44528,30.6206],[-97.44503,30.62068],[-97.44145,30.61226],[-97.43833,30.61313],[-97.43417,30.61361],[-97.43058,30.61373],[-97.42776,30.6146],[-97.43155,30.6204],[-97.43224,30.62019],[-97.43246,30.62054],[-97.43177,30.62076],[-97.43195,30.62104],[-97.43539,30.61997],[-97.43481,30.61909],[-97.43956,30.61759],[-97.43631,30.61984],[-97.43231,30.62162],[-97.43284,30.62245],[-97.43407,30.62207],[-97.43445,30.62297],[-97.43341,30.62332],[-97.43539,30.62751],[-97.43522,30.62756],[-97.43375,30.62421],[-97.43057,30.61922],[-97.42931,30.61959],[-97.429,30.61908],[-97.43007,30.61874],[-97.42751,30.61471],[-97.42334,30.61586],[-97.42323,30.61606],[-97.42547,30.62017],[-97.4268,30.61976],[-97.42701,30.62031],[-97.42577,30.62071],[-97.43078,30.62895],[-97.43056,30.62901]]]}},{"type":"Feature","properties":{"PRECINCT":"williamson:429","COUNTY":"Williamson"},"geometry":{"type":"Polygon","coordinates":[[[-97.49621,30.60619],[-97.49436,30.60196],[-97.48212,30.60581],[-97.48156,30.60579],[-97.47438,30.58882],[-97.47453,30.58861],[-97.48991,30.58366],[-97.48846,30.58034],[-97.48926,30.57984],[-97.48743,30.5804],[-97.48636,30.57806],[-97.48835,30.57742],[-97.49092,30.58336],[-97.49629,30.58169],[-97.49303,30.57472],[-97.49229,30.57424],[-97.49191,30.57263],[-97.49202,30.57232],[-97.49131,30.57022],[-97.49092,30.57026],[-97.49053,30.56948],[-97.49093,30.56936],[-97.48907,30.56509],[-97.46742,30.57183],[-97.46709,30.57242],[-97.46012,30.57513],[-97.45794,30.57617],[-97.44597,30.57996],[-97.44604,30.58266],[-97.4497,30.59146],[-97.45166,30.59088],[-97.45289,30.59377],[-97.44688,30.59569],[-97.44645,30.59474],[-97.44587,30.59493],[-97.44813,30.60056],[-97.44416,30.59111],[-97.44344,30.59062],[-97.4434,30.58919],[-97.44114,30.58377],[-97.43762,30.58487],[-97.43683,30.58301],[-97.43612,30.58236],[-97.43451,30.58293],[-97.43427,30.58232],[-97.43174,30.58313],[-97.43048,30.58022],[-97.43331,30.57946],[-97.43291,30.57878],[-97.43309,30.57832],[-97.43493,30.57766],[-97.43467,30.57685],[-97.4363,30.57634],[-97.43499,30.5757],[-97.43258,30.57015],[-97.43259,30.56801],[-97.42898,30.56807],[-97.42872,30.57348],[-97.43028,30.57724],[-97.42742,30.57815],[-97.4259,30.57444],[-97.42525,30.57464],[-97.4246,30.57348],[-97.42269,30.5742],[-97.4219,30.57228],[-97.41509,30.57307],[-97.41844,30.58098],[-97.41111,30.58328],[-97.41082,30.58104],[-97.41021,30.58144],[-97.40905,30.5817],[-97.40759,30.5783],[-97.40828,30.57807],[-97.40788,30.57457],[-97.41007,30.57439],[-97.40934,30.56738],[-97.41953,30.56672],[-97.41949,30.56639],[-97.41672,30.56652],[-97.41644,30.56314],[-97.42961,30.56199],[-97.43089,30.56155],[-97.43104,30.56187],[-97.43492,30.56152],[-97.43548,30.56565],[-97.43947,30.56544],[-97.44129,30.5647],[-97.44553,30.56136],[-97.44928,30.55882],[-97.45214,30.55768],[-97.4523,30.55736],[-97.46327,30.55649],[-97.47397,30.55501],[-97.47268,30.55195],[-97.47012,30.55274],[-97.46776,30.55242],[-97.47008,30.53995],[-97.47081,30.54004],[-97.47131,30.53749],[-97.47055,30.53738],[-97.47355,30.52093],[-97.47387,30.52072],[-97.48466,30.52219],[-97.48563,30.51713],[-97.48951,30.51763],[-97.48304,30.55326],[-97.4831,30.55388],[-97.48317,30.55405],[-97.484,30.55389],[-97.48453,30.55438],[-97.5038,30.59862],[-97.51053,30.59645],[-97.51247,30.6011],[-97.50511,30.60347],[-97.50571,30.60533],[-97.50553,30.60541],[-97.50457,30.60355],[-97.49621,30.60619]]]}},{"type":"Feature","properties":{"PRECINCT":"williamson:432","COUNTY":"Williamson"},"geometry":{"type":"Polygon","coordinates":[[[-97.69227,30.57251],[-97.69161,30.57268],[-97.69158,30.57179],[-97.68565,30.57358],[-97.68543,30.57347],[-97.68453,30.57144],[-97.68582,30.57103],[-97.68646,30.56881],[-97.68489,30.56894],[-97.68373,30.5683],[-97.68298,30.56596],[-97.68189,30.56431],[-97.68225,30.56395],[-97.68146,30.56145],[-97.68118,30.56141],[-97.69146,30.55828],[-97.69267,30.55817],[-97.69274,30.57728],[-97.69138,30.57738],[-97.6922,30.57471],[-97.69227,30.57251]]]}},{"type":"Feature","properties":{"PRECINCT":"williamson:433","COUNTY":"Williamson"},"geometry":{"type":"Polygon","coordinates":[[[-97.73127,30.58753],[-97.73056,30.58708],[-97.72794,30.58678],[-97.72763,30.58655],[-97.72713,30.58476],[-97.72686,30.58477],[-97.72655,30.58524],[-97.72606,30.58646],[-97.72501,30.58672],[-97.72454,30.58639],[-97.72403,30.58641],[-97.72199,30.58524],[-97.72152,30.58471],[-97.72107,30.58358],[-97.72101,30.58265],[-97.72047,30.58172],[-97.72051,30.58106],[-97.72013,30.58066],[-97.71911,30.58021],[-97.71766,30.58035],[-97.7169,30.58014],[-97.71594,30.57947],[-97.71422,30.57766],[-97.7134,30.57744],[-97.71205,30.5776],[-97.71148,30.57746],[-97.71053,30.57692],[-97.70843,30.57492],[-97.70587,30.57399],[-97.70584,30.57117],[-97.70514,30.57029],[-97.70429,30.57042],[-97.70352,30.55759],[-97.71975,30.55473],[-97.71941,30.55446],[-97.72731,30.55308],[-97.72967,30.55241],[-97.72974,30.55263],[-97.74526,30.5482],[-97.75032,30.56077],[-97.75004,30.56092],[-97.75036,30.56082],[-97.75498,30.57355],[-97.75514,30.57348],[-97.75616,30.57625],[-97.74586,30.57936],[-97.74789,30.58448],[-97.74663,30.58535],[-97.74563,30.58489],[-97.74415,30.58568],[-97.74313,30.58586],[-97.74272,30.58632],[-97.74185,30.5864],[-97.74001,30.58825],[-97.73916,30.58864],[-97.73644,30.58749],[-97.73294,30.58864],[-97.73229,30.58865],[-97.73127,30.58753]]]}},{"type":"Feature","properties":{"PRECINCT":"williamson:434","COUNTY":"Williamson"},"geometry":{"type":"Polygon","coordinates":[[[-97.29648,30.69752],[-97.29287,30.69642],[-97.2925,30.69581],[-97.29257,30.69512],[-97.29211,30.69496],[-97.29109,30.69521],[-97.29063,30.69605],[-97.28817,30.69635],[-97.28376,30.69825],[-97.28343,30.69794],[-97.28318,30.69615],[-97.28244,30.69547],[-97.28215,30.69422],[-97.2796,30.69403],[-97.2769,30.69617],[-97.27522,30.69642],[-97.27431,30.69617],[-97.27395,30.69576],[-97.27408,30.69409],[-97.27381,30.69344],[-97.27334,30.69318],[-97.27184,30.69488],[-97.27106,30.69528],[-97.27025,30.69535],[-97.2698,30.69511],[-97.26953,30.6941],[-97.26918,30.69384],[-97.2684,30.69385],[-97.26761,30.69436],[-97.26668,30.69453],[-97.265,30.69721],[-97.26373,30.69811],[-97.26367,30.69928],[-97.26337,30.69973],[-97.26273,30.7001],[-97.26052,30.70025],[-97.2601,30.6997],[-97.26064,30.69828],[-97.26064,30.6969],[-97.26126,30.69638],[-97.26231,30.69613],[-97.26302,30.69511],[-97.26309,30.69442],[-97.26243,30.6926],[-97.25974,30.69249],[-97.2592,30.6928],[-97.25874,30.69374],[-97.25819,30.69388],[-97.25619,30.69202],[-97.25534,30.69187],[-97.2529,30.69331],[-97.25237,30.69338],[-97.23645,30.65486],[-97.23685,30.65472],[-97.22198,30.6198],[-97.21886,30.61188],[-97.21932,30.61188],[-97.2194,30.61116],[-97.21867,30.61015],[-97.22888,30.60776],[-97.27709,30.59495],[-97.28318,30.59377],[-97.28308,30.59351],[-97.28788,30.5926],[-97.2878,30.59234],[-97.29269,30.59142],[-97.2907,30.58652],[-97.29448,30.58543],[-97.29461,30.58575],[-97.29639,30.58541],[-97.29735,30.58937],[-97.29942,30.58898],[-97.29963,30.58983],[-97.29862,30.58999],[-97.29868,30.59077],[-97.30168,30.5902],[-97.30195,30.5907],[-97.30485,30.59023],[-97.31107,30.58846],[-97.3629,30.57872],[-97.36362,30.58025],[-97.36756,30.57907],[-97.36715,30.57789],[-97.36981,30.57698],[-97.37049,30.57832],[-97.36629,30.57962],[-97.3671,30.58203],[-97.37171,30.58054],[-97.37396,30.58569],[-97.3792,30.58404],[-97.37962,30.58504],[-97.37914,30.58519],[-97.37933,30.58563],[-97.37861,30.58586],[-97.37907,30.58693],[-97.38029,30.58661],[-97.37968,30.58692],[-97.38011,30.58793],[-97.37938,30.58816],[-97.38085,30.58826],[-97.38118,30.58908],[-97.38108,30.58927],[-97.37445,30.59132],[-97.37452,30.59146],[-97.37407,30.5916],[-97.37549,30.5948],[-97.38203,30.59288],[-97.38297,30.5949],[-97.38195,30.59252],[-97.38174,30.58951],[-97.3806,30.58673],[-97.383,30.586],[-97.38317,30.58634],[-97.38417,30.58605],[-97.3845,30.58658],[-97.38556,30.59637],[-97.40833,30.59447],[-97.41627,30.61055],[-97.42,30.60937],[-97.42038,30.61029],[-97.41671,30.61143],[-97.4178,30.61363],[-97.41999,30.61294],[-97.42064,30.6145],[-97.41856,30.61517],[-97.42447,30.62711],[-97.42846,30.62587],[-97.43653,30.63893],[-97.43903,30.64419],[-97.43683,30.64475],[-97.43429,30.64431],[-97.43433,30.64448],[-97.43338,30.6446],[-97.43204,30.64552],[-97.43127,30.64625],[-97.43101,30.64714],[-97.43212,30.64878],[-97.4324,30.64973],[-97.43127,30.65021],[-97.4306,30.6501],[-97.42898,30.65081],[-97.42888,30.65137],[-97.42862,30.65147],[-97.42814,30.65143],[-97.42627,30.6503],[-97.42687,30.64867],[-97.42674,30.64786],[-97.42619,30.64721],[-97.42497,30.64825],[-97.42409,30.64824],[-97.42295,30.64873],[-97.4221,30.64872],[-97.4197,30.6476],[-97.41963,30.64682],[-97.42031,30.64595],[-97.41969,30.64509],[-97.41886,30.64497],[-97.41802,30.64526],[-97.41714,30.64607],[-97.41587,30.64811],[-97.41596,30.64928],[-97.41652,30.65054],[-97.41639,30.65135],[-97.41564,30.65226],[-97.41351,30.65291],[-97.41096,30.65264],[-97.40827,30.6518],[-97.40618,30.65271],[-97.40574,30.65309],[-97.40569,30.65343],[-97.40618,30.65376],[-97.40626,30.65424],[-97.40523,30.65531],[-97.4055,30.65621],[-97.40606,30.65664],[-97.40655,30.65631],[-97.40766,30.65821],[-97.408,30.6578],[-97.40985,30.65672],[-97.40921,30.65791],[-97.40841,30.65805],[-97.40801,30.65883],[-97.40699,30.65936],[-97.40411,30.65942],[-97.40026,30.66011],[-97.39971,30.66042],[-97.39955,30.66121],[-97.40015,30.66199],[-97.4026,30.66268],[-97.40307,30.66239],[-97.40325,30.66324],[-97.40361,30.66337],[-97.4041,30.66305],[-97.40447,30.66309],[-97.40512,30.66199],[-97.40708,30.66081],[-97.40536,30.6623],[-97.40491,30.66327],[-97.40398,30.66376],[-97.40423,30.66507],[-97.40338,30.66599],[-97.40202,30.66594],[-97.40122,30.66515],[-97.3985,30.66445],[-97.39951,30.66487],[-97.39853,30.66508],[-97.39663,30.66491],[-97.39448,30.66527],[-97.38838,30.66561],[-97.38786,30.66592],[-97.38719,30.66706],[-97.38649,30.66966],[-97.37955,30.66953],[-97.37721,30.67016],[-97.3758,30.67165],[-97.37416,30.67456],[-97.37268,30.67603],[-97.37105,30.67692],[-97.3707,30.67742],[-97.37035,30.67846],[-97.36982,30.67883],[-97.3695,30.68008],[-97.36679,30.68615],[-97.36555,30.68685],[-97.36283,30.68778],[-97.35938,30.68813],[-97.35783,30.68806],[-97.35266,30.69092],[-97.35142,30.69166],[-97.34884,30.69561],[-97.34452,30.69635],[-97.3423,30.69861],[-97.34073,30.70086],[-97.33923,30.70159],[-97.33098,30.70184],[-97.32212,30.69857],[-97.31911,30.69819],[-97.31693,30.69846],[-97.31454,30.69936],[-97.31295,30.69943],[-97.31215,30.70002],[-97.31157,30.70087],[-97.31058,30.70143],[-97.30897,30.69969],[-97.30735,30.69945],[-97.30701,30.69896],[-97.30662,30.69737],[-97.30564,30.69686],[-97.30533,30.69689],[-97.30367,30.69562],[-97.30245,30.69542],[-97.30135,30.69581],[-97.30157,30.69684],[-97.30142,30.69775],[-97.30087,30.69814],[-97.29992,30.69831],[-97.29953,30.69888],[-97.30007,30.70204],[-97.29863,30.70333],[-97.29789,30.70349],[-97.29704,30.70281],[-97.29657,30.70161],[-97.29675,30.7004],[-97.29629,30.69891],[-97.29664,30.69797],[-97.29648,30.69752]]]}},{"type":"Feature","properties":{"PRECINCT":"williamson:436","COUNTY":"Williamson"},"geometry":{"type":"Polygon","coordinates":[[[-97.43989,30.64442],[-97.4391,30.64434],[-97.43653,30.63893],[-97.42577,30.62071],[-97.42701,30.62031],[-97.4268,30.61976],[-97.42547,30.62017],[-97.42323,30.61606],[-97.42334,30.61586],[-97.42751,30.61471],[-97.43007,30.61874],[-97.429,30.61908],[-97.42931,30.61959],[-97.43057,30.61922],[-97.43375,30.62421],[-97.43522,30.62756],[-97.43539,30.62751],[-97.43341,30.62332],[-97.43445,30.62297],[-97.43407,30.62207],[-97.43284,30.62245],[-97.43231,30.62162],[-97.43631,30.61984],[-97.43956,30.61759],[-97.43481,30.61909],[-97.43539,30.61997],[-97.43195,30.62104],[-97.43177,30.62076],[-97.43246,30.62054],[-97.43224,30.62019],[-97.43155,30.6204],[-97.42776,30.6146],[-97.43058,30.61373],[-97.43417,30.61361],[-97.43833,30.61313],[-97.44145,30.61226],[-97.44503,30.62068],[-97.44528,30.6206],[-97.44176,30.61217],[-97.44443,30.61131],[-97.44799,30.61975],[-97.45044,30.61901],[-97.45051,30.61919],[-97.45526,30.61748],[-97.45225,30.61043],[-97.45662,30.60901],[-97.45649,30.60871],[-97.45377,30.60951],[-97.45205,30.60962],[-97.44587,30.59493],[-97.44645,30.59474],[-97.44688,30.59569],[-97.45289,30.59377],[-97.45166,30.59088],[-97.4497,30.59146],[-97.44604,30.58266],[-97.44597,30.57996],[-97.45794,30.57617],[-97.46012,30.57513],[-97.46709,30.57242],[-97.46742,30.57183],[-97.48907,30.56509],[-97.49093,30.56936],[-97.49053,30.56948],[-97.49092,30.57026],[-97.49131,30.57022],[-97.49202,30.57232],[-97.49191,30.57263],[-97.49229,30.57424],[-97.49303,30.57472],[-97.49629,30.58169],[-97.49092,30.58336],[-97.48835,30.57742],[-97.48636,30.57806],[-97.48743,30.5804],[-97.48926,30.57984],[-97.48846,30.58034],[-97.48991,30.58366],[-97.4744,30.58872],[-97.48148,30.60569],[-97.48212,30.60581],[-97.49436,30.60196],[-97.49621,30.60619],[-97.50457,30.60355],[-97.50553,30.60541],[-97.50571,30.60533],[-97.50511,30.60347],[-97.51247,30.6011],[-97.51053,30.59645],[-97.5038,30.59862],[-97.4852,30.55586],[-97.4845,30.55431],[-97.484,30.55389],[-97.51138,30.54922],[-97.51701,30.54807],[-97.51629,30.55115],[-97.51614,30.55258],[-97.51647,30.55263],[-97.51668,30.55109],[-97.5212,30.55011],[-97.52163,30.54757],[-97.52593,30.54675],[-97.52509,30.55168],[-97.52182,30.55393],[-97.52321,30.55454],[-97.53141,30.55615],[-97.53062,30.56043],[-97.53277,30.56068],[-97.53214,30.56482],[-97.52293,30.5636],[-97.52272,30.56477],[-97.51689,30.56379],[-97.51602,30.57003],[-97.52192,30.56931],[-97.5218,30.56998],[-97.52201,30.57019],[-97.52865,30.57109],[-97.52882,30.57015],[-97.53037,30.57036],[-97.53188,30.57013],[-97.53324,30.5703],[-97.5339,30.56747],[-97.54256,30.56862],[-97.54271,30.56964],[-97.54355,30.57165],[-97.53813,30.57242],[-97.53479,30.57196],[-97.54159,30.58818],[-97.54629,30.58667],[-97.54713,30.58619],[-97.54752,30.58624],[-97.56412,30.58097],[-97.56622,30.58167],[-97.58499,30.57568],[-97.58765,30.58147],[-97.59312,30.59081],[-97.59258,30.591],[-97.59464,30.59539],[-97.57463,30.60168],[-97.58598,30.62879],[-97.58347,30.62892],[-97.58225,30.62876],[-97.57458,30.62961],[-97.57205,30.63039],[-97.57088,30.63192],[-97.56911,30.63348],[-97.56856,30.63613],[-97.56787,30.63609],[-97.56742,30.63639],[-97.56399,30.63582],[-97.56091,30.63497],[-97.559,30.63498],[-97.55225,30.63623],[-97.54743,30.63643],[-97.54553,30.63632],[-97.54347,30.63571],[-97.54211,30.63569],[-97.54087,30.63538],[-97.53785,30.63377],[-97.53523,30.63309],[-97.53285,30.63177],[-97.532,30.63092],[-97.52908,30.63082],[-97.52673,30.6292],[-97.52469,30.62907],[-97.52225,30.62949],[-97.52036,30.63006],[-97.51945,30.63122],[-97.51793,30.63104],[-97.51529,30.63228],[-97.51302,30.63255],[-97.51117,30.63232],[-97.5097,30.6316],[-97.50833,30.63055],[-97.50576,30.62993],[-97.50329,30.62738],[-97.50158,30.62679],[-97.50011,30.62687],[-97.49828,30.62808],[-97.49679,30.628],[-97.49538,30.62838],[-97.48987,30.62683],[-97.48539,30.62688],[-97.48332,30.62825],[-97.4791,30.62762],[-97.47662,30.62891],[-97.47568,30.629],[-97.47497,30.62879],[-97.47414,30.62903],[-97.47173,30.63028],[-97.47086,30.63143],[-97.47069,30.63215],[-97.46963,30.63297],[-97.468,30.63286],[-97.46633,30.63231],[-97.46564,30.63203],[-97.4649,30.63128],[-97.46234,30.63115],[-97.46018,30.63361],[-97.45708,30.63453],[-97.4561,30.63587],[-97.45539,30.63606],[-97.45523,30.63701],[-97.45623,30.63773],[-97.4575,30.6377],[-97.45768,30.63802],[-97.45773,30.63869],[-97.45736,30.63983],[-97.45634,30.64069],[-97.4553,30.64087],[-97.45306,30.64073],[-97.45192,30.64025],[-97.45088,30.64033],[-97.44995,30.64003],[-97.44962,30.64048],[-97.44969,30.64102],[-97.44898,30.64223],[-97.44792,30.64328],[-97.4462,30.64366],[-97.44491,30.64361],[-97.44306,30.64415],[-97.44195,30.64513],[-97.44083,30.6449],[-97.43989,30.64442]]]}},{"type":"Feature","properties":{"PRECINCT":"williamson:437","COUNTY":"Williamson"},"geometry":{"type":"Polygon","coordinates":[[[-97.65637,30.58492],[-97.65519,30.58544],[-97.6546,30.58435],[-97.65156,30.57702],[-97.65048,30.57261],[-97.65207,30.57231],[-97.65438,30.57048],[-97.65513,30.57013],[-97.67187,30.56511],[-97.67574,30.56294],[-97.68146,30.56145],[-97.68225,30.56395],[-97.68189,30.56431],[-97.68298,30.56596],[-97.68354,30.56804],[-97.68406,30.56861],[-97.68478,30.56892],[-97.68646,30.56881],[-97.68582,30.57103],[-97.67612,30.57403],[-97.6751,30.57458],[-97.67528,30.57502],[-97.6684,30.57669],[-97.66989,30.58047],[-97.66236,30.58161],[-97.66415,30.58593],[-97.65943,30.58742],[-97.65902,30.5866],[-97.65641,30.58529],[-97.65637,30.58492]]]}},{"type":"Feature","properties":{"PRECINCT":"williamson:456","COUNTY":"Williamson"},"geometry":{"type":"Polygon","coordinates":[[[-97.37549,30.5948],[-97.37407,30.5916],[-97.37452,30.59146],[-97.37445,30.59132],[-97.38108,30.58927],[-97.38085,30.58826],[-97.37938,30.58816],[-97.38011,30.58793],[-97.37968,30.58692],[-97.38029,30.58661],[-97.37907,30.58693],[-97.37861,30.58586],[-97.37933,30.58563],[-97.37914,30.58519],[-97.37962,30.58504],[-97.3792,30.58404],[-97.37396,30.58569],[-97.37171,30.58054],[-97.3671,30.58203],[-97.36629,30.57962],[-97.37049,30.57832],[-97.36981,30.57698],[-97.36715,30.57789],[-97.36756,30.57907],[-97.36362,30.58025],[-97.36287,30.57843],[-97.36778,30.57739],[-97.37534,30.57459],[-97.3706,30.56338],[-97.37065,30.56308],[-97.37179,30.56335],[-97.37297,30.5633],[-97.3816,30.56066],[-97.38056,30.55022],[-97.40833,30.5479],[-97.40779,30.5467],[-97.40383,30.54058],[-97.40298,30.533],[-97.40796,30.53253],[-97.41165,30.53299],[-97.41342,30.52379],[-97.41377,30.52358],[-97.41503,30.52374],[-97.41538,30.5235],[-97.41692,30.51449],[-97.43183,30.51653],[-97.43085,30.52172],[-97.42735,30.52144],[-97.42658,30.52499],[-97.4263,30.52521],[-97.42545,30.52513],[-97.4252,30.52528],[-97.42419,30.53084],[-97.42663,30.53134],[-97.4277,30.53131],[-97.44767,30.53401],[-97.47027,30.53729],[-97.4706,30.53713],[-97.47055,30.53738],[-97.47131,30.53749],[-97.47081,30.54004],[-97.47008,30.53995],[-97.46776,30.55242],[-97.47012,30.55274],[-97.47268,30.55195],[-97.47397,30.55501],[-97.46327,30.55649],[-97.4523,30.55736],[-97.45214,30.55768],[-97.44928,30.55882],[-97.44553,30.56136],[-97.44129,30.5647],[-97.43966,30.56541],[-97.43548,30.56565],[-97.43492,30.56152],[-97.43104,30.56187],[-97.43089,30.56155],[-97.42961,30.56199],[-97.41644,30.56314],[-97.41672,30.56652],[-97.41949,30.56639],[-97.41953,30.56672],[-97.40934,30.56738],[-97.41007,30.57439],[-97.40788,30.57457],[-97.40828,30.57807],[-97.40759,30.5783],[-97.40891,30.58157],[-97.40905,30.5817],[-97.41021,30.58144],[-97.41082,30.58104],[-97.41111,30.58328],[-97.41719,30.58137],[-97.41791,30.58302],[-97.41809,30.58415],[-97.419,30.58461],[-97.41976,30.58558],[-97.4204,30.58577],[-97.42019,30.58721],[-97.41857,30.58762],[-97.41807,30.58656],[-97.41592,30.58502],[-97.41551,30.58435],[-97.41491,30.5846],[-97.41364,30.58626],[-97.41376,30.58802],[-97.41134,30.58811],[-97.4095,30.58383],[-97.40382,30.58565],[-97.40303,30.5832],[-97.40303,30.57973],[-97.38405,30.5856],[-97.38443,30.58661],[-97.38417,30.58605],[-97.38317,30.58634],[-97.383,30.586],[-97.3806,30.58673],[-97.38174,30.58951],[-97.38195,30.59252],[-97.38297,30.5949],[-97.38203,30.59288],[-97.37549,30.5948]]]}},{"type":"Feature","properties":{"PRECINCT":"williamson:468","COUNTY":"Williamson"},"geometry":{"type":"Polygon","coordinates":[[[-97.67612,30.57403],[-97.68453,30.57144],[-97.68565,30.57358],[-97.69158,30.57179],[-97.69161,30.57268],[-97.69227,30.5724],[-97.6922,30.57471],[-97.69138,30.57738],[-97.6747,30.58277],[-97.66415,30.58593],[-97.66236,30.58161],[-97.66989,30.58047],[-97.6684,30.57669],[-97.67528,30.57502],[-97.6751,30.57458],[-97.67612,30.57403]]]}},{"type":"Feature","properties":{"PRECINCT":"williamson:470","COUNTY":"Williamson"},"geometry":{"type":"Polygon","coordinates":[[[-97.64421,30.67729],[-97.64302,30.67449],[-97.64218,30.67353],[-97.63995,30.67385],[-97.63933,30.67183],[-97.63873,30.67147],[-97.63812,30.67042],[-97.63656,30.66952],[-97.63837,30.66795],[-97.63638,30.66345],[-97.63188,30.66576],[-97.63257,30.66198],[-97.63165,30.65829],[-97.63508,30.65572],[-97.63461,30.65383],[-97.63392,30.65282],[-97.63156,30.65322],[-97.63191,30.65235],[-97.6318,30.65091],[-97.63106,30.64997],[-97.63088,30.64836],[-97.62983,30.64703],[-97.62824,30.64287],[-97.62437,30.64388],[-97.61044,30.64403],[-97.61039,30.64382],[-97.61576,30.64391],[-97.60991,30.63017],[-97.61042,30.62942],[-97.61009,30.6293],[-97.61544,30.62191],[-97.61791,30.61786],[-97.62042,30.61688],[-97.62226,30.61405],[-97.62374,30.61395],[-97.62747,30.6147],[-97.62968,30.6147],[-97.64056,30.61164],[-97.64449,30.62098],[-97.6449,30.62143],[-97.64498,30.62215],[-97.64433,30.62304],[-97.64384,30.62453],[-97.64296,30.6375],[-97.64354,30.64137],[-97.64346,30.64639],[-97.6429,30.65432],[-97.64309,30.65621],[-97.64432,30.65947],[-97.64637,30.66219],[-97.64728,30.66259],[-97.65026,30.66302],[-97.65229,30.66455],[-97.65415,30.6649],[-97.65642,30.66585],[-97.65742,30.66681],[-97.65834,30.66921],[-97.65412,30.6705],[-97.65387,30.67075],[-97.65383,30.67059],[-97.65113,30.67137],[-97.65233,30.67432],[-97.65215,30.67468],[-97.64421,30.67729]],[[-97.63237,30.64124],[-97.639,30.63939],[-97.63815,30.63448],[-97.63753,30.63467],[-97.6381,30.63613],[-97.63752,30.63625],[-97.63672,30.63639],[-97.6358,30.63579],[-97.6342,30.63605],[-97.63327,30.63563],[-97.62932,30.63618],[-97.62941,30.63727],[-97.63067,30.64027],[-97.63185,30.63991],[-97.63237,30.64124]]]}},{"type":"Feature","properties":{"PRECINCT":"williamson:471","COUNTY":"Williamson"},"geometry":{"type":"Polygon","coordinates":[[[-97.63237,30.64124],[-97.63185,30.63991],[-97.63067,30.64027],[-97.62941,30.63727],[-97.62932,30.63618],[-97.63327,30.63563],[-97.6342,30.63605],[-97.6358,30.63579],[-97.63672,30.63639],[-97.63752,30.63625],[-97.6381,30.63613],[-97.63753,30.63467],[-97.63815,30.63448],[-97.639,30.63939],[-97.63237,30.64124]]]}},{"type":"Feature","properties":{"PRECINCT":"williamson:472","COUNTY":"Williamson"},"geometry":{"type":"Polygon","coordinates":[[[-97.63351,30.68041],[-97.63264,30.6802],[-97.63015,30.68055],[-97.62775,30.68015],[-97.62767,30.67985],[-97.62714,30.68007],[-97.62424,30.67957],[-97.62329,30.67921],[-97.62293,30.67858],[-97.62158,30.67778],[-97.62109,30.67696],[-97.62069,30.67678],[-97.6194,30.6771],[-97.61801,30.67704],[-97.61659,30.678],[-97.61593,30.67813],[-97.61459,30.67739],[-97.61423,30.67667],[-97.61406,30.67501],[-97.61341,30.67458],[-97.60992,30.67367],[-97.60974,30.67321],[-97.61027,30.67225],[-97.61026,30.67157],[-97.60782,30.67123],[-97.60183,30.6697],[-97.59707,30.66647],[-97.59638,30.66517],[-97.59631,30.66361],[-97.59811,30.66003],[-97.59936,30.65902],[-97.60013,30.65705],[-97.59942,30.65165],[-97.599,30.65108],[-97.59654,30.64984],[-97.58967,30.64858],[-97.58549,30.64618],[-97.58792,30.6455],[-97.59201,30.64517],[-97.60061,30.64393],[-97.61046,30.64408],[-97.62437,30.64388],[-97.62824,30.64287],[-97.62983,30.64703],[-97.63088,30.64836],[-97.63106,30.64997],[-97.6318,30.65091],[-97.63191,30.65235],[-97.63156,30.65322],[-97.63392,30.65282],[-97.63461,30.65383],[-97.63508,30.65572],[-97.63165,30.65829],[-97.63257,30.66198],[-97.63188,30.66576],[-97.63638,30.66345],[-97.63837,30.66795],[-97.63656,30.66952],[-97.63812,30.67042],[-97.63873,30.67147],[-97.63933,30.67183],[-97.63995,30.67385],[-97.64218,30.67353],[-97.64302,30.67449],[-97.64421,30.67729],[-97.64258,30.67781],[-97.64189,30.67826],[-97.64015,30.68121],[-97.63739,30.68461],[-97.63748,30.68439],[-97.63422,30.68086],[-97.63351,30.68041]]]}},{"type":"Feature","properties":{"PRECINCT":"williamson:473","COUNTY":"Williamson"},"geometry":{"type":"Polygon","coordinates":[[[-97.58338,30.64468],[-97.57734,30.63958],[-97.57437,30.63839],[-97.571,30.63669],[-97.56856,30.63613],[-97.56911,30.63348],[-97.57088,30.63192],[-97.57205,30.63039],[-97.57458,30.62961],[-97.58225,30.62876],[-97.58347,30.62892],[-97.58598,30.62879],[-97.57463,30.60168],[-97.61647,30.58847],[-97.62176,30.601],[-97.62246,30.60175],[-97.62346,30.60201],[-97.62508,30.60167],[-97.62815,30.6009],[-97.6346,30.59875],[-97.63506,30.59879],[-97.64056,30.61164],[-97.62968,30.6147],[-97.62747,30.6147],[-97.62374,30.61395],[-97.62226,30.61405],[-97.62042,30.61688],[-97.61791,30.61786],[-97.61699,30.61961],[-97.61338,30.62491],[-97.61018,30.62908],[-97.61009,30.6293],[-97.61042,30.62942],[-97.60991,30.63017],[-97.61576,30.64391],[-97.61039,30.64382],[-97.61046,30.64408],[-97.60061,30.64393],[-97.59201,30.64517],[-97.58792,30.6455],[-97.58549,30.64618],[-97.58338,30.64468]]]}},{"type":"Feature","properties":{"PRECINCT":"williamson:482","COUNTY":"Williamson"},"geometry":{"type":"Polygon","coordinates":[[[-97.69289,30.57454],[-97.69222,30.53536],[-97.69411,30.53597],[-97.6956,30.53594],[-97.70784,30.53214],[-97.70931,30.53196],[-97.71306,30.53201],[-97.71885,30.53032],[-97.72037,30.53032],[-97.72316,30.53114],[-97.72238,30.5337],[-97.72255,30.53616],[-97.72331,30.5378],[-97.72514,30.53985],[-97.72636,30.54243],[-97.72653,30.54359],[-97.72601,30.54482],[-97.72493,30.54572],[-97.71706,30.54822],[-97.7157,30.54935],[-97.71539,30.55086],[-97.7164,30.555],[-97.71941,30.55446],[-97.71975,30.55473],[-97.70352,30.55759],[-97.70429,30.57042],[-97.70514,30.57029],[-97.70584,30.57117],[-97.70575,30.57377],[-97.70468,30.57418],[-97.70387,30.57165],[-97.6972,30.57356],[-97.69289,30.57454]]]}},{"type":"Feature","properties":{"PRECINCT":"williamson:484","COUNTY":"Williamson"},"geometry":{"type":"Polygon","coordinates":[[[-97.60255,30.55619],[-97.60188,30.55565],[-97.60955,30.55537],[-97.60959,30.55625],[-97.61322,30.55617],[-97.61396,30.55554],[-97.61449,30.55455],[-97.61449,30.55168],[-97.62252,30.55156],[-97.62286,30.55185],[-97.62479,30.55663],[-97.62541,30.55697],[-97.62789,30.56302],[-97.62534,30.56445],[-97.60944,30.57185],[-97.60744,30.56702],[-97.60597,30.56228],[-97.60591,30.56098],[-97.60255,30.55619]]]}},{"type":"Feature","properties":{"PRECINCT":"williamson:485","COUNTY":"Williamson"},"geometry":{"type":"Polygon","coordinates":[[[-97.62241,30.55154],[-97.61449,30.55168],[-97.61432,30.54668],[-97.62745,30.54635],[-97.63013,30.54712],[-97.63884,30.54713],[-97.65002,30.54367],[-97.64899,30.54515],[-97.6481,30.54792],[-97.64595,30.55488],[-97.64561,30.55775],[-97.64608,30.56113],[-97.65009,30.57092],[-97.65048,30.57261],[-97.64553,30.57334],[-97.63266,30.57713],[-97.63051,30.57802],[-97.6265,30.58037],[-97.61464,30.58413],[-97.60944,30.57185],[-97.62534,30.56445],[-97.62789,30.56302],[-97.62541,30.55697],[-97.62479,30.55663],[-97.62286,30.55185],[-97.62241,30.55154]]]}},{"type":"Feature","properties":{"PRECINCT":"williamson:486","COUNTY":"Williamson"},"geometry":{"type":"Polygon","coordinates":[[[-97.62103,30.59928],[-97.61647,30.58847],[-97.59464,30.59539],[-97.59258,30.591],[-97.59452,30.59045],[-97.59349,30.58781],[-97.59867,30.58624],[-97.59586,30.57966],[-97.60325,30.5773],[-97.60241,30.57528],[-97.6099,30.57293],[-97.61464,30.58413],[-97.6265,30.58037],[-97.63051,30.57802],[-97.63266,30.57713],[-97.64553,30.57334],[-97.65048,30.57261],[-97.65156,30.57702],[-97.65519,30.58544],[-97.65632,30.58488],[-97.65641,30.58529],[-97.65902,30.5866],[-97.65943,30.58742],[-97.63783,30.59417],[-97.63765,30.59455],[-97.63875,30.59761],[-97.63565,30.59871],[-97.6346,30.59875],[-97.62815,30.6009],[-97.62361,30.602],[-97.62279,30.60189],[-97.62219,30.60153],[-97.62103,30.59928]]]}},{"type":"Feature","properties":{"PRECINCT":"williamson:487","COUNTY":"Williamson"},"geometry":{"type":"Polygon","coordinates":[[[-97.61395,30.52398],[-97.61354,30.51063],[-97.61642,30.51056],[-97.61665,30.52394],[-97.61395,30.52398]]]}},{"type":"Feature","properties":{"PRECINCT":"williamson:488","COUNTY":"Williamson"},"geometry":{"type":"Polygon","coordinates":[[[-97.61393,30.52917],[-97.61379,30.52284],[-97.61395,30.52398],[-97.61665,30.52394],[-97.61645,30.51162],[-97.61642,30.51056],[-97.61354,30.51063],[-97.61349,30.50841],[-97.61998,30.50824],[-97.62261,30.5075],[-97.62531,30.50733],[-97.62623,30.50749],[-97.62871,30.50868],[-97.62973,30.50886],[-97.63643,30.50878],[-97.63823,30.50834],[-97.63823,30.50951],[-97.63927,30.51098],[-97.64041,30.51167],[-97.64039,30.51278],[-97.64113,30.51338],[-97.64185,30.51448],[-97.64293,30.51492],[-97.64568,30.51519],[-97.64576,30.51959],[-97.638,30.52255],[-97.6361,30.52334],[-97.63564,30.52373],[-97.62342,30.52869],[-97.61453,30.53167],[-97.61393,30.52917]]]}},{"type":"Feature","properties":{"PRECINCT":"williamson:491","COUNTY":"Williamson"},"geometry":{"type":"Polygon","coordinates":[[[-97.60671,30.54659],[-97.6073,30.54509],[-97.60694,30.54403],[-97.60631,30.5434],[-97.60629,30.54244],[-97.60533,30.54182],[-97.6053,30.54059],[-97.60954,30.54044],[-97.60938,30.53316],[-97.61395,30.53224],[-97.61395,30.53183],[-97.62342,30.52869],[-97.63564,30.52373],[-97.6361,30.52334],[-97.63912,30.52209],[-97.64429,30.52006],[-97.64719,30.51923],[-97.64749,30.52304],[-97.64733,30.52387],[-97.64668,30.52623],[-97.64419,30.53189],[-97.64762,30.53304],[-97.64813,30.53357],[-97.64823,30.53424],[-97.64736,30.53781],[-97.64766,30.53856],[-97.6484,30.53898],[-97.65123,30.53938],[-97.65064,30.54203],[-97.65002,30.54367],[-97.63884,30.54713],[-97.63013,30.54712],[-97.62745,30.54635],[-97.61432,30.54668],[-97.61455,30.55423],[-97.61396,30.55554],[-97.61322,30.55617],[-97.60959,30.55625],[-97.60955,30.55349],[-97.60906,30.55329],[-97.6091,30.55027],[-97.60792,30.55025],[-97.60776,30.54924],[-97.60669,30.54725],[-97.60671,30.54659]]]}}]}