{"type":"FeatureCollection","features":[{"type":"Feature","properties":{"PRECINCT":"bexar:1001","COUNTY":"Bexar"},"geometry":{"type":"Polygon","coordinates":[[[-98.49599,29.4131],[-98.4962,29.41269],[-98.49577,29.41191],[-98.49755,29.41302],[-98.49847,29.41035],[-98.50058,29.41119],[-98.50207,29.40687],[-98.50325,29.40735],[-98.5033,29.40782],[-98.5043,29.40718],[-98.50765,29.40852],[-98.50959,29.40803],[-98.5078,29.41166],[-98.50359,29.4156],[-98.50259,29.4169],[-98.50169,29.42253],[-98.50042,29.42214],[-98.49935,29.42127],[-98.49533,29.4195],[-98.49416,29.41854],[-98.49283,29.41796],[-98.49357,29.4171],[-98.49403,29.41562],[-98.49493,29.41449],[-98.49523,29.41351],[-98.49599,29.4131]]]}},{"type":"Feature","properties":{"PRECINCT":"bexar:1002","COUNTY":"Bexar"},"geometry":{"type":"Polygon","coordinates":[[[-98.68481,29.42842],[-98.68933,29.42825],[-98.68937,29.43339],[-98.69046,29.43521],[-98.68545,29.43644],[-98.68495,29.435],[-98.68496,29.43156],[-98.68354,29.42899],[-98.68481,29.42842]]]}},{"type":"Feature","properties":{"PRECINCT":"bexar:1003","COUNTY":"Bexar"},"geometry":{"type":"Polygon","coordinates":[[[-98.49577,29.41191],[-98.49436,29.40893],[-98.49467,29.40774],[-98.49448,29.4072],[-98.49402,29.40685],[-98.4924,29.40655],[-98.4914,29.40525],[-98.4906,29.40463],[-98.48665,29.40694],[-98.48521,29.40253],[-98.48633,29.39934],[-98.48783,29.39954],[-98.49028,29.39534],[-98.49534,29.39621],[-98.50437,29.39627],[-98.50456,29.3996],[-98.50058,29.41119],[-98.49847,29.41035],[-98.49755,29.41302],[-98.49577,29.41191]]]}},{"type":"Feature","properties":{"PRECINCT":"bexar:1004","COUNTY":"Bexar"},"geometry":{"type":"Polygon","coordinates":[[[-98.4893,29.3839],[-98.48988,29.38126],[-98.48945,29.37977],[-98.49113,29.38013],[-98.49608,29.38325],[-98.49688,29.38302],[-98.49812,29.38302],[-98.49812,29.38219],[-98.50167,29.38219],[-98.50124,29.38119],[-98.50426,29.38117],[-98.50413,29.38447],[-98.50327,29.38617],[-98.50431,29.39552],[-98.5034,29.39552],[-98.49741,29.39371],[-98.492,29.39262],[-98.49234,29.39196],[-98.49068,29.38844],[-98.4893,29.3839]]]}},{"type":"Feature","properties":{"PRECINCT":"bexar:1005","COUNTY":"Bexar"},"geometry":{"type":"Polygon","coordinates":[[[-98.50638,29.39513],[-98.50636,29.39335],[-98.50536,29.39336],[-98.50536,29.39245],[-98.50493,29.39242],[-98.50495,29.39043],[-98.50542,29.39043],[-98.50544,29.38849],[-98.50368,29.3885],[-98.50327,29.38617],[-98.50413,29.38447],[-98.50424,29.38242],[-98.51146,29.38237],[-98.51151,29.38791],[-98.51044,29.38791],[-98.51035,29.38858],[-98.51034,29.39273],[-98.51069,29.39336],[-98.51122,29.39333],[-98.51075,29.39424],[-98.50965,29.39505],[-98.50638,29.39513]]]}},{"type":"Feature","properties":{"PRECINCT":"bexar:1006","COUNTY":"Bexar"},"geometry":{"type":"Polygon","coordinates":[[[-98.51155,29.39323],[-98.51069,29.39336],[-98.51033,29.39267],[-98.51044,29.38791],[-98.51151,29.38791],[-98.51158,29.38732],[-98.51146,29.38237],[-98.51247,29.38251],[-98.51285,29.38236],[-98.52752,29.38229],[-98.5154,29.39626],[-98.51129,29.39622],[-98.51155,29.39323]]]}},{"type":"Feature","properties":{"PRECINCT":"bexar:1007","COUNTY":"Bexar"},"geometry":{"type":"Polygon","coordinates":[[[-98.52062,29.39022],[-98.5272,29.38265],[-98.52829,29.3833],[-98.5334,29.38377],[-98.53249,29.39131],[-98.52062,29.39022]]]}},{"type":"Feature","properties":{"PRECINCT":"bexar:1008","COUNTY":"Bexar"},"geometry":{"type":"Polygon","coordinates":[[[-98.47992,29.40838],[-98.48096,29.40402],[-98.48107,29.40231],[-98.48302,29.40224],[-98.48521,29.40254],[-98.48665,29.40694],[-98.49026,29.40495],[-98.49029,29.40474],[-98.4906,29.40463],[-98.4914,29.40525],[-98.49187,29.40597],[-98.49153,29.40626],[-98.48717,29.40861],[-98.48951,29.41564],[-98.48869,29.41647],[-98.48825,29.41843],[-98.48713,29.41832],[-98.48611,29.41796],[-98.48047,29.41421],[-98.48038,29.41243],[-98.47986,29.41006],[-98.47992,29.40838]]]}},{"type":"Feature","properties":{"PRECINCT":"bexar:1009","COUNTY":"Bexar"},"geometry":{"type":"Polygon","coordinates":[[[-98.69385,29.42697],[-98.69376,29.42105],[-98.69896,29.42102],[-98.7096,29.42109],[-98.70978,29.42245],[-98.71079,29.42513],[-98.71113,29.42694],[-98.69385,29.42697]]]}},{"type":"Feature","properties":{"PRECINCT":"bexar:1010","COUNTY":"Bexar"},"geometry":{"type":"Polygon","coordinates":[[[-98.48302,29.40224],[-98.48107,29.40231],[-98.48059,29.40023],[-98.47828,29.39511],[-98.48017,29.39438],[-98.48266,29.39405],[-98.49028,29.39534],[-98.48783,29.39954],[-98.48633,29.39934],[-98.48521,29.40254],[-98.48302,29.40224]]]}},{"type":"Feature","properties":{"PRECINCT":"bexar:1012","COUNTY":"Bexar"},"geometry":{"type":"Polygon","coordinates":[[[-98.65674,29.4106],[-98.65675,29.40936],[-98.65407,29.40935],[-98.65407,29.40837],[-98.65002,29.40833],[-98.65003,29.40686],[-98.64955,29.40682],[-98.64945,29.39736],[-98.65367,29.39624],[-98.65965,29.39386],[-98.66027,29.39488],[-98.66276,29.39682],[-98.66306,29.39731],[-98.66312,29.41046],[-98.65674,29.4106]]]}},{"type":"Feature","properties":{"PRECINCT":"bexar:1013","COUNTY":"Bexar"},"geometry":{"type":"Polygon","coordinates":[[[-98.54177,29.39546],[-98.53452,29.39467],[-98.53106,29.39698],[-98.53208,29.39469],[-98.53366,29.3816],[-98.54195,29.38233],[-98.54266,29.38317],[-98.54407,29.38365],[-98.54904,29.38409],[-98.5511,29.38345],[-98.54906,29.39877],[-98.5426,29.39813],[-98.54007,29.39746],[-98.54177,29.39546]]]}},{"type":"Feature","properties":{"PRECINCT":"bexar:1024","COUNTY":"Bexar"},"geometry":{"type":"Polygon","coordinates":[[[-98.66855,29.4413],[-98.66894,29.4286],[-98.67108,29.42864],[-98.67358,29.42791],[-98.67517,29.42784],[-98.67543,29.42769],[-98.67501,29.42727],[-98.67476,29.42639],[-98.67774,29.42633],[-98.67909,29.42564],[-98.68313,29.42844],[-98.68469,29.43091],[-98.68499,29.43199],[-98.68499,29.43533],[-98.68545,29.43644],[-98.66855,29.4413]]]}},{"type":"Feature","properties":{"PRECINCT":"bexar:1027","COUNTY":"Bexar"},"geometry":{"type":"Polygon","coordinates":[[[-98.69376,29.42105],[-98.6938,29.41793],[-98.6958,29.41773],[-98.6972,29.41689],[-98.6979,29.41587],[-98.69858,29.41381],[-98.69953,29.41431],[-98.70026,29.41501],[-98.70039,29.41558],[-98.70191,29.41755],[-98.70476,29.41954],[-98.70725,29.42045],[-98.70901,29.42037],[-98.70959,29.42059],[-98.7096,29.42109],[-98.69376,29.42105]]]}},{"type":"Feature","properties":{"PRECINCT":"bexar:1029","COUNTY":"Bexar"},"geometry":{"type":"Polygon","coordinates":[[[-98.5484,29.40382],[-98.54836,29.404],[-98.54283,29.40334],[-98.53991,29.40256],[-98.53683,29.40139],[-98.54007,29.39746],[-98.5426,29.39813],[-98.54906,29.39877],[-98.5505,29.38739],[-98.55679,29.38443],[-98.55743,29.38474],[-98.55955,29.38498],[-98.55948,29.38616],[-98.56018,29.38616],[-98.5598,29.3889],[-98.55959,29.38888],[-98.55954,29.38939],[-98.56088,29.38951],[-98.56048,29.39059],[-98.55843,29.39372],[-98.55709,29.40468],[-98.5484,29.40382]]]}},{"type":"Feature","properties":{"PRECINCT":"bexar:1031","COUNTY":"Bexar"},"geometry":{"type":"Polygon","coordinates":[[[-98.55708,29.40486],[-98.55836,29.39405],[-98.55881,29.39289],[-98.56048,29.39059],[-98.56088,29.38951],[-98.56365,29.38987],[-98.56239,29.39876],[-98.56669,29.39914],[-98.56689,29.39875],[-98.56778,29.39873],[-98.56773,29.39906],[-98.57045,29.39933],[-98.57094,29.39903],[-98.57359,29.39928],[-98.57351,29.39991],[-98.58398,29.40095],[-98.58438,29.40129],[-98.58471,29.40211],[-98.58426,29.40454],[-98.58424,29.40696],[-98.58782,29.40725],[-98.58782,29.40775],[-98.55708,29.40486]]]}},{"type":"Feature","properties":{"PRECINCT":"bexar:1032","COUNTY":"Bexar"},"geometry":{"type":"Polygon","coordinates":[[[-98.55674,29.41003],[-98.55708,29.40486],[-98.58782,29.40775],[-98.58781,29.40886],[-98.55588,29.41616],[-98.55674,29.41003]]]}},{"type":"Feature","properties":{"PRECINCT":"bexar:1043","COUNTY":"Bexar"},"geometry":{"type":"Polygon","coordinates":[[[-98.63613,29.40984],[-98.64373,29.40977],[-98.64507,29.40863],[-98.64663,29.4098],[-98.64954,29.40983],[-98.64951,29.41783],[-98.63611,29.41779],[-98.63613,29.40984]]]}},{"type":"Feature","properties":{"PRECINCT":"bexar:1070","COUNTY":"Bexar"},"geometry":{"type":"Polygon","coordinates":[[[-98.64951,29.41783],[-98.64955,29.40682],[-98.65003,29.40686],[-98.65002,29.40833],[-98.65407,29.40837],[-98.65407,29.40935],[-98.65675,29.40936],[-98.65674,29.4106],[-98.66312,29.41046],[-98.66313,29.41785],[-98.64951,29.41783]]]}},{"type":"Feature","properties":{"PRECINCT":"bexar:1071","COUNTY":"Bexar"},"geometry":{"type":"Polygon","coordinates":[[[-98.66313,29.41785],[-98.66312,29.40992],[-98.66432,29.40996],[-98.6665,29.40896],[-98.67146,29.409],[-98.67399,29.40605],[-98.67446,29.40625],[-98.67657,29.40794],[-98.67687,29.40852],[-98.67687,29.40937],[-98.67837,29.40936],[-98.67838,29.41474],[-98.67789,29.41476],[-98.67827,29.41658],[-98.6782,29.41785],[-98.66313,29.41785]]]}},{"type":"Feature","properties":{"PRECINCT":"bexar:1072","COUNTY":"Bexar"},"geometry":{"type":"Polygon","coordinates":[[[-98.63406,29.45513],[-98.63666,29.45356],[-98.64118,29.4518],[-98.64177,29.45271],[-98.64357,29.45378],[-98.6441,29.45496],[-98.64612,29.45404],[-98.64687,29.45568],[-98.64612,29.45801],[-98.6476,29.45885],[-98.64804,29.45936],[-98.64825,29.46183],[-98.64891,29.46337],[-98.64506,29.46492],[-98.63406,29.45513]]]}},{"type":"Feature","properties":{"PRECINCT":"bexar:1074","COUNTY":"Bexar"},"geometry":{"type":"Polygon","coordinates":[[[-98.50428,29.39512],[-98.5094,29.39513],[-98.51023,29.39475],[-98.51125,29.39323],[-98.51155,29.39323],[-98.51129,29.39622],[-98.50437,29.39627],[-98.50428,29.39512]]]}},{"type":"Feature","properties":{"PRECINCT":"bexar:1076","COUNTY":"Bexar"},"geometry":{"type":"Polygon","coordinates":[[[-98.68302,29.42833],[-98.67909,29.42564],[-98.67774,29.42633],[-98.67476,29.42639],[-98.67501,29.42727],[-98.67543,29.42769],[-98.67511,29.42786],[-98.67358,29.42791],[-98.67108,29.42864],[-98.66894,29.4286],[-98.6693,29.41784],[-98.6871,29.4179],[-98.68714,29.42045],[-98.68763,29.42191],[-98.68892,29.42338],[-98.68927,29.4241],[-98.68933,29.42825],[-98.6854,29.42829],[-98.68354,29.42899],[-98.68302,29.42833]]]}},{"type":"Feature","properties":{"PRECINCT":"bexar:1077","COUNTY":"Bexar"},"geometry":{"type":"Polygon","coordinates":[[[-98.53106,29.39698],[-98.52841,29.39685],[-98.51587,29.3957],[-98.52062,29.39022],[-98.53249,29.39131],[-98.53191,29.39532],[-98.53106,29.39698]]]}},{"type":"Feature","properties":{"PRECINCT":"bexar:1078","COUNTY":"Bexar"},"geometry":{"type":"Polygon","coordinates":[[[-98.52924,29.39821],[-98.53452,29.39467],[-98.54177,29.39546],[-98.53696,29.40122],[-98.52924,29.39821]]]}},{"type":"Feature","properties":{"PRECINCT":"bexar:1079","COUNTY":"Bexar"},"geometry":{"type":"Polygon","coordinates":[[[-98.6837,29.44889],[-98.68197,29.44774],[-98.67896,29.44665],[-98.67681,29.44641],[-98.67213,29.44656],[-98.66848,29.44592],[-98.66582,29.44471],[-98.66374,29.44314],[-98.66981,29.44085],[-98.68532,29.43647],[-98.68591,29.43764],[-98.68867,29.44041],[-98.6896,29.44214],[-98.69007,29.44426],[-98.69022,29.44898],[-98.68878,29.44887],[-98.6872,29.44906],[-98.68497,29.45016],[-98.6837,29.44889]]]}},{"type":"Feature","properties":{"PRECINCT":"bexar:1080","COUNTY":"Bexar"},"geometry":{"type":"Polygon","coordinates":[[[-98.64723,29.43216],[-98.64867,29.42976],[-98.64933,29.42759],[-98.64951,29.41783],[-98.6693,29.41784],[-98.66877,29.43334],[-98.66497,29.43181],[-98.66434,29.43174],[-98.66203,29.43221],[-98.66128,29.43504],[-98.65888,29.43889],[-98.64549,29.43421],[-98.64723,29.43216]]]}},{"type":"Feature","properties":{"PRECINCT":"bexar:1082","COUNTY":"Bexar"},"geometry":{"type":"Polygon","coordinates":[[[-98.70908,29.42038],[-98.70742,29.42048],[-98.70476,29.41954],[-98.70191,29.41755],[-98.70039,29.41558],[-98.70026,29.41501],[-98.69953,29.41431],[-98.69858,29.41381],[-98.6979,29.41587],[-98.6972,29.41689],[-98.6958,29.41773],[-98.6938,29.41793],[-98.69396,29.3907],[-98.69652,29.39072],[-98.69644,29.38695],[-98.69859,29.38378],[-98.69948,29.38397],[-98.70025,29.3847],[-98.70125,29.38461],[-98.70284,29.39688],[-98.70346,29.39833],[-98.70862,29.40619],[-98.70933,29.40786],[-98.7096,29.40942],[-98.70959,29.42059],[-98.70908,29.42038]]]}},{"type":"Feature","properties":{"PRECINCT":"bexar:1083","COUNTY":"Bexar"},"geometry":{"type":"Polygon","coordinates":[[[-98.69596,29.44911],[-98.69585,29.44649],[-98.69611,29.44568],[-98.6969,29.44477],[-98.69803,29.44411],[-98.69637,29.44179],[-98.69888,29.44051],[-98.6986,29.43913],[-98.69858,29.43573],[-98.71043,29.43567],[-98.71071,29.44153],[-98.71024,29.44804],[-98.70692,29.44805],[-98.70428,29.44849],[-98.70152,29.44818],[-98.69596,29.44911]]]}},{"type":"Feature","properties":{"PRECINCT":"bexar:1084","COUNTY":"Bexar"},"geometry":{"type":"Polygon","coordinates":[[[-98.62412,29.40362],[-98.62396,29.40333],[-98.63516,29.40097],[-98.6331,29.40173],[-98.63446,29.4014],[-98.63505,29.40371],[-98.63609,29.40358],[-98.63611,29.41779],[-98.62394,29.41773],[-98.62412,29.40362]]]}},{"type":"Feature","properties":{"PRECINCT":"bexar:1085","COUNTY":"Bexar"},"geometry":{"type":"Polygon","coordinates":[[[-98.63613,29.40984],[-98.63609,29.40358],[-98.63505,29.40371],[-98.63446,29.4014],[-98.6331,29.40173],[-98.63516,29.40097],[-98.64945,29.39736],[-98.64954,29.40983],[-98.64663,29.4098],[-98.64507,29.40863],[-98.64363,29.40981],[-98.63613,29.40984]]]}},{"type":"Feature","properties":{"PRECINCT":"bexar:1086","COUNTY":"Bexar"},"geometry":{"type":"Polygon","coordinates":[[[-98.64231,29.43121],[-98.64233,29.42864],[-98.63803,29.42866],[-98.63806,29.42742],[-98.63835,29.4268],[-98.63734,29.42637],[-98.63432,29.42635],[-98.63352,29.426],[-98.63134,29.42277],[-98.62922,29.42183],[-98.62963,29.42093],[-98.62965,29.41776],[-98.64951,29.41783],[-98.6493,29.42774],[-98.64683,29.42742],[-98.64605,29.4296],[-98.64472,29.43122],[-98.64231,29.43121]]]}},{"type":"Feature","properties":{"PRECINCT":"bexar:1087","COUNTY":"Bexar"},"geometry":{"type":"Polygon","coordinates":[[[-98.63175,29.43814],[-98.63128,29.43805],[-98.63063,29.4373],[-98.62991,29.43737],[-98.62919,29.43626],[-98.62364,29.43614],[-98.62394,29.41773],[-98.62965,29.41776],[-98.62963,29.42093],[-98.62922,29.42183],[-98.63134,29.42277],[-98.63372,29.42615],[-98.63432,29.42635],[-98.63734,29.42637],[-98.63835,29.4268],[-98.63806,29.42742],[-98.63803,29.42866],[-98.64233,29.42864],[-98.64231,29.43121],[-98.64499,29.43112],[-98.64628,29.42917],[-98.64683,29.42742],[-98.6493,29.42774],[-98.64867,29.42976],[-98.64771,29.43153],[-98.63388,29.44824],[-98.63323,29.4462],[-98.6334,29.44546],[-98.63394,29.44467],[-98.63361,29.44287],[-98.63407,29.44188],[-98.63407,29.44059],[-98.63376,29.43982],[-98.63175,29.43814]]]}},{"type":"Feature","properties":{"PRECINCT":"bexar:1088","COUNTY":"Bexar"},"geometry":{"type":"Polygon","coordinates":[[[-98.54659,29.41831],[-98.54838,29.40382],[-98.55709,29.40468],[-98.55674,29.41003],[-98.55588,29.41616],[-98.54659,29.41831]]]}},{"type":"Feature","properties":{"PRECINCT":"bexar:1096","COUNTY":"Bexar"},"geometry":{"type":"Polygon","coordinates":[[[-98.55954,29.38939],[-98.55959,29.38888],[-98.5598,29.3889],[-98.56018,29.38616],[-98.55948,29.38616],[-98.55961,29.38423],[-98.56151,29.38441],[-98.56135,29.38562],[-98.56329,29.38585],[-98.56288,29.38896],[-98.56256,29.38915],[-98.561,29.38896],[-98.56088,29.38951],[-98.55954,29.38939]]]}},{"type":"Feature","properties":{"PRECINCT":"bexar:1098","COUNTY":"Bexar"},"geometry":{"type":"Polygon","coordinates":[[[-98.50765,29.40852],[-98.5043,29.40718],[-98.5033,29.40782],[-98.50325,29.40735],[-98.50207,29.40687],[-98.50461,29.39936],[-98.50437,29.39627],[-98.51129,29.39622],[-98.51187,29.40244],[-98.50959,29.40803],[-98.50765,29.40852]]]}},{"type":"Feature","properties":{"PRECINCT":"bexar:1099","COUNTY":"Bexar"},"geometry":{"type":"Polygon","coordinates":[[[-98.66362,29.44319],[-98.66733,29.44549],[-98.67054,29.4464],[-98.67035,29.44734],[-98.66906,29.44924],[-98.66846,29.45226],[-98.66847,29.45396],[-98.66934,29.45663],[-98.67173,29.45989],[-98.66969,29.46084],[-98.66841,29.46098],[-98.66738,29.46079],[-98.66473,29.45913],[-98.66263,29.45849],[-98.66122,29.45778],[-98.65527,29.44637],[-98.66362,29.44319]]]}},{"type":"Feature","properties":{"PRECINCT":"bexar:1100","COUNTY":"Bexar"},"geometry":{"type":"Polygon","coordinates":[[[-98.69541,29.43575],[-98.69046,29.43521],[-98.69029,29.43466],[-98.6894,29.43355],[-98.68927,29.4241],[-98.68892,29.42338],[-98.68763,29.42191],[-98.68714,29.42045],[-98.6871,29.4179],[-98.6938,29.41793],[-98.69385,29.42697],[-98.71113,29.42694],[-98.71115,29.43566],[-98.69541,29.43575]]]}},{"type":"Feature","properties":{"PRECINCT":"bexar:1104","COUNTY":"Bexar"},"geometry":{"type":"Polygon","coordinates":[[[-98.64506,29.46492],[-98.66116,29.45868],[-98.66192,29.45816],[-98.66473,29.45913],[-98.66683,29.46056],[-98.66812,29.46095],[-98.66801,29.46149],[-98.66527,29.46415],[-98.66472,29.46442],[-98.66704,29.4689],[-98.65069,29.47004],[-98.64506,29.46492]]]}},{"type":"Feature","properties":{"PRECINCT":"bexar:1112","COUNTY":"Bexar"},"geometry":{"type":"Polygon","coordinates":[[[-98.67838,29.41474],[-98.67837,29.40936],[-98.67687,29.40937],[-98.67687,29.40852],[-98.67657,29.40794],[-98.67399,29.40605],[-98.67469,29.40492],[-98.67671,29.40465],[-98.67442,29.40254],[-98.67423,29.4003],[-98.67475,29.40008],[-98.67498,29.39931],[-98.67299,29.39898],[-98.67183,29.39763],[-98.67038,29.39729],[-98.66908,29.39742],[-98.66841,29.3977],[-98.66785,29.3982],[-98.66807,29.39882],[-98.66755,29.39911],[-98.66691,29.39826],[-98.66652,29.39599],[-98.66482,29.39456],[-98.66497,29.39409],[-98.66481,29.39352],[-98.66518,29.39259],[-98.67064,29.39053],[-98.68724,29.39052],[-98.68715,29.39296],[-98.68751,29.39297],[-98.68694,29.39388],[-98.68282,29.39443],[-98.68304,29.39487],[-98.68301,29.39742],[-98.6835,29.39777],[-98.68335,29.40021],[-98.6835,29.40037],[-98.68725,29.40032],[-98.68726,29.40073],[-98.68748,29.40073],[-98.68748,29.40174],[-98.68933,29.40162],[-98.68943,29.40176],[-98.68989,29.4035],[-98.68957,29.40354],[-98.68963,29.40387],[-98.69097,29.40372],[-98.69101,29.40412],[-98.69381,29.40387],[-98.6938,29.41793],[-98.6782,29.41785],[-98.67827,29.41658],[-98.67789,29.41476],[-98.67838,29.41474]]]}},{"type":"Feature","properties":{"PRECINCT":"bexar:1119","COUNTY":"Bexar"},"geometry":{"type":"Polygon","coordinates":[[[-98.50428,29.39512],[-98.50368,29.3885],[-98.50544,29.38849],[-98.50542,29.39043],[-98.50495,29.39043],[-98.50493,29.39242],[-98.50536,29.39245],[-98.50536,29.39336],[-98.50636,29.39335],[-98.50638,29.39513],[-98.50428,29.39512]]]}},{"type":"Feature","properties":{"PRECINCT":"bexar:1120","COUNTY":"Bexar"},"geometry":{"type":"Polygon","coordinates":[[[-98.49534,29.39621],[-98.49028,29.39534],[-98.49043,29.3949],[-98.49148,29.39411],[-98.492,29.39262],[-98.49741,29.39371],[-98.5034,29.39552],[-98.50431,29.39552],[-98.50437,29.39627],[-98.49534,29.39621]]]}},{"type":"Feature","properties":{"PRECINCT":"bexar:1126","COUNTY":"Bexar"},"geometry":{"type":"Polygon","coordinates":[[[-98.47921,29.40677],[-98.48028,29.4068],[-98.47981,29.40916],[-98.48047,29.41421],[-98.47919,29.41353],[-98.47921,29.40677]]]}},{"type":"Feature","properties":{"PRECINCT":"bexar:1136","COUNTY":"Bexar"},"geometry":{"type":"Polygon","coordinates":[[[-98.66312,29.40992],[-98.66306,29.39731],[-98.66276,29.39682],[-98.66027,29.39488],[-98.65965,29.39386],[-98.67137,29.38919],[-98.67416,29.38829],[-98.70094,29.38202],[-98.70125,29.38461],[-98.70025,29.3847],[-98.69913,29.3838],[-98.69834,29.38359],[-98.69745,29.38364],[-98.69418,29.38445],[-98.69391,29.38468],[-98.69366,29.38452],[-98.67443,29.38918],[-98.66769,29.3915],[-98.66518,29.39259],[-98.66481,29.39352],[-98.66497,29.39409],[-98.66482,29.39456],[-98.66652,29.39599],[-98.66687,29.39809],[-98.66719,29.39875],[-98.66777,29.3991],[-98.66807,29.39882],[-98.66785,29.3982],[-98.66832,29.39776],[-98.66908,29.39742],[-98.67038,29.39729],[-98.67183,29.39763],[-98.67299,29.39898],[-98.6748,29.39918],[-98.67498,29.39931],[-98.6749,29.39989],[-98.67423,29.4003],[-98.67442,29.40254],[-98.67671,29.40465],[-98.67469,29.40492],[-98.6734,29.40694],[-98.67146,29.409],[-98.6665,29.40896],[-98.66432,29.40996],[-98.66312,29.40992]]]}},{"type":"Feature","properties":{"PRECINCT":"bexar:1138","COUNTY":"Bexar"},"geometry":{"type":"Polygon","coordinates":[[[-98.62993,29.45301],[-98.64549,29.43421],[-98.65784,29.43844],[-98.65994,29.43955],[-98.66362,29.44319],[-98.63752,29.4532],[-98.63406,29.45513],[-98.63051,29.45338],[-98.62993,29.45301]]]}},{"type":"Feature","properties":{"PRECINCT":"bexar:1139","COUNTY":"Bexar"},"geometry":{"type":"Polygon","coordinates":[[[-98.66203,29.43221],[-98.66434,29.43174],[-98.66547,29.43193],[-98.66877,29.43334],[-98.66855,29.4413],[-98.66362,29.44319],[-98.6604,29.43994],[-98.65888,29.43889],[-98.66128,29.43504],[-98.66203,29.43221]]]}},{"type":"Feature","properties":{"PRECINCT":"bexar:1142","COUNTY":"Bexar"},"geometry":{"type":"Polygon","coordinates":[[[-98.69101,29.40412],[-98.69097,29.40372],[-98.68963,29.40387],[-98.68957,29.40354],[-98.68989,29.4035],[-98.68943,29.40176],[-98.68933,29.40162],[-98.68748,29.40174],[-98.68748,29.40073],[-98.68726,29.40073],[-98.68725,29.40032],[-98.6835,29.40037],[-98.68335,29.40021],[-98.6835,29.39777],[-98.68301,29.39742],[-98.68304,29.39487],[-98.68282,29.39443],[-98.68694,29.39388],[-98.68751,29.39297],[-98.68715,29.39296],[-98.68724,29.39052],[-98.69254,29.39051],[-98.69395,29.39013],[-98.69381,29.40387],[-98.69101,29.40412]]]}},{"type":"Feature","properties":{"PRECINCT":"bexar:1147","COUNTY":"Bexar"},"geometry":{"type":"Polygon","coordinates":[[[-98.68532,29.43647],[-98.68931,29.43537],[-98.69067,29.43519],[-98.69541,29.43575],[-98.69858,29.43573],[-98.6986,29.43913],[-98.69888,29.44051],[-98.69637,29.44179],[-98.69803,29.44411],[-98.69667,29.44496],[-98.69595,29.44604],[-98.69596,29.44911],[-98.69303,29.44926],[-98.69009,29.44883],[-98.69007,29.44426],[-98.68975,29.44255],[-98.68834,29.43998],[-98.68577,29.43744],[-98.68532,29.43647]]]}},{"type":"Feature","properties":{"PRECINCT":"bexar:1148","COUNTY":"Bexar"},"geometry":{"type":"Polygon","coordinates":[[[-98.67064,29.39053],[-98.67443,29.38918],[-98.69089,29.38533],[-98.69147,29.38504],[-98.69366,29.38452],[-98.69391,29.38468],[-98.69418,29.38445],[-98.69745,29.38364],[-98.69834,29.38359],[-98.69859,29.38378],[-98.69644,29.38695],[-98.69652,29.39072],[-98.69396,29.3907],[-98.69395,29.39013],[-98.69224,29.39052],[-98.67064,29.39053]]]}},{"type":"Feature","properties":{"PRECINCT":"bexar:1149","COUNTY":"Bexar"},"geometry":{"type":"Polygon","coordinates":[[[-98.64612,29.45801],[-98.64687,29.45568],[-98.64612,29.45404],[-98.6441,29.45496],[-98.64357,29.45378],[-98.64177,29.45271],[-98.64118,29.4518],[-98.65527,29.44637],[-98.66122,29.45778],[-98.66246,29.45841],[-98.66192,29.45816],[-98.66116,29.45868],[-98.64891,29.46337],[-98.64825,29.46183],[-98.64804,29.45936],[-98.6476,29.45885],[-98.64612,29.45801]]]}},{"type":"Feature","properties":{"PRECINCT":"bexar:2001","COUNTY":"Bexar"},"geometry":{"type":"Polygon","coordinates":[[[-98.50798,29.42314],[-98.50811,29.42206],[-98.50182,29.42148],[-98.50259,29.4169],[-98.50359,29.4156],[-98.50713,29.4124],[-98.50809,29.41125],[-98.5152,29.41208],[-98.51383,29.42263],[-98.5093,29.42219],[-98.50914,29.42325],[-98.50798,29.42314]]]}},{"type":"Feature","properties":{"PRECINCT":"bexar:2002","COUNTY":"Bexar"},"geometry":{"type":"Polygon","coordinates":[[[-98.51341,29.42582],[-98.51411,29.4205],[-98.52776,29.42175],[-98.52692,29.42814],[-98.51358,29.42691],[-98.51373,29.42585],[-98.51341,29.42582]]]}},{"type":"Feature","properties":{"PRECINCT":"bexar:2003","COUNTY":"Bexar"},"geometry":{"type":"Polygon","coordinates":[[[-98.51294,29.42863],[-98.51316,29.42687],[-98.52458,29.42793],[-98.52317,29.4405],[-98.5118,29.43947],[-98.51294,29.42973],[-98.5126,29.42925],[-98.51294,29.42863]]]}},{"type":"Feature","properties":{"PRECINCT":"bexar:2004","COUNTY":"Bexar"},"geometry":{"type":"Polygon","coordinates":[[[-98.5205,29.44951],[-98.52074,29.44917],[-98.51486,29.44861],[-98.51311,29.44123],[-98.51174,29.44003],[-98.5118,29.43947],[-98.54106,29.44215],[-98.54064,29.44569],[-98.54029,29.44661],[-98.53364,29.44602],[-98.53323,29.44917],[-98.53223,29.44902],[-98.52795,29.44986],[-98.5244,29.44953],[-98.52387,29.45382],[-98.52161,29.45359],[-98.52175,29.45245],[-98.51949,29.45223],[-98.51962,29.45117],[-98.51808,29.45102],[-98.5205,29.44951]]]}},{"type":"Feature","properties":{"PRECINCT":"bexar:2005","COUNTY":"Bexar"},"geometry":{"type":"Polygon","coordinates":[[[-98.52387,29.45382],[-98.5244,29.44953],[-98.52795,29.44986],[-98.53223,29.44902],[-98.53323,29.44917],[-98.53364,29.44602],[-98.53914,29.44653],[-98.53901,29.44765],[-98.54012,29.44775],[-98.53917,29.45528],[-98.52387,29.45382]]]}},{"type":"Feature","properties":{"PRECINCT":"bexar:2006","COUNTY":"Bexar"},"geometry":{"type":"Polygon","coordinates":[[[-98.52602,29.46795],[-98.52603,29.46455],[-98.52863,29.46707],[-98.52753,29.46769],[-98.52602,29.46795]]]}},{"type":"Feature","properties":{"PRECINCT":"bexar:2007","COUNTY":"Bexar"},"geometry":{"type":"Polygon","coordinates":[[[-98.52393,29.43402],[-98.52458,29.42793],[-98.54255,29.42954],[-98.54183,29.43565],[-98.52393,29.43402]]]}},{"type":"Feature","properties":{"PRECINCT":"bexar:2008","COUNTY":"Bexar"},"geometry":{"type":"Polygon","coordinates":[[[-98.52692,29.42814],[-98.52788,29.42079],[-98.53925,29.42172],[-98.53881,29.4251],[-98.54304,29.42549],[-98.54255,29.42954],[-98.52692,29.42814]]]}},{"type":"Feature","properties":{"PRECINCT":"bexar:2009","COUNTY":"Bexar"},"geometry":{"type":"Polygon","coordinates":[[[-98.56342,29.52612],[-98.56003,29.52595],[-98.55845,29.52697],[-98.55688,29.5249],[-98.5561,29.52301],[-98.5567,29.5228],[-98.55709,29.52191],[-98.55825,29.52077],[-98.55969,29.52029],[-98.56056,29.51951],[-98.56181,29.52048],[-98.5624,29.52039],[-98.56407,29.51874],[-98.56276,29.51773],[-98.56347,29.5169],[-98.56392,29.5159],[-98.56463,29.5155],[-98.56589,29.51561],[-98.56649,29.51543],[-98.56796,29.51412],[-98.56898,29.51275],[-98.57087,29.5147],[-98.57188,29.5161],[-98.57325,29.52009],[-98.56495,29.52839],[-98.56357,29.52727],[-98.56342,29.52612]]]}},{"type":"Feature","properties":{"PRECINCT":"bexar:2010","COUNTY":"Bexar"},"geometry":{"type":"Polygon","coordinates":[[[-98.49593,29.53287],[-98.49459,29.53217],[-98.49135,29.53536],[-98.48926,29.53354],[-98.48989,29.53297],[-98.48896,29.53219],[-98.49182,29.5295],[-98.49179,29.52781],[-98.49061,29.5275],[-98.48849,29.52747],[-98.48851,29.52603],[-98.48813,29.52602],[-98.48816,29.52516],[-98.48502,29.52514],[-98.48408,29.52044],[-98.50664,29.52066],[-98.50488,29.5234],[-98.50524,29.52687],[-98.50354,29.52726],[-98.50051,29.52888],[-98.50115,29.53486],[-98.49962,29.53602],[-98.49839,29.53454],[-98.49602,29.53346],[-98.49578,29.53326],[-98.49593,29.53287]]]}},{"type":"Feature","properties":{"PRECINCT":"bexar:2011","COUNTY":"Bexar"},"geometry":{"type":"Polygon","coordinates":[[[-98.55576,29.41618],[-98.55409,29.43075],[-98.54255,29.42954],[-98.54327,29.42347],[-98.54372,29.42277],[-98.54341,29.42227],[-98.54379,29.41893],[-98.55576,29.41618]]]}},{"type":"Feature","properties":{"PRECINCT":"bexar:2012","COUNTY":"Bexar"},"geometry":{"type":"Polygon","coordinates":[[[-98.55178,29.44776],[-98.54029,29.44661],[-98.54064,29.44569],[-98.54106,29.44215],[-98.54717,29.4427],[-98.54612,29.44006],[-98.54406,29.43771],[-98.54505,29.42981],[-98.55409,29.43075],[-98.55178,29.44776]]]}},{"type":"Feature","properties":{"PRECINCT":"bexar:2013","COUNTY":"Bexar"},"geometry":{"type":"Polygon","coordinates":[[[-98.53901,29.44765],[-98.53914,29.44653],[-98.55178,29.44776],[-98.55112,29.45297],[-98.55061,29.45395],[-98.55035,29.45635],[-98.53917,29.45528],[-98.54012,29.44775],[-98.53901,29.44765]]]}},{"type":"Feature","properties":{"PRECINCT":"bexar:2014","COUNTY":"Bexar"},"geometry":{"type":"Polygon","coordinates":[[[-98.55112,29.45297],[-98.55178,29.44776],[-98.56094,29.44863],[-98.55985,29.45726],[-98.55035,29.45635],[-98.55061,29.45395],[-98.55112,29.45297]]]}},{"type":"Feature","properties":{"PRECINCT":"bexar:2015","COUNTY":"Bexar"},"geometry":{"type":"Polygon","coordinates":[[[-98.57549,29.44132],[-98.56191,29.43998],[-98.56189,29.44028],[-98.55296,29.43926],[-98.55409,29.43075],[-98.57657,29.4329],[-98.57549,29.44132]]]}},{"type":"Feature","properties":{"PRECINCT":"bexar:2016","COUNTY":"Bexar"},"geometry":{"type":"Polygon","coordinates":[[[-98.56068,29.43146],[-98.5607,29.43132],[-98.55409,29.43075],[-98.55509,29.42221],[-98.56014,29.42268],[-98.56021,29.42303],[-98.56395,29.42338],[-98.56293,29.43167],[-98.56068,29.43146]]]}},{"type":"Feature","properties":{"PRECINCT":"bexar:2017","COUNTY":"Bexar"},"geometry":{"type":"Polygon","coordinates":[[[-98.55588,29.41616],[-98.56498,29.41406],[-98.56395,29.42338],[-98.56021,29.42303],[-98.56014,29.42268],[-98.55509,29.42221],[-98.55588,29.41616]]]}},{"type":"Feature","properties":{"PRECINCT":"bexar:2018","COUNTY":"Bexar"},"geometry":{"type":"Polygon","coordinates":[[[-98.51946,29.40443],[-98.51624,29.40414],[-98.51672,29.40047],[-98.51422,29.40024],[-98.51432,29.3994],[-98.51277,29.39924],[-98.51554,29.3961],[-98.52507,29.39686],[-98.52678,29.39727],[-98.52924,29.39821],[-98.51946,29.40443]]]}},{"type":"Feature","properties":{"PRECINCT":"bexar:2019","COUNTY":"Bexar"},"geometry":{"type":"Polygon","coordinates":[[[-98.56498,29.41406],[-98.56969,29.41298],[-98.56946,29.41512],[-98.5739,29.41553],[-98.57175,29.43247],[-98.56293,29.43167],[-98.56498,29.41406]]]}},{"type":"Feature","properties":{"PRECINCT":"bexar:2020","COUNTY":"Bexar"},"geometry":{"type":"Polygon","coordinates":[[[-98.57242,29.42688],[-98.59106,29.41891],[-98.59252,29.42168],[-98.59441,29.42356],[-98.59962,29.42607],[-98.59969,29.43502],[-98.57175,29.43247],[-98.57242,29.42688]]]}},{"type":"Feature","properties":{"PRECINCT":"bexar:2021","COUNTY":"Bexar"},"geometry":{"type":"Polygon","coordinates":[[[-98.575,29.44238],[-98.57547,29.44148],[-98.57657,29.4329],[-98.58755,29.43391],[-98.58762,29.43975],[-98.58748,29.44247],[-98.58704,29.44243],[-98.58703,29.44848],[-98.58361,29.44857],[-98.5786,29.45013],[-98.57396,29.44986],[-98.575,29.44238]]]}},{"type":"Feature","properties":{"PRECINCT":"bexar:2022","COUNTY":"Bexar"},"geometry":{"type":"Polygon","coordinates":[[[-98.56023,29.44857],[-98.56129,29.44022],[-98.56189,29.44028],[-98.56191,29.43998],[-98.57549,29.44132],[-98.57483,29.44296],[-98.57396,29.44986],[-98.56023,29.44857]]]}},{"type":"Feature","properties":{"PRECINCT":"bexar:2023","COUNTY":"Bexar"},"geometry":{"type":"Polygon","coordinates":[[[-98.56094,29.44863],[-98.57883,29.4501],[-98.57909,29.45036],[-98.58149,29.45058],[-98.5814,29.45769],[-98.57618,29.45762],[-98.57617,29.45817],[-98.5688,29.4581],[-98.55985,29.45726],[-98.56094,29.44863]]]}},{"type":"Feature","properties":{"PRECINCT":"bexar:2024","COUNTY":"Bexar"},"geometry":{"type":"Polygon","coordinates":[[[-98.56867,29.4581],[-98.57617,29.45817],[-98.57618,29.45762],[-98.5814,29.45769],[-98.58136,29.46035],[-98.58163,29.46192],[-98.58138,29.46281],[-98.58052,29.46309],[-98.57814,29.46468],[-98.57823,29.46892],[-98.57636,29.47035],[-98.57546,29.4718],[-98.57022,29.46928],[-98.56656,29.46596],[-98.55429,29.45672],[-98.56867,29.4581]]]}},{"type":"Feature","properties":{"PRECINCT":"bexar:2025","COUNTY":"Bexar"},"geometry":{"type":"Polygon","coordinates":[[[-98.56311,29.47391],[-98.55004,29.47268],[-98.549,29.47334],[-98.54817,29.47332],[-98.55035,29.45635],[-98.55429,29.45672],[-98.56656,29.46596],[-98.56999,29.46911],[-98.56824,29.47082],[-98.56757,29.47261],[-98.56507,29.47254],[-98.56311,29.47391]]]}},{"type":"Feature","properties":{"PRECINCT":"bexar:2026","COUNTY":"Bexar"},"geometry":{"type":"Polygon","coordinates":[[[-98.57376,29.48792],[-98.57291,29.48791],[-98.57292,29.48686],[-98.57365,29.48636],[-98.57068,29.48407],[-98.57167,29.48309],[-98.57341,29.48224],[-98.57567,29.47953],[-98.57562,29.47849],[-98.57665,29.47716],[-98.5772,29.47682],[-98.57715,29.47607],[-98.57911,29.47355],[-98.58492,29.47692],[-98.58804,29.4781],[-98.58517,29.47894],[-98.59294,29.48504],[-98.58263,29.4885],[-98.57896,29.48936],[-98.57434,29.4894],[-98.57507,29.48867],[-98.57376,29.48792]]]}},{"type":"Feature","properties":{"PRECINCT":"bexar:2027","COUNTY":"Bexar"},"geometry":{"type":"Polygon","coordinates":[[[-98.56886,29.48262],[-98.56889,29.48162],[-98.56752,29.48145],[-98.56351,29.47842],[-98.56695,29.47374],[-98.56824,29.47082],[-98.56999,29.46911],[-98.57911,29.47355],[-98.57715,29.47607],[-98.5772,29.47682],[-98.57665,29.47716],[-98.57562,29.47849],[-98.57567,29.47953],[-98.57335,29.4823],[-98.57167,29.48309],[-98.57068,29.48407],[-98.56886,29.48262]]]}},{"type":"Feature","properties":{"PRECINCT":"bexar:2028","COUNTY":"Bexar"},"geometry":{"type":"Polygon","coordinates":[[[-98.55956,29.48401],[-98.55515,29.48269],[-98.55615,29.48331],[-98.54829,29.48269],[-98.55066,29.48118],[-98.55244,29.47956],[-98.54776,29.47661],[-98.54817,29.47332],[-98.54892,29.47337],[-98.54963,29.47281],[-98.55019,29.47267],[-98.56302,29.47392],[-98.56507,29.47254],[-98.56757,29.47261],[-98.56351,29.47842],[-98.56752,29.48145],[-98.56889,29.48162],[-98.56886,29.48262],[-98.56803,29.48262],[-98.56669,29.48317],[-98.56212,29.48372],[-98.56104,29.48431],[-98.56043,29.48509],[-98.55915,29.48458],[-98.55956,29.48401]]]}},{"type":"Feature","properties":{"PRECINCT":"bexar:2029","COUNTY":"Bexar"},"geometry":{"type":"Polygon","coordinates":[[[-98.52979,29.41287],[-98.52888,29.41304],[-98.52934,29.40958],[-98.53142,29.40814],[-98.5371,29.4015],[-98.53944,29.4024],[-98.53797,29.41411],[-98.53133,29.41351],[-98.52979,29.41287]]]}},{"type":"Feature","properties":{"PRECINCT":"bexar:2030","COUNTY":"Bexar"},"geometry":{"type":"Polygon","coordinates":[[[-98.53795,29.41427],[-98.53944,29.4024],[-98.54388,29.40355],[-98.54836,29.404],[-98.54659,29.41831],[-98.53947,29.41992],[-98.54015,29.41448],[-98.53795,29.41427]]]}},{"type":"Feature","properties":{"PRECINCT":"bexar:2031","COUNTY":"Bexar"},"geometry":{"type":"Polygon","coordinates":[[[-98.51556,29.40933],[-98.51624,29.40414],[-98.51946,29.40443],[-98.52924,29.39821],[-98.53081,29.39883],[-98.52934,29.40958],[-98.52843,29.41],[-98.52667,29.41052],[-98.52462,29.41073],[-98.51864,29.41011],[-98.51556,29.40933]]]}},{"type":"Feature","properties":{"PRECINCT":"bexar:2032","COUNTY":"Bexar"},"geometry":{"type":"Polygon","coordinates":[[[-98.52934,29.40958],[-98.53081,29.39883],[-98.53696,29.40122],[-98.53683,29.40139],[-98.5371,29.4015],[-98.53142,29.40814],[-98.52934,29.40958]]]}},{"type":"Feature","properties":{"PRECINCT":"bexar:2033","COUNTY":"Bexar"},"geometry":{"type":"Polygon","coordinates":[[[-98.51281,29.43081],[-98.50065,29.42982],[-98.50182,29.42148],[-98.50811,29.42206],[-98.50798,29.42314],[-98.50914,29.42325],[-98.5093,29.42219],[-98.51383,29.42263],[-98.51341,29.42582],[-98.51373,29.42585],[-98.51358,29.42691],[-98.51316,29.42687],[-98.51294,29.42863],[-98.5126,29.42925],[-98.51294,29.42973],[-98.51281,29.43081]]]}},{"type":"Feature","properties":{"PRECINCT":"bexar:2034","COUNTY":"Bexar"},"geometry":{"type":"Polygon","coordinates":[[[-98.50041,29.43111],[-98.50065,29.42982],[-98.50178,29.42987],[-98.51281,29.43081],[-98.51163,29.44095],[-98.50794,29.44023],[-98.5054,29.43908],[-98.50485,29.43849],[-98.50344,29.43531],[-98.50056,29.43157],[-98.50041,29.43111]]]}},{"type":"Feature","properties":{"PRECINCT":"bexar:2035","COUNTY":"Bexar"},"geometry":{"type":"Polygon","coordinates":[[[-98.4781,29.45677],[-98.47575,29.45615],[-98.4774,29.45482],[-98.47807,29.45476],[-98.47804,29.45419],[-98.47743,29.45354],[-98.47742,29.45225],[-98.47781,29.45191],[-98.47857,29.45211],[-98.47917,29.4517],[-98.47898,29.45058],[-98.48066,29.44733],[-98.48245,29.44802],[-98.48342,29.44881],[-98.48397,29.45],[-98.48394,29.45172],[-98.49181,29.45169],[-98.49181,29.45198],[-98.4993,29.45195],[-98.49929,29.45293],[-98.4974,29.45294],[-98.4974,29.45385],[-98.49396,29.45387],[-98.49395,29.45484],[-98.49554,29.45483],[-98.49554,29.45581],[-98.4918,29.45581],[-98.4918,29.45684],[-98.4781,29.45677]]]}},{"type":"Feature","properties":{"PRECINCT":"bexar:2036","COUNTY":"Bexar"},"geometry":{"type":"Polygon","coordinates":[[[-98.49554,29.45581],[-98.49554,29.45483],[-98.49395,29.45484],[-98.49396,29.45387],[-98.4974,29.45385],[-98.4974,29.45294],[-98.49929,29.45293],[-98.49928,29.46792],[-98.49181,29.46795],[-98.4918,29.45581],[-98.49554,29.45581]]]}},{"type":"Feature","properties":{"PRECINCT":"bexar:2037","COUNTY":"Bexar"},"geometry":{"type":"Polygon","coordinates":[[[-98.63162,29.52993],[-98.63176,29.52717],[-98.62899,29.52573],[-98.6275,29.52393],[-98.62734,29.52264],[-98.62787,29.52118],[-98.62947,29.51958],[-98.63052,29.51985],[-98.63195,29.52068],[-98.63347,29.52093],[-98.63521,29.5199],[-98.63731,29.51923],[-98.64053,29.5262],[-98.63819,29.52706],[-98.6395,29.52858],[-98.63954,29.53137],[-98.63707,29.53143],[-98.63693,29.53002],[-98.63651,29.5293],[-98.63584,29.52971],[-98.63497,29.5299],[-98.6351,29.5327],[-98.63189,29.53064],[-98.63162,29.52993]]]}},{"type":"Feature","properties":{"PRECINCT":"bexar:2038","COUNTY":"Bexar"},"geometry":{"type":"Polygon","coordinates":[[[-98.4817,29.50425],[-98.48172,29.5028],[-98.48209,29.50122],[-98.48195,29.5007],[-98.48417,29.49685],[-98.48436,29.49579],[-98.48422,29.49478],[-98.49005,29.48428],[-98.49107,29.48468],[-98.4917,29.48524],[-98.49225,29.48526],[-98.49394,29.48719],[-98.49498,29.4871],[-98.49707,29.4862],[-98.49928,29.48622],[-98.49925,29.50198],[-98.49836,29.50196],[-98.49836,29.50433],[-98.4817,29.50425]]]}},{"type":"Feature","properties":{"PRECINCT":"bexar:2039","COUNTY":"Bexar"},"geometry":{"type":"Polygon","coordinates":[[[-98.51552,29.46644],[-98.51545,29.45882],[-98.51591,29.45803],[-98.5156,29.45582],[-98.51559,29.45299],[-98.52161,29.45359],[-98.52082,29.45919],[-98.52165,29.46008],[-98.52307,29.46019],[-98.52285,29.46133],[-98.52603,29.46455],[-98.52602,29.46649],[-98.51552,29.46644]]]}},{"type":"Feature","properties":{"PRECINCT":"bexar:2040","COUNTY":"Bexar"},"geometry":{"type":"Polygon","coordinates":[[[-98.57823,29.46892],[-98.57819,29.46462],[-98.58128,29.4628],[-98.58228,29.46283],[-98.58334,29.46331],[-98.5841,29.46412],[-98.5864,29.46376],[-98.59307,29.46382],[-98.60123,29.46624],[-98.6025,29.46634],[-98.60233,29.47395],[-98.60185,29.47448],[-98.60115,29.47481],[-98.58804,29.4781],[-98.58492,29.47692],[-98.58089,29.47443],[-98.57546,29.4718],[-98.57636,29.47035],[-98.57823,29.46892]]]}},{"type":"Feature","properties":{"PRECINCT":"bexar:2041","COUNTY":"Bexar"},"geometry":{"type":"Polygon","coordinates":[[[-98.59291,29.4638],[-98.5864,29.46376],[-98.5841,29.46412],[-98.58334,29.46331],[-98.58228,29.46283],[-98.58138,29.46281],[-98.58163,29.46192],[-98.58136,29.46027],[-98.58142,29.45623],[-98.58919,29.45623],[-98.59078,29.45583],[-98.59623,29.45586],[-98.59742,29.45622],[-98.60255,29.45623],[-98.6025,29.46634],[-98.60123,29.46624],[-98.59291,29.4638]]]}},{"type":"Feature","properties":{"PRECINCT":"bexar:2042","COUNTY":"Bexar"},"geometry":{"type":"Polygon","coordinates":[[[-98.59634,29.45587],[-98.59078,29.45583],[-98.59001,29.45609],[-98.59001,29.44848],[-98.59818,29.4485],[-98.59826,29.44311],[-98.60268,29.44327],[-98.60255,29.45623],[-98.59742,29.45622],[-98.59634,29.45587]]]}},{"type":"Feature","properties":{"PRECINCT":"bexar:2043","COUNTY":"Bexar"},"geometry":{"type":"Polygon","coordinates":[[[-98.57242,29.42688],[-98.5739,29.41553],[-98.56946,29.41512],[-98.56969,29.41298],[-98.58781,29.40886],[-98.58782,29.40775],[-98.59324,29.40782],[-98.60361,29.40713],[-98.59966,29.40784],[-98.59962,29.42607],[-98.59567,29.42429],[-98.59386,29.42312],[-98.59224,29.42126],[-98.59106,29.41891],[-98.57242,29.42688]]]}},{"type":"Feature","properties":{"PRECINCT":"bexar:2044","COUNTY":"Bexar"},"geometry":{"type":"Polygon","coordinates":[[[-98.59966,29.40784],[-98.62396,29.40333],[-98.62412,29.40362],[-98.62364,29.43614],[-98.60744,29.43612],[-98.59969,29.43502],[-98.59966,29.40784]]]}},{"type":"Feature","properties":{"PRECINCT":"bexar:2045","COUNTY":"Bexar"},"geometry":{"type":"Polygon","coordinates":[[[-98.52285,29.46133],[-98.52387,29.45382],[-98.53292,29.45469],[-98.53186,29.4632],[-98.53492,29.46349],[-98.53442,29.46756],[-98.52856,29.467],[-98.52285,29.46133]]]}},{"type":"Feature","properties":{"PRECINCT":"bexar:2046","COUNTY":"Bexar"},"geometry":{"type":"Polygon","coordinates":[[[-98.53186,29.4632],[-98.53292,29.45469],[-98.55035,29.45635],[-98.54923,29.46485],[-98.53186,29.4632]]]}},{"type":"Feature","properties":{"PRECINCT":"bexar:2047","COUNTY":"Bexar"},"geometry":{"type":"Polygon","coordinates":[[[-98.53359,29.47201],[-98.52856,29.467],[-98.54874,29.46871],[-98.54776,29.47661],[-98.5429,29.47295],[-98.53359,29.47201]]]}},{"type":"Feature","properties":{"PRECINCT":"bexar:2048","COUNTY":"Bexar"},"geometry":{"type":"Polygon","coordinates":[[[-98.51762,29.47554],[-98.51669,29.47442],[-98.51709,29.47443],[-98.51653,29.47351],[-98.51587,29.47156],[-98.51579,29.46644],[-98.52602,29.46649],[-98.52599,29.48122],[-98.51919,29.47596],[-98.51762,29.47554]]]}},{"type":"Feature","properties":{"PRECINCT":"bexar:2049","COUNTY":"Bexar"},"geometry":{"type":"Polygon","coordinates":[[[-98.59975,29.43946],[-98.59969,29.43502],[-98.60744,29.43612],[-98.62919,29.43626],[-98.62983,29.43731],[-98.6307,29.43734],[-98.63128,29.43805],[-98.63203,29.43829],[-98.63387,29.43994],[-98.63407,29.44188],[-98.63361,29.44316],[-98.63394,29.44467],[-98.6334,29.44546],[-98.63323,29.4462],[-98.63388,29.44824],[-98.62123,29.46358],[-98.6189,29.46607],[-98.61613,29.46638],[-98.6025,29.46634],[-98.60268,29.44166],[-98.60207,29.44071],[-98.60054,29.44032],[-98.60008,29.44001],[-98.59975,29.43946]]]}},{"type":"Feature","properties":{"PRECINCT":"bexar:2050","COUNTY":"Bexar"},"geometry":{"type":"Polygon","coordinates":[[[-98.59947,29.48221],[-98.59763,29.48152],[-98.59913,29.4794],[-98.59833,29.47687],[-98.59137,29.47853],[-98.59138,29.47805],[-98.59082,29.47816],[-98.59077,29.47868],[-98.58628,29.47981],[-98.58517,29.47894],[-98.60185,29.47448],[-98.60233,29.47395],[-98.60246,29.4733],[-98.6025,29.46634],[-98.61613,29.46638],[-98.6189,29.46607],[-98.60634,29.47922],[-98.60491,29.48044],[-98.6028,29.48165],[-98.60221,29.48162],[-98.601,29.48208],[-98.59947,29.48221]]]}},{"type":"Feature","properties":{"PRECINCT":"bexar:2051","COUNTY":"Bexar"},"geometry":{"type":"Polygon","coordinates":[[[-98.4938,29.42421],[-98.49533,29.4195],[-98.49935,29.42127],[-98.50042,29.42214],[-98.50169,29.42253],[-98.50041,29.43111],[-98.5015,29.43284],[-98.49928,29.43383],[-98.49592,29.43577],[-98.49405,29.43344],[-98.49402,29.43312],[-98.4938,29.42421]]]}},{"type":"Feature","properties":{"PRECINCT":"bexar:2052","COUNTY":"Bexar"},"geometry":{"type":"Polygon","coordinates":[[[-98.50785,29.47601],[-98.50786,29.46643],[-98.51579,29.46644],[-98.51587,29.47156],[-98.51653,29.47351],[-98.51709,29.47443],[-98.51669,29.47442],[-98.51744,29.47535],[-98.51735,29.47603],[-98.50785,29.47601]]]}},{"type":"Feature","properties":{"PRECINCT":"bexar:2053","COUNTY":"Bexar"},"geometry":{"type":"Polygon","coordinates":[[[-98.5043,29.47755],[-98.49929,29.47757],[-98.49929,29.46648],[-98.50786,29.46643],[-98.50785,29.47785],[-98.5043,29.47755]]]}},{"type":"Feature","properties":{"PRECINCT":"bexar:2054","COUNTY":"Bexar"},"geometry":{"type":"Polygon","coordinates":[[[-98.49365,29.48701],[-98.49225,29.48526],[-98.4917,29.48524],[-98.49107,29.48468],[-98.49005,29.48428],[-98.49221,29.48033],[-98.49229,29.46821],[-98.49178,29.46821],[-98.49181,29.46795],[-98.49928,29.46792],[-98.49928,29.48622],[-98.49707,29.4862],[-98.49498,29.4871],[-98.49406,29.4872],[-98.49365,29.48701]]]}},{"type":"Feature","properties":{"PRECINCT":"bexar:2055","COUNTY":"Bexar"},"geometry":{"type":"Polygon","coordinates":[[[-98.48704,29.46803],[-98.48701,29.46651],[-98.4791,29.46645],[-98.47908,29.46411],[-98.47762,29.46361],[-98.47621,29.46354],[-98.47582,29.46331],[-98.47953,29.46138],[-98.48059,29.46058],[-98.48157,29.45894],[-98.48184,29.45682],[-98.4918,29.45684],[-98.49178,29.46821],[-98.48704,29.46803]]]}},{"type":"Feature","properties":{"PRECINCT":"bexar:2056","COUNTY":"Bexar"},"geometry":{"type":"Polygon","coordinates":[[[-98.49925,29.48813],[-98.49929,29.47757],[-98.50366,29.47751],[-98.50785,29.47785],[-98.50783,29.48816],[-98.49925,29.48813]]]}},{"type":"Feature","properties":{"PRECINCT":"bexar:2057","COUNTY":"Bexar"},"geometry":{"type":"Polygon","coordinates":[[[-98.50783,29.48868],[-98.50785,29.47601],[-98.51735,29.47603],[-98.51744,29.47535],[-98.51919,29.47596],[-98.52552,29.48086],[-98.51597,29.4809],[-98.51931,29.48616],[-98.51985,29.48765],[-98.5199,29.48853],[-98.51857,29.48874],[-98.50783,29.48868]]]}},{"type":"Feature","properties":{"PRECINCT":"bexar:2058","COUNTY":"Bexar"},"geometry":{"type":"Polygon","coordinates":[[[-98.50436,29.49246],[-98.50437,29.48816],[-98.50783,29.48816],[-98.50783,29.48868],[-98.51857,29.48874],[-98.5199,29.48853],[-98.51985,29.48765],[-98.51931,29.48616],[-98.51597,29.4809],[-98.52552,29.48086],[-98.52599,29.48122],[-98.52598,29.49208],[-98.51762,29.49204],[-98.5169,29.49239],[-98.50781,29.49221],[-98.50781,29.49246],[-98.50436,29.49246]]]}},{"type":"Feature","properties":{"PRECINCT":"bexar:2059","COUNTY":"Bexar"},"geometry":{"type":"Polygon","coordinates":[[[-98.53787,29.48439],[-98.53494,29.48437],[-98.53493,29.48466],[-98.53402,29.48465],[-98.5313,29.48433],[-98.52854,29.48315],[-98.52599,29.48122],[-98.52602,29.46795],[-98.52753,29.46769],[-98.52863,29.46707],[-98.54594,29.48444],[-98.54498,29.48435],[-98.54498,29.48779],[-98.54356,29.4864],[-98.542,29.48544],[-98.53993,29.48469],[-98.53787,29.48439]]]}},{"type":"Feature","properties":{"PRECINCT":"bexar:2060","COUNTY":"Bexar"},"geometry":{"type":"Polygon","coordinates":[[[-98.54594,29.48444],[-98.53359,29.47201],[-98.54308,29.47301],[-98.54839,29.47708],[-98.55244,29.47956],[-98.55066,29.48118],[-98.54594,29.48444]]]}},{"type":"Feature","properties":{"PRECINCT":"bexar:2061","COUNTY":"Bexar"},"geometry":{"type":"Polygon","coordinates":[[[-98.60571,29.48528],[-98.60359,29.48391],[-98.60338,29.48412],[-98.60068,29.48324],[-98.59919,29.48311],[-98.5946,29.48413],[-98.5944,29.4837],[-98.59148,29.48359],[-98.58628,29.47981],[-98.59077,29.47868],[-98.59082,29.47816],[-98.59138,29.47805],[-98.59137,29.47853],[-98.59833,29.47687],[-98.59913,29.4794],[-98.59763,29.48152],[-98.59947,29.48221],[-98.601,29.48208],[-98.60221,29.48162],[-98.60303,29.48169],[-98.60375,29.48201],[-98.60553,29.48343],[-98.60819,29.48084],[-98.60909,29.48158],[-98.6093,29.4814],[-98.60996,29.48192],[-98.60973,29.48212],[-98.61136,29.48339],[-98.61262,29.48225],[-98.61522,29.48411],[-98.61825,29.48113],[-98.6213,29.48379],[-98.62387,29.48123],[-98.62414,29.48173],[-98.62627,29.48079],[-98.62673,29.48166],[-98.62799,29.48116],[-98.62935,29.48363],[-98.62667,29.48483],[-98.6254,29.48584],[-98.61848,29.4953],[-98.61075,29.48971],[-98.60571,29.48528]]]}},{"type":"Feature","properties":{"PRECINCT":"bexar:2062","COUNTY":"Bexar"},"geometry":{"type":"Polygon","coordinates":[[[-98.53503,29.49729],[-98.53494,29.48437],[-98.53941,29.48458],[-98.54141,29.48519],[-98.54302,29.48602],[-98.54498,29.48779],[-98.5451,29.49004],[-98.54493,29.4907],[-98.54559,29.4907],[-98.54558,29.4971],[-98.53503,29.49729]]]}},{"type":"Feature","properties":{"PRECINCT":"bexar:2064","COUNTY":"Bexar"},"geometry":{"type":"Polygon","coordinates":[[[-98.53182,29.51228],[-98.52897,29.51227],[-98.52887,29.5107],[-98.5312,29.51069],[-98.5312,29.50958],[-98.53096,29.509],[-98.53514,29.50899],[-98.53515,29.50725],[-98.53395,29.50726],[-98.53395,29.50556],[-98.53515,29.50556],[-98.53503,29.49729],[-98.54394,29.49724],[-98.54395,29.50052],[-98.54558,29.50187],[-98.54764,29.49936],[-98.54806,29.5014],[-98.5472,29.50336],[-98.54626,29.50473],[-98.54395,29.50727],[-98.54416,29.50741],[-98.54332,29.50813],[-98.54055,29.50973],[-98.53511,29.51171],[-98.53512,29.51119],[-98.5348,29.51129],[-98.53237,29.51272],[-98.53182,29.51228]]]}},{"type":"Feature","properties":{"PRECINCT":"bexar:2067","COUNTY":"Bexar"},"geometry":{"type":"Polygon","coordinates":[[[-98.52082,29.45919],[-98.52161,29.45359],[-98.52387,29.45382],[-98.52307,29.46019],[-98.52165,29.46008],[-98.52082,29.45919]]]}},{"type":"Feature","properties":{"PRECINCT":"bexar:2068","COUNTY":"Bexar"},"geometry":{"type":"Polygon","coordinates":[[[-98.65212,29.49436],[-98.64608,29.48208],[-98.6464,29.47978],[-98.64535,29.47765],[-98.64774,29.47728],[-98.64825,29.47844],[-98.64889,29.47917],[-98.64924,29.4814],[-98.64971,29.48267],[-98.6501,29.48272],[-98.65102,29.48204],[-98.65252,29.48219],[-98.65444,29.48396],[-98.65508,29.48422],[-98.65591,29.48402],[-98.65678,29.48435],[-98.65838,29.48648],[-98.66029,29.4855],[-98.65919,29.48332],[-98.65715,29.48158],[-98.65715,29.48107],[-98.65794,29.47985],[-98.65983,29.48077],[-98.66283,29.48285],[-98.6664,29.48446],[-98.66584,29.48585],[-98.66513,29.49356],[-98.66456,29.49435],[-98.66298,29.49509],[-98.66229,29.49575],[-98.66202,29.49676],[-98.66234,29.49856],[-98.6533,29.49848],[-98.65331,29.49648],[-98.65309,29.49562],[-98.65212,29.49436]]]}},{"type":"Feature","properties":{"PRECINCT":"bexar:2069","COUNTY":"Bexar"},"geometry":{"type":"Polygon","coordinates":[[[-98.63606,29.47772],[-98.63692,29.47444],[-98.63665,29.47406],[-98.63681,29.47345],[-98.63631,29.47316],[-98.63567,29.47227],[-98.63406,29.47209],[-98.6335,29.47093],[-98.63206,29.46973],[-98.63061,29.46705],[-98.62896,29.4648],[-98.62848,29.46342],[-98.6286,29.46309],[-98.63859,29.45915],[-98.65023,29.46955],[-98.65408,29.47473],[-98.65771,29.4783],[-98.65804,29.47945],[-98.65794,29.47985],[-98.65163,29.47727],[-98.64905,29.47707],[-98.64071,29.47852],[-98.63228,29.48266],[-98.63061,29.48114],[-98.63281,29.48026],[-98.63378,29.47932],[-98.63562,29.47817],[-98.63606,29.47772]]]}},{"type":"Feature","properties":{"PRECINCT":"bexar:2070","COUNTY":"Bexar"},"geometry":{"type":"Polygon","coordinates":[[[-98.51411,29.4205],[-98.51556,29.40933],[-98.51864,29.41011],[-98.52462,29.41073],[-98.52667,29.41052],[-98.52934,29.40958],[-98.52776,29.42175],[-98.51411,29.4205]]]}},{"type":"Feature","properties":{"PRECINCT":"bexar:2071","COUNTY":"Bexar"},"geometry":{"type":"Polygon","coordinates":[[[-98.53371,29.42122],[-98.53454,29.4138],[-98.54015,29.41448],[-98.53925,29.42172],[-98.53371,29.42122]]]}},{"type":"Feature","properties":{"PRECINCT":"bexar:2072","COUNTY":"Bexar"},"geometry":{"type":"Polygon","coordinates":[[[-98.66868,29.51847],[-98.67129,29.5173],[-98.67555,29.51596],[-98.67612,29.51736],[-98.67679,29.51722],[-98.68343,29.5183],[-98.68395,29.51685],[-98.68504,29.51702],[-98.6853,29.5163],[-98.68861,29.51683],[-98.68815,29.51828],[-98.68761,29.51819],[-98.68756,29.51842],[-98.68794,29.52162],[-98.68568,29.52369],[-98.68636,29.52424],[-98.68506,29.52539],[-98.68752,29.52692],[-98.68583,29.52859],[-98.6849,29.52989],[-98.68004,29.52658],[-98.67676,29.5257],[-98.67564,29.52507],[-98.67418,29.52365],[-98.67167,29.52202],[-98.67072,29.51976],[-98.66983,29.51915],[-98.66892,29.51901],[-98.66868,29.51847]]]}},{"type":"Feature","properties":{"PRECINCT":"bexar:2073","COUNTY":"Bexar"},"geometry":{"type":"Polygon","coordinates":[[[-98.53326,29.50274],[-98.52595,29.50296],[-98.52594,29.49545],[-98.52834,29.49542],[-98.53127,29.49503],[-98.53503,29.495],[-98.53512,29.50315],[-98.53386,29.50312],[-98.53326,29.50274]]]}},{"type":"Feature","properties":{"PRECINCT":"bexar:2074","COUNTY":"Bexar"},"geometry":{"type":"Polygon","coordinates":[[[-98.55178,29.44776],[-98.55296,29.43926],[-98.56129,29.44022],[-98.56023,29.44857],[-98.55178,29.44776]]]}},{"type":"Feature","properties":{"PRECINCT":"bexar:2075","COUNTY":"Bexar"},"geometry":{"type":"Polygon","coordinates":[[[-98.52317,29.4405],[-98.52393,29.43402],[-98.53536,29.43507],[-98.53455,29.44154],[-98.52317,29.4405]]]}},{"type":"Feature","properties":{"PRECINCT":"bexar:2076","COUNTY":"Bexar"},"geometry":{"type":"Polygon","coordinates":[[[-98.67034,29.53169],[-98.66896,29.53168],[-98.66892,29.51901],[-98.66983,29.51915],[-98.67044,29.5195],[-98.67099,29.52019],[-98.67124,29.5213],[-98.67167,29.52202],[-98.67418,29.52365],[-98.67599,29.52532],[-98.67708,29.52581],[-98.68004,29.52658],[-98.6849,29.52989],[-98.68276,29.53647],[-98.67425,29.53324],[-98.67188,29.53203],[-98.67034,29.53169]]]}},{"type":"Feature","properties":{"PRECINCT":"bexar:2077","COUNTY":"Bexar"},"geometry":{"type":"Polygon","coordinates":[[[-98.64042,29.50221],[-98.64008,29.49355],[-98.64055,29.49267],[-98.63765,29.48703],[-98.63721,29.48537],[-98.6348,29.48154],[-98.64071,29.47852],[-98.64535,29.47765],[-98.6464,29.47978],[-98.64603,29.48146],[-98.64614,29.48221],[-98.65212,29.49436],[-98.65314,29.49575],[-98.65328,29.49951],[-98.65241,29.49935],[-98.64575,29.49931],[-98.64575,29.50135],[-98.64549,29.502],[-98.6439,29.50312],[-98.64301,29.50345],[-98.64181,29.50338],[-98.64099,29.50294],[-98.64042,29.50221]]]}},{"type":"Feature","properties":{"PRECINCT":"bexar:2078","COUNTY":"Bexar"},"geometry":{"type":"Polygon","coordinates":[[[-98.68067,29.49804],[-98.68074,29.49317],[-98.68406,29.49368],[-98.684,29.49072],[-98.69063,29.4897],[-98.692,29.49272],[-98.69199,29.49499],[-98.69144,29.49759],[-98.68977,29.50077],[-98.68977,29.50395],[-98.68163,29.50398],[-98.68168,29.50295],[-98.68262,29.50103],[-98.6824,29.50049],[-98.68103,29.49892],[-98.68067,29.49804]]]}},{"type":"Feature","properties":{"PRECINCT":"bexar:2079","COUNTY":"Bexar"},"geometry":{"type":"Polygon","coordinates":[[[-98.53371,29.42122],[-98.52788,29.42079],[-98.52888,29.41304],[-98.53003,29.4129],[-98.53119,29.41349],[-98.53454,29.4138],[-98.53371,29.42122]]]}},{"type":"Feature","properties":{"PRECINCT":"bexar:2080","COUNTY":"Bexar"},"geometry":{"type":"Polygon","coordinates":[[[-98.51813,29.49692],[-98.51918,29.49204],[-98.52598,29.49208],[-98.52596,29.50786],[-98.52269,29.50413],[-98.51864,29.49895],[-98.51813,29.49692]]]}},{"type":"Feature","properties":{"PRECINCT":"bexar:2081","COUNTY":"Bexar"},"geometry":{"type":"Polygon","coordinates":[[[-98.55557,29.48972],[-98.55915,29.48458],[-98.56043,29.48509],[-98.56104,29.48431],[-98.56212,29.48372],[-98.56693,29.48313],[-98.56855,29.4825],[-98.57365,29.48636],[-98.57292,29.48686],[-98.57291,29.48791],[-98.57403,29.48797],[-98.57507,29.48867],[-98.57434,29.4894],[-98.56499,29.48919],[-98.56247,29.48956],[-98.55928,29.49081],[-98.55459,29.49398],[-98.55404,29.49305],[-98.55616,29.49015],[-98.55557,29.48972]]]}},{"type":"Feature","properties":{"PRECINCT":"bexar:2082","COUNTY":"Bexar"},"geometry":{"type":"Polygon","coordinates":[[[-98.50753,29.50283],[-98.49927,29.49732],[-98.49925,29.48813],[-98.50437,29.48816],[-98.50436,29.49246],[-98.50781,29.49246],[-98.50781,29.49221],[-98.5169,29.49239],[-98.51762,29.49204],[-98.51918,29.49204],[-98.51816,29.49636],[-98.51829,29.49809],[-98.51864,29.49895],[-98.5165,29.49914],[-98.50782,29.49904],[-98.50781,29.50209],[-98.50753,29.50283]]]}},{"type":"Feature","properties":{"PRECINCT":"bexar:2083","COUNTY":"Bexar"},"geometry":{"type":"Polygon","coordinates":[[[-98.54874,29.46871],[-98.53442,29.46756],[-98.53492,29.46349],[-98.54923,29.46485],[-98.54874,29.46871]]]}},{"type":"Feature","properties":{"PRECINCT":"bexar:2084","COUNTY":"Bexar"},"geometry":{"type":"Polygon","coordinates":[[[-98.63731,29.51923],[-98.66241,29.51902],[-98.66257,29.52012],[-98.66352,29.52194],[-98.66362,29.5233],[-98.66301,29.52483],[-98.66082,29.52722],[-98.65995,29.52948],[-98.65896,29.53082],[-98.65882,29.5317],[-98.64549,29.53174],[-98.64505,29.53188],[-98.64053,29.5262],[-98.63731,29.51923]]]}},{"type":"Feature","properties":{"PRECINCT":"bexar:2085","COUNTY":"Bexar"},"geometry":{"type":"Polygon","coordinates":[[[-98.52594,29.49545],[-98.52599,29.48122],[-98.52854,29.48315],[-98.53028,29.48399],[-98.53275,29.4846],[-98.53493,29.48466],[-98.53503,29.495],[-98.53127,29.49503],[-98.52834,29.49542],[-98.52594,29.49545]]]}},{"type":"Feature","properties":{"PRECINCT":"bexar:2086","COUNTY":"Bexar"},"geometry":{"type":"Polygon","coordinates":[[[-98.63347,29.52093],[-98.63195,29.52068],[-98.63052,29.51985],[-98.62947,29.51958],[-98.63116,29.51553],[-98.63118,29.51501],[-98.63259,29.51259],[-98.63453,29.51518],[-98.6355,29.51455],[-98.63691,29.51214],[-98.63823,29.511],[-98.63884,29.51079],[-98.64072,29.5109],[-98.6431,29.50918],[-98.64558,29.50889],[-98.64788,29.5071],[-98.65018,29.50715],[-98.65234,29.50887],[-98.6541,29.50915],[-98.65642,29.51201],[-98.65716,29.51244],[-98.65792,29.5125],[-98.66009,29.5119],[-98.66234,29.51186],[-98.66241,29.51902],[-98.6383,29.51915],[-98.63567,29.51972],[-98.63347,29.52093]]]}},{"type":"Feature","properties":{"PRECINCT":"bexar:2087","COUNTY":"Bexar"},"geometry":{"type":"Polygon","coordinates":[[[-98.66513,29.51554],[-98.66234,29.51554],[-98.66236,29.49957],[-98.66465,29.49939],[-98.66791,29.50275],[-98.66883,29.50302],[-98.66945,29.50418],[-98.66966,29.50478],[-98.66973,29.50885],[-98.66911,29.50885],[-98.66912,29.50913],[-98.66989,29.51234],[-98.67092,29.51417],[-98.66998,29.51525],[-98.66741,29.5169],[-98.66664,29.51615],[-98.66513,29.51554]]]}},{"type":"Feature","properties":{"PRECINCT":"bexar:2088","COUNTY":"Bexar"},"geometry":{"type":"Polygon","coordinates":[[[-98.67956,29.50164],[-98.6787,29.49879],[-98.67341,29.49879],[-98.67341,29.49911],[-98.67301,29.49916],[-98.66549,29.49914],[-98.66402,29.49957],[-98.66236,29.49957],[-98.66212,29.49613],[-98.66276,29.49524],[-98.66439,29.49449],[-98.66513,29.49356],[-98.66584,29.48585],[-98.6664,29.48446],[-98.66784,29.4851],[-98.67123,29.4872],[-98.67934,29.48973],[-98.68255,29.49057],[-98.684,29.49072],[-98.68406,29.49368],[-98.68074,29.49317],[-98.68067,29.49342],[-98.68067,29.49804],[-98.68103,29.49892],[-98.6824,29.50049],[-98.68262,29.50103],[-98.68168,29.50295],[-98.68163,29.50398],[-98.67961,29.50398],[-98.67956,29.50164]]]}},{"type":"Feature","properties":{"PRECINCT":"bexar:2089","COUNTY":"Bexar"},"geometry":{"type":"Polygon","coordinates":[[[-98.54717,29.4427],[-98.54106,29.44215],[-98.54255,29.42954],[-98.54505,29.42981],[-98.54406,29.43771],[-98.54612,29.44006],[-98.54717,29.4427]]]}},{"type":"Feature","properties":{"PRECINCT":"bexar:2090","COUNTY":"Bexar"},"geometry":{"type":"Polygon","coordinates":[[[-98.61522,29.48411],[-98.61262,29.48225],[-98.61136,29.48339],[-98.60973,29.48212],[-98.60996,29.48192],[-98.6093,29.4814],[-98.60909,29.48158],[-98.60819,29.48084],[-98.60553,29.48343],[-98.60375,29.48201],[-98.6028,29.48165],[-98.60491,29.48044],[-98.60616,29.47939],[-98.6189,29.46607],[-98.6211,29.46586],[-98.62178,29.46598],[-98.62311,29.46668],[-98.62413,29.4686],[-98.62431,29.4697],[-98.6238,29.47074],[-98.62446,29.47114],[-98.62601,29.4735],[-98.62589,29.47491],[-98.62661,29.4765],[-98.62657,29.47802],[-98.62755,29.4804],[-98.62996,29.48352],[-98.62819,29.48416],[-98.62935,29.48363],[-98.62838,29.48169],[-98.62799,29.48116],[-98.62673,29.48166],[-98.62627,29.48079],[-98.62414,29.48173],[-98.62387,29.48123],[-98.6213,29.48379],[-98.61825,29.48113],[-98.61522,29.48411]]]}},{"type":"Feature","properties":{"PRECINCT":"bexar:2091","COUNTY":"Bexar"},"geometry":{"type":"Polygon","coordinates":[[[-98.58407,29.50444],[-98.5892,29.49929],[-98.5908,29.49839],[-98.59194,29.49949],[-98.59399,29.49972],[-98.59493,29.50006],[-98.59449,29.50085],[-98.59522,29.50151],[-98.59522,29.50205],[-98.59584,29.50207],[-98.59577,29.50326],[-98.59627,29.5039],[-98.59728,29.50399],[-98.59872,29.50493],[-98.59929,29.50567],[-98.59966,29.50684],[-98.59439,29.51233],[-98.5901,29.50925],[-98.58407,29.50444]]]}},{"type":"Feature","properties":{"PRECINCT":"bexar:2092","COUNTY":"Bexar"},"geometry":{"type":"Polygon","coordinates":[[[-98.50338,29.52734],[-98.50524,29.52687],[-98.50603,29.53288],[-98.50106,29.53335],[-98.50051,29.52888],[-98.50338,29.52734]]]}},{"type":"Feature","properties":{"PRECINCT":"bexar:2094","COUNTY":"Bexar"},"geometry":{"type":"Polygon","coordinates":[[[-98.47453,29.46814],[-98.47392,29.46663],[-98.47395,29.46531],[-98.47441,29.46447],[-98.47582,29.46331],[-98.47621,29.46354],[-98.47762,29.46361],[-98.47908,29.46411],[-98.4791,29.46645],[-98.48701,29.46651],[-98.48704,29.46803],[-98.47673,29.46815],[-98.47666,29.46975],[-98.47718,29.47059],[-98.47681,29.47095],[-98.47453,29.46814]]]}},{"type":"Feature","properties":{"PRECINCT":"bexar:2096","COUNTY":"Bexar"},"geometry":{"type":"Polygon","coordinates":[[[-98.59314,29.51567],[-98.59556,29.51322],[-98.59709,29.5144],[-98.59913,29.51245],[-98.59987,29.51223],[-98.60071,29.51247],[-98.60287,29.51415],[-98.60625,29.51003],[-98.60762,29.51057],[-98.6086,29.50886],[-98.60969,29.50777],[-98.61317,29.51037],[-98.59988,29.52374],[-98.59682,29.5195],[-98.59314,29.51567]]]}},{"type":"Feature","properties":{"PRECINCT":"bexar:2097","COUNTY":"Bexar"},"geometry":{"type":"Polygon","coordinates":[[[-98.68636,29.52424],[-98.68568,29.52369],[-98.68794,29.52162],[-98.68756,29.51842],[-98.68761,29.51819],[-98.68815,29.51828],[-98.68861,29.51683],[-98.6853,29.5163],[-98.68504,29.51702],[-98.68395,29.51685],[-98.68519,29.51338],[-98.68505,29.51194],[-98.68453,29.51114],[-98.68358,29.51046],[-98.68044,29.50984],[-98.68065,29.50913],[-98.68139,29.5083],[-98.68529,29.50898],[-98.68529,29.50453],[-98.68164,29.50452],[-98.68163,29.50398],[-98.69994,29.50399],[-98.70043,29.50421],[-98.69069,29.52421],[-98.69031,29.52388],[-98.68752,29.52692],[-98.68506,29.52539],[-98.68636,29.52424]]]}},{"type":"Feature","properties":{"PRECINCT":"bexar:2098","COUNTY":"Bexar"},"geometry":{"type":"Polygon","coordinates":[[[-98.70043,29.50421],[-98.68977,29.50395],[-98.68977,29.50077],[-98.69144,29.49759],[-98.69199,29.49499],[-98.692,29.49272],[-98.69063,29.4897],[-98.69286,29.48936],[-98.69441,29.48961],[-98.69724,29.49106],[-98.70536,29.49429],[-98.70043,29.50421]]]}},{"type":"Feature","properties":{"PRECINCT":"bexar:2100","COUNTY":"Bexar"},"geometry":{"type":"Polygon","coordinates":[[[-98.52594,29.51499],[-98.52595,29.50296],[-98.53318,29.50273],[-98.53386,29.50312],[-98.53512,29.50315],[-98.53515,29.50556],[-98.53395,29.50556],[-98.53395,29.50726],[-98.53515,29.50725],[-98.53514,29.50899],[-98.53096,29.509],[-98.5312,29.50958],[-98.5312,29.51069],[-98.52887,29.5107],[-98.52892,29.51225],[-98.53182,29.51228],[-98.53237,29.51272],[-98.53367,29.51183],[-98.53512,29.51119],[-98.53513,29.51894],[-98.53308,29.51916],[-98.53205,29.51897],[-98.52594,29.51499]]]}},{"type":"Feature","properties":{"PRECINCT":"bexar:2102","COUNTY":"Bexar"},"geometry":{"type":"Polygon","coordinates":[[[-98.67687,29.50913],[-98.67415,29.50912],[-98.67404,29.50744],[-98.67451,29.50589],[-98.67431,29.50584],[-98.67038,29.50584],[-98.67038,29.50777],[-98.67063,29.50878],[-98.67058,29.50894],[-98.66973,29.50885],[-98.66966,29.50478],[-98.66898,29.50317],[-98.66791,29.50275],[-98.66465,29.49939],[-98.66549,29.49914],[-98.67301,29.49916],[-98.67341,29.49911],[-98.67341,29.49879],[-98.6787,29.49879],[-98.67956,29.50164],[-98.67961,29.50398],[-98.68163,29.50398],[-98.68164,29.50452],[-98.68529,29.50453],[-98.68529,29.50898],[-98.68139,29.5083],[-98.68065,29.50913],[-98.68044,29.50984],[-98.67687,29.50913]]]}},{"type":"Feature","properties":{"PRECINCT":"bexar:2103","COUNTY":"Bexar"},"geometry":{"type":"Polygon","coordinates":[[[-98.53947,29.41992],[-98.54379,29.41906],[-98.54341,29.42236],[-98.54372,29.42277],[-98.54327,29.42347],[-98.54304,29.42549],[-98.53881,29.4251],[-98.53947,29.41992]]]}},{"type":"Feature","properties":{"PRECINCT":"bexar:2104","COUNTY":"Bexar"},"geometry":{"type":"Polygon","coordinates":[[[-98.51545,29.44875],[-98.52074,29.44917],[-98.51982,29.45001],[-98.51808,29.45102],[-98.51962,29.45117],[-98.51949,29.45223],[-98.52175,29.45245],[-98.52161,29.45359],[-98.51559,29.45299],[-98.51573,29.4508],[-98.51545,29.44875]]]}},{"type":"Feature","properties":{"PRECINCT":"bexar:2105","COUNTY":"Bexar"},"geometry":{"type":"Polygon","coordinates":[[[-98.53455,29.44154],[-98.53536,29.43507],[-98.54183,29.43565],[-98.54106,29.44215],[-98.53455,29.44154]]]}},{"type":"Feature","properties":{"PRECINCT":"bexar:2106","COUNTY":"Bexar"},"geometry":{"type":"Polygon","coordinates":[[[-98.65591,29.48402],[-98.65508,29.48422],[-98.65444,29.48396],[-98.65221,29.48209],[-98.65083,29.48209],[-98.6501,29.48272],[-98.64971,29.48267],[-98.64924,29.4814],[-98.64889,29.47917],[-98.64825,29.47844],[-98.64774,29.47728],[-98.64964,29.47704],[-98.65137,29.4772],[-98.65794,29.47985],[-98.65715,29.48107],[-98.65715,29.48158],[-98.65919,29.48332],[-98.66029,29.4855],[-98.65838,29.48648],[-98.65678,29.48435],[-98.65591,29.48402]]]}},{"type":"Feature","properties":{"PRECINCT":"bexar:2108","COUNTY":"Bexar"},"geometry":{"type":"Polygon","coordinates":[[[-98.66241,29.51902],[-98.66892,29.51901],[-98.66896,29.53168],[-98.65882,29.5317],[-98.65896,29.53082],[-98.65995,29.52948],[-98.66082,29.52722],[-98.6629,29.52499],[-98.66353,29.52376],[-98.66359,29.52221],[-98.66257,29.52012],[-98.66241,29.51902]]]}},{"type":"Feature","properties":{"PRECINCT":"bexar:2109","COUNTY":"Bexar"},"geometry":{"type":"Polygon","coordinates":[[[-98.46996,29.51767],[-98.47195,29.51761],[-98.47195,29.51852],[-98.47697,29.51966],[-98.47695,29.52001],[-98.4693,29.51832],[-98.46996,29.51767]]]}},{"type":"Feature","properties":{"PRECINCT":"bexar:2110","COUNTY":"Bexar"},"geometry":{"type":"Polygon","coordinates":[[[-98.53521,29.52041],[-98.53511,29.51171],[-98.54161,29.50926],[-98.54416,29.50741],[-98.54478,29.50771],[-98.54648,29.50729],[-98.54709,29.50745],[-98.54894,29.5093],[-98.5486,29.51076],[-98.55121,29.51251],[-98.54521,29.51858],[-98.54268,29.51672],[-98.54124,29.51644],[-98.53871,29.51538],[-98.53587,29.51953],[-98.53602,29.52094],[-98.53545,29.52119],[-98.53521,29.52041]]]}},{"type":"Feature","properties":{"PRECINCT":"bexar:2111","COUNTY":"Bexar"},"geometry":{"type":"Polygon","coordinates":[[[-98.54505,29.48904],[-98.54498,29.48435],[-98.54594,29.48444],[-98.54829,29.48269],[-98.55615,29.48331],[-98.55515,29.48269],[-98.55549,29.48271],[-98.55956,29.48401],[-98.55557,29.48972],[-98.55616,29.49015],[-98.55405,29.49306],[-98.54764,29.49936],[-98.54752,29.4954],[-98.54629,29.4917],[-98.54505,29.48904]]]}},{"type":"Feature","properties":{"PRECINCT":"bexar:2112","COUNTY":"Bexar"},"geometry":{"type":"Polygon","coordinates":[[[-98.61695,29.50853],[-98.61652,29.50862],[-98.61542,29.50957],[-98.61462,29.50891],[-98.62393,29.49943],[-98.61848,29.4953],[-98.62523,29.48604],[-98.62644,29.48497],[-98.62816,29.48417],[-98.62824,29.48434],[-98.6261,29.48546],[-98.62799,29.48905],[-98.62845,29.48851],[-98.62914,29.48971],[-98.62842,29.48997],[-98.63085,29.49462],[-98.6313,29.49475],[-98.63231,29.49669],[-98.63216,29.49812],[-98.63232,29.49863],[-98.62875,29.49815],[-98.62697,29.50015],[-98.63007,29.50267],[-98.63124,29.50453],[-98.62975,29.50493],[-98.63006,29.50544],[-98.6285,29.50594],[-98.62875,29.50679],[-98.62792,29.50729],[-98.62306,29.51225],[-98.62163,29.51404],[-98.62087,29.51346],[-98.62158,29.51251],[-98.62152,29.51214],[-98.61695,29.50853]]]}},{"type":"Feature","properties":{"PRECINCT":"bexar:2113","COUNTY":"Bexar"},"geometry":{"type":"Polygon","coordinates":[[[-98.55813,29.52715],[-98.55664,29.52504],[-98.55589,29.52306],[-98.5561,29.52301],[-98.55688,29.5249],[-98.55845,29.52697],[-98.56003,29.52595],[-98.56171,29.52596],[-98.56152,29.52745],[-98.56248,29.52858],[-98.56116,29.52964],[-98.56077,29.52965],[-98.55813,29.52715]]]}},{"type":"Feature","properties":{"PRECINCT":"bexar:2114","COUNTY":"Bexar"},"geometry":{"type":"Polygon","coordinates":[[[-98.50781,29.50209],[-98.50782,29.49904],[-98.5165,29.49914],[-98.51864,29.49895],[-98.52269,29.50413],[-98.52596,29.50786],[-98.52594,29.51499],[-98.50776,29.50304],[-98.50753,29.50283],[-98.50781,29.50209]]]}},{"type":"Feature","properties":{"PRECINCT":"bexar:2116","COUNTY":"Bexar"},"geometry":{"type":"Polygon","coordinates":[[[-98.48004,29.52038],[-98.47695,29.52001],[-98.47697,29.51966],[-98.47982,29.51994],[-98.47993,29.52016],[-98.48031,29.52016],[-98.48016,29.51994],[-98.48399,29.52],[-98.48408,29.52044],[-98.48004,29.52038]]]}},{"type":"Feature","properties":{"PRECINCT":"bexar:2117","COUNTY":"Bexar"},"geometry":{"type":"Polygon","coordinates":[[[-98.51129,29.39622],[-98.5154,29.39626],[-98.51277,29.39924],[-98.51432,29.3994],[-98.51422,29.40024],[-98.51672,29.40047],[-98.5152,29.41208],[-98.50809,29.41125],[-98.51187,29.40244],[-98.51129,29.39622]]]}},{"type":"Feature","properties":{"PRECINCT":"bexar:2118","COUNTY":"Bexar"},"geometry":{"type":"Polygon","coordinates":[[[-98.52565,29.39696],[-98.51854,29.39626],[-98.51554,29.3961],[-98.51587,29.3957],[-98.53106,29.39698],[-98.52924,29.39821],[-98.52565,29.39696]]]}},{"type":"Feature","properties":{"PRECINCT":"bexar:2119","COUNTY":"Bexar"},"geometry":{"type":"Polygon","coordinates":[[[-98.56855,29.49506],[-98.56993,29.49373],[-98.5743,29.49694],[-98.57285,29.49829],[-98.56855,29.49506]]]}},{"type":"Feature","properties":{"PRECINCT":"bexar:2121","COUNTY":"Bexar"},"geometry":{"type":"Polygon","coordinates":[[[-98.477,29.519],[-98.47707,29.51766],[-98.47444,29.51761],[-98.47444,29.51409],[-98.47389,29.51392],[-98.47089,29.5176],[-98.46959,29.51763],[-98.4755,29.51028],[-98.48162,29.49951],[-98.48209,29.50122],[-98.48172,29.5028],[-98.48185,29.50852],[-98.4838,29.51875],[-98.477,29.519]]]}},{"type":"Feature","properties":{"PRECINCT":"bexar:2122","COUNTY":"Bexar"},"geometry":{"type":"Polygon","coordinates":[[[-98.57838,29.52633],[-98.57899,29.52596],[-98.58001,29.5263],[-98.58054,29.5254],[-98.58055,29.52453],[-98.57974,29.52268],[-98.57981,29.52119],[-98.58652,29.52101],[-98.58658,29.5231],[-98.58639,29.52371],[-98.58232,29.52804],[-98.5822,29.52871],[-98.58253,29.53042],[-98.58233,29.53105],[-98.58179,29.53144],[-98.57663,29.53315],[-98.5758,29.52911],[-98.5767,29.52881],[-98.57633,29.52842],[-98.57666,29.5281],[-98.5786,29.52707],[-98.57838,29.52633]]]}},{"type":"Feature","properties":{"PRECINCT":"bexar:2124","COUNTY":"Bexar"},"geometry":{"type":"Polygon","coordinates":[[[-98.55885,29.49105],[-98.56144,29.48986],[-98.56458,29.48921],[-98.56744,29.48921],[-98.56835,29.4903],[-98.56706,29.49101],[-98.56566,29.49094],[-98.56533,29.49191],[-98.5667,29.49219],[-98.56772,29.49274],[-98.56725,29.4935],[-98.5676,29.49492],[-98.56817,29.49544],[-98.5605,29.50305],[-98.55678,29.49855],[-98.55459,29.49398],[-98.55885,29.49105]]]}},{"type":"Feature","properties":{"PRECINCT":"bexar:2126","COUNTY":"Bexar"},"geometry":{"type":"Polygon","coordinates":[[[-98.63141,29.51101],[-98.62865,29.50662],[-98.6288,29.50648],[-98.6285,29.50594],[-98.63006,29.50544],[-98.62975,29.50493],[-98.63124,29.50453],[-98.63007,29.50267],[-98.62697,29.50015],[-98.62875,29.49815],[-98.63232,29.49863],[-98.63216,29.49812],[-98.63235,29.49686],[-98.6313,29.49475],[-98.63085,29.49462],[-98.62842,29.48997],[-98.62914,29.48971],[-98.62845,29.48851],[-98.62799,29.48905],[-98.6261,29.48546],[-98.62824,29.48434],[-98.62816,29.48417],[-98.6348,29.48154],[-98.63721,29.48537],[-98.63765,29.48703],[-98.64055,29.49267],[-98.64008,29.49355],[-98.64025,29.50162],[-98.64082,29.50279],[-98.64195,29.50341],[-98.63998,29.50615],[-98.64019,29.5085],[-98.64074,29.50892],[-98.64187,29.5091],[-98.64249,29.50958],[-98.6406,29.51094],[-98.63898,29.51079],[-98.63823,29.511],[-98.63691,29.51214],[-98.6355,29.51455],[-98.63453,29.51518],[-98.63141,29.51101]]]}},{"type":"Feature","properties":{"PRECINCT":"bexar:2127","COUNTY":"Bexar"},"geometry":{"type":"Polygon","coordinates":[[[-98.67679,29.51722],[-98.67612,29.51736],[-98.67555,29.51596],[-98.67285,29.51681],[-98.67209,29.51487],[-98.67223,29.51372],[-98.67111,29.512],[-98.67051,29.50961],[-98.67064,29.50858],[-98.67038,29.50777],[-98.67038,29.50584],[-98.67451,29.50589],[-98.67404,29.50744],[-98.67415,29.50912],[-98.67705,29.50915],[-98.68297,29.51025],[-98.68417,29.51083],[-98.68489,29.51162],[-98.68518,29.51242],[-98.68519,29.51338],[-98.68343,29.5183],[-98.67679,29.51722]]]}},{"type":"Feature","properties":{"PRECINCT":"bexar:2128","COUNTY":"Bexar"},"geometry":{"type":"Polygon","coordinates":[[[-98.58703,29.44848],[-98.58704,29.44243],[-98.58748,29.44247],[-98.58755,29.43391],[-98.59969,29.43502],[-98.59979,29.4396],[-98.60043,29.44027],[-98.60174,29.44056],[-98.60248,29.4411],[-98.60268,29.44327],[-98.59826,29.44311],[-98.59818,29.4485],[-98.59001,29.44848],[-98.59001,29.45609],[-98.58889,29.45624],[-98.58142,29.45623],[-98.58149,29.45058],[-98.57909,29.45036],[-98.57883,29.4501],[-98.58361,29.44857],[-98.58703,29.44848]]]}},{"type":"Feature","properties":{"PRECINCT":"bexar:2130","COUNTY":"Bexar"},"geometry":{"type":"Polygon","coordinates":[[[-98.65362,29.509],[-98.65222,29.50881],[-98.65018,29.50715],[-98.64825,29.50705],[-98.64739,29.50733],[-98.64546,29.50895],[-98.64335,29.50911],[-98.64249,29.50958],[-98.64187,29.5091],[-98.64074,29.50892],[-98.64025,29.50864],[-98.63998,29.50615],[-98.64195,29.50341],[-98.64347,29.50333],[-98.64525,29.50229],[-98.64612,29.50335],[-98.64741,29.5039],[-98.64835,29.50506],[-98.65318,29.50503],[-98.65426,29.50474],[-98.65573,29.50472],[-98.65791,29.50544],[-98.66233,29.50543],[-98.66234,29.51186],[-98.66009,29.5119],[-98.65792,29.5125],[-98.65716,29.51244],[-98.65635,29.51192],[-98.65444,29.5094],[-98.65362,29.509]]]}},{"type":"Feature","properties":{"PRECINCT":"bexar:2131","COUNTY":"Bexar"},"geometry":{"type":"Polygon","coordinates":[[[-98.4662,29.50724],[-98.47457,29.50754],[-98.47442,29.50896],[-98.47088,29.50899],[-98.47088,29.50976],[-98.46621,29.50973],[-98.4662,29.50724]]]}},{"type":"Feature","properties":{"PRECINCT":"bexar:2132","COUNTY":"Bexar"},"geometry":{"type":"Polygon","coordinates":[[[-98.47473,29.51912],[-98.47195,29.51852],[-98.47195,29.51761],[-98.47089,29.5176],[-98.47389,29.51392],[-98.47444,29.51409],[-98.47444,29.51761],[-98.47707,29.51766],[-98.477,29.519],[-98.47473,29.51912]]]}},{"type":"Feature","properties":{"PRECINCT":"bexar:2133","COUNTY":"Bexar"},"geometry":{"type":"Polygon","coordinates":[[[-98.66911,29.50885],[-98.67058,29.50894],[-98.67049,29.5095],[-98.67107,29.51186],[-98.67223,29.51372],[-98.67209,29.51487],[-98.67285,29.51681],[-98.66952,29.51798],[-98.66868,29.51847],[-98.66741,29.5169],[-98.66998,29.51525],[-98.67092,29.51417],[-98.66989,29.51234],[-98.66913,29.5092],[-98.66911,29.50885]]]}},{"type":"Feature","properties":{"PRECINCT":"bexar:2134","COUNTY":"Bexar"},"geometry":{"type":"Polygon","coordinates":[[[-98.54764,29.49936],[-98.55405,29.49306],[-98.55678,29.49855],[-98.5605,29.50305],[-98.55223,29.51151],[-98.55087,29.50731],[-98.54877,29.50375],[-98.54764,29.49936]]]}},{"type":"Feature","properties":{"PRECINCT":"bexar:2135","COUNTY":"Bexar"},"geometry":{"type":"Polygon","coordinates":[[[-98.47442,29.50896],[-98.47457,29.50754],[-98.47703,29.50773],[-98.4755,29.51028],[-98.46907,29.51827],[-98.46428,29.51696],[-98.46599,29.51365],[-98.46621,29.50973],[-98.47088,29.50976],[-98.47088,29.50899],[-98.47442,29.50896]]]}},{"type":"Feature","properties":{"PRECINCT":"bexar:2137","COUNTY":"Bexar"},"geometry":{"type":"Polygon","coordinates":[[[-98.50668,29.52053],[-98.49925,29.52062],[-98.49926,29.50433],[-98.49836,29.50433],[-98.49836,29.50196],[-98.49925,29.50198],[-98.49927,29.49732],[-98.50753,29.50283],[-98.50697,29.50328],[-98.5068,29.50373],[-98.50668,29.52053]]]}},{"type":"Feature","properties":{"PRECINCT":"bexar:2138","COUNTY":"Bexar"},"geometry":{"type":"Polygon","coordinates":[[[-98.49173,29.50436],[-98.49926,29.50433],[-98.49925,29.52062],[-98.49175,29.5205],[-98.49173,29.50436]]]}},{"type":"Feature","properties":{"PRECINCT":"bexar:2140","COUNTY":"Bexar"},"geometry":{"type":"Polygon","coordinates":[[[-98.6258,29.47309],[-98.62446,29.47114],[-98.6238,29.47074],[-98.62423,29.47007],[-98.62432,29.46924],[-98.62311,29.46668],[-98.62139,29.46588],[-98.6189,29.46607],[-98.62123,29.46358],[-98.62993,29.45301],[-98.63399,29.45507],[-98.63859,29.45915],[-98.6286,29.46309],[-98.62848,29.46342],[-98.62896,29.4648],[-98.63061,29.46705],[-98.63206,29.46973],[-98.6335,29.47093],[-98.63406,29.47209],[-98.63567,29.47227],[-98.63684,29.47357],[-98.63665,29.47406],[-98.63692,29.47444],[-98.63606,29.47772],[-98.63348,29.47955],[-98.63281,29.48026],[-98.63058,29.4812],[-98.63228,29.48266],[-98.62996,29.48352],[-98.62755,29.4804],[-98.62654,29.47791],[-98.62661,29.4765],[-98.62592,29.47503],[-98.62608,29.47396],[-98.6258,29.47309]]]}},{"type":"Feature","properties":{"PRECINCT":"bexar:2141","COUNTY":"Bexar"},"geometry":{"type":"Polygon","coordinates":[[[-98.6559,29.50473],[-98.65426,29.50474],[-98.65318,29.50503],[-98.64835,29.50506],[-98.64741,29.5039],[-98.64612,29.50335],[-98.64525,29.50229],[-98.64575,29.50135],[-98.64575,29.49931],[-98.65275,29.49939],[-98.66018,29.50181],[-98.66236,29.50197],[-98.66233,29.50543],[-98.65791,29.50544],[-98.6559,29.50473]]]}},{"type":"Feature","properties":{"PRECINCT":"bexar:2142","COUNTY":"Bexar"},"geometry":{"type":"Polygon","coordinates":[[[-98.56758,29.49485],[-98.56725,29.4935],[-98.56772,29.49274],[-98.5667,29.49219],[-98.56533,29.49191],[-98.56566,29.49094],[-98.56706,29.49101],[-98.56835,29.4903],[-98.56744,29.48921],[-98.57834,29.48943],[-98.58263,29.4885],[-98.59294,29.48504],[-98.5943,29.48605],[-98.59173,29.48862],[-98.59056,29.49025],[-98.58846,29.49118],[-98.58707,29.49259],[-98.58587,29.49261],[-98.58448,29.49175],[-98.58336,29.49286],[-98.58251,29.49223],[-98.58171,29.49202],[-98.57487,29.49236],[-98.57381,29.49278],[-98.5716,29.49494],[-98.56993,29.49373],[-98.56817,29.49544],[-98.56758,29.49485]]]}},{"type":"Feature","properties":{"PRECINCT":"bexar:2143","COUNTY":"Bexar"},"geometry":{"type":"Polygon","coordinates":[[[-98.59692,29.48808],[-98.59932,29.48571],[-98.60078,29.4868],[-98.60359,29.48391],[-98.60571,29.48528],[-98.61075,29.48971],[-98.61681,29.49393],[-98.62393,29.49943],[-98.61866,29.50484],[-98.59692,29.48808]]]}},{"type":"Feature","properties":{"PRECINCT":"bexar:2144","COUNTY":"Bexar"},"geometry":{"type":"Polygon","coordinates":[[[-98.4817,29.50425],[-98.49173,29.50436],[-98.49175,29.5205],[-98.48408,29.52044],[-98.48185,29.50852],[-98.4817,29.50425]]]}},{"type":"Feature","properties":{"PRECINCT":"bexar:2145","COUNTY":"Bexar"},"geometry":{"type":"Polygon","coordinates":[[[-98.6533,29.49848],[-98.66234,29.49856],[-98.66236,29.50197],[-98.66056,29.5019],[-98.65548,29.5004],[-98.65328,29.49951],[-98.6533,29.49848]]]}},{"type":"Feature","properties":{"PRECINCT":"bexar:2146","COUNTY":"Bexar"},"geometry":{"type":"Polygon","coordinates":[[[-98.54562,29.497],[-98.54559,29.4907],[-98.54493,29.4907],[-98.54505,29.48904],[-98.54629,29.4917],[-98.54767,29.49622],[-98.54764,29.49936],[-98.54558,29.50187],[-98.54395,29.50052],[-98.54394,29.49724],[-98.54541,29.49724],[-98.54562,29.497]]]}},{"type":"Feature","properties":{"PRECINCT":"bexar:2148","COUNTY":"Bexar"},"geometry":{"type":"Polygon","coordinates":[[[-98.55589,29.52306],[-98.55245,29.51129],[-98.56188,29.50164],[-98.56278,29.50216],[-98.56448,29.50214],[-98.5691,29.506],[-98.56746,29.50765],[-98.56861,29.50831],[-98.5714,29.50553],[-98.57053,29.50487],[-98.57683,29.49885],[-98.57729,29.49921],[-98.57814,29.50002],[-98.57046,29.50761],[-98.57002,29.50878],[-98.56902,29.50906],[-98.56717,29.51087],[-98.56898,29.51275],[-98.56796,29.51412],[-98.56649,29.51543],[-98.56589,29.51561],[-98.56463,29.5155],[-98.56392,29.5159],[-98.56347,29.5169],[-98.56276,29.51773],[-98.56407,29.51874],[-98.5624,29.52039],[-98.56181,29.52048],[-98.56056,29.51951],[-98.55969,29.52029],[-98.55825,29.52077],[-98.55709,29.52191],[-98.5567,29.5228],[-98.55589,29.52306]]]}},{"type":"Feature","properties":{"PRECINCT":"bexar:2149","COUNTY":"Bexar"},"geometry":{"type":"Polygon","coordinates":[[[-98.56704,29.53285],[-98.56505,29.53097],[-98.56363,29.53201],[-98.56246,29.53086],[-98.57343,29.51989],[-98.57945,29.5119],[-98.58022,29.51032],[-98.58337,29.51109],[-98.58569,29.51111],[-98.58784,29.51041],[-98.58977,29.50895],[-98.59556,29.51322],[-98.58806,29.52057],[-98.58637,29.52102],[-98.57981,29.52119],[-98.57974,29.52268],[-98.58055,29.52453],[-98.58054,29.5254],[-98.58001,29.5263],[-98.5791,29.52596],[-98.57844,29.52623],[-98.5786,29.52707],[-98.57634,29.52838],[-98.57661,29.52887],[-98.5758,29.52911],[-98.57502,29.52613],[-98.56811,29.53289],[-98.56704,29.53285]]]}},{"type":"Feature","properties":{"PRECINCT":"bexar:2150","COUNTY":"Bexar"},"geometry":{"type":"Polygon","coordinates":[[[-98.48849,29.52747],[-98.49061,29.5275],[-98.49179,29.52781],[-98.49182,29.5295],[-98.48888,29.53226],[-98.48695,29.53067],[-98.4884,29.52923],[-98.48849,29.52747]]]}},{"type":"Feature","properties":{"PRECINCT":"bexar:2151","COUNTY":"Bexar"},"geometry":{"type":"Polygon","coordinates":[[[-98.59692,29.48808],[-98.59294,29.48504],[-98.59919,29.48311],[-98.60068,29.48324],[-98.60338,29.48412],[-98.60078,29.4868],[-98.59932,29.48571],[-98.59692,29.48808]]]}},{"type":"Feature","properties":{"PRECINCT":"bexar:2152","COUNTY":"Bexar"},"geometry":{"type":"Polygon","coordinates":[[[-98.50061,29.44064],[-98.49897,29.44064],[-98.49818,29.43872],[-98.49592,29.43577],[-98.49928,29.43383],[-98.5015,29.43284],[-98.50344,29.43531],[-98.50521,29.43888],[-98.50462,29.43913],[-98.50458,29.43979],[-98.50396,29.44023],[-98.50305,29.44153],[-98.50061,29.44064]]]}},{"type":"Feature","properties":{"PRECINCT":"bexar:2153","COUNTY":"Bexar"},"geometry":{"type":"Polygon","coordinates":[[[-98.58674,29.49931],[-98.59076,29.49824],[-98.59083,29.49838],[-98.5892,29.49929],[-98.58407,29.50444],[-98.58379,29.50423],[-98.5838,29.50237],[-98.58674,29.49931]]]}},{"type":"Feature","properties":{"PRECINCT":"bexar:2155","COUNTY":"Bexar"},"geometry":{"type":"Polygon","coordinates":[[[-98.47993,29.52016],[-98.47982,29.51994],[-98.47697,29.51966],[-98.47473,29.51912],[-98.4838,29.51875],[-98.48399,29.52],[-98.48016,29.51994],[-98.48031,29.52016],[-98.47993,29.52016]]]}},{"type":"Feature","properties":{"PRECINCT":"bexar:2156","COUNTY":"Bexar"},"geometry":{"type":"Polygon","coordinates":[[[-98.56717,29.51087],[-98.56902,29.50906],[-98.57002,29.50878],[-98.57046,29.50761],[-98.57814,29.50002],[-98.58977,29.50895],[-98.58784,29.51041],[-98.58569,29.51111],[-98.58337,29.51109],[-98.58022,29.51032],[-98.57945,29.5119],[-98.57325,29.52009],[-98.57188,29.5161],[-98.57087,29.5147],[-98.56717,29.51087]]]}},{"type":"Feature","properties":{"PRECINCT":"bexar:2157","COUNTY":"Bexar"},"geometry":{"type":"Polygon","coordinates":[[[-98.59294,29.48504],[-98.58857,29.4816],[-98.58862,29.48154],[-98.59148,29.48359],[-98.5944,29.4837],[-98.5946,29.48413],[-98.59774,29.48342],[-98.59294,29.48504]]]}},{"type":"Feature","properties":{"PRECINCT":"bexar:2159","COUNTY":"Bexar"},"geometry":{"type":"Polygon","coordinates":[[[-98.66234,29.51554],[-98.66574,29.51568],[-98.66681,29.51627],[-98.66892,29.51901],[-98.66241,29.51902],[-98.66234,29.51554]]]}},{"type":"Feature","properties":{"PRECINCT":"bexar:3002","COUNTY":"Bexar"},"geometry":{"type":"Polygon","coordinates":[[[-98.61317,29.51037],[-98.6052,29.504],[-98.60476,29.50435],[-98.59857,29.49966],[-98.60195,29.4963],[-98.60067,29.49527],[-98.60129,29.49466],[-98.60196,29.49509],[-98.6038,29.49337],[-98.61866,29.50484],[-98.61317,29.51037]]]}},{"type":"Feature","properties":{"PRECINCT":"bexar:3003","COUNTY":"Bexar"},"geometry":{"type":"Polygon","coordinates":[[[-98.61154,29.51214],[-98.61462,29.50891],[-98.61542,29.50957],[-98.61652,29.50862],[-98.61695,29.50853],[-98.62146,29.51207],[-98.62158,29.51251],[-98.62087,29.51346],[-98.62154,29.51397],[-98.62024,29.51562],[-98.61349,29.51428],[-98.61401,29.51344],[-98.61285,29.51313],[-98.61258,29.51247],[-98.61154,29.51214]]]}},{"type":"Feature","properties":{"PRECINCT":"bexar:3006","COUNTY":"Bexar"},"geometry":{"type":"Polygon","coordinates":[[[-98.53936,29.5289],[-98.53979,29.52831],[-98.54312,29.53109],[-98.54536,29.53349],[-98.55271,29.54044],[-98.54885,29.54414],[-98.54693,29.54233],[-98.54207,29.54021],[-98.54054,29.53926],[-98.54076,29.53901],[-98.53693,29.53148],[-98.53828,29.52946],[-98.53936,29.5289]]]}},{"type":"Feature","properties":{"PRECINCT":"bexar:3010","COUNTY":"Bexar"},"geometry":{"type":"Polygon","coordinates":[[[-98.57541,29.56335],[-98.57112,29.55827],[-98.56826,29.55625],[-98.56706,29.55566],[-98.57107,29.55211],[-98.57255,29.55311],[-98.57365,29.55459],[-98.57407,29.55555],[-98.57434,29.55734],[-98.57494,29.55818],[-98.57616,29.55868],[-98.5787,29.55863],[-98.57861,29.55916],[-98.57627,29.55923],[-98.57647,29.5609],[-98.57687,29.56097],[-98.57743,29.56068],[-98.57808,29.56084],[-98.57581,29.56311],[-98.57541,29.56335]]]}},{"type":"Feature","properties":{"PRECINCT":"bexar:3011","COUNTY":"Bexar"},"geometry":{"type":"Polygon","coordinates":[[[-98.53798,29.52571],[-98.54196,29.52177],[-98.55071,29.52853],[-98.5473,29.53189],[-98.54787,29.53243],[-98.54596,29.53405],[-98.54312,29.53109],[-98.53959,29.52813],[-98.53798,29.52571]]]}},{"type":"Feature","properties":{"PRECINCT":"bexar:3013","COUNTY":"Bexar"},"geometry":{"type":"Polygon","coordinates":[[[-98.5473,29.53189],[-98.55435,29.52496],[-98.55508,29.52615],[-98.55629,29.52561],[-98.55586,29.52482],[-98.55672,29.52518],[-98.55813,29.52715],[-98.56225,29.53107],[-98.55271,29.54044],[-98.54596,29.53405],[-98.54787,29.53243],[-98.5473,29.53189]]]}},{"type":"Feature","properties":{"PRECINCT":"bexar:3014","COUNTY":"Bexar"},"geometry":{"type":"Polygon","coordinates":[[[-98.49925,29.53925],[-98.49692,29.53581],[-98.49507,29.53495],[-98.49578,29.53326],[-98.49839,29.53454],[-98.49962,29.53602],[-98.50122,29.53478],[-98.50106,29.53335],[-98.5039,29.53302],[-98.50412,29.5338],[-98.50612,29.53361],[-98.50649,29.53903],[-98.50422,29.53725],[-98.50237,29.53908],[-98.50069,29.53778],[-98.49925,29.53925]]]}},{"type":"Feature","properties":{"PRECINCT":"bexar:3015","COUNTY":"Bexar"},"geometry":{"type":"Polygon","coordinates":[[[-98.5691,29.506],[-98.56448,29.50214],[-98.56278,29.50216],[-98.56188,29.50164],[-98.56855,29.49506],[-98.57285,29.49829],[-98.5743,29.49694],[-98.57537,29.49775],[-98.57662,29.49651],[-98.57831,29.49641],[-98.57826,29.49557],[-98.57905,29.49559],[-98.57935,29.49398],[-98.57926,29.49214],[-98.58171,29.49202],[-98.58274,29.49237],[-98.58765,29.49616],[-98.59217,29.49626],[-98.59319,29.49675],[-98.59126,29.49821],[-98.58674,29.49931],[-98.5838,29.50237],[-98.58379,29.50423],[-98.57683,29.49885],[-98.57053,29.50487],[-98.5714,29.50553],[-98.56861,29.50831],[-98.56746,29.50765],[-98.5691,29.506]]]}},{"type":"Feature","properties":{"PRECINCT":"bexar:3016","COUNTY":"Bexar"},"geometry":{"type":"Polygon","coordinates":[[[-98.6351,29.5327],[-98.63497,29.5299],[-98.63584,29.52971],[-98.63651,29.5293],[-98.63693,29.53002],[-98.63707,29.53143],[-98.63954,29.53137],[-98.6395,29.52858],[-98.63819,29.52706],[-98.64053,29.5262],[-98.64621,29.53332],[-98.64805,29.53617],[-98.63657,29.53622],[-98.63674,29.53489],[-98.63629,29.53394],[-98.6351,29.5327]]]}},{"type":"Feature","properties":{"PRECINCT":"bexar:3019","COUNTY":"Bexar"},"geometry":{"type":"Polygon","coordinates":[[[-98.58996,29.52571],[-98.59081,29.5257],[-98.59108,29.52269],[-98.59055,29.52182],[-98.58853,29.52025],[-98.59314,29.51567],[-98.59682,29.5195],[-98.59988,29.52374],[-98.59302,29.53058],[-98.58822,29.52691],[-98.5892,29.52601],[-98.58996,29.52571]]]}},{"type":"Feature","properties":{"PRECINCT":"bexar:3023","COUNTY":"Bexar"},"geometry":{"type":"Polygon","coordinates":[[[-98.61492,29.54465],[-98.61443,29.54372],[-98.61149,29.54064],[-98.61456,29.53838],[-98.61747,29.53749],[-98.61745,29.53434],[-98.62745,29.53434],[-98.6352,29.53682],[-98.63305,29.53828],[-98.63221,29.53945],[-98.63191,29.54056],[-98.63145,29.54097],[-98.6316,29.54148],[-98.62998,29.54151],[-98.62914,29.54182],[-98.62613,29.54446],[-98.61492,29.54465]]]}},{"type":"Feature","properties":{"PRECINCT":"bexar:3024","COUNTY":"Bexar"},"geometry":{"type":"Polygon","coordinates":[[[-98.55524,29.5232],[-98.55589,29.52306],[-98.55672,29.52518],[-98.55586,29.52482],[-98.55524,29.5232]]]}},{"type":"Feature","properties":{"PRECINCT":"bexar:3029","COUNTY":"Bexar"},"geometry":{"type":"Polygon","coordinates":[[[-98.60436,29.55127],[-98.61495,29.55104],[-98.61494,29.55222],[-98.6132,29.5524],[-98.61124,29.55392],[-98.61033,29.55431],[-98.60574,29.55438],[-98.60575,29.55871],[-98.60609,29.56302],[-98.59353,29.5631],[-98.59347,29.56172],[-98.59288,29.56031],[-98.59255,29.55694],[-98.59303,29.55514],[-98.59293,29.55392],[-98.59589,29.55381],[-98.59834,29.55225],[-98.60126,29.55223],[-98.60436,29.55127]]]}},{"type":"Feature","properties":{"PRECINCT":"bexar:3031","COUNTY":"Bexar"},"geometry":{"type":"Polygon","coordinates":[[[-98.5039,29.53302],[-98.50603,29.53288],[-98.50612,29.53361],[-98.50412,29.5338],[-98.5039,29.53302]]]}},{"type":"Feature","properties":{"PRECINCT":"bexar:3032","COUNTY":"Bexar"},"geometry":{"type":"Polygon","coordinates":[[[-98.60012,29.52349],[-98.61317,29.51037],[-98.61154,29.51214],[-98.61258,29.51247],[-98.61285,29.51313],[-98.61401,29.51344],[-98.61349,29.51428],[-98.62024,29.51562],[-98.62163,29.51404],[-98.61818,29.51838],[-98.61736,29.51906],[-98.61738,29.52304],[-98.61091,29.52306],[-98.60896,29.5223],[-98.6059,29.52278],[-98.60507,29.52268],[-98.6045,29.52301],[-98.60046,29.52367],[-98.60012,29.52349]]]}},{"type":"Feature","properties":{"PRECINCT":"bexar:3035","COUNTY":"Bexar"},"geometry":{"type":"Polygon","coordinates":[[[-98.58903,29.53459],[-98.59988,29.52374],[-98.60285,29.52956],[-98.61007,29.53905],[-98.61443,29.54372],[-98.61492,29.54465],[-98.58997,29.54483],[-98.58984,29.53528],[-98.58903,29.53459]]]}},{"type":"Feature","properties":{"PRECINCT":"bexar:3038","COUNTY":"Bexar"},"geometry":{"type":"Polygon","coordinates":[[[-98.51929,29.51932],[-98.51346,29.51207],[-98.51277,29.51248],[-98.50682,29.51255],[-98.5068,29.50373],[-98.50697,29.50328],[-98.50753,29.50283],[-98.52594,29.51499],[-98.52593,29.51688],[-98.51929,29.51932]]]}},{"type":"Feature","properties":{"PRECINCT":"bexar:3041","COUNTY":"Bexar"},"geometry":{"type":"Polygon","coordinates":[[[-98.50664,29.52066],[-98.50682,29.51255],[-98.51277,29.51248],[-98.51346,29.51207],[-98.51929,29.51932],[-98.52593,29.51688],[-98.52592,29.5173],[-98.52152,29.51904],[-98.51809,29.52007],[-98.51568,29.52053],[-98.51241,29.52078],[-98.50664,29.52066]]]}},{"type":"Feature","properties":{"PRECINCT":"bexar:3044","COUNTY":"Bexar"},"geometry":{"type":"Polygon","coordinates":[[[-98.51567,29.57918],[-98.51433,29.57916],[-98.51356,29.57751],[-98.51343,29.57581],[-98.51405,29.5743],[-98.5167,29.57167],[-98.52352,29.57667],[-98.52329,29.57693],[-98.52948,29.58164],[-98.52781,29.58319],[-98.52977,29.58465],[-98.52704,29.58709],[-98.5293,29.58899],[-98.52796,29.59339],[-98.52498,29.59181],[-98.52214,29.58925],[-98.52058,29.5865],[-98.5195,29.58174],[-98.51756,29.57994],[-98.51567,29.57918]]]}},{"type":"Feature","properties":{"PRECINCT":"bexar:3054","COUNTY":"Bexar"},"geometry":{"type":"Polygon","coordinates":[[[-98.62708,29.5343],[-98.61745,29.53434],[-98.61736,29.51906],[-98.61818,29.51838],[-98.61883,29.51875],[-98.61817,29.5196],[-98.62947,29.51958],[-98.62775,29.52142],[-98.62734,29.52264],[-98.6275,29.52393],[-98.62899,29.52573],[-98.63176,29.52717],[-98.63162,29.52993],[-98.63179,29.53052],[-98.63535,29.5329],[-98.63656,29.53436],[-98.63676,29.53595],[-98.63657,29.53622],[-98.63588,29.53636],[-98.6352,29.53682],[-98.62708,29.5343]]]}},{"type":"Feature","properties":{"PRECINCT":"bexar:3056","COUNTY":"Bexar"},"geometry":{"type":"Polygon","coordinates":[[[-98.57541,29.56335],[-98.57808,29.56084],[-98.57743,29.56068],[-98.57687,29.56097],[-98.57647,29.5609],[-98.57627,29.55923],[-98.57861,29.55916],[-98.5787,29.55863],[-98.57591,29.55864],[-98.57465,29.55788],[-98.57434,29.55734],[-98.57397,29.55522],[-98.57347,29.55434],[-98.57483,29.55343],[-98.57885,29.55272],[-98.58121,29.55336],[-98.58395,29.5526],[-98.58643,29.55253],[-98.58705,29.55377],[-98.58912,29.55368],[-98.5903,29.55394],[-98.59293,29.55392],[-98.59303,29.55514],[-98.59255,29.55694],[-98.59288,29.56031],[-98.59347,29.56172],[-98.59353,29.5631],[-98.5916,29.56309],[-98.58955,29.5636],[-98.5861,29.56483],[-98.5783,29.56831],[-98.57541,29.56335]]]}},{"type":"Feature","properties":{"PRECINCT":"bexar:3057","COUNTY":"Bexar"},"geometry":{"type":"Polygon","coordinates":[[[-98.53513,29.55766],[-98.54135,29.55129],[-98.54816,29.55656],[-98.54371,29.5609],[-98.54006,29.5622],[-98.53772,29.56341],[-98.53513,29.55766]]]}},{"type":"Feature","properties":{"PRECINCT":"bexar:3058","COUNTY":"Bexar"},"geometry":{"type":"Polygon","coordinates":[[[-98.58786,29.59216],[-98.58758,29.59093],[-98.58369,29.58343],[-98.58313,29.57822],[-98.58132,29.57524],[-98.57987,29.57132],[-98.57832,29.5683],[-98.5861,29.56483],[-98.59113,29.56319],[-98.59753,29.58397],[-98.59866,29.59132],[-98.58786,29.59216]]]}},{"type":"Feature","properties":{"PRECINCT":"bexar:3062","COUNTY":"Bexar"},"geometry":{"type":"Polygon","coordinates":[[[-98.48152,29.56086],[-98.48208,29.56066],[-98.48373,29.56086],[-98.48561,29.55569],[-98.48846,29.54913],[-98.48983,29.55017],[-98.49217,29.55051],[-98.49356,29.55206],[-98.49456,29.55263],[-98.49614,29.55297],[-98.49835,29.553],[-98.5002,29.55392],[-98.50439,29.54978],[-98.50488,29.55015],[-98.48676,29.56821],[-98.48025,29.56324],[-98.48152,29.56086]]]}},{"type":"Feature","properties":{"PRECINCT":"bexar:3063","COUNTY":"Bexar"},"geometry":{"type":"Polygon","coordinates":[[[-98.49798,29.55293],[-98.49614,29.55297],[-98.49456,29.55263],[-98.49356,29.55206],[-98.49217,29.55051],[-98.48983,29.55017],[-98.48829,29.549],[-98.49008,29.54492],[-98.4903,29.54496],[-98.49185,29.54145],[-98.49367,29.53811],[-98.49384,29.53818],[-98.49532,29.53504],[-98.49644,29.53547],[-98.49708,29.53598],[-98.49879,29.5388],[-98.50093,29.54054],[-98.50283,29.5433],[-98.50398,29.54404],[-98.50496,29.54437],[-98.5061,29.54427],[-98.50725,29.54384],[-98.5088,29.54639],[-98.50488,29.55015],[-98.50439,29.54978],[-98.5002,29.55392],[-98.49904,29.55323],[-98.49798,29.55293]]]}},{"type":"Feature","properties":{"PRECINCT":"bexar:3064","COUNTY":"Bexar"},"geometry":{"type":"Polygon","coordinates":[[[-98.49925,29.53925],[-98.50069,29.53778],[-98.50237,29.53908],[-98.50422,29.53725],[-98.50649,29.53903],[-98.50648,29.54145],[-98.50725,29.54384],[-98.50546,29.54438],[-98.50398,29.54404],[-98.50269,29.54318],[-98.50093,29.54054],[-98.49925,29.53925]]]}},{"type":"Feature","properties":{"PRECINCT":"bexar:3065","COUNTY":"Bexar"},"geometry":{"type":"Polygon","coordinates":[[[-98.57092,29.53937],[-98.56077,29.52965],[-98.56116,29.52964],[-98.56248,29.52858],[-98.56152,29.52745],[-98.56171,29.52596],[-98.56342,29.52612],[-98.56357,29.52727],[-98.56495,29.52839],[-98.56246,29.53086],[-98.56363,29.53201],[-98.56505,29.53097],[-98.56695,29.5328],[-98.56763,29.533],[-98.56835,29.53271],[-98.57502,29.52613],[-98.57695,29.53467],[-98.58095,29.54255],[-98.57885,29.54452],[-98.57092,29.53937]]]}},{"type":"Feature","properties":{"PRECINCT":"bexar:3066","COUNTY":"Bexar"},"geometry":{"type":"Polygon","coordinates":[[[-98.50634,29.53604],[-98.50499,29.52309],[-98.50528,29.52328],[-98.52043,29.53503],[-98.5088,29.54639],[-98.50744,29.54428],[-98.50648,29.54145],[-98.50634,29.53604]]]}},{"type":"Feature","properties":{"PRECINCT":"bexar:3067","COUNTY":"Bexar"},"geometry":{"type":"Polygon","coordinates":[[[-98.50499,29.52309],[-98.50664,29.52066],[-98.51308,29.52077],[-98.51618,29.52045],[-98.52024,29.51948],[-98.52592,29.5173],[-98.52592,29.51767],[-98.52713,29.51815],[-98.52865,29.51796],[-98.53008,29.5241],[-98.5307,29.52559],[-98.5364,29.53151],[-98.53717,29.53287],[-98.52839,29.54136],[-98.50499,29.52309]]]}},{"type":"Feature","properties":{"PRECINCT":"bexar:3068","COUNTY":"Bexar"},"geometry":{"type":"Polygon","coordinates":[[[-98.52383,29.5483],[-98.52378,29.54745],[-98.51952,29.54752],[-98.51897,29.54824],[-98.51894,29.54865],[-98.51799,29.54796],[-98.51642,29.54732],[-98.51426,29.5455],[-98.51222,29.54494],[-98.51114,29.54418],[-98.52043,29.53503],[-98.52756,29.54069],[-98.52944,29.54498],[-98.52696,29.54641],[-98.52426,29.54895],[-98.52383,29.5483]]]}},{"type":"Feature","properties":{"PRECINCT":"bexar:3069","COUNTY":"Bexar"},"geometry":{"type":"Polygon","coordinates":[[[-98.53495,29.55727],[-98.52756,29.54069],[-98.52839,29.54136],[-98.53717,29.53287],[-98.53937,29.53751],[-98.53977,29.53711],[-98.54076,29.53901],[-98.54054,29.53926],[-98.54207,29.54021],[-98.54693,29.54233],[-98.54885,29.54414],[-98.53495,29.55727]]]}},{"type":"Feature","properties":{"PRECINCT":"bexar:3070","COUNTY":"Bexar"},"geometry":{"type":"Polygon","coordinates":[[[-98.54371,29.5609],[-98.54816,29.55656],[-98.55822,29.56448],[-98.5459,29.57639],[-98.54403,29.57401],[-98.53772,29.56341],[-98.54006,29.5622],[-98.54371,29.5609]]]}},{"type":"Feature","properties":{"PRECINCT":"bexar:3071","COUNTY":"Bexar"},"geometry":{"type":"Polygon","coordinates":[[[-98.55627,29.54283],[-98.55271,29.54044],[-98.56225,29.53107],[-98.57092,29.53937],[-98.57885,29.54452],[-98.57869,29.54466],[-98.57379,29.54157],[-98.5731,29.54271],[-98.57185,29.54319],[-98.57078,29.54541],[-98.56955,29.54643],[-98.56899,29.5475],[-98.56707,29.54902],[-98.5604,29.54406],[-98.55754,29.54341],[-98.55627,29.54283]]]}},{"type":"Feature","properties":{"PRECINCT":"bexar:3073","COUNTY":"Bexar"},"geometry":{"type":"Polygon","coordinates":[[[-98.5581,29.56439],[-98.56706,29.55566],[-98.56826,29.55625],[-98.57194,29.55906],[-98.57615,29.56436],[-98.5783,29.56831],[-98.57519,29.56993],[-98.56467,29.577],[-98.56369,29.57508],[-98.56366,29.57394],[-98.5641,29.57165],[-98.56371,29.56996],[-98.5629,29.56886],[-98.5581,29.56439]]]}},{"type":"Feature","properties":{"PRECINCT":"bexar:3074","COUNTY":"Bexar"},"geometry":{"type":"Polygon","coordinates":[[[-98.57008,29.59172],[-98.57688,29.59173],[-98.56562,29.57637],[-98.57519,29.56993],[-98.57832,29.5683],[-98.57987,29.57132],[-98.58132,29.57524],[-98.58313,29.57822],[-98.58369,29.58343],[-98.58758,29.59093],[-98.58786,29.59216],[-98.58042,29.59305],[-98.57739,29.59371],[-98.57508,29.59454],[-98.56893,29.59735],[-98.56875,29.59681],[-98.57007,29.59623],[-98.57008,29.59172]]]}},{"type":"Feature","properties":{"PRECINCT":"bexar:3077","COUNTY":"Bexar"},"geometry":{"type":"Polygon","coordinates":[[[-98.52579,29.56393],[-98.52282,29.56412],[-98.51992,29.56396],[-98.51924,29.56211],[-98.51716,29.55863],[-98.51908,29.55798],[-98.52108,29.55792],[-98.52888,29.55985],[-98.53041,29.55996],[-98.53287,29.55937],[-98.5341,29.55863],[-98.53513,29.55766],[-98.53724,29.56246],[-98.53933,29.56617],[-98.53184,29.57372],[-98.53441,29.57569],[-98.53389,29.57626],[-98.52952,29.57442],[-98.52818,29.5741],[-98.52513,29.57203],[-98.52552,29.57017],[-98.52623,29.56917],[-98.52652,29.56689],[-98.52647,29.56441],[-98.52579,29.56393]]]}},{"type":"Feature","properties":{"PRECINCT":"bexar:3078","COUNTY":"Bexar"},"geometry":{"type":"Polygon","coordinates":[[[-98.51992,29.56689],[-98.51992,29.56396],[-98.52061,29.56387],[-98.52282,29.56412],[-98.52552,29.56386],[-98.52647,29.56441],[-98.52652,29.56689],[-98.52626,29.56906],[-98.52535,29.57062],[-98.52513,29.57203],[-98.52818,29.5741],[-98.52952,29.57442],[-98.53374,29.57616],[-98.53775,29.58017],[-98.53766,29.58155],[-98.53799,29.58238],[-98.53391,29.5852],[-98.53057,29.5869],[-98.52973,29.58781],[-98.5293,29.58899],[-98.52704,29.58709],[-98.52977,29.58465],[-98.52781,29.58319],[-98.52948,29.58164],[-98.52329,29.57693],[-98.52352,29.57667],[-98.5167,29.57167],[-98.51847,29.56987],[-98.51935,29.5685],[-98.51992,29.56689]]]}},{"type":"Feature","properties":{"PRECINCT":"bexar:3086","COUNTY":"Bexar"},"geometry":{"type":"Polygon","coordinates":[[[-98.53184,29.57372],[-98.53933,29.56617],[-98.54403,29.57401],[-98.5459,29.57639],[-98.53856,29.58341],[-98.53766,29.58155],[-98.53775,29.58017],[-98.53389,29.57626],[-98.53441,29.57569],[-98.53184,29.57372]]]}},{"type":"Feature","properties":{"PRECINCT":"bexar:3107","COUNTY":"Bexar"},"geometry":{"type":"Polygon","coordinates":[[[-98.59439,29.51233],[-98.59856,29.50808],[-98.59991,29.50925],[-98.6052,29.504],[-98.60969,29.50777],[-98.6086,29.50886],[-98.60762,29.51057],[-98.60625,29.51003],[-98.60287,29.51415],[-98.60071,29.51247],[-98.59987,29.51223],[-98.59913,29.51245],[-98.59709,29.5144],[-98.59439,29.51233]]]}},{"type":"Feature","properties":{"PRECINCT":"bexar:3111","COUNTY":"Bexar"},"geometry":{"type":"Polygon","coordinates":[[[-98.5394,29.53748],[-98.53717,29.53287],[-98.53745,29.53269],[-98.53977,29.53711],[-98.5394,29.53748]]]}},{"type":"Feature","properties":{"PRECINCT":"bexar:3112","COUNTY":"Bexar"},"geometry":{"type":"Polygon","coordinates":[[[-98.55545,29.54773],[-98.55667,29.54756],[-98.55833,29.5459],[-98.55925,29.54608],[-98.55939,29.54561],[-98.56074,29.54427],[-98.57107,29.55211],[-98.56706,29.55566],[-98.5614,29.55319],[-98.55949,29.55212],[-98.55604,29.54896],[-98.55491,29.54831],[-98.55545,29.54773]]]}},{"type":"Feature","properties":{"PRECINCT":"bexar:3113","COUNTY":"Bexar"},"geometry":{"type":"Polygon","coordinates":[[[-98.57194,29.54311],[-98.5731,29.54271],[-98.57379,29.54157],[-98.57869,29.54466],[-98.57107,29.55211],[-98.56707,29.54902],[-98.56843,29.54811],[-98.56955,29.54643],[-98.57078,29.54541],[-98.57194,29.54311]]]}},{"type":"Feature","properties":{"PRECINCT":"bexar:3115","COUNTY":"Bexar"},"geometry":{"type":"Polygon","coordinates":[[[-98.54129,29.55125],[-98.54885,29.54414],[-98.55133,29.54674],[-98.55561,29.54866],[-98.55998,29.55244],[-98.56706,29.55566],[-98.5581,29.56439],[-98.54129,29.55125]]]}},{"type":"Feature","properties":{"PRECINCT":"bexar:3116","COUNTY":"Bexar"},"geometry":{"type":"Polygon","coordinates":[[[-98.5968,29.50385],[-98.59627,29.5039],[-98.59577,29.50326],[-98.59584,29.50207],[-98.59522,29.50205],[-98.59522,29.50151],[-98.59449,29.50085],[-98.59493,29.50006],[-98.59399,29.49972],[-98.59194,29.49949],[-98.5908,29.49839],[-98.59248,29.49745],[-98.59973,29.49021],[-98.6038,29.49337],[-98.60196,29.49509],[-98.60129,29.49466],[-98.60067,29.49527],[-98.60195,29.4963],[-98.59857,29.49966],[-98.60476,29.50435],[-98.59991,29.50925],[-98.59856,29.50808],[-98.59966,29.50684],[-98.59919,29.50547],[-98.59857,29.50482],[-98.5968,29.50385]]]}},{"type":"Feature","properties":{"PRECINCT":"bexar:3119","COUNTY":"Bexar"},"geometry":{"type":"Polygon","coordinates":[[[-98.51301,29.57911],[-98.51064,29.57856],[-98.50991,29.57813],[-98.50904,29.57795],[-98.50817,29.57685],[-98.50814,29.57627],[-98.50841,29.57586],[-98.50808,29.57577],[-98.50733,29.57485],[-98.50642,29.57478],[-98.50579,29.57438],[-98.50549,29.57369],[-98.50484,29.57307],[-98.50495,29.57231],[-98.50633,29.56973],[-98.50833,29.56936],[-98.50857,29.56821],[-98.50785,29.56614],[-98.50661,29.56564],[-98.50614,29.56472],[-98.50405,29.56298],[-98.50396,29.5596],[-98.50336,29.55861],[-98.50171,29.55731],[-98.4981,29.55699],[-98.50019,29.55481],[-98.5022,29.55561],[-98.50363,29.55672],[-98.50436,29.55671],[-98.51053,29.55383],[-98.51095,29.55334],[-98.51145,29.55501],[-98.5121,29.55514],[-98.51283,29.55577],[-98.51354,29.55598],[-98.51574,29.55906],[-98.51747,29.56372],[-98.51805,29.56396],[-98.51992,29.56396],[-98.51992,29.56689],[-98.51917,29.56884],[-98.51775,29.57066],[-98.51417,29.57414],[-98.51358,29.57527],[-98.51345,29.57707],[-98.51433,29.57916],[-98.51301,29.57911]]]}},{"type":"Feature","properties":{"PRECINCT":"bexar:3132","COUNTY":"Bexar"},"geometry":{"type":"Polygon","coordinates":[[[-98.51779,29.5639],[-98.51725,29.56333],[-98.51614,29.55984],[-98.51532,29.5584],[-98.51354,29.55598],[-98.51283,29.55577],[-98.5121,29.55514],[-98.51145,29.55501],[-98.51095,29.55334],[-98.51053,29.55383],[-98.50436,29.55671],[-98.50363,29.55672],[-98.5022,29.55561],[-98.50019,29.55481],[-98.5088,29.54639],[-98.51442,29.55404],[-98.51924,29.56211],[-98.51992,29.56396],[-98.51779,29.5639]]]}},{"type":"Feature","properties":{"PRECINCT":"bexar:3133","COUNTY":"Bexar"},"geometry":{"type":"Polygon","coordinates":[[[-98.52593,29.51688],[-98.52594,29.51499],[-98.52773,29.51617],[-98.52593,29.51688]]]}},{"type":"Feature","properties":{"PRECINCT":"bexar:3135","COUNTY":"Bexar"},"geometry":{"type":"Polygon","coordinates":[[[-98.55329,29.5477],[-98.55092,29.54642],[-98.54885,29.54414],[-98.55271,29.54044],[-98.55525,29.54226],[-98.55692,29.54317],[-98.55998,29.5439],[-98.56074,29.54427],[-98.55939,29.54561],[-98.55925,29.54608],[-98.55833,29.5459],[-98.55667,29.54756],[-98.55565,29.54764],[-98.55491,29.54831],[-98.55329,29.5477]]]}},{"type":"Feature","properties":{"PRECINCT":"bexar:3136","COUNTY":"Bexar"},"geometry":{"type":"Polygon","coordinates":[[[-98.53587,29.51953],[-98.53871,29.51538],[-98.54124,29.51644],[-98.54268,29.51672],[-98.54521,29.51858],[-98.53798,29.52571],[-98.53545,29.52119],[-98.53602,29.52094],[-98.53587,29.51953]]]}},{"type":"Feature","properties":{"PRECINCT":"bexar:3139","COUNTY":"Bexar"},"geometry":{"type":"Polygon","coordinates":[[[-98.62288,29.51246],[-98.62875,29.50679],[-98.63259,29.51259],[-98.63118,29.51501],[-98.62972,29.51929],[-98.62947,29.51958],[-98.61817,29.5196],[-98.61883,29.51875],[-98.61818,29.51838],[-98.62288,29.51246]]]}},{"type":"Feature","properties":{"PRECINCT":"bexar:3140","COUNTY":"Bexar"},"geometry":{"type":"Polygon","coordinates":[[[-98.57537,29.49775],[-98.5716,29.49494],[-98.57396,29.49267],[-98.57487,29.49236],[-98.57926,29.49214],[-98.57926,29.49485],[-98.57905,29.49559],[-98.57826,29.49557],[-98.57831,29.49641],[-98.57662,29.49651],[-98.57537,29.49775]]]}},{"type":"Feature","properties":{"PRECINCT":"bexar:3141","COUNTY":"Bexar"},"geometry":{"type":"Polygon","coordinates":[[[-98.59217,29.49626],[-98.58765,29.49616],[-98.58336,29.49286],[-98.58448,29.49175],[-98.58587,29.49261],[-98.58665,29.49269],[-98.58732,29.49247],[-98.58846,29.49118],[-98.59056,29.49025],[-98.59173,29.48862],[-98.5943,29.48605],[-98.59973,29.49021],[-98.59319,29.49675],[-98.59217,29.49626]]]}},{"type":"Feature","properties":{"PRECINCT":"bexar:3142","COUNTY":"Bexar"},"geometry":{"type":"Polygon","coordinates":[[[-98.58786,29.59216],[-98.59866,29.59132],[-98.59984,29.59868],[-98.60144,29.60384],[-98.60011,29.60416],[-98.59935,29.60279],[-98.59851,29.60192],[-98.59503,29.59912],[-98.58942,29.59581],[-98.5883,29.59442],[-98.58786,29.59216]]]}},{"type":"Feature","properties":{"PRECINCT":"bexar:3143","COUNTY":"Bexar"},"geometry":{"type":"Polygon","coordinates":[[[-98.61494,29.55222],[-98.61501,29.5614],[-98.61469,29.56284],[-98.60609,29.56302],[-98.60575,29.55871],[-98.60574,29.55438],[-98.61033,29.55431],[-98.61124,29.55392],[-98.6132,29.5524],[-98.61494,29.55222]]]}},{"type":"Feature","properties":{"PRECINCT":"bexar:3146","COUNTY":"Bexar"},"geometry":{"type":"Polygon","coordinates":[[[-98.57266,29.55325],[-98.57107,29.55211],[-98.58095,29.54255],[-98.58154,29.54366],[-98.58704,29.5436],[-98.58956,29.54482],[-98.61492,29.54465],[-98.61495,29.55104],[-98.60595,29.55105],[-98.60436,29.55127],[-98.60126,29.55223],[-98.59812,29.55229],[-98.59602,29.55375],[-98.59543,29.55389],[-98.58705,29.55377],[-98.58643,29.55253],[-98.58395,29.5526],[-98.58121,29.55336],[-98.57869,29.55272],[-98.57707,29.55314],[-98.57514,29.55331],[-98.57347,29.55434],[-98.57266,29.55325]]]}},{"type":"Feature","properties":{"PRECINCT":"bexar:3147","COUNTY":"Bexar"},"geometry":{"type":"Polygon","coordinates":[[[-98.59988,29.52374],[-98.60012,29.52349],[-98.60046,29.52367],[-98.6045,29.52301],[-98.60507,29.52268],[-98.6059,29.52278],[-98.60885,29.5223],[-98.61091,29.52306],[-98.61738,29.52304],[-98.61747,29.53749],[-98.61456,29.53838],[-98.61149,29.54064],[-98.60285,29.52956],[-98.59988,29.52374]]]}},{"type":"Feature","properties":{"PRECINCT":"bexar:3149","COUNTY":"Bexar"},"geometry":{"type":"Polygon","coordinates":[[[-98.59766,29.58464],[-98.59612,29.57942],[-98.59704,29.57921],[-98.60351,29.57917],[-98.604,29.57872],[-98.60551,29.57915],[-98.60994,29.57918],[-98.61205,29.57966],[-98.61589,29.57957],[-98.61778,29.57906],[-98.61951,29.57774],[-98.62049,29.57736],[-98.62498,29.5772],[-98.62507,29.57535],[-98.62602,29.57474],[-98.62796,29.57466],[-98.62837,29.57438],[-98.62846,29.57212],[-98.63151,29.57206],[-98.63193,29.57946],[-98.63228,29.58098],[-98.63147,29.5832],[-98.63155,29.58575],[-98.63114,29.58724],[-98.59859,29.59091],[-98.59766,29.58464]]]}},{"type":"Feature","properties":{"PRECINCT":"bexar:3152","COUNTY":"Bexar"},"geometry":{"type":"Polygon","coordinates":[[[-98.58704,29.5436],[-98.58154,29.54366],[-98.57743,29.53584],[-98.57663,29.53315],[-98.58179,29.53144],[-98.58225,29.53113],[-98.58253,29.53042],[-98.5822,29.52871],[-98.58246,29.52776],[-98.58639,29.52371],[-98.58658,29.5231],[-98.58652,29.52101],[-98.58746,29.52084],[-98.58853,29.52025],[-98.59072,29.52199],[-98.59112,29.52334],[-98.59081,29.5257],[-98.58938,29.52591],[-98.58822,29.52691],[-98.59302,29.53058],[-98.58903,29.53459],[-98.58984,29.53528],[-98.58997,29.54483],[-98.58912,29.54473],[-98.58704,29.5436]]]}},{"type":"Feature","properties":{"PRECINCT":"bexar:3161","COUNTY":"Bexar"},"geometry":{"type":"Polygon","coordinates":[[[-98.52067,29.55788],[-98.51861,29.55808],[-98.51716,29.55863],[-98.51442,29.55404],[-98.5088,29.54639],[-98.51114,29.54418],[-98.51222,29.54494],[-98.51426,29.5455],[-98.51642,29.54732],[-98.51799,29.54796],[-98.51894,29.54865],[-98.51897,29.54824],[-98.51952,29.54752],[-98.52378,29.54745],[-98.52383,29.5483],[-98.52426,29.54895],[-98.52696,29.54641],[-98.52944,29.54498],[-98.53513,29.55766],[-98.5341,29.55863],[-98.53287,29.55937],[-98.53168,29.55978],[-98.53009,29.55997],[-98.52888,29.55985],[-98.52067,29.55788]]]}},{"type":"Feature","properties":{"PRECINCT":"bexar:3166","COUNTY":"Bexar"},"geometry":{"type":"Polygon","coordinates":[[[-98.53008,29.5241],[-98.52837,29.5166],[-98.53217,29.51901],[-98.53308,29.51916],[-98.53513,29.51894],[-98.53545,29.52119],[-98.53875,29.52709],[-98.53979,29.52831],[-98.53936,29.5289],[-98.53828,29.52946],[-98.53693,29.53148],[-98.53745,29.53269],[-98.53717,29.53287],[-98.5364,29.53151],[-98.53108,29.52612],[-98.53008,29.5241]]]}},{"type":"Feature","properties":{"PRECINCT":"bexar:3167","COUNTY":"Bexar"},"geometry":{"type":"Polygon","coordinates":[[[-98.54674,29.5073],[-98.54478,29.50771],[-98.54395,29.50727],[-98.54701,29.50373],[-98.54806,29.5014],[-98.54877,29.50375],[-98.55034,29.50623],[-98.55156,29.50898],[-98.55223,29.51151],[-98.55121,29.51251],[-98.5486,29.51076],[-98.54894,29.5093],[-98.54674,29.5073]]]}},{"type":"Feature","properties":{"PRECINCT":"bexar:3171","COUNTY":"Bexar"},"geometry":{"type":"Polygon","coordinates":[[[-98.52768,29.5162],[-98.52837,29.5166],[-98.52865,29.51796],[-98.52713,29.51815],[-98.52592,29.51767],[-98.52593,29.51688],[-98.52768,29.5162]]]}},{"type":"Feature","properties":{"PRECINCT":"bexar:3172","COUNTY":"Bexar"},"geometry":{"type":"Polygon","coordinates":[[[-98.61492,29.54465],[-98.62773,29.54446],[-98.62711,29.54623],[-98.62766,29.5471],[-98.61728,29.5471],[-98.61728,29.55001],[-98.62016,29.55002],[-98.61994,29.5506],[-98.61916,29.55151],[-98.61806,29.55207],[-98.61494,29.55222],[-98.61492,29.54465]]]}},{"type":"Feature","properties":{"PRECINCT":"bexar:3175","COUNTY":"Bexar"},"geometry":{"type":"Polygon","coordinates":[[[-98.54648,29.5173],[-98.55245,29.51129],[-98.55589,29.52306],[-98.55524,29.5232],[-98.55591,29.52492],[-98.55561,29.5249],[-98.55551,29.52444],[-98.55085,29.52166],[-98.54977,29.52133],[-98.54741,29.51889],[-98.54648,29.5173]]]}},{"type":"Feature","properties":{"PRECINCT":"bexar:3179","COUNTY":"Bexar"},"geometry":{"type":"Polygon","coordinates":[[[-98.53495,29.55727],[-98.54135,29.55129],[-98.53513,29.55766],[-98.53495,29.55727]]]}},{"type":"Feature","properties":{"PRECINCT":"bexar:3182","COUNTY":"Bexar"},"geometry":{"type":"Polygon","coordinates":[[[-98.55071,29.52853],[-98.54196,29.52177],[-98.54648,29.5173],[-98.54741,29.51889],[-98.54977,29.52133],[-98.55085,29.52166],[-98.55551,29.52444],[-98.55561,29.5249],[-98.55591,29.52492],[-98.55629,29.52561],[-98.55508,29.52615],[-98.55435,29.52496],[-98.55071,29.52853]]]}},{"type":"Feature","properties":{"PRECINCT":"bexar:3195","COUNTY":"Bexar"},"geometry":{"type":"Polygon","coordinates":[[[-98.60994,29.57918],[-98.60551,29.57915],[-98.604,29.57872],[-98.60351,29.57917],[-98.59756,29.57916],[-98.59612,29.57942],[-98.5939,29.5725],[-98.62033,29.57235],[-98.62846,29.57212],[-98.62837,29.57438],[-98.62796,29.57466],[-98.62602,29.57474],[-98.62507,29.57535],[-98.62498,29.5772],[-98.62049,29.57736],[-98.61951,29.57774],[-98.61778,29.57906],[-98.61627,29.57954],[-98.61205,29.57966],[-98.60994,29.57918]]]}},{"type":"Feature","properties":{"PRECINCT":"bexar:3204","COUNTY":"Bexar"},"geometry":{"type":"Polygon","coordinates":[[[-98.47248,29.4549],[-98.47479,29.45143],[-98.47719,29.44464],[-98.48148,29.44549],[-98.48082,29.4465],[-98.48056,29.4477],[-98.47898,29.45058],[-98.47917,29.4517],[-98.47857,29.45211],[-98.47781,29.45191],[-98.47742,29.45225],[-98.47743,29.45354],[-98.47804,29.45419],[-98.47807,29.45476],[-98.4774,29.45482],[-98.47575,29.45615],[-98.47435,29.45593],[-98.47248,29.4549]]]}},{"type":"Feature","properties":{"PRECINCT":"bexar:3205","COUNTY":"Bexar"},"geometry":{"type":"Polygon","coordinates":[[[-98.47154,29.45434],[-98.47372,29.45137],[-98.47452,29.45186],[-98.47448,29.45203],[-98.47248,29.4549],[-98.47154,29.45434]]]}},{"type":"Feature","properties":{"PRECINCT":"bexar:3206","COUNTY":"Bexar"},"geometry":{"type":"Polygon","coordinates":[[[-98.47509,29.44739],[-98.4738,29.44717],[-98.4736,29.44632],[-98.4725,29.44644],[-98.4724,29.44584],[-98.4734,29.44583],[-98.4744,29.44483],[-98.47029,29.44473],[-98.47029,29.44316],[-98.47462,29.44316],[-98.47658,29.44353],[-98.47514,29.44756],[-98.47509,29.44739]]]}},{"type":"Feature","properties":{"PRECINCT":"bexar:3207","COUNTY":"Bexar"},"geometry":{"type":"Polygon","coordinates":[[[-98.46985,29.47023],[-98.46944,29.47024],[-98.46909,29.46993],[-98.46882,29.46904],[-98.46735,29.46826],[-98.46755,29.46752],[-98.46825,29.4669],[-98.46832,29.4653],[-98.46771,29.46367],[-98.46673,29.46348],[-98.46656,29.46316],[-98.47235,29.45482],[-98.47435,29.45593],[-98.47796,29.45674],[-98.48184,29.45682],[-98.48157,29.45894],[-98.48059,29.46058],[-98.47974,29.46126],[-98.47682,29.46269],[-98.47512,29.46378],[-98.47395,29.46531],[-98.47389,29.46635],[-98.47419,29.46752],[-98.47516,29.46905],[-98.47681,29.47095],[-98.47416,29.47351],[-98.47168,29.47196],[-98.46985,29.47023]]]}},{"type":"Feature","properties":{"PRECINCT":"bexar:3208","COUNTY":"Bexar"},"geometry":{"type":"Polygon","coordinates":[[[-98.47486,29.44827],[-98.47828,29.43881],[-98.47902,29.43896],[-98.47902,29.44064],[-98.47776,29.44475],[-98.47719,29.44464],[-98.47582,29.44854],[-98.47486,29.44827]]]}},{"type":"Feature","properties":{"PRECINCT":"bexar:4001","COUNTY":"Bexar"},"geometry":{"type":"Polygon","coordinates":[[[-98.47949,29.43855],[-98.47865,29.43782],[-98.47967,29.4381],[-98.48048,29.43587],[-98.47819,29.43421],[-98.4814,29.42941],[-98.48172,29.42795],[-98.48167,29.42493],[-98.48049,29.4204],[-98.48047,29.41421],[-98.48586,29.41781],[-98.48679,29.41824],[-98.48906,29.41844],[-98.49264,29.41792],[-98.49401,29.41846],[-98.49533,29.4195],[-98.4948,29.42048],[-98.49384,29.4239],[-98.49373,29.42691],[-98.49405,29.43344],[-98.49592,29.43577],[-98.49541,29.43601],[-98.49386,29.43613],[-98.48588,29.44081],[-98.48604,29.44494],[-98.48691,29.44743],[-98.4825,29.44568],[-98.47776,29.44475],[-98.47902,29.44064],[-98.47906,29.43904],[-98.47949,29.43855]]]}},{"type":"Feature","properties":{"PRECINCT":"bexar:4002","COUNTY":"Bexar"},"geometry":{"type":"Polygon","coordinates":[[[-98.47325,29.40342],[-98.47325,29.40939],[-98.47177,29.40939],[-98.47177,29.40874],[-98.46538,29.40871],[-98.46538,29.40915],[-98.46124,29.40916],[-98.46124,29.40249],[-98.47067,29.4025],[-98.47068,29.40283],[-98.47154,29.40283],[-98.47154,29.4025],[-98.47349,29.40251],[-98.47325,29.40342]]]}},{"type":"Feature","properties":{"PRECINCT":"bexar:4005","COUNTY":"Bexar"},"geometry":{"type":"Polygon","coordinates":[[[-98.46553,29.44237],[-98.46552,29.43891],[-98.46095,29.43891],[-98.46104,29.4294],[-98.46255,29.4294],[-98.46255,29.42897],[-98.46405,29.42896],[-98.46405,29.4294],[-98.46566,29.42938],[-98.46565,29.42896],[-98.47025,29.42895],[-98.47025,29.42758],[-98.46873,29.42758],[-98.46873,29.42686],[-98.46801,29.42686],[-98.46801,29.42506],[-98.47177,29.42507],[-98.47178,29.42757],[-98.47474,29.42757],[-98.47474,29.42633],[-98.47755,29.42632],[-98.4792,29.42636],[-98.4792,29.42693],[-98.48062,29.42693],[-98.48061,29.42762],[-98.48173,29.42764],[-98.4814,29.42941],[-98.47819,29.43421],[-98.47798,29.43406],[-98.47711,29.43615],[-98.47704,29.43751],[-98.47798,29.43963],[-98.47789,29.4399],[-98.47707,29.43922],[-98.47551,29.43867],[-98.47417,29.43848],[-98.47026,29.43855],[-98.47026,29.4389],[-98.46868,29.43889],[-98.46868,29.4403],[-98.4671,29.44031],[-98.4671,29.44093],[-98.46868,29.44094],[-98.46867,29.44158],[-98.46918,29.44156],[-98.46918,29.44236],[-98.46553,29.44237]]]}},{"type":"Feature","properties":{"PRECINCT":"bexar:4006","COUNTY":"Bexar"},"geometry":{"type":"Polygon","coordinates":[[[-98.47462,29.44316],[-98.46812,29.44315],[-98.46814,29.44237],[-98.46918,29.44236],[-98.46918,29.44156],[-98.46867,29.44158],[-98.46868,29.44094],[-98.4671,29.44093],[-98.4671,29.44031],[-98.46868,29.4403],[-98.46868,29.43889],[-98.47026,29.4389],[-98.47026,29.43855],[-98.47417,29.43848],[-98.47632,29.43889],[-98.47789,29.4399],[-98.47658,29.44353],[-98.47462,29.44316]]]}},{"type":"Feature","properties":{"PRECINCT":"bexar:4007","COUNTY":"Bexar"},"geometry":{"type":"Polygon","coordinates":[[[-98.42015,29.48458],[-98.42014,29.48124],[-98.41768,29.48122],[-98.41764,29.4784],[-98.41018,29.47824],[-98.41042,29.47585],[-98.41276,29.47118],[-98.4143,29.46939],[-98.41434,29.46609],[-98.40959,29.46607],[-98.40911,29.4658],[-98.40901,29.46532],[-98.41275,29.45792],[-98.41398,29.45642],[-98.42803,29.4564],[-98.43027,29.45498],[-98.434,29.45113],[-98.44113,29.44089],[-98.44461,29.43986],[-98.44661,29.43962],[-98.44659,29.44251],[-98.44499,29.44233],[-98.44625,29.44462],[-98.44871,29.4448],[-98.449,29.44502],[-98.45503,29.44493],[-98.45503,29.44158],[-98.46093,29.44158],[-98.46094,29.44318],[-98.47029,29.44316],[-98.47029,29.44473],[-98.4744,29.44483],[-98.4734,29.44583],[-98.4724,29.44584],[-98.4725,29.44644],[-98.4736,29.44632],[-98.4738,29.44717],[-98.46953,29.44717],[-98.46958,29.44934],[-98.4703,29.44937],[-98.47037,29.45072],[-98.4725,29.45063],[-98.47238,29.45169],[-98.467,29.45169],[-98.46697,29.45472],[-98.45656,29.45461],[-98.45587,29.45741],[-98.45606,29.45785],[-98.45566,29.45833],[-98.45519,29.46011],[-98.4546,29.46072],[-98.45367,29.46103],[-98.45342,29.46486],[-98.45412,29.46561],[-98.45419,29.46796],[-98.44958,29.46798],[-98.44855,29.46839],[-98.44719,29.4683],[-98.44729,29.46268],[-98.44376,29.46371],[-98.44195,29.46475],[-98.43998,29.46678],[-98.43289,29.47962],[-98.43037,29.48475],[-98.42053,29.48486],[-98.42015,29.48458]]]}},{"type":"Feature","properties":{"PRECINCT":"bexar:4008","COUNTY":"Bexar"},"geometry":{"type":"Polygon","coordinates":[[[-98.44719,29.46864],[-98.44719,29.4683],[-98.44855,29.46839],[-98.44958,29.46798],[-98.45419,29.46796],[-98.45412,29.46561],[-98.45342,29.46486],[-98.45367,29.46103],[-98.45496,29.46044],[-98.45513,29.46099],[-98.45567,29.46117],[-98.46674,29.4612],[-98.46685,29.46102],[-98.46775,29.46137],[-98.46656,29.46316],[-98.46673,29.46348],[-98.46771,29.46367],[-98.46831,29.46519],[-98.46825,29.4669],[-98.46755,29.46752],[-98.46733,29.46817],[-98.46755,29.46841],[-98.46363,29.4682],[-98.44986,29.4682],[-98.44861,29.46862],[-98.44719,29.46864]]]}},{"type":"Feature","properties":{"PRECINCT":"bexar:4009","COUNTY":"Bexar"},"geometry":{"type":"Polygon","coordinates":[[[-98.44625,29.44462],[-98.44499,29.44233],[-98.44659,29.44251],[-98.44661,29.43962],[-98.44367,29.44006],[-98.44113,29.44089],[-98.44177,29.43972],[-98.44203,29.43964],[-98.44419,29.43671],[-98.44662,29.43576],[-98.44772,29.43556],[-98.45401,29.43603],[-98.45453,29.43624],[-98.45719,29.43593],[-98.46096,29.43623],[-98.46093,29.44158],[-98.45503,29.44158],[-98.45503,29.44493],[-98.449,29.44502],[-98.44871,29.4448],[-98.44625,29.44462]]]}},{"type":"Feature","properties":{"PRECINCT":"bexar:4013","COUNTY":"Bexar"},"geometry":{"type":"Polygon","coordinates":[[[-98.47068,29.40283],[-98.47067,29.4025],[-98.46124,29.40249],[-98.46123,29.39628],[-98.47349,29.39628],[-98.47349,29.40251],[-98.47154,29.4025],[-98.47154,29.40283],[-98.47068,29.40283]]]}},{"type":"Feature","properties":{"PRECINCT":"bexar:4014","COUNTY":"Bexar"},"geometry":{"type":"Polygon","coordinates":[[[-98.47324,29.40677],[-98.47344,29.39939],[-98.47666,29.39616],[-98.47828,29.39511],[-98.48059,29.40023],[-98.481,29.40168],[-98.48096,29.40402],[-98.48028,29.4068],[-98.47324,29.40677]]]}},{"type":"Feature","properties":{"PRECINCT":"bexar:4015","COUNTY":"Bexar"},"geometry":{"type":"Polygon","coordinates":[[[-98.51474,29.45292],[-98.51371,29.45186],[-98.4993,29.45195],[-98.49934,29.44281],[-98.49897,29.44064],[-98.50076,29.44065],[-98.50305,29.44153],[-98.50396,29.44023],[-98.50458,29.43979],[-98.50462,29.43913],[-98.50521,29.43888],[-98.50714,29.43998],[-98.51163,29.44095],[-98.51174,29.44003],[-98.51311,29.44123],[-98.51486,29.44861],[-98.51545,29.44875],[-98.51573,29.4508],[-98.51559,29.45299],[-98.51474,29.45292]]]}},{"type":"Feature","properties":{"PRECINCT":"bexar:4016","COUNTY":"Bexar"},"geometry":{"type":"Polygon","coordinates":[[[-98.47344,29.39939],[-98.47349,29.39628],[-98.46123,29.39628],[-98.46122,29.39095],[-98.46225,29.39095],[-98.46223,29.38412],[-98.46977,29.38416],[-98.47444,29.38855],[-98.47639,29.39124],[-98.47828,29.39511],[-98.47666,29.39616],[-98.47344,29.39939]]]}},{"type":"Feature","properties":{"PRECINCT":"bexar:4017","COUNTY":"Bexar"},"geometry":{"type":"Polygon","coordinates":[[[-98.49181,29.45198],[-98.49181,29.45169],[-98.48394,29.45172],[-98.48401,29.45029],[-98.48374,29.44929],[-98.48257,29.44809],[-98.48066,29.44733],[-98.48082,29.4465],[-98.48148,29.44549],[-98.4825,29.44568],[-98.48691,29.44743],[-98.48604,29.44494],[-98.48588,29.44081],[-98.49386,29.43613],[-98.49541,29.43601],[-98.49592,29.43577],[-98.49818,29.43872],[-98.49896,29.44056],[-98.49934,29.44281],[-98.4993,29.45195],[-98.49181,29.45198]]]}},{"type":"Feature","properties":{"PRECINCT":"bexar:4018","COUNTY":"Bexar"},"geometry":{"type":"Polygon","coordinates":[[[-98.48825,29.41843],[-98.4888,29.41626],[-98.48951,29.41564],[-98.48717,29.40861],[-98.49187,29.40597],[-98.4924,29.40655],[-98.49402,29.40685],[-98.4946,29.40739],[-98.4944,29.40911],[-98.49536,29.41045],[-98.49617,29.41287],[-98.49523,29.41351],[-98.49493,29.41449],[-98.49403,29.41562],[-98.49357,29.4171],[-98.49283,29.41796],[-98.49213,29.4179],[-98.48877,29.41845],[-98.48825,29.41843]]]}},{"type":"Feature","properties":{"PRECINCT":"bexar:4021","COUNTY":"Bexar"},"geometry":{"type":"Polygon","coordinates":[[[-98.37924,29.54176],[-98.37923,29.53946],[-98.38716,29.53485],[-98.38917,29.53302],[-98.39078,29.53114],[-98.39241,29.52842],[-98.39458,29.52187],[-98.39562,29.52116],[-98.39661,29.52066],[-98.39648,29.52135],[-98.39708,29.52142],[-98.39852,29.52247],[-98.39995,29.52297],[-98.40035,29.5236],[-98.40038,29.5248],[-98.40181,29.52487],[-98.40174,29.52601],[-98.40399,29.52604],[-98.404,29.52522],[-98.40287,29.52523],[-98.40272,29.52377],[-98.40414,29.52208],[-98.40715,29.52208],[-98.40716,29.52365],[-98.411,29.52349],[-98.41105,29.53132],[-98.40234,29.53129],[-98.3963,29.53252],[-98.39449,29.53406],[-98.39031,29.5355],[-98.38929,29.53608],[-98.38697,29.53976],[-98.38628,29.54178],[-98.37924,29.54176]]]}},{"type":"Feature","properties":{"PRECINCT":"bexar:4022","COUNTY":"Bexar"},"geometry":{"type":"Polygon","coordinates":[[[-98.36694,29.54276],[-98.37913,29.53305],[-98.37921,29.53364],[-98.37923,29.53946],[-98.3735,29.54297],[-98.37127,29.54473],[-98.36924,29.54588],[-98.36786,29.54443],[-98.36694,29.54276]]]}},{"type":"Feature","properties":{"PRECINCT":"bexar:4026","COUNTY":"Bexar"},"geometry":{"type":"Polygon","coordinates":[[[-98.47348,29.38751],[-98.46977,29.38416],[-98.44833,29.38412],[-98.44823,29.36629],[-98.44901,29.36616],[-98.44998,29.36646],[-98.45508,29.36642],[-98.45508,29.36869],[-98.46076,29.36867],[-98.46137,29.37116],[-98.46124,29.37539],[-98.47504,29.37549],[-98.47549,29.37528],[-98.47947,29.38167],[-98.4778,29.38234],[-98.47834,29.38409],[-98.47348,29.38413],[-98.47348,29.38751]]]}},{"type":"Feature","properties":{"PRECINCT":"bexar:4027","COUNTY":"Bexar"},"geometry":{"type":"Polygon","coordinates":[[[-98.45239,29.39069],[-98.44832,29.39069],[-98.44833,29.38412],[-98.46223,29.38412],[-98.46225,29.39095],[-98.45333,29.3909],[-98.45239,29.39069]]]}},{"type":"Feature","properties":{"PRECINCT":"bexar:4028","COUNTY":"Bexar"},"geometry":{"type":"Polygon","coordinates":[[[-98.45237,29.40252],[-98.45237,29.40056],[-98.44839,29.40048],[-98.44832,29.39069],[-98.46122,29.39095],[-98.46124,29.40249],[-98.45237,29.40252]]]}},{"type":"Feature","properties":{"PRECINCT":"bexar:4029","COUNTY":"Bexar"},"geometry":{"type":"Polygon","coordinates":[[[-98.44309,29.41338],[-98.4431,29.40942],[-98.44361,29.4074],[-98.44447,29.40694],[-98.44667,29.40431],[-98.44844,29.40313],[-98.44842,29.40285],[-98.44992,29.40253],[-98.46124,29.40249],[-98.46124,29.41339],[-98.44309,29.41338]]]}},{"type":"Feature","properties":{"PRECINCT":"bexar:4035","COUNTY":"Bexar"},"geometry":{"type":"Polygon","coordinates":[[[-98.43091,29.48944],[-98.43315,29.4884],[-98.43361,29.48917],[-98.43136,29.49023],[-98.43091,29.48944]]]}},{"type":"Feature","properties":{"PRECINCT":"bexar:4044","COUNTY":"Bexar"},"geometry":{"type":"Polygon","coordinates":[[[-98.42045,29.49173],[-98.41907,29.48879],[-98.416,29.48373],[-98.41501,29.4835],[-98.41197,29.48056],[-98.41104,29.47993],[-98.41071,29.47939],[-98.41057,29.47826],[-98.41764,29.4784],[-98.41768,29.48122],[-98.42014,29.48124],[-98.42015,29.48458],[-98.42053,29.48486],[-98.43037,29.48475],[-98.43013,29.48588],[-98.43018,29.48764],[-98.43156,29.49055],[-98.42932,29.49161],[-98.42902,29.49211],[-98.42903,29.4927],[-98.42776,29.4933],[-98.42714,29.49224],[-98.42721,29.49192],[-98.42651,29.49162],[-98.42435,29.4958],[-98.42105,29.49644],[-98.42045,29.49173]]]}},{"type":"Feature","properties":{"PRECINCT":"bexar:4045","COUNTY":"Bexar"},"geometry":{"type":"Polygon","coordinates":[[[-98.41189,29.49482],[-98.40728,29.49484],[-98.40716,29.494],[-98.4026,29.49397],[-98.40331,29.49055],[-98.40225,29.49054],[-98.40357,29.48407],[-98.40326,29.48406],[-98.40393,29.48088],[-98.40409,29.47858],[-98.40404,29.46047],[-98.40714,29.45846],[-98.40751,29.45905],[-98.40755,29.4602],[-98.40782,29.46072],[-98.40834,29.46106],[-98.40933,29.46121],[-98.40937,29.46303],[-98.41011,29.46154],[-98.41078,29.4618],[-98.40901,29.46532],[-98.40918,29.46588],[-98.40959,29.46607],[-98.41434,29.46609],[-98.4143,29.46939],[-98.41276,29.47118],[-98.41042,29.47585],[-98.41018,29.47824],[-98.41057,29.47826],[-98.41071,29.47939],[-98.41104,29.47993],[-98.41197,29.48056],[-98.41501,29.4835],[-98.41589,29.48362],[-98.41721,29.48551],[-98.42039,29.49127],[-98.42105,29.49644],[-98.41233,29.49655],[-98.41189,29.49482]]]}},{"type":"Feature","properties":{"PRECINCT":"bexar:4047","COUNTY":"Bexar"},"geometry":{"type":"Polygon","coordinates":[[[-98.39645,29.51609],[-98.39768,29.51027],[-98.3972,29.51027],[-98.39989,29.49687],[-98.40002,29.49654],[-98.40207,29.49654],[-98.4026,29.49397],[-98.40716,29.494],[-98.40728,29.49484],[-98.41189,29.49482],[-98.41233,29.49655],[-98.42063,29.49654],[-98.42061,29.49957],[-98.42086,29.50057],[-98.40373,29.51312],[-98.39973,29.51854],[-98.39857,29.51949],[-98.39458,29.52187],[-98.39415,29.52345],[-98.39165,29.52346],[-98.3915,29.52338],[-98.39223,29.5227],[-98.3938,29.52226],[-98.39451,29.5216],[-98.39521,29.51912],[-98.39645,29.51609]]]}},{"type":"Feature","properties":{"PRECINCT":"bexar:4048","COUNTY":"Bexar"},"geometry":{"type":"Polygon","coordinates":[[[-98.4836,29.3941],[-98.48125,29.39415],[-98.47828,29.39511],[-98.47607,29.39073],[-98.47348,29.38751],[-98.47348,29.38413],[-98.47834,29.38409],[-98.4778,29.38234],[-98.47947,29.38167],[-98.48107,29.38422],[-98.48354,29.38322],[-98.48289,29.38175],[-98.48462,29.38085],[-98.48559,29.37933],[-98.4869,29.37963],[-98.48789,29.38043],[-98.48964,29.38041],[-98.48988,29.38126],[-98.4893,29.38409],[-98.49068,29.38844],[-98.49234,29.39196],[-98.49148,29.39411],[-98.49054,29.39473],[-98.49028,29.39534],[-98.4836,29.3941]]]}},{"type":"Feature","properties":{"PRECINCT":"bexar:4049","COUNTY":"Bexar"},"geometry":{"type":"Polygon","coordinates":[[[-98.36575,29.51207],[-98.3658,29.51142],[-98.36618,29.51119],[-98.36638,29.51153],[-98.36661,29.51145],[-98.36674,29.51073],[-98.36803,29.51091],[-98.36789,29.50981],[-98.36826,29.50983],[-98.3701,29.50852],[-98.3658,29.50336],[-98.3641,29.50287],[-98.36422,29.50258],[-98.36112,29.50196],[-98.36201,29.49847],[-98.36865,29.49976],[-98.37063,29.49956],[-98.37118,29.49933],[-98.37118,29.49552],[-98.36992,29.49552],[-98.36993,29.49318],[-98.37184,29.49368],[-98.37184,29.49506],[-98.37651,29.49508],[-98.37666,29.49456],[-98.37793,29.49424],[-98.37861,29.49372],[-98.37896,29.49379],[-98.37933,29.49451],[-98.37973,29.49475],[-98.3805,29.49429],[-98.38215,29.49422],[-98.38283,29.49311],[-98.38377,29.49402],[-98.38415,29.49509],[-98.38424,29.49708],[-98.38364,29.49824],[-98.38442,29.49824],[-98.38471,29.49885],[-98.38539,29.49867],[-98.38873,29.49866],[-98.38874,29.49904],[-98.38687,29.49903],[-98.38694,29.50043],[-98.38872,29.50037],[-98.38871,29.50343],[-98.38809,29.50483],[-98.38791,29.50595],[-98.3912,29.50593],[-98.39122,29.51022],[-98.37217,29.51031],[-98.36632,29.51205],[-98.36575,29.51207]]]}},{"type":"Feature","properties":{"PRECINCT":"bexar:4050","COUNTY":"Bexar"},"geometry":{"type":"Polygon","coordinates":[[[-98.38637,29.52302],[-98.38159,29.52301],[-98.38163,29.5175],[-98.38041,29.5159],[-98.38035,29.51028],[-98.39711,29.51027],[-98.39636,29.51401],[-98.39533,29.51741],[-98.39354,29.52056],[-98.39145,29.52281],[-98.39178,29.52295],[-98.3915,29.52338],[-98.39027,29.52431],[-98.38637,29.52302]]]}},{"type":"Feature","properties":{"PRECINCT":"bexar:4051","COUNTY":"Bexar"},"geometry":{"type":"Polygon","coordinates":[[[-98.36935,29.52704],[-98.36922,29.52195],[-98.36959,29.52027],[-98.36961,29.51714],[-98.37004,29.51627],[-98.37118,29.51532],[-98.37166,29.51459],[-98.37162,29.5104],[-98.38035,29.51028],[-98.38041,29.5159],[-98.38143,29.51705],[-98.38164,29.51766],[-98.38159,29.52301],[-98.38095,29.52291],[-98.38102,29.52542],[-98.36935,29.52704]]]}},{"type":"Feature","properties":{"PRECINCT":"bexar:4052","COUNTY":"Bexar"},"geometry":{"type":"Polygon","coordinates":[[[-98.35965,29.5357],[-98.36607,29.53073],[-98.36932,29.53063],[-98.36938,29.53034],[-98.36942,29.53116],[-98.36973,29.53149],[-98.37724,29.53152],[-98.37836,29.53198],[-98.37913,29.53305],[-98.36694,29.54276],[-98.35965,29.5357]]]}},{"type":"Feature","properties":{"PRECINCT":"bexar:4053","COUNTY":"Bexar"},"geometry":{"type":"Polygon","coordinates":[[[-98.3457,29.52491],[-98.34483,29.5225],[-98.34662,29.52174],[-98.36198,29.52154],[-98.36367,29.52092],[-98.36485,29.52485],[-98.36924,29.52255],[-98.36932,29.53063],[-98.36607,29.53073],[-98.35965,29.5357],[-98.35582,29.53204],[-98.35279,29.53035],[-98.34863,29.5275],[-98.34645,29.52586],[-98.3457,29.52491]]]}},{"type":"Feature","properties":{"PRECINCT":"bexar:4054","COUNTY":"Bexar"},"geometry":{"type":"Polygon","coordinates":[[[-98.34535,29.55081],[-98.33714,29.53863],[-98.35294,29.53045],[-98.35582,29.53204],[-98.36109,29.53716],[-98.35931,29.53835],[-98.35888,29.53843],[-98.35899,29.53859],[-98.35522,29.54099],[-98.3565,29.54206],[-98.35625,29.54414],[-98.35497,29.54333],[-98.35466,29.54335],[-98.35436,29.54372],[-98.35448,29.54419],[-98.35533,29.54514],[-98.35703,29.54583],[-98.35642,29.5472],[-98.35709,29.54783],[-98.35663,29.54819],[-98.3575,29.54901],[-98.35702,29.54941],[-98.35762,29.55001],[-98.35656,29.55078],[-98.35622,29.54913],[-98.35539,29.54949],[-98.35467,29.54944],[-98.35452,29.55109],[-98.35514,29.55166],[-98.34822,29.55444],[-98.34818,29.5549],[-98.34629,29.55249],[-98.3461,29.55193],[-98.34626,29.55131],[-98.34535,29.55081]]]}},{"type":"Feature","properties":{"PRECINCT":"bexar:4059","COUNTY":"Bexar"},"geometry":{"type":"Polygon","coordinates":[[[-98.33583,29.53752],[-98.33167,29.53635],[-98.32961,29.53759],[-98.32872,29.53714],[-98.33077,29.53547],[-98.32678,29.53047],[-98.32369,29.5276],[-98.32481,29.52696],[-98.32441,29.52587],[-98.32665,29.52441],[-98.32512,29.5226],[-98.32425,29.52106],[-98.32511,29.52046],[-98.32515,29.52018],[-98.32127,29.5156],[-98.32395,29.51427],[-98.32739,29.51315],[-98.33152,29.51794],[-98.33245,29.5184],[-98.33589,29.51936],[-98.33475,29.52331],[-98.33375,29.52407],[-98.33388,29.52468],[-98.33715,29.52949],[-98.34233,29.53598],[-98.33714,29.53863],[-98.33583,29.53752]]]}},{"type":"Feature","properties":{"PRECINCT":"bexar:4060","COUNTY":"Bexar"},"geometry":{"type":"Polygon","coordinates":[[[-98.34914,29.52163],[-98.34917,29.51953],[-98.34603,29.51958],[-98.34576,29.51853],[-98.34584,29.51702],[-98.33355,29.51394],[-98.33311,29.51315],[-98.33379,29.51094],[-98.33693,29.50908],[-98.33952,29.50619],[-98.34153,29.50743],[-98.34234,29.50852],[-98.34176,29.50912],[-98.34096,29.51168],[-98.34607,29.5129],[-98.34704,29.5097],[-98.35113,29.51062],[-98.35699,29.51094],[-98.35642,29.51645],[-98.35545,29.51842],[-98.35523,29.51959],[-98.35465,29.52046],[-98.35455,29.52159],[-98.34914,29.52163]]]}},{"type":"Feature","properties":{"PRECINCT":"bexar:4061","COUNTY":"Bexar"},"geometry":{"type":"Polygon","coordinates":[[[-98.34096,29.51168],[-98.34176,29.50912],[-98.34234,29.50852],[-98.34153,29.50743],[-98.33952,29.50619],[-98.34328,29.50155],[-98.34725,29.49865],[-98.35934,29.50177],[-98.35815,29.50436],[-98.35699,29.51094],[-98.35113,29.51062],[-98.34704,29.5097],[-98.34607,29.5129],[-98.34096,29.51168]]]}},{"type":"Feature","properties":{"PRECINCT":"bexar:4063","COUNTY":"Bexar"},"geometry":{"type":"Polygon","coordinates":[[[-98.3995,29.49667],[-98.39277,29.49672],[-98.39276,29.49453],[-98.39004,29.49455],[-98.38671,29.49419],[-98.38624,29.49279],[-98.38621,29.48914],[-98.38304,29.48913],[-98.38325,29.48686],[-98.38274,29.4856],[-98.38177,29.48413],[-98.39176,29.48408],[-98.39179,29.48294],[-98.39333,29.48298],[-98.393,29.48407],[-98.39728,29.48408],[-98.3974,29.48302],[-98.3981,29.48245],[-98.40361,29.48241],[-98.40326,29.48406],[-98.40357,29.48407],[-98.40225,29.49054],[-98.40331,29.49055],[-98.40207,29.49654],[-98.40002,29.49654],[-98.39983,29.49701],[-98.3995,29.49667]]]}},{"type":"Feature","properties":{"PRECINCT":"bexar:4066","COUNTY":"Bexar"},"geometry":{"type":"Polygon","coordinates":[[[-98.34722,29.48543],[-98.34732,29.48274],[-98.34845,29.47952],[-98.34849,29.47873],[-98.34802,29.47784],[-98.34644,29.47648],[-98.34586,29.47542],[-98.34564,29.4744],[-98.34607,29.47274],[-98.34736,29.47151],[-98.34698,29.4711],[-98.34568,29.47114],[-98.34528,29.47093],[-98.34433,29.46794],[-98.34596,29.46752],[-98.34576,29.46704],[-98.34753,29.46645],[-98.3594,29.46306],[-98.35944,29.47725],[-98.35966,29.47847],[-98.35867,29.47882],[-98.35753,29.47987],[-98.35863,29.48123],[-98.35258,29.48435],[-98.3512,29.48483],[-98.34722,29.48543]]]}},{"type":"Feature","properties":{"PRECINCT":"bexar:4067","COUNTY":"Bexar"},"geometry":{"type":"Polygon","coordinates":[[[-98.30956,29.52148],[-98.309,29.51997],[-98.30803,29.51985],[-98.30837,29.51394],[-98.30829,29.50944],[-98.30604,29.50625],[-98.3047,29.50681],[-98.30433,29.5063],[-98.30303,29.50598],[-98.30362,29.50414],[-98.30351,29.50336],[-98.30401,29.50179],[-98.30298,29.50153],[-98.30334,29.50005],[-98.3062,29.50076],[-98.30572,29.50221],[-98.30637,29.50221],[-98.30669,29.50194],[-98.30704,29.50093],[-98.3088,29.50137],[-98.30946,29.49932],[-98.30878,29.49859],[-98.30838,29.49879],[-98.30739,29.49852],[-98.30651,29.49777],[-98.30545,29.49816],[-98.30479,29.49747],[-98.30645,29.49631],[-98.30623,29.49565],[-98.30472,29.49547],[-98.3059,29.49189],[-98.30675,29.49089],[-98.30221,29.48975],[-98.30297,29.4875],[-98.29886,29.48648],[-98.29926,29.48525],[-98.31067,29.4881],[-98.31021,29.49025],[-98.31117,29.4928],[-98.31109,29.49414],[-98.31774,29.49853],[-98.31926,29.49888],[-98.3144,29.50163],[-98.31396,29.50157],[-98.31017,29.50346],[-98.31041,29.50451],[-98.31087,29.50524],[-98.3105,29.50575],[-98.311,29.50639],[-98.31234,29.50565],[-98.31316,29.50604],[-98.31328,29.50639],[-98.31288,29.50706],[-98.31359,29.50779],[-98.31369,29.50832],[-98.31278,29.50891],[-98.31359,29.50974],[-98.31679,29.51068],[-98.31831,29.51247],[-98.31979,29.51285],[-98.32147,29.51286],[-98.32243,29.51439],[-98.31797,29.51591],[-98.31614,29.51689],[-98.31392,29.51876],[-98.3118,29.52135],[-98.31138,29.52118],[-98.31028,29.52206],[-98.31004,29.52205],[-98.30956,29.52148]]]}},{"type":"Feature","properties":{"PRECINCT":"bexar:4075","COUNTY":"Bexar"},"geometry":{"type":"Polygon","coordinates":[[[-98.47324,29.40677],[-98.47921,29.40677],[-98.47919,29.41353],[-98.48047,29.41421],[-98.48049,29.4204],[-98.48086,29.42221],[-98.47325,29.42048],[-98.47324,29.40677]]]}},{"type":"Feature","properties":{"PRECINCT":"bexar:4076","COUNTY":"Bexar"},"geometry":{"type":"Polygon","coordinates":[[[-98.3594,29.50158],[-98.35936,29.50017],[-98.35882,29.50005],[-98.35547,29.49582],[-98.35412,29.49657],[-98.35387,29.49499],[-98.35466,29.49445],[-98.35422,29.49395],[-98.37792,29.47796],[-98.37907,29.4793],[-98.3788,29.48041],[-98.37901,29.48106],[-98.38024,29.4817],[-98.38122,29.48263],[-98.38178,29.48436],[-98.38274,29.4856],[-98.38325,29.48686],[-98.3832,29.48865],[-98.38294,29.48939],[-98.38298,29.49254],[-98.38232,29.49408],[-98.3805,29.49429],[-98.37973,29.49475],[-98.37933,29.49451],[-98.37896,29.49379],[-98.37861,29.49372],[-98.37793,29.49424],[-98.37666,29.49456],[-98.37651,29.49508],[-98.37184,29.49506],[-98.37184,29.49368],[-98.36993,29.49318],[-98.36992,29.49552],[-98.37118,29.49552],[-98.37118,29.49933],[-98.37063,29.49956],[-98.36865,29.49976],[-98.36201,29.49847],[-98.36112,29.50196],[-98.3594,29.50158]]]}},{"type":"Feature","properties":{"PRECINCT":"bexar:4088","COUNTY":"Bexar"},"geometry":{"type":"Polygon","coordinates":[[[-98.32119,29.50226],[-98.32201,29.49956],[-98.32294,29.49959],[-98.32314,29.49912],[-98.32545,29.49967],[-98.32611,29.49704],[-98.32552,29.49594],[-98.32758,29.49507],[-98.34294,29.48698],[-98.34544,29.48607],[-98.3456,29.4864],[-98.34523,29.48693],[-98.34393,29.48686],[-98.34287,29.48746],[-98.34316,29.48797],[-98.34358,29.48807],[-98.34437,29.4889],[-98.34406,29.48959],[-98.34334,29.48995],[-98.34317,29.49084],[-98.34437,29.49128],[-98.34543,29.49217],[-98.34525,29.49235],[-98.34439,29.49237],[-98.3445,29.49275],[-98.34418,29.49368],[-98.34455,29.4942],[-98.34538,29.49464],[-98.34776,29.49423],[-98.34801,29.49384],[-98.34802,29.49268],[-98.3487,29.49238],[-98.35085,29.49277],[-98.35129,29.49311],[-98.35146,29.49395],[-98.34485,29.49838],[-98.34231,29.50033],[-98.33831,29.50476],[-98.33615,29.5077],[-98.33303,29.50967],[-98.32832,29.51133],[-98.32866,29.50831],[-98.33008,29.50698],[-98.33082,29.5045],[-98.32119,29.50226]]]}},{"type":"Feature","properties":{"PRECINCT":"bexar:4090","COUNTY":"Bexar"},"geometry":{"type":"Polygon","coordinates":[[[-98.33475,29.52331],[-98.33589,29.51936],[-98.34358,29.52138],[-98.345,29.52276],[-98.3457,29.52491],[-98.34623,29.52565],[-98.35294,29.53045],[-98.35284,29.53059],[-98.34233,29.53598],[-98.33715,29.52949],[-98.33388,29.52468],[-98.33375,29.52407],[-98.33475,29.52331]]]}},{"type":"Feature","properties":{"PRECINCT":"bexar:4091","COUNTY":"Bexar"},"geometry":{"type":"Polygon","coordinates":[[[-98.43361,29.48917],[-98.43315,29.4884],[-98.43091,29.48944],[-98.43018,29.48764],[-98.43016,29.48731],[-98.4312,29.4873],[-98.43119,29.48562],[-98.43268,29.48561],[-98.43267,29.48469],[-98.44219,29.48465],[-98.44215,29.48979],[-98.43358,29.49381],[-98.43136,29.49023],[-98.43361,29.48917]]]}},{"type":"Feature","properties":{"PRECINCT":"bexar:4092","COUNTY":"Bexar"},"geometry":{"type":"Polygon","coordinates":[[[-98.34319,29.52119],[-98.33245,29.5184],[-98.33152,29.51794],[-98.32742,29.51321],[-98.33379,29.51094],[-98.33311,29.51315],[-98.33355,29.51394],[-98.34584,29.51702],[-98.34576,29.51853],[-98.34603,29.51958],[-98.34917,29.51953],[-98.34936,29.5204],[-98.34914,29.52163],[-98.34662,29.52174],[-98.34483,29.5225],[-98.34429,29.52188],[-98.34319,29.52119]]]}},{"type":"Feature","properties":{"PRECINCT":"bexar:4093","COUNTY":"Bexar"},"geometry":{"type":"Polygon","coordinates":[[[-98.35543,29.55225],[-98.35886,29.55125],[-98.35686,29.55209],[-98.35981,29.55109],[-98.36481,29.54839],[-98.36766,29.55206],[-98.36912,29.5513],[-98.37045,29.55091],[-98.37265,29.55209],[-98.37397,29.55041],[-98.3742,29.54914],[-98.37445,29.54916],[-98.37571,29.54972],[-98.37677,29.55104],[-98.37762,29.55166],[-98.37747,29.5521],[-98.37975,29.55553],[-98.36544,29.56744],[-98.35543,29.55225]]]}},{"type":"Feature","properties":{"PRECINCT":"bexar:4094","COUNTY":"Bexar"},"geometry":{"type":"Polygon","coordinates":[[[-98.38205,29.55957],[-98.38222,29.5588],[-98.38162,29.55873],[-98.37747,29.5521],[-98.37762,29.55166],[-98.37677,29.55104],[-98.37603,29.55001],[-98.37485,29.54927],[-98.37246,29.54909],[-98.3715,29.54868],[-98.36924,29.54588],[-98.37127,29.54473],[-98.3735,29.54297],[-98.37923,29.53946],[-98.37924,29.54176],[-98.38628,29.54178],[-98.38377,29.54876],[-98.38536,29.5488],[-98.38536,29.5493],[-98.38604,29.54931],[-98.38602,29.55051],[-98.38517,29.55294],[-98.38619,29.55313],[-98.38599,29.55478],[-98.39185,29.55478],[-98.39197,29.55647],[-98.39302,29.55773],[-98.39381,29.55949],[-98.39473,29.56039],[-98.38481,29.56837],[-98.38357,29.56632],[-98.3826,29.56011],[-98.38205,29.55957]]]}},{"type":"Feature","properties":{"PRECINCT":"bexar:4095","COUNTY":"Bexar"},"geometry":{"type":"Polygon","coordinates":[[[-98.39197,29.55647],[-98.39185,29.55478],[-98.38599,29.55478],[-98.38619,29.55313],[-98.38517,29.55294],[-98.38604,29.55032],[-98.38604,29.54931],[-98.38536,29.5493],[-98.38536,29.5488],[-98.39011,29.54885],[-98.39182,29.5479],[-98.39308,29.54795],[-98.39432,29.54658],[-98.39586,29.54765],[-98.39721,29.54779],[-98.39839,29.54864],[-98.39863,29.5484],[-98.39929,29.5489],[-98.39977,29.54842],[-98.40044,29.54893],[-98.39987,29.54948],[-98.40159,29.55079],[-98.39956,29.55281],[-98.40188,29.55465],[-98.39473,29.56039],[-98.39364,29.55923],[-98.39302,29.55773],[-98.39197,29.55647]]]}},{"type":"Feature","properties":{"PRECINCT":"bexar:4096","COUNTY":"Bexar"},"geometry":{"type":"Polygon","coordinates":[[[-98.39637,29.54164],[-98.38628,29.54178],[-98.38749,29.53882],[-98.38929,29.53608],[-98.38978,29.53572],[-98.39449,29.53406],[-98.3963,29.53252],[-98.40234,29.53129],[-98.41132,29.53131],[-98.41254,29.53156],[-98.41614,29.53339],[-98.4193,29.53683],[-98.42245,29.53953],[-98.41758,29.54433],[-98.41107,29.54838],[-98.40812,29.5504],[-98.40789,29.55077],[-98.40644,29.54984],[-98.40533,29.54869],[-98.39637,29.54164]]]}},{"type":"Feature","properties":{"PRECINCT":"bexar:4098","COUNTY":"Bexar"},"geometry":{"type":"Polygon","coordinates":[[[-98.35643,29.56988],[-98.36323,29.56855],[-98.36544,29.56744],[-98.36651,29.56904],[-98.36681,29.569],[-98.36752,29.57053],[-98.37256,29.57815],[-98.36541,29.58327],[-98.35643,29.56988]]]}},{"type":"Feature","properties":{"PRECINCT":"bexar:4099","COUNTY":"Bexar"},"geometry":{"type":"Polygon","coordinates":[[[-98.40044,29.54893],[-98.39977,29.54842],[-98.39929,29.5489],[-98.39863,29.5484],[-98.39839,29.54864],[-98.39721,29.54779],[-98.39586,29.54765],[-98.39432,29.54658],[-98.39308,29.54795],[-98.39182,29.5479],[-98.39011,29.54885],[-98.38377,29.54876],[-98.38628,29.54178],[-98.39635,29.54161],[-98.40737,29.55052],[-98.40639,29.55154],[-98.40188,29.55465],[-98.39956,29.55281],[-98.40159,29.55079],[-98.39987,29.54948],[-98.40044,29.54893]]]}},{"type":"Feature","properties":{"PRECINCT":"bexar:4102","COUNTY":"Bexar"},"geometry":{"type":"Polygon","coordinates":[[[-98.41107,29.51607],[-98.40939,29.50912],[-98.42118,29.50036],[-98.42031,29.50203],[-98.41849,29.5034],[-98.41702,29.50503],[-98.41618,29.50546],[-98.41531,29.50652],[-98.41591,29.50762],[-98.416,29.50834],[-98.41518,29.50991],[-98.41537,29.51028],[-98.41625,29.51027],[-98.41604,29.51132],[-98.4172,29.51523],[-98.41772,29.51608],[-98.41107,29.51607]]]}},{"type":"Feature","properties":{"PRECINCT":"bexar:4104","COUNTY":"Bexar"},"geometry":{"type":"Polygon","coordinates":[[[-98.35195,29.59173],[-98.34479,29.58122],[-98.34448,29.58259],[-98.34365,29.5841],[-98.34183,29.58572],[-98.33851,29.58064],[-98.34462,29.57747],[-98.34518,29.57673],[-98.34556,29.57491],[-98.34632,29.57335],[-98.34806,29.57174],[-98.34987,29.57099],[-98.35643,29.56988],[-98.36541,29.58327],[-98.35709,29.58905],[-98.35195,29.59173]]]}},{"type":"Feature","properties":{"PRECINCT":"bexar:4106","COUNTY":"Bexar"},"geometry":{"type":"Polygon","coordinates":[[[-98.38149,29.48309],[-98.38062,29.482],[-98.37901,29.48106],[-98.3788,29.48041],[-98.37907,29.4793],[-98.37824,29.47848],[-98.37789,29.47775],[-98.41194,29.45486],[-98.41299,29.4555],[-98.41381,29.45563],[-98.41324,29.45643],[-98.41002,29.45652],[-98.40404,29.46047],[-98.4041,29.4782],[-98.40361,29.48241],[-98.3981,29.48245],[-98.3974,29.48302],[-98.39728,29.48408],[-98.393,29.48407],[-98.39333,29.48298],[-98.39179,29.48294],[-98.39176,29.48408],[-98.38177,29.48413],[-98.38149,29.48309]]]}},{"type":"Feature","properties":{"PRECINCT":"bexar:4107","COUNTY":"Bexar"},"geometry":{"type":"Polygon","coordinates":[[[-98.36485,29.52485],[-98.36367,29.52092],[-98.36281,29.5213],[-98.3628,29.51636],[-98.36425,29.51642],[-98.36453,29.512],[-98.36632,29.51205],[-98.37162,29.5104],[-98.37166,29.51459],[-98.36965,29.51693],[-98.36961,29.52007],[-98.36924,29.52255],[-98.36485,29.52485]]]}},{"type":"Feature","properties":{"PRECINCT":"bexar:4108","COUNTY":"Bexar"},"geometry":{"type":"Polygon","coordinates":[[[-98.36686,29.56909],[-98.36651,29.56904],[-98.36544,29.56744],[-98.37975,29.55553],[-98.38162,29.55873],[-98.38222,29.5588],[-98.38205,29.55957],[-98.3826,29.56011],[-98.38352,29.56613],[-98.38481,29.56837],[-98.37256,29.57815],[-98.36752,29.57053],[-98.36686,29.56909]]]}},{"type":"Feature","properties":{"PRECINCT":"bexar:4110","COUNTY":"Bexar"},"geometry":{"type":"Polygon","coordinates":[[[-98.45567,29.46117],[-98.45513,29.46099],[-98.45496,29.46044],[-98.45566,29.45833],[-98.45606,29.45785],[-98.45587,29.45741],[-98.45634,29.45548],[-98.45654,29.45521],[-98.45801,29.4552],[-98.45801,29.45459],[-98.46804,29.45472],[-98.47028,29.45607],[-98.47154,29.45434],[-98.47235,29.45482],[-98.46997,29.45803],[-98.46895,29.45792],[-98.46674,29.4612],[-98.465,29.46119],[-98.46501,29.46036],[-98.4609,29.46035],[-98.46089,29.46115],[-98.45567,29.46117]]]}},{"type":"Feature","properties":{"PRECINCT":"bexar:4112","COUNTY":"Bexar"},"geometry":{"type":"Polygon","coordinates":[[[-98.43761,29.47113],[-98.43998,29.46678],[-98.44138,29.46522],[-98.44413,29.46355],[-98.44729,29.46268],[-98.44719,29.46864],[-98.44457,29.46869],[-98.44278,29.47008],[-98.44045,29.46997],[-98.43761,29.47113]]]}},{"type":"Feature","properties":{"PRECINCT":"bexar:4114","COUNTY":"Bexar"},"geometry":{"type":"Polygon","coordinates":[[[-98.31017,29.50346],[-98.31396,29.50157],[-98.3144,29.50163],[-98.31926,29.49888],[-98.31774,29.49853],[-98.3168,29.49789],[-98.31694,29.49772],[-98.31724,29.4979],[-98.31898,29.49696],[-98.31847,29.49669],[-98.31956,29.4954],[-98.32076,29.49615],[-98.32333,29.49372],[-98.32428,29.49547],[-98.32509,29.49515],[-98.32611,29.49704],[-98.32545,29.49967],[-98.32314,29.49912],[-98.32294,29.49959],[-98.32201,29.49956],[-98.32119,29.50226],[-98.31667,29.50121],[-98.31643,29.50186],[-98.31491,29.50149],[-98.31195,29.5044],[-98.31217,29.50456],[-98.31136,29.50541],[-98.31192,29.50581],[-98.31087,29.50635],[-98.3105,29.50575],[-98.31087,29.50524],[-98.31041,29.50451],[-98.31017,29.50346]]]}},{"type":"Feature","properties":{"PRECINCT":"bexar:4115","COUNTY":"Bexar"},"geometry":{"type":"Polygon","coordinates":[[[-98.35448,29.54419],[-98.35436,29.54372],[-98.35473,29.54333],[-98.35625,29.54414],[-98.35638,29.54371],[-98.3565,29.54206],[-98.35522,29.54099],[-98.35899,29.53859],[-98.35888,29.53843],[-98.35931,29.53835],[-98.36109,29.53716],[-98.36694,29.54276],[-98.35658,29.55093],[-98.35762,29.55001],[-98.35702,29.54941],[-98.3575,29.54901],[-98.35663,29.54819],[-98.35709,29.54783],[-98.35642,29.5472],[-98.35703,29.54583],[-98.35533,29.54514],[-98.35448,29.54419]]]}},{"type":"Feature","properties":{"PRECINCT":"bexar:4119","COUNTY":"Bexar"},"geometry":{"type":"Polygon","coordinates":[[[-98.47028,29.45607],[-98.46804,29.45472],[-98.46697,29.45472],[-98.467,29.45169],[-98.47347,29.4517],[-98.47028,29.45607]]]}},{"type":"Feature","properties":{"PRECINCT":"bexar:4120","COUNTY":"Bexar"},"geometry":{"type":"Polygon","coordinates":[[[-98.42435,29.4958],[-98.42651,29.49162],[-98.42721,29.49192],[-98.42714,29.49224],[-98.42776,29.4933],[-98.42903,29.4927],[-98.4305,29.49524],[-98.42536,29.49773],[-98.42086,29.50057],[-98.42061,29.49957],[-98.42063,29.49654],[-98.42435,29.4958]]]}},{"type":"Feature","properties":{"PRECINCT":"bexar:4122","COUNTY":"Bexar"},"geometry":{"type":"Polygon","coordinates":[[[-98.46958,29.44934],[-98.46953,29.44717],[-98.47228,29.44715],[-98.47229,29.44827],[-98.47023,29.44828],[-98.47022,29.44935],[-98.46958,29.44934]]]}},{"type":"Feature","properties":{"PRECINCT":"bexar:4123","COUNTY":"Bexar"},"geometry":{"type":"Polygon","coordinates":[[[-98.46094,29.44318],[-98.46095,29.43891],[-98.46552,29.43891],[-98.46553,29.44237],[-98.46814,29.44237],[-98.46812,29.44315],[-98.46094,29.44318]]]}},{"type":"Feature","properties":{"PRECINCT":"bexar:4125","COUNTY":"Bexar"},"geometry":{"type":"Polygon","coordinates":[[[-98.43037,29.48475],[-98.43267,29.48469],[-98.43268,29.48561],[-98.43119,29.48562],[-98.4312,29.4873],[-98.43016,29.48731],[-98.43037,29.48475]]]}},{"type":"Feature","properties":{"PRECINCT":"bexar:4128","COUNTY":"Bexar"},"geometry":{"type":"Polygon","coordinates":[[[-98.47229,29.44827],[-98.47228,29.44715],[-98.47504,29.44725],[-98.47514,29.44756],[-98.47449,29.44937],[-98.47022,29.44935],[-98.47023,29.44828],[-98.47229,29.44827]]]}},{"type":"Feature","properties":{"PRECINCT":"bexar:4131","COUNTY":"Bexar"},"geometry":{"type":"Polygon","coordinates":[[[-98.38129,29.53045],[-98.38095,29.52291],[-98.38637,29.52302],[-98.39027,29.52431],[-98.38254,29.53036],[-98.38232,29.5301],[-98.38129,29.53045]]]}},{"type":"Feature","properties":{"PRECINCT":"bexar:4134","COUNTY":"Bexar"},"geometry":{"type":"Polygon","coordinates":[[[-98.37906,29.53134],[-98.38052,29.53132],[-98.38131,29.53133],[-98.37913,29.53305],[-98.37884,29.53245],[-98.3791,29.53221],[-98.37906,29.53134]]]}},{"type":"Feature","properties":{"PRECINCT":"bexar:4135","COUNTY":"Bexar"},"geometry":{"type":"Polygon","coordinates":[[[-98.40937,29.46303],[-98.40933,29.46121],[-98.40834,29.46106],[-98.40782,29.46072],[-98.40755,29.4602],[-98.40751,29.45905],[-98.40714,29.45846],[-98.41002,29.45652],[-98.41398,29.45642],[-98.41275,29.45792],[-98.41078,29.4618],[-98.41011,29.46154],[-98.40937,29.46303]]]}},{"type":"Feature","properties":{"PRECINCT":"bexar:4138","COUNTY":"Bexar"},"geometry":{"type":"Polygon","coordinates":[[[-98.35514,29.55166],[-98.35713,29.55057],[-98.35877,29.54928],[-98.35893,29.54944],[-98.35567,29.55196],[-98.35535,29.55204],[-98.35514,29.55166]]]}},{"type":"Feature","properties":{"PRECINCT":"bexar:4140","COUNTY":"Bexar"},"geometry":{"type":"Polygon","coordinates":[[[-98.34822,29.55444],[-98.35514,29.55166],[-98.35535,29.55204],[-98.35567,29.55196],[-98.35543,29.55225],[-98.35204,29.5534],[-98.3484,29.55523],[-98.34818,29.5549],[-98.34822,29.55444]]]}},{"type":"Feature","properties":{"PRECINCT":"bexar:4142","COUNTY":"Bexar"},"geometry":{"type":"Polygon","coordinates":[[[-98.38427,29.49674],[-98.38401,29.49453],[-98.38357,29.49372],[-98.38283,29.49311],[-98.38306,29.49116],[-98.38294,29.48939],[-98.38304,29.48913],[-98.38621,29.48914],[-98.38624,29.49279],[-98.38671,29.49419],[-98.39004,29.49455],[-98.39276,29.49453],[-98.39277,29.4967],[-98.38427,29.49674]]]}},{"type":"Feature","properties":{"PRECINCT":"bexar:4146","COUNTY":"Bexar"},"geometry":{"type":"Polygon","coordinates":[[[-98.37484,29.47849],[-98.37481,29.47669],[-98.3742,29.47669],[-98.37418,29.47514],[-98.37367,29.4752],[-98.37359,29.47484],[-98.37609,29.4738],[-98.37879,29.47309],[-98.38122,29.47103],[-98.38108,29.47528],[-98.37791,29.47742],[-98.37785,29.47768],[-98.3753,29.47921],[-98.37484,29.47849]]]}},{"type":"Feature","properties":{"PRECINCT":"bexar:4148","COUNTY":"Bexar"},"geometry":{"type":"Polygon","coordinates":[[[-98.35543,29.55225],[-98.36694,29.54276],[-98.36786,29.54443],[-98.37133,29.54856],[-98.37246,29.54909],[-98.3742,29.54914],[-98.37403,29.5503],[-98.37265,29.55209],[-98.37045,29.55091],[-98.36912,29.5513],[-98.36766,29.55206],[-98.36481,29.54839],[-98.35981,29.55109],[-98.35686,29.55209],[-98.35886,29.55125],[-98.35543,29.55225]]]}},{"type":"Feature","properties":{"PRECINCT":"bexar:4149","COUNTY":"Bexar"},"geometry":{"type":"Polygon","coordinates":[[[-98.37913,29.53305],[-98.3915,29.52338],[-98.39396,29.52346],[-98.39241,29.52842],[-98.39128,29.53049],[-98.38917,29.53302],[-98.38716,29.53485],[-98.37923,29.53946],[-98.37913,29.53305]]]}},{"type":"Feature","properties":{"PRECINCT":"bexar:4152","COUNTY":"Bexar"},"geometry":{"type":"Polygon","coordinates":[[[-98.35642,29.51645],[-98.35679,29.51201],[-98.35815,29.50436],[-98.3594,29.50158],[-98.36422,29.50258],[-98.3641,29.50287],[-98.3658,29.50336],[-98.3701,29.50852],[-98.36826,29.50983],[-98.36789,29.50981],[-98.36803,29.51091],[-98.36674,29.51073],[-98.36661,29.51145],[-98.36638,29.51153],[-98.36618,29.51119],[-98.3658,29.51142],[-98.36575,29.51207],[-98.36453,29.512],[-98.36425,29.51642],[-98.3628,29.51636],[-98.36281,29.5213],[-98.36169,29.52155],[-98.35455,29.52159],[-98.35465,29.52046],[-98.35523,29.51959],[-98.35545,29.51842],[-98.35642,29.51645]]]}},{"type":"Feature","properties":{"PRECINCT":"bexar:4154","COUNTY":"Bexar"},"geometry":{"type":"Polygon","coordinates":[[[-98.38791,29.50595],[-98.38871,29.50343],[-98.38872,29.50037],[-98.38694,29.50043],[-98.38687,29.49903],[-98.38874,29.49904],[-98.38886,29.4983],[-98.39288,29.4983],[-98.39287,29.49789],[-98.39329,29.49785],[-98.39332,29.49951],[-98.39542,29.49951],[-98.39544,29.5031],[-98.39519,29.5031],[-98.39519,29.50546],[-98.39102,29.5055],[-98.39104,29.50595],[-98.38791,29.50595]]]}},{"type":"Feature","properties":{"PRECINCT":"bexar:4155","COUNTY":"Bexar"},"geometry":{"type":"Polygon","coordinates":[[[-98.4993,29.45195],[-98.5079,29.45192],[-98.50786,29.46643],[-98.49929,29.46648],[-98.4993,29.45195]]]}},{"type":"Feature","properties":{"PRECINCT":"bexar:4156","COUNTY":"Bexar"},"geometry":{"type":"Polygon","coordinates":[[[-98.35198,29.49387],[-98.35153,29.49418],[-98.35129,29.49311],[-98.35085,29.49277],[-98.34891,29.49235],[-98.34802,29.49268],[-98.34801,29.49384],[-98.34776,29.49423],[-98.34538,29.49464],[-98.34464,29.49429],[-98.34418,29.49368],[-98.3445,29.49275],[-98.34439,29.49237],[-98.34525,29.49235],[-98.34543,29.49217],[-98.34437,29.49128],[-98.34314,29.49078],[-98.34334,29.48995],[-98.34406,29.48959],[-98.34437,29.4889],[-98.34358,29.48807],[-98.34307,29.48788],[-98.34299,29.48728],[-98.34415,29.48683],[-98.34523,29.48693],[-98.3456,29.4864],[-98.34544,29.48607],[-98.34724,29.48573],[-98.34722,29.48543],[-98.34952,29.48522],[-98.35231,29.48446],[-98.35863,29.48123],[-98.35753,29.47987],[-98.35867,29.47882],[-98.35966,29.47847],[-98.36529,29.47832],[-98.37013,29.47623],[-98.37299,29.47546],[-98.37309,29.47511],[-98.37359,29.47484],[-98.37367,29.4752],[-98.37418,29.47514],[-98.3742,29.47669],[-98.37481,29.47669],[-98.37484,29.47849],[-98.3753,29.47921],[-98.3778,29.47756],[-98.37785,29.47806],[-98.352,29.49544],[-98.35192,29.49529],[-98.35294,29.49462],[-98.3522,29.49432],[-98.35198,29.49387]]]}},{"type":"Feature","properties":{"PRECINCT":"bexar:4157","COUNTY":"Bexar"},"geometry":{"type":"Polygon","coordinates":[[[-98.50786,29.46643],[-98.5079,29.45192],[-98.51371,29.45186],[-98.51474,29.45292],[-98.51559,29.45299],[-98.5156,29.45582],[-98.51591,29.45803],[-98.51545,29.45882],[-98.51552,29.46644],[-98.50786,29.46643]]]}},{"type":"Feature","properties":{"PRECINCT":"bexar:4161","COUNTY":"Bexar"},"geometry":{"type":"Polygon","coordinates":[[[-98.35944,29.47725],[-98.35942,29.47241],[-98.36396,29.47256],[-98.36578,29.47372],[-98.36552,29.4743],[-98.36552,29.47565],[-98.36508,29.47599],[-98.36518,29.47612],[-98.36573,29.47657],[-98.36726,29.47588],[-98.36786,29.47717],[-98.36529,29.47832],[-98.35966,29.47847],[-98.35944,29.47725]]]}},{"type":"Feature","properties":{"PRECINCT":"bexar:4162","COUNTY":"Bexar"},"geometry":{"type":"Polygon","coordinates":[[[-98.32063,29.53246],[-98.31907,29.5325],[-98.31848,29.53193],[-98.31695,29.53167],[-98.31639,29.53087],[-98.31557,29.53109],[-98.31477,29.53183],[-98.31363,29.53164],[-98.31393,29.53132],[-98.31336,29.53043],[-98.31475,29.52742],[-98.31606,29.5262],[-98.31878,29.52501],[-98.31626,29.52212],[-98.31551,29.52308],[-98.31331,29.5215],[-98.31237,29.52302],[-98.31212,29.52232],[-98.31242,29.52163],[-98.3118,29.52135],[-98.31392,29.51876],[-98.31614,29.51689],[-98.31797,29.51591],[-98.32243,29.51439],[-98.32282,29.51477],[-98.32127,29.5156],[-98.32515,29.52018],[-98.32511,29.52046],[-98.32425,29.52106],[-98.32512,29.5226],[-98.32665,29.52441],[-98.32441,29.52587],[-98.32481,29.52696],[-98.32369,29.5276],[-98.32678,29.53047],[-98.33077,29.53547],[-98.32872,29.53714],[-98.32584,29.53566],[-98.32389,29.53309],[-98.32063,29.53246]]]}},{"type":"Feature","properties":{"PRECINCT":"bexar:4163","COUNTY":"Bexar"},"geometry":{"type":"Polygon","coordinates":[[[-98.32236,29.51428],[-98.32372,29.51047],[-98.32401,29.50999],[-98.32447,29.51001],[-98.32544,29.50674],[-98.31754,29.50482],[-98.31818,29.50914],[-98.3137,29.50805],[-98.31288,29.50706],[-98.31328,29.50639],[-98.31301,29.50587],[-98.31248,29.50565],[-98.31192,29.50581],[-98.31136,29.50541],[-98.31291,29.5033],[-98.31491,29.50149],[-98.31643,29.50186],[-98.31667,29.50121],[-98.33082,29.5045],[-98.33008,29.50698],[-98.32866,29.50831],[-98.32832,29.51133],[-98.32997,29.51077],[-98.33056,29.51206],[-98.32282,29.51477],[-98.32236,29.51428]]]}},{"type":"Feature","properties":{"PRECINCT":"bexar:4166","COUNTY":"Bexar"},"geometry":{"type":"Polygon","coordinates":[[[-98.35934,29.50177],[-98.34725,29.49865],[-98.34744,29.49852],[-98.34722,29.49844],[-98.35422,29.49395],[-98.35466,29.49445],[-98.35387,29.49499],[-98.35412,29.49657],[-98.35547,29.49582],[-98.35882,29.50005],[-98.35936,29.50017],[-98.3594,29.50158],[-98.35934,29.50177]]]}},{"type":"Feature","properties":{"PRECINCT":"bexar:4168","COUNTY":"Bexar"},"geometry":{"type":"Polygon","coordinates":[[[-98.31724,29.4979],[-98.31694,29.49772],[-98.3168,29.49789],[-98.31401,29.49598],[-98.31205,29.49415],[-98.31192,29.49345],[-98.31156,29.493],[-98.31193,29.49193],[-98.31093,29.49169],[-98.31039,29.48993],[-98.31215,29.49022],[-98.31266,29.48969],[-98.31434,29.48872],[-98.3196,29.49034],[-98.32028,29.49076],[-98.32113,29.48988],[-98.32224,29.49017],[-98.32525,29.49011],[-98.32725,29.49094],[-98.33009,29.49153],[-98.33144,29.49308],[-98.32552,29.49594],[-98.32509,29.49515],[-98.32428,29.49547],[-98.32333,29.49372],[-98.32076,29.49615],[-98.31956,29.4954],[-98.31847,29.49669],[-98.31898,29.49696],[-98.31724,29.4979]]]}},{"type":"Feature","properties":{"PRECINCT":"bexar:4175","COUNTY":"Bexar"},"geometry":{"type":"Polygon","coordinates":[[[-98.39623,29.51453],[-98.39711,29.51027],[-98.39768,29.51027],[-98.39645,29.51609],[-98.39521,29.51912],[-98.39451,29.5216],[-98.3938,29.52226],[-98.39223,29.5227],[-98.3915,29.52338],[-98.39178,29.52295],[-98.39145,29.52281],[-98.39354,29.52056],[-98.39515,29.51781],[-98.39623,29.51453]]]}},{"type":"Feature","properties":{"PRECINCT":"bexar:4178","COUNTY":"Bexar"},"geometry":{"type":"Polygon","coordinates":[[[-98.46685,29.46102],[-98.46895,29.45792],[-98.46997,29.45803],[-98.46775,29.46137],[-98.46757,29.46134],[-98.46685,29.46102]]]}},{"type":"Feature","properties":{"PRECINCT":"bexar:4181","COUNTY":"Bexar"},"geometry":{"type":"Polygon","coordinates":[[[-98.40314,29.51369],[-98.40939,29.50912],[-98.41107,29.51607],[-98.40595,29.51605],[-98.4035,29.51625],[-98.40117,29.5173],[-98.39973,29.51854],[-98.40314,29.51369]]]}},{"type":"Feature","properties":{"PRECINCT":"bexar:4182","COUNTY":"Bexar"},"geometry":{"type":"Polygon","coordinates":[[[-98.38361,29.47343],[-98.40404,29.45973],[-98.40404,29.46008],[-98.37789,29.47775],[-98.37791,29.47742],[-98.38108,29.47528],[-98.3812,29.47452],[-98.38361,29.47343]]]}},{"type":"Feature","properties":{"PRECINCT":"bexar:4183","COUNTY":"Bexar"},"geometry":{"type":"Polygon","coordinates":[[[-98.4609,29.46035],[-98.46501,29.46036],[-98.465,29.46119],[-98.46089,29.46115],[-98.4609,29.46035]]]}},{"type":"Feature","properties":{"PRECINCT":"bexar:4184","COUNTY":"Bexar"},"geometry":{"type":"Polygon","coordinates":[[[-98.45663,29.45458],[-98.45801,29.45459],[-98.45801,29.4552],[-98.45654,29.45521],[-98.45663,29.45458]]]}},{"type":"Feature","properties":{"PRECINCT":"bexar:4185","COUNTY":"Bexar"},"geometry":{"type":"Polygon","coordinates":[[[-98.35459,29.54955],[-98.35539,29.54949],[-98.35609,29.54904],[-98.35634,29.54935],[-98.35655,29.55074],[-98.3551,29.55158],[-98.35452,29.55109],[-98.35459,29.54955]]]}},{"type":"Feature","properties":{"PRECINCT":"bexar:4186","COUNTY":"Bexar"},"geometry":{"type":"Polygon","coordinates":[[[-98.47238,29.45169],[-98.4725,29.45063],[-98.47037,29.45072],[-98.4703,29.44937],[-98.47449,29.44937],[-98.47347,29.4517],[-98.47238,29.45169]]]}},{"type":"Feature","properties":{"PRECINCT":"bexar:4192","COUNTY":"Bexar"},"geometry":{"type":"Polygon","coordinates":[[[-98.38471,29.49885],[-98.38442,29.49824],[-98.38364,29.49824],[-98.38433,29.49667],[-98.39277,29.4967],[-98.39279,29.49807],[-98.39257,29.49825],[-98.38872,29.49825],[-98.38873,29.49866],[-98.38539,29.49867],[-98.38471,29.49885]]]}},{"type":"Feature","properties":{"PRECINCT":"bexar:4195","COUNTY":"Bexar"},"geometry":{"type":"Polygon","coordinates":[[[-98.39122,29.51022],[-98.3912,29.50593],[-98.39104,29.50595],[-98.39102,29.5055],[-98.39519,29.50546],[-98.39519,29.5031],[-98.39544,29.5031],[-98.39542,29.49951],[-98.39332,29.49951],[-98.39329,29.49785],[-98.39287,29.49789],[-98.39288,29.4983],[-98.38886,29.4983],[-98.38881,29.49866],[-98.38872,29.49825],[-98.39264,29.49823],[-98.39278,29.49671],[-98.3995,29.49667],[-98.39983,29.49701],[-98.39989,29.49687],[-98.39989,29.49716],[-98.3972,29.51027],[-98.39122,29.51022]]]}},{"type":"Feature","properties":{"PRECINCT":"bexar:4196","COUNTY":"Bexar"},"geometry":{"type":"Polygon","coordinates":[[[-98.32157,29.51292],[-98.31979,29.51285],[-98.31831,29.51247],[-98.31679,29.51068],[-98.31359,29.50974],[-98.3128,29.50902],[-98.31281,29.50882],[-98.31353,29.50854],[-98.3137,29.50805],[-98.31818,29.50914],[-98.31754,29.50482],[-98.32544,29.50674],[-98.32447,29.51001],[-98.32401,29.50999],[-98.32372,29.51047],[-98.32236,29.51428],[-98.32157,29.51292]]]}},{"type":"Feature","properties":{"PRECINCT":"bexar:4197","COUNTY":"Bexar"},"geometry":{"type":"Polygon","coordinates":[[[-98.31401,29.49598],[-98.31109,29.49414],[-98.31117,29.4928],[-98.3102,29.48992],[-98.31039,29.48993],[-98.31093,29.49169],[-98.31193,29.49193],[-98.31156,29.493],[-98.31192,29.49345],[-98.31205,29.49415],[-98.31401,29.49598]]]}},{"type":"Feature","properties":{"PRECINCT":"bexar:4199","COUNTY":"Bexar"},"geometry":{"type":"Polygon","coordinates":[[[-98.35302,29.55302],[-98.35543,29.55225],[-98.36544,29.56744],[-98.3641,29.56821],[-98.3625,29.56876],[-98.35643,29.56988],[-98.35276,29.56439],[-98.35169,29.56074],[-98.3484,29.55523],[-98.35302,29.55302]]]}},{"type":"Feature","properties":{"PRECINCT":"bexar:4203","COUNTY":"Bexar"},"geometry":{"type":"Polygon","coordinates":[[[-98.47798,29.43963],[-98.47704,29.43751],[-98.47698,29.43674],[-98.47798,29.43406],[-98.48048,29.43587],[-98.47967,29.4381],[-98.47865,29.43782],[-98.47949,29.43855],[-98.47906,29.43904],[-98.47828,29.43881],[-98.47798,29.43963]]]}},{"type":"Feature","properties":{"PRECINCT":"bexar:4205","COUNTY":"Bexar"},"geometry":{"type":"Polygon","coordinates":[[[-98.40174,29.52601],[-98.40181,29.52487],[-98.40038,29.5248],[-98.40035,29.5236],[-98.40005,29.52305],[-98.39852,29.52247],[-98.39721,29.52148],[-98.39648,29.52135],[-98.39661,29.52066],[-98.39857,29.51949],[-98.40117,29.5173],[-98.40297,29.51639],[-98.40435,29.51611],[-98.41107,29.51607],[-98.411,29.52349],[-98.40716,29.52365],[-98.40715,29.52208],[-98.40414,29.52208],[-98.40272,29.52377],[-98.40287,29.52523],[-98.404,29.52522],[-98.40399,29.52604],[-98.40174,29.52601]]]}},{"type":"Feature","properties":{"PRECINCT":"bexar:4206","COUNTY":"Bexar"},"geometry":{"type":"Polygon","coordinates":[[[-98.37695,29.53148],[-98.36964,29.53145],[-98.36938,29.53079],[-98.36935,29.52704],[-98.38099,29.52543],[-98.38129,29.53045],[-98.38232,29.5301],[-98.38254,29.53036],[-98.38131,29.53133],[-98.37906,29.53134],[-98.3791,29.53221],[-98.37884,29.53245],[-98.378,29.53175],[-98.37695,29.53148]]]}},{"type":"Feature","properties":{"PRECINCT":"bexar:4211","COUNTY":"Bexar"},"geometry":{"type":"Polygon","coordinates":[[[-98.47372,29.45137],[-98.47486,29.44827],[-98.47582,29.44854],[-98.47452,29.45186],[-98.47372,29.45137]]]}},{"type":"Feature","properties":{"PRECINCT":"bexar:4213","COUNTY":"Bexar"},"geometry":{"type":"Polygon","coordinates":[[[-98.33056,29.51206],[-98.32997,29.51077],[-98.32966,29.51087],[-98.33355,29.50943],[-98.33615,29.5077],[-98.33831,29.50476],[-98.34116,29.50146],[-98.34485,29.49838],[-98.35146,29.49395],[-98.35163,29.4942],[-98.35198,29.49387],[-98.3522,29.49432],[-98.35294,29.49462],[-98.34722,29.49844],[-98.34744,29.49852],[-98.34352,29.50132],[-98.33822,29.50783],[-98.33635,29.50953],[-98.33399,29.51086],[-98.33056,29.51206]]]}}]}