{"type":"FeatureCollection","features":[{"type":"Feature","properties":{"PRECINCT":"101","VTD":"0101"},"geometry":{"type":"Polygon","coordinates":[[[-96.470776,32.122599],[-96.470353,32.1203],[-96.470535,32.111683],[-96.470338,32.110311],[-96.469678,32.108814],[-96.465842,32.103132],[-96.467052,32.102761],[-96.467275,32.101627],[-96.468792,32.100866],[-96.470324,32.10109],[-96.46728,32.096612],[-96.468277,32.096093],[-96.468954,32.096998],[-96.472145,32.095422],[-96.472689,32.096235],[-96.476331,32.094414],[-96.476984,32.095377],[-96.480348,32.093742],[-96.483361,32.098337],[-96.486404,32.096781],[-96.486998,32.097642],[-96.485416,32.098457],[-96.484971,32.099186],[-96.485073,32.099929],[-96.485544,32.100645],[-96.484041,32.101636],[-96.482079,32.10255],[-96.481106,32.102477],[-96.478874,32.101457],[-96.476842,32.101872],[-96.476897,32.102455],[-96.477585,32.103482],[-96.476981,32.103541],[-96.473517,32.105221],[-96.473613,32.105766],[-96.473764,32.106209],[-96.485865,32.110963],[-96.484639,32.111792],[-96.4847,32.113563],[-96.481319,32.11531],[-96.481815,32.116155],[-96.482091,32.119269],[-96.48061,32.120222],[-96.481636,32.120901],[-96.483036,32.121273],[-96.489277,32.120977],[-96.489326,32.122513],[-96.488253,32.122587],[-96.488432,32.123547],[-96.488056,32.123842],[-96.488694,32.124811],[-96.488076,32.125116],[-96.48762,32.124427],[-96.485742,32.125377],[-96.485121,32.124884],[-96.484775,32.125032],[-96.484488,32.124381],[-96.482484,32.122793],[-96.472696,32.127489],[-96.470776,32.122599]]]}},{"type":"Feature","properties":{"PRECINCT":"103","VTD":"0103"},"geometry":{"type":"Polygon","coordinates":[[[-96.479389,32.165143],[-96.477316,32.165279],[-96.476344,32.165066],[-96.474983,32.16511],[-96.471998,32.164339],[-96.470167,32.164251],[-96.468618,32.163784],[-96.467018,32.163837],[-96.462154,32.162954],[-96.461284,32.163007],[-96.45964,32.162627],[-96.458576,32.16261],[-96.457161,32.162323],[-96.456512,32.161979],[-96.45538,32.162233],[-96.445481,32.160974],[-96.441785,32.159793],[-96.439327,32.159633],[-96.437962,32.158481],[-96.437245,32.157355],[-96.435506,32.15695],[-96.43302,32.157137],[-96.432795,32.156233],[-96.431986,32.15534],[-96.431044,32.155006],[-96.430418,32.154077],[-96.430334,32.153686],[-96.430701,32.15312],[-96.430407,32.152316],[-96.429986,32.152063],[-96.429349,32.152217],[-96.429124,32.15204],[-96.429102,32.150444],[-96.42785,32.148823],[-96.427448,32.148707],[-96.426079,32.149124],[-96.424972,32.148623],[-96.42472,32.148066],[-96.424369,32.147877],[-96.424549,32.14659],[-96.42438,32.142946],[-96.426664,32.138218],[-96.428225,32.130611],[-96.429209,32.128766],[-96.432539,32.125495],[-96.436097,32.123373],[-96.43987,32.121511],[-96.441252,32.120559],[-96.44272,32.11913],[-96.444344,32.116754],[-96.446203,32.115302],[-96.453848,32.111294],[-96.457609,32.10764],[-96.458216,32.108378],[-96.461655,32.106755],[-96.465115,32.131179],[-96.482484,32.122793],[-96.484488,32.124381],[-96.484775,32.125032],[-96.485121,32.124884],[-96.485742,32.125377],[-96.48762,32.124427],[-96.488076,32.125116],[-96.488694,32.124811],[-96.488056,32.123842],[-96.488432,32.123547],[-96.488253,32.122587],[-96.489326,32.122513],[-96.489277,32.120977],[-96.483036,32.121273],[-96.481636,32.120901],[-96.48061,32.120222],[-96.482091,32.119269],[-96.481815,32.116155],[-96.481319,32.11531],[-96.4847,32.113563],[-96.484639,32.111792],[-96.485865,32.110963],[-96.473764,32.106209],[-96.473517,32.105221],[-96.476981,32.103541],[-96.477585,32.103482],[-96.477466,32.103312],[-96.478104,32.103032],[-96.478615,32.103188],[-96.481606,32.107619],[-96.481779,32.107911],[-96.481427,32.108584],[-96.494611,32.113779],[-96.494469,32.114333],[-96.512103,32.121305],[-96.523245,32.124135],[-96.524976,32.124826],[-96.526393,32.125908],[-96.532471,32.133429],[-96.542596,32.139919],[-96.529936,32.145972],[-96.534472,32.148666],[-96.534044,32.148938],[-96.517138,32.1571],[-96.515869,32.155564],[-96.515591,32.155493],[-96.508724,32.158858],[-96.507923,32.158977],[-96.50356,32.161429],[-96.487352,32.169125],[-96.485695,32.16796],[-96.482681,32.16677],[-96.479389,32.165143]]]}},{"type":"Feature","properties":{"PRECINCT":"104","VTD":"0104"},"geometry":{"type":"Polygon","coordinates":[[[-96.544431,32.139083],[-96.542596,32.139919],[-96.532814,32.133715],[-96.531862,32.132872],[-96.526393,32.125908],[-96.524976,32.124826],[-96.523245,32.124135],[-96.51281,32.121536],[-96.504328,32.118237],[-96.504791,32.118366],[-96.505476,32.118015],[-96.496755,32.110696],[-96.493221,32.105129],[-96.494492,32.10441],[-96.495275,32.105571],[-96.496888,32.104784],[-96.498396,32.102694],[-96.499699,32.101476],[-96.503692,32.094306],[-96.511841,32.090291],[-96.511755,32.090165],[-96.51538,32.088509],[-96.516594,32.090289],[-96.518731,32.089319],[-96.518267,32.088636],[-96.525798,32.089854],[-96.533602,32.086113],[-96.529203,32.079828],[-96.527569,32.080658],[-96.523543,32.074935],[-96.517621,32.077744],[-96.511836,32.068748],[-96.529833,32.059727],[-96.530795,32.061183],[-96.532365,32.060601],[-96.53276,32.060908],[-96.533066,32.060383],[-96.534343,32.059594],[-96.531397,32.055531],[-96.53461,32.053494],[-96.533028,32.051381],[-96.541918,32.041584],[-96.571285,32.024478],[-96.590815,32.012009],[-96.590863,32.013157],[-96.591733,32.013733],[-96.592337,32.013831],[-96.592398,32.01459],[-96.593635,32.018056],[-96.594121,32.018659],[-96.593992,32.019688],[-96.594343,32.021293],[-96.595058,32.021096],[-96.595747,32.02142],[-96.595766,32.022056],[-96.596439,32.02272],[-96.597189,32.022882],[-96.597497,32.023507],[-96.59766,32.024486],[-96.596353,32.025909],[-96.597134,32.026121],[-96.597725,32.02697],[-96.59925,32.027533],[-96.599395,32.028112],[-96.599957,32.028391],[-96.599417,32.028962],[-96.599472,32.029217],[-96.601266,32.029722],[-96.602732,32.030932],[-96.602647,32.031864],[-96.602903,32.032417],[-96.602419,32.034148],[-96.600552,32.034694],[-96.587654,32.044787],[-96.567194,32.054983],[-96.570909,32.060581],[-96.571282,32.060648],[-96.572642,32.059959],[-96.572954,32.060059],[-96.599959,32.098936],[-96.601423,32.101191],[-96.601837,32.102382],[-96.607589,32.110929],[-96.578922,32.124934],[-96.563536,32.132224],[-96.56001,32.133561],[-96.545823,32.140407],[-96.545431,32.140485],[-96.544431,32.139083]]]}},{"type":"Feature","properties":{"PRECINCT":"105","VTD":"0105"},"geometry":{"type":"Polygon","coordinates":[[[-96.665221,32.138481],[-96.662661,32.134576],[-96.658588,32.132298],[-96.658173,32.131631],[-96.657872,32.130285],[-96.657267,32.129469],[-96.642675,32.121623],[-96.635332,32.111255],[-96.63503,32.110776],[-96.635197,32.110697],[-96.622443,32.105311],[-96.608657,32.112166],[-96.608384,32.112136],[-96.601837,32.102382],[-96.601423,32.101191],[-96.599959,32.098936],[-96.572954,32.060059],[-96.572642,32.059959],[-96.571282,32.060648],[-96.570909,32.060581],[-96.567194,32.054983],[-96.587654,32.044787],[-96.600552,32.034694],[-96.602419,32.034148],[-96.602496,32.034784],[-96.603772,32.036693],[-96.603503,32.037441],[-96.603652,32.037908],[-96.604557,32.038161],[-96.605244,32.037861],[-96.607703,32.039551],[-96.610234,32.040197],[-96.610427,32.040762],[-96.611961,32.041151],[-96.611604,32.041418],[-96.610827,32.041505],[-96.610452,32.04208],[-96.610646,32.042544],[-96.612764,32.042997],[-96.613343,32.044497],[-96.615394,32.044249],[-96.615773,32.045364],[-96.616477,32.045658],[-96.613762,32.047165],[-96.609978,32.048639],[-96.602948,32.052331],[-96.603522,32.053891],[-96.616849,32.073999],[-96.624516,32.070205],[-96.626251,32.072924],[-96.626619,32.073121],[-96.632631,32.072166],[-96.633223,32.072681],[-96.632506,32.073611],[-96.632851,32.074303],[-96.632647,32.074762],[-96.632805,32.076017],[-96.633314,32.076028],[-96.633777,32.076619],[-96.633812,32.076233],[-96.634365,32.076208],[-96.634472,32.075953],[-96.635992,32.075848],[-96.636123,32.076248],[-96.635781,32.076389],[-96.635767,32.076638],[-96.636231,32.076879],[-96.636544,32.07781],[-96.636829,32.077848],[-96.637331,32.077381],[-96.637644,32.077892],[-96.63873,32.07821],[-96.637877,32.078926],[-96.638827,32.079577],[-96.639039,32.080813],[-96.639864,32.080866],[-96.640651,32.080271],[-96.641395,32.080224],[-96.641471,32.081131],[-96.642382,32.081175],[-96.642322,32.081818],[-96.642582,32.08204],[-96.642931,32.081916],[-96.642858,32.082333],[-96.643775,32.083045],[-96.644283,32.082742],[-96.644392,32.082228],[-96.644751,32.08216],[-96.645354,32.08341],[-96.645958,32.083427],[-96.647309,32.082898],[-96.647873,32.083509],[-96.647446,32.084027],[-96.648861,32.08426],[-96.649327,32.083863],[-96.650046,32.084345],[-96.650719,32.08399],[-96.650958,32.084249],[-96.650544,32.084744],[-96.650684,32.085025],[-96.651211,32.084576],[-96.65181,32.084578],[-96.651952,32.085324],[-96.651401,32.085785],[-96.651279,32.086188],[-96.651441,32.089348],[-96.647478,32.091344],[-96.647215,32.091721],[-96.64976,32.095646],[-96.649578,32.096035],[-96.650101,32.096165],[-96.651193,32.097785],[-96.651164,32.09852],[-96.653928,32.102424],[-96.685721,32.102361],[-96.689243,32.107735],[-96.692354,32.106254],[-96.692557,32.106371],[-96.694618,32.11958],[-96.693974,32.119706],[-96.693198,32.120599],[-96.692343,32.120769],[-96.691622,32.120499],[-96.690878,32.120585],[-96.690227,32.12146],[-96.689811,32.12144],[-96.689476,32.120812],[-96.689122,32.121122],[-96.688662,32.120911],[-96.688503,32.121122],[-96.688184,32.120953],[-96.687858,32.121133],[-96.686544,32.120928],[-96.686721,32.121788],[-96.686276,32.122014],[-96.685189,32.122022],[-96.685055,32.123027],[-96.68441,32.122959],[-96.683878,32.122445],[-96.683478,32.12254],[-96.683401,32.122813],[-96.683774,32.123296],[-96.683609,32.123752],[-96.683045,32.123756],[-96.682798,32.124744],[-96.681806,32.124572],[-96.681308,32.125661],[-96.680856,32.125774],[-96.678415,32.125326],[-96.677576,32.126098],[-96.675416,32.126827],[-96.674736,32.127532],[-96.67431,32.127639],[-96.672761,32.130282],[-96.672022,32.133007],[-96.671394,32.133111],[-96.671647,32.133276],[-96.670381,32.133375],[-96.671488,32.135683],[-96.671075,32.136341],[-96.671124,32.137026],[-96.670405,32.13706],[-96.670579,32.138457],[-96.669987,32.138582],[-96.669746,32.139117],[-96.670166,32.140649],[-96.668123,32.140375],[-96.666018,32.139226],[-96.665221,32.138481]]]}},{"type":"Feature","properties":{"PRECINCT":"106","VTD":"0106"},"geometry":{"type":"Polygon","coordinates":[[[-96.59579,32.219513],[-96.588852,32.216634],[-96.587895,32.216754],[-96.585171,32.217989],[-96.579683,32.217247],[-96.576144,32.215533],[-96.574234,32.214858],[-96.570457,32.212865],[-96.565747,32.212615],[-96.559628,32.211385],[-96.550217,32.208655],[-96.547062,32.207998],[-96.545149,32.207123],[-96.540633,32.205734],[-96.537258,32.205318],[-96.53493,32.204523],[-96.521828,32.197682],[-96.52017,32.197035],[-96.517071,32.195088],[-96.516271,32.194434],[-96.515986,32.193809],[-96.516091,32.192932],[-96.51671,32.192112],[-96.516537,32.191681],[-96.514337,32.190955],[-96.509188,32.187824],[-96.507326,32.187722],[-96.505928,32.188113],[-96.50511,32.187866],[-96.503664,32.185919],[-96.503092,32.185504],[-96.501744,32.185108],[-96.50125,32.1846],[-96.50125,32.181638],[-96.501008,32.180918],[-96.498551,32.178632],[-96.498087,32.17754],[-96.496312,32.175424],[-96.492534,32.173015],[-96.487352,32.169125],[-96.50356,32.161429],[-96.507923,32.158977],[-96.508724,32.158858],[-96.515591,32.155493],[-96.515869,32.155564],[-96.517138,32.1571],[-96.534044,32.148938],[-96.534472,32.148666],[-96.529936,32.145972],[-96.544223,32.139103],[-96.544462,32.139105],[-96.545431,32.140485],[-96.545823,32.140407],[-96.56001,32.133561],[-96.563536,32.132224],[-96.578922,32.124934],[-96.607209,32.111055],[-96.607589,32.110929],[-96.608384,32.112136],[-96.608657,32.112166],[-96.622443,32.105311],[-96.635197,32.110697],[-96.63503,32.110776],[-96.635332,32.111255],[-96.642675,32.121623],[-96.656936,32.129233],[-96.657778,32.130093],[-96.658173,32.131631],[-96.658588,32.132298],[-96.662661,32.134576],[-96.665707,32.13899],[-96.668327,32.140459],[-96.670166,32.140649],[-96.670833,32.142584],[-96.67079,32.144427],[-96.67157,32.145217],[-96.670929,32.146426],[-96.672038,32.148383],[-96.672205,32.15043],[-96.672824,32.151643],[-96.672582,32.152642],[-96.671389,32.153863],[-96.671501,32.155482],[-96.670071,32.156297],[-96.669719,32.15675],[-96.669881,32.157488],[-96.671256,32.158254],[-96.671352,32.158538],[-96.670409,32.158606],[-96.670307,32.158214],[-96.669904,32.158231],[-96.669444,32.159818],[-96.669427,32.160941],[-96.668029,32.162022],[-96.668245,32.162391],[-96.668103,32.162646],[-96.667448,32.162785],[-96.667791,32.163688],[-96.667434,32.164482],[-96.667651,32.166049],[-96.667419,32.166497],[-96.667839,32.168666],[-96.667607,32.169995],[-96.666873,32.170917],[-96.667061,32.171639],[-96.666689,32.171977],[-96.66623,32.173186],[-96.666264,32.174304],[-96.66664,32.174796],[-96.666752,32.175759],[-96.668383,32.176575],[-96.668888,32.177352],[-96.670056,32.177374],[-96.671548,32.17776],[-96.673327,32.178668],[-96.673876,32.178717],[-96.674897,32.178358],[-96.676909,32.178336],[-96.681935,32.177492],[-96.682581,32.177069],[-96.683752,32.175541],[-96.684898,32.175085],[-96.688232,32.175199],[-96.690827,32.174945],[-96.625266,32.206583],[-96.600043,32.219478],[-96.597596,32.220036],[-96.59579,32.219513]]]}},{"type":"Feature","properties":{"PRECINCT":"107","VTD":"0107"},"geometry":{"type":"Polygon","coordinates":[[[-96.478145,32.216883],[-96.480627,32.215746],[-96.481542,32.216903],[-96.48199,32.216707],[-96.474597,32.201822],[-96.473474,32.199049],[-96.468912,32.163849],[-96.470167,32.164251],[-96.471998,32.164339],[-96.474983,32.16511],[-96.476344,32.165066],[-96.477316,32.165279],[-96.479389,32.165143],[-96.482681,32.16677],[-96.485695,32.16796],[-96.492534,32.173015],[-96.496312,32.175424],[-96.498087,32.17754],[-96.498551,32.178632],[-96.501008,32.180918],[-96.50125,32.181638],[-96.50125,32.1846],[-96.501744,32.185108],[-96.503092,32.185504],[-96.503664,32.185919],[-96.50511,32.187866],[-96.505928,32.188113],[-96.507326,32.187722],[-96.509188,32.187824],[-96.514337,32.190955],[-96.516537,32.191681],[-96.51671,32.192112],[-96.516091,32.192932],[-96.515986,32.193809],[-96.516271,32.194434],[-96.517071,32.195088],[-96.52017,32.197035],[-96.521828,32.197682],[-96.53493,32.204523],[-96.537258,32.205318],[-96.540633,32.205734],[-96.545149,32.207123],[-96.547062,32.207998],[-96.550217,32.208655],[-96.559628,32.211385],[-96.565747,32.212615],[-96.570457,32.212865],[-96.574234,32.214858],[-96.576144,32.215533],[-96.579683,32.217247],[-96.585171,32.217989],[-96.587895,32.216754],[-96.588852,32.216634],[-96.59672,32.219867],[-96.598107,32.220013],[-96.600043,32.219478],[-96.539436,32.250147],[-96.522641,32.258421],[-96.492474,32.273851],[-96.464961,32.287121],[-96.451038,32.294418],[-96.449497,32.289132],[-96.450187,32.281337],[-96.450464,32.271434],[-96.456473,32.246381],[-96.448962,32.23511],[-96.448041,32.232535],[-96.476418,32.218519],[-96.478145,32.216883]]]}},{"type":"Feature","properties":{"PRECINCT":"108","VTD":"0108"},"geometry":{"type":"Polygon","coordinates":[[[-96.381298,32.327513],[-96.380421,32.327415],[-96.379559,32.326803],[-96.374721,32.324884],[-96.367216,32.317717],[-96.365792,32.317258],[-96.364369,32.316417],[-96.360067,32.316926],[-96.358876,32.316328],[-96.357292,32.315884],[-96.356036,32.314987],[-96.35415,32.312965],[-96.353483,32.311807],[-96.352599,32.311732],[-96.349846,32.312561],[-96.348828,32.313351],[-96.346148,32.313122],[-96.345317,32.312767],[-96.343742,32.310499],[-96.344032,32.310037],[-96.345415,32.309474],[-96.34539,32.309039],[-96.342357,32.307689],[-96.340803,32.307887],[-96.340011,32.30848],[-96.339302,32.308487],[-96.338979,32.308168],[-96.338983,32.307556],[-96.339505,32.306667],[-96.339016,32.305973],[-96.336632,32.30566],[-96.330988,32.303481],[-96.328212,32.302995],[-96.32634,32.303015],[-96.324398,32.303131],[-96.323589,32.303578],[-96.323329,32.304436],[-96.32434,32.305606],[-96.324404,32.306121],[-96.323839,32.306394],[-96.323421,32.30633],[-96.321463,32.305258],[-96.319368,32.303611],[-96.318103,32.303183],[-96.316555,32.303126],[-96.315927,32.302846],[-96.315977,32.302277],[-96.317433,32.300985],[-96.316567,32.300264],[-96.315162,32.300297],[-96.314512,32.301091],[-96.314065,32.302543],[-96.313504,32.302976],[-96.312635,32.30313],[-96.311916,32.302847],[-96.311171,32.301486],[-96.309768,32.300242],[-96.309842,32.29954],[-96.311345,32.298859],[-96.310862,32.298412],[-96.310108,32.298299],[-96.308046,32.298488],[-96.307191,32.298789],[-96.306882,32.299361],[-96.307494,32.300527],[-96.30728,32.300954],[-96.305292,32.302112],[-96.304445,32.302127],[-96.304143,32.301809],[-96.304036,32.301135],[-96.304877,32.29952],[-96.304294,32.297991],[-96.303414,32.297334],[-96.301573,32.297916],[-96.30119,32.298466],[-96.301256,32.299813],[-96.301003,32.300565],[-96.300416,32.301354],[-96.299172,32.301439],[-96.298348,32.30074],[-96.297672,32.299582],[-96.296737,32.298669],[-96.296572,32.298154],[-96.29669,32.297595],[-96.297573,32.296503],[-96.300048,32.295404],[-96.300549,32.294782],[-96.300485,32.294372],[-96.300062,32.29393],[-96.298654,32.293554],[-96.297456,32.293292],[-96.295947,32.293377],[-96.300207,32.291281],[-96.30252,32.290661],[-96.302716,32.29028],[-96.304865,32.289237],[-96.305419,32.288612],[-96.305858,32.288611],[-96.306908,32.287892],[-96.309734,32.286679],[-96.312764,32.284959],[-96.316629,32.283394],[-96.317024,32.283138],[-96.317093,32.282683],[-96.335261,32.274029],[-96.372556,32.254919],[-96.37346,32.254868],[-96.389583,32.257064],[-96.395854,32.253625],[-96.383556,32.235962],[-96.387964,32.236559],[-96.388962,32.237507],[-96.391263,32.236829],[-96.392515,32.237285],[-96.396643,32.237877],[-96.416439,32.221672],[-96.414949,32.213741],[-96.418011,32.212072],[-96.420824,32.209304],[-96.422955,32.205177],[-96.426286,32.203283],[-96.426842,32.201217],[-96.428262,32.198177],[-96.427433,32.196598],[-96.426019,32.188937],[-96.426163,32.188378],[-96.427384,32.186846],[-96.427636,32.183045],[-96.429001,32.181037],[-96.429189,32.179675],[-96.424286,32.16565],[-96.424169,32.162247],[-96.423379,32.162604],[-96.424165,32.161192],[-96.424229,32.155931],[-96.425471,32.151553],[-96.424761,32.149152],[-96.424079,32.148713],[-96.424369,32.147877],[-96.42472,32.148066],[-96.424972,32.148623],[-96.426079,32.149124],[-96.427448,32.148707],[-96.42785,32.148823],[-96.429102,32.150444],[-96.429124,32.15204],[-96.429349,32.152217],[-96.429986,32.152063],[-96.430407,32.152316],[-96.430701,32.15312],[-96.430334,32.153686],[-96.430418,32.154077],[-96.431044,32.155006],[-96.431986,32.15534],[-96.432795,32.156233],[-96.43302,32.157137],[-96.435506,32.15695],[-96.437245,32.157355],[-96.437962,32.158481],[-96.439327,32.159633],[-96.441785,32.159793],[-96.445481,32.160974],[-96.449756,32.161622],[-96.45538,32.162233],[-96.456393,32.161963],[-96.458576,32.16261],[-96.45964,32.162627],[-96.461284,32.163007],[-96.462154,32.162954],[-96.467018,32.163837],[-96.468912,32.163849],[-96.473474,32.199049],[-96.474597,32.201822],[-96.48199,32.216707],[-96.481542,32.216903],[-96.480627,32.215746],[-96.47893,32.216473],[-96.478145,32.216883],[-96.476418,32.218519],[-96.448041,32.232535],[-96.448962,32.23511],[-96.456473,32.246381],[-96.450464,32.271434],[-96.450187,32.281337],[-96.449497,32.289132],[-96.451038,32.294418],[-96.395079,32.323644],[-96.385872,32.327365],[-96.38291,32.328929],[-96.381298,32.327513]]]}},{"type":"Feature","properties":{"PRECINCT":"109","VTD":"0109"},"geometry":{"type":"Polygon","coordinates":[[[-96.293446,32.293683],[-96.291526,32.293466],[-96.289616,32.29355],[-96.288882,32.293212],[-96.288696,32.292644],[-96.289287,32.291928],[-96.291781,32.291334],[-96.293651,32.290409],[-96.293591,32.289732],[-96.292767,32.289398],[-96.291295,32.289308],[-96.289906,32.288686],[-96.288199,32.287105],[-96.287126,32.285483],[-96.28519,32.280402],[-96.283839,32.278862],[-96.284041,32.276906],[-96.283853,32.274479],[-96.284731,32.271911],[-96.285529,32.271428],[-96.287632,32.271575],[-96.28834,32.271251],[-96.289359,32.270444],[-96.29017,32.268921],[-96.28989,32.268142],[-96.289162,32.267543],[-96.288597,32.267223],[-96.285866,32.267106],[-96.284881,32.265829],[-96.284574,32.264824],[-96.284594,32.263655],[-96.28562,32.25988],[-96.285895,32.25598],[-96.285673,32.255192],[-96.284472,32.254254],[-96.281547,32.253909],[-96.280576,32.254121],[-96.280253,32.254608],[-96.280369,32.25513],[-96.28112,32.256168],[-96.282295,32.257045],[-96.282449,32.257489],[-96.282254,32.258108],[-96.280073,32.25973],[-96.278898,32.260355],[-96.277734,32.260646],[-96.277065,32.260114],[-96.277308,32.258212],[-96.27664,32.255787],[-96.274162,32.252891],[-96.2728,32.252487],[-96.272213,32.252833],[-96.272106,32.253173],[-96.272105,32.25378],[-96.27273,32.254836],[-96.272605,32.255601],[-96.268413,32.259148],[-96.267471,32.259133],[-96.267044,32.258649],[-96.266714,32.255859],[-96.265917,32.254011],[-96.264676,32.252216],[-96.262248,32.249739],[-96.261748,32.249544],[-96.261326,32.249502],[-96.260697,32.249887],[-96.260529,32.251313],[-96.260148,32.251464],[-96.259582,32.251246],[-96.259455,32.2494],[-96.257391,32.247408],[-96.257758,32.24575],[-96.257258,32.245174],[-96.25655,32.245061],[-96.254939,32.245842],[-96.251957,32.246612],[-96.251034,32.247078],[-96.250982,32.247639],[-96.251602,32.248358],[-96.254808,32.248917],[-96.255314,32.249234],[-96.255389,32.249825],[-96.254399,32.250582],[-96.249479,32.251048],[-96.247279,32.250644],[-96.246937,32.2492],[-96.246936,32.247681],[-96.245285,32.244632],[-96.244677,32.240336],[-96.243533,32.23812],[-96.244739,32.234099],[-96.246111,32.230694],[-96.253312,32.227118],[-96.253798,32.22606],[-96.254122,32.225836],[-96.255159,32.225411],[-96.256688,32.22555],[-96.258255,32.225995],[-96.25937,32.226611],[-96.259522,32.227453],[-96.260076,32.227776],[-96.260645,32.227683],[-96.262158,32.226552],[-96.263998,32.226408],[-96.264731,32.225827],[-96.26602,32.226081],[-96.267953,32.225129],[-96.271881,32.222642],[-96.304046,32.206496],[-96.302486,32.205176],[-96.295412,32.194729],[-96.294661,32.194246],[-96.292991,32.193818],[-96.292336,32.193328],[-96.28738,32.186247],[-96.28682,32.185111],[-96.30159,32.177706],[-96.316603,32.171627],[-96.322994,32.168749],[-96.32316,32.168576],[-96.321918,32.166764],[-96.326365,32.164571],[-96.326875,32.164614],[-96.329105,32.168132],[-96.33266,32.166539],[-96.334112,32.165739],[-96.333008,32.16408],[-96.389318,32.135951],[-96.390704,32.135148],[-96.391249,32.134361],[-96.392547,32.135517],[-96.394015,32.135451],[-96.394886,32.13509],[-96.39567,32.135261],[-96.395649,32.135621],[-96.394887,32.135522],[-96.394673,32.13579],[-96.39527,32.136674],[-96.395293,32.137126],[-96.395653,32.137389],[-96.397879,32.137279],[-96.39826,32.136901],[-96.398719,32.136871],[-96.399907,32.137757],[-96.400464,32.138896],[-96.401429,32.139266],[-96.401728,32.139196],[-96.401733,32.138697],[-96.402138,32.138441],[-96.402876,32.139015],[-96.403963,32.138863],[-96.404242,32.139333],[-96.404922,32.139708],[-96.406665,32.139699],[-96.406759,32.139971],[-96.406386,32.140225],[-96.406398,32.140501],[-96.407536,32.141027],[-96.408213,32.142054],[-96.408525,32.142091],[-96.409076,32.141719],[-96.410351,32.14179],[-96.410244,32.142682],[-96.41183,32.143434],[-96.413303,32.144505],[-96.41455,32.14448],[-96.414868,32.145229],[-96.415701,32.145083],[-96.416484,32.145595],[-96.416913,32.144771],[-96.418251,32.145015],[-96.418416,32.145274],[-96.417756,32.145545],[-96.41747,32.146017],[-96.418251,32.146348],[-96.419186,32.146036],[-96.419853,32.147706],[-96.420147,32.147905],[-96.421304,32.148092],[-96.421714,32.14715],[-96.422034,32.147008],[-96.424369,32.147877],[-96.424079,32.148713],[-96.424761,32.149152],[-96.425471,32.151553],[-96.424229,32.155931],[-96.424165,32.161192],[-96.423379,32.162604],[-96.424169,32.162247],[-96.424286,32.16565],[-96.429189,32.179675],[-96.429001,32.181037],[-96.427636,32.183045],[-96.427384,32.186846],[-96.426163,32.188378],[-96.426019,32.188937],[-96.427433,32.196598],[-96.428262,32.198177],[-96.426842,32.201217],[-96.426286,32.203283],[-96.422955,32.205177],[-96.420824,32.209304],[-96.418011,32.212072],[-96.414949,32.213741],[-96.416439,32.221672],[-96.396643,32.237877],[-96.392515,32.237285],[-96.391263,32.236829],[-96.388962,32.237507],[-96.387964,32.236559],[-96.383556,32.235962],[-96.395854,32.253625],[-96.389583,32.257064],[-96.37346,32.254868],[-96.372556,32.254919],[-96.335261,32.274029],[-96.317093,32.282683],[-96.317024,32.283138],[-96.316629,32.283394],[-96.312764,32.284959],[-96.309734,32.286679],[-96.306908,32.287892],[-96.305858,32.288611],[-96.305419,32.288612],[-96.304865,32.289237],[-96.302716,32.29028],[-96.30252,32.290661],[-96.300207,32.291281],[-96.295947,32.293377],[-96.293446,32.293683]]]}},{"type":"Feature","properties":{"PRECINCT":"200","VTD":"0200"},"geometry":{"type":"Polygon","coordinates":[[[-96.465115,32.131179],[-96.461655,32.106755],[-96.458216,32.108378],[-96.457609,32.10764],[-96.453848,32.111294],[-96.446203,32.115302],[-96.444344,32.116754],[-96.443443,32.118081],[-96.439798,32.102009],[-96.438512,32.102146],[-96.437756,32.101094],[-96.436061,32.100683],[-96.435497,32.10011],[-96.434823,32.100591],[-96.432433,32.101064],[-96.431894,32.101572],[-96.431409,32.101687],[-96.430764,32.101435],[-96.430495,32.101069],[-96.42985,32.10091],[-96.429874,32.100477],[-96.429471,32.100363],[-96.428851,32.100844],[-96.428475,32.100798],[-96.428287,32.100201],[-96.427425,32.100224],[-96.427049,32.100796],[-96.425434,32.101184],[-96.425031,32.102697],[-96.424709,32.102811],[-96.423901,32.102262],[-96.42374,32.10295],[-96.423123,32.103541],[-96.423312,32.104046],[-96.421616,32.104825],[-96.421293,32.104618],[-96.421267,32.104044],[-96.420795,32.104079],[-96.420134,32.104826],[-96.419814,32.104889],[-96.419597,32.104184],[-96.419354,32.104138],[-96.418978,32.104619],[-96.418481,32.104728],[-96.417121,32.104573],[-96.41661,32.103979],[-96.415535,32.104389],[-96.415185,32.10423],[-96.415399,32.103749],[-96.415239,32.103267],[-96.414752,32.102899],[-96.414112,32.10299],[-96.414092,32.102668],[-96.402753,32.104394],[-96.402408,32.102969],[-96.41584,32.100898],[-96.424713,32.10027],[-96.436749,32.098013],[-96.439979,32.098152],[-96.446728,32.098984],[-96.448521,32.09881],[-96.476251,32.085306],[-96.477595,32.084397],[-96.477938,32.084552],[-96.478965,32.085987],[-96.473858,32.088535],[-96.473794,32.088],[-96.47113,32.089208],[-96.471424,32.089748],[-96.469045,32.090912],[-96.470908,32.093617],[-96.467721,32.0952],[-96.468277,32.096093],[-96.46728,32.096612],[-96.470324,32.10109],[-96.468792,32.100866],[-96.467275,32.101627],[-96.467052,32.102761],[-96.465842,32.103132],[-96.469678,32.108814],[-96.470338,32.110311],[-96.470535,32.111683],[-96.4704,32.121029],[-96.470776,32.122599],[-96.472696,32.127489],[-96.465115,32.131179]]]}},{"type":"Feature","properties":{"PRECINCT":"201","VTD":"0201"},"geometry":{"type":"Polygon","coordinates":[[[-96.384939,32.10304],[-96.409032,32.098085],[-96.408349,32.097086],[-96.407356,32.097547],[-96.404477,32.09317],[-96.404761,32.093148],[-96.408265,32.090101],[-96.409003,32.091501],[-96.410455,32.091081],[-96.411406,32.091098],[-96.411642,32.091467],[-96.412002,32.091406],[-96.41639,32.0904],[-96.415716,32.087992],[-96.419722,32.087701],[-96.419887,32.087404],[-96.416189,32.084493],[-96.41351,32.082003],[-96.420268,32.079628],[-96.430849,32.088447],[-96.431897,32.088788],[-96.428379,32.092263],[-96.432718,32.094767],[-96.432717,32.095063],[-96.438118,32.095232],[-96.436689,32.089661],[-96.436567,32.086682],[-96.436817,32.084311],[-96.437395,32.081972],[-96.438433,32.079418],[-96.440953,32.075858],[-96.422549,32.062295],[-96.420914,32.06424],[-96.422743,32.06537],[-96.422499,32.065673],[-96.420426,32.065907],[-96.420146,32.066536],[-96.417833,32.069313],[-96.419839,32.072253],[-96.423122,32.070591],[-96.424219,32.072037],[-96.428567,32.07056],[-96.431366,32.071277],[-96.428605,32.07229],[-96.423051,32.07697],[-96.421766,32.075116],[-96.420282,32.075886],[-96.421154,32.077234],[-96.419658,32.078102],[-96.418181,32.07595],[-96.417,32.076574],[-96.416695,32.076285],[-96.411526,32.078835],[-96.411994,32.080264],[-96.411287,32.080702],[-96.41076,32.079902],[-96.409602,32.08029],[-96.406131,32.077966],[-96.406689,32.077333],[-96.402205,32.074301],[-96.401234,32.072584],[-96.411537,32.067374],[-96.412324,32.065632],[-96.410223,32.062501],[-96.411934,32.062772],[-96.414216,32.06353],[-96.417522,32.059354],[-96.417713,32.059052],[-96.416377,32.058044],[-96.417256,32.057519],[-96.415996,32.056154],[-96.416304,32.055185],[-96.417805,32.056339],[-96.423465,32.05254],[-96.405714,32.037902],[-96.403086,32.035311],[-96.402047,32.03457],[-96.399226,32.033233],[-96.398148,32.033716],[-96.398898,32.036938],[-96.396352,32.037365],[-96.389865,32.021932],[-96.39314,32.02008],[-96.395199,32.022194],[-96.398081,32.020911],[-96.401748,32.026063],[-96.406969,32.02341],[-96.410424,32.028618],[-96.404123,32.034003],[-96.426244,32.0521],[-96.425052,32.053162],[-96.426279,32.054227],[-96.426583,32.054859],[-96.435307,32.062233],[-96.435069,32.062539],[-96.439979,32.067101],[-96.454576,32.086926],[-96.45919,32.093663],[-96.449154,32.098599],[-96.447759,32.098957],[-96.438209,32.098],[-96.43644,32.098042],[-96.424713,32.10027],[-96.414321,32.101101],[-96.386424,32.105552],[-96.384939,32.10304]]]}},{"type":"Feature","properties":{"PRECINCT":"202","VTD":"0202"},"geometry":{"type":"Polygon","coordinates":[[[-96.454576,32.086926],[-96.439979,32.067101],[-96.435069,32.062539],[-96.437006,32.060742],[-96.438083,32.06288],[-96.438529,32.062922],[-96.438563,32.062634],[-96.438901,32.062812],[-96.439899,32.062026],[-96.441408,32.061687],[-96.441514,32.062065],[-96.441832,32.062113],[-96.442094,32.061803],[-96.442309,32.061961],[-96.44401,32.061933],[-96.444323,32.062883],[-96.444746,32.062273],[-96.445518,32.062322],[-96.445953,32.062717],[-96.447307,32.063029],[-96.446928,32.063861],[-96.447576,32.064526],[-96.449476,32.064563],[-96.449737,32.063594],[-96.450767,32.063656],[-96.450711,32.061435],[-96.448929,32.055006],[-96.450052,32.054475],[-96.445747,32.039259],[-96.443159,32.032289],[-96.446369,32.031414],[-96.445919,32.030217],[-96.45091,32.028426],[-96.452711,32.038247],[-96.447891,32.039672],[-96.449511,32.046784],[-96.451542,32.054023],[-96.454155,32.052692],[-96.463991,32.067094],[-96.463672,32.068731],[-96.463185,32.077125],[-96.471763,32.07727],[-96.476046,32.075278],[-96.477378,32.075175],[-96.477076,32.074682],[-96.477274,32.074661],[-96.479335,32.077748],[-96.474717,32.080005],[-96.477595,32.084397],[-96.4772,32.084777],[-96.45919,32.093663],[-96.454576,32.086926]]]}},{"type":"Feature","properties":{"PRECINCT":"203","VTD":"0203"},"geometry":{"type":"Polygon","coordinates":[[[-96.234053,32.250172],[-96.233949,32.24976],[-96.234504,32.248604],[-96.23455,32.247542],[-96.233197,32.245204],[-96.233036,32.243686],[-96.233548,32.243206],[-96.235489,32.243285],[-96.236135,32.242944],[-96.236133,32.242155],[-96.235114,32.241542],[-96.233053,32.241356],[-96.232214,32.24089],[-96.23083,32.238954],[-96.230118,32.238414],[-96.229662,32.23649],[-96.228684,32.23583],[-96.223466,32.23497],[-96.222574,32.234492],[-96.221995,32.233508],[-96.22117,32.232981],[-96.22032,32.232954],[-96.219241,32.233661],[-96.218379,32.233833],[-96.217318,32.233511],[-96.216791,32.232517],[-96.216821,32.231198],[-96.216372,32.229323],[-96.215771,32.228508],[-96.215614,32.227735],[-96.216279,32.225095],[-96.216052,32.224416],[-96.215526,32.224062],[-96.214894,32.224002],[-96.213859,32.224317],[-96.212657,32.225298],[-96.212107,32.226422],[-96.211605,32.226608],[-96.211104,32.226435],[-96.208629,32.223508],[-96.208193,32.22202],[-96.208272,32.221336],[-96.209585,32.220702],[-96.20989,32.220172],[-96.209635,32.219205],[-96.209099,32.218653],[-96.207767,32.218713],[-96.204498,32.218162],[-96.203935,32.217499],[-96.204163,32.215936],[-96.203779,32.214778],[-96.202945,32.214371],[-96.200742,32.214269],[-96.198155,32.214799],[-96.197568,32.215147],[-96.197263,32.215981],[-96.197769,32.217633],[-96.197322,32.21882],[-96.197532,32.219755],[-96.197015,32.220169],[-96.196122,32.219782],[-96.195312,32.217964],[-96.193977,32.216409],[-96.193885,32.215917],[-96.194155,32.215481],[-96.196096,32.213974],[-96.196449,32.212962],[-96.196153,32.212496],[-96.194391,32.2116],[-96.194214,32.211207],[-96.194667,32.210768],[-96.196933,32.209909],[-96.197202,32.209274],[-96.197122,32.207385],[-96.196487,32.206442],[-96.193685,32.204221],[-96.190737,32.202625],[-96.189536,32.202316],[-96.186147,32.202962],[-96.18481,32.202177],[-96.183368,32.201761],[-96.182659,32.202369],[-96.18141,32.204562],[-96.180633,32.204473],[-96.179908,32.203708],[-96.179349,32.203553],[-96.175726,32.20397],[-96.175035,32.20456],[-96.17534,32.20636],[-96.175017,32.206806],[-96.174574,32.206877],[-96.173299,32.206424],[-96.171864,32.207054],[-96.170611,32.207052],[-96.166774,32.210197],[-96.164109,32.211392],[-96.162177,32.211685],[-96.158845,32.213446],[-96.157413,32.213889],[-96.156623,32.214668],[-96.155854,32.21501],[-96.151569,32.213659],[-96.150479,32.214127],[-96.146523,32.211715],[-96.146155,32.210896],[-96.14636,32.210021],[-96.14694,32.20895],[-96.147222,32.207572],[-96.147805,32.206979],[-96.150517,32.206256],[-96.152241,32.206424],[-96.156011,32.205708],[-96.157895,32.205756],[-96.159453,32.205206],[-96.160687,32.203988],[-96.160933,32.201767],[-96.160679,32.20099],[-96.160301,32.200649],[-96.156315,32.201032],[-96.155825,32.20082],[-96.155642,32.200444],[-96.1559,32.199189],[-96.157279,32.197656],[-96.15732,32.197228],[-96.155969,32.195592],[-96.156105,32.194357],[-96.157907,32.191334],[-96.16023,32.190052],[-96.160809,32.189935],[-96.162823,32.190555],[-96.164037,32.190293],[-96.164762,32.18975],[-96.164925,32.189126],[-96.164936,32.188832],[-96.164208,32.188189],[-96.164167,32.187775],[-96.165161,32.187344],[-96.167216,32.187636],[-96.168252,32.186906],[-96.168454,32.186405],[-96.168158,32.185746],[-96.166837,32.185204],[-96.166173,32.18452],[-96.16623,32.183533],[-96.166812,32.182849],[-96.167215,32.182764],[-96.168197,32.183178],[-96.170164,32.18509],[-96.171666,32.185291],[-96.176226,32.181752],[-96.176905,32.179278],[-96.175325,32.175885],[-96.175414,32.173607],[-96.174419,32.172283],[-96.173169,32.17156],[-96.172935,32.17071],[-96.173218,32.170045],[-96.173699,32.169645],[-96.175368,32.169268],[-96.17584,32.168241],[-96.175442,32.167885],[-96.174857,32.167827],[-96.173218,32.168555],[-96.171924,32.168695],[-96.16842,32.166475],[-96.1672,32.166493],[-96.166455,32.166102],[-96.165407,32.162571],[-96.166126,32.160381],[-96.166919,32.158881],[-96.166828,32.158263],[-96.163618,32.156161],[-96.163059,32.155982],[-96.161081,32.156039],[-96.159473,32.154893],[-96.158001,32.155256],[-96.156706,32.156526],[-96.15377,32.158179],[-96.152209,32.158416],[-96.151029,32.157747],[-96.14955,32.155914],[-96.145054,32.152666],[-96.144135,32.152572],[-96.14201,32.1533],[-96.140792,32.153347],[-96.140264,32.153016],[-96.139293,32.151477],[-96.138407,32.151417],[-96.137228,32.15234],[-96.135872,32.152758],[-96.13396,32.152658],[-96.13098,32.152954],[-96.128395,32.154249],[-96.126302,32.154521],[-96.124474,32.155614],[-96.121101,32.156465],[-96.119099,32.157864],[-96.117734,32.1599],[-96.115693,32.160915],[-96.11366,32.160901],[-96.112857,32.160321],[-96.113002,32.157696],[-96.112675,32.156784],[-96.110505,32.155844],[-96.107413,32.153828],[-96.105317,32.153257],[-96.104246,32.152415],[-96.102974,32.150554],[-96.102483,32.149261],[-96.102712,32.145086],[-96.102313,32.143515],[-96.102421,32.142269],[-96.104105,32.138477],[-96.105977,32.135242],[-96.106779,32.134564],[-96.10881,32.133872],[-96.111564,32.131976],[-96.113786,32.128778],[-96.114527,32.127114],[-96.114708,32.126022],[-96.114239,32.125121],[-96.114129,32.123946],[-96.114342,32.120119],[-96.113511,32.117981],[-96.113114,32.117474],[-96.111764,32.116585],[-96.11153,32.115803],[-96.116911,32.105054],[-96.117353,32.102956],[-96.117363,32.099574],[-96.11809,32.097598],[-96.117726,32.094632],[-96.116241,32.093521],[-96.114382,32.091046],[-96.11369,32.090701],[-96.112133,32.090652],[-96.111399,32.090253],[-96.108757,32.085504],[-96.107891,32.082747],[-96.10826,32.080332],[-96.10915,32.077791],[-96.109205,32.077111],[-96.108697,32.07637],[-96.106785,32.075394],[-96.105364,32.075337],[-96.101092,32.07716],[-96.100243,32.077858],[-96.099844,32.08076],[-96.098952,32.081593],[-96.098003,32.081641],[-96.09537,32.080684],[-96.092134,32.081895],[-96.085992,32.081736],[-96.084851,32.081362],[-96.082094,32.081347],[-96.07774,32.082839],[-96.072956,32.08356],[-96.070643,32.0848],[-96.067209,32.085986],[-96.066446,32.08595],[-96.065689,32.08553],[-96.064918,32.083019],[-96.063434,32.081606],[-96.062917,32.080577],[-96.062464,32.078145],[-96.062755,32.077256],[-96.06338,32.07667],[-96.064561,32.076451],[-96.06664,32.077297],[-96.068255,32.077167],[-96.069534,32.0765],[-96.069963,32.075881],[-96.070245,32.074763],[-96.070127,32.07384],[-96.069778,32.07335],[-96.067428,32.07208],[-96.0668,32.071421],[-96.068816,32.067379],[-96.068861,32.066769],[-96.068194,32.066143],[-96.06566,32.065703],[-96.064298,32.065218],[-96.063409,32.064455],[-96.062326,32.062486],[-96.062635,32.061508],[-96.065966,32.060516],[-96.066811,32.059477],[-96.066808,32.05844],[-96.065987,32.055146],[-96.0657,32.055072],[-96.065186,32.053611],[-96.064288,32.052354],[-96.064003,32.051081],[-96.064469,32.050447],[-96.06575,32.049571],[-96.066161,32.04875],[-96.065934,32.047449],[-96.065004,32.046342],[-96.064572,32.04523],[-96.064647,32.044444],[-96.065588,32.042379],[-96.066037,32.038622],[-96.066399,32.03851],[-96.066462,32.037757],[-96.066036,32.03762],[-96.065971,32.036871],[-96.065416,32.03571],[-96.063611,32.033983],[-96.063359,32.033401],[-96.063448,32.03292],[-96.062426,32.032438],[-96.062231,32.032041],[-96.062229,32.031309],[-96.062464,32.030796],[-96.06323,32.030287],[-96.06353,32.029192],[-96.062649,32.026442],[-96.061579,32.024996],[-96.059498,32.023486],[-96.05876,32.022655],[-96.057362,32.020425],[-96.05626,32.019759],[-96.05344,32.018875],[-96.051619,32.017893],[-96.050758,32.01678],[-96.051062,32.016038],[-96.052088,32.015537],[-96.05407,32.015816],[-96.054891,32.015501],[-96.055373,32.015002],[-96.055656,32.014147],[-96.055445,32.013384],[-96.05478,32.012526],[-96.153581,31.96475],[-96.157076,31.967228],[-96.159466,31.968282],[-96.159869,31.968214],[-96.16046,31.967527],[-96.160917,31.96739],[-96.164543,31.967459],[-96.168438,31.965033],[-96.169996,31.963591],[-96.173783,31.962104],[-96.178644,31.96128],[-96.182699,31.961555],[-96.185707,31.962082],[-96.188205,31.963044],[-96.191401,31.964738],[-96.194087,31.966707],[-96.19551,31.968379],[-96.196558,31.969707],[-96.19868,31.973485],[-96.199298,31.974034],[-96.201661,31.977812],[-96.201876,31.978681],[-96.201769,31.985916],[-96.201313,31.988939],[-96.201447,31.992488],[-96.200976,31.995461],[-96.202641,31.999144],[-96.202853,32.000149],[-96.204305,32.002878],[-96.203624,32.004044],[-96.205486,32.004361],[-96.206025,32.005436],[-96.207532,32.006258],[-96.207748,32.006599],[-96.207576,32.00868],[-96.208201,32.00932],[-96.208182,32.01005],[-96.209615,32.010665],[-96.210537,32.011374],[-96.210461,32.011899],[-96.209689,32.012562],[-96.210365,32.01279],[-96.210854,32.013247],[-96.210941,32.013954],[-96.2107,32.014183],[-96.208993,32.013883],[-96.208009,32.015095],[-96.208146,32.015414],[-96.208985,32.015687],[-96.208962,32.015963],[-96.207654,32.016648],[-96.207339,32.017424],[-96.207557,32.017605],[-96.209016,32.017719],[-96.208709,32.019615],[-96.208953,32.019821],[-96.210658,32.019292],[-96.211309,32.019657],[-96.210299,32.020936],[-96.210635,32.022581],[-96.209759,32.023839],[-96.209762,32.024182],[-96.210899,32.024592],[-96.210694,32.025802],[-96.211994,32.026325],[-96.211865,32.026966],[-96.212652,32.027628],[-96.212769,32.028702],[-96.211997,32.029549],[-96.212052,32.029775],[-96.214189,32.029544],[-96.214124,32.031442],[-96.212902,32.03288],[-96.21296,32.033543],[-96.213179,32.033977],[-96.214154,32.03425],[-96.214621,32.035576],[-96.214582,32.037312],[-96.215285,32.037426],[-96.214944,32.038477],[-96.215595,32.038795],[-96.215684,32.039893],[-96.21601,32.040146],[-96.217092,32.03989],[-96.217691,32.039018],[-96.219286,32.039108],[-96.219666,32.039175],[-96.220969,32.040179],[-96.222509,32.040452],[-96.222415,32.04196],[-96.221641,32.042533],[-96.221751,32.042828],[-96.222456,32.04308],[-96.222727,32.043422],[-96.222496,32.044703],[-96.226316,32.046478],[-96.22694,32.045906],[-96.22786,32.046086],[-96.228295,32.046498],[-96.228437,32.047367],[-96.230926,32.046973],[-96.231553,32.047887],[-96.232229,32.047677],[-96.232799,32.04793],[-96.233398,32.048752],[-96.234319,32.049162],[-96.234705,32.050213],[-96.235896,32.050578],[-96.237491,32.050299],[-96.237604,32.050894],[-96.237152,32.051442],[-96.237156,32.051899],[-96.237455,32.052173],[-96.237806,32.052126],[-96.238458,32.051507],[-96.238945,32.051437],[-96.239702,32.051457],[-96.240651,32.051983],[-96.241976,32.051889],[-96.24241,32.051544],[-96.242979,32.051611],[-96.24312,32.052458],[-96.244636,32.053002],[-96.245315,32.053575],[-96.245882,32.05346],[-96.245884,32.053184],[-96.245164,32.052723],[-96.245573,32.052082],[-96.24633,32.051899],[-96.24725,32.052034],[-96.247931,32.052856],[-96.248284,32.052787],[-96.249183,32.051982],[-96.250452,32.052886],[-96.251828,32.053342],[-96.252479,32.054114],[-96.253958,32.053977],[-96.254361,32.054457],[-96.253527,32.055464],[-96.253257,32.056724],[-96.254036,32.056725],[-96.254789,32.057183],[-96.255677,32.056565],[-96.256564,32.05661],[-96.257235,32.057138],[-96.257154,32.058169],[-96.258149,32.057757],[-96.259439,32.058559],[-96.259976,32.059177],[-96.261562,32.060048],[-96.261589,32.060254],[-96.262664,32.060598],[-96.263256,32.060163],[-96.263176,32.059156],[-96.263391,32.058743],[-96.26401,32.058584],[-96.264359,32.059019],[-96.264197,32.059752],[-96.264385,32.060118],[-96.265058,32.05966],[-96.265972,32.0595],[-96.266563,32.059936],[-96.266562,32.061286],[-96.267745,32.060805],[-96.277889,32.080987],[-96.286607,32.099863],[-96.301763,32.130924],[-96.307482,32.138775],[-96.304082,32.140658],[-96.304089,32.140907],[-96.323169,32.168607],[-96.316603,32.171627],[-96.30159,32.177706],[-96.28682,32.185111],[-96.28738,32.186247],[-96.292336,32.193328],[-96.292991,32.193818],[-96.294661,32.194246],[-96.295412,32.194729],[-96.302486,32.205176],[-96.304046,32.206496],[-96.271881,32.222642],[-96.267953,32.225129],[-96.26602,32.226081],[-96.264731,32.225827],[-96.263998,32.226408],[-96.262158,32.226552],[-96.260645,32.227683],[-96.260076,32.227776],[-96.259624,32.227582],[-96.25937,32.226611],[-96.258774,32.226244],[-96.25712,32.225635],[-96.255159,32.225411],[-96.253871,32.225987],[-96.253405,32.227042],[-96.253079,32.227257],[-96.246178,32.230642],[-96.244739,32.234099],[-96.243533,32.23812],[-96.244677,32.240336],[-96.245285,32.244632],[-96.246936,32.247681],[-96.246937,32.2492],[-96.247279,32.250644],[-96.246616,32.25045],[-96.243126,32.250285],[-96.240153,32.250659],[-96.238039,32.250143],[-96.236315,32.251011],[-96.235683,32.251075],[-96.234053,32.250172]]]}},{"type":"Feature","properties":{"PRECINCT":"204","VTD":"0204"},"geometry":{"type":"Polygon","coordinates":[[[-96.326691,32.164505],[-96.321918,32.166764],[-96.304138,32.141002],[-96.304082,32.140658],[-96.307482,32.138775],[-96.301763,32.130924],[-96.286607,32.099863],[-96.277889,32.080987],[-96.267745,32.060805],[-96.26874,32.060966],[-96.268526,32.060187],[-96.269225,32.059959],[-96.269736,32.059365],[-96.270139,32.059455],[-96.270542,32.060485],[-96.271402,32.060417],[-96.271832,32.061172],[-96.272773,32.060989],[-96.273418,32.061151],[-96.273364,32.062479],[-96.273579,32.062662],[-96.275193,32.062227],[-96.276188,32.061633],[-96.276699,32.061839],[-96.277102,32.063556],[-96.277344,32.06374],[-96.278312,32.063395],[-96.278446,32.062824],[-96.278796,32.062663],[-96.279387,32.063007],[-96.280221,32.062756],[-96.280786,32.062848],[-96.280893,32.063786],[-96.281753,32.064451],[-96.281994,32.065527],[-96.282666,32.06635],[-96.283527,32.065917],[-96.284683,32.065963],[-96.284414,32.065115],[-96.285087,32.064703],[-96.285732,32.064818],[-96.286081,32.066077],[-96.286646,32.066101],[-96.287399,32.065779],[-96.288393,32.066398],[-96.28885,32.067338],[-96.28928,32.067292],[-96.290007,32.065804],[-96.2892,32.065094],[-96.289174,32.064749],[-96.289443,32.064543],[-96.290895,32.064453],[-96.291432,32.06459],[-96.291594,32.064934],[-96.291459,32.065987],[-96.291808,32.066422],[-96.292964,32.066719],[-96.293475,32.066629],[-96.293529,32.065782],[-96.293744,32.065759],[-96.29482,32.066606],[-96.29767,32.067248],[-96.297562,32.068072],[-96.298745,32.068713],[-96.299094,32.068689],[-96.299444,32.067935],[-96.300736,32.067453],[-96.303398,32.068027],[-96.30372,32.068508],[-96.303532,32.069629],[-96.303801,32.069836],[-96.303855,32.070476],[-96.304876,32.070981],[-96.306463,32.070844],[-96.308587,32.069516],[-96.309528,32.068531],[-96.311196,32.06805],[-96.311707,32.067501],[-96.313105,32.067225],[-96.315256,32.066378],[-96.316116,32.065761],[-96.31824,32.064799],[-96.319343,32.064593],[-96.321225,32.066654],[-96.322113,32.06718],[-96.322355,32.067982],[-96.322247,32.069744],[-96.323484,32.07105],[-96.324264,32.070707],[-96.324963,32.070774],[-96.325663,32.071668],[-96.326766,32.071438],[-96.327653,32.072584],[-96.328406,32.072195],[-96.328594,32.071416],[-96.329051,32.07105],[-96.329508,32.07105],[-96.330154,32.071554],[-96.33088,32.072972],[-96.332063,32.073088],[-96.333005,32.073521],[-96.333247,32.074072],[-96.333166,32.075034],[-96.333408,32.07524],[-96.335371,32.075629],[-96.335909,32.076017],[-96.337254,32.075743],[-96.337953,32.076811],[-96.338871,32.077101],[-96.339274,32.077557],[-96.340082,32.077894],[-96.341056,32.080872],[-96.341918,32.081665],[-96.341811,32.082164],[-96.340953,32.082686],[-96.341035,32.083979],[-96.341951,32.084819],[-96.342007,32.085229],[-96.341336,32.085955],[-96.342872,32.086471],[-96.3422,32.08706],[-96.342092,32.087628],[-96.341502,32.08824],[-96.34153,32.088537],[-96.342446,32.089055],[-96.342447,32.089557],[-96.341909,32.089941],[-96.341993,32.090372],[-96.342692,32.090733],[-96.342585,32.091051],[-96.341618,32.091411],[-96.341618,32.091707],[-96.342238,32.092092],[-96.343639,32.092219],[-96.34434,32.093015],[-96.344987,32.093215],[-96.346225,32.093369],[-96.347573,32.093154],[-96.348894,32.094285],[-96.34954,32.094397],[-96.349757,32.095146],[-96.350591,32.094935],[-96.35113,32.095229],[-96.351131,32.095703],[-96.350621,32.096274],[-96.350648,32.096682],[-96.351052,32.097136],[-96.350948,32.097999],[-96.352215,32.097828],[-96.35392,32.099195],[-96.353861,32.099738],[-96.352746,32.100879],[-96.353106,32.101889],[-96.354051,32.102075],[-96.354386,32.102701],[-96.354765,32.102883],[-96.355139,32.102814],[-96.355795,32.102148],[-96.356168,32.102171],[-96.356282,32.10251],[-96.35596,32.103372],[-96.356857,32.103762],[-96.359345,32.103797],[-96.359736,32.10288],[-96.360053,32.102704],[-96.361348,32.103409],[-96.363672,32.105328],[-96.364132,32.105278],[-96.365315,32.104315],[-96.36571,32.104261],[-96.365827,32.105204],[-96.36687,32.105268],[-96.368224,32.106631],[-96.368977,32.106838],[-96.369551,32.106419],[-96.369894,32.106478],[-96.370776,32.108742],[-96.377854,32.106775],[-96.40242,32.103022],[-96.402753,32.104394],[-96.414092,32.102668],[-96.414112,32.10299],[-96.414752,32.102899],[-96.415239,32.103267],[-96.415399,32.103749],[-96.415185,32.10423],[-96.415535,32.104389],[-96.41661,32.103979],[-96.417121,32.104573],[-96.418481,32.104728],[-96.418978,32.104619],[-96.419354,32.104138],[-96.419597,32.104184],[-96.419814,32.104889],[-96.420134,32.104826],[-96.420795,32.104079],[-96.421267,32.104044],[-96.421293,32.104618],[-96.421616,32.104825],[-96.423312,32.104046],[-96.423123,32.103541],[-96.42374,32.10295],[-96.423901,32.102262],[-96.424709,32.102811],[-96.425031,32.102697],[-96.425434,32.101184],[-96.427049,32.100796],[-96.427425,32.100224],[-96.428287,32.100201],[-96.428475,32.100798],[-96.428851,32.100844],[-96.429471,32.100363],[-96.429874,32.100477],[-96.42985,32.10091],[-96.430495,32.101069],[-96.430764,32.101435],[-96.431409,32.101687],[-96.431894,32.101572],[-96.432433,32.101064],[-96.434823,32.100591],[-96.435497,32.10011],[-96.436061,32.100683],[-96.437756,32.101094],[-96.438512,32.102146],[-96.439798,32.102009],[-96.443443,32.118081],[-96.442185,32.119739],[-96.440483,32.121141],[-96.436097,32.123373],[-96.432363,32.125627],[-96.428771,32.129367],[-96.428177,32.130818],[-96.42685,32.137653],[-96.426111,32.139671],[-96.42438,32.142946],[-96.424549,32.14659],[-96.424369,32.147877],[-96.422034,32.147008],[-96.421714,32.14715],[-96.421304,32.148092],[-96.420147,32.147905],[-96.419853,32.147706],[-96.419186,32.146036],[-96.418251,32.146348],[-96.41747,32.146017],[-96.417756,32.145545],[-96.418416,32.145274],[-96.418251,32.145015],[-96.416913,32.144771],[-96.416484,32.145595],[-96.415701,32.145083],[-96.414868,32.145229],[-96.41455,32.14448],[-96.413303,32.144505],[-96.41183,32.143434],[-96.410244,32.142682],[-96.410351,32.14179],[-96.409076,32.141719],[-96.408525,32.142091],[-96.408213,32.142054],[-96.407536,32.141027],[-96.406398,32.140501],[-96.406386,32.140225],[-96.406759,32.139971],[-96.406665,32.139699],[-96.404922,32.139708],[-96.404242,32.139333],[-96.403963,32.138863],[-96.402876,32.139015],[-96.402138,32.138441],[-96.401733,32.138697],[-96.401728,32.139196],[-96.401429,32.139266],[-96.400464,32.138896],[-96.399907,32.137757],[-96.398719,32.136871],[-96.39826,32.136901],[-96.397879,32.137279],[-96.395653,32.137389],[-96.395293,32.137126],[-96.39527,32.136674],[-96.394673,32.13579],[-96.394887,32.135522],[-96.395649,32.135621],[-96.39567,32.135261],[-96.394886,32.13509],[-96.394015,32.135451],[-96.392547,32.135517],[-96.391249,32.134361],[-96.390704,32.135148],[-96.389318,32.135951],[-96.333008,32.16408],[-96.334112,32.165739],[-96.33266,32.166539],[-96.329105,32.168132],[-96.326691,32.164505]]]}},{"type":"Feature","properties":{"PRECINCT":"205","VTD":"0205"},"geometry":{"type":"Polygon","coordinates":[[[-96.303613,32.068233],[-96.301354,32.067453],[-96.299929,32.067659],[-96.299444,32.067935],[-96.299094,32.068689],[-96.298745,32.068713],[-96.297562,32.068072],[-96.29767,32.067248],[-96.29482,32.066606],[-96.293744,32.065759],[-96.293529,32.065782],[-96.293475,32.066629],[-96.292964,32.066719],[-96.291808,32.066422],[-96.291459,32.065987],[-96.291432,32.06459],[-96.290411,32.064407],[-96.289174,32.064749],[-96.2892,32.065094],[-96.290007,32.065804],[-96.28928,32.067292],[-96.28885,32.067338],[-96.288393,32.066398],[-96.287399,32.065779],[-96.286646,32.066101],[-96.286081,32.066077],[-96.285732,32.064818],[-96.285087,32.064703],[-96.284414,32.065115],[-96.284683,32.065963],[-96.283527,32.065917],[-96.282666,32.06635],[-96.281994,32.065527],[-96.281753,32.064451],[-96.280893,32.063786],[-96.280786,32.062848],[-96.280221,32.062756],[-96.279387,32.063007],[-96.278796,32.062663],[-96.278446,32.062824],[-96.278312,32.063395],[-96.277344,32.06374],[-96.277102,32.063556],[-96.276699,32.061839],[-96.276188,32.061633],[-96.275193,32.062227],[-96.273579,32.062662],[-96.273364,32.062479],[-96.273418,32.061151],[-96.272773,32.060989],[-96.271832,32.061172],[-96.271402,32.060417],[-96.270542,32.060485],[-96.270139,32.059455],[-96.269736,32.059365],[-96.269225,32.059959],[-96.268526,32.060187],[-96.26874,32.060966],[-96.267369,32.060851],[-96.266966,32.061262],[-96.266428,32.061148],[-96.266563,32.059936],[-96.265972,32.0595],[-96.265542,32.059477],[-96.264762,32.059981],[-96.264278,32.060026],[-96.264359,32.059019],[-96.26401,32.058584],[-96.263391,32.058743],[-96.263176,32.059156],[-96.263256,32.060163],[-96.262906,32.060507],[-96.261589,32.060254],[-96.261562,32.060048],[-96.259976,32.059177],[-96.259439,32.058559],[-96.258149,32.057757],[-96.257154,32.058169],[-96.257235,32.057138],[-96.256564,32.05661],[-96.255677,32.056565],[-96.254789,32.057183],[-96.254036,32.056725],[-96.253257,32.056724],[-96.253527,32.055464],[-96.254361,32.054457],[-96.253958,32.053977],[-96.252479,32.054114],[-96.251828,32.053342],[-96.250452,32.052886],[-96.249183,32.051982],[-96.248284,32.052787],[-96.247931,32.052856],[-96.24725,32.052034],[-96.24633,32.051899],[-96.245573,32.052082],[-96.245164,32.052723],[-96.245884,32.053184],[-96.245882,32.05346],[-96.245315,32.053575],[-96.244636,32.053002],[-96.24312,32.052458],[-96.242979,32.051611],[-96.24241,32.051544],[-96.241976,32.051889],[-96.240651,32.051983],[-96.239702,32.051457],[-96.238945,32.051437],[-96.238458,32.051507],[-96.237806,32.052126],[-96.237455,32.052173],[-96.237156,32.051899],[-96.237152,32.051442],[-96.237604,32.050894],[-96.237491,32.050299],[-96.235896,32.050578],[-96.234705,32.050213],[-96.234319,32.049162],[-96.233398,32.048752],[-96.232799,32.04793],[-96.232229,32.047677],[-96.231553,32.047887],[-96.230926,32.046973],[-96.228437,32.047367],[-96.228295,32.046498],[-96.22786,32.046086],[-96.22694,32.045906],[-96.226316,32.046478],[-96.222496,32.044703],[-96.222727,32.043422],[-96.222456,32.04308],[-96.221751,32.042828],[-96.221641,32.042533],[-96.222415,32.04196],[-96.222509,32.040452],[-96.220969,32.040179],[-96.219666,32.039175],[-96.219286,32.039108],[-96.217691,32.039018],[-96.217092,32.03989],[-96.21601,32.040146],[-96.215684,32.039893],[-96.215595,32.038795],[-96.214944,32.038477],[-96.215285,32.037426],[-96.214582,32.037312],[-96.214621,32.035576],[-96.214154,32.03425],[-96.213179,32.033977],[-96.21296,32.033543],[-96.212902,32.03288],[-96.214124,32.031442],[-96.214189,32.029544],[-96.212052,32.029775],[-96.211997,32.029549],[-96.212769,32.028702],[-96.212652,32.027628],[-96.211865,32.026966],[-96.211994,32.026325],[-96.210694,32.025802],[-96.210899,32.024592],[-96.209762,32.024182],[-96.209759,32.023839],[-96.210635,32.022581],[-96.210299,32.020936],[-96.211309,32.019657],[-96.210658,32.019292],[-96.208953,32.019821],[-96.208709,32.019615],[-96.209016,32.017719],[-96.207557,32.017605],[-96.207339,32.017424],[-96.207654,32.016648],[-96.208962,32.015963],[-96.208985,32.015687],[-96.208146,32.015414],[-96.208009,32.015095],[-96.208993,32.013883],[-96.2107,32.014183],[-96.210941,32.013954],[-96.210854,32.013247],[-96.210365,32.01279],[-96.209689,32.012562],[-96.210461,32.011899],[-96.210537,32.011374],[-96.209615,32.010665],[-96.208182,32.01005],[-96.208201,32.00932],[-96.207576,32.00868],[-96.207748,32.006599],[-96.207532,32.006258],[-96.206025,32.005436],[-96.205486,32.004361],[-96.203624,32.004044],[-96.204305,32.002878],[-96.202853,32.000149],[-96.202641,31.999144],[-96.200976,31.995461],[-96.201447,31.992488],[-96.201313,31.988939],[-96.201769,31.985916],[-96.201876,31.978681],[-96.201661,31.977812],[-96.199298,31.974034],[-96.200641,31.973805],[-96.200882,31.97463],[-96.202198,31.975087],[-96.203326,31.973714],[-96.203676,31.973622],[-96.204267,31.974217],[-96.204965,31.974309],[-96.205986,31.973118],[-96.206684,31.972935],[-96.207114,31.973049],[-96.20792,31.973988],[-96.210068,31.97472],[-96.211519,31.974308],[-96.213722,31.974398],[-96.213937,31.974513],[-96.213991,31.975681],[-96.214502,31.975932],[-96.215012,31.97568],[-96.215092,31.974604],[-96.216301,31.974215],[-96.216892,31.97481],[-96.217188,31.975795],[-96.218423,31.975542],[-96.219283,31.975932],[-96.223822,31.976114],[-96.225031,31.976342],[-96.225326,31.976159],[-96.225407,31.975312],[-96.225622,31.975175],[-96.226857,31.975289],[-96.227878,31.975128],[-96.231665,31.974188],[-96.234566,31.974394],[-96.235614,31.975332],[-96.237252,31.974942],[-96.237655,31.974988],[-96.238219,31.975469],[-96.238891,31.975056],[-96.240289,31.975285],[-96.241148,31.974689],[-96.241873,31.974666],[-96.241842,31.975036],[-96.24256,31.9761],[-96.246069,31.979785],[-96.246937,31.981619],[-96.24792,31.981477],[-96.249142,31.981907],[-96.249687,31.98094],[-96.251165,31.980669],[-96.252157,31.981205],[-96.252103,31.981659],[-96.251669,31.981967],[-96.252143,31.982047],[-96.252308,31.982497],[-96.25261,31.982178],[-96.253574,31.981859],[-96.254583,31.982702],[-96.254817,31.983328],[-96.255733,31.982463],[-96.256907,31.982885],[-96.256831,31.983178],[-96.255972,31.983853],[-96.254488,31.984484],[-96.253696,31.984506],[-96.251174,31.98564],[-96.257434,31.992958],[-96.25867,31.994079],[-96.264374,31.996589],[-96.268447,31.996418],[-96.270162,31.996106],[-96.276496,31.993174],[-96.284196,31.988937],[-96.287357,31.987443],[-96.289824,31.987898],[-96.290876,31.987388],[-96.29142,31.985847],[-96.291957,31.985192],[-96.291917,31.984468],[-96.293594,31.983219],[-96.29373,31.983308],[-96.294264,31.984612],[-96.298122,31.991158],[-96.299176,31.993607],[-96.304972,32.002428],[-96.305044,32.002672],[-96.302773,32.003813],[-96.302759,32.003994],[-96.309725,32.014285],[-96.312637,32.013226],[-96.312801,32.013415],[-96.312237,32.013782],[-96.316224,32.013303],[-96.316977,32.014645],[-96.31571,32.015244],[-96.315468,32.015071],[-96.312496,32.016494],[-96.31223,32.018177],[-96.306763,32.024079],[-96.306475,32.024915],[-96.306758,32.025624],[-96.31478,32.037042],[-96.314836,32.037988],[-96.31365,32.039611],[-96.31369,32.040604],[-96.321294,32.051986],[-96.317946,32.064971],[-96.316116,32.065761],[-96.315256,32.066378],[-96.313105,32.067225],[-96.311707,32.067501],[-96.311196,32.06805],[-96.309528,32.068531],[-96.308587,32.069516],[-96.306463,32.070844],[-96.304876,32.070981],[-96.304097,32.070729],[-96.303532,32.069629],[-96.303613,32.068233]]]}},{"type":"Feature","properties":{"PRECINCT":"206","VTD":"0206"},"geometry":{"type":"Polygon","coordinates":[[[-96.369738,32.106419],[-96.368977,32.106838],[-96.368224,32.106631],[-96.36687,32.105268],[-96.365827,32.105204],[-96.365654,32.104247],[-96.364132,32.105278],[-96.363507,32.105272],[-96.361348,32.103409],[-96.360053,32.102704],[-96.359736,32.10288],[-96.359345,32.103797],[-96.356857,32.103762],[-96.35596,32.103372],[-96.356282,32.10251],[-96.356168,32.102171],[-96.355795,32.102148],[-96.355139,32.102814],[-96.354765,32.102883],[-96.354386,32.102701],[-96.354051,32.102075],[-96.353174,32.101944],[-96.352746,32.100879],[-96.353861,32.099738],[-96.35392,32.099195],[-96.352215,32.097828],[-96.350948,32.097999],[-96.351052,32.097136],[-96.350648,32.096682],[-96.350621,32.096274],[-96.351131,32.095703],[-96.35113,32.095229],[-96.350591,32.094935],[-96.349757,32.095146],[-96.34954,32.094397],[-96.348894,32.094285],[-96.347573,32.093154],[-96.346225,32.093369],[-96.344987,32.093215],[-96.34434,32.093015],[-96.343639,32.092219],[-96.342238,32.092092],[-96.341618,32.091707],[-96.341618,32.091411],[-96.342585,32.091051],[-96.342692,32.090733],[-96.341993,32.090372],[-96.341909,32.089941],[-96.342447,32.089557],[-96.342446,32.089055],[-96.34153,32.088537],[-96.341502,32.08824],[-96.342092,32.087628],[-96.3422,32.08706],[-96.342872,32.086471],[-96.341336,32.085955],[-96.342007,32.085229],[-96.341951,32.084819],[-96.341035,32.083979],[-96.340953,32.082686],[-96.341811,32.082164],[-96.341918,32.081665],[-96.341056,32.080872],[-96.340082,32.077894],[-96.339274,32.077557],[-96.338871,32.077101],[-96.337953,32.076811],[-96.337254,32.075743],[-96.335909,32.076017],[-96.335371,32.075629],[-96.333408,32.07524],[-96.333166,32.075034],[-96.333247,32.074072],[-96.333005,32.073521],[-96.332063,32.073088],[-96.33088,32.072972],[-96.330154,32.071554],[-96.329508,32.07105],[-96.329051,32.07105],[-96.328594,32.071416],[-96.328406,32.072195],[-96.327653,32.072584],[-96.326766,32.071438],[-96.325663,32.071668],[-96.324963,32.070774],[-96.324264,32.070707],[-96.323484,32.07105],[-96.322247,32.069744],[-96.322355,32.067982],[-96.322113,32.06718],[-96.321225,32.066654],[-96.319343,32.064593],[-96.317946,32.064971],[-96.321294,32.051986],[-96.31369,32.040604],[-96.31365,32.039611],[-96.314836,32.037988],[-96.31478,32.037042],[-96.306758,32.025624],[-96.30651,32.0246],[-96.307106,32.023693],[-96.31223,32.018177],[-96.312496,32.016494],[-96.315468,32.015071],[-96.31571,32.015244],[-96.316977,32.014645],[-96.316224,32.013303],[-96.312237,32.013782],[-96.312801,32.013415],[-96.312637,32.013226],[-96.337243,32.001145],[-96.346048,32.014204],[-96.342505,32.015994],[-96.346609,32.022224],[-96.346092,32.023001],[-96.350397,32.028917],[-96.390754,32.037984],[-96.392771,32.03793],[-96.398898,32.036938],[-96.398148,32.033716],[-96.399226,32.033233],[-96.402827,32.035091],[-96.405714,32.037902],[-96.423465,32.05254],[-96.417805,32.056339],[-96.416304,32.055185],[-96.415996,32.056154],[-96.417256,32.057519],[-96.416377,32.058044],[-96.417713,32.059052],[-96.414271,32.06349],[-96.411934,32.062772],[-96.410223,32.062501],[-96.412324,32.065632],[-96.411537,32.067374],[-96.401234,32.072584],[-96.402205,32.074301],[-96.406689,32.077333],[-96.406131,32.077966],[-96.409602,32.08029],[-96.41076,32.079902],[-96.411287,32.080702],[-96.411994,32.080264],[-96.411526,32.078835],[-96.416695,32.076285],[-96.417,32.076574],[-96.418181,32.07595],[-96.419658,32.078102],[-96.421154,32.077234],[-96.420282,32.075886],[-96.421766,32.075116],[-96.423051,32.07697],[-96.428605,32.07229],[-96.431366,32.071277],[-96.428567,32.07056],[-96.424219,32.072037],[-96.423122,32.070591],[-96.419839,32.072253],[-96.417833,32.069313],[-96.420146,32.066536],[-96.420426,32.065907],[-96.422499,32.065673],[-96.422743,32.06537],[-96.420914,32.06424],[-96.422549,32.062295],[-96.440953,32.075858],[-96.438433,32.079418],[-96.437395,32.081972],[-96.436817,32.084311],[-96.436567,32.086682],[-96.436689,32.089661],[-96.438118,32.095232],[-96.432717,32.095063],[-96.432718,32.094767],[-96.428379,32.092263],[-96.431897,32.088788],[-96.430849,32.088447],[-96.420268,32.079628],[-96.41351,32.082003],[-96.416189,32.084493],[-96.419887,32.087404],[-96.419722,32.087701],[-96.415716,32.087992],[-96.41639,32.0904],[-96.412002,32.091406],[-96.411642,32.091467],[-96.411406,32.091098],[-96.410455,32.091081],[-96.409003,32.091501],[-96.408265,32.090101],[-96.404761,32.093148],[-96.404477,32.09317],[-96.407356,32.097547],[-96.408349,32.097086],[-96.409032,32.098085],[-96.384939,32.10304],[-96.38636,32.105434],[-96.377289,32.10689],[-96.370776,32.108742],[-96.370026,32.106665],[-96.369738,32.106419]]]}},{"type":"Feature","properties":{"PRECINCT":"300","VTD":"0300"},"geometry":{"type":"Polygon","coordinates":[[[-96.479335,32.077748],[-96.476722,32.074096],[-96.492004,32.066166],[-96.498712,32.059489],[-96.499238,32.061725],[-96.501858,32.065792],[-96.501692,32.067987],[-96.501878,32.06868],[-96.507968,32.077472],[-96.49541,32.083514],[-96.490872,32.085115],[-96.491812,32.086723],[-96.489632,32.088039],[-96.487887,32.08869],[-96.490143,32.092014],[-96.484887,32.0946],[-96.478259,32.084905],[-96.477409,32.084257],[-96.474889,32.080472],[-96.474717,32.080005],[-96.479335,32.077748]]]}},{"type":"Feature","properties":{"PRECINCT":"301","VTD":"0301"},"geometry":{"type":"Polygon","coordinates":[[[-96.47113,32.089208],[-96.473794,32.088],[-96.473858,32.088535],[-96.478965,32.085987],[-96.481549,32.089622],[-96.468277,32.096093],[-96.467721,32.0952],[-96.470908,32.093617],[-96.469045,32.090912],[-96.471424,32.089748],[-96.47113,32.089208]]]}},{"type":"Feature","properties":{"PRECINCT":"303","VTD":"0303"},"geometry":{"type":"Polygon","coordinates":[[[-96.729357,31.973651],[-96.728856,31.973171],[-96.729938,31.970517],[-96.730473,31.968483],[-96.730142,31.964086],[-96.729547,31.960958],[-96.728566,31.95784],[-96.727578,31.956117],[-96.726231,31.954839],[-96.722324,31.955278],[-96.712772,31.954853],[-96.708909,31.954992],[-96.704719,31.955604],[-96.702914,31.955069],[-96.701297,31.953876],[-96.697781,31.95038],[-96.696551,31.950469],[-96.696908,31.949784],[-96.696316,31.949441],[-96.696527,31.948952],[-96.695933,31.948194],[-96.695795,31.947536],[-96.694676,31.947273],[-96.694759,31.946548],[-96.693987,31.945263],[-96.692834,31.945522],[-96.692175,31.943676],[-96.691349,31.944161],[-96.690437,31.943574],[-96.689369,31.943329],[-96.689255,31.942715],[-96.688982,31.942552],[-96.687511,31.942678],[-96.685943,31.944061],[-96.685239,31.94287],[-96.685546,31.942495],[-96.686679,31.941939],[-96.686694,31.941671],[-96.686167,31.941617],[-96.685611,31.942053],[-96.684255,31.942331],[-96.684011,31.942093],[-96.684329,31.941592],[-96.683332,31.94097],[-96.683193,31.940121],[-96.682656,31.940047],[-96.681846,31.940597],[-96.681466,31.940516],[-96.681275,31.94004],[-96.681867,31.939415],[-96.681901,31.938606],[-96.681092,31.938232],[-96.681119,31.937641],[-96.680485,31.937264],[-96.6796,31.936191],[-96.680137,31.935417],[-96.679455,31.934942],[-96.679425,31.933415],[-96.679676,31.932622],[-96.67946,31.932402],[-96.678535,31.932345],[-96.677601,31.931992],[-96.677359,31.93138],[-96.676827,31.93104],[-96.676072,31.93112],[-96.673735,31.930698],[-96.670896,31.931038],[-96.670302,31.931594],[-96.670647,31.932003],[-96.671107,31.932035],[-96.671132,31.932248],[-96.670418,31.933089],[-96.669862,31.933265],[-96.669342,31.933233],[-96.667874,31.932406],[-96.666604,31.93279],[-96.665416,31.932442],[-96.663254,31.932903],[-96.662738,31.932334],[-96.660344,31.931736],[-96.659752,31.931768],[-96.659458,31.932233],[-96.658781,31.932188],[-96.657956,31.931036],[-96.656934,31.93155],[-96.65613,31.931367],[-96.654935,31.931686],[-96.65435,31.931107],[-96.653497,31.930917],[-96.651389,31.931141],[-96.6512,31.930362],[-96.650326,31.930721],[-96.649047,31.929465],[-96.648533,31.92953],[-96.648161,31.930014],[-96.647006,31.929852],[-96.646604,31.929498],[-96.646693,31.928831],[-96.647106,31.92833],[-96.646811,31.927781],[-96.645994,31.927559],[-96.645593,31.926927],[-96.644098,31.927187],[-96.643469,31.926525],[-96.642689,31.926867],[-96.642518,31.926619],[-96.64266,31.926188],[-96.642281,31.926029],[-96.640947,31.926354],[-96.639795,31.927027],[-96.638551,31.927062],[-96.63807,31.92763],[-96.637491,31.927819],[-96.636026,31.927914],[-96.634685,31.928356],[-96.634258,31.928909],[-96.634849,31.929528],[-96.634701,31.930201],[-96.633945,31.929823],[-96.632935,31.930077],[-96.631762,31.929669],[-96.630203,31.930071],[-96.629913,31.92941],[-96.629185,31.929475],[-96.628452,31.92902],[-96.627937,31.929346],[-96.628002,31.929948],[-96.6275,31.930172],[-96.626797,31.929706],[-96.627435,31.92911],[-96.627163,31.928573],[-96.625543,31.928164],[-96.625173,31.928324],[-96.625067,31.928826],[-96.62477,31.928837],[-96.624424,31.92718],[-96.624049,31.926947],[-96.623488,31.927224],[-96.622698,31.926791],[-96.622543,31.926427],[-96.620767,31.927001],[-96.620006,31.926886],[-96.61922,31.927528],[-96.619004,31.928459],[-96.618642,31.928862],[-96.617625,31.928428],[-96.61737,31.928524],[-96.617537,31.928837],[-96.617303,31.929259],[-96.617675,31.929994],[-96.617443,31.930313],[-96.616445,31.930579],[-96.616672,31.931333],[-96.615846,31.931174],[-96.614862,31.93131],[-96.61214,31.932154],[-96.611157,31.931835],[-96.610772,31.932051],[-96.610459,31.932789],[-96.609552,31.933061],[-96.607932,31.932914],[-96.60629,31.934439],[-96.605435,31.934384],[-96.604687,31.934709],[-96.604333,31.935149],[-96.604862,31.936493],[-96.604811,31.936862],[-96.604546,31.93687],[-96.603066,31.935667],[-96.602027,31.934224],[-96.586459,31.910723],[-96.591422,31.908326],[-96.58102,31.893788],[-96.578778,31.894939],[-96.577487,31.894463],[-96.576745,31.894866],[-96.576001,31.894758],[-96.575414,31.895606],[-96.574809,31.895497],[-96.574406,31.895869],[-96.574091,31.895619],[-96.574141,31.895267],[-96.573381,31.895522],[-96.572716,31.895071],[-96.571829,31.894339],[-96.571579,31.893695],[-96.571121,31.894142],[-96.570844,31.894114],[-96.570795,31.893497],[-96.569859,31.892849],[-96.569611,31.892228],[-96.569109,31.892406],[-96.568731,31.891959],[-96.567019,31.891718],[-96.566695,31.891498],[-96.566078,31.891897],[-96.565409,31.891723],[-96.565192,31.891428],[-96.563809,31.891663],[-96.563157,31.892035],[-96.561932,31.891748],[-96.561632,31.892187],[-96.560956,31.892265],[-96.560414,31.892071],[-96.560071,31.892395],[-96.559545,31.892415],[-96.558932,31.893072],[-96.558175,31.893191],[-96.557165,31.892657],[-96.555267,31.892338],[-96.55494,31.891952],[-96.554396,31.892773],[-96.553509,31.892719],[-96.552875,31.893096],[-96.552507,31.892681],[-96.552544,31.892388],[-96.551669,31.892739],[-96.55149,31.892236],[-96.550229,31.892213],[-96.550161,31.891878],[-96.549548,31.891427],[-96.549087,31.891673],[-96.548903,31.891118],[-96.548337,31.891144],[-96.548004,31.890435],[-96.547307,31.890372],[-96.546442,31.88944],[-96.546908,31.888819],[-96.545839,31.888458],[-96.545612,31.887623],[-96.544595,31.886753],[-96.544248,31.886016],[-96.543079,31.886095],[-96.542293,31.884964],[-96.541742,31.884943],[-96.54078,31.884479],[-96.54045,31.884024],[-96.540047,31.883966],[-96.540429,31.883531],[-96.540141,31.883071],[-96.539412,31.883296],[-96.538812,31.883083],[-96.538828,31.882743],[-96.539588,31.882496],[-96.539698,31.882135],[-96.538398,31.88169],[-96.537905,31.881842],[-96.536886,31.880816],[-96.53676,31.880078],[-96.536147,31.879832],[-96.536037,31.879282],[-96.535634,31.878999],[-96.534431,31.878445],[-96.53367,31.87849],[-96.532848,31.879012],[-96.532127,31.879839],[-96.531668,31.878514],[-96.531865,31.877817],[-96.536167,31.870953],[-96.532025,31.865147],[-96.528016,31.866778],[-96.526755,31.866643],[-96.525705,31.865711],[-96.527049,31.865619],[-96.527037,31.865258],[-96.526157,31.864474],[-96.526219,31.864174],[-96.526998,31.864074],[-96.527052,31.863793],[-96.526027,31.863298],[-96.526119,31.863059],[-96.526881,31.862869],[-96.526974,31.861998],[-96.527494,31.861305],[-96.527353,31.86086],[-96.527717,31.860073],[-96.527267,31.858904],[-96.527963,31.858663],[-96.528894,31.857428],[-96.529805,31.857506],[-96.529618,31.856805],[-96.530054,31.856885],[-96.531027,31.856509],[-96.531741,31.85671],[-96.532755,31.855497],[-96.533486,31.855469],[-96.534099,31.855815],[-96.534431,31.855426],[-96.536232,31.85566],[-96.536706,31.854992],[-96.536779,31.85427],[-96.537426,31.854284],[-96.537922,31.853694],[-96.537838,31.852938],[-96.538341,31.852552],[-96.538971,31.852561],[-96.540179,31.85086],[-96.541357,31.851028],[-96.541689,31.85003],[-96.543001,31.849253],[-96.543292,31.84858],[-96.544161,31.848232],[-96.544757,31.847331],[-96.545623,31.847288],[-96.545522,31.846679],[-96.54627,31.846779],[-96.546551,31.845981],[-96.547441,31.846089],[-96.547437,31.845661],[-96.54679,31.845513],[-96.546852,31.845049],[-96.547652,31.844933],[-96.547659,31.844456],[-96.548109,31.843748],[-96.548985,31.843971],[-96.550325,31.84302],[-96.549851,31.842097],[-96.55145,31.840831],[-96.551227,31.840019],[-96.552577,31.839379],[-96.553112,31.838314],[-96.553692,31.838023],[-96.553467,31.836901],[-96.553963,31.836644],[-96.553843,31.835733],[-96.554771,31.835879],[-96.55452,31.835206],[-96.555039,31.834904],[-96.555038,31.833743],[-96.554939,31.833422],[-96.55415,31.833336],[-96.554139,31.832821],[-96.553571,31.832663],[-96.553306,31.83147],[-96.552898,31.831108],[-96.553476,31.830754],[-96.553694,31.828569],[-96.55421,31.82802],[-96.555467,31.82734],[-96.555606,31.826152],[-96.556309,31.825676],[-96.55636,31.825233],[-96.555656,31.825063],[-96.555623,31.824828],[-96.555855,31.824469],[-96.556582,31.824222],[-96.556738,31.823404],[-96.557541,31.822215],[-96.557382,31.822031],[-96.556636,31.822199],[-96.556418,31.821711],[-96.556584,31.821494],[-96.55746,31.821526],[-96.55799,31.820107],[-96.558464,31.819531],[-96.560022,31.818013],[-96.562402,31.816558],[-96.562456,31.815009],[-96.563069,31.814378],[-96.562717,31.81371],[-96.563056,31.813086],[-96.562636,31.812395],[-96.562728,31.811855],[-96.56314,31.811629],[-96.56362,31.811901],[-96.564167,31.811829],[-96.564891,31.811128],[-96.565076,31.810613],[-96.565951,31.810388],[-96.565824,31.809913],[-96.566024,31.809498],[-96.566615,31.809469],[-96.564683,31.802081],[-96.719114,31.814887],[-96.788507,31.915943],[-96.791801,31.920209],[-96.802414,31.936216],[-96.799963,31.936806],[-96.797368,31.936918],[-96.796927,31.936713],[-96.796027,31.937263],[-96.795711,31.9367],[-96.795369,31.936599],[-96.794819,31.937404],[-96.794241,31.936526],[-96.793482,31.936277],[-96.793435,31.935887],[-96.792829,31.935518],[-96.792438,31.935587],[-96.791703,31.936469],[-96.790933,31.936417],[-96.790042,31.936777],[-96.78911,31.936379],[-96.788928,31.936474],[-96.789009,31.937148],[-96.790183,31.938099],[-96.790499,31.939131],[-96.788806,31.940077],[-96.789021,31.941115],[-96.788519,31.941932],[-96.788676,31.943179],[-96.786737,31.944778],[-96.785622,31.945363],[-96.785732,31.945785],[-96.786429,31.946014],[-96.786392,31.946949],[-96.787227,31.947508],[-96.786926,31.94853],[-96.78711,31.949025],[-96.786853,31.950382],[-96.788358,31.951302],[-96.788652,31.952071],[-96.788268,31.952552],[-96.788763,31.953469],[-96.788442,31.953817],[-96.78552,31.95516],[-96.784823,31.95494],[-96.78372,31.953965],[-96.782601,31.953415],[-96.782849,31.954121],[-96.782665,31.954249],[-96.782363,31.954057],[-96.782353,31.95424],[-96.783556,31.95583],[-96.784135,31.95741],[-96.783759,31.958207],[-96.783823,31.959078],[-96.7823,31.958514],[-96.783042,31.960465],[-96.782674,31.961032],[-96.782171,31.96107],[-96.781144,31.960282],[-96.780259,31.958958],[-96.778801,31.959206],[-96.777847,31.95861],[-96.776789,31.958453],[-96.776413,31.958627],[-96.775698,31.957857],[-96.775854,31.956812],[-96.775303,31.956079],[-96.774663,31.955835],[-96.774586,31.955356],[-96.773775,31.954673],[-96.773273,31.953506],[-96.772916,31.953457],[-96.772651,31.953023],[-96.771636,31.952852],[-96.771076,31.952519],[-96.768923,31.952995],[-96.767036,31.952438],[-96.766262,31.95312],[-96.766383,31.953546],[-96.766127,31.953829],[-96.765859,31.95655],[-96.765377,31.956629],[-96.765133,31.957291],[-96.766607,31.958952],[-96.767013,31.95975],[-96.767378,31.959519],[-96.768358,31.959918],[-96.768015,31.960324],[-96.76808,31.96072],[-96.768529,31.960935],[-96.768371,31.960985],[-96.766245,31.960962],[-96.765877,31.960747],[-96.763887,31.958932],[-96.762764,31.957136],[-96.762256,31.956729],[-96.76179,31.956725],[-96.760511,31.956149],[-96.759048,31.954891],[-96.758393,31.954883],[-96.757959,31.954497],[-96.757524,31.954599],[-96.757895,31.95553],[-96.757144,31.956416],[-96.756228,31.956708],[-96.754578,31.956763],[-96.752851,31.957404],[-96.749229,31.955489],[-96.749466,31.956261],[-96.749316,31.957306],[-96.750358,31.958703],[-96.750554,31.960429],[-96.75032,31.960625],[-96.750033,31.960002],[-96.74964,31.959929],[-96.749017,31.961636],[-96.749063,31.962406],[-96.747883,31.959602],[-96.747024,31.959083],[-96.746865,31.95869],[-96.746387,31.959277],[-96.744181,31.959057],[-96.744001,31.959237],[-96.743291,31.959162],[-96.742633,31.959699],[-96.742578,31.960514],[-96.741816,31.961069],[-96.741238,31.962091],[-96.740545,31.96259],[-96.739735,31.962602],[-96.738689,31.96305],[-96.737543,31.963021],[-96.736912,31.962643],[-96.736254,31.961114],[-96.736532,31.959475],[-96.735292,31.960335],[-96.734062,31.962446],[-96.733435,31.964908],[-96.733865,31.966735],[-96.734731,31.96763],[-96.73311,31.967905],[-96.731956,31.968512],[-96.731562,31.970206],[-96.731264,31.97043],[-96.73141,31.970938],[-96.731174,31.971867],[-96.730734,31.972101],[-96.730651,31.972703],[-96.729685,31.972855],[-96.72954,31.973376],[-96.729302,31.973153],[-96.729357,31.973651]]]}},{"type":"Feature","properties":{"PRECINCT":"304","VTD":"0304"},"geometry":{"type":"Polygon","coordinates":[[[-96.346609,32.022224],[-96.342505,32.015994],[-96.346048,32.014204],[-96.337243,32.001145],[-96.311465,32.013793],[-96.309725,32.014285],[-96.302759,32.003994],[-96.302773,32.003813],[-96.305044,32.002672],[-96.304972,32.002428],[-96.299176,31.993607],[-96.298122,31.991158],[-96.293594,31.983219],[-96.291917,31.984468],[-96.291957,31.985192],[-96.29142,31.985847],[-96.290876,31.987388],[-96.289824,31.987898],[-96.287357,31.987443],[-96.284196,31.988937],[-96.276496,31.993174],[-96.270162,31.996106],[-96.268447,31.996418],[-96.264374,31.996589],[-96.25867,31.994079],[-96.257434,31.992958],[-96.251174,31.98564],[-96.253696,31.984506],[-96.254488,31.984484],[-96.255972,31.983853],[-96.256831,31.983178],[-96.256907,31.982885],[-96.255733,31.982463],[-96.254817,31.983328],[-96.254583,31.982702],[-96.253574,31.981859],[-96.25261,31.982178],[-96.252308,31.982497],[-96.252143,31.982047],[-96.251669,31.981967],[-96.252103,31.981659],[-96.252157,31.981205],[-96.251165,31.980669],[-96.249687,31.98094],[-96.249142,31.981907],[-96.24792,31.981477],[-96.246937,31.981619],[-96.246069,31.979785],[-96.24256,31.9761],[-96.241842,31.975036],[-96.241873,31.974666],[-96.24327,31.975192],[-96.244371,31.974894],[-96.253199,31.974728],[-96.253763,31.973858],[-96.255724,31.973585],[-96.256396,31.973699],[-96.257928,31.972418],[-96.257982,31.9718],[-96.257579,31.971136],[-96.257607,31.970746],[-96.258171,31.970197],[-96.258171,31.969899],[-96.256828,31.969509],[-96.256238,31.968685],[-96.257098,31.967701],[-96.258361,31.967221],[-96.259705,31.966076],[-96.260161,31.966122],[-96.26016,31.967565],[-96.26067,31.967931],[-96.261503,31.967382],[-96.262792,31.967543],[-96.263142,31.967383],[-96.26368,31.96633],[-96.264727,31.966559],[-96.26677,31.965644],[-96.268434,31.966882],[-96.26881,31.967729],[-96.269347,31.967775],[-96.270932,31.966722],[-96.272221,31.967822],[-96.273618,31.967158],[-96.27335,31.966174],[-96.273565,31.965441],[-96.276385,31.965007],[-96.277675,31.964183],[-96.278803,31.963863],[-96.279179,31.963542],[-96.279072,31.961894],[-96.280254,31.961551],[-96.28098,31.960864],[-96.281974,31.960681],[-96.28278,31.959422],[-96.283666,31.958827],[-96.284982,31.958598],[-96.28611,31.958736],[-96.286245,31.958438],[-96.2856,31.957408],[-96.285601,31.957156],[-96.286218,31.956835],[-96.285628,31.955233],[-96.285924,31.954753],[-96.286514,31.954684],[-96.289629,31.955554],[-96.290999,31.955692],[-96.290784,31.956401],[-96.291321,31.956905],[-96.291348,31.95734],[-96.290891,31.958233],[-96.292529,31.958485],[-96.293657,31.958394],[-96.293496,31.95947],[-96.29398,31.960111],[-96.294329,31.959539],[-96.294732,31.959471],[-96.295376,31.96002],[-96.297955,31.960593],[-96.298653,31.961211],[-96.302386,31.960617],[-96.302789,31.959792],[-96.304078,31.959678],[-96.304293,31.958121],[-96.304696,31.958052],[-96.305018,31.958625],[-96.305394,31.958785],[-96.306173,31.958213],[-96.30663,31.958167],[-96.307194,31.958556],[-96.308,31.958625],[-96.309987,31.956519],[-96.310954,31.956221],[-96.311008,31.956015],[-96.310283,31.95574],[-96.310256,31.955465],[-96.310766,31.955099],[-96.311813,31.955076],[-96.312216,31.95455],[-96.312915,31.954527],[-96.313344,31.954252],[-96.314016,31.952557],[-96.314392,31.952191],[-96.315278,31.9521],[-96.315842,31.951733],[-96.316943,31.95171],[-96.317426,31.951939],[-96.317453,31.952145],[-96.316755,31.952306],[-96.316325,31.952764],[-96.316755,31.953038],[-96.316997,31.953588],[-96.315654,31.954344],[-96.315734,31.955809],[-96.316218,31.956084],[-96.316513,31.955924],[-96.317212,31.954504],[-96.319145,31.954252],[-96.319333,31.953382],[-96.321429,31.953473],[-96.322772,31.952993],[-96.32398,31.953336],[-96.324276,31.952306],[-96.32535,31.951069],[-96.326746,31.950359],[-96.328035,31.9491],[-96.328438,31.949008],[-96.328975,31.949374],[-96.33064,31.949557],[-96.330103,31.948504],[-96.330532,31.947016],[-96.330237,31.946284],[-96.330371,31.945643],[-96.3308,31.945666],[-96.331472,31.94649],[-96.332439,31.946329],[-96.332385,31.945185],[-96.332922,31.944635],[-96.333056,31.943765],[-96.333727,31.943536],[-96.334479,31.943787],[-96.334613,31.943055],[-96.335231,31.942665],[-96.336627,31.942825],[-96.337003,31.942161],[-96.338668,31.94184],[-96.340492,31.940238],[-96.341625,31.940202],[-96.342202,31.940621],[-96.342571,31.940602],[-96.343222,31.939833],[-96.343642,31.939723],[-96.344988,31.939942],[-96.345343,31.939058],[-96.348178,31.93728],[-96.349102,31.937403],[-96.349125,31.937611],[-96.348439,31.937939],[-96.348768,31.938866],[-96.34848,31.939723],[-96.350402,31.940291],[-96.351142,31.938705],[-96.35233,31.938809],[-96.352801,31.938494],[-96.352744,31.93718],[-96.354528,31.936911],[-96.354749,31.937893],[-96.3558,31.937662],[-96.356824,31.938026],[-96.35723,31.937841],[-96.358442,31.937885],[-96.360196,31.938499],[-96.360306,31.937511],[-96.36179,31.937095],[-96.362032,31.937301],[-96.362091,31.938306],[-96.362443,31.938442],[-96.363951,31.938323],[-96.365003,31.937635],[-96.365923,31.938798],[-96.366651,31.93891],[-96.367541,31.938588],[-96.367595,31.938381],[-96.366796,31.936981],[-96.365914,31.936337],[-96.365941,31.936015],[-96.366402,31.935396],[-96.366512,31.934685],[-96.367294,31.934385],[-96.367511,31.93459],[-96.367328,31.9358],[-96.36803,31.936006],[-96.368919,31.935865],[-96.36938,31.936504],[-96.369919,31.936594],[-96.370674,31.936041],[-96.371025,31.936178],[-96.37208,31.937525],[-96.372646,31.937707],[-96.373158,31.937545],[-96.374051,31.93626],[-96.374497,31.936624],[-96.374634,31.937469],[-96.375423,31.937417],[-96.376166,31.936705],[-96.377003,31.937275],[-96.378512,31.93709],[-96.379079,31.937364],[-96.379889,31.938505],[-96.380565,31.938893],[-96.381561,31.938548],[-96.38237,31.938592],[-96.38364,31.937651],[-96.38496,31.937762],[-96.385367,31.938401],[-96.384751,31.938698],[-96.384863,31.939658],[-96.385266,31.939749],[-96.385753,31.939289],[-96.386886,31.939745],[-96.388104,31.9418],[-96.389748,31.941157],[-96.390235,31.941201],[-96.390369,31.941315],[-96.389973,31.941786],[-96.390855,31.941957],[-96.390782,31.942597],[-96.391942,31.942168],[-96.392519,31.942172],[-96.393053,31.942555],[-96.3942,31.942678],[-96.394344,31.943238],[-96.393859,31.945307],[-96.395782,31.946255],[-96.395976,31.947195],[-96.39783,31.948047],[-96.397971,31.949257],[-96.39942,31.949239],[-96.400415,31.950453],[-96.401728,31.950314],[-96.401655,31.950684],[-96.401064,31.951047],[-96.401075,31.95157],[-96.401793,31.951914],[-96.403006,31.951776],[-96.403343,31.952555],[-96.404045,31.952611],[-96.404321,31.952424],[-96.404361,31.951845],[-96.403747,31.950843],[-96.404367,31.950124],[-96.404941,31.949905],[-96.405918,31.949993],[-96.407364,31.950688],[-96.409006,31.951036],[-96.411204,31.950955],[-96.412409,31.95147],[-96.412919,31.950661],[-96.414738,31.950209],[-96.415206,31.948934],[-96.415602,31.948718],[-96.416182,31.948659],[-96.416886,31.94912],[-96.416547,31.950766],[-96.416717,31.951016],[-96.418465,31.95022],[-96.419031,31.949666],[-96.41962,31.949616],[-96.420426,31.949064],[-96.420842,31.949018],[-96.421067,31.949589],[-96.42174,31.950034],[-96.420296,31.956841],[-96.420326,31.963107],[-96.422114,31.970928],[-96.424169,31.985234],[-96.423899,31.985388],[-96.424699,31.987546],[-96.42244,31.989323],[-96.418411,31.986044],[-96.414142,31.989421],[-96.407667,31.992706],[-96.408975,31.994481],[-96.398702,31.999652],[-96.393818,32.001665],[-96.390056,32.003563],[-96.401139,32.019394],[-96.395417,32.022187],[-96.394965,32.022078],[-96.39314,32.02008],[-96.389865,32.021932],[-96.396352,32.037365],[-96.392439,32.037962],[-96.389879,32.037889],[-96.350397,32.028917],[-96.346092,32.023001],[-96.346609,32.022224]]]}},{"type":"Feature","properties":{"PRECINCT":"305","VTD":"0305"},"geometry":{"type":"Polygon","coordinates":[[[-96.446928,32.063861],[-96.447307,32.063029],[-96.445953,32.062717],[-96.445518,32.062322],[-96.444746,32.062273],[-96.444231,32.062862],[-96.44401,32.061933],[-96.442309,32.061961],[-96.442094,32.061803],[-96.441832,32.062113],[-96.441514,32.062065],[-96.441408,32.061687],[-96.440873,32.061692],[-96.439899,32.062026],[-96.438901,32.062812],[-96.438563,32.062634],[-96.438529,32.062922],[-96.437785,32.062626],[-96.437006,32.060742],[-96.435307,32.062233],[-96.434602,32.06176],[-96.431788,32.059131],[-96.426583,32.054859],[-96.426279,32.054227],[-96.425052,32.053162],[-96.426244,32.0521],[-96.404123,32.034003],[-96.410424,32.028618],[-96.406969,32.02341],[-96.401748,32.026063],[-96.398081,32.020911],[-96.401139,32.019394],[-96.390056,32.003563],[-96.393818,32.001665],[-96.398702,31.999652],[-96.408975,31.994481],[-96.407667,31.992706],[-96.414142,31.989421],[-96.418411,31.986044],[-96.42244,31.989323],[-96.424699,31.987546],[-96.423899,31.985388],[-96.424169,31.985234],[-96.422114,31.970928],[-96.420397,31.963726],[-96.420296,31.956841],[-96.42174,31.950034],[-96.422805,31.950091],[-96.424463,31.949674],[-96.426008,31.950193],[-96.426172,31.949937],[-96.42596,31.949387],[-96.426318,31.94911],[-96.427756,31.949716],[-96.428,31.950756],[-96.428266,31.950999],[-96.429123,31.950947],[-96.429714,31.950318],[-96.430045,31.950345],[-96.430942,31.951045],[-96.430997,31.951801],[-96.431946,31.952187],[-96.432843,31.952287],[-96.433665,31.951701],[-96.434545,31.952141],[-96.435592,31.951379],[-96.437253,31.951734],[-96.43764,31.952015],[-96.437956,31.952739],[-96.438989,31.953004],[-96.439775,31.953872],[-96.440542,31.95432],[-96.441518,31.954552],[-96.442632,31.955433],[-96.442853,31.955874],[-96.4424,31.956816],[-96.442656,31.958393],[-96.441336,31.958648],[-96.441298,31.959899],[-96.441605,31.960103],[-96.442669,31.960124],[-96.443437,31.960901],[-96.444235,31.960676],[-96.444921,31.960124],[-96.44535,31.960226],[-96.444829,31.96146],[-96.444932,31.96193],[-96.44705,31.962616],[-96.446968,31.962963],[-96.44618,31.963608],[-96.446479,31.964613],[-96.446858,31.964991],[-96.448547,31.965615],[-96.449614,31.966989],[-96.451907,31.96794],[-96.452316,31.969085],[-96.452659,31.969372],[-96.45487,31.968758],[-96.455617,31.969269],[-96.456098,31.9693],[-96.456436,31.968083],[-96.457536,31.967368],[-96.458017,31.967379],[-96.458733,31.96788],[-96.459726,31.967829],[-96.460923,31.968258],[-96.46123,31.968023],[-96.461264,31.967292],[-96.466069,31.965749],[-96.467717,31.965753],[-96.46874,31.965514],[-96.469037,31.965759],[-96.468883,31.966782],[-96.469825,31.967242],[-96.471161,31.966711],[-96.47246,31.966926],[-96.473381,31.966445],[-96.475108,31.967089],[-96.474709,31.971153],[-96.47685,31.972652],[-96.477299,31.973205],[-96.479232,31.97735],[-96.481579,31.984163],[-96.48405,31.989144],[-96.479782,31.992799],[-96.478843,31.994391],[-96.476588,32.017213],[-96.460982,32.030022],[-96.453826,32.02923],[-96.45091,32.028426],[-96.445919,32.030217],[-96.446369,32.031414],[-96.443159,32.032289],[-96.445747,32.039259],[-96.450052,32.054475],[-96.448929,32.055006],[-96.450711,32.061435],[-96.450767,32.063656],[-96.449737,32.063594],[-96.449476,32.064563],[-96.447576,32.064526],[-96.446928,32.063861]]]}},{"type":"Feature","properties":{"PRECINCT":"306","VTD":"0306"},"geometry":{"type":"Polygon","coordinates":[[[-96.463991,32.067094],[-96.454155,32.052692],[-96.451542,32.054023],[-96.449511,32.046784],[-96.447891,32.039672],[-96.452711,32.038247],[-96.45091,32.028426],[-96.453826,32.02923],[-96.460982,32.030022],[-96.476588,32.017213],[-96.475816,32.025094],[-96.480836,32.022787],[-96.490411,32.037256],[-96.493046,32.040871],[-96.49673,32.04663],[-96.498712,32.059489],[-96.492004,32.066166],[-96.476722,32.074096],[-96.477378,32.075175],[-96.476046,32.075278],[-96.471763,32.07727],[-96.463185,32.077125],[-96.463672,32.068731],[-96.463991,32.067094]]]}},{"type":"Feature","properties":{"PRECINCT":"307","VTD":"0307"},"geometry":{"type":"Polygon","coordinates":[[[-96.452659,31.969372],[-96.451907,31.96794],[-96.449614,31.966989],[-96.448547,31.965615],[-96.446858,31.964991],[-96.446479,31.964613],[-96.44618,31.963608],[-96.446968,31.962963],[-96.44705,31.962616],[-96.444932,31.96193],[-96.444829,31.96146],[-96.44535,31.960226],[-96.444921,31.960124],[-96.444235,31.960676],[-96.443437,31.960901],[-96.442669,31.960124],[-96.441605,31.960103],[-96.441298,31.959899],[-96.441336,31.958648],[-96.442656,31.958393],[-96.4424,31.956816],[-96.442828,31.955715],[-96.441518,31.954552],[-96.439775,31.953872],[-96.438989,31.953004],[-96.437956,31.952739],[-96.43764,31.952015],[-96.437253,31.951734],[-96.435592,31.951379],[-96.434545,31.952141],[-96.433665,31.951701],[-96.432843,31.952287],[-96.431946,31.952187],[-96.430997,31.951801],[-96.430942,31.951045],[-96.430045,31.950345],[-96.429714,31.950318],[-96.429123,31.950947],[-96.428266,31.950999],[-96.428,31.950756],[-96.427833,31.949804],[-96.426611,31.949106],[-96.425975,31.949337],[-96.426172,31.949937],[-96.426008,31.950193],[-96.424463,31.949674],[-96.422347,31.950138],[-96.421244,31.949774],[-96.420925,31.949086],[-96.420615,31.948991],[-96.416717,31.951016],[-96.416598,31.950363],[-96.416946,31.949257],[-96.415982,31.948643],[-96.415206,31.948934],[-96.414738,31.950209],[-96.412919,31.950661],[-96.412409,31.95147],[-96.411204,31.950955],[-96.409006,31.951036],[-96.407364,31.950688],[-96.405918,31.949993],[-96.404733,31.949955],[-96.403747,31.950843],[-96.4044,31.952088],[-96.404255,31.952505],[-96.403678,31.952632],[-96.403189,31.952455],[-96.402914,31.951741],[-96.401345,31.951797],[-96.40101,31.951201],[-96.401724,31.950599],[-96.401728,31.950314],[-96.400415,31.950453],[-96.39942,31.949239],[-96.397971,31.949257],[-96.39783,31.948047],[-96.395976,31.947195],[-96.395782,31.946255],[-96.393859,31.945307],[-96.394344,31.943238],[-96.3942,31.942678],[-96.393053,31.942555],[-96.392519,31.942172],[-96.391942,31.942168],[-96.390782,31.942597],[-96.390855,31.941957],[-96.389973,31.941786],[-96.390369,31.941315],[-96.390235,31.941201],[-96.389748,31.941157],[-96.388104,31.9418],[-96.386886,31.939745],[-96.385753,31.939289],[-96.385266,31.939749],[-96.384863,31.939658],[-96.384751,31.938698],[-96.385367,31.938401],[-96.38496,31.937762],[-96.38364,31.937651],[-96.38237,31.938592],[-96.381561,31.938548],[-96.380565,31.938893],[-96.379889,31.938505],[-96.379079,31.937364],[-96.378512,31.93709],[-96.377003,31.937275],[-96.376166,31.936705],[-96.375423,31.937417],[-96.374634,31.937469],[-96.374497,31.936624],[-96.374051,31.93626],[-96.373158,31.937545],[-96.372646,31.937707],[-96.37208,31.937525],[-96.371025,31.936178],[-96.370674,31.936041],[-96.369919,31.936594],[-96.36938,31.936504],[-96.368919,31.935865],[-96.36803,31.936006],[-96.367328,31.9358],[-96.367511,31.93459],[-96.367294,31.934385],[-96.366512,31.934685],[-96.365914,31.936337],[-96.36709,31.937394],[-96.367595,31.938381],[-96.367191,31.938772],[-96.365923,31.938798],[-96.365003,31.937635],[-96.363951,31.938323],[-96.362443,31.938442],[-96.362091,31.938306],[-96.362032,31.937301],[-96.36179,31.937095],[-96.360306,31.937511],[-96.360196,31.938499],[-96.358442,31.937885],[-96.35723,31.937841],[-96.356824,31.938026],[-96.3558,31.937662],[-96.354749,31.937893],[-96.354528,31.936911],[-96.35374,31.937046],[-96.353391,31.936268],[-96.340363,31.90536],[-96.339078,31.903737],[-96.332352,31.897922],[-96.330714,31.895559],[-96.330171,31.89367],[-96.329295,31.884941],[-96.327935,31.879747],[-96.375256,31.85617],[-96.496713,31.796191],[-96.500261,31.796698],[-96.564683,31.802081],[-96.566615,31.809469],[-96.566024,31.809498],[-96.565824,31.809913],[-96.565951,31.810388],[-96.565076,31.810613],[-96.564891,31.811128],[-96.564167,31.811829],[-96.56362,31.811901],[-96.56314,31.811629],[-96.562728,31.811855],[-96.562636,31.812395],[-96.563056,31.813086],[-96.562717,31.81371],[-96.563069,31.814378],[-96.562456,31.815009],[-96.562402,31.816558],[-96.560022,31.818013],[-96.558464,31.819531],[-96.55799,31.820107],[-96.55746,31.821526],[-96.556584,31.821494],[-96.556418,31.821711],[-96.556636,31.822199],[-96.557382,31.822031],[-96.557541,31.822215],[-96.556738,31.823404],[-96.556582,31.824222],[-96.555855,31.824469],[-96.555623,31.824828],[-96.555656,31.825063],[-96.55636,31.825233],[-96.556309,31.825676],[-96.555606,31.826152],[-96.555467,31.82734],[-96.55421,31.82802],[-96.553694,31.828569],[-96.553476,31.830754],[-96.552898,31.831108],[-96.553306,31.83147],[-96.553571,31.832663],[-96.554139,31.832821],[-96.55415,31.833336],[-96.554939,31.833422],[-96.555038,31.833743],[-96.555039,31.834904],[-96.55452,31.835206],[-96.554771,31.835879],[-96.553843,31.835733],[-96.553963,31.836644],[-96.553467,31.836901],[-96.553692,31.838023],[-96.553112,31.838314],[-96.552577,31.839379],[-96.551227,31.840019],[-96.55145,31.840831],[-96.549851,31.842097],[-96.550325,31.84302],[-96.548985,31.843971],[-96.548109,31.843748],[-96.547659,31.844456],[-96.547652,31.844933],[-96.546852,31.845049],[-96.54679,31.845513],[-96.547437,31.845661],[-96.547441,31.846089],[-96.546551,31.845981],[-96.54627,31.846779],[-96.545522,31.846679],[-96.545623,31.847288],[-96.544757,31.847331],[-96.544161,31.848232],[-96.543292,31.84858],[-96.543001,31.849253],[-96.541689,31.85003],[-96.541357,31.851028],[-96.540179,31.85086],[-96.538971,31.852561],[-96.538341,31.852552],[-96.537838,31.852938],[-96.537922,31.853694],[-96.537426,31.854284],[-96.536779,31.85427],[-96.536706,31.854992],[-96.536232,31.85566],[-96.534431,31.855426],[-96.534099,31.855815],[-96.533486,31.855469],[-96.532755,31.855497],[-96.532229,31.855926],[-96.531858,31.856661],[-96.531027,31.856509],[-96.530054,31.856885],[-96.529618,31.856805],[-96.529805,31.857506],[-96.528894,31.857428],[-96.527963,31.858663],[-96.527353,31.858776],[-96.527249,31.859044],[-96.527717,31.860073],[-96.527353,31.86086],[-96.527494,31.861305],[-96.526974,31.861998],[-96.526881,31.862869],[-96.526031,31.86318],[-96.526166,31.863474],[-96.527052,31.863793],[-96.526998,31.864074],[-96.526219,31.864174],[-96.526157,31.864474],[-96.527037,31.865258],[-96.527024,31.865688],[-96.525542,31.865724],[-96.524943,31.865989],[-96.524822,31.866383],[-96.525464,31.866975],[-96.524659,31.867187],[-96.524393,31.867685],[-96.523302,31.867697],[-96.523676,31.868914],[-96.523184,31.868988],[-96.522571,31.868627],[-96.522007,31.869023],[-96.522407,31.869787],[-96.521522,31.870536],[-96.520882,31.872074],[-96.520494,31.872333],[-96.520264,31.872993],[-96.520527,31.873881],[-96.519938,31.874701],[-96.519893,31.876053],[-96.520624,31.876502],[-96.520602,31.876799],[-96.520197,31.876965],[-96.520216,31.877419],[-96.520514,31.878117],[-96.521091,31.878574],[-96.520627,31.879218],[-96.521101,31.880509],[-96.520084,31.882633],[-96.520387,31.883092],[-96.520323,31.883453],[-96.520084,31.883682],[-96.519253,31.883814],[-96.519293,31.884183],[-96.519875,31.884754],[-96.519785,31.88535],[-96.520516,31.885748],[-96.520268,31.886308],[-96.520255,31.889394],[-96.519586,31.889979],[-96.51953,31.890967],[-96.519077,31.891136],[-96.519226,31.891614],[-96.518821,31.891904],[-96.519462,31.892093],[-96.519577,31.892471],[-96.51905,31.892814],[-96.519263,31.893417],[-96.51821,31.895421],[-96.517593,31.895825],[-96.5174,31.896644],[-96.516764,31.896953],[-96.516898,31.897544],[-96.516136,31.897776],[-96.516156,31.898363],[-96.515509,31.898286],[-96.515297,31.89845],[-96.51489,31.899437],[-96.514948,31.900082],[-96.513723,31.901161],[-96.514215,31.901528],[-96.514224,31.901792],[-96.513838,31.902196],[-96.51325,31.90236],[-96.513539,31.903083],[-96.514079,31.903468],[-96.513771,31.903767],[-96.513404,31.903776],[-96.512835,31.903275],[-96.512612,31.904166],[-96.513143,31.904753],[-96.512911,31.905798],[-96.511689,31.90771],[-96.511405,31.909187],[-96.510029,31.909352],[-96.509053,31.909927],[-96.508765,31.910359],[-96.509015,31.911061],[-96.50874,31.912211],[-96.507992,31.91226],[-96.507628,31.912728],[-96.508082,31.913444],[-96.507229,31.913681],[-96.506789,31.914345],[-96.505996,31.914494],[-96.505297,31.915108],[-96.50573,31.915423],[-96.505703,31.915779],[-96.504563,31.916086],[-96.50464,31.916414],[-96.505129,31.916607],[-96.505409,31.917075],[-96.505409,31.917899],[-96.506737,31.918123],[-96.50587,31.91981],[-96.505157,31.920188],[-96.505073,31.92076],[-96.505255,31.92097],[-96.506163,31.920753],[-96.506408,31.921005],[-96.505646,31.922105],[-96.504947,31.922259],[-96.505017,31.92347],[-96.503472,31.923387],[-96.502697,31.924455],[-96.501774,31.924756],[-96.502415,31.92603],[-96.502387,31.926498],[-96.502051,31.926847],[-96.501141,31.926626],[-96.500882,31.927311],[-96.501498,31.927926],[-96.502687,31.928381],[-96.501233,31.928807],[-96.501233,31.929045],[-96.501645,31.929192],[-96.501554,31.929501],[-96.499881,31.930005],[-96.499534,31.930588],[-96.499727,31.931349],[-96.499466,31.931633],[-96.497874,31.93127],[-96.497248,31.931792],[-96.496475,31.931997],[-96.496316,31.93319],[-96.495338,31.933758],[-96.494802,31.934514],[-96.495576,31.935832],[-96.495587,31.936537],[-96.495166,31.937116],[-96.495202,31.937909],[-96.494416,31.938266],[-96.493515,31.938034],[-96.493051,31.93914],[-96.492105,31.938917],[-96.49239,31.939782],[-96.491087,31.939282],[-96.490552,31.939354],[-96.490436,31.939594],[-96.490828,31.940522],[-96.489284,31.940994],[-96.4894,31.941744],[-96.489079,31.941699],[-96.488385,31.940819],[-96.487975,31.940694],[-96.487555,31.940998],[-96.487877,31.941827],[-96.487145,31.941738],[-96.486208,31.942326],[-96.486226,31.942647],[-96.486859,31.942995],[-96.487369,31.943776],[-96.486807,31.944248],[-96.486771,31.94456],[-96.487851,31.944551],[-96.487577,31.945309],[-96.487074,31.945603],[-96.48777,31.946268],[-96.485798,31.947552],[-96.485057,31.947543],[-96.485414,31.948328],[-96.484948,31.949186],[-96.483974,31.949832],[-96.483327,31.949448],[-96.483008,31.949483],[-96.48238,31.950421],[-96.482115,31.950066],[-96.48172,31.950047],[-96.481446,31.951345],[-96.481204,31.95116],[-96.481344,31.950454],[-96.481153,31.950072],[-96.480752,31.949722],[-96.480058,31.949735],[-96.479312,31.950327],[-96.47926,31.951333],[-96.478584,31.951543],[-96.478279,31.952046],[-96.477654,31.952266],[-96.476895,31.953025],[-96.477155,31.953471],[-96.477803,31.95351],[-96.477244,31.954143],[-96.478139,31.955338],[-96.477685,31.955985],[-96.478078,31.957342],[-96.477728,31.957751],[-96.476395,31.957959],[-96.476101,31.95922],[-96.477082,31.960387],[-96.47803,31.960691],[-96.47759,31.961105],[-96.477649,31.961477],[-96.478639,31.961604],[-96.477666,31.962153],[-96.477818,31.962627],[-96.478343,31.962937],[-96.478445,31.963419],[-96.479426,31.963994],[-96.479147,31.964873],[-96.478072,31.965169],[-96.478436,31.966099],[-96.478081,31.96615],[-96.476643,31.965262],[-96.476228,31.965888],[-96.47556,31.966243],[-96.47532,31.967101],[-96.473381,31.966445],[-96.47246,31.966926],[-96.471161,31.966711],[-96.469825,31.967242],[-96.468935,31.966864],[-96.469037,31.965759],[-96.468617,31.965493],[-96.467717,31.965753],[-96.465926,31.965769],[-96.461264,31.967292],[-96.46123,31.968023],[-96.460923,31.968258],[-96.459726,31.967829],[-96.458733,31.96788],[-96.458017,31.967379],[-96.457536,31.967368],[-96.456436,31.968083],[-96.456272,31.969116],[-96.455985,31.969331],[-96.45487,31.968758],[-96.452659,31.969372]]]}},{"type":"Feature","properties":{"PRECINCT":"308","VTD":"0308"},"geometry":{"type":"Polygon","coordinates":[[[-96.225031,31.976342],[-96.223822,31.976114],[-96.219283,31.975932],[-96.218423,31.975542],[-96.217188,31.975795],[-96.216892,31.97481],[-96.216301,31.974215],[-96.215092,31.974604],[-96.215012,31.97568],[-96.214502,31.975932],[-96.213991,31.975681],[-96.213937,31.974513],[-96.213722,31.974398],[-96.211519,31.974308],[-96.210068,31.97472],[-96.20792,31.973988],[-96.207114,31.973049],[-96.206684,31.972935],[-96.205986,31.973118],[-96.204965,31.974309],[-96.204267,31.974217],[-96.203676,31.973622],[-96.203112,31.97392],[-96.202386,31.974996],[-96.201554,31.974927],[-96.200882,31.97463],[-96.200641,31.973805],[-96.19919,31.974034],[-96.19868,31.973485],[-96.196558,31.969707],[-96.193227,31.965952],[-96.188205,31.963044],[-96.184391,31.961761],[-96.178644,31.96128],[-96.173783,31.962104],[-96.169996,31.963591],[-96.168438,31.965033],[-96.164543,31.967459],[-96.160917,31.96739],[-96.16046,31.967527],[-96.159869,31.968214],[-96.159466,31.968282],[-96.157076,31.967228],[-96.153581,31.96475],[-96.327935,31.879747],[-96.329295,31.884941],[-96.330171,31.89367],[-96.330541,31.895159],[-96.331213,31.896514],[-96.332352,31.897922],[-96.339078,31.903737],[-96.34071,31.906014],[-96.35374,31.937046],[-96.352744,31.93718],[-96.352845,31.938086],[-96.352592,31.938765],[-96.351142,31.938705],[-96.350402,31.940291],[-96.349481,31.939892],[-96.348611,31.939862],[-96.348458,31.939422],[-96.348768,31.938866],[-96.348439,31.937939],[-96.349125,31.937611],[-96.349102,31.937403],[-96.348178,31.93728],[-96.345343,31.939058],[-96.344988,31.939942],[-96.343642,31.939723],[-96.343222,31.939833],[-96.342571,31.940602],[-96.342202,31.940621],[-96.341625,31.940202],[-96.340492,31.940238],[-96.338668,31.94184],[-96.337003,31.942161],[-96.336627,31.942825],[-96.335231,31.942665],[-96.334613,31.943055],[-96.334479,31.943787],[-96.333727,31.943536],[-96.333056,31.943765],[-96.332922,31.944635],[-96.332385,31.945185],[-96.332439,31.946329],[-96.331472,31.94649],[-96.3308,31.945666],[-96.330371,31.945643],[-96.330237,31.946284],[-96.330532,31.947016],[-96.330103,31.948504],[-96.33064,31.949557],[-96.328975,31.949374],[-96.328438,31.949008],[-96.328035,31.9491],[-96.326746,31.950359],[-96.32535,31.951069],[-96.324276,31.952306],[-96.32398,31.953336],[-96.322772,31.952993],[-96.321429,31.953473],[-96.319333,31.953382],[-96.319145,31.954252],[-96.317212,31.954504],[-96.316513,31.955924],[-96.316218,31.956084],[-96.315734,31.955809],[-96.315654,31.954344],[-96.316997,31.953588],[-96.316755,31.953038],[-96.316325,31.952764],[-96.316755,31.952306],[-96.317453,31.952145],[-96.317426,31.951939],[-96.316943,31.95171],[-96.315842,31.951733],[-96.315278,31.9521],[-96.314392,31.952191],[-96.314016,31.952557],[-96.313344,31.954252],[-96.312915,31.954527],[-96.312216,31.95455],[-96.311813,31.955076],[-96.310766,31.955099],[-96.310256,31.955465],[-96.310283,31.95574],[-96.311008,31.956015],[-96.310954,31.956221],[-96.309987,31.956519],[-96.308,31.958625],[-96.307194,31.958556],[-96.30663,31.958167],[-96.306173,31.958213],[-96.305394,31.958785],[-96.305018,31.958625],[-96.304696,31.958052],[-96.304293,31.958121],[-96.304078,31.959678],[-96.302789,31.959792],[-96.302386,31.960617],[-96.298653,31.961211],[-96.297955,31.960593],[-96.295376,31.96002],[-96.294732,31.959471],[-96.294329,31.959539],[-96.29398,31.960111],[-96.293496,31.95947],[-96.293657,31.958394],[-96.292529,31.958485],[-96.290891,31.958233],[-96.291348,31.95734],[-96.291321,31.956905],[-96.290784,31.956401],[-96.290999,31.955692],[-96.289629,31.955554],[-96.286514,31.954684],[-96.285924,31.954753],[-96.285628,31.955233],[-96.286218,31.956835],[-96.285601,31.957156],[-96.2856,31.957408],[-96.286245,31.958438],[-96.28611,31.958736],[-96.284982,31.958598],[-96.283666,31.958827],[-96.28278,31.959422],[-96.281974,31.960681],[-96.28098,31.960864],[-96.280254,31.961551],[-96.279072,31.961894],[-96.279179,31.963542],[-96.278803,31.963863],[-96.277675,31.964183],[-96.276385,31.965007],[-96.273565,31.965441],[-96.27335,31.966174],[-96.273618,31.967158],[-96.272221,31.967822],[-96.270932,31.966722],[-96.269347,31.967775],[-96.26881,31.967729],[-96.268434,31.966882],[-96.26677,31.965644],[-96.264727,31.966559],[-96.26368,31.96633],[-96.263142,31.967383],[-96.262792,31.967543],[-96.261503,31.967382],[-96.26067,31.967931],[-96.26016,31.967565],[-96.260161,31.966122],[-96.259705,31.966076],[-96.258361,31.967221],[-96.257098,31.967701],[-96.256238,31.968685],[-96.256828,31.969509],[-96.258171,31.969899],[-96.258171,31.970197],[-96.257607,31.970746],[-96.257579,31.971136],[-96.257982,31.9718],[-96.257928,31.972418],[-96.256396,31.973699],[-96.255724,31.973585],[-96.253763,31.973858],[-96.253199,31.974728],[-96.244371,31.974894],[-96.24327,31.975192],[-96.241873,31.974666],[-96.241148,31.974689],[-96.240289,31.975285],[-96.238891,31.975056],[-96.238219,31.975469],[-96.237655,31.974988],[-96.237252,31.974942],[-96.235614,31.975332],[-96.234566,31.974394],[-96.231665,31.974188],[-96.227878,31.975128],[-96.226857,31.975289],[-96.225622,31.975175],[-96.225407,31.975312],[-96.225326,31.976159],[-96.225031,31.976342]]]}},{"type":"Feature","properties":{"PRECINCT":"400","VTD":"0400"},"geometry":{"type":"Polygon","coordinates":[[[-96.504791,32.118366],[-96.494469,32.114333],[-96.494611,32.113779],[-96.481427,32.108584],[-96.481779,32.107911],[-96.479887,32.105013],[-96.478567,32.103147],[-96.47802,32.103043],[-96.477466,32.103312],[-96.476828,32.1023],[-96.476842,32.101872],[-96.478874,32.101457],[-96.481302,32.102542],[-96.482436,32.102445],[-96.485544,32.100645],[-96.484938,32.099463],[-96.485416,32.098457],[-96.486998,32.097642],[-96.487192,32.097926],[-96.489263,32.096891],[-96.493387,32.103135],[-96.494672,32.10412],[-96.493177,32.105065],[-96.496755,32.110696],[-96.505476,32.118015],[-96.504791,32.118366]]]}},{"type":"Feature","properties":{"PRECINCT":"401","VTD":"0401"},"geometry":{"type":"Polygon","coordinates":[[[-96.483361,32.098337],[-96.480348,32.093742],[-96.476984,32.095377],[-96.476331,32.094414],[-96.472689,32.096235],[-96.472145,32.095422],[-96.468954,32.096998],[-96.468277,32.096093],[-96.481549,32.089622],[-96.484887,32.0946],[-96.486961,32.093592],[-96.489263,32.096891],[-96.487192,32.097926],[-96.486404,32.096781],[-96.483361,32.098337]]]}},{"type":"Feature","properties":{"PRECINCT":"402","VTD":"0402"},"geometry":{"type":"Polygon","coordinates":[[[-96.495275,32.105571],[-96.494492,32.10441],[-96.493221,32.105129],[-96.494672,32.10412],[-96.493387,32.103135],[-96.490929,32.099207],[-96.486961,32.093592],[-96.490143,32.092014],[-96.487887,32.08869],[-96.489632,32.088039],[-96.491812,32.086723],[-96.490872,32.085115],[-96.49541,32.083514],[-96.507968,32.077472],[-96.501878,32.06868],[-96.501692,32.067987],[-96.501858,32.065792],[-96.499125,32.06147],[-96.496778,32.046805],[-96.496402,32.045954],[-96.480836,32.022787],[-96.475816,32.025094],[-96.478843,31.994391],[-96.479782,31.992799],[-96.48405,31.989144],[-96.481579,31.984163],[-96.479232,31.97735],[-96.477299,31.973205],[-96.47685,31.972652],[-96.474709,31.971153],[-96.475108,31.967089],[-96.476401,31.967007],[-96.47665,31.967807],[-96.477766,31.968472],[-96.478701,31.968183],[-96.479315,31.967334],[-96.479704,31.967365],[-96.480165,31.967999],[-96.481751,31.967845],[-96.482069,31.967385],[-96.482636,31.967109],[-96.483403,31.967365],[-96.484109,31.966506],[-96.484437,31.966598],[-96.484826,31.967692],[-96.485123,31.967743],[-96.485481,31.967089],[-96.48547,31.966025],[-96.48718,31.965074],[-96.488824,31.966332],[-96.48864,31.96681],[-96.487482,31.96753],[-96.487961,31.968238],[-96.4905,31.967482],[-96.493146,31.967607],[-96.494032,31.967908],[-96.494575,31.967622],[-96.495325,31.967589],[-96.495902,31.968833],[-96.49624,31.968877],[-96.496559,31.968514],[-96.496908,31.968485],[-96.497188,31.969171],[-96.498496,31.969873],[-96.498429,31.970673],[-96.499721,31.970746],[-96.49974,31.971553],[-96.500802,31.972961],[-96.501134,31.972884],[-96.501357,31.97197],[-96.501641,31.971722],[-96.502068,31.97174],[-96.502596,31.972214],[-96.503245,31.971478],[-96.503898,31.971318],[-96.505269,31.971467],[-96.505859,31.971897],[-96.506096,31.973383],[-96.50719,31.973383],[-96.508123,31.973788],[-96.509144,31.973707],[-96.509465,31.974061],[-96.509498,31.974928],[-96.509863,31.975176],[-96.511113,31.975001],[-96.511766,31.974673],[-96.512962,31.972731],[-96.5138,31.972935],[-96.515051,31.972855],[-96.516221,31.972294],[-96.516753,31.972888],[-96.518084,31.972924],[-96.518493,31.973529],[-96.519535,31.973245],[-96.519648,31.972363],[-96.5208,31.972505],[-96.520753,31.971748],[-96.521125,31.971434],[-96.521996,31.972115],[-96.52223,31.973012],[-96.523579,31.973208],[-96.523856,31.97244],[-96.524924,31.972072],[-96.524928,31.971718],[-96.524202,31.97123],[-96.52418,31.970884],[-96.524778,31.970822],[-96.525985,31.971456],[-96.52628,31.971117],[-96.525755,31.970429],[-96.526142,31.970214],[-96.526751,31.970243],[-96.52744,31.970593],[-96.529091,31.970141],[-96.529832,31.970414],[-96.530058,31.970916],[-96.531108,31.970686],[-96.531471,31.970263],[-96.532233,31.970357],[-96.532951,31.969855],[-96.533863,31.970099],[-96.534118,31.970572],[-96.535879,31.970518],[-96.536495,31.971439],[-96.537396,31.971854],[-96.537133,31.97243],[-96.537202,31.973006],[-96.542215,31.977086],[-96.54507,31.979807],[-96.549202,31.985926],[-96.550508,31.987135],[-96.550905,31.987886],[-96.55166,31.9879],[-96.55625,31.992771],[-96.559517,31.994691],[-96.560735,31.994997],[-96.562336,31.996305],[-96.564486,31.997445],[-96.56628,31.997861],[-96.567246,31.997824],[-96.568183,31.997509],[-96.572383,31.998934],[-96.573406,31.999642],[-96.574491,32.000891],[-96.57776,32.003413],[-96.578785,32.004633],[-96.580161,32.00565],[-96.580567,32.006362],[-96.581827,32.006876],[-96.582451,32.007872],[-96.583236,32.00768],[-96.584373,32.007897],[-96.588331,32.009268],[-96.588752,32.00977],[-96.590302,32.010452],[-96.590815,32.012009],[-96.571285,32.024478],[-96.541918,32.041584],[-96.533028,32.051381],[-96.53461,32.053494],[-96.531397,32.055531],[-96.534343,32.059594],[-96.533066,32.060383],[-96.53276,32.060908],[-96.532365,32.060601],[-96.530795,32.061183],[-96.529833,32.059727],[-96.511836,32.068748],[-96.517621,32.077744],[-96.523543,32.074935],[-96.527569,32.080658],[-96.529203,32.079828],[-96.533602,32.086113],[-96.525798,32.089854],[-96.518267,32.088636],[-96.518731,32.089319],[-96.516594,32.090289],[-96.51538,32.088509],[-96.511755,32.090165],[-96.511841,32.090291],[-96.503692,32.094306],[-96.499699,32.101476],[-96.498396,32.102694],[-96.496888,32.104784],[-96.495275,32.105571]]]}},{"type":"Feature","properties":{"PRECINCT":"403","VTD":"0403"},"geometry":{"type":"Polygon","coordinates":[[[-96.673327,32.178668],[-96.671548,32.17776],[-96.670056,32.177374],[-96.668801,32.177309],[-96.668383,32.176575],[-96.666752,32.175759],[-96.666192,32.17365],[-96.666641,32.172069],[-96.667061,32.171639],[-96.666873,32.170917],[-96.667607,32.169995],[-96.667839,32.168666],[-96.667419,32.166497],[-96.667651,32.166049],[-96.667434,32.164482],[-96.667791,32.163688],[-96.667448,32.162785],[-96.668103,32.162646],[-96.668245,32.162391],[-96.668029,32.162022],[-96.669427,32.160941],[-96.669444,32.159818],[-96.669904,32.158231],[-96.670307,32.158214],[-96.670409,32.158606],[-96.671352,32.158538],[-96.671256,32.158254],[-96.669881,32.157488],[-96.669719,32.15675],[-96.670071,32.156297],[-96.671501,32.155482],[-96.671389,32.153863],[-96.672582,32.152642],[-96.672824,32.151643],[-96.672205,32.15043],[-96.672038,32.148383],[-96.670929,32.146426],[-96.67157,32.145217],[-96.67079,32.144427],[-96.670833,32.142584],[-96.669708,32.139469],[-96.669987,32.138582],[-96.670579,32.138457],[-96.670405,32.13706],[-96.671124,32.137026],[-96.671075,32.136341],[-96.671483,32.135838],[-96.670381,32.133375],[-96.671647,32.133276],[-96.671394,32.133111],[-96.672022,32.133007],[-96.672761,32.130282],[-96.674255,32.127701],[-96.674736,32.127532],[-96.675298,32.126888],[-96.677576,32.126098],[-96.678415,32.125326],[-96.680856,32.125774],[-96.681308,32.125661],[-96.681806,32.124572],[-96.682798,32.124744],[-96.683045,32.123756],[-96.683609,32.123752],[-96.683774,32.123296],[-96.683401,32.122813],[-96.683478,32.12254],[-96.683878,32.122445],[-96.68441,32.122959],[-96.685055,32.123027],[-96.685189,32.122022],[-96.686276,32.122014],[-96.686721,32.121788],[-96.686544,32.120928],[-96.687858,32.121133],[-96.688184,32.120953],[-96.688503,32.121122],[-96.688662,32.120911],[-96.689122,32.121122],[-96.689476,32.120812],[-96.689811,32.12144],[-96.690227,32.12146],[-96.690878,32.120585],[-96.691622,32.120499],[-96.692343,32.120769],[-96.693198,32.120599],[-96.693974,32.119706],[-96.694618,32.11958],[-96.692557,32.106371],[-96.692354,32.106254],[-96.689243,32.107735],[-96.685721,32.102361],[-96.653928,32.102424],[-96.651164,32.09852],[-96.651193,32.097785],[-96.650101,32.096165],[-96.649578,32.096035],[-96.64976,32.095646],[-96.647215,32.091721],[-96.647478,32.091344],[-96.651441,32.089348],[-96.651279,32.086188],[-96.651401,32.085785],[-96.651952,32.085324],[-96.65181,32.084578],[-96.651211,32.084576],[-96.650684,32.085025],[-96.650544,32.084744],[-96.650958,32.084249],[-96.650719,32.08399],[-96.650046,32.084345],[-96.649327,32.083863],[-96.648861,32.08426],[-96.647446,32.084027],[-96.647873,32.083509],[-96.647309,32.082898],[-96.645958,32.083427],[-96.645354,32.08341],[-96.644751,32.08216],[-96.644392,32.082228],[-96.644283,32.082742],[-96.643775,32.083045],[-96.642858,32.082333],[-96.642931,32.081916],[-96.642582,32.08204],[-96.642322,32.081818],[-96.642382,32.081175],[-96.641471,32.081131],[-96.641395,32.080224],[-96.640651,32.080271],[-96.639864,32.080866],[-96.639039,32.080813],[-96.638827,32.079577],[-96.637877,32.078926],[-96.63873,32.07821],[-96.637644,32.077892],[-96.637331,32.077381],[-96.636829,32.077848],[-96.636544,32.07781],[-96.636231,32.076879],[-96.635767,32.076638],[-96.635781,32.076389],[-96.636123,32.076248],[-96.635992,32.075848],[-96.634472,32.075953],[-96.634365,32.076208],[-96.633812,32.076233],[-96.633777,32.076619],[-96.633314,32.076028],[-96.632805,32.076017],[-96.632647,32.074762],[-96.632851,32.074303],[-96.632506,32.073611],[-96.633223,32.072681],[-96.632631,32.072166],[-96.626619,32.073121],[-96.626251,32.072924],[-96.624516,32.070205],[-96.616849,32.073999],[-96.603522,32.053891],[-96.602948,32.052331],[-96.609978,32.048639],[-96.613762,32.047165],[-96.616477,32.045658],[-96.615773,32.045364],[-96.615394,32.044249],[-96.613343,32.044497],[-96.612764,32.042997],[-96.610646,32.042544],[-96.610452,32.04208],[-96.610827,32.041505],[-96.611604,32.041418],[-96.611961,32.041151],[-96.610427,32.040762],[-96.610234,32.040197],[-96.607703,32.039551],[-96.605244,32.037861],[-96.604557,32.038161],[-96.603652,32.037908],[-96.603503,32.037441],[-96.603772,32.036693],[-96.602496,32.034784],[-96.602419,32.034148],[-96.604617,32.033817],[-96.609322,32.031042],[-96.610413,32.030724],[-96.619703,32.03139],[-96.621752,32.031927],[-96.622963,32.031301],[-96.624219,32.030065],[-96.62564,32.029729],[-96.627721,32.02787],[-96.625673,32.024484],[-96.625902,32.024318],[-96.637852,32.018425],[-96.640277,32.021825],[-96.647114,32.018333],[-96.648343,32.018034],[-96.649385,32.017274],[-96.670869,32.006678],[-96.67045,32.006062],[-96.674433,32.004924],[-96.681198,32.001559],[-96.682582,32.000024],[-96.685148,31.995567],[-96.686652,31.994176],[-96.710625,31.982267],[-96.714849,31.97992],[-96.728856,31.973171],[-96.729538,31.974078],[-96.728617,31.974992],[-96.728886,31.975287],[-96.728577,31.975614],[-96.728918,31.976144],[-96.728603,31.976358],[-96.728753,31.976644],[-96.728407,31.977537],[-96.729119,31.978252],[-96.728422,31.979285],[-96.728759,31.97976],[-96.729385,31.980021],[-96.729022,31.980475],[-96.729128,31.980984],[-96.728625,31.981173],[-96.728621,31.981714],[-96.727655,31.982166],[-96.727796,31.98289],[-96.727576,31.984126],[-96.727024,31.985337],[-96.727324,31.985849],[-96.726566,31.986027],[-96.726649,31.986388],[-96.726389,31.986345],[-96.726351,31.986658],[-96.726583,31.987232],[-96.727475,31.987854],[-96.727682,31.988274],[-96.727949,31.989942],[-96.728248,31.990063],[-96.727961,31.990178],[-96.728034,31.99067],[-96.728598,31.991348],[-96.728478,31.99169],[-96.72814,31.991538],[-96.727762,31.991819],[-96.727867,31.99217],[-96.727476,31.992128],[-96.727692,31.993406],[-96.728099,31.993566],[-96.728198,31.993094],[-96.728551,31.993064],[-96.729599,31.99393],[-96.72971,31.994408],[-96.730289,31.994446],[-96.730345,31.994783],[-96.730058,31.994922],[-96.730184,31.995932],[-96.730767,31.99679],[-96.73159,31.99944],[-96.731999,31.999475],[-96.732095,31.99979],[-96.732568,32.000039],[-96.732082,32.000143],[-96.732355,32.001066],[-96.726189,32.00414],[-96.731191,32.011409],[-96.732067,32.012141],[-96.735976,32.013723],[-96.737011,32.01442],[-96.744911,32.021479],[-96.75094,32.025747],[-96.75425,32.028592],[-96.755465,32.029153],[-96.756728,32.029234],[-96.756625,32.029479],[-96.754864,32.030488],[-96.755815,32.032171],[-96.755677,32.032426],[-96.741973,32.039011],[-96.741486,32.03944],[-96.741455,32.039661],[-96.742451,32.039551],[-96.742223,32.040385],[-96.742422,32.040522],[-96.742738,32.040368],[-96.742922,32.040754],[-96.743852,32.040985],[-96.744145,32.040776],[-96.744848,32.040759],[-96.744471,32.0415],[-96.744214,32.043371],[-96.744591,32.044722],[-96.743979,32.046283],[-96.744431,32.046942],[-96.745532,32.047718],[-96.745758,32.048817],[-96.745598,32.049053],[-96.744788,32.048997],[-96.744393,32.049251],[-96.744553,32.050413],[-96.743753,32.05171],[-96.744186,32.05267],[-96.743692,32.053232],[-96.744094,32.053373],[-96.744354,32.053807],[-96.744391,32.054777],[-96.743043,32.054876],[-96.744408,32.058101],[-96.744667,32.058179],[-96.744931,32.057658],[-96.745633,32.057997],[-96.745335,32.058619],[-96.74566,32.058712],[-96.745362,32.05912],[-96.745688,32.059385],[-96.744855,32.06015],[-96.74518,32.060536],[-96.744464,32.061118],[-96.745295,32.061675],[-96.745598,32.062264],[-96.745601,32.064096],[-96.74484,32.064891],[-96.742831,32.065396],[-96.743307,32.065955],[-96.742778,32.066429],[-96.742808,32.068334],[-96.741857,32.069179],[-96.74211,32.070397],[-96.741945,32.072167],[-96.740959,32.072432],[-96.74028,32.073465],[-96.727333,32.079704],[-96.728757,32.081864],[-96.728359,32.082616],[-96.731106,32.086835],[-96.730991,32.087078],[-96.728206,32.088504],[-96.730592,32.088018],[-96.745491,32.087252],[-96.746046,32.087985],[-96.746761,32.088247],[-96.746842,32.089408],[-96.747397,32.089646],[-96.746954,32.090066],[-96.747985,32.090691],[-96.749531,32.093138],[-96.749814,32.093085],[-96.750039,32.093429],[-96.750772,32.093457],[-96.751454,32.094116],[-96.751748,32.096366],[-96.752199,32.097546],[-96.752052,32.098549],[-96.752221,32.099148],[-96.752017,32.099452],[-96.752188,32.09987],[-96.751705,32.100476],[-96.752263,32.101072],[-96.752467,32.101861],[-96.753082,32.102119],[-96.753226,32.10282],[-96.753746,32.103085],[-96.753988,32.103903],[-96.754628,32.10389],[-96.755942,32.104942],[-96.757453,32.104779],[-96.757429,32.105418],[-96.75845,32.105369],[-96.759276,32.106206],[-96.759358,32.106698],[-96.759949,32.106454],[-96.759902,32.107045],[-96.760184,32.107224],[-96.760522,32.107277],[-96.760647,32.106927],[-96.760988,32.106887],[-96.76123,32.107812],[-96.762124,32.108545],[-96.762065,32.10922],[-96.762562,32.109267],[-96.762454,32.109955],[-96.763027,32.110025],[-96.762609,32.110619],[-96.763282,32.110624],[-96.763117,32.111145],[-96.763529,32.111939],[-96.763517,32.112685],[-96.764492,32.112935],[-96.764994,32.113509],[-96.764924,32.114102],[-96.765575,32.114399],[-96.766096,32.11506],[-96.765829,32.115595],[-96.765421,32.115658],[-96.765647,32.116079],[-96.765475,32.116552],[-96.766271,32.116753],[-96.766039,32.117058],[-96.766173,32.117538],[-96.76546,32.117845],[-96.764986,32.119121],[-96.765186,32.120058],[-96.764673,32.12012],[-96.764255,32.120964],[-96.763376,32.121057],[-96.762773,32.122163],[-96.763131,32.122859],[-96.762764,32.123205],[-96.771568,32.135703],[-96.749866,32.146495],[-96.690827,32.174945],[-96.688232,32.175199],[-96.684898,32.175085],[-96.683752,32.175541],[-96.682581,32.177069],[-96.681701,32.177568],[-96.676909,32.178336],[-96.674897,32.178358],[-96.674006,32.178706],[-96.673327,32.178668]]]}},{"type":"Feature","properties":{"PRECINCT":"404","VTD":"0404"},"geometry":{"type":"Polygon","coordinates":[[[-96.763482,32.120998],[-96.764255,32.120964],[-96.764673,32.12012],[-96.765186,32.120058],[-96.764986,32.119121],[-96.76546,32.117845],[-96.766173,32.117538],[-96.766039,32.117058],[-96.766271,32.116753],[-96.765475,32.116552],[-96.765647,32.116079],[-96.765421,32.115658],[-96.765829,32.115595],[-96.766096,32.11506],[-96.765575,32.114399],[-96.764924,32.114102],[-96.764994,32.113509],[-96.764492,32.112935],[-96.763517,32.112685],[-96.763529,32.111939],[-96.763117,32.111145],[-96.763282,32.110624],[-96.762609,32.110619],[-96.763027,32.110025],[-96.762454,32.109955],[-96.762562,32.109267],[-96.762065,32.10922],[-96.762124,32.108545],[-96.76123,32.107812],[-96.760988,32.106887],[-96.760647,32.106927],[-96.760522,32.107277],[-96.760184,32.107224],[-96.759902,32.107045],[-96.759949,32.106454],[-96.759358,32.106698],[-96.759276,32.106206],[-96.75845,32.105369],[-96.757429,32.105418],[-96.757453,32.104779],[-96.755942,32.104942],[-96.754628,32.10389],[-96.753988,32.103903],[-96.753746,32.103085],[-96.753226,32.10282],[-96.753082,32.102119],[-96.752467,32.101861],[-96.752263,32.101072],[-96.751705,32.100476],[-96.752188,32.09987],[-96.752017,32.099452],[-96.752221,32.099148],[-96.752052,32.098549],[-96.752199,32.097546],[-96.751748,32.096366],[-96.751454,32.094116],[-96.750772,32.093457],[-96.750039,32.093429],[-96.749814,32.093085],[-96.749531,32.093138],[-96.747985,32.090691],[-96.746954,32.090066],[-96.747397,32.089646],[-96.746842,32.089408],[-96.746761,32.088247],[-96.746046,32.087985],[-96.745491,32.087252],[-96.730592,32.088018],[-96.728206,32.088504],[-96.730991,32.087078],[-96.731106,32.086835],[-96.728359,32.082616],[-96.728757,32.081864],[-96.727333,32.079704],[-96.74028,32.073465],[-96.740959,32.072432],[-96.741945,32.072167],[-96.74211,32.070397],[-96.741857,32.069179],[-96.742808,32.068334],[-96.742778,32.066429],[-96.743307,32.065955],[-96.742831,32.065396],[-96.74484,32.064891],[-96.745601,32.064096],[-96.745598,32.062264],[-96.745295,32.061675],[-96.744464,32.061118],[-96.74518,32.060536],[-96.744855,32.06015],[-96.745688,32.059385],[-96.745362,32.05912],[-96.74566,32.058712],[-96.745335,32.058619],[-96.745633,32.057997],[-96.744931,32.057658],[-96.744667,32.058179],[-96.744408,32.058101],[-96.743043,32.054876],[-96.744391,32.054777],[-96.744354,32.053807],[-96.744094,32.053373],[-96.743692,32.053232],[-96.744186,32.05267],[-96.743753,32.05171],[-96.744553,32.050413],[-96.744393,32.049251],[-96.744788,32.048997],[-96.745598,32.049053],[-96.745758,32.048817],[-96.745532,32.047718],[-96.744431,32.046942],[-96.743979,32.046283],[-96.744591,32.044722],[-96.744214,32.043371],[-96.744471,32.0415],[-96.744848,32.040759],[-96.744145,32.040776],[-96.743852,32.040985],[-96.742922,32.040754],[-96.742738,32.040368],[-96.742422,32.040522],[-96.742223,32.040385],[-96.742451,32.039551],[-96.741455,32.039661],[-96.741486,32.03944],[-96.741973,32.039011],[-96.755677,32.032426],[-96.755815,32.032171],[-96.754864,32.030488],[-96.756625,32.029479],[-96.756728,32.029234],[-96.755465,32.029153],[-96.75425,32.028592],[-96.75094,32.025747],[-96.744911,32.021479],[-96.737011,32.01442],[-96.735976,32.013723],[-96.732067,32.012141],[-96.731191,32.011409],[-96.726189,32.00414],[-96.732355,32.001066],[-96.732082,32.000143],[-96.732568,32.000039],[-96.732095,31.99979],[-96.731999,31.999475],[-96.73159,31.99944],[-96.730767,31.99679],[-96.730184,31.995932],[-96.730058,31.994922],[-96.730345,31.994783],[-96.730289,31.994446],[-96.72971,31.994408],[-96.729599,31.99393],[-96.728551,31.993064],[-96.728198,31.993094],[-96.728099,31.993566],[-96.727692,31.993406],[-96.727476,31.992128],[-96.727867,31.99217],[-96.727762,31.991819],[-96.72814,31.991538],[-96.728478,31.99169],[-96.728598,31.991348],[-96.728034,31.99067],[-96.727961,31.990178],[-96.728248,31.990063],[-96.727949,31.989942],[-96.727682,31.988274],[-96.727475,31.987854],[-96.726583,31.987232],[-96.726351,31.986658],[-96.726389,31.986345],[-96.726649,31.986388],[-96.726566,31.986027],[-96.727324,31.985849],[-96.727024,31.985337],[-96.727576,31.984126],[-96.727796,31.98289],[-96.727655,31.982166],[-96.728621,31.981714],[-96.728625,31.981173],[-96.729128,31.980984],[-96.729022,31.980475],[-96.729385,31.980021],[-96.728759,31.97976],[-96.728422,31.979285],[-96.729119,31.978252],[-96.728407,31.977537],[-96.728753,31.976644],[-96.728603,31.976358],[-96.728918,31.976144],[-96.728577,31.975614],[-96.728886,31.975287],[-96.728617,31.974992],[-96.729527,31.974115],[-96.729302,31.973153],[-96.72954,31.973376],[-96.729685,31.972855],[-96.730651,31.972703],[-96.730734,31.972101],[-96.731174,31.971867],[-96.73141,31.970938],[-96.731264,31.97043],[-96.731562,31.970206],[-96.731956,31.968512],[-96.73311,31.967905],[-96.734731,31.96763],[-96.733865,31.966735],[-96.733435,31.964908],[-96.734062,31.962446],[-96.735292,31.960335],[-96.736532,31.959475],[-96.736254,31.961114],[-96.736912,31.962643],[-96.737543,31.963021],[-96.738689,31.96305],[-96.739735,31.962602],[-96.740545,31.96259],[-96.741238,31.962091],[-96.741816,31.961069],[-96.742578,31.960514],[-96.742633,31.959699],[-96.743291,31.959162],[-96.744001,31.959237],[-96.744181,31.959057],[-96.746387,31.959277],[-96.746865,31.95869],[-96.747024,31.959083],[-96.747883,31.959602],[-96.749063,31.962406],[-96.749017,31.961636],[-96.74964,31.959929],[-96.750033,31.960002],[-96.75032,31.960625],[-96.750554,31.960429],[-96.750358,31.958703],[-96.749316,31.957306],[-96.749466,31.956261],[-96.749229,31.955489],[-96.752851,31.957404],[-96.754578,31.956763],[-96.756228,31.956708],[-96.757144,31.956416],[-96.757895,31.95553],[-96.757524,31.954599],[-96.757959,31.954497],[-96.758393,31.954883],[-96.759048,31.954891],[-96.760511,31.956149],[-96.76179,31.956725],[-96.762256,31.956729],[-96.762764,31.957136],[-96.763887,31.958932],[-96.765877,31.960747],[-96.766245,31.960962],[-96.768371,31.960985],[-96.768529,31.960935],[-96.76808,31.96072],[-96.768015,31.960324],[-96.768358,31.959918],[-96.767378,31.959519],[-96.767013,31.95975],[-96.766607,31.958952],[-96.765133,31.957291],[-96.765377,31.956629],[-96.765859,31.95655],[-96.766127,31.953829],[-96.766383,31.953546],[-96.766262,31.95312],[-96.767036,31.952438],[-96.768923,31.952995],[-96.771076,31.952519],[-96.771636,31.952852],[-96.772651,31.953023],[-96.772916,31.953457],[-96.773273,31.953506],[-96.773775,31.954673],[-96.774586,31.955356],[-96.774663,31.955835],[-96.775303,31.956079],[-96.775854,31.956812],[-96.775698,31.957857],[-96.776413,31.958627],[-96.776789,31.958453],[-96.777847,31.95861],[-96.778801,31.959206],[-96.780259,31.958958],[-96.781144,31.960282],[-96.782171,31.96107],[-96.782674,31.961032],[-96.783042,31.960465],[-96.7823,31.958514],[-96.783823,31.959078],[-96.783759,31.958207],[-96.784135,31.95741],[-96.783556,31.95583],[-96.782353,31.95424],[-96.782363,31.954057],[-96.782665,31.954249],[-96.782849,31.954121],[-96.782601,31.953415],[-96.78372,31.953965],[-96.784823,31.95494],[-96.78552,31.95516],[-96.788442,31.953817],[-96.788763,31.953469],[-96.788268,31.952552],[-96.788652,31.952071],[-96.788358,31.951302],[-96.786853,31.950382],[-96.78711,31.949025],[-96.786926,31.94853],[-96.787227,31.947508],[-96.786392,31.946949],[-96.786429,31.946014],[-96.785732,31.945785],[-96.785622,31.945363],[-96.786737,31.944778],[-96.788676,31.943179],[-96.788519,31.941932],[-96.789021,31.941115],[-96.788806,31.940077],[-96.790499,31.939131],[-96.790183,31.938099],[-96.789009,31.937148],[-96.788928,31.936474],[-96.78911,31.936379],[-96.790042,31.936777],[-96.790933,31.936417],[-96.791703,31.936469],[-96.792438,31.935587],[-96.792829,31.935518],[-96.793435,31.935887],[-96.793482,31.936277],[-96.794241,31.936526],[-96.794819,31.937404],[-96.795369,31.936599],[-96.795711,31.9367],[-96.796027,31.937263],[-96.796927,31.936713],[-96.797368,31.936918],[-96.798235,31.936909],[-96.801167,31.936635],[-96.802414,31.936216],[-96.802333,31.935895],[-96.846089,31.999428],[-96.896209,32.073977],[-96.771568,32.135703],[-96.762764,32.123205],[-96.763131,32.122859],[-96.762773,32.122163],[-96.763482,32.120998]]]}},{"type":"Feature","properties":{"PRECINCT":"405","VTD":"0405"},"geometry":{"type":"Polygon","coordinates":[[[-96.60263,32.030796],[-96.601266,32.029722],[-96.599472,32.029217],[-96.599417,32.028962],[-96.599957,32.028391],[-96.599395,32.028112],[-96.59925,32.027533],[-96.597725,32.02697],[-96.597134,32.026121],[-96.596353,32.025909],[-96.59766,32.024486],[-96.597497,32.023507],[-96.597189,32.022882],[-96.596439,32.02272],[-96.595766,32.022056],[-96.595747,32.02142],[-96.595058,32.021096],[-96.594343,32.021293],[-96.593992,32.019688],[-96.594121,32.018659],[-96.593635,32.018056],[-96.592398,32.01459],[-96.592337,32.013831],[-96.591733,32.013733],[-96.590785,32.013047],[-96.590989,32.012386],[-96.590267,32.010416],[-96.588752,32.00977],[-96.588331,32.009268],[-96.587168,32.00898],[-96.585823,32.008302],[-96.583346,32.007686],[-96.582451,32.007872],[-96.581827,32.006876],[-96.580567,32.006362],[-96.580161,32.00565],[-96.578785,32.004633],[-96.57776,32.003413],[-96.574491,32.000891],[-96.573406,31.999642],[-96.572383,31.998934],[-96.568183,31.997509],[-96.567246,31.997824],[-96.56628,31.997861],[-96.564486,31.997445],[-96.562336,31.996305],[-96.560735,31.994997],[-96.559517,31.994691],[-96.556607,31.993019],[-96.55166,31.9879],[-96.550861,31.987842],[-96.550508,31.987135],[-96.549202,31.985926],[-96.54507,31.979807],[-96.542215,31.977086],[-96.537202,31.973006],[-96.53733,31.971767],[-96.536495,31.971439],[-96.535879,31.970518],[-96.534118,31.970572],[-96.533863,31.970099],[-96.533042,31.969862],[-96.532233,31.970357],[-96.531471,31.970263],[-96.531108,31.970686],[-96.529956,31.970901],[-96.529886,31.969605],[-96.531173,31.969871],[-96.53141,31.969416],[-96.531013,31.969044],[-96.531071,31.968698],[-96.531669,31.968742],[-96.532792,31.968349],[-96.532927,31.967817],[-96.533383,31.96758],[-96.535279,31.967449],[-96.535727,31.967726],[-96.536081,31.969165],[-96.536839,31.968611],[-96.537273,31.969489],[-96.53774,31.969584],[-96.53825,31.969314],[-96.539041,31.968061],[-96.53914,31.967489],[-96.539803,31.967809],[-96.540467,31.967205],[-96.541229,31.967766],[-96.541466,31.967558],[-96.541141,31.96687],[-96.541313,31.966593],[-96.54183,31.966775],[-96.542309,31.967423],[-96.543404,31.966732],[-96.543703,31.96585],[-96.544655,31.965723],[-96.545457,31.965927],[-96.54519,31.964721],[-96.544596,31.964276],[-96.544713,31.96408],[-96.545592,31.964101],[-96.545803,31.96393],[-96.545829,31.963322],[-96.545231,31.962528],[-96.545493,31.962451],[-96.546153,31.96279],[-96.546733,31.961661],[-96.548085,31.961628],[-96.548271,31.960983],[-96.549289,31.96063],[-96.549442,31.960182],[-96.549,31.959566],[-96.549824,31.958539],[-96.549945,31.95797],[-96.552672,31.957712],[-96.55292,31.957176],[-96.553362,31.956955],[-96.553686,31.957009],[-96.554127,31.957723],[-96.555297,31.95769],[-96.555603,31.957063],[-96.555574,31.956469],[-96.555148,31.955999],[-96.554969,31.955289],[-96.555993,31.955249],[-96.556219,31.954542],[-96.557003,31.954371],[-96.558046,31.954965],[-96.558662,31.953821],[-96.558881,31.953781],[-96.559216,31.954134],[-96.559548,31.953945],[-96.559858,31.952721],[-96.560172,31.952717],[-96.560562,31.953289],[-96.561266,31.952877],[-96.562323,31.952797],[-96.562754,31.952547],[-96.562878,31.951421],[-96.563377,31.951253],[-96.564176,31.95168],[-96.563899,31.951173],[-96.564081,31.950911],[-96.566422,31.951439],[-96.566546,31.950765],[-96.565955,31.94996],[-96.567151,31.949275],[-96.56699,31.948667],[-96.567195,31.948365],[-96.568277,31.948441],[-96.568901,31.948106],[-96.568981,31.947632],[-96.569426,31.947224],[-96.570633,31.947257],[-96.571169,31.946933],[-96.571978,31.947013],[-96.572128,31.945632],[-96.57293,31.945727],[-96.573528,31.945253],[-96.573896,31.945228],[-96.573692,31.944889],[-96.572627,31.945057],[-96.572452,31.944816],[-96.57325,31.944197],[-96.573312,31.943603],[-96.573899,31.943006],[-96.575019,31.942947],[-96.575387,31.943133],[-96.575518,31.942667],[-96.57608,31.942153],[-96.576368,31.94215],[-96.576867,31.942652],[-96.577877,31.941975],[-96.578759,31.942015],[-96.579788,31.941712],[-96.579788,31.940783],[-96.579277,31.940044],[-96.57943,31.939607],[-96.579671,31.939388],[-96.580644,31.939651],[-96.581366,31.93882],[-96.581691,31.938008],[-96.582763,31.937494],[-96.583645,31.937789],[-96.583724,31.936541],[-96.584289,31.935922],[-96.585635,31.936088],[-96.586821,31.935617],[-96.588357,31.937028],[-96.588652,31.936171],[-96.590299,31.935974],[-96.590812,31.935186],[-96.591725,31.934519],[-96.592434,31.935035],[-96.593347,31.935163],[-96.593212,31.935414],[-96.592165,31.935689],[-96.592046,31.935952],[-96.593423,31.93649],[-96.594323,31.936449],[-96.595492,31.935619],[-96.595714,31.93574],[-96.595698,31.93639],[-96.595939,31.936668],[-96.596888,31.937002],[-96.597739,31.93676],[-96.598458,31.936998],[-96.598767,31.93687],[-96.599012,31.936215],[-96.599838,31.935641],[-96.600613,31.935599],[-96.600894,31.935735],[-96.601138,31.936548],[-96.601732,31.936308],[-96.603058,31.936561],[-96.603913,31.937109],[-96.604811,31.936862],[-96.604795,31.936256],[-96.604338,31.935307],[-96.604687,31.934709],[-96.605435,31.934384],[-96.60629,31.934439],[-96.607932,31.932914],[-96.609552,31.933061],[-96.610459,31.932789],[-96.610772,31.932051],[-96.611157,31.931835],[-96.61214,31.932154],[-96.614862,31.93131],[-96.615846,31.931174],[-96.616672,31.931333],[-96.616445,31.930579],[-96.617443,31.930313],[-96.617675,31.929994],[-96.617303,31.929259],[-96.617537,31.928837],[-96.61737,31.928524],[-96.617625,31.928428],[-96.618642,31.928862],[-96.619004,31.928459],[-96.61922,31.927528],[-96.620006,31.926886],[-96.620767,31.927001],[-96.622543,31.926427],[-96.622698,31.926791],[-96.623488,31.927224],[-96.624049,31.926947],[-96.624424,31.92718],[-96.62477,31.928837],[-96.625067,31.928826],[-96.625173,31.928324],[-96.625543,31.928164],[-96.627163,31.928573],[-96.627435,31.92911],[-96.626797,31.929706],[-96.6275,31.930172],[-96.628002,31.929948],[-96.627937,31.929346],[-96.628452,31.92902],[-96.629185,31.929475],[-96.629913,31.92941],[-96.630203,31.930071],[-96.631762,31.929669],[-96.632935,31.930077],[-96.633945,31.929823],[-96.634701,31.930201],[-96.634849,31.929528],[-96.634258,31.928909],[-96.634685,31.928356],[-96.636026,31.927914],[-96.637491,31.927819],[-96.63807,31.92763],[-96.638551,31.927062],[-96.639795,31.927027],[-96.640947,31.926354],[-96.642281,31.926029],[-96.64266,31.926188],[-96.642518,31.926619],[-96.642689,31.926867],[-96.643469,31.926525],[-96.644098,31.927187],[-96.645593,31.926927],[-96.645994,31.927559],[-96.646811,31.927781],[-96.647106,31.92833],[-96.646693,31.928831],[-96.646604,31.929498],[-96.647006,31.929852],[-96.648161,31.930014],[-96.648533,31.92953],[-96.649047,31.929465],[-96.650326,31.930721],[-96.6512,31.930362],[-96.651389,31.931141],[-96.653497,31.930917],[-96.65435,31.931107],[-96.654935,31.931686],[-96.65613,31.931367],[-96.656934,31.93155],[-96.657956,31.931036],[-96.658781,31.932188],[-96.659458,31.932233],[-96.659752,31.931768],[-96.660344,31.931736],[-96.662738,31.932334],[-96.663254,31.932903],[-96.665416,31.932442],[-96.666604,31.93279],[-96.667874,31.932406],[-96.669342,31.933233],[-96.669862,31.933265],[-96.670418,31.933089],[-96.671132,31.932248],[-96.671107,31.932035],[-96.670647,31.932003],[-96.670302,31.931594],[-96.670896,31.931038],[-96.673735,31.930698],[-96.676072,31.93112],[-96.676827,31.93104],[-96.677359,31.93138],[-96.677601,31.931992],[-96.678535,31.932345],[-96.67946,31.932402],[-96.679676,31.932622],[-96.679425,31.933415],[-96.679455,31.934942],[-96.680137,31.935417],[-96.6796,31.936191],[-96.680485,31.937264],[-96.681119,31.937641],[-96.681092,31.938232],[-96.681901,31.938606],[-96.681867,31.939415],[-96.681275,31.94004],[-96.681466,31.940516],[-96.681846,31.940597],[-96.682656,31.940047],[-96.683193,31.940121],[-96.683332,31.94097],[-96.684329,31.941592],[-96.684011,31.942093],[-96.684255,31.942331],[-96.685611,31.942053],[-96.686167,31.941617],[-96.686694,31.941671],[-96.686679,31.941939],[-96.685546,31.942495],[-96.685239,31.94287],[-96.685943,31.944061],[-96.687511,31.942678],[-96.688982,31.942552],[-96.689255,31.942715],[-96.689369,31.943329],[-96.690437,31.943574],[-96.691349,31.944161],[-96.692175,31.943676],[-96.692834,31.945522],[-96.693987,31.945263],[-96.694759,31.946548],[-96.694676,31.947273],[-96.695795,31.947536],[-96.695933,31.948194],[-96.696527,31.948952],[-96.696316,31.949441],[-96.696908,31.949784],[-96.696551,31.950469],[-96.697781,31.95038],[-96.701297,31.953876],[-96.702914,31.955069],[-96.704719,31.955604],[-96.708909,31.954992],[-96.712772,31.954853],[-96.722324,31.955278],[-96.726231,31.954839],[-96.727578,31.956117],[-96.728566,31.95784],[-96.729547,31.960958],[-96.730491,31.966875],[-96.7302,31.969662],[-96.729289,31.972334],[-96.728536,31.97341],[-96.727012,31.973964],[-96.72623,31.974535],[-96.714849,31.97992],[-96.710625,31.982267],[-96.686652,31.994176],[-96.685148,31.995567],[-96.682582,32.000024],[-96.681198,32.001559],[-96.674433,32.004924],[-96.67045,32.006062],[-96.670869,32.006678],[-96.649385,32.017274],[-96.648343,32.018034],[-96.647114,32.018333],[-96.640277,32.021825],[-96.637852,32.018425],[-96.625902,32.024318],[-96.625673,32.024484],[-96.627721,32.02787],[-96.62564,32.029729],[-96.624219,32.030065],[-96.622963,32.031301],[-96.621752,32.031927],[-96.619703,32.03139],[-96.610413,32.030724],[-96.609322,32.031042],[-96.604617,32.033817],[-96.602419,32.034148],[-96.602903,32.032417],[-96.602647,32.031864],[-96.60263,32.030796]]]}},{"type":"Feature","properties":{"PRECINCT":"406","VTD":"0406"},"geometry":{"type":"Polygon","coordinates":[[[-96.509144,31.973707],[-96.508123,31.973788],[-96.50719,31.973383],[-96.506096,31.973383],[-96.50575,31.971711],[-96.504036,31.971318],[-96.503143,31.971507],[-96.502596,31.972214],[-96.502068,31.97174],[-96.501513,31.971784],[-96.501196,31.972789],[-96.500802,31.972961],[-96.49974,31.971553],[-96.499721,31.970746],[-96.498429,31.970673],[-96.498496,31.969873],[-96.497188,31.969171],[-96.496908,31.968485],[-96.496559,31.968514],[-96.49624,31.968877],[-96.495902,31.968833],[-96.495325,31.967589],[-96.494575,31.967622],[-96.494032,31.967908],[-96.493146,31.967607],[-96.4905,31.967482],[-96.487961,31.968238],[-96.487482,31.96753],[-96.48864,31.96681],[-96.488824,31.966332],[-96.487405,31.965115],[-96.486954,31.965095],[-96.486279,31.965688],[-96.48547,31.966025],[-96.485481,31.967089],[-96.485123,31.967743],[-96.484826,31.967692],[-96.484437,31.966598],[-96.484109,31.966506],[-96.483403,31.967365],[-96.482636,31.967109],[-96.482069,31.967385],[-96.481751,31.967845],[-96.480165,31.967999],[-96.479704,31.967365],[-96.479315,31.967334],[-96.478701,31.968183],[-96.477766,31.968472],[-96.47665,31.967807],[-96.476401,31.967007],[-96.47532,31.967101],[-96.47556,31.966243],[-96.476228,31.965888],[-96.476643,31.965262],[-96.478081,31.96615],[-96.478436,31.966099],[-96.478072,31.965169],[-96.479147,31.964873],[-96.479443,31.964206],[-96.479325,31.963791],[-96.478546,31.963521],[-96.47825,31.96281],[-96.477691,31.962407],[-96.477759,31.96201],[-96.47852,31.961815],[-96.478639,31.961604],[-96.477649,31.961477],[-96.47759,31.961105],[-96.47803,31.960691],[-96.477387,31.960615],[-96.476126,31.959364],[-96.47629,31.958064],[-96.476745,31.957788],[-96.477877,31.957692],[-96.478078,31.957342],[-96.477685,31.955985],[-96.478139,31.955338],[-96.477244,31.954143],[-96.477803,31.95351],[-96.477155,31.953471],[-96.476872,31.953092],[-96.477654,31.952266],[-96.478279,31.952046],[-96.478584,31.951543],[-96.47926,31.951333],[-96.479312,31.950327],[-96.480058,31.949735],[-96.480752,31.949722],[-96.481153,31.950072],[-96.481344,31.950454],[-96.481204,31.95116],[-96.481446,31.951345],[-96.48172,31.950047],[-96.482115,31.950066],[-96.48238,31.950421],[-96.483008,31.949483],[-96.483327,31.949448],[-96.483974,31.949832],[-96.484948,31.949186],[-96.485414,31.948328],[-96.485057,31.947543],[-96.485798,31.947552],[-96.48777,31.946268],[-96.487074,31.945603],[-96.487577,31.945309],[-96.487851,31.944551],[-96.486771,31.94456],[-96.486807,31.944248],[-96.487369,31.943776],[-96.486859,31.942995],[-96.486226,31.942647],[-96.486208,31.942326],[-96.487145,31.941738],[-96.487877,31.941827],[-96.487555,31.940998],[-96.487975,31.940694],[-96.488385,31.940819],[-96.489079,31.941699],[-96.4894,31.941744],[-96.489284,31.940994],[-96.490828,31.940522],[-96.490436,31.939594],[-96.490552,31.939354],[-96.491087,31.939282],[-96.49239,31.939782],[-96.492105,31.938917],[-96.493051,31.93914],[-96.493515,31.938034],[-96.494416,31.938266],[-96.495202,31.937909],[-96.495166,31.937116],[-96.495587,31.936537],[-96.495576,31.935832],[-96.494802,31.934514],[-96.495338,31.933758],[-96.496316,31.93319],[-96.496475,31.931997],[-96.497248,31.931792],[-96.497874,31.93127],[-96.499466,31.931633],[-96.499727,31.931349],[-96.499534,31.930588],[-96.499881,31.930005],[-96.501554,31.929501],[-96.501645,31.929192],[-96.501233,31.929045],[-96.501233,31.928807],[-96.502687,31.928381],[-96.501498,31.927926],[-96.500882,31.927311],[-96.501141,31.926626],[-96.502051,31.926847],[-96.502387,31.926498],[-96.502415,31.92603],[-96.501774,31.924756],[-96.502697,31.924455],[-96.503472,31.923387],[-96.505017,31.92347],[-96.504947,31.922259],[-96.505646,31.922105],[-96.506408,31.921005],[-96.506163,31.920753],[-96.505255,31.92097],[-96.505073,31.92076],[-96.505157,31.920188],[-96.50587,31.91981],[-96.506737,31.918123],[-96.505409,31.917899],[-96.505409,31.917075],[-96.505129,31.916607],[-96.50464,31.916414],[-96.504563,31.916086],[-96.505703,31.915779],[-96.50573,31.915423],[-96.505297,31.915108],[-96.505996,31.914494],[-96.506789,31.914345],[-96.507229,31.913681],[-96.508082,31.913444],[-96.507628,31.912728],[-96.507992,31.91226],[-96.50874,31.912211],[-96.509015,31.911061],[-96.508765,31.910359],[-96.509053,31.909927],[-96.510029,31.909352],[-96.511405,31.909187],[-96.511689,31.90771],[-96.512911,31.905798],[-96.513143,31.904753],[-96.512612,31.904166],[-96.512835,31.903275],[-96.513404,31.903776],[-96.513771,31.903767],[-96.514079,31.903468],[-96.513539,31.903083],[-96.51325,31.90236],[-96.513838,31.902196],[-96.514224,31.901792],[-96.514215,31.901528],[-96.513723,31.901161],[-96.514948,31.900082],[-96.51489,31.899437],[-96.515297,31.89845],[-96.515509,31.898286],[-96.516156,31.898363],[-96.516136,31.897776],[-96.516898,31.897544],[-96.516764,31.896953],[-96.5174,31.896644],[-96.517593,31.895825],[-96.51821,31.895421],[-96.519263,31.893417],[-96.51905,31.892814],[-96.519577,31.892471],[-96.519462,31.892093],[-96.518821,31.891904],[-96.519226,31.891614],[-96.519077,31.891136],[-96.51953,31.890967],[-96.519586,31.889979],[-96.520255,31.889394],[-96.520268,31.886308],[-96.520516,31.885748],[-96.519785,31.88535],[-96.519875,31.884754],[-96.519293,31.884183],[-96.519253,31.883814],[-96.520084,31.883682],[-96.520323,31.883453],[-96.520387,31.883092],[-96.520084,31.882633],[-96.521101,31.880509],[-96.520627,31.879218],[-96.521091,31.878574],[-96.520514,31.878117],[-96.520216,31.877419],[-96.520197,31.876965],[-96.520602,31.876799],[-96.520624,31.876502],[-96.519893,31.876053],[-96.519938,31.874701],[-96.520527,31.873881],[-96.520264,31.872993],[-96.520494,31.872333],[-96.520882,31.872074],[-96.521522,31.870536],[-96.522407,31.869787],[-96.522007,31.869023],[-96.522571,31.868627],[-96.523184,31.868988],[-96.523676,31.868914],[-96.523302,31.867697],[-96.524393,31.867685],[-96.524659,31.867187],[-96.525444,31.867013],[-96.524812,31.866196],[-96.525542,31.865724],[-96.526755,31.866643],[-96.528016,31.866778],[-96.531968,31.865132],[-96.536167,31.870953],[-96.531865,31.877817],[-96.531668,31.878514],[-96.532127,31.879839],[-96.532848,31.879012],[-96.533838,31.878456],[-96.534632,31.878512],[-96.536011,31.879256],[-96.536095,31.879764],[-96.53676,31.880078],[-96.536886,31.880816],[-96.537864,31.88181],[-96.538398,31.88169],[-96.539698,31.882135],[-96.539588,31.882496],[-96.538828,31.882743],[-96.538812,31.883083],[-96.539412,31.883296],[-96.540141,31.883071],[-96.540429,31.883531],[-96.540047,31.883966],[-96.54045,31.884024],[-96.54078,31.884479],[-96.541742,31.884943],[-96.542293,31.884964],[-96.543079,31.886095],[-96.544248,31.886016],[-96.544595,31.886753],[-96.545612,31.887623],[-96.545839,31.888458],[-96.546908,31.888819],[-96.546893,31.889042],[-96.546432,31.889262],[-96.546511,31.889529],[-96.547307,31.890372],[-96.548004,31.890435],[-96.548337,31.891144],[-96.548961,31.891165],[-96.549087,31.891673],[-96.549548,31.891427],[-96.550161,31.891878],[-96.550229,31.892213],[-96.55149,31.892236],[-96.551669,31.892739],[-96.552486,31.892362],[-96.552875,31.893096],[-96.553509,31.892719],[-96.554396,31.892773],[-96.55494,31.891952],[-96.555267,31.892338],[-96.557165,31.892657],[-96.558175,31.893191],[-96.558932,31.893072],[-96.559545,31.892415],[-96.560071,31.892395],[-96.560414,31.892071],[-96.560956,31.892265],[-96.561632,31.892187],[-96.561932,31.891748],[-96.563157,31.892035],[-96.563809,31.891663],[-96.565192,31.891428],[-96.565409,31.891723],[-96.566078,31.891897],[-96.566695,31.891498],[-96.567019,31.891718],[-96.568731,31.891959],[-96.569109,31.892406],[-96.569611,31.892228],[-96.569859,31.892849],[-96.570795,31.893497],[-96.570844,31.894114],[-96.571121,31.894142],[-96.571579,31.893695],[-96.571829,31.894339],[-96.572716,31.895071],[-96.573381,31.895522],[-96.574141,31.895267],[-96.574091,31.895619],[-96.574406,31.895869],[-96.574809,31.895497],[-96.575414,31.895606],[-96.576001,31.894758],[-96.576745,31.894866],[-96.577487,31.894463],[-96.578778,31.894939],[-96.58102,31.893788],[-96.591422,31.908326],[-96.586459,31.910723],[-96.602027,31.934224],[-96.603066,31.935667],[-96.604546,31.93687],[-96.603792,31.937118],[-96.603058,31.936561],[-96.601732,31.936308],[-96.601218,31.936577],[-96.600894,31.935735],[-96.600613,31.935599],[-96.599838,31.935641],[-96.599012,31.936215],[-96.598767,31.93687],[-96.598458,31.936998],[-96.597739,31.93676],[-96.596888,31.937002],[-96.595939,31.936668],[-96.595698,31.93639],[-96.595714,31.93574],[-96.595492,31.935619],[-96.594323,31.936449],[-96.593423,31.93649],[-96.592046,31.935952],[-96.592165,31.935689],[-96.593212,31.935414],[-96.593347,31.935163],[-96.592434,31.935035],[-96.591725,31.934519],[-96.590812,31.935186],[-96.590299,31.935974],[-96.588652,31.936171],[-96.588357,31.937028],[-96.586821,31.935617],[-96.585635,31.936088],[-96.584289,31.935922],[-96.583724,31.936541],[-96.583645,31.937789],[-96.582763,31.937494],[-96.581691,31.938008],[-96.581366,31.93882],[-96.580644,31.939651],[-96.579671,31.939388],[-96.57943,31.939607],[-96.579277,31.940044],[-96.579788,31.940783],[-96.579788,31.941712],[-96.578759,31.942015],[-96.577877,31.941975],[-96.576867,31.942652],[-96.576368,31.94215],[-96.57608,31.942153],[-96.575518,31.942667],[-96.575387,31.943133],[-96.575019,31.942947],[-96.573899,31.943006],[-96.573312,31.943603],[-96.57325,31.944197],[-96.572452,31.944816],[-96.572627,31.945057],[-96.573692,31.944889],[-96.573896,31.945228],[-96.573528,31.945253],[-96.57293,31.945727],[-96.572128,31.945632],[-96.571978,31.947013],[-96.571169,31.946933],[-96.570633,31.947257],[-96.569426,31.947224],[-96.568981,31.947632],[-96.568901,31.948106],[-96.568277,31.948441],[-96.567195,31.948365],[-96.56699,31.948667],[-96.567151,31.949275],[-96.565955,31.94996],[-96.566546,31.950765],[-96.566422,31.951439],[-96.564081,31.950911],[-96.563899,31.951173],[-96.564176,31.95168],[-96.563377,31.951253],[-96.562878,31.951421],[-96.562754,31.952547],[-96.562323,31.952797],[-96.561266,31.952877],[-96.560562,31.953289],[-96.560172,31.952717],[-96.559858,31.952721],[-96.559548,31.953945],[-96.559216,31.954134],[-96.558881,31.953781],[-96.558662,31.953821],[-96.558046,31.954965],[-96.557003,31.954371],[-96.556219,31.954542],[-96.555993,31.955249],[-96.554969,31.955289],[-96.555148,31.955999],[-96.555574,31.956469],[-96.555603,31.957063],[-96.555297,31.95769],[-96.554127,31.957723],[-96.553686,31.957009],[-96.553362,31.956955],[-96.55292,31.957176],[-96.552672,31.957712],[-96.549945,31.95797],[-96.549824,31.958539],[-96.549,31.959566],[-96.549442,31.960182],[-96.549289,31.96063],[-96.548271,31.960983],[-96.548085,31.961628],[-96.546733,31.961661],[-96.546153,31.96279],[-96.545493,31.962451],[-96.545231,31.962528],[-96.545829,31.963322],[-96.545803,31.96393],[-96.545592,31.964101],[-96.544713,31.96408],[-96.544596,31.964276],[-96.54519,31.964721],[-96.545515,31.965599],[-96.545413,31.965952],[-96.544655,31.965723],[-96.543703,31.96585],[-96.543404,31.966732],[-96.542309,31.967423],[-96.54183,31.966775],[-96.541313,31.966593],[-96.541141,31.96687],[-96.541466,31.967558],[-96.541229,31.967766],[-96.540467,31.967205],[-96.539803,31.967809],[-96.53914,31.967489],[-96.539041,31.968061],[-96.53825,31.969314],[-96.537594,31.969609],[-96.537273,31.969489],[-96.536839,31.968611],[-96.536081,31.969165],[-96.535508,31.967503],[-96.533135,31.967656],[-96.532792,31.968349],[-96.531006,31.968753],[-96.53141,31.969416],[-96.531173,31.969871],[-96.529886,31.969605],[-96.529832,31.970414],[-96.528781,31.970134],[-96.528267,31.97048],[-96.527334,31.970589],[-96.526751,31.970243],[-96.526142,31.970214],[-96.525755,31.970429],[-96.52628,31.971117],[-96.525901,31.971471],[-96.524778,31.970822],[-96.524297,31.970786],[-96.524202,31.97123],[-96.52488,31.97166],[-96.524924,31.972072],[-96.523856,31.97244],[-96.523648,31.973157],[-96.523418,31.973245],[-96.52223,31.973012],[-96.521996,31.972115],[-96.521125,31.971434],[-96.520753,31.971748],[-96.5208,31.972505],[-96.519648,31.972363],[-96.519535,31.973245],[-96.518493,31.973529],[-96.518084,31.972924],[-96.516753,31.972888],[-96.516221,31.972294],[-96.515051,31.972855],[-96.5138,31.972935],[-96.512962,31.972731],[-96.511988,31.974469],[-96.510723,31.975092],[-96.509611,31.975099],[-96.509465,31.974061],[-96.509144,31.973707]]]}}]}