{"type":"FeatureCollection","features":[{"type":"Feature","properties":{"PRECINCT":"harris:10","COUNTY":"Harris"},"geometry":{"type":"Polygon","coordinates":[[[-95.32582,29.75962],[-95.32525,29.75938],[-95.32511,29.75958],[-95.32298,29.75733],[-95.32052,29.75641],[-95.3181,29.75503],[-95.31651,29.75483],[-95.31548,29.74779],[-95.3178,29.74815],[-95.31991,29.74978],[-95.32361,29.75097],[-95.3252,29.74749],[-95.32579,29.74766],[-95.32755,29.74332],[-95.32701,29.74323],[-95.32813,29.74165],[-95.33946,29.74516],[-95.32957,29.75784],[-95.33025,29.75823],[-95.32909,29.75959],[-95.32582,29.75962]]]}},{"type":"Feature","properties":{"PRECINCT":"harris:101","COUNTY":"Harris"},"geometry":{"type":"Polygon","coordinates":[[[-95.41301,29.95417],[-95.4078,29.9534],[-95.40519,29.94957],[-95.40027,29.94813],[-95.39753,29.94544],[-95.39681,29.94517],[-95.39603,29.94518],[-95.39588,29.94344],[-95.4009,29.94432],[-95.40271,29.9441],[-95.40392,29.94358],[-95.40483,29.94646],[-95.40537,29.94717],[-95.40739,29.9489],[-95.4077,29.9505],[-95.41041,29.95038],[-95.41449,29.94904],[-95.41718,29.94918],[-95.41781,29.95125],[-95.41818,29.95123],[-95.4189,29.95688],[-95.41631,29.95665],[-95.414,29.95467],[-95.41301,29.95417]]]}},{"type":"Feature","properties":{"PRECINCT":"harris:1012","COUNTY":"Harris"},"geometry":{"type":"Polygon","coordinates":[[[-95.45833,29.93542],[-95.44879,29.92316],[-95.45515,29.92313],[-95.45509,29.92022],[-95.45852,29.91937],[-95.45883,29.92308],[-95.47038,29.92294],[-95.47056,29.93243],[-95.47107,29.93324],[-95.47216,29.93411],[-95.47256,29.9353],[-95.4647,29.93539],[-95.46445,29.93533],[-95.46412,29.93474],[-95.4622,29.93472],[-95.46012,29.93476],[-95.45979,29.9349],[-95.45959,29.9354],[-95.45833,29.93542]]]}},{"type":"Feature","properties":{"PRECINCT":"harris:105","COUNTY":"Harris"},"geometry":{"type":"Polygon","coordinates":[[[-95.36284,29.85928],[-95.36197,29.85921],[-95.35882,29.84654],[-95.36091,29.84627],[-95.36869,29.84619],[-95.37164,29.84566],[-95.38448,29.84552],[-95.38454,29.84946],[-95.37616,29.84969],[-95.37623,29.85386],[-95.37191,29.85389],[-95.37206,29.86234],[-95.36364,29.86251],[-95.36284,29.85928]]]}},{"type":"Feature","properties":{"PRECINCT":"harris:106","COUNTY":"Harris"},"geometry":{"type":"Polygon","coordinates":[[[-95.37144,29.94877],[-95.37125,29.94717],[-95.36938,29.94707],[-95.3684,29.94562],[-95.36273,29.94413],[-95.36093,29.94174],[-95.35922,29.94023],[-95.35622,29.94026],[-95.35624,29.93896],[-95.36927,29.93878],[-95.36924,29.93856],[-95.37138,29.93854],[-95.37138,29.93684],[-95.36999,29.93685],[-95.36996,29.93486],[-95.37676,29.93467],[-95.37997,29.93409],[-95.38119,29.9387],[-95.39181,29.93857],[-95.39284,29.93874],[-95.38908,29.939],[-95.38912,29.94347],[-95.39588,29.94344],[-95.39603,29.94518],[-95.38976,29.9453],[-95.3891,29.94563],[-95.38702,29.94843],[-95.38594,29.94931],[-95.38402,29.94939],[-95.38201,29.94898],[-95.37221,29.94927],[-95.37144,29.94877]]]}},{"type":"Feature","properties":{"PRECINCT":"harris:107","COUNTY":"Harris"},"geometry":{"type":"Polygon","coordinates":[[[-95.33396,29.85153],[-95.33365,29.84076],[-95.34281,29.84044],[-95.34285,29.84288],[-95.3449,29.84466],[-95.34484,29.83776],[-95.34821,29.83773],[-95.34811,29.83484],[-95.34548,29.83484],[-95.3454,29.83123],[-95.35093,29.83115],[-95.35087,29.8287],[-95.35431,29.82881],[-95.35919,29.84792],[-95.35416,29.84799],[-95.35377,29.8477],[-95.35207,29.84804],[-95.3429,29.84815],[-95.34236,29.84942],[-95.33484,29.86191],[-95.33359,29.86134],[-95.33396,29.85153]]]}},{"type":"Feature","properties":{"PRECINCT":"harris:11","COUNTY":"Harris"},"geometry":{"type":"Polygon","coordinates":[[[-95.30434,29.75566],[-95.30291,29.75395],[-95.31144,29.74138],[-95.31301,29.73898],[-95.3127,29.73888],[-95.31398,29.73719],[-95.32813,29.74165],[-95.32701,29.74323],[-95.32755,29.74332],[-95.32579,29.74766],[-95.3252,29.74749],[-95.32361,29.75097],[-95.31991,29.74978],[-95.3178,29.74815],[-95.31548,29.74779],[-95.31651,29.75483],[-95.31574,29.75475],[-95.31467,29.7553],[-95.31301,29.75554],[-95.30945,29.7547],[-95.30826,29.75461],[-95.3068,29.755],[-95.3053,29.75584],[-95.30434,29.75566]]]}},{"type":"Feature","properties":{"PRECINCT":"harris:118","COUNTY":"Harris"},"geometry":{"type":"Polygon","coordinates":[[[-95.20794,29.93364],[-95.20596,29.93232],[-95.24068,29.89864],[-95.24107,29.89912],[-95.24053,29.90288],[-95.2371,29.90608],[-95.23689,29.90703],[-95.23853,29.90846],[-95.2398,29.91079],[-95.24183,29.91212],[-95.24318,29.91369],[-95.24371,29.91549],[-95.24424,29.92046],[-95.24457,29.92107],[-95.24576,29.92208],[-95.24925,29.9229],[-95.25101,29.92288],[-95.25261,29.92202],[-95.25933,29.91744],[-95.26275,29.91667],[-95.26518,29.91542],[-95.26649,29.91544],[-95.27254,29.91674],[-95.27258,29.92114],[-95.27779,29.92115],[-95.27756,29.92194],[-95.27648,29.92281],[-95.27625,29.92452],[-95.28329,29.92449],[-95.28318,29.92588],[-95.28244,29.92687],[-95.28405,29.92785],[-95.2875,29.92795],[-95.28755,29.93157],[-95.27364,29.93152],[-95.27365,29.932],[-95.2729,29.93249],[-95.26919,29.93291],[-95.26742,29.93274],[-95.26653,29.93244],[-95.26468,29.93048],[-95.26438,29.93053],[-95.26372,29.92982],[-95.26307,29.92957],[-95.26169,29.92942],[-95.26095,29.92951],[-95.2609,29.92969],[-95.25901,29.92974],[-95.25824,29.92914],[-95.25778,29.92922],[-95.25757,29.9288],[-95.25723,29.92895],[-95.25659,29.92838],[-95.25641,29.92852],[-95.25602,29.92822],[-95.25444,29.92971],[-95.25272,29.93066],[-95.2528,29.93088],[-95.25234,29.931],[-95.25238,29.93121],[-95.25184,29.93124],[-95.25186,29.93156],[-95.24953,29.93407],[-95.2495,29.9351],[-95.24265,29.93502],[-95.23569,29.93435],[-95.21274,29.93479],[-95.20955,29.93436],[-95.20794,29.93364]]]}},{"type":"Feature","properties":{"PRECINCT":"harris:122","COUNTY":"Harris"},"geometry":{"type":"Polygon","coordinates":[[[-95.38976,29.84136],[-95.38678,29.8369],[-95.38447,29.83394],[-95.38451,29.83284],[-95.38535,29.83389],[-95.39008,29.83381],[-95.3921,29.83511],[-95.39233,29.8347],[-95.39236,29.83333],[-95.39287,29.83242],[-95.39288,29.83155],[-95.39773,29.83155],[-95.39773,29.83192],[-95.40224,29.83191],[-95.40287,29.8334],[-95.40298,29.84177],[-95.3989,29.84187],[-95.39852,29.84009],[-95.39452,29.84012],[-95.39433,29.8415],[-95.3904,29.84167],[-95.38976,29.84136]]]}},{"type":"Feature","properties":{"PRECINCT":"harris:142","COUNTY":"Harris"},"geometry":{"type":"Polygon","coordinates":[[[-95.24813,29.6882],[-95.24674,29.68607],[-95.24768,29.68536],[-95.24826,29.68525],[-95.2483,29.68466],[-95.24951,29.6845],[-95.25,29.68403],[-95.25105,29.68393],[-95.25245,29.68323],[-95.25373,29.68219],[-95.25409,29.67971],[-95.25446,29.67954],[-95.25472,29.6788],[-95.2545,29.67792],[-95.25486,29.67759],[-95.25554,29.67602],[-95.25574,29.67483],[-95.25595,29.6744],[-95.25645,29.6742],[-95.25739,29.67316],[-95.2574,29.67266],[-95.2577,29.67242],[-95.26203,29.67676],[-95.26416,29.67843],[-95.25565,29.68478],[-95.25155,29.68749],[-95.25084,29.68733],[-95.24948,29.68754],[-95.24865,29.68814],[-95.24813,29.6882]]]}},{"type":"Feature","properties":{"PRECINCT":"harris:152","COUNTY":"Harris"},"geometry":{"type":"Polygon","coordinates":[[[-95.32967,29.87191],[-95.33019,29.87104],[-95.32977,29.87105],[-95.33226,29.86685],[-95.33291,29.86531],[-95.33326,29.86118],[-95.33484,29.86191],[-95.34236,29.84942],[-95.3429,29.84815],[-95.35207,29.84804],[-95.35377,29.8477],[-95.35416,29.84799],[-95.35919,29.84792],[-95.36197,29.85921],[-95.36165,29.85924],[-95.36244,29.86243],[-95.35298,29.86256],[-95.35299,29.86492],[-95.34997,29.86497],[-95.34997,29.86532],[-95.34319,29.86535],[-95.34309,29.86728],[-95.34258,29.86847],[-95.34116,29.86846],[-95.34158,29.86983],[-95.3411,29.87107],[-95.33483,29.87102],[-95.3348,29.87187],[-95.32967,29.87191]]]}},{"type":"Feature","properties":{"PRECINCT":"harris:153","COUNTY":"Harris"},"geometry":{"type":"Polygon","coordinates":[[[-95.37568,29.83757],[-95.35652,29.83743],[-95.35431,29.82881],[-95.35607,29.82901],[-95.36533,29.82889],[-95.3677,29.82845],[-95.3762,29.82837],[-95.37646,29.82414],[-95.37535,29.82154],[-95.37527,29.82045],[-95.37479,29.81946],[-95.37805,29.81939],[-95.37852,29.82035],[-95.37882,29.8204],[-95.38009,29.82335],[-95.38152,29.82878],[-95.38451,29.83284],[-95.38441,29.8346],[-95.37583,29.83476],[-95.37568,29.83757]]]}},{"type":"Feature","properties":{"PRECINCT":"harris:154","COUNTY":"Harris"},"geometry":{"type":"Polygon","coordinates":[[[-95.29395,29.70366],[-95.29545,29.70213],[-95.3051,29.70842],[-95.28607,29.71911],[-95.28596,29.71456],[-95.28717,29.71448],[-95.29019,29.7122],[-95.29005,29.7064],[-95.28981,29.70465],[-95.29051,29.70404],[-95.2911,29.70388],[-95.29395,29.70366]]]}},{"type":"Feature","properties":{"PRECINCT":"harris:162","COUNTY":"Harris"},"geometry":{"type":"Polygon","coordinates":[[[-95.19569,29.76975],[-95.19286,29.77018],[-95.19142,29.77012],[-95.19086,29.76989],[-95.1902,29.76946],[-95.18959,29.76864],[-95.18839,29.7664],[-95.18819,29.76442],[-95.18933,29.76258],[-95.19036,29.76203],[-95.1915,29.76038],[-95.19176,29.75941],[-95.19141,29.75828],[-95.19057,29.75816],[-95.18997,29.7584],[-95.18842,29.75979],[-95.18682,29.76074],[-95.18418,29.76101],[-95.18274,29.7607],[-95.18146,29.7598],[-95.17892,29.75731],[-95.17772,29.75581],[-95.1776,29.75529],[-95.17611,29.75353],[-95.17362,29.75287],[-95.16838,29.75226],[-95.16603,29.7523],[-95.16511,29.75179],[-95.16502,29.75061],[-95.16723,29.74964],[-95.17019,29.74682],[-95.1711,29.74699],[-95.1734,29.74692],[-95.17852,29.7459],[-95.18211,29.74553],[-95.18661,29.74583],[-95.19261,29.74363],[-95.19843,29.74182],[-95.20011,29.74093],[-95.20231,29.73913],[-95.20491,29.73613],[-95.20931,29.72813],[-95.21188,29.72653],[-95.21192,29.73167],[-95.21135,29.73286],[-95.21206,29.7341],[-95.21227,29.73895],[-95.21115,29.7396],[-95.21091,29.74083],[-95.21142,29.74971],[-95.21133,29.75768],[-95.21151,29.75963],[-95.21183,29.75981],[-95.21923,29.7596],[-95.21911,29.75983],[-95.21975,29.76001],[-95.21971,29.76023],[-95.21918,29.76049],[-95.21946,29.76079],[-95.21934,29.76128],[-95.21969,29.76158],[-95.22003,29.76131],[-95.22147,29.76116],[-95.22395,29.76034],[-95.22414,29.76555],[-95.22389,29.76607],[-95.22407,29.7667],[-95.22357,29.76835],[-95.22393,29.7687],[-95.22439,29.76855],[-95.2251,29.76871],[-95.22526,29.7695],[-95.22556,29.76954],[-95.22651,29.76893],[-95.22724,29.76906],[-95.22715,29.77048],[-95.22797,29.77212],[-95.21968,29.77044],[-95.21516,29.77058],[-95.20642,29.77139],[-95.2006,29.77166],[-95.19703,29.77153],[-95.19663,29.77022],[-95.19569,29.76975]]]}},{"type":"Feature","properties":{"PRECINCT":"harris:163","COUNTY":"Harris"},"geometry":{"type":"Polygon","coordinates":[[[-95.22377,29.76749],[-95.22407,29.7667],[-95.22391,29.76588],[-95.22414,29.76555],[-95.22395,29.76034],[-95.22147,29.76116],[-95.22003,29.76131],[-95.21969,29.76158],[-95.21934,29.76128],[-95.21946,29.76079],[-95.21918,29.76049],[-95.21971,29.76023],[-95.21975,29.76001],[-95.21911,29.75983],[-95.21923,29.7596],[-95.24036,29.75884],[-95.24036,29.759],[-95.24184,29.759],[-95.2419,29.75988],[-95.25586,29.75989],[-95.25606,29.76818],[-95.25016,29.76745],[-95.22656,29.76779],[-95.22497,29.76775],[-95.22377,29.76749]]]}},{"type":"Feature","properties":{"PRECINCT":"harris:167","COUNTY":"Harris"},"geometry":{"type":"Polygon","coordinates":[[[-95.3459,29.79367],[-95.34591,29.78623],[-95.34514,29.78351],[-95.3506,29.78337],[-95.35075,29.78474],[-95.35002,29.78487],[-95.35012,29.789],[-95.35108,29.78897],[-95.3511,29.78983],[-95.35013,29.78984],[-95.3502,29.79345],[-95.3459,29.79367]]]}},{"type":"Feature","properties":{"PRECINCT":"harris:171","COUNTY":"Harris"},"geometry":{"type":"Polygon","coordinates":[[[-95.33784,29.83842],[-95.33777,29.83297],[-95.33494,29.83299],[-95.33522,29.83166],[-95.33466,29.83166],[-95.3352,29.82921],[-95.33467,29.82921],[-95.33386,29.83299],[-95.33096,29.83287],[-95.33243,29.82922],[-95.33164,29.82923],[-95.33549,29.81989],[-95.35208,29.81974],[-95.35259,29.82178],[-95.35084,29.82181],[-95.35087,29.82622],[-95.34843,29.82613],[-95.34734,29.82642],[-95.34591,29.82645],[-95.34589,29.82487],[-95.34258,29.82491],[-95.34281,29.84044],[-95.33701,29.84064],[-95.33698,29.83843],[-95.33784,29.83842]]]}},{"type":"Feature","properties":{"PRECINCT":"harris:181","COUNTY":"Harris"},"geometry":{"type":"Polygon","coordinates":[[[-95.22814,29.70766],[-95.22809,29.69056],[-95.23454,29.69049],[-95.23506,29.69125],[-95.23556,29.69107],[-95.24291,29.691],[-95.24488,29.68846],[-95.24614,29.68742],[-95.24723,29.68691],[-95.24813,29.6882],[-95.24865,29.68814],[-95.24948,29.68754],[-95.25125,29.68734],[-95.25179,29.68766],[-95.25262,29.68875],[-95.25407,29.68923],[-95.25513,29.68916],[-95.25598,29.68958],[-95.25654,29.69019],[-95.25672,29.69172],[-95.25541,29.69295],[-95.2555,29.69374],[-95.25577,29.69404],[-95.25737,29.6941],[-95.25829,29.69465],[-95.25959,29.69435],[-95.26087,29.69509],[-95.26162,29.69608],[-95.26261,29.69628],[-95.26276,29.69689],[-95.26203,29.69741],[-95.26216,29.69798],[-95.26314,29.69938],[-95.26472,29.70091],[-95.26526,29.70197],[-95.26516,29.70297],[-95.26434,29.7039],[-95.2632,29.70456],[-95.25962,29.70587],[-95.25751,29.70719],[-95.2569,29.70782],[-95.24562,29.70603],[-95.22814,29.70766]]]}},{"type":"Feature","properties":{"PRECINCT":"harris:184","COUNTY":"Harris"},"geometry":{"type":"Polygon","coordinates":[[[-95.3777,29.84549],[-95.37553,29.84066],[-95.37583,29.83476],[-95.38441,29.8346],[-95.38448,29.84552],[-95.3777,29.84549]]]}},{"type":"Feature","properties":{"PRECINCT":"harris:185","COUNTY":"Harris"},"geometry":{"type":"Polygon","coordinates":[[[-95.41263,29.9125],[-95.41209,29.87798],[-95.41164,29.8761],[-95.41023,29.8736],[-95.42921,29.89792],[-95.41694,29.89808],[-95.41697,29.89932],[-95.41664,29.89931],[-95.41668,29.90026],[-95.415,29.90029],[-95.41511,29.90454],[-95.41399,29.9047],[-95.41276,29.90525],[-95.41286,29.91131],[-95.41263,29.9125]]]}},{"type":"Feature","properties":{"PRECINCT":"harris:187","COUNTY":"Harris"},"geometry":{"type":"Polygon","coordinates":[[[-95.28378,29.76599],[-95.2835,29.7501],[-95.28696,29.75237],[-95.28719,29.76597],[-95.28378,29.76599]]]}},{"type":"Feature","properties":{"PRECINCT":"harris:188","COUNTY":"Harris"},"geometry":{"type":"Polygon","coordinates":[[[-95.22153,29.68335],[-95.22951,29.68332],[-95.23454,29.69049],[-95.22809,29.69056],[-95.22812,29.70154],[-95.21984,29.70163],[-95.21967,29.69067],[-95.22161,29.69063],[-95.22153,29.68335]]]}},{"type":"Feature","properties":{"PRECINCT":"harris:190","COUNTY":"Harris"},"geometry":{"type":"Polygon","coordinates":[[[-95.20127,29.71211],[-95.20105,29.69813],[-95.21494,29.69802],[-95.21465,29.69855],[-95.21509,29.69895],[-95.21496,29.69953],[-95.21651,29.69978],[-95.21634,29.70167],[-95.21662,29.70372],[-95.21656,29.70575],[-95.21567,29.70739],[-95.21551,29.70838],[-95.21657,29.7107],[-95.20127,29.71211]]]}},{"type":"Feature","properties":{"PRECINCT":"harris:191","COUNTY":"Harris"},"geometry":{"type":"Polygon","coordinates":[[[-95.18214,29.70009],[-95.17298,29.69467],[-95.17279,29.69347],[-95.1766,29.69338],[-95.17658,29.69174],[-95.18024,29.69169],[-95.1828,29.69171],[-95.18282,29.6938],[-95.18591,29.69378],[-95.18626,29.69344],[-95.19168,29.69344],[-95.19123,29.69159],[-95.19326,29.69159],[-95.19337,29.69605],[-95.19268,29.69606],[-95.1927,29.69667],[-95.19364,29.69848],[-95.18888,29.69876],[-95.18246,29.69879],[-95.18214,29.70009]]]}},{"type":"Feature","properties":{"PRECINCT":"harris:196","COUNTY":"Harris"},"geometry":{"type":"Polygon","coordinates":[[[-95.35169,29.81201],[-95.35164,29.81027],[-95.34978,29.8103],[-95.34786,29.8031],[-95.3505,29.80331],[-95.35039,29.80006],[-95.35332,29.8],[-95.35364,29.81197],[-95.35169,29.81201]]]}},{"type":"Feature","properties":{"PRECINCT":"harris:206","COUNTY":"Harris"},"geometry":{"type":"Polygon","coordinates":[[[-95.37335,29.80761],[-95.37194,29.80004],[-95.36793,29.80005],[-95.36795,29.79747],[-95.36774,29.79688],[-95.36175,29.79231],[-95.36052,29.79029],[-95.36043,29.78975],[-95.36181,29.78975],[-95.36243,29.79028],[-95.36501,29.79116],[-95.36642,29.79241],[-95.36768,29.79243],[-95.36862,29.79294],[-95.36874,29.79224],[-95.37483,29.79219],[-95.38437,29.79931],[-95.38804,29.80408],[-95.38923,29.80733],[-95.38198,29.80756],[-95.382,29.80879],[-95.37335,29.80761]]]}},{"type":"Feature","properties":{"PRECINCT":"harris:207","COUNTY":"Harris"},"geometry":{"type":"Polygon","coordinates":[[[-95.35758,29.81385],[-95.35754,29.81019],[-95.3612,29.81017],[-95.36116,29.80718],[-95.36535,29.80712],[-95.36534,29.80638],[-95.36902,29.80632],[-95.36962,29.80936],[-95.36979,29.81367],[-95.35758,29.81385]]]}},{"type":"Feature","properties":{"PRECINCT":"harris:208","COUNTY":"Harris"},"geometry":{"type":"Polygon","coordinates":[[[-95.2419,29.75988],[-95.24184,29.759],[-95.24036,29.759],[-95.23998,29.71931],[-95.24171,29.71942],[-95.24302,29.71909],[-95.24554,29.71968],[-95.24519,29.72032],[-95.24134,29.72039],[-95.24115,29.7206],[-95.24124,29.7265],[-95.24378,29.72582],[-95.24379,29.73022],[-95.25289,29.73022],[-95.25378,29.73037],[-95.2536,29.73344],[-95.2543,29.7575],[-95.25163,29.75761],[-95.25172,29.75992],[-95.25094,29.75977],[-95.2419,29.75988]]]}},{"type":"Feature","properties":{"PRECINCT":"harris:211","COUNTY":"Harris"},"geometry":{"type":"Polygon","coordinates":[[[-95.26261,29.69628],[-95.26162,29.69608],[-95.26087,29.69509],[-95.25959,29.69435],[-95.25829,29.69465],[-95.25737,29.6941],[-95.25577,29.69404],[-95.25534,29.69334],[-95.25541,29.69295],[-95.25672,29.69172],[-95.25654,29.69019],[-95.25598,29.68958],[-95.25513,29.68916],[-95.25407,29.68923],[-95.25262,29.68875],[-95.25155,29.68749],[-95.25565,29.68478],[-95.26416,29.67843],[-95.26203,29.67676],[-95.2577,29.67242],[-95.25916,29.67138],[-95.25901,29.67053],[-95.25919,29.67031],[-95.26048,29.67011],[-95.26238,29.66919],[-95.26497,29.67273],[-95.27254,29.68041],[-95.27287,29.68025],[-95.27457,29.68199],[-95.27425,29.6823],[-95.2779,29.68589],[-95.27749,29.68626],[-95.27779,29.69757],[-95.27662,29.69711],[-95.27602,29.69654],[-95.27515,29.6966],[-95.2746,29.69691],[-95.27345,29.69668],[-95.27209,29.6968],[-95.2716,29.69625],[-95.27131,29.6963],[-95.2706,29.69571],[-95.26917,29.69507],[-95.26755,29.69541],[-95.26708,29.69523],[-95.26641,29.69577],[-95.2658,29.69574],[-95.26511,29.69645],[-95.26454,29.6964],[-95.26249,29.69856],[-95.26203,29.69741],[-95.26267,29.69712],[-95.26261,29.69628]]]}},{"type":"Feature","properties":{"PRECINCT":"harris:212","COUNTY":"Harris"},"geometry":{"type":"Polygon","coordinates":[[[-95.32333,29.86386],[-95.32184,29.86379],[-95.3214,29.86355],[-95.31807,29.8629],[-95.32714,29.84041],[-95.33087,29.84082],[-95.33365,29.84076],[-95.33396,29.85138],[-95.33359,29.86134],[-95.33211,29.86074],[-95.33114,29.86122],[-95.33014,29.86222],[-95.32968,29.86226],[-95.32848,29.86181],[-95.32684,29.86267],[-95.32533,29.86435],[-95.32449,29.86441],[-95.32333,29.86386]]]}},{"type":"Feature","properties":{"PRECINCT":"harris:218","COUNTY":"Harris"},"geometry":{"type":"Polygon","coordinates":[[[-95.29949,29.73265],[-95.30072,29.72953],[-95.29927,29.72908],[-95.2996,29.72822],[-95.30154,29.72877],[-95.3022,29.72982],[-95.30275,29.73008],[-95.30319,29.73],[-95.30366,29.72932],[-95.30424,29.72765],[-95.30531,29.72716],[-95.30544,29.72658],[-95.30498,29.72558],[-95.30522,29.72427],[-95.30495,29.72263],[-95.30543,29.72115],[-95.30862,29.71938],[-95.30882,29.71819],[-95.30768,29.7174],[-95.30753,29.71589],[-95.30919,29.71447],[-95.30939,29.7136],[-95.30991,29.71282],[-95.31069,29.7122],[-95.31947,29.71787],[-95.32548,29.72099],[-95.32837,29.7228],[-95.31528,29.73586],[-95.31425,29.73726],[-95.29949,29.73265]]]}},{"type":"Feature","properties":{"PRECINCT":"harris:221","COUNTY":"Harris"},"geometry":{"type":"Polygon","coordinates":[[[-95.23506,29.69125],[-95.22414,29.67588],[-95.22842,29.67578],[-95.22825,29.66982],[-95.23241,29.66975],[-95.23316,29.66991],[-95.23349,29.66969],[-95.23479,29.66984],[-95.23568,29.67043],[-95.23633,29.67175],[-95.23734,29.67279],[-95.2392,29.6734],[-95.24001,29.67534],[-95.24095,29.67647],[-95.24407,29.67658],[-95.24449,29.67679],[-95.24469,29.67751],[-95.24532,29.67813],[-95.24554,29.67891],[-95.24645,29.67959],[-95.24575,29.68138],[-95.2452,29.68493],[-95.24656,29.6859],[-95.24723,29.68691],[-95.24614,29.68742],[-95.24488,29.68846],[-95.24291,29.691],[-95.23556,29.69107],[-95.23506,29.69125]]]}},{"type":"Feature","properties":{"PRECINCT":"harris:226","COUNTY":"Harris"},"geometry":{"type":"Polygon","coordinates":[[[-95.28203,29.71593],[-95.28072,29.71565],[-95.27806,29.71324],[-95.27539,29.71252],[-95.27162,29.71104],[-95.26864,29.71026],[-95.26952,29.70997],[-95.2697,29.70948],[-95.27003,29.70957],[-95.26992,29.70924],[-95.27055,29.70896],[-95.27126,29.70899],[-95.27177,29.7085],[-95.27236,29.70831],[-95.27253,29.70797],[-95.27345,29.70752],[-95.27485,29.70606],[-95.27475,29.70582],[-95.27519,29.70492],[-95.27983,29.70202],[-95.28026,29.70139],[-95.28143,29.70131],[-95.28205,29.70153],[-95.28265,29.70266],[-95.28381,29.70388],[-95.28546,29.70506],[-95.28602,29.70514],[-95.28693,29.70481],[-95.2883,29.70398],[-95.28987,29.70176],[-95.28986,29.70031],[-95.29118,29.69939],[-95.29545,29.70213],[-95.29395,29.70366],[-95.2911,29.70388],[-95.29051,29.70404],[-95.28981,29.70465],[-95.29005,29.7064],[-95.29019,29.7122],[-95.28717,29.71448],[-95.28596,29.71456],[-95.28595,29.71677],[-95.2836,29.7166],[-95.28203,29.71593]]]}},{"type":"Feature","properties":{"PRECINCT":"harris:229","COUNTY":"Harris"},"geometry":{"type":"Polygon","coordinates":[[[-95.23197,29.77175],[-95.23181,29.77029],[-95.23369,29.77036],[-95.2338,29.76961],[-95.23176,29.76951],[-95.23175,29.7688],[-95.23386,29.7688],[-95.23382,29.76775],[-95.25113,29.76747],[-95.25126,29.77333],[-95.23614,29.77341],[-95.23303,29.77276],[-95.23324,29.77206],[-95.23197,29.77175]]]}},{"type":"Feature","properties":{"PRECINCT":"harris:23","COUNTY":"Harris"},"geometry":{"type":"Polygon","coordinates":[[[-95.26718,29.70991],[-95.26881,29.70865],[-95.27207,29.70693],[-95.28019,29.70098],[-95.28381,29.69891],[-95.28873,29.69745],[-95.29118,29.69939],[-95.28986,29.70031],[-95.28987,29.70176],[-95.2883,29.70398],[-95.2863,29.70509],[-95.28546,29.70506],[-95.28381,29.70388],[-95.28178,29.70136],[-95.28026,29.70139],[-95.27983,29.70202],[-95.27519,29.70492],[-95.27461,29.70637],[-95.27345,29.70752],[-95.27253,29.70797],[-95.27236,29.70831],[-95.27177,29.7085],[-95.27126,29.70899],[-95.27037,29.709],[-95.26992,29.70924],[-95.27003,29.70957],[-95.2697,29.70948],[-95.26952,29.70997],[-95.26864,29.71026],[-95.26718,29.70991]]]}},{"type":"Feature","properties":{"PRECINCT":"harris:241","COUNTY":"Harris"},"geometry":{"type":"Polygon","coordinates":[[[-95.3581,29.93146],[-95.35185,29.93136],[-95.34958,29.93055],[-95.3471,29.93036],[-95.34704,29.92839],[-95.34545,29.92382],[-95.34237,29.9212],[-95.34093,29.92068],[-95.3412,29.92013],[-95.34113,29.91793],[-95.34133,29.91748],[-95.34128,29.91317],[-95.34111,29.9094],[-95.34049,29.90856],[-95.34047,29.90548],[-95.33637,29.90546],[-95.33638,29.90493],[-95.33973,29.90488],[-95.33981,29.90416],[-95.34067,29.90415],[-95.34071,29.903],[-95.34127,29.90295],[-95.34153,29.90312],[-95.34155,29.90526],[-95.34831,29.90519],[-95.34821,29.9024],[-95.35505,29.90234],[-95.35474,29.89454],[-95.35593,29.89441],[-95.35704,29.89477],[-95.35984,29.89357],[-95.36166,29.89247],[-95.3642,29.89234],[-95.36532,29.89176],[-95.36537,29.89139],[-95.3657,29.8913],[-95.36699,29.89188],[-95.36797,29.89198],[-95.36869,29.89264],[-95.37054,29.89255],[-95.3713,29.89567],[-95.37192,29.89563],[-95.37232,29.89909],[-95.37512,29.9107],[-95.37634,29.91348],[-95.37664,29.91665],[-95.3763,29.91666],[-95.37668,29.9184],[-95.38035,29.93267],[-95.37651,29.93329],[-95.37209,29.93344],[-95.3581,29.93146]]]}},{"type":"Feature","properties":{"PRECINCT":"harris:242","COUNTY":"Harris"},"geometry":{"type":"Polygon","coordinates":[[[-95.19504,29.66498],[-95.19501,29.66304],[-95.19357,29.66043],[-95.19346,29.65889],[-95.20251,29.65878],[-95.20269,29.66487],[-95.20783,29.6648],[-95.20804,29.67527],[-95.20817,29.67649],[-95.20856,29.67739],[-95.19303,29.67775],[-95.19279,29.66501],[-95.19504,29.66498]]]}},{"type":"Feature","properties":{"PRECINCT":"harris:254","COUNTY":"Harris"},"geometry":{"type":"Polygon","coordinates":[[[-95.30089,29.89931],[-95.30084,29.89522],[-95.30289,29.89515],[-95.30289,29.89424],[-95.30277,29.88716],[-95.30085,29.88718],[-95.30063,29.88179],[-95.31019,29.88172],[-95.31807,29.8629],[-95.3214,29.86355],[-95.32184,29.86379],[-95.32284,29.86372],[-95.32449,29.86441],[-95.32504,29.86441],[-95.32547,29.86428],[-95.32703,29.86253],[-95.32848,29.86181],[-95.32968,29.86226],[-95.33014,29.86222],[-95.33182,29.86081],[-95.33226,29.86075],[-95.33326,29.86118],[-95.33291,29.86531],[-95.33226,29.86685],[-95.31825,29.89096],[-95.30971,29.89115],[-95.30979,29.89463],[-95.30605,29.89469],[-95.30728,29.89118],[-95.30659,29.89119],[-95.30329,29.89932],[-95.30089,29.89931]]]}},{"type":"Feature","properties":{"PRECINCT":"harris:257","COUNTY":"Harris"},"geometry":{"type":"Polygon","coordinates":[[[-95.25811,29.65213],[-95.25292,29.6522],[-95.25159,29.6525],[-95.24428,29.64166],[-95.22906,29.6277],[-95.24066,29.62749],[-95.24022,29.62411],[-95.24033,29.62222],[-95.24214,29.61936],[-95.24264,29.61878],[-95.24369,29.61817],[-95.2454,29.61789],[-95.24654,29.61914],[-95.24684,29.61984],[-95.24706,29.62359],[-95.26678,29.62283],[-95.26663,29.62783],[-95.26624,29.62908],[-95.26475,29.63192],[-95.2646,29.63423],[-95.26463,29.63595],[-95.26557,29.63596],[-95.26688,29.63676],[-95.2672,29.65324],[-95.26693,29.65387],[-95.26451,29.65608],[-95.26078,29.65305],[-95.25949,29.65242],[-95.25811,29.65213]]]}},{"type":"Feature","properties":{"PRECINCT":"harris:26","COUNTY":"Harris"},"geometry":{"type":"Polygon","coordinates":[[[-95.3319,29.73707],[-95.33182,29.73524],[-95.3308,29.73487],[-95.3285,29.73333],[-95.32484,29.72631],[-95.32837,29.7228],[-95.33752,29.72858],[-95.34021,29.73646],[-95.3405,29.73574],[-95.34417,29.73673],[-95.34245,29.74103],[-95.33271,29.73807],[-95.33239,29.73727],[-95.3319,29.73707]]]}},{"type":"Feature","properties":{"PRECINCT":"harris:261","COUNTY":"Harris"},"geometry":{"type":"Polygon","coordinates":[[[-95.38474,29.86172],[-95.38455,29.85026],[-95.38823,29.85023],[-95.38812,29.84823],[-95.38933,29.84827],[-95.38935,29.85021],[-95.39091,29.85022],[-95.39084,29.84554],[-95.39241,29.84553],[-95.395,29.84921],[-95.39503,29.85332],[-95.39786,29.85323],[-95.40212,29.85954],[-95.38652,29.85968],[-95.38661,29.86168],[-95.38474,29.86172]]]}},{"type":"Feature","properties":{"PRECINCT":"harris:266","COUNTY":"Harris"},"geometry":{"type":"Polygon","coordinates":[[[-95.19481,29.78616],[-95.18319,29.78628],[-95.18282,29.77089],[-95.18224,29.77088],[-95.18226,29.77061],[-95.19703,29.77153],[-95.19673,29.7726],[-95.19542,29.77389],[-95.19515,29.77452],[-95.19596,29.77609],[-95.19714,29.77681],[-95.19851,29.77674],[-95.2001,29.77546],[-95.20135,29.775],[-95.20473,29.77535],[-95.20457,29.7759],[-95.20507,29.77692],[-95.20475,29.77829],[-95.20292,29.78109],[-95.20306,29.78182],[-95.20241,29.78304],[-95.2026,29.78411],[-95.2018,29.78518],[-95.2005,29.78617],[-95.2002,29.78601],[-95.19948,29.78617],[-95.19833,29.78601],[-95.19776,29.78678],[-95.19687,29.78741],[-95.19481,29.78616]]]}},{"type":"Feature","properties":{"PRECINCT":"harris:267","COUNTY":"Harris"},"geometry":{"type":"Polygon","coordinates":[[[-95.18737,29.68526],[-95.18685,29.68529],[-95.1847,29.68373],[-95.18332,29.6835],[-95.18384,29.68303],[-95.18389,29.67908],[-95.1782,29.67907],[-95.1766,29.67807],[-95.17604,29.67712],[-95.18381,29.67706],[-95.18388,29.67879],[-95.19305,29.67873],[-95.19303,29.67775],[-95.20093,29.67761],[-95.201,29.68074],[-95.19405,29.68082],[-95.19411,29.682],[-95.19313,29.68203],[-95.19322,29.68896],[-95.19139,29.68878],[-95.18737,29.68526]]]}},{"type":"Feature","properties":{"PRECINCT":"harris:27","COUNTY":"Harris"},"geometry":{"type":"Polygon","coordinates":[[[-95.31528,29.73586],[-95.32484,29.72631],[-95.3285,29.73333],[-95.3308,29.73487],[-95.33182,29.73524],[-95.3319,29.73707],[-95.33239,29.73727],[-95.33271,29.73807],[-95.34269,29.74111],[-95.33946,29.74516],[-95.31425,29.73726],[-95.31528,29.73586]]]}},{"type":"Feature","properties":{"PRECINCT":"harris:277","COUNTY":"Harris"},"geometry":{"type":"Polygon","coordinates":[[[-95.20093,29.67761],[-95.20856,29.67739],[-95.20884,29.67808],[-95.20915,29.68797],[-95.21077,29.68983],[-95.21126,29.69077],[-95.19539,29.69089],[-95.19541,29.69237],[-95.19329,29.69238],[-95.19313,29.68203],[-95.19411,29.682],[-95.19405,29.68082],[-95.201,29.68074],[-95.20093,29.67761]]]}},{"type":"Feature","properties":{"PRECINCT":"harris:278","COUNTY":"Harris"},"geometry":{"type":"Polygon","coordinates":[[[-95.21616,29.684],[-95.21367,29.67915],[-95.21294,29.67875],[-95.2118,29.67861],[-95.21091,29.67802],[-95.20956,29.67532],[-95.20874,29.67437],[-95.20801,29.67417],[-95.20796,29.67009],[-95.22825,29.66982],[-95.22842,29.67578],[-95.22414,29.67588],[-95.22951,29.68332],[-95.22153,29.68335],[-95.22161,29.69063],[-95.21753,29.69074],[-95.21736,29.68728],[-95.21608,29.68511],[-95.21616,29.684]]]}},{"type":"Feature","properties":{"PRECINCT":"harris:280","COUNTY":"Harris"},"geometry":{"type":"Polygon","coordinates":[[[-95.22525,29.65211],[-95.22117,29.64779],[-95.22222,29.64676],[-95.22352,29.64596],[-95.22572,29.6453],[-95.23314,29.64522],[-95.23511,29.64489],[-95.2415,29.64207],[-95.2429,29.64108],[-95.24484,29.64329],[-95.24656,29.64588],[-95.246,29.64613],[-95.24279,29.64618],[-95.24283,29.64778],[-95.23918,29.64784],[-95.2392,29.64864],[-95.23712,29.64855],[-95.23706,29.6476],[-95.23304,29.64767],[-95.23311,29.65022],[-95.23214,29.6501],[-95.23227,29.65195],[-95.23175,29.65209],[-95.2269,29.65217],[-95.22666,29.6502],[-95.22485,29.65023],[-95.22475,29.65045],[-95.22585,29.65167],[-95.22525,29.65211]]]}},{"type":"Feature","properties":{"PRECINCT":"harris:289","COUNTY":"Harris"},"geometry":{"type":"Polygon","coordinates":[[[-95.22688,29.64257],[-95.22683,29.63668],[-95.22771,29.63553],[-95.22792,29.63473],[-95.23275,29.63485],[-95.23282,29.6377],[-95.23711,29.63759],[-95.2384,29.63695],[-95.23302,29.63206],[-95.23247,29.6314],[-95.23232,29.63068],[-95.24336,29.64073],[-95.2415,29.64207],[-95.23511,29.64489],[-95.23314,29.64522],[-95.22655,29.64529],[-95.22651,29.64372],[-95.22688,29.64257]]]}},{"type":"Feature","properties":{"PRECINCT":"harris:29","COUNTY":"Harris"},"geometry":{"type":"Polygon","coordinates":[[[-95.24768,29.6701],[-95.23554,29.67031],[-95.23479,29.66984],[-95.23298,29.66961],[-95.23267,29.66932],[-95.23207,29.66754],[-95.23078,29.66638],[-95.23181,29.66583],[-95.23114,29.66502],[-95.23026,29.66562],[-95.22957,29.66455],[-95.2296,29.66321],[-95.23067,29.66109],[-95.22431,29.65439],[-95.22303,29.6527],[-95.24471,29.6525],[-95.24917,29.65221],[-95.24947,29.67034],[-95.24768,29.6701]]]}},{"type":"Feature","properties":{"PRECINCT":"harris:301","COUNTY":"Harris"},"geometry":{"type":"Polygon","coordinates":[[[-95.17149,29.71257],[-95.1712,29.69358],[-95.19004,29.70471],[-95.19661,29.71043],[-95.1974,29.71247],[-95.19022,29.71307],[-95.17149,29.71257]]]}},{"type":"Feature","properties":{"PRECINCT":"harris:320","COUNTY":"Harris"},"geometry":{"type":"Polygon","coordinates":[[[-95.39485,29.88945],[-95.39029,29.8819],[-95.38665,29.88187],[-95.3866,29.88106],[-95.38975,29.88102],[-95.38645,29.8756],[-95.40149,29.87545],[-95.40147,29.87393],[-95.40069,29.87382],[-95.40063,29.86988],[-95.40813,29.86987],[-95.41102,29.87441],[-95.41023,29.8736],[-95.4119,29.87686],[-95.41211,29.87856],[-95.41224,29.88906],[-95.40877,29.88883],[-95.40494,29.88887],[-95.39485,29.88945]]]}},{"type":"Feature","properties":{"PRECINCT":"harris:321","COUNTY":"Harris"},"geometry":{"type":"Polygon","coordinates":[[[-95.37222,29.88956],[-95.36919,29.88941],[-95.3657,29.87575],[-95.36615,29.87574],[-95.36534,29.87253],[-95.3649,29.87253],[-95.36438,29.87074],[-95.36844,29.87024],[-95.40063,29.86988],[-95.40069,29.87382],[-95.40147,29.87393],[-95.40149,29.87545],[-95.38645,29.8756],[-95.38975,29.88102],[-95.3866,29.88106],[-95.38665,29.88187],[-95.39029,29.8819],[-95.39485,29.88945],[-95.37222,29.88956]]]}},{"type":"Feature","properties":{"PRECINCT":"harris:325","COUNTY":"Harris"},"geometry":{"type":"Polygon","coordinates":[[[-95.40967,29.86986],[-95.40948,29.85876],[-95.40462,29.85884],[-95.40278,29.85933],[-95.40068,29.85604],[-95.4015,29.85571],[-95.40625,29.85567],[-95.40624,29.85487],[-95.40304,29.85487],[-95.40304,29.85374],[-95.40047,29.85385],[-95.39952,29.8523],[-95.39836,29.85278],[-95.3965,29.85015],[-95.39639,29.85037],[-95.39569,29.85017],[-95.38887,29.8402],[-95.38976,29.84136],[-95.3904,29.84167],[-95.39433,29.8415],[-95.39452,29.84012],[-95.39852,29.84009],[-95.3989,29.84187],[-95.40694,29.84173],[-95.40687,29.83893],[-95.41085,29.83882],[-95.41097,29.84686],[-95.41142,29.84912],[-95.41441,29.85176],[-95.41427,29.85495],[-95.4146,29.86849],[-95.41047,29.86984],[-95.40967,29.86986]]]}},{"type":"Feature","properties":{"PRECINCT":"harris:326","COUNTY":"Harris"},"geometry":{"type":"Polygon","coordinates":[[[-95.37643,29.86456],[-95.3763,29.85941],[-95.37977,29.85936],[-95.37996,29.86075],[-95.38472,29.86068],[-95.38491,29.87005],[-95.37194,29.87021],[-95.37211,29.86463],[-95.37643,29.86456]]]}},{"type":"Feature","properties":{"PRECINCT":"harris:328","COUNTY":"Harris"},"geometry":{"type":"Polygon","coordinates":[[[-95.21652,29.65278],[-95.21646,29.65101],[-95.21134,29.65089],[-95.21365,29.65068],[-95.21867,29.64914],[-95.21445,29.6445],[-95.21182,29.64539],[-95.20913,29.64545],[-95.20915,29.6471],[-95.20789,29.64711],[-95.20781,29.64088],[-95.20862,29.63907],[-95.20958,29.63802],[-95.22116,29.62975],[-95.22141,29.63483],[-95.22792,29.63473],[-95.22771,29.63553],[-95.22683,29.63668],[-95.22688,29.64257],[-95.22651,29.64372],[-95.22655,29.64529],[-95.22502,29.64542],[-95.22352,29.64596],[-95.22222,29.64676],[-95.22117,29.64779],[-95.22577,29.65266],[-95.21652,29.65278]]]}},{"type":"Feature","properties":{"PRECINCT":"harris:329","COUNTY":"Harris"},"geometry":{"type":"Polygon","coordinates":[[[-95.24428,29.67662],[-95.24095,29.67647],[-95.24001,29.67534],[-95.2392,29.6734],[-95.23734,29.67279],[-95.23633,29.67175],[-95.23554,29.67031],[-95.24768,29.6701],[-95.24947,29.67034],[-95.24917,29.65221],[-95.25144,29.65227],[-95.25159,29.6525],[-95.25138,29.65255],[-95.26238,29.66919],[-95.26048,29.67011],[-95.25919,29.67031],[-95.25901,29.67053],[-95.25916,29.67138],[-95.25746,29.67258],[-95.25739,29.67316],[-95.25645,29.6742],[-95.25595,29.6744],[-95.25554,29.67602],[-95.25486,29.67759],[-95.2545,29.67792],[-95.25472,29.6788],[-95.25446,29.67954],[-95.25409,29.67971],[-95.25373,29.68219],[-95.25245,29.68323],[-95.25105,29.68393],[-95.25,29.68403],[-95.24951,29.6845],[-95.2483,29.68466],[-95.24826,29.68525],[-95.24768,29.68536],[-95.24674,29.68607],[-95.2452,29.68493],[-95.24575,29.68138],[-95.24645,29.67959],[-95.24554,29.67891],[-95.24532,29.67813],[-95.24469,29.67751],[-95.24428,29.67662]]]}},{"type":"Feature","properties":{"PRECINCT":"harris:339","COUNTY":"Harris"},"geometry":{"type":"Polygon","coordinates":[[[-95.35332,29.8],[-95.35306,29.7915],[-95.35213,29.79151],[-95.35208,29.78981],[-95.36043,29.78975],[-95.36052,29.79029],[-95.36175,29.79231],[-95.36754,29.79669],[-95.36793,29.79734],[-95.36793,29.7999],[-95.35332,29.8]]]}},{"type":"Feature","properties":{"PRECINCT":"harris:341","COUNTY":"Harris"},"geometry":{"type":"Polygon","coordinates":[[[-95.35882,29.84654],[-95.35652,29.83743],[-95.36026,29.83764],[-95.37568,29.83757],[-95.37557,29.84083],[-95.37774,29.84559],[-95.37164,29.84566],[-95.36869,29.84619],[-95.36091,29.84627],[-95.35882,29.84654]]]}},{"type":"Feature","properties":{"PRECINCT":"harris:343","COUNTY":"Harris"},"geometry":{"type":"Polygon","coordinates":[[[-95.31546,29.7027],[-95.32666,29.69547],[-95.33338,29.71619],[-95.3332,29.71747],[-95.33254,29.71864],[-95.32837,29.7228],[-95.32548,29.72099],[-95.31947,29.71787],[-95.31069,29.7122],[-95.31267,29.71035],[-95.31281,29.7094],[-95.31342,29.70891],[-95.31285,29.70791],[-95.30905,29.70638],[-95.31546,29.7027]]]}},{"type":"Feature","properties":{"PRECINCT":"harris:353","COUNTY":"Harris"},"geometry":{"type":"Polygon","coordinates":[[[-95.18479,29.80599],[-95.18735,29.80566],[-95.19094,29.80606],[-95.20078,29.80594],[-95.20537,29.80666],[-95.20955,29.8068],[-95.21111,29.80637],[-95.2128,29.80521],[-95.21408,29.80614],[-95.21423,29.80664],[-95.21322,29.80786],[-95.21262,29.80988],[-95.20913,29.81353],[-95.20704,29.81666],[-95.20786,29.81809],[-95.20555,29.81887],[-95.20263,29.82063],[-95.18902,29.82676],[-95.18747,29.82766],[-95.16751,29.83642],[-95.17864,29.80621],[-95.18479,29.80599]]]}},{"type":"Feature","properties":{"PRECINCT":"harris:354","COUNTY":"Harris"},"geometry":{"type":"Polygon","coordinates":[[[-95.17921,29.8062],[-95.18999,29.7929],[-95.19199,29.79381],[-95.19453,29.794],[-95.19647,29.79354],[-95.19883,29.79216],[-95.20029,29.7916],[-95.20561,29.79131],[-95.20638,29.79226],[-95.20651,29.79382],[-95.2063,29.79384],[-95.2068,29.79555],[-95.20624,29.79573],[-95.20441,29.79552],[-95.20384,29.79596],[-95.20379,29.79668],[-95.20728,29.80009],[-95.20872,29.80273],[-95.21009,29.80363],[-95.21077,29.80475],[-95.2128,29.80521],[-95.21111,29.80637],[-95.20955,29.8068],[-95.20537,29.80666],[-95.20078,29.80594],[-95.19094,29.80606],[-95.18735,29.80566],[-95.18393,29.80612],[-95.17921,29.8062]]]}},{"type":"Feature","properties":{"PRECINCT":"harris:358","COUNTY":"Harris"},"geometry":{"type":"Polygon","coordinates":[[[-95.43523,29.95993],[-95.43319,29.95964],[-95.43095,29.95967],[-95.43093,29.95844],[-95.42454,29.95847],[-95.42454,29.95829],[-95.4243,29.9583],[-95.42432,29.95578],[-95.42314,29.956],[-95.42314,29.95548],[-95.42174,29.95562],[-95.42029,29.95664],[-95.4189,29.95688],[-95.41818,29.95123],[-95.41781,29.95125],[-95.41326,29.93839],[-95.41217,29.93466],[-95.41198,29.9318],[-95.41771,29.93172],[-95.41784,29.9322],[-95.4342,29.93206],[-95.43434,29.93512],[-95.45763,29.93453],[-95.46276,29.94111],[-95.4617,29.94134],[-95.46085,29.94124],[-95.45821,29.93786],[-95.45641,29.93612],[-95.45606,29.93602],[-95.45361,29.93673],[-95.45198,29.9369],[-95.45139,29.93738],[-95.45139,29.93771],[-95.45107,29.93773],[-95.45006,29.93851],[-95.45008,29.93968],[-95.44807,29.93966],[-95.44745,29.94023],[-95.44339,29.9424],[-95.44438,29.94355],[-95.44477,29.94517],[-95.44501,29.95984],[-95.43523,29.95993]]]}},{"type":"Feature","properties":{"PRECINCT":"harris:366","COUNTY":"Harris"},"geometry":{"type":"Polygon","coordinates":[[[-95.44884,29.92317],[-95.42931,29.89803],[-95.46351,29.89747],[-95.47011,29.9044],[-95.46983,29.90505],[-95.46988,29.91026],[-95.46928,29.91344],[-95.46929,29.91468],[-95.46942,29.92102],[-95.47038,29.92294],[-95.45883,29.92308],[-95.45852,29.91937],[-95.45509,29.92022],[-95.45515,29.92313],[-95.44884,29.92317]]]}},{"type":"Feature","properties":{"PRECINCT":"harris:368","COUNTY":"Harris"},"geometry":{"type":"Polygon","coordinates":[[[-95.1576,29.80827],[-95.15702,29.80818],[-95.15656,29.8071],[-95.15715,29.80675],[-95.15739,29.8062],[-95.15857,29.80545],[-95.16043,29.80516],[-95.16115,29.80476],[-95.16121,29.80424],[-95.16076,29.80381],[-95.1605,29.80297],[-95.15865,29.80221],[-95.15597,29.8017],[-95.1555,29.80087],[-95.15574,29.80036],[-95.15674,29.79967],[-95.15771,29.79829],[-95.15759,29.79615],[-95.15834,29.79567],[-95.15846,29.79456],[-95.15985,29.79413],[-95.16035,29.79365],[-95.15897,29.79062],[-95.16105,29.79066],[-95.1627,29.7952],[-95.16322,29.79823],[-95.16329,29.80874],[-95.15869,29.80995],[-95.15855,29.80905],[-95.1576,29.80827]]]}},{"type":"Feature","properties":{"PRECINCT":"harris:374","COUNTY":"Harris"},"geometry":{"type":"Polygon","coordinates":[[[-95.26227,29.79205],[-95.26443,29.79199],[-95.26457,29.79582],[-95.26566,29.79737],[-95.26324,29.79965],[-95.26336,29.80636],[-95.25879,29.81153],[-95.25795,29.81217],[-95.25806,29.81243],[-95.24068,29.81975],[-95.24046,29.80124],[-95.24049,29.80001],[-95.24098,29.79886],[-95.24416,29.79497],[-95.24728,29.79489],[-95.26227,29.79205]]]}},{"type":"Feature","properties":{"PRECINCT":"harris:375","COUNTY":"Harris"},"geometry":{"type":"Polygon","coordinates":[[[-95.18695,29.79183],[-95.17691,29.79199],[-95.17076,29.79051],[-95.15897,29.79062],[-95.15845,29.78927],[-95.15413,29.78466],[-95.15367,29.78375],[-95.15372,29.78298],[-95.1546,29.78261],[-95.15502,29.78061],[-95.15684,29.77746],[-95.15668,29.77687],[-95.15593,29.77607],[-95.15667,29.77498],[-95.15792,29.77745],[-95.15831,29.78026],[-95.16076,29.78026],[-95.16076,29.77724],[-95.18293,29.77679],[-95.18324,29.78917],[-95.18689,29.78909],[-95.18695,29.79183]]]}},{"type":"Feature","properties":{"PRECINCT":"harris:376","COUNTY":"Harris"},"geometry":{"type":"Polygon","coordinates":[[[-95.18494,29.84332],[-95.18442,29.8434],[-95.18186,29.83987],[-95.1776,29.83584],[-95.17566,29.83328],[-95.17038,29.83571],[-95.16735,29.83685],[-95.16751,29.83642],[-95.18747,29.82766],[-95.18902,29.82676],[-95.20263,29.82063],[-95.20555,29.81887],[-95.20786,29.81809],[-95.20704,29.81666],[-95.20913,29.81353],[-95.21262,29.80988],[-95.21288,29.81074],[-95.21341,29.81093],[-95.21499,29.80959],[-95.21596,29.8102],[-95.21644,29.81023],[-95.21694,29.81],[-95.21805,29.80885],[-95.2187,29.80865],[-95.21997,29.8095],[-95.22267,29.81075],[-95.22313,29.812],[-95.22462,29.81218],[-95.22492,29.81397],[-95.22538,29.81441],[-95.22577,29.81436],[-95.2264,29.81341],[-95.2281,29.81351],[-95.22988,29.81313],[-95.23066,29.81348],[-95.23088,29.81497],[-95.22897,29.81567],[-95.22855,29.81631],[-95.22874,29.81649],[-95.23016,29.81658],[-95.23084,29.81752],[-95.23085,29.81827],[-95.22994,29.81947],[-95.22978,29.82074],[-95.22875,29.82124],[-95.22839,29.82171],[-95.22992,29.82456],[-95.18517,29.84371],[-95.18494,29.84332]]]}},{"type":"Feature","properties":{"PRECINCT":"harris:394","COUNTY":"Harris"},"geometry":{"type":"Polygon","coordinates":[[[-95.2004,29.69086],[-95.21967,29.69067],[-95.21978,29.69797],[-95.20105,29.69813],[-95.20092,29.6922],[-95.2004,29.69086]]]}},{"type":"Feature","properties":{"PRECINCT":"harris:397","COUNTY":"Harris"},"geometry":{"type":"Polygon","coordinates":[[[-95.30007,29.93071],[-95.30279,29.9248],[-95.30712,29.91843],[-95.31004,29.9185],[-95.31221,29.91916],[-95.31516,29.91913],[-95.31745,29.91955],[-95.32671,29.91927],[-95.3278,29.91955],[-95.32972,29.92061],[-95.33349,29.92066],[-95.33657,29.92141],[-95.3384,29.92119],[-95.33975,29.92058],[-95.34144,29.92076],[-95.34237,29.9212],[-95.34539,29.92373],[-95.34715,29.92917],[-95.3471,29.93036],[-95.34224,29.93037],[-95.33481,29.92989],[-95.33156,29.93016],[-95.30007,29.93071]]]}},{"type":"Feature","properties":{"PRECINCT":"harris:404","COUNTY":"Harris"},"geometry":{"type":"Polygon","coordinates":[[[-95.17279,29.69347],[-95.17264,29.68862],[-95.16425,29.68874],[-95.16411,29.68143],[-95.17039,29.68135],[-95.17252,29.68225],[-95.17242,29.675],[-95.17265,29.67495],[-95.17574,29.67655],[-95.1766,29.67807],[-95.1782,29.67907],[-95.18389,29.67908],[-95.18384,29.68303],[-95.18332,29.6835],[-95.1847,29.68373],[-95.18685,29.68529],[-95.18737,29.68526],[-95.19162,29.68892],[-95.19322,29.68896],[-95.19326,29.69159],[-95.19123,29.69159],[-95.19168,29.69344],[-95.18626,29.69344],[-95.18591,29.69378],[-95.18282,29.6938],[-95.1828,29.69171],[-95.18024,29.69169],[-95.17658,29.69174],[-95.1766,29.69338],[-95.17279,29.69347]]]}},{"type":"Feature","properties":{"PRECINCT":"harris:408","COUNTY":"Harris"},"geometry":{"type":"Polygon","coordinates":[[[-95.41217,29.91511],[-95.41203,29.9074],[-95.40858,29.9078],[-95.40854,29.90572],[-95.40367,29.90595],[-95.40353,29.90628],[-95.40185,29.9064],[-95.40089,29.90372],[-95.39259,29.90384],[-95.39242,29.90355],[-95.391,29.90355],[-95.39101,29.89849],[-95.39897,29.89837],[-95.39715,29.89336],[-95.39485,29.88945],[-95.40494,29.88887],[-95.40877,29.88883],[-95.41224,29.88906],[-95.41269,29.91507],[-95.41217,29.91511]]]}},{"type":"Feature","properties":{"PRECINCT":"harris:409","COUNTY":"Harris"},"geometry":{"type":"Polygon","coordinates":[[[-95.37313,29.90221],[-95.39097,29.90209],[-95.39105,29.91521],[-95.39075,29.91673],[-95.39097,29.93191],[-95.38403,29.932],[-95.38035,29.93267],[-95.3763,29.91666],[-95.37664,29.91665],[-95.37634,29.91348],[-95.37512,29.9107],[-95.37313,29.90221]]]}},{"type":"Feature","properties":{"PRECINCT":"harris:411","COUNTY":"Harris"},"geometry":{"type":"Polygon","coordinates":[[[-95.31174,29.90275],[-95.31386,29.89846],[-95.32618,29.87718],[-95.32787,29.8774],[-95.3279,29.88006],[-95.32766,29.88171],[-95.32622,29.88172],[-95.32625,29.8837],[-95.3272,29.88368],[-95.32726,29.88754],[-95.33053,29.8875],[-95.33053,29.8869],[-95.33305,29.88674],[-95.34296,29.88674],[-95.34395,29.88737],[-95.34436,29.88815],[-95.35493,29.88808],[-95.35474,29.89425],[-95.35505,29.90234],[-95.33118,29.90251],[-95.31354,29.90295],[-95.31174,29.90275]]]}},{"type":"Feature","properties":{"PRECINCT":"harris:413","COUNTY":"Harris"},"geometry":{"type":"Polygon","coordinates":[[[-95.16324,29.80001],[-95.16291,29.79609],[-95.16207,29.79315],[-95.16105,29.79066],[-95.16634,29.79045],[-95.1712,29.79054],[-95.17691,29.79199],[-95.1749,29.79803],[-95.17476,29.79906],[-95.17386,29.79905],[-95.1738,29.80084],[-95.17308,29.80391],[-95.17333,29.80638],[-95.16329,29.80874],[-95.16324,29.80001]]]}},{"type":"Feature","properties":{"PRECINCT":"harris:418","COUNTY":"Harris"},"geometry":{"type":"Polygon","coordinates":[[[-95.21612,29.61599],[-95.21924,29.61357],[-95.22302,29.61218],[-95.22142,29.60985],[-95.21804,29.607],[-95.21848,29.60667],[-95.22099,29.60512],[-95.22538,29.60867],[-95.2262,29.60893],[-95.22795,29.60902],[-95.22828,29.60561],[-95.23126,29.60552],[-95.23257,29.6045],[-95.23332,29.60521],[-95.23364,29.60607],[-95.23429,29.60662],[-95.23524,29.60709],[-95.236,29.60694],[-95.23682,29.60869],[-95.23885,29.61048],[-95.23663,29.61249],[-95.24056,29.61585],[-95.24187,29.61602],[-95.2419,29.6168],[-95.24509,29.61674],[-95.2454,29.61789],[-95.24369,29.61817],[-95.24264,29.61878],[-95.24063,29.62155],[-95.24019,29.62335],[-95.24066,29.62749],[-95.22906,29.6277],[-95.21612,29.61599]]]}},{"type":"Feature","properties":{"PRECINCT":"harris:423","COUNTY":"Harris"},"geometry":{"type":"Polygon","coordinates":[[[-95.40212,29.93177],[-95.40272,29.92938],[-95.40244,29.92693],[-95.40192,29.92701],[-95.40161,29.92527],[-95.39896,29.92225],[-95.39887,29.92001],[-95.39907,29.91898],[-95.39853,29.9177],[-95.39707,29.91841],[-95.39695,29.91818],[-95.39683,29.91553],[-95.40499,29.91543],[-95.40681,29.91521],[-95.41269,29.91507],[-95.41198,29.9318],[-95.40212,29.93177]]]}},{"type":"Feature","properties":{"PRECINCT":"harris:44","COUNTY":"Harris"},"geometry":{"type":"Polygon","coordinates":[[[-95.3688,29.7838],[-95.36823,29.78475],[-95.36587,29.785],[-95.36273,29.77845],[-95.35707,29.78051],[-95.35384,29.78045],[-95.35383,29.77992],[-95.35302,29.77994],[-95.35302,29.78046],[-95.35138,29.78048],[-95.35132,29.77453],[-95.35458,29.77438],[-95.35986,29.77241],[-95.36161,29.7761],[-95.36553,29.77468],[-95.36672,29.77393],[-95.36796,29.77623],[-95.36818,29.77932],[-95.36966,29.77941],[-95.37243,29.78066],[-95.3719,29.78279],[-95.37211,29.79018],[-95.3713,29.78776],[-95.3688,29.7838]]]}},{"type":"Feature","properties":{"PRECINCT":"harris:45","COUNTY":"Harris"},"geometry":{"type":"Polygon","coordinates":[[[-95.19719,29.88321],[-95.18904,29.87381],[-95.18784,29.87222],[-95.1872,29.8709],[-95.18688,29.86978],[-95.18666,29.86663],[-95.18635,29.84845],[-95.18596,29.84587],[-95.18517,29.84371],[-95.22992,29.82456],[-95.23038,29.82586],[-95.23056,29.82832],[-95.23181,29.82996],[-95.23179,29.83032],[-95.23026,29.83263],[-95.2302,29.83421],[-95.23112,29.83536],[-95.23418,29.83809],[-95.23407,29.83878],[-95.23368,29.83927],[-95.23243,29.83959],[-95.23162,29.84032],[-95.23142,29.84126],[-95.2319,29.84238],[-95.23161,29.84288],[-95.23004,29.8441],[-95.22889,29.84424],[-95.22859,29.8447],[-95.22835,29.84639],[-95.22855,29.84856],[-95.22824,29.85274],[-95.22853,29.8531],[-95.22855,29.85424],[-95.22834,29.85641],[-95.22879,29.85742],[-95.23102,29.85838],[-95.23138,29.85876],[-95.23168,29.85975],[-95.23105,29.86081],[-95.23043,29.86115],[-95.23067,29.86212],[-95.23368,29.86644],[-95.23516,29.86725],[-95.23547,29.86757],[-95.23565,29.86856],[-95.23689,29.86935],[-95.2383,29.87225],[-95.23865,29.87448],[-95.23822,29.87767],[-95.23766,29.87829],[-95.23633,29.87852],[-95.23589,29.87883],[-95.23599,29.87931],[-95.2367,29.88006],[-95.23702,29.88106],[-95.23655,29.88265],[-95.23675,29.8831],[-95.23333,29.88274],[-95.19719,29.88321]]]}},{"type":"Feature","properties":{"PRECINCT":"harris:46","COUNTY":"Harris"},"geometry":{"type":"Polygon","coordinates":[[[-95.36768,29.79243],[-95.36642,29.79241],[-95.36501,29.79116],[-95.36243,29.79028],[-95.36181,29.78975],[-95.35208,29.78981],[-95.35207,29.78896],[-95.35108,29.78897],[-95.351,29.78557],[-95.35063,29.78432],[-95.35058,29.78242],[-95.34977,29.78243],[-95.34979,29.78339],[-95.34869,29.78344],[-95.34872,29.78149],[-95.34912,29.78147],[-95.34901,29.77952],[-95.35054,29.77951],[-95.35054,29.77837],[-95.35135,29.77837],[-95.35138,29.78048],[-95.35302,29.78046],[-95.35302,29.77994],[-95.35383,29.77992],[-95.35384,29.78045],[-95.35707,29.78051],[-95.36273,29.77845],[-95.36587,29.785],[-95.36823,29.78475],[-95.36877,29.78369],[-95.37149,29.78815],[-95.37189,29.79],[-95.37483,29.79219],[-95.36874,29.79224],[-95.36862,29.79294],[-95.36768,29.79243]]]}},{"type":"Feature","properties":{"PRECINCT":"harris:460","COUNTY":"Harris"},"geometry":{"type":"Polygon","coordinates":[[[-95.14338,29.8463],[-95.14326,29.8385],[-95.14142,29.83789],[-95.12757,29.83583],[-95.12716,29.82051],[-95.13431,29.81843],[-95.14887,29.81331],[-95.15183,29.81197],[-95.15654,29.81049],[-95.17187,29.80661],[-95.17356,29.80636],[-95.17864,29.80621],[-95.16735,29.83685],[-95.16118,29.8394],[-95.159,29.84065],[-95.15657,29.84156],[-95.15615,29.84085],[-95.14338,29.8463]]]}},{"type":"Feature","properties":{"PRECINCT":"harris:494","COUNTY":"Harris"},"geometry":{"type":"Polygon","coordinates":[[[-95.43212,29.89803],[-95.43212,29.8952],[-95.43171,29.89316],[-95.43163,29.88632],[-95.43128,29.88626],[-95.43126,29.88558],[-95.44019,29.88529],[-95.44018,29.88475],[-95.45036,29.88437],[-95.45588,29.88998],[-95.45853,29.8921],[-95.46351,29.89747],[-95.43279,29.89803],[-95.43212,29.89803]]]}},{"type":"Feature","properties":{"PRECINCT":"harris:5","COUNTY":"Harris"},"geometry":{"type":"Polygon","coordinates":[[[-95.38009,29.79606],[-95.38008,29.79439],[-95.37942,29.7944],[-95.37937,29.79057],[-95.38433,29.79053],[-95.38426,29.79092],[-95.38783,29.79083],[-95.38799,29.79981],[-95.38479,29.79985],[-95.38437,29.79931],[-95.38009,29.79606]]]}},{"type":"Feature","properties":{"PRECINCT":"harris:526","COUNTY":"Harris"},"geometry":{"type":"Polygon","coordinates":[[[-95.27749,29.68626],[-95.2779,29.68589],[-95.2841,29.69221],[-95.28628,29.69531],[-95.28873,29.69745],[-95.28381,29.69891],[-95.28019,29.70098],[-95.27788,29.70268],[-95.27749,29.68626]]]}},{"type":"Feature","properties":{"PRECINCT":"harris:527","COUNTY":"Harris"},"geometry":{"type":"Polygon","coordinates":[[[-95.17296,29.74693],[-95.17183,29.74173],[-95.17169,29.73617],[-95.17197,29.73419],[-95.17149,29.71257],[-95.19165,29.71299],[-95.21575,29.71078],[-95.22215,29.71002],[-95.22491,29.70925],[-95.22741,29.70792],[-95.22882,29.70751],[-95.24488,29.70603],[-95.24748,29.70621],[-95.2569,29.70782],[-95.25598,29.70871],[-95.2557,29.70934],[-95.25517,29.71107],[-95.25534,29.71261],[-95.25499,29.71312],[-95.25415,29.71335],[-95.25329,29.71318],[-95.25098,29.71325],[-95.24956,29.71278],[-95.24877,29.71294],[-95.24673,29.71532],[-95.24446,29.71699],[-95.2436,29.71728],[-95.24295,29.71856],[-95.24302,29.71909],[-95.24171,29.71942],[-95.24023,29.71929],[-95.23891,29.71952],[-95.23568,29.72237],[-95.23375,29.72359],[-95.2321,29.72426],[-95.227,29.72582],[-95.22605,29.72585],[-95.21931,29.72413],[-95.21521,29.72453],[-95.20931,29.72813],[-95.20491,29.73613],[-95.20231,29.73913],[-95.20011,29.74093],[-95.19841,29.74183],[-95.19261,29.74363],[-95.18661,29.74583],[-95.18211,29.74553],[-95.17852,29.7459],[-95.17296,29.74693]]]}},{"type":"Feature","properties":{"PRECINCT":"harris:530","COUNTY":"Harris"},"geometry":{"type":"Polygon","coordinates":[[[-95.29742,29.75423],[-95.29499,29.75152],[-95.29483,29.75086],[-95.29631,29.74882],[-95.29652,29.74816],[-95.29747,29.74716],[-95.29889,29.74382],[-95.29909,29.74389],[-95.29905,29.74231],[-95.30827,29.74523],[-95.30911,29.74401],[-95.30956,29.74415],[-95.30291,29.75395],[-95.3018,29.75305],[-95.30084,29.75273],[-95.29996,29.75289],[-95.29861,29.75416],[-95.29742,29.75423]]]}},{"type":"Feature","properties":{"PRECINCT":"harris:536","COUNTY":"Harris"},"geometry":{"type":"Polygon","coordinates":[[[-95.2454,29.61789],[-95.24509,29.61674],[-95.2419,29.6168],[-95.24187,29.61602],[-95.24056,29.61585],[-95.23663,29.61249],[-95.24124,29.6083],[-95.24119,29.60785],[-95.2406,29.60719],[-95.24088,29.6069],[-95.2503,29.59833],[-95.2526,29.60025],[-95.254,29.60088],[-95.25391,29.60118],[-95.25465,29.60174],[-95.26648,29.60163],[-95.26678,29.62283],[-95.24706,29.62359],[-95.24684,29.61984],[-95.24654,29.61914],[-95.2454,29.61789]]]}},{"type":"Feature","properties":{"PRECINCT":"harris:543","COUNTY":"Harris"},"geometry":{"type":"Polygon","coordinates":[[[-95.35484,29.82764],[-95.35406,29.82634],[-95.35237,29.81973],[-95.37479,29.81946],[-95.37512,29.81994],[-95.37535,29.82154],[-95.37646,29.82414],[-95.3762,29.82837],[-95.3677,29.82845],[-95.36533,29.82889],[-95.35566,29.829],[-95.35517,29.82894],[-95.35484,29.82764]]]}},{"type":"Feature","properties":{"PRECINCT":"harris:549","COUNTY":"Harris"},"geometry":{"type":"Polygon","coordinates":[[[-95.46065,29.96433],[-95.45846,29.96429],[-95.4585,29.96354],[-95.45959,29.96264],[-95.45592,29.95924],[-95.45226,29.95914],[-95.45218,29.95626],[-95.45237,29.95588],[-95.45149,29.95549],[-95.45166,29.95415],[-95.45222,29.95282],[-95.45455,29.94945],[-95.45684,29.94963],[-95.46467,29.94953],[-95.46502,29.96464],[-95.46071,29.96479],[-95.46065,29.96433]]]}},{"type":"Feature","properties":{"PRECINCT":"harris:560","COUNTY":"Harris"},"geometry":{"type":"Polygon","coordinates":[[[-95.29758,29.77557],[-95.29927,29.77522],[-95.29879,29.77537],[-95.29906,29.78754],[-95.2916,29.78765],[-95.29148,29.77989],[-95.29125,29.77789],[-95.29327,29.77736],[-95.29758,29.77557]]]}},{"type":"Feature","properties":{"PRECINCT":"harris:571","COUNTY":"Harris"},"geometry":{"type":"Polygon","coordinates":[[[-95.34419,29.88771],[-95.34303,29.88687],[-95.34256,29.88507],[-95.3428,29.8831],[-95.34447,29.88106],[-95.34387,29.8794],[-95.34413,29.87839],[-95.34403,29.87721],[-95.34175,29.8747],[-95.33495,29.87475],[-95.33483,29.87102],[-95.3411,29.87107],[-95.34158,29.86983],[-95.34116,29.86846],[-95.34258,29.86847],[-95.34309,29.86728],[-95.34319,29.86535],[-95.34997,29.86532],[-95.34997,29.86497],[-95.35299,29.86492],[-95.35301,29.86737],[-95.35002,29.86742],[-95.35032,29.86835],[-95.34557,29.86838],[-95.34562,29.8723],[-95.34894,29.87226],[-95.34896,29.87349],[-95.35321,29.87345],[-95.35525,29.87747],[-95.35493,29.88808],[-95.34436,29.88815],[-95.34419,29.88771]]]}},{"type":"Feature","properties":{"PRECINCT":"harris:579","COUNTY":"Harris"},"geometry":{"type":"Polygon","coordinates":[[[-95.39121,29.86997],[-95.39114,29.86439],[-95.39773,29.86432],[-95.39774,29.8653],[-95.39797,29.86537],[-95.39926,29.86529],[-95.39926,29.86431],[-95.40452,29.86425],[-95.40123,29.85801],[-95.39569,29.85017],[-95.39639,29.85037],[-95.3965,29.85015],[-95.39836,29.85278],[-95.39952,29.8523],[-95.40047,29.85385],[-95.40304,29.85374],[-95.40304,29.85487],[-95.40624,29.85487],[-95.40625,29.85567],[-95.4015,29.85571],[-95.40068,29.85604],[-95.40278,29.85933],[-95.40462,29.85884],[-95.40948,29.85876],[-95.40967,29.86986],[-95.39121,29.86997]]]}},{"type":"Feature","properties":{"PRECINCT":"harris:591","COUNTY":"Harris"},"geometry":{"type":"Polygon","coordinates":[[[-95.32726,29.88754],[-95.3272,29.88368],[-95.32625,29.8837],[-95.32622,29.88172],[-95.32766,29.88171],[-95.3279,29.88006],[-95.32787,29.8774],[-95.32618,29.87718],[-95.32977,29.87105],[-95.33019,29.87104],[-95.32967,29.87191],[-95.3348,29.87187],[-95.33495,29.87475],[-95.34175,29.8747],[-95.34403,29.87721],[-95.34413,29.87839],[-95.34387,29.8794],[-95.34449,29.88097],[-95.34267,29.88344],[-95.34256,29.88507],[-95.34296,29.88674],[-95.33305,29.88674],[-95.33053,29.8869],[-95.33053,29.8875],[-95.32726,29.88754]]]}},{"type":"Feature","properties":{"PRECINCT":"harris:595","COUNTY":"Harris"},"geometry":{"type":"Polygon","coordinates":[[[-95.41269,29.91507],[-95.41276,29.90525],[-95.41399,29.9047],[-95.41511,29.90454],[-95.415,29.90029],[-95.41668,29.90026],[-95.41664,29.89931],[-95.41697,29.89932],[-95.41694,29.89808],[-95.42596,29.89793],[-95.42921,29.89792],[-95.44216,29.91459],[-95.41444,29.91505],[-95.41269,29.91507]]]}},{"type":"Feature","properties":{"PRECINCT":"harris:605","COUNTY":"Harris"},"geometry":{"type":"Polygon","coordinates":[[[-95.14407,29.78893],[-95.15346,29.78887],[-95.15897,29.79062],[-95.16035,29.79365],[-95.15985,29.79413],[-95.15846,29.79456],[-95.15834,29.79567],[-95.15759,29.79615],[-95.15762,29.79723],[-95.15275,29.79722],[-95.15285,29.80103],[-95.15338,29.80355],[-95.15346,29.8056],[-95.1423,29.80568],[-95.14198,29.79677],[-95.14064,29.7932],[-95.14275,29.79288],[-95.14425,29.79232],[-95.14407,29.78893]]]}},{"type":"Feature","properties":{"PRECINCT":"harris:608","COUNTY":"Harris"},"geometry":{"type":"Polygon","coordinates":[[[-95.37313,29.90221],[-95.37232,29.89909],[-95.37192,29.89563],[-95.3713,29.89567],[-95.37054,29.89255],[-95.37,29.89263],[-95.36919,29.88941],[-95.37222,29.88956],[-95.39485,29.88945],[-95.39715,29.89336],[-95.39897,29.89837],[-95.39101,29.89849],[-95.39097,29.90209],[-95.37313,29.90221]]]}},{"type":"Feature","properties":{"PRECINCT":"harris:61","COUNTY":"Harris"},"geometry":{"type":"Polygon","coordinates":[[[-95.39097,29.93191],[-95.39075,29.91673],[-95.391,29.91573],[-95.39683,29.91553],[-95.39695,29.91818],[-95.39707,29.91841],[-95.39853,29.9177],[-95.39907,29.91898],[-95.39887,29.92001],[-95.39896,29.92225],[-95.40161,29.92527],[-95.40192,29.92701],[-95.40244,29.92693],[-95.40272,29.92938],[-95.40212,29.93177],[-95.39097,29.93191]]]}},{"type":"Feature","properties":{"PRECINCT":"harris:62","COUNTY":"Harris"},"geometry":{"type":"Polygon","coordinates":[[[-95.28719,29.76597],[-95.28696,29.75237],[-95.26542,29.73824],[-95.26675,29.72887],[-95.26653,29.72494],[-95.26989,29.72465],[-95.27164,29.72505],[-95.27518,29.72739],[-95.27614,29.72915],[-95.27691,29.73294],[-95.27905,29.73766],[-95.28141,29.74106],[-95.28477,29.74462],[-95.28495,29.74544],[-95.28665,29.74829],[-95.28881,29.74991],[-95.29303,29.74727],[-95.2957,29.74722],[-95.29645,29.74764],[-95.29652,29.74816],[-95.29583,29.74954],[-95.29502,29.75035],[-95.29483,29.75115],[-95.2954,29.75206],[-95.29742,29.75423],[-95.29861,29.75416],[-95.29996,29.75289],[-95.30084,29.75273],[-95.30242,29.75346],[-95.30419,29.75554],[-95.3048,29.75582],[-95.30577,29.7557],[-95.3068,29.755],[-95.30826,29.75461],[-95.30945,29.7547],[-95.31301,29.75554],[-95.31467,29.7553],[-95.31574,29.75475],[-95.3181,29.75503],[-95.32005,29.75612],[-95.31548,29.76363],[-95.31548,29.76468],[-95.31405,29.76423],[-95.31335,29.7645],[-95.31252,29.76534],[-95.31243,29.77442],[-95.30123,29.77442],[-95.29884,29.77506],[-95.29222,29.77769],[-95.28991,29.77803],[-95.28404,29.77811],[-95.28378,29.76599],[-95.28719,29.76597]]]}},{"type":"Feature","properties":{"PRECINCT":"harris:637","COUNTY":"Harris"},"geometry":{"type":"Polygon","coordinates":[[[-95.35118,29.81581],[-95.35029,29.81241],[-95.35075,29.81255],[-95.35074,29.81203],[-95.35266,29.81199],[-95.35255,29.81287],[-95.35367,29.81282],[-95.35332,29.8],[-95.36743,29.79989],[-95.36793,29.7999],[-95.36793,29.80005],[-95.37194,29.80004],[-95.37335,29.80761],[-95.36928,29.80758],[-95.36902,29.80632],[-95.36534,29.80638],[-95.36535,29.80712],[-95.36116,29.80718],[-95.3612,29.81017],[-95.35754,29.81019],[-95.35758,29.81385],[-95.35601,29.81377],[-95.35169,29.81286],[-95.35173,29.8158],[-95.35118,29.81581]]]}},{"type":"Feature","properties":{"PRECINCT":"harris:64","COUNTY":"Harris"},"geometry":{"type":"Polygon","coordinates":[[[-95.28657,29.74816],[-95.28495,29.74544],[-95.28477,29.74462],[-95.28179,29.74151],[-95.2881,29.74316],[-95.28829,29.74204],[-95.29298,29.73045],[-95.29462,29.72868],[-95.2949,29.72794],[-95.29763,29.72753],[-95.2996,29.72822],[-95.29927,29.72908],[-95.30072,29.72953],[-95.29949,29.73265],[-95.30314,29.7338],[-95.30063,29.73978],[-95.29894,29.73925],[-95.29909,29.74389],[-95.29889,29.74382],[-95.29747,29.74716],[-95.29652,29.74816],[-95.29645,29.74764],[-95.2957,29.74722],[-95.29303,29.74727],[-95.28884,29.74993],[-95.28657,29.74816]]]}},{"type":"Feature","properties":{"PRECINCT":"harris:65","COUNTY":"Harris"},"geometry":{"type":"Polygon","coordinates":[[[-95.27518,29.72739],[-95.27651,29.72665],[-95.27844,29.7275],[-95.28167,29.72738],[-95.28222,29.72597],[-95.28207,29.7247],[-95.28338,29.72262],[-95.28414,29.72237],[-95.28643,29.72266],[-95.28781,29.72346],[-95.28931,29.72327],[-95.29013,29.72349],[-95.29127,29.72584],[-95.29326,29.72649],[-95.29433,29.7277],[-95.2949,29.72794],[-95.29462,29.72868],[-95.29298,29.73045],[-95.28829,29.74204],[-95.2881,29.74316],[-95.28179,29.74151],[-95.28141,29.74106],[-95.27905,29.73766],[-95.278,29.73535],[-95.27691,29.73294],[-95.27614,29.72915],[-95.27518,29.72739]]]}},{"type":"Feature","properties":{"PRECINCT":"harris:653","COUNTY":"Harris"},"geometry":{"type":"Polygon","coordinates":[[[-95.28534,29.62078],[-95.28531,29.61966],[-95.28214,29.61972],[-95.28195,29.60652],[-95.28598,29.60643],[-95.28649,29.59789],[-95.28803,29.59833],[-95.29067,29.59753],[-95.29258,29.59773],[-95.29369,29.59648],[-95.29455,29.59663],[-95.29606,29.59617],[-95.29687,29.59663],[-95.29741,29.59652],[-95.30466,29.62086],[-95.28534,29.62078]]]}},{"type":"Feature","properties":{"PRECINCT":"harris:66","COUNTY":"Harris"},"geometry":{"type":"Polygon","coordinates":[[[-95.25261,29.72498],[-95.2497,29.72205],[-95.24792,29.72064],[-95.24545,29.71964],[-95.24302,29.71909],[-95.24295,29.71856],[-95.2436,29.71728],[-95.24446,29.71699],[-95.24673,29.71532],[-95.24877,29.71294],[-95.24956,29.71278],[-95.25098,29.71325],[-95.25329,29.71318],[-95.25415,29.71335],[-95.25499,29.71312],[-95.25534,29.71261],[-95.25517,29.71107],[-95.2557,29.70934],[-95.25598,29.70871],[-95.2569,29.70782],[-95.26415,29.70914],[-95.27056,29.71071],[-95.27539,29.71252],[-95.27806,29.71324],[-95.28072,29.71565],[-95.28203,29.71593],[-95.2836,29.7166],[-95.28595,29.71677],[-95.28607,29.71911],[-95.28569,29.71932],[-95.28491,29.7193],[-95.28618,29.72263],[-95.28414,29.72237],[-95.28338,29.72262],[-95.28207,29.7247],[-95.28222,29.72597],[-95.28167,29.72738],[-95.27844,29.7275],[-95.27651,29.72665],[-95.27518,29.72739],[-95.27164,29.72505],[-95.26989,29.72465],[-95.26644,29.72495],[-95.2627,29.7262],[-95.25846,29.72695],[-95.25579,29.72681],[-95.25403,29.72602],[-95.25261,29.72498]]]}},{"type":"Feature","properties":{"PRECINCT":"harris:664","COUNTY":"Harris"},"geometry":{"type":"Polygon","coordinates":[[[-95.34123,29.91307],[-95.33671,29.91289],[-95.33353,29.91146],[-95.33138,29.91123],[-95.33129,29.9066],[-95.32699,29.90664],[-95.32701,29.90739],[-95.32357,29.90744],[-95.32355,29.9067],[-95.32114,29.90671],[-95.31839,29.90677],[-95.31638,29.90754],[-95.313,29.90758],[-95.31298,29.90292],[-95.33118,29.90251],[-95.34821,29.9024],[-95.34831,29.90519],[-95.34155,29.90526],[-95.34153,29.90312],[-95.34127,29.90295],[-95.34071,29.903],[-95.34067,29.90415],[-95.33981,29.90416],[-95.33973,29.90488],[-95.33638,29.90493],[-95.33637,29.90546],[-95.34047,29.90548],[-95.34049,29.90856],[-95.34111,29.9094],[-95.34123,29.91307]]]}},{"type":"Feature","properties":{"PRECINCT":"harris:677","COUNTY":"Harris"},"geometry":{"type":"Polygon","coordinates":[[[-95.38491,29.87005],[-95.38474,29.86172],[-95.38661,29.86168],[-95.38652,29.85968],[-95.38778,29.85967],[-95.40212,29.85954],[-95.40452,29.86425],[-95.39926,29.86431],[-95.39926,29.86529],[-95.39797,29.86537],[-95.39774,29.8653],[-95.39773,29.86432],[-95.39114,29.86439],[-95.39121,29.86997],[-95.38491,29.87005]]]}},{"type":"Feature","properties":{"PRECINCT":"harris:683","COUNTY":"Harris"},"geometry":{"type":"Polygon","coordinates":[[[-95.38455,29.85026],[-95.38442,29.84161],[-95.38728,29.84159],[-95.38735,29.84551],[-95.39084,29.84554],[-95.39091,29.85022],[-95.38935,29.85021],[-95.38933,29.84827],[-95.38812,29.84823],[-95.38823,29.85023],[-95.38455,29.85026]]]}},{"type":"Feature","properties":{"PRECINCT":"harris:69","COUNTY":"Harris"},"geometry":{"type":"Polygon","coordinates":[[[-95.30827,29.74523],[-95.29905,29.74231],[-95.29894,29.73925],[-95.30063,29.73978],[-95.30314,29.7338],[-95.31398,29.73719],[-95.3127,29.73888],[-95.31301,29.73898],[-95.30956,29.74415],[-95.30911,29.74401],[-95.30827,29.74523]]]}},{"type":"Feature","properties":{"PRECINCT":"harris:698","COUNTY":"Harris"},"geometry":{"type":"Polygon","coordinates":[[[-95.46969,29.9502],[-95.46838,29.94846],[-95.46692,29.94926],[-95.46547,29.94951],[-95.45684,29.94963],[-95.45455,29.94945],[-95.45502,29.94593],[-95.45125,29.94598],[-95.45124,29.93816],[-95.45166,29.93709],[-95.45618,29.93605],[-95.45821,29.93786],[-95.46102,29.94132],[-95.46416,29.94083],[-95.46596,29.9419],[-95.46835,29.94396],[-95.47062,29.9444],[-95.47233,29.94445],[-95.47529,29.94497],[-95.48142,29.94559],[-95.48145,29.94927],[-95.48177,29.95001],[-95.46969,29.9502]]]}},{"type":"Feature","properties":{"PRECINCT":"harris:702","COUNTY":"Harris"},"geometry":{"type":"Polygon","coordinates":[[[-95.34278,29.8379],[-95.34258,29.82491],[-95.34589,29.82487],[-95.34591,29.82645],[-95.34734,29.82642],[-95.34843,29.82613],[-95.35087,29.82622],[-95.35084,29.82181],[-95.35259,29.82178],[-95.35431,29.82881],[-95.35087,29.8287],[-95.35093,29.83115],[-95.3454,29.83123],[-95.34548,29.83484],[-95.34811,29.83484],[-95.34821,29.83773],[-95.34278,29.8379]]]}},{"type":"Feature","properties":{"PRECINCT":"harris:705","COUNTY":"Harris"},"geometry":{"type":"Polygon","coordinates":[[[-95.29598,29.93996],[-95.30007,29.93071],[-95.31333,29.93045],[-95.31353,29.93902],[-95.31058,29.9391],[-95.30641,29.93958],[-95.30342,29.93956],[-95.30343,29.93983],[-95.30212,29.93988],[-95.29598,29.93996]]]}},{"type":"Feature","properties":{"PRECINCT":"harris:708","COUNTY":"Harris"},"geometry":{"type":"Polygon","coordinates":[[[-95.21126,29.69077],[-95.21077,29.68983],[-95.20915,29.68797],[-95.20884,29.67808],[-95.20817,29.67649],[-95.20801,29.67417],[-95.20824,29.67413],[-95.20874,29.67437],[-95.20956,29.67532],[-95.21091,29.67802],[-95.2118,29.67861],[-95.21325,29.67885],[-95.21381,29.67934],[-95.2161,29.6838],[-95.21608,29.68511],[-95.21736,29.68728],[-95.21753,29.69074],[-95.21126,29.69077]]]}},{"type":"Feature","properties":{"PRECINCT":"harris:714","COUNTY":"Harris"},"geometry":{"type":"Polygon","coordinates":[[[-95.34896,29.87349],[-95.34894,29.87226],[-95.34562,29.8723],[-95.34557,29.86838],[-95.35032,29.86835],[-95.35002,29.86742],[-95.35301,29.86737],[-95.35298,29.86256],[-95.36244,29.86243],[-95.36165,29.85924],[-95.36222,29.8592],[-95.36508,29.87073],[-95.35189,29.87099],[-95.35321,29.87345],[-95.34896,29.87349]]]}},{"type":"Feature","properties":{"PRECINCT":"harris:72","COUNTY":"Harris"},"geometry":{"type":"Polygon","coordinates":[[[-95.29795,29.72759],[-95.2946,29.72788],[-95.29326,29.72649],[-95.29127,29.72584],[-95.29013,29.72349],[-95.28931,29.72327],[-95.28781,29.72346],[-95.28618,29.72263],[-95.28491,29.7193],[-95.28584,29.71924],[-95.3051,29.70842],[-95.31069,29.7122],[-95.30991,29.71282],[-95.30939,29.7136],[-95.30919,29.71447],[-95.30753,29.71589],[-95.30768,29.7174],[-95.30882,29.71819],[-95.3087,29.71922],[-95.30543,29.72115],[-95.30495,29.72263],[-95.30522,29.72427],[-95.30498,29.72558],[-95.30545,29.7269],[-95.30516,29.72728],[-95.30424,29.72765],[-95.30383,29.729],[-95.30319,29.73],[-95.30275,29.73008],[-95.3022,29.72982],[-95.30154,29.72877],[-95.29795,29.72759]]]}},{"type":"Feature","properties":{"PRECINCT":"harris:725","COUNTY":"Harris"},"geometry":{"type":"Polygon","coordinates":[[[-95.1731,29.80375],[-95.17386,29.79905],[-95.17476,29.79906],[-95.1749,29.79803],[-95.17694,29.79187],[-95.17845,29.7921],[-95.18681,29.79182],[-95.18783,29.79195],[-95.18999,29.7929],[-95.17921,29.8062],[-95.17333,29.80638],[-95.1731,29.80375]]]}},{"type":"Feature","properties":{"PRECINCT":"harris:733","COUNTY":"Harris"},"geometry":{"type":"Polygon","coordinates":[[[-95.291,29.93064],[-95.29324,29.9306],[-95.29323,29.92942],[-95.29392,29.92921],[-95.29505,29.92809],[-95.29523,29.91989],[-95.29501,29.91985],[-95.2956,29.91864],[-95.29596,29.91893],[-95.29787,29.91952],[-95.29954,29.91969],[-95.30099,29.91912],[-95.30272,29.91908],[-95.30529,29.91851],[-95.30712,29.91843],[-95.30279,29.9248],[-95.30007,29.93071],[-95.29394,29.93064],[-95.28944,29.93475],[-95.291,29.93064]]]}},{"type":"Feature","properties":{"PRECINCT":"harris:736","COUNTY":"Harris"},"geometry":{"type":"Polygon","coordinates":[[[-95.35063,29.78475],[-95.351,29.78557],[-95.35108,29.78897],[-95.35012,29.789],[-95.35002,29.78487],[-95.35063,29.78475]]]}},{"type":"Feature","properties":{"PRECINCT":"harris:737","COUNTY":"Harris"},"geometry":{"type":"Polygon","coordinates":[[[-95.34551,29.93676],[-95.34541,29.93579],[-95.34238,29.93576],[-95.34229,29.93318],[-95.33565,29.93323],[-95.33554,29.92997],[-95.34224,29.93037],[-95.3471,29.93036],[-95.34701,29.93108],[-95.34654,29.93154],[-95.34528,29.93212],[-95.34508,29.93297],[-95.34613,29.93483],[-95.34697,29.9353],[-95.34915,29.93584],[-95.34947,29.93614],[-95.34958,29.93678],[-95.34551,29.93676]]]}},{"type":"Feature","properties":{"PRECINCT":"harris:741","COUNTY":"Harris"},"geometry":{"type":"Polygon","coordinates":[[[-95.14279,29.81545],[-95.1423,29.80568],[-95.15346,29.8056],[-95.15338,29.80355],[-95.15285,29.80103],[-95.15275,29.79722],[-95.15762,29.79723],[-95.15771,29.79829],[-95.15649,29.79994],[-95.15574,29.80036],[-95.1555,29.80087],[-95.15569,29.80137],[-95.15597,29.8017],[-95.15865,29.80221],[-95.16041,29.80292],[-95.16122,29.80431],[-95.16115,29.80476],[-95.16043,29.80516],[-95.15885,29.80533],[-95.1583,29.8056],[-95.15656,29.8071],[-95.15702,29.80818],[-95.1576,29.80827],[-95.15855,29.80905],[-95.15869,29.80995],[-95.15183,29.81197],[-95.14963,29.81303],[-95.14279,29.81545]]]}},{"type":"Feature","properties":{"PRECINCT":"harris:743","COUNTY":"Harris"},"geometry":{"type":"Polygon","coordinates":[[[-95.30169,29.91183],[-95.30167,29.90845],[-95.30302,29.90843],[-95.30303,29.90955],[-95.30935,29.9095],[-95.30961,29.90836],[-95.31031,29.90835],[-95.30868,29.91537],[-95.30783,29.91735],[-95.30712,29.91843],[-95.30529,29.91851],[-95.30272,29.91908],[-95.30099,29.91912],[-95.29982,29.91966],[-95.29846,29.91966],[-95.29596,29.91893],[-95.2956,29.91864],[-95.29573,29.9182],[-95.29821,29.91188],[-95.30169,29.91183]]]}},{"type":"Feature","properties":{"PRECINCT":"harris:755","COUNTY":"Harris"},"geometry":{"type":"Polygon","coordinates":[[[-95.21102,29.63698],[-95.19881,29.62388],[-95.19983,29.62383],[-95.19901,29.62293],[-95.19974,29.62291],[-95.19964,29.62122],[-95.19634,29.62127],[-95.19251,29.6168],[-95.18528,29.60948],[-95.19372,29.60202],[-95.19782,29.59888],[-95.20441,29.60533],[-95.23232,29.63068],[-95.23247,29.6314],[-95.23302,29.63206],[-95.2384,29.63695],[-95.23711,29.63759],[-95.23282,29.6377],[-95.23275,29.63485],[-95.22141,29.63483],[-95.22116,29.62975],[-95.21102,29.63698]]]}},{"type":"Feature","properties":{"PRECINCT":"harris:763","COUNTY":"Harris"},"geometry":{"type":"Polygon","coordinates":[[[-95.22525,29.65211],[-95.22585,29.65167],[-95.22475,29.65045],[-95.22485,29.65023],[-95.22666,29.6502],[-95.2269,29.65217],[-95.23227,29.65195],[-95.23214,29.6501],[-95.23311,29.65022],[-95.23304,29.64767],[-95.23706,29.6476],[-95.23712,29.64855],[-95.2392,29.64864],[-95.23918,29.64784],[-95.24283,29.64778],[-95.24279,29.64618],[-95.246,29.64613],[-95.24656,29.64588],[-95.24484,29.64329],[-95.2429,29.64108],[-95.24336,29.64073],[-95.24516,29.64285],[-95.25144,29.65227],[-95.22577,29.65266],[-95.22525,29.65211]]]}},{"type":"Feature","properties":{"PRECINCT":"harris:767","COUNTY":"Harris"},"geometry":{"type":"Polygon","coordinates":[[[-95.28944,29.93475],[-95.29394,29.93064],[-95.30007,29.93071],[-95.29598,29.93996],[-95.28767,29.94016],[-95.28944,29.93475]]]}},{"type":"Feature","properties":{"PRECINCT":"harris:77","COUNTY":"Harris"},"geometry":{"type":"Polygon","coordinates":[[[-95.3833,29.85926],[-95.38471,29.85944],[-95.38472,29.86068],[-95.3798,29.86064],[-95.37977,29.85936],[-95.3833,29.85926]]]}},{"type":"Feature","properties":{"PRECINCT":"harris:770","COUNTY":"Harris"},"geometry":{"type":"Polygon","coordinates":[[[-95.20246,29.65414],[-95.20735,29.65402],[-95.20812,29.65496],[-95.20824,29.66144],[-95.20783,29.6648],[-95.20269,29.66487],[-95.20246,29.65414]]]}},{"type":"Feature","properties":{"PRECINCT":"harris:774","COUNTY":"Harris"},"geometry":{"type":"Polygon","coordinates":[[[-95.27787,29.60143],[-95.25465,29.60174],[-95.25391,29.60118],[-95.254,29.60088],[-95.2526,29.60025],[-95.24491,29.59413],[-95.2468,29.59268],[-95.25469,29.58529],[-95.26029,29.58988],[-95.2604,29.59026],[-95.26104,29.59082],[-95.26088,29.59174],[-95.26116,29.59254],[-95.26192,29.59335],[-95.26357,29.59386],[-95.2654,29.59411],[-95.26589,29.59453],[-95.26645,29.59465],[-95.26711,29.59444],[-95.26741,29.5939],[-95.26804,29.59383],[-95.26883,29.59391],[-95.26959,29.59455],[-95.27021,29.59472],[-95.27145,29.59428],[-95.27197,29.59431],[-95.27282,29.59508],[-95.27366,29.59439],[-95.27492,29.5952],[-95.2757,29.59488],[-95.27666,29.59485],[-95.27743,29.59613],[-95.27883,29.59545],[-95.2801,29.59545],[-95.28171,29.59722],[-95.28257,29.59768],[-95.28414,29.59759],[-95.2849,29.59796],[-95.28569,29.59765],[-95.28649,29.59789],[-95.28615,29.60291],[-95.27814,29.60301],[-95.27787,29.60143]]]}},{"type":"Feature","properties":{"PRECINCT":"harris:775","COUNTY":"Harris"},"geometry":{"type":"Polygon","coordinates":[[[-95.34278,29.8379],[-95.34484,29.83776],[-95.3449,29.84466],[-95.34285,29.84288],[-95.34278,29.8379]]]}},{"type":"Feature","properties":{"PRECINCT":"harris:777","COUNTY":"Harris"},"geometry":{"type":"Polygon","coordinates":[[[-95.21634,29.70167],[-95.21651,29.69978],[-95.21496,29.69953],[-95.21509,29.69895],[-95.21465,29.69855],[-95.21494,29.69802],[-95.21978,29.69797],[-95.21984,29.70163],[-95.22812,29.70154],[-95.22814,29.70766],[-95.22491,29.70925],[-95.22309,29.70983],[-95.21657,29.7107],[-95.21551,29.70838],[-95.21567,29.70739],[-95.21656,29.70575],[-95.21662,29.70372],[-95.21634,29.70167]]]}},{"type":"Feature","properties":{"PRECINCT":"harris:778","COUNTY":"Harris"},"geometry":{"type":"Polygon","coordinates":[[[-95.35208,29.81974],[-95.35237,29.81973],[-95.35406,29.82634],[-95.35502,29.82782],[-95.35517,29.82894],[-95.35431,29.82881],[-95.35208,29.81974]]]}},{"type":"Feature","properties":{"PRECINCT":"harris:779","COUNTY":"Harris"},"geometry":{"type":"Polygon","coordinates":[[[-95.35613,29.89443],[-95.35474,29.89454],[-95.35522,29.87721],[-95.35189,29.87099],[-95.36438,29.87074],[-95.3649,29.87253],[-95.36534,29.87253],[-95.36615,29.87574],[-95.3657,29.87575],[-95.36583,29.87631],[-95.37,29.89263],[-95.36869,29.89264],[-95.36797,29.89198],[-95.36699,29.89188],[-95.36553,29.8913],[-95.36532,29.89176],[-95.3642,29.89234],[-95.36166,29.89247],[-95.35984,29.89357],[-95.35711,29.89475],[-95.35613,29.89443]]]}},{"type":"Feature","properties":{"PRECINCT":"harris:78","COUNTY":"Harris"},"geometry":{"type":"Polygon","coordinates":[[[-95.35173,29.8158],[-95.35169,29.81286],[-95.35601,29.81377],[-95.35758,29.81385],[-95.36979,29.81367],[-95.36969,29.81001],[-95.36928,29.80758],[-95.37335,29.80761],[-95.37426,29.81066],[-95.37805,29.81939],[-95.35208,29.81974],[-95.35118,29.81581],[-95.35173,29.8158]]]}},{"type":"Feature","properties":{"PRECINCT":"harris:780","COUNTY":"Harris"},"geometry":{"type":"Polygon","coordinates":[[[-95.391,29.9157],[-95.391,29.90355],[-95.39242,29.90355],[-95.39259,29.90384],[-95.40089,29.90372],[-95.40185,29.9064],[-95.40353,29.90628],[-95.40367,29.90595],[-95.40854,29.90572],[-95.40858,29.9078],[-95.41203,29.9074],[-95.41217,29.91511],[-95.391,29.9157]]]}},{"type":"Feature","properties":{"PRECINCT":"harris:786","COUNTY":"Harris"},"geometry":{"type":"Polygon","coordinates":[[[-95.1823,29.6989],[-95.19364,29.69848],[-95.1927,29.69667],[-95.19268,29.69606],[-95.19337,29.69605],[-95.19329,29.69238],[-95.19541,29.69237],[-95.19539,29.69089],[-95.2004,29.69086],[-95.20092,29.6922],[-95.20101,29.69408],[-95.20127,29.71211],[-95.1974,29.71247],[-95.19661,29.71043],[-95.19004,29.70471],[-95.18214,29.70009],[-95.1823,29.6989]]]}},{"type":"Feature","properties":{"PRECINCT":"harris:787","COUNTY":"Harris"},"geometry":{"type":"Polygon","coordinates":[[[-95.36508,29.87073],[-95.36252,29.86053],[-95.3642,29.86474],[-95.37034,29.86465],[-95.3703,29.86236],[-95.37114,29.86235],[-95.37119,29.86464],[-95.37211,29.86463],[-95.37194,29.87021],[-95.36814,29.87026],[-95.36508,29.87073]]]}},{"type":"Feature","properties":{"PRECINCT":"harris:79","COUNTY":"Harris"},"geometry":{"type":"Polygon","coordinates":[[[-95.29879,29.77537],[-95.29927,29.77522],[-95.29758,29.77557],[-95.30123,29.77442],[-95.31243,29.77442],[-95.3125,29.7856],[-95.3124,29.78647],[-95.3119,29.78742],[-95.29906,29.78754],[-95.29879,29.77537]]]}},{"type":"Feature","properties":{"PRECINCT":"harris:792","COUNTY":"Harris"},"geometry":{"type":"Polygon","coordinates":[[[-95.33421,29.9208],[-95.32972,29.92061],[-95.3278,29.91955],[-95.32671,29.91927],[-95.31745,29.91955],[-95.31516,29.91913],[-95.31221,29.91916],[-95.31004,29.9185],[-95.30712,29.91843],[-95.30868,29.91537],[-95.31174,29.90275],[-95.31298,29.90292],[-95.313,29.90758],[-95.31638,29.90754],[-95.31839,29.90677],[-95.32114,29.90671],[-95.32355,29.9067],[-95.32357,29.90744],[-95.32701,29.90739],[-95.32699,29.90664],[-95.33129,29.9066],[-95.33138,29.91123],[-95.33384,29.91155],[-95.33711,29.91298],[-95.34123,29.91307],[-95.34133,29.91748],[-95.34113,29.91793],[-95.34108,29.92054],[-95.3396,29.9206],[-95.3384,29.92119],[-95.3373,29.9214],[-95.33567,29.9213],[-95.33421,29.9208]]]}},{"type":"Feature","properties":{"PRECINCT":"harris:795","COUNTY":"Harris"},"geometry":{"type":"Polygon","coordinates":[[[-95.37203,29.86019],[-95.37191,29.85389],[-95.37623,29.85386],[-95.37616,29.84969],[-95.38454,29.84946],[-95.38471,29.85944],[-95.38342,29.85926],[-95.3763,29.85941],[-95.37632,29.86016],[-95.37203,29.86019]]]}},{"type":"Feature","properties":{"PRECINCT":"harris:799","COUNTY":"Harris"},"geometry":{"type":"Polygon","coordinates":[[[-95.26679,29.95362],[-95.26189,29.95367],[-95.26168,29.94942],[-95.26245,29.94961],[-95.26284,29.95164],[-95.26629,29.9512],[-95.26631,29.9521],[-95.26847,29.95227],[-95.26933,29.95133],[-95.27099,29.9519],[-95.26817,29.95451],[-95.26679,29.95362]]]}},{"type":"Feature","properties":{"PRECINCT":"harris:80","COUNTY":"Harris"},"geometry":{"type":"Polygon","coordinates":[[[-95.21266,29.80512],[-95.21077,29.80475],[-95.21009,29.80363],[-95.20894,29.80295],[-95.20769,29.80058],[-95.20406,29.79712],[-95.2037,29.79629],[-95.20441,29.79552],[-95.20624,29.79573],[-95.2068,29.79555],[-95.20685,29.79534],[-95.2063,29.79384],[-95.20651,29.79382],[-95.20638,29.79226],[-95.20492,29.79058],[-95.20487,29.78917],[-95.20517,29.78878],[-95.20603,29.7888],[-95.20653,29.78917],[-95.20817,29.78947],[-95.20816,29.78966],[-95.20932,29.78968],[-95.21191,29.78787],[-95.21402,29.78733],[-95.21471,29.78652],[-95.21488,29.78577],[-95.21434,29.78488],[-95.21386,29.78332],[-95.21297,29.78215],[-95.21272,29.78032],[-95.21193,29.77954],[-95.21071,29.77893],[-95.20878,29.77909],[-95.20835,29.77891],[-95.20805,29.77836],[-95.20792,29.77604],[-95.20707,29.77547],[-95.20553,29.77554],[-95.20361,29.77514],[-95.20135,29.775],[-95.2001,29.77546],[-95.19851,29.77674],[-95.1975,29.77689],[-95.19673,29.77663],[-95.19574,29.77583],[-95.19515,29.77452],[-95.19542,29.77389],[-95.19673,29.7726],[-95.19703,29.77153],[-95.2006,29.77166],[-95.20642,29.77139],[-95.21366,29.77074],[-95.21389,29.77138],[-95.21292,29.7722],[-95.21569,29.77474],[-95.21747,29.77469],[-95.21827,29.77584],[-95.21849,29.77653],[-95.21865,29.78414],[-95.21934,29.78402],[-95.22071,29.78325],[-95.22313,29.78315],[-95.22312,29.78162],[-95.22402,29.78181],[-95.2286,29.78182],[-95.22875,29.7813],[-95.2305,29.78129],[-95.23163,29.78176],[-95.23237,29.78133],[-95.23438,29.78112],[-95.23378,29.78069],[-95.23352,29.78007],[-95.23363,29.77975],[-95.23303,29.77942],[-95.23185,29.77713],[-95.23137,29.77698],[-95.23103,29.77657],[-95.22996,29.77634],[-95.22854,29.77471],[-95.22838,29.77309],[-95.22772,29.77161],[-95.23614,29.77341],[-95.23958,29.77348],[-95.23749,29.77367],[-95.23757,29.77388],[-95.23968,29.77409],[-95.23773,29.77413],[-95.2378,29.77669],[-95.23807,29.77732],[-95.23785,29.77839],[-95.23788,29.78079],[-95.24118,29.78077],[-95.24243,29.78013],[-95.24304,29.78076],[-95.24641,29.78081],[-95.2466,29.78006],[-95.24748,29.78024],[-95.24749,29.78071],[-95.25142,29.78068],[-95.25151,29.78669],[-95.24614,29.78683],[-95.24619,29.79493],[-95.24026,29.7951],[-95.21461,29.80405],[-95.21266,29.80512]]]}},{"type":"Feature","properties":{"PRECINCT":"harris:81","COUNTY":"Harris"},"geometry":{"type":"Polygon","coordinates":[[[-95.21151,29.75963],[-95.21133,29.75768],[-95.21142,29.74971],[-95.21091,29.74083],[-95.21115,29.7396],[-95.21227,29.73895],[-95.21206,29.7341],[-95.21135,29.73286],[-95.21192,29.73167],[-95.21188,29.72653],[-95.21521,29.72453],[-95.21931,29.72413],[-95.22453,29.72558],[-95.227,29.72582],[-95.23375,29.72359],[-95.23568,29.72237],[-95.23891,29.71952],[-95.23998,29.71931],[-95.24036,29.75884],[-95.21308,29.75979],[-95.21183,29.75981],[-95.21151,29.75963]]]}},{"type":"Feature","properties":{"PRECINCT":"harris:810","COUNTY":"Harris"},"geometry":{"type":"Polygon","coordinates":[[[-95.28123,29.75413],[-95.28112,29.74856],[-95.2835,29.7501],[-95.28381,29.76793],[-95.2797,29.76799],[-95.27883,29.76762],[-95.27828,29.76667],[-95.27821,29.76057],[-95.2794,29.75912],[-95.27946,29.75547],[-95.27971,29.75516],[-95.28085,29.7548],[-95.28123,29.75413]]]}},{"type":"Feature","properties":{"PRECINCT":"harris:811","COUNTY":"Harris"},"geometry":{"type":"Polygon","coordinates":[[[-95.28838,29.78821],[-95.28821,29.78083],[-95.28726,29.78173],[-95.28405,29.78189],[-95.28404,29.77811],[-95.29125,29.77789],[-95.29148,29.77989],[-95.2916,29.78765],[-95.28838,29.78821]]]}},{"type":"Feature","properties":{"PRECINCT":"harris:816","COUNTY":"Harris"},"geometry":{"type":"Polygon","coordinates":[[[-95.26443,29.79199],[-95.26802,29.79181],[-95.26933,29.79456],[-95.27066,29.79616],[-95.28014,29.80247],[-95.25806,29.81243],[-95.25795,29.81217],[-95.25879,29.81153],[-95.26336,29.80636],[-95.26324,29.79965],[-95.26566,29.79737],[-95.26457,29.79582],[-95.26443,29.79199]]]}},{"type":"Feature","properties":{"PRECINCT":"harris:818","COUNTY":"Harris"},"geometry":{"type":"Polygon","coordinates":[[[-95.23001,29.81654],[-95.22874,29.81649],[-95.22858,29.816],[-95.23088,29.81497],[-95.23084,29.81384],[-95.23042,29.81329],[-95.22988,29.81313],[-95.2281,29.81351],[-95.2264,29.81341],[-95.22577,29.81436],[-95.22538,29.81441],[-95.22492,29.81397],[-95.22462,29.81218],[-95.22313,29.812],[-95.22267,29.81075],[-95.21997,29.8095],[-95.2191,29.80875],[-95.21805,29.80885],[-95.21694,29.81],[-95.21644,29.81023],[-95.21596,29.8102],[-95.21499,29.80959],[-95.21383,29.81071],[-95.21305,29.8109],[-95.21262,29.80988],[-95.21277,29.80917],[-95.21322,29.80786],[-95.21423,29.80664],[-95.21408,29.80614],[-95.2128,29.80521],[-95.21461,29.80405],[-95.24026,29.7951],[-95.24416,29.79497],[-95.24098,29.79886],[-95.24049,29.80001],[-95.24064,29.81957],[-95.22975,29.82426],[-95.22837,29.82185],[-95.22875,29.82124],[-95.22978,29.82074],[-95.23006,29.81912],[-95.23085,29.81827],[-95.23055,29.81689],[-95.23001,29.81654]]]}},{"type":"Feature","properties":{"PRECINCT":"harris:821","COUNTY":"Harris"},"geometry":{"type":"Polygon","coordinates":[[[-95.21865,29.78414],[-95.21849,29.77653],[-95.21827,29.77584],[-95.21747,29.77469],[-95.21569,29.77474],[-95.21292,29.7722],[-95.21389,29.77138],[-95.21366,29.77074],[-95.21653,29.7705],[-95.22047,29.7705],[-95.22797,29.77212],[-95.22838,29.77309],[-95.22854,29.77471],[-95.22996,29.77634],[-95.23103,29.77657],[-95.23137,29.77698],[-95.23185,29.77713],[-95.23303,29.77942],[-95.23363,29.77975],[-95.23352,29.78007],[-95.23378,29.78069],[-95.23438,29.78112],[-95.23237,29.78133],[-95.23163,29.78176],[-95.2305,29.78129],[-95.22875,29.7813],[-95.2286,29.78182],[-95.22402,29.78181],[-95.22312,29.78162],[-95.22313,29.78315],[-95.22071,29.78325],[-95.21934,29.78402],[-95.21865,29.78414]]]}},{"type":"Feature","properties":{"PRECINCT":"harris:824","COUNTY":"Harris"},"geometry":{"type":"Polygon","coordinates":[[[-95.18695,29.79183],[-95.18689,29.78909],[-95.18324,29.78917],[-95.18319,29.78628],[-95.19458,29.78607],[-95.19687,29.78741],[-95.19843,29.78597],[-95.2005,29.78617],[-95.20151,29.78547],[-95.2026,29.78411],[-95.20241,29.78304],[-95.20306,29.78182],[-95.20292,29.78109],[-95.20475,29.77829],[-95.20502,29.77726],[-95.205,29.77665],[-95.20457,29.7759],[-95.20473,29.77535],[-95.20553,29.77554],[-95.20707,29.77547],[-95.20782,29.77594],[-95.2081,29.77653],[-95.20805,29.77836],[-95.20854,29.77904],[-95.21071,29.77893],[-95.21252,29.78004],[-95.21283,29.78062],[-95.21297,29.78215],[-95.21386,29.78332],[-95.21434,29.78488],[-95.21488,29.78577],[-95.21471,29.78652],[-95.21402,29.78733],[-95.21191,29.78787],[-95.20932,29.78968],[-95.20816,29.78966],[-95.20817,29.78947],[-95.20653,29.78917],[-95.20603,29.7888],[-95.20517,29.78878],[-95.20487,29.78917],[-95.20476,29.78992],[-95.20492,29.79058],[-95.20561,29.79131],[-95.20029,29.7916],[-95.19883,29.79216],[-95.19677,29.79341],[-95.19523,29.7939],[-95.19325,29.79402],[-95.19136,29.79361],[-95.18783,29.79195],[-95.18695,29.79183]]]}},{"type":"Feature","properties":{"PRECINCT":"harris:827","COUNTY":"Harris"},"geometry":{"type":"Polygon","coordinates":[[[-95.15792,29.77745],[-95.15669,29.77497],[-95.15817,29.77391],[-95.15813,29.77341],[-95.15745,29.77249],[-95.15644,29.77229],[-95.15412,29.77357],[-95.15341,29.7736],[-95.15191,29.77292],[-95.15069,29.77327],[-95.14881,29.77167],[-95.15045,29.77121],[-95.15037,29.77084],[-95.15118,29.77107],[-95.15444,29.77052],[-95.1558,29.7706],[-95.15574,29.76871],[-95.1626,29.76857],[-95.16263,29.76937],[-95.16183,29.76986],[-95.15916,29.76989],[-95.15917,29.77058],[-95.16126,29.77062],[-95.16051,29.77107],[-95.18226,29.77061],[-95.18224,29.77088],[-95.18282,29.77089],[-95.18293,29.77679],[-95.16076,29.77724],[-95.16076,29.78026],[-95.15831,29.78026],[-95.15792,29.77745]]]}},{"type":"Feature","properties":{"PRECINCT":"harris:83","COUNTY":"Harris"},"geometry":{"type":"Polygon","coordinates":[[[-95.26847,29.95227],[-95.26631,29.9521],[-95.26629,29.9512],[-95.26284,29.95164],[-95.26248,29.94966],[-95.26168,29.94942],[-95.26168,29.94896],[-95.26625,29.9491],[-95.26679,29.94668],[-95.26616,29.94632],[-95.26613,29.94215],[-95.26848,29.94201],[-95.26848,29.93903],[-95.26301,29.93894],[-95.26108,29.93865],[-95.25836,29.93759],[-95.25525,29.93564],[-95.25523,29.93516],[-95.2495,29.9351],[-95.24953,29.93407],[-95.25186,29.93156],[-95.25184,29.93124],[-95.25238,29.93121],[-95.25234,29.931],[-95.2528,29.93088],[-95.25272,29.93066],[-95.25444,29.92971],[-95.25602,29.92822],[-95.25641,29.92852],[-95.25659,29.92838],[-95.25723,29.92895],[-95.25757,29.9288],[-95.25778,29.92922],[-95.25824,29.92914],[-95.25901,29.92974],[-95.2609,29.92969],[-95.26095,29.92951],[-95.26169,29.92942],[-95.26372,29.92982],[-95.26438,29.93053],[-95.26468,29.93048],[-95.26596,29.93203],[-95.26742,29.93274],[-95.26919,29.93291],[-95.27243,29.93262],[-95.27365,29.932],[-95.27364,29.93152],[-95.28755,29.93157],[-95.2875,29.92795],[-95.28405,29.92785],[-95.28244,29.92687],[-95.28318,29.92588],[-95.28329,29.92449],[-95.27625,29.92452],[-95.27648,29.92281],[-95.27756,29.92194],[-95.27779,29.92115],[-95.27258,29.92114],[-95.27254,29.91674],[-95.27413,29.91627],[-95.28078,29.91612],[-95.28216,29.91523],[-95.28543,29.91429],[-95.28666,29.91334],[-95.28744,29.91338],[-95.28861,29.9139],[-95.29218,29.91466],[-95.29329,29.91539],[-95.29487,29.91714],[-95.2956,29.91864],[-95.29501,29.91985],[-95.29523,29.91989],[-95.29497,29.92822],[-95.29392,29.92921],[-95.29323,29.92942],[-95.29324,29.9306],[-95.291,29.93064],[-95.28944,29.93475],[-95.27099,29.9519],[-95.26933,29.95133],[-95.26847,29.95227]]]}},{"type":"Feature","properties":{"PRECINCT":"harris:831","COUNTY":"Harris"},"geometry":{"type":"Polygon","coordinates":[[[-95.16126,29.77062],[-95.15917,29.77058],[-95.15916,29.76989],[-95.16183,29.76986],[-95.16263,29.76937],[-95.16298,29.76982],[-95.16619,29.76976],[-95.1662,29.77048],[-95.17277,29.77035],[-95.17265,29.7674],[-95.18121,29.7671],[-95.18145,29.7702],[-95.18329,29.77015],[-95.18462,29.76989],[-95.18462,29.76966],[-95.18597,29.76962],[-95.18595,29.77007],[-95.18656,29.76987],[-95.18718,29.76999],[-95.1901,29.76932],[-95.19142,29.77012],[-95.19286,29.77018],[-95.19569,29.76975],[-95.19663,29.77022],[-95.19703,29.77153],[-95.18226,29.77061],[-95.16051,29.77107],[-95.16126,29.77062]]]}},{"type":"Feature","properties":{"PRECINCT":"harris:833","COUNTY":"Harris"},"geometry":{"type":"Polygon","coordinates":[[[-95.34978,29.8103],[-95.35164,29.81027],[-95.35167,29.81116],[-95.35169,29.81201],[-95.35074,29.81203],[-95.35075,29.81255],[-95.35029,29.81241],[-95.34978,29.8103]]]}},{"type":"Feature","properties":{"PRECINCT":"harris:834","COUNTY":"Harris"},"geometry":{"type":"Polygon","coordinates":[[[-95.31353,29.93902],[-95.31333,29.93045],[-95.31507,29.93042],[-95.3151,29.93493],[-95.31615,29.93504],[-95.31565,29.93692],[-95.31562,29.93901],[-95.31353,29.93902]]]}},{"type":"Feature","properties":{"PRECINCT":"harris:835","COUNTY":"Harris"},"geometry":{"type":"Polygon","coordinates":[[[-95.37203,29.86019],[-95.37632,29.86016],[-95.37643,29.86456],[-95.37211,29.86463],[-95.37203,29.86019]]]}},{"type":"Feature","properties":{"PRECINCT":"harris:836","COUNTY":"Harris"},"geometry":{"type":"Polygon","coordinates":[[[-95.38442,29.84161],[-95.38447,29.83394],[-95.38678,29.8369],[-95.38974,29.84156],[-95.38442,29.84161]]]}},{"type":"Feature","properties":{"PRECINCT":"harris:840","COUNTY":"Harris"},"geometry":{"type":"Polygon","coordinates":[[[-95.28459,29.96571],[-95.28161,29.96479],[-95.27181,29.96512],[-95.27197,29.96299],[-95.27106,29.96037],[-95.27155,29.95913],[-95.26881,29.9571],[-95.26846,29.95485],[-95.26817,29.95451],[-95.28944,29.93475],[-95.28767,29.94016],[-95.29598,29.93996],[-95.28459,29.96571]]]}},{"type":"Feature","properties":{"PRECINCT":"harris:842","COUNTY":"Harris"},"geometry":{"type":"Polygon","coordinates":[[[-95.20216,29.60323],[-95.19067,29.59208],[-95.19055,29.59155],[-95.19133,29.59219],[-95.19782,29.58674],[-95.19901,29.58597],[-95.20033,29.58768],[-95.20163,29.59043],[-95.20217,29.59107],[-95.20271,29.59152],[-95.20385,29.59104],[-95.20408,29.59305],[-95.20785,29.58961],[-95.2106,29.5911],[-95.21125,29.59154],[-95.21071,29.59206],[-95.21171,29.5929],[-95.21114,29.59342],[-95.21268,29.59475],[-95.21117,29.59619],[-95.21434,29.59872],[-95.21601,29.59927],[-95.21604,29.60149],[-95.21675,29.60525],[-95.21804,29.607],[-95.22199,29.61046],[-95.22302,29.61218],[-95.21924,29.61357],[-95.21612,29.61599],[-95.20216,29.60323]]]}},{"type":"Feature","properties":{"PRECINCT":"harris:843","COUNTY":"Harris"},"geometry":{"type":"Polygon","coordinates":[[[-95.26658,29.61183],[-95.26648,29.60163],[-95.27777,29.60142],[-95.27805,29.60165],[-95.27814,29.60301],[-95.28615,29.60291],[-95.28598,29.60643],[-95.28195,29.60652],[-95.28206,29.61167],[-95.26658,29.61183]]]}},{"type":"Feature","properties":{"PRECINCT":"harris:844","COUNTY":"Harris"},"geometry":{"type":"Polygon","coordinates":[[[-95.34977,29.78243],[-95.35058,29.78242],[-95.3506,29.78337],[-95.34979,29.78339],[-95.34977,29.78243]]]}},{"type":"Feature","properties":{"PRECINCT":"harris:846","COUNTY":"Harris"},"geometry":{"type":"Polygon","coordinates":[[[-95.35079,29.79323],[-95.3531,29.79321],[-95.35332,29.8],[-95.35039,29.80006],[-95.3502,29.79345],[-95.35079,29.79323]]]}},{"type":"Feature","properties":{"PRECINCT":"harris:847","COUNTY":"Harris"},"geometry":{"type":"Polygon","coordinates":[[[-95.24797,29.95632],[-95.24961,29.95143],[-95.24969,29.94938],[-95.25207,29.94936],[-95.25203,29.9469],[-95.24966,29.94692],[-95.2495,29.9351],[-95.25523,29.93516],[-95.25525,29.93564],[-95.25836,29.93759],[-95.26108,29.93865],[-95.26301,29.93894],[-95.26848,29.93903],[-95.26848,29.94201],[-95.26613,29.94215],[-95.26616,29.94632],[-95.26679,29.94668],[-95.26625,29.9491],[-95.26168,29.94896],[-95.26189,29.95367],[-95.26705,29.95368],[-95.26817,29.95451],[-95.26677,29.95577],[-95.25381,29.96168],[-95.25034,29.96199],[-95.24802,29.96197],[-95.24797,29.95632]]]}},{"type":"Feature","properties":{"PRECINCT":"harris:849","COUNTY":"Harris"},"geometry":{"type":"Polygon","coordinates":[[[-95.26683,29.63296],[-95.26682,29.63243],[-95.26461,29.63247],[-95.2651,29.63097],[-95.26624,29.62908],[-95.26671,29.62735],[-95.26658,29.61183],[-95.27768,29.6117],[-95.27779,29.61979],[-95.27837,29.62233],[-95.27855,29.63439],[-95.26913,29.63454],[-95.26683,29.63296]]]}},{"type":"Feature","properties":{"PRECINCT":"harris:857","COUNTY":"Harris"},"geometry":{"type":"Polygon","coordinates":[[[-95.254,29.73044],[-95.25289,29.73022],[-95.24379,29.73022],[-95.24376,29.72407],[-95.24559,29.72181],[-95.24792,29.72064],[-95.2497,29.72205],[-95.25261,29.72498],[-95.25403,29.72602],[-95.25579,29.72681],[-95.25932,29.72687],[-95.2627,29.7262],[-95.26398,29.72563],[-95.26653,29.72494],[-95.26675,29.72887],[-95.26542,29.73824],[-95.25664,29.73246],[-95.25668,29.73214],[-95.254,29.73044]]]}},{"type":"Feature","properties":{"PRECINCT":"harris:860","COUNTY":"Harris"},"geometry":{"type":"Polygon","coordinates":[[[-95.24134,29.72039],[-95.24519,29.72032],[-95.24554,29.71968],[-95.24778,29.7206],[-95.24559,29.72181],[-95.24435,29.72324],[-95.24376,29.72407],[-95.24378,29.72582],[-95.24124,29.7265],[-95.24115,29.7206],[-95.24134,29.72039]]]}},{"type":"Feature","properties":{"PRECINCT":"harris:864","COUNTY":"Harris"},"geometry":{"type":"Polygon","coordinates":[[[-95.43434,29.93512],[-95.4342,29.93206],[-95.41784,29.9322],[-95.41772,29.92852],[-95.41231,29.92859],[-95.41297,29.91828],[-95.41293,29.91505],[-95.44216,29.91459],[-95.45763,29.93453],[-95.43434,29.93512]]]}},{"type":"Feature","properties":{"PRECINCT":"harris:871","COUNTY":"Harris"},"geometry":{"type":"Polygon","coordinates":[[[-95.3332,29.71747],[-95.33332,29.71568],[-95.33752,29.72858],[-95.32837,29.7228],[-95.33254,29.71864],[-95.3332,29.71747]]]}},{"type":"Feature","properties":{"PRECINCT":"harris:905","COUNTY":"Harris"},"geometry":{"type":"Polygon","coordinates":[[[-95.25143,29.78079],[-95.24749,29.78071],[-95.24748,29.78024],[-95.2466,29.78006],[-95.24641,29.78081],[-95.24304,29.78076],[-95.24243,29.78013],[-95.24118,29.78077],[-95.23788,29.78079],[-95.23785,29.77839],[-95.23807,29.77732],[-95.2378,29.77669],[-95.23773,29.77413],[-95.23968,29.77409],[-95.23757,29.77388],[-95.23749,29.77367],[-95.24958,29.77327],[-95.25576,29.77378],[-95.25912,29.77336],[-95.25896,29.76863],[-95.26541,29.76961],[-95.26355,29.77822],[-95.26346,29.7802],[-95.2647,29.78393],[-95.26802,29.79181],[-95.2616,29.7921],[-95.24728,29.79489],[-95.24619,29.79493],[-95.24614,29.78683],[-95.25151,29.78669],[-95.25143,29.78079]]]}},{"type":"Feature","properties":{"PRECINCT":"harris:908","COUNTY":"Harris"},"geometry":{"type":"Polygon","coordinates":[[[-95.20811,29.65463],[-95.20841,29.65463],[-95.20838,29.65531],[-95.20812,29.65496],[-95.20811,29.65463]]]}},{"type":"Feature","properties":{"PRECINCT":"harris:909","COUNTY":"Harris"},"geometry":{"type":"Polygon","coordinates":[[[-95.37114,29.86235],[-95.37206,29.86234],[-95.37211,29.86463],[-95.37119,29.86464],[-95.37114,29.86235]]]}},{"type":"Feature","properties":{"PRECINCT":"harris:910","COUNTY":"Harris"},"geometry":{"type":"Polygon","coordinates":[[[-95.3642,29.86474],[-95.36222,29.8592],[-95.3628,29.85916],[-95.36364,29.86251],[-95.3703,29.86236],[-95.37034,29.86465],[-95.3642,29.86474]]]}},{"type":"Feature","properties":{"PRECINCT":"harris:914","COUNTY":"Harris"},"geometry":{"type":"Polygon","coordinates":[[[-95.38735,29.84551],[-95.38728,29.84159],[-95.38974,29.84156],[-95.39241,29.84553],[-95.38735,29.84551]]]}},{"type":"Feature","properties":{"PRECINCT":"harris:917","COUNTY":"Harris"},"geometry":{"type":"Polygon","coordinates":[[[-95.3502,29.79345],[-95.35013,29.78984],[-95.3511,29.78983],[-95.35108,29.78897],[-95.35207,29.78896],[-95.35211,29.79067],[-95.35112,29.79068],[-95.35114,29.79153],[-95.35306,29.7915],[-95.35308,29.79236],[-95.35214,29.79236],[-95.35217,29.79322],[-95.35079,29.79323],[-95.3502,29.79345]]]}},{"type":"Feature","properties":{"PRECINCT":"harris:925","COUNTY":"Harris"},"geometry":{"type":"Polygon","coordinates":[[[-95.16894,29.7469],[-95.17019,29.74682],[-95.16723,29.74964],[-95.1653,29.75035],[-95.1682,29.748],[-95.16894,29.7469]]]}},{"type":"Feature","properties":{"PRECINCT":"harris:928","COUNTY":"Harris"},"geometry":{"type":"Polygon","coordinates":[[[-95.35266,29.81199],[-95.35364,29.81197],[-95.35367,29.81282],[-95.35255,29.81287],[-95.35266,29.81199]]]}},{"type":"Feature","properties":{"PRECINCT":"harris:929","COUNTY":"Harris"},"geometry":{"type":"Polygon","coordinates":[[[-95.32518,29.75965],[-95.32525,29.75938],[-95.32582,29.75962],[-95.32909,29.75959],[-95.32887,29.75984],[-95.32621,29.75992],[-95.32518,29.75965]]]}},{"type":"Feature","properties":{"PRECINCT":"harris:93","COUNTY":"Harris"},"geometry":{"type":"Polygon","coordinates":[[[-95.20796,29.67009],[-95.20783,29.6648],[-95.20824,29.66144],[-95.20812,29.65496],[-95.20838,29.65531],[-95.20852,29.65522],[-95.20841,29.65463],[-95.20811,29.65463],[-95.20797,29.65098],[-95.21134,29.65089],[-95.21646,29.65101],[-95.21652,29.65278],[-95.22303,29.6527],[-95.22431,29.65439],[-95.23067,29.66109],[-95.2296,29.66321],[-95.22957,29.66455],[-95.23026,29.66562],[-95.23114,29.66502],[-95.23181,29.66583],[-95.23078,29.66638],[-95.23207,29.66754],[-95.23267,29.66932],[-95.23298,29.66961],[-95.23349,29.66969],[-95.23316,29.66991],[-95.23241,29.66975],[-95.20796,29.67009]]]}},{"type":"Feature","properties":{"PRECINCT":"harris:934","COUNTY":"Harris"},"geometry":{"type":"Polygon","coordinates":[[[-95.39284,29.93874],[-95.39181,29.93857],[-95.38186,29.93869],[-95.38035,29.93267],[-95.38403,29.932],[-95.39314,29.93189],[-95.39322,29.93679],[-95.39352,29.93835],[-95.39721,29.93892],[-95.39588,29.94344],[-95.38912,29.94347],[-95.38908,29.939],[-95.39284,29.93874]]]}},{"type":"Feature","properties":{"PRECINCT":"harris:935","COUNTY":"Harris"},"geometry":{"type":"Polygon","coordinates":[[[-95.22714,29.77024],[-95.22724,29.76906],[-95.22651,29.76893],[-95.22556,29.76954],[-95.22526,29.7695],[-95.2251,29.76871],[-95.22439,29.76855],[-95.22393,29.7687],[-95.22357,29.76835],[-95.22377,29.76749],[-95.22538,29.76777],[-95.23382,29.76775],[-95.23386,29.7688],[-95.23175,29.7688],[-95.23176,29.76951],[-95.2338,29.76961],[-95.23369,29.77036],[-95.23181,29.77029],[-95.23184,29.7716],[-95.23324,29.77206],[-95.23303,29.77276],[-95.22772,29.77161],[-95.22714,29.77024]]]}},{"type":"Feature","properties":{"PRECINCT":"harris:936","COUNTY":"Harris"},"geometry":{"type":"Polygon","coordinates":[[[-95.34947,29.93614],[-95.34889,29.9357],[-95.34635,29.935],[-95.34508,29.93297],[-95.34528,29.93212],[-95.34654,29.93154],[-95.34701,29.93108],[-95.3471,29.93036],[-95.34958,29.93055],[-95.35185,29.93136],[-95.35749,29.93137],[-95.37209,29.93344],[-95.37651,29.93329],[-95.38035,29.93267],[-95.38186,29.93869],[-95.38119,29.9387],[-95.37997,29.93409],[-95.37676,29.93467],[-95.36996,29.93486],[-95.36999,29.93685],[-95.37138,29.93684],[-95.37138,29.93854],[-95.36924,29.93856],[-95.36927,29.93878],[-95.35624,29.93896],[-95.35622,29.94026],[-95.35064,29.94037],[-95.35002,29.94017],[-95.34971,29.9398],[-95.34947,29.93614]]]}},{"type":"Feature","properties":{"PRECINCT":"harris:937","COUNTY":"Harris"},"geometry":{"type":"Polygon","coordinates":[[[-95.3162,29.86667],[-95.31651,29.86667],[-95.31504,29.87031],[-95.31477,29.87031],[-95.3162,29.86667]]]}},{"type":"Feature","properties":{"PRECINCT":"harris:94","COUNTY":"Harris"},"geometry":{"type":"Polygon","coordinates":[[[-95.26249,29.69856],[-95.26434,29.69651],[-95.26475,29.69632],[-95.26511,29.69645],[-95.2658,29.69574],[-95.26641,29.69577],[-95.26708,29.69523],[-95.26755,29.69541],[-95.26917,29.69507],[-95.2706,29.69571],[-95.27131,29.6963],[-95.2716,29.69625],[-95.27209,29.6968],[-95.27345,29.69668],[-95.2746,29.69691],[-95.27515,29.6966],[-95.27602,29.69654],[-95.27662,29.69711],[-95.27779,29.69757],[-95.27788,29.70268],[-95.27207,29.70693],[-95.26844,29.70887],[-95.26718,29.70991],[-95.26165,29.70862],[-95.2569,29.70782],[-95.25751,29.70719],[-95.25962,29.70587],[-95.2632,29.70456],[-95.26494,29.70336],[-95.26523,29.70273],[-95.26516,29.70152],[-95.26249,29.69856]]]}},{"type":"Feature","properties":{"PRECINCT":"harris:953","COUNTY":"Harris"},"geometry":{"type":"Polygon","coordinates":[[[-95.35112,29.79068],[-95.35211,29.79067],[-95.35213,29.79151],[-95.35114,29.79153],[-95.35112,29.79068]]]}},{"type":"Feature","properties":{"PRECINCT":"harris:957","COUNTY":"Harris"},"geometry":{"type":"Polygon","coordinates":[[[-95.45366,29.96492],[-95.45326,29.96306],[-95.45209,29.96135],[-95.45167,29.96027],[-95.45149,29.95549],[-95.45237,29.95588],[-95.45218,29.95626],[-95.45226,29.95914],[-95.45592,29.95924],[-95.45959,29.96264],[-95.4585,29.96354],[-95.45846,29.96429],[-95.46065,29.96423],[-95.46071,29.96479],[-95.45366,29.96492]]]}},{"type":"Feature","properties":{"PRECINCT":"harris:958","COUNTY":"Harris"},"geometry":{"type":"Polygon","coordinates":[[[-95.43657,29.96542],[-95.43644,29.95996],[-95.44501,29.95984],[-95.44477,29.94517],[-95.44438,29.94355],[-95.44339,29.9424],[-95.44745,29.94023],[-95.44807,29.93966],[-95.45008,29.93968],[-95.45006,29.93851],[-95.45107,29.93773],[-95.45139,29.93771],[-95.45113,29.94122],[-95.45125,29.94598],[-95.45502,29.94593],[-95.45455,29.94945],[-95.45207,29.9531],[-95.4515,29.95517],[-95.45167,29.96027],[-95.45209,29.96135],[-95.45332,29.9632],[-95.45366,29.96492],[-95.43657,29.96542]]]}},{"type":"Feature","properties":{"PRECINCT":"harris:959","COUNTY":"Harris"},"geometry":{"type":"Polygon","coordinates":[[[-95.41198,29.9318],[-95.41269,29.91507],[-95.41293,29.91505],[-95.41297,29.91828],[-95.41231,29.92859],[-95.41772,29.92852],[-95.41771,29.93172],[-95.41198,29.9318]]]}},{"type":"Feature","properties":{"PRECINCT":"harris:96","COUNTY":"Harris"},"geometry":{"type":"Polygon","coordinates":[[[-95.20243,29.89149],[-95.20215,29.88984],[-95.20139,29.88819],[-95.19719,29.88321],[-95.23333,29.88274],[-95.23675,29.8831],[-95.2369,29.88385],[-95.23665,29.88461],[-95.23511,29.88682],[-95.23506,29.88749],[-95.23792,29.89016],[-95.23821,29.89083],[-95.23817,29.89206],[-95.2389,29.89247],[-95.23997,29.8925],[-95.24033,29.89302],[-95.24008,29.89464],[-95.23895,29.89552],[-95.2387,29.89601],[-95.23934,29.8977],[-95.24068,29.89864],[-95.20596,29.93232],[-95.20218,29.92929],[-95.20084,29.92788],[-95.1998,29.92607],[-95.19936,29.92446],[-95.1993,29.92273],[-95.2026,29.90097],[-95.20243,29.89149]]]}},{"type":"Feature","properties":{"PRECINCT":"harris:961","COUNTY":"Harris"},"geometry":{"type":"Polygon","coordinates":[[[-95.48344,29.9195],[-95.46938,29.91953],[-95.46928,29.91344],[-95.46988,29.91026],[-95.46983,29.90505],[-95.47011,29.9044],[-95.47078,29.90511],[-95.47086,29.90551],[-95.49402,29.92009],[-95.49785,29.92293],[-95.49794,29.93355],[-95.49764,29.93358],[-95.49699,29.93218],[-95.49624,29.93128],[-95.49334,29.92898],[-95.49239,29.9279],[-95.49159,29.92591],[-95.4917,29.92374],[-95.48606,29.92023],[-95.48494,29.91976],[-95.48344,29.9195]]]}},{"type":"Feature","properties":{"PRECINCT":"harris:970","COUNTY":"Harris"},"geometry":{"type":"Polygon","coordinates":[[[-95.40739,29.9489],[-95.405,29.94672],[-95.40392,29.94358],[-95.40271,29.9441],[-95.4009,29.94432],[-95.39588,29.94344],[-95.39721,29.93892],[-95.39352,29.93835],[-95.39322,29.93679],[-95.39314,29.93189],[-95.41198,29.9318],[-95.41211,29.93429],[-95.41248,29.93581],[-95.41718,29.94918],[-95.41449,29.94904],[-95.41041,29.95038],[-95.4077,29.9505],[-95.40739,29.9489]]]}},{"type":"Feature","properties":{"PRECINCT":"harris:972","COUNTY":"Harris"},"geometry":{"type":"Polygon","coordinates":[[[-95.19801,29.623],[-95.19901,29.62293],[-95.19983,29.62383],[-95.19881,29.62388],[-95.19801,29.623]]]}},{"type":"Feature","properties":{"PRECINCT":"harris:978","COUNTY":"Harris"},"geometry":{"type":"Polygon","coordinates":[[[-95.35214,29.79236],[-95.35308,29.79236],[-95.3531,29.79321],[-95.35217,29.79322],[-95.35214,29.79236]]]}},{"type":"Feature","properties":{"PRECINCT":"harris:987","COUNTY":"Harris"},"geometry":{"type":"Polygon","coordinates":[[[-95.42586,29.88642],[-95.43163,29.88632],[-95.43171,29.89316],[-95.43214,29.89538],[-95.43212,29.89803],[-95.42931,29.89803],[-95.42176,29.88831],[-95.42425,29.88689],[-95.42586,29.88642]]]}},{"type":"Feature","properties":{"PRECINCT":"harris:989","COUNTY":"Harris"},"geometry":{"type":"Polygon","coordinates":[[[-95.39503,29.85332],[-95.395,29.84921],[-95.39786,29.85323],[-95.39503,29.85332]]]}},{"type":"Feature","properties":{"PRECINCT":"harris:990","COUNTY":"Harris"},"geometry":{"type":"Polygon","coordinates":[[[-95.47038,29.92294],[-95.47447,29.92289],[-95.47457,29.92962],[-95.47048,29.92968],[-95.47038,29.92294]]]}}]}