{"type":"FeatureCollection","features":[{"type":"Feature","properties":{"PRECINCT":"brooks:1","COUNTY":"Brooks"},"geometry":{"type":"Polygon","coordinates":[[[-98.10037,27.26144],[-98.10032,27.25749],[-98.12292,27.2574],[-98.13366,27.24051],[-98.13019,27.24015],[-98.13058,27.23643],[-98.12951,27.23629],[-98.12997,27.23296],[-98.12886,27.23273],[-98.12891,27.23252],[-98.138,27.23351],[-98.13813,27.23252],[-98.13701,27.2324],[-98.13712,27.23142],[-98.13991,27.23171],[-98.14023,27.22926],[-98.13988,27.22922],[-98.14025,27.22625],[-98.14051,27.22629],[-98.14057,27.22586],[-98.14112,27.21945],[-98.14195,27.21954],[-98.14179,27.22253],[-98.14476,27.22284],[-98.14431,27.22611],[-98.14935,27.22665],[-98.14926,27.22725],[-98.157,27.22808],[-98.15798,27.22072],[-98.16244,27.22121],[-98.16209,27.22377],[-98.15818,27.22325],[-98.15807,27.2241],[-98.16198,27.22453],[-98.16161,27.22841],[-98.16537,27.22863],[-98.16534,27.22897],[-98.18832,27.23143],[-98.19064,27.23208],[-98.19131,27.2305],[-98.19381,27.2208],[-98.19872,27.21404],[-98.20089,27.20825],[-98.20116,27.20685],[-98.20228,27.20641],[-98.20297,27.20649],[-98.20279,27.20603],[-98.20294,27.205],[-98.2034,27.20469],[-98.20293,27.20382],[-98.20256,27.20357],[-98.2022,27.2035],[-98.20139,27.20392],[-98.2011,27.20477],[-98.19961,27.20482],[-98.19968,27.19449],[-98.20208,27.19447],[-98.20227,27.19424],[-98.20151,27.18843],[-98.20322,27.18825],[-98.20587,27.18835],[-98.21098,27.18955],[-98.21313,27.1898],[-98.21498,27.1898],[-98.21734,27.18945],[-98.22044,27.18838],[-98.25,27.17385],[-98.25321,27.1732],[-98.26474,27.17313],[-98.26689,27.1727],[-98.26686,27.13912],[-98.28063,27.13895],[-98.28066,27.11632],[-98.29287,27.11615],[-98.29402,27.1148],[-98.29678,27.11466],[-98.30186,27.10999],[-98.3016,27.1089],[-98.30249,27.1076],[-98.3039,27.1037],[-98.30382,27.10469],[-98.3026,27.10824],[-98.30252,27.11622],[-98.34054,27.11604],[-98.34059,27.13018],[-98.35889,27.1302],[-98.3591,27.12983],[-98.35987,27.12956],[-98.36762,27.13078],[-98.36978,27.13065],[-98.37054,27.1312],[-98.37115,27.13207],[-98.37323,27.13228],[-98.3743,27.13298],[-98.37431,27.12848],[-98.40794,27.12818],[-98.41332,27.12766],[-98.41408,27.12729],[-98.41501,27.12795],[-98.41632,27.12699],[-98.41772,27.12494],[-98.43462,27.13002],[-98.43461,27.13553],[-98.43494,27.13564],[-98.43526,27.13419],[-98.4373,27.13325],[-98.43813,27.13226],[-98.44096,27.13189],[-98.45147,27.13518],[-98.45181,27.13136],[-98.45212,27.13141],[-98.45225,27.13547],[-98.45246,27.13563],[-98.46727,27.14009],[-98.46728,27.14201],[-98.49291,27.14206],[-98.49294,27.23501],[-98.49647,27.23691],[-98.50209,27.23793],[-98.5046,27.23803],[-98.50617,27.23873],[-98.5098,27.24375],[-98.51055,27.24915],[-98.5109,27.25],[-98.51244,27.2512],[-98.51424,27.25151],[-98.5192,27.25015],[-98.52092,27.25303],[-98.52167,27.25382],[-98.52228,27.25409],[-98.52343,27.254],[-98.52612,27.25308],[-98.52728,27.253],[-98.53005,27.25385],[-98.53108,27.25442],[-98.53158,27.2548],[-98.53306,27.25686],[-98.53361,27.25807],[-98.53366,27.26072],[-98.53411,27.26188],[-98.53665,27.2652],[-98.45452,27.26438],[-98.18104,27.26195],[-98.13907,27.26185],[-98.10037,27.26144]]]}},{"type":"Feature","properties":{"PRECINCT":"brooks:2","COUNTY":"Brooks"},"geometry":{"type":"Polygon","coordinates":[[[-97.98608,27.26049],[-97.98573,27.07438],[-97.9876,27.07868],[-97.98944,27.07921],[-98.03044,27.07916],[-98.02985,27.07577],[-98.02739,27.0674],[-98.02715,27.06561],[-98.03662,27.06533],[-98.03679,27.06557],[-98.05869,27.06559],[-98.06359,27.06698],[-98.06464,27.06705],[-98.06755,27.06846],[-98.07162,27.07193],[-98.07299,27.0727],[-98.07556,27.07508],[-98.08155,27.07553],[-98.08253,27.07635],[-98.08315,27.07781],[-98.08351,27.07809],[-98.08632,27.07887],[-98.09626,27.08226],[-98.10469,27.08567],[-98.10682,27.08631],[-98.11207,27.08732],[-98.11297,27.08542],[-98.1134,27.08496],[-98.11399,27.08498],[-98.11671,27.08601],[-98.11868,27.08757],[-98.11978,27.08796],[-98.11991,27.08702],[-98.11945,27.08287],[-98.12158,27.08406],[-98.12258,27.08526],[-98.12675,27.08889],[-98.12842,27.08811],[-98.12994,27.08848],[-98.13048,27.08842],[-98.13144,27.08802],[-98.13245,27.08721],[-98.13299,27.0861],[-98.13275,27.0846],[-98.1335,27.08367],[-98.13382,27.08242],[-98.13518,27.07969],[-98.13646,27.07799],[-98.14481,27.07768],[-98.15028,27.15583],[-98.15019,27.15847],[-98.14793,27.17504],[-98.14842,27.17524],[-98.14582,27.18983],[-98.14379,27.20461],[-98.14195,27.20441],[-98.14083,27.21089],[-98.14256,27.2111],[-98.14144,27.21949],[-98.14112,27.21945],[-98.14057,27.22586],[-98.14051,27.22629],[-98.14025,27.22625],[-98.14003,27.22796],[-98.13988,27.22922],[-98.14023,27.22926],[-98.13991,27.23171],[-98.13712,27.23142],[-98.13701,27.2324],[-98.13813,27.23252],[-98.138,27.23351],[-98.12891,27.23252],[-98.12886,27.23273],[-98.12997,27.23296],[-98.12951,27.23629],[-98.13058,27.23643],[-98.13019,27.24015],[-98.13366,27.24051],[-98.12292,27.2574],[-98.10032,27.25749],[-98.10037,27.26144],[-98.00995,27.2605],[-98.00028,27.26068],[-97.98608,27.26049]]]}},{"type":"Feature","properties":{"PRECINCT":"brooks:3","COUNTY":"Brooks"},"geometry":{"type":"Polygon","coordinates":[[[-98.14144,27.21949],[-98.14256,27.2111],[-98.14083,27.21089],[-98.14195,27.20441],[-98.14379,27.20461],[-98.14582,27.18983],[-98.14824,27.17652],[-98.14842,27.17524],[-98.14793,27.17504],[-98.15025,27.15795],[-98.15028,27.15583],[-98.14873,27.13375],[-98.14918,27.13371],[-98.16666,27.13712],[-98.16702,27.15402],[-98.16169,27.19155],[-98.16192,27.19157],[-98.16188,27.19192],[-98.15894,27.21371],[-98.14841,27.21256],[-98.14697,27.22308],[-98.1498,27.2234],[-98.14935,27.22665],[-98.14431,27.22611],[-98.14476,27.22284],[-98.14179,27.22253],[-98.14195,27.21954],[-98.14144,27.21949]]]}},{"type":"Feature","properties":{"PRECINCT":"brooks:3S","COUNTY":"Brooks"},"geometry":{"type":"Polygon","coordinates":[[[-98.14985,27.13377],[-98.14873,27.13375],[-98.14481,27.07768],[-98.1402,27.07796],[-98.1367,27.07788],[-98.13635,27.07807],[-98.13518,27.07969],[-98.13382,27.08242],[-98.1335,27.08367],[-98.13275,27.0846],[-98.13299,27.08595],[-98.13267,27.08691],[-98.13144,27.08802],[-98.13048,27.08842],[-98.12994,27.08848],[-98.12842,27.08811],[-98.12717,27.08883],[-98.12646,27.08883],[-98.1244,27.08668],[-98.12258,27.08526],[-98.12158,27.08406],[-98.11945,27.08287],[-98.11991,27.08702],[-98.11978,27.08796],[-98.11868,27.08757],[-98.11671,27.08601],[-98.11399,27.08498],[-98.1134,27.08496],[-98.11297,27.08542],[-98.11207,27.08732],[-98.10682,27.08631],[-98.10469,27.08567],[-98.09626,27.08226],[-98.08632,27.07887],[-98.08351,27.07809],[-98.08315,27.07781],[-98.08253,27.07635],[-98.08155,27.07553],[-98.07556,27.07508],[-98.07299,27.0727],[-98.07162,27.07193],[-98.06767,27.06854],[-98.06464,27.06705],[-98.06359,27.06698],[-98.05869,27.06559],[-98.03679,27.06557],[-98.03662,27.06533],[-98.02715,27.06561],[-98.02739,27.0674],[-98.02985,27.07577],[-98.03052,27.07915],[-97.98959,27.07923],[-97.9876,27.07868],[-97.98742,27.07833],[-97.98573,27.07438],[-97.9857,27.07033],[-97.98585,26.99881],[-97.98549,26.78092],[-98.10317,26.78197],[-98.14705,26.78206],[-98.42262,26.78354],[-98.42232,26.79535],[-98.42182,26.85803],[-98.42145,26.87533],[-98.42117,26.87703],[-98.4197,26.96425],[-98.40751,26.95832],[-98.40197,26.95437],[-98.40338,26.95757],[-98.40386,26.95934],[-98.4045,26.9603],[-98.40466,26.96147],[-98.40417,26.96249],[-98.38297,26.97269],[-98.38221,26.97233],[-98.38109,26.97237],[-98.37926,26.97184],[-98.37928,26.97339],[-98.35919,26.97446],[-98.35878,26.97512],[-98.35886,26.97692],[-98.35732,26.97712],[-98.35579,26.97689],[-98.3533,26.97707],[-98.34824,26.97785],[-98.34337,26.97898],[-98.33976,26.98029],[-98.33787,26.97985],[-98.33957,27.01072],[-98.33513,27.00942],[-98.33305,27.0085],[-98.33257,27.00864],[-98.33093,27.00991],[-98.3303,27.00993],[-98.31391,26.99667],[-98.30915,26.99435],[-98.30809,26.99327],[-98.30392,26.9904],[-98.30211,26.98957],[-98.3014,26.98862],[-98.29774,26.98575],[-98.29715,26.9848],[-98.29523,26.98472],[-98.29504,26.98218],[-98.29456,26.98165],[-98.29187,26.98211],[-98.2885,26.98209],[-98.28802,26.98226],[-98.28722,26.98194],[-98.28575,26.98209],[-98.28421,26.98183],[-98.28398,26.9821],[-98.28099,26.98265],[-98.28108,26.9966],[-98.2807,26.997],[-98.28011,26.9971],[-98.27768,26.99557],[-98.27775,26.99626],[-98.2767,27.00013],[-98.27664,27.0109],[-98.27681,27.01178],[-98.27601,27.01445],[-98.27482,27.01575],[-98.27448,27.01713],[-98.27263,27.01862],[-98.27223,27.01878],[-98.27093,27.01761],[-98.27027,27.01664],[-98.27027,27.01596],[-98.26832,27.0144],[-98.26736,27.01598],[-98.26111,27.0157],[-98.25758,27.01498],[-98.25703,27.01505],[-98.25571,27.0166],[-98.25404,27.01657],[-98.25398,27.01793],[-98.25449,27.01838],[-98.2544,27.02094],[-98.2398,27.01986],[-98.23984,27.0066],[-98.23884,27.00762],[-98.23723,27.0101],[-98.23603,27.01072],[-98.23323,27.01438],[-98.23251,27.01448],[-98.22998,27.01597],[-98.2293,27.0161],[-98.22814,27.01721],[-98.22548,27.01854],[-98.22269,27.01844],[-98.22092,27.01924],[-98.21834,27.01833],[-98.21585,27.0164],[-98.21561,27.01631],[-98.21534,27.01655],[-98.21517,27.01619],[-98.21486,27.01629],[-98.21409,27.01565],[-98.19108,27.04027],[-98.18161,27.0403],[-98.17862,27.04054],[-98.17563,27.04],[-98.17141,27.03992],[-98.16973,27.03996],[-98.16868,27.04026],[-98.16548,27.0403],[-98.16666,27.13712],[-98.14985,27.13377]]]}},{"type":"Feature","properties":{"PRECINCT":"brooks:4","COUNTY":"Brooks"},"geometry":{"type":"Polygon","coordinates":[[[-98.15807,27.2241],[-98.15818,27.22325],[-98.16209,27.22377],[-98.16244,27.22121],[-98.15798,27.22072],[-98.157,27.22808],[-98.14926,27.22725],[-98.1498,27.2234],[-98.14697,27.22308],[-98.14841,27.21256],[-98.15894,27.21371],[-98.16188,27.19192],[-98.16192,27.19157],[-98.16169,27.19155],[-98.16702,27.15402],[-98.16548,27.0403],[-98.16868,27.04026],[-98.16973,27.03996],[-98.17141,27.03992],[-98.17563,27.04],[-98.17862,27.04054],[-98.18161,27.0403],[-98.19108,27.04027],[-98.21409,27.01565],[-98.21486,27.01629],[-98.21517,27.01619],[-98.21534,27.01655],[-98.21561,27.01631],[-98.21585,27.0164],[-98.21834,27.01833],[-98.22092,27.01924],[-98.22269,27.01844],[-98.22548,27.01854],[-98.22814,27.01721],[-98.2293,27.0161],[-98.22998,27.01597],[-98.23251,27.01448],[-98.23323,27.01438],[-98.23603,27.01072],[-98.23723,27.0101],[-98.23884,27.00762],[-98.23984,27.0066],[-98.2398,27.01986],[-98.2544,27.02094],[-98.25449,27.01838],[-98.25398,27.01793],[-98.25404,27.01657],[-98.25571,27.0166],[-98.25703,27.01505],[-98.25758,27.01498],[-98.26111,27.0157],[-98.26736,27.01598],[-98.26832,27.0144],[-98.27027,27.01596],[-98.27027,27.01664],[-98.27093,27.01761],[-98.27223,27.01878],[-98.27263,27.01862],[-98.27448,27.01713],[-98.27482,27.01575],[-98.27601,27.01445],[-98.27681,27.01178],[-98.27664,27.0109],[-98.2767,27.00013],[-98.27775,26.99626],[-98.27768,26.99557],[-98.28011,26.9971],[-98.2807,26.997],[-98.28108,26.9966],[-98.28099,26.98265],[-98.28398,26.9821],[-98.28421,26.98183],[-98.28575,26.98209],[-98.28722,26.98194],[-98.28802,26.98226],[-98.2885,26.98209],[-98.29187,26.98211],[-98.29456,26.98165],[-98.29504,26.98218],[-98.29523,26.98472],[-98.29715,26.9848],[-98.29774,26.98575],[-98.3014,26.98862],[-98.30211,26.98957],[-98.30392,26.9904],[-98.30809,26.99327],[-98.30915,26.99435],[-98.31391,26.99667],[-98.3303,27.00993],[-98.33093,27.00991],[-98.33257,27.00864],[-98.33305,27.0085],[-98.33513,27.00942],[-98.33957,27.01072],[-98.33787,26.97985],[-98.33976,26.98029],[-98.34337,26.97898],[-98.34824,26.97785],[-98.3533,26.97707],[-98.35579,26.97689],[-98.35732,26.97712],[-98.35886,26.97692],[-98.35878,26.97512],[-98.35919,26.97446],[-98.37928,26.97339],[-98.37926,26.97184],[-98.38109,26.97237],[-98.38221,26.97233],[-98.38297,26.97269],[-98.40417,26.96249],[-98.40466,26.96147],[-98.4045,26.9603],[-98.40386,26.95934],[-98.40338,26.95757],[-98.40197,26.95437],[-98.40751,26.95832],[-98.4197,26.96425],[-98.41909,27.00033],[-98.41838,27.02186],[-98.41788,27.05529],[-98.46654,27.05471],[-98.46727,27.14009],[-98.45246,27.13563],[-98.45225,27.13547],[-98.45212,27.13141],[-98.45181,27.13136],[-98.45147,27.13518],[-98.44096,27.13189],[-98.43813,27.13226],[-98.4373,27.13325],[-98.43526,27.13419],[-98.43494,27.13564],[-98.43461,27.13553],[-98.43462,27.13002],[-98.41772,27.12494],[-98.41632,27.12699],[-98.41501,27.12795],[-98.41408,27.12729],[-98.41332,27.12766],[-98.40794,27.12818],[-98.37431,27.12848],[-98.3743,27.13298],[-98.37323,27.13228],[-98.37115,27.13207],[-98.37054,27.1312],[-98.36978,27.13065],[-98.36762,27.13078],[-98.35987,27.12956],[-98.3591,27.12983],[-98.35889,27.1302],[-98.34059,27.13018],[-98.34054,27.11604],[-98.30252,27.11622],[-98.3026,27.10824],[-98.30382,27.10469],[-98.3039,27.1037],[-98.30249,27.1076],[-98.3016,27.1089],[-98.30186,27.10999],[-98.29678,27.11466],[-98.29402,27.1148],[-98.29287,27.11615],[-98.28066,27.11632],[-98.28063,27.13895],[-98.26686,27.13912],[-98.26689,27.1727],[-98.26474,27.17313],[-98.25321,27.1732],[-98.25,27.17385],[-98.22044,27.18838],[-98.21734,27.18945],[-98.21498,27.1898],[-98.21313,27.1898],[-98.21098,27.18955],[-98.20587,27.18835],[-98.20322,27.18825],[-98.20151,27.18843],[-98.20227,27.19424],[-98.20208,27.19447],[-98.19968,27.19449],[-98.19961,27.20482],[-98.2011,27.20477],[-98.20139,27.20392],[-98.2022,27.2035],[-98.20256,27.20357],[-98.20293,27.20382],[-98.2034,27.20469],[-98.20294,27.205],[-98.20279,27.20603],[-98.20297,27.20649],[-98.20228,27.20641],[-98.20116,27.20685],[-98.20089,27.20825],[-98.19872,27.21404],[-98.19381,27.2208],[-98.19131,27.2305],[-98.19064,27.23208],[-98.18832,27.23143],[-98.16534,27.22897],[-98.16537,27.22863],[-98.16161,27.22841],[-98.16198,27.22453],[-98.15807,27.2241]]]}},{"type":"Feature","properties":{"PRECINCT":"guadalupe:102","COUNTY":"Guadalupe"},"geometry":{"type":"Polygon","coordinates":[[[-97.97455,29.55036],[-97.97316,29.55041],[-97.97154,29.55078],[-97.97172,29.54971],[-97.97375,29.54915],[-97.97129,29.54769],[-97.9703,29.54753],[-97.97105,29.5459],[-97.97101,29.54072],[-97.97082,29.53888],[-97.9696,29.53854],[-97.96971,29.53809],[-97.97015,29.53817],[-97.97038,29.53717],[-97.97264,29.53668],[-97.97272,29.53352],[-97.97662,29.53255],[-97.97647,29.53195],[-97.97917,29.531],[-97.98065,29.52633],[-97.98129,29.52846],[-98.00199,29.5234],[-97.99872,29.51297],[-98.00189,29.51197],[-98.00749,29.53007],[-98.00783,29.52997],[-98.00821,29.53114],[-98.00637,29.53171],[-98.00468,29.53188],[-98.00265,29.52555],[-97.99728,29.52687],[-97.99913,29.5329],[-97.99768,29.53341],[-97.998,29.53416],[-97.99211,29.53541],[-97.99612,29.54844],[-97.99316,29.54917],[-97.99273,29.5494],[-97.99274,29.54972],[-97.99063,29.55081],[-97.99065,29.55109],[-97.99038,29.55022],[-97.98832,29.55076],[-97.98739,29.55132],[-97.98641,29.55217],[-97.98554,29.55349],[-97.98548,29.55518],[-97.98512,29.55674],[-97.9836,29.55829],[-97.98216,29.55905],[-97.98132,29.55892],[-97.98158,29.55662],[-97.98014,29.55477],[-97.97606,29.5512],[-97.97455,29.55036]]]}},{"type":"Feature","properties":{"PRECINCT":"guadalupe:103","COUNTY":"Guadalupe"},"geometry":{"type":"Polygon","coordinates":[[[-97.93419,29.55434],[-97.92153,29.55433],[-97.92159,29.55365],[-97.92234,29.55289],[-97.92239,29.5525],[-97.92205,29.55221],[-97.92183,29.55065],[-97.92119,29.54904],[-97.91909,29.54777],[-97.91849,29.54694],[-97.91853,29.54615],[-97.91796,29.54488],[-97.91706,29.54422],[-97.91641,29.5431],[-97.91576,29.54301],[-97.91509,29.5438],[-97.91484,29.54308],[-97.91397,29.54217],[-97.9139,29.54181],[-97.91463,29.54144],[-97.91752,29.54193],[-97.919,29.5417],[-97.92099,29.54089],[-97.92361,29.54098],[-97.92516,29.54049],[-97.9273,29.54076],[-97.92856,29.54012],[-97.92419,29.53537],[-97.92186,29.52745],[-97.92356,29.52733],[-97.9249,29.52684],[-97.93818,29.51794],[-97.94071,29.51745],[-97.94733,29.5177],[-97.94882,29.51755],[-97.95053,29.5167],[-97.95392,29.51364],[-97.95579,29.5129],[-97.95935,29.52357],[-97.96028,29.52541],[-97.95893,29.52556],[-97.95741,29.53608],[-97.95642,29.53904],[-97.95155,29.54741],[-97.94947,29.54535],[-97.94919,29.54461],[-97.94711,29.5426],[-97.94341,29.54891],[-97.93928,29.54889],[-97.93953,29.55537],[-97.93457,29.55537],[-97.93419,29.55434]]]}},{"type":"Feature","properties":{"PRECINCT":"guadalupe:104","COUNTY":"Guadalupe"},"geometry":{"type":"Polygon","coordinates":[[[-97.94126,29.57271],[-97.94119,29.5657],[-97.94193,29.56382],[-97.95143,29.5476],[-97.95314,29.54941],[-97.95348,29.55166],[-97.95288,29.5536],[-97.95272,29.55509],[-97.95183,29.55713],[-97.95019,29.55985],[-97.94984,29.56146],[-97.94994,29.56273],[-97.9502,29.56372],[-97.95088,29.56461],[-97.95313,29.56642],[-97.95454,29.56706],[-97.95609,29.56694],[-97.9556,29.56766],[-97.95497,29.56804],[-97.95508,29.57157],[-97.94993,29.57163],[-97.95017,29.57883],[-97.94994,29.57979],[-97.94899,29.58102],[-97.94395,29.58536],[-97.94336,29.5839],[-97.943,29.57974],[-97.94126,29.57271]]]}},{"type":"Feature","properties":{"PRECINCT":"guadalupe:105","COUNTY":"Guadalupe"},"geometry":{"type":"Polygon","coordinates":[[[-97.80414,29.55795],[-97.80306,29.55779],[-97.80166,29.55849],[-97.79973,29.55695],[-97.79883,29.55538],[-97.79889,29.55484],[-97.79989,29.55322],[-97.80116,29.55204],[-97.80215,29.5517],[-97.80288,29.55177],[-97.80392,29.55256],[-97.80438,29.5519],[-97.80436,29.55155],[-97.80325,29.55055],[-97.80182,29.55043],[-97.80083,29.54957],[-97.80127,29.54687],[-97.8016,29.54673],[-97.80233,29.54691],[-97.80266,29.5463],[-97.8023,29.54567],[-97.8017,29.54525],[-97.80158,29.54487],[-97.80188,29.54396],[-97.80144,29.54355],[-97.80043,29.54354],[-97.7997,29.54436],[-97.79877,29.54488],[-97.7985,29.54623],[-97.7978,29.54693],[-97.79601,29.54722],[-97.7944,29.54808],[-97.79265,29.54849],[-97.79172,29.54959],[-97.79171,29.55008],[-97.79229,29.55052],[-97.79351,29.55082],[-97.7935,29.55103],[-97.79161,29.55218],[-97.79109,29.55226],[-97.79033,29.55195],[-97.78972,29.55057],[-97.7884,29.55005],[-97.78683,29.55034],[-97.78631,29.54935],[-97.78592,29.54729],[-97.78684,29.54551],[-97.7863,29.54375],[-97.78719,29.54166],[-97.78702,29.541],[-97.78411,29.53977],[-97.78055,29.53947],[-97.77712,29.53988],[-97.77586,29.53975],[-97.77416,29.53903],[-97.77324,29.53916],[-97.77313,29.53843],[-97.77382,29.53768],[-97.77426,29.53601],[-97.77472,29.53533],[-97.77728,29.53317],[-97.77824,29.53096],[-97.77806,29.53054],[-97.7751,29.52906],[-97.77344,29.52883],[-97.77178,29.52907],[-97.76752,29.5305],[-97.76419,29.53027],[-97.76309,29.53057],[-97.7619,29.53148],[-97.76015,29.53215],[-97.75598,29.53022],[-97.75466,29.52995],[-97.75359,29.53019],[-97.75259,29.52997],[-97.75244,29.52954],[-97.75291,29.52879],[-97.75293,29.52815],[-97.75272,29.52769],[-97.75222,29.52737],[-97.75154,29.52741],[-97.75074,29.52775],[-97.7496,29.5277],[-97.74826,29.52813],[-97.7474,29.52795],[-97.74651,29.52569],[-97.74725,29.52453],[-97.74807,29.52398],[-97.7483,29.52248],[-97.74808,29.52228],[-97.74682,29.52228],[-97.74581,29.52116],[-97.74517,29.52084],[-97.74449,29.52091],[-97.74335,29.52161],[-97.74279,29.52153],[-97.74197,29.52086],[-97.74228,29.51955],[-97.74359,29.51815],[-97.74352,29.51681],[-97.74413,29.51586],[-97.74361,29.51527],[-97.74227,29.51542],[-97.74155,29.51457],[-97.7414,29.51273],[-97.74066,29.51159],[-97.74053,29.51031],[-97.73964,29.50938],[-97.74658,29.50033],[-97.75386,29.48858],[-97.84038,29.37679],[-97.89783,29.37734],[-97.95608,29.37844],[-97.94778,29.45792],[-97.94981,29.49465],[-97.95034,29.49691],[-97.95579,29.5129],[-97.95392,29.51364],[-97.95053,29.5167],[-97.94882,29.51755],[-97.94733,29.5177],[-97.94071,29.51745],[-97.93818,29.51794],[-97.9249,29.52684],[-97.92356,29.52733],[-97.92186,29.52745],[-97.92419,29.53537],[-97.92856,29.54012],[-97.9273,29.54076],[-97.92516,29.54049],[-97.92361,29.54098],[-97.92099,29.54089],[-97.919,29.5417],[-97.91752,29.54193],[-97.91463,29.54144],[-97.91394,29.54173],[-97.91397,29.54217],[-97.91484,29.54308],[-97.91502,29.54375],[-97.91561,29.54309],[-97.91616,29.54296],[-97.91706,29.54422],[-97.91796,29.54488],[-97.91773,29.54507],[-97.9165,29.54396],[-97.9161,29.54311],[-97.91573,29.54319],[-97.91525,29.54404],[-97.91492,29.54401],[-97.91458,29.54313],[-97.9136,29.54202],[-97.91362,29.54172],[-97.9142,29.54128],[-97.91351,29.5406],[-97.91343,29.53977],[-97.91595,29.5383],[-97.91629,29.53754],[-97.91586,29.53713],[-97.91249,29.53662],[-97.91126,29.53675],[-97.91018,29.53799],[-97.90812,29.53803],[-97.90559,29.53909],[-97.90168,29.53815],[-97.90034,29.53865],[-97.89677,29.53884],[-97.89475,29.53868],[-97.8928,29.53818],[-97.89131,29.53893],[-97.89058,29.53997],[-97.88954,29.54028],[-97.88854,29.54123],[-97.88768,29.54123],[-97.88721,29.54112],[-97.88691,29.54069],[-97.88622,29.54035],[-97.88568,29.5395],[-97.88418,29.53899],[-97.88369,29.53852],[-97.88366,29.53763],[-97.88496,29.53522],[-97.88476,29.53315],[-97.88452,29.53281],[-97.88413,29.53271],[-97.88363,29.53294],[-97.88119,29.53573],[-97.88093,29.53569],[-97.88035,29.53673],[-97.87968,29.53686],[-97.87899,29.53665],[-97.8783,29.53586],[-97.87765,29.53374],[-97.87668,29.53366],[-97.87535,29.53424],[-97.87519,29.53465],[-97.87533,29.53517],[-97.87669,29.5358],[-97.87713,29.53627],[-97.87722,29.53658],[-97.8768,29.53716],[-97.875,29.537],[-97.87406,29.53765],[-97.87184,29.53735],[-97.87041,29.53798],[-97.86778,29.53839],[-97.8671,29.53806],[-97.86702,29.53665],[-97.8667,29.53573],[-97.8662,29.53517],[-97.86602,29.53418],[-97.86683,29.5329],[-97.86842,29.53134],[-97.86683,29.52998],[-97.86636,29.52977],[-97.86525,29.52981],[-97.86372,29.53046],[-97.86265,29.53061],[-97.85916,29.53317],[-97.85488,29.53543],[-97.85413,29.53551],[-97.85392,29.53505],[-97.85416,29.5341],[-97.85405,29.53321],[-97.85054,29.52876],[-97.84887,29.52714],[-97.84835,29.52708],[-97.84634,29.52737],[-97.84497,29.52875],[-97.84462,29.52982],[-97.84363,29.5303],[-97.8423,29.5305],[-97.84152,29.53124],[-97.84076,29.53278],[-97.8408,29.53495],[-97.8401,29.53653],[-97.83887,29.53762],[-97.83655,29.53715],[-97.83182,29.53181],[-97.83052,29.53159],[-97.82994,29.53191],[-97.82964,29.5325],[-97.82862,29.53244],[-97.82751,29.5327],[-97.82712,29.53326],[-97.82749,29.53429],[-97.82811,29.53484],[-97.82993,29.53526],[-97.83019,29.53568],[-97.83006,29.53606],[-97.8298,29.53629],[-97.82737,29.53695],[-97.82602,29.5366],[-97.82538,29.53582],[-97.82483,29.53585],[-97.82434,29.5367],[-97.82483,29.53756],[-97.82475,29.53806],[-97.82381,29.53906],[-97.82203,29.54022],[-97.82143,29.54152],[-97.81811,29.54316],[-97.81692,29.54345],[-97.81636,29.544],[-97.81645,29.54485],[-97.81736,29.54539],[-97.81832,29.54545],[-97.81914,29.54488],[-97.81972,29.54511],[-97.81935,29.54672],[-97.81966,29.54797],[-97.81918,29.54855],[-97.81829,29.54883],[-97.81824,29.54988],[-97.81762,29.5502],[-97.8172,29.55012],[-97.81686,29.5487],[-97.8159,29.54838],[-97.81458,29.54944],[-97.81474,29.55039],[-97.81452,29.55092],[-97.81387,29.55122],[-97.81292,29.55103],[-97.81276,29.55161],[-97.81295,29.55285],[-97.81222,29.55514],[-97.81131,29.55639],[-97.80944,29.55654],[-97.80904,29.55688],[-97.80903,29.5577],[-97.80935,29.55855],[-97.80911,29.55898],[-97.80774,29.55947],[-97.80562,29.5598],[-97.80469,29.55902],[-97.80414,29.55795]]]}},{"type":"Feature","properties":{"PRECINCT":"guadalupe:106","COUNTY":"Guadalupe"},"geometry":{"type":"Polygon","coordinates":[[[-97.87757,29.62779],[-97.87708,29.6277],[-97.87702,29.6272],[-97.87772,29.62696],[-97.87772,29.62664],[-97.87727,29.62625],[-97.87798,29.62541],[-97.87075,29.62428],[-97.88054,29.6171],[-97.88173,29.61645],[-97.88379,29.61594],[-97.88396,29.61535],[-97.88487,29.61415],[-97.88441,29.6131],[-97.8849,29.61277],[-97.88549,29.61122],[-97.88621,29.61071],[-97.88588,29.61001],[-97.88629,29.60893],[-97.88639,29.60717],[-97.88544,29.60672],[-97.88507,29.60618],[-97.90415,29.60196],[-97.90402,29.60138],[-97.90584,29.60106],[-97.9058,29.60081],[-97.91621,29.59874],[-97.91679,29.59887],[-97.91958,29.59803],[-97.91919,29.59776],[-97.91919,29.59752],[-97.91844,29.59751],[-97.91841,29.59138],[-97.92575,29.59133],[-97.92571,29.58691],[-97.93549,29.58686],[-97.93604,29.58717],[-97.93724,29.5872],[-97.93601,29.58571],[-97.9356,29.58465],[-97.93557,29.58416],[-97.93587,29.58365],[-97.9357,29.58318],[-97.93644,29.58218],[-97.93633,29.58162],[-97.92665,29.58177],[-97.92488,29.58256],[-97.9247,29.57933],[-97.92873,29.57911],[-97.92871,29.57873],[-97.929,29.57872],[-97.92894,29.57833],[-97.92799,29.57603],[-97.93057,29.57471],[-97.92914,29.57427],[-97.92801,29.57217],[-97.92695,29.57136],[-97.92528,29.57083],[-97.92462,29.57007],[-97.92459,29.56663],[-97.92368,29.56536],[-97.92255,29.56485],[-97.92149,29.56296],[-97.92175,29.56144],[-97.9212,29.56096],[-97.92139,29.56054],[-97.92099,29.5586],[-97.92117,29.5548],[-97.92153,29.55433],[-97.93419,29.55434],[-97.93457,29.55537],[-97.93953,29.55537],[-97.93928,29.54889],[-97.94341,29.54891],[-97.94711,29.5426],[-97.94919,29.54461],[-97.94947,29.54535],[-97.95155,29.54741],[-97.94513,29.55823],[-97.94137,29.56509],[-97.94108,29.56665],[-97.94126,29.57271],[-97.943,29.57974],[-97.94348,29.58435],[-97.94567,29.58922],[-97.9518,29.60096],[-97.95325,29.60282],[-97.95519,29.60467],[-97.95425,29.6059],[-97.95092,29.60602],[-97.94879,29.60757],[-97.94109,29.60735],[-97.94109,29.60776],[-97.93509,29.60776],[-97.93512,29.60537],[-97.93575,29.60532],[-97.93507,29.60409],[-97.93364,29.60423],[-97.93345,29.60449],[-97.93186,29.60494],[-97.93087,29.60563],[-97.91933,29.60553],[-97.91925,29.60782],[-97.91446,29.60781],[-97.90632,29.61379],[-97.90339,29.61528],[-97.90044,29.6164],[-97.90042,29.61404],[-97.89977,29.61408],[-97.89976,29.61337],[-97.89808,29.61367],[-97.89826,29.61511],[-97.89687,29.6153],[-97.89663,29.61406],[-97.89145,29.61481],[-97.89152,29.61609],[-97.88469,29.61622],[-97.88478,29.61956],[-97.88758,29.61948],[-97.88758,29.61976],[-97.88801,29.62],[-97.88804,29.62095],[-97.88963,29.62093],[-97.88962,29.62059],[-97.89392,29.62051],[-97.88783,29.62533],[-97.87785,29.6286],[-97.87757,29.62779]]]}},{"type":"Feature","properties":{"PRECINCT":"guadalupe:107","COUNTY":"Guadalupe"},"geometry":{"type":"Polygon","coordinates":[[[-97.77018,29.73482],[-97.7705,29.73347],[-97.77127,29.73284],[-97.77146,29.73371],[-97.77193,29.73419],[-97.77231,29.73404],[-97.77096,29.73231],[-97.76563,29.72903],[-97.76528,29.72848],[-97.76413,29.728],[-97.763,29.72791],[-97.76187,29.72839],[-97.76128,29.7283],[-97.76069,29.72776],[-97.76059,29.72708],[-97.76112,29.72591],[-97.76104,29.72555],[-97.7607,29.72538],[-97.76021,29.72549],[-97.75983,29.72505],[-97.75934,29.72523],[-97.75923,29.72594],[-97.7587,29.72552],[-97.7586,29.72505],[-97.75922,29.72384],[-97.76057,29.72358],[-97.76354,29.72177],[-97.7652,29.72159],[-97.76647,29.72176],[-97.76847,29.72005],[-97.76832,29.71888],[-97.76566,29.71713],[-97.76336,29.71304],[-97.76279,29.71285],[-97.76147,29.71372],[-97.75904,29.71459],[-97.75869,29.71489],[-97.7585,29.71602],[-97.75655,29.71783],[-97.75566,29.71773],[-97.75294,29.71663],[-97.74998,29.71463],[-97.74772,29.7144],[-97.74709,29.71402],[-97.74653,29.71344],[-97.74641,29.71301],[-97.74665,29.71256],[-97.74724,29.71212],[-97.7477,29.71227],[-97.74975,29.71194],[-97.74982,29.71156],[-97.74899,29.7111],[-97.74692,29.7111],[-97.74609,29.7113],[-97.74493,29.71269],[-97.74394,29.71186],[-97.74136,29.71259],[-97.74018,29.71246],[-97.73843,29.71296],[-97.73795,29.7119],[-97.73719,29.71148],[-97.73658,29.71073],[-97.73659,29.7092],[-97.73594,29.70563],[-97.7368,29.70222],[-97.73982,29.70037],[-97.74199,29.69975],[-97.74335,29.69884],[-97.74365,29.69764],[-97.74329,29.69697],[-97.7427,29.69667],[-97.74034,29.69678],[-97.73947,29.6965],[-97.73851,29.69655],[-97.73623,29.6948],[-97.73541,29.69362],[-97.73543,29.69266],[-97.73601,29.69134],[-97.73459,29.69108],[-97.73198,29.69013],[-97.72758,29.68789],[-97.72715,29.68755],[-97.7267,29.68638],[-97.72562,29.68567],[-97.72335,29.68577],[-97.7221,29.68552],[-97.72138,29.68445],[-97.72285,29.68256],[-97.72274,29.68215],[-97.72185,29.68209],[-97.72075,29.68248],[-97.71967,29.68289],[-97.71939,29.68332],[-97.71811,29.68397],[-97.71721,29.68415],[-97.71676,29.68374],[-97.71695,29.68307],[-97.71779,29.68248],[-97.71769,29.68213],[-97.71721,29.6818],[-97.71463,29.68209],[-97.7117,29.6815],[-97.71072,29.68247],[-97.709,29.68326],[-97.70869,29.68373],[-97.7076,29.68345],[-97.70638,29.68271],[-97.70456,29.68261],[-97.70426,29.68242],[-97.7038,29.68184],[-97.70386,29.68127],[-97.70564,29.68022],[-97.70576,29.67986],[-97.70549,29.67943],[-97.70478,29.67911],[-97.70537,29.67829],[-97.70533,29.67749],[-97.70586,29.67715],[-97.70656,29.67735],[-97.70518,29.67558],[-97.70607,29.67455],[-97.70552,29.674],[-97.70473,29.67427],[-97.70385,29.67425],[-97.7033,29.67307],[-97.70342,29.67048],[-97.7022,29.6701],[-97.70252,29.66918],[-97.70223,29.66859],[-97.70098,29.66867],[-97.70054,29.66841],[-97.70616,29.664],[-97.70931,29.66219],[-97.71263,29.66093],[-97.71716,29.65974],[-97.72021,29.65921],[-97.72041,29.65882],[-97.74035,29.64406],[-97.74081,29.64149],[-97.7398,29.64025],[-97.75068,29.63195],[-97.75255,29.63109],[-97.75349,29.62874],[-97.75582,29.62806],[-97.77075,29.61687],[-97.76742,29.6165],[-97.76643,29.6161],[-97.75839,29.60786],[-97.75759,29.60753],[-97.75425,29.60747],[-97.75378,29.60729],[-97.7487,29.60188],[-97.74888,29.60136],[-97.75575,29.59331],[-97.7578,29.59009],[-97.76362,29.58399],[-97.76506,29.57833],[-97.76845,29.57297],[-97.77851,29.57276],[-97.78203,29.57317],[-97.78482,29.57383],[-97.79908,29.57497],[-97.79981,29.57438],[-97.80035,29.57072],[-97.80129,29.56955],[-97.80302,29.56854],[-97.80887,29.57044],[-97.80962,29.57052],[-97.8162,29.56831],[-97.81651,29.56783],[-97.82789,29.56793],[-97.82856,29.57129],[-97.82889,29.57144],[-97.83,29.5709],[-97.83106,29.5712],[-97.83115,29.57155],[-97.83033,29.57201],[-97.83064,29.57234],[-97.8321,29.57223],[-97.83293,29.57193],[-97.83315,29.57265],[-97.8331,29.57398],[-97.83344,29.57444],[-97.83391,29.57423],[-97.83442,29.57311],[-97.8343,29.57232],[-97.83508,29.57249],[-97.83546,29.57304],[-97.83625,29.57314],[-97.83591,29.57366],[-97.83517,29.57403],[-97.83513,29.57454],[-97.83537,29.57479],[-97.83596,29.57473],[-97.83637,29.57497],[-97.83719,29.57468],[-97.83724,29.57532],[-97.83791,29.57553],[-97.83831,29.57535],[-97.83949,29.57406],[-97.83981,29.57421],[-97.83987,29.57499],[-97.84034,29.57515],[-97.84041,29.57551],[-97.83942,29.57673],[-97.83997,29.57852],[-97.84057,29.57904],[-97.84222,29.57897],[-97.84354,29.57933],[-97.8459,29.57746],[-97.84712,29.57742],[-97.84742,29.57935],[-97.84655,29.58084],[-97.84656,29.58133],[-97.8468,29.58156],[-97.84795,29.58094],[-97.8487,29.58094],[-97.84882,29.58125],[-97.84859,29.58181],[-97.8489,29.58231],[-97.84928,29.58256],[-97.84982,29.58241],[-97.85008,29.58263],[-97.84979,29.58347],[-97.8498,29.58476],[-97.84913,29.58483],[-97.84886,29.58525],[-97.84892,29.5857],[-97.84818,29.58633],[-97.84825,29.58662],[-97.8499,29.58651],[-97.85063,29.58725],[-97.85157,29.58747],[-97.8525,29.58708],[-97.85304,29.58744],[-97.85341,29.5874],[-97.85436,29.58625],[-97.85557,29.58622],[-97.85693,29.58662],[-97.85787,29.58737],[-97.85815,29.5884],[-97.85884,29.58859],[-97.85911,29.5895],[-97.86019,29.58965],[-97.85926,29.59104],[-97.85876,29.59127],[-97.85916,29.59189],[-97.8599,29.59215],[-97.86037,29.5915],[-97.86096,29.59122],[-97.86133,29.59054],[-97.86175,29.5905],[-97.86238,29.59078],[-97.86293,29.59123],[-97.86344,29.59229],[-97.86372,29.59416],[-97.86512,29.59553],[-97.86578,29.59537],[-97.86708,29.59573],[-97.86737,29.59671],[-97.86823,29.59699],[-97.86905,29.5977],[-97.87051,29.59833],[-97.87167,29.59777],[-97.87429,29.5989],[-97.87469,29.59957],[-97.87699,29.59978],[-97.87816,29.60075],[-97.87799,29.60262],[-97.8782,29.60308],[-97.87855,29.60298],[-97.87878,29.60336],[-97.87923,29.60335],[-97.87991,29.60288],[-97.88098,29.60302],[-97.88225,29.6027],[-97.88384,29.60353],[-97.88474,29.60447],[-97.88515,29.60557],[-97.88507,29.60618],[-97.88322,29.60669],[-97.88331,29.60689],[-97.86873,29.61026],[-97.86891,29.6173],[-97.87073,29.61724],[-97.8708,29.61943],[-97.87319,29.61945],[-97.87141,29.62379],[-97.8692,29.62542],[-97.87336,29.62968],[-97.87401,29.62983],[-97.87446,29.63139],[-97.87424,29.6319],[-97.87154,29.63406],[-97.87163,29.63625],[-97.87223,29.63735],[-97.87717,29.64219],[-97.87935,29.64241],[-97.88051,29.64217],[-97.89139,29.64201],[-97.89133,29.64636],[-97.89002,29.6483],[-97.89083,29.64985],[-97.89071,29.65192],[-97.89119,29.65294],[-97.89118,29.65513],[-97.89193,29.6566],[-97.89117,29.65844],[-97.89052,29.66104],[-97.89322,29.66089],[-97.89327,29.66143],[-97.90146,29.66116],[-97.90145,29.66048],[-97.90188,29.65978],[-97.90311,29.65919],[-97.90346,29.65923],[-97.90248,29.66376],[-97.90236,29.66809],[-97.90199,29.66978],[-97.90132,29.67143],[-97.9007,29.67218],[-97.89548,29.67575],[-97.88908,29.68055],[-97.88855,29.67964],[-97.88801,29.67778],[-97.88646,29.67548],[-97.88625,29.67418],[-97.88647,29.67197],[-97.88526,29.6699],[-97.88487,29.66694],[-97.88412,29.6659],[-97.883,29.66528],[-97.88151,29.66483],[-97.88116,29.66508],[-97.87955,29.66496],[-97.87491,29.66875],[-97.87417,29.66839],[-97.87394,29.66791],[-97.87168,29.66784],[-97.87099,29.66805],[-97.87004,29.66871],[-97.87108,29.66979],[-97.87106,29.67017],[-97.83005,29.70064],[-97.83089,29.70176],[-97.83081,29.70252],[-97.83003,29.70307],[-97.83008,29.7036],[-97.82907,29.70359],[-97.82851,29.70395],[-97.82769,29.70407],[-97.82765,29.70522],[-97.82702,29.70587],[-97.82638,29.70604],[-97.82531,29.70759],[-97.82399,29.70777],[-97.82345,29.70856],[-97.82303,29.7088],[-97.8203,29.70882],[-97.81939,29.70968],[-97.81718,29.70967],[-97.81501,29.7107],[-97.81334,29.71094],[-97.81176,29.71198],[-97.81119,29.71315],[-97.80893,29.71406],[-97.80813,29.71482],[-97.80709,29.71535],[-97.80322,29.71566],[-97.80075,29.71678],[-97.7983,29.71668],[-97.79719,29.71699],[-97.79624,29.71776],[-97.79509,29.71824],[-97.7934,29.72064],[-97.79241,29.72134],[-97.79138,29.72258],[-97.79054,29.72265],[-97.79013,29.72333],[-97.78918,29.72335],[-97.7886,29.72292],[-97.78749,29.7235],[-97.78776,29.72357],[-97.78817,29.7242],[-97.78883,29.72432],[-97.78904,29.7251],[-97.79011,29.72592],[-97.76876,29.74173],[-97.76823,29.74108],[-97.7702,29.73925],[-97.7707,29.73782],[-97.77067,29.73632],[-97.77018,29.73482]]]}},{"type":"Feature","properties":{"PRECINCT":"guadalupe:109","COUNTY":"Guadalupe"},"geometry":{"type":"Polygon","coordinates":[[[-97.69251,29.67337],[-97.69178,29.67294],[-97.69202,29.67271],[-97.69107,29.67324],[-97.69072,29.67314],[-97.69067,29.67287],[-97.69162,29.67237],[-97.69091,29.67172],[-97.68979,29.67182],[-97.68904,29.67268],[-97.6883,29.67259],[-97.68613,29.6695],[-97.68507,29.66685],[-97.68533,29.66626],[-97.68654,29.66732],[-97.68723,29.66667],[-97.68705,29.66618],[-97.68581,29.66567],[-97.68514,29.666],[-97.68386,29.66606],[-97.68342,29.66642],[-97.68359,29.66717],[-97.68334,29.66728],[-97.682,29.66605],[-97.68282,29.66541],[-97.68353,29.66524],[-97.68393,29.66458],[-97.68382,29.66427],[-97.68187,29.66422],[-97.6805,29.66362],[-97.67979,29.66403],[-97.67859,29.66431],[-97.67816,29.66593],[-97.67837,29.66676],[-97.67781,29.66697],[-97.67674,29.66678],[-97.67655,29.66696],[-97.67719,29.66767],[-97.67797,29.66813],[-97.67779,29.66878],[-97.67593,29.66813],[-97.67406,29.66858],[-97.67388,29.66822],[-97.67404,29.66738],[-97.67513,29.66608],[-97.67516,29.66567],[-97.67419,29.66479],[-97.67373,29.66337],[-97.67318,29.66316],[-97.67169,29.66362],[-97.67117,29.66412],[-97.67101,29.66466],[-97.67137,29.66608],[-97.67086,29.66706],[-97.66916,29.66753],[-97.66591,29.6669],[-97.66529,29.66727],[-97.66514,29.66768],[-97.66531,29.66838],[-97.66523,29.66876],[-97.665,29.6688],[-97.66442,29.66842],[-97.66337,29.66698],[-97.66283,29.66711],[-97.66161,29.66859],[-97.66105,29.66851],[-97.65939,29.66654],[-97.65932,29.66558],[-97.65868,29.66439],[-97.6588,29.66336],[-97.65666,29.66261],[-97.65646,29.66286],[-97.65702,29.66405],[-97.65685,29.66467],[-97.65508,29.66583],[-97.65325,29.6678],[-97.65261,29.66784],[-97.65215,29.66669],[-97.65108,29.66644],[-97.65054,29.6658],[-97.64929,29.66342],[-97.64924,29.6623],[-97.64789,29.66228],[-97.64763,29.66107],[-97.64764,29.65935],[-97.648,29.65774],[-97.64853,29.65696],[-97.64965,29.65744],[-97.64915,29.65965],[-97.65024,29.66139],[-97.65212,29.66188],[-97.65344,29.66036],[-97.65363,29.6599],[-97.65325,29.65865],[-97.65358,29.65838],[-97.65415,29.65836],[-97.65434,29.65804],[-97.65356,29.65618],[-97.65285,29.65561],[-97.65189,29.65525],[-97.65175,29.65403],[-97.65138,29.65402],[-97.65085,29.65496],[-97.64999,29.65534],[-97.64958,29.65521],[-97.64879,29.65435],[-97.6482,29.65421],[-97.64289,29.65461],[-97.6422,29.65398],[-97.6422,29.65302],[-97.64189,29.65229],[-97.64049,29.65188],[-97.63971,29.65227],[-97.63954,29.65278],[-97.639,29.65327],[-97.63829,29.65305],[-97.638,29.65316],[-97.63798,29.65401],[-97.63762,29.65456],[-97.63651,29.65532],[-97.63586,29.65536],[-97.63549,29.6549],[-97.63553,29.65405],[-97.63527,29.65372],[-97.63437,29.65395],[-97.63116,29.65373],[-97.63102,29.65347],[-97.63129,29.65236],[-97.63098,29.65168],[-97.63114,29.65094],[-97.63181,29.65049],[-97.63276,29.65103],[-97.6332,29.65102],[-97.63318,29.64986],[-97.65312,29.62334],[-97.66137,29.61275],[-97.6618,29.61191],[-97.66984,29.60127],[-97.72677,29.52616],[-97.73033,29.52153],[-97.73286,29.51872],[-97.73964,29.50938],[-97.74053,29.51031],[-97.74066,29.51159],[-97.7414,29.51273],[-97.74155,29.51457],[-97.74227,29.51542],[-97.74361,29.51527],[-97.74413,29.51586],[-97.74352,29.51681],[-97.74359,29.51815],[-97.74228,29.51955],[-97.74197,29.52086],[-97.74279,29.52153],[-97.74335,29.52161],[-97.74449,29.52091],[-97.74517,29.52084],[-97.74581,29.52116],[-97.74682,29.52228],[-97.74808,29.52228],[-97.7483,29.52248],[-97.74807,29.52398],[-97.74725,29.52453],[-97.74651,29.52569],[-97.7474,29.52795],[-97.74826,29.52813],[-97.7496,29.5277],[-97.75074,29.52775],[-97.75154,29.52741],[-97.75222,29.52737],[-97.75272,29.52769],[-97.75293,29.52815],[-97.75291,29.52879],[-97.75244,29.52954],[-97.75259,29.52997],[-97.75359,29.53019],[-97.75466,29.52995],[-97.75598,29.53022],[-97.76015,29.53215],[-97.7619,29.53148],[-97.76309,29.53057],[-97.76419,29.53027],[-97.76752,29.5305],[-97.77178,29.52907],[-97.77344,29.52883],[-97.7751,29.52906],[-97.77806,29.53054],[-97.77824,29.53096],[-97.77728,29.53317],[-97.77472,29.53533],[-97.77426,29.53601],[-97.77382,29.53768],[-97.77313,29.53843],[-97.77324,29.53916],[-97.77416,29.53903],[-97.77586,29.53975],[-97.77712,29.53988],[-97.78055,29.53947],[-97.78411,29.53977],[-97.78702,29.541],[-97.78719,29.54166],[-97.7863,29.54375],[-97.78684,29.54551],[-97.78592,29.54729],[-97.78631,29.54935],[-97.78683,29.55034],[-97.78799,29.55007],[-97.78882,29.5502],[-97.78988,29.55068],[-97.79033,29.55195],[-97.79109,29.55226],[-97.79161,29.55218],[-97.7935,29.55103],[-97.79351,29.55082],[-97.79229,29.55052],[-97.79171,29.55008],[-97.79172,29.54959],[-97.79265,29.54849],[-97.7944,29.54808],[-97.79601,29.54722],[-97.7978,29.54693],[-97.7985,29.54623],[-97.79877,29.54488],[-97.7997,29.54436],[-97.79997,29.54385],[-97.80087,29.54348],[-97.80164,29.54367],[-97.80188,29.54396],[-97.80158,29.54487],[-97.8017,29.54525],[-97.8023,29.54567],[-97.80266,29.5463],[-97.80233,29.54691],[-97.8016,29.54673],[-97.80127,29.54687],[-97.80083,29.54957],[-97.80182,29.55043],[-97.80325,29.55055],[-97.80441,29.55168],[-97.80392,29.55256],[-97.80288,29.55177],[-97.80215,29.5517],[-97.80116,29.55204],[-97.79989,29.55322],[-97.79889,29.55484],[-97.79883,29.55538],[-97.79973,29.55695],[-97.80131,29.55831],[-97.8019,29.55851],[-97.80306,29.55779],[-97.80406,29.55787],[-97.80469,29.55902],[-97.80562,29.5598],[-97.80774,29.55947],[-97.80911,29.55898],[-97.80935,29.55855],[-97.80903,29.5577],[-97.80904,29.55688],[-97.80944,29.55654],[-97.81155,29.55625],[-97.81251,29.55451],[-97.81295,29.55285],[-97.81279,29.55125],[-97.81292,29.55103],[-97.81387,29.55122],[-97.81452,29.55092],[-97.81474,29.55039],[-97.81458,29.54944],[-97.81542,29.54866],[-97.81622,29.54837],[-97.81686,29.5487],[-97.81704,29.54986],[-97.81737,29.5502],[-97.81824,29.54988],[-97.81829,29.54883],[-97.81918,29.54855],[-97.82016,29.54886],[-97.82136,29.55014],[-97.82177,29.54997],[-97.82197,29.5495],[-97.82136,29.54819],[-97.82172,29.54751],[-97.82226,29.54762],[-97.82311,29.54874],[-97.82498,29.54995],[-97.82537,29.55136],[-97.82737,29.55367],[-97.82813,29.55412],[-97.82847,29.55402],[-97.82845,29.55345],[-97.82866,29.55333],[-97.82928,29.55373],[-97.82923,29.55431],[-97.82734,29.5552],[-97.8289,29.5569],[-97.82936,29.55686],[-97.82945,29.55629],[-97.82996,29.55626],[-97.83016,29.55599],[-97.83103,29.55688],[-97.83175,29.55616],[-97.83231,29.55605],[-97.83293,29.55625],[-97.83315,29.55659],[-97.83323,29.55813],[-97.83178,29.5589],[-97.83242,29.56054],[-97.83279,29.56298],[-97.83223,29.56421],[-97.83233,29.5652],[-97.83199,29.56684],[-97.83155,29.56723],[-97.83107,29.56724],[-97.83032,29.56656],[-97.82972,29.56642],[-97.82883,29.56676],[-97.82789,29.56793],[-97.81651,29.56783],[-97.8162,29.56831],[-97.80962,29.57052],[-97.80887,29.57044],[-97.80302,29.56854],[-97.80129,29.56955],[-97.80035,29.57072],[-97.79981,29.57438],[-97.79908,29.57497],[-97.78482,29.57383],[-97.78203,29.57317],[-97.77851,29.57276],[-97.76845,29.57297],[-97.76506,29.57833],[-97.76362,29.58399],[-97.7578,29.59009],[-97.75575,29.59331],[-97.74888,29.60136],[-97.7487,29.60188],[-97.75378,29.60729],[-97.75425,29.60747],[-97.75759,29.60753],[-97.75839,29.60786],[-97.76643,29.6161],[-97.76742,29.6165],[-97.77075,29.61687],[-97.75582,29.62806],[-97.75349,29.62874],[-97.75255,29.63109],[-97.75068,29.63195],[-97.7398,29.64025],[-97.74081,29.64149],[-97.74035,29.64406],[-97.72041,29.65882],[-97.72021,29.65921],[-97.71716,29.65974],[-97.71263,29.66093],[-97.70931,29.66219],[-97.70616,29.664],[-97.70054,29.66841],[-97.69978,29.66756],[-97.69831,29.66671],[-97.69759,29.66655],[-97.69721,29.66678],[-97.69719,29.66742],[-97.69733,29.66792],[-97.69761,29.66788],[-97.69822,29.66871],[-97.69828,29.66925],[-97.69748,29.66951],[-97.69533,29.67117],[-97.69363,29.67307],[-97.69251,29.67337]]]}},{"type":"Feature","properties":{"PRECINCT":"guadalupe:110","COUNTY":"Guadalupe"},"geometry":{"type":"Polygon","coordinates":[[[-97.95314,29.54941],[-97.95143,29.5476],[-97.95614,29.53956],[-97.95704,29.53755],[-97.95828,29.53113],[-97.95893,29.52556],[-97.96028,29.52541],[-97.96327,29.5301],[-97.96487,29.5294],[-97.96442,29.5287],[-97.96483,29.52858],[-97.96622,29.53071],[-97.9658,29.5309],[-97.96701,29.53279],[-97.96543,29.53351],[-97.96634,29.53494],[-97.96819,29.53452],[-97.96811,29.5342],[-97.96918,29.53396],[-97.96928,29.53437],[-97.9685,29.53455],[-97.96951,29.53613],[-97.9674,29.53662],[-97.96764,29.537],[-97.96079,29.53665],[-97.96085,29.53885],[-97.96007,29.53894],[-97.96016,29.54007],[-97.96421,29.54008],[-97.96452,29.54575],[-97.96391,29.54716],[-97.96387,29.54794],[-97.96633,29.5481],[-97.9663,29.54873],[-97.96392,29.54882],[-97.96309,29.54859],[-97.96002,29.5514],[-97.95428,29.55722],[-97.95354,29.55824],[-97.95118,29.55807],[-97.95272,29.55509],[-97.95288,29.5536],[-97.95348,29.55166],[-97.95314,29.54941]]]}},{"type":"Feature","properties":{"PRECINCT":"guadalupe:112","COUNTY":"Guadalupe"},"geometry":{"type":"Polygon","coordinates":[[[-97.98366,29.56925],[-97.98884,29.56924],[-97.98883,29.57198],[-97.98964,29.57519],[-97.98413,29.57833],[-97.98203,29.5793],[-97.98166,29.57453],[-97.98298,29.5743],[-97.98297,29.57136],[-97.9837,29.57125],[-97.98366,29.56925]]]}},{"type":"Feature","properties":{"PRECINCT":"guadalupe:115","COUNTY":"Guadalupe"},"geometry":{"type":"Polygon","coordinates":[[[-97.92308,29.62856],[-97.92312,29.61869],[-97.90789,29.61878],[-97.90743,29.61865],[-97.90723,29.61832],[-97.9072,29.61409],[-97.9075,29.6134],[-97.91027,29.61133],[-97.9103,29.61086],[-97.91446,29.60781],[-97.91925,29.60782],[-97.91933,29.60553],[-97.93087,29.60563],[-97.93186,29.60494],[-97.93345,29.60449],[-97.93364,29.60423],[-97.93507,29.60409],[-97.93575,29.60532],[-97.93512,29.60537],[-97.93509,29.60776],[-97.94109,29.60776],[-97.94109,29.60735],[-97.94879,29.60757],[-97.94704,29.61452],[-97.9466,29.61472],[-97.94113,29.6148],[-97.94096,29.61888],[-97.94584,29.61909],[-97.96407,29.61912],[-97.96391,29.6251],[-97.96092,29.62507],[-97.96095,29.62809],[-97.94177,29.62824],[-97.94114,29.62809],[-97.94032,29.62846],[-97.9293,29.62853],[-97.92678,29.62851],[-97.92572,29.62828],[-97.92308,29.62856]]]}},{"type":"Feature","properties":{"PRECINCT":"guadalupe:119","COUNTY":"Guadalupe"},"geometry":{"type":"Polygon","coordinates":[[[-97.99564,29.56928],[-97.99537,29.55644],[-97.99281,29.55623],[-97.99273,29.5494],[-97.99368,29.54894],[-97.99612,29.54844],[-97.99211,29.53541],[-97.998,29.53416],[-97.99768,29.53341],[-97.99913,29.5329],[-97.99728,29.52687],[-98.00265,29.52555],[-98.00468,29.53188],[-98.00637,29.53171],[-98.00821,29.53114],[-98.00783,29.52997],[-98.00749,29.53007],[-98.00189,29.51197],[-97.99872,29.51297],[-98.00199,29.5234],[-97.98129,29.52846],[-97.98065,29.52633],[-97.97917,29.531],[-97.97647,29.53195],[-97.97662,29.53255],[-97.97272,29.53352],[-97.97264,29.53668],[-97.97038,29.53717],[-97.97015,29.53817],[-97.96971,29.53809],[-97.9696,29.53854],[-97.96849,29.53836],[-97.9674,29.53662],[-97.96951,29.53613],[-97.9685,29.53455],[-97.96928,29.53437],[-97.96918,29.53396],[-97.96811,29.5342],[-97.96819,29.53452],[-97.96634,29.53494],[-97.96543,29.53351],[-97.96701,29.53279],[-97.9658,29.5309],[-97.96622,29.53071],[-97.96483,29.52858],[-97.96442,29.5287],[-97.96487,29.5294],[-97.96327,29.5301],[-97.9596,29.52425],[-97.95103,29.49892],[-97.97052,29.49388],[-97.97245,29.49653],[-97.97295,29.49638],[-97.97332,29.49653],[-97.97696,29.49537],[-97.97817,29.49558],[-97.97999,29.49527],[-97.98055,29.49502],[-97.98115,29.49431],[-97.98325,29.49272],[-97.98365,29.49285],[-97.98481,29.49102],[-97.98574,29.491],[-97.98599,29.49049],[-97.98629,29.49038],[-97.98787,29.49023],[-97.98779,29.4897],[-97.98801,29.48934],[-97.98939,29.48923],[-97.99008,29.48896],[-97.99129,29.48905],[-97.99222,29.48867],[-97.99365,29.48934],[-97.99525,29.48802],[-97.99709,29.48778],[-97.99797,29.48877],[-97.99922,29.48895],[-97.99957,29.48961],[-98.00043,29.48855],[-98.00073,29.48872],[-98.00055,29.48841],[-98.00127,29.48871],[-98.00257,29.48827],[-98.0113,29.48758],[-98.02557,29.48264],[-98.02956,29.47844],[-98.03934,29.47845],[-98.03945,29.48203],[-98.04116,29.48329],[-98.05089,29.50281],[-98.05157,29.50323],[-98.05167,29.50442],[-98.06149,29.52438],[-98.06974,29.53677],[-98.07178,29.5394],[-98.07232,29.54058],[-98.0467,29.54896],[-98.0436,29.55031],[-98.04332,29.54999],[-98.03659,29.55246],[-98.0208,29.55764],[-98.01836,29.55879],[-98.00005,29.56924],[-97.99564,29.56928]]]}},{"type":"Feature","properties":{"PRECINCT":"guadalupe:120","COUNTY":"Guadalupe"},"geometry":{"type":"Polygon","coordinates":[[[-97.88384,29.60353],[-97.88225,29.6027],[-97.88098,29.60302],[-97.87991,29.60288],[-97.87923,29.60335],[-97.87878,29.60336],[-97.87855,29.60298],[-97.8782,29.60308],[-97.87799,29.60262],[-97.87816,29.60075],[-97.87699,29.59978],[-97.87469,29.59957],[-97.87429,29.5989],[-97.87167,29.59777],[-97.87051,29.59833],[-97.86905,29.5977],[-97.86823,29.59699],[-97.86737,29.59671],[-97.86708,29.59573],[-97.86578,29.59537],[-97.86512,29.59553],[-97.86372,29.59416],[-97.86344,29.59229],[-97.86293,29.59123],[-97.86238,29.59078],[-97.86175,29.5905],[-97.86133,29.59054],[-97.86096,29.59122],[-97.86037,29.5915],[-97.8599,29.59215],[-97.85916,29.59189],[-97.85876,29.59127],[-97.85926,29.59104],[-97.86019,29.58965],[-97.85911,29.5895],[-97.85884,29.58859],[-97.85815,29.5884],[-97.85787,29.58737],[-97.85693,29.58662],[-97.85557,29.58622],[-97.85436,29.58625],[-97.85341,29.5874],[-97.85304,29.58744],[-97.8525,29.58708],[-97.85157,29.58747],[-97.85063,29.58725],[-97.8499,29.58651],[-97.84825,29.58662],[-97.84818,29.58633],[-97.84892,29.5857],[-97.84886,29.58525],[-97.84913,29.58483],[-97.8498,29.58476],[-97.84979,29.58347],[-97.85008,29.58263],[-97.84982,29.58241],[-97.84928,29.58256],[-97.8489,29.58231],[-97.84859,29.58181],[-97.84882,29.58125],[-97.8487,29.58094],[-97.84795,29.58094],[-97.8468,29.58156],[-97.84656,29.58133],[-97.84655,29.58084],[-97.84742,29.57935],[-97.84729,29.57775],[-97.847,29.57733],[-97.8459,29.57746],[-97.84354,29.57933],[-97.84222,29.57897],[-97.84057,29.57904],[-97.83997,29.57852],[-97.83942,29.57673],[-97.84041,29.57551],[-97.84034,29.57515],[-97.83987,29.57499],[-97.83991,29.57435],[-97.83967,29.5741],[-97.83791,29.57553],[-97.83724,29.57532],[-97.83719,29.57468],[-97.83637,29.57497],[-97.83596,29.57473],[-97.83537,29.57479],[-97.83513,29.57454],[-97.83517,29.57403],[-97.83591,29.57366],[-97.83625,29.57314],[-97.83546,29.57304],[-97.83508,29.57249],[-97.8343,29.57232],[-97.83442,29.57311],[-97.83391,29.57423],[-97.83344,29.57444],[-97.8331,29.57398],[-97.83315,29.57265],[-97.83293,29.57193],[-97.8321,29.57223],[-97.83064,29.57234],[-97.83033,29.57201],[-97.83115,29.57155],[-97.83106,29.5712],[-97.83,29.5709],[-97.82889,29.57144],[-97.82856,29.57129],[-97.82788,29.56809],[-97.828,29.5676],[-97.82904,29.56661],[-97.82972,29.56642],[-97.83032,29.56656],[-97.83107,29.56724],[-97.83155,29.56723],[-97.83199,29.56684],[-97.83233,29.5652],[-97.83223,29.56421],[-97.83279,29.56298],[-97.83242,29.56054],[-97.83178,29.5589],[-97.83323,29.55813],[-97.83309,29.5564],[-97.83279,29.55614],[-97.83207,29.55607],[-97.83148,29.5563],[-97.83103,29.55688],[-97.83016,29.55599],[-97.82996,29.55626],[-97.82945,29.55629],[-97.82936,29.55686],[-97.8289,29.5569],[-97.82734,29.5552],[-97.82923,29.55431],[-97.82928,29.55373],[-97.82866,29.55333],[-97.82845,29.55345],[-97.82847,29.55402],[-97.82813,29.55412],[-97.82737,29.55367],[-97.82537,29.55136],[-97.82498,29.54995],[-97.82311,29.54874],[-97.82209,29.54753],[-97.82172,29.54751],[-97.82142,29.5478],[-97.82136,29.54819],[-97.82197,29.5495],[-97.82177,29.54997],[-97.82122,29.55009],[-97.82016,29.54886],[-97.81918,29.54855],[-97.81966,29.54797],[-97.81935,29.54672],[-97.81972,29.54511],[-97.81914,29.54488],[-97.81854,29.54535],[-97.81783,29.5455],[-97.8167,29.54509],[-97.81626,29.54442],[-97.81636,29.544],[-97.81692,29.54345],[-97.81811,29.54316],[-97.82143,29.54152],[-97.82203,29.54022],[-97.82381,29.53906],[-97.82475,29.53806],[-97.82483,29.53756],[-97.82434,29.5367],[-97.82483,29.53585],[-97.82538,29.53582],[-97.82602,29.5366],[-97.82737,29.53695],[-97.8298,29.53629],[-97.83006,29.53606],[-97.83019,29.53568],[-97.82993,29.53526],[-97.82811,29.53484],[-97.82749,29.53429],[-97.82712,29.53326],[-97.82751,29.5327],[-97.82862,29.53244],[-97.82964,29.5325],[-97.82994,29.53191],[-97.83052,29.53159],[-97.83182,29.53181],[-97.83655,29.53715],[-97.83887,29.53762],[-97.8401,29.53653],[-97.8408,29.53495],[-97.84076,29.53278],[-97.84152,29.53124],[-97.8423,29.5305],[-97.84363,29.5303],[-97.84462,29.52982],[-97.84497,29.52875],[-97.84634,29.52737],[-97.84872,29.52709],[-97.85054,29.52876],[-97.85405,29.53321],[-97.85416,29.5341],[-97.85392,29.53505],[-97.85413,29.53551],[-97.85488,29.53543],[-97.85916,29.53317],[-97.86265,29.53061],[-97.86372,29.53046],[-97.86525,29.52981],[-97.86636,29.52977],[-97.86683,29.52998],[-97.86842,29.53134],[-97.86683,29.5329],[-97.86602,29.53418],[-97.8662,29.53517],[-97.8667,29.53573],[-97.86702,29.53665],[-97.8671,29.53806],[-97.86778,29.53839],[-97.87041,29.53798],[-97.87184,29.53735],[-97.87406,29.53765],[-97.875,29.537],[-97.8768,29.53716],[-97.87722,29.53658],[-97.87713,29.53627],[-97.87669,29.5358],[-97.87533,29.53517],[-97.87519,29.53465],[-97.87535,29.53424],[-97.87668,29.53366],[-97.87765,29.53374],[-97.8783,29.53586],[-97.87899,29.53665],[-97.87968,29.53686],[-97.88035,29.53673],[-97.88093,29.53569],[-97.88119,29.53573],[-97.88363,29.53294],[-97.88413,29.53271],[-97.88452,29.53281],[-97.88476,29.53315],[-97.88496,29.53522],[-97.88366,29.53763],[-97.88369,29.53852],[-97.88418,29.53899],[-97.88568,29.5395],[-97.88622,29.54035],[-97.88691,29.54069],[-97.88721,29.54112],[-97.88768,29.54123],[-97.88854,29.54123],[-97.88954,29.54028],[-97.89058,29.53997],[-97.89131,29.53893],[-97.8928,29.53818],[-97.89475,29.53868],[-97.89677,29.53884],[-97.90034,29.53865],[-97.90168,29.53815],[-97.90559,29.53909],[-97.90812,29.53803],[-97.91018,29.53799],[-97.91069,29.53762],[-97.9109,29.53695],[-97.91187,29.53664],[-97.91618,29.53727],[-97.91629,29.53754],[-97.91595,29.5383],[-97.91343,29.53977],[-97.91351,29.5406],[-97.9142,29.54128],[-97.91362,29.54172],[-97.9136,29.54202],[-97.91458,29.54313],[-97.91492,29.54401],[-97.91525,29.54404],[-97.91573,29.54319],[-97.9161,29.54311],[-97.91676,29.54422],[-97.91773,29.54507],[-97.91775,29.54495],[-97.91796,29.54488],[-97.91853,29.54615],[-97.91849,29.54694],[-97.91909,29.54777],[-97.9211,29.54896],[-97.92132,29.54928],[-97.92193,29.55103],[-97.92205,29.55221],[-97.92239,29.5525],[-97.92234,29.55289],[-97.92159,29.55365],[-97.92159,29.55418],[-97.92117,29.5548],[-97.92099,29.5586],[-97.92139,29.56054],[-97.9212,29.56096],[-97.92175,29.56144],[-97.92149,29.56296],[-97.92255,29.56485],[-97.92368,29.56536],[-97.92459,29.56663],[-97.92451,29.56961],[-97.92491,29.57049],[-97.92528,29.57083],[-97.92736,29.5716],[-97.92832,29.5726],[-97.92914,29.57427],[-97.93057,29.57471],[-97.92799,29.57603],[-97.92894,29.57833],[-97.929,29.57872],[-97.92871,29.57873],[-97.92873,29.57911],[-97.9247,29.57933],[-97.92488,29.58256],[-97.92665,29.58177],[-97.93633,29.58162],[-97.93644,29.58218],[-97.9357,29.58318],[-97.93587,29.58365],[-97.93557,29.58416],[-97.9356,29.58465],[-97.93601,29.58571],[-97.93724,29.5872],[-97.93604,29.58717],[-97.93549,29.58686],[-97.92571,29.58691],[-97.92575,29.59133],[-97.91841,29.59138],[-97.91844,29.59751],[-97.91919,29.59752],[-97.91919,29.59776],[-97.91958,29.59803],[-97.91724,29.59874],[-97.91621,29.59874],[-97.9058,29.60081],[-97.90584,29.60106],[-97.90402,29.60138],[-97.90415,29.60196],[-97.88507,29.60618],[-97.88515,29.60557],[-97.88474,29.60447],[-97.88384,29.60353]]]}},{"type":"Feature","properties":{"PRECINCT":"guadalupe:123","COUNTY":"Guadalupe"},"geometry":{"type":"Polygon","coordinates":[[[-97.98103,29.56931],[-97.98366,29.56925],[-97.9837,29.57125],[-97.98297,29.57136],[-97.98298,29.5743],[-97.98126,29.57457],[-97.98108,29.5743],[-97.98103,29.56931]]]}},{"type":"Feature","properties":{"PRECINCT":"guadalupe:124","COUNTY":"Guadalupe"},"geometry":{"type":"Polygon","coordinates":[[[-97.98884,29.56924],[-97.99688,29.5693],[-97.99957,29.56912],[-98.00005,29.56924],[-97.98964,29.57519],[-97.98883,29.57198],[-97.98884,29.56924]]]}},{"type":"Feature","properties":{"PRECINCT":"guadalupe:125","COUNTY":"Guadalupe"},"geometry":{"type":"Polygon","coordinates":[[[-98.0214,29.56604],[-98.01581,29.56596],[-98.01219,29.56508],[-98.01145,29.5641],[-98.011,29.563],[-98.01845,29.55874],[-98.0208,29.55764],[-98.03659,29.55246],[-98.04332,29.54999],[-98.0436,29.55031],[-98.04553,29.54939],[-98.04208,29.55134],[-98.03829,29.55476],[-98.03248,29.56116],[-98.02884,29.56373],[-98.02391,29.5666],[-98.0214,29.56604]]]}},{"type":"Feature","properties":{"PRECINCT":"guadalupe:126","COUNTY":"Guadalupe"},"geometry":{"type":"Polygon","coordinates":[[[-97.87389,29.62974],[-97.87336,29.62968],[-97.8692,29.62542],[-97.87075,29.62428],[-97.87798,29.62541],[-97.87727,29.62625],[-97.87772,29.62664],[-97.87772,29.62696],[-97.87702,29.6272],[-97.87708,29.6277],[-97.87774,29.6279],[-97.87785,29.6286],[-97.87389,29.62974]]]}},{"type":"Feature","properties":{"PRECINCT":"guadalupe:127","COUNTY":"Guadalupe"},"geometry":{"type":"Polygon","coordinates":[[[-97.87141,29.62379],[-97.87319,29.61945],[-97.8708,29.61943],[-97.87073,29.61724],[-97.86891,29.6173],[-97.86873,29.61026],[-97.88331,29.60689],[-97.88322,29.60669],[-97.88507,29.60618],[-97.88553,29.60678],[-97.88631,29.60701],[-97.88629,29.60893],[-97.88588,29.61001],[-97.88619,29.61079],[-97.88549,29.61122],[-97.8849,29.61277],[-97.88441,29.6131],[-97.88487,29.61415],[-97.88396,29.61535],[-97.88379,29.61594],[-97.88173,29.61645],[-97.88054,29.6171],[-97.87141,29.62379]]]}},{"type":"Feature","properties":{"PRECINCT":"guadalupe:201","COUNTY":"Guadalupe"},"geometry":{"type":"Polygon","coordinates":[[[-97.95019,29.55985],[-97.95118,29.55807],[-97.95354,29.55824],[-97.95428,29.55722],[-97.96002,29.5514],[-97.96309,29.54859],[-97.96392,29.54882],[-97.9663,29.54873],[-97.96633,29.5481],[-97.96387,29.54794],[-97.96391,29.54716],[-97.96452,29.54575],[-97.96421,29.54008],[-97.96016,29.54007],[-97.96007,29.53894],[-97.96085,29.53885],[-97.96079,29.53665],[-97.96777,29.53699],[-97.96849,29.53836],[-97.97076,29.53882],[-97.97101,29.54072],[-97.97106,29.54574],[-97.9703,29.54753],[-97.97129,29.54769],[-97.97375,29.54915],[-97.97172,29.54971],[-97.97154,29.55078],[-97.97316,29.55041],[-97.97455,29.55036],[-97.97552,29.55078],[-97.97757,29.55241],[-97.98014,29.55477],[-97.98135,29.5562],[-97.98165,29.55686],[-97.98126,29.55869],[-97.98146,29.55901],[-97.98268,29.55888],[-97.98488,29.55708],[-97.98541,29.55566],[-97.98554,29.55349],[-97.98641,29.55217],[-97.98832,29.55076],[-97.99038,29.55022],[-97.99057,29.55083],[-97.98815,29.55131],[-97.98637,29.55311],[-97.98593,29.55569],[-97.98723,29.55567],[-97.984,29.55983],[-97.98091,29.56018],[-97.98091,29.56343],[-97.98014,29.56342],[-97.98012,29.56092],[-97.96908,29.56096],[-97.96795,29.5618],[-97.96564,29.562],[-97.96468,29.56282],[-97.96448,29.56184],[-97.9637,29.56182],[-97.96367,29.55613],[-97.9617,29.55865],[-97.96061,29.55933],[-97.95933,29.55965],[-97.95789,29.55932],[-97.95664,29.55947],[-97.95653,29.56114],[-97.95704,29.56417],[-97.95679,29.56624],[-97.95609,29.56694],[-97.95476,29.56708],[-97.95387,29.56688],[-97.95313,29.56642],[-97.95088,29.56461],[-97.9502,29.56372],[-97.94984,29.56146],[-97.95019,29.55985]]]}},{"type":"Feature","properties":{"PRECINCT":"guadalupe:202","COUNTY":"Guadalupe"},"geometry":{"type":"Polygon","coordinates":[[[-97.96508,29.59881],[-97.9648,29.5808],[-97.95993,29.58085],[-97.95991,29.57982],[-97.96479,29.57977],[-97.96476,29.57795],[-97.96473,29.57659],[-97.9639,29.57662],[-97.96386,29.57454],[-97.96217,29.57456],[-97.96214,29.57351],[-97.95981,29.57355],[-97.95979,29.57252],[-97.96133,29.57251],[-97.96132,29.57044],[-97.9696,29.57036],[-97.96999,29.59808],[-97.96979,29.59836],[-97.96862,29.59862],[-97.96508,29.59881]]]}},{"type":"Feature","properties":{"PRECINCT":"guadalupe:203","COUNTY":"Guadalupe"},"geometry":{"type":"Polygon","coordinates":[[[-98.01247,29.60739],[-97.96599,29.60734],[-97.96529,29.60415],[-97.96508,29.59881],[-97.96841,29.59865],[-97.96979,29.59836],[-97.96998,29.59814],[-97.96972,29.58297],[-97.9742,29.58395],[-97.97428,29.58066],[-97.9778,29.58043],[-97.98147,29.57951],[-97.9838,29.57851],[-97.98964,29.57519],[-97.99428,29.58727],[-97.99543,29.58943],[-98.00227,29.59598],[-98.01247,29.60739]]]}},{"type":"Feature","properties":{"PRECINCT":"guadalupe:204","COUNTY":"Guadalupe"},"geometry":{"type":"Polygon","coordinates":[[[-97.9448,29.68048],[-97.9448,29.66111],[-97.94512,29.6611],[-97.94504,29.65493],[-97.95763,29.6548],[-97.95763,29.64632],[-97.96207,29.64632],[-97.96197,29.63355],[-97.96338,29.63354],[-97.96338,29.63095],[-97.95242,29.63093],[-97.95242,29.63069],[-97.95581,29.62919],[-97.9558,29.62812],[-97.96095,29.62809],[-97.96092,29.62507],[-97.96391,29.6251],[-97.96407,29.61912],[-97.95832,29.61911],[-97.95852,29.61443],[-97.95777,29.61443],[-97.95782,29.61208],[-97.95626,29.61208],[-97.95623,29.60744],[-97.95425,29.60737],[-97.95425,29.6059],[-97.95519,29.60467],[-97.95325,29.60282],[-97.9518,29.60096],[-97.94567,29.58922],[-97.94395,29.58536],[-97.94808,29.58181],[-97.94954,29.58112],[-97.9648,29.5808],[-97.96515,29.60296],[-97.96599,29.60734],[-97.99121,29.60741],[-97.99125,29.61792],[-97.98753,29.61785],[-97.98754,29.61653],[-97.97905,29.61628],[-97.97902,29.61774],[-97.97195,29.6178],[-97.97227,29.628],[-97.96885,29.62801],[-97.96872,29.6384],[-97.97891,29.63837],[-97.97893,29.65465],[-97.96701,29.65478],[-97.967,29.65769],[-97.96482,29.65762],[-97.96482,29.65839],[-97.95424,29.65839],[-97.95424,29.66116],[-97.95137,29.66116],[-97.95135,29.66521],[-97.95162,29.66522],[-97.95147,29.67034],[-97.95328,29.67087],[-97.95501,29.67106],[-97.95513,29.67577],[-97.9645,29.67566],[-97.9642,29.68025],[-97.9448,29.68048]]]}},{"type":"Feature","properties":{"PRECINCT":"guadalupe:205","COUNTY":"Guadalupe"},"geometry":{"type":"Polygon","coordinates":[[[-97.96789,29.77936],[-97.96782,29.77443],[-97.95868,29.77441],[-97.9472,29.7747],[-97.94719,29.77269],[-97.93676,29.77289],[-97.93654,29.77286],[-97.93653,29.77165],[-97.93412,29.77128],[-97.91327,29.77145],[-97.9111,29.77184],[-97.90946,29.7726],[-97.9081,29.77116],[-97.90756,29.76978],[-97.90748,29.7537],[-97.8998,29.75378],[-97.89835,29.75231],[-97.89772,29.75113],[-97.89766,29.7502],[-97.89087,29.75225],[-97.88959,29.75192],[-97.88913,29.75153],[-97.88962,29.75021],[-97.89035,29.74938],[-97.89133,29.74887],[-97.89243,29.7487],[-97.89287,29.74795],[-97.89231,29.74705],[-97.89219,29.74616],[-97.89132,29.74608],[-97.89006,29.74136],[-97.89726,29.73594],[-97.8907,29.72894],[-97.89022,29.72795],[-97.89,29.72588],[-97.8894,29.72474],[-97.89021,29.72403],[-97.89061,29.72329],[-97.89364,29.72095],[-97.89568,29.71879],[-97.89635,29.71743],[-97.90712,29.70937],[-97.89869,29.70064],[-97.89886,29.70018],[-97.90707,29.69407],[-97.90725,29.69369],[-97.89885,29.68484],[-97.8989,29.68421],[-97.90076,29.68132],[-97.90098,29.68008],[-97.90085,29.6741],[-97.89868,29.67358],[-97.90102,29.67185],[-97.90217,29.66926],[-97.90248,29.66376],[-97.90373,29.65719],[-97.90421,29.65592],[-97.90735,29.65185],[-97.90973,29.64965],[-97.913,29.6456],[-97.91723,29.64124],[-97.91981,29.63737],[-97.92094,29.63431],[-97.92265,29.62833],[-97.92279,29.62478],[-97.92306,29.6241],[-97.92308,29.62856],[-97.92572,29.62828],[-97.92678,29.62851],[-97.9293,29.62853],[-97.94032,29.62846],[-97.94114,29.62809],[-97.94177,29.62824],[-97.9558,29.62812],[-97.95581,29.62919],[-97.95242,29.63069],[-97.95242,29.63093],[-97.96338,29.63095],[-97.96338,29.63354],[-97.96197,29.63355],[-97.96207,29.64632],[-97.95763,29.64632],[-97.95763,29.6548],[-97.94504,29.65493],[-97.94512,29.6611],[-97.9448,29.66111],[-97.9448,29.68048],[-97.9642,29.68025],[-97.96448,29.70757],[-97.96417,29.71073],[-97.96324,29.71358],[-97.95096,29.73995],[-97.96008,29.74003],[-97.9705,29.73922],[-97.97243,29.73968],[-97.98189,29.74381],[-97.98338,29.74394],[-97.98764,29.74319],[-97.9891,29.74325],[-97.99182,29.74439],[-97.99684,29.74741],[-98.00111,29.75105],[-97.99922,29.75249],[-97.97156,29.77942],[-97.96789,29.77936]]]}},{"type":"Feature","properties":{"PRECINCT":"guadalupe:206","COUNTY":"Guadalupe"},"geometry":{"type":"Polygon","coordinates":[[[-97.86864,29.85134],[-97.86733,29.85193],[-97.86784,29.85301],[-97.86717,29.85453],[-97.86463,29.85611],[-97.86336,29.85619],[-97.86228,29.85506],[-97.86136,29.85498],[-97.86094,29.85372],[-97.8562,29.84888],[-97.85572,29.84623],[-97.85585,29.84458],[-97.85553,29.84391],[-97.8537,29.84312],[-97.85217,29.84331],[-97.85097,29.84313],[-97.849,29.84347],[-97.84734,29.84245],[-97.84664,29.84167],[-97.8461,29.8399],[-97.84484,29.83911],[-97.84425,29.83644],[-97.8439,29.83284],[-97.84235,29.83203],[-97.84307,29.8305],[-97.86123,29.81679],[-97.86192,29.81727],[-97.86262,29.81744],[-97.86373,29.81733],[-97.86454,29.81698],[-97.87608,29.80838],[-97.87689,29.80807],[-97.87731,29.80732],[-97.88607,29.80072],[-97.88816,29.79801],[-97.87014,29.77966],[-97.87473,29.77633],[-97.87585,29.77577],[-97.8844,29.76935],[-97.87958,29.76467],[-97.87854,29.76537],[-97.87523,29.76201],[-97.88633,29.75371],[-97.89766,29.7502],[-97.89772,29.75113],[-97.89835,29.75231],[-97.8998,29.75378],[-97.90748,29.7537],[-97.90756,29.76978],[-97.9081,29.77116],[-97.90946,29.7726],[-97.9111,29.77184],[-97.91327,29.77145],[-97.93412,29.77128],[-97.93653,29.77165],[-97.93654,29.77286],[-97.93676,29.77289],[-97.94719,29.77269],[-97.9472,29.7747],[-97.95868,29.77441],[-97.96782,29.77443],[-97.96789,29.77936],[-97.97156,29.77942],[-97.94356,29.80691],[-97.87526,29.85821],[-97.8749,29.85759],[-97.87304,29.85594],[-97.87255,29.85446],[-97.87268,29.85318],[-97.8722,29.85252],[-97.86864,29.85134]]]}},{"type":"Feature","properties":{"PRECINCT":"guadalupe:207","COUNTY":"Guadalupe"},"geometry":{"type":"Polygon","coordinates":[[[-97.95664,29.56901],[-97.95776,29.56735],[-97.96204,29.56745],[-97.96201,29.56394],[-97.96159,29.56388],[-97.96163,29.56163],[-97.96367,29.56162],[-97.9637,29.56182],[-97.96448,29.56184],[-97.96468,29.56282],[-97.96564,29.562],[-97.96795,29.5618],[-97.96908,29.56096],[-97.97765,29.5609],[-97.97768,29.56342],[-97.98091,29.56343],[-97.98093,29.56441],[-97.9799,29.56442],[-97.97978,29.56807],[-97.97922,29.56807],[-97.97924,29.56933],[-97.97491,29.56934],[-97.9719,29.56888],[-97.96953,29.56886],[-97.9696,29.57036],[-97.95507,29.57052],[-97.95501,29.56905],[-97.95664,29.56901]]]}},{"type":"Feature","properties":{"PRECINCT":"guadalupe:208","COUNTY":"Guadalupe"},"geometry":{"type":"Polygon","coordinates":[[[-97.98832,29.74317],[-97.98372,29.74391],[-97.98189,29.74381],[-97.97243,29.73968],[-97.9705,29.73922],[-97.96008,29.74003],[-97.95096,29.73995],[-97.96324,29.71358],[-97.96417,29.71073],[-97.96448,29.70757],[-97.96412,29.68463],[-97.96427,29.67735],[-97.96459,29.6752],[-97.96664,29.66796],[-97.96698,29.66331],[-97.97284,29.66327],[-97.97295,29.66807],[-97.9732,29.66837],[-97.99052,29.66821],[-97.99082,29.66824],[-97.99081,29.66981],[-98.003,29.66985],[-98.00303,29.64217],[-97.99079,29.64222],[-97.99076,29.63554],[-97.99125,29.62822],[-97.99121,29.60741],[-98.00496,29.60742],[-98.00514,29.60794],[-98.0038,29.60802],[-98.00364,29.6101],[-98.00403,29.61119],[-98.0052,29.61259],[-98.00516,29.61782],[-98.00686,29.61789],[-98.00682,29.62352],[-98.01229,29.62349],[-98.01223,29.62284],[-98.02146,29.62277],[-98.02465,29.62124],[-98.02695,29.61985],[-98.02738,29.61985],[-98.02761,29.62132],[-98.02781,29.62181],[-98.02833,29.62218],[-98.02926,29.62264],[-98.03155,29.62293],[-98.03431,29.62213],[-98.03801,29.61985],[-98.03906,29.6195],[-98.04399,29.61857],[-98.04788,29.61835],[-98.04878,29.61876],[-98.04915,29.61992],[-98.04888,29.62295],[-98.04967,29.62423],[-98.04991,29.62537],[-98.04921,29.62669],[-98.04688,29.62766],[-98.04611,29.62844],[-98.04489,29.63542],[-98.0443,29.63695],[-98.04443,29.63819],[-98.04489,29.63893],[-98.04601,29.63969],[-98.04794,29.64019],[-98.04895,29.64011],[-98.04903,29.63927],[-98.04934,29.63915],[-98.04994,29.63935],[-98.0507,29.64022],[-98.05548,29.63996],[-98.05625,29.64011],[-98.05747,29.64153],[-98.057,29.64447],[-98.05653,29.64536],[-98.05631,29.64746],[-98.05765,29.6502],[-98.05811,29.65064],[-98.05916,29.65111],[-98.06054,29.65121],[-98.06215,29.65182],[-98.06386,29.65312],[-98.06581,29.65345],[-98.06711,29.65533],[-98.07006,29.65866],[-98.0706,29.6601],[-98.07149,29.66424],[-98.0714,29.66588],[-98.07012,29.66918],[-98.06929,29.67026],[-98.06797,29.67066],[-98.06539,29.67089],[-98.06441,29.67126],[-98.06361,29.67218],[-98.06295,29.67408],[-98.06321,29.67494],[-98.06394,29.67605],[-98.0655,29.67768],[-98.0671,29.67856],[-98.06979,29.68209],[-98.07103,29.68278],[-98.07207,29.68299],[-98.07354,29.68225],[-98.07713,29.67966],[-98.07822,29.67932],[-98.0789,29.67773],[-98.07879,29.67342],[-98.07908,29.67234],[-98.07993,29.67118],[-98.08068,29.67086],[-98.08287,29.67078],[-98.08838,29.66882],[-98.08929,29.66885],[-98.09023,29.66924],[-98.09052,29.66891],[-98.09138,29.66942],[-98.09211,29.67019],[-98.08002,29.68053],[-98.07167,29.68905],[-98.07083,29.68874],[-98.06898,29.68771],[-98.06751,29.68635],[-98.05828,29.67386],[-98.04815,29.65935],[-98.04033,29.64754],[-98.03988,29.64776],[-98.04971,29.66231],[-98.0448,29.66606],[-98.04576,29.66787],[-98.04223,29.67086],[-98.04108,29.66921],[-98.03874,29.66706],[-98.03152,29.67317],[-98.03161,29.67337],[-98.03578,29.67731],[-98.04266,29.6715],[-98.04382,29.67317],[-98.04254,29.67424],[-98.04529,29.67824],[-98.04971,29.6745],[-98.05112,29.67578],[-98.05079,29.67605],[-98.05538,29.68022],[-98.04208,29.69143],[-98.03974,29.69385],[-98.0277,29.70395],[-98.03228,29.70811],[-98.03389,29.70697],[-98.03527,29.70824],[-98.03506,29.70874],[-98.038,29.71144],[-98.03824,29.71162],[-98.03802,29.71143],[-98.03883,29.71074],[-98.04389,29.71531],[-98.04527,29.71415],[-98.04694,29.71564],[-98.0506,29.71264],[-98.05058,29.71236],[-98.0502,29.71202],[-98.04998,29.71216],[-98.04893,29.71108],[-98.05459,29.70621],[-98.05734,29.7087],[-98.0212,29.73654],[-98.00111,29.75105],[-97.99643,29.74715],[-97.99063,29.74378],[-97.98832,29.74317]]]}},{"type":"Feature","properties":{"PRECINCT":"guadalupe:209","COUNTY":"Guadalupe"},"geometry":{"type":"Polygon","coordinates":[[[-97.96972,29.58297],[-97.96953,29.56886],[-97.9719,29.56888],[-97.97491,29.56934],[-97.98103,29.56931],[-97.98109,29.57438],[-97.98167,29.57458],[-97.98203,29.5793],[-97.97842,29.58033],[-97.97428,29.58066],[-97.9742,29.58395],[-97.96972,29.58297]]]}},{"type":"Feature","properties":{"PRECINCT":"guadalupe:210","COUNTY":"Guadalupe"},"geometry":{"type":"Polygon","coordinates":[[[-97.9501,29.5792],[-97.94993,29.57163],[-97.95508,29.57157],[-97.95508,29.57257],[-97.95814,29.57253],[-97.95822,29.57356],[-97.95981,29.57355],[-97.95991,29.57982],[-97.95672,29.57986],[-97.95673,29.58091],[-97.9498,29.58106],[-97.94808,29.58181],[-97.94954,29.58045],[-97.9501,29.5792]]]}},{"type":"Feature","properties":{"PRECINCT":"guadalupe:211","COUNTY":"Guadalupe"},"geometry":{"type":"Polygon","coordinates":[[[-97.95497,29.56804],[-97.95662,29.56656],[-97.95686,29.5658],[-97.95704,29.56417],[-97.95653,29.56114],[-97.95664,29.55947],[-97.95789,29.55932],[-97.95933,29.55965],[-97.96061,29.55933],[-97.9617,29.55865],[-97.96367,29.55613],[-97.96367,29.56162],[-97.96158,29.56167],[-97.96162,29.56393],[-97.96071,29.56365],[-97.95878,29.56403],[-97.95946,29.56553],[-97.95942,29.56746],[-97.95776,29.56735],[-97.95664,29.56901],[-97.95501,29.56905],[-97.95497,29.56804]]]}},{"type":"Feature","properties":{"PRECINCT":"guadalupe:212","COUNTY":"Guadalupe"},"geometry":{"type":"Polygon","coordinates":[[[-97.9832,29.56628],[-97.98314,29.56341],[-97.98091,29.56343],[-97.9809,29.5602],[-97.984,29.55983],[-97.98723,29.55567],[-97.98593,29.55569],[-97.98637,29.55311],[-97.98815,29.55131],[-97.99057,29.55083],[-97.99113,29.5529],[-97.9912,29.55468],[-97.98884,29.56626],[-97.9832,29.56628]]]}},{"type":"Feature","properties":{"PRECINCT":"guadalupe:213","COUNTY":"Guadalupe"},"geometry":{"type":"Polygon","coordinates":[[[-98.04693,29.71563],[-98.04527,29.71415],[-98.04389,29.71531],[-98.03883,29.71074],[-98.03802,29.71143],[-98.03824,29.71162],[-98.038,29.71144],[-98.03506,29.70874],[-98.03527,29.70824],[-98.03389,29.70697],[-98.03228,29.70811],[-98.0277,29.70395],[-98.03974,29.69385],[-98.04208,29.69143],[-98.05538,29.68022],[-98.05079,29.67605],[-98.05112,29.67578],[-98.04971,29.6745],[-98.04529,29.67824],[-98.04254,29.67424],[-98.04382,29.67317],[-98.04266,29.6715],[-98.03578,29.67731],[-98.03161,29.67337],[-98.03152,29.67317],[-98.03874,29.66706],[-98.04108,29.66921],[-98.04223,29.67086],[-98.04576,29.66787],[-98.0448,29.66606],[-98.04971,29.66231],[-98.04017,29.64821],[-98.03988,29.64776],[-98.04033,29.64754],[-98.04815,29.65935],[-98.05828,29.67386],[-98.06751,29.68635],[-98.06986,29.68829],[-98.07167,29.68905],[-98.08002,29.68053],[-98.09203,29.67027],[-98.09316,29.67231],[-98.09213,29.67741],[-98.09226,29.67892],[-98.09275,29.68013],[-98.0918,29.68217],[-98.09093,29.68324],[-98.08994,29.68348],[-98.08928,29.68393],[-98.05734,29.7087],[-98.05459,29.70621],[-98.04893,29.71108],[-98.04998,29.71216],[-98.0502,29.71202],[-98.05067,29.71254],[-98.04693,29.71563]]]}},{"type":"Feature","properties":{"PRECINCT":"guadalupe:214","COUNTY":"Guadalupe"},"geometry":{"type":"Polygon","coordinates":[[[-97.95135,29.66521],[-97.95137,29.66116],[-97.95424,29.66116],[-97.95424,29.65839],[-97.96482,29.65839],[-97.96482,29.65762],[-97.967,29.65769],[-97.96701,29.65478],[-97.97862,29.65472],[-97.97899,29.65455],[-97.97891,29.63837],[-97.96872,29.6384],[-97.96885,29.62801],[-97.97227,29.628],[-97.97195,29.6178],[-97.97902,29.61774],[-97.97905,29.61628],[-97.98754,29.61653],[-97.98753,29.61785],[-97.99125,29.61792],[-97.99125,29.62822],[-97.99076,29.63554],[-97.99079,29.64222],[-98.00303,29.64217],[-98.003,29.66985],[-97.99081,29.66981],[-97.99082,29.66824],[-97.99052,29.66821],[-97.9732,29.66837],[-97.97295,29.66807],[-97.97284,29.66327],[-97.96698,29.66331],[-97.96664,29.66796],[-97.9645,29.67566],[-97.95513,29.67577],[-97.95501,29.67106],[-97.95328,29.67087],[-97.95147,29.67034],[-97.95162,29.66522],[-97.95135,29.66521]]]}},{"type":"Feature","properties":{"PRECINCT":"guadalupe:215","COUNTY":"Guadalupe"},"geometry":{"type":"Polygon","coordinates":[[[-98.00496,29.60742],[-98.01247,29.60739],[-98.01483,29.61065],[-98.02121,29.62279],[-98.01223,29.62284],[-98.01229,29.62349],[-98.00682,29.62352],[-98.00686,29.61789],[-98.00516,29.61782],[-98.0052,29.61259],[-98.00379,29.61076],[-98.00359,29.60885],[-98.00374,29.60814],[-98.00386,29.60793],[-98.00514,29.60794],[-98.00496,29.60742]]]}},{"type":"Feature","properties":{"PRECINCT":"guadalupe:216","COUNTY":"Guadalupe"},"geometry":{"type":"Polygon","coordinates":[[[-97.94131,29.6147],[-97.94697,29.61459],[-97.94879,29.60757],[-97.95092,29.60602],[-97.95425,29.6059],[-97.95425,29.60737],[-97.95623,29.60744],[-97.95626,29.61208],[-97.95782,29.61208],[-97.95777,29.61443],[-97.95852,29.61443],[-97.95832,29.61911],[-97.94584,29.61909],[-97.94096,29.61888],[-97.94104,29.61493],[-97.94131,29.6147]]]}},{"type":"Feature","properties":{"PRECINCT":"guadalupe:217","COUNTY":"Guadalupe"},"geometry":{"type":"Polygon","coordinates":[[[-97.9947,29.58824],[-97.98964,29.57519],[-98.00005,29.56924],[-98.00812,29.56956],[-98.01321,29.57096],[-98.01718,29.57238],[-98.02363,29.57326],[-98.02392,29.59352],[-98.01989,29.59338],[-97.9947,29.58824]]]}},{"type":"Feature","properties":{"PRECINCT":"guadalupe:218","COUNTY":"Guadalupe"},"geometry":{"type":"Polygon","coordinates":[[[-97.97765,29.5609],[-97.98012,29.56092],[-97.98014,29.56342],[-97.97768,29.56342],[-97.97765,29.5609]]]}},{"type":"Feature","properties":{"PRECINCT":"guadalupe:219","COUNTY":"Guadalupe"},"geometry":{"type":"Polygon","coordinates":[[[-97.98091,29.56343],[-97.98314,29.56341],[-97.9832,29.56628],[-97.97995,29.5663],[-97.9799,29.56442],[-97.98093,29.56441],[-97.98091,29.56343]]]}},{"type":"Feature","properties":{"PRECINCT":"guadalupe:220","COUNTY":"Guadalupe"},"geometry":{"type":"Polygon","coordinates":[[[-97.9832,29.56628],[-97.98331,29.56926],[-97.97924,29.56933],[-97.97922,29.56807],[-97.97978,29.56807],[-97.97979,29.56631],[-97.9832,29.56628]]]}},{"type":"Feature","properties":{"PRECINCT":"guadalupe:221","COUNTY":"Guadalupe"},"geometry":{"type":"Polygon","coordinates":[[[-97.95878,29.56403],[-97.96071,29.56365],[-97.96125,29.56394],[-97.96201,29.56394],[-97.96204,29.56745],[-97.95942,29.56746],[-97.95946,29.56553],[-97.95878,29.56403]]]}},{"type":"Feature","properties":{"PRECINCT":"guadalupe:222","COUNTY":"Guadalupe"},"geometry":{"type":"Polygon","coordinates":[[[-97.95672,29.57986],[-97.95991,29.57982],[-97.95993,29.58085],[-97.95673,29.58091],[-97.95672,29.57986]]]}},{"type":"Feature","properties":{"PRECINCT":"guadalupe:223","COUNTY":"Guadalupe"},"geometry":{"type":"Polygon","coordinates":[[[-97.95991,29.57982],[-97.95981,29.57355],[-97.96214,29.57351],[-97.96217,29.57456],[-97.96386,29.57454],[-97.9639,29.57662],[-97.96473,29.57659],[-97.96479,29.57977],[-97.95991,29.57982]]]}},{"type":"Feature","properties":{"PRECINCT":"guadalupe:224","COUNTY":"Guadalupe"},"geometry":{"type":"Polygon","coordinates":[[[-97.95507,29.57052],[-97.96132,29.57044],[-97.96133,29.57251],[-97.95508,29.57257],[-97.95507,29.57052]]]}},{"type":"Feature","properties":{"PRECINCT":"guadalupe:225","COUNTY":"Guadalupe"},"geometry":{"type":"Polygon","coordinates":[[[-97.95814,29.57253],[-97.95979,29.57252],[-97.95981,29.57355],[-97.95822,29.57356],[-97.95814,29.57253]]]}},{"type":"Feature","properties":{"PRECINCT":"guadalupe:226","COUNTY":"Guadalupe"},"geometry":{"type":"Polygon","coordinates":[[[-97.89327,29.66143],[-97.89322,29.66089],[-97.89052,29.66104],[-97.89117,29.65844],[-97.89193,29.6566],[-97.89118,29.65513],[-97.89119,29.65294],[-97.89071,29.65192],[-97.89083,29.64985],[-97.89002,29.6483],[-97.89133,29.64636],[-97.89139,29.64201],[-97.88051,29.64217],[-97.87935,29.64241],[-97.87717,29.64219],[-97.87223,29.63735],[-97.87158,29.63604],[-97.87152,29.63412],[-97.8744,29.63174],[-97.87401,29.62983],[-97.88783,29.62533],[-97.89392,29.62051],[-97.88962,29.62059],[-97.88963,29.62093],[-97.88804,29.62095],[-97.88801,29.62],[-97.88758,29.61976],[-97.88758,29.61948],[-97.88478,29.61956],[-97.88469,29.61622],[-97.89152,29.61609],[-97.89145,29.61481],[-97.89663,29.61406],[-97.89687,29.6153],[-97.89826,29.61511],[-97.89808,29.61367],[-97.89976,29.61337],[-97.89977,29.61408],[-97.90042,29.61404],[-97.90044,29.6164],[-97.90508,29.61449],[-97.9103,29.61086],[-97.91027,29.61133],[-97.90726,29.61376],[-97.90722,29.6182],[-97.90743,29.61865],[-97.92312,29.61869],[-97.92306,29.6241],[-97.92279,29.62478],[-97.92272,29.62796],[-97.92033,29.63616],[-97.91966,29.63764],[-97.91723,29.64124],[-97.9155,29.64324],[-97.91326,29.6453],[-97.90973,29.64965],[-97.90754,29.65165],[-97.90513,29.6545],[-97.9039,29.65663],[-97.90346,29.65923],[-97.90311,29.65919],[-97.90188,29.65978],[-97.90145,29.66048],[-97.90146,29.66116],[-97.89327,29.66143]]]}},{"type":"Feature","properties":{"PRECINCT":"guadalupe:227","COUNTY":"Guadalupe"},"geometry":{"type":"Polygon","coordinates":[[[-98.02774,29.60757],[-98.02366,29.60742],[-98.02392,29.60709],[-98.02376,29.59715],[-98.03314,29.59707],[-98.03656,29.59653],[-98.0371,29.59637],[-98.03633,29.59357],[-98.03626,29.59336],[-98.03354,29.59405],[-98.02967,29.59415],[-98.02972,29.59432],[-98.02395,29.59435],[-98.02363,29.57326],[-98.01718,29.57238],[-98.01321,29.57096],[-98.00812,29.56956],[-98.00005,29.56924],[-98.011,29.563],[-98.01145,29.5641],[-98.01219,29.56508],[-98.01581,29.56596],[-98.0189,29.56588],[-98.02209,29.56614],[-98.02507,29.56713],[-98.02785,29.56922],[-98.02873,29.56953],[-98.03032,29.5718],[-98.03292,29.57435],[-98.03539,29.57542],[-98.03665,29.57629],[-98.0372,29.57745],[-98.03738,29.57916],[-98.0362,29.58143],[-98.03272,29.58399],[-98.03268,29.58509],[-98.03331,29.58703],[-98.03742,29.59127],[-98.03885,29.59401],[-98.04277,29.5948],[-98.04355,29.59536],[-98.04397,29.59608],[-98.04389,29.59656],[-98.04076,29.59796],[-98.03773,29.59972],[-98.03624,29.60029],[-98.03376,29.60047],[-98.03157,29.60143],[-98.03028,29.60284],[-98.02774,29.60757]]]}},{"type":"Feature","properties":{"PRECINCT":"guadalupe:228","COUNTY":"Guadalupe"},"geometry":{"type":"Polygon","coordinates":[[[-97.84235,29.83213],[-97.84129,29.83192],[-97.84112,29.83168],[-97.84098,29.83048],[-97.84033,29.82936],[-97.83933,29.82881],[-97.83761,29.8285],[-97.83731,29.82822],[-97.83671,29.82716],[-97.83674,29.82535],[-97.83714,29.82498],[-97.83854,29.82545],[-97.8398,29.82494],[-97.84155,29.82494],[-97.8427,29.82401],[-97.84275,29.82306],[-97.84212,29.82149],[-97.84111,29.82088],[-97.84008,29.82084],[-97.83975,29.8204],[-97.84067,29.81694],[-97.8406,29.8162],[-97.84228,29.81316],[-97.84326,29.8122],[-97.84452,29.81172],[-97.84545,29.81086],[-97.84636,29.80865],[-97.84568,29.80737],[-97.84541,29.80736],[-97.84507,29.80775],[-97.84513,29.80827],[-97.84484,29.80845],[-97.84341,29.80806],[-97.84314,29.80836],[-97.84241,29.8083],[-97.84233,29.80782],[-97.84191,29.80746],[-97.8421,29.80724],[-97.84195,29.80637],[-97.84235,29.80427],[-97.84225,29.80231],[-97.84245,29.80184],[-97.84318,29.80122],[-97.84323,29.80082],[-97.84235,29.79922],[-97.84011,29.79792],[-97.83916,29.79788],[-97.8385,29.79761],[-97.8379,29.79672],[-97.83791,29.79579],[-97.83686,29.79518],[-97.83415,29.79465],[-97.83348,29.79505],[-97.83177,29.79526],[-97.83072,29.79575],[-97.83026,29.79553],[-97.82948,29.7935],[-97.83004,29.78998],[-97.83075,29.78862],[-97.83174,29.78743],[-97.83197,29.78506],[-97.83237,29.7845],[-97.8312,29.78248],[-97.83056,29.7821],[-97.83052,29.78134],[-97.8296,29.77996],[-97.82887,29.77933],[-97.82784,29.77911],[-97.82765,29.77925],[-97.82772,29.77999],[-97.82871,29.7804],[-97.82899,29.78077],[-97.82854,29.78143],[-97.82762,29.78154],[-97.82684,29.78109],[-97.8251,29.78101],[-97.82417,29.78143],[-97.82409,29.78166],[-97.82464,29.78228],[-97.82544,29.78251],[-97.82632,29.78336],[-97.82648,29.78405],[-97.82606,29.78462],[-97.82521,29.7845],[-97.82374,29.78546],[-97.82327,29.78549],[-97.82265,29.78463],[-97.82296,29.78408],[-97.824,29.78354],[-97.82344,29.78308],[-97.82277,29.783],[-97.82212,29.78259],[-97.82184,29.78272],[-97.82131,29.78401],[-97.82151,29.78457],[-97.82138,29.78567],[-97.81957,29.78943],[-97.81907,29.78998],[-97.81793,29.79046],[-97.81714,29.79038],[-97.81539,29.78821],[-97.81433,29.78472],[-97.81347,29.78413],[-97.81188,29.78391],[-97.81195,29.78347],[-97.81387,29.78215],[-97.81449,29.78094],[-97.81498,29.78094],[-97.8151,29.78073],[-97.81481,29.78019],[-97.81293,29.77832],[-97.81249,29.77813],[-97.81213,29.77816],[-97.8109,29.77925],[-97.81099,29.77951],[-97.81155,29.7795],[-97.81184,29.77975],[-97.8119,29.77994],[-97.81137,29.78029],[-97.81057,29.78022],[-97.80975,29.77978],[-97.80845,29.77978],[-97.80695,29.77829],[-97.80648,29.77809],[-97.80623,29.77738],[-97.80565,29.77706],[-97.80646,29.77534],[-97.80611,29.77428],[-97.80523,29.77376],[-97.80554,29.77316],[-97.8064,29.77325],[-97.80797,29.77464],[-97.80988,29.77431],[-97.81117,29.7745],[-97.81126,29.77424],[-97.81045,29.7729],[-97.80902,29.77212],[-97.80845,29.77122],[-97.80841,29.7707],[-97.80706,29.76899],[-97.80573,29.76818],[-97.80542,29.76745],[-97.80212,29.76658],[-97.80121,29.76703],[-97.80028,29.76621],[-97.80007,29.76552],[-97.80026,29.76466],[-97.79975,29.76322],[-97.80025,29.76087],[-97.80087,29.75917],[-97.80164,29.75879],[-97.80219,29.75891],[-97.80285,29.75873],[-97.80382,29.75743],[-97.80378,29.75706],[-97.80303,29.75672],[-97.80303,29.75635],[-97.80396,29.75527],[-97.8036,29.75373],[-97.80317,29.75363],[-97.80203,29.75417],[-97.80136,29.75419],[-97.80103,29.75388],[-97.80112,29.75318],[-97.7994,29.75226],[-97.79782,29.75215],[-97.79592,29.75233],[-97.79422,29.75277],[-97.79292,29.75419],[-97.79293,29.7564],[-97.79327,29.75786],[-97.79307,29.75881],[-97.79268,29.75939],[-97.79092,29.75959],[-97.78896,29.76042],[-97.78666,29.76099],[-97.78162,29.75972],[-97.78077,29.75912],[-97.78046,29.75848],[-97.78068,29.75809],[-97.78153,29.75827],[-97.78172,29.75783],[-97.78038,29.7568],[-97.78014,29.75627],[-97.78016,29.75605],[-97.78079,29.75572],[-97.78023,29.75476],[-97.78044,29.75385],[-97.78124,29.75271],[-97.78106,29.75159],[-97.78085,29.75094],[-97.78003,29.7502],[-97.77997,29.74938],[-97.77944,29.74842],[-97.7798,29.74777],[-97.78027,29.7477],[-97.78113,29.74862],[-97.78149,29.74865],[-97.78211,29.74834],[-97.78219,29.74787],[-97.78066,29.7473],[-97.77802,29.74721],[-97.77711,29.74669],[-97.77512,29.7444],[-97.774,29.74394],[-97.77385,29.74321],[-97.77437,29.74194],[-97.77406,29.74159],[-97.77355,29.74164],[-97.77286,29.74224],[-97.77253,29.74199],[-97.77113,29.74198],[-97.77094,29.74176],[-97.77014,29.74194],[-97.76876,29.74173],[-97.79011,29.72592],[-97.78904,29.7251],[-97.78883,29.72432],[-97.78817,29.7242],[-97.78776,29.72357],[-97.78749,29.7235],[-97.7886,29.72292],[-97.78918,29.72335],[-97.79013,29.72333],[-97.79054,29.72265],[-97.79138,29.72258],[-97.79241,29.72134],[-97.7934,29.72064],[-97.79509,29.71824],[-97.79624,29.71776],[-97.79719,29.71699],[-97.7983,29.71668],[-97.80075,29.71678],[-97.80322,29.71566],[-97.80709,29.71535],[-97.80813,29.71482],[-97.80893,29.71406],[-97.81119,29.71315],[-97.81176,29.71198],[-97.81334,29.71094],[-97.81501,29.7107],[-97.81718,29.70967],[-97.81939,29.70968],[-97.8203,29.70882],[-97.82303,29.7088],[-97.82345,29.70856],[-97.82399,29.70777],[-97.82531,29.70759],[-97.82638,29.70604],[-97.82702,29.70587],[-97.82765,29.70522],[-97.82769,29.70407],[-97.82851,29.70395],[-97.82907,29.70359],[-97.83008,29.7036],[-97.83003,29.70307],[-97.83081,29.70252],[-97.83089,29.70176],[-97.83005,29.70064],[-97.87106,29.67017],[-97.87108,29.66979],[-97.87004,29.66871],[-97.87168,29.66784],[-97.87311,29.66779],[-97.87394,29.66791],[-97.87417,29.66839],[-97.87491,29.66875],[-97.87955,29.66496],[-97.88116,29.66508],[-97.88151,29.66483],[-97.88368,29.66562],[-97.88479,29.66671],[-97.88526,29.6699],[-97.8865,29.67214],[-97.88625,29.67418],[-97.88646,29.67548],[-97.88801,29.67778],[-97.88855,29.67964],[-97.88908,29.68055],[-97.89868,29.67358],[-97.90085,29.6741],[-97.90091,29.68079],[-97.90054,29.68175],[-97.8989,29.68421],[-97.89885,29.68484],[-97.90725,29.69369],[-97.90707,29.69407],[-97.89867,29.7005],[-97.90712,29.70937],[-97.89635,29.71743],[-97.89568,29.71879],[-97.89364,29.72095],[-97.89061,29.72329],[-97.89021,29.72403],[-97.8894,29.72474],[-97.89,29.72588],[-97.89022,29.72795],[-97.8907,29.72894],[-97.89726,29.73594],[-97.89006,29.74136],[-97.89132,29.74608],[-97.89219,29.74616],[-97.89231,29.74705],[-97.89287,29.74774],[-97.89272,29.74835],[-97.89243,29.7487],[-97.89057,29.7492],[-97.88962,29.75021],[-97.88919,29.75163],[-97.89087,29.75225],[-97.88705,29.75339],[-97.88591,29.75394],[-97.87523,29.76201],[-97.87854,29.76537],[-97.87958,29.76467],[-97.8844,29.76935],[-97.87585,29.77577],[-97.87473,29.77633],[-97.87014,29.77966],[-97.88816,29.79801],[-97.88607,29.80072],[-97.87731,29.80732],[-97.87689,29.80807],[-97.87608,29.80838],[-97.86454,29.81698],[-97.86373,29.81733],[-97.86262,29.81744],[-97.86192,29.81727],[-97.86123,29.81679],[-97.84307,29.8305],[-97.84235,29.83213]]]}},{"type":"Feature","properties":{"PRECINCT":"guadalupe:229","COUNTY":"Guadalupe"},"geometry":{"type":"Polygon","coordinates":[[[-97.98331,29.56926],[-97.98325,29.56628],[-97.98884,29.56626],[-97.9912,29.55468],[-97.99113,29.5529],[-97.99063,29.55081],[-97.99274,29.54972],[-97.99281,29.55623],[-97.99537,29.55644],[-97.99564,29.56928],[-97.98331,29.56926]]]}},{"type":"Feature","properties":{"PRECINCT":"guadalupe:230","COUNTY":"Guadalupe"},"geometry":{"type":"Polygon","coordinates":[[[-98.01247,29.60739],[-98.00192,29.59561],[-97.99575,29.58985],[-97.9947,29.58824],[-98.01989,29.59338],[-98.02392,29.59352],[-98.02395,29.59435],[-98.02972,29.59432],[-98.02967,29.59415],[-98.03354,29.59405],[-98.03626,29.59336],[-98.0371,29.59637],[-98.03412,29.59701],[-98.02376,29.59715],[-98.02384,29.60735],[-98.01247,29.60739]]]}},{"type":"Feature","properties":{"PRECINCT":"guadalupe:231","COUNTY":"Guadalupe"},"geometry":{"type":"Polygon","coordinates":[[[-98.02121,29.62279],[-98.01483,29.61065],[-98.01247,29.60739],[-98.02366,29.60742],[-98.02521,29.60764],[-98.02579,29.60808],[-98.02597,29.60894],[-98.02545,29.61046],[-98.02529,29.61254],[-98.0248,29.61261],[-98.0248,29.61306],[-98.02621,29.61325],[-98.02629,29.61404],[-98.02772,29.61402],[-98.02717,29.61975],[-98.02465,29.62124],[-98.02121,29.62279]]]}},{"type":"Feature","properties":{"PRECINCT":"guadalupe:232","COUNTY":"Guadalupe"},"geometry":{"type":"Polygon","coordinates":[[[-98.0278,29.61466],[-98.02772,29.61402],[-98.02629,29.61404],[-98.02621,29.61325],[-98.0248,29.61306],[-98.0248,29.61261],[-98.02529,29.61254],[-98.02545,29.61046],[-98.02597,29.60884],[-98.02573,29.60799],[-98.02483,29.60754],[-98.02774,29.60757],[-98.0273,29.60897],[-98.02789,29.61513],[-98.02734,29.61872],[-98.02738,29.61985],[-98.02695,29.61985],[-98.02717,29.61975],[-98.02722,29.618],[-98.0278,29.61466]]]}},{"type":"Feature","properties":{"PRECINCT":"guadalupe:407","COUNTY":"Guadalupe"},"geometry":{"type":"Polygon","coordinates":[[[-97.94969,29.49359],[-97.94779,29.45727],[-97.95608,29.37844],[-97.96782,29.3787],[-98.01057,29.37893],[-98.04458,29.37882],[-98.06838,29.37934],[-98.06787,29.38429],[-98.06613,29.38736],[-98.06591,29.38813],[-98.06583,29.3954],[-98.06468,29.39865],[-98.06284,29.40063],[-98.06236,29.40179],[-98.06236,29.41459],[-98.06145,29.41605],[-98.05916,29.41772],[-98.0585,29.4194],[-98.05853,29.42211],[-98.05883,29.42304],[-98.0589,29.42489],[-98.06251,29.42936],[-98.0608,29.43139],[-98.06371,29.43141],[-98.06344,29.43188],[-98.06279,29.4319],[-98.06231,29.43248],[-98.06183,29.43229],[-98.06117,29.43293],[-98.0609,29.43372],[-98.05993,29.43431],[-98.06058,29.43465],[-98.06092,29.43552],[-98.06039,29.43621],[-98.06048,29.43663],[-98.06018,29.4367],[-98.06006,29.43705],[-98.06039,29.43716],[-98.06038,29.43785],[-98.06013,29.43809],[-98.06042,29.43841],[-98.06066,29.44045],[-98.06095,29.44106],[-98.06066,29.44152],[-98.06068,29.443],[-98.0608,29.44353],[-98.06111,29.44376],[-98.06088,29.44407],[-98.06241,29.44612],[-98.0623,29.44726],[-98.06344,29.44916],[-98.06327,29.45156],[-98.06417,29.45197],[-98.0644,29.45284],[-98.06516,29.45301],[-98.06493,29.45359],[-98.06599,29.45451],[-98.0657,29.45512],[-98.06658,29.45556],[-98.06737,29.45566],[-98.06716,29.4567],[-98.06654,29.45692],[-98.06584,29.4576],[-98.06601,29.45794],[-98.06512,29.45814],[-98.06494,29.45911],[-98.06442,29.4592],[-98.0644,29.45964],[-98.06406,29.45981],[-98.06401,29.4605],[-98.06481,29.46033],[-98.06536,29.46076],[-98.06532,29.46175],[-98.06562,29.46227],[-98.06543,29.46283],[-98.06584,29.46332],[-98.06557,29.46406],[-98.06576,29.4646],[-98.06476,29.46493],[-98.06531,29.46621],[-98.06419,29.46791],[-98.06231,29.46824],[-98.0593,29.46988],[-98.05386,29.47433],[-98.04978,29.47679],[-98.04554,29.48262],[-98.043,29.48695],[-98.0411,29.4832],[-98.03945,29.48203],[-98.03934,29.47845],[-98.02975,29.47842],[-98.02557,29.48264],[-98.01144,29.48755],[-98.00257,29.48827],[-98.00127,29.48871],[-98.00055,29.48841],[-98.00073,29.48872],[-98.00043,29.48855],[-97.99957,29.48961],[-97.99922,29.48895],[-97.99797,29.48877],[-97.99709,29.48778],[-97.99525,29.48802],[-97.99365,29.48934],[-97.99222,29.48867],[-97.99129,29.48905],[-97.99008,29.48896],[-97.98939,29.48923],[-97.98801,29.48934],[-97.98779,29.4897],[-97.98787,29.49023],[-97.98629,29.49038],[-97.98599,29.49049],[-97.98574,29.491],[-97.98481,29.49102],[-97.98365,29.49285],[-97.98325,29.49272],[-97.98115,29.49431],[-97.98055,29.49502],[-97.97981,29.49531],[-97.97817,29.49558],[-97.97696,29.49537],[-97.97332,29.49653],[-97.97295,29.49638],[-97.97245,29.49653],[-97.97052,29.49388],[-97.95103,29.49892],[-97.95001,29.49572],[-97.94969,29.49359]]]}},{"type":"Feature","properties":{"PRECINCT":"guadalupe:413","COUNTY":"Guadalupe"},"geometry":{"type":"Polygon","coordinates":[[[-98.06545,29.46099],[-98.06481,29.46033],[-98.06401,29.4605],[-98.06406,29.45981],[-98.0644,29.45964],[-98.06442,29.4592],[-98.06494,29.45911],[-98.06512,29.45814],[-98.06601,29.45794],[-98.06584,29.4576],[-98.06654,29.45692],[-98.06716,29.4567],[-98.06737,29.45566],[-98.06658,29.45556],[-98.0657,29.45512],[-98.06599,29.45451],[-98.06493,29.45359],[-98.06516,29.45301],[-98.0644,29.45284],[-98.06417,29.45197],[-98.06327,29.45156],[-98.06344,29.44916],[-98.0623,29.44726],[-98.06241,29.44612],[-98.06088,29.44407],[-98.06111,29.44376],[-98.0608,29.44353],[-98.06068,29.443],[-98.06066,29.44152],[-98.06095,29.44106],[-98.06066,29.44045],[-98.06042,29.43841],[-98.06013,29.43809],[-98.06038,29.43785],[-98.06039,29.43716],[-98.06006,29.43705],[-98.06018,29.4367],[-98.06048,29.43663],[-98.06039,29.43621],[-98.06092,29.43552],[-98.06058,29.43465],[-98.05995,29.43427],[-98.0609,29.43372],[-98.06117,29.43293],[-98.06183,29.43229],[-98.06231,29.43248],[-98.06279,29.4319],[-98.06344,29.43188],[-98.06371,29.43141],[-98.0608,29.43139],[-98.06251,29.42936],[-98.0589,29.42489],[-98.05883,29.42304],[-98.05853,29.42211],[-98.0585,29.4194],[-98.05916,29.41772],[-98.06145,29.41605],[-98.06236,29.41459],[-98.06236,29.40179],[-98.06284,29.40063],[-98.06468,29.39865],[-98.06583,29.3954],[-98.06591,29.38813],[-98.06613,29.38736],[-98.06787,29.38429],[-98.06838,29.37934],[-98.08468,29.37959],[-98.09402,29.37524],[-98.09981,29.372],[-98.11307,29.36533],[-98.11322,29.36591],[-98.11297,29.36673],[-98.11563,29.36894],[-98.11557,29.36954],[-98.11502,29.37029],[-98.11508,29.37092],[-98.11541,29.37102],[-98.11822,29.3738],[-98.11868,29.37466],[-98.11956,29.37528],[-98.11963,29.37565],[-98.11936,29.37606],[-98.1195,29.3765],[-98.12025,29.37692],[-98.12156,29.37718],[-98.12252,29.3784],[-98.12251,29.37884],[-98.12056,29.38066],[-98.11957,29.38297],[-98.11995,29.38419],[-98.12138,29.38577],[-98.12177,29.38784],[-98.12313,29.38813],[-98.12492,29.39007],[-98.12621,29.39068],[-98.12602,29.39176],[-98.12666,29.39315],[-98.12646,29.39466],[-98.12695,29.39518],[-98.12774,29.39551],[-98.12861,29.39667],[-98.12957,29.39709],[-98.13048,29.39784],[-98.13021,29.39837],[-98.12974,29.39857],[-98.12898,29.39828],[-98.12856,29.39777],[-98.12805,29.39792],[-98.12764,29.39907],[-98.12753,29.40029],[-98.12703,29.40107],[-98.1279,29.40187],[-98.12802,29.40288],[-98.1278,29.4034],[-98.12815,29.40444],[-98.12905,29.40509],[-98.13014,29.4052],[-98.13029,29.40548],[-98.12951,29.40708],[-98.12901,29.40878],[-98.1291,29.40941],[-98.12856,29.40992],[-98.12817,29.41092],[-98.12832,29.41181],[-98.12985,29.41249],[-98.13081,29.41192],[-98.1319,29.41203],[-98.133,29.41329],[-98.13314,29.41404],[-98.13359,29.41413],[-98.13372,29.41439],[-98.13342,29.41536],[-98.13194,29.41561],[-98.13153,29.4159],[-98.13032,29.41808],[-98.13108,29.42088],[-98.13116,29.4221],[-98.13175,29.42231],[-98.1318,29.42276],[-98.1327,29.4229],[-98.13279,29.42372],[-98.13371,29.42551],[-98.13329,29.42629],[-98.13356,29.42711],[-98.13409,29.42779],[-98.13471,29.42777],[-98.13553,29.42815],[-98.13639,29.42901],[-98.13658,29.42975],[-98.13568,29.43195],[-98.13372,29.43268],[-98.13205,29.43265],[-98.13161,29.43352],[-98.13166,29.43471],[-98.13265,29.43521],[-98.13363,29.437],[-98.13465,29.43777],[-98.13524,29.43854],[-98.13515,29.43881],[-98.13443,29.4389],[-98.13264,29.4402],[-98.13272,29.44069],[-98.13303,29.44065],[-98.13394,29.44122],[-98.13417,29.44175],[-98.1329,29.44261],[-98.13134,29.44297],[-98.12957,29.44392],[-98.12913,29.44427],[-98.12868,29.44536],[-98.12519,29.4464],[-98.12325,29.44598],[-98.12255,29.44603],[-98.12228,29.4453],[-98.12267,29.44524],[-98.12207,29.44176],[-98.12523,29.44013],[-98.12215,29.43541],[-98.10714,29.44301],[-98.10686,29.44564],[-98.10508,29.4532],[-98.10361,29.45409],[-98.10274,29.45435],[-98.09837,29.4481],[-98.09774,29.44785],[-98.09683,29.44801],[-98.09637,29.44774],[-98.0931,29.44278],[-98.09252,29.44249],[-98.09136,29.44272],[-98.09081,29.44255],[-98.08924,29.44029],[-98.08864,29.43993],[-98.08804,29.44],[-98.0857,29.44117],[-98.08482,29.44107],[-98.08034,29.43442],[-98.07362,29.43768],[-98.07346,29.46552],[-98.07107,29.46604],[-98.07001,29.46653],[-98.06532,29.46721],[-98.06419,29.46791],[-98.06531,29.46621],[-98.06476,29.46493],[-98.06576,29.4646],[-98.06557,29.46406],[-98.06584,29.46332],[-98.06543,29.46283],[-98.06562,29.46227],[-98.06532,29.46175],[-98.06545,29.46099]]]}},{"type":"Feature","properties":{"PRECINCT":"hidalgo:10","COUNTY":"Hidalgo"},"geometry":{"type":"Polygon","coordinates":[[[-98.31215,26.21319],[-98.31027,26.21335],[-98.30997,26.21328],[-98.30994,26.21287],[-98.31228,26.19915],[-98.32838,26.20145],[-98.32742,26.20547],[-98.32585,26.21474],[-98.31215,26.21319]]]}},{"type":"Feature","properties":{"PRECINCT":"hidalgo:100","COUNTY":"Hidalgo"},"geometry":{"type":"Polygon","coordinates":[[[-98.39513,26.23975],[-98.38637,26.23835],[-98.38588,26.24091],[-98.38433,26.23903],[-98.38447,26.23823],[-98.38008,26.2376],[-98.37986,26.23877],[-98.37443,26.238],[-98.3739,26.24099],[-98.37291,26.24084],[-98.37348,26.23758],[-98.37099,26.23723],[-98.37094,26.2375],[-98.37016,26.23739],[-98.37021,26.23711],[-98.36919,26.23691],[-98.36177,26.23591],[-98.36111,26.23957],[-98.35713,26.23901],[-98.35873,26.22887],[-98.35753,26.2287],[-98.3577,26.22772],[-98.35728,26.22748],[-98.35739,26.22685],[-98.35524,26.22654],[-98.35537,26.22578],[-98.35653,26.22487],[-98.35945,26.22528],[-98.35913,26.2271],[-98.36309,26.22766],[-98.36347,26.22551],[-98.36467,26.22564],[-98.36586,26.21916],[-98.38539,26.22195],[-98.38501,26.22369],[-98.38216,26.22355],[-98.37703,26.22281],[-98.3759,26.22932],[-98.37862,26.22981],[-98.37867,26.22954],[-98.38108,26.22989],[-98.38093,26.23113],[-98.38294,26.23142],[-98.38274,26.23253],[-98.38545,26.2321],[-98.3863,26.22732],[-98.38719,26.22654],[-98.38823,26.22626],[-98.39266,26.22728],[-98.39352,26.22767],[-98.39565,26.21608],[-98.40221,26.21701],[-98.39821,26.24009],[-98.39564,26.23972],[-98.3953,26.24168],[-98.3948,26.2416],[-98.39513,26.23975]]]}},{"type":"Feature","properties":{"PRECINCT":"hidalgo:101","COUNTY":"Hidalgo"},"geometry":{"type":"Polygon","coordinates":[[[-98.26832,26.26611],[-98.27195,26.24468],[-98.27662,26.24525],[-98.29587,26.24789],[-98.29224,26.26944],[-98.26832,26.26611]]]}},{"type":"Feature","properties":{"PRECINCT":"hidalgo:102","COUNTY":"Hidalgo"},"geometry":{"type":"Polygon","coordinates":[[[-98.30827,26.21235],[-98.30197,26.21191],[-98.30433,26.19789],[-98.31232,26.19896],[-98.30997,26.21328],[-98.30827,26.21235]]]}},{"type":"Feature","properties":{"PRECINCT":"hidalgo:103","COUNTY":"Hidalgo"},"geometry":{"type":"Polygon","coordinates":[[[-98.29952,26.22637],[-98.30197,26.21191],[-98.30827,26.21235],[-98.31027,26.21335],[-98.31249,26.2132],[-98.32585,26.21474],[-98.32331,26.22967],[-98.29952,26.22637]]]}},{"type":"Feature","properties":{"PRECINCT":"hidalgo:104","COUNTY":"Hidalgo"},"geometry":{"type":"Polygon","coordinates":[[[-98.07195,26.37036],[-98.02765,26.36398],[-98.03565,26.31937],[-98.03608,26.3183],[-98.03732,26.31638],[-98.03777,26.31459],[-98.03773,26.29285],[-98.05304,26.29291],[-98.06884,26.29501],[-98.07936,26.29655],[-98.07932,26.29674],[-98.08061,26.29695],[-98.08065,26.29674],[-98.08689,26.29762],[-98.0895,26.29817],[-98.08439,26.32688],[-98.07985,26.32624],[-98.07195,26.37036]]]}},{"type":"Feature","properties":{"PRECINCT":"hidalgo:105","COUNTY":"Hidalgo"},"geometry":{"type":"Polygon","coordinates":[[[-98.18786,26.34172],[-98.1942,26.30596],[-98.22608,26.31052],[-98.22359,26.3248],[-98.21559,26.32356],[-98.21686,26.31641],[-98.20094,26.31412],[-98.20062,26.31592],[-98.20435,26.31646],[-98.20389,26.31907],[-98.20432,26.31914],[-98.20429,26.3193],[-98.20383,26.32189],[-98.19968,26.32129],[-98.19935,26.3231],[-98.20021,26.32322],[-98.20007,26.32402],[-98.1992,26.32391],[-98.19714,26.33565],[-98.19909,26.33593],[-98.1985,26.33951],[-98.20445,26.34039],[-98.20382,26.34403],[-98.18786,26.34172]]]}},{"type":"Feature","properties":{"PRECINCT":"hidalgo:106","COUNTY":"Hidalgo"},"geometry":{"type":"Polygon","coordinates":[[[-98.18179,26.28039],[-98.18701,26.24922],[-98.20811,26.25217],[-98.20562,26.26871],[-98.20268,26.28449],[-98.21591,26.28632],[-98.2146,26.29405],[-98.1808,26.28921],[-98.18176,26.28377],[-98.18179,26.28039]]]}},{"type":"Feature","properties":{"PRECINCT":"hidalgo:107","COUNTY":"Hidalgo"},"geometry":{"type":"Polygon","coordinates":[[[-98.16263,26.3004],[-98.165,26.28691],[-98.1808,26.28921],[-98.17826,26.3037],[-98.16356,26.30154],[-98.16375,26.30056],[-98.16263,26.3004]]]}},{"type":"Feature","properties":{"PRECINCT":"hidalgo:108","COUNTY":"Hidalgo"},"geometry":{"type":"Polygon","coordinates":[[[-98.12473,26.3067],[-98.12536,26.30336],[-98.12588,26.30344],[-98.12596,26.30314],[-98.13209,26.30406],[-98.13349,26.29727],[-98.16126,26.30122],[-98.16142,26.30022],[-98.16263,26.3004],[-98.15995,26.31562],[-98.13599,26.31215],[-98.13662,26.30858],[-98.12473,26.3067]]]}},{"type":"Feature","properties":{"PRECINCT":"hidalgo:109","COUNTY":"Hidalgo"},"geometry":{"type":"Polygon","coordinates":[[[-98.15995,26.31562],[-98.16263,26.3004],[-98.16375,26.30056],[-98.16356,26.30154],[-98.1942,26.30596],[-98.19171,26.32015],[-98.15995,26.31562]]]}},{"type":"Feature","properties":{"PRECINCT":"hidalgo:11","COUNTY":"Hidalgo"},"geometry":{"type":"Polygon","coordinates":[[[-98.46484,26.25819],[-98.4654,26.25502],[-98.46648,26.25518],[-98.46721,26.25052],[-98.47129,26.25106],[-98.47189,26.24752],[-98.46779,26.24701],[-98.46785,26.24645],[-98.47062,26.24683],[-98.47147,26.2417],[-98.46809,26.24126],[-98.46793,26.24073],[-98.46912,26.2406],[-98.4701,26.24021],[-98.47061,26.23945],[-98.47078,26.23903],[-98.47049,26.23747],[-98.47087,26.23669],[-98.46977,26.23652],[-98.46932,26.23521],[-98.46825,26.23466],[-98.46819,26.23411],[-98.46939,26.23358],[-98.47011,26.23282],[-98.47196,26.23266],[-98.47192,26.23243],[-98.4785,26.23191],[-98.48115,26.23232],[-98.48794,26.23521],[-98.48538,26.24886],[-98.48194,26.26948],[-98.46936,26.26749],[-98.47075,26.25897],[-98.46484,26.25819]]]}},{"type":"Feature","properties":{"PRECINCT":"hidalgo:115","COUNTY":"Hidalgo"},"geometry":{"type":"Polygon","coordinates":[[[-98.16346,26.21661],[-98.16679,26.19712],[-98.18327,26.19939],[-98.18199,26.20714],[-98.18044,26.21893],[-98.16346,26.21661]]]}},{"type":"Feature","properties":{"PRECINCT":"hidalgo:12","COUNTY":"Hidalgo"},"geometry":{"type":"Polygon","coordinates":[[[-98.29567,26.13813],[-98.29739,26.13625],[-98.29865,26.13432],[-98.30202,26.13311],[-98.30358,26.13296],[-98.30546,26.13322],[-98.30794,26.1343],[-98.31068,26.13638],[-98.30991,26.14087],[-98.29555,26.13882],[-98.29567,26.13813]]]}},{"type":"Feature","properties":{"PRECINCT":"hidalgo:122","COUNTY":"Hidalgo"},"geometry":{"type":"Polygon","coordinates":[[[-98.20184,26.08932],[-98.20193,26.08594],[-98.20266,26.08604],[-98.20269,26.08587],[-98.21822,26.08797],[-98.2182,26.08821],[-98.21938,26.08849],[-98.22248,26.08988],[-98.21639,26.12602],[-98.196,26.12325],[-98.20023,26.09901],[-98.20077,26.09454],[-98.20184,26.08932]]]}},{"type":"Feature","properties":{"PRECINCT":"hidalgo:124","COUNTY":"Hidalgo"},"geometry":{"type":"Polygon","coordinates":[[[-98.21586,26.23822],[-98.2141,26.23826],[-98.20665,26.23722],[-98.20787,26.23008],[-98.21626,26.23127],[-98.21616,26.23189],[-98.21841,26.2322],[-98.21856,26.2313],[-98.22076,26.2316],[-98.21951,26.23872],[-98.21586,26.23822]]]}},{"type":"Feature","properties":{"PRECINCT":"hidalgo:125","COUNTY":"Hidalgo"},"geometry":{"type":"Polygon","coordinates":[[[-98.30878,26.31708],[-98.31141,26.30149],[-98.33509,26.3047],[-98.32529,26.362],[-98.30784,26.35933],[-98.30832,26.35671],[-98.30201,26.35575],[-98.30801,26.31995],[-98.30878,26.31708]]]}},{"type":"Feature","properties":{"PRECINCT":"hidalgo:128","COUNTY":"Hidalgo"},"geometry":{"type":"Polygon","coordinates":[[[-98.34678,26.23625],[-98.35161,26.20848],[-98.36229,26.21121],[-98.36101,26.21852],[-98.36055,26.21967],[-98.35667,26.21868],[-98.35589,26.2233],[-98.35559,26.22366],[-98.3562,26.2247],[-98.35049,26.23092],[-98.35,26.23215],[-98.34927,26.23637],[-98.34901,26.23655],[-98.34678,26.23625]]]}},{"type":"Feature","properties":{"PRECINCT":"hidalgo:129","COUNTY":"Hidalgo"},"geometry":{"type":"Polygon","coordinates":[[[-98.24807,26.28661],[-98.24951,26.27826],[-98.25401,26.27885],[-98.25474,26.2753],[-98.2557,26.26439],[-98.25989,26.26496],[-98.25502,26.29372],[-98.25103,26.29316],[-98.2514,26.2909],[-98.25125,26.29015],[-98.24848,26.28772],[-98.24814,26.28714],[-98.24807,26.28661]]]}},{"type":"Feature","properties":{"PRECINCT":"hidalgo:13","COUNTY":"Hidalgo"},"geometry":{"type":"Polygon","coordinates":[[[-98.18078,26.28931],[-98.19672,26.29147],[-98.19547,26.29864],[-98.21337,26.30122],[-98.21212,26.30853],[-98.17826,26.3037],[-98.18078,26.28931]]]}},{"type":"Feature","properties":{"PRECINCT":"hidalgo:131","COUNTY":"Hidalgo"},"geometry":{"type":"Polygon","coordinates":[[[-98.49194,26.44536],[-98.39664,26.43241],[-98.39782,26.42493],[-98.39856,26.42093],[-98.39893,26.42038],[-98.40254,26.39984],[-98.40271,26.39849],[-98.40252,26.39793],[-98.40764,26.3695],[-98.40987,26.35956],[-98.43135,26.363],[-98.46448,26.36872],[-98.48425,26.25615],[-98.48766,26.25609],[-98.50266,26.25423],[-98.52529,26.26366],[-98.5302,26.26694],[-98.52643,26.2883],[-98.52633,26.28815],[-98.51802,26.34069],[-98.51826,26.34081],[-98.51742,26.34473],[-98.5288,26.34258],[-98.53107,26.34236],[-98.53272,26.3411],[-98.53381,26.34109],[-98.53399,26.3404],[-98.54247,26.33888],[-98.54344,26.33853],[-98.54546,26.33829],[-98.5003,26.42881],[-98.49381,26.44117],[-98.49194,26.44536]]]}},{"type":"Feature","properties":{"PRECINCT":"hidalgo:133","COUNTY":"Hidalgo"},"geometry":{"type":"Polygon","coordinates":[[[-98.36691,26.41826],[-98.3781,26.35495],[-98.40987,26.35956],[-98.40764,26.3695],[-98.40252,26.39793],[-98.40271,26.39849],[-98.40254,26.39984],[-98.39893,26.42038],[-98.39856,26.42093],[-98.39782,26.42493],[-98.39664,26.43241],[-98.3655,26.42807],[-98.36612,26.42398],[-98.36593,26.42395],[-98.36691,26.41826]]]}},{"type":"Feature","properties":{"PRECINCT":"hidalgo:134","COUNTY":"Hidalgo"},"geometry":{"type":"Polygon","coordinates":[[[-98.22929,26.24842],[-98.22247,26.24752],[-98.22386,26.23932],[-98.21951,26.23872],[-98.22076,26.2316],[-98.23394,26.23345],[-98.23137,26.24774],[-98.22945,26.24747],[-98.22929,26.24842]]]}},{"type":"Feature","properties":{"PRECINCT":"hidalgo:135","COUNTY":"Hidalgo"},"geometry":{"type":"Polygon","coordinates":[[[-98.2026,26.23324],[-98.20459,26.22229],[-98.21652,26.22393],[-98.21754,26.22379],[-98.21689,26.22736],[-98.2257,26.22862],[-98.22508,26.23222],[-98.21856,26.2313],[-98.21841,26.2322],[-98.21616,26.23189],[-98.21626,26.23127],[-98.20787,26.23008],[-98.20665,26.23722],[-98.20234,26.23662],[-98.2026,26.23324]]]}},{"type":"Feature","properties":{"PRECINCT":"hidalgo:136","COUNTY":"Hidalgo"},"geometry":{"type":"Polygon","coordinates":[[[-98.21689,26.22736],[-98.21969,26.21122],[-98.22848,26.21244],[-98.2257,26.22862],[-98.21689,26.22736]]]}},{"type":"Feature","properties":{"PRECINCT":"hidalgo:137","COUNTY":"Hidalgo"},"geometry":{"type":"Polygon","coordinates":[[[-98.1606,26.11715],[-98.16551,26.08965],[-98.12796,26.08436],[-98.12876,26.07904],[-98.12999,26.07427],[-98.13183,26.07417],[-98.13348,26.0735],[-98.13522,26.07215],[-98.13601,26.07102],[-98.1368,26.06862],[-98.13652,26.06516],[-98.13698,26.0617],[-98.14066,26.05497],[-98.14238,26.05283],[-98.14323,26.05108],[-98.14383,26.05038],[-98.14479,26.04961],[-98.14565,26.04932],[-98.14651,26.0493],[-98.14778,26.04964],[-98.14862,26.05046],[-98.14938,26.05151],[-98.14937,26.0558],[-98.14992,26.05674],[-98.15166,26.05821],[-98.15298,26.05832],[-98.15407,26.0579],[-98.15561,26.05665],[-98.15668,26.05498],[-98.15752,26.05442],[-98.15926,26.05374],[-98.1612,26.05417],[-98.16188,26.05454],[-98.1624,26.05534],[-98.16249,26.0561],[-98.1621,26.05709],[-98.15833,26.06058],[-98.15822,26.06159],[-98.15842,26.0627],[-98.15884,26.06331],[-98.15968,26.06402],[-98.16168,26.06424],[-98.16534,26.06253],[-98.16655,26.06236],[-98.16774,26.06253],[-98.16883,26.06299],[-98.16996,26.06543],[-98.17115,26.06946],[-98.17213,26.07114],[-98.1759,26.07492],[-98.1763,26.07507],[-98.17714,26.07512],[-98.17829,26.07478],[-98.17924,26.07405],[-98.18022,26.07162],[-98.18032,26.07053],[-98.18006,26.06818],[-98.18048,26.06667],[-98.1804,26.06579],[-98.17984,26.06473],[-98.17711,26.0634],[-98.17667,26.06286],[-98.17654,26.06162],[-98.17694,26.06066],[-98.17788,26.06002],[-98.17879,26.05984],[-98.17972,26.0601],[-98.18195,26.06252],[-98.18361,26.06366],[-98.18541,26.06426],[-98.18649,26.06429],[-98.18784,26.06401],[-98.18906,26.06326],[-98.18951,26.0624],[-98.19001,26.05809],[-98.19231,26.05345],[-98.19398,26.05332],[-98.19657,26.05414],[-98.19847,26.0554],[-98.20045,26.0588],[-98.20087,26.05916],[-98.20214,26.06231],[-98.2032,26.0641],[-98.20216,26.06877],[-98.20368,26.0688],[-98.20058,26.0859],[-98.19782,26.08558],[-98.19699,26.08526],[-98.19583,26.09168],[-98.18661,26.09038],[-98.18665,26.09072],[-98.18492,26.09045],[-98.17998,26.11946],[-98.16823,26.11822],[-98.1606,26.11715]]]}},{"type":"Feature","properties":{"PRECINCT":"hidalgo:138","COUNTY":"Hidalgo"},"geometry":{"type":"Polygon","coordinates":[[[-98.23774,26.21189],[-98.2389,26.20502],[-98.24513,26.20602],[-98.24513,26.20719],[-98.2442,26.21277],[-98.23774,26.21189]]]}},{"type":"Feature","properties":{"PRECINCT":"hidalgo:139","COUNTY":"Hidalgo"},"geometry":{"type":"Polygon","coordinates":[[[-98.22848,26.21244],[-98.23235,26.18957],[-98.23723,26.19028],[-98.2372,26.1905],[-98.23676,26.19044],[-98.23633,26.19233],[-98.23285,26.2135],[-98.23065,26.21319],[-98.23059,26.21278],[-98.22848,26.21244]]]}},{"type":"Feature","properties":{"PRECINCT":"hidalgo:14","COUNTY":"Hidalgo"},"geometry":{"type":"Polygon","coordinates":[[[-98.15469,26.30027],[-98.15661,26.28945],[-98.15601,26.28564],[-98.165,26.28691],[-98.16263,26.3004],[-98.16142,26.30022],[-98.16126,26.30122],[-98.15469,26.30027]]]}},{"type":"Feature","properties":{"PRECINCT":"hidalgo:141","COUNTY":"Hidalgo"},"geometry":{"type":"Polygon","coordinates":[[[-98.20023,26.22174],[-98.20459,26.22229],[-98.2026,26.23324],[-98.20234,26.23662],[-98.19782,26.23599],[-98.20023,26.22174]]]}},{"type":"Feature","properties":{"PRECINCT":"hidalgo:145","COUNTY":"Hidalgo"},"geometry":{"type":"Polygon","coordinates":[[[-98.43175,26.23976],[-98.41736,26.23112],[-98.41758,26.22971],[-98.41591,26.22906],[-98.41526,26.22792],[-98.41481,26.22763],[-98.41295,26.22779],[-98.41217,26.22739],[-98.41191,26.22782],[-98.40682,26.22483],[-98.40166,26.22422],[-98.40169,26.22402],[-98.401,26.22395],[-98.40569,26.19653],[-98.40276,26.19632],[-98.39866,26.19708],[-98.39552,26.19692],[-98.39402,26.19643],[-98.39181,26.19641],[-98.39302,26.189],[-98.3928,26.18802],[-98.39184,26.18776],[-98.38814,26.18593],[-98.38379,26.18526],[-98.37935,26.18513],[-98.37959,26.1839],[-98.37984,26.18369],[-98.38089,26.18384],[-98.38184,26.18363],[-98.38285,26.18112],[-98.38033,26.17942],[-98.38084,26.17597],[-98.38047,26.17055],[-98.38058,26.1695],[-98.38111,26.1688],[-98.38187,26.16839],[-98.38343,26.16831],[-98.38481,26.16752],[-98.38539,26.16639],[-98.38775,26.16462],[-98.3882,26.1636],[-98.38648,26.15833],[-98.38668,26.15797],[-98.38721,26.15832],[-98.38884,26.16046],[-98.39145,26.16586],[-98.39354,26.16802],[-98.39505,26.16912],[-98.39783,26.17062],[-98.40154,26.17165],[-98.40221,26.17217],[-98.40274,26.17326],[-98.40284,26.17488],[-98.40225,26.17952],[-98.40265,26.18076],[-98.40443,26.18256],[-98.40622,26.18323],[-98.4089,26.18361],[-98.41466,26.18379],[-98.41812,26.18465],[-98.42044,26.18673],[-98.42327,26.18998],[-98.42517,26.19153],[-98.42833,26.19349],[-98.43156,26.19507],[-98.43905,26.19747],[-98.44062,26.19837],[-98.44204,26.19875],[-98.44426,26.20117],[-98.44468,26.20278],[-98.4443,26.20467],[-98.44292,26.20687],[-98.44246,26.20699],[-98.44073,26.20873],[-98.4392,26.21092],[-98.43882,26.21202],[-98.43882,26.21422],[-98.44025,26.21944],[-98.44188,26.22191],[-98.44341,26.22365],[-98.44522,26.22457],[-98.44666,26.22439],[-98.4493,26.22331],[-98.44801,26.22746],[-98.44758,26.22794],[-98.44723,26.22758],[-98.44729,26.22695],[-98.44632,26.2263],[-98.44451,26.22605],[-98.44357,26.22619],[-98.4402,26.22492],[-98.43958,26.22593],[-98.43927,26.22577],[-98.43879,26.2267],[-98.44103,26.22752],[-98.44016,26.23223],[-98.43933,26.23215],[-98.43893,26.23119],[-98.43838,26.23416],[-98.43278,26.23345],[-98.43175,26.23976]]]}},{"type":"Feature","properties":{"PRECINCT":"hidalgo:146","COUNTY":"Hidalgo"},"geometry":{"type":"Polygon","coordinates":[[[-98.1881,26.14788],[-98.18929,26.1406],[-98.17671,26.13894],[-98.17973,26.12101],[-98.196,26.12325],[-98.19201,26.14721],[-98.19007,26.14718],[-98.1881,26.14788]]]}},{"type":"Feature","properties":{"PRECINCT":"hidalgo:147","COUNTY":"Hidalgo"},"geometry":{"type":"Polygon","coordinates":[[[-98.20491,26.16124],[-98.20396,26.1611],[-98.20337,26.16466],[-98.20132,26.16439],[-98.20191,26.16081],[-98.17363,26.1569],[-98.17671,26.13894],[-98.18929,26.1406],[-98.1881,26.14788],[-98.19007,26.14718],[-98.19279,26.14737],[-98.19493,26.14832],[-98.20397,26.15512],[-98.20483,26.15554],[-98.20595,26.15572],[-98.21126,26.15631],[-98.21,26.16377],[-98.20879,26.16361],[-98.20891,26.16228],[-98.20612,26.16077],[-98.20545,26.16498],[-98.20431,26.16481],[-98.20491,26.16124]]]}},{"type":"Feature","properties":{"PRECINCT":"hidalgo:148","COUNTY":"Hidalgo"},"geometry":{"type":"Polygon","coordinates":[[[-98.2015,26.21439],[-98.20318,26.20382],[-98.2116,26.20496],[-98.21006,26.21376],[-98.20612,26.2132],[-98.20581,26.21499],[-98.2015,26.21439]]]}},{"type":"Feature","properties":{"PRECINCT":"hidalgo:149","COUNTY":"Hidalgo"},"geometry":{"type":"Polygon","coordinates":[[[-98.24165,26.19042],[-98.23731,26.18981],[-98.23723,26.19028],[-98.23235,26.18957],[-98.23367,26.18194],[-98.2415,26.18305],[-98.24133,26.18385],[-98.24196,26.1854],[-98.24174,26.1907],[-98.24165,26.19042]]]}},{"type":"Feature","properties":{"PRECINCT":"hidalgo:15","COUNTY":"Hidalgo"},"geometry":{"type":"Polygon","coordinates":[[[-98.0134,26.29643],[-98.03778,26.29637],[-98.03777,26.31459],[-98.03732,26.31638],[-98.03608,26.3183],[-98.03565,26.31937],[-98.02636,26.37114],[-98.01441,26.3694],[-98.01575,26.36226],[-98.01171,26.36165],[-98.01683,26.33297],[-98.01419,26.33256],[-98.0134,26.29643]]]}},{"type":"Feature","properties":{"PRECINCT":"hidalgo:150","COUNTY":"Hidalgo"},"geometry":{"type":"Polygon","coordinates":[[[-98.20549,26.19027],[-98.20951,26.16674],[-98.21419,26.16728],[-98.21417,26.16742],[-98.21838,26.16803],[-98.21879,26.16604],[-98.22012,26.16702],[-98.22197,26.16771],[-98.22143,26.17084],[-98.21814,26.17038],[-98.21752,26.17394],[-98.22137,26.17445],[-98.22105,26.17649],[-98.21962,26.17626],[-98.21933,26.17788],[-98.22089,26.17815],[-98.22026,26.18042],[-98.22025,26.18239],[-98.21902,26.18889],[-98.21487,26.18831],[-98.21431,26.18869],[-98.21386,26.19132],[-98.20549,26.19027]]]}},{"type":"Feature","properties":{"PRECINCT":"hidalgo:151","COUNTY":"Hidalgo"},"geometry":{"type":"Polygon","coordinates":[[[-98.15643,26.25791],[-98.15857,26.24534],[-98.17327,26.24735],[-98.17227,26.25134],[-98.16972,26.25423],[-98.16388,26.2534],[-98.16314,26.25788],[-98.16115,26.2576],[-98.16099,26.25855],[-98.15643,26.25791]]]}},{"type":"Feature","properties":{"PRECINCT":"hidalgo:152","COUNTY":"Hidalgo"},"geometry":{"type":"Polygon","coordinates":[[[-98.15269,26.27974],[-98.15643,26.25791],[-98.16099,26.25855],[-98.16115,26.2576],[-98.16314,26.25788],[-98.16388,26.2534],[-98.16972,26.25423],[-98.17227,26.25134],[-98.17327,26.24735],[-98.17545,26.24768],[-98.1745,26.24962],[-98.17458,26.25095],[-98.1704,26.27519],[-98.16941,26.27748],[-98.16593,26.28267],[-98.165,26.28691],[-98.15601,26.28564],[-98.15521,26.28403],[-98.15279,26.28066],[-98.15269,26.27974]]]}},{"type":"Feature","properties":{"PRECINCT":"hidalgo:153","COUNTY":"Hidalgo"},"geometry":{"type":"Polygon","coordinates":[[[-97.97503,26.33913],[-97.97712,26.3272],[-98.01683,26.33297],[-98.01171,26.36165],[-98.01575,26.36226],[-98.01441,26.3694],[-98.00247,26.36765],[-98.00633,26.34615],[-97.97849,26.34214],[-97.97503,26.33913]]]}},{"type":"Feature","properties":{"PRECINCT":"hidalgo:154","COUNTY":"Hidalgo"},"geometry":{"type":"Polygon","coordinates":[[[-98.08439,26.32688],[-98.08958,26.29765],[-98.09064,26.29746],[-98.09202,26.29679],[-98.09492,26.29344],[-98.0965,26.29251],[-98.1009,26.29207],[-98.10869,26.29278],[-98.12544,26.29522],[-98.13088,26.29689],[-98.13087,26.29703],[-98.13346,26.29741],[-98.13209,26.30406],[-98.12643,26.30316],[-98.12596,26.30314],[-98.12588,26.30344],[-98.12536,26.30336],[-98.12469,26.30697],[-98.12574,26.30712],[-98.12478,26.30819],[-98.12458,26.30903],[-98.12473,26.30966],[-98.12575,26.31071],[-98.12656,26.3106],[-98.12727,26.31006],[-98.12817,26.31019],[-98.12801,26.31108],[-98.12645,26.31087],[-98.12587,26.31442],[-98.1234,26.31405],[-98.12278,26.31761],[-98.1188,26.31705],[-98.11628,26.33129],[-98.11254,26.33092],[-98.08439,26.32688]]]}},{"type":"Feature","properties":{"PRECINCT":"hidalgo:161","COUNTY":"Hidalgo"},"geometry":{"type":"Polygon","coordinates":[[[-98.24351,26.23753],[-98.24273,26.23749],[-98.24129,26.23846],[-98.24049,26.23838],[-98.24067,26.23729],[-98.24007,26.23721],[-98.24032,26.2357],[-98.24397,26.23617],[-98.24437,26.23348],[-98.26555,26.23639],[-98.26431,26.24354],[-98.24332,26.24071],[-98.2432,26.23934],[-98.24351,26.23753]]]}},{"type":"Feature","properties":{"PRECINCT":"hidalgo:162","COUNTY":"Hidalgo"},"geometry":{"type":"Polygon","coordinates":[[[-98.24332,26.24071],[-98.23938,26.24061],[-98.23998,26.23719],[-98.24067,26.23729],[-98.24049,26.23838],[-98.24119,26.23848],[-98.2428,26.23746],[-98.24349,26.23751],[-98.2432,26.23934],[-98.24332,26.24071]]]}},{"type":"Feature","properties":{"PRECINCT":"hidalgo:163","COUNTY":"Hidalgo"},"geometry":{"type":"Polygon","coordinates":[[[-98.24032,26.2357],[-98.2408,26.23297],[-98.24437,26.23348],[-98.24401,26.23614],[-98.24032,26.2357]]]}},{"type":"Feature","properties":{"PRECINCT":"hidalgo:164","COUNTY":"Hidalgo"},"geometry":{"type":"Polygon","coordinates":[[[-98.26939,26.20899],[-98.27787,26.20976],[-98.27319,26.23743],[-98.26555,26.23639],[-98.267,26.22753],[-98.26689,26.22369],[-98.26939,26.20899]]]}},{"type":"Feature","properties":{"PRECINCT":"hidalgo:165","COUNTY":"Hidalgo"},"geometry":{"type":"Polygon","coordinates":[[[-98.25867,26.32304],[-98.26345,26.29487],[-98.28736,26.29817],[-98.28257,26.32647],[-98.25867,26.32304]]]}},{"type":"Feature","properties":{"PRECINCT":"hidalgo:166","COUNTY":"Hidalgo"},"geometry":{"type":"Polygon","coordinates":[[[-98.25551,26.29062],[-98.25989,26.26496],[-98.26832,26.26611],[-98.26588,26.2805],[-98.26195,26.27994],[-98.25995,26.2907],[-98.2571,26.29032],[-98.25701,26.29087],[-98.25551,26.29062]]]}},{"type":"Feature","properties":{"PRECINCT":"hidalgo:167","COUNTY":"Hidalgo"},"geometry":{"type":"Polygon","coordinates":[[[-98.25867,26.32304],[-98.24761,26.32152],[-98.24686,26.31975],[-98.24677,26.31861],[-98.25103,26.29316],[-98.25502,26.29372],[-98.25551,26.29064],[-98.25701,26.29087],[-98.2571,26.29032],[-98.25995,26.2907],[-98.26195,26.27994],[-98.26588,26.2805],[-98.25867,26.32304]]]}},{"type":"Feature","properties":{"PRECINCT":"hidalgo:168","COUNTY":"Hidalgo"},"geometry":{"type":"Polygon","coordinates":[[[-98.22871,26.25109],[-98.22201,26.25014],[-98.22247,26.24752],[-98.22929,26.24842],[-98.22945,26.24747],[-98.23135,26.24766],[-98.23092,26.2491],[-98.23111,26.24921],[-98.22871,26.25109]]]}},{"type":"Feature","properties":{"PRECINCT":"hidalgo:170","COUNTY":"Hidalgo"},"geometry":{"type":"Polygon","coordinates":[[[-98.40099,26.22399],[-98.40682,26.22483],[-98.41307,26.22852],[-98.41123,26.23883],[-98.39872,26.23712],[-98.40099,26.22399]]]}},{"type":"Feature","properties":{"PRECINCT":"hidalgo:172","COUNTY":"Hidalgo"},"geometry":{"type":"Polygon","coordinates":[[[-98.06559,26.15821],[-98.07429,26.10706],[-98.07532,26.10204],[-98.07135,26.10148],[-98.07311,26.09157],[-98.07361,26.09168],[-98.07373,26.09151],[-98.07344,26.091],[-98.07692,26.07009],[-98.07673,26.06955],[-98.07536,26.06793],[-98.07532,26.06736],[-98.07554,26.06708],[-98.07607,26.06695],[-98.07654,26.06804],[-98.07774,26.0695],[-98.07909,26.07051],[-98.0819,26.07114],[-98.08469,26.07086],[-98.08539,26.07035],[-98.08585,26.06921],[-98.08571,26.06859],[-98.0852,26.06802],[-98.08225,26.06708],[-98.0814,26.06621],[-98.0811,26.06487],[-98.08188,26.06372],[-98.08309,26.06288],[-98.09104,26.05917],[-98.09302,26.05868],[-98.09443,26.05862],[-98.09617,26.0591],[-98.09849,26.06097],[-98.10282,26.06612],[-98.10381,26.06709],[-98.10448,26.06736],[-98.1055,26.06754],[-98.10692,26.06735],[-98.11114,26.06582],[-98.11429,26.06539],[-98.11322,26.0737],[-98.11179,26.08208],[-98.11096,26.08588],[-98.1024,26.13592],[-98.10201,26.13801],[-98.10158,26.13821],[-98.0998,26.14898],[-98.09664,26.15016],[-98.09609,26.14984],[-98.09617,26.14922],[-98.09522,26.14879],[-98.09267,26.14834],[-98.09243,26.1489],[-98.09208,26.14893],[-98.09202,26.14875],[-98.09237,26.14874],[-98.09243,26.14816],[-98.09171,26.14799],[-98.0918,26.1491],[-98.09231,26.14923],[-98.09314,26.1504],[-98.09392,26.15107],[-98.08786,26.15325],[-98.08753,26.15375],[-98.08721,26.15384],[-98.08366,26.15383],[-98.08264,26.15319],[-98.08142,26.15323],[-98.08029,26.15397],[-98.07914,26.15428],[-98.07849,26.15523],[-98.0743,26.1565],[-98.07363,26.15952],[-98.06559,26.15821]]]}},{"type":"Feature","properties":{"PRECINCT":"hidalgo:173","COUNTY":"Hidalgo"},"geometry":{"type":"Polygon","coordinates":[[[-98.08631,26.18425],[-98.08321,26.18345],[-98.08271,26.18284],[-98.08362,26.17628],[-98.07343,26.17438],[-98.074,26.17031],[-98.07599,26.17058],[-98.07629,26.16878],[-98.07431,26.16851],[-98.07481,26.16548],[-98.06922,26.16466],[-98.06983,26.16115],[-98.0734,26.16164],[-98.07372,26.15979],[-98.06988,26.15927],[-98.06994,26.15899],[-98.07,26.15882],[-98.07363,26.15952],[-98.0743,26.1565],[-98.07849,26.15523],[-98.07914,26.15428],[-98.08029,26.15397],[-98.08142,26.15323],[-98.08264,26.15319],[-98.08366,26.15383],[-98.08721,26.15384],[-98.08753,26.15375],[-98.08786,26.15325],[-98.09392,26.15107],[-98.09314,26.1504],[-98.09231,26.14923],[-98.0918,26.1491],[-98.09171,26.14799],[-98.09243,26.14816],[-98.09237,26.14874],[-98.09202,26.14875],[-98.09208,26.14893],[-98.09243,26.1489],[-98.09267,26.14834],[-98.09522,26.14879],[-98.09617,26.14922],[-98.09609,26.14984],[-98.09664,26.15016],[-98.0998,26.14898],[-98.10158,26.13821],[-98.10201,26.13801],[-98.09524,26.17753],[-98.09273,26.17715],[-98.09249,26.17851],[-98.09121,26.17826],[-98.09033,26.18325],[-98.08654,26.1827],[-98.08631,26.18425]]]}},{"type":"Feature","properties":{"PRECINCT":"hidalgo:176","COUNTY":"Hidalgo"},"geometry":{"type":"Polygon","coordinates":[[[-98.09258,26.17815],[-98.09273,26.17715],[-98.09524,26.17753],[-98.09804,26.16113],[-98.0975,26.16509],[-98.10604,26.16623],[-98.10548,26.1695],[-98.1091,26.17001],[-98.11034,26.16283],[-98.11446,26.16342],[-98.11131,26.18179],[-98.09501,26.17879],[-98.09505,26.17859],[-98.09258,26.17815]]]}},{"type":"Feature","properties":{"PRECINCT":"hidalgo:177","COUNTY":"Hidalgo"},"geometry":{"type":"Polygon","coordinates":[[[-98.12925,26.17279],[-98.13059,26.16566],[-98.13084,26.16569],[-98.1314,26.16289],[-98.13231,26.16306],[-98.13185,26.16582],[-98.13232,26.16589],[-98.13295,26.16228],[-98.13096,26.162],[-98.13652,26.12972],[-98.12862,26.12862],[-98.12459,26.15239],[-98.12382,26.15538],[-98.12374,26.15735],[-98.12326,26.15999],[-98.12165,26.15977],[-98.12183,26.15887],[-98.12128,26.15886],[-98.12144,26.15793],[-98.12206,26.15811],[-98.12224,26.15714],[-98.11965,26.15676],[-98.11844,26.16399],[-98.12285,26.16458],[-98.12218,26.16715],[-98.12222,26.16832],[-98.122,26.1684],[-98.12144,26.17172],[-98.11324,26.17058],[-98.12305,26.11314],[-98.14688,26.11648],[-98.13708,26.17389],[-98.12925,26.17279]]]}},{"type":"Feature","properties":{"PRECINCT":"hidalgo:178","COUNTY":"Hidalgo"},"geometry":{"type":"Polygon","coordinates":[[[-98.12305,26.11314],[-98.12796,26.08436],[-98.16551,26.08965],[-98.1606,26.11715],[-98.16823,26.11822],[-98.17998,26.11946],[-98.17973,26.12101],[-98.12305,26.11314]]]}},{"type":"Feature","properties":{"PRECINCT":"hidalgo:18","COUNTY":"Hidalgo"},"geometry":{"type":"Polygon","coordinates":[[[-98.00011,26.44818],[-98.00218,26.43385],[-98.02273,26.43682],[-98.02019,26.45118],[-98.00011,26.44818]]]}},{"type":"Feature","properties":{"PRECINCT":"hidalgo:180","COUNTY":"Hidalgo"},"geometry":{"type":"Polygon","coordinates":[[[-97.98832,26.44651],[-98.00247,26.36765],[-98.02636,26.37114],[-98.02354,26.38801],[-98.01666,26.42514],[-98.01613,26.42507],[-98.01607,26.42533],[-98.01661,26.42543],[-98.01477,26.43567],[-98.00218,26.43385],[-98.00011,26.44818],[-97.98832,26.44651]]]}},{"type":"Feature","properties":{"PRECINCT":"hidalgo:181","COUNTY":"Hidalgo"},"geometry":{"type":"Polygon","coordinates":[[[-98.09673,26.19646],[-98.0974,26.19277],[-98.10133,26.19331],[-98.10167,26.19135],[-98.10352,26.19158],[-98.10316,26.19356],[-98.10492,26.19381],[-98.10552,26.19123],[-98.09316,26.18947],[-98.09393,26.18496],[-98.10441,26.1864],[-98.10407,26.18842],[-98.11004,26.18919],[-98.10793,26.20154],[-98.09985,26.20043],[-98.10036,26.19687],[-98.09673,26.19646]]]}},{"type":"Feature","properties":{"PRECINCT":"hidalgo:182","COUNTY":"Hidalgo"},"geometry":{"type":"Polygon","coordinates":[[[-98.46448,26.36872],[-98.42208,26.36145],[-98.40434,26.35869],[-98.37811,26.35488],[-98.37058,26.35411],[-98.36536,26.35307],[-98.35011,26.35098],[-98.35517,26.32227],[-98.4698,26.33851],[-98.46448,26.36872]]]}},{"type":"Feature","properties":{"PRECINCT":"hidalgo:183","COUNTY":"Hidalgo"},"geometry":{"type":"Polygon","coordinates":[[[-98.3241,26.2738],[-98.32591,26.26298],[-98.33388,26.26423],[-98.33449,26.26054],[-98.34245,26.26163],[-98.33999,26.27599],[-98.3241,26.2738]]]}},{"type":"Feature","properties":{"PRECINCT":"hidalgo:184","COUNTY":"Hidalgo"},"geometry":{"type":"Polygon","coordinates":[[[-97.86192,26.43358],[-97.8619,26.34716],[-97.86617,26.3488],[-97.92296,26.35715],[-97.92072,26.36951],[-97.91871,26.37759],[-97.91259,26.40986],[-97.90874,26.43217],[-97.90827,26.43324],[-97.86192,26.43358]]]}},{"type":"Feature","properties":{"PRECINCT":"hidalgo:185","COUNTY":"Hidalgo"},"geometry":{"type":"Polygon","coordinates":[[[-98.36627,26.1876],[-98.37098,26.1572],[-98.37468,26.15757],[-98.38049,26.15682],[-98.38165,26.15683],[-98.38381,26.15696],[-98.38669,26.15787],[-98.38648,26.15833],[-98.38821,26.16352],[-98.38786,26.16444],[-98.38539,26.16639],[-98.38481,26.16752],[-98.38343,26.16831],[-98.38187,26.16839],[-98.38111,26.1688],[-98.38058,26.1695],[-98.38047,26.17055],[-98.38084,26.17597],[-98.38033,26.17942],[-98.38285,26.18112],[-98.38184,26.18363],[-98.37965,26.18383],[-98.3792,26.18607],[-98.37775,26.1844],[-98.37671,26.18207],[-98.37629,26.18163],[-98.3751,26.18885],[-98.36627,26.1876]]]}},{"type":"Feature","properties":{"PRECINCT":"hidalgo:187","COUNTY":"Hidalgo"},"geometry":{"type":"Polygon","coordinates":[[[-98.38108,26.22989],[-98.37867,26.22954],[-98.37862,26.22981],[-98.3759,26.22932],[-98.37703,26.22281],[-98.38216,26.22355],[-98.38501,26.22369],[-98.38539,26.22195],[-98.36586,26.21916],[-98.36467,26.22564],[-98.36347,26.22551],[-98.36309,26.22766],[-98.35913,26.2271],[-98.35945,26.22528],[-98.35653,26.22487],[-98.35537,26.22578],[-98.3562,26.2247],[-98.35559,26.22366],[-98.35589,26.2233],[-98.35667,26.21868],[-98.36055,26.21967],[-98.36098,26.21865],[-98.36446,26.19855],[-98.36667,26.19887],[-98.36602,26.20289],[-98.37165,26.20366],[-98.38102,26.20067],[-98.38154,26.19757],[-98.38242,26.19756],[-98.38282,26.19734],[-98.38342,26.19629],[-98.38659,26.19492],[-98.38704,26.19434],[-98.38787,26.19497],[-98.38544,26.20775],[-98.38971,26.20841],[-98.39059,26.20385],[-98.39206,26.20543],[-98.39409,26.20575],[-98.39484,26.20141],[-98.39816,26.20177],[-98.39895,26.19708],[-98.40276,26.19632],[-98.40569,26.19653],[-98.40221,26.21701],[-98.39565,26.21608],[-98.39352,26.22767],[-98.39266,26.22728],[-98.38823,26.22626],[-98.38719,26.22654],[-98.3863,26.22732],[-98.38545,26.2321],[-98.38274,26.23253],[-98.38294,26.23142],[-98.38093,26.23113],[-98.38108,26.22989]]]}},{"type":"Feature","properties":{"PRECINCT":"hidalgo:188","COUNTY":"Hidalgo"},"geometry":{"type":"Polygon","coordinates":[[[-98.28329,26.19527],[-98.28546,26.19534],[-98.30433,26.19789],[-98.30193,26.21213],[-98.27784,26.20992],[-98.28029,26.19561],[-98.28329,26.19527]]]}},{"type":"Feature","properties":{"PRECINCT":"hidalgo:19","COUNTY":"Hidalgo"},"geometry":{"type":"Polygon","coordinates":[[[-97.98549,26.78092],[-97.9853,26.61581],[-97.9574,26.61177],[-97.96442,26.56875],[-97.96809,26.56892],[-97.96866,26.5622],[-97.96824,26.56018],[-97.96876,26.55398],[-97.97007,26.55225],[-97.96884,26.55136],[-97.96391,26.5335],[-97.98926,26.53743],[-97.98905,26.5388],[-97.98932,26.5389],[-97.99145,26.53913],[-97.99212,26.53878],[-97.99292,26.53797],[-98.04059,26.54482],[-98.04859,26.50002],[-98.11872,26.55572],[-98.12028,26.55652],[-98.12261,26.557],[-98.12192,26.56109],[-98.12217,26.56111],[-98.12234,26.56252],[-98.12227,26.56465],[-98.12411,26.56516],[-98.12431,26.56629],[-98.13739,26.57632],[-98.13877,26.57797],[-98.14212,26.57836],[-98.14236,26.57738],[-98.14467,26.57581],[-98.14557,26.57479],[-98.1482,26.57338],[-98.14931,26.5737],[-98.14983,26.57372],[-98.15005,26.5735],[-98.15096,26.57379],[-98.16508,26.57598],[-98.17566,26.51636],[-98.19552,26.51922],[-98.19878,26.50132],[-98.19895,26.5003],[-98.19505,26.49972],[-98.19559,26.4962],[-98.19466,26.49593],[-98.19446,26.49561],[-98.19044,26.47995],[-98.18223,26.47972],[-98.19246,26.42255],[-98.19333,26.42127],[-98.19313,26.41995],[-98.19365,26.41589],[-98.24531,26.42358],[-98.23762,26.46666],[-98.26256,26.47031],[-98.2577,26.50029],[-98.27192,26.50238],[-98.27278,26.49742],[-98.28707,26.49947],[-98.28303,26.52439],[-98.29007,26.52543],[-98.28495,26.55492],[-98.28345,26.55862],[-98.2834,26.56076],[-98.28427,26.56218],[-98.28534,26.56251],[-98.30558,26.56596],[-98.29797,26.61207],[-98.29538,26.61751],[-98.29245,26.6253],[-98.27273,26.63096],[-98.27173,26.6309],[-98.26765,26.63216],[-98.26678,26.63223],[-98.26584,26.63301],[-98.26579,26.63335],[-98.24756,26.65454],[-98.24863,26.65821],[-98.24438,26.68392],[-98.26446,26.68019],[-98.26468,26.68001],[-98.26508,26.67762],[-98.29078,26.68107],[-98.28542,26.71347],[-98.28307,26.71871],[-98.25869,26.71689],[-98.25751,26.72714],[-98.25799,26.72772],[-98.2401,26.74519],[-98.24854,26.75289],[-98.24913,26.75319],[-98.24904,26.75388],[-98.24982,26.75622],[-98.24951,26.759],[-98.24879,26.76016],[-98.24867,26.76093],[-98.25064,26.76483],[-98.25097,26.76605],[-98.24568,26.76538],[-98.24379,26.78127],[-98.24438,26.78223],[-98.24527,26.78271],[-98.14705,26.78206],[-98.07775,26.7818],[-97.98549,26.78092]]]}},{"type":"Feature","properties":{"PRECINCT":"hidalgo:193","COUNTY":"Hidalgo"},"geometry":{"type":"Polygon","coordinates":[[[-98.27161,26.19591],[-98.27938,26.14988],[-98.29583,26.15217],[-98.29517,26.15603],[-98.28719,26.15509],[-98.28442,26.17114],[-98.28319,26.17708],[-98.28031,26.19579],[-98.27444,26.19626],[-98.27161,26.19591]]]}},{"type":"Feature","properties":{"PRECINCT":"hidalgo:194","COUNTY":"Hidalgo"},"geometry":{"type":"Polygon","coordinates":[[[-98.39566,26.25528],[-98.39872,26.23712],[-98.41123,26.23883],[-98.41307,26.22852],[-98.41189,26.22786],[-98.41217,26.22739],[-98.41295,26.22779],[-98.41426,26.22756],[-98.41526,26.22792],[-98.41591,26.22906],[-98.41758,26.22971],[-98.41597,26.23947],[-98.41966,26.23998],[-98.41853,26.24644],[-98.41738,26.24549],[-98.41666,26.24524],[-98.41373,26.24528],[-98.41252,26.24614],[-98.41122,26.24609],[-98.40783,26.24839],[-98.40747,26.25012],[-98.4068,26.25037],[-98.40649,26.25178],[-98.40514,26.25323],[-98.40416,26.25357],[-98.39951,26.25391],[-98.39566,26.25528]]]}},{"type":"Feature","properties":{"PRECINCT":"hidalgo:195","COUNTY":"Hidalgo"},"geometry":{"type":"Polygon","coordinates":[[[-98.39553,26.25529],[-98.39951,26.25391],[-98.40474,26.25345],[-98.40636,26.252],[-98.4068,26.25037],[-98.40747,26.25012],[-98.40783,26.24839],[-98.41122,26.24609],[-98.41252,26.24614],[-98.41373,26.24528],[-98.41678,26.24526],[-98.41738,26.24549],[-98.41853,26.24644],[-98.41761,26.25164],[-98.4282,26.25316],[-98.429,26.24835],[-98.43061,26.24838],[-98.43199,26.24925],[-98.42909,26.26394],[-98.42961,26.26401],[-98.42928,26.26568],[-98.43509,26.26659],[-98.43487,26.26786],[-98.43633,26.26808],[-98.43481,26.27731],[-98.44007,26.27808],[-98.43043,26.33297],[-98.40935,26.32998],[-98.41939,26.27259],[-98.39317,26.26886],[-98.39553,26.25529]]]}},{"type":"Feature","properties":{"PRECINCT":"hidalgo:197","COUNTY":"Hidalgo"},"geometry":{"type":"Polygon","coordinates":[[[-98.43043,26.33297],[-98.44007,26.27808],[-98.44563,26.27884],[-98.44722,26.26843],[-98.45097,26.27184],[-98.45574,26.27137],[-98.45487,26.2655],[-98.46661,26.26513],[-98.46764,26.25856],[-98.47075,26.25897],[-98.46936,26.26749],[-98.48194,26.26948],[-98.4698,26.33851],[-98.43043,26.33297]]]}},{"type":"Feature","properties":{"PRECINCT":"hidalgo:198","COUNTY":"Hidalgo"},"geometry":{"type":"Polygon","coordinates":[[[-98.44722,26.26843],[-98.45,26.25217],[-98.45875,26.25342],[-98.46052,26.24591],[-98.46093,26.24595],[-98.46215,26.24019],[-98.46429,26.24048],[-98.46458,26.24076],[-98.46538,26.24009],[-98.46594,26.24009],[-98.46609,26.23886],[-98.46676,26.23895],[-98.46722,26.23645],[-98.46762,26.2364],[-98.46769,26.23599],[-98.46741,26.23563],[-98.46783,26.23419],[-98.46849,26.23403],[-98.46816,26.23414],[-98.46816,26.23452],[-98.46918,26.23502],[-98.46977,26.23652],[-98.47087,26.23669],[-98.47049,26.23747],[-98.47078,26.23903],[-98.4701,26.24021],[-98.46912,26.2406],[-98.46793,26.24073],[-98.46809,26.24126],[-98.47147,26.2417],[-98.47062,26.24683],[-98.46785,26.24645],[-98.46779,26.24701],[-98.47189,26.24752],[-98.47129,26.25106],[-98.46721,26.25052],[-98.46648,26.25518],[-98.4654,26.25502],[-98.46484,26.25819],[-98.46764,26.25856],[-98.46661,26.26513],[-98.45487,26.2655],[-98.45574,26.27137],[-98.45189,26.27185],[-98.45097,26.27184],[-98.44722,26.26843]]]}},{"type":"Feature","properties":{"PRECINCT":"hidalgo:199","COUNTY":"Hidalgo"},"geometry":{"type":"Polygon","coordinates":[[[-98.20844,26.27735],[-98.21026,26.27611],[-98.22141,26.27749],[-98.22166,26.27734],[-98.22189,26.27589],[-98.22213,26.27569],[-98.22633,26.27624],[-98.22661,26.27608],[-98.22681,26.27492],[-98.24152,26.27716],[-98.23937,26.28964],[-98.20711,26.28512],[-98.20844,26.27735]]]}},{"type":"Feature","properties":{"PRECINCT":"hidalgo:20","COUNTY":"Hidalgo"},"geometry":{"type":"Polygon","coordinates":[[[-98.23981,26.14552],[-98.24056,26.14115],[-98.23878,26.14096],[-98.23788,26.14101],[-98.22679,26.14359],[-98.22737,26.14014],[-98.23207,26.13911],[-98.23582,26.11745],[-98.23619,26.11423],[-98.2381,26.10405],[-98.23973,26.09334],[-98.23994,26.09327],[-98.23986,26.09283],[-98.24138,26.09065],[-98.24342,26.08964],[-98.24506,26.08941],[-98.24706,26.08982],[-98.24857,26.09063],[-98.24524,26.11006],[-98.25482,26.11137],[-98.2511,26.13506],[-98.24894,26.14679],[-98.23981,26.14552]]]}},{"type":"Feature","properties":{"PRECINCT":"hidalgo:200","COUNTY":"Hidalgo"},"geometry":{"type":"Polygon","coordinates":[[[-98.24152,26.27716],[-98.22681,26.27492],[-98.22781,26.2693],[-98.23437,26.27023],[-98.23581,26.26165],[-98.24398,26.26279],[-98.24152,26.27716]]]}},{"type":"Feature","properties":{"PRECINCT":"hidalgo:201","COUNTY":"Hidalgo"},"geometry":{"type":"Polygon","coordinates":[[[-98.19547,26.29864],[-98.19672,26.29147],[-98.2146,26.29405],[-98.21337,26.30122],[-98.19547,26.29864]]]}},{"type":"Feature","properties":{"PRECINCT":"hidalgo:203","COUNTY":"Hidalgo"},"geometry":{"type":"Polygon","coordinates":[[[-98.28841,26.19573],[-98.29583,26.15217],[-98.31168,26.1543],[-98.30655,26.18484],[-98.30675,26.18462],[-98.30967,26.18552],[-98.31032,26.18503],[-98.30993,26.18736],[-98.30713,26.18697],[-98.30674,26.18726],[-98.30614,26.18718],[-98.30433,26.19789],[-98.28841,26.19573]]]}},{"type":"Feature","properties":{"PRECINCT":"hidalgo:204","COUNTY":"Hidalgo"},"geometry":{"type":"Polygon","coordinates":[[[-98.35234,26.20419],[-98.33475,26.20178],[-98.33441,26.20204],[-98.33159,26.20125],[-98.33049,26.20125],[-98.3286,26.20084],[-98.32849,26.20118],[-98.33037,26.18982],[-98.33222,26.18989],[-98.33615,26.18907],[-98.33779,26.18916],[-98.34236,26.19027],[-98.34861,26.19242],[-98.35202,26.19249],[-98.35368,26.19406],[-98.35394,26.19441],[-98.35234,26.20419]]]}},{"type":"Feature","properties":{"PRECINCT":"hidalgo:205","COUNTY":"Hidalgo"},"geometry":{"type":"Polygon","coordinates":[[[-98.31784,26.26195],[-98.32591,26.26298],[-98.3241,26.2738],[-98.31603,26.2727],[-98.31784,26.26195]]]}},{"type":"Feature","properties":{"PRECINCT":"hidalgo:206","COUNTY":"Hidalgo"},"geometry":{"type":"Polygon","coordinates":[[[-98.25103,26.29316],[-98.23823,26.29139],[-98.23857,26.28952],[-98.23937,26.28964],[-98.24152,26.27716],[-98.24951,26.27826],[-98.24808,26.28687],[-98.24848,26.28772],[-98.25125,26.29015],[-98.2514,26.2909],[-98.25103,26.29316]]]}},{"type":"Feature","properties":{"PRECINCT":"hidalgo:207","COUNTY":"Hidalgo"},"geometry":{"type":"Polygon","coordinates":[[[-98.24152,26.27716],[-98.24398,26.26279],[-98.2557,26.26439],[-98.25474,26.2753],[-98.25401,26.27885],[-98.24152,26.27716]]]}},{"type":"Feature","properties":{"PRECINCT":"hidalgo:209","COUNTY":"Hidalgo"},"geometry":{"type":"Polygon","coordinates":[[[-98.32304,26.4176],[-98.33286,26.36303],[-98.32529,26.362],[-98.33264,26.31906],[-98.3375,26.31974],[-98.33839,26.32053],[-98.33856,26.32137],[-98.33882,26.31993],[-98.34679,26.32107],[-98.34308,26.3422],[-98.34701,26.34285],[-98.34266,26.36643],[-98.33893,26.36584],[-98.3381,26.37065],[-98.34194,26.3712],[-98.34195,26.37187],[-98.34633,26.37239],[-98.34562,26.3763],[-98.34994,26.37691],[-98.34931,26.38067],[-98.3483,26.38123],[-98.34802,26.38165],[-98.3477,26.38431],[-98.3479,26.3845],[-98.35073,26.38497],[-98.35002,26.38951],[-98.36656,26.39168],[-98.36738,26.38714],[-98.37228,26.3879],[-98.36593,26.42395],[-98.32304,26.4176]]]}},{"type":"Feature","properties":{"PRECINCT":"hidalgo:210","COUNTY":"Hidalgo"},"geometry":{"type":"Polygon","coordinates":[[[-98.34489,26.24729],[-98.34678,26.23625],[-98.34901,26.23655],[-98.34927,26.23637],[-98.35015,26.23159],[-98.35155,26.22974],[-98.35211,26.22982],[-98.35178,26.23248],[-98.35072,26.23236],[-98.35055,26.2334],[-98.35397,26.23388],[-98.35145,26.24821],[-98.34489,26.24729]]]}},{"type":"Feature","properties":{"PRECINCT":"hidalgo:211","COUNTY":"Hidalgo"},"geometry":{"type":"Polygon","coordinates":[[[-98.27457,26.2964],[-98.27636,26.28564],[-98.27324,26.28521],[-98.27415,26.27982],[-98.27831,26.28039],[-98.27842,26.27979],[-98.2823,26.28032],[-98.2822,26.28091],[-98.28414,26.2812],[-98.28441,26.27939],[-98.28641,26.27965],[-98.28702,26.27606],[-98.29103,26.27661],[-98.28736,26.29817],[-98.27457,26.2964]]]}},{"type":"Feature","properties":{"PRECINCT":"hidalgo:212","COUNTY":"Hidalgo"},"geometry":{"type":"Polygon","coordinates":[[[-98.26345,26.29487],[-98.26832,26.26611],[-98.29224,26.26944],[-98.29103,26.27661],[-98.28702,26.27606],[-98.28641,26.27965],[-98.28441,26.27939],[-98.28414,26.2812],[-98.2822,26.28091],[-98.2823,26.28032],[-98.27842,26.27979],[-98.27831,26.28039],[-98.27415,26.27982],[-98.27324,26.28521],[-98.27636,26.28564],[-98.27457,26.2964],[-98.26345,26.29487]]]}},{"type":"Feature","properties":{"PRECINCT":"hidalgo:215","COUNTY":"Hidalgo"},"geometry":{"type":"Polygon","coordinates":[[[-98.284,26.19525],[-98.28029,26.19561],[-98.28319,26.17708],[-98.28442,26.17114],[-98.28719,26.15509],[-98.29517,26.15603],[-98.28841,26.19573],[-98.284,26.19525]]]}},{"type":"Feature","properties":{"PRECINCT":"hidalgo:216","COUNTY":"Hidalgo"},"geometry":{"type":"Polygon","coordinates":[[[-98.25086,26.22687],[-98.25004,26.2269],[-98.24191,26.22577],[-98.24307,26.21912],[-98.24586,26.21944],[-98.24868,26.21833],[-98.25003,26.21823],[-98.26488,26.22034],[-98.2673,26.22128],[-98.26686,26.22403],[-98.26702,26.22716],[-98.26676,26.22908],[-98.25086,26.22687]]]}},{"type":"Feature","properties":{"PRECINCT":"hidalgo:217","COUNTY":"Hidalgo"},"geometry":{"type":"Polygon","coordinates":[[[-98.33875,26.28335],[-98.34514,26.28409],[-98.33856,26.32137],[-98.33839,26.32053],[-98.3375,26.31974],[-98.33264,26.31906],[-98.33875,26.28335]]]}},{"type":"Feature","properties":{"PRECINCT":"hidalgo:218","COUNTY":"Hidalgo"},"geometry":{"type":"Polygon","coordinates":[[[-98.32713,26.25589],[-98.32895,26.24512],[-98.34489,26.24729],[-98.34245,26.26163],[-98.33449,26.26054],[-98.33509,26.257],[-98.32713,26.25589]]]}},{"type":"Feature","properties":{"PRECINCT":"hidalgo:219","COUNTY":"Hidalgo"},"geometry":{"type":"Polygon","coordinates":[[[-98.34247,26.2615],[-98.34489,26.24729],[-98.35145,26.24821],[-98.34894,26.26244],[-98.34247,26.2615]]]}},{"type":"Feature","properties":{"PRECINCT":"hidalgo:220","COUNTY":"Hidalgo"},"geometry":{"type":"Polygon","coordinates":[[[-98.31179,26.25007],[-98.29587,26.24789],[-98.29709,26.24074],[-98.32086,26.24396],[-98.31905,26.25476],[-98.31122,26.25367],[-98.31179,26.25007]]]}},{"type":"Feature","properties":{"PRECINCT":"hidalgo:221","COUNTY":"Hidalgo"},"geometry":{"type":"Polygon","coordinates":[[[-98.20382,26.34403],[-98.20445,26.34039],[-98.1985,26.33951],[-98.19909,26.33593],[-98.19714,26.33565],[-98.1992,26.32391],[-98.20007,26.32402],[-98.20021,26.32322],[-98.19935,26.3231],[-98.19968,26.32129],[-98.20383,26.32189],[-98.20429,26.3193],[-98.20432,26.31914],[-98.20389,26.31907],[-98.20435,26.31646],[-98.20062,26.31592],[-98.20094,26.31412],[-98.21686,26.31641],[-98.21559,26.32356],[-98.22359,26.3248],[-98.22608,26.31052],[-98.23472,26.31176],[-98.2334,26.31947],[-98.24091,26.32061],[-98.23856,26.32311],[-98.23839,26.32619],[-98.23768,26.32841],[-98.23799,26.33003],[-98.23779,26.33097],[-98.23849,26.33108],[-98.23784,26.33428],[-98.23601,26.33398],[-98.23419,26.33696],[-98.23379,26.3372],[-98.2327,26.3427],[-98.22873,26.34209],[-98.22778,26.34753],[-98.20382,26.34403]]]}},{"type":"Feature","properties":{"PRECINCT":"hidalgo:222","COUNTY":"Hidalgo"},"geometry":{"type":"Polygon","coordinates":[[[-98.2347,26.31186],[-98.24761,26.31358],[-98.24676,26.31909],[-98.24761,26.32152],[-98.2334,26.31947],[-98.2347,26.31186]]]}},{"type":"Feature","properties":{"PRECINCT":"hidalgo:223","COUNTY":"Hidalgo"},"geometry":{"type":"Polygon","coordinates":[[[-98.22778,26.34753],[-98.22873,26.34209],[-98.2327,26.3427],[-98.23379,26.3372],[-98.23419,26.33696],[-98.23601,26.33398],[-98.23784,26.33428],[-98.23849,26.33108],[-98.23779,26.33097],[-98.23799,26.33003],[-98.23768,26.32841],[-98.23839,26.32619],[-98.2385,26.3235],[-98.23889,26.32263],[-98.24091,26.32061],[-98.24761,26.32152],[-98.24817,26.32308],[-98.24817,26.32407],[-98.24373,26.34988],[-98.22778,26.34753]]]}},{"type":"Feature","properties":{"PRECINCT":"hidalgo:224","COUNTY":"Hidalgo"},"geometry":{"type":"Polygon","coordinates":[[[-98.20268,26.28449],[-98.20414,26.27715],[-98.20757,26.27762],[-98.20846,26.27723],[-98.20711,26.28512],[-98.20268,26.28449]]]}},{"type":"Feature","properties":{"PRECINCT":"hidalgo:226","COUNTY":"Hidalgo"},"geometry":{"type":"Polygon","coordinates":[[[-98.24903,26.08868],[-98.24881,26.08984],[-98.24807,26.09035],[-98.24706,26.08982],[-98.24506,26.08941],[-98.24342,26.08964],[-98.24138,26.09065],[-98.23986,26.09286],[-98.22754,26.09248],[-98.22822,26.08675],[-98.22561,26.08059],[-98.22028,26.07825],[-98.21862,26.08802],[-98.20269,26.08587],[-98.20266,26.08604],[-98.20193,26.08594],[-98.20516,26.06701],[-98.20496,26.06642],[-98.20688,26.06778],[-98.21139,26.06851],[-98.21279,26.06915],[-98.2144,26.07071],[-98.21521,26.07242],[-98.21683,26.07444],[-98.21887,26.07571],[-98.22122,26.07661],[-98.22483,26.07714],[-98.2301,26.07716],[-98.23147,26.07693],[-98.23527,26.07592],[-98.24008,26.07502],[-98.24368,26.07374],[-98.246,26.07236],[-98.24759,26.072],[-98.24874,26.07204],[-98.24995,26.07272],[-98.25096,26.07409],[-98.25154,26.07903],[-98.26083,26.08333],[-98.25863,26.09475],[-98.24903,26.08868]]]}},{"type":"Feature","properties":{"PRECINCT":"hidalgo:227","COUNTY":"Hidalgo"},"geometry":{"type":"Polygon","coordinates":[[[-98.19853,26.14919],[-98.19598,26.14914],[-98.19389,26.14779],[-98.19201,26.14721],[-98.196,26.12325],[-98.22088,26.12678],[-98.2209,26.12664],[-98.22951,26.1278],[-98.22679,26.14359],[-98.22513,26.14396],[-98.22149,26.14423],[-98.21791,26.14383],[-98.21098,26.14356],[-98.20949,26.14412],[-98.20329,26.14812],[-98.19953,26.14894],[-98.19904,26.14933],[-98.19853,26.14919]]]}},{"type":"Feature","properties":{"PRECINCT":"hidalgo:228","COUNTY":"Hidalgo"},"geometry":{"type":"Polygon","coordinates":[[[-98.22737,26.14014],[-98.22951,26.1278],[-98.21638,26.12608],[-98.22248,26.08988],[-98.21938,26.08849],[-98.2182,26.08821],[-98.21822,26.08797],[-98.21862,26.08802],[-98.22028,26.07825],[-98.22561,26.08059],[-98.22822,26.08675],[-98.22754,26.09248],[-98.23986,26.09283],[-98.23994,26.09327],[-98.23973,26.09334],[-98.2381,26.10405],[-98.23619,26.11423],[-98.23582,26.11745],[-98.23207,26.13911],[-98.22737,26.14014]]]}},{"type":"Feature","properties":{"PRECINCT":"hidalgo:229","COUNTY":"Hidalgo"},"geometry":{"type":"Polygon","coordinates":[[[-98.0975,26.16509],[-98.10459,26.12275],[-98.11322,26.0737],[-98.11429,26.06539],[-98.11976,26.06445],[-98.12272,26.06341],[-98.12457,26.06212],[-98.12584,26.06179],[-98.12687,26.06185],[-98.13037,26.06315],[-98.13116,26.06442],[-98.13116,26.0662],[-98.13056,26.06786],[-98.12896,26.07024],[-98.1284,26.07153],[-98.12859,26.0731],[-98.12933,26.07396],[-98.12999,26.07427],[-98.12876,26.07904],[-98.11446,26.16342],[-98.11034,26.16283],[-98.1091,26.17001],[-98.10548,26.1695],[-98.10604,26.16623],[-98.0975,26.16509]]]}},{"type":"Feature","properties":{"PRECINCT":"hidalgo:230","COUNTY":"Hidalgo"},"geometry":{"type":"Polygon","coordinates":[[[-98.24761,26.32152],[-98.26441,26.32384],[-98.25942,26.35207],[-98.24373,26.34988],[-98.24817,26.32407],[-98.24817,26.32308],[-98.24761,26.32152]]]}},{"type":"Feature","properties":{"PRECINCT":"hidalgo:231","COUNTY":"Hidalgo"},"geometry":{"type":"Polygon","coordinates":[[[-98.27008,26.20498],[-98.27161,26.19591],[-98.27519,26.19628],[-98.28031,26.19579],[-98.27787,26.20976],[-98.2694,26.20895],[-98.27006,26.20506],[-98.27027,26.205],[-98.27008,26.20498]]]}},{"type":"Feature","properties":{"PRECINCT":"hidalgo:233","COUNTY":"Hidalgo"},"geometry":{"type":"Polygon","coordinates":[[[-98.27919,26.151],[-98.24894,26.14679],[-98.2496,26.14279],[-98.25544,26.14357],[-98.258,26.12845],[-98.26588,26.12953],[-98.2681,26.13027],[-98.2825,26.13218],[-98.27919,26.151]]]}},{"type":"Feature","properties":{"PRECINCT":"hidalgo:234","COUNTY":"Hidalgo"},"geometry":{"type":"Polygon","coordinates":[[[-98.25544,26.14357],[-98.24973,26.14273],[-98.25482,26.11137],[-98.24524,26.11006],[-98.24857,26.09063],[-98.24807,26.09035],[-98.24881,26.08984],[-98.24891,26.08862],[-98.25863,26.09475],[-98.26083,26.08333],[-98.26317,26.08449],[-98.26451,26.08551],[-98.26539,26.08701],[-98.26589,26.08867],[-98.26591,26.08951],[-98.26675,26.09155],[-98.26839,26.09314],[-98.26981,26.09426],[-98.27314,26.09602],[-98.27496,26.09751],[-98.27722,26.0988],[-98.28429,26.10109],[-98.28621,26.1024],[-98.28759,26.10419],[-98.28825,26.10471],[-98.28853,26.10531],[-98.28821,26.10589],[-98.28655,26.10691],[-98.28119,26.10773],[-98.27885,26.1076],[-98.27448,26.10637],[-98.2713,26.10634],[-98.27018,26.10688],[-98.26994,26.1075],[-98.27113,26.10941],[-98.2719,26.11176],[-98.27183,26.113],[-98.27087,26.11473],[-98.26914,26.11596],[-98.26726,26.11624],[-98.26639,26.1167],[-98.26586,26.11734],[-98.26419,26.11718],[-98.26188,26.118],[-98.26099,26.11681],[-98.25971,26.11878],[-98.25832,26.12653],[-98.25816,26.12651],[-98.25544,26.14357]]]}},{"type":"Feature","properties":{"PRECINCT":"hidalgo:236","COUNTY":"Hidalgo"},"geometry":{"type":"Polygon","coordinates":[[[-98.27195,26.24468],[-98.27319,26.23743],[-98.29709,26.24074],[-98.29587,26.24789],[-98.27195,26.24468]]]}},{"type":"Feature","properties":{"PRECINCT":"hidalgo:239","COUNTY":"Hidalgo"},"geometry":{"type":"Polygon","coordinates":[[[-98.14212,26.57836],[-98.13877,26.57797],[-98.13739,26.57632],[-98.12431,26.56629],[-98.12411,26.56516],[-98.12235,26.56473],[-98.12234,26.56252],[-98.12217,26.56111],[-98.12193,26.56096],[-98.12929,26.52092],[-98.13448,26.49429],[-98.13442,26.49263],[-98.13317,26.48949],[-98.13292,26.48777],[-98.13489,26.47537],[-98.13472,26.47427],[-98.133,26.46978],[-98.13285,26.46832],[-98.13501,26.45431],[-98.13473,26.45279],[-98.13369,26.45087],[-98.13393,26.4509],[-98.13303,26.44891],[-98.13273,26.44788],[-98.13275,26.44654],[-98.13557,26.42968],[-98.13973,26.40782],[-98.13966,26.40396],[-98.13984,26.40256],[-98.14602,26.40346],[-98.14649,26.40072],[-98.153,26.4016],[-98.16132,26.35354],[-98.16843,26.35455],[-98.16986,26.34639],[-98.17724,26.34746],[-98.1773,26.34712],[-98.1787,26.34629],[-98.17922,26.34354],[-98.17801,26.34336],[-98.17858,26.34037],[-98.25812,26.35189],[-98.24531,26.42358],[-98.19365,26.41589],[-98.19313,26.41995],[-98.19333,26.42127],[-98.19246,26.42255],[-98.18223,26.47972],[-98.19044,26.47995],[-98.19446,26.49561],[-98.19466,26.49593],[-98.19559,26.4962],[-98.19505,26.49972],[-98.19895,26.5003],[-98.19552,26.51922],[-98.17566,26.51636],[-98.16508,26.57598],[-98.15096,26.57379],[-98.15005,26.5735],[-98.14983,26.57372],[-98.14931,26.5737],[-98.1482,26.57338],[-98.14557,26.57479],[-98.14467,26.57581],[-98.14236,26.57738],[-98.14212,26.57836]]]}},{"type":"Feature","properties":{"PRECINCT":"hidalgo:24","COUNTY":"Hidalgo"},"geometry":{"type":"Polygon","coordinates":[[[-98.24379,26.78127],[-98.24571,26.76537],[-98.25097,26.76605],[-98.25064,26.76483],[-98.24867,26.76093],[-98.24879,26.76016],[-98.24951,26.759],[-98.24983,26.75729],[-98.24977,26.75595],[-98.24904,26.75388],[-98.24916,26.75328],[-98.2401,26.74519],[-98.25799,26.72772],[-98.25751,26.72714],[-98.25869,26.71689],[-98.28307,26.71871],[-98.28542,26.71347],[-98.29078,26.68107],[-98.26508,26.67762],[-98.26468,26.68001],[-98.26446,26.68019],[-98.24438,26.68392],[-98.24863,26.65821],[-98.24756,26.65454],[-98.26579,26.63335],[-98.26584,26.63301],[-98.26678,26.63223],[-98.26765,26.63216],[-98.27173,26.6309],[-98.27273,26.63096],[-98.29245,26.6253],[-98.29538,26.61751],[-98.29797,26.61207],[-98.30558,26.56596],[-98.28534,26.56251],[-98.28427,26.56218],[-98.28346,26.56091],[-98.28343,26.55867],[-98.28495,26.55492],[-98.29007,26.52543],[-98.28303,26.52439],[-98.28707,26.49947],[-98.27278,26.49742],[-98.27192,26.50238],[-98.2577,26.50029],[-98.26256,26.47031],[-98.31111,26.47741],[-98.33407,26.48055],[-98.33427,26.48087],[-98.33114,26.49887],[-98.3346,26.49856],[-98.342,26.49574],[-98.3436,26.49537],[-98.35218,26.4958],[-98.35289,26.49159],[-98.36704,26.49351],[-98.36785,26.4931],[-98.36814,26.49245],[-98.37105,26.49285],[-98.37306,26.48133],[-98.40901,26.48631],[-98.40466,26.51178],[-98.38668,26.5093],[-98.38224,26.53519],[-98.38155,26.53629],[-98.38056,26.53702],[-98.37554,26.53882],[-98.37404,26.53994],[-98.3735,26.54107],[-98.37239,26.54803],[-98.43331,26.55689],[-98.39676,26.62534],[-98.32067,26.78308],[-98.24527,26.78271],[-98.24438,26.78223],[-98.24379,26.78127]]]}},{"type":"Feature","properties":{"PRECINCT":"hidalgo:240","COUNTY":"Hidalgo"},"geometry":{"type":"Polygon","coordinates":[[[-98.1787,26.22605],[-98.17975,26.21884],[-98.19186,26.22048],[-98.19196,26.21987],[-98.19549,26.22052],[-98.19535,26.22097],[-98.20026,26.22156],[-98.19902,26.22888],[-98.1787,26.22605]]]}},{"type":"Feature","properties":{"PRECINCT":"hidalgo:241","COUNTY":"Hidalgo"},"geometry":{"type":"Polygon","coordinates":[[[-98.32304,26.4176],[-98.26608,26.40936],[-98.2483,26.40653],[-98.25812,26.35189],[-98.30151,26.35838],[-98.30201,26.35575],[-98.30832,26.35671],[-98.30784,26.35933],[-98.33286,26.36303],[-98.32304,26.4176]]]}},{"type":"Feature","properties":{"PRECINCT":"hidalgo:243","COUNTY":"Hidalgo"},"geometry":{"type":"Polygon","coordinates":[[[-98.32713,26.25589],[-98.33509,26.257],[-98.33388,26.26423],[-98.32591,26.26298],[-98.32713,26.25589]]]}},{"type":"Feature","properties":{"PRECINCT":"hidalgo:244","COUNTY":"Hidalgo"},"geometry":{"type":"Polygon","coordinates":[[[-98.28257,26.32647],[-98.28736,26.29817],[-98.31141,26.30149],[-98.30878,26.31708],[-98.30801,26.31995],[-98.30201,26.35575],[-98.29927,26.35537],[-98.30321,26.33372],[-98.29438,26.33251],[-98.29506,26.32847],[-98.29468,26.32818],[-98.28257,26.32647]]]}},{"type":"Feature","properties":{"PRECINCT":"hidalgo:246","COUNTY":"Hidalgo"},"geometry":{"type":"Polygon","coordinates":[[[-98.20149,26.21444],[-98.20581,26.21499],[-98.20459,26.22229],[-98.20024,26.22168],[-98.20149,26.21444]]]}},{"type":"Feature","properties":{"PRECINCT":"hidalgo:247","COUNTY":"Hidalgo"},"geometry":{"type":"Polygon","coordinates":[[[-98.3082,26.27163],[-98.31002,26.26087],[-98.31785,26.2619],[-98.31603,26.2727],[-98.3082,26.27163]]]}},{"type":"Feature","properties":{"PRECINCT":"hidalgo:248","COUNTY":"Hidalgo"},"geometry":{"type":"Polygon","coordinates":[[[-98.31905,26.25476],[-98.32086,26.24396],[-98.32895,26.24512],[-98.32713,26.25589],[-98.31905,26.25476]]]}},{"type":"Feature","properties":{"PRECINCT":"hidalgo:25","COUNTY":"Hidalgo"},"geometry":{"type":"Polygon","coordinates":[[[-98.18643,26.18062],[-98.16997,26.17847],[-98.17363,26.1569],[-98.18999,26.15914],[-98.18643,26.18062]]]}},{"type":"Feature","properties":{"PRECINCT":"hidalgo:252","COUNTY":"Hidalgo"},"geometry":{"type":"Polygon","coordinates":[[[-98.21406,26.16612],[-98.20971,26.16552],[-98.21016,26.16287],[-98.21196,26.16397],[-98.21433,26.16461],[-98.21406,26.16612]]]}},{"type":"Feature","properties":{"PRECINCT":"hidalgo:254","COUNTY":"Hidalgo"},"geometry":{"type":"Polygon","coordinates":[[[-98.3729,26.31021],[-98.37926,26.31102],[-98.37668,26.32534],[-98.37039,26.32445],[-98.3729,26.31021]]]}},{"type":"Feature","properties":{"PRECINCT":"hidalgo:255","COUNTY":"Hidalgo"},"geometry":{"type":"Polygon","coordinates":[[[-98.10441,26.1864],[-98.09393,26.18496],[-98.09501,26.17879],[-98.11131,26.18179],[-98.11004,26.18919],[-98.10407,26.18842],[-98.10441,26.1864]]]}},{"type":"Feature","properties":{"PRECINCT":"hidalgo:256","COUNTY":"Hidalgo"},"geometry":{"type":"Polygon","coordinates":[[[-98.35002,26.38951],[-98.3507,26.38492],[-98.3479,26.3845],[-98.3477,26.38431],[-98.34802,26.38165],[-98.3483,26.38123],[-98.34931,26.38067],[-98.34994,26.37691],[-98.34562,26.3763],[-98.34633,26.37239],[-98.34195,26.37187],[-98.34194,26.3712],[-98.3381,26.37065],[-98.33893,26.36584],[-98.34266,26.36643],[-98.34701,26.34285],[-98.34308,26.3422],[-98.34679,26.32107],[-98.35517,26.32227],[-98.35011,26.35098],[-98.36536,26.35307],[-98.37058,26.35411],[-98.37811,26.35488],[-98.37228,26.3879],[-98.36738,26.38714],[-98.36656,26.39168],[-98.35002,26.38951]]]}},{"type":"Feature","properties":{"PRECINCT":"hidalgo:257","COUNTY":"Hidalgo"},"geometry":{"type":"Polygon","coordinates":[[[-98.52529,26.26366],[-98.50266,26.25423],[-98.48766,26.25609],[-98.48425,26.25615],[-98.48538,26.24886],[-98.48794,26.23521],[-98.48034,26.23212],[-98.4785,26.23191],[-98.47192,26.23243],[-98.47196,26.23266],[-98.47011,26.23282],[-98.46939,26.23358],[-98.46783,26.23419],[-98.46741,26.23563],[-98.46769,26.23599],[-98.46762,26.2364],[-98.46722,26.23645],[-98.46676,26.23895],[-98.46609,26.23886],[-98.46594,26.24009],[-98.46538,26.24009],[-98.46458,26.24076],[-98.46429,26.24048],[-98.46215,26.24019],[-98.46093,26.24595],[-98.4604,26.24587],[-98.46051,26.24559],[-98.45121,26.24432],[-98.45192,26.23995],[-98.45061,26.23972],[-98.45134,26.23496],[-98.45346,26.23502],[-98.45372,26.23187],[-98.45354,26.23064],[-98.45333,26.23028],[-98.45206,26.22953],[-98.44853,26.22853],[-98.44758,26.22794],[-98.44801,26.22746],[-98.4493,26.22331],[-98.45001,26.22302],[-98.45316,26.21972],[-98.45409,26.21718],[-98.45514,26.21718],[-98.45607,26.2176],[-98.45637,26.21842],[-98.45639,26.22134],[-98.45672,26.22288],[-98.4584,26.22532],[-98.45972,26.22596],[-98.46122,26.22612],[-98.46271,26.2258],[-98.46366,26.22527],[-98.46822,26.22159],[-98.47178,26.22019],[-98.47519,26.22031],[-98.47987,26.2201],[-98.48158,26.21938],[-98.48308,26.21755],[-98.48327,26.21644],[-98.48313,26.21531],[-98.4825,26.21351],[-98.47934,26.20994],[-98.47849,26.20829],[-98.47795,26.20397],[-98.47831,26.2024],[-98.47897,26.20178],[-98.47991,26.20136],[-98.48161,26.20128],[-98.48268,26.20154],[-98.48317,26.2027],[-98.4831,26.20358],[-98.48187,26.20548],[-98.48162,26.20647],[-98.4819,26.20823],[-98.48247,26.20963],[-98.48431,26.21171],[-98.4854,26.21237],[-98.48699,26.21292],[-98.49014,26.21318],[-98.49243,26.21292],[-98.49513,26.21213],[-98.50033,26.20975],[-98.50377,26.2088],[-98.50504,26.20879],[-98.50677,26.2094],[-98.50733,26.21017],[-98.5071,26.21167],[-98.50386,26.21745],[-98.50108,26.22135],[-98.50092,26.22221],[-98.50127,26.22292],[-98.50203,26.22334],[-98.50634,26.22414],[-98.50914,26.22583],[-98.51162,26.22699],[-98.51485,26.22722],[-98.51655,26.22671],[-98.51906,26.22494],[-98.52122,26.22304],[-98.52192,26.22157],[-98.52254,26.221],[-98.52341,26.22089],[-98.52428,26.22124],[-98.52537,26.22265],[-98.52672,26.22544],[-98.52644,26.22772],[-98.52596,26.22866],[-98.52179,26.23253],[-98.52153,26.23442],[-98.52181,26.23564],[-98.52305,26.23593],[-98.52446,26.23557],[-98.52543,26.23481],[-98.5269,26.23284],[-98.52764,26.23124],[-98.52984,26.22794],[-98.53159,26.22654],[-98.53408,26.2256],[-98.53524,26.22568],[-98.53711,26.22772],[-98.53741,26.22878],[-98.53068,26.26726],[-98.52529,26.26366]]]}},{"type":"Feature","properties":{"PRECINCT":"hidalgo:26","COUNTY":"Hidalgo"},"geometry":{"type":"Polygon","coordinates":[[[-98.23323,26.21126],[-98.2357,26.19669],[-98.2464,26.19818],[-98.24513,26.20602],[-98.2389,26.20502],[-98.23774,26.21189],[-98.23323,26.21126]]]}},{"type":"Feature","properties":{"PRECINCT":"hidalgo:27","COUNTY":"Hidalgo"},"geometry":{"type":"Polygon","coordinates":[[[-98.2357,26.19669],[-98.23676,26.19044],[-98.2372,26.1905],[-98.23724,26.19024],[-98.2413,26.19086],[-98.24322,26.19156],[-98.24742,26.19235],[-98.2464,26.19818],[-98.2357,26.19669]]]}},{"type":"Feature","properties":{"PRECINCT":"hidalgo:28","COUNTY":"Hidalgo"},"geometry":{"type":"Polygon","coordinates":[[[-98.32086,26.24396],[-98.32334,26.22967],[-98.34735,26.23295],[-98.34489,26.24729],[-98.32086,26.24396]]]}},{"type":"Feature","properties":{"PRECINCT":"hidalgo:29","COUNTY":"Hidalgo"},"geometry":{"type":"Polygon","coordinates":[[[-98.35161,26.20848],[-98.35603,26.18256],[-98.35795,26.16972],[-98.35916,26.17183],[-98.36065,26.17254],[-98.36192,26.17237],[-98.36293,26.17184],[-98.3649,26.16989],[-98.3666,26.16878],[-98.36713,26.16694],[-98.36686,26.16585],[-98.36541,26.16422],[-98.36493,26.16306],[-98.3647,26.16089],[-98.36503,26.15916],[-98.36724,26.15768],[-98.3686,26.15709],[-98.37098,26.1572],[-98.36825,26.17599],[-98.36627,26.1876],[-98.3751,26.18885],[-98.37629,26.18163],[-98.37671,26.18207],[-98.37775,26.1844],[-98.3792,26.18607],[-98.37935,26.18513],[-98.38379,26.18526],[-98.38891,26.18616],[-98.39184,26.18776],[-98.3928,26.18802],[-98.39298,26.18862],[-98.39173,26.19634],[-98.39425,26.19646],[-98.39552,26.19692],[-98.39895,26.19708],[-98.39816,26.20177],[-98.39484,26.20141],[-98.39409,26.20575],[-98.39206,26.20543],[-98.39059,26.20385],[-98.38971,26.20841],[-98.38544,26.20775],[-98.38787,26.19497],[-98.38704,26.19434],[-98.38659,26.19492],[-98.38342,26.19629],[-98.38282,26.19734],[-98.38242,26.19756],[-98.38154,26.19757],[-98.38102,26.20067],[-98.37165,26.20366],[-98.36602,26.20289],[-98.36667,26.19887],[-98.36446,26.19855],[-98.36229,26.21121],[-98.35161,26.20848]]]}},{"type":"Feature","properties":{"PRECINCT":"hidalgo:30","COUNTY":"Hidalgo"},"geometry":{"type":"Polygon","coordinates":[[[-98.15677,26.33356],[-98.15995,26.31562],[-98.19171,26.32015],[-98.18786,26.34172],[-98.15588,26.33709],[-98.15677,26.33356]]]}},{"type":"Feature","properties":{"PRECINCT":"hidalgo:31","COUNTY":"Hidalgo"},"geometry":{"type":"Polygon","coordinates":[[[-98.15588,26.33709],[-98.11266,26.33093],[-98.11628,26.33129],[-98.1188,26.31705],[-98.12278,26.31761],[-98.1234,26.31405],[-98.12587,26.31442],[-98.12645,26.31087],[-98.12801,26.31108],[-98.12817,26.31019],[-98.12727,26.31006],[-98.12614,26.31076],[-98.12556,26.31068],[-98.12499,26.31005],[-98.12458,26.30903],[-98.12478,26.30819],[-98.12574,26.30712],[-98.12469,26.30697],[-98.12473,26.3067],[-98.13662,26.30858],[-98.13599,26.31215],[-98.15995,26.31562],[-98.15677,26.33356],[-98.15588,26.33709]]]}},{"type":"Feature","properties":{"PRECINCT":"hidalgo:33","COUNTY":"Hidalgo"},"geometry":{"type":"Polygon","coordinates":[[[-97.90831,26.43483],[-97.90851,26.43324],[-97.90827,26.43324],[-97.90874,26.43217],[-97.91048,26.42282],[-97.91259,26.40986],[-97.91871,26.37759],[-97.92072,26.36951],[-97.92295,26.3572],[-97.93068,26.35835],[-97.93216,26.35007],[-97.93395,26.34253],[-97.937,26.32134],[-97.97712,26.3272],[-97.97502,26.33908],[-97.97627,26.34038],[-97.97849,26.34214],[-98.00633,26.34615],[-97.98832,26.44651],[-97.93484,26.43871],[-97.92602,26.43747],[-97.92445,26.43741],[-97.90831,26.43483]]]}},{"type":"Feature","properties":{"PRECINCT":"hidalgo:34","COUNTY":"Hidalgo"},"geometry":{"type":"Polygon","coordinates":[[[-98.21675,26.22394],[-98.20459,26.22229],[-98.20581,26.21499],[-98.21875,26.21677],[-98.21754,26.22379],[-98.21675,26.22394]]]}},{"type":"Feature","properties":{"PRECINCT":"hidalgo:35","COUNTY":"Hidalgo"},"geometry":{"type":"Polygon","coordinates":[[[-98.19617,26.20642],[-98.19474,26.20694],[-98.19378,26.20534],[-98.19451,26.20464],[-98.19514,26.20102],[-98.19318,26.20076],[-98.19322,26.20053],[-98.19241,26.20042],[-98.19121,26.20026],[-98.19117,26.20047],[-98.18327,26.19939],[-98.18643,26.18062],[-98.2067,26.18345],[-98.20374,26.20043],[-98.20876,26.20121],[-98.20856,26.20283],[-98.20806,26.20277],[-98.20789,26.20445],[-98.20318,26.20382],[-98.20267,26.20734],[-98.19617,26.20642]]]}},{"type":"Feature","properties":{"PRECINCT":"hidalgo:37","COUNTY":"Hidalgo"},"geometry":{"type":"Polygon","coordinates":[[[-98.2359,26.22637],[-98.22643,26.22504],[-98.22615,26.22593],[-98.22756,26.21778],[-98.23472,26.2188],[-98.23655,26.21821],[-98.24307,26.21912],[-98.24158,26.22772],[-98.23581,26.22691],[-98.2359,26.22637]]]}},{"type":"Feature","properties":{"PRECINCT":"hidalgo:38","COUNTY":"Hidalgo"},"geometry":{"type":"Polygon","coordinates":[[[-98.27561,26.22306],[-98.27784,26.20992],[-98.30193,26.21213],[-98.29952,26.22637],[-98.27561,26.22306]]]}},{"type":"Feature","properties":{"PRECINCT":"hidalgo:47","COUNTY":"Hidalgo"},"geometry":{"type":"Polygon","coordinates":[[[-98.2694,26.20895],[-98.25266,26.20743],[-98.24513,26.20602],[-98.24742,26.19235],[-98.27161,26.19591],[-98.27008,26.20494],[-98.27027,26.205],[-98.27006,26.20506],[-98.2694,26.20895]]]}},{"type":"Feature","properties":{"PRECINCT":"hidalgo:48","COUNTY":"Hidalgo"},"geometry":{"type":"Polygon","coordinates":[[[-98.2414,26.19089],[-98.23724,26.19024],[-98.23731,26.18981],[-98.24165,26.19042],[-98.24174,26.1907],[-98.24196,26.1854],[-98.24133,26.18385],[-98.2415,26.18305],[-98.23367,26.18194],[-98.23497,26.17475],[-98.23329,26.17455],[-98.2311,26.17147],[-98.2302,26.16949],[-98.22984,26.16668],[-98.23026,26.16366],[-98.23131,26.16136],[-98.23236,26.15993],[-98.23639,26.15617],[-98.23825,26.15344],[-98.23896,26.15142],[-98.23981,26.14552],[-98.25479,26.14761],[-98.25106,26.17058],[-98.25794,26.17158],[-98.26035,26.17365],[-98.27516,26.17572],[-98.27161,26.19591],[-98.24724,26.19233],[-98.24322,26.19156],[-98.2414,26.19089]]]}},{"type":"Feature","properties":{"PRECINCT":"hidalgo:49","COUNTY":"Hidalgo"},"geometry":{"type":"Polygon","coordinates":[[[-98.24962,26.21822],[-98.24848,26.21839],[-98.24586,26.21944],[-98.24307,26.21912],[-98.24513,26.20719],[-98.24513,26.20602],[-98.25266,26.20743],[-98.2694,26.20895],[-98.2673,26.22128],[-98.26488,26.22034],[-98.24962,26.21822]]]}},{"type":"Feature","properties":{"PRECINCT":"hidalgo:5","COUNTY":"Hidalgo"},"geometry":{"type":"Polygon","coordinates":[[[-98.196,26.12325],[-98.17973,26.12101],[-98.18492,26.09045],[-98.18665,26.09072],[-98.18661,26.09038],[-98.19583,26.09168],[-98.19699,26.08526],[-98.19782,26.08558],[-98.20058,26.0859],[-98.20368,26.0688],[-98.20216,26.06877],[-98.2032,26.0641],[-98.20496,26.06642],[-98.20516,26.06701],[-98.20192,26.08599],[-98.20184,26.08932],[-98.20077,26.09454],[-98.20023,26.09901],[-98.196,26.12325]]]}},{"type":"Feature","properties":{"PRECINCT":"hidalgo:50","COUNTY":"Hidalgo"},"geometry":{"type":"Polygon","coordinates":[[[-98.42928,26.26568],[-98.42961,26.26401],[-98.42909,26.26394],[-98.43199,26.24925],[-98.43061,26.24838],[-98.429,26.24835],[-98.4282,26.25316],[-98.41761,26.25164],[-98.41966,26.23998],[-98.41597,26.23947],[-98.41736,26.23112],[-98.43175,26.23976],[-98.43278,26.23345],[-98.43838,26.23416],[-98.43893,26.23119],[-98.43933,26.23215],[-98.44016,26.23223],[-98.44103,26.22752],[-98.43879,26.2267],[-98.43927,26.22577],[-98.43958,26.22593],[-98.4402,26.22492],[-98.44357,26.22619],[-98.44451,26.22605],[-98.44632,26.2263],[-98.44729,26.22695],[-98.44723,26.22758],[-98.44791,26.22822],[-98.45206,26.22953],[-98.45333,26.23028],[-98.45354,26.23064],[-98.45372,26.23187],[-98.45346,26.23502],[-98.45134,26.23496],[-98.45061,26.23972],[-98.45192,26.23995],[-98.45121,26.24432],[-98.46051,26.24559],[-98.45875,26.25342],[-98.45,26.25217],[-98.44907,26.25817],[-98.44767,26.26499],[-98.44563,26.27884],[-98.43481,26.27731],[-98.43633,26.26808],[-98.43487,26.26786],[-98.43509,26.26659],[-98.42928,26.26568]]]}},{"type":"Feature","properties":{"PRECINCT":"hidalgo:51","COUNTY":"Hidalgo"},"geometry":{"type":"Polygon","coordinates":[[[-98.54952,26.29375],[-98.5567,26.25514],[-98.5645,26.25611],[-98.57158,26.2586],[-98.57379,26.25963],[-98.57584,26.24858],[-98.5744,26.24836],[-98.57535,26.24359],[-98.57797,26.24655],[-98.57735,26.25042],[-98.57576,26.25029],[-98.574,26.25983],[-98.57382,26.25978],[-98.5827,26.26538],[-98.56885,26.29242],[-98.56138,26.29127],[-98.5606,26.29544],[-98.54952,26.29375]]]}},{"type":"Feature","properties":{"PRECINCT":"hidalgo:52","COUNTY":"Hidalgo"},"geometry":{"type":"Polygon","coordinates":[[[-98.1808,26.28921],[-98.165,26.28691],[-98.16593,26.28267],[-98.16941,26.27748],[-98.17059,26.27449],[-98.17458,26.25095],[-98.1745,26.24962],[-98.1756,26.24766],[-98.18701,26.24922],[-98.18186,26.27989],[-98.18176,26.28377],[-98.1808,26.28921]]]}},{"type":"Feature","properties":{"PRECINCT":"hidalgo:54","COUNTY":"Hidalgo"},"geometry":{"type":"Polygon","coordinates":[[[-98.21212,26.30853],[-98.21591,26.28632],[-98.23857,26.28952],[-98.23472,26.31176],[-98.21212,26.30853]]]}},{"type":"Feature","properties":{"PRECINCT":"hidalgo:6","COUNTY":"Hidalgo"},"geometry":{"type":"Polygon","coordinates":[[[-98.18643,26.18062],[-98.18999,26.15914],[-98.20191,26.16081],[-98.20132,26.16439],[-98.20337,26.16466],[-98.20396,26.1611],[-98.20491,26.16124],[-98.20444,26.16484],[-98.20545,26.16498],[-98.20612,26.16077],[-98.20891,26.16228],[-98.2087,26.16353],[-98.21,26.16377],[-98.2067,26.18345],[-98.18643,26.18062]]]}},{"type":"Feature","properties":{"PRECINCT":"hidalgo:61","COUNTY":"Hidalgo"},"geometry":{"type":"Polygon","coordinates":[[[-98.20026,26.22156],[-98.19535,26.22097],[-98.19549,26.22052],[-98.19196,26.21987],[-98.19186,26.22048],[-98.18044,26.21893],[-98.18199,26.20714],[-98.18327,26.19939],[-98.19117,26.20047],[-98.19121,26.20026],[-98.19241,26.20042],[-98.19322,26.20053],[-98.19318,26.20076],[-98.19514,26.20102],[-98.19451,26.20464],[-98.19378,26.20534],[-98.19474,26.20694],[-98.19597,26.2064],[-98.20267,26.20734],[-98.20026,26.22156]]]}},{"type":"Feature","properties":{"PRECINCT":"hidalgo:62","COUNTY":"Hidalgo"},"geometry":{"type":"Polygon","coordinates":[[[-98.21301,26.25257],[-98.21192,26.25269],[-98.20418,26.25163],[-98.20665,26.23722],[-98.22386,26.23932],[-98.2214,26.25373],[-98.21301,26.25257]]]}},{"type":"Feature","properties":{"PRECINCT":"hidalgo:63","COUNTY":"Hidalgo"},"geometry":{"type":"Polygon","coordinates":[[[-98.32838,26.20145],[-98.30433,26.19789],[-98.30614,26.18718],[-98.30674,26.18726],[-98.30713,26.18697],[-98.30993,26.18736],[-98.31032,26.18503],[-98.30967,26.18552],[-98.30675,26.18462],[-98.30655,26.18484],[-98.31164,26.15457],[-98.32289,26.15614],[-98.32534,26.15668],[-98.32807,26.16077],[-98.32795,26.16136],[-98.32954,26.16304],[-98.33353,26.16945],[-98.33362,26.17039],[-98.32849,26.20118],[-98.32838,26.20145]]]}},{"type":"Feature","properties":{"PRECINCT":"hidalgo:64","COUNTY":"Hidalgo"},"geometry":{"type":"Polygon","coordinates":[[[-98.37943,26.26693],[-98.38138,26.25581],[-98.38238,26.25629],[-98.38337,26.25627],[-98.38666,26.25483],[-98.39016,26.25517],[-98.39335,26.25465],[-98.39554,26.25525],[-98.39317,26.26886],[-98.41939,26.27259],[-98.40935,26.32998],[-98.37668,26.32534],[-98.37926,26.31102],[-98.37292,26.31011],[-98.38041,26.26706],[-98.37943,26.26693]]]}},{"type":"Feature","properties":{"PRECINCT":"hidalgo:65","COUNTY":"Hidalgo"},"geometry":{"type":"Polygon","coordinates":[[[-98.23938,26.24061],[-98.24428,26.2408],[-98.26431,26.24354],[-98.26406,26.24474],[-98.26296,26.24709],[-98.26237,26.25062],[-98.23825,26.2473],[-98.23938,26.24061]]]}},{"type":"Feature","properties":{"PRECINCT":"hidalgo:66","COUNTY":"Hidalgo"},"geometry":{"type":"Polygon","coordinates":[[[-98.23667,26.21822],[-98.23472,26.2188],[-98.22756,26.21778],[-98.22848,26.21244],[-98.23059,26.21278],[-98.23065,26.21319],[-98.23285,26.2135],[-98.23323,26.21126],[-98.2442,26.21277],[-98.24307,26.21912],[-98.23667,26.21822]]]}},{"type":"Feature","properties":{"PRECINCT":"hidalgo:67","COUNTY":"Hidalgo"},"geometry":{"type":"Polygon","coordinates":[[[-98.23281,26.24052],[-98.23394,26.23345],[-98.22508,26.23222],[-98.22643,26.22504],[-98.2359,26.22637],[-98.23581,26.22691],[-98.24158,26.22772],[-98.23938,26.24061],[-98.23525,26.24075],[-98.23281,26.24052]]]}},{"type":"Feature","properties":{"PRECINCT":"hidalgo:68","COUNTY":"Hidalgo"},"geometry":{"type":"Polygon","coordinates":[[[-98.13321,26.45081],[-98.13308,26.45059],[-98.13315,26.4508],[-98.11877,26.44891],[-98.11973,26.44329],[-98.11463,26.43707],[-98.1158,26.43635],[-98.11299,26.43276],[-98.11559,26.43107],[-98.12081,26.43738],[-98.13325,26.43898],[-98.13609,26.42224],[-98.13247,26.42169],[-98.13284,26.41909],[-98.13653,26.41958],[-98.13664,26.41889],[-98.13412,26.41853],[-98.13412,26.41799],[-98.1345,26.41628],[-98.13498,26.41636],[-98.13469,26.41807],[-98.13672,26.41837],[-98.13829,26.41096],[-98.139,26.40633],[-98.139,26.40526],[-98.13866,26.4053],[-98.13871,26.40243],[-98.13991,26.39681],[-98.13736,26.39643],[-98.13933,26.38501],[-98.13067,26.3838],[-98.13008,26.38723],[-98.1331,26.38823],[-98.13231,26.3928],[-98.13485,26.39316],[-98.13387,26.39878],[-98.12764,26.39796],[-98.12703,26.40071],[-98.12568,26.40048],[-98.12611,26.39803],[-98.12185,26.39751],[-98.12139,26.40066],[-98.11383,26.39962],[-98.11393,26.39155],[-98.10507,26.39021],[-98.10602,26.38511],[-98.114,26.3861],[-98.11427,26.3849],[-98.12509,26.38558],[-98.12916,26.38692],[-98.12972,26.38366],[-98.13009,26.38371],[-98.12991,26.38477],[-98.13026,26.38481],[-98.13047,26.38358],[-98.13719,26.38459],[-98.13743,26.38298],[-98.13769,26.38302],[-98.13786,26.38204],[-98.1377,26.38151],[-98.13819,26.38138],[-98.13844,26.38019],[-98.13971,26.38041],[-98.13979,26.3807],[-98.13906,26.3848],[-98.13936,26.38482],[-98.14217,26.36909],[-98.13913,26.36867],[-98.13985,26.36474],[-98.13393,26.36391],[-98.13529,26.35601],[-98.11827,26.35362],[-98.11839,26.35287],[-98.11953,26.35303],[-98.12016,26.34936],[-98.11615,26.34882],[-98.11782,26.33913],[-98.11138,26.3382],[-98.11266,26.33093],[-98.17858,26.34037],[-98.17801,26.34336],[-98.17922,26.34354],[-98.1787,26.34629],[-98.1773,26.34712],[-98.17724,26.34746],[-98.16986,26.34639],[-98.16843,26.35455],[-98.16132,26.35354],[-98.153,26.4016],[-98.14649,26.40072],[-98.14602,26.40346],[-98.13984,26.40256],[-98.13966,26.40396],[-98.13973,26.40782],[-98.13557,26.42968],[-98.13275,26.44654],[-98.13273,26.44788],[-98.13393,26.4509],[-98.13321,26.45081]]]}},{"type":"Feature","properties":{"PRECINCT":"hidalgo:69","COUNTY":"Hidalgo"},"geometry":{"type":"Polygon","coordinates":[[[-98.04859,26.50002],[-98.05902,26.44214],[-98.05996,26.44149],[-98.06074,26.44136],[-98.05921,26.44112],[-98.07985,26.32624],[-98.11266,26.33093],[-98.11138,26.3382],[-98.11782,26.33913],[-98.11615,26.34882],[-98.12016,26.34936],[-98.11953,26.35303],[-98.11839,26.35287],[-98.11827,26.35362],[-98.13529,26.35601],[-98.13393,26.36391],[-98.13985,26.36474],[-98.13913,26.36867],[-98.14217,26.36909],[-98.13936,26.38482],[-98.13906,26.3848],[-98.13979,26.3807],[-98.13971,26.38041],[-98.13844,26.38019],[-98.13819,26.38138],[-98.1377,26.38151],[-98.13786,26.38204],[-98.13769,26.38302],[-98.13743,26.38298],[-98.13719,26.38459],[-98.13047,26.38358],[-98.13026,26.38481],[-98.12991,26.38477],[-98.13009,26.38371],[-98.12972,26.38366],[-98.12916,26.38692],[-98.12509,26.38558],[-98.11427,26.3849],[-98.114,26.3861],[-98.10602,26.38511],[-98.10507,26.39021],[-98.11393,26.39155],[-98.11383,26.39962],[-98.12139,26.40066],[-98.12185,26.39751],[-98.12611,26.39803],[-98.12568,26.40048],[-98.12703,26.40071],[-98.12764,26.39796],[-98.13387,26.39878],[-98.13485,26.39316],[-98.13231,26.3928],[-98.1331,26.38823],[-98.13008,26.38723],[-98.13067,26.3838],[-98.13933,26.38501],[-98.13736,26.39643],[-98.13991,26.39681],[-98.13871,26.40243],[-98.13866,26.4053],[-98.139,26.40526],[-98.139,26.40633],[-98.13829,26.41096],[-98.13672,26.41837],[-98.13469,26.41807],[-98.13498,26.41636],[-98.1345,26.41628],[-98.13412,26.41799],[-98.13412,26.41853],[-98.13664,26.41889],[-98.13653,26.41958],[-98.13284,26.41909],[-98.13247,26.42169],[-98.13609,26.42224],[-98.13325,26.43898],[-98.12081,26.43738],[-98.11559,26.43107],[-98.11299,26.43276],[-98.1158,26.43635],[-98.11463,26.43707],[-98.11973,26.44329],[-98.11877,26.44891],[-98.13315,26.4508],[-98.13308,26.45059],[-98.13321,26.45081],[-98.13369,26.45087],[-98.13451,26.45233],[-98.13499,26.45399],[-98.13285,26.46832],[-98.133,26.46978],[-98.13472,26.47427],[-98.13489,26.47537],[-98.13292,26.48777],[-98.13317,26.48949],[-98.13442,26.49263],[-98.13448,26.49429],[-98.12929,26.52092],[-98.12261,26.557],[-98.12028,26.55652],[-98.11872,26.55572],[-98.04859,26.50002]]]}},{"type":"Feature","properties":{"PRECINCT":"hidalgo:7","COUNTY":"Hidalgo"},"geometry":{"type":"Polygon","coordinates":[[[-98.20581,26.21499],[-98.20612,26.2132],[-98.21006,26.21376],[-98.2116,26.20496],[-98.20789,26.20445],[-98.20806,26.20277],[-98.20856,26.20283],[-98.20876,26.20121],[-98.20374,26.20043],[-98.20549,26.19027],[-98.21386,26.19132],[-98.21431,26.18869],[-98.21487,26.18831],[-98.21902,26.18889],[-98.21916,26.18806],[-98.22348,26.18819],[-98.23235,26.18957],[-98.22848,26.21244],[-98.21969,26.21122],[-98.21875,26.21677],[-98.20581,26.21499]]]}},{"type":"Feature","properties":{"PRECINCT":"hidalgo:72","COUNTY":"Hidalgo"},"geometry":{"type":"Polygon","coordinates":[[[-98.23092,26.2491],[-98.23281,26.24052],[-98.23525,26.24075],[-98.23938,26.24061],[-98.23437,26.27023],[-98.22781,26.2693],[-98.2311,26.25002],[-98.2312,26.24924],[-98.23092,26.2491]]]}},{"type":"Feature","properties":{"PRECINCT":"hidalgo:73","COUNTY":"Hidalgo"},"geometry":{"type":"Polygon","coordinates":[[[-98.2059,26.26695],[-98.2058,26.26654],[-98.20811,26.25217],[-98.21192,26.25269],[-98.21301,26.25257],[-98.2214,26.25373],[-98.21902,26.26806],[-98.21139,26.267],[-98.21022,26.267],[-98.20846,26.27723],[-98.20785,26.27761],[-98.20414,26.27715],[-98.2059,26.26695]]]}},{"type":"Feature","properties":{"PRECINCT":"hidalgo:74","COUNTY":"Hidalgo"},"geometry":{"type":"Polygon","coordinates":[[[-98.23472,26.31176],[-98.23823,26.29139],[-98.25103,26.29316],[-98.24761,26.31358],[-98.23472,26.31176]]]}},{"type":"Feature","properties":{"PRECINCT":"hidalgo:75","COUNTY":"Hidalgo"},"geometry":{"type":"Polygon","coordinates":[[[-98.33114,26.49887],[-98.33427,26.48087],[-98.33407,26.48055],[-98.31111,26.47741],[-98.23762,26.46666],[-98.2483,26.40653],[-98.26913,26.40981],[-98.36612,26.42398],[-98.3655,26.42807],[-98.36381,26.42784],[-98.35509,26.47883],[-98.37306,26.48133],[-98.37109,26.49282],[-98.36814,26.49245],[-98.36785,26.4931],[-98.36704,26.49351],[-98.35289,26.49159],[-98.35218,26.4958],[-98.3436,26.49537],[-98.342,26.49574],[-98.3346,26.49856],[-98.33114,26.49887]]]}},{"type":"Feature","properties":{"PRECINCT":"hidalgo:76","COUNTY":"Hidalgo"},"geometry":{"type":"Polygon","coordinates":[[[-98.43331,26.55689],[-98.37239,26.54803],[-98.37337,26.54175],[-98.37381,26.54028],[-98.375,26.53908],[-98.38056,26.53702],[-98.38155,26.53629],[-98.38224,26.53519],[-98.38668,26.5093],[-98.40466,26.51178],[-98.40901,26.48631],[-98.35509,26.47883],[-98.36381,26.42784],[-98.49194,26.44536],[-98.48582,26.45784],[-98.47827,26.46981],[-98.46328,26.50034],[-98.43331,26.55689]]]}},{"type":"Feature","properties":{"PRECINCT":"hidalgo:78","COUNTY":"Hidalgo"},"geometry":{"type":"Polygon","coordinates":[[[-98.38061,26.25477],[-98.38048,26.25398],[-98.38077,26.25263],[-98.3819,26.25119],[-98.38204,26.2506],[-98.38142,26.24975],[-98.3801,26.24942],[-98.3766,26.25083],[-98.37611,26.25082],[-98.3751,26.25036],[-98.37363,26.24828],[-98.37278,26.24802],[-98.3705,26.24855],[-98.36987,26.24836],[-98.36934,26.24767],[-98.36884,26.24638],[-98.3677,26.24626],[-98.36617,26.24691],[-98.36336,26.24685],[-98.36154,26.24843],[-98.36097,26.24864],[-98.3597,26.24767],[-98.35891,26.24763],[-98.35543,26.24875],[-98.35145,26.24821],[-98.35397,26.23388],[-98.35055,26.2334],[-98.35072,26.23236],[-98.35178,26.23248],[-98.35211,26.22982],[-98.35155,26.22974],[-98.35541,26.22554],[-98.35524,26.22654],[-98.35739,26.22685],[-98.35728,26.22748],[-98.3577,26.22772],[-98.35753,26.2287],[-98.35873,26.22887],[-98.35713,26.23901],[-98.36111,26.23957],[-98.36177,26.23591],[-98.36919,26.23691],[-98.37021,26.23711],[-98.37016,26.23739],[-98.37094,26.2375],[-98.37099,26.23723],[-98.37348,26.23758],[-98.37291,26.24084],[-98.3739,26.24099],[-98.37443,26.238],[-98.37986,26.23877],[-98.38008,26.2376],[-98.38447,26.23823],[-98.38433,26.23903],[-98.38588,26.24091],[-98.38637,26.23835],[-98.39514,26.23965],[-98.3948,26.2416],[-98.3953,26.24168],[-98.39564,26.23972],[-98.39821,26.24009],[-98.39554,26.25525],[-98.39335,26.25465],[-98.39016,26.25517],[-98.38666,26.25483],[-98.38359,26.25621],[-98.38281,26.25634],[-98.38138,26.25581],[-98.38061,26.25477]]]}},{"type":"Feature","properties":{"PRECINCT":"hidalgo:8","COUNTY":"Hidalgo"},"geometry":{"type":"Polygon","coordinates":[[[-98.22355,26.1882],[-98.21916,26.18806],[-98.22025,26.18239],[-98.22026,26.18042],[-98.22089,26.17815],[-98.21933,26.17788],[-98.21962,26.17626],[-98.22105,26.17649],[-98.22137,26.17445],[-98.21752,26.17394],[-98.21814,26.17038],[-98.22143,26.17084],[-98.22197,26.16771],[-98.22012,26.16702],[-98.21879,26.16604],[-98.21838,26.16803],[-98.21417,26.16742],[-98.21419,26.16728],[-98.20951,26.16674],[-98.20971,26.16552],[-98.21406,26.16612],[-98.21433,26.16461],[-98.21196,26.16397],[-98.21016,26.16287],[-98.21126,26.15631],[-98.20483,26.15554],[-98.20397,26.15512],[-98.19598,26.14914],[-98.19904,26.14933],[-98.19953,26.14894],[-98.20329,26.14812],[-98.20949,26.14412],[-98.21098,26.14356],[-98.22298,26.14421],[-98.22513,26.14396],[-98.23788,26.14101],[-98.24056,26.14115],[-98.2392,26.15018],[-98.23846,26.153],[-98.23743,26.15488],[-98.23639,26.15617],[-98.23182,26.16061],[-98.23059,26.16273],[-98.22997,26.16482],[-98.22998,26.16824],[-98.23076,26.17086],[-98.23329,26.17455],[-98.23497,26.17475],[-98.23235,26.18957],[-98.22355,26.1882]]]}},{"type":"Feature","properties":{"PRECINCT":"hidalgo:80","COUNTY":"Hidalgo"},"geometry":{"type":"Polygon","coordinates":[[[-98.51742,26.34473],[-98.51826,26.34081],[-98.51802,26.34069],[-98.52167,26.31703],[-98.52633,26.28815],[-98.52643,26.2883],[-98.5302,26.26694],[-98.53068,26.26726],[-98.53741,26.22878],[-98.53949,26.23422],[-98.54355,26.24244],[-98.54448,26.24375],[-98.54533,26.24454],[-98.55197,26.24635],[-98.55458,26.24738],[-98.55735,26.24748],[-98.55825,26.24676],[-98.5591,26.24552],[-98.55905,26.24498],[-98.55856,26.24425],[-98.55581,26.24254],[-98.55233,26.24119],[-98.5476,26.24113],[-98.54675,26.24046],[-98.54602,26.2392],[-98.54592,26.2371],[-98.54655,26.23551],[-98.54768,26.23428],[-98.54872,26.23371],[-98.55408,26.23285],[-98.556,26.23211],[-98.5573,26.23097],[-98.55801,26.23002],[-98.55918,26.22627],[-98.56044,26.22524],[-98.5617,26.22481],[-98.56296,26.22491],[-98.56375,26.22566],[-98.56455,26.22688],[-98.56474,26.22782],[-98.56458,26.2307],[-98.56424,26.23246],[-98.5646,26.23697],[-98.56498,26.23862],[-98.56537,26.2397],[-98.56623,26.24083],[-98.56739,26.24162],[-98.5693,26.24119],[-98.57101,26.24047],[-98.57411,26.23859],[-98.57664,26.23383],[-98.57839,26.23384],[-98.57985,26.23478],[-98.58172,26.23876],[-98.58392,26.24202],[-98.58498,26.2443],[-98.58467,26.24545],[-98.58415,26.24618],[-98.57996,26.24943],[-98.57962,26.25035],[-98.57952,26.25224],[-98.58082,26.25474],[-98.58292,26.25647],[-98.58388,26.25701],[-98.58671,26.25754],[-98.5827,26.26538],[-98.57382,26.25978],[-98.574,26.25983],[-98.57576,26.25029],[-98.57735,26.25042],[-98.57797,26.24655],[-98.57535,26.24359],[-98.5744,26.24836],[-98.57584,26.24858],[-98.57379,26.25963],[-98.57158,26.2586],[-98.5645,26.25611],[-98.5567,26.25514],[-98.54952,26.29375],[-98.5606,26.29544],[-98.56138,26.29127],[-98.56885,26.29242],[-98.54546,26.33829],[-98.54344,26.33853],[-98.54247,26.33888],[-98.53399,26.3404],[-98.53381,26.34109],[-98.53272,26.3411],[-98.53107,26.34236],[-98.5288,26.34258],[-98.51742,26.34473]]]}},{"type":"Feature","properties":{"PRECINCT":"hidalgo:81","COUNTY":"Hidalgo"},"geometry":{"type":"Polygon","coordinates":[[[-98.23581,26.26165],[-98.23825,26.2473],[-98.26237,26.25062],[-98.25989,26.26496],[-98.23581,26.26165]]]}},{"type":"Feature","properties":{"PRECINCT":"hidalgo:82","COUNTY":"Hidalgo"},"geometry":{"type":"Polygon","coordinates":[[[-98.27938,26.14988],[-98.2825,26.13218],[-98.2681,26.13027],[-98.26588,26.12953],[-98.25785,26.12843],[-98.25971,26.11878],[-98.26099,26.11681],[-98.26188,26.118],[-98.26419,26.11718],[-98.26586,26.11734],[-98.26531,26.11901],[-98.26543,26.11997],[-98.26626,26.12072],[-98.26759,26.12082],[-98.26854,26.12061],[-98.27023,26.11935],[-98.27121,26.11766],[-98.27182,26.11706],[-98.27374,26.11607],[-98.27516,26.11592],[-98.28231,26.11791],[-98.29059,26.12066],[-98.29519,26.12064],[-98.29619,26.12032],[-98.29797,26.11926],[-98.29935,26.11809],[-98.30298,26.11005],[-98.30279,26.10845],[-98.30183,26.1069],[-98.30064,26.10573],[-98.29818,26.10501],[-98.29788,26.10439],[-98.29802,26.1033],[-98.29957,26.10215],[-98.3028,26.10235],[-98.30503,26.10309],[-98.30652,26.10429],[-98.30743,26.10616],[-98.30907,26.11152],[-98.30801,26.11201],[-98.3083,26.11326],[-98.30934,26.11466],[-98.31085,26.11552],[-98.30963,26.1175],[-98.31014,26.12016],[-98.31447,26.12096],[-98.31479,26.12192],[-98.31456,26.12372],[-98.31538,26.12406],[-98.31641,26.12543],[-98.31467,26.13549],[-98.3167,26.13751],[-98.31908,26.13939],[-98.31731,26.14149],[-98.31544,26.14309],[-98.31395,26.14119],[-98.31168,26.1543],[-98.27938,26.14988]],[[-98.30991,26.14087],[-98.31068,26.13638],[-98.30794,26.1343],[-98.30546,26.13322],[-98.30358,26.13296],[-98.30202,26.13311],[-98.29865,26.13432],[-98.29739,26.13625],[-98.29567,26.13813],[-98.29555,26.13882],[-98.30991,26.14087]]]}},{"type":"Feature","properties":{"PRECINCT":"hidalgo:83","COUNTY":"Hidalgo"},"geometry":{"type":"Polygon","coordinates":[[[-98.27319,26.23743],[-98.27561,26.22306],[-98.29952,26.22637],[-98.29709,26.24074],[-98.27319,26.23743]]]}},{"type":"Feature","properties":{"PRECINCT":"hidalgo:84","COUNTY":"Hidalgo"},"geometry":{"type":"Polygon","coordinates":[[[-98.26553,26.23647],[-98.27319,26.23743],[-98.26832,26.26611],[-98.25989,26.26496],[-98.26296,26.24709],[-98.26415,26.24445],[-98.26553,26.23647]]]}},{"type":"Feature","properties":{"PRECINCT":"hidalgo:86","COUNTY":"Hidalgo"},"geometry":{"type":"Polygon","coordinates":[[[-98.29224,26.26944],[-98.29587,26.24789],[-98.31179,26.25007],[-98.31122,26.25367],[-98.32713,26.25589],[-98.32591,26.26298],[-98.31002,26.26087],[-98.3082,26.27163],[-98.29224,26.26944]]]}},{"type":"Feature","properties":{"PRECINCT":"hidalgo:88","COUNTY":"Hidalgo"},"geometry":{"type":"Polygon","coordinates":[[[-98.28736,26.29817],[-98.29224,26.26944],[-98.33999,26.27599],[-98.33509,26.3047],[-98.28736,26.29817]]]}},{"type":"Feature","properties":{"PRECINCT":"hidalgo:89","COUNTY":"Hidalgo"},"geometry":{"type":"Polygon","coordinates":[[[-98.25942,26.35207],[-98.26441,26.32384],[-98.29468,26.32818],[-98.29506,26.32847],[-98.29438,26.33251],[-98.30321,26.33372],[-98.29927,26.35537],[-98.30201,26.35575],[-98.30151,26.35838],[-98.25942,26.35207]]]}},{"type":"Feature","properties":{"PRECINCT":"hidalgo:9","COUNTY":"Hidalgo"},"geometry":{"type":"Polygon","coordinates":[[[-98.32086,26.24396],[-98.29709,26.24074],[-98.29952,26.22637],[-98.32331,26.22967],[-98.32086,26.24396]]]}},{"type":"Feature","properties":{"PRECINCT":"hidalgo:92","COUNTY":"Hidalgo"},"geometry":{"type":"Polygon","coordinates":[[[-98.04059,26.54482],[-97.99292,26.53797],[-97.99212,26.53878],[-97.99145,26.53913],[-97.98932,26.5389],[-97.98905,26.5388],[-97.98926,26.53743],[-97.98045,26.53607],[-97.98437,26.53658],[-97.99228,26.49131],[-97.99651,26.49191],[-98.00419,26.44878],[-98.02019,26.45118],[-98.02273,26.43682],[-98.01477,26.43567],[-98.01661,26.42543],[-98.01607,26.42533],[-98.01613,26.42507],[-98.01666,26.42514],[-98.02354,26.38801],[-98.02765,26.36398],[-98.07195,26.37036],[-98.05921,26.44112],[-98.06074,26.44136],[-98.0596,26.44168],[-98.05892,26.44246],[-98.04059,26.54482]]]}},{"type":"Feature","properties":{"PRECINCT":"hidalgo:93","COUNTY":"Hidalgo"},"geometry":{"type":"Polygon","coordinates":[[[-98.35197,26.19248],[-98.34861,26.19242],[-98.34236,26.19027],[-98.33744,26.1891],[-98.3358,26.18912],[-98.33222,26.18989],[-98.33034,26.18982],[-98.33362,26.17039],[-98.33335,26.16908],[-98.32954,26.16304],[-98.32795,26.16136],[-98.32807,26.16077],[-98.32534,26.15668],[-98.32289,26.15614],[-98.31164,26.15457],[-98.31395,26.14119],[-98.31544,26.14309],[-98.31731,26.14149],[-98.31908,26.13939],[-98.3167,26.13751],[-98.31467,26.13549],[-98.31643,26.12552],[-98.31538,26.12406],[-98.31456,26.12372],[-98.31479,26.12192],[-98.31447,26.12096],[-98.31014,26.12016],[-98.30963,26.1175],[-98.31085,26.11552],[-98.30934,26.11466],[-98.3083,26.11326],[-98.30801,26.11201],[-98.30907,26.11152],[-98.30964,26.11337],[-98.31034,26.1144],[-98.3111,26.11493],[-98.31369,26.11618],[-98.31628,26.1162],[-98.31805,26.11666],[-98.32088,26.11824],[-98.32192,26.11922],[-98.32487,26.12231],[-98.3263,26.1251],[-98.3299,26.13004],[-98.33239,26.13275],[-98.3352,26.13762],[-98.33541,26.13877],[-98.33528,26.14045],[-98.33453,26.14112],[-98.33272,26.14158],[-98.32791,26.14181],[-98.32722,26.14227],[-98.32692,26.14277],[-98.32706,26.14381],[-98.32844,26.14483],[-98.33311,26.14549],[-98.33562,26.1464],[-98.33743,26.14808],[-98.33824,26.14994],[-98.33842,26.15134],[-98.33804,26.15312],[-98.33751,26.15408],[-98.33453,26.15678],[-98.33332,26.1588],[-98.33295,26.16128],[-98.33344,26.16346],[-98.33456,26.16514],[-98.33562,26.16592],[-98.33684,26.16643],[-98.33941,26.1669],[-98.34292,26.1669],[-98.34384,26.16676],[-98.34578,26.16602],[-98.34704,26.16483],[-98.34753,26.164],[-98.34874,26.15995],[-98.34895,26.15715],[-98.34876,26.15387],[-98.34925,26.15259],[-98.35044,26.15157],[-98.35234,26.15112],[-98.35311,26.15139],[-98.35465,26.15304],[-98.3568,26.15645],[-98.35802,26.15923],[-98.35853,26.16192],[-98.35745,26.16654],[-98.35795,26.16972],[-98.35603,26.18256],[-98.35394,26.19441],[-98.35197,26.19248]]]}},{"type":"Feature","properties":{"PRECINCT":"hidalgo:94","COUNTY":"Hidalgo"},"geometry":{"type":"Polygon","coordinates":[[[-98.33592,26.21545],[-98.33458,26.21558],[-98.33282,26.21652],[-98.33175,26.21672],[-98.32565,26.21594],[-98.32742,26.20547],[-98.32821,26.20174],[-98.3286,26.20084],[-98.33049,26.20125],[-98.33159,26.20125],[-98.33441,26.20204],[-98.33475,26.20178],[-98.35234,26.20419],[-98.35005,26.21701],[-98.34588,26.21637],[-98.33592,26.21545]]]}},{"type":"Feature","properties":{"PRECINCT":"hidalgo:95","COUNTY":"Hidalgo"},"geometry":{"type":"Polygon","coordinates":[[[-98.25479,26.14761],[-98.27922,26.15101],[-98.27516,26.17572],[-98.26035,26.17365],[-98.25794,26.17158],[-98.25106,26.17058],[-98.25479,26.14761]]]}},{"type":"Feature","properties":{"PRECINCT":"hidalgo:96","COUNTY":"Hidalgo"},"geometry":{"type":"Polygon","coordinates":[[[-98.22141,26.27749],[-98.21026,26.27611],[-98.20846,26.27723],[-98.21022,26.267],[-98.21139,26.267],[-98.21902,26.26806],[-98.22201,26.25014],[-98.22871,26.25109],[-98.2312,26.24924],[-98.22661,26.27608],[-98.22633,26.27624],[-98.22213,26.27569],[-98.22189,26.27589],[-98.22166,26.27734],[-98.22141,26.27749]]]}},{"type":"Feature","properties":{"PRECINCT":"hidalgo:97","COUNTY":"Hidalgo"},"geometry":{"type":"Polygon","coordinates":[[[-98.26555,26.23639],[-98.24068,26.23295],[-98.24191,26.22577],[-98.26676,26.22908],[-98.26555,26.23639]]]}},{"type":"Feature","properties":{"PRECINCT":"hidalgo:98","COUNTY":"Hidalgo"},"geometry":{"type":"Polygon","coordinates":[[[-98.32331,26.22967],[-98.32565,26.21594],[-98.33175,26.21672],[-98.33282,26.21652],[-98.33458,26.21558],[-98.33577,26.21544],[-98.34588,26.21637],[-98.35005,26.21701],[-98.34735,26.23295],[-98.32331,26.22967]]]}},{"type":"Feature","properties":{"PRECINCT":"hidalgo:99","COUNTY":"Hidalgo"},"geometry":{"type":"Polygon","coordinates":[[[-98.33876,26.28326],[-98.34247,26.2615],[-98.34894,26.26244],[-98.35145,26.24821],[-98.35543,26.24875],[-98.35891,26.24763],[-98.3597,26.24767],[-98.36097,26.24864],[-98.36154,26.24843],[-98.36336,26.24685],[-98.36617,26.24691],[-98.3677,26.24626],[-98.36884,26.24638],[-98.36934,26.24767],[-98.36987,26.24836],[-98.3705,26.24855],[-98.37278,26.24802],[-98.37363,26.24828],[-98.3751,26.25036],[-98.37611,26.25082],[-98.3766,26.25083],[-98.3801,26.24942],[-98.38142,26.24975],[-98.38185,26.25016],[-98.38204,26.2506],[-98.3819,26.25119],[-98.38077,26.25263],[-98.38048,26.25398],[-98.38061,26.25477],[-98.38138,26.25581],[-98.37943,26.26693],[-98.38041,26.26706],[-98.37039,26.32445],[-98.33882,26.31993],[-98.34514,26.28409],[-98.33876,26.28326]]]}},{"type":"Feature","properties":{"PRECINCT":"jim-wells:1","COUNTY":"Jim Wells"},"geometry":{"type":"Polygon","coordinates":[[[-98.06476,27.7561],[-98.0647,27.75091],[-98.0652,27.75072],[-98.06847,27.75018],[-98.08258,27.75011],[-98.08255,27.75523],[-98.08106,27.75523],[-98.08103,27.7548],[-98.08017,27.75477],[-98.08007,27.75523],[-98.07669,27.75508],[-98.0767,27.75607],[-98.06476,27.7561]]]}},{"type":"Feature","properties":{"PRECINCT":"jim-wells:10","COUNTY":"Jim Wells"},"geometry":{"type":"Polygon","coordinates":[[[-98.06982,27.74651],[-98.06721,27.74637],[-98.06636,27.7456],[-98.06468,27.74491],[-98.06455,27.72986],[-98.03992,27.72996],[-98.03984,27.71793],[-98.04008,27.71308],[-98.05513,27.71251],[-98.04278,27.6995],[-98.04001,27.69765],[-98.03112,27.67829],[-98.01827,27.6595],[-98.02449,27.65996],[-98.02617,27.6577],[-98.02821,27.65715],[-98.02898,27.65672],[-98.03047,27.65728],[-98.0317,27.66053],[-98.03769,27.66073],[-98.03796,27.66222],[-98.0497,27.66221],[-98.04981,27.66034],[-98.05685,27.66015],[-98.05751,27.68761],[-98.06834,27.68756],[-98.0683,27.67514],[-98.08092,27.67512],[-98.0771,27.70436],[-98.07715,27.73577],[-98.07322,27.73577],[-98.07328,27.74637],[-98.06982,27.74651]]]}},{"type":"Feature","properties":{"PRECINCT":"jim-wells:11","COUNTY":"Jim Wells"},"geometry":{"type":"Polygon","coordinates":[[[-98.05909,27.46965],[-98.05863,27.36567],[-98.06739,27.3657],[-98.06747,27.36585],[-98.06847,27.3827],[-98.06817,27.39379],[-98.06757,27.39415],[-98.06482,27.39422],[-98.06566,27.39483],[-98.0706,27.39529],[-98.07505,27.39529],[-98.07677,27.39568],[-98.07823,27.39566],[-98.07958,27.39525],[-98.07955,27.39312],[-98.07914,27.39171],[-98.07122,27.3918],[-98.07097,27.3916],[-98.0709,27.38338],[-98.07054,27.38251],[-98.07105,27.38233],[-98.07953,27.38231],[-98.07947,27.37901],[-98.07841,27.37873],[-98.07789,27.37836],[-98.07712,27.37673],[-98.07647,27.37658],[-98.07442,27.37675],[-98.07391,27.3759],[-98.07382,27.36986],[-98.07518,27.36975],[-98.07613,27.37022],[-98.07876,27.37058],[-98.08214,27.37213],[-98.08469,27.37246],[-98.08774,27.37166],[-98.09964,27.3713],[-98.09983,27.36948],[-98.10021,27.36896],[-98.10207,27.37004],[-98.10355,27.37123],[-98.10417,27.37022],[-98.10417,27.36917],[-98.10435,27.36898],[-98.11692,27.36854],[-98.1165,27.35986],[-98.12888,27.35941],[-98.12901,27.36242],[-98.13083,27.36236],[-98.13087,27.36334],[-98.13291,27.36326],[-98.13312,27.36794],[-98.16565,27.36672],[-98.16342,27.31923],[-98.2284,27.31665],[-98.22859,27.32047],[-98.23267,27.32028],[-98.23307,27.46114],[-98.15582,27.46153],[-98.15551,27.46174],[-98.15559,27.46889],[-98.15538,27.46925],[-98.05909,27.46965]]]}},{"type":"Feature","properties":{"PRECINCT":"jim-wells:12","COUNTY":"Jim Wells"},"geometry":{"type":"Polygon","coordinates":[[[-98.01784,27.83112],[-98.01791,27.81415],[-98.031,27.81404],[-98.04041,27.79985],[-98.04093,27.79988],[-98.04288,27.79767],[-98.0489,27.79308],[-98.04909,27.79228],[-98.05138,27.79114],[-98.06493,27.78098],[-98.06476,27.7561],[-98.0767,27.75607],[-98.07669,27.75508],[-98.08007,27.75523],[-98.08017,27.75477],[-98.08103,27.7548],[-98.08106,27.75523],[-98.08255,27.75523],[-98.08333,27.78635],[-98.08358,27.79086],[-98.08409,27.79293],[-98.08344,27.79449],[-98.08307,27.79669],[-98.08307,27.79881],[-98.08384,27.80233],[-98.08402,27.80734],[-98.08309,27.81395],[-98.08489,27.84688],[-98.00831,27.84737],[-98.01666,27.83499],[-98.01751,27.8332],[-98.01784,27.83112]]]}},{"type":"Feature","properties":{"PRECINCT":"jim-wells:13","COUNTY":"Jim Wells"},"geometry":{"type":"Polygon","coordinates":[[[-98.0647,27.75091],[-98.06459,27.75038],[-98.06256,27.75083],[-98.06193,27.74807],[-98.06265,27.74793],[-98.06248,27.74713],[-98.06456,27.74701],[-98.06468,27.74491],[-98.06636,27.7456],[-98.06721,27.74637],[-98.0697,27.74651],[-98.07666,27.74621],[-98.07697,27.74589],[-98.0773,27.7459],[-98.0773,27.74629],[-98.07814,27.74582],[-98.0826,27.74579],[-98.08258,27.75011],[-98.06888,27.75017],[-98.0647,27.75091]]]}},{"type":"Feature","properties":{"PRECINCT":"jim-wells:14","COUNTY":"Jim Wells"},"geometry":{"type":"Polygon","coordinates":[[[-98.05842,27.32778],[-98.05808,27.26098],[-98.13907,27.26185],[-98.18104,27.26195],[-98.23246,27.26249],[-98.23267,27.32028],[-98.22859,27.32047],[-98.2284,27.31665],[-98.16342,27.31923],[-98.16359,27.32288],[-98.14735,27.32346],[-98.14534,27.32327],[-98.14289,27.32356],[-98.1424,27.32315],[-98.13802,27.32302],[-98.13734,27.32326],[-98.13722,27.32376],[-98.13597,27.32377],[-98.13497,27.32346],[-98.13444,27.32378],[-98.13307,27.324],[-98.12795,27.32411],[-98.12771,27.32586],[-98.12717,27.32585],[-98.12787,27.32071],[-98.09816,27.3251],[-98.09089,27.326],[-98.09122,27.32505],[-98.08554,27.32519],[-98.08549,27.32629],[-98.08512,27.3272],[-98.08426,27.32733],[-98.08428,27.32799],[-98.06818,27.32818],[-98.05842,27.32778]]]}},{"type":"Feature","properties":{"PRECINCT":"jim-wells:15","COUNTY":"Jim Wells"},"geometry":{"type":"Polygon","coordinates":[[[-98.08368,27.79377],[-98.08409,27.79293],[-98.08355,27.79052],[-98.08317,27.78234],[-98.08258,27.76023],[-98.0826,27.74722],[-98.09019,27.74599],[-98.10106,27.74923],[-98.14768,27.7508],[-98.15965,27.75221],[-98.16079,27.76007],[-98.16057,27.76306],[-98.16066,27.78685],[-98.13646,27.78692],[-98.13649,27.7905],[-98.10509,27.79071],[-98.10479,27.79087],[-98.10476,27.79308],[-98.10424,27.79342],[-98.08546,27.79355],[-98.08368,27.79377]]]}},{"type":"Feature","properties":{"PRECINCT":"jim-wells:16","COUNTY":"Jim Wells"},"geometry":{"type":"Polygon","coordinates":[[[-98.10106,27.74923],[-98.09019,27.74599],[-98.0826,27.74722],[-98.0826,27.74579],[-98.07814,27.74582],[-98.0773,27.74629],[-98.0773,27.7459],[-98.07697,27.74589],[-98.07666,27.74621],[-98.07328,27.74637],[-98.07322,27.73577],[-98.07715,27.73577],[-98.07712,27.71341],[-98.08257,27.71345],[-98.08265,27.72075],[-98.08327,27.72074],[-98.08328,27.72217],[-98.083,27.72216],[-98.08309,27.72572],[-98.0825,27.72582],[-98.08315,27.72583],[-98.08316,27.72795],[-98.08331,27.728],[-98.0831,27.73803],[-98.08531,27.73806],[-98.08518,27.74237],[-98.08816,27.74249],[-98.08818,27.74279],[-98.09052,27.74276],[-98.0905,27.74334],[-98.09396,27.74333],[-98.09398,27.74382],[-98.09457,27.74381],[-98.09464,27.74514],[-98.09569,27.74621],[-98.09833,27.74632],[-98.09946,27.74739],[-98.10071,27.74784],[-98.10194,27.74781],[-98.10321,27.74646],[-98.10321,27.74767],[-98.10911,27.74785],[-98.10909,27.7495],[-98.10106,27.74923]]]}},{"type":"Feature","properties":{"PRECINCT":"jim-wells:17","COUNTY":"Jim Wells"},"geometry":{"type":"Polygon","coordinates":[[[-98.19328,27.71538],[-98.19265,27.69045],[-98.1845,27.6903],[-98.18423,27.6865],[-98.07918,27.68833],[-98.08092,27.67512],[-98.0683,27.67514],[-98.06834,27.68756],[-98.05751,27.68761],[-98.05685,27.66015],[-98.04981,27.66034],[-98.0497,27.66221],[-98.03796,27.66222],[-98.03769,27.66073],[-98.0317,27.66053],[-98.03047,27.65728],[-98.02898,27.65672],[-98.02821,27.65715],[-98.02617,27.6577],[-98.02449,27.65996],[-98.01827,27.6595],[-98.01416,27.6535],[-98.01388,27.65261],[-98.01403,27.65152],[-98.01492,27.65035],[-98.01638,27.64975],[-98.02255,27.64972],[-98.02297,27.64836],[-98.02362,27.64742],[-98.02357,27.64673],[-98.01425,27.64562],[-98.01427,27.64368],[-98.01386,27.64317],[-98.01348,27.63742],[-98.01621,27.6373],[-98.01901,27.64093],[-98.02009,27.64065],[-98.02723,27.64107],[-98.02918,27.63845],[-98.0299,27.63579],[-98.0598,27.63587],[-98.05967,27.60923],[-98.06031,27.61005],[-98.0602,27.611],[-98.0604,27.61137],[-98.06146,27.61249],[-98.06166,27.61348],[-98.06131,27.61379],[-98.06145,27.61455],[-98.06188,27.61481],[-98.06234,27.61553],[-98.06333,27.61621],[-98.0633,27.61676],[-98.06363,27.61729],[-98.064,27.61752],[-98.0658,27.61768],[-98.06623,27.61874],[-98.06696,27.61884],[-98.06698,27.61914],[-98.06781,27.61909],[-98.0702,27.6201],[-98.07118,27.62015],[-98.07212,27.62099],[-98.07275,27.62077],[-98.07276,27.62115],[-98.07358,27.6222],[-98.07515,27.62255],[-98.07709,27.62411],[-98.07757,27.62458],[-98.07795,27.62546],[-98.07861,27.62579],[-98.07906,27.62663],[-98.07957,27.62669],[-98.08042,27.62735],[-98.08188,27.62729],[-98.08296,27.62801],[-98.08365,27.62934],[-98.08495,27.63042],[-98.08452,27.63123],[-98.08442,27.6325],[-98.08542,27.63355],[-98.08641,27.63385],[-98.09228,27.58992],[-98.09292,27.59028],[-98.09316,27.58847],[-98.09357,27.58841],[-98.09369,27.58789],[-98.09341,27.58708],[-98.09381,27.58319],[-98.13839,27.58296],[-98.13989,27.58331],[-98.1412,27.58394],[-98.14498,27.58699],[-98.14641,27.58755],[-98.14751,27.58771],[-98.18018,27.58752],[-98.18888,27.58636],[-98.18905,27.59605],[-98.18067,27.60046],[-98.18052,27.60134],[-98.17236,27.60553],[-98.17449,27.60882],[-98.17448,27.60932],[-98.17491,27.60963],[-98.17955,27.6171],[-98.17599,27.61709],[-98.17568,27.62247],[-98.17432,27.62611],[-98.17268,27.63251],[-98.17363,27.63258],[-98.1742,27.63289],[-98.1765,27.63341],[-98.17789,27.63341],[-98.17887,27.63375],[-98.18094,27.63372],[-98.18102,27.63785],[-98.18197,27.63834],[-98.18208,27.64102],[-98.18519,27.64393],[-98.18573,27.64416],[-98.18918,27.64405],[-98.19282,27.64359],[-98.20075,27.64406],[-98.20089,27.6452],[-98.22691,27.64514],[-98.22704,27.65655],[-98.2337,27.66745],[-98.23372,27.70492],[-98.23415,27.71472],[-98.19328,27.71538]]]}},{"type":"Feature","properties":{"PRECINCT":"jim-wells:18","COUNTY":"Jim Wells"},"geometry":{"type":"Polygon","coordinates":[[[-98.16541,27.9958],[-98.16361,27.99747],[-98.15878,28.00304],[-98.15278,28.01012],[-98.15185,28.01166],[-98.15105,28.01208],[-98.14062,27.99483],[-98.13808,27.98931],[-98.13678,27.98117],[-98.1361,27.97465],[-98.13582,27.96164],[-98.13524,27.96099],[-98.13244,27.96096],[-98.13211,27.93171],[-98.09021,27.93209],[-98.09003,27.92844],[-98.09025,27.92608],[-98.08941,27.91795],[-98.08825,27.89639],[-98.08722,27.88961],[-98.08311,27.81449],[-98.08315,27.81296],[-98.08402,27.80783],[-98.08384,27.80233],[-98.08304,27.79823],[-98.08313,27.796],[-98.08344,27.79449],[-98.08368,27.79377],[-98.0854,27.79355],[-98.10429,27.79341],[-98.10479,27.79297],[-98.10479,27.79087],[-98.10509,27.79071],[-98.13649,27.7905],[-98.13646,27.78692],[-98.21878,27.78668],[-98.2197,27.78195],[-98.22016,27.7826],[-98.22175,27.78262],[-98.22261,27.78351],[-98.22529,27.78407],[-98.22743,27.78484],[-98.2286,27.78559],[-98.22997,27.78722],[-98.23092,27.7878],[-98.23449,27.78838],[-98.23542,27.99573],[-98.21078,27.98994],[-98.1954,28.00398],[-98.18659,28.01042],[-98.18693,28.0115],[-98.18542,28.01311],[-98.1796,28.00814],[-98.17861,28.00646],[-98.17712,28.00597],[-98.16541,27.9958]]]}},{"type":"Feature","properties":{"PRECINCT":"jim-wells:19","COUNTY":"Jim Wells"},"geometry":{"type":"Polygon","coordinates":[[[-97.9338,27.84763],[-97.9336,27.7769],[-97.93775,27.70431],[-97.96586,27.70553],[-97.9661,27.70563],[-97.96614,27.70646],[-97.96616,27.71924],[-97.98438,27.71946],[-97.98491,27.72064],[-97.98488,27.72673],[-97.99151,27.72671],[-97.99177,27.72694],[-97.99261,27.72697],[-97.99485,27.72871],[-97.99748,27.72912],[-97.99806,27.72989],[-97.99845,27.73183],[-97.99881,27.73227],[-98.00001,27.73321],[-98.00293,27.73339],[-98.00366,27.73369],[-98.00543,27.73589],[-98.00642,27.73669],[-98.00666,27.73731],[-98.0055,27.73859],[-98.00581,27.73947],[-98.00684,27.73985],[-98.00884,27.73995],[-98.0092,27.74034],[-98.0089,27.7413],[-98.0098,27.74348],[-98.01083,27.74459],[-98.01117,27.7458],[-98.01069,27.74657],[-98.01002,27.74711],[-98.00992,27.74789],[-98.01017,27.74854],[-98.0112,27.74942],[-98.01154,27.75052],[-98.01146,27.75211],[-98.0119,27.75563],[-98.01266,27.75628],[-98.01395,27.75689],[-98.01545,27.75837],[-98.01638,27.76046],[-98.01431,27.76114],[-98.01812,27.76684],[-98.01799,27.78092],[-98.01882,27.78096],[-98.01882,27.78229],[-98.01916,27.78282],[-98.01852,27.78369],[-98.01798,27.78512],[-98.01786,27.83005],[-98.01768,27.83261],[-98.01666,27.83499],[-98.00816,27.84758],[-97.98999,27.84746],[-97.9338,27.84763]]]}},{"type":"Feature","properties":{"PRECINCT":"jim-wells:2","COUNTY":"Jim Wells"},"geometry":{"type":"Polygon","coordinates":[[[-98.02307,28.05711],[-98.02376,28.05629],[-98.02732,28.04004],[-98.03573,28.02926],[-98.04036,28.0249],[-98.03997,27.92113],[-98.03933,27.92046],[-98.0224,27.91088],[-98.02057,27.91068],[-98.0096,27.91083],[-98.00959,27.92795],[-98.00912,27.9292],[-98.00805,27.93038],[-98.00662,27.93109],[-98.00504,27.93129],[-97.97069,27.92354],[-97.95973,27.91934],[-98.00831,27.84737],[-98.08489,27.84688],[-98.08722,27.88961],[-98.08825,27.89639],[-98.08941,27.91795],[-98.09014,27.92408],[-98.09021,27.93209],[-98.13211,27.93171],[-98.13244,27.96096],[-98.13524,27.96099],[-98.13582,27.96164],[-98.1361,27.97465],[-98.13678,27.98117],[-98.13808,27.98931],[-98.14062,27.99483],[-98.15105,28.01208],[-98.15185,28.01166],[-98.15278,28.01012],[-98.15634,28.00589],[-98.16533,27.99574],[-98.17712,28.00597],[-98.17861,28.00646],[-98.1796,28.00814],[-98.18542,28.01311],[-98.18693,28.0115],[-98.18659,28.01042],[-98.1954,28.00398],[-98.21078,27.98994],[-98.23542,27.99573],[-98.2355,28.05797],[-98.08397,28.05748],[-98.02307,28.05711]]]}},{"type":"Feature","properties":{"PRECINCT":"jim-wells:20","COUNTY":"Jim Wells"},"geometry":{"type":"Polygon","coordinates":[[[-98.0596,27.74468],[-98.04475,27.74722],[-98.04273,27.73827],[-98.06003,27.7355],[-98.05877,27.72987],[-98.06455,27.72986],[-98.06456,27.74701],[-98.06248,27.74713],[-98.06265,27.74793],[-98.06052,27.74829],[-98.0596,27.74468]]]}},{"type":"Feature","properties":{"PRECINCT":"jim-wells:22","COUNTY":"Jim Wells"},"geometry":{"type":"Polygon","coordinates":[[[-98.1463,27.75076],[-98.10909,27.7495],[-98.10911,27.74785],[-98.10321,27.74767],[-98.10321,27.74646],[-98.10194,27.74781],[-98.10071,27.74784],[-98.09946,27.74739],[-98.09833,27.74632],[-98.09569,27.74621],[-98.09464,27.74514],[-98.09457,27.74381],[-98.09398,27.74382],[-98.09396,27.74333],[-98.0905,27.74334],[-98.09052,27.74276],[-98.08818,27.74279],[-98.08816,27.74249],[-98.08518,27.74237],[-98.08531,27.73806],[-98.0831,27.73803],[-98.08331,27.728],[-98.08316,27.72795],[-98.08315,27.72583],[-98.0825,27.72582],[-98.08309,27.72572],[-98.083,27.72216],[-98.08328,27.72217],[-98.08327,27.72074],[-98.08265,27.72075],[-98.08257,27.71345],[-98.07712,27.71341],[-98.0771,27.70436],[-98.07918,27.68833],[-98.14609,27.68719],[-98.1463,27.75076]]]}},{"type":"Feature","properties":{"PRECINCT":"jim-wells:3","COUNTY":"Jim Wells"},"geometry":{"type":"Polygon","coordinates":[[[-97.88298,28.05329],[-97.88215,28.0531],[-97.88038,28.05407],[-97.87941,28.05414],[-97.8774,28.05297],[-97.87495,28.0504],[-97.87478,28.04979],[-97.875,28.04901],[-97.87834,28.0476],[-97.87848,28.04721],[-97.8781,28.04631],[-97.87682,28.04619],[-97.87607,28.04564],[-97.87469,28.0452],[-97.87268,28.04635],[-97.87201,28.04634],[-97.87154,28.04609],[-97.87123,28.04556],[-97.8709,28.0442],[-97.86959,28.04369],[-97.86779,28.04109],[-97.8646,28.04145],[-97.86366,28.04081],[-97.86147,28.03863],[-97.86056,28.03811],[-97.85802,28.03792],[-97.85547,28.03841],[-97.85448,28.03831],[-97.85393,28.03705],[-97.85333,28.0366],[-97.8525,28.03661],[-97.85074,28.03758],[-97.84955,28.0376],[-97.84861,28.03626],[-97.84734,28.03612],[-97.84545,28.0368],[-97.84372,28.03625],[-97.84121,28.03612],[-97.83989,28.03553],[-97.83947,28.0348],[-97.83892,28.03461],[-97.83733,28.035],[-97.83525,28.03611],[-97.83435,28.03609],[-97.83435,28.03717],[-97.83418,28.03723],[-97.82821,28.03668],[-97.8261,28.03588],[-97.82428,28.03563],[-97.8229,28.03595],[-97.82257,28.03644],[-97.82266,28.03675],[-97.82332,28.03701],[-97.82422,28.03651],[-97.82486,28.03656],[-97.82603,28.03751],[-97.82599,28.03811],[-97.82334,28.03943],[-97.82171,28.03875],[-97.81992,28.03886],[-97.8195,28.03936],[-97.82038,28.04029],[-97.81988,28.04067],[-97.81855,28.0407],[-97.81654,28.0398],[-97.81539,28.03872],[-97.81428,28.03854],[-97.81283,28.03918],[-97.81253,28.04032],[-97.81182,28.04155],[-97.80864,28.04161],[-97.80583,28.04138],[-97.80433,28.03985],[-97.80139,28.03836],[-97.80106,28.03796],[-97.80103,28.03707],[-97.80161,28.03649],[-97.80157,28.03607],[-97.80062,28.03556],[-97.79855,28.03363],[-97.79865,28.03323],[-97.80006,28.03252],[-97.79887,28.0311],[-97.79812,28.03074],[-97.79676,28.03153],[-97.79607,28.03126],[-97.79564,28.03029],[-97.79555,28.02907],[-97.79443,28.02699],[-97.79373,28.02487],[-97.7927,28.02375],[-97.79161,28.02114],[-97.79032,28.01938],[-97.79097,28.01814],[-97.7913,28.01672],[-97.79074,28.01575],[-97.78932,28.01465],[-97.78899,28.0139],[-97.78915,28.01359],[-97.79012,28.01325],[-97.7905,28.01285],[-97.79059,28.01143],[-97.79159,28.01123],[-97.79229,28.01174],[-97.79236,28.01219],[-97.79168,28.01306],[-97.79142,28.01388],[-97.79167,28.01462],[-97.79215,28.01482],[-97.79369,28.01431],[-97.79428,28.01345],[-97.79477,28.01143],[-97.79506,28.0111],[-97.79573,28.01088],[-97.7964,28.01109],[-97.79672,28.01062],[-97.79663,28.00715],[-97.79637,28.005],[-97.7958,28.00313],[-97.79605,28.00223],[-97.79684,28.00136],[-97.79818,27.99815],[-97.79852,27.99566],[-97.85539,27.94907],[-97.86455,27.9585],[-97.88057,27.97342],[-97.90806,27.99543],[-97.90637,27.99782],[-97.90914,27.99934],[-97.9132,28.00001],[-97.91413,28.00045],[-97.93223,28.01591],[-97.93536,28.01898],[-97.93947,28.02205],[-97.94034,28.02376],[-97.942,28.03072],[-97.94158,28.03957],[-97.94173,28.04097],[-97.94459,28.04696],[-97.95032,28.05691],[-97.90876,28.05668],[-97.88315,28.0569],[-97.88276,28.05632],[-97.88418,28.05572],[-97.88464,28.0549],[-97.88437,28.0542],[-97.88298,28.05329]]]}},{"type":"Feature","properties":{"PRECINCT":"jim-wells:4","COUNTY":"Jim Wells"},"geometry":{"type":"Polygon","coordinates":[[[-98.07637,27.39562],[-98.07505,27.39529],[-98.0706,27.39529],[-98.06566,27.39483],[-98.06518,27.39464],[-98.06478,27.39412],[-98.06757,27.39415],[-98.06817,27.39379],[-98.06847,27.3827],[-98.06747,27.36585],[-98.06739,27.3657],[-98.05863,27.36567],[-98.05842,27.32778],[-98.06818,27.32818],[-98.08428,27.32799],[-98.08426,27.32733],[-98.08512,27.3272],[-98.08549,27.32629],[-98.08554,27.32519],[-98.09122,27.32505],[-98.09089,27.326],[-98.09816,27.3251],[-98.12787,27.32071],[-98.12717,27.32585],[-98.12771,27.32586],[-98.12795,27.32411],[-98.13307,27.324],[-98.13444,27.32378],[-98.13497,27.32346],[-98.13597,27.32377],[-98.13722,27.32376],[-98.13734,27.32326],[-98.13802,27.32302],[-98.1424,27.32315],[-98.14289,27.32356],[-98.14534,27.32327],[-98.14735,27.32346],[-98.16359,27.32288],[-98.16565,27.36672],[-98.13312,27.36794],[-98.13291,27.36326],[-98.13087,27.36334],[-98.13083,27.36236],[-98.12901,27.36242],[-98.12888,27.35941],[-98.1165,27.35986],[-98.11692,27.36854],[-98.10435,27.36898],[-98.10417,27.36917],[-98.10417,27.37022],[-98.10355,27.37123],[-98.10207,27.37004],[-98.10021,27.36896],[-98.09983,27.36948],[-98.09964,27.3713],[-98.08774,27.37166],[-98.08469,27.37246],[-98.08214,27.37213],[-98.07876,27.37058],[-98.07613,27.37022],[-98.07518,27.36975],[-98.07382,27.36986],[-98.07391,27.3759],[-98.07442,27.37675],[-98.07647,27.37658],[-98.07712,27.37673],[-98.07789,27.37836],[-98.07841,27.37873],[-98.07947,27.37901],[-98.07953,27.38231],[-98.07105,27.38233],[-98.07054,27.38251],[-98.0709,27.38338],[-98.07097,27.3916],[-98.07122,27.3918],[-98.07914,27.39171],[-98.07955,27.39312],[-98.07958,27.39525],[-98.07823,27.39566],[-98.07637,27.39562]]]}},{"type":"Feature","properties":{"PRECINCT":"jim-wells:5","COUNTY":"Jim Wells"},"geometry":{"type":"Polygon","coordinates":[[[-98.22691,27.64514],[-98.20089,27.6452],[-98.20075,27.64406],[-98.19282,27.64359],[-98.18918,27.64405],[-98.18573,27.64416],[-98.18519,27.64393],[-98.18208,27.64102],[-98.18197,27.63834],[-98.18102,27.63785],[-98.18094,27.63372],[-98.17887,27.63375],[-98.17789,27.63341],[-98.1765,27.63341],[-98.1742,27.63289],[-98.17363,27.63258],[-98.17268,27.63251],[-98.17432,27.62611],[-98.17568,27.62247],[-98.17599,27.61709],[-98.17955,27.6171],[-98.17491,27.60963],[-98.17448,27.60932],[-98.17449,27.60882],[-98.17236,27.60553],[-98.18052,27.60134],[-98.18067,27.60046],[-98.18905,27.59605],[-98.18888,27.58636],[-98.18018,27.58752],[-98.14751,27.58771],[-98.14641,27.58755],[-98.14498,27.58699],[-98.1412,27.58394],[-98.13989,27.58331],[-98.13839,27.58296],[-98.09381,27.58319],[-98.09341,27.58708],[-98.09369,27.58789],[-98.09357,27.58841],[-98.09316,27.58847],[-98.09292,27.59028],[-98.09228,27.58992],[-98.08641,27.63385],[-98.08542,27.63355],[-98.08442,27.6325],[-98.08452,27.63123],[-98.08495,27.63042],[-98.08365,27.62934],[-98.08296,27.62801],[-98.08188,27.62729],[-98.08042,27.62735],[-98.07957,27.62669],[-98.07906,27.62663],[-98.07861,27.62579],[-98.07795,27.62546],[-98.07757,27.62458],[-98.07709,27.62411],[-98.07515,27.62255],[-98.07358,27.6222],[-98.07276,27.62115],[-98.07275,27.62077],[-98.07212,27.62099],[-98.07118,27.62015],[-98.0702,27.6201],[-98.06781,27.61909],[-98.06698,27.61914],[-98.06696,27.61884],[-98.06623,27.61874],[-98.0658,27.61768],[-98.064,27.61752],[-98.06363,27.61729],[-98.0633,27.61676],[-98.06333,27.61621],[-98.06234,27.61553],[-98.06188,27.61481],[-98.06145,27.61455],[-98.06131,27.61379],[-98.06166,27.61348],[-98.06146,27.61249],[-98.0604,27.61137],[-98.0602,27.611],[-98.06031,27.61005],[-98.05967,27.60923],[-98.05909,27.46965],[-98.15538,27.46925],[-98.15559,27.46889],[-98.15551,27.46174],[-98.15582,27.46153],[-98.23307,27.46114],[-98.23376,27.61152],[-98.2337,27.66745],[-98.22704,27.65655],[-98.22691,27.64514]]]}},{"type":"Feature","properties":{"PRECINCT":"jim-wells:6","COUNTY":"Jim Wells"},"geometry":{"type":"Polygon","coordinates":[[[-98.23449,27.78838],[-98.23092,27.7878],[-98.22997,27.78722],[-98.2286,27.78559],[-98.22743,27.78484],[-98.22529,27.78407],[-98.22261,27.78351],[-98.22175,27.78262],[-98.22016,27.7826],[-98.2197,27.78195],[-98.21878,27.78668],[-98.16066,27.78685],[-98.16057,27.76306],[-98.16079,27.76007],[-98.15965,27.75221],[-98.1463,27.75076],[-98.14609,27.68719],[-98.18414,27.68649],[-98.18438,27.68669],[-98.1845,27.6903],[-98.1926,27.69038],[-98.19328,27.71538],[-98.23415,27.71472],[-98.23444,27.72805],[-98.23413,27.74694],[-98.23449,27.75988],[-98.23449,27.78838]]]}},{"type":"Feature","properties":{"PRECINCT":"jim-wells:7","COUNTY":"Jim Wells"},"geometry":{"type":"Polygon","coordinates":[[[-98.01791,27.81415],[-98.01798,27.78512],[-98.01852,27.78369],[-98.01928,27.78269],[-98.02109,27.78135],[-98.02265,27.78056],[-98.06142,27.75311],[-98.06102,27.75145],[-98.06242,27.75086],[-98.06459,27.75038],[-98.06493,27.78098],[-98.05138,27.79114],[-98.04909,27.79228],[-98.0489,27.79308],[-98.04288,27.79767],[-98.04093,27.79988],[-98.04041,27.79985],[-98.031,27.81404],[-98.01791,27.81415]]]}},{"type":"Feature","properties":{"PRECINCT":"jim-wells:8","COUNTY":"Jim Wells"},"geometry":{"type":"Polygon","coordinates":[[[-97.85539,27.94907],[-97.898,27.91425],[-97.90247,27.91128],[-97.93427,27.8852],[-97.9338,27.84763],[-97.98999,27.84746],[-98.00816,27.84758],[-97.95973,27.91934],[-97.97069,27.92354],[-98.00504,27.93129],[-98.00662,27.93109],[-98.00805,27.93038],[-98.00912,27.9292],[-98.00959,27.92795],[-98.0096,27.91083],[-98.02057,27.91068],[-98.0224,27.91088],[-98.03933,27.92046],[-98.03997,27.92113],[-98.04036,28.0249],[-98.03573,28.02926],[-98.02732,28.04004],[-98.02359,28.05664],[-98.02307,28.05711],[-97.95032,28.05691],[-97.94459,28.04696],[-97.94173,28.04097],[-97.94158,28.03957],[-97.942,28.03072],[-97.94034,28.02376],[-97.93947,28.02205],[-97.93536,28.01898],[-97.93223,28.01591],[-97.91413,28.00045],[-97.9132,28.00001],[-97.90914,27.99934],[-97.90637,27.99782],[-97.90806,27.99543],[-97.88057,27.97342],[-97.86455,27.9585],[-97.85539,27.94907]]]}},{"type":"Feature","properties":{"PRECINCT":"jim-wells:9","COUNTY":"Jim Wells"},"geometry":{"type":"Polygon","coordinates":[[[-98.00992,27.74789],[-98.01002,27.74711],[-98.01069,27.74657],[-98.01117,27.7458],[-98.01083,27.74459],[-98.0098,27.74348],[-98.0089,27.7413],[-98.0092,27.74034],[-98.00884,27.73995],[-98.00657,27.73979],[-98.00561,27.73924],[-98.00557,27.73844],[-98.00669,27.73719],[-98.00387,27.73383],[-98.00293,27.73339],[-98.00001,27.73321],[-97.99851,27.73195],[-97.99806,27.72989],[-97.99758,27.72919],[-97.99485,27.72871],[-97.99261,27.72697],[-97.99177,27.72694],[-97.99151,27.72671],[-97.98488,27.72673],[-97.98491,27.72064],[-97.98438,27.71946],[-97.96616,27.71924],[-97.96602,27.70557],[-97.93775,27.70431],[-97.93848,27.69151],[-97.93954,27.67959],[-97.94215,27.63593],[-98.01798,27.63567],[-98.0299,27.63579],[-98.02918,27.63845],[-98.02723,27.64107],[-98.02009,27.64065],[-98.01901,27.64093],[-98.01621,27.6373],[-98.01348,27.63742],[-98.01386,27.64317],[-98.01427,27.64368],[-98.01425,27.64562],[-98.02357,27.64673],[-98.02362,27.64742],[-98.02297,27.64836],[-98.02255,27.64972],[-98.01638,27.64975],[-98.0151,27.65023],[-98.01403,27.65152],[-98.01398,27.65302],[-98.03094,27.67798],[-98.04001,27.69765],[-98.04278,27.6995],[-98.05513,27.71251],[-98.04006,27.71311],[-98.03984,27.71793],[-98.03992,27.72996],[-98.05877,27.72987],[-98.06003,27.7355],[-98.04273,27.73827],[-98.04475,27.74722],[-98.0595,27.74464],[-98.06052,27.74829],[-98.06193,27.74807],[-98.06256,27.75083],[-98.06102,27.75145],[-98.06142,27.75311],[-98.02265,27.78056],[-98.0209,27.78148],[-98.01916,27.78282],[-98.01882,27.78229],[-98.01882,27.78096],[-98.01799,27.78092],[-98.01809,27.76669],[-98.01431,27.76114],[-98.01638,27.76046],[-98.01545,27.75837],[-98.01395,27.75689],[-98.01266,27.75628],[-98.0119,27.75563],[-98.01146,27.75211],[-98.01154,27.75052],[-98.0112,27.74942],[-98.01017,27.74854],[-98.00992,27.74789]]]}},{"type":"Feature","properties":{"PRECINCT":"karnes:1","COUNTY":"Karnes"},"geometry":{"type":"Polygon","coordinates":[[[-97.85127,28.95119],[-97.85408,28.9491],[-97.85482,28.94748],[-97.85481,28.94678],[-97.85363,28.94456],[-97.85128,28.94394],[-97.84923,28.94222],[-97.84855,28.94225],[-97.84753,28.94277],[-97.84465,28.94486],[-97.84351,28.94433],[-97.84282,28.94428],[-97.84113,28.94454],[-97.8389,28.94451],[-97.83772,28.94408],[-97.83774,28.94187],[-97.83627,28.94026],[-97.83487,28.93796],[-97.83415,28.93762],[-97.83174,28.93687],[-97.83017,28.93689],[-97.82962,28.93702],[-97.82904,28.93764],[-97.82795,28.9382],[-97.82487,28.939],[-97.82153,28.93831],[-97.82045,28.93775],[-97.81998,28.93712],[-97.81998,28.93627],[-97.81949,28.9348],[-97.81961,28.93362],[-97.82,28.93338],[-97.82384,28.93261],[-97.82521,28.93176],[-97.8252,28.93081],[-97.8243,28.93001],[-97.82402,28.92871],[-97.8234,28.92822],[-97.8224,28.92789],[-97.82075,28.92789],[-97.81903,28.92713],[-97.81851,28.92726],[-97.81813,28.92788],[-97.81804,28.92911],[-97.81731,28.92992],[-97.81624,28.93202],[-97.81603,28.93491],[-97.81492,28.93622],[-97.81391,28.93674],[-97.81323,28.93625],[-97.81268,28.93537],[-97.81197,28.93203],[-97.81352,28.92974],[-97.81342,28.92894],[-97.80916,28.92059],[-97.80782,28.9192],[-97.80662,28.91883],[-97.81969,28.9068],[-97.82015,28.9069],[-97.85181,28.87922],[-97.86366,28.86853],[-97.86269,28.86748],[-97.86041,28.86291],[-97.86079,28.8636],[-97.87021,28.85535],[-97.87064,28.85536],[-97.87243,28.85687],[-97.87286,28.85687],[-97.8802,28.85025],[-97.89122,28.85991],[-97.89302,28.86175],[-97.89338,28.8633],[-97.89329,28.8822],[-97.89413,28.88254],[-97.89565,28.88383],[-97.89691,28.88387],[-97.89696,28.88283],[-97.89803,28.88285],[-97.89794,28.88484],[-97.90321,28.885],[-97.90331,28.88266],[-97.90627,28.88397],[-97.90887,28.88577],[-97.90885,28.88627],[-97.90992,28.88812],[-97.91034,28.88804],[-97.91097,28.89109],[-97.91206,28.89322],[-97.92259,28.90402],[-97.92338,28.90575],[-97.92889,28.92462],[-97.92968,28.92576],[-97.93095,28.92689],[-97.93438,28.92927],[-97.93411,28.92955],[-97.93333,28.92971],[-97.93213,28.931],[-97.93153,28.93126],[-97.93143,28.93196],[-97.92924,28.9318],[-97.92827,28.9309],[-97.92707,28.93056],[-97.9253,28.93075],[-97.92256,28.93164],[-97.92206,28.9321],[-97.9215,28.93394],[-97.92219,28.93745],[-97.92184,28.93801],[-97.92109,28.93851],[-97.91919,28.93904],[-97.91832,28.93884],[-97.9177,28.93801],[-97.91803,28.93657],[-97.91788,28.93581],[-97.91726,28.93527],[-97.91662,28.93532],[-97.91293,28.93794],[-97.91021,28.93889],[-97.90791,28.93903],[-97.90695,28.93941],[-97.90558,28.94086],[-97.9051,28.94179],[-97.90373,28.94275],[-97.90234,28.94439],[-97.90146,28.94485],[-97.9003,28.945],[-97.8992,28.94474],[-97.89618,28.94296],[-97.89538,28.94355],[-97.8953,28.9445],[-97.89493,28.94501],[-97.89368,28.94553],[-97.8925,28.94657],[-97.88929,28.94822],[-97.88649,28.94844],[-97.88334,28.94823],[-97.88153,28.94768],[-97.87736,28.94695],[-97.87514,28.94745],[-97.87442,28.94818],[-97.87467,28.95051],[-97.87514,28.9522],[-97.87466,28.95278],[-97.87325,28.95297],[-97.87231,28.95264],[-97.8709,28.95249],[-97.86904,28.95282],[-97.86554,28.95179],[-97.86254,28.95192],[-97.86074,28.95079],[-97.86011,28.95092],[-97.85703,28.95274],[-97.85331,28.9536],[-97.85202,28.95292],[-97.85142,28.95229],[-97.8512,28.95191],[-97.85127,28.95119]]]}},{"type":"Feature","properties":{"PRECINCT":"karnes:10","COUNTY":"Karnes"},"geometry":{"type":"Polygon","coordinates":[[[-97.99963,28.97714],[-97.99784,28.9769],[-97.99545,28.97715],[-97.99391,28.97671],[-97.99114,28.9745],[-97.98857,28.97335],[-97.98733,28.97026],[-97.98595,28.96981],[-97.98482,28.96908],[-97.98239,28.96427],[-97.9812,28.96264],[-97.9808,28.96114],[-97.98065,28.95796],[-97.98024,28.95702],[-97.97862,28.95614],[-97.97741,28.95481],[-97.9792,28.95411],[-97.98007,28.95415],[-97.98149,28.95459],[-97.97834,28.94897],[-97.97773,28.94898],[-97.97552,28.94599],[-97.97258,28.94407],[-97.97089,28.9426],[-97.96853,28.94206],[-97.96674,28.94001],[-97.96635,28.93885],[-97.96751,28.93895],[-97.96843,28.93845],[-97.96926,28.9384],[-97.97207,28.93882],[-97.97373,28.93871],[-97.97434,28.93785],[-97.97417,28.93744],[-97.97442,28.93711],[-97.97465,28.93564],[-97.97432,28.9344],[-97.97561,28.93349],[-97.97665,28.91159],[-97.98105,28.91157],[-97.98245,28.91127],[-97.98367,28.91049],[-97.98505,28.91012],[-97.98632,28.91034],[-97.98736,28.91155],[-97.9895,28.9117],[-97.99103,28.87634],[-98.00586,28.87541],[-98.00695,28.89829],[-98.00904,28.89858],[-98.00993,28.8992],[-98.01089,28.89934],[-98.01178,28.89982],[-98.01501,28.90296],[-98.01501,28.90335],[-98.01308,28.90548],[-98.01214,28.90569],[-98.01229,28.90626],[-98.01209,28.90651],[-98.01021,28.90761],[-98.0098,28.90852],[-98.02305,28.90851],[-98.02308,28.90087],[-98.02376,28.90042],[-98.02907,28.90037],[-98.03254,28.89964],[-98.03431,28.89966],[-98.03678,28.89881],[-98.0368,28.89799],[-98.03715,28.89778],[-98.05924,28.89874],[-98.05889,28.91074],[-98.0595,28.91067],[-98.05994,28.91012],[-98.06026,28.9101],[-98.06057,28.91076],[-98.06724,28.9108],[-98.06838,28.91003],[-98.06937,28.90973],[-98.0699,28.91054],[-98.07061,28.91085],[-98.06987,28.91204],[-98.07083,28.91236],[-98.07135,28.91298],[-98.071,28.91338],[-98.07081,28.91453],[-98.07015,28.91464],[-98.06993,28.91604],[-98.06904,28.91601],[-98.06864,28.91568],[-98.06786,28.91615],[-98.06645,28.91612],[-98.06634,28.91653],[-98.06666,28.91661],[-98.06699,28.91735],[-98.0653,28.91758],[-98.06503,28.91818],[-98.06513,28.91849],[-98.06417,28.91909],[-98.06349,28.91915],[-98.06248,28.91888],[-98.06182,28.91945],[-98.06165,28.92006],[-98.06206,28.92033],[-98.06239,28.92026],[-98.06264,28.92075],[-98.06202,28.92189],[-98.06266,28.92209],[-98.06259,28.92171],[-98.06312,28.92146],[-98.06339,28.92306],[-98.06329,28.92336],[-98.06287,28.92316],[-98.06248,28.92361],[-98.06243,28.92429],[-98.06131,28.92405],[-98.06099,28.92418],[-98.06136,28.92488],[-98.06129,28.92565],[-98.06794,28.92555],[-98.06858,28.92577],[-98.06869,28.92786],[-98.06781,28.92979],[-98.06854,28.93176],[-98.06857,28.93359],[-98.06992,28.93625],[-98.07097,28.93705],[-98.07069,28.93749],[-98.0708,28.93802],[-98.07159,28.93799],[-98.07189,28.93821],[-98.07136,28.93857],[-98.07093,28.93848],[-98.07021,28.93919],[-98.0681,28.93964],[-98.06756,28.93916],[-98.06647,28.93899],[-98.06406,28.94063],[-98.06102,28.94178],[-98.0578,28.94258],[-98.05368,28.94545],[-98.04973,28.94732],[-98.0476,28.94893],[-98.04448,28.9508],[-98.04352,28.95188],[-98.04276,28.95509],[-98.04295,28.95601],[-98.04432,28.95749],[-98.04447,28.95911],[-98.0452,28.96073],[-98.04369,28.96172],[-98.04223,28.96393],[-98.04057,28.96483],[-98.03933,28.9649],[-98.03849,28.96523],[-98.03743,28.96681],[-98.03418,28.96872],[-98.03171,28.9687],[-98.03118,28.96833],[-98.02781,28.96382],[-98.02624,28.96317],[-98.02491,28.96356],[-98.02401,28.96442],[-98.02108,28.96924],[-98.0203,28.97146],[-98.02044,28.97221],[-98.0213,28.97291],[-98.02099,28.97356],[-98.02127,28.97485],[-98.02124,28.97656],[-98.0205,28.97748],[-98.019,28.97788],[-98.01723,28.97801],[-98.0148,28.97701],[-98.01064,28.97722],[-98.0088,28.97768],[-98.00589,28.97933],[-98.00447,28.97974],[-98.0039,28.97921],[-98.00203,28.97861],[-97.99963,28.97714]]]}},{"type":"Feature","properties":{"PRECINCT":"karnes:11","COUNTY":"Karnes"},"geometry":{"type":"Polygon","coordinates":[[[-97.90765,28.87477],[-97.9044,28.87471],[-97.90325,28.87307],[-97.90123,28.87092],[-97.90123,28.87065],[-97.89322,28.86171],[-97.89302,28.86175],[-97.89122,28.85991],[-97.87412,28.8448],[-97.87281,28.84301],[-97.86946,28.8361],[-97.86795,28.83435],[-97.8645,28.83132],[-97.86286,28.83274],[-97.86002,28.83043],[-97.85979,28.83037],[-97.85952,28.83061],[-97.85706,28.82854],[-97.85611,28.82849],[-97.85573,28.82785],[-97.85706,28.82707],[-97.85852,28.82583],[-97.85437,28.82235],[-97.85227,28.81789],[-97.85435,28.81714],[-97.85606,28.8161],[-97.87372,28.80043],[-97.88177,28.79556],[-97.89404,28.78387],[-97.90202,28.77427],[-97.937,28.74269],[-97.93734,28.743],[-97.93764,28.74279],[-97.93762,28.74214],[-97.95063,28.73045],[-97.99383,28.69901],[-97.9969,28.69589],[-97.99826,28.69365],[-97.99885,28.69221],[-98.00525,28.69024],[-98.05731,28.74384],[-98.09391,28.78253],[-98.10427,28.79292],[-98.09125,28.79506],[-98.08866,28.79611],[-98.05867,28.81833],[-98.05664,28.81962],[-98.0552,28.82025],[-97.97879,28.84464],[-97.97445,28.84635],[-97.94155,28.85717],[-97.93926,28.85872],[-97.91725,28.8771],[-97.91466,28.87852],[-97.91249,28.87904],[-97.90762,28.87917],[-97.90747,28.8766],[-97.90765,28.87477]]]}},{"type":"Feature","properties":{"PRECINCT":"karnes:12","COUNTY":"Karnes"},"geometry":{"type":"Polygon","coordinates":[[[-97.96344,28.95197],[-97.96318,28.95096],[-97.96339,28.94879],[-97.9642,28.94747],[-97.96419,28.94702],[-97.96263,28.94626],[-97.96167,28.94549],[-97.95847,28.94253],[-97.95647,28.94026],[-97.95452,28.93909],[-97.95428,28.93802],[-97.95434,28.93489],[-97.95421,28.93425],[-97.95391,28.93401],[-97.95253,28.93395],[-97.94878,28.93722],[-97.94767,28.93737],[-97.9466,28.93685],[-97.94613,28.93585],[-97.94632,28.93426],[-97.94711,28.93277],[-97.94726,28.93191],[-97.94687,28.93097],[-97.94612,28.93067],[-97.94391,28.93143],[-97.94157,28.93119],[-97.94001,28.93144],[-97.93568,28.93332],[-97.93261,28.93556],[-97.93184,28.93555],[-97.93072,28.9348],[-97.92924,28.9318],[-97.93143,28.93196],[-97.93153,28.93126],[-97.93213,28.931],[-97.93333,28.92971],[-97.93411,28.92955],[-97.93438,28.92927],[-97.93095,28.92689],[-97.92968,28.92576],[-97.92889,28.92462],[-97.92338,28.90575],[-97.92259,28.90402],[-97.91206,28.89322],[-97.91097,28.89109],[-97.91034,28.88804],[-97.90992,28.88812],[-97.90885,28.88627],[-97.90887,28.88577],[-97.90627,28.88397],[-97.90331,28.88266],[-97.90321,28.885],[-97.89794,28.88484],[-97.89803,28.88285],[-97.89696,28.88283],[-97.89691,28.88387],[-97.89565,28.88383],[-97.89413,28.88254],[-97.89329,28.8822],[-97.89338,28.8633],[-97.89302,28.86175],[-97.89322,28.86171],[-97.90123,28.87065],[-97.90123,28.87092],[-97.90325,28.87307],[-97.9044,28.87471],[-97.90765,28.87477],[-97.90747,28.8766],[-97.90762,28.87917],[-97.91249,28.87904],[-97.91466,28.87852],[-97.91684,28.87741],[-97.93926,28.85872],[-97.94155,28.85717],[-97.97445,28.84635],[-97.9778,28.84497],[-97.97795,28.84882],[-97.98168,28.84886],[-97.98177,28.85956],[-97.98158,28.85971],[-97.98016,28.85969],[-97.97997,28.86007],[-97.98009,28.877],[-97.99103,28.87634],[-97.9895,28.9117],[-97.98736,28.91155],[-97.98632,28.91034],[-97.98505,28.91012],[-97.98367,28.91049],[-97.98245,28.91127],[-97.98105,28.91157],[-97.97665,28.91159],[-97.97561,28.93349],[-97.97432,28.9344],[-97.97465,28.93564],[-97.97442,28.93711],[-97.97417,28.93744],[-97.97434,28.93785],[-97.97373,28.93871],[-97.97207,28.93882],[-97.96926,28.9384],[-97.96843,28.93845],[-97.96751,28.93895],[-97.96635,28.93885],[-97.96674,28.94001],[-97.96872,28.94222],[-97.97089,28.9426],[-97.97375,28.94484],[-97.97169,28.94762],[-97.97105,28.94733],[-97.97016,28.94728],[-97.96945,28.94772],[-97.96934,28.94828],[-97.97011,28.94998],[-97.96984,28.95087],[-97.96904,28.95167],[-97.96718,28.95186],[-97.96475,28.95258],[-97.96403,28.9525],[-97.96344,28.95197]]]}},{"type":"Feature","properties":{"PRECINCT":"karnes:13","COUNTY":"Karnes"},"geometry":{"type":"Polygon","coordinates":[[[-98.04023,28.87509],[-98.0349,28.86949],[-98.02542,28.87365],[-98.02155,28.87442],[-97.98009,28.877],[-97.97997,28.86007],[-97.98016,28.85969],[-97.98158,28.85971],[-97.98177,28.85956],[-97.98171,28.849],[-97.98147,28.84878],[-97.97795,28.84882],[-97.9778,28.84497],[-98.05584,28.82],[-98.05867,28.81833],[-98.08866,28.79611],[-98.09125,28.79506],[-98.10427,28.79292],[-98.12796,28.81715],[-98.11591,28.82599],[-98.1154,28.82728],[-98.08544,28.84953],[-98.08525,28.84983],[-98.0854,28.85022],[-98.09022,28.8553],[-98.07442,28.86851],[-98.07396,28.86867],[-98.07342,28.86943],[-98.06165,28.87927],[-98.06145,28.8793],[-98.06053,28.87834],[-98.04023,28.87509]]]}},{"type":"Feature","properties":{"PRECINCT":"karnes:14","COUNTY":"Karnes"},"geometry":{"type":"Polygon","coordinates":[[[-97.79891,28.90968],[-97.79773,28.90924],[-97.79691,28.90806],[-97.79635,28.90764],[-97.79317,28.90651],[-97.79176,28.9048],[-97.78998,28.90348],[-97.78758,28.90343],[-97.78663,28.90286],[-97.78636,28.90159],[-97.78676,28.90094],[-97.79035,28.89903],[-97.7909,28.89807],[-97.79113,28.89735],[-97.79121,28.8939],[-97.791,28.89277],[-97.7899,28.89137],[-97.78967,28.88996],[-97.78841,28.8888],[-97.78737,28.8871],[-97.78563,28.88507],[-97.7842,28.88476],[-97.78229,28.88555],[-97.78035,28.8859],[-97.77886,28.88765],[-97.77714,28.88833],[-97.77483,28.88673],[-97.77429,28.88611],[-97.77363,28.88496],[-97.77338,28.88356],[-97.77296,28.883],[-97.76931,28.88295],[-97.76838,28.88219],[-97.76814,28.88144],[-97.76827,28.88077],[-97.76903,28.87957],[-97.7709,28.87815],[-97.77247,28.87728],[-97.77336,28.87627],[-97.77373,28.87468],[-97.77347,28.87328],[-97.77273,28.87292],[-97.77153,28.87352],[-97.77002,28.87329],[-97.76806,28.87489],[-97.76588,28.87814],[-97.76468,28.87927],[-97.7635,28.88003],[-97.76128,28.88075],[-97.75946,28.88087],[-97.7569,28.88057],[-97.75604,28.87986],[-97.75472,28.87814],[-97.75446,28.87749],[-97.75475,28.87704],[-97.75445,28.87622],[-97.75462,28.87504],[-97.75437,28.87485],[-97.75333,28.8751],[-97.75297,28.87477],[-97.75293,28.87427],[-97.7534,28.8739],[-97.755,28.87417],[-97.75589,28.87458],[-97.75664,28.87416],[-97.75714,28.87351],[-97.75709,28.8728],[-97.75539,28.86946],[-97.75706,28.86481],[-97.7571,28.86389],[-97.75677,28.86337],[-97.75584,28.86287],[-97.75416,28.86287],[-97.75309,28.86253],[-97.75094,28.86083],[-97.74938,28.8588],[-97.74907,28.85592],[-97.74834,28.85506],[-97.7479,28.85389],[-97.74818,28.85335],[-97.75033,28.85339],[-97.75133,28.85201],[-97.75175,28.8519],[-97.75296,28.85214],[-97.75371,28.85174],[-97.75362,28.84942],[-97.75241,28.84795],[-97.75179,28.84769],[-97.75115,28.84778],[-97.74894,28.84855],[-97.74869,28.84877],[-97.74874,28.8493],[-97.74922,28.84982],[-97.74938,28.85043],[-97.74883,28.85088],[-97.74493,28.85185],[-97.74328,28.85158],[-97.74031,28.85172],[-97.73991,28.85197],[-97.73966,28.85274],[-97.74073,28.85414],[-97.74073,28.85472],[-97.73603,28.8554],[-97.73505,28.85479],[-97.73413,28.8533],[-97.73601,28.8514],[-97.73783,28.85003],[-97.73809,28.84933],[-97.73653,28.84823],[-97.73462,28.84516],[-97.73363,28.84457],[-97.72306,28.84202],[-97.7222,28.84161],[-97.72198,28.84127],[-97.72137,28.83369],[-97.72328,28.83196],[-97.72747,28.82998],[-97.7287,28.82875],[-97.72886,28.82805],[-97.72843,28.82407],[-97.7277,28.82169],[-97.72709,28.81643],[-97.72642,28.81324],[-97.72544,28.81106],[-97.72342,28.80856],[-97.72393,28.80783],[-97.72456,28.80743],[-97.72453,28.80687],[-97.72526,28.8071],[-97.72564,28.80651],[-97.72614,28.80642],[-97.72604,28.80596],[-97.72653,28.8049],[-97.72546,28.80453],[-97.72528,28.80403],[-97.72547,28.80342],[-97.72608,28.80353],[-97.7266,28.80333],[-97.72692,28.80391],[-97.72927,28.80361],[-97.72938,28.8034],[-97.72898,28.80303],[-97.72802,28.80293],[-97.72799,28.80248],[-97.73023,28.80232],[-97.73226,28.80148],[-97.73311,28.80163],[-97.73324,28.80228],[-97.7336,28.80267],[-97.73452,28.80288],[-97.73614,28.8021],[-97.73658,28.80252],[-97.73632,28.80332],[-97.73646,28.80356],[-97.73698,28.80363],[-97.7403,28.8067],[-97.76366,28.7854],[-97.76792,28.78772],[-97.80002,28.80127],[-97.80203,28.80229],[-97.80791,28.80734],[-97.81429,28.817],[-97.81557,28.818],[-97.81759,28.81874],[-97.83121,28.81552],[-97.83288,28.81548],[-97.83259,28.81576],[-97.83561,28.81723],[-97.836,28.81708],[-97.83589,28.80878],[-97.83306,28.80882],[-97.83251,28.80738],[-97.83313,28.80676],[-97.83436,28.8067],[-97.8344,28.8082],[-97.8383,28.80798],[-97.83782,28.80456],[-97.83848,28.80453],[-97.83885,28.80476],[-97.83922,28.80743],[-97.84048,28.80748],[-97.84085,28.81008],[-97.84352,28.81007],[-97.84445,28.80811],[-97.84536,28.8079],[-97.84535,28.80744],[-97.84428,28.80744],[-97.84424,28.80589],[-97.84392,28.80584],[-97.84372,28.80409],[-97.85113,28.80404],[-97.85028,28.80852],[-97.84735,28.81512],[-97.84914,28.81903],[-97.85018,28.81865],[-97.85104,28.82051],[-97.84862,28.82123],[-97.84617,28.82227],[-97.84667,28.82345],[-97.84467,28.82423],[-97.84479,28.82474],[-97.84705,28.82427],[-97.84744,28.82471],[-97.84685,28.82536],[-97.84663,28.82601],[-97.84682,28.82665],[-97.84765,28.8276],[-97.84719,28.82885],[-97.84716,28.82964],[-97.84954,28.82925],[-97.84841,28.8341],[-97.84862,28.8364],[-97.84946,28.83763],[-97.85496,28.84323],[-97.85602,28.84452],[-97.85652,28.84552],[-97.85864,28.85891],[-97.86216,28.86648],[-97.86269,28.86748],[-97.86366,28.86853],[-97.85181,28.87922],[-97.82015,28.9069],[-97.81969,28.9068],[-97.80662,28.91883],[-97.803,28.91813],[-97.80092,28.91729],[-97.79413,28.91631],[-97.79344,28.91603],[-97.79293,28.91474],[-97.79308,28.91409],[-97.79445,28.91303],[-97.79621,28.91263],[-97.79835,28.91141],[-97.79892,28.9106],[-97.79891,28.90968]]]}},{"type":"Feature","properties":{"PRECINCT":"karnes:15","COUNTY":"Karnes"},"geometry":{"type":"Polygon","coordinates":[[[-97.85864,28.85891],[-97.85652,28.84552],[-97.85602,28.84452],[-97.85496,28.84323],[-97.84946,28.83763],[-97.84862,28.8364],[-97.84841,28.8341],[-97.84954,28.82925],[-97.84716,28.82964],[-97.84719,28.82885],[-97.84765,28.8276],[-97.84682,28.82665],[-97.84663,28.82601],[-97.84685,28.82536],[-97.84744,28.82471],[-97.84705,28.82427],[-97.84479,28.82474],[-97.84467,28.82423],[-97.84667,28.82345],[-97.84617,28.82227],[-97.84862,28.82123],[-97.85104,28.82051],[-97.85018,28.81865],[-97.85227,28.81789],[-97.85437,28.82235],[-97.85852,28.82583],[-97.85706,28.82707],[-97.85573,28.82785],[-97.85611,28.82849],[-97.85706,28.82854],[-97.85952,28.83061],[-97.85979,28.83037],[-97.86002,28.83043],[-97.86286,28.83274],[-97.8645,28.83132],[-97.86795,28.83435],[-97.86946,28.8361],[-97.87357,28.84417],[-97.8802,28.85025],[-97.87286,28.85687],[-97.87232,28.85681],[-97.87064,28.85536],[-97.87011,28.85541],[-97.86079,28.8636],[-97.85864,28.85891]]]}},{"type":"Feature","properties":{"PRECINCT":"karnes:2","COUNTY":"Karnes"},"geometry":{"type":"Polygon","coordinates":[[[-97.81485,29.03751],[-97.81534,29.03399],[-97.82411,29.03394],[-97.8244,29.03213],[-97.82546,29.03112],[-97.8321,29.03563],[-97.83555,29.03206],[-97.83592,29.03195],[-97.83829,29.03548],[-97.84656,29.03121],[-97.84414,29.02701],[-97.8442,29.02643],[-97.86092,29.01832],[-97.85217,29.00466],[-97.84345,28.99449],[-97.86284,28.97294],[-97.86029,28.97291],[-97.8615,28.97032],[-97.86081,28.96893],[-97.86092,28.96762],[-97.86061,28.96709],[-97.86097,28.9667],[-97.86035,28.96528],[-97.86166,28.96478],[-97.86177,28.96427],[-97.86114,28.96372],[-97.86055,28.96427],[-97.85984,28.9634],[-97.86078,28.96063],[-97.86037,28.95998],[-97.86052,28.95915],[-97.8602,28.95867],[-97.86053,28.95843],[-97.86068,28.95779],[-97.86019,28.95752],[-97.86025,28.95649],[-97.85966,28.95632],[-97.85949,28.95593],[-97.85865,28.95653],[-97.85835,28.95645],[-97.85816,28.956],[-97.85873,28.95558],[-97.85921,28.95472],[-97.85887,28.9533],[-97.85864,28.95304],[-97.85757,28.95322],[-97.85703,28.95274],[-97.86011,28.95092],[-97.86106,28.9509],[-97.86254,28.95192],[-97.86554,28.95179],[-97.86904,28.95282],[-97.8709,28.95249],[-97.87231,28.95264],[-97.87325,28.95297],[-97.8741,28.95287],[-97.87512,28.95245],[-97.87467,28.95051],[-97.87446,28.948],[-97.87514,28.94745],[-97.87586,28.94722],[-97.87736,28.94695],[-97.88431,28.94832],[-97.88649,28.94844],[-97.88929,28.94822],[-97.8925,28.94657],[-97.89368,28.94553],[-97.89493,28.94501],[-97.8953,28.9445],[-97.89538,28.94355],[-97.89618,28.94296],[-97.8992,28.94474],[-97.9003,28.945],[-97.90146,28.94485],[-97.90234,28.94439],[-97.90373,28.94275],[-97.9051,28.94179],[-97.90558,28.94086],[-97.90695,28.93941],[-97.90791,28.93903],[-97.91021,28.93889],[-97.91293,28.93794],[-97.91662,28.93532],[-97.91726,28.93527],[-97.91788,28.93581],[-97.91803,28.93657],[-97.9177,28.93801],[-97.91832,28.93884],[-97.91919,28.93904],[-97.92109,28.93851],[-97.92184,28.93801],[-97.92219,28.93745],[-97.9215,28.93394],[-97.92206,28.9321],[-97.92256,28.93164],[-97.92394,28.93111],[-97.92622,28.93057],[-97.92707,28.93056],[-97.92827,28.9309],[-97.92924,28.9318],[-97.93072,28.9348],[-97.93184,28.93555],[-97.93288,28.93546],[-97.93568,28.93332],[-97.94001,28.93144],[-97.94157,28.93119],[-97.94391,28.93143],[-97.94612,28.93067],[-97.94687,28.93097],[-97.94726,28.93191],[-97.94711,28.93277],[-97.94632,28.93426],[-97.94613,28.93585],[-97.9466,28.93685],[-97.94767,28.93737],[-97.94878,28.93722],[-97.95253,28.93395],[-97.95408,28.93411],[-97.95434,28.93489],[-97.95428,28.93802],[-97.95452,28.93909],[-97.95647,28.94026],[-97.95847,28.94253],[-97.96167,28.94549],[-97.96263,28.94626],[-97.96419,28.94702],[-97.9642,28.94747],[-97.96339,28.94879],[-97.96318,28.95096],[-97.96344,28.95197],[-97.96403,28.9525],[-97.96511,28.95251],[-97.96718,28.95186],[-97.96868,28.95183],[-97.96947,28.95135],[-97.97011,28.94998],[-97.96934,28.94828],[-97.96945,28.94772],[-97.97016,28.94728],[-97.97105,28.94733],[-97.97169,28.94762],[-97.97375,28.94484],[-97.97552,28.94599],[-97.97773,28.94898],[-97.97834,28.94897],[-97.98149,28.95459],[-97.97947,28.95409],[-97.97808,28.95448],[-97.94087,28.97264],[-97.94034,28.97286],[-97.94019,28.97274],[-97.93912,28.97091],[-97.92118,28.97967],[-97.92401,28.98294],[-97.92591,28.98638],[-97.92718,28.98778],[-97.92827,28.98859],[-97.92931,28.9885],[-97.93032,28.98804],[-97.93089,28.98831],[-97.93051,28.98957],[-97.93057,28.99065],[-97.93092,28.99123],[-97.93072,28.99163],[-97.92932,28.99228],[-97.92849,28.99211],[-97.92729,28.99234],[-97.92692,28.99223],[-97.92619,28.99111],[-97.92554,28.99171],[-97.92955,29.00164],[-97.92996,29.00412],[-97.93047,29.01195],[-97.92706,29.01373],[-97.92594,29.01502],[-97.92066,29.01764],[-97.91953,29.01699],[-97.91888,29.0169],[-97.91401,29.01864],[-97.91352,29.01895],[-97.91238,29.02071],[-97.90731,29.02265],[-97.90616,29.01783],[-97.90444,29.01513],[-97.9011,29.01105],[-97.87435,29.02467],[-97.87303,29.02832],[-97.87163,29.02978],[-97.85347,29.0386],[-97.85188,29.03984],[-97.83629,29.0474],[-97.83368,29.04894],[-97.82552,29.05286],[-97.8246,29.05308],[-97.82329,29.05311],[-97.82071,29.05251],[-97.81607,29.05006],[-97.81611,29.03987],[-97.81485,29.03751]]]}},{"type":"Feature","properties":{"PRECINCT":"karnes:3","COUNTY":"Karnes"},"geometry":{"type":"Polygon","coordinates":[[[-97.62496,29.1008],[-97.63021,29.09836],[-97.66131,29.07529],[-97.67919,29.06251],[-97.67963,29.06299],[-97.67967,29.06476],[-97.6771,29.06555],[-97.68086,29.07384],[-97.68097,29.07436],[-97.68034,29.07546],[-97.68385,29.07554],[-97.68663,29.07503],[-97.68814,29.07684],[-97.69049,29.07863],[-97.69143,29.07989],[-97.69331,29.08044],[-97.69359,29.08119],[-97.69524,29.08174],[-97.69568,29.08241],[-97.69654,29.08271],[-97.70032,29.08208],[-97.70767,29.0993],[-97.74972,29.08581],[-97.75052,29.08633],[-97.75366,29.09214],[-97.76475,29.09221],[-97.77323,29.10054],[-97.7733,29.10012],[-97.77274,29.09953],[-97.77288,29.09932],[-97.77427,29.09885],[-97.77489,29.0982],[-97.77579,29.09807],[-97.7762,29.09722],[-97.77657,29.09695],[-97.77812,29.09683],[-97.77945,29.09639],[-97.77898,29.0948],[-97.77923,29.09362],[-97.77983,29.093],[-97.78104,29.09282],[-97.78201,29.09331],[-97.7823,29.09255],[-97.78287,29.09221],[-97.78352,29.09262],[-97.78415,29.09255],[-97.78492,29.0907],[-97.78753,29.08975],[-97.79002,29.07885],[-97.79264,29.07115],[-97.79919,29.07121],[-97.80091,29.07101],[-97.80725,29.0712],[-97.80566,29.07674],[-97.80493,29.08102],[-97.80533,29.08446],[-97.80634,29.0872],[-97.80395,29.0907],[-97.79867,29.10148],[-97.80176,29.10139],[-97.80692,29.09601],[-97.8187,29.09607],[-97.811,29.09998],[-97.8362,29.13767],[-97.83774,29.14161],[-97.72844,29.22175],[-97.62912,29.12527],[-97.6253,29.12134],[-97.61313,29.10976],[-97.62496,29.1008]]]}},{"type":"Feature","properties":{"PRECINCT":"karnes:4","COUNTY":"Karnes"},"geometry":{"type":"Polygon","coordinates":[[[-97.81473,28.81743],[-97.80752,28.80691],[-97.7902,28.79213],[-97.80198,28.78139],[-97.80678,28.78546],[-97.81668,28.77648],[-97.81333,28.77348],[-97.81316,28.7694],[-97.81282,28.7686],[-97.79248,28.75147],[-97.801,28.74821],[-97.80111,28.74642],[-97.8018,28.74647],[-97.80187,28.74772],[-97.80244,28.74832],[-97.80297,28.74839],[-97.80335,28.74813],[-97.80383,28.74725],[-97.80523,28.7468],[-97.80497,28.74602],[-97.80589,28.74518],[-97.80707,28.74479],[-97.80757,28.74491],[-97.80759,28.7452],[-97.80778,28.74473],[-97.80826,28.74433],[-97.80853,28.7444],[-97.80903,28.74374],[-97.81114,28.74337],[-97.81144,28.74277],[-97.81162,28.74283],[-97.8113,28.74317],[-97.81292,28.74303],[-97.81377,28.74149],[-97.81443,28.74106],[-97.81477,28.74111],[-97.81509,28.74158],[-97.81581,28.74117],[-97.81779,28.74092],[-97.81516,28.73864],[-97.81966,28.7345],[-97.81836,28.73327],[-97.81854,28.73298],[-97.81826,28.7326],[-97.81839,28.73194],[-97.81976,28.73062],[-97.82009,28.72967],[-97.82117,28.72937],[-97.8225,28.72811],[-97.8229,28.7274],[-97.81675,28.7039],[-97.82359,28.70163],[-97.8256,28.70013],[-97.81441,28.67357],[-97.82322,28.67082],[-97.82296,28.67056],[-97.82531,28.67034],[-97.82584,28.67082],[-97.8264,28.67264],[-97.82631,28.67312],[-97.82556,28.67348],[-97.82606,28.6746],[-97.82849,28.67723],[-97.82969,28.67801],[-97.83042,28.678],[-97.83089,28.6776],[-97.83151,28.67589],[-97.83246,28.6755],[-97.83399,28.67559],[-97.83425,28.67593],[-97.83394,28.67726],[-97.83428,28.67769],[-97.83515,28.67805],[-97.83541,28.68015],[-97.83573,28.68041],[-97.83743,28.68058],[-97.83757,28.67966],[-97.8381,28.67935],[-97.83871,28.67965],[-97.83883,28.68084],[-97.83929,28.68128],[-97.83975,28.68127],[-97.84105,28.68049],[-97.84238,28.68163],[-97.84355,28.68151],[-97.84606,28.68305],[-97.84736,28.68339],[-97.85061,28.68369],[-97.85217,28.6848],[-97.85292,28.68509],[-97.85475,28.68531],[-97.85602,28.68496],[-97.85713,28.68416],[-97.85818,28.68427],[-97.86023,28.68544],[-97.86137,28.68567],[-97.86296,28.68644],[-97.86468,28.68765],[-97.86579,28.68884],[-97.86678,28.68941],[-97.8678,28.68964],[-97.87067,28.68952],[-97.87283,28.69027],[-97.87357,28.69123],[-97.87579,28.69143],[-97.87575,28.69202],[-97.87672,28.69253],[-97.87672,28.6935],[-97.87743,28.69367],[-97.87754,28.6931],[-97.87939,28.69372],[-97.87944,28.69411],[-97.87903,28.69449],[-97.87923,28.69485],[-97.879,28.69536],[-97.87941,28.6959],[-97.88009,28.69571],[-97.88014,28.69498],[-97.88071,28.69458],[-97.88123,28.695],[-97.88082,28.69599],[-97.88137,28.69651],[-97.88208,28.69645],[-97.88251,28.69587],[-97.88368,28.69545],[-97.88426,28.69573],[-97.88434,28.69595],[-97.88393,28.69626],[-97.88393,28.69689],[-97.88429,28.69817],[-97.88465,28.69853],[-97.88553,28.69844],[-97.88565,28.69801],[-97.88595,28.69795],[-97.88641,28.6989],[-97.88723,28.69898],[-97.88908,28.69991],[-97.88952,28.69987],[-97.88979,28.69939],[-97.89079,28.69973],[-97.89105,28.69914],[-97.89159,28.69972],[-97.89211,28.69916],[-97.89266,28.69976],[-97.89334,28.69997],[-97.89344,28.70055],[-97.89268,28.70139],[-97.89293,28.70192],[-97.89178,28.70266],[-97.89191,28.70325],[-97.89258,28.70387],[-97.89281,28.70348],[-97.89309,28.70343],[-97.89304,28.70462],[-97.89335,28.70501],[-97.89453,28.70476],[-97.89462,28.70415],[-97.89509,28.70398],[-97.89582,28.70464],[-97.89662,28.70461],[-97.89674,28.70532],[-97.89777,28.70566],[-97.89833,28.70865],[-97.89941,28.71025],[-97.90028,28.7102],[-97.90088,28.71059],[-97.90089,28.71079],[-97.90037,28.71106],[-97.9004,28.71134],[-97.90075,28.71171],[-97.90129,28.71179],[-97.90197,28.71292],[-97.90417,28.71285],[-97.905,28.71348],[-97.90558,28.71311],[-97.90711,28.7133],[-97.90822,28.71418],[-97.9094,28.71451],[-97.91086,28.7164],[-97.91239,28.71768],[-97.91403,28.71855],[-97.91413,28.71914],[-97.91453,28.71952],[-97.91511,28.71965],[-97.91602,28.71923],[-97.91624,28.71866],[-97.91667,28.71835],[-97.91697,28.71832],[-97.91814,28.71916],[-97.94402,28.71036],[-97.98629,28.69655],[-97.99885,28.69221],[-97.99826,28.69365],[-97.9969,28.69589],[-97.99383,28.69901],[-97.94975,28.7312],[-97.93762,28.74214],[-97.93764,28.74279],[-97.93734,28.743],[-97.937,28.74269],[-97.90166,28.77461],[-97.89404,28.78387],[-97.88177,28.79556],[-97.87372,28.80043],[-97.85548,28.81654],[-97.85435,28.81714],[-97.84914,28.81903],[-97.84735,28.81512],[-97.85028,28.80852],[-97.85113,28.80404],[-97.84372,28.80409],[-97.84392,28.80584],[-97.84424,28.80589],[-97.84428,28.80744],[-97.84535,28.80744],[-97.84536,28.8079],[-97.84445,28.80811],[-97.84352,28.81007],[-97.84085,28.81008],[-97.84048,28.80748],[-97.83922,28.80743],[-97.83885,28.80476],[-97.83848,28.80453],[-97.83782,28.80456],[-97.8383,28.80798],[-97.8344,28.8082],[-97.83436,28.8067],[-97.83313,28.80676],[-97.83251,28.80738],[-97.83306,28.80882],[-97.83589,28.80878],[-97.836,28.81708],[-97.83561,28.81723],[-97.83259,28.81576],[-97.83288,28.81548],[-97.83121,28.81552],[-97.81759,28.81874],[-97.81589,28.81815],[-97.81473,28.81743]]]}},{"type":"Feature","properties":{"PRECINCT":"karnes:5","COUNTY":"Karnes"},"geometry":{"type":"Polygon","coordinates":[[[-97.72007,28.96951],[-97.57464,28.8133],[-97.65378,28.75696],[-97.65462,28.75887],[-97.65651,28.76074],[-97.65901,28.76186],[-97.66201,28.76264],[-97.66859,28.76336],[-97.67563,28.76186],[-97.67704,28.76124],[-97.6782,28.76039],[-97.6801,28.75757],[-97.68056,28.75498],[-97.68051,28.75383],[-97.67999,28.75202],[-97.68016,28.75075],[-97.6829,28.75005],[-97.68787,28.75009],[-97.68913,28.75057],[-97.69035,28.75191],[-97.69127,28.75351],[-97.69329,28.75579],[-97.69385,28.75863],[-97.69589,28.76249],[-97.69634,28.76483],[-97.6958,28.76579],[-97.69388,28.76764],[-97.69337,28.76858],[-97.69305,28.77262],[-97.69392,28.77339],[-97.69637,28.77391],[-97.69733,28.77439],[-97.69773,28.77621],[-97.69843,28.77637],[-97.69982,28.7762],[-97.70132,28.77676],[-97.70254,28.77693],[-97.70322,28.77755],[-97.70395,28.77871],[-97.70408,28.78178],[-97.70495,28.78477],[-97.70545,28.79242],[-97.708,28.79385],[-97.71117,28.79654],[-97.71285,28.79862],[-97.71354,28.80004],[-97.7148,28.80115],[-97.71603,28.80275],[-97.7156,28.80388],[-97.71403,28.80551],[-97.71323,28.80575],[-97.71234,28.80542],[-97.71196,28.80548],[-97.7122,28.8063],[-97.71342,28.80744],[-97.7142,28.80775],[-97.71513,28.8078],[-97.7164,28.80759],[-97.71868,28.80678],[-97.72107,28.80672],[-97.72254,28.80761],[-97.72465,28.80999],[-97.72604,28.81211],[-97.72709,28.81643],[-97.7275,28.82041],[-97.72843,28.82407],[-97.72886,28.82805],[-97.7287,28.82875],[-97.72747,28.82998],[-97.72328,28.83196],[-97.72137,28.83369],[-97.72181,28.83995],[-97.7222,28.84161],[-97.72306,28.84202],[-97.725,28.84238],[-97.72775,28.84324],[-97.73363,28.84457],[-97.73462,28.84516],[-97.73653,28.84823],[-97.73809,28.84933],[-97.73783,28.85003],[-97.73601,28.8514],[-97.73413,28.8533],[-97.73505,28.85479],[-97.73603,28.8554],[-97.74073,28.85472],[-97.74073,28.85414],[-97.73966,28.85274],[-97.73991,28.85197],[-97.74031,28.85172],[-97.74328,28.85158],[-97.74493,28.85185],[-97.74883,28.85088],[-97.74938,28.85043],[-97.74922,28.84982],[-97.74874,28.8493],[-97.74869,28.84877],[-97.74894,28.84855],[-97.75115,28.84778],[-97.75179,28.84769],[-97.75241,28.84795],[-97.75362,28.84942],[-97.75371,28.85174],[-97.75296,28.85214],[-97.75175,28.8519],[-97.75133,28.85201],[-97.75033,28.85339],[-97.74818,28.85335],[-97.7479,28.85389],[-97.74834,28.85506],[-97.74907,28.85592],[-97.74938,28.8588],[-97.75094,28.86083],[-97.75309,28.86253],[-97.75416,28.86287],[-97.75584,28.86287],[-97.75677,28.86337],[-97.7571,28.86389],[-97.75706,28.86481],[-97.75539,28.86946],[-97.75709,28.8728],[-97.75714,28.87351],[-97.75664,28.87416],[-97.75589,28.87458],[-97.755,28.87417],[-97.7534,28.8739],[-97.75298,28.87414],[-97.75291,28.87456],[-97.75333,28.8751],[-97.75437,28.87485],[-97.75462,28.87504],[-97.75445,28.87622],[-97.75475,28.87704],[-97.75449,28.87768],[-97.75604,28.87986],[-97.75729,28.88068],[-97.75946,28.88087],[-97.76128,28.88075],[-97.7635,28.88003],[-97.76551,28.87853],[-97.76806,28.87489],[-97.76973,28.87349],[-97.77022,28.87326],[-97.77153,28.87352],[-97.77254,28.87297],[-97.77293,28.87297],[-97.77347,28.87328],[-97.7737,28.87397],[-97.77336,28.87627],[-97.77247,28.87728],[-97.76942,28.87915],[-97.7686,28.88012],[-97.76814,28.88144],[-97.76879,28.88267],[-97.76963,28.88299],[-97.77296,28.883],[-97.77338,28.88356],[-97.77363,28.88496],[-97.77429,28.88611],[-97.77483,28.88673],[-97.77714,28.88833],[-97.77886,28.88765],[-97.78035,28.8859],[-97.78229,28.88555],[-97.7842,28.88476],[-97.78563,28.88507],[-97.78737,28.8871],[-97.78841,28.8888],[-97.78967,28.88996],[-97.7899,28.89137],[-97.79078,28.89234],[-97.79111,28.89315],[-97.79113,28.89735],[-97.7909,28.89807],[-97.79035,28.89903],[-97.78752,28.9004],[-97.78676,28.90094],[-97.78636,28.90159],[-97.78663,28.90286],[-97.78724,28.90332],[-97.78998,28.90348],[-97.79142,28.90449],[-97.78487,28.91057],[-97.77643,28.91931],[-97.77475,28.91927],[-97.77251,28.92021],[-97.77267,28.92056],[-97.77405,28.92112],[-97.77655,28.9215],[-97.77678,28.92175],[-97.77676,28.92222],[-97.77604,28.92413],[-97.77337,28.92558],[-97.77295,28.92707],[-97.77033,28.92995],[-97.76958,28.93137],[-97.76969,28.93189],[-97.7702,28.93234],[-97.77104,28.93268],[-97.77184,28.93359],[-97.77333,28.93443],[-97.77436,28.93435],[-97.77554,28.93333],[-97.77663,28.93323],[-97.7796,28.93615],[-97.78102,28.93664],[-97.78254,28.93675],[-97.78336,28.93718],[-97.78379,28.9377],[-97.78363,28.93832],[-97.78184,28.94026],[-97.78192,28.94088],[-97.78232,28.94113],[-97.78297,28.94129],[-97.78378,28.94111],[-97.78423,28.94197],[-97.78608,28.94276],[-97.78856,28.94277],[-97.79002,28.94232],[-97.79071,28.94302],[-97.79107,28.9443],[-97.79063,28.94426],[-97.7906,28.94474],[-97.78841,28.94622],[-97.78655,28.94983],[-97.78689,28.95114],[-97.78721,28.95143],[-97.78731,28.95229],[-97.78652,28.95504],[-97.78584,28.95653],[-97.78586,28.95861],[-97.78676,28.96069],[-97.78659,28.96106],[-97.78595,28.96143],[-97.78579,28.96293],[-97.78714,28.96511],[-97.78807,28.96566],[-97.78817,28.966],[-97.78783,28.96625],[-97.7885,28.96877],[-97.72007,28.96951]]]}},{"type":"Feature","properties":{"PRECINCT":"karnes:6","COUNTY":"Karnes"},"geometry":{"type":"Polygon","coordinates":[[[-97.811,29.09998],[-97.8187,29.09607],[-97.80692,29.09601],[-97.80176,29.10139],[-97.79867,29.10148],[-97.80395,29.0907],[-97.80634,29.0872],[-97.80533,29.08446],[-97.80493,29.08102],[-97.80566,29.07674],[-97.80725,29.0712],[-97.80921,29.07108],[-97.81206,29.06443],[-97.81292,29.06321],[-97.81541,29.06133],[-97.81916,29.05603],[-97.81973,29.05352],[-97.81885,29.0516],[-97.82071,29.05251],[-97.82202,29.05288],[-97.82329,29.05311],[-97.8246,29.05308],[-97.82552,29.05286],[-97.8331,29.04922],[-97.83629,29.0474],[-97.85188,29.03984],[-97.85347,29.0386],[-97.87163,29.02978],[-97.87303,29.02832],[-97.87435,29.02467],[-97.9011,29.01105],[-97.90444,29.01513],[-97.90616,29.01783],[-97.90731,29.02265],[-97.91238,29.02071],[-97.91352,29.01895],[-97.91401,29.01864],[-97.91888,29.0169],[-97.91953,29.01699],[-97.92066,29.01764],[-97.92609,29.01494],[-97.92706,29.01373],[-97.93047,29.01195],[-97.92996,29.00412],[-97.92955,29.00164],[-97.92554,28.99171],[-97.92619,28.99111],[-97.92692,28.99223],[-97.92729,28.99234],[-97.92849,28.99211],[-97.92932,28.99228],[-97.93072,28.99163],[-97.93092,28.99123],[-97.93057,28.99065],[-97.93051,28.98957],[-97.93089,28.98831],[-97.93032,28.98804],[-97.92931,28.9885],[-97.92827,28.98859],[-97.92718,28.98778],[-97.92591,28.98638],[-97.92401,28.98294],[-97.92118,28.97967],[-97.93912,28.97091],[-97.94034,28.97286],[-97.95639,28.96507],[-97.9953,29.0261],[-97.83774,29.14161],[-97.8362,29.13767],[-97.811,29.09998]]]}},{"type":"Feature","properties":{"PRECINCT":"karnes:7","COUNTY":"Karnes"},"geometry":{"type":"Polygon","coordinates":[[[-97.9953,29.0261],[-97.95639,28.96507],[-97.97741,28.95481],[-97.97862,28.95614],[-97.98024,28.95702],[-97.98065,28.95796],[-97.9808,28.96114],[-97.9812,28.96264],[-97.98239,28.96427],[-97.98482,28.96908],[-97.98595,28.96981],[-97.98733,28.97026],[-97.98857,28.97335],[-97.99114,28.9745],[-97.99391,28.97671],[-97.99545,28.97715],[-97.99784,28.9769],[-97.99963,28.97714],[-98.00203,28.97861],[-98.0039,28.97921],[-98.00447,28.97974],[-98.00589,28.97933],[-98.0088,28.97768],[-98.01064,28.97722],[-98.0148,28.97701],[-98.01706,28.97798],[-98.019,28.97788],[-98.0205,28.97748],[-98.02124,28.97656],[-98.02127,28.97485],[-98.02099,28.97356],[-98.0213,28.97291],[-98.02044,28.97221],[-98.0203,28.97146],[-98.02108,28.96924],[-98.02401,28.96442],[-98.02491,28.96356],[-98.02624,28.96317],[-98.02781,28.96382],[-98.03118,28.96833],[-98.03171,28.9687],[-98.03418,28.96872],[-98.03743,28.96681],[-98.03849,28.96523],[-98.03933,28.9649],[-98.04057,28.96483],[-98.04223,28.96393],[-98.04369,28.96172],[-98.0452,28.96073],[-98.04447,28.95911],[-98.04432,28.95749],[-98.04295,28.95601],[-98.04276,28.95509],[-98.04352,28.95188],[-98.04448,28.9508],[-98.0476,28.94893],[-98.04973,28.94732],[-98.05368,28.94545],[-98.0578,28.94258],[-98.06102,28.94178],[-98.06406,28.94063],[-98.06647,28.93899],[-98.06756,28.93916],[-98.0681,28.93964],[-98.07021,28.93919],[-98.07093,28.93848],[-98.07136,28.93857],[-98.07189,28.93821],[-98.07159,28.93799],[-98.0708,28.93802],[-98.07069,28.93749],[-98.07097,28.93705],[-98.06992,28.93625],[-98.06857,28.93359],[-98.06854,28.93176],[-98.06781,28.92979],[-98.06869,28.92786],[-98.06858,28.92577],[-98.06794,28.92555],[-98.06129,28.92565],[-98.06136,28.92488],[-98.06099,28.92418],[-98.06131,28.92405],[-98.06243,28.92429],[-98.06248,28.92361],[-98.06287,28.92316],[-98.06329,28.92336],[-98.06339,28.92306],[-98.06312,28.92146],[-98.06259,28.92171],[-98.06266,28.92209],[-98.06202,28.92189],[-98.06264,28.92075],[-98.06239,28.92026],[-98.06206,28.92033],[-98.06165,28.92006],[-98.06182,28.91945],[-98.06248,28.91888],[-98.06349,28.91915],[-98.06417,28.91909],[-98.06513,28.91849],[-98.06503,28.91818],[-98.0653,28.91758],[-98.06699,28.91735],[-98.06666,28.91661],[-98.06634,28.91653],[-98.06645,28.91612],[-98.06786,28.91615],[-98.06864,28.91568],[-98.06904,28.91601],[-98.06993,28.91604],[-98.07015,28.91464],[-98.07081,28.91453],[-98.071,28.91338],[-98.07135,28.91298],[-98.07083,28.91236],[-98.06987,28.91204],[-98.07061,28.91085],[-98.0699,28.91054],[-98.06937,28.90973],[-98.06838,28.91003],[-98.06724,28.9108],[-98.06057,28.91076],[-98.06026,28.9101],[-98.05994,28.91012],[-98.0595,28.91067],[-98.05889,28.91074],[-98.05924,28.89874],[-98.03715,28.89778],[-98.0368,28.89799],[-98.03678,28.89881],[-98.03431,28.89966],[-98.03254,28.89964],[-98.02907,28.90037],[-98.02376,28.90042],[-98.02308,28.90087],[-98.02305,28.90851],[-98.0098,28.90852],[-98.01021,28.90761],[-98.01209,28.90651],[-98.01229,28.90626],[-98.01214,28.90569],[-98.01308,28.90548],[-98.01501,28.90335],[-98.01501,28.90296],[-98.01178,28.89982],[-98.01089,28.89934],[-98.00993,28.8992],[-98.00904,28.89858],[-98.00695,28.89829],[-98.00586,28.87541],[-98.02082,28.8745],[-98.02486,28.87381],[-98.0349,28.86949],[-98.04023,28.87509],[-98.06053,28.87834],[-98.06158,28.8793],[-98.07342,28.86943],[-98.07396,28.86867],[-98.07442,28.86851],[-98.09022,28.8553],[-98.0854,28.85022],[-98.08525,28.84983],[-98.08544,28.84953],[-98.1154,28.82728],[-98.11591,28.82599],[-98.12796,28.81715],[-98.15256,28.8441],[-98.15339,28.84525],[-98.1555,28.84697],[-98.16843,28.86151],[-98.1763,28.86873],[-98.18439,28.87527],[-98.19099,28.88233],[-98.12528,28.92896],[-98.11576,28.93672],[-98.08616,28.95921],[-98.07501,28.96722],[-98.07331,28.96878],[-98.06839,28.97208],[-98.06773,28.97282],[-98.0553,28.98178],[-97.9953,29.0261]]]}},{"type":"Feature","properties":{"PRECINCT":"karnes:8","COUNTY":"Karnes"},"geometry":{"type":"Polygon","coordinates":[[[-97.77323,29.10054],[-97.76475,29.09221],[-97.75366,29.09214],[-97.75052,29.08633],[-97.75011,29.08594],[-97.74957,29.08581],[-97.70767,29.0993],[-97.70032,29.08208],[-97.69654,29.08271],[-97.69568,29.08241],[-97.69524,29.08174],[-97.69359,29.08119],[-97.69331,29.08044],[-97.69143,29.07989],[-97.69049,29.07863],[-97.68814,29.07684],[-97.68663,29.07503],[-97.68385,29.07554],[-97.68034,29.07546],[-97.68097,29.07436],[-97.68086,29.07384],[-97.6771,29.06555],[-97.67967,29.06476],[-97.67963,29.06299],[-97.67919,29.06251],[-97.74559,29.01355],[-97.75511,29.00711],[-97.72007,28.96951],[-97.7885,28.96877],[-97.78783,28.96625],[-97.78817,28.966],[-97.78807,28.96566],[-97.78714,28.96511],[-97.78579,28.96293],[-97.78595,28.96143],[-97.78659,28.96106],[-97.78676,28.96069],[-97.78586,28.95861],[-97.78584,28.95653],[-97.78652,28.95504],[-97.78731,28.95229],[-97.78721,28.95143],[-97.78689,28.95114],[-97.78655,28.94983],[-97.78841,28.94622],[-97.7906,28.94474],[-97.79063,28.94426],[-97.79107,28.9443],[-97.79071,28.94302],[-97.79002,28.94232],[-97.78856,28.94277],[-97.78608,28.94276],[-97.78423,28.94197],[-97.78378,28.94111],[-97.78297,28.94129],[-97.78232,28.94113],[-97.78192,28.94088],[-97.78184,28.94026],[-97.78363,28.93832],[-97.78379,28.9377],[-97.78336,28.93718],[-97.78254,28.93675],[-97.78102,28.93664],[-97.7796,28.93615],[-97.77663,28.93323],[-97.77554,28.93333],[-97.77436,28.93435],[-97.77333,28.93443],[-97.77184,28.93359],[-97.77104,28.93268],[-97.7702,28.93234],[-97.76969,28.93189],[-97.76958,28.93137],[-97.77033,28.92995],[-97.77295,28.92707],[-97.77337,28.92558],[-97.77604,28.92413],[-97.77676,28.92222],[-97.77678,28.92175],[-97.77655,28.9215],[-97.77405,28.92112],[-97.77267,28.92056],[-97.77251,28.92021],[-97.77475,28.91927],[-97.77643,28.91931],[-97.78487,28.91057],[-97.79142,28.90449],[-97.79317,28.90651],[-97.79635,28.90764],[-97.79691,28.90806],[-97.79773,28.90924],[-97.79875,28.90947],[-97.79898,28.90999],[-97.79892,28.9106],[-97.79835,28.91141],[-97.79621,28.91263],[-97.79445,28.91303],[-97.79308,28.91409],[-97.79293,28.91474],[-97.79344,28.91603],[-97.79413,28.91631],[-97.80092,28.91729],[-97.803,28.91813],[-97.80747,28.91903],[-97.80916,28.92059],[-97.81342,28.92894],[-97.81352,28.92974],[-97.81197,28.93203],[-97.81268,28.93537],[-97.81323,28.93625],[-97.81391,28.93674],[-97.81492,28.93622],[-97.81603,28.93491],[-97.81624,28.93202],[-97.81731,28.92992],[-97.81804,28.92911],[-97.81835,28.92746],[-97.81903,28.92713],[-97.82075,28.92789],[-97.8224,28.92789],[-97.82373,28.92841],[-97.82402,28.92871],[-97.8243,28.93001],[-97.82498,28.93051],[-97.8253,28.93119],[-97.82502,28.932],[-97.82384,28.93261],[-97.82,28.93338],[-97.81961,28.93362],[-97.81949,28.9348],[-97.81998,28.93627],[-97.81998,28.93712],[-97.82097,28.9381],[-97.82402,28.93895],[-97.82487,28.939],[-97.82795,28.9382],[-97.82904,28.93764],[-97.82962,28.93702],[-97.83174,28.93687],[-97.83487,28.93796],[-97.83627,28.94026],[-97.83774,28.94187],[-97.83761,28.94385],[-97.83804,28.9443],[-97.83999,28.94459],[-97.84351,28.94433],[-97.84465,28.94486],[-97.84753,28.94277],[-97.84891,28.94219],[-97.8497,28.94245],[-97.85128,28.94394],[-97.85331,28.94435],[-97.85385,28.94489],[-97.85481,28.94678],[-97.85482,28.94748],[-97.85408,28.9491],[-97.85127,28.95119],[-97.8512,28.95191],[-97.85202,28.95292],[-97.85331,28.9536],[-97.85703,28.95274],[-97.85757,28.95322],[-97.85864,28.95304],[-97.85887,28.9533],[-97.85921,28.95472],[-97.85873,28.95558],[-97.85825,28.95582],[-97.85819,28.95624],[-97.85853,28.95657],[-97.85956,28.95594],[-97.85966,28.95632],[-97.8602,28.9564],[-97.86019,28.95752],[-97.86068,28.95779],[-97.86053,28.95843],[-97.8602,28.95867],[-97.86052,28.95915],[-97.86037,28.95998],[-97.86078,28.96063],[-97.85984,28.9634],[-97.86055,28.96427],[-97.86114,28.96372],[-97.86177,28.96427],[-97.86166,28.96478],[-97.86035,28.96528],[-97.86097,28.9667],[-97.86061,28.96709],[-97.86092,28.96762],[-97.86081,28.96893],[-97.8615,28.97032],[-97.86029,28.97291],[-97.86284,28.97294],[-97.84375,28.994],[-97.84346,28.9946],[-97.85203,29.00446],[-97.86092,29.01832],[-97.8442,29.02643],[-97.84414,29.02701],[-97.84656,29.03121],[-97.83829,29.03548],[-97.83592,29.03195],[-97.83555,29.03206],[-97.8321,29.03563],[-97.82546,29.03112],[-97.8244,29.03213],[-97.82411,29.03394],[-97.81534,29.03399],[-97.81484,29.03743],[-97.8161,29.03972],[-97.81607,29.05006],[-97.81885,29.0516],[-97.81972,29.05362],[-97.81916,29.05603],[-97.81614,29.06032],[-97.8152,29.06154],[-97.81292,29.06321],[-97.81184,29.06478],[-97.80921,29.07108],[-97.79264,29.07115],[-97.79002,29.07885],[-97.78753,29.08975],[-97.78492,29.0907],[-97.78415,29.09255],[-97.78352,29.09262],[-97.78287,29.09221],[-97.7823,29.09255],[-97.78201,29.09331],[-97.78104,29.09282],[-97.77983,29.093],[-97.77923,29.09362],[-97.77898,29.0948],[-97.77945,29.09639],[-97.77812,29.09683],[-97.77657,29.09695],[-97.7762,29.09722],[-97.77579,29.09807],[-97.77489,29.0982],[-97.77427,29.09885],[-97.77288,29.09932],[-97.77274,29.09953],[-97.7733,29.10012],[-97.77323,29.10054]]]}},{"type":"Feature","properties":{"PRECINCT":"karnes:9","COUNTY":"Karnes"},"geometry":{"type":"Polygon","coordinates":[[[-97.7217,28.80705],[-97.7204,28.8066],[-97.71868,28.80678],[-97.71565,28.80775],[-97.7142,28.80775],[-97.71281,28.80702],[-97.7122,28.8063],[-97.71196,28.80548],[-97.71234,28.80542],[-97.71323,28.80575],[-97.71403,28.80551],[-97.7156,28.80388],[-97.71603,28.80275],[-97.7148,28.80115],[-97.71354,28.80004],[-97.71285,28.79862],[-97.71117,28.79654],[-97.708,28.79385],[-97.70545,28.79242],[-97.70495,28.78477],[-97.70408,28.78178],[-97.70405,28.77905],[-97.70322,28.77755],[-97.70254,28.77693],[-97.70132,28.77676],[-97.69982,28.7762],[-97.69843,28.77637],[-97.69773,28.77621],[-97.69733,28.77439],[-97.69637,28.77391],[-97.69392,28.77339],[-97.69305,28.77262],[-97.69337,28.76858],[-97.69388,28.76764],[-97.69602,28.76553],[-97.69634,28.76443],[-97.69589,28.76249],[-97.69385,28.75863],[-97.69329,28.75579],[-97.69127,28.75351],[-97.69035,28.75191],[-97.68913,28.75057],[-97.68787,28.75009],[-97.6829,28.75005],[-97.68035,28.75062],[-97.67997,28.75149],[-97.68051,28.75383],[-97.68028,28.75709],[-97.67964,28.75845],[-97.67846,28.76012],[-97.67704,28.76124],[-97.67563,28.76186],[-97.66979,28.76318],[-97.66806,28.76334],[-97.66299,28.76285],[-97.65901,28.76186],[-97.65651,28.76074],[-97.65462,28.75887],[-97.65378,28.75696],[-97.70691,28.7193],[-97.77853,28.66803],[-97.78009,28.66964],[-97.78117,28.67019],[-97.78198,28.66999],[-97.78294,28.67049],[-97.78449,28.67073],[-97.78481,28.67178],[-97.78525,28.67227],[-97.78497,28.67281],[-97.78556,28.67333],[-97.78623,28.67332],[-97.78637,28.67376],[-97.78705,28.67405],[-97.78694,28.67478],[-97.78744,28.67556],[-97.78833,28.67585],[-97.78902,28.6755],[-97.78952,28.67578],[-97.7899,28.6756],[-97.79189,28.67695],[-97.79237,28.67648],[-97.79352,28.67607],[-97.7941,28.67493],[-97.79445,28.67485],[-97.79476,28.67374],[-97.79523,28.6734],[-97.82296,28.67056],[-97.82322,28.67082],[-97.81441,28.67357],[-97.8256,28.70013],[-97.82359,28.70163],[-97.81675,28.7039],[-97.8229,28.7274],[-97.8225,28.72811],[-97.82117,28.72937],[-97.82009,28.72967],[-97.81976,28.73062],[-97.81839,28.73194],[-97.81826,28.7326],[-97.81854,28.73298],[-97.81836,28.73327],[-97.81966,28.7345],[-97.81516,28.73864],[-97.81779,28.74092],[-97.81581,28.74117],[-97.81509,28.74158],[-97.81477,28.74111],[-97.81443,28.74106],[-97.81377,28.74149],[-97.81292,28.74303],[-97.8113,28.74317],[-97.81162,28.74283],[-97.81144,28.74277],[-97.81114,28.74337],[-97.80903,28.74374],[-97.80853,28.7444],[-97.80826,28.74433],[-97.80778,28.74473],[-97.80759,28.7452],[-97.80757,28.74491],[-97.80707,28.74479],[-97.80589,28.74518],[-97.80497,28.74602],[-97.80523,28.7468],[-97.80383,28.74725],[-97.80335,28.74813],[-97.80297,28.74839],[-97.80244,28.74832],[-97.80187,28.74772],[-97.8018,28.74647],[-97.80111,28.74642],[-97.801,28.74821],[-97.79248,28.75147],[-97.81282,28.7686],[-97.81316,28.7694],[-97.81333,28.77348],[-97.81668,28.77648],[-97.80678,28.78546],[-97.80198,28.78139],[-97.7902,28.79213],[-97.80175,28.80212],[-97.76792,28.78772],[-97.76366,28.7854],[-97.7403,28.8067],[-97.73698,28.80363],[-97.73646,28.80356],[-97.73632,28.80332],[-97.73658,28.80252],[-97.73621,28.80213],[-97.73547,28.80229],[-97.73474,28.80288],[-97.73407,28.8028],[-97.73334,28.80243],[-97.73311,28.80163],[-97.73265,28.80144],[-97.73023,28.80232],[-97.72799,28.80248],[-97.72802,28.80293],[-97.72898,28.80303],[-97.72938,28.8034],[-97.72927,28.80361],[-97.72692,28.80391],[-97.7266,28.80333],[-97.72608,28.80353],[-97.72547,28.80342],[-97.72528,28.80403],[-97.72546,28.80453],[-97.72653,28.8049],[-97.72604,28.80596],[-97.72614,28.80642],[-97.72564,28.80651],[-97.72526,28.8071],[-97.72453,28.80687],[-97.72456,28.80743],[-97.72393,28.80783],[-97.72342,28.80856],[-97.7217,28.80705]]]}},{"type":"Feature","properties":{"PRECINCT":"live-oak:1","COUNTY":"Live Oak"},"geometry":{"type":"Polygon","coordinates":[[[-97.8431,28.24249],[-97.82984,28.21916],[-97.80877,28.18342],[-97.82106,28.17423],[-97.82144,28.17416],[-97.83605,28.16354],[-97.83829,28.16219],[-97.87362,28.13615],[-97.90408,28.11423],[-97.90762,28.11517],[-97.90933,28.11613],[-97.91141,28.1186],[-97.91298,28.12],[-97.91529,28.12268],[-97.91578,28.1244],[-97.91541,28.12687],[-97.91553,28.12677],[-97.91492,28.12795],[-97.9137,28.12946],[-97.91054,28.13161],[-97.90932,28.13301],[-97.90896,28.13505],[-97.91017,28.13634],[-97.91163,28.13881],[-97.91309,28.13999],[-97.91467,28.14236],[-97.9199,28.14654],[-97.92074,28.14783],[-97.92136,28.15031],[-97.92136,28.1516],[-97.92209,28.15579],[-97.9216,28.1574],[-97.91758,28.16117],[-97.91587,28.16311],[-97.91393,28.16472],[-97.91196,28.16687],[-97.91069,28.1692],[-97.91043,28.17084],[-97.91045,28.17329],[-97.90932,28.17703],[-97.91041,28.18057],[-97.91761,28.19258],[-97.92034,28.19526],[-97.92269,28.1982],[-97.91912,28.20405],[-97.91925,28.2048],[-97.919,28.2062],[-97.91722,28.20697],[-97.91995,28.20748],[-97.92157,28.20842],[-97.92188,28.2089],[-97.92211,28.20882],[-97.92233,28.20909],[-97.92256,28.20888],[-97.92306,28.20954],[-97.87853,28.2282],[-97.87368,28.22877],[-97.87237,28.22929],[-97.87098,28.23016],[-97.86637,28.22773],[-97.86561,28.22771],[-97.85348,28.2448],[-97.85676,28.25673],[-97.85308,28.25868],[-97.8479,28.24973],[-97.84615,28.24695],[-97.84522,28.24622],[-97.84347,28.24277],[-97.8431,28.24249]]]}},{"type":"Feature","properties":{"PRECINCT":"live-oak:10","COUNTY":"Live Oak"},"geometry":{"type":"Polygon","coordinates":[[[-98.1831,28.49633],[-98.18222,28.49691],[-98.18109,28.49716],[-98.17807,28.48282],[-98.17776,28.4798],[-98.17549,28.47965],[-98.17575,28.47673],[-98.17603,28.47434],[-98.17923,28.47547],[-98.18086,28.47542],[-98.18212,28.47512],[-98.18249,28.47378],[-98.18089,28.47328],[-98.18041,28.47238],[-98.18074,28.46969],[-98.18288,28.46882],[-98.18379,28.46657],[-98.18358,28.46611],[-98.18307,28.46579],[-98.18099,28.46536],[-98.18241,28.46071],[-98.18593,28.46146],[-98.18659,28.45844],[-98.18325,28.45774],[-98.18362,28.45451],[-98.18334,28.45173],[-98.17691,28.42249],[-98.17489,28.4171],[-98.18262,28.41051],[-98.18398,28.40998],[-98.22913,28.40673],[-98.24607,28.40669],[-98.25089,28.4062],[-98.25543,28.40664],[-98.26031,28.40666],[-98.2676,28.40607],[-98.26762,28.4124],[-98.26589,28.41315],[-98.265,28.41492],[-98.26496,28.41622],[-98.26532,28.4165],[-98.26543,28.41699],[-98.26491,28.41782],[-98.26522,28.41819],[-98.26479,28.41934],[-98.26481,28.42086],[-98.26506,28.4214],[-98.26482,28.42198],[-98.2648,28.42345],[-98.26454,28.42384],[-98.26288,28.42405],[-98.26262,28.42439],[-98.26192,28.42444],[-98.26258,28.42508],[-98.26303,28.42617],[-98.26376,28.42665],[-98.26868,28.42557],[-98.27001,28.42481],[-98.27068,28.42386],[-98.27117,28.42399],[-98.27177,28.42469],[-98.27247,28.42473],[-98.27554,28.42442],[-98.27768,28.42341],[-98.27832,28.42332],[-98.27914,28.4235],[-98.2796,28.42384],[-98.28051,28.42517],[-98.28232,28.42546],[-98.28268,28.42533],[-98.2824,28.4244],[-98.28271,28.42407],[-98.28484,28.42388],[-98.28518,28.42579],[-98.28574,28.42685],[-98.28314,28.42748],[-98.28245,28.42815],[-98.28189,28.42824],[-98.2841,28.43552],[-98.27774,28.43704],[-98.28022,28.44038],[-98.28064,28.44147],[-98.28276,28.44269],[-98.2848,28.44338],[-98.28963,28.45386],[-98.29652,28.48342],[-98.24431,28.48361],[-98.24531,28.48633],[-98.2395,28.48659],[-98.23804,28.4869],[-98.23707,28.48747],[-98.23553,28.48929],[-98.23487,28.48971],[-98.23328,28.48959],[-98.23104,28.49042],[-98.23065,28.49038],[-98.22974,28.48959],[-98.2246,28.48973],[-98.22433,28.48994],[-98.22454,28.49056],[-98.22374,28.49263],[-98.22405,28.49404],[-98.22386,28.49462],[-98.22142,28.49496],[-98.21776,28.49631],[-98.21582,28.49552],[-98.21404,28.49544],[-98.21201,28.49376],[-98.2114,28.49388],[-98.2115,28.49475],[-98.21087,28.49541],[-98.21056,28.49551],[-98.20938,28.49508],[-98.20924,28.4942],[-98.20992,28.49317],[-98.20848,28.49263],[-98.20841,28.49192],[-98.20801,28.49157],[-98.20615,28.49202],[-98.20512,28.49179],[-98.204,28.49221],[-98.20192,28.49152],[-98.20103,28.49188],[-98.2001,28.49176],[-98.1994,28.4906],[-98.19921,28.48942],[-98.20043,28.48816],[-98.20074,28.48676],[-98.19983,28.48546],[-98.19921,28.48484],[-98.19873,28.4847],[-98.19719,28.48566],[-98.19438,28.48535],[-98.19361,28.48553],[-98.19269,28.48587],[-98.19246,28.48651],[-98.19193,28.48692],[-98.1903,28.48723],[-98.18976,28.48769],[-98.18823,28.48796],[-98.18669,28.49084],[-98.1869,28.49172],[-98.18667,28.49234],[-98.18762,28.49356],[-98.18764,28.4959],[-98.18744,28.49619],[-98.18541,28.49689],[-98.18393,28.49853],[-98.18351,28.49673],[-98.1831,28.49633]]]}},{"type":"Feature","properties":{"PRECINCT":"live-oak:11","COUNTY":"Live Oak"},"geometry":{"type":"Polygon","coordinates":[[[-98.2819,28.42828],[-98.28245,28.42815],[-98.28314,28.42748],[-98.28574,28.42685],[-98.28518,28.42579],[-98.28484,28.42388],[-98.28271,28.42407],[-98.2824,28.4244],[-98.28268,28.42533],[-98.28232,28.42546],[-98.28051,28.42517],[-98.2796,28.42384],[-98.27914,28.4235],[-98.27832,28.42332],[-98.27768,28.42341],[-98.27554,28.42442],[-98.27247,28.42473],[-98.27177,28.42469],[-98.27117,28.42399],[-98.27068,28.42386],[-98.27001,28.42481],[-98.26868,28.42557],[-98.26376,28.42665],[-98.26303,28.42617],[-98.26258,28.42508],[-98.26192,28.42444],[-98.26469,28.4237],[-98.26506,28.42147],[-98.26481,28.42086],[-98.26479,28.41934],[-98.26522,28.41819],[-98.26491,28.41782],[-98.26543,28.41699],[-98.26532,28.4165],[-98.26496,28.41622],[-98.26509,28.41449],[-98.26589,28.41315],[-98.26762,28.4124],[-98.26772,28.39765],[-98.29271,28.39761],[-98.29272,28.38334],[-98.29295,28.383],[-98.32905,28.38294],[-98.33425,28.38311],[-98.33437,28.48324],[-98.29652,28.48342],[-98.28963,28.45386],[-98.2848,28.44338],[-98.28276,28.44269],[-98.28064,28.44147],[-98.28022,28.44038],[-98.27774,28.43704],[-98.2841,28.43552],[-98.2819,28.42828]]]}},{"type":"Feature","properties":{"PRECINCT":"live-oak:12","COUNTY":"Live Oak"},"geometry":{"type":"Polygon","coordinates":[[[-98.25247,28.21354],[-98.24528,28.21971],[-98.24437,28.21904],[-98.24167,28.21521],[-98.2355,28.20928],[-98.24738,28.19877],[-98.21715,28.17177],[-98.20521,28.18219],[-98.20406,28.18124],[-98.20406,28.17976],[-98.2026,28.17732],[-98.20154,28.17692],[-98.19907,28.17367],[-98.19897,28.17222],[-98.19969,28.17141],[-98.19967,28.17113],[-98.20271,28.16838],[-98.20259,28.16775],[-98.20106,28.167],[-98.20094,28.16657],[-98.19976,28.1656],[-98.19977,28.16446],[-98.19871,28.16409],[-98.19809,28.16349],[-98.19819,28.1623],[-98.19738,28.16144],[-98.19756,28.16111],[-98.19725,28.16002],[-98.19581,28.15902],[-98.19427,28.15903],[-98.19319,28.15867],[-98.1927,28.1575],[-98.191,28.15624],[-98.19093,28.15529],[-98.19055,28.15496],[-98.19097,28.15472],[-98.19079,28.15342],[-98.18979,28.15347],[-98.18065,28.15928],[-98.1683,28.17052],[-98.1637,28.16673],[-98.16305,28.16687],[-98.16223,28.16776],[-98.15976,28.16884],[-98.15861,28.16874],[-98.15825,28.16894],[-98.15812,28.16936],[-98.15892,28.16994],[-98.15932,28.1708],[-98.15975,28.17277],[-98.14373,28.18667],[-98.13051,28.17485],[-98.12934,28.17127],[-98.13001,28.17049],[-98.12983,28.17015],[-98.1277,28.16898],[-98.12657,28.16734],[-98.11171,28.15397],[-98.11062,28.15248],[-98.10613,28.15028],[-98.10298,28.15044],[-98.10402,28.13303],[-98.10047,28.11739],[-98.09833,28.07851],[-98.09875,28.07085],[-98.09755,28.06383],[-98.09717,28.05753],[-98.24739,28.05799],[-98.33432,28.0578],[-98.3343,28.20844],[-98.33045,28.20846],[-98.29653,28.21621],[-98.29352,28.21869],[-98.29188,28.21964],[-98.27228,28.23697],[-98.27041,28.24007],[-98.25761,28.22862],[-98.25776,28.22808],[-98.2575,28.22453],[-98.26098,28.2212],[-98.25247,28.21354]]]}},{"type":"Feature","properties":{"PRECINCT":"live-oak:13","COUNTY":"Live Oak"},"geometry":{"type":"Polygon","coordinates":[[[-97.94055,28.34394],[-97.93716,28.34261],[-97.9361,28.34174],[-97.93191,28.33914],[-97.92703,28.33675],[-97.9264,28.33584],[-97.92534,28.33513],[-97.92291,28.3342],[-97.92163,28.33193],[-97.91896,28.33165],[-97.91848,28.33064],[-97.91875,28.3293],[-97.9186,28.32766],[-97.9175,28.32569],[-97.91632,28.32499],[-97.91658,28.32412],[-97.9149,28.32531],[-97.91416,28.32688],[-97.91207,28.32823],[-97.91112,28.32947],[-97.91035,28.32987],[-97.90946,28.32974],[-97.90905,28.32994],[-97.90896,28.33313],[-97.90838,28.33482],[-97.90908,28.33554],[-97.90896,28.33704],[-97.9087,28.33828],[-97.90735,28.34059],[-97.90009,28.33944],[-97.85308,28.25868],[-97.85676,28.25673],[-97.85348,28.2448],[-97.86561,28.22771],[-97.86637,28.22773],[-97.87098,28.23016],[-97.87237,28.22929],[-97.87368,28.22877],[-97.87853,28.2282],[-97.92306,28.20954],[-97.92256,28.20888],[-97.92233,28.20909],[-97.92211,28.20882],[-97.92188,28.2089],[-97.92157,28.20842],[-97.91995,28.20748],[-97.91722,28.20697],[-97.919,28.2062],[-97.91925,28.2048],[-97.91912,28.20405],[-97.92269,28.1982],[-97.92034,28.19526],[-97.91761,28.19258],[-97.91041,28.18057],[-97.90932,28.17703],[-97.91045,28.17329],[-97.91043,28.17084],[-97.91069,28.1692],[-97.91196,28.16687],[-97.91393,28.16472],[-97.91587,28.16311],[-97.91758,28.16117],[-97.9216,28.1574],[-97.92209,28.15579],[-97.92136,28.1516],[-97.92136,28.15031],[-97.92074,28.14783],[-97.9199,28.14654],[-97.91467,28.14236],[-97.91309,28.13999],[-97.91163,28.13881],[-97.91017,28.13634],[-97.90896,28.13505],[-97.90932,28.13301],[-97.91054,28.13161],[-97.9137,28.12946],[-97.91492,28.12795],[-97.91553,28.12677],[-97.91541,28.12687],[-97.91578,28.1244],[-97.91529,28.12268],[-97.90933,28.11613],[-97.90762,28.11517],[-97.90408,28.11423],[-97.9038,28.11398],[-97.9021,28.1143],[-97.90048,28.11364],[-97.89924,28.11395],[-97.89856,28.11394],[-97.89803,28.11367],[-97.89767,28.11289],[-97.89828,28.11185],[-97.89797,28.10832],[-97.89826,28.10678],[-97.89927,28.10435],[-97.89929,28.10339],[-97.89878,28.10209],[-97.89728,28.10218],[-97.89663,28.10183],[-97.89656,28.10021],[-97.89707,28.09976],[-97.89812,28.09945],[-97.90342,28.09932],[-97.90536,28.09825],[-97.9073,28.09759],[-97.90756,28.09729],[-97.90688,28.09542],[-97.90725,28.09451],[-97.90868,28.09252],[-97.90877,28.09187],[-97.9082,28.08799],[-97.90921,28.08795],[-97.90906,28.08844],[-97.90923,28.08871],[-97.90996,28.08862],[-97.91065,28.08882],[-97.91116,28.08858],[-97.91081,28.08914],[-97.90937,28.08979],[-97.9093,28.09025],[-97.91011,28.09068],[-97.90974,28.09192],[-97.91062,28.09409],[-97.91127,28.09434],[-97.91085,28.09538],[-97.91089,28.09755],[-97.91102,28.09775],[-97.91178,28.09775],[-97.91226,28.09697],[-97.91253,28.09761],[-97.91297,28.0978],[-97.91249,28.09831],[-97.91304,28.09865],[-97.91166,28.09866],[-97.91154,28.0991],[-97.91092,28.09917],[-97.91052,28.09962],[-97.91102,28.10067],[-97.91156,28.10115],[-97.91157,28.10162],[-97.91076,28.10109],[-97.91024,28.10103],[-97.91047,28.10189],[-97.9103,28.10277],[-97.90927,28.10353],[-97.90927,28.10394],[-97.90856,28.10479],[-97.90732,28.10728],[-97.90747,28.10757],[-97.90822,28.10768],[-97.90693,28.10755],[-97.9064,28.10822],[-97.90578,28.10846],[-97.90385,28.11086],[-97.9035,28.11205],[-97.90429,28.11253],[-97.90542,28.11236],[-97.90701,28.11253],[-97.90708,28.1128],[-97.90798,28.11304],[-97.90821,28.11279],[-97.90854,28.11282],[-97.90877,28.11326],[-97.90916,28.11335],[-97.90935,28.11285],[-97.90981,28.1126],[-97.91043,28.11316],[-97.91016,28.11396],[-97.91262,28.11494],[-97.91294,28.11491],[-97.91323,28.11454],[-97.91304,28.11391],[-97.9133,28.11413],[-97.91361,28.11398],[-97.91399,28.113],[-97.91357,28.11546],[-97.91606,28.11655],[-97.91632,28.11644],[-97.91641,28.11675],[-97.91765,28.11782],[-97.91789,28.11898],[-97.91933,28.11869],[-97.9194,28.11808],[-97.92024,28.11734],[-97.92012,28.11694],[-97.92057,28.11723],[-97.92102,28.11684],[-97.92124,28.11694],[-97.92243,28.11474],[-97.92234,28.11561],[-97.92184,28.11632],[-97.92193,28.11671],[-97.92408,28.1166],[-97.92224,28.1169],[-97.92191,28.11706],[-97.92191,28.11732],[-97.92172,28.1172],[-97.92183,28.11738],[-97.9215,28.11746],[-97.9216,28.11773],[-97.92092,28.1184],[-97.92048,28.11954],[-97.91979,28.11974],[-97.91907,28.12056],[-97.91745,28.12049],[-97.91731,28.12091],[-97.91755,28.12194],[-97.91799,28.12194],[-97.91827,28.12167],[-97.9191,28.1223],[-97.91993,28.12179],[-97.91915,28.12279],[-97.91858,28.1224],[-97.91758,28.12278],[-97.91724,28.1233],[-97.91739,28.12441],[-97.91719,28.12472],[-97.91761,28.12529],[-97.91773,28.12596],[-97.9183,28.1262],[-97.91902,28.12723],[-97.91922,28.12809],[-97.92007,28.12809],[-97.921,28.12923],[-97.92148,28.12945],[-97.92192,28.12948],[-97.9223,28.12915],[-97.92228,28.12938],[-97.92171,28.12973],[-97.92104,28.12956],[-97.92071,28.12912],[-97.92018,28.12908],[-97.91989,28.12927],[-97.91987,28.12975],[-97.92095,28.13125],[-97.92404,28.13305],[-97.92476,28.13398],[-97.92509,28.13482],[-97.92507,28.13554],[-97.92549,28.13605],[-97.92524,28.13621],[-97.92542,28.13666],[-97.92527,28.13727],[-97.92635,28.13795],[-97.9257,28.13672],[-97.92622,28.13666],[-97.9273,28.13861],[-97.92712,28.13892],[-97.92765,28.13906],[-97.9272,28.13937],[-97.92758,28.13971],[-97.92717,28.13968],[-97.92714,28.13986],[-97.9276,28.14164],[-97.927,28.14395],[-97.92708,28.14442],[-97.928,28.14544],[-97.92772,28.14757],[-97.92836,28.14779],[-97.93022,28.14776],[-97.93051,28.14747],[-97.93008,28.14692],[-97.93013,28.14635],[-97.93055,28.14692],[-97.93143,28.14704],[-97.93159,28.14745],[-97.93183,28.14746],[-97.93196,28.14728],[-97.93163,28.1466],[-97.93219,28.14676],[-97.93232,28.14648],[-97.93268,28.14644],[-97.93303,28.14664],[-97.93325,28.14734],[-97.93411,28.14785],[-97.93529,28.14647],[-97.9348,28.14589],[-97.93523,28.14598],[-97.93569,28.14538],[-97.936,28.14288],[-97.93562,28.14265],[-97.93628,28.14243],[-97.93643,28.14184],[-97.93703,28.14131],[-97.93693,28.14107],[-97.93739,28.14096],[-97.93718,28.14059],[-97.93757,28.14],[-97.93836,28.13968],[-97.93874,28.13846],[-97.93867,28.13814],[-97.93833,28.13798],[-97.93838,28.13769],[-97.93731,28.13749],[-97.93723,28.1372],[-97.93695,28.13748],[-97.93695,28.13716],[-97.93731,28.13692],[-97.93666,28.13711],[-97.93666,28.1368],[-97.93687,28.13676],[-97.93656,28.13651],[-97.93706,28.13645],[-97.93661,28.13628],[-97.93654,28.13614],[-97.93678,28.13617],[-97.93645,28.13587],[-97.93672,28.13583],[-97.93693,28.13613],[-97.93702,28.13592],[-97.93744,28.13599],[-97.93744,28.1362],[-97.93784,28.13633],[-97.93816,28.13616],[-97.9382,28.13662],[-97.93854,28.13631],[-97.93872,28.13679],[-97.93914,28.1368],[-97.93954,28.13668],[-97.93956,28.13641],[-97.94033,28.13575],[-97.9398,28.13485],[-97.93991,28.13458],[-97.93952,28.13443],[-97.93937,28.13408],[-97.93873,28.13405],[-97.9386,28.13319],[-97.93756,28.13276],[-97.93735,28.1329],[-97.93674,28.13278],[-97.93649,28.13255],[-97.93786,28.13245],[-97.93648,28.13023],[-97.93628,28.12868],[-97.93659,28.12762],[-97.93751,28.12651],[-97.93728,28.12652],[-97.93703,28.12611],[-97.93723,28.12529],[-97.9376,28.12529],[-97.93755,28.1261],[-97.93893,28.12552],[-97.93985,28.12558],[-97.94165,28.12599],[-97.94109,28.12642],[-97.9394,28.12641],[-97.93866,28.12675],[-97.93771,28.12783],[-97.93754,28.12915],[-97.93919,28.1322],[-97.94153,28.13483],[-97.94235,28.13513],[-97.94238,28.13554],[-97.94154,28.13675],[-97.94075,28.13962],[-97.93923,28.14124],[-97.93869,28.14154],[-97.93808,28.1427],[-97.94001,28.14315],[-97.94042,28.14379],[-97.94035,28.14527],[-97.93955,28.14634],[-97.93945,28.14682],[-97.93981,28.14794],[-97.9402,28.1483],[-97.94115,28.14812],[-97.94185,28.14885],[-97.94318,28.14927],[-97.94421,28.14882],[-97.94529,28.14941],[-97.9465,28.14965],[-97.94773,28.15047],[-97.94962,28.15078],[-97.95036,28.1506],[-97.95097,28.15015],[-97.95281,28.15064],[-97.95438,28.15151],[-97.95509,28.15162],[-97.95584,28.15154],[-97.95836,28.15044],[-97.95908,28.15074],[-97.95967,28.13679],[-97.95997,28.13547],[-97.96066,28.13457],[-97.9697,28.12702],[-97.97032,28.12593],[-97.97064,28.12391],[-97.97145,28.12272],[-97.97382,28.12119],[-97.99936,28.11259],[-98.00105,28.11244],[-98.00269,28.11304],[-98.01528,28.1244],[-98.01677,28.12532],[-98.01785,28.12638],[-98.01841,28.12633],[-98.01977,28.12532],[-98.03922,28.10824],[-98.04059,28.10759],[-98.04229,28.10755],[-98.04393,28.10829],[-98.05964,28.1226],[-98.07339,28.11076],[-98.07352,28.11043],[-98.07551,28.10898],[-98.08671,28.11912],[-98.08889,28.11758],[-98.08892,28.11731],[-98.09995,28.10794],[-98.10063,28.11846],[-98.10389,28.13199],[-98.10405,28.13344],[-98.10264,28.15681],[-98.10622,28.22205],[-98.10588,28.22211],[-98.09121,28.23561],[-98.09012,28.23613],[-98.08958,28.23671],[-98.0886,28.23888],[-98.08414,28.24393],[-98.08159,28.24636],[-98.08688,28.25276],[-98.08692,28.25316],[-98.04967,28.28581],[-98.05011,28.28644],[-98.04977,28.28737],[-98.05147,28.28893],[-98.04983,28.28848],[-98.04802,28.28728],[-98.04588,28.28915],[-98.04519,28.29378],[-98.04434,28.29718],[-98.04399,28.29754],[-98.0432,28.29772],[-98.04218,28.29928],[-98.04059,28.30079],[-98.03773,28.3043],[-98.03378,28.30319],[-98.02723,28.30021],[-98.02559,28.30008],[-98.02444,28.30046],[-98.02346,28.30116],[-98.01542,28.30939],[-98.00452,28.32111],[-97.97766,28.30135],[-97.97499,28.29883],[-97.97268,28.29596],[-97.97078,28.29698],[-97.97013,28.29763],[-97.96993,28.2984],[-97.97108,28.3],[-97.97109,28.30044],[-97.97064,28.30147],[-97.96971,28.30209],[-97.9689,28.30347],[-97.96934,28.30462],[-97.96889,28.31139],[-97.9685,28.3129],[-97.96739,28.31516],[-97.96558,28.31683],[-97.96535,28.31759],[-97.96197,28.31712],[-97.95919,28.31596],[-97.9586,28.3164],[-97.95864,28.31723],[-97.95826,28.31717],[-97.95819,28.31744],[-97.95723,28.31684],[-97.95673,28.31849],[-97.9551,28.31813],[-97.95401,28.31949],[-97.95061,28.31959],[-97.95005,28.31942],[-97.94897,28.31974],[-97.94882,28.32014],[-97.94663,28.3213],[-97.9452,28.32155],[-97.94182,28.32163],[-97.93974,28.32268],[-97.93749,28.32297],[-97.93822,28.32794],[-97.94063,28.3336],[-97.94075,28.33457],[-97.94194,28.33588],[-97.94284,28.33944],[-97.94272,28.34274],[-97.94317,28.34353],[-97.94267,28.34337],[-97.94055,28.34394]]]}},{"type":"Feature","properties":{"PRECINCT":"live-oak:14","COUNTY":"Live Oak"},"geometry":{"type":"Polygon","coordinates":[[[-98.1256,28.44013],[-98.1242,28.44024],[-98.12355,28.43975],[-98.1245,28.43871],[-98.12469,28.43802],[-98.12393,28.43639],[-98.12344,28.43609],[-98.12296,28.4361],[-98.12212,28.43674],[-98.12136,28.43854],[-98.12007,28.43928],[-98.12026,28.44063],[-98.12,28.44122],[-98.11908,28.44186],[-98.11787,28.44211],[-98.11682,28.44151],[-98.11648,28.44046],[-98.11556,28.43952],[-98.11491,28.43783],[-98.11352,28.43636],[-98.11327,28.43517],[-98.11456,28.43238],[-98.11324,28.42826],[-98.11311,28.42737],[-98.11336,28.42549],[-98.11313,28.42484],[-98.1123,28.42393],[-98.10967,28.42209],[-98.10802,28.42028],[-98.10653,28.41815],[-98.10473,28.41658],[-98.10417,28.41584],[-98.10397,28.41511],[-98.10469,28.4118],[-98.10548,28.41064],[-98.10726,28.41005],[-98.10633,28.40809],[-98.1059,28.4079],[-98.10425,28.40846],[-98.10386,28.40808],[-98.1025,28.40808],[-98.09743,28.40857],[-98.09479,28.40634],[-98.09442,28.40624],[-98.09377,28.40661],[-98.08196,28.41938],[-98.08641,28.42486],[-98.09076,28.43159],[-98.09612,28.43896],[-98.10177,28.44566],[-98.10137,28.44629],[-98.09585,28.43954],[-98.0922,28.43456],[-98.09188,28.4347],[-98.09047,28.43284],[-98.07358,28.44167],[-98.07171,28.44246],[-98.07034,28.44261],[-98.06918,28.44244],[-98.06486,28.44054],[-98.06335,28.44011],[-98.05165,28.44032],[-98.05002,28.44083],[-98.04752,28.44348],[-98.04694,28.44382],[-98.0456,28.44414],[-98.04415,28.44383],[-98.03994,28.44079],[-98.03793,28.43795],[-98.03236,28.43385],[-98.02222,28.4278],[-98.02086,28.42639],[-98.01551,28.41949],[-98.01532,28.41844],[-98.01667,28.41789],[-98.02621,28.40777],[-98.01423,28.39894],[-98.01387,28.39805],[-98.01447,28.39536],[-98.01402,28.39486],[-98.00122,28.38564],[-97.9998,28.38518],[-97.99725,28.38519],[-97.99595,28.38472],[-97.98231,28.37492],[-97.98012,28.37459],[-97.9785,28.37501],[-97.97728,28.37587],[-97.9725,28.38097],[-97.97094,28.38166],[-97.96895,28.38173],[-97.96713,28.38105],[-97.96048,28.37623],[-97.95977,28.37553],[-97.95849,28.37344],[-97.95464,28.37048],[-97.95413,28.36945],[-97.95425,28.36772],[-97.95651,28.36298],[-97.95983,28.3569],[-97.96457,28.35063],[-97.96913,28.34568],[-97.96967,28.34465],[-97.96977,28.34348],[-97.95219,28.34664],[-97.95022,28.34674],[-97.92843,28.34425],[-97.91987,28.34253],[-97.90735,28.34059],[-97.9087,28.33828],[-97.90896,28.33704],[-97.90908,28.33554],[-97.90838,28.33482],[-97.90896,28.33313],[-97.90905,28.32994],[-97.90946,28.32974],[-97.91035,28.32987],[-97.91112,28.32947],[-97.91207,28.32823],[-97.91416,28.32688],[-97.9149,28.32531],[-97.91658,28.32412],[-97.91632,28.32499],[-97.9175,28.32569],[-97.9186,28.32766],[-97.91875,28.3293],[-97.91848,28.33064],[-97.91896,28.33165],[-97.92163,28.33193],[-97.92291,28.3342],[-97.92534,28.33513],[-97.9264,28.33584],[-97.92703,28.33675],[-97.93191,28.33914],[-97.93732,28.34269],[-97.94055,28.34394],[-97.9417,28.3435],[-97.94267,28.34337],[-97.94317,28.34353],[-97.94272,28.34274],[-97.94292,28.34019],[-97.94238,28.33722],[-97.94194,28.33588],[-97.94075,28.33457],[-97.94063,28.3336],[-97.93822,28.32794],[-97.93749,28.32297],[-97.93974,28.32268],[-97.94182,28.32163],[-97.9452,28.32155],[-97.94663,28.3213],[-97.94882,28.32014],[-97.94897,28.31974],[-97.95005,28.31942],[-97.95061,28.31959],[-97.95401,28.31949],[-97.9551,28.31813],[-97.95673,28.31849],[-97.95723,28.31684],[-97.95819,28.31744],[-97.95826,28.31717],[-97.95864,28.31723],[-97.9586,28.3164],[-97.95919,28.31596],[-97.96197,28.31712],[-97.96535,28.31759],[-97.96558,28.31683],[-97.96739,28.31516],[-97.96782,28.31449],[-97.96889,28.31139],[-97.96934,28.30462],[-97.9689,28.30347],[-97.96971,28.30209],[-97.97064,28.30147],[-97.97109,28.30044],[-97.97108,28.3],[-97.96993,28.2984],[-97.97013,28.29763],[-97.97078,28.29698],[-97.97268,28.29596],[-97.97499,28.29883],[-97.97766,28.30135],[-98.00452,28.32111],[-98.01542,28.30939],[-98.02346,28.30116],[-98.02444,28.30046],[-98.02559,28.30008],[-98.02723,28.30021],[-98.03378,28.30319],[-98.03773,28.3043],[-98.04059,28.30079],[-98.04218,28.29928],[-98.0432,28.29772],[-98.04399,28.29754],[-98.04434,28.29718],[-98.04519,28.29378],[-98.04588,28.28915],[-98.04802,28.28728],[-98.04983,28.28848],[-98.05147,28.28893],[-98.04977,28.28737],[-98.05011,28.28644],[-98.04967,28.28581],[-98.08692,28.25316],[-98.08688,28.25276],[-98.08159,28.24636],[-98.08414,28.24393],[-98.0886,28.23888],[-98.08958,28.23671],[-98.09012,28.23613],[-98.09121,28.23561],[-98.10588,28.22211],[-98.10622,28.22205],[-98.10762,28.24724],[-98.11393,28.28301],[-98.11357,28.29965],[-98.11382,28.31152],[-98.12073,28.31818],[-98.12898,28.32535],[-98.12099,28.33044],[-98.12033,28.32963],[-98.11873,28.33067],[-98.11807,28.32983],[-98.11968,28.32881],[-98.11619,28.32446],[-98.11941,28.32002],[-98.11912,28.31975],[-98.1175,28.3197],[-98.1171,28.3199],[-98.11596,28.32134],[-98.11404,28.32207],[-98.11386,28.31364],[-98.10774,28.31883],[-98.11091,28.32273],[-98.10828,28.32441],[-98.11139,28.32826],[-98.10767,28.33084],[-98.1111,28.33501],[-98.10256,28.34041],[-98.10168,28.34073],[-98.09991,28.3408],[-98.09896,28.34129],[-98.09826,28.34187],[-98.09872,28.34254],[-98.09787,28.3453],[-98.09685,28.34651],[-98.10101,28.34809],[-98.10365,28.3497],[-98.10425,28.34986],[-98.10507,28.34979],[-98.10791,28.3486],[-98.10867,28.34978],[-98.11002,28.3498],[-98.11045,28.35066],[-98.11181,28.35151],[-98.11248,28.35268],[-98.11506,28.3514],[-98.11718,28.35191],[-98.11743,28.35174],[-98.11745,28.3512],[-98.11804,28.35115],[-98.11833,28.35009],[-98.11821,28.34931],[-98.11669,28.34654],[-98.11673,28.34619],[-98.11726,28.3459],[-98.11757,28.3454],[-98.11764,28.3446],[-98.11719,28.34347],[-98.11664,28.34312],[-98.11574,28.34337],[-98.11539,28.34288],[-98.11544,28.34263],[-98.11666,28.34193],[-98.11918,28.34628],[-98.12126,28.34897],[-98.13026,28.36283],[-98.13562,28.35821],[-98.15418,28.3796],[-98.16189,28.38973],[-98.16673,28.39837],[-98.16576,28.39919],[-98.16635,28.40289],[-98.16899,28.41168],[-98.15615,28.42363],[-98.16437,28.43033],[-98.16204,28.43176],[-98.16069,28.43194],[-98.16017,28.43221],[-98.15981,28.43298],[-98.15983,28.43381],[-98.1593,28.43443],[-98.15744,28.43445],[-98.1562,28.43372],[-98.154,28.43485],[-98.15372,28.43548],[-98.15406,28.43576],[-98.15577,28.43532],[-98.15676,28.43568],[-98.15731,28.43624],[-98.15733,28.43685],[-98.157,28.43729],[-98.15635,28.43738],[-98.15423,28.43671],[-98.15109,28.43622],[-98.14979,28.4365],[-98.14526,28.43829],[-98.1441,28.43962],[-98.14294,28.4419],[-98.14025,28.44387],[-98.1379,28.44499],[-98.13703,28.44603],[-98.13621,28.44755],[-98.13552,28.44773],[-98.13476,28.4476],[-98.13417,28.44723],[-98.13091,28.44464],[-98.12748,28.44296],[-98.12698,28.44089],[-98.1256,28.44013]]]}},{"type":"Feature","properties":{"PRECINCT":"live-oak:2","COUNTY":"Live Oak"},"geometry":{"type":"Polygon","coordinates":[[[-97.95438,28.15151],[-97.95281,28.15064],[-97.95097,28.15015],[-97.95036,28.1506],[-97.94962,28.15078],[-97.94773,28.15047],[-97.9465,28.14965],[-97.94529,28.14941],[-97.94421,28.14882],[-97.94318,28.14927],[-97.94185,28.14885],[-97.94115,28.14812],[-97.9402,28.1483],[-97.93981,28.14794],[-97.93945,28.14682],[-97.93955,28.14634],[-97.94035,28.14527],[-97.94042,28.14379],[-97.94001,28.14315],[-97.93808,28.1427],[-97.93869,28.14154],[-97.93923,28.14124],[-97.94075,28.13962],[-97.94154,28.13675],[-97.94238,28.13554],[-97.94235,28.13513],[-97.94153,28.13483],[-97.93919,28.1322],[-97.93754,28.12915],[-97.93771,28.12783],[-97.93866,28.12675],[-97.9394,28.12641],[-97.94109,28.12642],[-97.94165,28.12599],[-97.93985,28.12558],[-97.93893,28.12552],[-97.93755,28.1261],[-97.9376,28.12529],[-97.93723,28.12529],[-97.93703,28.12611],[-97.93728,28.12652],[-97.93751,28.12651],[-97.93659,28.12762],[-97.93628,28.12868],[-97.93648,28.13023],[-97.93786,28.13245],[-97.93649,28.13255],[-97.93674,28.13278],[-97.93735,28.1329],[-97.93756,28.13276],[-97.9386,28.13319],[-97.93873,28.13405],[-97.93937,28.13408],[-97.93952,28.13443],[-97.93991,28.13458],[-97.9398,28.13485],[-97.94033,28.13575],[-97.93956,28.13641],[-97.93954,28.13668],[-97.93914,28.1368],[-97.93872,28.13679],[-97.93854,28.13631],[-97.9382,28.13662],[-97.93816,28.13616],[-97.93784,28.13633],[-97.93744,28.1362],[-97.93744,28.13599],[-97.93702,28.13592],[-97.93693,28.13613],[-97.93672,28.13583],[-97.93645,28.13587],[-97.93678,28.13617],[-97.93654,28.13614],[-97.93661,28.13628],[-97.93706,28.13645],[-97.93656,28.13651],[-97.93687,28.13676],[-97.93666,28.1368],[-97.93666,28.13711],[-97.93731,28.13692],[-97.93695,28.13716],[-97.93695,28.13748],[-97.93723,28.1372],[-97.93731,28.13749],[-97.93838,28.13769],[-97.93833,28.13798],[-97.93867,28.13814],[-97.93874,28.13846],[-97.93836,28.13968],[-97.93757,28.14],[-97.93718,28.14059],[-97.93739,28.14096],[-97.93693,28.14107],[-97.93703,28.14131],[-97.93643,28.14184],[-97.93628,28.14243],[-97.93562,28.14265],[-97.936,28.14288],[-97.93569,28.14538],[-97.93523,28.14598],[-97.9348,28.14589],[-97.93529,28.14647],[-97.93411,28.14785],[-97.93325,28.14734],[-97.93303,28.14664],[-97.93268,28.14644],[-97.93232,28.14648],[-97.93219,28.14676],[-97.93163,28.1466],[-97.93196,28.14728],[-97.93183,28.14746],[-97.93159,28.14745],[-97.93143,28.14704],[-97.93055,28.14692],[-97.93013,28.14635],[-97.93008,28.14692],[-97.93051,28.14747],[-97.93022,28.14776],[-97.92836,28.14779],[-97.92772,28.14757],[-97.928,28.14544],[-97.92708,28.14442],[-97.927,28.14395],[-97.9276,28.14164],[-97.92714,28.13986],[-97.92717,28.13968],[-97.92758,28.13971],[-97.9272,28.13937],[-97.92765,28.13906],[-97.92712,28.13892],[-97.9273,28.13861],[-97.92622,28.13666],[-97.9257,28.13672],[-97.92635,28.13795],[-97.92527,28.13727],[-97.92542,28.13666],[-97.92524,28.13621],[-97.92549,28.13605],[-97.92507,28.13554],[-97.92509,28.13482],[-97.92476,28.13398],[-97.92404,28.13305],[-97.92095,28.13125],[-97.91987,28.12975],[-97.91989,28.12927],[-97.92018,28.12908],[-97.92071,28.12912],[-97.92104,28.12956],[-97.92171,28.12973],[-97.92228,28.12938],[-97.9223,28.12915],[-97.92192,28.12948],[-97.92148,28.12945],[-97.921,28.12923],[-97.92007,28.12809],[-97.91922,28.12809],[-97.91902,28.12723],[-97.9183,28.1262],[-97.91773,28.12596],[-97.91761,28.12529],[-97.91719,28.12472],[-97.91739,28.12441],[-97.91724,28.1233],[-97.91758,28.12278],[-97.91858,28.1224],[-97.91915,28.12279],[-97.91993,28.12179],[-97.9191,28.1223],[-97.91827,28.12167],[-97.91799,28.12194],[-97.91755,28.12194],[-97.91731,28.12091],[-97.91745,28.12049],[-97.91907,28.12056],[-97.91979,28.11974],[-97.92048,28.11954],[-97.92092,28.1184],[-97.9216,28.11773],[-97.9215,28.11746],[-97.92183,28.11738],[-97.92172,28.1172],[-97.92191,28.11732],[-97.92191,28.11706],[-97.92224,28.1169],[-97.92408,28.1166],[-97.92193,28.11671],[-97.92184,28.11632],[-97.92234,28.11561],[-97.92243,28.11474],[-97.92124,28.11694],[-97.92102,28.11684],[-97.92057,28.11723],[-97.92012,28.11694],[-97.92024,28.11734],[-97.9194,28.11808],[-97.91933,28.11869],[-97.91789,28.11898],[-97.91765,28.11782],[-97.91641,28.11675],[-97.91632,28.11644],[-97.91606,28.11655],[-97.91357,28.11546],[-97.91399,28.113],[-97.91361,28.11398],[-97.9133,28.11413],[-97.91304,28.11391],[-97.91323,28.11454],[-97.91294,28.11491],[-97.91262,28.11494],[-97.91016,28.11396],[-97.91043,28.11316],[-97.90981,28.1126],[-97.90935,28.11285],[-97.90916,28.11335],[-97.90877,28.11326],[-97.90854,28.11282],[-97.90821,28.11279],[-97.90798,28.11304],[-97.90708,28.1128],[-97.90701,28.11253],[-97.90542,28.11236],[-97.90429,28.11253],[-97.9035,28.11205],[-97.90385,28.11086],[-97.90578,28.10846],[-97.9064,28.10822],[-97.90693,28.10755],[-97.90822,28.10768],[-97.90747,28.10757],[-97.90732,28.10728],[-97.90856,28.10479],[-97.90927,28.10394],[-97.90927,28.10353],[-97.9103,28.10277],[-97.91047,28.10189],[-97.91024,28.10103],[-97.91076,28.10109],[-97.91157,28.10162],[-97.91156,28.10115],[-97.91102,28.10067],[-97.91052,28.09962],[-97.91092,28.09917],[-97.91154,28.0991],[-97.91166,28.09866],[-97.91304,28.09865],[-97.91249,28.09831],[-97.91297,28.0978],[-97.91253,28.09761],[-97.91226,28.09697],[-97.91178,28.09775],[-97.91102,28.09775],[-97.91089,28.09755],[-97.91085,28.09538],[-97.91127,28.09434],[-97.91062,28.09409],[-97.90974,28.09192],[-97.91011,28.09068],[-97.9093,28.09025],[-97.90937,28.08979],[-97.91081,28.08914],[-97.91116,28.08858],[-97.91065,28.08882],[-97.90996,28.08862],[-97.90923,28.08871],[-97.90906,28.08844],[-97.90921,28.08795],[-97.9082,28.08799],[-97.9077,28.08678],[-97.90712,28.08644],[-97.90581,28.08732],[-97.90497,28.08738],[-97.90392,28.08662],[-97.90167,28.08289],[-97.90018,28.0826],[-97.89952,28.08214],[-97.89755,28.07834],[-97.89544,28.07587],[-97.89552,28.07545],[-97.89683,28.07459],[-97.89741,28.07452],[-97.89966,28.07607],[-97.90112,28.07588],[-97.90133,28.07547],[-97.90117,28.07425],[-97.9021,28.07193],[-97.90204,28.07141],[-97.90021,28.06947],[-97.90033,28.06905],[-97.90124,28.06874],[-97.90122,28.06784],[-97.90025,28.06651],[-97.89983,28.0653],[-97.89876,28.06507],[-97.89781,28.06448],[-97.89534,28.06118],[-97.89484,28.06084],[-97.89367,28.06082],[-97.89313,28.06109],[-97.8917,28.06311],[-97.8911,28.06339],[-97.88964,28.0632],[-97.88908,28.06287],[-97.88895,28.06249],[-97.88905,28.06216],[-97.88988,28.06167],[-97.88982,28.06126],[-97.88931,28.06066],[-97.88825,28.06022],[-97.88404,28.06003],[-97.8836,28.05971],[-97.88359,28.05912],[-97.88443,28.0581],[-97.88457,28.05758],[-97.88425,28.05723],[-97.88315,28.0569],[-97.90876,28.05668],[-98.09717,28.05753],[-98.09755,28.06383],[-98.09875,28.07085],[-98.09833,28.07851],[-98.09995,28.10794],[-98.08703,28.11903],[-98.08671,28.11912],[-98.08448,28.11726],[-98.07555,28.10898],[-98.07352,28.11043],[-98.07339,28.11076],[-98.05964,28.1226],[-98.04393,28.10829],[-98.04269,28.10765],[-98.04112,28.10751],[-98.03922,28.10824],[-98.01977,28.12532],[-98.01841,28.12633],[-98.01785,28.12638],[-98.01677,28.12532],[-98.01528,28.1244],[-98.00269,28.11304],[-98.0014,28.1125],[-97.99992,28.11245],[-97.99075,28.11536],[-97.97382,28.12119],[-97.97145,28.12272],[-97.97064,28.12391],[-97.97032,28.12593],[-97.9697,28.12702],[-97.96066,28.13457],[-97.95997,28.13547],[-97.95967,28.13679],[-97.95908,28.15074],[-97.95836,28.15044],[-97.95584,28.15154],[-97.95438,28.15151]]]}},{"type":"Feature","properties":{"PRECINCT":"live-oak:3","COUNTY":"Live Oak"},"geometry":{"type":"Polygon","coordinates":[[[-98.17489,28.4171],[-98.16845,28.40152],[-98.16189,28.38973],[-98.15418,28.3796],[-98.13562,28.35821],[-98.13026,28.36283],[-98.12126,28.34897],[-98.11918,28.34628],[-98.11666,28.34193],[-98.11544,28.34263],[-98.11539,28.34288],[-98.11574,28.34337],[-98.11664,28.34312],[-98.11719,28.34347],[-98.11764,28.3446],[-98.11757,28.3454],[-98.11726,28.3459],[-98.11673,28.34619],[-98.11669,28.34654],[-98.11821,28.34931],[-98.11833,28.35009],[-98.11804,28.35115],[-98.11745,28.3512],[-98.11743,28.35174],[-98.11718,28.35191],[-98.11506,28.3514],[-98.11248,28.35268],[-98.11181,28.35151],[-98.11045,28.35066],[-98.11002,28.3498],[-98.10867,28.34978],[-98.10791,28.3486],[-98.10507,28.34979],[-98.10425,28.34986],[-98.10365,28.3497],[-98.10101,28.34809],[-98.09685,28.34651],[-98.09787,28.3453],[-98.09872,28.34254],[-98.09826,28.34187],[-98.09896,28.34129],[-98.09991,28.3408],[-98.10168,28.34073],[-98.10256,28.34041],[-98.1111,28.33501],[-98.10767,28.33084],[-98.11139,28.32826],[-98.10828,28.32441],[-98.11091,28.32273],[-98.10774,28.31883],[-98.11376,28.31371],[-98.11404,28.32207],[-98.11596,28.32134],[-98.1171,28.3199],[-98.1175,28.3197],[-98.11912,28.31975],[-98.11941,28.32002],[-98.11619,28.32446],[-98.11968,28.32881],[-98.11807,28.32983],[-98.11873,28.33067],[-98.11692,28.33184],[-98.12021,28.33587],[-98.12107,28.33532],[-98.1204,28.33359],[-98.12108,28.33281],[-98.12288,28.33239],[-98.1244,28.33329],[-98.12341,28.33399],[-98.1268,28.33828],[-98.12386,28.34021],[-98.13372,28.35522],[-98.16791,28.32585],[-98.19414,28.34962],[-98.21731,28.32919],[-98.21763,28.32873],[-98.21752,28.32832],[-98.21873,28.32788],[-98.22172,28.32533],[-98.22293,28.32466],[-98.22393,28.32448],[-98.23062,28.32447],[-98.23436,28.32407],[-98.23867,28.32451],[-98.27351,28.32452],[-98.27523,28.32541],[-98.27584,28.32636],[-98.27597,28.32727],[-98.27569,28.39758],[-98.26767,28.39769],[-98.2676,28.40607],[-98.26031,28.40666],[-98.25543,28.40664],[-98.25089,28.4062],[-98.24607,28.40669],[-98.22913,28.40673],[-98.18398,28.40998],[-98.18262,28.41051],[-98.17489,28.4171]]]}},{"type":"Feature","properties":{"PRECINCT":"live-oak:4","COUNTY":"Live Oak"},"geometry":{"type":"Polygon","coordinates":[[[-98.27569,28.39758],[-98.27597,28.32727],[-98.2756,28.32589],[-98.27427,28.32478],[-98.27351,28.32452],[-98.23867,28.32451],[-98.23482,28.32407],[-98.23062,28.32447],[-98.22393,28.32448],[-98.22293,28.32466],[-98.22172,28.32533],[-98.21873,28.32788],[-98.21752,28.32832],[-98.21763,28.32873],[-98.21731,28.32919],[-98.19414,28.34962],[-98.16791,28.32585],[-98.13372,28.35522],[-98.12386,28.34021],[-98.1268,28.33828],[-98.12341,28.33399],[-98.1244,28.33329],[-98.12288,28.33239],[-98.12108,28.33281],[-98.1204,28.33359],[-98.12107,28.33532],[-98.12021,28.33587],[-98.11692,28.33184],[-98.12033,28.32963],[-98.12099,28.33044],[-98.12898,28.32535],[-98.12073,28.31818],[-98.11382,28.31152],[-98.11357,28.29965],[-98.11393,28.28301],[-98.10755,28.24662],[-98.10266,28.15713],[-98.10298,28.15044],[-98.10613,28.15028],[-98.11062,28.15248],[-98.11171,28.15397],[-98.12657,28.16734],[-98.1277,28.16898],[-98.12983,28.17015],[-98.13001,28.17049],[-98.12934,28.17127],[-98.13051,28.17485],[-98.14373,28.18667],[-98.15975,28.17277],[-98.15932,28.1708],[-98.15892,28.16994],[-98.15812,28.16936],[-98.15825,28.16894],[-98.15861,28.16874],[-98.15976,28.16884],[-98.16223,28.16776],[-98.16305,28.16687],[-98.1637,28.16673],[-98.1683,28.17052],[-98.18065,28.15928],[-98.18979,28.15347],[-98.19079,28.15342],[-98.19097,28.15472],[-98.19055,28.15496],[-98.19093,28.15529],[-98.191,28.15624],[-98.1927,28.1575],[-98.19319,28.15867],[-98.19427,28.15903],[-98.19581,28.15902],[-98.19725,28.16002],[-98.19756,28.16111],[-98.19738,28.16144],[-98.19819,28.1623],[-98.19809,28.16349],[-98.19871,28.16409],[-98.19977,28.16446],[-98.19976,28.1656],[-98.20094,28.16657],[-98.20106,28.167],[-98.20259,28.16775],[-98.20271,28.16838],[-98.19967,28.17113],[-98.19969,28.17141],[-98.19897,28.17222],[-98.19907,28.17367],[-98.20154,28.17692],[-98.2026,28.17732],[-98.20406,28.17976],[-98.20402,28.18117],[-98.205,28.1821],[-98.20521,28.18219],[-98.21715,28.17177],[-98.24738,28.19877],[-98.2355,28.20928],[-98.24167,28.21521],[-98.24437,28.21904],[-98.24528,28.21971],[-98.25247,28.21354],[-98.26098,28.2212],[-98.2575,28.22453],[-98.25776,28.22808],[-98.25761,28.22862],[-98.27041,28.24007],[-98.27228,28.23697],[-98.29188,28.21964],[-98.29352,28.21869],[-98.29653,28.21621],[-98.33045,28.20846],[-98.3343,28.20844],[-98.33426,28.29536],[-98.33446,28.29538],[-98.33425,28.38311],[-98.32905,28.38294],[-98.29295,28.383],[-98.29272,28.38334],[-98.29271,28.39761],[-98.27569,28.39758]]]}},{"type":"Feature","properties":{"PRECINCT":"live-oak:5","COUNTY":"Live Oak"},"geometry":{"type":"Polygon","coordinates":[[[-97.99999,28.51158],[-97.9507,28.42597],[-97.90009,28.33944],[-97.91987,28.34253],[-97.92843,28.34425],[-97.95022,28.34674],[-97.95219,28.34664],[-97.96977,28.34348],[-97.96967,28.34465],[-97.96913,28.34568],[-97.96457,28.35063],[-97.95983,28.3569],[-97.95651,28.36298],[-97.95425,28.36772],[-97.95413,28.36945],[-97.95464,28.37048],[-97.95849,28.37344],[-97.95977,28.37553],[-97.96048,28.37623],[-97.96713,28.38105],[-97.96895,28.38173],[-97.97094,28.38166],[-97.9725,28.38097],[-97.97728,28.37587],[-97.9785,28.37501],[-97.98012,28.37459],[-97.98231,28.37492],[-97.99595,28.38472],[-97.99725,28.38519],[-97.9998,28.38518],[-98.00122,28.38564],[-98.01402,28.39486],[-98.01447,28.39536],[-98.01387,28.39805],[-98.01423,28.39894],[-98.02621,28.40777],[-98.01667,28.41789],[-98.01532,28.41844],[-98.01551,28.41949],[-98.02086,28.42639],[-98.02222,28.4278],[-98.03236,28.43385],[-98.03793,28.43795],[-98.03994,28.44079],[-98.04432,28.44392],[-98.0456,28.44414],[-98.04694,28.44382],[-98.04752,28.44348],[-98.05002,28.44083],[-98.05165,28.44032],[-98.06335,28.44011],[-98.06486,28.44054],[-98.06918,28.44244],[-98.07034,28.44261],[-98.07171,28.44246],[-98.07358,28.44167],[-98.09047,28.43284],[-98.09188,28.4347],[-98.0922,28.43456],[-98.09585,28.43954],[-98.10137,28.44629],[-98.10177,28.44566],[-98.09612,28.43896],[-98.09076,28.43159],[-98.08641,28.42486],[-98.08196,28.41938],[-98.09377,28.40661],[-98.09454,28.40624],[-98.09743,28.40857],[-98.1025,28.40808],[-98.10386,28.40808],[-98.10425,28.40846],[-98.1059,28.4079],[-98.10633,28.40809],[-98.10726,28.41005],[-98.10548,28.41064],[-98.10469,28.4118],[-98.10403,28.41436],[-98.10417,28.41584],[-98.10653,28.41815],[-98.10802,28.42028],[-98.10967,28.42209],[-98.1123,28.42393],[-98.11313,28.42484],[-98.11336,28.42549],[-98.11311,28.42737],[-98.11324,28.42826],[-98.11456,28.43238],[-98.1132,28.43559],[-98.11386,28.43685],[-98.11491,28.43783],[-98.11556,28.43952],[-98.11648,28.44046],[-98.11682,28.44151],[-98.11814,28.44216],[-98.11959,28.44156],[-98.12024,28.44088],[-98.12007,28.43928],[-98.12136,28.43854],[-98.1224,28.43644],[-98.12296,28.4361],[-98.12344,28.43609],[-98.12418,28.43667],[-98.12469,28.43802],[-98.1245,28.43871],[-98.12358,28.43954],[-98.12372,28.43999],[-98.1242,28.44024],[-98.1256,28.44013],[-98.12677,28.44066],[-98.12707,28.44109],[-98.12724,28.44259],[-98.12748,28.44296],[-98.13091,28.44464],[-98.13476,28.4476],[-98.13398,28.44916],[-98.13453,28.44957],[-98.1358,28.44987],[-98.13575,28.45084],[-98.13641,28.45109],[-98.1366,28.4514],[-98.13613,28.45275],[-98.13677,28.45322],[-98.1363,28.45358],[-98.1363,28.45397],[-98.13649,28.45415],[-98.13724,28.45412],[-98.13747,28.45454],[-98.13714,28.45495],[-98.13683,28.45621],[-98.13635,28.45634],[-98.13622,28.45667],[-98.13668,28.45758],[-98.13607,28.45821],[-98.1351,28.4587],[-98.13493,28.45933],[-98.13513,28.45952],[-98.13505,28.45992],[-98.13571,28.46013],[-98.13601,28.46063],[-98.136,28.4616],[-98.13712,28.46187],[-98.13595,28.46888],[-98.12374,28.46717],[-98.11055,28.47396],[-98.11045,28.49553],[-98.10524,28.49568],[-98.08876,28.49558],[-98.08842,28.5081],[-98.08797,28.50711],[-98.08723,28.50637],[-98.07838,28.50076],[-98.07728,28.50029],[-98.07264,28.49915],[-98.07095,28.49899],[-98.04193,28.4988],[-98.04197,28.49304],[-98.04019,28.49301],[-98.03881,28.49268],[-98.0385,28.49393],[-98.03869,28.49564],[-98.03803,28.49625],[-98.03726,28.49664],[-98.03559,28.49575],[-98.03413,28.4964],[-98.03283,28.49602],[-98.03197,28.4962],[-98.02989,28.49762],[-98.02868,28.499],[-98.02728,28.5],[-98.02719,28.50035],[-98.0147,28.5002],[-98.01399,28.49985],[-98.01359,28.49936],[-98.01339,28.49808],[-98.00654,28.49808],[-98.0059,28.4983],[-98.00418,28.49981],[-98.00134,28.50018],[-98.00068,28.50072],[-98.00042,28.50134],[-98.00033,28.50433],[-97.99982,28.50812],[-97.99999,28.51158]]]}},{"type":"Feature","properties":{"PRECINCT":"live-oak:6","COUNTY":"Live Oak"},"geometry":{"type":"Polygon","coordinates":[[[-98.07585,28.63947],[-97.99999,28.51158],[-97.99982,28.50812],[-98.00033,28.50433],[-98.00043,28.50126],[-98.00068,28.50072],[-98.00134,28.50018],[-98.00418,28.49981],[-98.0059,28.4983],[-98.00682,28.49806],[-98.01339,28.49808],[-98.01343,28.49898],[-98.01372,28.49957],[-98.01491,28.50023],[-98.02719,28.50035],[-98.02728,28.5],[-98.02868,28.499],[-98.02989,28.49762],[-98.03197,28.4962],[-98.03283,28.49602],[-98.03413,28.4964],[-98.03559,28.49575],[-98.03726,28.49664],[-98.03803,28.49625],[-98.03869,28.49564],[-98.0385,28.49393],[-98.03881,28.49268],[-98.04019,28.49301],[-98.04197,28.49304],[-98.04193,28.4988],[-98.07095,28.49899],[-98.07264,28.49915],[-98.07728,28.50029],[-98.07838,28.50076],[-98.08723,28.50637],[-98.08797,28.50711],[-98.08842,28.5081],[-98.08876,28.49558],[-98.10524,28.49568],[-98.11045,28.49553],[-98.1105,28.47405],[-98.11843,28.46989],[-98.12057,28.47209],[-98.13613,28.48462],[-98.14294,28.48926],[-98.13566,28.49791],[-98.12967,28.50425],[-98.12789,28.50579],[-98.12839,28.50681],[-98.13109,28.51561],[-98.14112,28.55062],[-98.14096,28.55092],[-98.13743,28.5509],[-98.13742,28.57897],[-98.14093,28.57938],[-98.16824,28.57977],[-98.17002,28.58014],[-98.17257,28.58131],[-98.17411,28.58171],[-98.18278,28.58241],[-98.18295,28.60279],[-98.18259,28.6031],[-98.18038,28.60376],[-98.17938,28.60428],[-98.17567,28.6044],[-98.17356,28.60501],[-98.17212,28.60567],[-98.17174,28.60621],[-98.17255,28.60805],[-98.17251,28.60853],[-98.17137,28.61193],[-98.17051,28.61258],[-98.16911,28.6128],[-98.16782,28.61356],[-98.16728,28.61441],[-98.16591,28.61527],[-98.16579,28.6161],[-98.16548,28.6164],[-98.16505,28.61632],[-98.16533,28.61529],[-98.16482,28.61503],[-98.16438,28.61622],[-98.16334,28.61692],[-98.16278,28.61661],[-98.16215,28.61695],[-98.16265,28.61807],[-98.16229,28.62062],[-98.16133,28.62137],[-98.16123,28.62206],[-98.16035,28.62199],[-98.15959,28.62235],[-98.15981,28.62346],[-98.16023,28.62409],[-98.16015,28.62488],[-98.16102,28.6257],[-98.16011,28.62817],[-98.16018,28.62891],[-98.15989,28.62939],[-98.16004,28.63026],[-98.15919,28.63088],[-98.15827,28.63075],[-98.15809,28.63093],[-98.15782,28.63208],[-98.15829,28.63361],[-98.15748,28.63481],[-98.15718,28.63477],[-98.15368,28.63096],[-98.14972,28.6314],[-98.14818,28.63106],[-98.14566,28.63089],[-98.14561,28.63645],[-98.14501,28.63672],[-98.14338,28.63667],[-98.14134,28.63694],[-98.13729,28.63642],[-98.13655,28.63066],[-98.08682,28.63047],[-98.07591,28.63021],[-98.07585,28.63947]]]}},{"type":"Feature","properties":{"PRECINCT":"live-oak:7","COUNTY":"Live Oak"},"geometry":{"type":"Polygon","coordinates":[[[-98.00525,28.69024],[-98.08976,28.66298],[-98.07585,28.63947],[-98.07591,28.63021],[-98.08682,28.63047],[-98.13655,28.63066],[-98.13729,28.63642],[-98.14134,28.63694],[-98.14338,28.63667],[-98.14501,28.63672],[-98.14561,28.63645],[-98.14566,28.63089],[-98.14818,28.63106],[-98.14972,28.6314],[-98.15368,28.63096],[-98.15718,28.63477],[-98.15748,28.63481],[-98.15829,28.63361],[-98.15782,28.63208],[-98.15809,28.63093],[-98.15827,28.63075],[-98.15919,28.63088],[-98.16004,28.63026],[-98.15989,28.62939],[-98.16018,28.62891],[-98.16011,28.62817],[-98.16102,28.6257],[-98.16015,28.62488],[-98.16023,28.62409],[-98.15981,28.62346],[-98.15959,28.62235],[-98.16035,28.62199],[-98.16123,28.62206],[-98.16133,28.62137],[-98.16229,28.62062],[-98.16265,28.61807],[-98.16215,28.61695],[-98.16278,28.61661],[-98.16334,28.61692],[-98.16438,28.61622],[-98.16482,28.61503],[-98.16533,28.61529],[-98.16505,28.61632],[-98.16548,28.6164],[-98.16579,28.6161],[-98.16591,28.61527],[-98.16728,28.61441],[-98.16782,28.61356],[-98.16911,28.6128],[-98.17051,28.61258],[-98.17137,28.61193],[-98.17251,28.60853],[-98.17255,28.60805],[-98.17174,28.60621],[-98.17212,28.60567],[-98.17356,28.60501],[-98.17567,28.6044],[-98.17938,28.60428],[-98.18038,28.60376],[-98.18259,28.6031],[-98.18295,28.60279],[-98.18302,28.63248],[-98.18269,28.67071],[-98.21439,28.67092],[-98.21437,28.67603],[-98.21405,28.67723],[-98.2066,28.68527],[-98.20559,28.68559],[-98.19718,28.68552],[-98.19644,28.68574],[-98.19604,28.68622],[-98.19578,28.70963],[-98.1964,28.71109],[-98.19848,28.71322],[-98.14889,28.74965],[-98.14773,28.75026],[-98.12375,28.76748],[-98.11208,28.77692],[-98.09831,28.78695],[-98.09391,28.78253],[-98.05731,28.74384],[-98.00525,28.69024]]]}},{"type":"Feature","properties":{"PRECINCT":"live-oak:8","COUNTY":"Live Oak"},"geometry":{"type":"Polygon","coordinates":[[[-98.19696,28.68554],[-98.20559,28.68559],[-98.2066,28.68527],[-98.21405,28.67723],[-98.21437,28.67603],[-98.21439,28.67092],[-98.18269,28.67071],[-98.18298,28.62175],[-98.19441,28.62179],[-98.19559,28.62204],[-98.19758,28.62182],[-98.21275,28.62173],[-98.21286,28.61077],[-98.2128,28.61038],[-98.21247,28.61016],[-98.21365,28.60497],[-98.21492,28.60427],[-98.21567,28.60342],[-98.21604,28.60184],[-98.21588,28.60022],[-98.21664,28.59901],[-98.20363,28.58332],[-98.20185,28.58086],[-98.20029,28.57749],[-98.18686,28.52768],[-98.18613,28.52601],[-98.18655,28.52474],[-98.18656,28.52326],[-98.18109,28.49716],[-98.1824,28.49683],[-98.18293,28.49633],[-98.18324,28.49638],[-98.18393,28.49853],[-98.18541,28.49689],[-98.18744,28.49619],[-98.18764,28.4959],[-98.18764,28.49363],[-98.18667,28.49234],[-98.1869,28.49172],[-98.18669,28.49084],[-98.18823,28.48796],[-98.18976,28.48769],[-98.1903,28.48723],[-98.19193,28.48692],[-98.19246,28.48651],[-98.19269,28.48587],[-98.19361,28.48553],[-98.19438,28.48535],[-98.19719,28.48566],[-98.19873,28.4847],[-98.19921,28.48484],[-98.19983,28.48546],[-98.20074,28.48676],[-98.20043,28.48816],[-98.19921,28.48942],[-98.1994,28.4906],[-98.2001,28.49176],[-98.20103,28.49188],[-98.20192,28.49152],[-98.204,28.49221],[-98.20512,28.49179],[-98.20615,28.49202],[-98.20801,28.49157],[-98.20841,28.49192],[-98.20848,28.49263],[-98.20992,28.49317],[-98.20924,28.4942],[-98.20938,28.49508],[-98.21056,28.49551],[-98.21087,28.49541],[-98.2115,28.49475],[-98.2114,28.49388],[-98.21201,28.49376],[-98.21404,28.49544],[-98.21582,28.49552],[-98.21776,28.49631],[-98.22142,28.49496],[-98.22386,28.49462],[-98.22405,28.49404],[-98.22374,28.49263],[-98.22454,28.49056],[-98.22433,28.48994],[-98.2246,28.48973],[-98.22974,28.48959],[-98.23065,28.49038],[-98.23104,28.49042],[-98.23328,28.48959],[-98.23487,28.48971],[-98.23553,28.48929],[-98.23707,28.48747],[-98.23804,28.4869],[-98.2395,28.48659],[-98.24531,28.48633],[-98.24431,28.48361],[-98.33437,28.48324],[-98.33503,28.61266],[-98.19848,28.71322],[-98.19627,28.71091],[-98.19576,28.70944],[-98.19598,28.6865],[-98.19627,28.68589],[-98.19696,28.68554]]]}},{"type":"Feature","properties":{"PRECINCT":"live-oak:9","COUNTY":"Live Oak"},"geometry":{"type":"Polygon","coordinates":[[[-98.19471,28.6218],[-98.18298,28.62175],[-98.18278,28.58241],[-98.17411,28.58171],[-98.17257,28.58131],[-98.17002,28.58014],[-98.16824,28.57977],[-98.14093,28.57938],[-98.13742,28.57897],[-98.13743,28.5509],[-98.14096,28.55092],[-98.14112,28.55062],[-98.13109,28.51561],[-98.12839,28.50681],[-98.12789,28.50579],[-98.12967,28.50425],[-98.13566,28.49791],[-98.14294,28.48926],[-98.13613,28.48462],[-98.12057,28.47209],[-98.11843,28.46989],[-98.12374,28.46717],[-98.13595,28.46888],[-98.13712,28.46187],[-98.136,28.4616],[-98.13601,28.46063],[-98.13571,28.46013],[-98.13505,28.45992],[-98.13495,28.459],[-98.13668,28.45758],[-98.13622,28.45667],[-98.13635,28.45634],[-98.13683,28.45621],[-98.13748,28.45442],[-98.13713,28.45407],[-98.13649,28.45415],[-98.1363,28.45397],[-98.1363,28.45358],[-98.13677,28.45312],[-98.13614,28.45287],[-98.1366,28.4514],[-98.13641,28.45109],[-98.13575,28.45084],[-98.13592,28.45],[-98.13453,28.44957],[-98.13398,28.44916],[-98.13458,28.44778],[-98.13476,28.4476],[-98.13552,28.44773],[-98.13621,28.44755],[-98.13703,28.44603],[-98.1379,28.44499],[-98.14025,28.44387],[-98.14294,28.4419],[-98.1441,28.43962],[-98.14526,28.43829],[-98.14979,28.4365],[-98.15109,28.43622],[-98.15691,28.43735],[-98.15733,28.43685],[-98.15717,28.43602],[-98.15577,28.43532],[-98.1545,28.43576],[-98.15392,28.43571],[-98.15372,28.4352],[-98.154,28.43485],[-98.1562,28.43372],[-98.15744,28.43445],[-98.1593,28.43443],[-98.15983,28.43381],[-98.15981,28.43298],[-98.16017,28.43221],[-98.16069,28.43194],[-98.16204,28.43176],[-98.16437,28.43033],[-98.15615,28.42363],[-98.16899,28.41168],[-98.16635,28.40289],[-98.16576,28.39919],[-98.16673,28.39837],[-98.16893,28.40258],[-98.17673,28.42183],[-98.18334,28.45173],[-98.18362,28.45451],[-98.18325,28.45774],[-98.18659,28.45844],[-98.18593,28.46146],[-98.18241,28.46071],[-98.18099,28.46536],[-98.18307,28.46579],[-98.18358,28.46611],[-98.18379,28.46657],[-98.18288,28.46882],[-98.18074,28.46969],[-98.18041,28.47238],[-98.18089,28.47328],[-98.18249,28.47378],[-98.18212,28.47512],[-98.18086,28.47542],[-98.17923,28.47547],[-98.17603,28.47434],[-98.17549,28.47965],[-98.17776,28.4798],[-98.17807,28.48282],[-98.18656,28.52326],[-98.18655,28.52474],[-98.18613,28.52601],[-98.18686,28.52768],[-98.19948,28.57477],[-98.20066,28.57853],[-98.20185,28.58086],[-98.20363,28.58332],[-98.21664,28.59901],[-98.21588,28.60022],[-98.21604,28.60184],[-98.21567,28.60342],[-98.21492,28.60427],[-98.21365,28.60497],[-98.21247,28.61016],[-98.2128,28.61038],[-98.21286,28.61077],[-98.21275,28.62173],[-98.19758,28.62182],[-98.19559,28.62204],[-98.19471,28.6218]]]}},{"type":"Feature","properties":{"PRECINCT":"wilson:101","COUNTY":"Wilson"},"geometry":{"type":"Polygon","coordinates":[[[-98.23284,29.29685],[-98.22689,29.2755],[-98.22222,29.27444],[-98.22242,29.27183],[-98.22198,29.27165],[-98.222,29.26714],[-98.22146,29.26511],[-98.22207,29.26277],[-98.22121,29.25992],[-98.21616,29.25547],[-98.22793,29.24662],[-98.22722,29.2445],[-98.2289,29.24407],[-98.22732,29.23929],[-98.22627,29.23815],[-98.20739,29.25232],[-98.20569,29.25307],[-98.1907,29.25796],[-98.18799,29.25933],[-98.18666,29.26051],[-98.18543,29.26229],[-98.18361,29.26812],[-98.18258,29.26792],[-98.1786,29.26341],[-98.17589,29.26091],[-98.1752,29.26096],[-98.17016,29.25588],[-98.18684,29.24322],[-98.18742,29.24252],[-98.20009,29.23308],[-98.22498,29.21315],[-98.24736,29.2313],[-98.27223,29.24981],[-98.27602,29.25203],[-98.28702,29.25763],[-98.25562,29.29618],[-98.25489,29.29397],[-98.24621,29.2961],[-98.24592,29.29596],[-98.24504,29.29391],[-98.23421,29.29666],[-98.23284,29.29685]]]}},{"type":"Feature","properties":{"PRECINCT":"wilson:102","COUNTY":"Wilson"},"geometry":{"type":"Polygon","coordinates":[[[-98.18225,29.15827],[-98.18084,29.15692],[-98.17657,29.15456],[-98.17419,29.15642],[-98.17639,29.15862],[-98.17396,29.16058],[-98.16873,29.15555],[-98.16896,29.15539],[-98.16462,29.15171],[-98.16014,29.1552],[-98.15791,29.15307],[-98.15295,29.15644],[-98.14834,29.15212],[-98.15693,29.14544],[-98.15174,29.14032],[-98.15474,29.13806],[-98.15574,29.13901],[-98.16137,29.13453],[-98.15931,29.13258],[-98.16236,29.13009],[-98.16363,29.13133],[-98.16409,29.13052],[-98.16423,29.12968],[-98.16864,29.13418],[-98.17036,29.13441],[-98.17158,29.13401],[-98.17522,29.13126],[-98.17763,29.13038],[-98.17754,29.13208],[-98.17851,29.13333],[-98.17871,29.13453],[-98.17933,29.13497],[-98.18119,29.13556],[-98.1821,29.13668],[-98.1822,29.13835],[-98.17168,29.14624],[-98.17483,29.14935],[-98.17404,29.14997],[-98.17707,29.15299],[-98.17788,29.15231],[-98.17855,29.15269],[-98.18297,29.14938],[-98.18103,29.1456],[-98.18516,29.1431],[-98.18503,29.14345],[-98.18535,29.14401],[-98.18593,29.14469],[-98.18672,29.14496],[-98.18819,29.14433],[-98.18977,29.144],[-98.19042,29.14507],[-98.19123,29.1455],[-98.19438,29.14427],[-98.19533,29.14433],[-98.19551,29.14492],[-98.19517,29.14574],[-98.19524,29.14651],[-98.19619,29.147],[-98.19631,29.1475],[-98.1956,29.14874],[-98.19543,29.14973],[-98.19474,29.15063],[-98.19473,29.15112],[-98.19537,29.15164],[-98.19652,29.15159],[-98.19631,29.15188],[-98.19051,29.15585],[-98.19047,29.15612],[-98.18924,29.15725],[-98.18863,29.1572],[-98.1839,29.1609],[-98.18225,29.15827]]]}},{"type":"Feature","properties":{"PRECINCT":"wilson:103","COUNTY":"Wilson"},"geometry":{"type":"Polygon","coordinates":[[[-98.20511,29.1967],[-98.19924,29.18905],[-98.1966,29.1836],[-98.19524,29.18151],[-98.17396,29.16058],[-98.17639,29.15862],[-98.17419,29.15642],[-98.17657,29.15456],[-98.18084,29.15692],[-98.18257,29.15862],[-98.1839,29.1609],[-98.18863,29.1572],[-98.18924,29.15725],[-98.19047,29.15612],[-98.19051,29.15585],[-98.19666,29.15164],[-98.1975,29.15376],[-98.19683,29.15554],[-98.19616,29.15604],[-98.19411,29.1567],[-98.19289,29.15784],[-98.19273,29.15857],[-98.19505,29.16028],[-98.19692,29.16086],[-98.19761,29.16232],[-98.19732,29.16424],[-98.19784,29.16472],[-98.1987,29.16466],[-98.19962,29.16403],[-98.20163,29.1633],[-98.2038,29.16327],[-98.20385,29.16396],[-98.20265,29.16583],[-98.20299,29.16701],[-98.20224,29.16778],[-98.20276,29.16847],[-98.20416,29.16873],[-98.20634,29.16967],[-98.20647,29.17013],[-98.20601,29.17172],[-98.205,29.17269],[-98.2049,29.17319],[-98.20544,29.17371],[-98.20672,29.17372],[-98.20737,29.17428],[-98.20785,29.17546],[-98.20717,29.17928],[-98.20362,29.18361],[-98.20399,29.18528],[-98.20484,29.18586],[-98.20502,29.18625],[-98.20482,29.18689],[-98.20411,29.18751],[-98.20389,29.1883],[-98.20573,29.18904],[-98.20677,29.19002],[-98.2083,29.18957],[-98.20954,29.18837],[-98.21183,29.18818],[-98.21327,29.1883],[-98.21429,29.189],[-98.218,29.18997],[-98.21864,29.19042],[-98.21941,29.19197],[-98.21939,29.19311],[-98.21868,29.19479],[-98.21878,29.19544],[-98.22,29.19594],[-98.2211,29.19106],[-98.2269,29.17816],[-98.23179,29.18132],[-98.23367,29.18183],[-98.23531,29.18167],[-98.23984,29.17985],[-98.24336,29.17905],[-98.25335,29.1791],[-98.25632,29.17949],[-98.26068,29.18105],[-98.26158,29.1817],[-98.26232,29.18277],[-98.26398,29.18781],[-98.26514,29.18894],[-98.2672,29.18983],[-98.28614,29.16049],[-98.28774,29.15783],[-98.28793,29.15664],[-98.28854,29.15533],[-98.29553,29.14415],[-98.32228,29.15805],[-98.32447,29.15417],[-98.32491,29.1498],[-98.32665,29.14093],[-98.32709,29.13722],[-98.32711,29.13365],[-98.32733,29.13297],[-98.37265,29.1555],[-98.29596,29.24732],[-98.28702,29.25763],[-98.27602,29.25203],[-98.27223,29.24981],[-98.24736,29.2313],[-98.20899,29.20023],[-98.20511,29.1967]]]}},{"type":"Feature","properties":{"PRECINCT":"wilson:104","COUNTY":"Wilson"},"geometry":{"type":"Polygon","coordinates":[[[-98.21327,29.1883],[-98.20969,29.18832],[-98.2083,29.18957],[-98.20677,29.19002],[-98.20573,29.18904],[-98.20389,29.1883],[-98.20411,29.18751],[-98.20482,29.18689],[-98.20502,29.18625],[-98.20484,29.18586],[-98.20399,29.18528],[-98.20362,29.18361],[-98.20717,29.17928],[-98.20785,29.17546],[-98.20737,29.17428],[-98.20672,29.17372],[-98.20544,29.17371],[-98.2049,29.17319],[-98.205,29.17269],[-98.20601,29.17172],[-98.20647,29.17013],[-98.20634,29.16967],[-98.20416,29.16873],[-98.20276,29.16847],[-98.20224,29.16778],[-98.20299,29.16701],[-98.20265,29.16583],[-98.20385,29.16396],[-98.2038,29.16327],[-98.20163,29.1633],[-98.19962,29.16403],[-98.1987,29.16466],[-98.19784,29.16472],[-98.19732,29.16424],[-98.19761,29.16232],[-98.19692,29.16086],[-98.19505,29.16028],[-98.19273,29.15857],[-98.19289,29.15784],[-98.19411,29.1567],[-98.1967,29.15571],[-98.1975,29.15382],[-98.19666,29.15164],[-98.19537,29.15164],[-98.19473,29.15112],[-98.19474,29.15063],[-98.19543,29.14973],[-98.1956,29.14874],[-98.19631,29.1475],[-98.19619,29.147],[-98.19524,29.14651],[-98.19517,29.14574],[-98.19551,29.14492],[-98.19533,29.14433],[-98.19438,29.14427],[-98.19123,29.1455],[-98.19042,29.14507],[-98.18977,29.144],[-98.18819,29.14433],[-98.18672,29.14496],[-98.18593,29.14469],[-98.18535,29.14401],[-98.18503,29.14345],[-98.18516,29.1431],[-98.18103,29.1456],[-98.18297,29.14938],[-98.17855,29.15269],[-98.17788,29.15231],[-98.17707,29.15299],[-98.17404,29.14997],[-98.17483,29.14935],[-98.17168,29.14624],[-98.1822,29.13835],[-98.18214,29.13676],[-98.18119,29.13556],[-98.17933,29.13497],[-98.17871,29.13453],[-98.17851,29.13333],[-98.17754,29.13208],[-98.17763,29.13038],[-98.17522,29.13126],[-98.17158,29.13401],[-98.17076,29.13436],[-98.16864,29.13418],[-98.16761,29.13311],[-98.16908,29.13168],[-98.17173,29.1302],[-98.17193,29.12976],[-98.17342,29.12878],[-98.17359,29.1284],[-98.1732,29.12783],[-98.17317,29.12725],[-98.17377,29.12642],[-98.17589,29.1262],[-98.17746,29.12667],[-98.17836,29.1266],[-98.18289,29.1231],[-98.18356,29.1221],[-98.18358,29.12102],[-98.18331,29.12045],[-98.1822,29.11948],[-98.18202,29.11822],[-98.18272,29.11766],[-98.18363,29.11799],[-98.18409,29.11792],[-98.18449,29.11673],[-98.18331,29.11479],[-98.18112,29.11314],[-98.18015,29.11279],[-98.17945,29.11317],[-98.17843,29.11489],[-98.17809,29.11633],[-98.17736,29.11677],[-98.17597,29.11657],[-98.17425,29.11412],[-98.1746,29.11194],[-98.17409,29.11013],[-98.18246,29.10256],[-98.19772,29.09087],[-98.20252,29.08804],[-98.31131,29.04144],[-98.32137,29.03719],[-98.33082,29.03353],[-98.40734,29.11444],[-98.39759,29.12524],[-98.37265,29.1555],[-98.32733,29.13297],[-98.32711,29.13365],[-98.32709,29.13722],[-98.32665,29.14093],[-98.32491,29.1498],[-98.32447,29.15417],[-98.32228,29.15805],[-98.29553,29.14415],[-98.28854,29.15533],[-98.28793,29.15664],[-98.28774,29.15783],[-98.28614,29.16049],[-98.2672,29.18983],[-98.26514,29.18894],[-98.26398,29.18781],[-98.26232,29.18277],[-98.26158,29.1817],[-98.26068,29.18105],[-98.25632,29.17949],[-98.25335,29.1791],[-98.24336,29.17905],[-98.23984,29.17985],[-98.23531,29.18167],[-98.23367,29.18183],[-98.23179,29.18132],[-98.2269,29.17816],[-98.2211,29.19106],[-98.22,29.19594],[-98.21876,29.19536],[-98.2187,29.19467],[-98.21921,29.19373],[-98.21945,29.19263],[-98.21926,29.19153],[-98.21864,29.19042],[-98.21783,29.18989],[-98.21429,29.189],[-98.21327,29.1883]]]}},{"type":"Feature","properties":{"PRECINCT":"wilson:205","COUNTY":"Wilson"},"geometry":{"type":"Polygon","coordinates":[[[-97.97664,29.1713],[-97.97129,29.17411],[-97.95896,29.15525],[-97.94599,29.16201],[-97.91944,29.17523],[-97.91082,29.16208],[-97.90969,29.16089],[-97.90807,29.15983],[-97.90556,29.15893],[-97.86836,29.15035],[-97.86613,29.1503],[-97.83786,29.15447],[-97.82435,29.15729],[-97.82184,29.15713],[-97.81815,29.15599],[-98.0553,28.98178],[-98.06773,28.97282],[-98.06839,28.97208],[-98.07331,28.96878],[-98.07501,28.96722],[-98.08616,28.95921],[-98.11576,28.93672],[-98.12528,28.92896],[-98.19099,28.88233],[-98.25029,28.94587],[-98.25243,28.94774],[-98.27016,28.96887],[-98.29987,29.00025],[-98.30328,29.00419],[-98.33082,29.03353],[-98.32137,29.03719],[-98.31131,29.04144],[-98.20252,29.08804],[-98.19772,29.09087],[-98.18246,29.10256],[-98.17409,29.11013],[-98.17258,29.10791],[-98.17129,29.10712],[-98.17073,29.1072],[-98.17,29.10798],[-98.16959,29.1099],[-98.16989,29.11004],[-98.17097,29.10952],[-98.17132,29.10975],[-98.17118,29.11169],[-98.17051,29.11218],[-98.16921,29.11158],[-98.16828,29.10913],[-98.16762,29.10856],[-98.16674,29.10925],[-98.16592,29.11096],[-98.16581,29.11276],[-98.16513,29.11314],[-98.16439,29.11323],[-98.16308,29.11295],[-98.16214,29.11078],[-98.16243,29.11017],[-98.16352,29.1095],[-98.16304,29.10766],[-98.16265,29.10755],[-98.1619,29.10776],[-98.1601,29.10887],[-98.16036,29.11001],[-98.16008,29.11165],[-98.15976,29.11246],[-98.15904,29.1133],[-98.15788,29.11362],[-98.15736,29.11354],[-98.15612,29.11263],[-98.15573,29.11189],[-98.15519,29.10958],[-98.15607,29.10819],[-98.15675,29.10515],[-98.15749,29.10474],[-98.15807,29.10468],[-98.1626,29.10628],[-98.16317,29.10609],[-98.1638,29.10429],[-98.16285,29.10293],[-98.16087,29.10275],[-98.16011,29.10352],[-98.15951,29.10375],[-98.15836,29.10358],[-98.15786,29.10303],[-98.15821,29.10219],[-98.15878,29.10171],[-98.16192,29.10149],[-98.16248,29.10127],[-98.1625,29.1008],[-98.16199,29.1002],[-98.16151,29.09986],[-98.16013,29.09946],[-98.16001,29.09867],[-98.16039,29.09824],[-98.16447,29.09626],[-98.16482,29.09566],[-98.16466,29.09455],[-98.16411,29.09373],[-98.16296,29.09283],[-98.16298,29.0914],[-98.16239,29.09088],[-98.16057,29.09095],[-98.15558,29.09264],[-98.15487,29.09272],[-98.15425,29.09249],[-98.15399,29.09205],[-98.15414,29.09069],[-98.15519,29.08689],[-98.15471,29.08448],[-98.15586,29.08322],[-98.15625,29.08229],[-98.15506,29.0822],[-98.14967,29.08325],[-98.14535,29.0785],[-98.14741,29.07763],[-98.14562,29.07564],[-98.14569,29.07531],[-98.1448,29.07409],[-98.14186,29.07103],[-98.13972,29.07464],[-98.1286,29.07311],[-98.12777,29.07401],[-98.12764,29.07488],[-98.1218,29.0808],[-98.11645,29.07528],[-98.11511,29.07627],[-98.1147,29.07615],[-98.11105,29.07866],[-98.11726,29.08557],[-98.10934,29.09424],[-98.11898,29.09934],[-98.11219,29.10527],[-98.10984,29.10778],[-98.12708,29.11571],[-98.10815,29.13014],[-98.10704,29.13042],[-98.10263,29.12845],[-98.10136,29.12846],[-98.074,29.13757],[-98.06556,29.14177],[-98.06483,29.1417],[-98.06425,29.14132],[-98.06072,29.13587],[-98.03307,29.14995],[-98.02917,29.15327],[-97.99924,29.16837],[-97.99208,29.17167],[-97.98705,29.17505],[-97.98127,29.17782],[-97.98089,29.17769],[-97.97664,29.1713]]]}},{"type":"Feature","properties":{"PRECINCT":"wilson:206","COUNTY":"Wilson"},"geometry":{"type":"Polygon","coordinates":[[[-98.14436,29.14766],[-98.14068,29.14345],[-98.13768,29.14576],[-98.13292,29.14086],[-98.12993,29.13816],[-98.12853,29.13835],[-98.12457,29.14142],[-98.11935,29.13626],[-98.1076,29.13076],[-98.10732,29.13047],[-98.10815,29.13014],[-98.12708,29.11571],[-98.10984,29.10778],[-98.11219,29.10527],[-98.11898,29.09934],[-98.10934,29.09424],[-98.11726,29.08557],[-98.11105,29.07866],[-98.1147,29.07615],[-98.11511,29.07627],[-98.11656,29.07528],[-98.1218,29.0808],[-98.12764,29.07488],[-98.12777,29.07401],[-98.1286,29.07311],[-98.13972,29.07464],[-98.14186,29.07103],[-98.1448,29.07409],[-98.14569,29.07531],[-98.14562,29.07564],[-98.14741,29.07763],[-98.14535,29.0785],[-98.14967,29.08325],[-98.15506,29.0822],[-98.15625,29.08229],[-98.15586,29.08322],[-98.15471,29.08448],[-98.15519,29.08689],[-98.15414,29.09069],[-98.15399,29.09205],[-98.15425,29.09249],[-98.15487,29.09272],[-98.15558,29.09264],[-98.16057,29.09095],[-98.16239,29.09088],[-98.16298,29.0914],[-98.16296,29.09283],[-98.16411,29.09373],[-98.16466,29.09455],[-98.16482,29.09566],[-98.16447,29.09626],[-98.16039,29.09824],[-98.16001,29.09867],[-98.16013,29.09946],[-98.16151,29.09986],[-98.16199,29.1002],[-98.1625,29.1008],[-98.16248,29.10127],[-98.16192,29.10149],[-98.15878,29.10171],[-98.15821,29.10219],[-98.15786,29.10303],[-98.15836,29.10358],[-98.15951,29.10375],[-98.16011,29.10352],[-98.16087,29.10275],[-98.16285,29.10293],[-98.1638,29.10429],[-98.16317,29.10609],[-98.1626,29.10628],[-98.15807,29.10468],[-98.15749,29.10474],[-98.15675,29.10515],[-98.15607,29.10819],[-98.15519,29.10958],[-98.15573,29.11189],[-98.15623,29.11277],[-98.15712,29.11346],[-98.15767,29.1136],[-98.15904,29.1133],[-98.15976,29.11246],[-98.16008,29.11165],[-98.16036,29.11001],[-98.1601,29.10887],[-98.1619,29.10776],[-98.16265,29.10755],[-98.16304,29.10766],[-98.16352,29.1095],[-98.16243,29.11017],[-98.16214,29.11078],[-98.16308,29.11295],[-98.16439,29.11323],[-98.16513,29.11314],[-98.16581,29.11276],[-98.16592,29.11096],[-98.16674,29.10925],[-98.16762,29.10856],[-98.16828,29.10913],[-98.16921,29.11158],[-98.17013,29.11213],[-98.1706,29.11216],[-98.17118,29.11169],[-98.17132,29.10975],[-98.17086,29.10954],[-98.16979,29.11007],[-98.16961,29.10977],[-98.17006,29.10785],[-98.17073,29.1072],[-98.17119,29.1071],[-98.17258,29.10791],[-98.17425,29.11046],[-98.1746,29.11232],[-98.17425,29.11412],[-98.17597,29.11657],[-98.17736,29.11677],[-98.17809,29.11633],[-98.17843,29.11489],[-98.17945,29.11317],[-98.18015,29.11279],[-98.18112,29.11314],[-98.18331,29.11479],[-98.18449,29.11665],[-98.18409,29.11792],[-98.18373,29.11801],[-98.18261,29.11769],[-98.18196,29.11847],[-98.1822,29.11948],[-98.18331,29.12045],[-98.18358,29.12102],[-98.18341,29.12241],[-98.1822,29.12371],[-98.18018,29.12507],[-98.17869,29.12641],[-98.1779,29.1267],[-98.17589,29.1262],[-98.17377,29.12642],[-98.17317,29.12725],[-98.1732,29.12783],[-98.17359,29.1284],[-98.17342,29.12878],[-98.17193,29.12976],[-98.17173,29.1302],[-98.16908,29.13168],[-98.16761,29.13311],[-98.16423,29.12968],[-98.16409,29.13052],[-98.16363,29.13133],[-98.16236,29.13009],[-98.15931,29.13258],[-98.16137,29.13453],[-98.15574,29.13901],[-98.15474,29.13806],[-98.15174,29.14032],[-98.15693,29.14544],[-98.14834,29.15212],[-98.14951,29.15319],[-98.14459,29.157],[-98.14381,29.15616],[-98.14397,29.1554],[-98.14619,29.15336],[-98.1445,29.15167],[-98.14178,29.14964],[-98.14436,29.14766]]]}},{"type":"Feature","properties":{"PRECINCT":"wilson:207","COUNTY":"Wilson"},"geometry":{"type":"Polygon","coordinates":[[[-98.12923,29.20273],[-98.11121,29.18464],[-98.06858,29.21794],[-98.06533,29.21261],[-98.06291,29.21108],[-98.06211,29.2103],[-98.04775,29.18858],[-98.04722,29.1874],[-98.0469,29.18452],[-98.04455,29.18085],[-98.03967,29.16964],[-98.0289,29.15341],[-98.03042,29.15239],[-98.03174,29.15096],[-98.03307,29.14995],[-98.06072,29.13587],[-98.06425,29.14132],[-98.06483,29.1417],[-98.06556,29.14177],[-98.074,29.13757],[-98.10008,29.12886],[-98.10178,29.12837],[-98.10263,29.12845],[-98.10732,29.13047],[-98.1076,29.13076],[-98.11935,29.13626],[-98.12457,29.14142],[-98.12853,29.13835],[-98.12979,29.13814],[-98.1303,29.13837],[-98.13292,29.14086],[-98.13768,29.14576],[-98.14068,29.14345],[-98.14436,29.14766],[-98.14178,29.14964],[-98.1445,29.15167],[-98.14619,29.15336],[-98.14397,29.1554],[-98.14381,29.15616],[-98.14459,29.157],[-98.14951,29.15319],[-98.15295,29.15644],[-98.15791,29.15307],[-98.16014,29.1552],[-98.16462,29.15171],[-98.16896,29.15539],[-98.16873,29.15555],[-98.19524,29.18151],[-98.1966,29.1836],[-98.19924,29.18905],[-98.20577,29.19745],[-98.22498,29.21315],[-98.20009,29.23308],[-98.18742,29.24252],[-98.18684,29.24322],[-98.17035,29.25576],[-98.16454,29.25024],[-98.15565,29.24105],[-98.15115,29.23697],[-98.14388,29.22984],[-98.13651,29.22221],[-98.13629,29.22137],[-98.14276,29.21637],[-98.12989,29.20376],[-98.12923,29.20273]]]}},{"type":"Feature","properties":{"PRECINCT":"wilson:311","COUNTY":"Wilson"},"geometry":{"type":"Polygon","coordinates":[[[-98.13409,29.44136],[-98.13272,29.44069],[-98.13276,29.44001],[-98.13443,29.4389],[-98.13515,29.43881],[-98.13524,29.43854],[-98.13465,29.43777],[-98.13363,29.437],[-98.13265,29.43521],[-98.13166,29.43471],[-98.13172,29.43302],[-98.13205,29.43265],[-98.13372,29.43268],[-98.13568,29.43195],[-98.13658,29.42975],[-98.13639,29.42901],[-98.13553,29.42815],[-98.13471,29.42777],[-98.13409,29.42779],[-98.13356,29.42711],[-98.13329,29.42629],[-98.1337,29.42542],[-98.13279,29.42372],[-98.13265,29.42283],[-98.1318,29.42276],[-98.13175,29.42231],[-98.13116,29.4221],[-98.13108,29.42088],[-98.13032,29.41824],[-98.13153,29.4159],[-98.13194,29.41561],[-98.13342,29.41536],[-98.13366,29.41423],[-98.13314,29.41404],[-98.133,29.41329],[-98.1319,29.41203],[-98.13081,29.41192],[-98.12985,29.41249],[-98.12858,29.41207],[-98.12828,29.41171],[-98.12817,29.41092],[-98.12856,29.40992],[-98.1291,29.40941],[-98.12901,29.40878],[-98.12951,29.40708],[-98.13029,29.40548],[-98.13014,29.4052],[-98.12905,29.40509],[-98.12815,29.40444],[-98.1278,29.4034],[-98.12802,29.40288],[-98.1279,29.40187],[-98.12703,29.40102],[-98.12753,29.40029],[-98.12764,29.39907],[-98.12805,29.39792],[-98.12856,29.39777],[-98.12898,29.39828],[-98.12974,29.39857],[-98.13021,29.39837],[-98.13048,29.39784],[-98.12957,29.39709],[-98.12861,29.39667],[-98.12774,29.39551],[-98.12657,29.39483],[-98.12664,29.39289],[-98.12602,29.39176],[-98.12627,29.39075],[-98.12492,29.39007],[-98.12313,29.38813],[-98.12177,29.38784],[-98.12138,29.38577],[-98.11995,29.38419],[-98.11954,29.38337],[-98.11984,29.38207],[-98.12056,29.38066],[-98.12251,29.37884],[-98.12252,29.3784],[-98.12156,29.37718],[-98.12025,29.37692],[-98.1195,29.3765],[-98.11936,29.37606],[-98.11963,29.37565],[-98.11956,29.37528],[-98.11868,29.37466],[-98.11822,29.3738],[-98.11541,29.37102],[-98.11508,29.37092],[-98.11502,29.37029],[-98.11557,29.36954],[-98.11563,29.36894],[-98.11297,29.36673],[-98.11322,29.36591],[-98.11307,29.36533],[-98.09971,29.37206],[-98.0993,29.36654],[-98.09988,29.36483],[-98.10117,29.36375],[-98.10648,29.36106],[-98.10797,29.35971],[-98.10675,29.35922],[-98.1047,29.35957],[-98.10316,29.35806],[-98.10214,29.35832],[-98.10182,29.35663],[-98.10134,29.35617],[-98.09962,29.3565],[-98.09919,29.35735],[-98.09866,29.35764],[-98.0978,29.35764],[-98.09736,29.35676],[-98.0973,29.35504],[-98.09683,29.35455],[-98.10664,29.34994],[-98.10305,29.34415],[-98.10348,29.34396],[-98.10297,29.34326],[-98.10406,29.34287],[-98.10582,29.34592],[-98.10881,29.34404],[-98.11348,29.35009],[-98.12403,29.34462],[-98.12422,29.34493],[-98.12507,29.34449],[-98.12493,29.34418],[-98.13267,29.34044],[-98.13479,29.34378],[-98.13564,29.34179],[-98.13704,29.34063],[-98.15956,29.3299],[-98.16035,29.32923],[-98.1612,29.32773],[-98.16756,29.30575],[-98.16875,29.30429],[-98.1712,29.30289],[-98.19169,29.30723],[-98.23799,29.31774],[-98.1906,29.37525],[-98.1803,29.38841],[-98.16619,29.40533],[-98.16049,29.41253],[-98.13719,29.44043],[-98.13417,29.44175],[-98.13409,29.44136]]]}},{"type":"Feature","properties":{"PRECINCT":"wilson:312","COUNTY":"Wilson"},"geometry":{"type":"Polygon","coordinates":[[[-98.01022,29.37893],[-98.08239,29.33905],[-98.0816,29.32515],[-98.13345,29.30331],[-98.14444,29.29892],[-98.14285,29.29547],[-98.15892,29.2987],[-98.16351,29.30123],[-98.17092,29.30302],[-98.16875,29.30429],[-98.16756,29.30575],[-98.1612,29.32773],[-98.16035,29.32923],[-98.15956,29.3299],[-98.13704,29.34063],[-98.13564,29.34179],[-98.13479,29.34378],[-98.13267,29.34044],[-98.12493,29.34418],[-98.12507,29.34449],[-98.12422,29.34493],[-98.12403,29.34462],[-98.11348,29.35009],[-98.10881,29.34404],[-98.10582,29.34592],[-98.10406,29.34287],[-98.10297,29.34326],[-98.10348,29.34396],[-98.10305,29.34415],[-98.10664,29.34994],[-98.09683,29.35455],[-98.0973,29.35504],[-98.09736,29.35676],[-98.0978,29.35764],[-98.09866,29.35764],[-98.09919,29.35735],[-98.09962,29.3565],[-98.10134,29.35617],[-98.10182,29.35663],[-98.10214,29.35832],[-98.10316,29.35806],[-98.1047,29.35957],[-98.10675,29.35922],[-98.10797,29.35971],[-98.10648,29.36106],[-98.10117,29.36375],[-98.09988,29.36483],[-98.0993,29.36654],[-98.09971,29.37206],[-98.09402,29.37524],[-98.08603,29.37901],[-98.08468,29.37959],[-98.04458,29.37882],[-98.01022,29.37893]]]}},{"type":"Feature","properties":{"PRECINCT":"wilson:313","COUNTY":"Wilson"},"geometry":{"type":"Polygon","coordinates":[[[-98.01022,29.37893],[-97.95608,29.37844],[-97.9635,29.3077],[-97.965,29.30994],[-98.00444,29.28991],[-97.99723,29.27911],[-97.99897,29.27921],[-98.0003,29.2782],[-98.00028,29.27541],[-98.00118,29.27477],[-98.00193,29.27454],[-98.00238,29.27273],[-98.00334,29.27234],[-98.00511,29.27101],[-98.00621,29.27056],[-98.00855,29.27012],[-98.01008,29.26929],[-98.01026,29.26677],[-98.01073,29.26621],[-98.01086,29.26542],[-98.01128,29.26484],[-98.01332,29.26344],[-98.01576,29.26228],[-98.01777,29.2628],[-98.01922,29.26259],[-98.01927,29.26183],[-98.0206,29.2594],[-98.02172,29.25898],[-98.02397,29.25866],[-98.02544,29.25629],[-98.02676,29.25543],[-98.02685,29.25504],[-98.02658,29.2546],[-98.02588,29.25411],[-98.02335,29.25427],[-98.02393,29.25375],[-98.02396,29.25322],[-98.02263,29.25273],[-98.02202,29.25178],[-98.02197,29.25055],[-98.02421,29.24905],[-98.02477,29.24808],[-98.02336,29.24682],[-98.03917,29.24045],[-98.0412,29.23929],[-98.05442,29.22903],[-98.05803,29.23469],[-98.06039,29.23359],[-98.06442,29.23986],[-98.06463,29.24118],[-98.07025,29.25018],[-98.0684,29.25138],[-98.0693,29.25311],[-98.06831,29.2565],[-98.06411,29.25877],[-98.06844,29.26534],[-98.09444,29.25219],[-98.11265,29.27966],[-98.11259,29.2802],[-98.11061,29.2812],[-98.11646,29.2901],[-98.11704,29.29036],[-98.14285,29.29547],[-98.14444,29.29892],[-98.13345,29.30331],[-98.0816,29.32515],[-98.08239,29.33905],[-98.01022,29.37893]]]}},{"type":"Feature","properties":{"PRECINCT":"wilson:414","COUNTY":"Wilson"},"geometry":{"type":"Polygon","coordinates":[[[-97.84038,29.37679],[-97.85878,29.35289],[-97.79334,29.2873],[-97.77133,29.26441],[-97.77108,29.26384],[-97.76883,29.26187],[-97.7577,29.25023],[-97.72844,29.22175],[-97.81815,29.15599],[-97.82184,29.15713],[-97.82435,29.15729],[-97.83786,29.15447],[-97.86613,29.1503],[-97.86836,29.15035],[-97.90556,29.15893],[-97.90807,29.15983],[-97.90969,29.16089],[-97.91082,29.16208],[-97.91944,29.17523],[-97.94599,29.16201],[-97.95896,29.15525],[-97.97129,29.17411],[-97.97668,29.17131],[-97.98115,29.17785],[-97.98705,29.17505],[-97.99208,29.17167],[-97.99924,29.16837],[-98.0289,29.15341],[-98.03967,29.16964],[-98.04455,29.18085],[-98.0469,29.18452],[-98.04722,29.1874],[-98.04775,29.18858],[-98.06211,29.2103],[-98.06557,29.21292],[-98.0797,29.23626],[-98.09108,29.25389],[-98.06844,29.26534],[-98.06411,29.25877],[-98.06831,29.2565],[-98.0693,29.25311],[-98.0684,29.25138],[-98.07025,29.25018],[-98.06463,29.24118],[-98.06442,29.23986],[-98.06039,29.23359],[-98.05803,29.23469],[-98.05442,29.22903],[-98.0412,29.23929],[-98.03917,29.24045],[-98.02336,29.24682],[-98.02477,29.24808],[-98.02421,29.24905],[-98.02197,29.25055],[-98.02202,29.25178],[-98.02263,29.25273],[-98.02396,29.25322],[-98.02393,29.25375],[-98.02335,29.25427],[-98.02588,29.25411],[-98.02658,29.2546],[-98.02685,29.25504],[-98.02676,29.25543],[-98.02544,29.25629],[-98.02397,29.25866],[-98.02172,29.25898],[-98.0206,29.2594],[-98.01927,29.26183],[-98.01922,29.26259],[-98.01777,29.2628],[-98.01576,29.26228],[-98.01332,29.26344],[-98.01128,29.26484],[-98.01086,29.26542],[-98.01073,29.26621],[-98.01026,29.26677],[-98.01008,29.26929],[-98.00855,29.27012],[-98.00621,29.27056],[-98.00511,29.27101],[-98.00334,29.27234],[-98.00238,29.27273],[-98.00193,29.27454],[-98.00118,29.27477],[-98.00028,29.27541],[-98.0003,29.2782],[-97.99897,29.27921],[-97.99723,29.27911],[-98.00444,29.28991],[-97.965,29.30994],[-97.9635,29.3077],[-97.95608,29.37844],[-97.89783,29.37734],[-97.84038,29.37679]]]}},{"type":"Feature","properties":{"PRECINCT":"wilson:415","COUNTY":"Wilson"},"geometry":{"type":"Polygon","coordinates":[[[-98.18655,29.30614],[-98.17133,29.30288],[-98.17092,29.30302],[-98.16351,29.30123],[-98.15978,29.29903],[-98.15866,29.29863],[-98.11657,29.2902],[-98.11061,29.2812],[-98.11259,29.2802],[-98.11265,29.27966],[-98.09878,29.25858],[-98.09444,29.25219],[-98.09108,29.25389],[-98.0797,29.23626],[-98.06858,29.21794],[-98.11121,29.18464],[-98.12923,29.20273],[-98.12989,29.20376],[-98.14276,29.21637],[-98.13629,29.22137],[-98.13651,29.22221],[-98.14388,29.22984],[-98.15115,29.23697],[-98.15565,29.24105],[-98.16454,29.25024],[-98.17035,29.25576],[-98.17016,29.25588],[-98.1752,29.26096],[-98.17589,29.26091],[-98.1786,29.26341],[-98.18258,29.26792],[-98.18361,29.26812],[-98.18563,29.26192],[-98.18696,29.26019],[-98.18869,29.25884],[-98.1907,29.25796],[-98.20698,29.25254],[-98.20844,29.25163],[-98.22627,29.23815],[-98.22732,29.23929],[-98.2289,29.24407],[-98.22722,29.2445],[-98.22793,29.24662],[-98.19898,29.26845],[-98.19896,29.26914],[-98.19827,29.26898],[-98.1978,29.26931],[-98.19665,29.26914],[-98.19634,29.27036],[-98.18985,29.27515],[-98.1876,29.28457],[-98.1901,29.28508],[-98.18713,29.29683],[-98.18836,29.29713],[-98.18638,29.30487],[-98.18674,29.30491],[-98.18655,29.30614]]]}},{"type":"Feature","properties":{"PRECINCT":"wilson:416","COUNTY":"Wilson"},"geometry":{"type":"Polygon","coordinates":[[[-98.18713,29.29683],[-98.1901,29.28508],[-98.1876,29.28457],[-98.18985,29.27515],[-98.19634,29.27036],[-98.19665,29.26914],[-98.1978,29.26931],[-98.19827,29.26898],[-98.19896,29.26914],[-98.19898,29.26845],[-98.21616,29.25547],[-98.22121,29.25992],[-98.22207,29.26277],[-98.22146,29.26511],[-98.222,29.26714],[-98.22198,29.27165],[-98.22242,29.27183],[-98.22222,29.27444],[-98.22689,29.2755],[-98.23284,29.29685],[-98.23435,29.29663],[-98.24504,29.29391],[-98.24592,29.29596],[-98.24621,29.2961],[-98.25489,29.29397],[-98.25562,29.29618],[-98.23799,29.31774],[-98.18655,29.30614],[-98.18674,29.30491],[-98.18638,29.30487],[-98.18836,29.29713],[-98.18713,29.29683]]]}}]}